x,y,ux,uy,p,cs,f
0.00976562,0.00976562,1.00212,-2.96312e-05,0.998575,1,0
0.00976562,0.0292969,1.00189,-6.37189e-05,0.998576,1,0
0.0292969,0.00976562,1.00239,-2.9694e-05,0.996179,1,0
0.0292969,0.0292969,1.00215,-6.3617e-05,0.99618,1,0
0.00976562,0.0488281,1.00176,-8.84016e-05,0.998576,1,0
0.00976562,0.0683594,1.00166,-0.00011979,0.998577,1,0
0.0292969,0.0488281,1.00202,-8.80872e-05,0.996179,1,0
0.0292969,0.0683594,1.00192,-0.000119364,0.996179,1,0
0.0488281,0.00976562,1.00235,-2.95539e-05,0.994332,1,0
0.0488281,0.0292969,1.00212,-6.30752e-05,0.994332,1,0
0.0683594,0.00976562,1.00231,-2.92237e-05,0.992452,1,0
0.0683594,0.0292969,1.00208,-6.21301e-05,0.992452,1,0
0.0488281,0.0488281,1.00199,-8.71743e-05,0.994331,1,0
0.0488281,0.0683594,1.00189,-0.00011812,0.99433,1,0
0.0683594,0.0488281,1.00196,-8.5743e-05,0.99245,1,0
0.0683594,0.0683594,1.00186,-0.000116191,0.992449,1,0
0.00976562,0.0878906,1.00158,-0.000148232,0.998577,1,0
0.00976562,0.107422,1.00149,-0.000179879,0.998577,1,0
0.0292969,0.0878906,1.00184,-0.000147645,0.996179,1,0
0.0292969,0.107422,1.00176,-0.000179167,0.996178,1,0
0.00976562,0.126953,1.0014,-0.000211327,0.998578,1,0
0.00976562,0.146484,1.0013,-0.000244957,0.998578,1,0
0.0292969,0.126953,1.00167,-0.000210467,0.996178,1,0
0.0292969,0.146484,1.00156,-0.000243959,0.996177,1,0
0.0488281,0.0878906,1.00181,-0.000146029,0.994329,1,0
0.0488281,0.107422,1.00173,-0.000177204,0.994327,1,0
0.0683594,0.0878906,1.00178,-0.000143568,0.992447,1,0
0.0683594,0.107422,1.00169,-0.00017422,0.992444,1,0
0.0488281,0.126953,1.00164,-0.000208131,0.994325,1,0
0.0488281,0.146484,1.00154,-0.000241254,0.994323,1,0
0.0683594,0.126953,1.00161,-0.000204591,0.992441,1,0
0.0683594,0.146484,1.00151,-0.000237148,0.992438,1,0
0.0878906,0.00976562,1.00235,-2.87499e-05,0.990445,1,0
0.0878906,0.0292969,1.00212,-6.08704e-05,0.990445,1,0
0.107422,0.00976562,1.00239,-2.81303e-05,0.988438,1,0
0.107422,0.0292969,1.00216,-5.92999e-05,0.988438,1,0
0.0878906,0.0488281,1.00199,-8.39028e-05,0.990443,1,0
0.0878906,0.0683594,1.00189,-0.000113721,0.990442,1,0
0.107422,0.0488281,1.00203,-8.16605e-05,0.988436,1,0
0.107422,0.0683594,1.00194,-0.000110714,0.988433,1,0
0.126953,0.00976562,1.00241,-2.73523e-05,0.986461,1,0
0.126953,0.0292969,1.00219,-5.74052e-05,0.98646,1,0
0.146484,0.00976562,1.00243,-2.64123e-05,0.984487,1,0
0.146484,0.0292969,1.00221,-5.51926e-05,0.984486,1,0
0.126953,0.0488281,1.00206,-7.90081e-05,0.986458,1,0
0.126953,0.0683594,1.00196,-0.000107161,0.986455,1,0
0.146484,0.0488281,1.00208,-7.59652e-05,0.984483,1,0
0.146484,0.0683594,1.00198,-0.000103092,0.98448,1,0
0.0878906,0.0878906,1.00181,-0.000140438,0.990439,1,0
0.0878906,0.107422,1.00173,-0.000170431,0.990436,1,0
0.107422,0.0878906,1.00186,-0.000136644,0.98843,1,0
0.107422,0.107422,1.00178,-0.000165837,0.988426,1,0
0.0878906,0.126953,1.00165,-0.000200094,0.990432,1,0
0.0878906,0.146484,1.00155,-0.000231921,0.990427,1,0
0.107422,0.126953,1.00169,-0.000194642,0.988421,1,0
0.107422,0.146484,1.0016,-0.000225574,0.988416,1,0
0.126953,0.0878906,1.00189,-0.00013218,0.986451,1,0
0.126953,0.107422,1.00181,-0.000160435,0.986447,1,0
0.146484,0.0878906,1.00191,-0.000127091,0.984475,1,0
0.146484,0.107422,1.00183,-0.00015428,0.98447,1,0
0.126953,0.126953,1.00172,-0.000188231,0.986441,1,0
0.126953,0.146484,1.00163,-0.000218105,0.986434,1,0
0.146484,0.126953,1.00175,-0.000180932,0.984464,1,0
0.146484,0.146484,1.00165,-0.000209598,0.984456,1,0
0.00976562,0.166016,1.00118,-0.000279628,0.998579,1,0
0.00976562,0.185547,1.00104,-0.000316387,0.998579,1,0
0.0292969,0.166016,1.00145,-0.000278484,0.996176,1,0
0.0292969,0.185547,1.00131,-0.000315107,0.996175,1,0
0.00976562,0.205078,1.00086,-0.000354856,0.99858,1,0
0.00976562,0.224609,1.00062,-0.00039569,0.99858,1,0
0.0292969,0.205078,1.00113,-0.000353452,0.996174,1,0
0.0292969,0.224609,1.00089,-0.000394202,0.996173,1,0
0.0488281,0.166016,1.00142,-0.000275394,0.99432,1,0
0.0488281,0.185547,1.00129,-0.000311638,0.994317,1,0
0.0683594,0.166016,1.00139,-0.000270695,0.992434,1,0
0.0683594,0.185547,1.00126,-0.000306334,0.992429,1,0
0.0488281,0.205078,1.00111,-0.000349618,0.994313,1,0
0.0488281,0.224609,1.00088,-0.000390052,0.994309,1,0
0.0683594,0.205078,1.00109,-0.000343699,0.992424,1,0
0.0683594,0.224609,1.00086,-0.000383534,0.992418,1,0
0.00976562,0.244141,1.00025,-0.000438602,0.998581,1,0
0.00976562,0.263672,0.999626,-0.000484331,0.998582,1,0
0.0292969,0.244141,1.00053,-0.000437103,0.996171,1,0
0.0292969,0.263672,0.999907,-0.000482969,0.99617,1,0
0.00976562,0.283203,0.998483,-0.000532084,0.998583,1,0
0.00976562,0.302734,0.996327,-0.000583199,0.998585,1,0
0.0292969,0.283203,0.998765,-0.000531108,0.996169,1,0
0.0292969,0.302734,0.996611,-0.000583065,0.996169,1,0
0.0488281,0.244141,1.00052,-0.000432734,0.994305,1,0
0.0488281,0.263672,0.999897,-0.000478573,0.994301,1,0
0.0683594,0.244141,1.0005,-0.000425657,0.992411,1,0
0.0683594,0.263672,0.99988,-0.000471038,0.992404,1,0
0.0488281,0.283203,0.998759,-0.000527009,0.994297,1,0
0.0488281,0.302734,0.996609,-0.000579837,0.994293,1,0
0.0683594,0.283203,0.998746,-0.000519183,0.992396,1,0
0.0683594,0.302734,0.996599,-0.000572013,0.992388,1,0
0.0878906,0.166016,1.00144,-0.000264692,0.990422,1,0
0.0878906,0.185547,1.0013,-0.000299519,0.990416,1,0
0.107422,0.166016,1.00148,-0.000257383,0.988409,1,0
0.107422,0.185547,1.00135,-0.000291187,0.988402,1,0
0.0878906,0.205078,1.00114,-0.000336026,0.990409,1,0
0.0878906,0.224609,1.0009,-0.000374967,0.990401,1,0
0.107422,0.205078,1.00119,-0.00032659,0.988393,1,0
0.107422,0.224609,1.00096,-0.000364343,0.988384,1,0
0.126953,0.166016,1.00152,-0.000248769,0.986427,1,0
0.126953,0.185547,1.00139,-0.000281343,0.986418,1,0
0.146484,0.166016,1.00154,-0.000238949,0.984448,1,0
0.146484,0.185547,1.00142,-0.000270103,0.984438,1,0
0.126953,0.205078,1.00122,-0.000315401,0.986408,1,0
0.126953,0.224609,1.001,-0.000351686,0.986396,1,0
0.146484,0.205078,1.00125,-0.000302599,0.984426,1,0
0.146484,0.224609,1.00103,-0.000337161,0.984413,1,0
0.0878906,0.244141,1.00055,-0.000416158,0.990393,1,0
0.0878906,0.263672,0.999934,-0.000460586,0.990383,1,0
0.107422,0.244141,1.00061,-0.000404242,0.988373,1,0
0.107422,0.263672,0.999995,-0.000447265,0.98836,1,0
0.0878906,0.283203,0.998804,-0.000507748,0.990372,1,0
0.0878906,0.302734,0.996661,-0.000559583,0.99036,1,0
0.107422,0.283203,0.998868,-0.000492868,0.988347,1,0
0.107422,0.302734,0.996729,-0.000542975,0.988331,1,0
0.126953,0.244141,1.00064,-0.000389957,0.986383,1,0
0.126953,0.263672,1.00004,-0.000431174,0.986368,1,0
0.146484,0.244141,1.00068,-0.000373502,0.984398,1,0
0.146484,0.263672,1.00008,-0.000412549,0.984381,1,0
0.126953,0.283203,0.998914,-0.000474726,0.986351,1,0
0.126953,0.302734,0.996779,-0.000522518,0.986332,1,0
0.146484,0.283203,0.998955,-0.000453607,0.984361,1,0
0.146484,0.302734,0.996823,-0.000498548,0.984339,1,0
0.166016,0.00976562,1.00246,-2.53128e-05,0.982507,1,0
0.166016,0.0292969,1.00223,-5.268e-05,0.982506,1,0
0.185547,0.00976562,1.00248,-2.40591e-05,0.980528,1,0
0.185547,0.0292969,1.00225,-4.9888e-05,0.980526,1,0
0.166016,0.0488281,1.0021,-7.25639e-05,0.982503,1,0
0.166016,0.0683594,1.00201,-9.85509e-05,0.982499,1,0
0.185547,0.0488281,1.00213,-6.88366e-05,0.980523,1,0
0.185547,0.0683594,1.00203,-9.35818e-05,0.980519,1,0
0.205078,0.00976562,1.0025,-2.26588e-05,0.978551,1,0
0.205078,0.0292969,1.00228,-4.68397e-05,0.978549,1,0
0.224609,0.00976562,1.00252,-2.11219e-05,0.976575,1,0
0.224609,0.0292969,1.0023,-4.35623e-05,0.976573,1,0
0.205078,0.0488281,1.00215,-6.48177e-05,0.978545,1,0
0.205078,0.0683594,1.00206,-8.82327e-05,0.978541,1,0
0.224609,0.0488281,1.00217,-6.05457e-05,0.976569,1,0
0.224609,0.0683594,1.00208,-8.25567e-05,0.976564,1,0
0.166016,0.0878906,1.00193,-0.000121437,0.982494,1,0
0.166016,0.107422,1.00186,-0.000147446,0.982489,1,0
0.185547,0.0878906,1.00196,-0.000115277,0.980513,1,0
0.185547,0.107422,1.00188,-0.000140008,0.980507,1,0
0.166016,0.126953,1.00177,-0.000172836,0.982481,1,0
0.166016,0.146484,1.00168,-0.000200164,0.982473,1,0
0.185547,0.126953,1.0018,-0.000164036,0.980499,1,0
0.185547,0.146484,1.00171,-0.000189915,0.98049,1,0
0.205078,0.0878906,1.00198,-0.000108675,0.978535,1,0
0.205078,0.107422,1.0019,-0.000132046,0.978528,1,0
0.224609,0.0878906,1.002,-0.000101701,0.976558,1,0
0.224609,0.107422,1.00193,-0.000123645,0.976551,1,0
0.205078,0.126953,1.00182,-0.000154631,0.97852,1,0
0.205078,0.146484,1.00173,-0.000178972,0.97851,1,0
0.224609,0.126953,1.00185,-0.000144729,0.976542,1,0
0.224609,0.146484,1.00176,-0.000167465,0.976532,1,0
0.244141,0.00976562,1.00253,-1.94608e-05,0.9746,1,0
0.244141,0.0292969,1.00232,-4.00859e-05,0.974597,1,0
0.263672,0.00976562,1.00255,-1.76896e-05,0.972626,1,0
0.263672,0.0292969,1.00233,-3.64428e-05,0.972623,1,0
0.244141,0.0488281,1.00219,-5.60619e-05,0.974593,1,0
0.244141,0.0683594,1.0021,-7.66106e-05,0.974589,1,0
0.263672,0.0488281,1.00221,-5.14088e-05,0.972619,1,0
0.263672,0.0683594,1.00211,-7.04519e-05,0.972614,1,0
0.283203,0.00976562,1.00256,-1.58241e-05,0.970654,1,0
0.283203,0.0292969,1.00235,-3.26665e-05,0.97065,1,0
0.302734,0.00976562,1.00258,-1.38807e-05,0.968682,1,0
0.302734,0.0292969,1.00236,-2.87908e-05,0.968679,1,0
0.283203,0.0488281,1.00222,-4.6629e-05,0.970646,1,0
0.283203,0.0683594,1.00213,-6.41385e-05,0.970641,1,0
0.302734,0.0488281,1.00224,-4.17646e-05,0.968675,1,0
0.302734,0.0683594,1.00215,-5.77268e-05,0.96867,1,0
0.244141,0.0878906,1.00202,-9.44279e-05,0.974582,1,0
0.244141,0.107422,1.00195,-0.000114896,0.974575,1,0
0.263672,0.0878906,1.00204,-8.69285e-05,0.972608,1,0
0.263672,0.107422,1.00197,-0.00010589,0.9726,1,0
0.244141,0.126953,1.00187,-0.00013444,0.974566,1,0
0.244141,0.146484,1.00178,-0.000155527,0.974555,1,0
0.263672,0.126953,1.00189,-0.000123874,0.972591,1,0
0.263672,0.146484,1.0018,-0.000143291,0.97258,1,0
0.283203,0.0878906,1.00206,-7.92754e-05,0.970635,1,0
0.283203,0.107422,1.00198,-9.67145e-05,0.970627,1,0
0.302734,0.0878906,1.00207,-7.15382e-05,0.968663,1,0
0.302734,0.107422,1.002,-8.74546e-05,0.968655,1,0
0.283203,0.126953,1.00191,-0.000113139,0.970617,1,0
0.283203,0.146484,1.00182,-0.000130883,0.970606,1,0
0.302734,0.126953,1.00192,-0.000102335,0.968645,1,0
0.302734,0.146484,1.00183,-0.000118424,0.968634,1,0
0.166016,0.166016,1.00157,-0.000228056,0.982463,1,0
0.166016,0.185547,1.00145,-0.000257627,0.982452,1,0
0.185547,0.166016,1.0016,-0.000216227,0.98048,1,0
0.185547,0.185547,1.00148,-0.00024408,0.980468,1,0
0.166016,0.205078,1.00129,-0.000288373,0.982439,1,0
0.166016,0.224609,1.00106,-0.000320996,0.982425,1,0
0.185547,0.205078,1.00132,-0.000272925,0.980454,1,0
0.185547,0.224609,1.0011,-0.000303441,0.980438,1,0
0.205078,0.166016,1.00163,-0.000203608,0.978499,1,0
0.205078,0.185547,1.0015,-0.000229642,0.978486,1,0
0.224609,0.166016,1.00165,-0.000190358,0.97652,1,0
0.224609,0.185547,1.00153,-0.000214502,0.976507,1,0
0.205078,0.205078,1.00135,-0.000256475,0.978471,1,0
0.205078,0.224609,1.00113,-0.000284764,0.978454,1,0
0.224609,0.205078,1.00137,-0.000239251,0.976491,1,0
0.224609,0.224609,1.00115,-0.000265243,0.976474,1,0
0.166016,0.244141,1.00072,-0.000355152,0.982408,1,0
0.166016,0.263672,1.00011,-0.000391733,0.982389,1,0
0.185547,0.244141,1.00075,-0.000335221,0.98042,1,0
0.185547,0.263672,1.00015,-0.00036912,0.980399,1,0
0.166016,0.283203,0.998996,-0.000429937,0.982368,1,0
0.166016,0.302734,0.996867,-0.000471604,0.982343,1,0
0.185547,0.283203,0.999035,-0.00040423,0.980376,1,0
0.185547,0.302734,0.996908,-0.000442365,0.980349,1,0
0.205078,0.244141,1.00078,-0.000314039,0.978435,1,0
0.205078,0.263672,1.00018,-0.000345127,0.978414,1,0
0.224609,0.244141,1.00081,-0.000291946,0.976454,1,0
0.224609,0.263672,1.00021,-0.000320164,0.976431,1,0
0.205078,0.283203,0.99907,-0.000377014,0.978389,1,0
0.205078,0.302734,0.996945,-0.000411497,0.978361,1,0
0.224609,0.283203,0.999101,-0.000348788,0.976406,1,0
0.224609,0.302734,0.996977,-0.000379601,0.976377,1,0
0.244141,0.166016,1.00167,-0.000176637,0.974543,1,0
0.244141,0.185547,1.00155,-0.000198853,0.974529,1,0
0.263672,0.166016,1.0017,-0.000162603,0.972567,1,0
0.263672,0.185547,1.00157,-0.00018288,0.972553,1,0
0.244141,0.205078,1.0014,-0.000221484,0.974513,1,0
0.244141,0.224609,1.00118,-0.000245152,0.974495,1,0
0.263672,0.205078,1.00142,-0.000203394,0.972537,1,0
0.263672,0.224609,1.0012,-0.000224752,0.972519,1,0
0.283203,0.166016,1.00171,-0.000148405,0.970594,1,0
0.283203,0.185547,1.00159,-0.000166762,0.970579,1,0
0.302734,0.166016,1.00173,-0.000134185,0.968622,1,0
0.302734,0.185547,1.00161,-0.000150659,0.968608,1,0
0.283203,0.205078,1.00144,-0.000185187,0.970563,1,0
0.283203,0.224609,1.00122,-0.000204282,0.970545,1,0
0.302734,0.205078,1.00146,-0.000167051,0.968591,1,0
0.302734,0.224609,1.00124,-0.000183959,0.968573,1,0
0.244141,0.244141,1.00084,-0.000269268,0.974475,1,0
0.244141,0.263672,1.00024,-0.00029462,0.974452,1,0
0.263672,0.244141,1.00086,-0.000246313,0.972498,1,0
0.263672,0.263672,1.00026,-0.000268855,0.972475,1,0
0.244141,0.283203,0.999129,-0.000320017,0.974426,1,0
0.244141,0.302734,0.997006,-0.000347226,0.974397,1,0
0.263672,0.283203,0.999153,-0.000291124,0.972449,1,0
0.263672,0.302734,0.997031,-0.000314867,0.97242,1,0
0.283203,0.244141,1.00088,-0.00022336,0.970524,1,0
0.283203,0.263672,1.00029,-0.000243192,0.970501,1,0
0.302734,0.244141,1.0009,-0.000200655,0.968553,1,0
0.302734,0.263672,1.0003,-0.00021791,0.968531,1,0
0.283203,0.283203,0.999175,-0.000262482,0.970476,1,0
0.283203,0.302734,0.997052,-0.000282944,0.970447,1,0
0.302734,0.283203,0.999193,-0.000234402,0.968505,1,0
0.302734,0.302734,0.99707,-0.000251806,0.968478,1,0
0.00976562,0.322266,0.992246,-0.000635154,0.998587,1,0
0.00976562,0.341797,0.984669,-0.000691004,0.998589,1,0
0.0292969,0.322266,0.992532,-0.000636591,0.996171,1,0
0.0292969,0.341797,0.984956,-0.0006953,0.996174,1,0
0.00976562,0.361328,0.97097,-0.000743287,0.998593,1,0
0.00976562,0.380859,0.947069,-0.000799864,0.998599,1,0
0.0292969,0.361328,0.971255,-0.000752463,0.996183,1,0
0.0292969,0.380859,0.947347,-0.000817514,0.996198,1,0
0.0488281,0.322266,0.992533,-0.000635133,0.99429,1,0
0.0488281,0.341797,0.98496,-0.00069709,0.994288,1,0
0.0683594,0.322266,0.992529,-0.000627713,0.99238,1,0
0.0683594,0.341797,0.984961,-0.000690683,0.992371,1,0
0.0488281,0.361328,0.971262,-0.000759648,0.994291,1,0
0.0488281,0.380859,0.947355,-0.000833466,0.994298,1,0
0.0683594,0.361328,0.971269,-0.000754813,0.992364,1,0
0.0683594,0.380859,0.947369,-0.000831028,0.992355,1,0
0.00976562,0.400391,0.906835,-0.000839703,0.998609,1,0
0.00976562,0.419922,0.841777,-0.000884843,0.998623,1,0
0.0292969,0.400391,0.907101,-0.000871462,0.996226,1,0
0.0292969,0.419922,0.842019,-0.000941793,0.996268,1,0
0.00976562,0.439453,0.740401,-0.000876186,0.998649,1,0
0.00976562,0.458984,0.58848,-0.000879834,0.998677,1,0
0.0292969,0.439453,0.7406,-0.000971951,0.996342,1,0
0.0292969,0.458984,0.588571,-0.00105394,0.996428,1,0
0.0488281,0.400391,0.907109,-0.000899888,0.994315,1,0
0.0488281,0.419922,0.842019,-0.000988937,0.994336,1,0
0.0683594,0.400391,0.907131,-0.000898908,0.992348,1,0
0.0683594,0.419922,0.842044,-0.000988845,0.992335,1,0
0.0488281,0.439453,0.740589,-0.00103526,0.994373,1,0
0.0488281,0.458984,0.588481,-0.00112693,0.994393,1,0
0.0683594,0.439453,0.740612,-0.00103032,0.992325,1,0
0.0683594,0.458984,0.588408,-0.00109642,0.992299,1,0
0.0878906,0.322266,0.992596,-0.000614206,0.990347,1,0
0.0878906,0.341797,0.985033,-0.000676024,0.990332,1,0
0.107422,0.322266,0.992668,-0.000595571,0.988313,1,0
0.107422,0.341797,0.98511,-0.000655096,0.988293,1,0
0.0878906,0.361328,0.971348,-0.000738503,0.990315,1,0
0.0878906,0.380859,0.947452,-0.000812764,0.990295,1,0
0.107422,0.361328,0.971429,-0.000714566,0.988271,1,0
0.107422,0.380859,0.947535,-0.000785393,0.988244,1,0
0.126953,0.322266,0.992722,-0.000572369,0.986311,1,0
0.126953,0.341797,0.985167,-0.000628768,0.986286,1,0
0.146484,0.322266,0.992769,-0.000544984,0.984314,1,0
0.146484,0.341797,0.985218,-0.000597422,0.984285,1,0
0.126953,0.361328,0.97149,-0.000684284,0.986258,1,0
0.126953,0.380859,0.947598,-0.000750361,0.986225,1,0
0.146484,0.361328,0.971544,-0.000648048,0.984252,1,0
0.146484,0.380859,0.947652,-0.000708019,0.984213,1,0
0.0878906,0.400391,0.907218,-0.000876851,0.990275,1,0
0.0878906,0.419922,0.842125,-0.000961018,0.990247,1,0
0.107422,0.400391,0.907301,-0.000844928,0.988216,1,0
0.107422,0.419922,0.842194,-0.000921669,0.988182,1,0
0.0878906,0.439453,0.740673,-0.000997213,0.990221,1,0
0.0878906,0.458984,0.588342,-0.00103869,0.99019,1,0
0.107422,0.439453,0.740712,-0.000953072,0.988148,1,0
0.107422,0.458984,0.588247,-0.000971122,0.988114,1,0
0.126953,0.400391,0.907362,-0.000804343,0.98619,1,0
0.126953,0.419922,0.842242,-0.000871503,0.986148,1,0
0.146484,0.400391,0.907415,-0.000755462,0.984171,1,0
0.146484,0.419922,0.84228,-0.000811946,0.984123,1,0
0.126953,0.439453,0.740727,-0.000896403,0.986103,1,0
0.126953,0.458984,0.588131,-0.000892268,0.986062,1,0
0.146484,0.439453,0.740731,-0.000830254,0.984071,1,0
0.146484,0.458984,0.588004,-0.00080805,0.984027,1,0
0.00976562,0.478516,0.367196,-0.000690136,0.998736,1,0
0.00976562,0.498047,0.053736,-0.000206834,0.998749,0.6,0
0.0292969,0.478516,0.366812,-0.000893337,0.996574,1,0
0.0292969,0.498047,0.0524794,-0.000366935,0.996604,0.6,0
0.0488281,0.478516,0.366381,-0.000944208,0.994413,1,0
0.0488281,0.498047,0.0514826,-0.000187226,0.994412,0.6,0
0.0683594,0.478516,0.365927,-0.000900052,0.992269,1,0
0.0683594,0.498047,0.0505273,-8.20892e-05,0.992274,0.6,0
0.0878906,0.478516,0.365462,-0.000832132,0.990157,1,0
0.0878906,0.498047,0.0497021,-1.81736e-05,0.990161,0.6,0
0.107422,0.478516,0.364999,-0.000754331,0.988075,1,0
0.107422,0.498047,0.0489773,2.41374e-05,0.988077,0.6,0
0.126953,0.478516,0.364557,-0.000669069,0.986018,1,0
0.126953,0.498047,0.0483527,5.11054e-05,0.986019,0.6,0
0.146484,0.478516,0.364143,-0.000583368,0.983982,1,0
0.146484,0.498047,0.0478219,6.61164e-05,0.983983,0.6,0
0.166016,0.322266,0.992816,-0.000514131,0.982315,1,0
0.166016,0.341797,0.985268,-0.000562015,0.982282,1,0
0.185547,0.322266,0.99286,-0.000480734,0.980319,1,0
0.185547,0.341797,0.985313,-0.000523801,0.980285,1,0
0.166016,0.361328,0.971596,-0.000607234,0.982246,1,0
0.166016,0.380859,0.947703,-0.000660452,0.982204,1,0
0.185547,0.361328,0.971642,-0.000563555,0.980246,1,0
0.185547,0.380859,0.947748,-0.000609982,0.980202,1,0
0.205078,0.322266,0.992898,-0.000445644,0.97833,1,0
0.205078,0.341797,0.985352,-0.000483846,0.978294,1,0
0.224609,0.322266,0.992932,-0.000409584,0.976345,1,0
0.224609,0.341797,0.985386,-0.000443005,0.976308,1,0
0.205078,0.361328,0.971682,-0.000518299,0.978254,1,0
0.205078,0.380859,0.947786,-0.000558159,0.978209,1,0
0.224609,0.361328,0.971716,-0.000472443,0.976268,1,0
0.224609,0.380859,0.947817,-0.00050612,0.976223,1,0
0.166016,0.400391,0.907463,-0.000701306,0.982157,1,0
0.166016,0.419922,0.842313,-0.000747566,0.982107,1,0
0.185547,0.400391,0.907503,-0.000644712,0.980153,1,0
0.185547,0.419922,0.842337,-0.000681754,0.980102,1,0
0.166016,0.439453,0.740727,-0.000760331,0.982052,1,0
0.166016,0.458984,0.587871,-0.000724513,0.982008,1,0
0.185547,0.439453,0.740715,-0.00068995,0.980047,1,0
0.185547,0.458984,0.587734,-0.000644186,0.980004,1,0
0.205078,0.400391,0.907535,-0.000587321,0.978159,1,0
0.205078,0.419922,0.842355,-0.000616264,0.978108,1,0
0.224609,0.400391,0.907562,-0.000530332,0.976174,1,0
0.224609,0.419922,0.842367,-0.0005524,0.976124,1,0
0.205078,0.439453,0.740695,-0.000620773,0.978055,1,0
0.205078,0.458984,0.587597,-0.000568225,0.978013,1,0
0.224609,0.439453,0.740672,-0.000554136,0.976073,1,0
0.224609,0.458984,0.587463,-0.000497524,0.976033,1,0
0.244141,0.322266,0.992961,-0.000373201,0.974365,1,0
0.244141,0.341797,0.985415,-0.000402041,0.974328,1,0
0.263672,0.322266,0.992986,-0.000337067,0.972388,1,0
0.263672,0.341797,0.98544,-0.000361613,0.972352,1,0
0.244141,0.361328,0.971745,-0.000426849,0.974288,1,0
0.244141,0.380859,0.947843,-0.00045487,0.974243,1,0
0.263672,0.361328,0.971768,-0.00038224,0.972313,1,0
0.263672,0.380859,0.947864,-0.000405213,0.97227,1,0
0.283203,0.322266,0.993007,-0.000301651,0.970416,1,0
0.283203,0.341797,0.985461,-0.000322243,0.970381,1,0
0.302734,0.322266,0.993025,-0.000267326,0.968447,1,0
0.302734,0.341797,0.985478,-0.000284332,0.968413,1,0
0.283203,0.361328,0.971788,-0.000339159,0.970343,1,0
0.283203,0.380859,0.947881,-0.00035771,0.970302,1,0
0.302734,0.361328,0.971804,-0.000298,0.968377,1,0
0.302734,0.380859,0.947895,-0.000312744,0.968338,1,0
0.244141,0.400391,0.907583,-0.000474811,0.974196,1,0
0.244141,0.419922,0.842374,-0.000491249,0.974148,1,0
0.263672,0.400391,0.907599,-0.000421556,0.972224,1,0
0.263672,0.419922,0.842379,-0.00043353,0.972179,1,0
0.244141,0.439453,0.740645,-0.000491071,0.974099,1,0
0.244141,0.458984,0.587333,-0.000432606,0.974063,1,0
0.263672,0.439453,0.740618,-0.000432183,0.972134,1,0
0.263672,0.458984,0.587209,-0.000373606,0.9721,1,0
0.283203,0.400391,0.907612,-0.000371085,0.970258,1,0
0.283203,0.419922,0.842381,-0.000379643,0.970216,1,0
0.302734,0.400391,0.907623,-0.000323723,0.968297,1,0
0.302734,0.419922,0.842382,-0.000329783,0.968258,1,0
0.283203,0.439453,0.74059,-0.000377758,0.970174,1,0
0.283203,0.458984,0.587092,-0.000320426,0.970144,1,0
0.302734,0.439453,0.740562,-0.000327894,0.96822,1,0
0.302734,0.458984,0.586982,-0.000272837,0.968192,1,0
0.166016,0.478516,0.363763,-0.000502044,0.981965,1,0
0.166016,0.498047,0.0473756,7.3062e-05,0.981965,0.6,0
0.185547,0.478516,0.363417,-0.000426853,0.979964,1,0
0.185547,0.498047,0.0470041,7.46617e-05,0.979964,0.6,0
0.205078,0.478516,0.363107,-0.000358518,0.977977,1,0
0.205078,0.498047,0.0466981,7.2701e-05,0.977976,0.6,0
0.224609,0.478516,0.362831,-0.000297402,0.976001,1,0
0.224609,0.498047,0.046449,6.8408e-05,0.975999,0.6,0
0.244141,0.478516,0.362588,-0.000243476,0.974034,1,0
0.244141,0.498047,0.046249,6.26706e-05,0.974032,0.6,0
0.263672,0.478516,0.362375,-0.000196427,0.972075,1,0
0.263672,0.498047,0.0460906,5.61311e-05,0.972073,0.6,0
0.283203,0.478516,0.362191,-0.000155786,0.970121,1,0
0.283203,0.498047,0.0459675,4.92671e-05,0.970119,0.6,0
0.302734,0.478516,0.362032,-0.000121021,0.968173,1,0
0.302734,0.498047,0.0458738,4.23765e-05,0.968171,0.6,0
0.322266,0.00976562,1.00259,-1.18769e-05,0.966712,1,0
0.322266,0.0292969,1.00238,-2.48497e-05,0.966709,1,0
0.341797,0.00976562,1.00259,-9.8301e-06,0.964743,1,0
0.341797,0.0292969,1.00239,-2.08761e-05,0.96474,1,0
0.322266,0.0488281,1.00225,-3.68564e-05,0.966705,1,0
0.322266,0.0683594,1.00216,-5.12711e-05,0.966699,1,0
0.341797,0.0488281,1.00226,-3.19431e-05,0.964736,1,0
0.341797,0.0683594,1.00217,-4.48227e-05,0.96473,1,0
0.361328,0.00976562,1.0026,-7.7578e-06,0.962775,1,0
0.361328,0.0292969,1.0024,-1.69016e-05,0.962772,1,0
0.380859,0.00976562,1.00261,-5.67701e-06,0.960809,1,0
0.380859,0.0292969,1.00241,-1.29559e-05,0.960805,1,0
0.361328,0.0488281,1.00227,-2.70607e-05,0.962768,1,0
0.361328,0.0683594,1.00219,-3.84288e-05,0.962762,1,0
0.380859,0.0488281,1.00228,-2.22424e-05,0.960801,1,0
0.380859,0.0683594,1.0022,-3.21326e-05,0.960796,1,0
0.322266,0.0878906,1.00209,-6.37831e-05,0.966692,1,0
0.322266,0.107422,1.00201,-7.819e-05,0.966685,1,0
0.341797,0.0878906,1.0021,-5.60714e-05,0.964723,1,0
0.341797,0.107422,1.00203,-6.89941e-05,0.964716,1,0
0.322266,0.126953,1.00194,-9.15574e-05,0.966675,1,0
0.322266,0.146484,1.00185,-0.000106022,0.966664,1,0
0.341797,0.126953,1.00195,-8.08922e-05,0.964706,1,0
0.341797,0.146484,1.00186,-9.37793e-05,0.964695,1,0
0.361328,0.0878906,1.00211,-4.84589e-05,0.962756,1,0
0.361328,0.107422,1.00204,-5.99332e-05,0.962748,1,0
0.380859,0.0878906,1.00212,-4.09953e-05,0.960789,1,0
0.380859,0.107422,1.00205,-5.10659e-05,0.960782,1,0
0.361328,0.126953,1.00196,-7.04162e-05,0.962739,1,0
0.361328,0.146484,1.00187,-8.1782e-05,0.962728,1,0
0.380859,0.126953,1.00197,-6.01964e-05,0.960773,1,0
0.380859,0.146484,1.00188,-7.01061e-05,0.960763,1,0
0.400391,0.00976562,1.00261,-3.60408e-06,0.958843,1,0
0.400391,0.0292969,1.00242,-9.06677e-06,0.958839,1,0
0.419922,0.00976562,1.00261,-1.55443e-06,0.956879,1,0
0.419922,0.0292969,1.00243,-5.25909e-06,0.956875,1,0
0.400391,0.0488281,1.00229,-1.75179e-05,0.958836,1,0
0.400391,0.0683594,1.0022,-2.59723e-05,0.95883,1,0
0.419922,0.0488281,1.0023,-1.29136e-05,0.956871,1,0
0.419922,0.0683594,1.00221,-1.99817e-05,0.956866,1,0
0.439453,0.00976562,1.00261,4.57659e-07,0.954915,1,0
0.439453,0.0292969,1.00243,-1.55529e-06,0.954911,1,0
0.458984,0.00976562,1.00261,2.41884e-06,0.952953,1,0
0.458984,0.0292969,1.00244,2.02457e-06,0.952949,1,0
0.439453,0.0488281,1.00231,-8.45223e-06,0.954908,1,0
0.439453,0.0683594,1.00222,-1.41893e-05,0.954903,1,0
0.458984,0.0488281,1.00231,-4.1533e-06,0.952946,1,0
0.458984,0.0683594,1.00222,-8.61913e-06,0.952941,1,0
0.400391,0.0878906,1.00213,-3.37243e-05,0.958824,1,0
0.400391,0.107422,1.00206,-4.24429e-05,0.958817,1,0
0.419922,0.0878906,1.00214,-2.66829e-05,0.95686,1,0
0.419922,0.107422,1.00207,-3.4107e-05,0.956853,1,0
0.400391,0.126953,1.00198,-5.02898e-05,0.958808,1,0
0.400391,0.146484,1.00189,-5.88152e-05,0.958798,1,0
0.419922,0.126953,1.00199,-4.07439e-05,0.956845,1,0
0.419922,0.146484,1.0019,-4.79612e-05,0.956835,1,0
0.439453,0.0878906,1.00214,-1.99021e-05,0.954897,1,0
0.439453,0.107422,1.00207,-2.60936e-05,0.95489,1,0
0.458984,0.0878906,1.00215,-1.34072e-05,0.952935,1,0
0.458984,0.107422,1.00208,-1.84304e-05,0.952929,1,0
0.439453,0.126953,1.00199,-3.15964e-05,0.954882,1,0
0.439453,0.146484,1.00191,-3.75843e-05,0.954873,1,0
0.458984,0.126953,1.002,-2.28758e-05,0.952921,1,0
0.458984,0.146484,1.00191,-2.77142e-05,0.952913,1,0
0.322266,0.166016,1.00175,-0.000120069,0.966652,1,0
0.322266,0.185547,1.00163,-0.000134719,0.966638,1,0
0.341797,0.166016,1.00176,-0.000106172,0.964683,1,0
0.341797,0.185547,1.00164,-0.000119072,0.964669,1,0
0.322266,0.205078,1.00147,-0.000149155,0.966622,1,0
0.322266,0.224609,1.00126,-0.000163973,0.966604,1,0
0.341797,0.205078,1.00149,-0.000131644,0.964654,1,0
0.341797,0.224609,1.00127,-0.000144484,0.964636,1,0
0.361328,0.166016,1.00177,-9.25944e-05,0.962716,1,0
0.361328,0.185547,1.00165,-0.000103829,0.962703,1,0
0.380859,0.166016,1.00178,-7.94197e-05,0.960751,1,0
0.380859,0.185547,1.00166,-8.90824e-05,0.960738,1,0
0.361328,0.205078,1.0015,-0.000114641,0.962688,1,0
0.361328,0.224609,1.00128,-0.000125627,0.962671,1,0
0.380859,0.205078,1.00151,-9.8247e-05,0.960723,1,0
0.380859,0.224609,1.00129,-0.000107512,0.960707,1,0
0.322266,0.244141,1.00092,-0.000178413,0.966584,1,0
0.322266,0.263672,1.00032,-0.000193245,0.966562,1,0
0.341797,0.244141,1.00093,-0.00015681,0.964617,1,0
0.341797,0.263672,1.00033,-0.00016939,0.964596,1,0
0.322266,0.283203,0.999208,-0.000207142,0.966538,1,0
0.322266,0.302734,0.997085,-0.000221729,0.966511,1,0
0.341797,0.283203,0.999221,-0.000180909,0.964573,1,0
0.341797,0.302734,0.997097,-0.00019293,0.964547,1,0
0.361328,0.244141,1.00094,-0.000135992,0.962653,1,0
0.361328,0.263672,1.00034,-0.000146498,0.962632,1,0
0.380859,0.244141,1.00095,-0.000116074,0.96069,1,0
0.380859,0.263672,1.00035,-0.000124688,0.96067,1,0
0.361328,0.283203,0.999232,-0.000155862,0.96261,1,0
0.361328,0.302734,0.997107,-0.00016557,0.962585,1,0
0.380859,0.283203,0.99924,-0.000132117,0.960649,1,0
0.380859,0.302734,0.997115,-0.000139763,0.960626,1,0
0.400391,0.166016,1.00179,-6.67179e-05,0.958787,1,0
0.400391,0.185547,1.00167,-7.49076e-05,0.958774,1,0
0.419922,0.166016,1.0018,-5.45448e-05,0.956824,1,0
0.419922,0.185547,1.00168,-6.13636e-05,0.956812,1,0
0.400391,0.205078,1.00152,-8.25429e-05,0.958761,1,0
0.400391,0.224609,1.0013,-9.02211e-05,0.958745,1,0
0.419922,0.205078,1.00152,-6.75894e-05,0.956799,1,0
0.419922,0.224609,1.00131,-7.3816e-05,0.956785,1,0
0.439453,0.166016,1.0018,-4.29426e-05,0.954863,1,0
0.439453,0.185547,1.00168,-4.84933e-05,0.954852,1,0
0.458984,0.166016,1.00181,-3.19413e-05,0.952903,1,0
0.458984,0.185547,1.00169,-3.63258e-05,0.952892,1,0
0.439453,0.205078,1.00153,-5.34291e-05,0.954839,1,0
0.439453,0.224609,1.00131,-5.83376e-05,0.954825,1,0
0.458984,0.205078,1.00153,-4.00889e-05,0.95288,1,0
0.458984,0.224609,1.00132,-4.38083e-05,0.952867,1,0
0.400391,0.244141,1.00096,-9.71408e-05,0.958728,1,0
0.400391,0.263672,1.00036,-0.000104045,0.95871,1,0
0.419922,0.244141,1.00096,-7.9252e-05,0.956769,1,0
0.419922,0.263672,1.00037,-8.46239e-05,0.956752,1,0
0.400391,0.283203,0.999247,-0.000109754,0.95869,1,0
0.400391,0.302734,0.997121,-0.000115579,0.958669,1,0
0.419922,0.283203,0.999252,-8.88211e-05,0.956733,1,0
0.419922,0.302734,0.997125,-9.30575e-05,0.956713,1,0
0.439453,0.244141,1.00097,-6.24441e-05,0.954811,1,0
0.439453,0.263672,1.00037,-6.64553e-05,0.954794,1,0
0.458984,0.244141,1.00097,-4.67333e-05,0.952854,1,0
0.458984,0.263672,1.00037,-4.95468e-05,0.952839,1,0
0.439453,0.283203,0.999255,-6.93371e-05,0.954777,1,0
0.439453,0.302734,0.997128,-7.22048e-05,0.954759,1,0
0.458984,0.283203,0.999257,-5.12977e-05,0.952822,1,0
0.458984,0.302734,0.997129,-5.30027e-05,0.952805,1,0
0.478516,0.00976562,1.00261,4.31641e-06,0.950991,1,0
0.478516,0.0292969,1.00244,5.46237e-06,0.950987,1,0
0.498047,0.00976562,1.0026,6.13892e-06,0.949031,1,0
0.498047,0.0292969,1.00244,8.7425e-06,0.949027,1,0
0.478516,0.0488281,1.00232,-3.32927e-08,0.950985,1,0
0.478516,0.0683594,1.00223,-3.29149e-06,0.95098,1,0
0.498047,0.0488281,1.00232,3.89417e-06,0.949024,1,0
0.498047,0.0683594,1.00223,1.77848e-06,0.949019,1,0
0.517578,0.00976562,1.0026,7.87734e-06,0.947071,1,0
0.517578,0.0292969,1.00245,1.18532e-05,0.947067,1,0
0.537109,0.00976562,1.00259,9.52523e-06,0.945112,1,0
0.537109,0.0292969,1.00245,1.47871e-05,0.945108,1,0
0.517578,0.0488281,1.00232,7.61947e-06,0.947065,1,0
0.517578,0.0683594,1.00223,6.58058e-06,0.94706,1,0
0.537109,0.0488281,1.00232,1.11369e-05,0.945106,1,0
0.537109,0.0683594,1.00224,1.11078e-05,0.945102,1,0
0.478516,0.0878906,1.00215,-7.21734e-06,0.950975,1,0
0.478516,0.107422,1.00208,-1.11372e-05,0.950968,1,0
0.498047,0.0878906,1.00216,-1.34545e-06,0.949015,1,0
0.498047,0.107422,1.00208,-4.2281e-06,0.949009,1,0
0.478516,0.126953,1.002,-1.46021e-05,0.950961,1,0
0.478516,0.146484,1.00192,-1.83712e-05,0.950953,1,0
0.498047,0.126953,1.00201,-6.78859e-06,0.949002,1,0
0.498047,0.146484,1.00192,-9.5669e-06,0.948994,1,0
0.517578,0.0878906,1.00216,4.19956e-06,0.947056,1,0
0.517578,0.107422,1.00209,2.28762e-06,0.94705,1,0
0.537109,0.0878906,1.00216,9.41249e-06,0.945097,1,0
0.537109,0.107422,1.00209,8.40627e-06,0.945092,1,0
0.517578,0.126953,1.00201,5.58216e-07,0.947043,1,0
0.517578,0.146484,1.00192,-1.305e-06,0.947036,1,0
0.537109,0.126953,1.00201,7.43804e-06,0.945086,1,0
0.537109,0.146484,1.00192,6.41734e-06,0.945079,1,0
0.556641,0.00976562,1.00259,1.10775e-05,0.943153,1,0
0.556641,0.0292969,1.00245,1.7539e-05,0.94315,1,0
0.576172,0.00976562,1.00258,1.25292e-05,0.941196,1,0
0.576172,0.0292969,1.00244,2.0105e-05,0.941192,1,0
0.556641,0.0488281,1.00232,1.44428e-05,0.943148,1,0
0.556641,0.0683594,1.00224,1.53566e-05,0.943144,1,0
0.576172,0.0488281,1.00232,1.7536e-05,0.94119,1,0
0.576172,0.0683594,1.00224,1.93265e-05,0.941187,1,0
0.595703,0.00976562,1.00257,1.38762e-05,0.939238,1,0
0.595703,0.0292969,1.00244,2.24819e-05,0.939235,1,0
0.615234,0.00976562,1.00256,1.5116e-05,0.937282,1,0
0.615234,0.0292969,1.00244,2.46692e-05,0.937279,1,0
0.595703,0.0488281,1.00232,2.04165e-05,0.939234,1,0
0.595703,0.0683594,1.00224,2.30195e-05,0.93923,1,0
0.615234,0.0488281,1.00232,2.30866e-05,0.937278,1,0
0.615234,0.0683594,1.00223,2.64401e-05,0.937274,1,0
0.556641,0.0878906,1.00216,1.42926e-05,0.94314,1,0
0.556641,0.107422,1.00209,1.4129e-05,0.943135,1,0
0.576172,0.0878906,1.00216,1.88429e-05,0.941183,1,0
0.576172,0.107422,1.00209,1.9461e-05,0.941178,1,0
0.556641,0.126953,1.00201,1.38556e-05,0.943129,1,0
0.556641,0.146484,1.00192,1.36084e-05,0.943123,1,0
0.576172,0.126953,1.00201,1.98197e-05,0.941173,1,0
0.576172,0.146484,1.00192,2.02811e-05,0.941167,1,0
0.595703,0.0878906,1.00216,2.30693e-05,0.939227,1,0
0.595703,0.107422,1.00209,2.44103e-05,0.939222,1,0
0.615234,0.0878906,1.00216,2.69799e-05,0.937271,1,0
0.615234,0.107422,1.00209,2.89879e-05,0.937267,1,0
0.595703,0.126953,1.00201,2.5343e-05,0.939218,1,0
0.595703,0.146484,1.00192,2.64526e-05,0.939212,1,0
0.615234,0.126953,1.00201,3.0441e-05,0.937263,1,0
0.615234,0.146484,1.00192,3.21427e-05,0.937258,1,0
0.478516,0.166016,1.00181,-2.15597e-05,0.950944,1,0
0.478516,0.185547,1.00169,-2.48773e-05,0.950934,1,0
0.498047,0.166016,1.00182,-1.18064e-05,0.948986,1,0
0.498047,0.185547,1.00169,-1.41525e-05,0.948976,1,0
0.478516,0.205078,1.00154,-2.75806e-05,0.950923,1,0
0.478516,0.224609,1.00132,-3.02342e-05,0.950911,1,0
0.498047,0.205078,1.00154,-1.59036e-05,0.948966,1,0
0.498047,0.224609,1.00132,-1.76074e-05,0.948955,1,0
0.517578,0.166016,1.00182,-2.68145e-06,0.947028,1,0
0.517578,0.185547,1.0017,-4.14629e-06,0.947019,1,0
0.537109,0.166016,1.00182,5.82273e-06,0.945072,1,0
0.537109,0.185547,1.0017,5.15446e-06,0.945064,1,0
0.517578,0.205078,1.00154,-5.04627e-06,0.94701,1,0
0.517578,0.224609,1.00132,-5.90789e-06,0.947,1,0
0.537109,0.205078,1.00154,5.01192e-06,0.945055,1,0
0.537109,0.224609,1.00132,4.89375e-06,0.945045,1,0
0.478516,0.244141,1.00097,-3.21173e-05,0.950898,1,0
0.478516,0.263672,1.00037,-3.3886e-05,0.950884,1,0
0.498047,0.244141,1.00098,-1.85785e-05,0.948943,1,0
0.498047,0.263672,1.00038,-1.94432e-05,0.94893,1,0
0.478516,0.283203,0.999259,-3.46763e-05,0.950869,1,0
0.478516,0.302734,0.99713,-3.54088e-05,0.950853,1,0
0.498047,0.283203,0.999259,-1.94275e-05,0.948916,1,0
0.498047,0.302734,0.99713,-1.93591e-05,0.948902,1,0
0.517578,0.244141,1.00098,-6.08587e-06,0.946988,1,0
0.517578,0.263672,1.00038,-6.17453e-06,0.946977,1,0
0.537109,0.244141,1.00098,5.40124e-06,0.945035,1,0
0.537109,0.263672,1.00037,5.97453e-06,0.945024,1,0
0.517578,0.283203,0.999258,-5.48984e-06,0.946964,1,0
0.517578,0.302734,0.997129,-4.77182e-06,0.946951,1,0
0.537109,0.283203,0.999257,7.20833e-06,0.945013,1,0
0.537109,0.302734,0.997128,8.44512e-06,0.945001,1,0
0.556641,0.166016,1.00182,1.37196e-05,0.943116,1,0
0.556641,0.185547,1.0017,1.37694e-05,0.943108,1,0
0.576172,0.166016,1.00182,2.10278e-05,0.941161,1,0
0.576172,0.185547,1.0017,2.17233e-05,0.941154,1,0
0.556641,0.205078,1.00154,1.42983e-05,0.9431,1,0
0.556641,0.224609,1.00132,1.48339e-05,0.943091,1,0
0.576172,0.205078,1.00154,2.28453e-05,0.941146,1,0
0.576172,0.224609,1.00132,2.39543e-05,0.941138,1,0
0.595703,0.166016,1.00182,2.77699e-05,0.939206,1,0
0.595703,0.185547,1.00169,2.9045e-05,0.9392,1,0
0.615234,0.166016,1.00182,3.3971e-05,0.937252,1,0
0.615234,0.185547,1.00169,3.57655e-05,0.937246,1,0
0.595703,0.205078,1.00154,3.06894e-05,0.939193,1,0
0.595703,0.224609,1.00132,3.23e-05,0.939186,1,0
0.615234,0.205078,1.00154,3.78691e-05,0.93724,1,0
0.615234,0.224609,1.00132,3.9918e-05,0.937233,1,0
0.556641,0.244141,1.00097,1.59307e-05,0.943082,1,0
0.556641,0.263672,1.00037,1.7065e-05,0.943072,1,0
0.576172,0.244141,1.00097,2.55553e-05,0.94113,1,0
0.576172,0.263672,1.00037,2.71626e-05,0.941121,1,0
0.556641,0.283203,0.999256,1.8744e-05,0.943062,1,0
0.556641,0.302734,0.997126,2.03881e-05,0.943051,1,0
0.576172,0.283203,0.999254,2.91985e-05,0.941112,1,0
0.576172,0.302734,0.997125,3.11573e-05,0.941102,1,0
0.595703,0.244141,1.00097,3.43311e-05,0.939178,1,0
0.595703,0.263672,1.00037,3.63352e-05,0.93917,1,0
0.615234,0.244141,1.00097,4.2315e-05,0.937226,1,0
0.615234,0.263672,1.00037,4.46514e-05,0.937219,1,0
0.595703,0.283203,0.999252,3.8655e-05,0.939161,1,0
0.595703,0.302734,0.997123,4.08524e-05,0.939153,1,0
0.615234,0.283203,0.99925,4.71952e-05,0.937211,1,0
0.615234,0.302734,0.99712,4.95682e-05,0.937204,1,0
0.322266,0.322266,0.99304,-0.000234381,0.966482,1,0
0.322266,0.341797,0.985491,-0.000248176,0.96645,1,0
0.341797,0.322266,0.993051,-0.000203029,0.964519,1,0
0.341797,0.341797,0.985502,-0.000213986,0.964489,1,0
0.322266,0.361328,0.971817,-0.000259038,0.966415,1,0
0.322266,0.380859,0.947906,-0.000270559,0.966379,1,0
0.341797,0.361328,0.971827,-0.000222457,0.964456,1,0
0.341797,0.380859,0.947914,-0.000231293,0.964423,1,0
0.361328,0.322266,0.993061,-0.000173424,0.962559,1,0
0.361328,0.341797,0.985511,-0.0001819,0.962531,1,0
0.380859,0.322266,0.993068,-0.000145663,0.960601,1,0
0.380859,0.341797,0.985517,-0.000151997,0.960575,1,0
0.361328,0.361328,0.971834,-0.000188358,0.9625,1,0
0.361328,0.380859,0.947921,-0.000194995,0.962469,1,0
0.380859,0.361328,0.97184,-0.000156783,0.960547,1,0
0.380859,0.380859,0.947926,-0.000161651,0.960518,1,0
0.322266,0.400391,0.907631,-0.000279656,0.966341,1,0
0.322266,0.419922,0.842382,-0.000284001,0.966305,1,0
0.341797,0.400391,0.907638,-0.000238951,0.964387,1,0
0.341797,0.419922,0.842382,-0.000242235,0.964354,1,0
0.322266,0.439453,0.740536,-0.000282534,0.96627,1,0
0.322266,0.458984,0.586881,-0.000230495,0.966245,1,0
0.341797,0.439453,0.740512,-0.000241523,0.964323,1,0
0.341797,0.458984,0.586789,-0.000193028,0.964301,1,0
0.361328,0.400391,0.907643,-0.000201589,0.962437,1,0
0.361328,0.419922,0.842382,-0.000204328,0.962407,1,0
0.380859,0.400391,0.907648,-0.000167492,0.960489,1,0
0.380859,0.419922,0.842383,-0.00017009,0.960462,1,0
0.361328,0.439453,0.74049,-0.000204594,0.962378,1,0
0.361328,0.458984,0.586705,-0.00015991,0.962359,1,0
0.380859,0.439453,0.74047,-0.000171486,0.960436,1,0
0.380859,0.458984,0.586629,-0.000130813,0.960419,1,0
0.400391,0.322266,0.993073,-0.0001198,0.958646,1,0
0.400391,0.341797,0.985521,-0.00012431,0.958621,1,0
0.419922,0.322266,0.993076,-9.58546e-05,0.956692,1,0
0.419922,0.341797,0.985524,-9.88374e-05,0.956669,1,0
0.400391,0.361328,0.971844,-0.000127731,0.958595,1,0
0.400391,0.380859,0.947931,-0.000131208,0.958569,1,0
0.419922,0.361328,0.971847,-0.000101171,0.956645,1,0
0.419922,0.380859,0.947934,-0.000103595,0.956622,1,0
0.439453,0.322266,0.993079,-7.38167e-05,0.954739,1,0
0.439453,0.341797,0.985526,-7.55491e-05,0.954718,1,0
0.458984,0.322266,0.99308,-5.36497e-05,0.952787,1,0
0.458984,0.341797,0.985527,-5.439e-05,0.952769,1,0
0.439453,0.361328,0.97185,-7.70558e-05,0.954697,1,0
0.439453,0.380859,0.947937,-7.87403e-05,0.954676,1,0
0.458984,0.361328,0.971851,-5.53131e-05,0.952749,1,0
0.458984,0.380859,0.94794,-5.65587e-05,0.95273,1,0
0.400391,0.400391,0.907653,-0.00013655,0.958542,1,0
0.400391,0.419922,0.842384,-0.000139286,0.958518,1,0
0.419922,0.400391,0.907657,-0.000108653,0.956598,1,0
0.419922,0.419922,0.842387,-0.00011172,0.956576,1,0
0.400391,0.439453,0.740452,-0.000141813,0.958495,1,0
0.400391,0.458984,0.586561,-0.000104885,0.95848,1,0
0.419922,0.439453,0.740437,-0.000115313,0.956556,1,0
0.419922,0.458984,0.5865,-8.16702e-05,0.956542,1,0
0.439453,0.400391,0.907662,-8.3742e-05,0.954654,1,0
0.439453,0.419922,0.84239,-8.73701e-05,0.954635,1,0
0.458984,0.400391,0.907667,-6.17394e-05,0.952711,1,0
0.458984,0.419922,0.842394,-6.61969e-05,0.952695,1,0
0.439453,0.439453,0.740424,-9.21211e-05,0.954617,1,0
0.439453,0.458984,0.586445,-6.19212e-05,0.954606,1,0
0.458984,0.439453,0.740413,-7.2197e-05,0.95268,1,0
0.458984,0.458984,0.586397,-4.56731e-05,0.95267,1,0
0.322266,0.478516,0.361897,-9.15198e-05,0.966228,1,0
0.322266,0.498047,0.0458045,3.5769e-05,0.966226,0.6,0
0.341797,0.478516,0.361783,-6.6745e-05,0.964286,1,0
0.341797,0.498047,0.0457555,2.94374e-05,0.964284,0.6,0
0.361328,0.478516,0.361688,-4.59328e-05,0.962346,1,0
0.361328,0.498047,0.0457223,2.39616e-05,0.962344,0.6,0
0.380859,0.478516,0.361609,-2.87456e-05,0.960408,1,0
0.380859,0.498047,0.0457039,1.87204e-05,0.960406,0.6,0
0.400391,0.478516,0.361545,-1.39134e-05,0.95847,1,0
0.400391,0.498047,0.0456939,1.64149e-05,0.958468,0.6,0
0.419922,0.478516,0.361493,-5.49874e-07,0.956533,1,0
0.419922,0.498047,0.0456997,1.7496e-05,0.956531,0.6,0
0.439453,0.478516,0.361451,1.02423e-05,0.954599,1,0
0.439453,0.498047,0.0457171,1.73023e-05,0.954597,0.6,0
0.458984,0.478516,0.361416,1.80178e-05,0.952665,1,0
0.458984,0.498047,0.0457419,1.44722e-05,0.952663,0.6,0
0.478516,0.322266,0.99308,-3.5291e-05,0.950837,1,0
0.478516,0.341797,0.985528,-3.52753e-05,0.95082,1,0
0.498047,0.322266,0.99308,-1.86538e-05,0.948887,1,0
0.498047,0.341797,0.985528,-1.80903e-05,0.948872,1,0
0.478516,0.361328,0.971852,-3.5838e-05,0.950803,1,0
0.478516,0.380859,0.947943,-3.69237e-05,0.950786,1,0
0.498047,0.361328,0.971853,-1.84845e-05,0.948856,1,0
0.498047,0.380859,0.947946,-1.96506e-05,0.948841,1,0
0.517578,0.322266,0.993079,-3.63004e-06,0.946938,1,0
0.517578,0.341797,0.985527,-2.69375e-06,0.946924,1,0
0.537109,0.322266,0.993078,9.89884e-06,0.944989,1,0
0.537109,0.341797,0.985527,1.10668e-05,0.944977,1,0
0.517578,0.361328,0.971854,-3.07105e-06,0.94691,1,0
0.517578,0.380859,0.947949,-4.49847e-06,0.946897,1,0
0.537109,0.361328,0.971855,1.05962e-05,0.944964,1,0
0.537109,0.380859,0.947954,8.78476e-06,0.944953,1,0
0.478516,0.400391,0.907672,-4.25158e-05,0.950769,1,0
0.478516,0.419922,0.842399,-4.81101e-05,0.950755,1,0
0.498047,0.400391,0.907679,-2.5845e-05,0.948827,1,0
0.498047,0.419922,0.842406,-3.28163e-05,0.948815,1,0
0.478516,0.439453,0.740405,-5.56049e-05,0.950742,1,0
0.478516,0.458984,0.586355,-3.30435e-05,0.950735,1,0
0.498047,0.439453,0.740399,-4.20062e-05,0.948804,1,0
0.498047,0.458984,0.586319,-2.35091e-05,0.948798,1,0
0.517578,0.400391,0.907686,-1.13979e-05,0.946884,1,0
0.517578,0.419922,0.842414,-1.98163e-05,0.946874,1,0
0.537109,0.400391,0.907695,1.12878e-06,0.944942,1,0
0.537109,0.419922,0.842425,-8.74809e-06,0.944933,1,0
0.517578,0.439453,0.740396,-3.06118e-05,0.946865,1,0
0.517578,0.458984,0.586289,-1.60612e-05,0.94686,1,0
0.537109,0.439453,0.740395,-2.10488e-05,0.944925,1,0
0.537109,0.458984,0.586264,-1.028e-05,0.944921,1,0
0.556641,0.322266,0.993077,2.2053e-05,0.94304,1,0
0.556641,0.341797,0.985526,2.334e-05,0.94303,1,0
0.576172,0.322266,0.993075,3.29525e-05,0.941092,1,0
0.576172,0.341797,0.985526,3.42696e-05,0.941082,1,0
0.556641,0.361328,0.971857,2.27003e-05,0.943019,1,0
0.556641,0.380859,0.947958,2.0431e-05,0.943008,1,0
0.576172,0.361328,0.971858,3.34101e-05,0.941073,1,0
0.576172,0.380859,0.947964,3.06392e-05,0.941064,1,0
0.595703,0.322266,0.993074,4.27138e-05,0.939144,1,0
0.595703,0.341797,0.985525,4.3994e-05,0.939135,1,0
0.615234,0.322266,0.993072,5.1448e-05,0.937196,1,0
0.615234,0.341797,0.985525,5.2644e-05,0.937188,1,0
0.595703,0.361328,0.971861,4.28837e-05,0.939127,1,0
0.595703,0.380859,0.94797,3.95868e-05,0.939119,1,0
0.615234,0.361328,0.971863,5.1267e-05,0.93718,1,0
0.615234,0.380859,0.947977,4.74411e-05,0.937173,1,0
0.556641,0.400391,0.907704,1.20129e-05,0.942999,1,0
0.556641,0.419922,0.842436,7.05135e-07,0.942991,1,0
0.576172,0.400391,0.907715,2.1491e-05,0.941055,1,0
0.576172,0.419922,0.842449,8.84175e-06,0.941048,1,0
0.556641,0.439453,0.740398,-1.3028e-05,0.942985,1,0
0.556641,0.458984,0.586244,-5.64686e-06,0.942981,1,0
0.576172,0.439453,0.740402,-6.24395e-06,0.941043,1,0
0.576172,0.458984,0.586229,-1.79838e-06,0.94104,1,0
0.595703,0.400391,0.907726,2.97358e-05,0.939111,1,0
0.595703,0.419922,0.842464,1.58747e-05,0.939105,1,0
0.615234,0.400391,0.907739,3.69216e-05,0.937167,1,0
0.615234,0.419922,0.842479,2.19853e-05,0.937162,1,0
0.595703,0.439453,0.740408,-4.29889e-07,0.939101,1,0
0.595703,0.458984,0.586218,1.52074e-06,0.939099,1,0
0.615234,0.439453,0.740417,4.61092e-06,0.937158,1,0
0.615234,0.458984,0.58621,4.41688e-06,0.937156,1,0
0.478516,0.478516,0.361391,2.27703e-05,0.950731,1,0
0.478516,0.498047,0.0457704,1.0685e-05,0.95073,0.6,0
0.498047,0.478516,0.361371,2.50875e-05,0.948796,1,0
0.498047,0.498047,0.0457983,6.51548e-06,0.948795,0.6,0
0.517578,0.478516,0.361358,2.53989e-05,0.946859,1,0
0.517578,0.498047,0.045825,5.33171e-07,0.946858,0.6,0
0.537109,0.478516,0.361352,2.42283e-05,0.944921,1,0
0.537109,0.498047,0.0458452,-4.87161e-06,0.94492,0.6,0
0.556641,0.478516,0.361349,2.24987e-05,0.942981,1,0
0.556641,0.498047,0.0458613,-8.12747e-06,0.942981,0.6,0
0.576172,0.478516,0.361351,2.06456e-05,0.94104,1,0
0.576172,0.498047,0.0458736,-9.99758e-06,0.94104,0.6,0
0.595703,0.478516,0.361354,1.89558e-05,0.939098,1,0
0.595703,0.498047,0.0458834,-1.08406e-05,0.939098,0.6,0
0.615234,0.478516,0.36136,1.74637e-05,0.937155,1,0
0.615234,0.498047,0.0458914,-1.11769e-05,0.937155,0.6,0
0.634766,0.00976562,1.00255,1.62479e-05,0.935326,1,0
0.634766,0.0292969,1.00244,2.66688e-05,0.935323,1,0
0.654297,0.00976562,1.00253,1.7272e-05,0.933371,1,0
0.654297,0.0292969,1.00243,2.84837e-05,0.933368,1,0
0.634766,0.0488281,1.00232,2.55501e-05,0.935322,1,0
0.634766,0.0683594,1.00223,2.95947e-05,0.935319,1,0
0.654297,0.0488281,1.00232,2.78122e-05,0.933367,1,0
0.654297,0.0683594,1.00223,3.24908e-05,0.933364,1,0
0.673828,0.00976562,1.00252,1.81892e-05,0.931416,1,0
0.673828,0.0292969,1.00243,3.01181e-05,0.931413,1,0
0.693359,0.00976562,1.00251,1.9001e-05,0.929461,1,0
0.693359,0.0292969,1.00242,3.15766e-05,0.929459,1,0
0.673828,0.0488281,1.00232,2.98787e-05,0.931412,1,0
0.673828,0.0683594,1.00223,3.5137e-05,0.93141,1,0
0.693359,0.0488281,1.00231,3.17562e-05,0.929458,1,0
0.693359,0.0683594,1.00222,3.75433e-05,0.929456,1,0
0.634766,0.0878906,1.00216,3.05844e-05,0.935316,1,0
0.634766,0.107422,1.00209,3.32068e-05,0.935312,1,0
0.654297,0.0878906,1.00216,3.38943e-05,0.933361,1,0
0.654297,0.107422,1.00208,3.70815e-05,0.933358,1,0
0.634766,0.126953,1.00201,3.51313e-05,0.935308,1,0
0.634766,0.146484,1.00192,3.7373e-05,0.935304,1,0
0.654297,0.126953,1.002,3.94326e-05,0.933354,1,0
0.654297,0.146484,1.00191,4.21659e-05,0.93335,1,0
0.673828,0.0878906,1.00215,3.69218e-05,0.931407,1,0
0.673828,0.107422,1.00208,4.06276e-05,0.931404,1,0
0.693359,0.0878906,1.00215,3.96802e-05,0.929454,1,0
0.693359,0.107422,1.00208,4.38611e-05,0.929451,1,0
0.673828,0.126953,1.002,4.33642e-05,0.931401,1,0
0.673828,0.146484,1.00191,4.65449e-05,0.931397,1,0
0.693359,0.126953,1.002,4.69464e-05,0.929448,1,0
0.693359,0.146484,1.00191,5.05344e-05,0.929444,1,0
0.712891,0.00976562,1.00249,1.97097e-05,0.927507,1,0
0.712891,0.0292969,1.00242,3.28652e-05,0.927505,1,0
0.732422,0.00976562,1.00248,2.03183e-05,0.925553,1,0
0.732422,0.0292969,1.00241,3.39907e-05,0.925551,1,0
0.712891,0.0488281,1.00231,3.34522e-05,0.927504,1,0
0.712891,0.0683594,1.00222,3.972e-05,0.927502,1,0
0.732422,0.0488281,1.0023,3.49748e-05,0.925551,1,0
0.732422,0.0683594,1.00222,4.16785e-05,0.925549,1,0
0.751953,0.00976562,1.00246,2.08307e-05,0.9236,1,0
0.751953,0.0292969,1.0024,3.49606e-05,0.923598,1,0
0.771484,0.00976562,1.00245,2.12511e-05,0.921647,1,0
0.771484,0.0292969,1.0024,3.57831e-05,0.921645,1,0
0.751953,0.0488281,1.0023,3.63326e-05,0.923598,1,0
0.751953,0.0683594,1.00221,4.34303e-05,0.923596,1,0
0.771484,0.0488281,1.00229,3.75344e-05,0.921645,1,0
0.771484,0.0683594,1.00221,4.49873e-05,0.921643,1,0
0.712891,0.0878906,1.00215,4.21831e-05,0.9275,1,0
0.712891,0.107422,1.00207,4.67988e-05,0.927498,1,0
0.732422,0.0878906,1.00214,4.44447e-05,0.925547,1,0
0.732422,0.107422,1.00207,4.94575e-05,0.925545,1,0
0.712891,0.126953,1.00199,5.01998e-05,0.927495,1,0
0.712891,0.146484,1.0019,5.41587e-05,0.927492,1,0
0.732422,0.126953,1.00199,5.3145e-05,0.925542,1,0
0.732422,0.146484,1.0019,5.74416e-05,0.925539,1,0
0.751953,0.0878906,1.00214,4.64792e-05,0.923594,1,0
0.751953,0.107422,1.00207,5.18544e-05,0.923592,1,0
0.771484,0.0878906,1.00213,4.83006e-05,0.921642,1,0
0.771484,0.107422,1.00206,5.40059e-05,0.92164,1,0
0.751953,0.126953,1.00199,5.58022e-05,0.92359,1,0
0.751953,0.146484,1.0019,6.04063e-05,0.923588,1,0
0.771484,0.126953,1.00198,5.81909e-05,0.921638,1,0
0.771484,0.146484,1.00189,6.30749e-05,0.921636,1,0
0.634766,0.166016,1.00181,3.9658e-05,0.935299,1,0
0.634766,0.185547,1.00169,4.19179e-05,0.935293,1,0
0.654297,0.166016,1.00181,4.48587e-05,0.933346,1,0
0.654297,0.185547,1.00169,4.75358e-05,0.933341,1,0
0.634766,0.205078,1.00153,4.44246e-05,0.935288,1,0
0.634766,0.224609,1.00131,4.68563e-05,0.935282,1,0
0.654297,0.205078,1.00153,5.03962e-05,0.933335,1,0
0.654297,0.224609,1.00131,5.31624e-05,0.93333,1,0
0.673828,0.166016,1.00181,4.96022e-05,0.931393,1,0
0.673828,0.185547,1.00168,5.26534e-05,0.931388,1,0
0.693359,0.166016,1.00181,5.39172e-05,0.92944,1,0
0.693359,0.185547,1.00168,5.73042e-05,0.929436,1,0
0.673828,0.205078,1.00153,5.58241e-05,0.931384,1,0
0.673828,0.224609,1.00131,5.8883e-05,0.931379,1,0
0.693359,0.205078,1.00152,6.07474e-05,0.929432,1,0
0.693359,0.224609,1.0013,6.40624e-05,0.929428,1,0
0.634766,0.244141,1.00097,4.95639e-05,0.935275,1,0
0.634766,0.263672,1.00036,5.21779e-05,0.935268,1,0
0.654297,0.244141,1.00096,5.61336e-05,0.933324,1,0
0.654297,0.263672,1.00036,5.89788e-05,0.933318,1,0
0.634766,0.283203,0.999247,5.48965e-05,0.935262,1,0
0.634766,0.302734,0.997118,5.73946e-05,0.935255,1,0
0.654297,0.283203,0.999245,6.18319e-05,0.933312,1,0
0.654297,0.302734,0.997116,6.44157e-05,0.933306,1,0
0.673828,0.244141,1.00096,6.20774e-05,0.931373,1,0
0.673828,0.263672,1.00036,6.51146e-05,0.931368,1,0
0.693359,0.244141,1.00096,6.74456e-05,0.929423,1,0
0.693359,0.263672,1.00036,7.06421e-05,0.929418,1,0
0.673828,0.283203,0.999242,6.80699e-05,0.931362,1,0
0.673828,0.302734,0.997114,7.0709e-05,0.931357,1,0
0.693359,0.283203,0.999239,7.36741e-05,0.929413,1,0
0.693359,0.302734,0.997111,7.63447e-05,0.929408,1,0
0.712891,0.166016,1.0018,5.78324e-05,0.927488,1,0
0.712891,0.185547,1.00168,6.15209e-05,0.927485,1,0
0.732422,0.166016,1.0018,6.13752e-05,0.925536,1,0
0.732422,0.185547,1.00167,6.53345e-05,0.925533,1,0
0.712891,0.205078,1.00152,6.52031e-05,0.927481,1,0
0.712891,0.224609,1.0013,6.87423e-05,0.927477,1,0
0.732422,0.205078,1.00152,6.92265e-05,0.92553,1,0
0.732422,0.224609,1.0013,7.29624e-05,0.925526,1,0
0.751953,0.166016,1.00179,6.45723e-05,0.923585,1,0
0.751953,0.185547,1.00167,6.8775e-05,0.923582,1,0
0.771484,0.166016,1.00179,6.7449e-05,0.921633,1,0
0.771484,0.185547,1.00167,7.18709e-05,0.921631,1,0
0.751953,0.205078,1.00151,7.28513e-05,0.923579,1,0
0.751953,0.224609,1.00129,7.67602e-05,0.923575,1,0
0.771484,0.205078,1.00151,7.61093e-05,0.921628,1,0
0.771484,0.224609,1.00129,8.01704e-05,0.921625,1,0
0.712891,0.244141,1.00095,7.22854e-05,0.927472,1,0
0.712891,0.263672,1.00035,7.56142e-05,0.927468,1,0
0.732422,0.244141,1.00095,7.66412e-05,0.925522,1,0
0.732422,0.263672,1.00035,8.00798e-05,0.925518,1,0
0.712891,0.283203,0.999236,7.87029e-05,0.927463,1,0
0.712891,0.302734,0.997109,8.13866e-05,0.927459,1,0
0.732422,0.283203,0.999233,8.32093e-05,0.925514,1,0
0.732422,0.302734,0.997107,8.5892e-05,0.92551,1,0
0.751953,0.244141,1.00095,8.05542e-05,0.923572,1,0
0.751953,0.263672,1.00035,8.40839e-05,0.923568,1,0
0.771484,0.244141,1.00094,8.40625e-05,0.921622,1,0
0.771484,0.263672,1.00034,8.76677e-05,0.921619,1,0
0.751953,0.283203,0.99923,8.72417e-05,0.923565,1,0
0.751953,0.302734,0.997105,8.99127e-05,0.923561,1,0
0.771484,0.283203,0.999227,9.08437e-05,0.921615,1,0
0.771484,0.302734,0.997103,9.34953e-05,0.921612,1,0
0.791016,0.00976562,1.00243,2.15844e-05,0.919694,1,0
0.791016,0.0292969,1.00239,3.64666e-05,0.919693,1,0
0.810547,0.00976562,1.00242,2.18354e-05,0.917742,1,0
0.810547,0.0292969,1.00238,3.702e-05,0.91774,1,0
0.791016,0.0488281,1.00229,3.85892e-05,0.919693,1,0
0.791016,0.0683594,1.0022,4.63615e-05,0.919691,1,0
0.810547,0.0488281,1.00228,3.9506e-05,0.91774,1,0
0.810547,0.0683594,1.0022,4.75644e-05,0.917739,1,0
0.830078,0.00976562,1.0024,2.20094e-05,0.91579,1,0
0.830078,0.0292969,1.00237,3.74519e-05,0.915788,1,0
0.849609,0.00976562,1.00239,2.21118e-05,0.913838,1,0
0.849609,0.0292969,1.00237,3.77713e-05,0.913836,1,0
0.830078,0.0488281,1.00228,4.02938e-05,0.915788,1,0
0.830078,0.0683594,1.00219,4.86077e-05,0.915787,1,0
0.849609,0.0488281,1.00227,4.09615e-05,0.913836,1,0
0.849609,0.0683594,1.00219,4.95027e-05,0.913835,1,0
0.791016,0.0878906,1.00213,4.99228e-05,0.91969,1,0
0.791016,0.107422,1.00206,5.59285e-05,0.919688,1,0
0.810547,0.0878906,1.00212,5.13594e-05,0.917738,1,0
0.810547,0.107422,1.00205,5.76381e-05,0.917736,1,0
0.791016,0.126953,1.00198,6.033e-05,0.919686,1,0
0.791016,0.146484,1.00189,6.54689e-05,0.919684,1,0
0.810547,0.126953,1.00197,6.22378e-05,0.917735,1,0
0.810547,0.146484,1.00188,6.76087e-05,0.917733,1,0
0.830078,0.0878906,1.00212,5.26236e-05,0.915786,1,0
0.830078,0.107422,1.00205,5.91501e-05,0.915785,1,0
0.849609,0.0878906,1.00211,5.37284e-05,0.913835,1,0
0.849609,0.107422,1.00204,6.04794e-05,0.913833,1,0
0.830078,0.126953,1.00197,6.39319e-05,0.915783,1,0
0.830078,0.146484,1.00188,6.9514e-05,0.915782,1,0
0.849609,0.126953,1.00196,6.54291e-05,0.913832,1,0
0.849609,0.146484,1.00187,7.12033e-05,0.913831,1,0
0.869141,0.00976562,1.00237,2.21478e-05,0.911886,1,0
0.869141,0.0292969,1.00236,3.79868e-05,0.911885,1,0
0.888672,0.00976562,1.00236,2.21231e-05,0.909934,1,0
0.888672,0.0292969,1.00235,3.81074e-05,0.909933,1,0
0.869141,0.0488281,1.00226,4.15179e-05,0.911885,1,0
0.869141,0.0683594,1.00218,5.0261e-05,0.911884,1,0
0.888672,0.0488281,1.00226,4.19717e-05,0.909934,1,0
0.888672,0.0683594,1.00217,5.08934e-05,0.909933,1,0
0.908203,0.00976562,1.00234,2.20434e-05,0.907983,1,0
0.908203,0.0292969,1.00234,3.8142e-05,0.907982,1,0
0.927734,0.00976562,1.00232,2.19147e-05,0.906032,1,0
0.927734,0.0292969,1.00233,3.80993e-05,0.906031,1,0
0.908203,0.0488281,1.00225,4.23315e-05,0.907982,1,0
0.908203,0.0683594,1.00217,5.14107e-05,0.907981,1,0
0.927734,0.0488281,1.00224,4.26054e-05,0.906031,1,0
0.927734,0.0683594,1.00216,5.1823e-05,0.90603,1,0
0.869141,0.0878906,1.00211,5.46862e-05,0.911883,1,0
0.869141,0.107422,1.00203,6.16405e-05,0.911882,1,0
0.888672,0.0878906,1.0021,5.55092e-05,0.909932,1,0
0.888672,0.107422,1.00203,6.26467e-05,0.909931,1,0
0.869141,0.126953,1.00196,6.67452e-05,0.911881,1,0
0.869141,0.146484,1.00187,7.26941e-05,0.91188,1,0
0.888672,0.126953,1.00195,6.78951e-05,0.90993,1,0
0.888672,0.146484,1.00186,7.40029e-05,0.909929,1,0
0.908203,0.0878906,1.00209,5.62084e-05,0.907981,1,0
0.908203,0.107422,1.00202,6.35109e-05,0.90798,1,0
0.927734,0.0878906,1.00209,5.67947e-05,0.90603,1,0
0.927734,0.107422,1.00202,6.42452e-05,0.90603,1,0
0.908203,0.126953,1.00194,6.88928e-05,0.90798,1,0
0.908203,0.146484,1.00186,7.51451e-05,0.907979,1,0
0.927734,0.126953,1.00194,6.97518e-05,0.906029,1,0
0.927734,0.146484,1.00185,7.61355e-05,0.906028,1,0
0.791016,0.166016,1.00178,7.00296e-05,0.919682,1,0
0.791016,0.185547,1.00166,7.46492e-05,0.91968,1,0
0.810547,0.166016,1.00178,7.23372e-05,0.917731,1,0
0.810547,0.185547,1.00166,7.71351e-05,0.917729,1,0
0.791016,0.205078,1.0015,7.90303e-05,0.919677,1,0
0.791016,0.224609,1.00129,8.32258e-05,0.919675,1,0
0.810547,0.205078,1.0015,8.16423e-05,0.917727,1,0
0.810547,0.224609,1.00128,8.59565e-05,0.917724,1,0
0.830078,0.166016,1.00178,7.43936e-05,0.91578,1,0
0.830078,0.185547,1.00165,7.93526e-05,0.915778,1,0
0.849609,0.166016,1.00177,7.62193e-05,0.913829,1,0
0.849609,0.185547,1.00165,8.1324e-05,0.913828,1,0
0.830078,0.205078,1.0015,8.39711e-05,0.915776,1,0
0.830078,0.224609,1.00128,8.83903e-05,0.915774,1,0
0.849609,0.205078,1.00149,8.6041e-05,0.913826,1,0
0.849609,0.224609,1.00127,9.05533e-05,0.913824,1,0
0.791016,0.244141,1.00094,8.72011e-05,0.919672,1,0
0.791016,0.263672,1.00034,9.08687e-05,0.919669,1,0
0.810547,0.244141,1.00094,9.00025e-05,0.917722,1,0
0.810547,0.263672,1.00034,9.37213e-05,0.917719,1,0
0.791016,0.283203,0.999225,9.40551e-05,0.919666,1,0
0.791016,0.302734,0.997101,9.66814e-05,0.919663,1,0
0.810547,0.283203,0.999222,9.69119e-05,0.917717,1,0
0.810547,0.302734,0.997099,9.95084e-05,0.917714,1,0
0.830078,0.244141,1.00093,9.24963e-05,0.915772,1,0
0.830078,0.263672,1.00033,9.62572e-05,0.91577,1,0
0.849609,0.244141,1.00093,9.47103e-05,0.913822,1,0
0.849609,0.263672,1.00033,9.85052e-05,0.91382,1,0
0.830078,0.283203,0.999219,9.94466e-05,0.915767,1,0
0.830078,0.302734,0.997097,0.00010201,0.915765,1,0
0.849609,0.283203,0.999216,0.000101689,0.913818,1,0
0.849609,0.302734,0.997095,0.000104216,0.913816,1,0
0.869141,0.166016,1.00176,7.78334e-05,0.911879,1,0
0.869141,0.185547,1.00164,8.307e-05,0.911877,1,0
0.888672,0.166016,1.00176,7.92542e-05,0.909928,1,0
0.888672,0.185547,1.00164,8.46104e-05,0.909927,1,0
0.869141,0.205078,1.00149,8.78746e-05,0.911876,1,0
0.869141,0.224609,1.00127,9.24695e-05,0.911874,1,0
0.888672,0.205078,1.00148,8.94929e-05,0.909925,1,0
0.888672,0.224609,1.00126,9.41614e-05,0.909924,1,0
0.908203,0.166016,1.00175,8.04986e-05,0.907978,1,0
0.908203,0.185547,1.00163,8.59633e-05,0.907976,1,0
0.927734,0.166016,1.00175,8.15825e-05,0.906027,1,0
0.927734,0.185547,1.00163,8.71459e-05,0.906026,1,0
0.908203,0.205078,1.00148,9.09154e-05,0.907975,1,0
0.908203,0.224609,1.00126,9.56496e-05,0.907974,1,0
0.927734,0.205078,1.00147,9.21605e-05,0.906025,1,0
0.927734,0.224609,1.00125,9.69534e-05,0.906024,1,0
0.869141,0.244141,1.00092,9.66698e-05,0.911872,1,0
0.869141,0.263672,1.00033,0.000100492,0.911871,1,0
0.888672,0.244141,1.00092,9.83983e-05,0.909923,1,0
0.888672,0.263672,1.00032,0.000102242,0.909921,1,0
0.869141,0.283203,0.999213,0.000103667,0.911869,1,0
0.869141,0.302734,0.997093,0.000106156,0.911867,1,0
0.888672,0.283203,0.99921,0.000105405,0.909919,1,0
0.888672,0.302734,0.997091,0.000107854,0.909918,1,0
0.908203,0.244141,1.00092,9.99177e-05,0.907973,1,0
0.908203,0.263672,1.00032,0.000103779,0.907971,1,0
0.927734,0.244141,1.00091,0.000101248,0.906023,1,0
0.927734,0.263672,1.00031,0.000105123,0.906022,1,0
0.908203,0.283203,0.999208,0.000106928,0.90797,1,0
0.908203,0.302734,0.99709,0.000109337,0.907969,1,0
0.927734,0.283203,0.999205,0.000108257,0.906021,1,0
0.927734,0.302734,0.997088,0.000110627,0.90602,1,0
0.634766,0.322266,0.993071,5.92593e-05,0.935248,1,0
0.634766,0.341797,0.985525,6.03394e-05,0.935241,1,0
0.654297,0.322266,0.993069,6.62428e-05,0.933299,1,0
0.654297,0.341797,0.985526,6.71862e-05,0.933293,1,0
0.634766,0.361328,0.971866,5.86909e-05,0.935234,1,0
0.634766,0.380859,0.947984,5.43512e-05,0.935228,1,0
0.654297,0.361328,0.971869,6.52686e-05,0.933287,1,0
0.654297,0.380859,0.947992,6.04403e-05,0.933282,1,0
0.673828,0.322266,0.993068,7.24829e-05,0.931351,1,0
0.673828,0.341797,0.985526,7.32766e-05,0.931346,1,0
0.693359,0.322266,0.993067,7.80546e-05,0.929403,1,0
0.693359,0.341797,0.985527,7.86923e-05,0.929398,1,0
0.673828,0.361328,0.971873,7.1098e-05,0.93134,1,0
0.673828,0.380859,0.948,6.58116e-05,0.931335,1,0
0.693359,0.361328,0.971877,7.62645e-05,0.929393,1,0
0.693359,0.380859,0.948009,7.05528e-05,0.929389,1,0
0.634766,0.400391,0.907752,4.32091e-05,0.935222,1,0
0.634766,0.419922,0.842496,2.73252e-05,0.935217,1,0
0.654297,0.400391,0.907766,4.87254e-05,0.933277,1,0
0.654297,0.419922,0.842513,3.20081e-05,0.933273,1,0
0.634766,0.439453,0.740426,9.01036e-06,0.935214,1,0
0.634766,0.458984,0.586205,6.92987e-06,0.935212,1,0
0.654297,0.439453,0.740437,1.28676e-05,0.93327,1,0
0.654297,0.458984,0.586203,9.10209e-06,0.933268,1,0
0.673828,0.400391,0.90778,5.35721e-05,0.931331,1,0
0.673828,0.419922,0.842532,3.61245e-05,0.931328,1,0
0.693359,0.400391,0.907796,5.78345e-05,0.929385,1,0
0.693359,0.419922,0.842551,3.97499e-05,0.929382,1,0
0.673828,0.439453,0.740449,1.62619e-05,0.931325,1,0
0.673828,0.458984,0.586203,1.0981e-05,0.931324,1,0
0.693359,0.439453,0.740463,1.92552e-05,0.92938,1,0
0.693359,0.458984,0.586205,1.26148e-05,0.929379,1,0
0.712891,0.322266,0.993066,8.30255e-05,0.927455,1,0
0.712891,0.341797,0.985528,8.35062e-05,0.92745,1,0
0.732422,0.322266,0.993065,8.74562e-05,0.925506,1,0
0.732422,0.341797,0.985529,8.77823e-05,0.925502,1,0
0.712891,0.361328,0.971881,8.08426e-05,0.927446,1,0
0.712891,0.380859,0.948019,7.47386e-05,0.927442,1,0
0.732422,0.361328,0.971886,8.48969e-05,0.925499,1,0
0.732422,0.380859,0.948028,7.84327e-05,0.925495,1,0
0.751953,0.322266,0.993064,9.14009e-05,0.923558,1,0
0.751953,0.341797,0.98553,9.15768e-05,0.923554,1,0
0.771484,0.322266,0.993063,9.49074e-05,0.921609,1,0
0.771484,0.341797,0.985532,9.49388e-05,0.921606,1,0
0.751953,0.361328,0.971891,8.84835e-05,0.923551,1,0
0.751953,0.380859,0.948038,8.16894e-05,0.923548,1,0
0.771484,0.361328,0.971896,9.16511e-05,0.921603,1,0
0.771484,0.380859,0.948049,8.45549e-05,0.921601,1,0
0.712891,0.400391,0.907811,6.15838e-05,0.927439,1,0
0.712891,0.419922,0.84257,4.29482e-05,0.927436,1,0
0.732422,0.400391,0.907828,6.48817e-05,0.925492,1,0
0.732422,0.419922,0.84259,4.57717e-05,0.92549,1,0
0.712891,0.439453,0.740477,2.18983e-05,0.927434,1,0
0.712891,0.458984,0.586209,1.40474e-05,0.927433,1,0
0.732422,0.439453,0.740492,2.42376e-05,0.925488,1,0
0.732422,0.458984,0.586215,1.53085e-05,0.925487,1,0
0.751953,0.400391,0.907844,6.77816e-05,0.923545,1,0
0.751953,0.419922,0.84261,4.82633e-05,0.923543,1,0
0.771484,0.400391,0.907861,7.03289e-05,0.921598,1,0
0.771484,0.419922,0.842631,5.0457e-05,0.921597,1,0
0.751953,0.439453,0.740508,2.63164e-05,0.923542,1,0
0.751953,0.458984,0.586222,1.64088e-05,0.923541,1,0
0.771484,0.439453,0.740524,2.81709e-05,0.921595,1,0
0.771484,0.458984,0.586231,1.73506e-05,0.921595,1,0
0.634766,0.478516,0.361367,1.61429e-05,0.935212,1,0
0.634766,0.498047,0.0458979,-1.12337e-05,0.935212,0.6,0
0.654297,0.478516,0.361376,1.49689e-05,0.933268,1,0
0.654297,0.498047,0.0459033,-1.11152e-05,0.933268,0.6,0
0.673828,0.478516,0.361385,1.39168e-05,0.931324,1,0
0.673828,0.498047,0.0459079,-1.08791e-05,0.931324,0.6,0
0.693359,0.478516,0.361396,1.29618e-05,0.929378,1,0
0.693359,0.498047,0.0459118,-1.05619e-05,0.929379,0.6,0
0.712891,0.478516,0.361407,1.20859e-05,0.927433,1,0
0.712891,0.498047,0.0459151,-1.01876e-05,0.927433,0.6,0
0.732422,0.478516,0.361418,1.12796e-05,0.925487,1,0
0.732422,0.498047,0.0459179,-9.77798e-06,0.925487,0.6,0
0.751953,0.478516,0.36143,1.05387e-05,0.923541,1,0
0.751953,0.498047,0.0459204,-9.34961e-06,0.923541,0.6,0
0.771484,0.478516,0.361442,9.86342e-06,0.921595,1,0
0.771484,0.498047,0.0459226,-8.91979e-06,0.921595,0.6,0
0.791016,0.322266,0.993063,9.80182e-05,0.919661,1,0
0.791016,0.341797,0.985533,9.79109e-05,0.919658,1,0
0.810547,0.322266,0.993062,0.000100771,0.917712,1,0
0.810547,0.341797,0.985535,0.00010053,0.91771,1,0
0.791016,0.361328,0.971901,9.44413e-05,0.919655,1,0
0.791016,0.380859,0.94806,8.70677e-05,0.919653,1,0
0.810547,0.361328,0.971907,9.68895e-05,0.917707,1,0
0.810547,0.380859,0.948071,8.92593e-05,0.917705,1,0
0.830078,0.322266,0.993062,0.000103199,0.915763,1,0
0.830078,0.341797,0.985537,0.00010283,0.915761,1,0
0.849609,0.322266,0.993061,0.000105333,0.913814,1,0
0.849609,0.341797,0.985539,0.000104839,0.913813,1,0
0.830078,0.361328,0.971912,9.9026e-05,0.915759,1,0
0.830078,0.380859,0.948082,9.11568e-05,0.915757,1,0
0.849609,0.361328,0.971918,0.000100878,0.913811,1,0
0.849609,0.380859,0.948093,9.27845e-05,0.913809,1,0
0.791016,0.400391,0.907878,7.25585e-05,0.919651,1,0
0.791016,0.419922,0.842652,5.23808e-05,0.919649,1,0
0.810547,0.400391,0.907896,7.44969e-05,0.917704,1,0
0.810547,0.419922,0.842674,5.40578e-05,0.917702,1,0
0.791016,0.439453,0.740541,2.98225e-05,0.919648,1,0
0.791016,0.458984,0.58624,1.81388e-05,0.919648,1,0
0.810547,0.439453,0.740559,3.12812e-05,0.917701,1,0
0.810547,0.458984,0.586251,1.87972e-05,0.917701,1,0
0.830078,0.400391,0.907914,7.61648e-05,0.915756,1,0
0.830078,0.419922,0.842695,5.55062e-05,0.915755,1,0
0.849609,0.400391,0.907932,7.75827e-05,0.913808,1,0
0.849609,0.419922,0.842717,5.67382e-05,0.913807,1,0
0.830078,0.439453,0.740577,3.25462e-05,0.915754,1,0
0.830078,0.458984,0.586262,1.93427e-05,0.915754,1,0
0.849609,0.439453,0.740595,3.36188e-05,0.913806,1,0
0.849609,0.458984,0.586275,1.97954e-05,0.913806,1,0
0.869141,0.322266,0.993061,0.000107201,0.911865,1,0
0.869141,0.341797,0.985542,0.000106585,0.911864,1,0
0.888672,0.322266,0.993061,0.000108829,0.909917,1,0
0.888672,0.341797,0.985544,0.000108095,0.909915,1,0
0.869141,0.361328,0.971925,0.000102473,0.911862,1,0
0.869141,0.380859,0.948105,9.41676e-05,0.911861,1,0
0.888672,0.361328,0.971931,0.000103838,0.909914,1,0
0.888672,0.380859,0.948117,9.53316e-05,0.909913,1,0
0.908203,0.322266,0.993061,0.000110243,0.907968,1,0
0.908203,0.341797,0.985547,0.000109397,0.907966,1,0
0.927734,0.322266,0.993061,0.000111469,0.906019,1,0
0.927734,0.341797,0.985549,0.000110517,0.906018,1,0
0.908203,0.361328,0.971937,0.000105002,0.907965,1,0
0.908203,0.380859,0.948129,9.63069e-05,0.907964,1,0
0.927734,0.361328,0.971944,0.000105996,0.906017,1,0
0.927734,0.380859,0.948141,9.71285e-05,0.906016,1,0
0.869141,0.400391,0.90795,7.87717e-05,0.91186,1,0
0.869141,0.419922,0.842739,5.77614e-05,0.911859,1,0
0.888672,0.400391,0.907968,7.97508e-05,0.909912,1,0
0.888672,0.419922,0.842761,5.8569e-05,0.909911,1,0
0.869141,0.439453,0.740614,3.45025e-05,0.911859,1,0
0.869141,0.458984,0.586288,2.01426e-05,0.911859,1,0
0.888672,0.439453,0.740633,3.51527e-05,0.909911,1,0
0.888672,0.458984,0.586302,2.0152e-05,0.909911,1,0
0.908203,0.400391,0.907987,8.05524e-05,0.907964,1,0
0.908203,0.419922,0.842784,5.92014e-05,0.907963,1,0
0.927734,0.400391,0.908005,8.12261e-05,0.906015,1,0
0.927734,0.419922,0.842806,5.97444e-05,0.906015,1,0
0.908203,0.439453,0.740653,3.56404e-05,0.907963,1,0
0.908203,0.458984,0.586316,1.99521e-05,0.907963,1,0
0.927734,0.439453,0.740672,3.61016e-05,0.906014,1,0
0.927734,0.458984,0.586331,1.98944e-05,0.906014,1,0
0.791016,0.478516,0.361455,9.24916e-06,0.919648,1,0
0.791016,0.498047,0.0459245,-8.49144e-06,0.919648,0.6,0
0.810547,0.478516,0.361468,8.71288e-06,0.917701,1,0
0.810547,0.498047,0.0459262,-8.04377e-06,0.917701,0.6,0
0.830078,0.478516,0.36148,8.23082e-06,0.915754,1,0
0.830078,0.498047,0.0459278,-7.55908e-06,0.915754,0.6,0
0.849609,0.478516,0.361493,7.85394e-06,0.913806,1,0
0.849609,0.498047,0.0459294,-6.83102e-06,0.913806,0.6,0
0.869141,0.478516,0.361506,7.54001e-06,0.911859,1,0
0.869141,0.498047,0.0459314,-6.41295e-06,0.911859,0.6,0
0.888672,0.478516,0.361519,6.88569e-06,0.909911,1,0
0.888672,0.498047,0.0459333,-6.38029e-06,0.909911,0.6,0
0.908203,0.478516,0.361531,6.10875e-06,0.907963,1,0
0.908203,0.498047,0.045934,-6.32787e-06,0.907963,0.6,0
0.927734,0.478516,0.361544,5.59471e-06,0.906015,1,0
0.927734,0.498047,0.0459346,-6.38601e-06,0.906015,0.6,0
0.947266,0.00976562,1.00231,2.17426e-05,0.90408,1,0
0.947266,0.0292969,1.00232,3.79879e-05,0.90408,1,0
0.966797,0.00976562,1.00229,2.15328e-05,0.90213,1,0
0.966797,0.0292969,1.00231,3.78155e-05,0.902129,1,0
0.947266,0.0488281,1.00223,4.28009e-05,0.90408,1,0
0.947266,0.0683594,1.00215,5.21397e-05,0.90408,1,0
0.966797,0.0488281,1.00223,4.29254e-05,0.902129,1,0
0.966797,0.0683594,1.00215,5.237e-05,0.902129,1,0
0.986328,0.00976562,1.00228,2.12902e-05,0.900179,1,0
0.986328,0.0292969,1.0023,3.75895e-05,0.900178,1,0
1.00586,0.00976562,1.00226,2.1019e-05,0.898228,1,0
1.00586,0.0292969,1.00229,3.73166e-05,0.898228,1,0
0.986328,0.0488281,1.00222,4.29859e-05,0.900179,1,0
0.986328,0.0683594,1.00214,5.25227e-05,0.900178,1,0
1.00586,0.0488281,1.00221,4.29891e-05,0.898228,1,0
1.00586,0.0683594,1.00213,5.2606e-05,0.898228,1,0
0.947266,0.0878906,1.00208,5.72782e-05,0.90408,1,0
0.947266,0.107422,1.00201,6.48615e-05,0.904079,1,0
0.966797,0.0878906,1.00207,5.76684e-05,0.902129,1,0
0.966797,0.107422,1.002,6.53707e-05,0.902128,1,0
0.947266,0.126953,1.00193,7.04848e-05,0.904078,1,0
0.947266,0.146484,1.00184,7.69881e-05,0.904078,1,0
0.966797,0.126953,1.00193,7.11037e-05,0.902128,1,0
0.966797,0.146484,1.00184,7.77156e-05,0.902127,1,0
0.986328,0.0878906,1.00207,5.79746e-05,0.900178,1,0
0.986328,0.107422,1.002,6.57832e-05,0.900178,1,0
1.00586,0.0878906,1.00206,5.82053e-05,0.898228,1,0
1.00586,0.107422,1.00199,6.61088e-05,0.898228,1,0
0.986328,0.126953,1.00192,7.16197e-05,0.900178,1,0
0.986328,0.146484,1.00183,7.833e-05,0.900177,1,0
1.00586,0.126953,1.00191,7.20427e-05,0.898227,1,0
1.00586,0.146484,1.00183,7.88422e-05,0.898227,1,0
1.02539,0.00976562,1.00225,2.07229e-05,0.896278,1,0
1.02539,0.0292969,1.00228,3.70027e-05,0.896277,1,0
1.04492,0.00976562,1.00223,2.04055e-05,0.894327,1,0
1.04492,0.0292969,1.00227,3.66536e-05,0.894327,1,0
1.02539,0.0488281,1.0022,4.29416e-05,0.896278,1,0
1.02539,0.0683594,1.00212,5.26276e-05,0.896277,1,0
1.04492,0.0488281,1.0022,4.28493e-05,0.894327,1,0
1.04492,0.0683594,1.00212,5.25946e-05,0.894327,1,0
1.06445,0.00976562,1.00222,2.00709e-05,0.892377,1,0
1.06445,0.0292969,1.00225,3.62751e-05,0.892377,1,0
1.08398,0.00976562,1.0022,1.97236e-05,0.890427,1,0
1.08398,0.0292969,1.00224,3.58733e-05,0.890426,1,0
1.06445,0.0488281,1.00219,4.27178e-05,0.892377,1,0
1.06445,0.0683594,1.00211,5.25137e-05,0.892377,1,0
1.08398,0.0488281,1.00218,4.25523e-05,0.890427,1,0
1.08398,0.0683594,1.0021,5.23911e-05,0.890427,1,0
1.02539,0.0878906,1.00205,5.83685e-05,0.896278,1,0
1.02539,0.107422,1.00198,6.63561e-05,0.896277,1,0
1.04492,0.0878906,1.00205,5.84714e-05,0.894327,1,0
1.04492,0.107422,1.00198,6.65333e-05,0.894327,1,0
1.02539,0.126953,1.00191,7.2382e-05,0.896277,1,0
1.02539,0.146484,1.00182,7.9262e-05,0.896277,1,0
1.04492,0.126953,1.0019,7.26461e-05,0.894327,1,0
1.04492,0.146484,1.00181,7.95988e-05,0.894327,1,0
1.06445,0.0878906,1.00204,5.85208e-05,0.892377,1,0
1.06445,0.107422,1.00197,6.66481e-05,0.892377,1,0
1.08398,0.0878906,1.00203,5.85232e-05,0.890427,1,0
1.08398,0.107422,1.00196,6.67076e-05,0.890427,1,0
1.06445,0.126953,1.00189,7.28431e-05,0.892377,1,0
1.06445,0.146484,1.00181,7.98611e-05,0.892377,1,0
1.08398,0.126953,1.00189,7.29804e-05,0.890427,1,0
1.08398,0.146484,1.0018,8.00571e-05,0.890427,1,0
0.947266,0.166016,1.00174,8.25209e-05,0.904077,1,0
0.947266,0.185547,1.00162,8.81739e-05,0.904076,1,0
0.966797,0.166016,1.00174,8.33274e-05,0.902127,1,0
0.966797,0.185547,1.00162,8.9062e-05,0.902126,1,0
0.947266,0.205078,1.00147,9.32448e-05,0.904075,1,0
0.947266,0.224609,1.00125,9.80904e-05,0.904074,1,0
0.966797,0.205078,1.00146,9.41836e-05,0.902125,1,0
0.966797,0.224609,1.00125,9.90768e-05,0.902124,1,0
0.986328,0.166016,1.00173,8.40147e-05,0.900177,1,0
0.986328,0.185547,1.00161,8.98234e-05,0.900176,1,0
1.00586,0.166016,1.00173,8.45943e-05,0.898227,1,0
1.00586,0.185547,1.00161,9.04705e-05,0.898226,1,0
0.986328,0.205078,1.00146,9.49912e-05,0.900175,1,0
0.986328,0.224609,1.00124,9.99272e-05,0.900175,1,0
1.00586,0.205078,1.00145,9.56802e-05,0.898225,1,0
1.00586,0.224609,1.00124,0.000100655,0.898225,1,0
0.947266,0.244141,1.00091,0.000102408,0.904073,1,0
0.947266,0.263672,1.00031,0.000106294,0.904072,1,0
0.966797,0.244141,1.0009,0.000103415,0.902124,1,0
0.966797,0.263672,1.00031,0.00010731,0.902123,1,0
0.947266,0.283203,0.999202,0.000109413,0.904071,1,0
0.947266,0.302734,0.997086,0.000111745,0.90407,1,0
0.966797,0.283203,0.999199,0.000110414,0.902122,1,0
0.966797,0.302734,0.997085,0.00011271,0.902121,1,0
0.986328,0.244141,1.0009,0.000104283,0.900174,1,0
0.986328,0.263672,1.0003,0.000108185,0.900173,1,0
1.00586,0.244141,1.0009,0.000105027,0.898224,1,0
1.00586,0.263672,1.0003,0.000108934,0.898224,1,0
0.986328,0.283203,0.999197,0.000111275,0.900173,1,0
0.986328,0.302734,0.997083,0.000113537,0.900172,1,0
1.00586,0.283203,0.999194,0.00011201,0.898223,1,0
1.00586,0.302734,0.997082,0.00011424,0.898223,1,0
1.02539,0.166016,1.00172,8.50767e-05,0.896276,1,0
1.02539,0.185547,1.0016,9.10143e-05,0.896276,1,0
1.04492,0.166016,1.00171,8.54718e-05,0.894327,1,0
1.04492,0.185547,1.00159,9.14652e-05,0.894326,1,0
1.02539,0.205078,1.00145,9.62624e-05,0.896276,1,0
1.02539,0.224609,1.00123,0.000101272,0.896275,1,0
1.04492,0.205078,1.00144,9.67486e-05,0.894326,1,0
1.04492,0.224609,1.00123,0.00010179,0.894325,1,0
1.06445,0.166016,1.00171,8.57885e-05,0.892377,1,0
1.06445,0.185547,1.00159,9.18327e-05,0.892376,1,0
1.08398,0.166016,1.0017,8.60353e-05,0.890427,1,0
1.08398,0.185547,1.00158,9.21255e-05,0.890426,1,0
1.06445,0.205078,1.00144,9.71484e-05,0.892376,1,0
1.06445,0.224609,1.00122,0.000102219,0.892376,1,0
1.08398,0.205078,1.00143,9.74707e-05,0.890426,1,0
1.08398,0.224609,1.00122,0.000102566,0.890426,1,0
1.02539,0.244141,1.00089,0.000105658,0.896275,1,0
1.02539,0.263672,1.0003,0.00010957,0.896274,1,0
1.04492,0.244141,1.00089,0.000106188,0.894325,1,0
1.04492,0.263672,1.00029,0.000110103,0.894325,1,0
1.02539,0.283203,0.999191,0.000112632,0.896274,1,0
1.02539,0.302734,0.99708,0.00011483,0.896273,1,0
1.04492,0.283203,0.999189,0.000113151,0.894324,1,0
1.04492,0.302734,0.997079,0.000115319,0.894324,1,0
1.06445,0.244141,1.00088,0.000106626,0.892375,1,0
1.06445,0.263672,1.00029,0.000110543,0.892375,1,0
1.08398,0.244141,1.00088,0.000106983,0.890426,1,0
1.08398,0.263672,1.00029,0.0001109,0.890426,1,0
1.06445,0.283203,0.999186,0.000113578,0.892375,1,0
1.06445,0.302734,0.997078,0.000115717,0.892374,1,0
1.08398,0.283203,0.999184,0.000113921,0.890425,1,0
1.08398,0.302734,0.997076,0.000116032,0.890425,1,0
1.10352,0.00976562,1.00219,1.93679e-05,0.888476,1,0
1.10352,0.0292969,1.00223,3.54542e-05,0.888476,1,0
1.12305,0.00976562,1.00217,1.90079e-05,0.886526,1,0
1.12305,0.0292969,1.00222,3.50232e-05,0.886526,1,0
1.10352,0.0488281,1.00217,4.23579e-05,0.888477,1,0
1.10352,0.0683594,1.00209,5.2233e-05,0.888477,1,0
1.12305,0.0488281,1.00216,4.21392e-05,0.886527,1,0
1.12305,0.0683594,1.00209,5.2045e-05,0.886527,1,0
1.14258,0.00976562,1.00216,1.86468e-05,0.884576,1,0
1.14258,0.0292969,1.00221,3.4585e-05,0.884576,1,0
1.16211,0.00976562,1.00214,1.82875e-05,0.882626,1,0
1.16211,0.0292969,1.0022,3.41434e-05,0.882626,1,0
1.14258,0.0488281,1.00215,4.19006e-05,0.884577,1,0
1.14258,0.0683594,1.00208,5.18323e-05,0.884577,1,0
1.16211,0.0488281,1.00214,4.16461e-05,0.882627,1,0
1.16211,0.0683594,1.00207,5.15994e-05,0.882627,1,0
1.10352,0.0878906,1.00202,5.84845e-05,0.888477,1,0
1.10352,0.107422,1.00195,6.67186e-05,0.888477,1,0
1.12305,0.0878906,1.00202,5.84103e-05,0.886527,1,0
1.12305,0.107422,1.00195,6.66875e-05,0.886527,1,0
1.10352,0.126953,1.00188,7.30651e-05,0.888477,1,0
1.10352,0.146484,1.00179,8.01943e-05,0.888477,1,0
1.12305,0.126953,1.00187,7.31037e-05,0.886527,1,0
1.12305,0.146484,1.00179,8.02797e-05,0.886527,1,0
1.14258,0.0878906,1.00201,5.83058e-05,0.884577,1,0
1.14258,0.107422,1.00194,6.662e-05,0.884577,1,0
1.16211,0.0878906,1.002,5.81757e-05,0.882627,1,0
1.16211,0.107422,1.00193,6.65215e-05,0.882627,1,0
1.14258,0.126953,1.00187,7.31021e-05,0.884577,1,0
1.14258,0.146484,1.00178,8.03196e-05,0.884577,1,0
1.16211,0.126953,1.00186,7.30658e-05,0.882627,1,0
1.16211,0.146484,1.00177,8.03197e-05,0.882627,1,0
1.18164,0.00976562,1.00213,1.79319e-05,0.880676,1,0
1.18164,0.0292969,1.00219,3.37016e-05,0.880676,1,0
1.20117,0.00976562,1.00212,1.75821e-05,0.878727,1,0
1.20117,0.0292969,1.00218,3.32625e-05,0.878727,1,0
1.18164,0.0488281,1.00213,4.13792e-05,0.880677,1,0
1.18164,0.0683594,1.00206,5.13506e-05,0.880677,1,0
1.20117,0.0488281,1.00212,4.11031e-05,0.878727,1,0
1.20117,0.0683594,1.00205,5.10896e-05,0.878727,1,0
1.2207,0.00976562,1.0021,1.72398e-05,0.876777,1,0
1.2207,0.0292969,1.00216,3.28287e-05,0.876777,1,0
1.24023,0.00976562,1.00209,1.69064e-05,0.874827,1,0
1.24023,0.0292969,1.00215,3.24024e-05,0.874827,1,0
1.2207,0.0488281,1.00212,4.08208e-05,0.876777,1,0
1.2207,0.0683594,1.00205,5.082e-05,0.876777,1,0
1.24023,0.0488281,1.00211,4.05347e-05,0.874827,1,0
1.24023,0.0683594,1.00204,5.05446e-05,0.874828,1,0
1.18164,0.0878906,1.00199,5.80243e-05,0.880677,1,0
1.18164,0.107422,1.00193,6.63967e-05,0.880677,1,0
1.20117,0.0878906,1.00199,5.78553e-05,0.878727,1,0
1.20117,0.107422,1.00192,6.625e-05,0.878727,1,0
1.18164,0.126953,1.00185,7.29997e-05,0.880678,1,0
1.18164,0.146484,1.00177,8.02853e-05,0.880678,1,0
1.20117,0.126953,1.00184,7.2908e-05,0.878728,1,0
1.20117,0.146484,1.00176,8.02211e-05,0.878728,1,0
1.2207,0.0878906,1.00198,5.76723e-05,0.876778,1,0
1.2207,0.107422,1.00191,6.60854e-05,0.876778,1,0
1.24023,0.0878906,1.00197,5.74785e-05,0.874828,1,0
1.24023,0.107422,1.0019,6.59062e-05,0.874828,1,0
1.2207,0.126953,1.00184,7.27949e-05,0.876778,1,0
1.2207,0.146484,1.00175,8.01314e-05,0.876778,1,0
1.24023,0.126953,1.00183,7.26638e-05,0.874828,1,0
1.24023,0.146484,1.00175,8.00203e-05,0.874828,1,0
1.10352,0.166016,1.0017,8.62199e-05,0.888477,1,0
1.10352,0.185547,1.00158,9.23515e-05,0.888477,1,0
1.12305,0.166016,1.00169,8.63494e-05,0.886527,1,0
1.12305,0.185547,1.00157,9.2518e-05,0.886527,1,0
1.10352,0.205078,1.00143,9.77237e-05,0.888477,1,0
1.10352,0.224609,1.00121,0.000102842,0.888476,1,0
1.12305,0.205078,1.00142,9.79148e-05,0.886527,1,0
1.12305,0.224609,1.00121,0.000103053,0.886527,1,0
1.14258,0.166016,1.00168,8.64304e-05,0.884577,1,0
1.14258,0.185547,1.00157,9.26319e-05,0.884577,1,0
1.16211,0.166016,1.00168,8.64686e-05,0.882627,1,0
1.16211,0.185547,1.00156,9.26993e-05,0.882627,1,0
1.14258,0.205078,1.00142,9.8051e-05,0.884577,1,0
1.14258,0.224609,1.0012,0.000103206,0.884577,1,0
1.16211,0.205078,1.00141,9.81385e-05,0.882627,1,0
1.16211,0.224609,1.0012,0.000103309,0.882627,1,0
1.10352,0.244141,1.00087,0.000107266,0.888476,1,0
1.10352,0.263672,1.00028,0.000111183,0.888476,1,0
1.12305,0.244141,1.00087,0.000107483,0.886527,1,0
1.12305,0.263672,1.00028,0.000111398,0.886526,1,0
1.10352,0.283203,0.999181,0.000114191,0.888476,1,0
1.10352,0.302734,0.997075,0.000116274,0.888476,1,0
1.12305,0.283203,0.999179,0.000114393,0.886526,1,0
1.12305,0.302734,0.997074,0.000116449,0.886526,1,0
1.14258,0.244141,1.00087,0.000107641,0.884577,1,0
1.14258,0.263672,1.00028,0.000111554,0.884577,1,0
1.16211,0.244141,1.00086,0.000107747,0.882627,1,0
1.16211,0.263672,1.00027,0.000111656,0.882627,1,0
1.14258,0.283203,0.999176,0.000114535,0.884577,1,0
1.14258,0.302734,0.997073,0.000116565,0.884577,1,0
1.16211,0.283203,0.999174,0.000114623,0.882627,1,0
1.16211,0.302734,0.997071,0.000116628,0.882627,1,0
1.18164,0.166016,1.00167,8.64696e-05,0.880678,1,0
1.18164,0.185547,1.00155,9.27258e-05,0.880678,1,0
1.20117,0.166016,1.00166,8.64382e-05,0.878728,1,0
1.20117,0.185547,1.00155,9.27166e-05,0.878728,1,0
1.18164,0.205078,1.0014,9.81831e-05,0.880678,1,0
1.18164,0.224609,1.00119,0.000103366,0.880678,1,0
1.20117,0.205078,1.0014,9.819e-05,0.878728,1,0
1.20117,0.224609,1.00119,0.000103383,0.878728,1,0
1.2207,0.166016,1.00166,8.63788e-05,0.876778,1,0
1.2207,0.185547,1.00154,9.26763e-05,0.876778,1,0
1.24023,0.166016,1.00165,8.62955e-05,0.874828,1,0
1.24023,0.185547,1.00154,9.26093e-05,0.874829,1,0
1.2207,0.205078,1.00139,9.81642e-05,0.876778,1,0
1.2207,0.224609,1.00118,0.000103365,0.876778,1,0
1.24023,0.205078,1.00139,9.811e-05,0.874829,1,0
1.24023,0.224609,1.00118,0.000103318,0.874829,1,0
1.18164,0.244141,1.00086,0.000107807,0.880678,1,0
1.18164,0.263672,1.00027,0.000111711,0.880678,1,0
1.20117,0.244141,1.00085,0.000107825,0.878728,1,0
1.20117,0.263672,1.00027,0.000111724,0.878728,1,0
1.18164,0.283203,0.999171,0.000114664,0.880678,1,0
1.18164,0.302734,0.99707,0.000116642,0.880678,1,0
1.20117,0.283203,0.999169,0.000114662,0.878728,1,0
1.20117,0.302734,0.997069,0.000116615,0.878728,1,0
1.2207,0.244141,1.00085,0.000107808,0.876779,1,0
1.2207,0.263672,1.00026,0.0001117,0.876779,1,0
1.24023,0.244141,1.00085,0.000107759,0.874829,1,0
1.24023,0.263672,1.00026,0.000111644,0.874829,1,0
1.2207,0.283203,0.999166,0.000114623,0.876779,1,0
1.2207,0.302734,0.997068,0.000116551,0.876779,1,0
1.24023,0.283203,0.999164,0.000114553,0.874829,1,0
1.24023,0.302734,0.997067,0.000116455,0.874829,1,0
0.947266,0.322266,0.993061,0.000112527,0.904069,1,0
0.947266,0.341797,0.985552,0.000111478,0.904069,1,0
0.966797,0.322266,0.993061,0.000113436,0.90212,1,0
0.966797,0.341797,0.985555,0.000112299,0.90212,1,0
0.947266,0.361328,0.971951,0.000106845,0.904068,1,0
0.947266,0.380859,0.948154,9.7824e-05,0.904067,1,0
0.966797,0.361328,0.971958,0.000107565,0.902119,1,0
0.966797,0.380859,0.948166,9.84082e-05,0.902118,1,0
0.986328,0.322266,0.993061,0.000114212,0.900171,1,0
0.986328,0.341797,0.985558,0.000112992,0.900171,1,0
1.00586,0.322266,0.993062,0.000114866,0.898222,1,0
1.00586,0.341797,0.985561,0.00011357,0.898221,1,0
0.986328,0.361328,0.971965,0.000108167,0.90017,1,0
0.986328,0.380859,0.948179,9.88894e-05,0.90017,1,0
1.00586,0.361328,0.971972,0.00010866,0.898221,1,0
1.00586,0.380859,0.948192,9.9274e-05,0.898221,1,0
0.947266,0.400391,0.908024,8.18041e-05,0.904067,1,0
0.947266,0.419922,0.842829,6.02382e-05,0.904066,1,0
0.966797,0.400391,0.908043,8.22953e-05,0.902118,1,0
0.966797,0.419922,0.842851,6.06802e-05,0.902118,1,0
0.947266,0.439453,0.740693,3.65505e-05,0.904066,1,0
0.947266,0.458984,0.586346,1.99818e-05,0.904066,1,0
0.966797,0.439453,0.740713,3.69733e-05,0.902117,1,0
0.966797,0.458984,0.586362,2.01403e-05,0.902117,1,0
0.986328,0.400391,0.908062,8.27e-05,0.900169,1,0
0.986328,0.419922,0.842874,6.10593e-05,0.900169,1,0
1.00586,0.400391,0.908081,8.30197e-05,0.89822,1,0
1.00586,0.419922,0.842897,6.13678e-05,0.89822,1,0
0.986328,0.439453,0.740733,3.73583e-05,0.900169,1,0
0.986328,0.458984,0.586378,2.02733e-05,0.900169,1,0
1.00586,0.439453,0.740754,3.76887e-05,0.89822,1,0
1.00586,0.458984,0.586394,2.03306e-05,0.89822,1,0
1.02539,0.322266,0.993062,0.00011541,0.896273,1,0
1.02539,0.341797,0.985564,0.000114042,0.896272,1,0
1.04492,0.322266,0.993063,0.000115856,0.894323,1,0
1.04492,0.341797,0.985567,0.000114419,0.894323,1,0
1.02539,0.361328,0.971979,0.000109054,0.896272,1,0
1.02539,0.380859,0.948205,9.95682e-05,0.896272,1,0
1.04492,0.361328,0.971987,0.000109358,0.894323,1,0
1.04492,0.380859,0.948217,9.97793e-05,0.894323,1,0
1.06445,0.322266,0.993063,0.000116212,0.892374,1,0
1.06445,0.341797,0.98557,0.000114711,0.892374,1,0
1.08398,0.322266,0.993064,0.000116489,0.890425,1,0
1.08398,0.341797,0.985574,0.000114926,0.890425,1,0
1.06445,0.361328,0.971994,0.000109581,0.892374,1,0
1.06445,0.380859,0.94823,9.99152e-05,0.892374,1,0
1.08398,0.361328,0.972001,0.00010973,0.890424,1,0
1.08398,0.380859,0.948243,9.99831e-05,0.890424,1,0
1.02539,0.400391,0.9081,8.32587e-05,0.896271,1,0
1.02539,0.419922,0.842919,6.16042e-05,0.896271,1,0
1.04492,0.400391,0.908119,8.34234e-05,0.894322,1,0
1.04492,0.419922,0.842942,6.1773e-05,0.894322,1,0
1.02539,0.439453,0.740775,3.79559e-05,0.896271,1,0
1.02539,0.458984,0.586411,2.03242e-05,0.896271,1,0
1.04492,0.439453,0.740795,3.81633e-05,0.894322,1,0
1.04492,0.458984,0.586428,2.02829e-05,0.894322,1,0
1.06445,0.400391,0.908138,8.35207e-05,0.892373,1,0
1.06445,0.419922,0.842964,6.1882e-05,0.892373,1,0
1.08398,0.400391,0.908157,8.35569e-05,0.890424,1,0
1.08398,0.419922,0.842987,6.1938e-05,0.890424,1,0
1.06445,0.439453,0.740816,3.83181e-05,0.892373,1,0
1.06445,0.458984,0.586444,2.02229e-05,0.892374,1,0
1.08398,0.439453,0.740837,3.84264e-05,0.890424,1,0
1.08398,0.458984,0.586461,2.01483e-05,0.890425,1,0
0.947266,0.478516,0.361557,5.23434e-06,0.904066,1,0
0.947266,0.498047,0.0459344,-6.24001e-06,0.904066,0.6,0
0.966797,0.478516,0.361569,4.98293e-06,0.902117,1,0
0.966797,0.498047,0.0459343,-5.83983e-06,0.902118,0.6,0
0.986328,0.478516,0.361582,4.80557e-06,0.900169,1,0
0.986328,0.498047,0.0459344,-5.36553e-06,0.900169,0.6,0
1.00586,0.478516,0.361595,4.67221e-06,0.89822,1,0
1.00586,0.498047,0.0459347,-4.97474e-06,0.89822,0.6,0
1.02539,0.478516,0.361607,4.54757e-06,0.896271,1,0
1.02539,0.498047,0.0459351,-4.73085e-06,0.896272,0.6,0
1.04492,0.478516,0.361619,4.41203e-06,0.894322,1,0
1.04492,0.498047,0.0459356,-4.56762e-06,0.894323,0.6,0
1.06445,0.478516,0.361631,4.26121e-06,0.892374,1,0
1.06445,0.498047,0.045936,-4.4184e-06,0.892374,0.6,0
1.08398,0.478516,0.361643,4.10337e-06,0.890425,1,0
1.08398,0.498047,0.0459365,-4.25886e-06,0.890425,0.6,0
1.10352,0.322266,0.993064,0.000116693,0.888475,1,0
1.10352,0.341797,0.985577,0.000115071,0.888475,1,0
1.12305,0.322266,0.993065,0.000116832,0.886526,1,0
1.12305,0.341797,0.985581,0.000115153,0.886526,1,0
1.10352,0.361328,0.972009,0.000109813,0.888475,1,0
1.10352,0.380859,0.948257,9.99897e-05,0.888475,1,0
1.12305,0.361328,0.972016,0.000109835,0.886526,1,0
1.12305,0.380859,0.94827,9.99411e-05,0.886526,1,0
1.14258,0.322266,0.993065,0.000116912,0.884577,1,0
1.14258,0.341797,0.985584,0.000115179,0.884577,1,0
1.16211,0.322266,0.993066,0.00011694,0.882627,1,0
1.16211,0.341797,0.985588,0.000115154,0.882627,1,0
1.14258,0.361328,0.972024,0.000109804,0.884577,1,0
1.14258,0.380859,0.948283,9.98434e-05,0.884577,1,0
1.16211,0.361328,0.972032,0.000109724,0.882627,1,0
1.16211,0.380859,0.948296,9.97025e-05,0.882627,1,0
1.10352,0.400391,0.908176,8.35374e-05,0.888475,1,0
1.10352,0.419922,0.843009,6.19469e-05,0.888475,1,0
1.12305,0.400391,0.908195,8.34679e-05,0.886526,1,0
1.12305,0.419922,0.843032,6.19134e-05,0.886526,1,0
1.10352,0.439453,0.740858,3.84933e-05,0.888475,1,0
1.10352,0.458984,0.586478,2.00581e-05,0.888475,1,0
1.12305,0.439453,0.740879,3.85213e-05,0.886526,1,0
1.12305,0.458984,0.586496,1.99454e-05,0.886526,1,0
1.14258,0.400391,0.908214,8.33543e-05,0.884577,1,0
1.14258,0.419922,0.843054,6.18429e-05,0.884577,1,0
1.16211,0.400391,0.908233,8.32034e-05,0.882627,1,0
1.16211,0.419922,0.843076,6.17404e-05,0.882628,1,0
1.14258,0.439453,0.7409,3.85141e-05,0.884577,1,0
1.14258,0.458984,0.586513,1.98123e-05,0.884577,1,0
1.16211,0.439453,0.740921,3.84763e-05,0.882628,1,0
1.16211,0.458984,0.58653,1.96663e-05,0.882628,1,0
1.18164,0.322266,0.993067,0.000116922,0.880678,1,0
1.18164,0.341797,0.985591,0.000115085,0.880678,1,0
1.20117,0.322266,0.993068,0.000116862,0.878728,1,0
1.20117,0.341797,0.985595,0.000114975,0.878728,1,0
1.18164,0.361328,0.97204,0.000109603,0.880678,1,0
1.18164,0.380859,0.948309,9.9524e-05,0.880678,1,0
1.20117,0.361328,0.972047,0.000109444,0.878729,1,0
1.20117,0.380859,0.948323,9.93125e-05,0.878729,1,0
1.2207,0.322266,0.993069,0.000116766,0.876779,1,0
1.2207,0.341797,0.985599,0.000114831,0.876779,1,0
1.24023,0.322266,0.993069,0.000116638,0.874829,1,0
1.24023,0.341797,0.985602,0.000114657,0.87483,1,0
1.2207,0.361328,0.972055,0.000109253,0.876779,1,0
1.2207,0.380859,0.948336,9.90719e-05,0.876779,1,0
1.24023,0.361328,0.972063,0.000109032,0.87483,1,0
1.24023,0.380859,0.948349,9.88061e-05,0.87483,1,0
1.18164,0.400391,0.908252,8.30208e-05,0.880678,1,0
1.18164,0.419922,0.843099,6.16096e-05,0.880678,1,0
1.20117,0.400391,0.908271,8.28106e-05,0.878729,1,0
1.20117,0.419922,0.843121,6.14546e-05,0.878729,1,0
1.18164,0.439453,0.740942,3.84127e-05,0.880678,1,0
1.18164,0.458984,0.586548,1.95125e-05,0.880679,1,0
1.20117,0.439453,0.740964,3.83312e-05,0.878729,1,0
1.20117,0.458984,0.586565,1.93612e-05,0.878729,1,0
1.2207,0.400391,0.90829,8.25757e-05,0.876779,1,0
1.2207,0.419922,0.843143,6.12788e-05,0.87678,1,0
1.24023,0.400391,0.908309,8.23202e-05,0.87483,1,0
1.24023,0.419922,0.843165,6.10872e-05,0.87483,1,0
1.2207,0.439453,0.740985,3.82328e-05,0.87678,1,0
1.2207,0.458984,0.586582,1.92011e-05,0.87678,1,0
1.24023,0.439453,0.741006,3.81265e-05,0.87483,1,0
1.24023,0.458984,0.5866,1.90607e-05,0.874831,1,0
1.10352,0.478516,0.361655,3.95522e-06,0.888476,1,0
1.10352,0.498047,0.0459369,-4.08816e-06,0.888476,0.6,0
1.12305,0.478516,0.361667,3.81507e-06,0.886526,1,0
1.12305,0.498047,0.0459373,-3.92609e-06,0.886527,0.6,0
1.14258,0.478516,0.361678,3.69653e-06,0.884577,1,0
1.14258,0.498047,0.0459377,-3.75252e-06,0.884578,0.6,0
1.16211,0.478516,0.36169,3.59308e-06,0.882628,1,0
1.16211,0.498047,0.0459382,-3.62529e-06,0.882628,0.6,0
1.18164,0.478516,0.361701,3.48156e-06,0.880679,1,0
1.18164,0.498047,0.0459386,-3.55095e-06,0.880679,0.6,0
1.20117,0.478516,0.361712,3.37961e-06,0.87873,1,0
1.20117,0.498047,0.045939,-3.4497e-06,0.87873,0.6,0
1.2207,0.478516,0.361723,3.278e-06,0.87678,1,0
1.2207,0.498047,0.0459394,-3.35853e-06,0.87678,0.6,0
1.24023,0.478516,0.361734,3.22643e-06,0.874831,1,0
1.24023,0.498047,0.0459396,-3.22488e-06,0.874831,0.6,0
1.25977,0.00976562,1.00207,1.65831e-05,0.872877,1,0
1.25977,0.0292969,1.00214,3.19856e-05,0.872877,1,0
1.2793,0.00976562,1.00206,1.62711e-05,0.870928,1,0
1.2793,0.0292969,1.00213,3.15799e-05,0.870928,1,0
1.25977,0.0488281,1.0021,4.02472e-05,0.872878,1,0
1.25977,0.0683594,1.00203,5.02662e-05,0.872878,1,0
1.2793,0.0488281,1.00209,3.99602e-05,0.870928,1,0
1.2793,0.0683594,1.00202,4.9987e-05,0.870928,1,0
1.29883,0.00976562,1.00205,1.59713e-05,0.868978,1,0
1.29883,0.0292969,1.00212,3.11868e-05,0.868978,1,0
1.31836,0.00976562,1.00204,1.56848e-05,0.867028,1,0
1.31836,0.0292969,1.00211,3.08077e-05,0.867028,1,0
1.29883,0.0488281,1.00208,3.96755e-05,0.868978,1,0
1.29883,0.0683594,1.00201,4.97092e-05,0.868978,1,0
1.31836,0.0488281,1.00207,3.93946e-05,0.867029,1,0
1.31836,0.0683594,1.002,4.94345e-05,0.867029,1,0
1.25977,0.0878906,1.00196,5.72765e-05,0.872878,1,0
1.25977,0.107422,1.0019,6.57157e-05,0.872878,1,0
1.2793,0.0878906,1.00196,5.70688e-05,0.870928,1,0
1.2793,0.107422,1.00189,6.55166e-05,0.870929,1,0
1.25977,0.126953,1.00182,7.25182e-05,0.872878,1,0
1.25977,0.146484,1.00174,7.98912e-05,0.872879,1,0
1.2793,0.126953,1.00182,7.23608e-05,0.870929,1,0
1.2793,0.146484,1.00173,7.97476e-05,0.870929,1,0
1.29883,0.0878906,1.00195,5.68576e-05,0.868979,1,0
1.29883,0.107422,1.00188,6.53117e-05,0.868979,1,0
1.31836,0.0878906,1.00194,5.6645e-05,0.867029,1,0
1.31836,0.107422,1.00187,6.51032e-05,0.867029,1,0
1.29883,0.126953,1.00181,7.21946e-05,0.868979,1,0
1.29883,0.146484,1.00173,7.95923e-05,0.868979,1,0
1.31836,0.126953,1.0018,7.20219e-05,0.867029,1,0
1.31836,0.146484,1.00172,7.94282e-05,0.86703,1,0
1.33789,0.00976562,1.00202,1.54124e-05,0.865079,1,0
1.33789,0.0292969,1.00209,3.04442e-05,0.865078,1,0
1.35742,0.00976562,1.00201,1.51553e-05,0.863129,1,0
1.35742,0.0292969,1.00208,3.00975e-05,0.863129,1,0
1.33789,0.0488281,1.00206,3.91193e-05,0.865079,1,0
1.33789,0.0683594,1.002,4.91649e-05,0.865079,1,0
1.35742,0.0488281,1.00205,3.88508e-05,0.863129,1,0
1.35742,0.0683594,1.00199,4.89017e-05,0.863129,1,0
1.37695,0.00976562,1.002,1.4914e-05,0.861179,1,0
1.37695,0.0292969,1.00207,2.97689e-05,0.861179,1,0
1.39648,0.00976562,1.00199,1.46889e-05,0.85923,1,0
1.39648,0.0292969,1.00206,2.94588e-05,0.85923,1,0
1.37695,0.0488281,1.00204,3.85905e-05,0.86118,1,0
1.37695,0.0683594,1.00198,4.86463e-05,0.86118,1,0
1.39648,0.0488281,1.00203,3.83393e-05,0.85923,1,0
1.39648,0.0683594,1.00197,4.83999e-05,0.85923,1,0
1.33789,0.0878906,1.00193,5.64328e-05,0.865079,1,0
1.33789,0.107422,1.00187,6.48932e-05,0.865079,1,0
1.35742,0.0878906,1.00192,5.62224e-05,0.86313,1,0
1.35742,0.107422,1.00186,6.46835e-05,0.86313,1,0
1.33789,0.126953,1.00179,7.18449e-05,0.86508,1,0
1.33789,0.146484,1.00171,7.92574e-05,0.86508,1,0
1.35742,0.126953,1.00179,7.16654e-05,0.86313,1,0
1.35742,0.146484,1.00171,7.9082e-05,0.86313,1,0
1.37695,0.0878906,1.00192,5.60154e-05,0.86118,1,0
1.37695,0.107422,1.00185,6.44755e-05,0.86118,1,0
1.39648,0.0878906,1.00191,5.58126e-05,0.85923,1,0
1.39648,0.107422,1.00184,6.42706e-05,0.859231,1,0
1.37695,0.126953,1.00178,7.14848e-05,0.86118,1,0
1.37695,0.146484,1.0017,7.89036e-05,0.861181,1,0
1.39648,0.126953,1.00177,7.13044e-05,0.859231,1,0
1.39648,0.146484,1.00169,7.87237e-05,0.859231,1,0
1.25977,0.166016,1.00165,8.61921e-05,0.872879,1,0
1.25977,0.185547,1.00153,9.25196e-05,0.872879,1,0
1.2793,0.166016,1.00164,8.60721e-05,0.870929,1,0
1.2793,0.185547,1.00153,9.24108e-05,0.870929,1,0
1.25977,0.205078,1.00138,9.80315e-05,0.872879,1,0
1.25977,0.224609,1.00117,0.000103244,0.872879,1,0
1.2793,0.205078,1.00138,9.79324e-05,0.870929,1,0
1.2793,0.224609,1.00117,0.000103148,0.87093,1,0
1.29883,0.166016,1.00163,8.59384e-05,0.868979,1,0
1.29883,0.185547,1.00152,9.2286e-05,0.86898,1,0
1.31836,0.166016,1.00163,8.57939e-05,0.86703,1,0
1.31836,0.185547,1.00151,9.21484e-05,0.86703,1,0
1.29883,0.205078,1.00137,9.78161e-05,0.86898,1,0
1.29883,0.224609,1.00116,0.000103033,0.86898,1,0
1.31836,0.205078,1.00137,9.76855e-05,0.86703,1,0
1.31836,0.224609,1.00116,0.000102902,0.86703,1,0
1.25977,0.244141,1.00084,0.000107684,0.872879,1,0
1.25977,0.263672,1.00026,0.00011156,0.872879,1,0
1.2793,0.244141,1.00084,0.000107585,0.87093,1,0
1.2793,0.263672,1.00025,0.000111452,0.87093,1,0
1.25977,0.283203,0.999161,0.000114454,0.87288,1,0
1.25977,0.302734,0.997066,0.000116331,0.87288,1,0
1.2793,0.283203,0.999159,0.000114331,0.87093,1,0
1.2793,0.302734,0.997065,0.000116183,0.87093,1,0
1.29883,0.244141,1.00083,0.000107467,0.86898,1,0
1.29883,0.263672,1.00025,0.000111324,0.86898,1,0
1.31836,0.244141,1.00083,0.000107333,0.86703,1,0
1.31836,0.263672,1.00025,0.00011118,0.867031,1,0
1.29883,0.283203,0.999157,0.000114187,0.86898,1,0
1.29883,0.302734,0.997064,0.000116014,0.868981,1,0
1.31836,0.283203,0.999154,0.000114027,0.867031,1,0
1.31836,0.302734,0.997063,0.000115828,0.867031,1,0
1.33789,0.166016,1.00162,8.56408e-05,0.86508,1,0
1.33789,0.185547,1.00151,9.20003e-05,0.86508,1,0
1.35742,0.166016,1.00161,8.54814e-05,0.86313,1,0
1.35742,0.185547,1.0015,9.18439e-05,0.863131,1,0
1.33789,0.205078,1.00136,9.75433e-05,0.86508,1,0
1.33789,0.224609,1.00115,0.000102759,0.865081,1,0
1.35742,0.205078,1.00136,9.73917e-05,0.863131,1,0
1.35742,0.224609,1.00115,0.000102605,0.863131,1,0
1.37695,0.166016,1.00161,8.53171e-05,0.861181,1,0
1.37695,0.185547,1.0015,9.16812e-05,0.861181,1,0
1.39648,0.166016,1.0016,8.51496e-05,0.859231,1,0
1.39648,0.185547,1.00149,9.15137e-05,0.859231,1,0
1.37695,0.205078,1.00135,9.72327e-05,0.861181,1,0
1.37695,0.224609,1.00115,0.000102442,0.861181,1,0
1.39648,0.205078,1.00135,9.70678e-05,0.859232,1,0
1.39648,0.224609,1.00114,0.000102273,0.859232,1,0
1.33789,0.244141,1.00082,0.000107185,0.865081,1,0
1.33789,0.263672,1.00024,0.00011102,0.865081,1,0
1.35742,0.244141,1.00082,0.000107025,0.863131,1,0
1.35742,0.263672,1.00024,0.000110849,0.863131,1,0
1.33789,0.283203,0.999152,0.000113851,0.865081,1,0
1.33789,0.302734,0.997062,0.000115627,0.865081,1,0
1.35742,0.283203,0.99915,0.000113663,0.863132,1,0
1.35742,0.302734,0.997061,0.000115414,0.863132,1,0
1.37695,0.244141,1.00082,0.000106857,0.861182,1,0
1.37695,0.263672,1.00024,0.000110668,0.861182,1,0
1.39648,0.244141,1.00081,0.000106681,0.859232,1,0
1.39648,0.263672,1.00023,0.000110479,0.859232,1,0
1.37695,0.283203,0.999147,0.000113466,0.861182,1,0
1.37695,0.302734,0.99706,0.000115191,0.861182,1,0
1.39648,0.283203,0.999145,0.00011326,0.859232,1,0
1.39648,0.302734,0.99706,0.00011496,0.859233,1,0
1.41602,0.00976562,1.00197,1.44799e-05,0.85728,1,0
1.41602,0.0292969,1.00205,2.91675e-05,0.85728,1,0
1.43555,0.00976562,1.00196,1.42867e-05,0.855331,1,0
1.43555,0.0292969,1.00204,2.88944e-05,0.85533,1,0
1.41602,0.0488281,1.00202,3.80978e-05,0.85728,1,0
1.41602,0.0683594,1.00196,4.8163e-05,0.85728,1,0
1.43555,0.0488281,1.00201,3.78664e-05,0.855331,1,0
1.43555,0.0683594,1.00195,4.79361e-05,0.855331,1,0
1.45508,0.00976562,1.00195,1.41085e-05,0.853381,1,0
1.45508,0.0292969,1.00202,2.86391e-05,0.853381,1,0
1.47461,0.00976562,1.00194,1.39446e-05,0.851431,1,0
1.47461,0.0292969,1.00201,2.84006e-05,0.851431,1,0
1.45508,0.0488281,1.002,3.76452e-05,0.853381,1,0
1.45508,0.0683594,1.00194,4.77193e-05,0.853381,1,0
1.47461,0.0488281,1.00199,3.74339e-05,0.851432,1,0
1.47461,0.0683594,1.00194,4.75126e-05,0.851432,1,0
1.41602,0.0878906,1.0019,5.5615e-05,0.857281,1,0
1.41602,0.107422,1.00183,6.40696e-05,0.857281,1,0
1.43555,0.0878906,1.00189,5.54231e-05,0.855331,1,0
1.43555,0.107422,1.00183,6.38734e-05,0.855331,1,0
1.41602,0.126953,1.00176,7.11253e-05,0.857281,1,0
1.41602,0.146484,1.00169,7.85435e-05,0.857281,1,0
1.43555,0.126953,1.00176,7.09484e-05,0.855331,1,0
1.43555,0.146484,1.00168,7.83641e-05,0.855332,1,0
1.45508,0.0878906,1.00188,5.52374e-05,0.853381,1,0
1.45508,0.107422,1.00182,6.36826e-05,0.853382,1,0
1.47461,0.0878906,1.00187,5.50582e-05,0.851432,1,0
1.47461,0.107422,1.00181,6.34977e-05,0.851432,1,0
1.45508,0.126953,1.00175,7.07745e-05,0.853382,1,0
1.45508,0.146484,1.00167,7.81864e-05,0.853382,1,0
1.47461,0.126953,1.00174,7.06042e-05,0.851432,1,0
1.47461,0.146484,1.00167,7.80111e-05,0.851432,1,0
1.49414,0.00976562,1.00192,1.37944e-05,0.849482,1,0
1.49414,0.0292969,1.002,2.81783e-05,0.849482,1,0
1.51367,0.00976562,1.00191,1.36573e-05,0.847532,1,0
1.51367,0.0292969,1.00199,2.79715e-05,0.847532,1,0
1.49414,0.0488281,1.00198,3.72325e-05,0.849482,1,0
1.49414,0.0683594,1.00193,4.73159e-05,0.849482,1,0
1.51367,0.0488281,1.00197,3.70408e-05,0.847532,1,0
1.51367,0.0683594,1.00192,4.7129e-05,0.847532,1,0
1.5332,0.00976562,1.0019,1.35324e-05,0.845582,1,0
1.5332,0.0292969,1.00198,2.77793e-05,0.845582,1,0
1.55273,0.00976562,1.00189,1.34191e-05,0.843633,1,0
1.55273,0.0292969,1.00197,2.76011e-05,0.843633,1,0
1.5332,0.0488281,1.00196,3.68585e-05,0.845583,1,0
1.5332,0.0683594,1.00191,4.69517e-05,0.845583,1,0
1.55273,0.0488281,1.00195,3.66853e-05,0.843633,1,0
1.55273,0.0683594,1.0019,4.67836e-05,0.843633,1,0
1.49414,0.0878906,1.00187,5.48857e-05,0.849482,1,0
1.49414,0.107422,1.0018,6.33191e-05,0.849482,1,0
1.51367,0.0878906,1.00186,5.47199e-05,0.847533,1,0
1.51367,0.107422,1.0018,6.31469e-05,0.847533,1,0
1.49414,0.126953,1.00174,7.0438e-05,0.849483,1,0
1.49414,0.146484,1.00166,7.7839e-05,0.849483,1,0
1.51367,0.126953,1.00173,7.02762e-05,0.847533,1,0
1.51367,0.146484,1.00165,7.76704e-05,0.847533,1,0
1.5332,0.0878906,1.00185,5.45608e-05,0.845583,1,0
1.5332,0.107422,1.00179,6.29812e-05,0.845583,1,0
1.55273,0.0878906,1.00184,5.44084e-05,0.843633,1,0
1.55273,0.107422,1.00178,6.2822e-05,0.843633,1,0
1.5332,0.126953,1.00172,7.01189e-05,0.845583,1,0
1.5332,0.146484,1.00164,7.75056e-05,0.845583,1,0
1.55273,0.126953,1.00171,6.99663e-05,0.843634,1,0
1.55273,0.146484,1.00164,7.73448e-05,0.843634,1,0
1.41602,0.166016,1.00159,8.49802e-05,0.857282,1,0
1.41602,0.185547,1.00148,9.13429e-05,0.857282,1,0
1.43555,0.166016,1.00159,8.48099e-05,0.855332,1,0
1.43555,0.185547,1.00148,9.11698e-05,0.855332,1,0
1.41602,0.205078,1.00134,9.68984e-05,0.857282,1,0
1.41602,0.224609,1.00114,0.000102098,0.857282,1,0
1.43555,0.205078,1.00133,9.67258e-05,0.855332,1,0
1.43555,0.224609,1.00113,0.000101918,0.855332,1,0
1.45508,0.166016,1.00158,8.46398e-05,0.853382,1,0
1.45508,0.185547,1.00147,9.09957e-05,0.853382,1,0
1.47461,0.166016,1.00158,8.44706e-05,0.851433,1,0
1.47461,0.185547,1.00147,9.08213e-05,0.851433,1,0
1.45508,0.205078,1.00133,9.6551e-05,0.853383,1,0
1.45508,0.224609,1.00113,0.000101736,0.853383,1,0
1.47461,0.205078,1.00132,9.6375e-05,0.851433,1,0
1.47461,0.224609,1.00112,0.000101551,0.851433,1,0
1.41602,0.244141,1.00081,0.000106498,0.857282,1,0
1.41602,0.263672,1.00023,0.000110283,0.857283,1,0
1.43555,0.244141,1.0008,0.000106311,0.855333,1,0
1.43555,0.263672,1.00023,0.000110081,0.855333,1,0
1.41602,0.283203,0.999143,0.000113046,0.857283,1,0
1.41602,0.302734,0.997059,0.000114722,0.857283,1,0
1.43555,0.283203,0.999141,0.000112828,0.855333,1,0
1.43555,0.302734,0.997058,0.000114477,0.855333,1,0
1.45508,0.244141,1.0008,0.00010612,0.853383,1,0
1.45508,0.263672,1.00022,0.000109875,0.853383,1,0
1.47461,0.244141,1.0008,0.000105926,0.851433,1,0
1.47461,0.263672,1.00022,0.000109666,0.851434,1,0
1.45508,0.283203,0.999139,0.000112604,0.853384,1,0
1.45508,0.302734,0.997057,0.000114228,0.853384,1,0
1.47461,0.283203,0.999136,0.000112376,0.851434,1,0
1.47461,0.302734,0.997056,0.000113975,0.851434,1,0
1.49414,0.166016,1.00157,8.43031e-05,0.849483,1,0
1.49414,0.185547,1.00146,9.06474e-05,0.849483,1,0
1.51367,0.166016,1.00156,8.41376e-05,0.847533,1,0
1.51367,0.185547,1.00145,9.04746e-05,0.847533,1,0
1.49414,0.205078,1.00132,9.61984e-05,0.849483,1,0
1.49414,0.224609,1.00112,0.000101365,0.849484,1,0
1.51367,0.205078,1.00131,9.6022e-05,0.847534,1,0
1.51367,0.224609,1.00111,0.000101178,0.847534,1,0
1.5332,0.166016,1.00156,8.39747e-05,0.845584,1,0
1.5332,0.185547,1.00145,9.03035e-05,0.845584,1,0
1.55273,0.166016,1.00155,8.38145e-05,0.843634,1,0
1.55273,0.185547,1.00144,9.01343e-05,0.843634,1,0
1.5332,0.205078,1.00131,9.58463e-05,0.845584,1,0
1.5332,0.224609,1.00111,0.000100991,0.845584,1,0
1.55273,0.205078,1.0013,9.56717e-05,0.843634,1,0
1.55273,0.224609,1.0011,0.000100804,0.843634,1,0
1.49414,0.244141,1.00079,0.000105729,0.849484,1,0
1.49414,0.263672,1.00022,0.000109453,0.849484,1,0
1.51367,0.244141,1.00079,0.000105532,0.847534,1,0
1.51367,0.263672,1.00021,0.000109239,0.847534,1,0
1.49414,0.283203,0.999134,0.000112146,0.849484,1,0
1.49414,0.302734,0.997056,0.000113719,0.849484,1,0
1.51367,0.283203,0.999132,0.000111913,0.847535,1,0
1.51367,0.302734,0.997055,0.00011346,0.847535,1,0
1.5332,0.244141,1.00078,0.000105334,0.845584,1,0
1.5332,0.263672,1.00021,0.000109024,0.845585,1,0
1.55273,0.244141,1.00078,0.000105135,0.843635,1,0
1.55273,0.263672,1.00021,0.000108808,0.843635,1,0
1.5332,0.283203,0.99913,0.000111678,0.845585,1,0
1.5332,0.302734,0.997054,0.000113198,0.845585,1,0
1.55273,0.283203,0.999128,0.000111442,0.843635,1,0
1.55273,0.302734,0.997054,0.000112935,0.843635,1,0
1.25977,0.322266,0.99307,0.000116482,0.87288,1,0
1.25977,0.341797,0.985606,0.000114455,0.87288,1,0
1.2793,0.322266,0.993071,0.000116303,0.87093,1,0
1.2793,0.341797,0.98561,0.000114231,0.870931,1,0
1.25977,0.361328,0.972071,0.000108787,0.87288,1,0
1.25977,0.380859,0.948363,9.85188e-05,0.87288,1,0
1.2793,0.361328,0.972079,0.000108519,0.870931,1,0
1.2793,0.380859,0.948376,9.82128e-05,0.870931,1,0
1.29883,0.322266,0.993072,0.000116103,0.868981,1,0
1.29883,0.341797,0.985614,0.000113987,0.868981,1,0
1.31836,0.322266,0.993073,0.000115886,0.867031,1,0
1.31836,0.341797,0.985618,0.000113727,0.867031,1,0
1.29883,0.361328,0.972087,0.000108235,0.868981,1,0
1.29883,0.380859,0.948389,9.78914e-05,0.868981,1,0
1.31836,0.361328,0.972095,0.000107935,0.867032,1,0
1.31836,0.380859,0.948403,9.75574e-05,0.867032,1,0
1.25977,0.400391,0.908328,8.20466e-05,0.872881,1,0
1.25977,0.419922,0.843187,6.08807e-05,0.872881,1,0
1.2793,0.400391,0.908347,8.17561e-05,0.870931,1,0
1.2793,0.419922,0.843209,6.06568e-05,0.870931,1,0
1.25977,0.439453,0.741027,3.80089e-05,0.872881,1,0
1.25977,0.458984,0.586617,1.89259e-05,0.872881,1,0
1.2793,0.439453,0.741048,3.78718e-05,0.870932,1,0
1.2793,0.458984,0.586635,1.87702e-05,0.870932,1,0
1.29883,0.400391,0.908366,8.14504e-05,0.868982,1,0
1.29883,0.419922,0.843231,6.04185e-05,0.868982,1,0
1.31836,0.400391,0.908384,8.11325e-05,0.867032,1,0
1.31836,0.419922,0.843253,6.01693e-05,0.867032,1,0
1.29883,0.439453,0.741069,3.77203e-05,0.868982,1,0
1.29883,0.458984,0.586652,1.86073e-05,0.868982,1,0
1.31836,0.439453,0.74109,3.75576e-05,0.867033,1,0
1.31836,0.458984,0.586669,1.84388e-05,0.867033,1,0
1.33789,0.322266,0.993074,0.000115655,0.865082,1,0
1.33789,0.341797,0.985622,0.000113454,0.865082,1,0
1.35742,0.322266,0.993076,0.000115412,0.863132,1,0
1.35742,0.341797,0.985626,0.000113171,0.863132,1,0
1.33789,0.361328,0.972103,0.000107624,0.865082,1,0
1.33789,0.380859,0.948416,9.72134e-05,0.865082,1,0
1.35742,0.361328,0.972112,0.000107303,0.863133,1,0
1.35742,0.380859,0.948429,9.68614e-05,0.863133,1,0
1.37695,0.322266,0.993077,0.00011516,0.861183,1,0
1.37695,0.341797,0.98563,0.000112879,0.861183,1,0
1.39648,0.322266,0.993078,0.000114899,0.859233,1,0
1.39648,0.341797,0.985634,0.000112579,0.859233,1,0
1.37695,0.361328,0.97212,0.000106975,0.861183,1,0
1.37695,0.380859,0.948443,9.65033e-05,0.861183,1,0
1.39648,0.361328,0.972128,0.000106639,0.859233,1,0
1.39648,0.380859,0.948456,9.614e-05,0.859234,1,0
1.33789,0.400391,0.908403,8.08059e-05,0.865083,1,0
1.33789,0.419922,0.843275,5.9913e-05,0.865083,1,0
1.35742,0.400391,0.908422,8.04737e-05,0.863133,1,0
1.35742,0.419922,0.843296,5.96529e-05,0.863133,1,0
1.33789,0.439453,0.741111,3.73889e-05,0.865083,1,0
1.33789,0.458984,0.586686,1.82732e-05,0.865083,1,0
1.35742,0.439453,0.741131,3.72198e-05,0.863134,1,0
1.35742,0.458984,0.586703,1.81224e-05,0.863134,1,0
1.37695,0.400391,0.90844,8.01375e-05,0.861184,1,0
1.37695,0.419922,0.843318,5.93922e-05,0.861184,1,0
1.39648,0.400391,0.908459,7.97978e-05,0.859234,1,0
1.39648,0.419922,0.843339,5.91304e-05,0.859234,1,0
1.37695,0.439453,0.741152,3.70541e-05,0.861184,1,0
1.37695,0.458984,0.58672,1.79927e-05,0.861184,1,0
1.39648,0.439453,0.741173,3.68877e-05,0.859234,1,0
1.39648,0.458984,0.586737,1.78665e-05,0.859235,1,0
1.25977,0.478516,0.361745,3.17338e-06,0.872881,1,0
1.25977,0.498047,0.0459402,-3.15695e-06,0.872882,0.6,0
1.2793,0.478516,0.361756,3.09557e-06,0.870932,1,0
1.2793,0.498047,0.0459405,-3.09733e-06,0.870932,0.6,0
1.29883,0.478516,0.361767,3.02776e-06,0.868982,1,0
1.29883,0.498047,0.045941,-3.01817e-06,0.868983,0.6,0
1.31836,0.478516,0.361777,2.9602e-06,0.867033,1,0
1.31836,0.498047,0.0459413,-2.95277e-06,0.867033,0.6,0
1.33789,0.478516,0.361788,2.9083e-06,0.865083,1,0
1.33789,0.498047,0.0459418,-2.90482e-06,0.865084,0.6,0
1.35742,0.478516,0.361798,2.8693e-06,0.863134,1,0
1.35742,0.498047,0.0459421,-2.8666e-06,0.863134,0.6,0
1.37695,0.478516,0.361808,2.84902e-06,0.861184,1,0
1.37695,0.498047,0.0459425,-2.77884e-06,0.861185,0.6,0
1.39648,0.478516,0.361819,2.8275e-06,0.859235,1,0
1.39648,0.498047,0.0459429,-2.72232e-06,0.859235,0.6,0
1.41602,0.322266,0.993079,0.000114632,0.857283,1,0
1.41602,0.341797,0.985638,0.000112273,0.857284,1,0
1.43555,0.322266,0.99308,0.000114359,0.855334,1,0
1.43555,0.341797,0.985642,0.000111962,0.855334,1,0
1.41602,0.361328,0.972136,0.000106298,0.857284,1,0
1.41602,0.380859,0.94847,9.5772e-05,0.857284,1,0
1.43555,0.361328,0.972145,0.000105951,0.855334,1,0
1.43555,0.380859,0.948483,9.54001e-05,0.855334,1,0
1.45508,0.322266,0.993082,0.000114081,0.853384,1,0
1.45508,0.341797,0.985647,0.000111645,0.853384,1,0
1.47461,0.322266,0.993083,0.000113799,0.851434,1,0
1.47461,0.341797,0.985651,0.000111325,0.851435,1,0
1.45508,0.361328,0.972153,0.0001056,0.853385,1,0
1.45508,0.380859,0.948496,9.5025e-05,0.853385,1,0
1.47461,0.361328,0.972161,0.000105245,0.851435,1,0
1.47461,0.380859,0.94851,9.46473e-05,0.851435,1,0
1.41602,0.400391,0.908477,7.94546e-05,0.857284,1,0
1.41602,0.419922,0.843361,5.88661e-05,0.857285,1,0
1.43555,0.400391,0.908496,7.91087e-05,0.855335,1,0
1.43555,0.419922,0.843382,5.85987e-05,0.855335,1,0
1.41602,0.439453,0.741194,3.67181e-05,0.857285,1,0
1.41602,0.458984,0.586754,1.7737e-05,0.857285,1,0
1.43555,0.439453,0.741214,3.65442e-05,0.855335,1,0
1.43555,0.458984,0.586771,1.76037e-05,0.855335,1,0
1.45508,0.400391,0.908514,7.87602e-05,0.853385,1,0
1.45508,0.419922,0.843403,5.83282e-05,0.853385,1,0
1.47461,0.400391,0.908533,7.84095e-05,0.851435,1,0
1.47461,0.419922,0.843424,5.80551e-05,0.851436,1,0
1.45508,0.439453,0.741235,3.63655e-05,0.853386,1,0
1.45508,0.458984,0.586788,1.747e-05,0.853386,1,0
1.47461,0.439453,0.741255,3.61826e-05,0.851436,1,0
1.47461,0.458984,0.586805,1.73394e-05,0.851436,1,0
1.49414,0.322266,0.993084,0.000113513,0.849485,1,0
1.49414,0.341797,0.985655,0.000111001,0.849485,1,0
1.51367,0.322266,0.993086,0.000113223,0.847535,1,0
1.51367,0.341797,0.985659,0.000110674,0.847535,1,0
1.49414,0.361328,0.97217,0.000104887,0.849485,1,0
1.49414,0.380859,0.948523,9.42675e-05,0.849486,1,0
1.51367,0.361328,0.972178,0.000104526,0.847536,1,0
1.51367,0.380859,0.948537,9.38861e-05,0.847536,1,0
1.5332,0.322266,0.993087,0.000112932,0.845585,1,0
1.5332,0.341797,0.985664,0.000110344,0.845586,1,0
1.55273,0.322266,0.993089,0.000112638,0.843636,1,0
1.55273,0.341797,0.985668,0.000110012,0.843636,1,0
1.5332,0.361328,0.972186,0.000104163,0.845586,1,0
1.5332,0.380859,0.94855,9.35036e-05,0.845586,1,0
1.55273,0.361328,0.972195,0.000103798,0.843636,1,0
1.55273,0.380859,0.948563,9.31204e-05,0.843637,1,0
1.49414,0.400391,0.908551,7.80569e-05,0.849486,1,0
1.49414,0.419922,0.843445,5.77797e-05,0.849486,1,0
1.51367,0.400391,0.908569,7.7703e-05,0.847536,1,0
1.51367,0.419922,0.843466,5.75021e-05,0.847536,1,0
1.49414,0.439453,0.741275,3.59965e-05,0.849486,1,0
1.49414,0.458984,0.586821,1.7213e-05,0.849487,1,0
1.51367,0.439453,0.741296,3.58086e-05,0.847537,1,0
1.51367,0.458984,0.586838,1.70899e-05,0.847537,1,0
1.5332,0.400391,0.908587,7.7348e-05,0.845586,1,0
1.5332,0.419922,0.843487,5.72228e-05,0.845587,1,0
1.55273,0.400391,0.908606,7.69926e-05,0.843637,1,0
1.55273,0.419922,0.843508,5.69422e-05,0.843637,1,0
1.5332,0.439453,0.741316,3.56198e-05,0.845587,1,0
1.5332,0.458984,0.586854,1.69688e-05,0.845587,1,0
1.55273,0.439453,0.741336,3.5431e-05,0.843637,1,0
1.55273,0.458984,0.586871,1.68499e-05,0.843637,1,0
1.41602,0.478516,0.361829,2.80631e-06,0.857285,1,0
1.41602,0.498047,0.0459434,-2.67156e-06,0.857285,0.6,0
1.43555,0.478516,0.361839,2.78429e-06,0.855336,1,0
1.43555,0.498047,0.0459439,-2.6324e-06,0.855336,0.6,0
1.45508,0.478516,0.361849,2.76342e-06,0.853386,1,0
1.45508,0.498047,0.0459444,-2.59601e-06,0.853386,0.6,0
1.47461,0.478516,0.361858,2.74369e-06,0.851436,1,0
1.47461,0.498047,0.0459448,-2.56165e-06,0.851437,0.6,0
1.49414,0.478516,0.361868,2.72516e-06,0.849487,1,0
1.49414,0.498047,0.0459453,-2.52842e-06,0.849487,0.6,0
1.51367,0.478516,0.361878,2.70778e-06,0.847537,1,0
1.51367,0.498047,0.0459458,-2.49651e-06,0.847537,0.6,0
1.5332,0.478516,0.361887,2.69165e-06,0.845587,1,0
1.5332,0.498047,0.0459464,-2.46609e-06,0.845587,0.6,0
1.55273,0.478516,0.361897,2.67672e-06,0.843638,1,0
1.55273,0.498047,0.0459469,-2.43717e-06,0.843638,0.6,0
1.57227,0.00976562,1.00188,1.33167e-05,0.841683,1,0
1.57227,0.0292969,1.00196,2.7436e-05,0.841683,1,0
1.5918,0.00976562,1.00187,1.32245e-05,0.839734,1,0
1.5918,0.0292969,1.00194,2.72833e-05,0.839733,1,0
1.57227,0.0488281,1.00194,3.65211e-05,0.841683,1,0
1.57227,0.0683594,1.00189,4.66244e-05,0.841683,1,0
1.5918,0.0488281,1.00193,3.63654e-05,0.839734,1,0
1.5918,0.0683594,1.00188,4.64738e-05,0.839734,1,0
1.61133,0.00976562,1.00185,1.31419e-05,0.837784,1,0
1.61133,0.0292969,1.00193,2.71424e-05,0.837784,1,0
1.63086,0.00976562,1.00184,1.30682e-05,0.835834,1,0
1.63086,0.0292969,1.00192,2.70125e-05,0.835834,1,0
1.61133,0.0488281,1.00192,3.62178e-05,0.837784,1,0
1.61133,0.0683594,1.00187,4.63313e-05,0.837784,1,0
1.63086,0.0488281,1.00191,3.60781e-05,0.835834,1,0
1.63086,0.0683594,1.00187,4.61965e-05,0.835834,1,0
1.57227,0.0878906,1.00183,5.42623e-05,0.841684,1,0
1.57227,0.107422,1.00177,6.26691e-05,0.841684,1,0
1.5918,0.0878906,1.00183,5.41225e-05,0.839734,1,0
1.5918,0.107422,1.00177,6.25223e-05,0.839734,1,0
1.57227,0.126953,1.00171,6.98183e-05,0.841684,1,0
1.57227,0.146484,1.00163,7.71881e-05,0.841684,1,0
1.5918,0.126953,1.0017,6.96749e-05,0.839734,1,0
1.5918,0.146484,1.00162,7.70354e-05,0.839734,1,0
1.61133,0.0878906,1.00182,5.39887e-05,0.837784,1,0
1.61133,0.107422,1.00176,6.23813e-05,0.837784,1,0
1.63086,0.0878906,1.00181,5.38606e-05,0.835834,1,0
1.63086,0.107422,1.00175,6.22461e-05,0.835835,1,0
1.61133,0.126953,1.00169,6.95358e-05,0.837784,1,0
1.61133,0.146484,1.00162,7.68867e-05,0.837785,1,0
1.63086,0.126953,1.00168,6.9401e-05,0.835835,1,0
1.63086,0.146484,1.00161,7.67419e-05,0.835835,1,0
1.65039,0.00976562,1.00183,1.3003e-05,0.833885,1,0
1.65039,0.0292969,1.00191,2.68929e-05,0.833884,1,0
1.66992,0.00976562,1.00182,1.29456e-05,0.831935,1,0
1.66992,0.0292969,1.0019,2.67829e-05,0.831935,1,0
1.65039,0.0488281,1.0019,3.59457e-05,0.833885,1,0
1.65039,0.0683594,1.00186,4.60688e-05,0.833885,1,0
1.66992,0.0488281,1.00189,3.58201e-05,0.831935,1,0
1.66992,0.0683594,1.00185,4.59477e-05,0.831935,1,0
1.68945,0.00976562,1.00181,1.28951e-05,0.829985,1,0
1.68945,0.0292969,1.00189,2.66815e-05,0.829985,1,0
1.70898,0.00976562,1.0018,1.28509e-05,0.828035,1,0
1.70898,0.0292969,1.00188,2.65876e-05,0.828035,1,0
1.68945,0.0488281,1.00188,3.57007e-05,0.829985,1,0
1.68945,0.0683594,1.00184,4.58326e-05,0.829985,1,0
1.70898,0.0488281,1.00187,3.55868e-05,0.828035,1,0
1.70898,0.0683594,1.00183,4.57228e-05,0.828035,1,0
1.65039,0.0878906,1.0018,5.37378e-05,0.833885,1,0
1.65039,0.107422,1.00174,6.21162e-05,0.833885,1,0
1.66992,0.0878906,1.00179,5.362e-05,0.831935,1,0
1.66992,0.107422,1.00173,6.19912e-05,0.831935,1,0
1.65039,0.126953,1.00168,6.92702e-05,0.833885,1,0
1.65039,0.146484,1.0016,7.66007e-05,0.833885,1,0
1.66992,0.126953,1.00167,6.91432e-05,0.831935,1,0
1.66992,0.146484,1.0016,7.64631e-05,0.831935,1,0
1.68945,0.0878906,1.00179,5.35066e-05,0.829985,1,0
1.68945,0.107422,1.00173,6.18708e-05,0.829985,1,0
1.70898,0.0878906,1.00178,5.33972e-05,0.828036,1,0
1.70898,0.107422,1.00172,6.17544e-05,0.828036,1,0
1.68945,0.126953,1.00166,6.90196e-05,0.829986,1,0
1.68945,0.146484,1.00159,7.63287e-05,0.829986,1,0
1.70898,0.126953,1.00166,6.88991e-05,0.828036,1,0
1.70898,0.146484,1.00158,7.61973e-05,0.828036,1,0
1.57227,0.166016,1.00154,8.36572e-05,0.841684,1,0
1.57227,0.185547,1.00144,8.99673e-05,0.841684,1,0
1.5918,0.166016,1.00154,8.35029e-05,0.839734,1,0
1.5918,0.185547,1.00143,8.98027e-05,0.839735,1,0
1.57227,0.205078,1.0013,9.54985e-05,0.841685,1,0
1.57227,0.224609,1.0011,0.000100618,0.841685,1,0
1.5918,0.205078,1.00129,9.53268e-05,0.839735,1,0
1.5918,0.224609,1.00109,0.000100434,0.839735,1,0
1.61133,0.166016,1.00153,8.33515e-05,0.837785,1,0
1.61133,0.185547,1.00142,8.96404e-05,0.837785,1,0
1.63086,0.166016,1.00152,8.32031e-05,0.835835,1,0
1.63086,0.185547,1.00142,8.94806e-05,0.835835,1,0
1.61133,0.205078,1.00129,9.51568e-05,0.837785,1,0
1.61133,0.224609,1.00109,0.00010025,0.837785,1,0
1.63086,0.205078,1.00128,9.49884e-05,0.835835,1,0
1.63086,0.224609,1.00108,0.000100067,0.835836,1,0
1.57227,0.244141,1.00078,0.000104937,0.841685,1,0
1.57227,0.263672,1.0002,0.000108591,0.841685,1,0
1.5918,0.244141,1.00077,0.000104739,0.839735,1,0
1.5918,0.263672,1.0002,0.000108374,0.839736,1,0
1.57227,0.283203,0.999126,0.000111205,0.841685,1,0
1.57227,0.302734,0.997053,0.00011267,0.841686,1,0
1.5918,0.283203,0.999124,0.000110967,0.839736,1,0
1.5918,0.302734,0.997053,0.000112404,0.839736,1,0
1.61133,0.244141,1.00077,0.000104541,0.837786,1,0
1.61133,0.263672,1.0002,0.000108157,0.837786,1,0
1.63086,0.244141,1.00076,0.000104344,0.835836,1,0
1.63086,0.263672,1.00019,0.00010794,0.835836,1,0
1.61133,0.283203,0.999122,0.000110728,0.837786,1,0
1.61133,0.302734,0.997052,0.000112138,0.837786,1,0
1.63086,0.283203,0.99912,0.00011049,0.835836,1,0
1.63086,0.302734,0.997052,0.000111871,0.835837,1,0
1.65039,0.166016,1.00152,8.30575e-05,0.833885,1,0
1.65039,0.185547,1.00141,8.93231e-05,0.833885,1,0
1.66992,0.166016,1.00151,8.29144e-05,0.831936,1,0
1.66992,0.185547,1.00141,8.91678e-05,0.831936,1,0
1.65039,0.205078,1.00128,9.48218e-05,0.833886,1,0
1.65039,0.224609,1.00108,9.98853e-05,0.833886,1,0
1.66992,0.205078,1.00127,9.46568e-05,0.831936,1,0
1.66992,0.224609,1.00107,9.97051e-05,0.831936,1,0
1.68945,0.166016,1.0015,8.27739e-05,0.829986,1,0
1.68945,0.185547,1.0014,8.90147e-05,0.829986,1,0
1.70898,0.166016,1.0015,8.26356e-05,0.828036,1,0
1.70898,0.185547,1.0014,8.88635e-05,0.828036,1,0
1.68945,0.205078,1.00127,9.44934e-05,0.829986,1,0
1.68945,0.224609,1.00107,9.95261e-05,0.829986,1,0
1.70898,0.205078,1.00126,9.43315e-05,0.828036,1,0
1.70898,0.224609,1.00107,9.93483e-05,0.828037,1,0
1.65039,0.244141,1.00076,0.000104148,0.833886,1,0
1.65039,0.263672,1.00019,0.000107724,0.833886,1,0
1.66992,0.244141,1.00076,0.000103952,0.831936,1,0
1.66992,0.263672,1.00019,0.000107508,0.831937,1,0
1.65039,0.283203,0.999118,0.000110251,0.833887,1,0
1.65039,0.302734,0.997051,0.000111604,0.833887,1,0
1.66992,0.283203,0.999116,0.000110013,0.831937,1,0
1.66992,0.302734,0.997051,0.000111337,0.831937,1,0
1.68945,0.244141,1.00075,0.000103758,0.829987,1,0
1.68945,0.263672,1.00019,0.000107292,0.829987,1,0
1.70898,0.244141,1.00075,0.000103564,0.828037,1,0
1.70898,0.263672,1.00018,0.000107078,0.828037,1,0
1.68945,0.283203,0.999114,0.000109775,0.829987,1,0
1.68945,0.302734,0.99705,0.000111071,0.829987,1,0
1.70898,0.283203,0.999112,0.000109537,0.828037,1,0
1.70898,0.302734,0.99705,0.000110805,0.828037,1,0
1.72852,0.00976562,1.00179,1.28117e-05,0.826086,1,0
1.72852,0.0292969,1.00187,2.65001e-05,0.826085,1,0
1.74805,0.00976562,1.00177,1.27767e-05,0.824136,1,0
1.74805,0.0292969,1.00186,2.64178e-05,0.824136,1,0
1.72852,0.0488281,1.00186,3.54779e-05,0.826086,1,0
1.72852,0.0683594,1.00182,4.56176e-05,0.826086,1,0
1.74805,0.0488281,1.00185,3.53732e-05,0.824136,1,0
1.74805,0.0683594,1.00181,4.55162e-05,0.824136,1,0
1.76758,0.00976562,1.00176,1.27449e-05,0.822186,1,0
1.76758,0.0292969,1.00184,2.63398e-05,0.822186,1,0
1.78711,0.00976562,1.00175,1.27158e-05,0.820236,1,0
1.78711,0.0292969,1.00183,2.62652e-05,0.820236,1,0
1.76758,0.0488281,1.00184,3.52721e-05,0.822186,1,0
1.76758,0.0683594,1.0018,4.54181e-05,0.822186,1,0
1.78711,0.0488281,1.00183,3.51742e-05,0.820236,1,0
1.78711,0.0683594,1.0018,4.53226e-05,0.820236,1,0
1.72852,0.0878906,1.00177,5.32913e-05,0.826086,1,0
1.72852,0.107422,1.00171,6.16417e-05,0.826086,1,0
1.74805,0.0878906,1.00176,5.31884e-05,0.824136,1,0
1.74805,0.107422,1.0017,6.15321e-05,0.824136,1,0
1.72852,0.126953,1.00165,6.87814e-05,0.826086,1,0
1.72852,0.146484,1.00158,7.60685e-05,0.826086,1,0
1.74805,0.126953,1.00164,6.8666e-05,0.824136,1,0
1.74805,0.146484,1.00157,7.59421e-05,0.824136,1,0
1.76758,0.0878906,1.00175,5.30879e-05,0.822186,1,0
1.76758,0.107422,1.0017,6.14251e-05,0.822186,1,0
1.78711,0.0878906,1.00175,5.29895e-05,0.820236,1,0
1.78711,0.107422,1.00169,6.13203e-05,0.820236,1,0
1.76758,0.126953,1.00163,6.85526e-05,0.822186,1,0
1.76758,0.146484,1.00156,7.58176e-05,0.822186,1,0
1.78711,0.126953,1.00163,6.84409e-05,0.820237,1,0
1.78711,0.146484,1.00156,7.56948e-05,0.820237,1,0
1.80664,0.00976562,1.00174,1.26889e-05,0.818287,1,0
1.80664,0.0292969,1.00182,2.61934e-05,0.818286,1,0
1.82617,0.00976562,1.00173,1.26637e-05,0.816337,1,0
1.82617,0.0292969,1.00181,2.61239e-05,0.816336,1,0
1.80664,0.0488281,1.00182,3.50788e-05,0.818286,1,0
1.80664,0.0683594,1.00179,4.52291e-05,0.818286,1,0
1.82617,0.0488281,1.00181,3.49855e-05,0.816337,1,0
1.82617,0.0683594,1.00178,4.51372e-05,0.816337,1,0
1.8457,0.00976562,1.00172,1.26399e-05,0.814387,1,0
1.8457,0.0292969,1.0018,2.60564e-05,0.814386,1,0
1.86523,0.00976562,1.00171,1.26172e-05,0.812437,1,0
1.86523,0.0292969,1.00179,2.59901e-05,0.812437,1,0
1.8457,0.0488281,1.0018,3.4894e-05,0.814387,1,0
1.8457,0.0683594,1.00177,4.50465e-05,0.814387,1,0
1.86523,0.0488281,1.0018,3.48036e-05,0.812437,1,0
1.86523,0.0683594,1.00176,4.49563e-05,0.812437,1,0
1.80664,0.0878906,1.00174,5.28926e-05,0.818287,1,0
1.80664,0.107422,1.00168,6.12172e-05,0.818287,1,0
1.82617,0.0878906,1.00173,5.2797e-05,0.816337,1,0
1.82617,0.107422,1.00167,6.11153e-05,0.816337,1,0
1.80664,0.126953,1.00162,6.83304e-05,0.818287,1,0
1.80664,0.146484,1.00155,7.55732e-05,0.818287,1,0
1.82617,0.126953,1.00161,6.82207e-05,0.816337,1,0
1.82617,0.146484,1.00154,7.54525e-05,0.816337,1,0
1.8457,0.0878906,1.00172,5.2702e-05,0.814387,1,0
1.8457,0.107422,1.00167,6.10142e-05,0.814387,1,0
1.86523,0.0878906,1.00171,5.26074e-05,0.812437,1,0
1.86523,0.107422,1.00166,6.09135e-05,0.812437,1,0
1.8457,0.126953,1.0016,6.81116e-05,0.814387,1,0
1.8457,0.146484,1.00154,7.53324e-05,0.814387,1,0
1.86523,0.126953,1.0016,6.80025e-05,0.812437,1,0
1.86523,0.146484,1.00153,7.52125e-05,0.812437,1,0
1.72852,0.166016,1.00149,8.24993e-05,0.826086,1,0
1.72852,0.185547,1.00139,8.87142e-05,0.826086,1,0
1.74805,0.166016,1.00149,8.23647e-05,0.824136,1,0
1.74805,0.185547,1.00138,8.85665e-05,0.824137,1,0
1.72852,0.205078,1.00125,9.4171e-05,0.826087,1,0
1.72852,0.224609,1.00106,9.91718e-05,0.826087,1,0
1.74805,0.205078,1.00125,9.40118e-05,0.824137,1,0
1.74805,0.224609,1.00106,9.89963e-05,0.824137,1,0
1.76758,0.166016,1.00148,8.22316e-05,0.822187,1,0
1.76758,0.185547,1.00138,8.84201e-05,0.822187,1,0
1.78711,0.166016,1.00147,8.20997e-05,0.820237,1,0
1.78711,0.185547,1.00137,8.82747e-05,0.820237,1,0
1.76758,0.205078,1.00124,9.38535e-05,0.822187,1,0
1.76758,0.224609,1.00105,9.88217e-05,0.822187,1,0
1.78711,0.205078,1.00124,9.3696e-05,0.820237,1,0
1.78711,0.224609,1.00105,9.86477e-05,0.820237,1,0
1.72852,0.244141,1.00074,0.000103371,0.826087,1,0
1.72852,0.263672,1.00018,0.000106864,0.826087,1,0
1.74805,0.244141,1.00074,0.00010318,0.824137,1,0
1.74805,0.263672,1.00018,0.000106651,0.824137,1,0
1.72852,0.283203,0.99911,0.000109301,0.826087,1,0
1.72852,0.302734,0.99705,0.000110539,0.826088,1,0
1.74805,0.283203,0.999108,0.000109065,0.824138,1,0
1.74805,0.302734,0.997049,0.000110273,0.824138,1,0
1.76758,0.244141,1.00074,0.000102988,0.822187,1,0
1.76758,0.263672,1.00017,0.000106439,0.822188,1,0
1.78711,0.244141,1.00073,0.000102798,0.820238,1,0
1.78711,0.263672,1.00017,0.000106227,0.820238,1,0
1.76758,0.283203,0.999107,0.000108829,0.822188,1,0
1.76758,0.302734,0.997049,0.000110008,0.822188,1,0
1.78711,0.283203,0.999105,0.000108593,0.820238,1,0
1.78711,0.302734,0.997049,0.000109742,0.820238,1,0
1.80664,0.166016,1.00147,8.19687e-05,0.818287,1,0
1.80664,0.185547,1.00137,8.81302e-05,0.818287,1,0
1.82617,0.166016,1.00146,8.18382e-05,0.816337,1,0
1.82617,0.185547,1.00136,8.79862e-05,0.816337,1,0
1.80664,0.205078,1.00123,9.35389e-05,0.818287,1,0
1.80664,0.224609,1.00104,9.84741e-05,0.818287,1,0
1.82617,0.205078,1.00123,9.33821e-05,0.816337,1,0
1.82617,0.224609,1.00104,9.83006e-05,0.816338,1,0
1.8457,0.166016,1.00145,8.1708e-05,0.814387,1,0
1.8457,0.185547,1.00135,8.78424e-05,0.814387,1,0
1.86523,0.166016,1.00145,8.15776e-05,0.812437,1,0
1.86523,0.185547,1.00135,8.76985e-05,0.812438,1,0
1.8457,0.205078,1.00122,9.32252e-05,0.814388,1,0
1.8457,0.224609,1.00103,9.81269e-05,0.814388,1,0
1.86523,0.205078,1.00122,9.30681e-05,0.812438,1,0
1.86523,0.224609,1.00103,9.79529e-05,0.812438,1,0
1.80664,0.244141,1.00073,0.000102607,0.818288,1,0
1.80664,0.263672,1.00017,0.000106014,0.818288,1,0
1.82617,0.244141,1.00073,0.000102416,0.816338,1,0
1.82617,0.263672,1.00016,0.000105802,0.816338,1,0
1.80664,0.283203,0.999103,0.000108357,0.818288,1,0
1.80664,0.302734,0.997049,0.000109477,0.818288,1,0
1.82617,0.283203,0.999101,0.000108121,0.816338,1,0
1.82617,0.302734,0.997048,0.00010921,0.816338,1,0
1.8457,0.244141,1.00072,0.000102225,0.814388,1,0
1.8457,0.263672,1.00016,0.000105589,0.814388,1,0
1.86523,0.244141,1.00072,0.000102033,0.812438,1,0
1.86523,0.263672,1.00016,0.000105375,0.812438,1,0
1.8457,0.283203,0.9991,0.000107883,0.814388,1,0
1.8457,0.302734,0.997048,0.000108944,0.814389,1,0
1.86523,0.283203,0.999098,0.000107645,0.812439,1,0
1.86523,0.302734,0.997048,0.000108676,0.812439,1,0
1.57227,0.322266,0.99309,0.000112342,0.841686,1,0
1.57227,0.341797,0.985673,0.000109679,0.841686,1,0
1.5918,0.322266,0.993092,0.000112045,0.839736,1,0
1.5918,0.341797,0.985677,0.000109345,0.839737,1,0
1.57227,0.361328,0.972203,0.000103432,0.841687,1,0
1.57227,0.380859,0.948577,9.27368e-05,0.841687,1,0
1.5918,0.361328,0.972212,0.000103066,0.839737,1,0
1.5918,0.380859,0.94859,9.2353e-05,0.839737,1,0
1.61133,0.322266,0.993093,0.000111748,0.837787,1,0
1.61133,0.341797,0.985682,0.000109011,0.837787,1,0
1.63086,0.322266,0.993095,0.00011145,0.835837,1,0
1.63086,0.341797,0.985686,0.000108676,0.835837,1,0
1.61133,0.361328,0.97222,0.0001027,0.837787,1,0
1.61133,0.380859,0.948604,9.19691e-05,0.837787,1,0
1.63086,0.361328,0.972229,0.000102333,0.835837,1,0
1.63086,0.380859,0.948617,9.15852e-05,0.835838,1,0
1.57227,0.400391,0.908624,7.66367e-05,0.841687,1,0
1.57227,0.419922,0.843529,5.66611e-05,0.841687,1,0
1.5918,0.400391,0.908642,7.62808e-05,0.839737,1,0
1.5918,0.419922,0.843549,5.63798e-05,0.839738,1,0
1.57227,0.439453,0.741356,3.52425e-05,0.841688,1,0
1.57227,0.458984,0.586887,1.67332e-05,0.841688,1,0
1.5918,0.439453,0.741376,3.50544e-05,0.839738,1,0
1.5918,0.458984,0.586903,1.66189e-05,0.839738,1,0
1.61133,0.400391,0.90866,7.59249e-05,0.837788,1,0
1.61133,0.419922,0.84357,5.60986e-05,0.837788,1,0
1.63086,0.400391,0.908678,7.55691e-05,0.835838,1,0
1.63086,0.419922,0.84359,5.58172e-05,0.835838,1,0
1.61133,0.439453,0.741396,3.48666e-05,0.837788,1,0
1.61133,0.458984,0.586919,1.65065e-05,0.837788,1,0
1.63086,0.439453,0.741416,3.46787e-05,0.835838,1,0
1.63086,0.458984,0.586935,1.63959e-05,0.835839,1,0
1.65039,0.322266,0.993096,0.000111152,0.833887,1,0
1.65039,0.341797,0.985691,0.000108341,0.833887,1,0
1.66992,0.322266,0.993098,0.000110853,0.831937,1,0
1.66992,0.341797,0.985695,0.000108006,0.831938,1,0
1.65039,0.361328,0.972237,0.000101966,0.833888,1,0
1.65039,0.380859,0.94863,9.12011e-05,0.833888,1,0
1.66992,0.361328,0.972246,0.000101598,0.831938,1,0
1.66992,0.380859,0.948644,9.08168e-05,0.831938,1,0
1.68945,0.322266,0.9931,0.000110555,0.829988,1,0
1.68945,0.341797,0.9857,0.00010767,0.829988,1,0
1.70898,0.322266,0.993101,0.000110257,0.828038,1,0
1.70898,0.341797,0.985705,0.000107334,0.828038,1,0
1.68945,0.361328,0.972255,0.000101229,0.829988,1,0
1.68945,0.380859,0.948657,9.04324e-05,0.829988,1,0
1.70898,0.361328,0.972263,0.00010086,0.828038,1,0
1.70898,0.380859,0.94867,9.00481e-05,0.828039,1,0
1.65039,0.400391,0.908695,7.52134e-05,0.833888,1,0
1.65039,0.419922,0.843611,5.55359e-05,0.833888,1,0
1.66992,0.400391,0.908713,7.48577e-05,0.831938,1,0
1.66992,0.419922,0.843631,5.52545e-05,0.831939,1,0
1.65039,0.439453,0.741436,3.44904e-05,0.833889,1,0
1.65039,0.458984,0.586951,1.62864e-05,0.833889,1,0
1.66992,0.439453,0.741455,3.43014e-05,0.831939,1,0
1.66992,0.458984,0.586967,1.61779e-05,0.831939,1,0
1.68945,0.400391,0.908731,7.45022e-05,0.829989,1,0
1.68945,0.419922,0.843651,5.49732e-05,0.829989,1,0
1.70898,0.400391,0.908749,7.41471e-05,0.828039,1,0
1.70898,0.419922,0.843671,5.46919e-05,0.828039,1,0
1.68945,0.439453,0.741475,3.41117e-05,0.829989,1,0
1.68945,0.458984,0.586983,1.60702e-05,0.829989,1,0
1.70898,0.439453,0.741494,3.39212e-05,0.828039,1,0
1.70898,0.458984,0.586998,1.59634e-05,0.828039,1,0
1.57227,0.478516,0.361906,2.66298e-06,0.841688,1,0
1.57227,0.498047,0.0459474,-2.40958e-06,0.841688,0.6,0
1.5918,0.478516,0.361916,2.65018e-06,0.839738,1,0
1.5918,0.498047,0.045948,-2.3832e-06,0.839738,0.6,0
1.61133,0.478516,0.361925,2.6382e-06,0.837788,1,0
1.61133,0.498047,0.0459485,-2.35787e-06,0.837789,0.6,0
1.63086,0.478516,0.361934,2.6268e-06,0.835839,1,0
1.63086,0.498047,0.0459491,-2.33353e-06,0.835839,0.6,0
1.65039,0.478516,0.361944,2.61586e-06,0.833889,1,0
1.65039,0.498047,0.0459496,-2.31008e-06,0.833889,0.6,0
1.66992,0.478516,0.361953,2.60524e-06,0.831939,1,0
1.66992,0.498047,0.0459502,-2.28746e-06,0.831939,0.6,0
1.68945,0.478516,0.361962,2.59489e-06,0.829989,1,0
1.68945,0.498047,0.0459508,-2.26556e-06,0.82999,0.6,0
1.70898,0.478516,0.361971,2.5847e-06,0.828039,1,0
1.70898,0.498047,0.0459514,-2.24433e-06,0.82804,0.6,0
1.72852,0.322266,0.993103,0.000109958,0.826088,1,0
1.72852,0.341797,0.985709,0.000106998,0.826088,1,0
1.74805,0.322266,0.993105,0.00010966,0.824138,1,0
1.74805,0.341797,0.985714,0.000106661,0.824138,1,0
1.72852,0.361328,0.972272,0.000100491,0.826088,1,0
1.72852,0.380859,0.948684,8.96644e-05,0.826089,1,0
1.74805,0.361328,0.972281,0.000100122,0.824139,1,0
1.74805,0.380859,0.948697,8.92817e-05,0.824139,1,0
1.76758,0.322266,0.993107,0.000109361,0.822188,1,0
1.76758,0.341797,0.985719,0.000106325,0.822189,1,0
1.78711,0.322266,0.993109,0.000109063,0.820238,1,0
1.78711,0.341797,0.985724,0.000105988,0.820239,1,0
1.76758,0.361328,0.972289,9.9754e-05,0.822189,1,0
1.76758,0.380859,0.94871,8.89e-05,0.822189,1,0
1.78711,0.361328,0.972298,9.93862e-05,0.820239,1,0
1.78711,0.380859,0.948724,8.85192e-05,0.820239,1,0
1.72852,0.400391,0.908766,7.37928e-05,0.826089,1,0
1.72852,0.419922,0.843691,5.44106e-05,0.826089,1,0
1.74805,0.400391,0.908784,7.34394e-05,0.824139,1,0
1.74805,0.419922,0.843711,5.41289e-05,0.824139,1,0
1.72852,0.439453,0.741513,3.37299e-05,0.826089,1,0
1.72852,0.458984,0.587014,1.58576e-05,0.82609,1,0
1.74805,0.439453,0.741533,3.35381e-05,0.82414,1,0
1.74805,0.458984,0.587029,1.57527e-05,0.82414,1,0
1.76758,0.400391,0.908802,7.30867e-05,0.822189,1,0
1.76758,0.419922,0.843731,5.38469e-05,0.82219,1,0
1.78711,0.400391,0.908819,7.27344e-05,0.820239,1,0
1.78711,0.419922,0.843751,5.35641e-05,0.82024,1,0
1.76758,0.439453,0.741552,3.33457e-05,0.82219,1,0
1.76758,0.458984,0.587045,1.56487e-05,0.82219,1,0
1.78711,0.439453,0.741571,3.31528e-05,0.82024,1,0
1.78711,0.458984,0.58706,1.55455e-05,0.82024,1,0
1.80664,0.322266,0.99311,0.000108764,0.818289,1,0
1.80664,0.341797,0.985729,0.000105652,0.818289,1,0
1.82617,0.322266,0.993112,0.000108465,0.816339,1,0
1.82617,0.341797,0.985733,0.000105316,0.816339,1,0
1.80664,0.361328,0.972307,9.90189e-05,0.818289,1,0
1.80664,0.380859,0.948737,8.81391e-05,0.818289,1,0
1.82617,0.361328,0.972316,9.86516e-05,0.816339,1,0
1.82617,0.380859,0.94875,8.77589e-05,0.81634,1,0
1.8457,0.322266,0.993114,0.000108165,0.814389,1,0
1.8457,0.341797,0.985738,0.000104979,0.814389,1,0
1.86523,0.322266,0.993116,0.000107864,0.812439,1,0
1.86523,0.341797,0.985743,0.000104641,0.812439,1,0
1.8457,0.361328,0.972324,9.82839e-05,0.814389,1,0
1.8457,0.380859,0.948764,8.73784e-05,0.81439,1,0
1.86523,0.361328,0.972333,9.79152e-05,0.812439,1,0
1.86523,0.380859,0.948777,8.69971e-05,0.81244,1,0
1.80664,0.400391,0.908837,7.23821e-05,0.81829,1,0
1.80664,0.419922,0.843771,5.32807e-05,0.81829,1,0
1.82617,0.400391,0.908854,7.20295e-05,0.81634,1,0
1.82617,0.419922,0.84379,5.29965e-05,0.81634,1,0
1.80664,0.439453,0.74159,3.29597e-05,0.81829,1,0
1.80664,0.458984,0.587075,1.54431e-05,0.81829,1,0
1.82617,0.439453,0.741609,3.27663e-05,0.81634,1,0
1.82617,0.458984,0.58709,1.53413e-05,0.81634,1,0
1.8457,0.400391,0.908871,7.16761e-05,0.81439,1,0
1.8457,0.419922,0.84381,5.27116e-05,0.81439,1,0
1.86523,0.400391,0.908889,7.13222e-05,0.81244,1,0
1.86523,0.419922,0.843829,5.24262e-05,0.81244,1,0
1.8457,0.439453,0.741628,3.25727e-05,0.81439,1,0
1.8457,0.458984,0.587105,1.52401e-05,0.814391,1,0
1.86523,0.439453,0.741647,3.23789e-05,0.81244,1,0
1.86523,0.458984,0.58712,1.51396e-05,0.812441,1,0
1.72852,0.478516,0.36198,2.57469e-06,0.82609,1,0
1.72852,0.498047,0.045952,-2.22364e-06,0.82609,0.6,0
1.74805,0.478516,0.361988,2.56478e-06,0.82414,1,0
1.74805,0.498047,0.0459526,-2.20347e-06,0.82414,0.6,0
1.76758,0.478516,0.361997,2.555e-06,0.82219,1,0
1.76758,0.498047,0.0459532,-2.18375e-06,0.82219,0.6,0
1.78711,0.478516,0.362006,2.54529e-06,0.82024,1,0
1.78711,0.498047,0.0459538,-2.16446e-06,0.82024,0.6,0
1.80664,0.478516,0.362015,2.53571e-06,0.81829,1,0
1.80664,0.498047,0.0459544,-2.14555e-06,0.818291,0.6,0
1.82617,0.478516,0.362023,2.52621e-06,0.81634,1,0
1.82617,0.498047,0.0459551,-2.12701e-06,0.816341,0.6,0
1.8457,0.478516,0.362032,2.51683e-06,0.814391,1,0
1.8457,0.498047,0.0459557,-2.10878e-06,0.814391,0.6,0
1.86523,0.478516,0.36204,2.50752e-06,0.812441,1,0
1.86523,0.498047,0.0459563,-2.09085e-06,0.812441,0.6,0
1.88477,0.00976562,1.0017,1.25948e-05,0.810487,1,0
1.88477,0.0292969,1.00178,2.59244e-05,0.810487,1,0
1.9043,0.00976562,1.00169,1.25722e-05,0.808537,1,0
1.9043,0.0292969,1.00177,2.58584e-05,0.808537,1,0
1.88477,0.0488281,1.00179,3.4714e-05,0.810487,1,0
1.88477,0.0683594,1.00175,4.48662e-05,0.810487,1,0
1.9043,0.0488281,1.00178,3.46245e-05,0.808537,1,0
1.9043,0.0683594,1.00174,4.47757e-05,0.808537,1,0
1.92383,0.00976562,1.00167,1.25485e-05,0.806587,1,0
1.92383,0.0292969,1.00176,2.57914e-05,0.806587,1,0
1.94336,0.00976562,1.00166,1.25234e-05,0.804637,1,0
1.94336,0.0292969,1.00175,2.57225e-05,0.804637,1,0
1.92383,0.0488281,1.00177,3.45347e-05,0.806587,1,0
1.92383,0.0683594,1.00173,4.46842e-05,0.806587,1,0
1.94336,0.0488281,1.00176,3.44441e-05,0.804637,1,0
1.94336,0.0683594,1.00173,4.45912e-05,0.804637,1,0
1.88477,0.0878906,1.0017,5.25127e-05,0.810487,1,0
1.88477,0.107422,1.00165,6.08128e-05,0.810487,1,0
1.9043,0.0878906,1.0017,5.24175e-05,0.808537,1,0
1.9043,0.107422,1.00164,6.07116e-05,0.808537,1,0
1.88477,0.126953,1.00159,6.78932e-05,0.810487,1,0
1.88477,0.146484,1.00152,7.50923e-05,0.810487,1,0
1.9043,0.126953,1.00158,6.77832e-05,0.808537,1,0
1.9043,0.146484,1.00152,7.49717e-05,0.808537,1,0
1.92383,0.0878906,1.00169,5.23214e-05,0.806587,1,0
1.92383,0.107422,1.00164,6.06096e-05,0.806587,1,0
1.94336,0.0878906,1.00168,5.2224e-05,0.804637,1,0
1.94336,0.107422,1.00163,6.05063e-05,0.804637,1,0
1.92383,0.126953,1.00158,6.76724e-05,0.806587,1,0
1.92383,0.146484,1.00151,7.48503e-05,0.806588,1,0
1.94336,0.126953,1.00157,6.75603e-05,0.804638,1,0
1.94336,0.146484,1.0015,7.47277e-05,0.804638,1,0
1.96289,0.00976562,1.00165,1.24962e-05,0.802687,1,0
1.96289,0.0292969,1.00174,2.56514e-05,0.802687,1,0
1.98242,0.00976562,1.00164,1.24669e-05,0.800737,1,0
1.98242,0.0292969,1.00173,2.55777e-05,0.800737,1,0
1.96289,0.0488281,1.00175,3.43522e-05,0.802687,1,0
1.96289,0.0683594,1.00172,4.44964e-05,0.802687,1,0
1.98242,0.0488281,1.00174,3.42589e-05,0.800737,1,0
1.98242,0.0683594,1.00171,4.43994e-05,0.800737,1,0
2.00195,0.00976562,1.00163,1.24355e-05,0.798787,1,0
2.00195,0.0292969,1.00171,2.55014e-05,0.798787,1,0
2.02148,0.00976562,1.00162,1.24021e-05,0.796837,1,0
2.02148,0.0292969,1.0017,2.54227e-05,0.796837,1,0
2.00195,0.0488281,1.00173,3.41639e-05,0.798787,1,0
2.00195,0.0683594,1.0017,4.43001e-05,0.798787,1,0
2.02148,0.0488281,1.00172,3.40672e-05,0.796837,1,0
2.02148,0.0683594,1.00169,4.41984e-05,0.796837,1,0
1.96289,0.0878906,1.00167,5.21251e-05,0.802687,1,0
1.96289,0.107422,1.00162,6.04015e-05,0.802687,1,0
1.98242,0.0878906,1.00166,5.20244e-05,0.800737,1,0
1.98242,0.107422,1.00161,6.02949e-05,0.800737,1,0
1.96289,0.126953,1.00156,6.74467e-05,0.802688,1,0
1.96289,0.146484,1.00149,7.46037e-05,0.802688,1,0
1.98242,0.126953,1.00155,6.73314e-05,0.800738,1,0
1.98242,0.146484,1.00149,7.44781e-05,0.800738,1,0
2.00195,0.0878906,1.00166,5.19216e-05,0.798787,1,0
2.00195,0.107422,1.0016,6.01863e-05,0.798787,1,0
2.02148,0.0878906,1.00165,5.18166e-05,0.796838,1,0
2.02148,0.107422,1.0016,6.00754e-05,0.796838,1,0
2.00195,0.126953,1.00155,6.72142e-05,0.798788,1,0
2.00195,0.146484,1.00148,7.43506e-05,0.798788,1,0
2.02148,0.126953,1.00154,6.70948e-05,0.796838,1,0
2.02148,0.146484,1.00147,7.4221e-05,0.796838,1,0
1.88477,0.166016,1.00144,8.14469e-05,0.810488,1,0
1.88477,0.185547,1.00134,8.75542e-05,0.810488,1,0
1.9043,0.166016,1.00144,8.13156e-05,0.808538,1,0
1.9043,0.185547,1.00134,8.74094e-05,0.808538,1,0
1.88477,0.205078,1.00121,9.29104e-05,0.810488,1,0
1.88477,0.224609,1.00102,9.77783e-05,0.810488,1,0
1.9043,0.205078,1.00121,9.2752e-05,0.808538,1,0
1.9043,0.224609,1.00102,9.76029e-05,0.808538,1,0
1.92383,0.166016,1.00143,8.11833e-05,0.806588,1,0
1.92383,0.185547,1.00133,8.72636e-05,0.806588,1,0
1.94336,0.166016,1.00142,8.10497e-05,0.804638,1,0
1.94336,0.185547,1.00133,8.71167e-05,0.804638,1,0
1.92383,0.205078,1.0012,9.25925e-05,0.806588,1,0
1.92383,0.224609,1.00102,9.74264e-05,0.806588,1,0
1.94336,0.205078,1.0012,9.24318e-05,0.804638,1,0
1.94336,0.224609,1.00101,9.72487e-05,0.804638,1,0
1.88477,0.244141,1.00071,0.000101841,0.810488,1,0
1.88477,0.263672,1.00016,0.000105161,0.810488,1,0
1.9043,0.244141,1.00071,0.000101648,0.808538,1,0
1.9043,0.263672,1.00015,0.000104945,0.808538,1,0
1.88477,0.283203,0.999096,0.000107406,0.810489,1,0
1.88477,0.302734,0.997048,0.000108407,0.810489,1,0
1.9043,0.283203,0.999095,0.000107166,0.808539,1,0
1.9043,0.302734,0.997048,0.000108136,0.808539,1,0
1.92383,0.244141,1.00071,0.000101453,0.806588,1,0
1.92383,0.263672,1.00015,0.000104728,0.806589,1,0
1.94336,0.244141,1.0007,0.000101257,0.804638,1,0
1.94336,0.263672,1.00015,0.00010451,0.804639,1,0
1.92383,0.283203,0.999093,0.000106924,0.806589,1,0
1.92383,0.302734,0.997048,0.000107864,0.806589,1,0
1.94336,0.283203,0.999092,0.000106681,0.804639,1,0
1.94336,0.302734,0.997048,0.000107591,0.804639,1,0
1.96289,0.166016,1.00142,8.09148e-05,0.802688,1,0
1.96289,0.185547,1.00132,8.69685e-05,0.802688,1,0
1.98242,0.166016,1.00141,8.07781e-05,0.800738,1,0
1.98242,0.185547,1.00131,8.68186e-05,0.800738,1,0
1.96289,0.205078,1.00119,9.22696e-05,0.802688,1,0
1.96289,0.224609,1.00101,9.70695e-05,0.802688,1,0
1.98242,0.205078,1.00119,9.21057e-05,0.800738,1,0
1.98242,0.224609,1.001,9.68887e-05,0.800738,1,0
2.00195,0.166016,1.0014,8.06395e-05,0.798788,1,0
2.00195,0.185547,1.00131,8.66668e-05,0.798788,1,0
2.02148,0.166016,1.0014,8.04988e-05,0.796838,1,0
2.02148,0.185547,1.0013,8.6513e-05,0.796838,1,0
2.00195,0.205078,1.00118,9.194e-05,0.798788,1,0
2.00195,0.224609,1.001,9.67061e-05,0.798788,1,0
2.02148,0.205078,1.00118,9.17721e-05,0.796838,1,0
2.02148,0.224609,1.00099,9.65214e-05,0.796838,1,0
1.96289,0.244141,1.0007,0.000101059,0.802688,1,0
1.96289,0.263672,1.00015,0.00010429,0.802689,1,0
1.98242,0.244141,1.0007,0.00010086,0.800739,1,0
1.98242,0.263672,1.00014,0.000104068,0.800739,1,0
1.96289,0.283203,0.99909,0.000106436,0.802689,1,0
1.96289,0.302734,0.997048,0.000107316,0.802689,1,0
1.98242,0.283203,0.999089,0.000106189,0.800739,1,0
1.98242,0.302734,0.997048,0.000107039,0.800739,1,0
2.00195,0.244141,1.00069,0.000100659,0.798789,1,0
2.00195,0.263672,1.00014,0.000103845,0.798789,1,0
2.02148,0.244141,1.00069,0.000100456,0.796839,1,0
2.02148,0.263672,1.00014,0.000103619,0.796839,1,0
2.00195,0.283203,0.999087,0.00010594,0.798789,1,0
2.00195,0.302734,0.997048,0.00010676,0.798789,1,0
2.02148,0.283203,0.999086,0.00010569,0.796839,1,0
2.02148,0.302734,0.997048,0.000106479,0.796839,1,0
2.04102,0.00976562,1.00161,1.23668e-05,0.794887,1,0
2.04102,0.0292969,1.00169,2.53418e-05,0.794887,1,0
2.06055,0.00976562,1.0016,1.23298e-05,0.792937,1,0
2.06055,0.0292969,1.00168,2.52586e-05,0.792937,1,0
2.04102,0.0488281,1.00171,3.39687e-05,0.794887,1,0
2.04102,0.0683594,1.00168,4.40941e-05,0.794887,1,0
2.06055,0.0488281,1.0017,3.38684e-05,0.792937,1,0
2.06055,0.0683594,1.00167,4.39872e-05,0.792937,1,0
2.08008,0.00976562,1.00159,1.2291e-05,0.790987,1,0
2.08008,0.0292969,1.00167,2.51732e-05,0.790987,1,0
2.09961,0.00976562,1.00158,1.22503e-05,0.789037,1,0
2.09961,0.0292969,1.00166,2.50854e-05,0.789037,1,0
2.08008,0.0488281,1.00169,3.37661e-05,0.790987,1,0
2.08008,0.0683594,1.00167,4.38776e-05,0.790987,1,0
2.09961,0.0488281,1.00168,3.36616e-05,0.789037,1,0
2.09961,0.0683594,1.00166,4.37651e-05,0.789037,1,0
2.04102,0.0878906,1.00164,5.17093e-05,0.794888,1,0
2.04102,0.107422,1.00159,5.99621e-05,0.794888,1,0
2.06055,0.0878906,1.00163,5.15996e-05,0.792937,1,0
2.06055,0.107422,1.00158,5.98462e-05,0.792938,1,0
2.04102,0.126953,1.00153,6.69731e-05,0.794888,1,0
2.04102,0.146484,1.00147,7.40891e-05,0.794888,1,0
2.06055,0.126953,1.00153,6.68489e-05,0.792938,1,0
2.06055,0.146484,1.00146,7.39547e-05,0.792938,1,0
2.08008,0.0878906,1.00162,5.14872e-05,0.790987,1,0
2.08008,0.107422,1.00157,5.97275e-05,0.790987,1,0
2.09961,0.0878906,1.00162,5.13721e-05,0.789037,1,0
2.09961,0.107422,1.00157,5.96059e-05,0.789037,1,0
2.08008,0.126953,1.00152,6.6722e-05,0.790988,1,0
2.08008,0.146484,1.00145,7.38176e-05,0.790988,1,0
2.09961,0.126953,1.00151,6.65922e-05,0.789038,1,0
2.09961,0.146484,1.00145,7.36776e-05,0.789038,1,0
2.11914,0.00976562,1.00157,1.22075e-05,0.787087,1,0
2.11914,0.0292969,1.00165,2.49948e-05,0.787087,1,0
2.13867,0.00976562,1.00156,1.21624e-05,0.785137,1,0
2.13867,0.0292969,1.00164,2.49012e-05,0.785137,1,0
2.11914,0.0488281,1.00167,3.35549e-05,0.787087,1,0
2.11914,0.0683594,1.00165,4.36496e-05,0.787087,1,0
2.13867,0.0488281,1.00166,3.34457e-05,0.785137,1,0
2.13867,0.0683594,1.00164,4.35309e-05,0.785137,1,0
2.1582,0.00976562,1.00154,1.21147e-05,0.783187,1,0
2.1582,0.0292969,1.00163,2.48043e-05,0.783187,1,0
2.17773,0.00976562,1.00153,1.20643e-05,0.781237,1,0
2.17773,0.0292969,1.00162,2.47039e-05,0.781237,1,0
2.1582,0.0488281,1.00165,3.33338e-05,0.783187,1,0
2.1582,0.0683594,1.00163,4.34087e-05,0.783187,1,0
2.17773,0.0488281,1.00164,3.3219e-05,0.781237,1,0
2.17773,0.0683594,1.00162,4.32831e-05,0.781237,1,0
2.11914,0.0878906,1.00161,5.1254e-05,0.787087,1,0
2.11914,0.107422,1.00156,5.94812e-05,0.787087,1,0
2.13867,0.0878906,1.0016,5.11329e-05,0.785137,1,0
2.13867,0.107422,1.00155,5.93532e-05,0.785137,1,0
2.11914,0.126953,1.0015,6.64594e-05,0.787088,1,0
2.11914,0.146484,1.00144,7.35345e-05,0.787088,1,0
2.13867,0.126953,1.0015,6.63234e-05,0.785137,1,0
2.13867,0.146484,1.00144,7.33882e-05,0.785138,1,0
2.1582,0.0878906,1.00159,5.10085e-05,0.783187,1,0
2.1582,0.107422,1.00154,5.92218e-05,0.783187,1,0
2.17773,0.0878906,1.00158,5.08808e-05,0.781237,1,0
2.17773,0.107422,1.00154,5.90868e-05,0.781237,1,0
2.1582,0.126953,1.00149,6.61841e-05,0.783187,1,0
2.1582,0.146484,1.00143,7.32384e-05,0.783188,1,0
2.17773,0.126953,1.00148,6.60414e-05,0.781237,1,0
2.17773,0.146484,1.00142,7.30852e-05,0.781237,1,0
2.04102,0.166016,1.00139,8.03557e-05,0.794888,1,0
2.04102,0.185547,1.0013,8.63569e-05,0.794888,1,0
2.06055,0.166016,1.00139,8.02102e-05,0.792938,1,0
2.06055,0.185547,1.00129,8.61982e-05,0.792938,1,0
2.04102,0.205078,1.00117,9.1602e-05,0.794888,1,0
2.04102,0.224609,1.00099,9.63345e-05,0.794888,1,0
2.06055,0.205078,1.00117,9.14293e-05,0.792938,1,0
2.06055,0.224609,1.00098,9.6145e-05,0.792938,1,0
2.08008,0.166016,1.00138,8.00619e-05,0.790988,1,0
2.08008,0.185547,1.00129,8.60369e-05,0.790988,1,0
2.09961,0.166016,1.00137,7.99106e-05,0.789038,1,0
2.09961,0.185547,1.00128,8.58726e-05,0.789038,1,0
2.08008,0.205078,1.00116,9.12538e-05,0.790988,1,0
2.08008,0.224609,1.00098,9.59528e-05,0.790988,1,0
2.09961,0.205078,1.00116,9.10753e-05,0.789038,1,0
2.09961,0.224609,1.00098,9.57577e-05,0.789038,1,0
2.04102,0.244141,1.00069,0.00010025,0.794889,1,0
2.04102,0.263672,1.00013,0.000103392,0.794889,1,0
2.06055,0.244141,1.00068,0.000100042,0.792939,1,0
2.06055,0.263672,1.00013,0.000103162,0.792939,1,0
2.04102,0.283203,0.999084,0.000105437,0.794889,1,0
2.04102,0.302734,0.997048,0.000106196,0.794889,1,0
2.06055,0.283203,0.999083,0.000105182,0.792939,1,0
2.06055,0.302734,0.997049,0.000105911,0.792939,1,0
2.08008,0.244141,1.00068,9.98317e-05,0.790989,1,0
2.08008,0.263672,1.00013,0.000102929,0.790989,1,0
2.09961,0.244141,1.00067,9.9618e-05,0.789039,1,0
2.09961,0.263672,1.00013,0.000102693,0.789039,1,0
2.08008,0.283203,0.999082,0.000104924,0.790989,1,0
2.08008,0.302734,0.997049,0.000105623,0.790989,1,0
2.09961,0.283203,0.99908,0.000104663,0.789039,1,0
2.09961,0.302734,0.997049,0.000105332,0.789039,1,0
2.11914,0.166016,1.00137,7.97563e-05,0.787088,1,0
2.11914,0.185547,1.00128,8.57052e-05,0.787088,1,0
2.13867,0.166016,1.00136,7.95988e-05,0.785138,1,0
2.13867,0.185547,1.00127,8.55345e-05,0.785138,1,0
2.11914,0.205078,1.00115,9.08936e-05,0.787088,1,0
2.11914,0.224609,1.00097,9.55593e-05,0.787088,1,0
2.13867,0.205078,1.00115,9.07086e-05,0.785138,1,0
2.13867,0.224609,1.00097,9.53575e-05,0.785138,1,0
2.1582,0.166016,1.00136,7.94378e-05,0.783188,1,0
2.1582,0.185547,1.00126,8.53604e-05,0.783188,1,0
2.17773,0.166016,1.00135,7.92733e-05,0.781238,1,0
2.17773,0.185547,1.00126,8.51826e-05,0.781238,1,0
2.1582,0.205078,1.00114,9.05201e-05,0.783188,1,0
2.1582,0.224609,1.00096,9.51523e-05,0.783188,1,0
2.17773,0.205078,1.00114,9.0328e-05,0.781238,1,0
2.17773,0.224609,1.00096,9.49433e-05,0.781238,1,0
2.11914,0.244141,1.00067,9.9401e-05,0.787088,1,0
2.11914,0.263672,1.00012,0.000102454,0.787089,1,0
2.13867,0.244141,1.00067,9.91807e-05,0.785138,1,0
2.13867,0.263672,1.00012,0.000102212,0.785139,1,0
2.11914,0.283203,0.999079,0.000104399,0.787089,1,0
2.11914,0.302734,0.997049,0.000105038,0.787089,1,0
2.13867,0.283203,0.999078,0.000104131,0.785139,1,0
2.13867,0.302734,0.99705,0.000104741,0.785139,1,0
2.1582,0.244141,1.00066,9.89567e-05,0.783188,1,0
2.1582,0.263672,1.00012,0.000101966,0.783189,1,0
2.17773,0.244141,1.00066,9.8729e-05,0.781238,1,0
2.17773,0.263672,1.00012,0.000101716,0.781238,1,0
2.1582,0.283203,0.999076,0.00010386,0.783189,1,0
2.1582,0.302734,0.99705,0.00010444,0.783189,1,0
2.17773,0.283203,0.999075,0.000103585,0.781239,1,0
2.17773,0.302734,0.99705,0.000104135,0.781239,1,0
1.88477,0.322266,0.993118,0.000107561,0.810489,1,0
1.88477,0.341797,0.985748,0.000104302,0.810489,1,0
1.9043,0.322266,0.993121,0.000107258,0.808539,1,0
1.9043,0.341797,0.985753,0.000103962,0.808539,1,0
1.88477,0.361328,0.972342,9.75453e-05,0.81049,1,0
1.88477,0.380859,0.94879,8.66149e-05,0.81049,1,0
1.9043,0.361328,0.972351,9.71742e-05,0.80854,1,0
1.9043,0.380859,0.948803,8.62318e-05,0.80854,1,0
1.92383,0.322266,0.993123,0.000106952,0.806589,1,0
1.92383,0.341797,0.985758,0.00010362,0.80659,1,0
1.94336,0.322266,0.993125,0.000106645,0.804639,1,0
1.94336,0.341797,0.985763,0.000103276,0.80464,1,0
1.92383,0.361328,0.97236,9.68017e-05,0.80659,1,0
1.92383,0.380859,0.948817,8.58479e-05,0.80659,1,0
1.94336,0.361328,0.972369,9.6428e-05,0.80464,1,0
1.94336,0.380859,0.94883,8.54632e-05,0.80464,1,0
1.88477,0.400391,0.908906,7.09676e-05,0.81049,1,0
1.88477,0.419922,0.843849,5.21403e-05,0.81049,1,0
1.9043,0.400391,0.908923,7.06124e-05,0.80854,1,0
1.9043,0.419922,0.843868,5.18539e-05,0.80854,1,0
1.88477,0.439453,0.741665,3.21847e-05,0.810491,1,0
1.88477,0.458984,0.587135,1.50394e-05,0.810491,1,0
1.9043,0.439453,0.741684,3.19902e-05,0.808541,1,0
1.9043,0.458984,0.58715,1.49397e-05,0.808541,1,0
1.92383,0.400391,0.90894,7.02568e-05,0.80659,1,0
1.92383,0.419922,0.843887,5.1567e-05,0.806591,1,0
1.94336,0.400391,0.908958,6.99008e-05,0.80464,1,0
1.94336,0.419922,0.843906,5.12793e-05,0.804641,1,0
1.92383,0.439453,0.741702,3.17953e-05,0.806591,1,0
1.92383,0.458984,0.587164,1.48402e-05,0.806591,1,0
1.94336,0.439453,0.741721,3.16e-05,0.804641,1,0
1.94336,0.458984,0.587179,1.47411e-05,0.804641,1,0
1.96289,0.322266,0.993127,0.000106337,0.802689,1,0
1.96289,0.341797,0.985769,0.000102931,0.80269,1,0
1.98242,0.322266,0.993129,0.000106026,0.800739,1,0
1.98242,0.341797,0.985774,0.000102585,0.80074,1,0
1.96289,0.361328,0.972378,9.6053e-05,0.80269,1,0
1.96289,0.380859,0.948843,8.50777e-05,0.80269,1,0
1.98242,0.361328,0.972387,9.56767e-05,0.80074,1,0
1.98242,0.380859,0.948856,8.46913e-05,0.80074,1,0
2.00195,0.322266,0.993131,0.000105714,0.798789,1,0
2.00195,0.341797,0.985779,0.000102236,0.79879,1,0
2.02148,0.322266,0.993134,0.0001054,0.796839,1,0
2.02148,0.341797,0.985784,0.000101886,0.79684,1,0
2.00195,0.361328,0.972395,9.5299e-05,0.79879,1,0
2.00195,0.380859,0.94887,8.43039e-05,0.79879,1,0
2.02148,0.361328,0.972404,9.49198e-05,0.79684,1,0
2.02148,0.380859,0.948883,8.39155e-05,0.79684,1,0
1.96289,0.400391,0.908975,6.95442e-05,0.80269,1,0
1.96289,0.419922,0.843925,5.09909e-05,0.802691,1,0
1.98242,0.400391,0.908992,6.91871e-05,0.80074,1,0
1.98242,0.419922,0.843944,5.07017e-05,0.800741,1,0
1.96289,0.439453,0.741739,3.14042e-05,0.802691,1,0
1.96289,0.458984,0.587193,1.46424e-05,0.802691,1,0
1.98242,0.439453,0.741757,3.12081e-05,0.800741,1,0
1.98242,0.458984,0.587208,1.45441e-05,0.800741,1,0
2.00195,0.400391,0.909009,6.88292e-05,0.79879,1,0
2.00195,0.419922,0.843963,5.04117e-05,0.798791,1,0
2.02148,0.400391,0.909026,6.84706e-05,0.79684,1,0
2.02148,0.419922,0.843982,5.01208e-05,0.796841,1,0
2.00195,0.439453,0.741775,3.10115e-05,0.798791,1,0
2.00195,0.458984,0.587222,1.44462e-05,0.798791,1,0
2.02148,0.439453,0.741793,3.08146e-05,0.796841,1,0
2.02148,0.458984,0.587236,1.43488e-05,0.796841,1,0
1.88477,0.478516,0.362049,2.49833e-06,0.810491,1,0
1.88477,0.498047,0.045957,-2.07318e-06,0.810491,0.6,0
1.9043,0.478516,0.362057,2.4892e-06,0.808541,1,0
1.9043,0.498047,0.0459576,-2.05576e-06,0.808541,0.6,0
1.92383,0.478516,0.362066,2.4802e-06,0.806591,1,0
1.92383,0.498047,0.0459583,-2.03852e-06,0.806591,0.6,0
1.94336,0.478516,0.362074,2.47127e-06,0.804641,1,0
1.94336,0.498047,0.045959,-2.02146e-06,0.804641,0.6,0
1.96289,0.478516,0.362082,2.46245e-06,0.802691,1,0
1.96289,0.498047,0.0459596,-2.00447e-06,0.802691,0.6,0
1.98242,0.478516,0.36209,2.45371e-06,0.800741,1,0
1.98242,0.498047,0.0459603,-1.98752e-06,0.800741,0.6,0
2.00195,0.478516,0.362098,2.44507e-06,0.798791,1,0
2.00195,0.498047,0.045961,-1.97053e-06,0.798791,0.6,0
2.02148,0.478516,0.362106,2.4365e-06,0.796841,1,0
2.02148,0.498047,0.0459617,-1.95346e-06,0.796841,0.6,0
2.04102,0.322266,0.993136,0.000105083,0.794889,1,0
2.04102,0.341797,0.985789,0.000101534,0.79489,1,0
2.06055,0.322266,0.993138,0.000104765,0.792939,1,0
2.06055,0.341797,0.985795,0.000101179,0.79294,1,0
2.04102,0.361328,0.972413,9.45388e-05,0.79489,1,0
2.04102,0.380859,0.948896,8.35258e-05,0.79489,1,0
2.06055,0.361328,0.972422,9.41559e-05,0.79294,1,0
2.06055,0.380859,0.948909,8.31348e-05,0.79294,1,0
2.08008,0.322266,0.993141,0.000104443,0.790989,1,0
2.08008,0.341797,0.9858,0.000100822,0.79099,1,0
2.09961,0.322266,0.993143,0.000104119,0.789039,1,0
2.09961,0.341797,0.985805,0.000100463,0.78904,1,0
2.08008,0.361328,0.972432,9.3771e-05,0.79099,1,0
2.08008,0.380859,0.948922,8.27424e-05,0.79099,1,0
2.09961,0.361328,0.972441,9.33839e-05,0.78904,1,0
2.09961,0.380859,0.948936,8.23483e-05,0.78904,1,0
2.04102,0.400391,0.909043,6.81109e-05,0.79489,1,0
2.04102,0.419922,0.844001,4.9829e-05,0.794891,1,0
2.06055,0.400391,0.909059,6.77501e-05,0.79294,1,0
2.06055,0.419922,0.84402,4.95363e-05,0.792941,1,0
2.04102,0.439453,0.741811,3.06173e-05,0.794891,1,0
2.04102,0.458984,0.58725,1.42519e-05,0.794891,1,0
2.06055,0.439453,0.741829,3.04196e-05,0.792941,1,0
2.06055,0.458984,0.587264,1.41554e-05,0.792941,1,0
2.08008,0.400391,0.909076,6.7388e-05,0.79099,1,0
2.08008,0.419922,0.844038,4.92426e-05,0.790991,1,0
2.09961,0.400391,0.909093,6.70246e-05,0.78904,1,0
2.09961,0.419922,0.844057,4.89478e-05,0.789041,1,0
2.08008,0.439453,0.741846,3.02215e-05,0.790991,1,0
2.08008,0.458984,0.587278,1.40592e-05,0.790991,1,0
2.09961,0.439453,0.741864,3.00228e-05,0.789041,1,0
2.09961,0.458984,0.587292,1.39632e-05,0.789041,1,0
2.11914,0.322266,0.993146,0.000103792,0.787089,1,0
2.11914,0.341797,0.985811,0.000100101,0.78709,1,0
2.13867,0.322266,0.993148,0.000103461,0.785139,1,0
2.13867,0.341797,0.985816,9.97353e-05,0.78514,1,0
2.11914,0.361328,0.97245,9.29945e-05,0.78709,1,0
2.11914,0.380859,0.948949,8.19525e-05,0.78709,1,0
2.13867,0.361328,0.972459,9.26028e-05,0.78514,1,0
2.13867,0.380859,0.948962,8.15548e-05,0.78514,1,0
2.1582,0.322266,0.993151,0.000103127,0.783189,1,0
2.1582,0.341797,0.985821,9.93671e-05,0.783189,1,0
2.17773,0.322266,0.993153,0.000102789,0.781239,1,0
2.17773,0.341797,0.985827,9.89957e-05,0.781239,1,0
2.1582,0.361328,0.972468,9.22085e-05,0.78319,1,0
2.1582,0.380859,0.948975,8.11549e-05,0.78319,1,0
2.17773,0.361328,0.972477,9.18114e-05,0.78124,1,0
2.17773,0.380859,0.948988,8.07527e-05,0.78124,1,0
2.11914,0.400391,0.90911,6.66596e-05,0.78709,1,0
2.11914,0.419922,0.844075,4.86519e-05,0.787091,1,0
2.13867,0.400391,0.909126,6.6293e-05,0.78514,1,0
2.13867,0.419922,0.844093,4.83547e-05,0.785141,1,0
2.11914,0.439453,0.741881,2.98237e-05,0.787091,1,0
2.11914,0.458984,0.587306,1.38674e-05,0.787091,1,0
2.13867,0.439453,0.741899,2.96239e-05,0.785141,1,0
2.13867,0.458984,0.587319,1.37717e-05,0.785141,1,0
2.1582,0.400391,0.909143,6.59246e-05,0.78319,1,0
2.1582,0.419922,0.844112,4.80562e-05,0.78319,1,0
2.17773,0.400391,0.909159,6.55544e-05,0.78124,1,0
2.17773,0.419922,0.84413,4.77562e-05,0.78124,1,0
2.1582,0.439453,0.741916,2.94234e-05,0.783191,1,0
2.1582,0.458984,0.587333,1.36758e-05,0.783191,1,0
2.17773,0.439453,0.741933,2.92221e-05,0.781241,1,0
2.17773,0.458984,0.587346,1.35799e-05,0.781241,1,0
2.04102,0.478516,0.362114,2.42802e-06,0.794891,1,0
2.04102,0.498047,0.0459623,-1.93624e-06,0.794891,0.6,0
2.06055,0.478516,0.362122,2.41961e-06,0.792941,1,0
2.06055,0.498047,0.045963,-1.91888e-06,0.792941,0.6,0
2.08008,0.478516,0.36213,2.4113e-06,0.790991,1,0
2.08008,0.498047,0.0459637,-1.90133e-06,0.790991,0.6,0
2.09961,0.478516,0.362138,2.40306e-06,0.789041,1,0
2.09961,0.498047,0.0459644,-1.8836e-06,0.789041,0.6,0
2.11914,0.478516,0.362146,2.39495e-06,0.787091,1,0
2.11914,0.498047,0.0459652,-1.86566e-06,0.787091,0.6,0
2.13867,0.478516,0.362153,2.38693e-06,0.785141,1,0
2.13867,0.498047,0.0459659,-1.8475e-06,0.785141,0.6,0
2.1582,0.478516,0.362161,2.37905e-06,0.783191,1,0
2.1582,0.498047,0.0459666,-1.82909e-06,0.783191,0.6,0
2.17773,0.478516,0.362169,2.37127e-06,0.781241,1,0
2.17773,0.498047,0.0459673,-1.81044e-06,0.781241,0.6,0
2.19727,0.00976562,1.00152,1.20111e-05,0.779287,1,0
2.19727,0.0292969,1.00161,2.45999e-05,0.779287,1,0
2.2168,0.00976562,1.00151,1.19553e-05,0.777337,1,0
2.2168,0.0292969,1.0016,2.44924e-05,0.777336,1,0
2.19727,0.0488281,1.00163,3.31013e-05,0.779287,1,0
2.19727,0.0683594,1.00161,4.31537e-05,0.779287,1,0
2.2168,0.0488281,1.00162,3.29806e-05,0.777337,1,0
2.2168,0.0683594,1.0016,4.30208e-05,0.777337,1,0
2.23633,0.00976562,1.0015,1.18968e-05,0.775387,1,0
2.23633,0.0292969,1.00159,2.43814e-05,0.775386,1,0
2.25586,0.00976562,1.00149,1.1836e-05,0.773437,1,0
2.25586,0.0292969,1.00158,2.42672e-05,0.773436,1,0
2.23633,0.0488281,1.00161,3.28569e-05,0.775387,1,0
2.23633,0.0683594,1.0016,4.28841e-05,0.775387,1,0
2.25586,0.0488281,1.0016,3.27303e-05,0.773437,1,0
2.25586,0.0683594,1.00159,4.27437e-05,0.773436,1,0
2.19727,0.0878906,1.00158,5.07497e-05,0.779287,1,0
2.19727,0.107422,1.00153,5.89481e-05,0.779287,1,0
2.2168,0.0878906,1.00157,5.0615e-05,0.777337,1,0
2.2168,0.107422,1.00152,5.88057e-05,0.777337,1,0
2.19727,0.126953,1.00148,6.5895e-05,0.779287,1,0
2.19727,0.146484,1.00142,7.29283e-05,0.779287,1,0
2.2168,0.126953,1.00147,6.5745e-05,0.777337,1,0
2.2168,0.146484,1.00141,7.27676e-05,0.777337,1,0
2.23633,0.0878906,1.00156,5.04768e-05,0.775387,1,0
2.23633,0.107422,1.00151,5.86595e-05,0.775387,1,0
2.25586,0.0878906,1.00155,5.0335e-05,0.773437,1,0
2.25586,0.107422,1.00151,5.85094e-05,0.773437,1,0
2.23633,0.126953,1.00146,6.55912e-05,0.775387,1,0
2.23633,0.146484,1.0014,7.2603e-05,0.775387,1,0
2.25586,0.126953,1.00146,6.54337e-05,0.773437,1,0
2.25586,0.146484,1.0014,7.24344e-05,0.773437,1,0
2.27539,0.00976562,1.00148,1.17729e-05,0.771486,1,0
2.27539,0.0292969,1.00157,2.415e-05,0.771486,1,0
2.29492,0.00976562,1.00147,1.17079e-05,0.769536,1,0
2.29492,0.0292969,1.00156,2.403e-05,0.769536,1,0
2.27539,0.0488281,1.00159,3.26008e-05,0.771486,1,0
2.27539,0.0683594,1.00158,4.25998e-05,0.771486,1,0
2.29492,0.0488281,1.00158,3.24684e-05,0.769536,1,0
2.29492,0.0683594,1.00157,4.24523e-05,0.769536,1,0
2.31445,0.00976562,1.00146,1.16411e-05,0.767586,1,0
2.31445,0.0292969,1.00155,2.39074e-05,0.767586,1,0
2.33398,0.00976562,1.00145,1.15727e-05,0.765636,1,0
2.33398,0.0292969,1.00154,2.37825e-05,0.765636,1,0
2.31445,0.0488281,1.00157,3.23334e-05,0.767586,1,0
2.31445,0.0683594,1.00156,4.23014e-05,0.767586,1,0
2.33398,0.0488281,1.00157,3.21956e-05,0.765636,1,0
2.33398,0.0683594,1.00155,4.21471e-05,0.765636,1,0
2.27539,0.0878906,1.00154,5.01896e-05,0.771486,1,0
2.27539,0.107422,1.0015,5.83554e-05,0.771487,1,0
2.29492,0.0878906,1.00154,5.00407e-05,0.769536,1,0
2.29492,0.107422,1.00149,5.81975e-05,0.769536,1,0
2.27539,0.126953,1.00145,6.52722e-05,0.771487,1,0
2.27539,0.146484,1.00139,7.22618e-05,0.771487,1,0
2.29492,0.126953,1.00144,6.51068e-05,0.769537,1,0
2.29492,0.146484,1.00138,7.20852e-05,0.769537,1,0
2.31445,0.0878906,1.00153,4.98882e-05,0.767586,1,0
2.31445,0.107422,1.00148,5.80357e-05,0.767586,1,0
2.33398,0.0878906,1.00152,4.97322e-05,0.765636,1,0
2.33398,0.107422,1.00148,5.787e-05,0.765636,1,0
2.31445,0.126953,1.00143,6.49376e-05,0.767586,1,0
2.31445,0.146484,1.00138,7.19043e-05,0.767586,1,0
2.33398,0.126953,1.00143,6.47643e-05,0.765636,1,0
2.33398,0.146484,1.00137,7.17193e-05,0.765636,1,0
2.19727,0.166016,1.00134,7.91051e-05,0.779287,1,0
2.19727,0.185547,1.00125,8.50012e-05,0.779288,1,0
2.2168,0.166016,1.00134,7.89331e-05,0.777337,1,0
2.2168,0.185547,1.00125,8.48159e-05,0.777338,1,0
2.19727,0.205078,1.00113,9.01321e-05,0.779288,1,0
2.19727,0.224609,1.00096,9.47306e-05,0.779288,1,0
2.2168,0.205078,1.00113,8.99323e-05,0.777338,1,0
2.2168,0.224609,1.00095,9.45139e-05,0.777338,1,0
2.23633,0.166016,1.00133,7.87572e-05,0.775387,1,0
2.23633,0.185547,1.00124,8.46267e-05,0.775387,1,0
2.25586,0.166016,1.00132,7.85774e-05,0.773437,1,0
2.25586,0.185547,1.00124,8.44334e-05,0.773437,1,0
2.23633,0.205078,1.00112,8.97285e-05,0.775388,1,0
2.23633,0.224609,1.00095,9.42932e-05,0.775388,1,0
2.25586,0.205078,1.00112,8.95207e-05,0.773437,1,0
2.25586,0.224609,1.00094,9.40684e-05,0.773438,1,0
2.19727,0.244141,1.00066,9.84974e-05,0.779288,1,0
2.19727,0.263672,1.00011,0.000101462,0.779288,1,0
2.2168,0.244141,1.00065,9.82619e-05,0.777338,1,0
2.2168,0.263672,1.00011,0.000101204,0.777338,1,0
2.19727,0.283203,0.999074,0.000103306,0.779289,1,0
2.19727,0.302734,0.997051,0.000103826,0.779289,1,0
2.2168,0.283203,0.999073,0.000103023,0.777338,1,0
2.2168,0.302734,0.997051,0.000103514,0.777339,1,0
2.23633,0.244141,1.00065,9.80223e-05,0.775388,1,0
2.23633,0.263672,1.00011,0.000100943,0.775388,1,0
2.25586,0.244141,1.00065,9.77786e-05,0.773438,1,0
2.25586,0.263672,1.00011,0.000100677,0.773438,1,0
2.23633,0.283203,0.999072,0.000102736,0.775388,1,0
2.23633,0.302734,0.997052,0.000103197,0.775389,1,0
2.25586,0.283203,0.999071,0.000102445,0.773438,1,0
2.25586,0.302734,0.997052,0.000102877,0.773438,1,0
2.27539,0.166016,1.00132,7.83935e-05,0.771487,1,0
2.27539,0.185547,1.00123,8.4236e-05,0.771487,1,0
2.29492,0.166016,1.00131,7.82054e-05,0.769537,1,0
2.29492,0.185547,1.00123,8.40342e-05,0.769537,1,0
2.27539,0.205078,1.00111,8.93086e-05,0.771487,1,0
2.27539,0.224609,1.00094,9.38393e-05,0.771487,1,0
2.29492,0.205078,1.00111,8.90921e-05,0.769537,1,0
2.29492,0.224609,1.00093,9.36057e-05,0.769537,1,0
2.31445,0.166016,1.00131,7.80131e-05,0.767587,1,0
2.31445,0.185547,1.00122,8.38281e-05,0.767587,1,0
2.33398,0.166016,1.0013,7.78164e-05,0.765636,1,0
2.33398,0.185547,1.00122,8.36174e-05,0.765637,1,0
2.31445,0.205078,1.0011,8.88711e-05,0.767587,1,0
2.31445,0.224609,1.00093,9.33675e-05,0.767587,1,0
2.33398,0.205078,1.0011,8.86455e-05,0.765637,1,0
2.33398,0.224609,1.00093,9.31245e-05,0.765637,1,0
2.27539,0.244141,1.00064,9.75304e-05,0.771488,1,0
2.27539,0.263672,1.00011,0.000100406,0.771488,1,0
2.29492,0.244141,1.00064,9.72777e-05,0.769538,1,0
2.29492,0.263672,1.0001,0.000100131,0.769538,1,0
2.27539,0.283203,0.999069,0.000102149,0.771488,1,0
2.27539,0.302734,0.997053,0.000102551,0.771488,1,0
2.29492,0.283203,0.999068,0.000101849,0.769538,1,0
2.29492,0.302734,0.997053,0.000102221,0.769538,1,0
2.31445,0.244141,1.00064,9.70203e-05,0.767587,1,0
2.31445,0.263672,1.0001,9.98514e-05,0.767588,1,0
2.33398,0.244141,1.00063,9.67579e-05,0.765637,1,0
2.33398,0.263672,1.0001,9.95664e-05,0.765637,1,0
2.31445,0.283203,0.999067,0.000101543,0.767588,1,0
2.31445,0.302734,0.997054,0.000101886,0.767588,1,0
2.33398,0.283203,0.999066,0.000101233,0.765638,1,0
2.33398,0.302734,0.997055,0.000101545,0.765638,1,0
2.35352,0.00976562,1.00144,1.15029e-05,0.763686,1,0
2.35352,0.0292969,1.00153,2.36553e-05,0.763685,1,0
2.37305,0.00976562,1.00143,1.14317e-05,0.761735,1,0
2.37305,0.0292969,1.00152,2.35261e-05,0.761735,1,0
2.35352,0.0488281,1.00156,3.20553e-05,0.763686,1,0
2.35352,0.0683594,1.00154,4.19895e-05,0.763686,1,0
2.37305,0.0488281,1.00155,3.19124e-05,0.761735,1,0
2.37305,0.0683594,1.00154,4.18287e-05,0.761735,1,0
2.39258,0.00976562,1.00142,1.13594e-05,0.759785,1,0
2.39258,0.0292969,1.00151,2.33949e-05,0.759785,1,0
2.41211,0.00976562,1.00141,1.12858e-05,0.757835,1,0
2.41211,0.0292969,1.0015,2.32618e-05,0.757835,1,0
2.39258,0.0488281,1.00154,3.17672e-05,0.759785,1,0
2.39258,0.0683594,1.00153,4.16647e-05,0.759785,1,0
2.41211,0.0488281,1.00153,3.16195e-05,0.757835,1,0
2.41211,0.0683594,1.00152,4.14977e-05,0.757835,1,0
2.35352,0.0878906,1.00151,4.95726e-05,0.763686,1,0
2.35352,0.107422,1.00147,5.77004e-05,0.763686,1,0
2.37305,0.0878906,1.0015,4.94096e-05,0.761736,1,0
2.37305,0.107422,1.00146,5.75269e-05,0.761736,1,0
2.35352,0.126953,1.00142,6.45871e-05,0.763686,1,0
2.35352,0.146484,1.00136,7.153e-05,0.763686,1,0
2.37305,0.126953,1.00141,6.44058e-05,0.761736,1,0
2.37305,0.146484,1.00136,7.13364e-05,0.761736,1,0
2.39258,0.0878906,1.0015,4.92431e-05,0.759785,1,0
2.39258,0.107422,1.00145,5.73496e-05,0.759785,1,0
2.41211,0.0878906,1.00149,4.90731e-05,0.757835,1,0
2.41211,0.107422,1.00145,5.71682e-05,0.757835,1,0
2.39258,0.126953,1.00141,6.42204e-05,0.759786,1,0
2.39258,0.146484,1.00135,7.11383e-05,0.759786,1,0
2.41211,0.126953,1.0014,6.40308e-05,0.757835,1,0
2.41211,0.146484,1.00134,7.09358e-05,0.757835,1,0
2.43164,0.00976562,1.0014,1.12112e-05,0.755885,1,0
2.43164,0.0292969,1.00149,2.31269e-05,0.755884,1,0
2.45117,0.00976562,1.00139,1.11356e-05,0.753934,1,0
2.45117,0.0292969,1.00148,2.29901e-05,0.753934,1,0
2.43164,0.0488281,1.00152,3.14695e-05,0.755885,1,0
2.43164,0.0683594,1.00151,4.13275e-05,0.755885,1,0
2.45117,0.0488281,1.00151,3.13171e-05,0.753934,1,0
2.45117,0.0683594,1.0015,4.11542e-05,0.753934,1,0
2.4707,0.00976562,1.00138,1.10589e-05,0.751984,1,0
2.4707,0.0292969,1.00147,2.28515e-05,0.751984,1,0
2.49023,0.00976562,1.00137,1.09811e-05,0.750034,1,0
2.49023,0.0292969,1.00146,2.2711e-05,0.750034,1,0
2.4707,0.0488281,1.0015,3.11622e-05,0.751984,1,0
2.4707,0.0683594,1.00149,4.09778e-05,0.751984,1,0
2.49023,0.0488281,1.00149,3.1005e-05,0.750034,1,0
2.49023,0.0683594,1.00148,4.07982e-05,0.750034,1,0
2.43164,0.0878906,1.00148,4.88996e-05,0.755885,1,0
2.43164,0.107422,1.00144,5.69829e-05,0.755885,1,0
2.45117,0.0878906,1.00147,4.87226e-05,0.753935,1,0
2.45117,0.107422,1.00143,5.67935e-05,0.753935,1,0
2.43164,0.126953,1.00139,6.3837e-05,0.755885,1,0
2.43164,0.146484,1.00134,7.07286e-05,0.755885,1,0
2.45117,0.126953,1.00139,6.36389e-05,0.753935,1,0
2.45117,0.146484,1.00133,7.05167e-05,0.753935,1,0
2.4707,0.0878906,1.00146,4.8542e-05,0.751984,1,0
2.4707,0.107422,1.00143,5.66001e-05,0.751984,1,0
2.49023,0.0878906,1.00146,4.83577e-05,0.750034,1,0
2.49023,0.107422,1.00142,5.64024e-05,0.750034,1,0
2.4707,0.126953,1.00138,6.34364e-05,0.751984,1,0
2.4707,0.146484,1.00132,7.03e-05,0.751985,1,0
2.49023,0.126953,1.00137,6.32293e-05,0.750034,1,0
2.49023,0.146484,1.00132,7.00783e-05,0.750034,1,0
2.35352,0.166016,1.00129,7.76153e-05,0.763686,1,0
2.35352,0.185547,1.00121,8.34021e-05,0.763686,1,0
2.37305,0.166016,1.00129,7.74098e-05,0.761736,1,0
2.37305,0.185547,1.0012,8.31821e-05,0.761736,1,0
2.35352,0.205078,1.00109,8.84151e-05,0.763687,1,0
2.35352,0.224609,1.00092,9.28765e-05,0.763687,1,0
2.37305,0.205078,1.00109,8.81797e-05,0.761736,1,0
2.37305,0.224609,1.00092,9.26233e-05,0.761737,1,0
2.39258,0.166016,1.00128,7.71995e-05,0.759786,1,0
2.39258,0.185547,1.0012,8.29571e-05,0.759786,1,0
2.41211,0.166016,1.00128,7.69846e-05,0.757836,1,0
2.41211,0.185547,1.00119,8.27271e-05,0.757836,1,0
2.39258,0.205078,1.00109,8.79391e-05,0.759786,1,0
2.39258,0.224609,1.00091,9.23648e-05,0.759786,1,0
2.41211,0.205078,1.00108,8.76932e-05,0.757836,1,0
2.41211,0.224609,1.00091,9.21006e-05,0.757836,1,0
2.35352,0.244141,1.00063,9.64904e-05,0.763687,1,0
2.35352,0.263672,1.0001,9.92761e-05,0.763687,1,0
2.37305,0.244141,1.00063,9.62174e-05,0.761737,1,0
2.37305,0.263672,1.00009,9.89802e-05,0.761737,1,0
2.35352,0.283203,0.999065,0.000100916,0.763687,1,0
2.35352,0.302734,0.997055,0.000101199,0.763688,1,0
2.37305,0.283203,0.999064,0.000100594,0.761737,1,0
2.37305,0.302734,0.997056,0.000100846,0.761737,1,0
2.39258,0.244141,1.00062,9.59388e-05,0.759787,1,0
2.39258,0.263672,1.00009,9.86783e-05,0.759787,1,0
2.41211,0.244141,1.00062,9.56544e-05,0.757836,1,0
2.41211,0.263672,1.00009,9.83703e-05,0.757837,1,0
2.39258,0.283203,0.999064,0.000100266,0.759787,1,0
2.39258,0.302734,0.997057,0.000100488,0.759787,1,0
2.41211,0.283203,0.999063,9.99311e-05,0.757837,1,0
2.41211,0.302734,0.997057,0.000100122,0.757837,1,0
2.43164,0.166016,1.00127,7.67647e-05,0.755885,1,0
2.43164,0.185547,1.00119,8.24918e-05,0.755885,1,0
2.45117,0.166016,1.00127,7.65399e-05,0.753935,1,0
2.45117,0.185547,1.00118,8.22512e-05,0.753935,1,0
2.43164,0.205078,1.00108,8.74418e-05,0.755886,1,0
2.43164,0.224609,1.00091,9.18305e-05,0.755886,1,0
2.45117,0.205078,1.00107,8.71848e-05,0.753935,1,0
2.45117,0.224609,1.0009,9.15545e-05,0.753936,1,0
2.4707,0.166016,1.00126,7.63099e-05,0.751985,1,0
2.4707,0.185547,1.00118,8.20051e-05,0.751985,1,0
2.49023,0.166016,1.00125,7.60747e-05,0.750034,1,0
2.49023,0.185547,1.00117,8.17533e-05,0.750035,1,0
2.4707,0.205078,1.00107,8.69219e-05,0.751985,1,0
2.4707,0.224609,1.0009,9.12722e-05,0.751985,1,0
2.49023,0.205078,1.00106,8.6653e-05,0.750035,1,0
2.49023,0.224609,1.00089,9.09836e-05,0.750035,1,0
2.43164,0.244141,1.00062,9.53637e-05,0.755886,1,0
2.43164,0.263672,1.00009,9.80559e-05,0.755886,1,0
2.45117,0.244141,1.00062,9.50667e-05,0.753936,1,0
2.45117,0.263672,1.00009,9.77347e-05,0.753936,1,0
2.43164,0.283203,0.999062,9.95897e-05,0.755887,1,0
2.43164,0.302734,0.997058,9.97496e-05,0.755887,1,0
2.45117,0.283203,0.999061,9.92412e-05,0.753936,1,0
2.45117,0.302734,0.997059,9.93698e-05,0.753937,1,0
2.4707,0.244141,1.00061,9.47632e-05,0.751986,1,0
2.4707,0.263672,1.00008,9.74066e-05,0.751986,1,0
2.49023,0.244141,1.00061,9.44529e-05,0.750035,1,0
2.49023,0.263672,1.00008,9.70714e-05,0.750035,1,0
2.4707,0.283203,0.99906,9.88854e-05,0.751986,1,0
2.4707,0.302734,0.99706,9.89825e-05,0.751986,1,0
2.49023,0.283203,0.999059,9.85222e-05,0.750036,1,0
2.49023,0.302734,0.997061,9.85875e-05,0.750036,1,0
2.19727,0.322266,0.993156,0.000102448,0.779289,1,0
2.19727,0.341797,0.985832,9.86211e-05,0.779289,1,0
2.2168,0.322266,0.993158,0.000102103,0.777339,1,0
2.2168,0.341797,0.985838,9.82429e-05,0.777339,1,0
2.19727,0.361328,0.972486,9.14114e-05,0.77929,1,0
2.19727,0.380859,0.949001,8.03479e-05,0.77929,1,0
2.2168,0.361328,0.972495,9.10081e-05,0.777339,1,0
2.2168,0.380859,0.949014,7.99404e-05,0.77734,1,0
2.23633,0.322266,0.993161,0.000101755,0.775389,1,0
2.23633,0.341797,0.985844,9.78608e-05,0.775389,1,0
2.25586,0.322266,0.993164,0.000101401,0.773439,1,0
2.25586,0.341797,0.985849,9.74746e-05,0.773439,1,0
2.23633,0.361328,0.972504,9.06013e-05,0.775389,1,0
2.23633,0.380859,0.949027,7.95298e-05,0.77539,1,0
2.25586,0.361328,0.972514,9.01906e-05,0.773439,1,0
2.25586,0.380859,0.94904,7.91158e-05,0.773439,1,0
2.19727,0.400391,0.909176,6.51822e-05,0.77929,1,0
2.19727,0.419922,0.844148,4.74545e-05,0.77929,1,0
2.2168,0.400391,0.909192,6.48076e-05,0.77734,1,0
2.2168,0.419922,0.844166,4.7151e-05,0.77734,1,0
2.19727,0.439453,0.74195,2.90199e-05,0.77929,1,0
2.19727,0.458984,0.587359,1.34838e-05,0.779291,1,0
2.2168,0.439453,0.741967,2.88166e-05,0.77734,1,0
2.2168,0.458984,0.587373,1.33873e-05,0.777341,1,0
2.23633,0.400391,0.909209,6.44306e-05,0.77539,1,0
2.23633,0.419922,0.844184,4.68453e-05,0.77539,1,0
2.25586,0.400391,0.909225,6.40507e-05,0.77344,1,0
2.25586,0.419922,0.844202,4.65371e-05,0.77344,1,0
2.23633,0.439453,0.741984,2.8612e-05,0.77539,1,0
2.23633,0.458984,0.587386,1.32903e-05,0.77539,1,0
2.25586,0.439453,0.742001,2.84059e-05,0.77344,1,0
2.25586,0.458984,0.587399,1.31927e-05,0.77344,1,0
2.27539,0.322266,0.993166,0.000101044,0.771489,1,0
2.27539,0.341797,0.985855,9.70839e-05,0.771489,1,0
2.29492,0.322266,0.993169,0.000100681,0.769538,1,0
2.29492,0.341797,0.98586,9.66884e-05,0.769539,1,0
2.27539,0.361328,0.972523,8.97757e-05,0.771489,1,0
2.27539,0.380859,0.949054,7.86981e-05,0.771489,1,0
2.29492,0.361328,0.972532,8.93564e-05,0.769539,1,0
2.29492,0.380859,0.949067,7.82765e-05,0.769539,1,0
2.31445,0.322266,0.993172,0.000100313,0.767588,1,0
2.31445,0.341797,0.985866,9.62877e-05,0.767589,1,0
2.33398,0.322266,0.993175,9.99399e-05,0.765638,1,0
2.33398,0.341797,0.985872,9.58816e-05,0.765638,1,0
2.31445,0.361328,0.972541,8.89322e-05,0.767589,1,0
2.31445,0.380859,0.94908,7.78505e-05,0.767589,1,0
2.33398,0.361328,0.97255,8.85028e-05,0.765639,1,0
2.33398,0.380859,0.949093,7.74199e-05,0.765639,1,0
2.27539,0.400391,0.909241,6.36676e-05,0.77149,1,0
2.27539,0.419922,0.84422,4.62264e-05,0.77149,1,0
2.29492,0.400391,0.909258,6.3281e-05,0.769539,1,0
2.29492,0.419922,0.844237,4.59127e-05,0.76954,1,0
2.27539,0.439453,0.742018,2.81981e-05,0.77149,1,0
2.27539,0.458984,0.587412,1.30943e-05,0.77149,1,0
2.29492,0.439453,0.742034,2.79882e-05,0.76954,1,0
2.29492,0.458984,0.587425,1.2995e-05,0.76954,1,0
2.31445,0.400391,0.909274,6.28905e-05,0.767589,1,0
2.31445,0.419922,0.844255,4.55958e-05,0.76759,1,0
2.33398,0.400391,0.90929,6.24959e-05,0.765639,1,0
2.33398,0.419922,0.844272,4.52753e-05,0.765639,1,0
2.31445,0.439453,0.742051,2.77761e-05,0.76759,1,0
2.31445,0.458984,0.587437,1.28945e-05,0.76759,1,0
2.33398,0.439453,0.742067,2.75614e-05,0.765639,1,0
2.33398,0.458984,0.58745,1.27929e-05,0.76564,1,0
2.19727,0.478516,0.362176,2.36362e-06,0.779291,1,0
2.19727,0.498047,0.0459681,-1.79147e-06,0.779291,0.6,0
2.2168,0.478516,0.362184,2.35604e-06,0.777341,1,0
2.2168,0.498047,0.0459688,-1.77221e-06,0.777341,0.6,0
2.23633,0.478516,0.362191,2.34853e-06,0.77539,1,0
2.23633,0.498047,0.0459696,-1.75258e-06,0.775391,0.6,0
2.25586,0.478516,0.362199,2.34103e-06,0.77344,1,0
2.25586,0.498047,0.0459703,-1.73257e-06,0.773441,0.6,0
2.27539,0.478516,0.362206,2.33353e-06,0.77149,1,0
2.27539,0.498047,0.0459711,-1.71213e-06,0.77149,0.6,0
2.29492,0.478516,0.362213,2.32594e-06,0.76954,1,0
2.29492,0.498047,0.0459719,-1.69124e-06,0.76954,0.6,0
2.31445,0.478516,0.36222,2.31824e-06,0.76759,1,0
2.31445,0.498047,0.0459727,-1.66984e-06,0.76759,0.6,0
2.33398,0.478516,0.362227,2.31035e-06,0.76564,1,0
2.33398,0.498047,0.0459735,-1.64792e-06,0.76564,0.6,0
2.35352,0.322266,0.993178,9.95607e-05,0.763688,1,0
2.35352,0.341797,0.985877,9.54697e-05,0.763688,1,0
2.37305,0.322266,0.993181,9.91753e-05,0.761738,1,0
2.37305,0.341797,0.985883,9.50516e-05,0.761738,1,0
2.35352,0.361328,0.97256,8.80679e-05,0.763688,1,0
2.35352,0.380859,0.949106,7.69842e-05,0.763689,1,0
2.37305,0.361328,0.972569,8.76272e-05,0.761738,1,0
2.37305,0.380859,0.949119,7.65433e-05,0.761738,1,0
2.39258,0.322266,0.993183,9.87834e-05,0.759787,1,0
2.39258,0.341797,0.985889,9.46272e-05,0.759788,1,0
2.41211,0.322266,0.993186,9.83847e-05,0.757837,1,0
2.41211,0.341797,0.985895,9.4196e-05,0.757838,1,0
2.39258,0.361328,0.972578,8.71803e-05,0.759788,1,0
2.39258,0.380859,0.949131,7.60966e-05,0.759788,1,0
2.41211,0.361328,0.972588,8.6727e-05,0.757838,1,0
2.41211,0.380859,0.949144,7.56438e-05,0.757838,1,0
2.35352,0.400391,0.909306,6.20967e-05,0.763689,1,0
2.35352,0.419922,0.84429,4.49512e-05,0.763689,1,0
2.37305,0.400391,0.909322,6.16927e-05,0.761739,1,0
2.37305,0.419922,0.844307,4.4623e-05,0.761739,1,0
2.35352,0.439453,0.742083,2.7344e-05,0.763689,1,0
2.35352,0.458984,0.587462,1.26897e-05,0.763689,1,0
2.37305,0.439453,0.742099,2.71236e-05,0.761739,1,0
2.37305,0.458984,0.587475,1.25851e-05,0.761739,1,0
2.39258,0.400391,0.909338,6.12835e-05,0.759789,1,0
2.39258,0.419922,0.844324,4.42905e-05,0.759789,1,0
2.41211,0.400391,0.909354,6.08688e-05,0.757838,1,0
2.41211,0.419922,0.844341,4.39533e-05,0.757839,1,0
2.39258,0.439453,0.742115,2.68999e-05,0.759789,1,0
2.39258,0.458984,0.587487,1.24786e-05,0.759789,1,0
2.41211,0.439453,0.742131,2.66727e-05,0.757839,1,0
2.41211,0.458984,0.587499,1.23702e-05,0.757839,1,0
2.43164,0.322266,0.993189,9.79789e-05,0.755887,1,0
2.43164,0.341797,0.985901,9.37577e-05,0.755887,1,0
2.45117,0.322266,0.993192,9.75656e-05,0.753937,1,0
2.45117,0.341797,0.985907,9.33121e-05,0.753937,1,0
2.43164,0.361328,0.972597,8.62668e-05,0.755888,1,0
2.43164,0.380859,0.949157,7.51847e-05,0.755888,1,0
2.45117,0.361328,0.972606,8.57995e-05,0.753937,1,0
2.45117,0.380859,0.94917,7.47189e-05,0.753938,1,0
2.4707,0.322266,0.993195,9.71447e-05,0.751987,1,0
2.4707,0.341797,0.985912,9.28588e-05,0.751987,1,0
2.49023,0.322266,0.993199,9.67159e-05,0.750036,1,0
2.49023,0.341797,0.985918,9.23976e-05,0.750037,1,0
2.4707,0.361328,0.972615,8.53248e-05,0.751987,1,0
2.4707,0.380859,0.949183,7.42461e-05,0.751987,1,0
2.49023,0.361328,0.972625,8.48423e-05,0.750037,1,0
2.49023,0.380859,0.949196,7.37661e-05,0.750037,1,0
2.43164,0.400391,0.90937,6.04484e-05,0.755888,1,0
2.43164,0.419922,0.844358,4.36112e-05,0.755888,1,0
2.45117,0.400391,0.909385,6.00219e-05,0.753938,1,0
2.45117,0.419922,0.844375,4.32638e-05,0.753938,1,0
2.43164,0.439453,0.742147,2.64417e-05,0.755888,1,0
2.43164,0.458984,0.587511,1.22596e-05,0.755889,1,0
2.45117,0.439453,0.742162,2.62065e-05,0.753938,1,0
2.45117,0.458984,0.587523,1.21467e-05,0.753938,1,0
2.4707,0.400391,0.909401,5.9589e-05,0.751988,1,0
2.4707,0.419922,0.844392,4.29109e-05,0.751988,1,0
2.49023,0.400391,0.909417,5.91496e-05,0.750037,1,0
2.49023,0.419922,0.844409,4.25519e-05,0.750038,1,0
2.4707,0.439453,0.742178,2.5967e-05,0.751988,1,0
2.4707,0.458984,0.587535,1.20312e-05,0.751988,1,0
2.49023,0.439453,0.742193,2.57228e-05,0.750038,1,0
2.49023,0.458984,0.587547,1.1913e-05,0.750038,1,0
2.35352,0.478516,0.362234,2.30223e-06,0.76369,1,0
2.35352,0.498047,0.0459743,-1.62542e-06,0.76369,0.6,0
2.37305,0.478516,0.362242,2.29378e-06,0.761739,1,0
2.37305,0.498047,0.0459751,-1.60234e-06,0.76174,0.6,0
2.39258,0.478516,0.362248,2.28498e-06,0.759789,1,0
2.39258,0.498047,0.045976,-1.57861e-06,0.759789,0.6,0
2.41211,0.478516,0.362255,2.27572e-06,0.757839,1,0
2.41211,0.498047,0.0459768,-1.55425e-06,0.757839,0.6,0
2.43164,0.478516,0.362262,2.26596e-06,0.755889,1,0
2.43164,0.498047,0.0459777,-1.52922e-06,0.755889,0.6,0
2.45117,0.478516,0.362269,2.25559e-06,0.753938,1,0
2.45117,0.498047,0.0459785,-1.50353e-06,0.753939,0.6,0
2.4707,0.478516,0.362276,2.24459e-06,0.751988,1,0
2.4707,0.498047,0.0459794,-1.47714e-06,0.751988,0.6,0
2.49023,0.478516,0.362282,2.23283e-06,0.750038,1,0
2.49023,0.498047,0.0459803,-1.45009e-06,0.750038,0.6,0
2.50977,0.00976562,1.00136,1.09023e-05,0.748083,1,0
2.50977,0.0292969,1.00145,2.25686e-05,0.748083,1,0
2.5293,0.00976562,1.00135,1.08224e-05,0.746133,1,0
2.5293,0.0292969,1.00144,2.24243e-05,0.746133,1,0
2.50977,0.0488281,1.00148,3.08452e-05,0.748084,1,0
2.50977,0.0683594,1.00148,4.06154e-05,0.748083,1,0
2.5293,0.0488281,1.00147,3.0683e-05,0.746133,1,0
2.5293,0.0683594,1.00147,4.04294e-05,0.746133,1,0
2.54883,0.00976562,1.00134,1.07416e-05,0.744183,1,0
2.54883,0.0292969,1.00143,2.22782e-05,0.744183,1,0
2.56836,0.00976562,1.00133,1.066e-05,0.742232,1,0
2.56836,0.0292969,1.00142,2.21305e-05,0.742232,1,0
2.54883,0.0488281,1.00146,3.05184e-05,0.744183,1,0
2.54883,0.0683594,1.00146,4.02402e-05,0.744183,1,0
2.56836,0.0488281,1.00145,3.03514e-05,0.742233,1,0
2.56836,0.0683594,1.00145,4.00478e-05,0.742232,1,0
2.50977,0.0878906,1.00145,4.81697e-05,0.748084,1,0
2.50977,0.107422,1.00141,5.62006e-05,0.748084,1,0
2.5293,0.0878906,1.00144,4.79781e-05,0.746133,1,0
2.5293,0.107422,1.0014,5.59946e-05,0.746133,1,0
2.50977,0.126953,1.00137,6.30177e-05,0.748084,1,0
2.50977,0.146484,1.00131,6.98517e-05,0.748084,1,0
2.5293,0.126953,1.00136,6.28016e-05,0.746134,1,0
2.5293,0.146484,1.00131,6.96201e-05,0.746134,1,0
2.54883,0.0878906,1.00143,4.77827e-05,0.744183,1,0
2.54883,0.107422,1.0014,5.57843e-05,0.744183,1,0
2.56836,0.0878906,1.00142,4.75837e-05,0.742233,1,0
2.56836,0.107422,1.00139,5.55698e-05,0.742233,1,0
2.54883,0.126953,1.00135,6.25808e-05,0.744183,1,0
2.54883,0.146484,1.0013,6.93834e-05,0.744183,1,0
2.56836,0.126953,1.00134,6.23554e-05,0.742233,1,0
2.56836,0.146484,1.00129,6.91415e-05,0.742233,1,0
2.58789,0.00976562,1.00132,1.05776e-05,0.740282,1,0
2.58789,0.0292969,1.00141,2.19812e-05,0.740282,1,0
2.60742,0.00976562,1.00132,1.04948e-05,0.738332,1,0
2.60742,0.0292969,1.0014,2.18307e-05,0.738331,1,0
2.58789,0.0488281,1.00144,3.01821e-05,0.740282,1,0
2.58789,0.0683594,1.00144,3.98524e-05,0.740282,1,0
2.60742,0.0488281,1.00144,3.00106e-05,0.738332,1,0
2.60742,0.0683594,1.00143,3.96541e-05,0.738332,1,0
2.62695,0.00976562,1.00131,1.04117e-05,0.736381,1,0
2.62695,0.0292969,1.00139,2.16792e-05,0.736381,1,0
2.64648,0.00976562,1.0013,1.03284e-05,0.734431,1,0
2.64648,0.0292969,1.00138,2.15268e-05,0.734431,1,0
2.62695,0.0488281,1.00143,2.98371e-05,0.736381,1,0
2.62695,0.0683594,1.00142,3.94528e-05,0.736381,1,0
2.64648,0.0488281,1.00142,2.96616e-05,0.734431,1,0
2.64648,0.0683594,1.00142,3.92488e-05,0.734431,1,0
2.58789,0.0878906,1.00142,4.7381e-05,0.740282,1,0
2.58789,0.107422,1.00138,5.53511e-05,0.740282,1,0
2.60742,0.0878906,1.00141,4.71747e-05,0.738332,1,0
2.60742,0.107422,1.00137,5.51282e-05,0.738332,1,0
2.58789,0.126953,1.00134,6.21253e-05,0.740283,1,0
2.58789,0.146484,1.00129,6.88945e-05,0.740283,1,0
2.60742,0.126953,1.00133,6.18906e-05,0.738332,1,0
2.60742,0.146484,1.00128,6.86424e-05,0.738332,1,0
2.62695,0.0878906,1.0014,4.69649e-05,0.736382,1,0
2.62695,0.107422,1.00137,5.49012e-05,0.736382,1,0
2.64648,0.0878906,1.00139,4.67515e-05,0.734431,1,0
2.64648,0.107422,1.00136,5.46699e-05,0.734431,1,0
2.62695,0.126953,1.00132,6.16512e-05,0.736382,1,0
2.62695,0.146484,1.00127,6.83851e-05,0.736382,1,0
2.64648,0.126953,1.00132,6.14072e-05,0.734431,1,0
2.64648,0.146484,1.00127,6.81226e-05,0.734432,1,0
2.50977,0.166016,1.00125,7.58341e-05,0.748084,1,0
2.50977,0.185547,1.00117,8.14958e-05,0.748084,1,0
2.5293,0.166016,1.00124,7.55881e-05,0.746134,1,0
2.5293,0.185547,1.00116,8.12325e-05,0.746134,1,0
2.50977,0.205078,1.00106,8.6378e-05,0.748085,1,0
2.50977,0.224609,1.00089,9.06884e-05,0.748085,1,0
2.5293,0.205078,1.00105,8.60967e-05,0.746134,1,0
2.5293,0.224609,1.00089,9.03866e-05,0.746134,1,0
2.54883,0.166016,1.00124,7.53366e-05,0.744184,1,0
2.54883,0.185547,1.00116,8.09632e-05,0.744184,1,0
2.56836,0.166016,1.00123,7.50796e-05,0.742233,1,0
2.56836,0.185547,1.00115,8.06879e-05,0.742233,1,0
2.54883,0.205078,1.00105,8.58091e-05,0.744184,1,0
2.54883,0.224609,1.00088,9.00781e-05,0.744184,1,0
2.56836,0.205078,1.00104,8.55152e-05,0.742234,1,0
2.56836,0.224609,1.00088,8.97627e-05,0.742234,1,0
2.50977,0.244141,1.00061,9.41357e-05,0.748085,1,0
2.50977,0.263672,1.00008,9.67289e-05,0.748085,1,0
2.5293,0.244141,1.0006,9.38114e-05,0.746135,1,0
2.5293,0.263672,1.00008,9.6379e-05,0.746135,1,0
2.50977,0.283203,0.999059,9.81513e-05,0.748085,1,0
2.50977,0.302734,0.997062,9.81846e-05,0.748086,1,0
2.5293,0.283203,0.999058,9.77727e-05,0.746135,1,0
2.5293,0.302734,0.997063,9.77736e-05,0.746135,1,0
2.54883,0.244141,1.0006,9.34801e-05,0.744184,1,0
2.54883,0.263672,1.00008,9.60216e-05,0.744185,1,0
2.56836,0.244141,1.0006,9.31416e-05,0.742234,1,0
2.56836,0.263672,1.00007,9.56567e-05,0.742234,1,0
2.54883,0.283203,0.999057,9.73864e-05,0.744185,1,0
2.54883,0.302734,0.997064,9.73546e-05,0.744185,1,0
2.56836,0.283203,0.999057,9.69921e-05,0.742234,1,0
2.56836,0.302734,0.997065,9.69275e-05,0.742235,1,0
2.58789,0.166016,1.00122,7.48171e-05,0.740283,1,0
2.58789,0.185547,1.00115,8.04066e-05,0.740283,1,0
2.60742,0.166016,1.00122,7.45489e-05,0.738332,1,0
2.60742,0.185547,1.00114,8.01193e-05,0.738333,1,0
2.58789,0.205078,1.00104,8.52148e-05,0.740283,1,0
2.58789,0.224609,1.00088,8.94405e-05,0.740283,1,0
2.60742,0.205078,1.00103,8.49079e-05,0.738333,1,0
2.60742,0.224609,1.00087,8.91115e-05,0.738333,1,0
2.62695,0.166016,1.00121,7.42751e-05,0.736382,1,0
2.62695,0.185547,1.00114,7.98258e-05,0.736382,1,0
2.64648,0.166016,1.00121,7.39957e-05,0.734432,1,0
2.64648,0.185547,1.00113,7.95263e-05,0.734432,1,0
2.62695,0.205078,1.00103,8.45945e-05,0.736382,1,0
2.62695,0.224609,1.00087,8.87754e-05,0.736383,1,0
2.64648,0.205078,1.00103,8.42745e-05,0.734432,1,0
2.64648,0.224609,1.00086,8.84324e-05,0.734432,1,0
2.58789,0.244141,1.00059,9.27959e-05,0.740284,1,0
2.58789,0.263672,1.00007,9.52842e-05,0.740284,1,0
2.60742,0.244141,1.00059,9.24428e-05,0.738333,1,0
2.60742,0.263672,1.00007,9.49041e-05,0.738334,1,0
2.58789,0.283203,0.999056,9.65899e-05,0.740284,1,0
2.58789,0.302734,0.997066,9.6492e-05,0.740284,1,0
2.60742,0.283203,0.999055,9.61797e-05,0.738334,1,0
2.60742,0.302734,0.997067,9.60482e-05,0.738334,1,0
2.62695,0.244141,1.00059,9.20825e-05,0.736383,1,0
2.62695,0.263672,1.00007,9.45161e-05,0.736383,1,0
2.64648,0.244141,1.00059,9.17146e-05,0.734433,1,0
2.64648,0.263672,1.00007,9.41203e-05,0.734433,1,0
2.62695,0.283203,0.999055,9.57613e-05,0.736383,1,0
2.62695,0.302734,0.997068,9.55958e-05,0.736384,1,0
2.64648,0.283203,0.999054,9.53345e-05,0.734433,1,0
2.64648,0.302734,0.997069,9.51346e-05,0.734433,1,0
2.66602,0.00976562,1.00129,1.02451e-05,0.732481,1,0
2.66602,0.0292969,1.00137,2.13736e-05,0.73248,1,0
2.68555,0.00976562,1.00128,1.01617e-05,0.73053,1,0
2.68555,0.0292969,1.00136,2.12196e-05,0.73053,1,0
2.66602,0.0488281,1.00141,2.94843e-05,0.732481,1,0
2.66602,0.0683594,1.00141,3.90421e-05,0.732481,1,0
2.68555,0.0488281,1.0014,2.9305e-05,0.73053,1,0
2.68555,0.0683594,1.0014,3.88326e-05,0.73053,1,0
2.70508,0.00976562,1.00127,1.00781e-05,0.72858,1,0
2.70508,0.0292969,1.00135,2.10647e-05,0.728579,1,0
2.72461,0.00976562,1.00126,9.99424e-06,0.726629,1,0
2.72461,0.0292969,1.00135,2.09088e-05,0.726629,1,0
2.70508,0.0488281,1.00139,2.91237e-05,0.72858,1,0
2.70508,0.0683594,1.00139,3.86204e-05,0.72858,1,0
2.72461,0.0488281,1.00138,2.89405e-05,0.726629,1,0
2.72461,0.0683594,1.00138,3.84054e-05,0.726629,1,0
2.66602,0.0878906,1.00139,4.65346e-05,0.732481,1,0
2.66602,0.107422,1.00135,5.44346e-05,0.732481,1,0
2.68555,0.0878906,1.00138,4.63142e-05,0.73053,1,0
2.68555,0.107422,1.00134,5.41951e-05,0.73053,1,0
2.66602,0.126953,1.00131,6.11585e-05,0.732481,1,0
2.66602,0.146484,1.00126,6.78549e-05,0.732481,1,0
2.68555,0.126953,1.0013,6.09051e-05,0.730531,1,0
2.68555,0.146484,1.00125,6.7582e-05,0.730531,1,0
2.70508,0.0878906,1.00137,4.60902e-05,0.72858,1,0
2.70508,0.107422,1.00134,5.39514e-05,0.72858,1,0
2.72461,0.0878906,1.00136,4.58627e-05,0.726629,1,0
2.72461,0.107422,1.00133,5.37036e-05,0.726629,1,0
2.70508,0.126953,1.0013,6.0647e-05,0.72858,1,0
2.70508,0.146484,1.00125,6.73039e-05,0.72858,1,0
2.72461,0.126953,1.00129,6.03842e-05,0.72663,1,0
2.72461,0.146484,1.00124,6.70206e-05,0.72663,1,0
2.74414,0.00976562,1.00125,9.91005e-06,0.724679,1,0
2.74414,0.0292969,1.00134,2.07518e-05,0.724678,1,0
2.76367,0.00976562,1.00124,9.82545e-06,0.722728,1,0
2.76367,0.0292969,1.00133,2.05935e-05,0.722728,1,0
2.74414,0.0488281,1.00137,2.87553e-05,0.724679,1,0
2.74414,0.0683594,1.00137,3.81875e-05,0.724679,1,0
2.76367,0.0488281,1.00136,2.8568e-05,0.722728,1,0
2.76367,0.0683594,1.00137,3.79668e-05,0.722728,1,0
2.7832,0.00976562,1.00123,9.74039e-06,0.720778,1,0
2.7832,0.0292969,1.00132,2.0434e-05,0.720777,1,0
2.80273,0.00976562,1.00123,9.65491e-06,0.718827,1,0
2.80273,0.0292969,1.00131,2.02733e-05,0.718827,1,0
2.7832,0.0488281,1.00135,2.83787e-05,0.720778,1,0
2.7832,0.0683594,1.00136,3.77432e-05,0.720778,1,0
2.80273,0.0488281,1.00135,2.81874e-05,0.718827,1,0
2.80273,0.0683594,1.00135,3.75168e-05,0.718827,1,0
2.74414,0.0878906,1.00135,4.56317e-05,0.724679,1,0
2.74414,0.107422,1.00132,5.34517e-05,0.724679,1,0
2.76367,0.0878906,1.00135,4.53971e-05,0.722728,1,0
2.76367,0.107422,1.00132,5.31955e-05,0.722729,1,0
2.74414,0.126953,1.00128,6.01167e-05,0.724679,1,0
2.74414,0.146484,1.00124,6.6732e-05,0.724679,1,0
2.76367,0.126953,1.00128,5.98445e-05,0.722729,1,0
2.76367,0.146484,1.00123,6.64381e-05,0.722729,1,0
2.7832,0.0878906,1.00134,4.51588e-05,0.720778,1,0
2.7832,0.107422,1.00131,5.29352e-05,0.720778,1,0
2.80273,0.0878906,1.00133,4.49171e-05,0.718827,1,0
2.80273,0.107422,1.0013,5.26707e-05,0.718827,1,0
2.7832,0.126953,1.00127,5.95675e-05,0.720778,1,0
2.7832,0.146484,1.00122,6.61391e-05,0.720778,1,0
2.80273,0.126953,1.00126,5.92859e-05,0.718828,1,0
2.80273,0.146484,1.00122,6.58348e-05,0.718828,1,0
2.66602,0.166016,1.0012,7.37106e-05,0.732481,1,0
2.66602,0.185547,1.00113,7.92206e-05,0.732481,1,0
2.68555,0.166016,1.0012,7.34199e-05,0.730531,1,0
2.68555,0.185547,1.00112,7.89087e-05,0.730531,1,0
2.66602,0.205078,1.00102,8.3948e-05,0.732482,1,0
2.66602,0.224609,1.00086,8.80822e-05,0.732482,1,0
2.68555,0.205078,1.00102,8.36147e-05,0.730531,1,0
2.68555,0.224609,1.00086,8.77249e-05,0.730531,1,0
2.70508,0.166016,1.00119,7.31234e-05,0.72858,1,0
2.70508,0.185547,1.00112,7.85906e-05,0.728581,1,0
2.72461,0.166016,1.00118,7.28212e-05,0.72663,1,0
2.72461,0.185547,1.00111,7.82662e-05,0.72663,1,0
2.70508,0.205078,1.00101,8.32748e-05,0.728581,1,0
2.70508,0.224609,1.00085,8.73603e-05,0.728581,1,0
2.72461,0.205078,1.00101,8.29281e-05,0.72663,1,0
2.72461,0.224609,1.00085,8.69884e-05,0.726631,1,0
2.66602,0.244141,1.00058,9.13392e-05,0.732482,1,0
2.66602,0.263672,1.00006,9.37163e-05,0.732482,1,0
2.68555,0.244141,1.00058,9.09561e-05,0.730532,1,0
2.68555,0.263672,1.00006,9.33042e-05,0.730532,1,0
2.66602,0.283203,0.999054,9.48992e-05,0.732483,1,0
2.66602,0.302734,0.99707,9.46642e-05,0.732483,1,0
2.68555,0.283203,0.999053,9.4455e-05,0.730532,1,0
2.68555,0.302734,0.997071,9.41845e-05,0.730532,1,0
2.70508,0.244141,1.00058,9.05652e-05,0.728581,1,0
2.70508,0.263672,1.00006,9.28836e-05,0.728582,1,0
2.72461,0.244141,1.00057,9.01664e-05,0.726631,1,0
2.72461,0.263672,1.00006,9.24546e-05,0.726631,1,0
2.70508,0.283203,0.999053,9.40018e-05,0.728582,1,0
2.70508,0.302734,0.997073,9.36952e-05,0.728582,1,0
2.72461,0.283203,0.999053,9.35396e-05,0.726631,1,0
2.72461,0.302734,0.997074,9.31963e-05,0.726632,1,0
2.74414,0.166016,1.00118,7.25132e-05,0.72468,1,0
2.74414,0.185547,1.00111,7.79355e-05,0.72468,1,0
2.76367,0.166016,1.00117,7.21995e-05,0.722729,1,0
2.76367,0.185547,1.0011,7.75986e-05,0.722729,1,0
2.74414,0.205078,1.001,8.25745e-05,0.72468,1,0
2.74414,0.224609,1.00085,8.66092e-05,0.72468,1,0
2.76367,0.205078,1.001,8.22142e-05,0.722729,1,0
2.76367,0.224609,1.00084,8.62226e-05,0.72273,1,0
2.7832,0.166016,1.00117,7.18801e-05,0.720779,1,0
2.7832,0.185547,1.0011,7.72554e-05,0.720779,1,0
2.80273,0.166016,1.00116,7.15549e-05,0.718828,1,0
2.80273,0.185547,1.00109,7.6906e-05,0.718828,1,0
2.7832,0.205078,1.001,8.18472e-05,0.720779,1,0
2.7832,0.224609,1.00084,8.58288e-05,0.720779,1,0
2.80273,0.205078,1.00099,8.14734e-05,0.718828,1,0
2.80273,0.224609,1.00084,8.54277e-05,0.718829,1,0
2.74414,0.244141,1.00057,8.97597e-05,0.72468,1,0
2.74414,0.263672,1.00006,9.20171e-05,0.724681,1,0
2.76367,0.244141,1.00057,8.93452e-05,0.72273,1,0
2.76367,0.263672,1.00006,9.15712e-05,0.72273,1,0
2.74414,0.283203,0.999052,9.30683e-05,0.724681,1,0
2.74414,0.302734,0.997075,9.26878e-05,0.724681,1,0
2.76367,0.283203,0.999052,9.25881e-05,0.72273,1,0
2.76367,0.302734,0.997077,9.21698e-05,0.722731,1,0
2.7832,0.244141,1.00057,8.89228e-05,0.720779,1,0
2.7832,0.263672,1.00005,9.11169e-05,0.72078,1,0
2.80273,0.244141,1.00056,8.84928e-05,0.718829,1,0
2.80273,0.263672,1.00005,9.06544e-05,0.718829,1,0
2.7832,0.283203,0.999052,9.2099e-05,0.72078,1,0
2.7832,0.302734,0.997078,9.16425e-05,0.72078,1,0
2.80273,0.283203,0.999051,9.16012e-05,0.718829,1,0
2.80273,0.302734,0.99708,9.11062e-05,0.71883,1,0
2.50977,0.322266,0.993202,9.6279e-05,0.748086,1,0
2.50977,0.341797,0.985924,9.19283e-05,0.748086,1,0
2.5293,0.322266,0.993205,9.58339e-05,0.746136,1,0
2.5293,0.341797,0.98593,9.14508e-05,0.746136,1,0
2.50977,0.361328,0.972634,8.43521e-05,0.748087,1,0
2.50977,0.380859,0.949209,7.32786e-05,0.748087,1,0
2.5293,0.361328,0.972643,8.38538e-05,0.746136,1,0
2.5293,0.380859,0.949222,7.27835e-05,0.746136,1,0
2.54883,0.322266,0.993208,9.53806e-05,0.744185,1,0
2.54883,0.341797,0.985936,9.0965e-05,0.744186,1,0
2.56836,0.322266,0.993211,9.49188e-05,0.742235,1,0
2.56836,0.341797,0.985942,9.04707e-05,0.742235,1,0
2.54883,0.361328,0.972653,8.33473e-05,0.744186,1,0
2.54883,0.380859,0.949234,7.22805e-05,0.744186,1,0
2.56836,0.361328,0.972662,8.28323e-05,0.742236,1,0
2.56836,0.380859,0.949247,7.17691e-05,0.742236,1,0
2.50977,0.400391,0.909432,5.87032e-05,0.748087,1,0
2.50977,0.419922,0.844425,4.21867e-05,0.748087,1,0
2.5293,0.400391,0.909448,5.82495e-05,0.746137,1,0
2.5293,0.419922,0.844442,4.18148e-05,0.746137,1,0
2.50977,0.439453,0.742209,2.54737e-05,0.748087,1,0
2.50977,0.458984,0.587559,1.17918e-05,0.748088,1,0
2.5293,0.439453,0.742224,2.52195e-05,0.746137,1,0
2.5293,0.458984,0.58757,1.16674e-05,0.746137,1,0
2.54883,0.400391,0.909463,5.77882e-05,0.744186,1,0
2.54883,0.419922,0.844458,4.1436e-05,0.744187,1,0
2.56836,0.400391,0.909479,5.73189e-05,0.742236,1,0
2.56836,0.419922,0.844475,4.10499e-05,0.742236,1,0
2.54883,0.439453,0.742239,2.49598e-05,0.744187,1,0
2.54883,0.458984,0.587582,1.15397e-05,0.744187,1,0
2.56836,0.439453,0.742254,2.46944e-05,0.742237,1,0
2.56836,0.458984,0.587593,1.14085e-05,0.742237,1,0
2.58789,0.322266,0.993214,9.44485e-05,0.740285,1,0
2.58789,0.341797,0.985948,8.99678e-05,0.740285,1,0
2.60742,0.322266,0.993218,9.39696e-05,0.738334,1,0
2.60742,0.341797,0.985954,8.94559e-05,0.738335,1,0
2.58789,0.361328,0.972671,8.23087e-05,0.740285,1,0
2.58789,0.380859,0.94926,7.12492e-05,0.740286,1,0
2.60742,0.361328,0.972681,8.1776e-05,0.738335,1,0
2.60742,0.380859,0.949273,7.07202e-05,0.738335,1,0
2.62695,0.322266,0.993221,9.34816e-05,0.736384,1,0
2.62695,0.341797,0.985961,8.89347e-05,0.736384,1,0
2.64648,0.322266,0.993224,9.29844e-05,0.734434,1,0
2.64648,0.341797,0.985967,8.84039e-05,0.734434,1,0
2.62695,0.361328,0.97269,8.12339e-05,0.736385,1,0
2.62695,0.380859,0.949285,7.01819e-05,0.736385,1,0
2.64648,0.361328,0.9727,8.06821e-05,0.734434,1,0
2.64648,0.380859,0.949298,6.9634e-05,0.734434,1,0
2.58789,0.400391,0.909494,5.68412e-05,0.740286,1,0
2.58789,0.419922,0.844491,4.06562e-05,0.740286,1,0
2.60742,0.400391,0.909509,5.63549e-05,0.738335,1,0
2.60742,0.419922,0.844507,4.02548e-05,0.738336,1,0
2.58789,0.439453,0.742269,2.44232e-05,0.740286,1,0
2.58789,0.458984,0.587604,1.12736e-05,0.740286,1,0
2.60742,0.439453,0.742283,2.41459e-05,0.738336,1,0
2.60742,0.458984,0.587615,1.11351e-05,0.738336,1,0
2.62695,0.400391,0.909525,5.58596e-05,0.736385,1,0
2.62695,0.419922,0.844523,3.98455e-05,0.736385,1,0
2.64648,0.400391,0.90954,5.53551e-05,0.734435,1,0
2.64648,0.419922,0.844539,3.9428e-05,0.734435,1,0
2.62695,0.439453,0.742298,2.38625e-05,0.736386,1,0
2.62695,0.458984,0.587626,1.09927e-05,0.736386,1,0
2.64648,0.439453,0.742312,2.35729e-05,0.734435,1,0
2.64648,0.458984,0.587637,1.08464e-05,0.734435,1,0
2.50977,0.478516,0.362289,2.22027e-06,0.748088,1,0
2.50977,0.498047,0.0459812,-1.42236e-06,0.748088,0.6,0
2.5293,0.478516,0.362295,2.20683e-06,0.746137,1,0
2.5293,0.498047,0.0459821,-1.39399e-06,0.746138,0.6,0
2.54883,0.478516,0.362302,2.19246e-06,0.744187,1,0
2.54883,0.498047,0.045983,-1.36498e-06,0.744187,0.6,0
2.56836,0.478516,0.362308,2.17708e-06,0.742237,1,0
2.56836,0.498047,0.0459839,-1.33539e-06,0.742237,0.6,0
2.58789,0.478516,0.362314,2.16065e-06,0.740286,1,0
2.58789,0.498047,0.0459848,-1.30523e-06,0.740287,0.6,0
2.60742,0.478516,0.36232,2.14312e-06,0.738336,1,0
2.60742,0.498047,0.0459858,-1.27458e-06,0.738336,0.6,0
2.62695,0.478516,0.362326,2.12445e-06,0.736386,1,0
2.62695,0.498047,0.0459867,-1.24346e-06,0.736386,0.6,0
2.64648,0.478516,0.362332,2.10462e-06,0.734435,1,0
2.64648,0.498047,0.0459877,-1.21195e-06,0.734436,0.6,0
2.66602,0.322266,0.993228,9.24776e-05,0.732483,1,0
2.66602,0.341797,0.985973,8.78632e-05,0.732483,1,0
2.68555,0.322266,0.993231,9.19609e-05,0.730533,1,0
2.68555,0.341797,0.985979,8.73124e-05,0.730533,1,0
2.66602,0.361328,0.972709,8.01202e-05,0.732484,1,0
2.66602,0.380859,0.949311,6.90761e-05,0.732484,1,0
2.68555,0.361328,0.972718,7.95481e-05,0.730533,1,0
2.68555,0.380859,0.949323,6.85083e-05,0.730534,1,0
2.70508,0.322266,0.993235,9.14343e-05,0.728582,1,0
2.70508,0.341797,0.985985,8.67512e-05,0.728583,1,0
2.72461,0.322266,0.993238,9.08975e-05,0.726632,1,0
2.72461,0.341797,0.985991,8.61798e-05,0.726632,1,0
2.70508,0.361328,0.972728,7.89657e-05,0.728583,1,0
2.70508,0.380859,0.949336,6.79304e-05,0.728583,1,0
2.72461,0.361328,0.972737,7.8373e-05,0.726633,1,0
2.72461,0.380859,0.949348,6.73426e-05,0.726633,1,0
2.66602,0.400391,0.909555,5.48413e-05,0.732484,1,0
2.66602,0.419922,0.844555,3.90025e-05,0.732485,1,0
2.68555,0.400391,0.90957,5.43182e-05,0.730534,1,0
2.68555,0.419922,0.844571,3.85687e-05,0.730534,1,0
2.66602,0.439453,0.742326,2.3277e-05,0.732485,1,0
2.66602,0.458984,0.587647,1.06962e-05,0.732485,1,0
2.68555,0.439453,0.742341,2.29747e-05,0.730534,1,0
2.68555,0.458984,0.587658,1.05421e-05,0.730535,1,0
2.70508,0.400391,0.909585,5.37858e-05,0.728584,1,0
2.70508,0.419922,0.844586,3.81269e-05,0.728584,1,0
2.72461,0.400391,0.9096,5.32442e-05,0.726633,1,0
2.72461,0.419922,0.844602,3.7677e-05,0.726633,1,0
2.70508,0.439453,0.742355,2.26663e-05,0.728584,1,0
2.70508,0.458984,0.587668,1.03841e-05,0.728584,1,0
2.72461,0.439453,0.742368,2.23518e-05,0.726634,1,0
2.72461,0.458984,0.587678,1.02225e-05,0.726634,1,0
2.74414,0.322266,0.993242,9.03508e-05,0.724681,1,0
2.74414,0.341797,0.985998,8.55981e-05,0.724682,1,0
2.76367,0.322266,0.993245,8.97942e-05,0.722731,1,0
2.76367,0.341797,0.986004,8.50063e-05,0.722731,1,0
2.74414,0.361328,0.972747,7.77701e-05,0.724682,1,0
2.74414,0.380859,0.949361,6.67449e-05,0.724682,1,0
2.76367,0.361328,0.972756,7.71573e-05,0.722732,1,0
2.76367,0.380859,0.949373,6.61378e-05,0.722732,1,0
2.7832,0.322266,0.993249,8.9228e-05,0.72078,1,0
2.7832,0.341797,0.98601,8.44048e-05,0.720781,1,0
2.80273,0.322266,0.993252,8.86525e-05,0.71883,1,0
2.80273,0.341797,0.986017,8.37938e-05,0.71883,1,0
2.7832,0.361328,0.972766,7.65348e-05,0.720781,1,0
2.7832,0.380859,0.949386,6.55213e-05,0.720781,1,0
2.80273,0.361328,0.972775,7.5903e-05,0.718831,1,0
2.80273,0.380859,0.949398,6.48958e-05,0.718831,1,0
2.74414,0.400391,0.909614,5.26936e-05,0.724683,1,0
2.74414,0.419922,0.844617,3.72193e-05,0.724683,1,0
2.76367,0.400391,0.909629,5.21343e-05,0.722732,1,0
2.76367,0.419922,0.844632,3.67538e-05,0.722732,1,0
2.74414,0.439453,0.742382,2.20313e-05,0.724683,1,0
2.74414,0.458984,0.587688,1.00571e-05,0.724683,1,0
2.76367,0.439453,0.742396,2.1705e-05,0.722733,1,0
2.76367,0.458984,0.587698,9.88834e-06,0.722733,1,0
2.7832,0.400391,0.909644,5.15663e-05,0.720782,1,0
2.7832,0.419922,0.844647,3.62809e-05,0.720782,1,0
2.80273,0.400391,0.909658,5.09901e-05,0.718831,1,0
2.80273,0.419922,0.844662,3.58007e-05,0.718831,1,0
2.7832,0.439453,0.742409,2.13731e-05,0.720782,1,0
2.7832,0.458984,0.587708,9.71626e-06,0.720782,1,0
2.80273,0.439453,0.742422,2.10361e-05,0.718832,1,0
2.80273,0.458984,0.587718,9.54116e-06,0.718832,1,0
2.66602,0.478516,0.362338,2.08362e-06,0.732485,1,0
2.66602,0.498047,0.0459886,-1.18011e-06,0.732485,0.6,0
2.68555,0.478516,0.362344,2.06143e-06,0.730535,1,0
2.68555,0.498047,0.0459896,-1.14803e-06,0.730535,0.6,0
2.70508,0.478516,0.36235,2.03809e-06,0.728584,1,0
2.70508,0.498047,0.0459906,-1.11576e-06,0.728584,0.6,0
2.72461,0.478516,0.362355,2.01359e-06,0.726634,1,0
2.72461,0.498047,0.0459915,-1.08339e-06,0.726634,0.6,0
2.74414,0.478516,0.362361,1.98798e-06,0.724683,1,0
2.74414,0.498047,0.0459925,-1.05099e-06,0.724683,0.6,0
2.76367,0.478516,0.362366,1.96129e-06,0.722733,1,0
2.76367,0.498047,0.0459935,-1.01867e-06,0.722733,0.6,0
2.7832,0.478516,0.362372,1.93358e-06,0.720782,1,0
2.7832,0.498047,0.0459945,-9.86461e-07,0.720782,0.6,0
2.80273,0.478516,0.362377,1.90489e-06,0.718832,1,0
2.80273,0.498047,0.0459954,-9.5448e-07,0.718832,0.6,0
2.82227,0.00976562,1.00122,9.56907e-06,0.716877,1,0
2.82227,0.0292969,1.0013,2.01115e-05,0.716876,1,0
2.8418,0.00976562,1.00121,9.48294e-06,0.714926,1,0
2.8418,0.0292969,1.00129,1.99487e-05,0.714926,1,0
2.82227,0.0488281,1.00134,2.7994e-05,0.716877,1,0
2.82227,0.0683594,1.00134,3.72876e-05,0.716877,1,0
2.8418,0.0488281,1.00133,2.77988e-05,0.714926,1,0
2.8418,0.0683594,1.00133,3.70556e-05,0.714926,1,0
2.86133,0.00976562,1.0012,9.39659e-06,0.712976,1,0
2.86133,0.0292969,1.00128,1.97849e-05,0.712975,1,0
2.88086,0.00976562,1.00119,9.31009e-06,0.711025,1,0
2.88086,0.0292969,1.00127,1.96203e-05,0.711025,1,0
2.86133,0.0488281,1.00132,2.76017e-05,0.712976,1,0
2.86133,0.0683594,1.00132,3.68209e-05,0.712976,1,0
2.88086,0.0488281,1.00131,2.74028e-05,0.711025,1,0
2.88086,0.0683594,1.00132,3.65836e-05,0.711025,1,0
2.82227,0.0878906,1.00132,4.46718e-05,0.716877,1,0
2.82227,0.107422,1.00129,5.24021e-05,0.716877,1,0
2.8418,0.0878906,1.00132,4.4423e-05,0.714926,1,0
2.8418,0.107422,1.00129,5.21294e-05,0.714926,1,0
2.82227,0.126953,1.00126,5.89996e-05,0.716877,1,0
2.82227,0.146484,1.00121,6.55254e-05,0.716877,1,0
2.8418,0.126953,1.00125,5.87087e-05,0.714927,1,0
2.8418,0.146484,1.00121,6.52109e-05,0.714927,1,0
2.86133,0.0878906,1.00131,4.41708e-05,0.712976,1,0
2.86133,0.107422,1.00128,5.18528e-05,0.712976,1,0
2.88086,0.0878906,1.0013,4.39153e-05,0.711025,1,0
2.88086,0.107422,1.00127,5.15722e-05,0.711025,1,0
2.86133,0.126953,1.00124,5.84133e-05,0.712976,1,0
2.86133,0.146484,1.0012,6.48914e-05,0.712976,1,0
2.88086,0.126953,1.00124,5.81135e-05,0.711025,1,0
2.88086,0.146484,1.00119,6.4567e-05,0.711026,1,0
2.90039,0.00976562,1.00118,9.22346e-06,0.709074,1,0
2.90039,0.0292969,1.00126,1.94549e-05,0.709074,1,0
2.91992,0.00976562,1.00117,9.13669e-06,0.707124,1,0
2.91992,0.0292969,1.00126,1.92887e-05,0.707124,1,0
2.90039,0.0488281,1.0013,2.72021e-05,0.709074,1,0
2.90039,0.0683594,1.00131,3.63438e-05,0.709074,1,0
2.91992,0.0488281,1.00129,2.69998e-05,0.707124,1,0
2.91992,0.0683594,1.0013,3.61014e-05,0.707124,1,0
2.93945,0.00976562,1.00117,9.04973e-06,0.705173,1,0
2.93945,0.0292969,1.00125,1.91216e-05,0.705173,1,0
2.95898,0.00976562,1.00116,8.96251e-06,0.703223,1,0
2.95898,0.0292969,1.00124,1.89536e-05,0.703222,1,0
2.93945,0.0488281,1.00129,2.67957e-05,0.705173,1,0
2.93945,0.0683594,1.00129,3.58565e-05,0.705173,1,0
2.95898,0.0488281,1.00128,2.65898e-05,0.703223,1,0
2.95898,0.0683594,1.00128,3.5609e-05,0.703223,1,0
2.90039,0.0878906,1.00129,4.36565e-05,0.709075,1,0
2.90039,0.107422,1.00127,5.12877e-05,0.709075,1,0
2.91992,0.0878906,1.00129,4.33945e-05,0.707124,1,0
2.91992,0.107422,1.00126,5.09994e-05,0.707124,1,0
2.90039,0.126953,1.00123,5.78093e-05,0.709075,1,0
2.90039,0.146484,1.00119,6.42378e-05,0.709075,1,0
2.91992,0.126953,1.00122,5.75008e-05,0.707124,1,0
2.91992,0.146484,1.00118,6.39038e-05,0.707124,1,0
2.93945,0.0878906,1.00128,4.31292e-05,0.705173,1,0
2.93945,0.107422,1.00125,5.07074e-05,0.705173,1,0
2.95898,0.0878906,1.00127,4.28606e-05,0.703223,1,0
2.95898,0.107422,1.00125,5.04116e-05,0.703223,1,0
2.93945,0.126953,1.00122,5.7188e-05,0.705174,1,0
2.93945,0.146484,1.00118,6.35651e-05,0.705174,1,0
2.95898,0.126953,1.00121,5.68711e-05,0.703223,1,0
2.95898,0.146484,1.00117,6.32219e-05,0.703223,1,0
2.82227,0.166016,1.00116,7.12241e-05,0.716877,1,0
2.82227,0.185547,1.00109,7.65505e-05,0.716878,1,0
2.8418,0.166016,1.00115,7.08878e-05,0.714927,1,0
2.8418,0.185547,1.00108,7.6189e-05,0.714927,1,0
2.82227,0.205078,1.00099,8.1093e-05,0.716878,1,0
2.82227,0.224609,1.00083,8.50196e-05,0.716878,1,0
2.8418,0.205078,1.00098,8.07062e-05,0.714927,1,0
2.8418,0.224609,1.00083,8.46045e-05,0.714928,1,0
2.86133,0.166016,1.00115,7.0546e-05,0.712976,1,0
2.86133,0.185547,1.00108,7.58215e-05,0.712977,1,0
2.88086,0.166016,1.00114,7.01988e-05,0.711026,1,0
2.88086,0.185547,1.00107,7.54483e-05,0.711026,1,0
2.86133,0.205078,1.00098,8.0313e-05,0.712977,1,0
2.86133,0.224609,1.00082,8.41827e-05,0.712977,1,0
2.88086,0.205078,1.00097,7.99136e-05,0.711026,1,0
2.88086,0.224609,1.00082,8.37544e-05,0.711026,1,0
2.82227,0.244141,1.00056,8.80552e-05,0.716878,1,0
2.82227,0.263672,1.00005,9.0184e-05,0.716879,1,0
2.8418,0.244141,1.00056,8.76102e-05,0.714928,1,0
2.8418,0.263672,1.00005,8.97058e-05,0.714928,1,0
2.82227,0.283203,0.999051,9.10951e-05,0.716879,1,0
2.82227,0.302734,0.997081,9.05612e-05,0.716879,1,0
2.8418,0.283203,0.999051,9.05809e-05,0.714928,1,0
2.8418,0.302734,0.997083,9.00076e-05,0.714929,1,0
2.86133,0.244141,1.00056,8.71582e-05,0.712977,1,0
2.86133,0.263672,1.00005,8.92201e-05,0.712977,1,0
2.88086,0.244141,1.00055,8.66991e-05,0.711027,1,0
2.88086,0.263672,1.00005,8.87271e-05,0.711027,1,0
2.86133,0.283203,0.999051,9.00587e-05,0.712978,1,0
2.86133,0.302734,0.997084,8.94458e-05,0.712978,1,0
2.88086,0.283203,0.999051,8.9529e-05,0.711027,1,0
2.88086,0.302734,0.997086,8.88761e-05,0.711027,1,0
2.90039,0.166016,1.00113,6.98464e-05,0.709075,1,0
2.90039,0.185547,1.00107,7.50694e-05,0.709075,1,0
2.91992,0.166016,1.00113,6.94889e-05,0.707125,1,0
2.91992,0.185547,1.00106,7.4685e-05,0.707125,1,0
2.90039,0.205078,1.00097,7.95082e-05,0.709076,1,0
2.90039,0.224609,1.00082,8.33196e-05,0.709076,1,0
2.91992,0.205078,1.00097,7.9097e-05,0.707125,1,0
2.91992,0.224609,1.00081,8.28787e-05,0.707125,1,0
2.93945,0.166016,1.00112,6.91263e-05,0.705174,1,0
2.93945,0.185547,1.00106,7.42953e-05,0.705174,1,0
2.95898,0.166016,1.00112,6.87588e-05,0.703223,1,0
2.95898,0.185547,1.00105,7.39003e-05,0.703223,1,0
2.93945,0.205078,1.00096,7.868e-05,0.705174,1,0
2.93945,0.224609,1.00081,8.24317e-05,0.705175,1,0
2.95898,0.205078,1.00096,7.82575e-05,0.703224,1,0
2.95898,0.224609,1.00081,8.19789e-05,0.703224,1,0
2.90039,0.244141,1.00055,8.62334e-05,0.709076,1,0
2.90039,0.263672,1.00005,8.8227e-05,0.709076,1,0
2.91992,0.244141,1.00055,8.57612e-05,0.707125,1,0
2.91992,0.263672,1.00004,8.77201e-05,0.707126,1,0
2.90039,0.283203,0.999051,8.89918e-05,0.709077,1,0
2.90039,0.302734,0.997087,8.82987e-05,0.709077,1,0
2.91992,0.283203,0.999051,8.84475e-05,0.707126,1,0
2.91992,0.302734,0.997089,8.77138e-05,0.707126,1,0
2.93945,0.244141,1.00055,8.52826e-05,0.705175,1,0
2.93945,0.263672,1.00004,8.72066e-05,0.705175,1,0
2.95898,0.244141,1.00054,8.47979e-05,0.703224,1,0
2.95898,0.263672,1.00004,8.66866e-05,0.703224,1,0
2.93945,0.283203,0.999051,8.78963e-05,0.705175,1,0
2.93945,0.302734,0.997091,8.71218e-05,0.705176,1,0
2.95898,0.283203,0.999051,8.73384e-05,0.703225,1,0
2.95898,0.302734,0.997093,8.65229e-05,0.703225,1,0
2.97852,0.00976562,1.00115,8.87494e-06,0.701272,1,0
2.97852,0.0292969,1.00123,1.87846e-05,0.701272,1,0
2.99805,0.00976562,1.00114,8.78693e-06,0.699321,1,0
2.99805,0.0292969,1.00122,1.86144e-05,0.699321,1,0
2.97852,0.0488281,1.00127,2.63822e-05,0.701272,1,0
2.97852,0.0683594,1.00128,3.5359e-05,0.701272,1,0
2.99805,0.0488281,1.00126,2.61727e-05,0.699321,1,0
2.99805,0.0683594,1.00127,3.51064e-05,0.699321,1,0
3.01758,0.00976562,1.00113,8.6984e-06,0.69737,1,0
3.01758,0.0292969,1.00121,1.8443e-05,0.69737,1,0
3.03711,0.00976562,1.00113,8.60929e-06,0.69542,1,0
3.03711,0.0292969,1.0012,1.82703e-05,0.69542,1,0
3.01758,0.0488281,1.00125,2.59614e-05,0.697371,1,0
3.01758,0.0683594,1.00126,3.48512e-05,0.697371,1,0
3.03711,0.0488281,1.00124,2.57482e-05,0.69542,1,0
3.03711,0.0683594,1.00125,3.45935e-05,0.69542,1,0
2.97852,0.0878906,1.00126,4.25889e-05,0.701272,1,0
2.97852,0.107422,1.00124,5.01121e-05,0.701272,1,0
2.99805,0.0878906,1.00126,4.2314e-05,0.699321,1,0
2.99805,0.107422,1.00123,4.98089e-05,0.699321,1,0
2.97852,0.126953,1.00121,5.655e-05,0.701272,1,0
2.97852,0.146484,1.00116,6.28743e-05,0.701272,1,0
2.99805,0.126953,1.0012,5.62248e-05,0.699322,1,0
2.99805,0.146484,1.00116,6.25221e-05,0.699322,1,0
3.01758,0.0878906,1.00125,4.20359e-05,0.697371,1,0
3.01758,0.107422,1.00122,4.9502e-05,0.697371,1,0
3.03711,0.0878906,1.00124,4.17547e-05,0.69542,1,0
3.03711,0.107422,1.00122,4.91916e-05,0.69542,1,0
3.01758,0.126953,1.00119,5.58956e-05,0.697371,1,0
3.01758,0.146484,1.00115,6.21657e-05,0.697371,1,0
3.03711,0.126953,1.00119,5.55625e-05,0.69542,1,0
3.03711,0.146484,1.00115,6.1805e-05,0.69542,1,0
3.05664,0.00976562,1.00112,8.51957e-06,0.693469,1,0
3.05664,0.0292969,1.0012,1.80964e-05,0.693469,1,0
3.07617,0.00976562,1.00111,8.42921e-06,0.691518,1,0
3.07617,0.0292969,1.00119,1.79211e-05,0.691518,1,0
3.05664,0.0488281,1.00123,2.55332e-05,0.693469,1,0
3.05664,0.0683594,1.00124,3.43331e-05,0.693469,1,0
3.07617,0.0488281,1.00123,2.53163e-05,0.691518,1,0
3.07617,0.0683594,1.00124,3.40701e-05,0.691518,1,0
3.0957,0.00976562,1.0011,8.33825e-06,0.689568,1,0
3.0957,0.0292969,1.00118,1.77445e-05,0.689567,1,0
3.11523,0.00976562,1.0011,8.24669e-06,0.687617,1,0
3.11523,0.0292969,1.00117,1.75668e-05,0.687617,1,0
3.0957,0.0488281,1.00122,2.50976e-05,0.689568,1,0
3.0957,0.0683594,1.00123,3.38047e-05,0.689568,1,0
3.11523,0.0488281,1.00121,2.48772e-05,0.687617,1,0
3.11523,0.0683594,1.00122,3.35367e-05,0.687617,1,0
3.05664,0.0878906,1.00123,4.14704e-05,0.693469,1,0
3.05664,0.107422,1.00121,4.88776e-05,0.693469,1,0
3.07617,0.0878906,1.00123,4.1183e-05,0.691519,1,0
3.07617,0.107422,1.0012,4.85601e-05,0.691519,1,0
3.05664,0.126953,1.00118,5.52255e-05,0.69347,1,0
3.05664,0.146484,1.00114,6.14401e-05,0.69347,1,0
3.07617,0.126953,1.00117,5.48846e-05,0.691519,1,0
3.07617,0.146484,1.00113,6.1071e-05,0.691519,1,0
3.0957,0.0878906,1.00122,4.08926e-05,0.689568,1,0
3.0957,0.107422,1.0012,4.82392e-05,0.689568,1,0
3.11523,0.0878906,1.00121,4.05992e-05,0.687617,1,0
3.11523,0.107422,1.00119,4.79148e-05,0.687617,1,0
3.0957,0.126953,1.00117,5.454e-05,0.689568,1,0
3.0957,0.146484,1.00113,6.0698e-05,0.689568,1,0
3.11523,0.126953,1.00116,5.41916e-05,0.687617,1,0
3.11523,0.146484,1.00112,6.03211e-05,0.687617,1,0
2.97852,0.166016,1.00111,6.83865e-05,0.701273,1,0
2.97852,0.185547,1.00105,7.35001e-05,0.701273,1,0
2.99805,0.166016,1.00111,6.80094e-05,0.699322,1,0
2.99805,0.185547,1.00104,7.3095e-05,0.699322,1,0
2.97852,0.205078,1.00095,7.78296e-05,0.701273,1,0
2.97852,0.224609,1.0008,8.15204e-05,0.701273,1,0
2.99805,0.205078,1.00095,7.73964e-05,0.699322,1,0
2.99805,0.224609,1.0008,8.10564e-05,0.699323,1,0
3.01758,0.166016,1.0011,6.76277e-05,0.697371,1,0
3.01758,0.185547,1.00104,7.26849e-05,0.697371,1,0
3.03711,0.166016,1.0011,6.72415e-05,0.695421,1,0
3.03711,0.185547,1.00103,7.22701e-05,0.695421,1,0
3.01758,0.205078,1.00095,7.69581e-05,0.697372,1,0
3.01758,0.224609,1.0008,8.0587e-05,0.697372,1,0
3.03711,0.205078,1.00094,7.65147e-05,0.695421,1,0
3.03711,0.224609,1.0008,8.01123e-05,0.695421,1,0
2.97852,0.244141,1.00054,8.43073e-05,0.701274,1,0
2.97852,0.263672,1.00004,8.61604e-05,0.701274,1,0
2.99805,0.244141,1.00054,8.38108e-05,0.699323,1,0
2.99805,0.263672,1.00004,8.56283e-05,0.699323,1,0
2.97852,0.283203,0.999051,8.6774e-05,0.701274,1,0
2.97852,0.302734,0.997094,8.59174e-05,0.701274,1,0
2.99805,0.283203,0.999051,8.62035e-05,0.699323,1,0
2.99805,0.302734,0.997096,8.53055e-05,0.699324,1,0
3.01758,0.244141,1.00054,8.33088e-05,0.697372,1,0
3.01758,0.263672,1.00004,8.50903e-05,0.697372,1,0
3.03711,0.244141,1.00053,8.28014e-05,0.695421,1,0
3.03711,0.263672,1.00004,8.45467e-05,0.695422,1,0
3.01758,0.283203,0.999051,8.5627e-05,0.697373,1,0
3.01758,0.302734,0.997098,8.46877e-05,0.697373,1,0
3.03711,0.283203,0.999051,8.50448e-05,0.695422,1,0
3.03711,0.302734,0.9971,8.40641e-05,0.695422,1,0
3.05664,0.166016,1.00109,6.68508e-05,0.69347,1,0
3.05664,0.185547,1.00103,7.18506e-05,0.69347,1,0
3.07617,0.166016,1.00109,6.64558e-05,0.691519,1,0
3.07617,0.185547,1.00102,7.14265e-05,0.691519,1,0
3.05664,0.205078,1.00094,7.60665e-05,0.69347,1,0
3.05664,0.224609,1.00079,7.96326e-05,0.69347,1,0
3.07617,0.205078,1.00093,7.56136e-05,0.69152,1,0
3.07617,0.224609,1.00079,7.91481e-05,0.69152,1,0
3.0957,0.166016,1.00108,6.60566e-05,0.689568,1,0
3.0957,0.185547,1.00102,7.0998e-05,0.689569,1,0
3.11523,0.166016,1.00108,6.56532e-05,0.687618,1,0
3.11523,0.185547,1.00101,7.05653e-05,0.687618,1,0
3.0957,0.205078,1.00093,7.51561e-05,0.689569,1,0
3.0957,0.224609,1.00079,7.86589e-05,0.689569,1,0
3.11523,0.205078,1.00093,7.46942e-05,0.687618,1,0
3.11523,0.224609,1.00078,7.81652e-05,0.687618,1,0
3.05664,0.244141,1.00053,8.22888e-05,0.693471,1,0
3.05664,0.263672,1.00004,8.39979e-05,0.693471,1,0
3.07617,0.244141,1.00053,8.17712e-05,0.69152,1,0
3.07617,0.263672,1.00003,8.3444e-05,0.69152,1,0
3.05664,0.283203,0.999052,8.44573e-05,0.693471,1,0
3.05664,0.302734,0.997102,8.34352e-05,0.693472,1,0
3.07617,0.283203,0.999052,8.38648e-05,0.691521,1,0
3.07617,0.302734,0.997104,8.28014e-05,0.691521,1,0
3.0957,0.244141,1.00053,8.12488e-05,0.689569,1,0
3.0957,0.263672,1.00003,8.28854e-05,0.689569,1,0
3.11523,0.244141,1.00053,8.0722e-05,0.687618,1,0
3.11523,0.263672,1.00003,8.23223e-05,0.687619,1,0
3.0957,0.283203,0.999052,8.32675e-05,0.68957,1,0
3.0957,0.302734,0.997106,8.21631e-05,0.68957,1,0
3.11523,0.283203,0.999053,8.26659e-05,0.687619,1,0
3.11523,0.302734,0.997108,8.15205e-05,0.687619,1,0
2.82227,0.322266,0.993256,8.80679e-05,0.716879,1,0
2.82227,0.341797,0.986023,8.31736e-05,0.71688,1,0
2.8418,0.322266,0.99326,8.74746e-05,0.714929,1,0
2.8418,0.341797,0.98603,8.25446e-05,0.714929,1,0
2.82227,0.361328,0.972784,7.5262e-05,0.71688,1,0
2.82227,0.380859,0.949411,6.42616e-05,0.71688,1,0
2.8418,0.361328,0.972794,7.46124e-05,0.71493,1,0
2.8418,0.380859,0.949423,6.3619e-05,0.71493,1,0
2.86133,0.322266,0.993264,8.68728e-05,0.712978,1,0
2.86133,0.341797,0.986036,8.19069e-05,0.712979,1,0
2.88086,0.322266,0.993267,8.62628e-05,0.711028,1,0
2.88086,0.341797,0.986042,8.1261e-05,0.711028,1,0
2.86133,0.361328,0.972803,7.39543e-05,0.712979,1,0
2.86133,0.380859,0.949436,6.29684e-05,0.712979,1,0
2.88086,0.361328,0.972813,7.32882e-05,0.711028,1,0
2.88086,0.380859,0.949448,6.23101e-05,0.711029,1,0
2.82227,0.400391,0.909673,5.04058e-05,0.716881,1,0
2.82227,0.419922,0.844677,3.53138e-05,0.716881,1,0
2.8418,0.400391,0.909687,4.9814e-05,0.71493,1,0
2.8418,0.419922,0.844692,3.48203e-05,0.71493,1,0
2.82227,0.439453,0.742435,2.06941e-05,0.716881,1,0
2.82227,0.458984,0.587727,9.36322e-06,0.716881,1,0
2.8418,0.439453,0.742448,2.03476e-05,0.714931,1,0
2.8418,0.458984,0.587736,9.18279e-06,0.714931,1,0
2.86133,0.400391,0.909702,4.92148e-05,0.71298,1,0
2.86133,0.419922,0.844707,3.43207e-05,0.71298,1,0
2.88086,0.400391,0.909716,4.86088e-05,0.711029,1,0
2.88086,0.419922,0.844721,3.38155e-05,0.711029,1,0
2.86133,0.439453,0.742461,1.9997e-05,0.71298,1,0
2.86133,0.458984,0.587745,9.00012e-06,0.71298,1,0
2.88086,0.439453,0.742474,1.96426e-05,0.711029,1,0
2.88086,0.458984,0.587754,8.81558e-06,0.71103,1,0
2.90039,0.322266,0.993271,8.56449e-05,0.709077,1,0
2.90039,0.341797,0.986049,8.06072e-05,0.709078,1,0
2.91992,0.322266,0.993275,8.50195e-05,0.707127,1,0
2.91992,0.341797,0.986055,7.99458e-05,0.707127,1,0
2.90039,0.361328,0.972822,7.26143e-05,0.709078,1,0
2.90039,0.380859,0.94946,6.16445e-05,0.709078,1,0
2.91992,0.361328,0.972832,7.19331e-05,0.707127,1,0
2.91992,0.380859,0.949472,6.09721e-05,0.707128,1,0
2.93945,0.322266,0.993279,8.43867e-05,0.705176,1,0
2.93945,0.341797,0.986062,7.92771e-05,0.705176,1,0
2.95898,0.322266,0.993283,8.3747e-05,0.703225,1,0
2.95898,0.341797,0.986069,7.86016e-05,0.703226,1,0
2.93945,0.361328,0.972841,7.1245e-05,0.705177,1,0
2.93945,0.380859,0.949485,6.02932e-05,0.705177,1,0
2.95898,0.361328,0.972851,7.05503e-05,0.703226,1,0
2.95898,0.380859,0.949497,5.96084e-05,0.703226,1,0
2.90039,0.400391,0.90973,4.79963e-05,0.709078,1,0
2.90039,0.419922,0.844736,3.33052e-05,0.709079,1,0
2.91992,0.400391,0.909744,4.73779e-05,0.707128,1,0
2.91992,0.419922,0.84475,3.27902e-05,0.707128,1,0
2.90039,0.439453,0.742486,1.9285e-05,0.709079,1,0
2.90039,0.458984,0.587763,8.62946e-06,0.709079,1,0
2.91992,0.439453,0.742498,1.89247e-05,0.707128,1,0
2.91992,0.458984,0.587772,8.44215e-06,0.707128,1,0
2.93945,0.400391,0.909759,4.6754e-05,0.705177,1,0
2.93945,0.419922,0.844764,3.22713e-05,0.705177,1,0
2.95898,0.400391,0.909772,4.61253e-05,0.703227,1,0
2.95898,0.419922,0.844778,3.17488e-05,0.703227,1,0
2.93945,0.439453,0.74251,1.85621e-05,0.705178,1,0
2.93945,0.458984,0.58778,8.25398e-06,0.705178,1,0
2.95898,0.439453,0.742522,1.81979e-05,0.703227,1,0
2.95898,0.458984,0.587789,8.06536e-06,0.703227,1,0
2.82227,0.478516,0.362382,1.8753e-06,0.716881,1,0
2.82227,0.498047,0.0459964,-9.22776e-07,0.716881,0.6,0
2.8418,0.478516,0.362387,1.84487e-06,0.714931,1,0
2.8418,0.498047,0.0459974,-8.91441e-07,0.714931,0.6,0
2.86133,0.478516,0.362392,1.81369e-06,0.71298,1,0
2.86133,0.498047,0.0459983,-8.6052e-07,0.71298,0.6,0
2.88086,0.478516,0.362397,1.78182e-06,0.71103,1,0
2.88086,0.498047,0.0459993,-8.30094e-07,0.71103,0.6,0
2.90039,0.478516,0.362401,1.74937e-06,0.709079,1,0
2.90039,0.498047,0.0460003,-8.00201e-07,0.709079,0.6,0
2.91992,0.478516,0.362406,1.7164e-06,0.707128,1,0
2.91992,0.498047,0.0460012,-7.70908e-07,0.707129,0.6,0
2.93945,0.478516,0.36241,1.68301e-06,0.705178,1,0
2.93945,0.498047,0.0460022,-7.42239e-07,0.705178,0.6,0
2.95898,0.478516,0.362415,1.64929e-06,0.703227,1,0
2.95898,0.498047,0.0460031,-7.14249e-07,0.703227,0.6,0
2.97852,0.322266,0.993287,8.31006e-05,0.701275,1,0
2.97852,0.341797,0.986075,7.79195e-05,0.701275,1,0
2.99805,0.322266,0.993291,8.24479e-05,0.699324,1,0
2.99805,0.341797,0.986082,7.72313e-05,0.699324,1,0
2.97852,0.361328,0.97286,6.98494e-05,0.701275,1,0
2.97852,0.380859,0.949509,5.89182e-05,0.701276,1,0
2.99805,0.361328,0.97287,6.9143e-05,0.699325,1,0
2.99805,0.380859,0.949521,5.82232e-05,0.699325,1,0
3.01758,0.322266,0.993295,8.17893e-05,0.697373,1,0
3.01758,0.341797,0.986088,7.65374e-05,0.697374,1,0
3.03711,0.322266,0.993299,8.11251e-05,0.695423,1,0
3.03711,0.341797,0.986095,7.58383e-05,0.695423,1,0
3.01758,0.361328,0.972879,6.84314e-05,0.697374,1,0
3.01758,0.380859,0.949533,5.75238e-05,0.697374,1,0
3.03711,0.361328,0.972889,6.77153e-05,0.695423,1,0
3.03711,0.380859,0.949545,5.68207e-05,0.695424,1,0
2.97852,0.400391,0.909786,4.54922e-05,0.701276,1,0
2.97852,0.419922,0.844792,3.12235e-05,0.701276,1,0
2.99805,0.400391,0.9098,4.48555e-05,0.699325,1,0
2.99805,0.419922,0.844806,3.06959e-05,0.699326,1,0
2.97852,0.439453,0.742534,1.78324e-05,0.701276,1,0
2.97852,0.458984,0.587797,7.87659e-06,0.701277,1,0
2.99805,0.439453,0.742546,1.74664e-05,0.699326,1,0
2.99805,0.458984,0.587805,7.68809e-06,0.699326,1,0
3.01758,0.400391,0.909814,4.42156e-05,0.697375,1,0
3.01758,0.419922,0.844819,3.01666e-05,0.697375,1,0
3.03711,0.400391,0.909828,4.35733e-05,0.695424,1,0
3.03711,0.419922,0.844833,2.96363e-05,0.695424,1,0
3.01758,0.439453,0.742557,1.71002e-05,0.697375,1,0
3.01758,0.458984,0.587813,7.50017e-06,0.697375,1,0
3.03711,0.439453,0.742568,1.67345e-05,0.695424,1,0
3.03711,0.458984,0.58782,7.3132e-06,0.695424,1,0
3.05664,0.322266,0.993303,8.04558e-05,0.693472,1,0
3.05664,0.341797,0.986102,7.51345e-05,0.693472,1,0
3.07617,0.322266,0.993307,7.97818e-05,0.691521,1,0
3.07617,0.341797,0.986109,7.44264e-05,0.691521,1,0
3.05664,0.361328,0.972898,6.6995e-05,0.693472,1,0
3.05664,0.380859,0.949558,5.61144e-05,0.693473,1,0
3.07617,0.361328,0.972908,6.62712e-05,0.691522,1,0
3.07617,0.380859,0.94957,5.54055e-05,0.691522,1,0
3.0957,0.322266,0.993312,7.91036e-05,0.68957,1,0
3.0957,0.341797,0.986115,7.37145e-05,0.689571,1,0
3.11523,0.322266,0.993316,7.84215e-05,0.68762,1,0
3.11523,0.341797,0.986122,7.29992e-05,0.68762,1,0
3.0957,0.361328,0.972917,6.55443e-05,0.689571,1,0
3.0957,0.380859,0.949581,5.46946e-05,0.689571,1,0
3.11523,0.361328,0.972927,6.48148e-05,0.68762,1,0
3.11523,0.380859,0.949593,5.39821e-05,0.687621,1,0
3.05664,0.400391,0.909841,4.2929e-05,0.693473,1,0
3.05664,0.419922,0.844846,2.91056e-05,0.693473,1,0
3.07617,0.400391,0.909855,4.22834e-05,0.691522,1,0
3.07617,0.419922,0.844859,2.8575e-05,0.691523,1,0
3.05664,0.439453,0.74258,1.63697e-05,0.693474,1,0
3.05664,0.458984,0.587828,7.12746e-06,0.693474,1,0
3.07617,0.439453,0.74259,1.60063e-05,0.691523,1,0
3.07617,0.458984,0.587835,6.94331e-06,0.691523,1,0
3.0957,0.400391,0.909868,4.16371e-05,0.689572,1,0
3.0957,0.419922,0.844872,2.80451e-05,0.689572,1,0
3.11523,0.400391,0.909881,4.09907e-05,0.687621,1,0
3.11523,0.419922,0.844885,2.75165e-05,0.687621,1,0
3.0957,0.439453,0.742601,1.56449e-05,0.689572,1,0
3.0957,0.458984,0.587842,6.76098e-06,0.689572,1,0
3.11523,0.439453,0.742612,1.52858e-05,0.687621,1,0
3.11523,0.458984,0.587849,6.58077e-06,0.687621,1,0
2.97852,0.478516,0.362419,1.61532e-06,0.701277,1,0
2.97852,0.498047,0.046004,-6.86949e-07,0.701277,0.6,0
2.99805,0.478516,0.362423,1.58119e-06,0.699326,1,0
2.99805,0.498047,0.0460049,-6.6038e-07,0.699326,0.6,0
3.01758,0.478516,0.362427,1.54698e-06,0.697375,1,0
3.01758,0.498047,0.0460058,-6.34541e-07,0.697375,0.6,0
3.03711,0.478516,0.362431,1.51277e-06,0.695424,1,0
3.03711,0.498047,0.0460067,-6.09459e-07,0.695425,0.6,0
3.05664,0.478516,0.362435,1.47864e-06,0.693474,1,0
3.05664,0.498047,0.0460076,-5.85123e-07,0.693474,0.6,0
3.07617,0.478516,0.362439,1.44464e-06,0.691523,1,0
3.07617,0.498047,0.0460085,-5.61549e-07,0.691523,0.6,0
3.0957,0.478516,0.362443,1.41085e-06,0.689572,1,0
3.0957,0.498047,0.0460093,-5.38716e-07,0.689572,0.6,0
3.11523,0.478516,0.362446,1.37732e-06,0.687621,1,0
3.11523,0.498047,0.0460102,-5.16632e-07,0.687621,0.6,0
3.13477,0.00976562,1.00109,8.15459e-06,0.685666,1,0
3.13477,0.0292969,1.00116,1.73878e-05,0.685666,1,0
3.1543,0.00976562,1.00108,8.06197e-06,0.683715,1,0
3.1543,0.0292969,1.00115,1.72078e-05,0.683715,1,0
3.13477,0.0488281,1.0012,2.4655e-05,0.685666,1,0
3.13477,0.0683594,1.00121,3.32664e-05,0.685666,1,0
3.1543,0.0488281,1.00119,2.44312e-05,0.683715,1,0
3.1543,0.0683594,1.00121,3.29936e-05,0.683715,1,0
3.17383,0.00976562,1.00107,7.96884e-06,0.681764,1,0
3.17383,0.0292969,1.00115,1.70266e-05,0.681764,1,0
3.19336,0.00976562,1.00107,7.87521e-06,0.679814,1,0
3.19336,0.0292969,1.00114,1.68444e-05,0.679813,1,0
3.17383,0.0488281,1.00119,2.42057e-05,0.681764,1,0
3.17383,0.0683594,1.0012,3.27185e-05,0.681764,1,0
3.19336,0.0488281,1.00118,2.39785e-05,0.679814,1,0
3.19336,0.0683594,1.00119,3.24412e-05,0.679814,1,0
3.13477,0.0878906,1.0012,4.03028e-05,0.685666,1,0
3.13477,0.107422,1.00118,4.75871e-05,0.685666,1,0
3.1543,0.0878906,1.0012,4.00037e-05,0.683715,1,0
3.1543,0.107422,1.00118,4.72562e-05,0.683716,1,0
3.13477,0.126953,1.00115,5.38397e-05,0.685666,1,0
3.13477,0.146484,1.00112,5.99403e-05,0.685667,1,0
3.1543,0.126953,1.00115,5.34843e-05,0.683716,1,0
3.1543,0.146484,1.00111,5.95558e-05,0.683716,1,0
3.17383,0.0878906,1.00119,3.97017e-05,0.681765,1,0
3.17383,0.107422,1.00117,4.6922e-05,0.681765,1,0
3.19336,0.0878906,1.00118,3.9397e-05,0.679814,1,0
3.19336,0.107422,1.00116,4.65848e-05,0.679814,1,0
3.17383,0.126953,1.00114,5.31254e-05,0.681765,1,0
3.17383,0.146484,1.00111,5.91676e-05,0.681765,1,0
3.19336,0.126953,1.00114,5.27632e-05,0.679814,1,0
3.19336,0.146484,1.0011,5.8776e-05,0.679814,1,0
3.21289,0.00976562,1.00106,7.78107e-06,0.677863,1,0
3.21289,0.0292969,1.00113,1.66611e-05,0.677863,1,0
3.23242,0.00976562,1.00105,7.68642e-06,0.675912,1,0
3.23242,0.0292969,1.00112,1.64767e-05,0.675912,1,0
3.21289,0.0488281,1.00117,2.37498e-05,0.677863,1,0
3.21289,0.0683594,1.00118,3.21615e-05,0.677863,1,0
3.23242,0.0488281,1.00116,2.35195e-05,0.675912,1,0
3.23242,0.0683594,1.00118,3.18797e-05,0.675912,1,0
3.25195,0.00976562,1.00104,7.59125e-06,0.673961,1,0
3.25195,0.0292969,1.00112,1.62913e-05,0.673961,1,0
3.27148,0.00976562,1.00104,7.49557e-06,0.67201,1,0
3.27148,0.0292969,1.00111,1.61048e-05,0.67201,1,0
3.25195,0.0488281,1.00115,2.32876e-05,0.673961,1,0
3.25195,0.0683594,1.00117,3.15957e-05,0.673961,1,0
3.27148,0.0488281,1.00115,2.30543e-05,0.67201,1,0
3.27148,0.0683594,1.00116,3.13095e-05,0.67201,1,0
3.21289,0.0878906,1.00118,3.90895e-05,0.677863,1,0
3.21289,0.107422,1.00116,4.62444e-05,0.677863,1,0
3.23242,0.0878906,1.00117,3.87794e-05,0.675912,1,0
3.23242,0.107422,1.00115,4.59011e-05,0.675912,1,0
3.21289,0.126953,1.00113,5.23977e-05,0.677863,1,0
3.21289,0.146484,1.0011,5.83809e-05,0.677863,1,0
3.23242,0.126953,1.00112,5.20289e-05,0.675912,1,0
3.23242,0.146484,1.00109,5.79824e-05,0.675912,1,0
3.25195,0.0878906,1.00116,3.84667e-05,0.673961,1,0
3.25195,0.107422,1.00114,4.55547e-05,0.673961,1,0
3.27148,0.0878906,1.00115,3.81514e-05,0.67201,1,0
3.27148,0.107422,1.00114,4.52055e-05,0.67201,1,0
3.25195,0.126953,1.00112,5.1657e-05,0.673961,1,0
3.25195,0.146484,1.00108,5.75807e-05,0.673962,1,0
3.27148,0.126953,1.00111,5.12821e-05,0.672011,1,0
3.27148,0.146484,1.00108,5.71757e-05,0.672011,1,0
3.13477,0.166016,1.00107,6.52459e-05,0.685667,1,0
3.13477,0.185547,1.00101,7.01285e-05,0.685667,1,0
3.1543,0.166016,1.00107,6.48347e-05,0.683716,1,0
3.1543,0.185547,1.00101,6.96877e-05,0.683716,1,0
3.13477,0.205078,1.00092,7.42281e-05,0.685667,1,0
3.13477,0.224609,1.00078,7.76673e-05,0.685667,1,0
3.1543,0.205078,1.00092,7.37581e-05,0.683716,1,0
3.1543,0.224609,1.00078,7.71654e-05,0.683717,1,0
3.17383,0.166016,1.00106,6.44198e-05,0.681765,1,0
3.17383,0.185547,1.001,6.92431e-05,0.681765,1,0
3.19336,0.166016,1.00106,6.40013e-05,0.679814,1,0
3.19336,0.185547,1.001,6.87948e-05,0.679815,1,0
3.17383,0.205078,1.00091,7.32842e-05,0.681766,1,0
3.17383,0.224609,1.00077,7.66597e-05,0.681766,1,0
3.19336,0.205078,1.00091,7.28066e-05,0.679815,1,0
3.19336,0.224609,1.00077,7.61504e-05,0.679815,1,0
3.13477,0.244141,1.00052,8.0191e-05,0.685668,1,0
3.13477,0.263672,1.00003,8.1755e-05,0.685668,1,0
3.1543,0.244141,1.00052,7.9656e-05,0.683717,1,0
3.1543,0.263672,1.00003,8.11839e-05,0.683717,1,0
3.13477,0.283203,0.999053,8.20603e-05,0.685668,1,0
3.13477,0.302734,0.99711,8.08741e-05,0.685668,1,0
3.1543,0.283203,0.999054,8.1451e-05,0.683717,1,0
3.1543,0.302734,0.997113,8.02243e-05,0.683718,1,0
3.17383,0.244141,1.00052,7.91173e-05,0.681766,1,0
3.17383,0.263672,1.00003,8.06092e-05,0.681766,1,0
3.19336,0.244141,1.00052,7.85751e-05,0.679815,1,0
3.19336,0.263672,1.00003,8.0031e-05,0.679815,1,0
3.17383,0.283203,0.999054,8.08382e-05,0.681767,1,0
3.17383,0.302734,0.997115,7.95713e-05,0.681767,1,0
3.19336,0.283203,0.999055,8.02222e-05,0.679816,1,0
3.19336,0.302734,0.997117,7.89153e-05,0.679816,1,0
3.21289,0.166016,1.00105,6.35792e-05,0.677864,1,0
3.21289,0.185547,1.00099,6.8343e-05,0.677864,1,0
3.23242,0.166016,1.00105,6.31537e-05,0.675913,1,0
3.23242,0.185547,1.00099,6.78877e-05,0.675913,1,0
3.21289,0.205078,1.00091,7.23255e-05,0.677864,1,0
3.21289,0.224609,1.00077,7.56376e-05,0.677864,1,0
3.23242,0.205078,1.0009,7.1841e-05,0.675913,1,0
3.23242,0.224609,1.00077,7.51215e-05,0.675913,1,0
3.25195,0.166016,1.00104,6.27249e-05,0.673962,1,0
3.25195,0.185547,1.00098,6.74291e-05,0.673962,1,0
3.27148,0.166016,1.00104,6.22928e-05,0.672011,1,0
3.27148,0.185547,1.00098,6.69673e-05,0.672011,1,0
3.25195,0.205078,1.0009,7.13533e-05,0.673962,1,0
3.25195,0.224609,1.00076,7.46022e-05,0.673962,1,0
3.27148,0.205078,1.0009,7.08623e-05,0.672011,1,0
3.27148,0.224609,1.00076,7.40799e-05,0.672011,1,0
3.21289,0.244141,1.00052,7.80295e-05,0.677864,1,0
3.21289,0.263672,1.00003,7.94497e-05,0.677865,1,0
3.23242,0.244141,1.00051,7.74807e-05,0.675913,1,0
3.23242,0.263672,1.00003,7.88654e-05,0.675914,1,0
3.21289,0.283203,0.999055,7.96032e-05,0.677865,1,0
3.21289,0.302734,0.997119,7.82567e-05,0.677865,1,0
3.23242,0.283203,0.999056,7.89815e-05,0.675914,1,0
3.23242,0.302734,0.997122,7.75957e-05,0.675914,1,0
3.25195,0.244141,1.00051,7.69289e-05,0.673963,1,0
3.25195,0.263672,1.00003,7.82782e-05,0.673963,1,0
3.27148,0.244141,1.00051,7.63742e-05,0.672012,1,0
3.27148,0.263672,1.00003,7.76884e-05,0.672012,1,0
3.25195,0.283203,0.999056,7.83573e-05,0.673963,1,0
3.25195,0.302734,0.997124,7.69325e-05,0.673963,1,0
3.27148,0.283203,0.999057,7.77307e-05,0.672012,1,0
3.27148,0.302734,0.997127,7.62674e-05,0.672012,1,0
3.29102,0.00976562,1.00103,7.39942e-06,0.670059,1,0
3.29102,0.0292969,1.0011,1.59173e-05,0.670059,1,0
3.31055,0.00976562,1.00102,7.30284e-06,0.668108,1,0
3.31055,0.0292969,1.00109,1.5729e-05,0.668108,1,0
3.29102,0.0488281,1.00114,2.28194e-05,0.670059,1,0
3.29102,0.0683594,1.00115,3.10213e-05,0.670059,1,0
3.31055,0.0488281,1.00113,2.25832e-05,0.668108,1,0
3.31055,0.0683594,1.00115,3.0731e-05,0.668108,1,0
3.33008,0.00976562,1.00102,7.2059e-06,0.666157,1,0
3.33008,0.0292969,1.00108,1.55398e-05,0.666157,1,0
3.34961,0.00976562,1.00101,7.10868e-06,0.664206,1,0
3.34961,0.0292969,1.00108,1.53499e-05,0.664206,1,0
3.33008,0.0488281,1.00112,2.23456e-05,0.666157,1,0
3.33008,0.0683594,1.00114,3.04387e-05,0.666157,1,0
3.34961,0.0488281,1.00112,2.21066e-05,0.664206,1,0
3.34961,0.0683594,1.00113,3.01445e-05,0.664206,1,0
3.29102,0.0878906,1.00115,3.78336e-05,0.670059,1,0
3.29102,0.107422,1.00113,4.48534e-05,0.67006,1,0
3.31055,0.0878906,1.00114,3.75134e-05,0.668109,1,0
3.31055,0.107422,1.00112,4.44985e-05,0.668109,1,0
3.29102,0.126953,1.00111,5.0904e-05,0.67006,1,0
3.29102,0.146484,1.00107,5.67676e-05,0.67006,1,0
3.31055,0.126953,1.0011,5.0523e-05,0.668109,1,0
3.31055,0.146484,1.00107,5.63563e-05,0.668109,1,0
3.33008,0.0878906,1.00113,3.71907e-05,0.666158,1,0
3.33008,0.107422,1.00112,4.41407e-05,0.666158,1,0
3.34961,0.0878906,1.00113,3.68656e-05,0.664207,1,0
3.34961,0.107422,1.00111,4.37803e-05,0.664207,1,0
3.33008,0.126953,1.00109,5.01389e-05,0.666158,1,0
3.33008,0.146484,1.00106,5.5942e-05,0.666158,1,0
3.34961,0.126953,1.00109,4.9752e-05,0.664207,1,0
3.34961,0.146484,1.00106,5.55246e-05,0.664207,1,0
3.36914,0.00976562,1.001,7.01125e-06,0.662255,1,0
3.36914,0.0292969,1.00107,1.51594e-05,0.662255,1,0
3.38867,0.00976562,1.001,6.91365e-06,0.660304,1,0
3.38867,0.0292969,1.00106,1.49682e-05,0.660304,1,0
3.36914,0.0488281,1.00111,2.18665e-05,0.662256,1,0
3.36914,0.0683594,1.00112,2.98484e-05,0.662256,1,0
3.38867,0.0488281,1.0011,2.16251e-05,0.660305,1,0
3.38867,0.0683594,1.00112,2.95505e-05,0.660305,1,0
3.4082,0.00976562,1.00099,6.81594e-06,0.658353,1,0
3.4082,0.0292969,1.00106,1.47766e-05,0.658353,1,0
3.42773,0.00976562,1.00099,6.71814e-06,0.656402,1,0
3.42773,0.0292969,1.00105,1.45844e-05,0.656402,1,0
3.4082,0.0488281,1.00109,2.13825e-05,0.658354,1,0
3.4082,0.0683594,1.00111,2.92508e-05,0.658354,1,0
3.42773,0.0488281,1.00109,2.11387e-05,0.656403,1,0
3.42773,0.0683594,1.0011,2.89492e-05,0.656403,1,0
3.36914,0.0878906,1.00112,3.65381e-05,0.662256,1,0
3.36914,0.107422,1.00111,4.3417e-05,0.662256,1,0
3.38867,0.0878906,1.00111,3.62083e-05,0.660305,1,0
3.38867,0.107422,1.0011,4.30511e-05,0.660305,1,0
3.36914,0.126953,1.00108,4.9362e-05,0.662256,1,0
3.36914,0.146484,1.00105,5.51041e-05,0.662256,1,0
3.38867,0.126953,1.00108,4.89692e-05,0.660305,1,0
3.38867,0.146484,1.00105,5.46806e-05,0.660305,1,0
3.4082,0.0878906,1.00111,3.58761e-05,0.658354,1,0
3.4082,0.107422,1.00109,4.26824e-05,0.658354,1,0
3.42773,0.0878906,1.0011,3.55416e-05,0.656403,1,0
3.42773,0.107422,1.00109,4.23111e-05,0.656403,1,0
3.4082,0.126953,1.00107,4.85734e-05,0.658354,1,0
3.4082,0.146484,1.00104,5.4254e-05,0.658354,1,0
3.42773,0.126953,1.00106,4.81746e-05,0.656403,1,0
3.42773,0.146484,1.00104,5.38243e-05,0.656403,1,0
3.29102,0.166016,1.00103,6.18575e-05,0.67006,1,0
3.29102,0.185547,1.00098,6.65022e-05,0.67006,1,0
3.31055,0.166016,1.00103,6.14191e-05,0.668109,1,0
3.31055,0.185547,1.00097,6.60341e-05,0.668109,1,0
3.29102,0.205078,1.00089,7.03683e-05,0.67006,1,0
3.29102,0.224609,1.00076,7.35546e-05,0.670061,1,0
3.31055,0.205078,1.00089,6.98712e-05,0.668109,1,0
3.31055,0.224609,1.00075,7.30264e-05,0.66811,1,0
3.33008,0.166016,1.00102,6.09775e-05,0.666158,1,0
3.33008,0.185547,1.00097,6.55629e-05,0.666158,1,0
3.34961,0.166016,1.00102,6.05329e-05,0.664207,1,0
3.34961,0.185547,1.00096,6.50886e-05,0.664207,1,0
3.33008,0.205078,1.00089,6.93712e-05,0.666158,1,0
3.33008,0.224609,1.00075,7.24954e-05,0.666159,1,0
3.34961,0.205078,1.00088,6.88682e-05,0.664208,1,0
3.34961,0.224609,1.00075,7.19617e-05,0.664208,1,0
3.29102,0.244141,1.00051,7.58168e-05,0.670061,1,0
3.29102,0.263672,1.00002,7.70961e-05,0.670061,1,0
3.31055,0.244141,1.00051,7.52566e-05,0.66811,1,0
3.31055,0.263672,1.00002,7.65014e-05,0.66811,1,0
3.29102,0.283203,0.999058,7.71019e-05,0.670061,1,0
3.29102,0.302734,0.997129,7.56005e-05,0.670062,1,0
3.31055,0.283203,0.999059,7.6471e-05,0.66811,1,0
3.31055,0.302734,0.997131,7.49321e-05,0.668111,1,0
3.33008,0.244141,1.00051,7.46939e-05,0.666159,1,0
3.33008,0.263672,1.00002,7.59043e-05,0.666159,1,0
3.34961,0.244141,1.0005,7.41287e-05,0.664208,1,0
3.34961,0.263672,1.00002,7.53051e-05,0.664208,1,0
3.33008,0.283203,0.999059,7.58382e-05,0.666159,1,0
3.33008,0.302734,0.997134,7.42622e-05,0.66616,1,0
3.34961,0.283203,0.99906,7.52037e-05,0.664208,1,0
3.34961,0.302734,0.997137,7.35911e-05,0.664209,1,0
3.36914,0.166016,1.00101,6.00852e-05,0.662256,1,0
3.36914,0.185547,1.00096,6.46113e-05,0.662256,1,0
3.38867,0.166016,1.00101,5.96344e-05,0.660305,1,0
3.38867,0.185547,1.00095,6.4131e-05,0.660305,1,0
3.36914,0.205078,1.00088,6.83623e-05,0.662257,1,0
3.36914,0.224609,1.00075,7.14252e-05,0.662257,1,0
3.38867,0.205078,1.00088,6.78536e-05,0.660306,1,0
3.38867,0.224609,1.00074,7.0886e-05,0.660306,1,0
3.4082,0.166016,1.001,5.91806e-05,0.658354,1,0
3.4082,0.185547,1.00095,6.36476e-05,0.658354,1,0
3.42773,0.166016,1.001,5.87236e-05,0.656403,1,0
3.42773,0.185547,1.00095,6.31612e-05,0.656403,1,0
3.4082,0.205078,1.00087,6.73419e-05,0.658355,1,0
3.4082,0.224609,1.00074,7.03441e-05,0.658355,1,0
3.42773,0.205078,1.00087,6.68273e-05,0.656404,1,0
3.42773,0.224609,1.00074,6.97994e-05,0.656404,1,0
3.36914,0.244141,1.0005,7.3561e-05,0.662257,1,0
3.36914,0.263672,1.00002,7.47037e-05,0.662257,1,0
3.38867,0.244141,1.0005,7.29908e-05,0.660306,1,0
3.38867,0.263672,1.00002,7.41002e-05,0.660306,1,0
3.36914,0.283203,0.999061,7.45673e-05,0.662257,1,0
3.36914,0.302734,0.997139,7.29187e-05,0.662258,1,0
3.38867,0.283203,0.999062,7.39292e-05,0.660306,1,0
3.38867,0.302734,0.997142,7.22451e-05,0.660307,1,0
3.4082,0.244141,1.0005,7.24182e-05,0.658355,1,0
3.4082,0.263672,1.00002,7.34945e-05,0.658355,1,0
3.42773,0.244141,1.0005,7.18431e-05,0.656404,1,0
3.42773,0.263672,1.00002,7.28866e-05,0.656404,1,0
3.4082,0.283203,0.999063,7.32894e-05,0.658355,1,0
3.4082,0.302734,0.997144,7.15702e-05,0.658356,1,0
3.42773,0.283203,0.999064,7.26479e-05,0.656404,1,0
3.42773,0.302734,0.997147,7.08942e-05,0.656405,1,0
3.13477,0.322266,0.99332,7.77359e-05,0.685669,1,0
3.13477,0.341797,0.986129,7.2281e-05,0.685669,1,0
3.1543,0.322266,0.993324,7.70472e-05,0.683718,1,0
3.1543,0.341797,0.986136,7.15603e-05,0.683718,1,0
3.13477,0.361328,0.972936,6.40833e-05,0.685669,1,0
3.13477,0.380859,0.949605,5.32687e-05,0.68567,1,0
3.1543,0.361328,0.972946,6.335e-05,0.683719,1,0
3.1543,0.380859,0.949617,5.25547e-05,0.683719,1,0
3.17383,0.322266,0.993329,7.63557e-05,0.681767,1,0
3.17383,0.341797,0.986143,7.08374e-05,0.681767,1,0
3.19336,0.322266,0.993333,7.56618e-05,0.679816,1,0
3.19336,0.341797,0.98615,7.01128e-05,0.679817,1,0
3.17383,0.361328,0.972955,6.26155e-05,0.681768,1,0
3.17383,0.380859,0.949629,5.18406e-05,0.681768,1,0
3.19336,0.361328,0.972965,6.18802e-05,0.679817,1,0
3.19336,0.380859,0.949641,5.1127e-05,0.679817,1,0
3.13477,0.400391,0.909894,4.03445e-05,0.68567,1,0
3.13477,0.419922,0.844898,2.69897e-05,0.68567,1,0
3.1543,0.400391,0.909908,3.96993e-05,0.683719,1,0
3.1543,0.419922,0.844911,2.64652e-05,0.683719,1,0
3.13477,0.439453,0.742622,1.49295e-05,0.68567,1,0
3.13477,0.458984,0.587856,6.40288e-06,0.685671,1,0
3.1543,0.439453,0.742632,1.45764e-05,0.68372,1,0
3.1543,0.458984,0.587863,6.22756e-06,0.68372,1,0
3.17383,0.400391,0.909921,3.90554e-05,0.681768,1,0
3.17383,0.419922,0.844923,2.59435e-05,0.681769,1,0
3.19336,0.400391,0.909933,3.84134e-05,0.679817,1,0
3.19336,0.419922,0.844935,2.5425e-05,0.679818,1,0
3.17383,0.439453,0.742642,1.42268e-05,0.681769,1,0
3.17383,0.458984,0.587869,6.05494e-06,0.681769,1,0
3.19336,0.439453,0.742652,1.38811e-05,0.679818,1,0
3.19336,0.458984,0.587876,5.88522e-06,0.679818,1,0
3.21289,0.322266,0.993338,7.49657e-05,0.677865,1,0
3.21289,0.341797,0.986156,6.93866e-05,0.677866,1,0
3.23242,0.322266,0.993342,7.42677e-05,0.675915,1,0
3.23242,0.341797,0.986163,6.86593e-05,0.675915,1,0
3.21289,0.361328,0.972974,6.11444e-05,0.677866,1,0
3.21289,0.380859,0.949652,5.04141e-05,0.677866,1,0
3.23242,0.361328,0.972984,6.04085e-05,0.675915,1,0
3.23242,0.380859,0.949664,4.97024e-05,0.675915,1,0
3.25195,0.322266,0.993347,7.3568e-05,0.673964,1,0
3.25195,0.341797,0.98617,6.79312e-05,0.673964,1,0
3.27148,0.322266,0.993351,7.28671e-05,0.672013,1,0
3.27148,0.341797,0.986177,6.72026e-05,0.672013,1,0
3.25195,0.361328,0.972993,5.96729e-05,0.673964,1,0
3.25195,0.380859,0.949676,4.89923e-05,0.673965,1,0
3.27148,0.361328,0.973003,5.89378e-05,0.672013,1,0
3.27148,0.380859,0.949687,4.82841e-05,0.672014,1,0
3.21289,0.400391,0.909946,3.77736e-05,0.677867,1,0
3.21289,0.419922,0.844948,2.491e-05,0.677867,1,0
3.23242,0.400391,0.909959,3.71364e-05,0.675916,1,0
3.23242,0.419922,0.84496,2.4399e-05,0.675916,1,0
3.21289,0.439453,0.742662,1.35395e-05,0.677867,1,0
3.21289,0.458984,0.587882,5.71848e-06,0.677867,1,0
3.23242,0.439453,0.742672,1.32023e-05,0.675916,1,0
3.23242,0.458984,0.587888,5.55488e-06,0.675916,1,0
3.25195,0.400391,0.909972,3.65022e-05,0.673965,1,0
3.25195,0.419922,0.844972,2.38923e-05,0.673965,1,0
3.27148,0.400391,0.909984,3.58713e-05,0.672014,1,0
3.27148,0.419922,0.844983,2.33901e-05,0.672014,1,0
3.25195,0.439453,0.742681,1.28697e-05,0.673965,1,0
3.25195,0.458984,0.587894,5.39444e-06,0.673965,1,0
3.27148,0.439453,0.74269,1.25419e-05,0.672014,1,0
3.27148,0.458984,0.587899,5.23725e-06,0.672014,1,0
3.13477,0.478516,0.36245,1.34411e-06,0.685671,1,0
3.13477,0.498047,0.046011,-4.95266e-07,0.685671,0.6,0
3.1543,0.478516,0.362453,1.31127e-06,0.68372,1,0
3.1543,0.498047,0.0460118,-4.7462e-07,0.68372,0.6,0
3.17383,0.478516,0.362456,1.27884e-06,0.681769,1,0
3.17383,0.498047,0.0460126,-4.5466e-07,0.681769,0.6,0
3.19336,0.478516,0.362459,1.24684e-06,0.679818,1,0
3.19336,0.498047,0.0460134,-4.35385e-07,0.679818,0.6,0
3.21289,0.478516,0.362462,1.21532e-06,0.677867,1,0
3.21289,0.498047,0.0460142,-4.16758e-07,0.677867,0.6,0
3.23242,0.478516,0.362465,1.18429e-06,0.675916,1,0
3.23242,0.498047,0.0460149,-3.98775e-07,0.675916,0.6,0
3.25195,0.478516,0.362468,1.15378e-06,0.673965,1,0
3.25195,0.498047,0.0460157,-3.81398e-07,0.673965,0.6,0
3.27148,0.478516,0.362471,1.1238e-06,0.672014,1,0
3.27148,0.498047,0.0460164,-3.64625e-07,0.672014,0.6,0
3.29102,0.322266,0.993356,7.2165e-05,0.670062,1,0
3.29102,0.341797,0.986184,6.64737e-05,0.670062,1,0
3.31055,0.322266,0.99336,7.1462e-05,0.668111,1,0
3.31055,0.341797,0.986191,6.57448e-05,0.668111,1,0
3.29102,0.361328,0.973012,5.82035e-05,0.670062,1,0
3.29102,0.380859,0.949699,4.7578e-05,0.670063,1,0
3.31055,0.361328,0.973022,5.74703e-05,0.668111,1,0
3.31055,0.380859,0.94971,4.68743e-05,0.668112,1,0
3.33008,0.322266,0.993365,7.07583e-05,0.66616,1,0
3.33008,0.341797,0.986198,6.5016e-05,0.66616,1,0
3.34961,0.322266,0.993369,7.00539e-05,0.664209,1,0
3.34961,0.341797,0.986205,6.42874e-05,0.664209,1,0
3.33008,0.361328,0.973031,5.67383e-05,0.66616,1,0
3.33008,0.380859,0.949722,4.61732e-05,0.666161,1,0
3.34961,0.361328,0.973041,5.60076e-05,0.66421,1,0
3.34961,0.380859,0.949733,4.54748e-05,0.66421,1,0
3.29102,0.400391,0.909997,3.5244e-05,0.670063,1,0
3.29102,0.419922,0.844995,2.28928e-05,0.670063,1,0
3.31055,0.400391,0.910009,3.46205e-05,0.668112,1,0
3.31055,0.419922,0.845006,2.24004e-05,0.668112,1,0
3.29102,0.439453,0.742699,1.22191e-05,0.670063,1,0
3.29102,0.458984,0.587905,5.08332e-06,0.670063,1,0
3.31055,0.439453,0.742708,1.19013e-05,0.668112,1,0
3.31055,0.458984,0.587911,4.93268e-06,0.668112,1,0
3.33008,0.400391,0.910021,3.40011e-05,0.666161,1,0
3.33008,0.419922,0.845018,2.19132e-05,0.666161,1,0
3.34961,0.400391,0.910033,3.33858e-05,0.66421,1,0
3.34961,0.419922,0.845029,2.14314e-05,0.66421,1,0
3.33008,0.439453,0.742717,1.15886e-05,0.666161,1,0
3.33008,0.458984,0.587916,4.7853e-06,0.666161,1,0
3.34961,0.439453,0.742725,1.12811e-05,0.66421,1,0
3.34961,0.458984,0.587921,4.64119e-06,0.66421,1,0
3.36914,0.322266,0.993374,6.93489e-05,0.662258,1,0
3.36914,0.341797,0.986212,6.35591e-05,0.662258,1,0
3.38867,0.322266,0.993379,6.86434e-05,0.660307,1,0
3.38867,0.341797,0.986219,6.28312e-05,0.660307,1,0
3.36914,0.361328,0.97305,5.52785e-05,0.662259,1,0
3.36914,0.380859,0.949744,4.47793e-05,0.662259,1,0
3.38867,0.361328,0.973059,5.45509e-05,0.660308,1,0
3.38867,0.380859,0.949755,4.40868e-05,0.660308,1,0
3.4082,0.322266,0.993384,6.79374e-05,0.658356,1,0
3.4082,0.341797,0.986226,6.21037e-05,0.658356,1,0
3.42773,0.322266,0.993388,6.72309e-05,0.656405,1,0
3.42773,0.341797,0.986233,6.13767e-05,0.656405,1,0
3.4082,0.361328,0.973069,5.38249e-05,0.658356,1,0
3.4082,0.380859,0.949767,4.33975e-05,0.658357,1,0
3.42773,0.361328,0.973078,5.31007e-05,0.656405,1,0
3.42773,0.380859,0.949778,4.27114e-05,0.656406,1,0
3.36914,0.400391,0.910045,3.27749e-05,0.662259,1,0
3.36914,0.419922,0.84504,2.0955e-05,0.662259,1,0
3.38867,0.400391,0.910057,3.21686e-05,0.660308,1,0
3.38867,0.419922,0.84505,2.04842e-05,0.660308,1,0
3.36914,0.439453,0.742733,1.09787e-05,0.662259,1,0
3.36914,0.458984,0.587926,4.50028e-06,0.662259,1,0
3.38867,0.439453,0.742742,1.06816e-05,0.660308,1,0
3.38867,0.458984,0.587931,4.36255e-06,0.660308,1,0
3.4082,0.400391,0.910069,3.15668e-05,0.658357,1,0
3.4082,0.419922,0.845061,2.00189e-05,0.658357,1,0
3.42773,0.400391,0.91008,3.09697e-05,0.656406,1,0
3.42773,0.419922,0.845072,1.95593e-05,0.656406,1,0
3.4082,0.439453,0.74275,1.03897e-05,0.658357,1,0
3.4082,0.458984,0.587936,4.22791e-06,0.658357,1,0
3.42773,0.439453,0.742757,1.0103e-05,0.656406,1,0
3.42773,0.458984,0.58794,4.09633e-06,0.656406,1,0
3.29102,0.478516,0.362474,1.09436e-06,0.670063,1,0
3.29102,0.498047,0.0460171,-3.48415e-07,0.670063,0.6,0
3.31055,0.478516,0.362476,1.06546e-06,0.668112,1,0
3.31055,0.498047,0.0460179,-3.32767e-07,0.668113,0.6,0
3.33008,0.478516,0.362479,1.03712e-06,0.666161,1,0
3.33008,0.498047,0.0460185,-3.17644e-07,0.666162,0.6,0
3.34961,0.478516,0.362481,1.00932e-06,0.66421,1,0
3.34961,0.498047,0.0460192,-3.03047e-07,0.664211,0.6,0
3.36914,0.478516,0.362484,9.82079e-07,0.662259,1,0
3.36914,0.498047,0.0460199,-2.88941e-07,0.66226,0.6,0
3.38867,0.478516,0.362486,9.55372e-07,0.660308,1,0
3.38867,0.498047,0.0460205,-2.7533e-07,0.660308,0.6,0
3.4082,0.478516,0.362488,9.29205e-07,0.658357,1,0
3.4082,0.498047,0.0460212,-2.62184e-07,0.658357,0.6,0
3.42773,0.478516,0.362491,9.03561e-07,0.656406,1,0
3.42773,0.498047,0.0460218,-2.49508e-07,0.656406,0.6,0
3.44727,0.00976562,1.00098,6.62025e-06,0.654451,1,0
3.44727,0.0292969,1.00104,1.43918e-05,0.654451,1,0
3.4668,0.00976562,1.00097,6.52227e-06,0.6525,1,0
3.4668,0.0292969,1.00103,1.41987e-05,0.6525,1,0
3.44727,0.0488281,1.00108,2.08938e-05,0.654452,1,0
3.44727,0.0683594,1.00109,2.86459e-05,0.654452,1,0
3.4668,0.0488281,1.00107,2.06478e-05,0.652501,1,0
3.4668,0.0683594,1.00109,2.83408e-05,0.652501,1,0
3.48633,0.00976562,1.00097,6.42419e-06,0.650549,1,0
3.48633,0.0292969,1.00103,1.4005e-05,0.650549,1,0
3.50586,0.00976562,1.00096,6.326e-06,0.648598,1,0
3.50586,0.0292969,1.00102,1.38108e-05,0.648598,1,0
3.48633,0.0488281,1.00107,2.04006e-05,0.650549,1,0
3.48633,0.0683594,1.00108,2.80338e-05,0.650549,1,0
3.50586,0.0488281,1.00106,2.01522e-05,0.648598,1,0
3.50586,0.0683594,1.00107,2.7725e-05,0.648598,1,0
3.44727,0.0878906,1.00109,3.52047e-05,0.654452,1,0
3.44727,0.107422,1.00108,4.19369e-05,0.654452,1,0
3.4668,0.0878906,1.00109,3.48655e-05,0.652501,1,0
3.4668,0.107422,1.00107,4.156e-05,0.652501,1,0
3.44727,0.126953,1.00106,4.77729e-05,0.654452,1,0
3.44727,0.146484,1.00103,5.33915e-05,0.654452,1,0
3.4668,0.126953,1.00105,4.73681e-05,0.652501,1,0
3.4668,0.146484,1.00103,5.29555e-05,0.652501,1,0
3.48633,0.0878906,1.00108,3.45239e-05,0.65055,1,0
3.48633,0.107422,1.00107,4.11803e-05,0.65055,1,0
3.50586,0.0878906,1.00107,3.41798e-05,0.648599,1,0
3.50586,0.107422,1.00106,4.07977e-05,0.648599,1,0
3.48633,0.126953,1.00105,4.69603e-05,0.65055,1,0
3.48633,0.146484,1.00102,5.25164e-05,0.65055,1,0
3.50586,0.126953,1.00104,4.65493e-05,0.648599,1,0
3.50586,0.146484,1.00101,5.20739e-05,0.648599,1,0
3.52539,0.00976562,1.00096,6.22768e-06,0.646647,1,0
3.52539,0.0292969,1.00101,1.36161e-05,0.646647,1,0
3.54492,0.00976562,1.00095,6.12922e-06,0.644696,1,0
3.54492,0.0292969,1.00101,1.34208e-05,0.644696,1,0
3.52539,0.0488281,1.00105,1.99026e-05,0.646647,1,0
3.52539,0.0683594,1.00107,2.74143e-05,0.646647,1,0
3.54492,0.0488281,1.00104,1.96518e-05,0.644696,1,0
3.54492,0.0683594,1.00106,2.71017e-05,0.644696,1,0
3.56445,0.00976562,1.00094,6.03061e-06,0.642745,1,0
3.56445,0.0292969,1.001,1.32249e-05,0.642745,1,0
3.58398,0.00976562,1.00094,5.93183e-06,0.640794,1,0
3.58398,0.0292969,1.00099,1.30284e-05,0.640794,1,0
3.56445,0.0488281,1.00104,1.93998e-05,0.642745,1,0
3.56445,0.0683594,1.00105,2.67873e-05,0.642745,1,0
3.58398,0.0488281,1.00103,1.91466e-05,0.640794,1,0
3.58398,0.0683594,1.00105,2.64708e-05,0.640794,1,0
3.52539,0.0878906,1.00107,3.38333e-05,0.646648,1,0
3.52539,0.107422,1.00106,4.04123e-05,0.646648,1,0
3.54492,0.0878906,1.00106,3.34843e-05,0.644696,1,0
3.54492,0.107422,1.00105,4.00239e-05,0.644696,1,0
3.52539,0.126953,1.00104,4.61352e-05,0.646648,1,0
3.52539,0.146484,1.00101,5.16282e-05,0.646648,1,0
3.54492,0.126953,1.00103,4.57178e-05,0.644697,1,0
3.54492,0.146484,1.001,5.1179e-05,0.644697,1,0
3.56445,0.0878906,1.00105,3.31327e-05,0.642745,1,0
3.56445,0.107422,1.00104,3.96325e-05,0.642745,1,0
3.58398,0.0878906,1.00105,3.27786e-05,0.640794,1,0
3.58398,0.107422,1.00104,3.9238e-05,0.640794,1,0
3.56445,0.126953,1.00102,4.52971e-05,0.642746,1,0
3.56445,0.146484,1.001,5.07264e-05,0.642746,1,0
3.58398,0.126953,1.00102,4.4873e-05,0.640794,1,0
3.58398,0.146484,1.00099,5.02701e-05,0.640795,1,0
3.44727,0.166016,1.00099,5.82635e-05,0.654452,1,0
3.44727,0.185547,1.00094,6.26717e-05,0.654452,1,0
3.4668,0.166016,1.00099,5.78002e-05,0.652501,1,0
3.4668,0.185547,1.00094,6.2179e-05,0.652501,1,0
3.44727,0.205078,1.00087,6.63097e-05,0.654453,1,0
3.44727,0.224609,1.00074,6.9252e-05,0.654453,1,0
3.4668,0.205078,1.00086,6.57891e-05,0.652502,1,0
3.4668,0.224609,1.00073,6.87017e-05,0.652502,1,0
3.48633,0.166016,1.00098,5.73337e-05,0.65055,1,0
3.48633,0.185547,1.00093,6.16832e-05,0.65055,1,0
3.50586,0.166016,1.00098,5.68638e-05,0.648599,1,0
3.50586,0.185547,1.00093,6.1184e-05,0.648599,1,0
3.48633,0.205078,1.00086,6.52654e-05,0.65055,1,0
3.48633,0.224609,1.00073,6.81486e-05,0.650551,1,0
3.50586,0.205078,1.00086,6.47385e-05,0.648599,1,0
3.50586,0.224609,1.00073,6.75924e-05,0.6486,1,0
3.44727,0.244141,1.0005,7.12654e-05,0.654453,1,0
3.44727,0.263672,1.00002,7.22766e-05,0.654453,1,0
3.4668,0.244141,1.00049,7.06852e-05,0.652502,1,0
3.4668,0.263672,1.00002,7.16643e-05,0.652502,1,0
3.44727,0.283203,0.999065,7.20046e-05,0.654453,1,0
3.44727,0.302734,0.99715,7.02169e-05,0.654454,1,0
3.4668,0.283203,0.999066,7.13594e-05,0.652502,1,0
3.4668,0.302734,0.997153,6.95384e-05,0.652503,1,0
3.48633,0.244141,1.00049,7.01024e-05,0.650551,1,0
3.48633,0.263672,1.00002,7.10498e-05,0.650551,1,0
3.50586,0.244141,1.00049,6.95169e-05,0.6486,1,0
3.50586,0.263672,1.00002,7.04329e-05,0.6486,1,0
3.48633,0.283203,0.999067,7.07125e-05,0.650551,1,0
3.48633,0.302734,0.997155,6.88587e-05,0.650552,1,0
3.50586,0.283203,0.999068,7.00637e-05,0.6486,1,0
3.50586,0.302734,0.997158,6.81777e-05,0.6486,1,0
3.52539,0.166016,1.00097,5.63905e-05,0.646648,1,0
3.52539,0.185547,1.00093,6.06815e-05,0.646648,1,0
3.54492,0.166016,1.00097,5.59138e-05,0.644697,1,0
3.54492,0.185547,1.00092,6.01756e-05,0.644697,1,0
3.52539,0.205078,1.00085,6.42084e-05,0.646648,1,0
3.52539,0.224609,1.00073,6.70333e-05,0.646648,1,0
3.54492,0.205078,1.00085,6.36751e-05,0.644697,1,0
3.54492,0.224609,1.00072,6.64711e-05,0.644697,1,0
3.56445,0.166016,1.00097,5.54336e-05,0.642746,1,0
3.56445,0.185547,1.00092,5.96662e-05,0.642746,1,0
3.58398,0.166016,1.00096,5.49497e-05,0.640795,1,0
3.58398,0.185547,1.00091,5.91532e-05,0.640795,1,0
3.56445,0.205078,1.00085,6.31383e-05,0.642746,1,0
3.56445,0.224609,1.00072,6.59057e-05,0.642746,1,0
3.58398,0.205078,1.00084,6.25981e-05,0.640795,1,0
3.58398,0.224609,1.00072,6.5337e-05,0.640795,1,0
3.52539,0.244141,1.00049,6.89286e-05,0.646649,1,0
3.52539,0.263672,1.00002,6.98137e-05,0.646649,1,0
3.54492,0.244141,1.00049,6.83375e-05,0.644698,1,0
3.54492,0.263672,1.00002,6.9192e-05,0.644698,1,0
3.52539,0.283203,0.999069,6.94129e-05,0.646649,1,0
3.52539,0.302734,0.997161,6.74955e-05,0.646649,1,0
3.54492,0.283203,0.999071,6.87603e-05,0.644698,1,0
3.54492,0.302734,0.997164,6.6812e-05,0.644698,1,0
3.56445,0.244141,1.00049,6.77436e-05,0.642747,1,0
3.56445,0.263672,1.00002,6.85679e-05,0.642747,1,0
3.58398,0.244141,1.00049,6.71467e-05,0.640795,1,0
3.58398,0.263672,1.00002,6.79412e-05,0.640796,1,0
3.56445,0.283203,0.999072,6.81057e-05,0.642747,1,0
3.56445,0.302734,0.997167,6.61271e-05,0.642747,1,0
3.58398,0.283203,0.999073,6.7449e-05,0.640796,1,0
3.58398,0.302734,0.99717,6.54408e-05,0.640796,1,0
3.60352,0.00976562,1.00093,5.83288e-06,0.638843,1,0
3.60352,0.0292969,1.00099,1.28313e-05,0.638843,1,0
3.62305,0.00976562,1.00093,5.73373e-06,0.636892,1,0
3.62305,0.0292969,1.00098,1.26335e-05,0.636892,1,0
3.60352,0.0488281,1.00102,1.8892e-05,0.638843,1,0
3.60352,0.0683594,1.00104,2.61523e-05,0.638843,1,0
3.62305,0.0488281,1.00102,1.86362e-05,0.636892,1,0
3.62305,0.0683594,1.00103,2.58318e-05,0.636892,1,0
3.64258,0.00976562,1.00092,5.63435e-06,0.634941,1,0
3.64258,0.0292969,1.00097,1.24351e-05,0.634941,1,0
3.66211,0.00976562,1.00092,5.53473e-06,0.632989,1,0
3.66211,0.0292969,1.00097,1.22359e-05,0.632989,1,0
3.64258,0.0488281,1.00101,1.8379e-05,0.634941,1,0
3.64258,0.0683594,1.00103,2.55092e-05,0.634941,1,0
3.66211,0.0488281,1.001,1.81205e-05,0.63299,1,0
3.66211,0.0683594,1.00102,2.51845e-05,0.63299,1,0
3.60352,0.0878906,1.00104,3.24218e-05,0.638843,1,0
3.60352,0.107422,1.00103,3.88404e-05,0.638843,1,0
3.62305,0.0878906,1.00103,3.20623e-05,0.636892,1,0
3.62305,0.107422,1.00103,3.84395e-05,0.636892,1,0
3.60352,0.126953,1.00101,4.44455e-05,0.638843,1,0
3.60352,0.146484,1.00099,4.98102e-05,0.638843,1,0
3.62305,0.126953,1.00101,4.40144e-05,0.636892,1,0
3.62305,0.146484,1.00098,4.93466e-05,0.636892,1,0
3.64258,0.0878906,1.00103,3.17e-05,0.634941,1,0
3.64258,0.107422,1.00102,3.80354e-05,0.634941,1,0
3.66211,0.0878906,1.00102,3.13349e-05,0.63299,1,0
3.66211,0.107422,1.00101,3.76279e-05,0.63299,1,0
3.64258,0.126953,1.001,4.35796e-05,0.634941,1,0
3.64258,0.146484,1.00098,4.88791e-05,0.634941,1,0
3.66211,0.126953,1.001,4.31411e-05,0.63299,1,0
3.66211,0.146484,1.00097,4.84076e-05,0.63299,1,0
3.68164,0.00976562,1.00091,5.43485e-06,0.631038,1,0
3.68164,0.0292969,1.00096,1.20359e-05,0.631038,1,0
3.70117,0.00976562,1.00091,5.33468e-06,0.629087,1,0
3.70117,0.0292969,1.00096,1.18352e-05,0.629087,1,0
3.68164,0.0488281,1.001,1.78606e-05,0.631038,1,0
3.68164,0.0683594,1.00101,2.48575e-05,0.631038,1,0
3.70117,0.0488281,1.00099,1.75992e-05,0.629087,1,0
3.70117,0.0683594,1.00101,2.45284e-05,0.629087,1,0
3.7207,0.00976562,1.0009,5.23422e-06,0.627136,1,0
3.7207,0.0292969,1.00095,1.16337e-05,0.627136,1,0
3.74023,0.00976562,1.0009,5.13348e-06,0.625185,1,0
3.74023,0.0292969,1.00094,1.14314e-05,0.625185,1,0
3.7207,0.0488281,1.00098,1.73365e-05,0.627136,1,0
3.7207,0.0683594,1.001,2.4197e-05,0.627136,1,0
3.74023,0.0488281,1.00098,1.70723e-05,0.625185,1,0
3.74023,0.0683594,1.00099,2.38633e-05,0.625185,1,0
3.68164,0.0878906,1.00102,3.09669e-05,0.631039,1,0
3.68164,0.107422,1.00101,3.7217e-05,0.631039,1,0
3.70117,0.0878906,1.00101,3.05959e-05,0.629087,1,0
3.70117,0.107422,1.001,3.68025e-05,0.629087,1,0
3.68164,0.126953,1.00099,4.26987e-05,0.631039,1,0
3.68164,0.146484,1.00097,4.7932e-05,0.631039,1,0
3.70117,0.126953,1.00099,4.22524e-05,0.629088,1,0
3.70117,0.146484,1.00096,4.74522e-05,0.629088,1,0
3.7207,0.0878906,1.001,3.0222e-05,0.627136,1,0
3.7207,0.107422,1.001,3.63843e-05,0.627136,1,0
3.74023,0.0878906,1.001,2.9845e-05,0.625185,1,0
3.74023,0.107422,1.00099,3.59625e-05,0.625185,1,0
3.7207,0.126953,1.00098,4.1802e-05,0.627136,1,0
3.7207,0.146484,1.00096,4.6968e-05,0.627136,1,0
3.74023,0.126953,1.00098,4.13474e-05,0.625185,1,0
3.74023,0.146484,1.00096,4.64793e-05,0.625185,1,0
3.60352,0.166016,1.00096,5.44621e-05,0.638844,1,0
3.60352,0.185547,1.00091,5.86364e-05,0.638844,1,0
3.62305,0.166016,1.00095,5.39706e-05,0.636892,1,0
3.62305,0.185547,1.00091,5.81159e-05,0.636893,1,0
3.60352,0.205078,1.00084,6.20543e-05,0.638844,1,0
3.60352,0.224609,1.00072,6.4765e-05,0.638844,1,0
3.62305,0.205078,1.00084,6.15068e-05,0.636893,1,0
3.62305,0.224609,1.00072,6.41895e-05,0.636893,1,0
3.64258,0.166016,1.00095,5.34752e-05,0.634941,1,0
3.64258,0.185547,1.0009,5.75914e-05,0.634941,1,0
3.66211,0.166016,1.00094,5.29757e-05,0.63299,1,0
3.66211,0.185547,1.0009,5.70629e-05,0.63299,1,0
3.64258,0.205078,1.00083,6.09554e-05,0.634942,1,0
3.64258,0.224609,1.00071,6.36104e-05,0.634942,1,0
3.66211,0.205078,1.00083,6.04001e-05,0.63299,1,0
3.66211,0.224609,1.00071,6.30275e-05,0.632991,1,0
3.60352,0.244141,1.00048,6.65468e-05,0.638844,1,0
3.60352,0.263672,1.00002,6.73119e-05,0.638844,1,0
3.62305,0.244141,1.00048,6.59436e-05,0.636893,1,0
3.62305,0.263672,1.00002,6.66797e-05,0.636893,1,0
3.60352,0.283203,0.999074,6.67902e-05,0.638845,1,0
3.60352,0.302734,0.997173,6.4753e-05,0.638845,1,0
3.62305,0.283203,0.999076,6.61291e-05,0.636894,1,0
3.62305,0.302734,0.997176,6.40636e-05,0.636894,1,0
3.64258,0.244141,1.00048,6.53372e-05,0.634942,1,0
3.64258,0.263672,1.00002,6.60447e-05,0.634942,1,0
3.66211,0.244141,1.00048,6.47273e-05,0.632991,1,0
3.66211,0.263672,1.00002,6.54065e-05,0.632991,1,0
3.64258,0.283203,0.999077,6.54655e-05,0.634942,1,0
3.64258,0.302734,0.997179,6.33724e-05,0.634943,1,0
3.66211,0.283203,0.999078,6.47994e-05,0.632991,1,0
3.66211,0.302734,0.997182,6.26792e-05,0.632991,1,0
3.68164,0.166016,1.00094,5.24719e-05,0.631039,1,0
3.68164,0.185547,1.0009,5.65301e-05,0.631039,1,0
3.70117,0.166016,1.00094,5.19638e-05,0.629088,1,0
3.70117,0.185547,1.00089,5.59929e-05,0.629088,1,0
3.68164,0.205078,1.00083,5.98407e-05,0.631039,1,0
3.68164,0.224609,1.00071,6.24407e-05,0.631039,1,0
3.70117,0.205078,1.00083,5.9277e-05,0.629088,1,0
3.70117,0.224609,1.00071,6.18497e-05,0.629088,1,0
3.7207,0.166016,1.00093,5.14512e-05,0.627137,1,0
3.7207,0.185547,1.00089,5.54512e-05,0.627137,1,0
3.74023,0.166016,1.00093,5.0934e-05,0.625185,1,0
3.74023,0.185547,1.00089,5.49047e-05,0.625186,1,0
3.7207,0.205078,1.00082,5.87088e-05,0.627137,1,0
3.7207,0.224609,1.0007,6.12545e-05,0.627137,1,0
3.74023,0.205078,1.00082,5.81359e-05,0.625186,1,0
3.74023,0.224609,1.0007,6.06548e-05,0.625186,1,0
3.68164,0.244141,1.00048,6.41137e-05,0.63104,1,0
3.68164,0.263672,1.00002,6.47651e-05,0.63104,1,0
3.70117,0.244141,1.00048,6.34963e-05,0.629088,1,0
3.70117,0.263672,1.00002,6.41202e-05,0.629089,1,0
3.68164,0.283203,0.99908,6.41304e-05,0.63104,1,0
3.68164,0.302734,0.997185,6.19838e-05,0.63104,1,0
3.70117,0.283203,0.999081,6.34585e-05,0.629089,1,0
3.70117,0.302734,0.997188,6.12861e-05,0.629089,1,0
3.7207,0.244141,1.00048,6.28749e-05,0.627137,1,0
3.7207,0.263672,1.00002,6.34716e-05,0.627137,1,0
3.74023,0.244141,1.00048,6.22492e-05,0.625186,1,0
3.74023,0.263672,1.00002,6.28192e-05,0.625186,1,0
3.7207,0.283203,0.999082,6.27834e-05,0.627138,1,0
3.7207,0.302734,0.997191,6.0586e-05,0.627138,1,0
3.74023,0.283203,0.999084,6.2105e-05,0.625186,1,0
3.74023,0.302734,0.997194,5.98831e-05,0.625187,1,0
3.44727,0.322266,0.993393,6.65239e-05,0.654454,1,0
3.44727,0.341797,0.98624,6.06503e-05,0.654454,1,0
3.4668,0.322266,0.993398,6.58164e-05,0.652503,1,0
3.4668,0.341797,0.986248,5.99244e-05,0.652503,1,0
3.44727,0.361328,0.973087,5.23783e-05,0.654454,1,0
3.44727,0.380859,0.949789,4.20285e-05,0.654455,1,0
3.4668,0.361328,0.973097,5.16577e-05,0.652503,1,0
3.4668,0.380859,0.9498,4.13491e-05,0.652504,1,0
3.48633,0.322266,0.993403,6.51085e-05,0.650552,1,0
3.48633,0.341797,0.986255,5.91991e-05,0.650552,1,0
3.50586,0.322266,0.993408,6.44002e-05,0.648601,1,0
3.50586,0.341797,0.986262,5.84744e-05,0.648601,1,0
3.48633,0.361328,0.973106,5.09391e-05,0.650552,1,0
3.48633,0.380859,0.94981,4.0673e-05,0.650553,1,0
3.50586,0.361328,0.973115,5.02223e-05,0.648601,1,0
3.50586,0.380859,0.949821,4.00003e-05,0.648601,1,0
3.44727,0.400391,0.910092,3.03773e-05,0.654455,1,0
3.44727,0.419922,0.845082,1.91053e-05,0.654455,1,0
3.4668,0.400391,0.910103,2.97897e-05,0.652504,1,0
3.4668,0.419922,0.845092,1.86569e-05,0.652504,1,0
3.44727,0.439453,0.742765,9.8213e-06,0.654455,1,0
3.44727,0.458984,0.587945,3.96772e-06,0.654455,1,0
3.4668,0.439453,0.742773,9.54468e-06,0.652504,1,0
3.4668,0.458984,0.587949,3.84203e-06,0.652504,1,0
3.48633,0.400391,0.910115,2.92069e-05,0.650553,1,0
3.48633,0.419922,0.845102,1.82142e-05,0.650553,1,0
3.50586,0.400391,0.910126,2.86289e-05,0.648602,1,0
3.50586,0.419922,0.845112,1.7777e-05,0.648602,1,0
3.48633,0.439453,0.74278,9.27303e-06,0.650553,1,0
3.48633,0.458984,0.587954,3.71915e-06,0.650553,1,0
3.50586,0.439453,0.742787,9.00625e-06,0.648602,1,0
3.50586,0.458984,0.587958,3.59905e-06,0.648602,1,0
3.52539,0.322266,0.993412,6.36914e-05,0.64665,1,0
3.52539,0.341797,0.986269,5.77503e-05,0.64665,1,0
3.54492,0.322266,0.993417,6.29821e-05,0.644699,1,0
3.54492,0.341797,0.986276,5.70268e-05,0.644699,1,0
3.52539,0.361328,0.973125,4.95075e-05,0.64665,1,0
3.52539,0.380859,0.949832,3.93311e-05,0.64665,1,0
3.54492,0.361328,0.973134,4.87945e-05,0.644699,1,0
3.54492,0.380859,0.949843,3.86652e-05,0.644699,1,0
3.56445,0.322266,0.993422,6.22723e-05,0.642747,1,0
3.56445,0.341797,0.986283,5.63039e-05,0.642748,1,0
3.58398,0.322266,0.993427,6.1562e-05,0.640796,1,0
3.58398,0.341797,0.98629,5.55814e-05,0.640796,1,0
3.56445,0.361328,0.973143,4.80834e-05,0.642748,1,0
3.56445,0.380859,0.949853,3.80026e-05,0.642748,1,0
3.58398,0.361328,0.973152,4.7374e-05,0.640797,1,0
3.58398,0.380859,0.949864,3.73433e-05,0.640797,1,0
3.52539,0.400391,0.910137,2.80557e-05,0.646651,1,0
3.52539,0.419922,0.845122,1.73454e-05,0.646651,1,0
3.54492,0.400391,0.910148,2.74871e-05,0.644699,1,0
3.54492,0.419922,0.845131,1.69192e-05,0.6447,1,0
3.52539,0.439453,0.742794,8.74427e-06,0.646651,1,0
3.52539,0.458984,0.587962,3.48162e-06,0.646651,1,0
3.54492,0.439453,0.742801,8.48699e-06,0.6447,1,0
3.54492,0.458984,0.587966,3.36682e-06,0.6447,1,0
3.56445,0.400391,0.910159,2.69233e-05,0.642748,1,0
3.56445,0.419922,0.845141,1.64985e-05,0.642748,1,0
3.58398,0.400391,0.910169,2.63641e-05,0.640797,1,0
3.58398,0.419922,0.84515,1.6083e-05,0.640797,1,0
3.56445,0.439453,0.742808,8.23431e-06,0.642749,1,0
3.56445,0.458984,0.587969,3.25455e-06,0.642749,1,0
3.58398,0.439453,0.742814,7.98613e-06,0.640797,1,0
3.58398,0.458984,0.587973,3.14477e-06,0.640797,1,0
3.44727,0.478516,0.362493,8.7844e-07,0.654455,1,0
3.44727,0.498047,0.0460224,-2.37273e-07,0.654455,0.6,0
3.4668,0.478516,0.362495,8.53823e-07,0.652504,1,0
3.4668,0.498047,0.046023,-2.25487e-07,0.652504,0.6,0
3.48633,0.478516,0.362497,8.29709e-07,0.650553,1,0
3.48633,0.498047,0.0460236,-2.1412e-07,0.650553,0.6,0
3.50586,0.478516,0.362499,8.0608e-07,0.648602,1,0
3.50586,0.498047,0.0460242,-2.03182e-07,0.648602,0.6,0
3.52539,0.478516,0.3625,7.82933e-07,0.646651,1,0
3.52539,0.498047,0.0460247,-1.92643e-07,0.646651,0.6,0
3.54492,0.478516,0.362502,7.60251e-07,0.6447,1,0
3.54492,0.498047,0.0460253,-1.82515e-07,0.6447,0.6,0
3.56445,0.478516,0.362504,7.38029e-07,0.642749,1,0
3.56445,0.498047,0.0460258,-1.72773e-07,0.642749,0.6,0
3.58398,0.478516,0.362506,7.16253e-07,0.640797,1,0
3.58398,0.498047,0.0460263,-1.6343e-07,0.640798,0.6,0
3.60352,0.322266,0.993432,6.08509e-05,0.638845,1,0
3.60352,0.341797,0.986297,5.48593e-05,0.638845,1,0
3.62305,0.322266,0.993437,6.0139e-05,0.636894,1,0
3.62305,0.341797,0.986304,5.41375e-05,0.636894,1,0
3.60352,0.361328,0.973161,4.66663e-05,0.638846,1,0
3.60352,0.380859,0.949874,3.66871e-05,0.638846,1,0
3.62305,0.361328,0.97317,4.59602e-05,0.636894,1,0
3.62305,0.380859,0.949885,3.60341e-05,0.636895,1,0
3.64258,0.322266,0.993442,5.94261e-05,0.634943,1,0
3.64258,0.341797,0.986311,5.34157e-05,0.634943,1,0
3.66211,0.322266,0.993447,5.87121e-05,0.632992,1,0
3.66211,0.341797,0.986318,5.2694e-05,0.632992,1,0
3.64258,0.361328,0.973179,4.52555e-05,0.634943,1,0
3.64258,0.380859,0.949895,3.53841e-05,0.634943,1,0
3.66211,0.361328,0.973188,4.45522e-05,0.632992,1,0
3.66211,0.380859,0.949905,3.47371e-05,0.632992,1,0
3.60352,0.400391,0.91018,2.58095e-05,0.638846,1,0
3.60352,0.419922,0.845159,1.56728e-05,0.638846,1,0
3.62305,0.400391,0.91019,2.52593e-05,0.636895,1,0
3.62305,0.419922,0.845168,1.52678e-05,0.636895,1,0
3.60352,0.439453,0.742821,7.74237e-06,0.638846,1,0
3.60352,0.458984,0.587977,3.03739e-06,0.638846,1,0
3.62305,0.439453,0.742827,7.50292e-06,0.636895,1,0
3.62305,0.458984,0.58798,2.93239e-06,0.636895,1,0
3.64258,0.400391,0.910201,2.47136e-05,0.634944,1,0
3.64258,0.419922,0.845177,1.48679e-05,0.634944,1,0
3.66211,0.400391,0.910211,2.41723e-05,0.632992,1,0
3.66211,0.419922,0.845185,1.4473e-05,0.632993,1,0
3.64258,0.439453,0.742833,7.2677e-06,0.634944,1,0
3.64258,0.458984,0.587983,2.82969e-06,0.634944,1,0
3.66211,0.439453,0.742839,7.03663e-06,0.632993,1,0
3.66211,0.458984,0.587987,2.72926e-06,0.632993,1,0
3.68164,0.322266,0.993452,5.79968e-05,0.63104,1,0
3.68164,0.341797,0.986326,5.1972e-05,0.631041,1,0
3.70117,0.322266,0.993457,5.728e-05,0.629089,1,0
3.70117,0.341797,0.986333,5.12497e-05,0.629089,1,0
3.68164,0.361328,0.973197,4.38501e-05,0.631041,1,0
3.68164,0.380859,0.949915,3.4093e-05,0.631041,1,0
3.70117,0.361328,0.973206,4.31492e-05,0.62909,1,0
3.70117,0.380859,0.949926,3.34517e-05,0.62909,1,0
3.7207,0.322266,0.993462,5.65616e-05,0.627138,1,0
3.7207,0.341797,0.98634,5.05271e-05,0.627138,1,0
3.74023,0.322266,0.993467,5.58415e-05,0.625187,1,0
3.74023,0.341797,0.986347,4.98039e-05,0.625187,1,0
3.7207,0.361328,0.973215,4.24494e-05,0.627138,1,0
3.7207,0.380859,0.949935,3.28132e-05,0.627139,1,0
3.74023,0.361328,0.973224,4.17506e-05,0.625187,1,0
3.74023,0.380859,0.949945,3.21774e-05,0.625187,1,0
3.68164,0.400391,0.910221,2.36354e-05,0.631041,1,0
3.68164,0.419922,0.845194,1.40831e-05,0.631041,1,0
3.70117,0.400391,0.910231,2.31026e-05,0.62909,1,0
3.70117,0.419922,0.845202,1.3698e-05,0.62909,1,0
3.68164,0.439453,0.742845,6.80963e-06,0.631042,1,0
3.68164,0.458984,0.58799,2.63104e-06,0.631042,1,0
3.70117,0.439453,0.74285,6.58662e-06,0.62909,1,0
3.70117,0.458984,0.587993,2.53503e-06,0.62909,1,0
3.7207,0.400391,0.910241,2.25741e-05,0.627139,1,0
3.7207,0.419922,0.84521,1.33177e-05,0.627139,1,0
3.74023,0.400391,0.91025,2.20498e-05,0.625188,1,0
3.74023,0.419922,0.845218,1.29421e-05,0.625188,1,0
3.7207,0.439453,0.742856,6.36755e-06,0.627139,1,0
3.7207,0.458984,0.587996,2.44115e-06,0.627139,1,0
3.74023,0.439453,0.742861,6.15234e-06,0.625188,1,0
3.74023,0.458984,0.587999,2.34942e-06,0.625188,1,0
3.60352,0.478516,0.362507,6.94916e-07,0.638846,1,0
3.60352,0.498047,0.0460268,-1.54462e-07,0.638846,0.6,0
3.62305,0.478516,0.362509,6.74004e-07,0.636895,1,0
3.62305,0.498047,0.0460273,-1.45882e-07,0.636895,0.6,0
3.64258,0.478516,0.36251,6.53514e-07,0.634944,1,0
3.64258,0.498047,0.0460278,-1.37665e-07,0.634944,0.6,0
3.66211,0.478516,0.362512,6.33433e-07,0.632993,1,0
3.66211,0.498047,0.0460283,-1.29817e-07,0.632993,0.6,0
3.68164,0.478516,0.362513,6.1376e-07,0.631042,1,0
3.68164,0.498047,0.0460287,-1.22312e-07,0.631042,0.6,0
3.70117,0.478516,0.362514,5.94486e-07,0.62909,1,0
3.70117,0.498047,0.0460292,-1.15156e-07,0.62909,0.6,0
3.7207,0.478516,0.362516,5.75609e-07,0.627139,1,0
3.7207,0.498047,0.0460296,-1.08327e-07,0.627139,0.6,0
3.74023,0.478516,0.362517,5.57119e-07,0.625188,1,0
3.74023,0.498047,0.0460301,-1.01835e-07,0.625188,0.6,0
3.75977,0.00976562,1.00089,5.03247e-06,0.623234,1,0
3.75977,0.0292969,1.00094,1.12284e-05,0.623233,1,0
3.7793,0.00976562,1.00089,4.93123e-06,0.621282,1,0
3.7793,0.0292969,1.00093,1.10247e-05,0.621282,1,0
3.75977,0.0488281,1.00097,1.68067e-05,0.623234,1,0
3.75977,0.0683594,1.00099,2.35274e-05,0.623234,1,0
3.7793,0.0488281,1.00097,1.65397e-05,0.621282,1,0
3.7793,0.0683594,1.00098,2.31891e-05,0.621282,1,0
3.79883,0.00976562,1.00088,4.8298e-06,0.619331,1,0
3.79883,0.0292969,1.00093,1.08203e-05,0.619331,1,0
3.81836,0.00976562,1.00088,4.72821e-06,0.61738,1,0
3.81836,0.0292969,1.00092,1.06153e-05,0.61738,1,0
3.79883,0.0488281,1.00096,1.62713e-05,0.619331,1,0
3.79883,0.0683594,1.00098,2.28485e-05,0.619331,1,0
3.81836,0.0488281,1.00095,1.60014e-05,0.61738,1,0
3.81836,0.0683594,1.00097,2.25056e-05,0.61738,1,0
3.75977,0.0878906,1.00099,2.94649e-05,0.623234,1,0
3.75977,0.107422,1.00098,3.55369e-05,0.623234,1,0
3.7793,0.0878906,1.00099,2.90817e-05,0.621283,1,0
3.7793,0.107422,1.00098,3.51075e-05,0.621283,1,0
3.75977,0.126953,1.00097,4.08885e-05,0.623234,1,0
3.75977,0.146484,1.00095,4.5986e-05,0.623234,1,0
3.7793,0.126953,1.00097,4.04253e-05,0.621283,1,0
3.7793,0.146484,1.00095,4.5488e-05,0.621283,1,0
3.79883,0.0878906,1.00098,2.86953e-05,0.619331,1,0
3.79883,0.107422,1.00097,3.46741e-05,0.619331,1,0
3.81836,0.0878906,1.00097,2.83057e-05,0.61738,1,0
3.81836,0.107422,1.00097,3.42368e-05,0.61738,1,0
3.79883,0.126953,1.00096,3.99576e-05,0.619332,1,0
3.79883,0.146484,1.00094,4.49851e-05,0.619332,1,0
3.81836,0.126953,1.00096,3.94854e-05,0.61738,1,0
3.81836,0.146484,1.00094,4.44772e-05,0.61738,1,0
3.83789,0.00976562,1.00087,4.62653e-06,0.615429,1,0
3.83789,0.0292969,1.00092,1.04097e-05,0.615429,1,0
3.85742,0.00976562,1.00087,4.5248e-06,0.613477,1,0
3.85742,0.0292969,1.00091,1.02037e-05,0.613477,1,0
3.83789,0.0488281,1.00095,1.57303e-05,0.615429,1,0
3.83789,0.0683594,1.00096,2.21603e-05,0.615429,1,0
3.85742,0.0488281,1.00094,1.54578e-05,0.613477,1,0
3.85742,0.0683594,1.00096,2.18128e-05,0.613477,1,0
3.87695,0.00976562,1.00086,4.4231e-06,0.611526,1,0
3.87695,0.0292969,1.00091,9.99729e-06,0.611526,1,0
3.89648,0.00976562,1.00086,4.32146e-06,0.609575,1,0
3.89648,0.0292969,1.0009,9.79055e-06,0.609575,1,0
3.87695,0.0488281,1.00094,1.51841e-05,0.611526,1,0
3.87695,0.0683594,1.00095,2.1463e-05,0.611526,1,0
3.89648,0.0488281,1.00093,1.49091e-05,0.609575,1,0
3.89648,0.0683594,1.00095,2.1111e-05,0.609575,1,0
3.83789,0.0878906,1.00097,2.79128e-05,0.615429,1,0
3.83789,0.107422,1.00096,3.37954e-05,0.615429,1,0
3.85742,0.0878906,1.00096,2.75166e-05,0.613478,1,0
3.85742,0.107422,1.00096,3.33499e-05,0.613478,1,0
3.83789,0.126953,1.00095,3.90084e-05,0.615429,1,0
3.83789,0.146484,1.00093,4.39642e-05,0.615429,1,0
3.85742,0.126953,1.00094,3.85267e-05,0.613478,1,0
3.85742,0.146484,1.00093,4.3446e-05,0.613478,1,0
3.87695,0.0878906,1.00096,2.71172e-05,0.611526,1,0
3.87695,0.107422,1.00095,3.29002e-05,0.611526,1,0
3.89648,0.0878906,1.00095,2.67144e-05,0.609575,1,0
3.89648,0.107422,1.00095,3.24463e-05,0.609575,1,0
3.87695,0.126953,1.00094,3.80401e-05,0.611526,1,0
3.87695,0.146484,1.00092,4.29223e-05,0.611527,1,0
3.89648,0.126953,1.00093,3.75486e-05,0.609575,1,0
3.89648,0.146484,1.00092,4.23932e-05,0.609575,1,0
3.75977,0.166016,1.00092,5.04119e-05,0.623234,1,0
3.75977,0.185547,1.00088,5.43534e-05,0.623234,1,0
3.7793,0.166016,1.00092,4.98848e-05,0.621283,1,0
3.7793,0.185547,1.00088,5.37971e-05,0.621283,1,0
3.75977,0.205078,1.00082,5.75582e-05,0.623234,1,0
3.75977,0.224609,1.0007,6.00504e-05,0.623235,1,0
3.7793,0.205078,1.00081,5.69756e-05,0.621283,1,0
3.7793,0.224609,1.0007,5.94411e-05,0.621283,1,0
3.79883,0.166016,1.00091,4.93527e-05,0.619332,1,0
3.79883,0.185547,1.00087,5.32355e-05,0.619332,1,0
3.81836,0.166016,1.00091,4.88153e-05,0.61738,1,0
3.81836,0.185547,1.00087,5.26686e-05,0.617381,1,0
3.79883,0.205078,1.00081,5.63877e-05,0.619332,1,0
3.79883,0.224609,1.0007,5.88269e-05,0.619332,1,0
3.81836,0.205078,1.00081,5.57945e-05,0.617381,1,0
3.81836,0.224609,1.00069,5.82074e-05,0.617381,1,0
3.75977,0.244141,1.00048,6.16192e-05,0.623235,1,0
3.75977,0.263672,1.00002,6.21628e-05,0.623235,1,0
3.7793,0.244141,1.00047,6.09845e-05,0.621284,1,0
3.7793,0.263672,1.00002,6.15022e-05,0.621284,1,0
3.75977,0.283203,0.999085,6.14231e-05,0.623235,1,0
3.75977,0.302734,0.997197,5.91775e-05,0.623235,1,0
3.7793,0.283203,0.999087,6.07375e-05,0.621284,1,0
3.7793,0.302734,0.9972,5.84689e-05,0.621284,1,0
3.79883,0.244141,1.00047,6.03451e-05,0.619332,1,0
3.79883,0.263672,1.00002,6.08373e-05,0.619333,1,0
3.81836,0.244141,1.00047,5.97008e-05,0.617381,1,0
3.81836,0.263672,1.00002,6.01678e-05,0.617381,1,0
3.79883,0.283203,0.999088,6.00481e-05,0.619333,1,0
3.79883,0.302734,0.997204,5.77572e-05,0.619333,1,0
3.81836,0.283203,0.99909,5.93547e-05,0.617381,1,0
3.81836,0.302734,0.997207,5.70423e-05,0.617382,1,0
3.83789,0.166016,1.00091,4.82725e-05,0.615429,1,0
3.83789,0.185547,1.00087,5.20961e-05,0.615429,1,0
3.85742,0.166016,1.0009,4.77242e-05,0.613478,1,0
3.85742,0.185547,1.00086,5.1518e-05,0.613478,1,0
3.83789,0.205078,1.00081,5.51958e-05,0.61543,1,0
3.83789,0.224609,1.00069,5.75826e-05,0.61543,1,0
3.85742,0.205078,1.0008,5.45913e-05,0.613478,1,0
3.85742,0.224609,1.00069,5.69521e-05,0.613478,1,0
3.87695,0.166016,1.0009,4.71701e-05,0.611527,1,0
3.87695,0.185547,1.00086,5.0934e-05,0.611527,1,0
3.89648,0.166016,1.00089,4.66102e-05,0.609575,1,0
3.89648,0.185547,1.00086,5.03439e-05,0.609576,1,0
3.87695,0.205078,1.0008,5.3981e-05,0.611527,1,0
3.87695,0.224609,1.00069,5.63159e-05,0.611527,1,0
3.89648,0.205078,1.0008,5.33645e-05,0.609576,1,0
3.89648,0.224609,1.00069,5.56737e-05,0.609576,1,0
3.83789,0.244141,1.00047,5.90513e-05,0.61543,1,0
3.83789,0.263672,1.00002,5.94936e-05,0.61543,1,0
3.85742,0.244141,1.00047,5.83966e-05,0.613479,1,0
3.85742,0.263672,1.00002,5.88144e-05,0.613479,1,0
3.83789,0.283203,0.999091,5.86571e-05,0.61543,1,0
3.83789,0.302734,0.99721,5.63241e-05,0.61543,1,0
3.85742,0.283203,0.999093,5.79552e-05,0.613479,1,0
3.85742,0.302734,0.997213,5.56023e-05,0.613479,1,0
3.87695,0.244141,1.00047,5.77363e-05,0.611527,1,0
3.87695,0.263672,1.00002,5.81302e-05,0.611527,1,0
3.89648,0.244141,1.00047,5.70702e-05,0.609576,1,0
3.89648,0.263672,1.00002,5.74407e-05,0.609576,1,0
3.87695,0.283203,0.999095,5.72488e-05,0.611528,1,0
3.87695,0.302734,0.997216,5.48767e-05,0.611528,1,0
3.89648,0.283203,0.999096,5.65377e-05,0.609576,1,0
3.89648,0.302734,0.99722,5.41472e-05,0.609577,1,0
3.91602,0.00976562,1.00086,4.21996e-06,0.607624,1,0
3.91602,0.0292969,1.0009,9.58355e-06,0.607623,1,0
3.93555,0.00976562,1.00085,4.11863e-06,0.605672,1,0
3.93555,0.0292969,1.00089,9.37636e-06,0.605672,1,0
3.91602,0.0488281,1.00092,1.46329e-05,0.607624,1,0
3.91602,0.0683594,1.00094,2.07567e-05,0.607624,1,0
3.93555,0.0488281,1.00092,1.43555e-05,0.605672,1,0
3.93555,0.0683594,1.00093,2.04002e-05,0.605672,1,0
3.95508,0.00976562,1.00085,4.01752e-06,0.603721,1,0
3.95508,0.0292969,1.00088,9.16905e-06,0.603721,1,0
3.97461,0.00976562,1.00084,3.91666e-06,0.60177,1,0
3.97461,0.0292969,1.00088,8.96165e-06,0.60177,1,0
3.95508,0.0488281,1.00091,1.40771e-05,0.603721,1,0
3.95508,0.0683594,1.00093,2.00414e-05,0.603721,1,0
3.97461,0.0488281,1.00091,1.37975e-05,0.60177,1,0
3.97461,0.0683594,1.00092,1.96805e-05,0.60177,1,0
3.91602,0.0878906,1.00094,2.63083e-05,0.607624,1,0
3.91602,0.107422,1.00094,3.19881e-05,0.607624,1,0
3.93555,0.0878906,1.00094,2.58989e-05,0.605672,1,0
3.93555,0.107422,1.00093,3.15255e-05,0.605672,1,0
3.91602,0.126953,1.00093,3.70519e-05,0.607624,1,0
3.91602,0.146484,1.00091,4.18584e-05,0.607624,1,0
3.93555,0.126953,1.00092,3.65501e-05,0.605673,1,0
3.93555,0.146484,1.00091,4.13179e-05,0.605673,1,0
3.95508,0.0878906,1.00093,2.5486e-05,0.603721,1,0
3.95508,0.107422,1.00093,3.10585e-05,0.603721,1,0
3.97461,0.0878906,1.00093,2.50697e-05,0.60177,1,0
3.97461,0.107422,1.00092,3.05871e-05,0.60177,1,0
3.95508,0.126953,1.00092,3.60431e-05,0.603721,1,0
3.95508,0.146484,1.0009,4.07714e-05,0.603721,1,0
3.97461,0.126953,1.00092,3.55306e-05,0.60177,1,0
3.97461,0.146484,1.0009,4.02189e-05,0.60177,1,0
3.99414,0.00976562,1.00084,3.8161e-06,0.599818,1,0
3.99414,0.0292969,1.00088,8.75422e-06,0.599818,1,0
4.01367,0.00976562,1.00084,3.71584e-06,0.597867,1,0
4.01367,0.0292969,1.00087,8.54678e-06,0.597867,1,0
3.99414,0.0488281,1.0009,1.35169e-05,0.599818,1,0
3.99414,0.0683594,1.00092,1.93174e-05,0.599818,1,0
4.01367,0.0488281,1.0009,1.32353e-05,0.597867,1,0
4.01367,0.0683594,1.00091,1.89521e-05,0.597867,1,0
4.0332,0.00976562,1.00083,3.61591e-06,0.595916,1,0
4.0332,0.0292969,1.00087,8.33936e-06,0.595916,1,0
4.05273,0.00976562,1.00083,3.5163e-06,0.593964,1,0
4.05273,0.0292969,1.00086,8.13199e-06,0.593964,1,0
4.0332,0.0488281,1.00089,1.29527e-05,0.595916,1,0
4.0332,0.0683594,1.00091,1.85847e-05,0.595916,1,0
4.05273,0.0488281,1.00089,1.26691e-05,0.593964,1,0
4.05273,0.0683594,1.0009,1.8215e-05,0.593964,1,0
3.99414,0.0878906,1.00092,2.46499e-05,0.599818,1,0
3.99414,0.107422,1.00092,3.01111e-05,0.599819,1,0
4.01367,0.0878906,1.00092,2.42267e-05,0.597867,1,0
4.01367,0.107422,1.00091,2.96305e-05,0.597867,1,0
3.99414,0.126953,1.00091,3.50127e-05,0.599819,1,0
3.99414,0.146484,1.0009,3.96602e-05,0.599819,1,0
4.01367,0.126953,1.00091,3.44891e-05,0.597867,1,0
4.01367,0.146484,1.00089,3.90952e-05,0.597867,1,0
4.0332,0.0878906,1.00091,2.37999e-05,0.595916,1,0
4.0332,0.107422,1.00091,2.91452e-05,0.595916,1,0
4.05273,0.0878906,1.00091,2.33697e-05,0.593964,1,0
4.05273,0.107422,1.0009,2.86551e-05,0.593965,1,0
4.0332,0.126953,1.0009,3.39599e-05,0.595916,1,0
4.0332,0.146484,1.00089,3.85236e-05,0.595916,1,0
4.05273,0.126953,1.0009,3.34248e-05,0.593965,1,0
4.05273,0.146484,1.00088,3.79455e-05,0.593965,1,0
3.91602,0.166016,1.00089,4.60442e-05,0.607624,1,0
3.91602,0.185547,1.00085,4.97475e-05,0.607624,1,0
3.93555,0.166016,1.00089,4.54721e-05,0.605673,1,0
3.93555,0.185547,1.00085,4.91447e-05,0.605673,1,0
3.91602,0.205078,1.00079,5.27417e-05,0.607624,1,0
3.91602,0.224609,1.00069,5.50253e-05,0.607625,1,0
3.93555,0.205078,1.00079,5.21125e-05,0.605673,1,0
3.93555,0.224609,1.00068,5.43705e-05,0.605673,1,0
3.95508,0.166016,1.00088,4.48936e-05,0.603722,1,0
3.95508,0.185547,1.00085,4.85353e-05,0.603722,1,0
3.97461,0.166016,1.00088,4.43085e-05,0.60177,1,0
3.97461,0.185547,1.00084,4.79191e-05,0.60177,1,0
3.95508,0.205078,1.00079,5.14765e-05,0.603722,1,0
3.95508,0.224609,1.00068,5.3709e-05,0.603722,1,0
3.97461,0.205078,1.00079,5.08336e-05,0.60177,1,0
3.97461,0.224609,1.00068,5.30406e-05,0.601771,1,0
3.91602,0.244141,1.00047,5.63983e-05,0.607625,1,0
3.91602,0.263672,1.00002,5.67456e-05,0.607625,1,0
3.93555,0.244141,1.00047,5.57201e-05,0.605673,1,0
3.93555,0.263672,1.00002,5.60447e-05,0.605674,1,0
3.91602,0.283203,0.999098,5.58216e-05,0.607625,1,0
3.91602,0.302734,0.997223,5.34136e-05,0.607625,1,0
3.93555,0.283203,0.9991,5.51003e-05,0.605674,1,0
3.93555,0.302734,0.997226,5.26757e-05,0.605674,1,0
3.95508,0.244141,1.00047,5.50355e-05,0.603722,1,0
3.95508,0.263672,1.00002,5.53379e-05,0.603722,1,0
3.97461,0.244141,1.00047,5.43443e-05,0.601771,1,0
3.97461,0.263672,1.00002,5.46248e-05,0.601771,1,0
3.95508,0.283203,0.999101,5.43737e-05,0.603722,1,0
3.95508,0.302734,0.99723,5.19332e-05,0.603723,1,0
3.97461,0.283203,0.999103,5.36414e-05,0.601771,1,0
3.97461,0.302734,0.997233,5.1186e-05,0.601771,1,0
3.99414,0.166016,1.00087,4.37167e-05,0.599819,1,0
3.99414,0.185547,1.00084,4.72958e-05,0.599819,1,0
4.01367,0.166016,1.00087,4.31181e-05,0.597868,1,0
4.01367,0.185547,1.00084,4.66654e-05,0.597868,1,0
3.99414,0.205078,1.00078,5.01835e-05,0.599819,1,0
3.99414,0.224609,1.00068,5.23652e-05,0.599819,1,0
4.01367,0.205078,1.00078,4.95261e-05,0.597868,1,0
4.01367,0.224609,1.00068,5.16825e-05,0.597868,1,0
4.0332,0.166016,1.00087,4.25123e-05,0.595916,1,0
4.0332,0.185547,1.00083,4.60275e-05,0.595916,1,0
4.05273,0.166016,1.00086,4.18994e-05,0.593965,1,0
4.05273,0.185547,1.00083,4.5382e-05,0.593965,1,0
4.0332,0.205078,1.00078,4.8861e-05,0.595916,1,0
4.0332,0.224609,1.00067,5.09922e-05,0.595917,1,0
4.05273,0.205078,1.00078,4.81882e-05,0.593965,1,0
4.05273,0.224609,1.00067,5.02941e-05,0.593965,1,0
3.99414,0.244141,1.00046,5.36463e-05,0.599819,1,0
3.99414,0.263672,1.00002,5.39053e-05,0.59982,1,0
4.01367,0.244141,1.00046,5.29411e-05,0.597868,1,0
4.01367,0.263672,1.00002,5.31792e-05,0.597868,1,0
3.99414,0.283203,0.999105,5.29034e-05,0.59982,1,0
3.99414,0.302734,0.997236,5.04339e-05,0.59982,1,0
4.01367,0.283203,0.999107,5.21593e-05,0.597868,1,0
4.01367,0.302734,0.99724,4.96767e-05,0.597869,1,0
4.0332,0.244141,1.00046,5.22287e-05,0.595917,1,0
4.0332,0.263672,1.00002,5.24461e-05,0.595917,1,0
4.05273,0.244141,1.00046,5.15086e-05,0.593965,1,0
4.05273,0.263672,1.00002,5.17059e-05,0.593965,1,0
4.0332,0.283203,0.999108,5.14089e-05,0.595917,1,0
4.0332,0.302734,0.997243,4.89142e-05,0.595917,1,0
4.05273,0.283203,0.99911,5.06521e-05,0.593966,1,0
4.05273,0.302734,0.997246,4.81461e-05,0.593966,1,0
3.75977,0.322266,0.993472,5.51195e-05,0.623236,1,0
3.75977,0.341797,0.986354,4.90801e-05,0.623236,1,0
3.7793,0.322266,0.993477,5.43955e-05,0.621284,1,0
3.7793,0.341797,0.986361,4.83557e-05,0.621285,1,0
3.75977,0.361328,0.973233,4.10528e-05,0.623236,1,0
3.75977,0.380859,0.949955,3.15443e-05,0.623236,1,0
3.7793,0.361328,0.973241,4.03558e-05,0.621285,1,0
3.7793,0.380859,0.949965,3.09138e-05,0.621285,1,0
3.79883,0.322266,0.993482,5.36695e-05,0.619333,1,0
3.79883,0.341797,0.986368,4.76304e-05,0.619333,1,0
3.81836,0.322266,0.993487,5.29412e-05,0.617382,1,0
3.81836,0.341797,0.986375,4.69043e-05,0.617382,1,0
3.79883,0.361328,0.97325,3.96596e-05,0.619334,1,0
3.79883,0.380859,0.949975,3.02858e-05,0.619334,1,0
3.81836,0.361328,0.973259,3.89642e-05,0.617382,1,0
3.81836,0.380859,0.949984,2.96603e-05,0.617382,1,0
3.75977,0.400391,0.91026,2.15295e-05,0.623236,1,0
3.75977,0.419922,0.845226,1.25713e-05,0.623237,1,0
3.7793,0.400391,0.910269,2.10133e-05,0.621285,1,0
3.7793,0.419922,0.845234,1.2205e-05,0.621285,1,0
3.75977,0.439453,0.742867,5.94096e-06,0.623237,1,0
3.75977,0.458984,0.588001,2.25978e-06,0.623237,1,0
3.7793,0.439453,0.742872,5.73334e-06,0.621285,1,0
3.7793,0.458984,0.588004,2.17224e-06,0.621285,1,0
3.79883,0.400391,0.910279,2.0501e-05,0.619334,1,0
3.79883,0.419922,0.845242,1.18433e-05,0.619334,1,0
3.81836,0.400391,0.910288,1.99926e-05,0.617383,1,0
3.81836,0.419922,0.845249,1.14861e-05,0.617383,1,0
3.79883,0.439453,0.742877,5.52946e-06,0.619334,1,0
3.79883,0.458984,0.588007,2.08675e-06,0.619334,1,0
3.81836,0.439453,0.742881,5.32926e-06,0.617383,1,0
3.81836,0.458984,0.588009,2.00332e-06,0.617383,1,0
3.83789,0.322266,0.993492,5.22105e-05,0.615431,1,0
3.83789,0.341797,0.986382,4.61771e-05,0.615431,1,0
3.85742,0.322266,0.993497,5.14774e-05,0.613479,1,0
3.85742,0.341797,0.986389,4.54488e-05,0.613479,1,0
3.83789,0.361328,0.973267,3.82693e-05,0.615431,1,0
3.83789,0.380859,0.949993,2.90372e-05,0.615431,1,0
3.85742,0.361328,0.973276,3.7575e-05,0.61348,1,0
3.85742,0.380859,0.950003,2.84164e-05,0.61348,1,0
3.87695,0.322266,0.993502,5.07416e-05,0.611528,1,0
3.87695,0.341797,0.986396,4.47193e-05,0.611528,1,0
3.89648,0.322266,0.993508,5.00029e-05,0.609577,1,0
3.89648,0.341797,0.986403,4.39882e-05,0.609577,1,0
3.87695,0.361328,0.973284,3.6881e-05,0.611528,1,0
3.87695,0.380859,0.950012,2.77979e-05,0.611529,1,0
3.89648,0.361328,0.973293,3.61874e-05,0.609577,1,0
3.89648,0.380859,0.950021,2.71815e-05,0.609577,1,0
3.83789,0.400391,0.910297,1.94881e-05,0.615431,1,0
3.83789,0.419922,0.845256,1.11334e-05,0.615431,1,0
3.85742,0.400391,0.910306,1.89874e-05,0.61348,1,0
3.85742,0.419922,0.845263,1.07851e-05,0.61348,1,0
3.83789,0.439453,0.742886,5.13273e-06,0.615432,1,0
3.83789,0.458984,0.588011,1.92192e-06,0.615432,1,0
3.85742,0.439453,0.742891,4.93982e-06,0.61348,1,0
3.85742,0.458984,0.588014,1.84255e-06,0.61348,1,0
3.87695,0.400391,0.910314,1.84905e-05,0.611529,1,0
3.87695,0.419922,0.84527,1.04412e-05,0.611529,1,0
3.89648,0.400391,0.910323,1.79974e-05,0.609577,1,0
3.89648,0.419922,0.845277,1.01017e-05,0.609578,1,0
3.87695,0.439453,0.742895,4.75054e-06,0.611529,1,0
3.87695,0.458984,0.588016,1.76518e-06,0.611529,1,0
3.89648,0.439453,0.742899,4.56484e-06,0.609578,1,0
3.89648,0.458984,0.588018,1.68983e-06,0.609578,1,0
3.75977,0.478516,0.362518,5.39015e-07,0.623237,1,0
3.75977,0.498047,0.0460305,-9.56555e-08,0.623237,0.6,0
3.7793,0.478516,0.362519,5.21289e-07,0.621285,1,0
3.7793,0.498047,0.0460309,-8.9796e-08,0.621285,0.6,0
3.79883,0.478516,0.36252,5.03937e-07,0.619334,1,0
3.79883,0.498047,0.0460313,-8.42304e-08,0.619334,0.6,0
3.81836,0.478516,0.362521,4.86953e-07,0.617383,1,0
3.81836,0.498047,0.0460316,-7.89654e-08,0.617383,0.6,0
3.83789,0.478516,0.362522,4.70336e-07,0.615432,1,0
3.83789,0.498047,0.046032,-7.39713e-08,0.615432,0.6,0
3.85742,0.478516,0.362523,4.54079e-07,0.61348,1,0
3.85742,0.498047,0.0460324,-6.92511e-08,0.61348,0.6,0
3.87695,0.478516,0.362524,4.38181e-07,0.611529,1,0
3.87695,0.498047,0.0460327,-6.47765e-08,0.611529,0.6,0
3.89648,0.478516,0.362525,4.22635e-07,0.609578,1,0
3.89648,0.498047,0.0460331,-6.05554e-08,0.609578,0.6,0
3.91602,0.322266,0.993513,4.92612e-05,0.607625,1,0
3.91602,0.341797,0.986409,4.32557e-05,0.607626,1,0
3.93555,0.322266,0.993518,4.85163e-05,0.605674,1,0
3.93555,0.341797,0.986416,4.25214e-05,0.605674,1,0
3.91602,0.361328,0.973301,3.54939e-05,0.607626,1,0
3.91602,0.380859,0.95003,2.65673e-05,0.607626,1,0
3.93555,0.361328,0.97331,3.48005e-05,0.605674,1,0
3.93555,0.380859,0.950039,2.59551e-05,0.605675,1,0
3.95508,0.322266,0.993523,4.7768e-05,0.603723,1,0
3.95508,0.341797,0.986423,4.17852e-05,0.603723,1,0
3.97461,0.322266,0.993528,4.70162e-05,0.601771,1,0
3.97461,0.341797,0.98643,4.10471e-05,0.601772,1,0
3.95508,0.361328,0.973318,3.41071e-05,0.603723,1,0
3.95508,0.380859,0.950048,2.53449e-05,0.603723,1,0
3.97461,0.361328,0.973326,3.34137e-05,0.601772,1,0
3.97461,0.380859,0.950057,2.47367e-05,0.601772,1,0
3.91602,0.400391,0.910331,1.75079e-05,0.607626,1,0
3.91602,0.419922,0.845284,9.76649e-06,0.607626,1,0
3.93555,0.400391,0.91034,1.70221e-05,0.605675,1,0
3.93555,0.419922,0.84529,9.43564e-06,0.605675,1,0
3.91602,0.439453,0.742903,4.38273e-06,0.607626,1,0
3.91602,0.458984,0.58802,1.61646e-06,0.607626,1,0
3.93555,0.439453,0.742907,4.20419e-06,0.605675,1,0
3.93555,0.458984,0.588022,1.54508e-06,0.605675,1,0
3.95508,0.400391,0.910348,1.65399e-05,0.603723,1,0
3.95508,0.419922,0.845296,9.10912e-06,0.603724,1,0
3.97461,0.400391,0.910356,1.60614e-05,0.601772,1,0
3.97461,0.419922,0.845303,8.78692e-06,0.601772,1,0
3.95508,0.439453,0.742911,4.02923e-06,0.603724,1,0
3.95508,0.458984,0.588024,1.47567e-06,0.603724,1,0
3.97461,0.439453,0.742915,3.85784e-06,0.601772,1,0
3.97461,0.458984,0.588026,1.40823e-06,0.601772,1,0
3.99414,0.322266,0.993533,4.62606e-05,0.59982,1,0
3.99414,0.341797,0.986437,4.03068e-05,0.59982,1,0
4.01367,0.322266,0.993538,4.55012e-05,0.597869,1,0
4.01367,0.341797,0.986444,3.95644e-05,0.597869,1,0
3.99414,0.361328,0.973334,3.272e-05,0.59982,1,0
3.99414,0.380859,0.950065,2.41305e-05,0.599821,1,0
4.01367,0.361328,0.973342,3.20262e-05,0.597869,1,0
4.01367,0.380859,0.950074,2.35261e-05,0.597869,1,0
4.0332,0.322266,0.993543,4.47377e-05,0.595917,1,0
4.0332,0.341797,0.98645,3.88195e-05,0.595918,1,0
4.05273,0.322266,0.993548,4.39701e-05,0.593966,1,0
4.05273,0.341797,0.986457,3.80722e-05,0.593966,1,0
4.0332,0.361328,0.97335,3.1332e-05,0.595918,1,0
4.0332,0.380859,0.950082,2.29236e-05,0.595918,1,0
4.05273,0.361328,0.973358,3.06374e-05,0.593966,1,0
4.05273,0.380859,0.950091,2.23229e-05,0.593966,1,0
3.99414,0.400391,0.910364,1.55865e-05,0.599821,1,0
3.99414,0.419922,0.845309,8.46904e-06,0.599821,1,0
4.01367,0.400391,0.910372,1.51152e-05,0.597869,1,0
4.01367,0.419922,0.845315,8.15549e-06,0.597869,1,0
3.99414,0.439453,0.742919,3.69002e-06,0.599821,1,0
3.99414,0.458984,0.588027,1.34273e-06,0.599821,1,0
4.01367,0.439453,0.742922,3.52578e-06,0.59787,1,0
4.01367,0.458984,0.588029,1.27919e-06,0.59787,1,0
4.0332,0.400391,0.910379,1.46475e-05,0.595918,1,0
4.0332,0.419922,0.84532,7.8463e-06,0.595918,1,0
4.05273,0.400391,0.910387,1.41835e-05,0.593967,1,0
4.05273,0.419922,0.845326,7.54146e-06,0.593967,1,0
4.0332,0.439453,0.742926,3.36514e-06,0.595918,1,0
4.0332,0.458984,0.58803,1.21756e-06,0.595918,1,0
4.05273,0.439453,0.742929,3.20809e-06,0.593967,1,0
4.05273,0.458984,0.588032,1.15785e-06,0.593967,1,0
3.91602,0.478516,0.362526,4.07439e-07,0.607626,1,0
3.91602,0.498047,0.0460334,-5.65627e-08,0.607626,0.6,0
3.93555,0.478516,0.362527,3.92585e-07,0.605675,1,0
3.93555,0.498047,0.0460337,-5.28022e-08,0.605675,0.6,0
3.95508,0.478516,0.362528,3.78071e-07,0.603724,1,0
3.95508,0.498047,0.046034,-4.92438e-08,0.603724,0.6,0
3.97461,0.478516,0.362528,3.63891e-07,0.601772,1,0
3.97461,0.498047,0.0460343,-4.58907e-08,0.601772,0.6,0
3.99414,0.478516,0.362529,3.50042e-07,0.599821,1,0
3.99414,0.498047,0.0460346,-4.27158e-08,0.599821,0.6,0
4.01367,0.478516,0.36253,3.3652e-07,0.59787,1,0
4.01367,0.498047,0.0460349,-3.97201e-08,0.59787,0.6,0
4.0332,0.478516,0.36253,3.23319e-07,0.595918,1,0
4.0332,0.498047,0.0460351,-3.68744e-08,0.595918,0.6,0
4.05273,0.478516,0.362531,3.10437e-07,0.593967,1,0
4.05273,0.498047,0.0460354,-3.41842e-08,0.593967,0.6,0
4.07227,0.00976562,1.00082,3.41703e-06,0.592013,1,0
4.07227,0.0292969,1.00086,7.92468e-06,0.592013,1,0
4.0918,0.00976562,1.00082,3.31811e-06,0.590062,1,0
4.0918,0.0292969,1.00085,7.71747e-06,0.590061,1,0
4.07227,0.0488281,1.00088,1.23845e-05,0.592013,1,0
4.07227,0.0683594,1.0009,1.78433e-05,0.592013,1,0
4.0918,0.0488281,1.00088,1.20991e-05,0.590062,1,0
4.0918,0.0683594,1.00089,1.74694e-05,0.590062,1,0
4.11133,0.00976562,1.00082,3.21955e-06,0.58811,1,0
4.11133,0.0292969,1.00085,7.51038e-06,0.58811,1,0
4.13086,0.00976562,1.00081,3.12136e-06,0.586159,1,0
4.13086,0.0292969,1.00084,7.30347e-06,0.586159,1,0
4.11133,0.0488281,1.00087,1.18128e-05,0.58811,1,0
4.11133,0.0683594,1.00089,1.70934e-05,0.58811,1,0
4.13086,0.0488281,1.00087,1.15256e-05,0.586159,1,0
4.13086,0.0683594,1.00088,1.67152e-05,0.586159,1,0
4.07227,0.0878906,1.0009,2.29358e-05,0.592013,1,0
4.07227,0.107422,1.0009,2.81603e-05,0.592013,1,0
4.0918,0.0878906,1.0009,2.24984e-05,0.590062,1,0
4.0918,0.107422,1.00089,2.76606e-05,0.590062,1,0
4.07227,0.126953,1.00089,3.28839e-05,0.592013,1,0
4.07227,0.146484,1.00088,3.73605e-05,0.592013,1,0
4.0918,0.126953,1.00089,3.23369e-05,0.590062,1,0
4.0918,0.146484,1.00087,3.67687e-05,0.590062,1,0
4.11133,0.0878906,1.00089,2.20575e-05,0.58811,1,0
4.11133,0.107422,1.00089,2.7156e-05,0.58811,1,0
4.13086,0.0878906,1.00089,2.16129e-05,0.586159,1,0
4.13086,0.107422,1.00088,2.66464e-05,0.586159,1,0
4.11133,0.126953,1.00088,3.17838e-05,0.58811,1,0
4.11133,0.146484,1.00087,3.61698e-05,0.588111,1,0
4.13086,0.126953,1.00088,3.12245e-05,0.586159,1,0
4.13086,0.146484,1.00087,3.55637e-05,0.586159,1,0
4.15039,0.00976562,1.00081,3.02358e-06,0.584207,1,0
4.15039,0.0292969,1.00084,7.09678e-06,0.584207,1,0
4.16992,0.00976562,1.00081,2.92626e-06,0.582256,1,0
4.16992,0.0292969,1.00084,6.89041e-06,0.582256,1,0
4.15039,0.0488281,1.00086,1.12377e-05,0.584207,1,0
4.15039,0.0683594,1.00088,1.63351e-05,0.584207,1,0
4.16992,0.0488281,1.00086,1.09492e-05,0.582256,1,0
4.16992,0.0683594,1.00087,1.5953e-05,0.582256,1,0
4.18945,0.00976562,1.00081,2.82945e-06,0.580305,1,0
4.18945,0.0292969,1.00083,6.68444e-06,0.580305,1,0
4.20898,0.00976562,1.0008,2.73321e-06,0.578353,1,0
4.20898,0.0292969,1.00083,6.47898e-06,0.578353,1,0
4.18945,0.0488281,1.00085,1.066e-05,0.580305,1,0
4.18945,0.0683594,1.00087,1.55689e-05,0.580305,1,0
4.20898,0.0488281,1.00085,1.03703e-05,0.578353,1,0
4.20898,0.0683594,1.00086,1.51831e-05,0.578353,1,0
4.15039,0.0878906,1.00088,2.11648e-05,0.584208,1,0
4.15039,0.107422,1.00088,2.61318e-05,0.584208,1,0
4.16992,0.0878906,1.00088,2.07131e-05,0.582256,1,0
4.16992,0.107422,1.00087,2.56123e-05,0.582256,1,0
4.15039,0.126953,1.00087,3.06589e-05,0.584208,1,0
4.15039,0.146484,1.00086,3.49502e-05,0.584208,1,0
4.16992,0.126953,1.00087,3.00869e-05,0.582256,1,0
4.16992,0.146484,1.00086,3.43293e-05,0.582256,1,0
4.18945,0.0878906,1.00087,2.02579e-05,0.580305,1,0
4.18945,0.107422,1.00087,2.50876e-05,0.580305,1,0
4.20898,0.0878906,1.00087,1.97992e-05,0.578353,1,0
4.20898,0.107422,1.00087,2.4558e-05,0.578353,1,0
4.18945,0.126953,1.00086,2.95085e-05,0.580305,1,0
4.18945,0.146484,1.00085,3.37008e-05,0.580305,1,0
4.20898,0.126953,1.00086,2.89235e-05,0.578353,1,0
4.20898,0.146484,1.00085,3.30646e-05,0.578354,1,0
4.07227,0.166016,1.00086,4.1279e-05,0.592013,1,0
4.07227,0.185547,1.00083,4.47286e-05,0.592014,1,0
4.0918,0.166016,1.00086,4.0651e-05,0.590062,1,0
4.0918,0.185547,1.00083,4.40672e-05,0.590062,1,0
4.07227,0.205078,1.00077,4.75073e-05,0.592014,1,0
4.07227,0.224609,1.00067,4.95879e-05,0.592014,1,0
4.0918,0.205078,1.00077,4.68181e-05,0.590062,1,0
4.0918,0.224609,1.00067,4.88735e-05,0.590062,1,0
4.11133,0.166016,1.00085,4.00152e-05,0.588111,1,0
4.11133,0.185547,1.00082,4.33975e-05,0.588111,1,0
4.13086,0.166016,1.00085,3.93714e-05,0.586159,1,0
4.13086,0.185547,1.00082,4.27193e-05,0.586159,1,0
4.11133,0.205078,1.00077,4.61204e-05,0.588111,1,0
4.11133,0.224609,1.00067,4.81505e-05,0.588111,1,0
4.13086,0.205078,1.00077,4.54139e-05,0.58616,1,0
4.13086,0.224609,1.00067,4.74186e-05,0.58616,1,0
4.07227,0.244141,1.00046,5.07807e-05,0.592014,1,0
4.07227,0.263672,1.00002,5.09583e-05,0.592014,1,0
4.0918,0.244141,1.00046,5.00448e-05,0.590063,1,0
4.0918,0.263672,1.00002,5.0203e-05,0.590063,1,0
4.07227,0.283203,0.999112,4.98886e-05,0.592014,1,0
4.07227,0.302734,0.99725,4.73723e-05,0.592014,1,0
4.0918,0.283203,0.999114,4.9118e-05,0.590063,1,0
4.0918,0.302734,0.997253,4.65925e-05,0.590063,1,0
4.11133,0.244141,1.00046,4.93004e-05,0.588111,1,0
4.11133,0.263672,1.00002,4.94398e-05,0.588111,1,0
4.13086,0.244141,1.00046,4.85474e-05,0.58616,1,0
4.13086,0.263672,1.00002,4.86684e-05,0.58616,1,0
4.11133,0.283203,0.999115,4.83402e-05,0.588111,1,0
4.11133,0.302734,0.997256,4.58064e-05,0.588112,1,0
4.13086,0.283203,0.999117,4.75549e-05,0.58616,1,0
4.13086,0.302734,0.99726,4.5014e-05,0.58616,1,0
4.15039,0.166016,1.00084,3.87195e-05,0.584208,1,0
4.15039,0.185547,1.00082,4.20324e-05,0.584208,1,0
4.16992,0.166016,1.00084,3.80593e-05,0.582256,1,0
4.16992,0.185547,1.00081,4.13366e-05,0.582257,1,0
4.15039,0.205078,1.00076,4.46983e-05,0.584208,1,0
4.15039,0.224609,1.00066,4.66777e-05,0.584208,1,0
4.16992,0.205078,1.00076,4.39735e-05,0.582257,1,0
4.16992,0.224609,1.00066,4.59273e-05,0.582257,1,0
4.18945,0.166016,1.00084,3.73905e-05,0.580305,1,0
4.18945,0.185547,1.00081,4.06316e-05,0.580305,1,0
4.20898,0.166016,1.00083,3.67131e-05,0.578354,1,0
4.20898,0.185547,1.00081,3.99173e-05,0.578354,1,0
4.18945,0.205078,1.00076,4.32391e-05,0.580305,1,0
4.18945,0.224609,1.00066,4.51674e-05,0.580305,1,0
4.20898,0.205078,1.00076,4.2495e-05,0.578354,1,0
4.20898,0.224609,1.00066,4.43974e-05,0.578354,1,0
4.15039,0.244141,1.00046,4.77854e-05,0.584208,1,0
4.15039,0.263672,1.00003,4.78884e-05,0.584209,1,0
4.16992,0.244141,1.00046,4.70142e-05,0.582257,1,0
4.16992,0.263672,1.00003,4.70996e-05,0.582257,1,0
4.15039,0.283203,0.999119,4.67618e-05,0.584209,1,0
4.15039,0.302734,0.997263,4.42148e-05,0.584209,1,0
4.16992,0.283203,0.999121,4.59607e-05,0.582257,1,0
4.16992,0.302734,0.997266,4.34087e-05,0.582257,1,0
4.18945,0.244141,1.00046,4.62335e-05,0.580306,1,0
4.18945,0.263672,1.00003,4.63018e-05,0.580306,1,0
4.20898,0.244141,1.00046,4.5443e-05,0.578354,1,0
4.20898,0.263672,1.00003,4.54946e-05,0.578354,1,0
4.18945,0.283203,0.999123,4.51512e-05,0.580306,1,0
4.18945,0.302734,0.99727,4.25954e-05,0.580306,1,0
4.20898,0.283203,0.999125,4.43332e-05,0.578354,1,0
4.20898,0.302734,0.997273,4.17747e-05,0.578355,1,0
4.22852,0.00976562,1.0008,2.63763e-06,0.576402,1,0
4.22852,0.0292969,1.00082,6.27416e-06,0.576402,1,0
4.24805,0.00976562,1.0008,2.54278e-06,0.57445,1,0
4.24805,0.0292969,1.00082,6.07011e-06,0.57445,1,0
4.22852,0.0488281,1.00084,1.00802e-05,0.576402,1,0
4.22852,0.0683594,1.00086,1.47955e-05,0.576402,1,0
4.24805,0.0488281,1.00084,9.7898e-06,0.57445,1,0
4.24805,0.0683594,1.00085,1.44062e-05,0.57445,1,0
4.26758,0.00976562,1.00079,2.44875e-06,0.572499,1,0
4.26758,0.0292969,1.00082,5.86695e-06,0.572499,1,0
4.28711,0.00976562,1.00079,2.35561e-06,0.570547,1,0
4.28711,0.0292969,1.00081,5.66482e-06,0.570547,1,0
4.26758,0.0488281,1.00084,9.49926e-06,0.572499,1,0
4.26758,0.0683594,1.00085,1.40155e-05,0.572499,1,0
4.28711,0.0488281,1.00083,9.20868e-06,0.570547,1,0
4.28711,0.0683594,1.00084,1.36234e-05,0.570547,1,0
4.22852,0.0878906,1.00086,1.93371e-05,0.576402,1,0
4.22852,0.107422,1.00086,2.40233e-05,0.576402,1,0
4.24805,0.0878906,1.00086,1.88716e-05,0.57445,1,0
4.24805,0.107422,1.00086,2.34835e-05,0.574451,1,0
4.22852,0.126953,1.00086,2.8332e-05,0.576402,1,0
4.22852,0.146484,1.00085,3.24206e-05,0.576402,1,0
4.24805,0.126953,1.00085,2.77339e-05,0.574451,1,0
4.24805,0.146484,1.00084,3.17686e-05,0.574451,1,0
4.26758,0.0878906,1.00085,1.84028e-05,0.572499,1,0
4.26758,0.107422,1.00085,2.29388e-05,0.572499,1,0
4.28711,0.0878906,1.00085,1.79309e-05,0.570548,1,0
4.28711,0.107422,1.00085,2.23892e-05,0.570548,1,0
4.26758,0.126953,1.00085,2.71292e-05,0.572499,1,0
4.26758,0.146484,1.00084,3.11087e-05,0.572499,1,0
4.28711,0.126953,1.00084,2.65179e-05,0.570548,1,0
4.28711,0.146484,1.00084,3.04408e-05,0.570548,1,0
4.30664,0.00976562,1.00079,2.26345e-06,0.568596,1,0
4.30664,0.0292969,1.00081,5.46384e-06,0.568596,1,0
4.32617,0.00976562,1.00079,2.17231e-06,0.566644,1,0
4.32617,0.0292969,1.00081,5.26414e-06,0.566644,1,0
4.30664,0.0488281,1.00083,8.91821e-06,0.568596,1,0
4.30664,0.0683594,1.00084,1.323e-05,0.568596,1,0
4.32617,0.0488281,1.00082,8.62797e-06,0.566645,1,0
4.32617,0.0683594,1.00083,1.28356e-05,0.566645,1,0
4.3457,0.00976562,1.00079,2.08227e-06,0.564693,1,0
4.3457,0.0292969,1.0008,5.06582e-06,0.564693,1,0
4.36523,0.00976562,1.00078,1.99336e-06,0.562742,1,0
4.36523,0.0292969,1.0008,4.86898e-06,0.562742,1,0
4.3457,0.0488281,1.00082,8.3381e-06,0.564693,1,0
4.3457,0.0683594,1.00083,1.24402e-05,0.564693,1,0
4.36523,0.0488281,1.00082,8.04876e-06,0.562742,1,0
4.36523,0.0683594,1.00083,1.20439e-05,0.562742,1,0
4.30664,0.0878906,1.00084,1.74558e-05,0.568596,1,0
4.30664,0.107422,1.00084,2.18347e-05,0.568596,1,0
4.32617,0.0878906,1.00084,1.69778e-05,0.566645,1,0
4.32617,0.107422,1.00084,2.12754e-05,0.566645,1,0
4.30664,0.126953,1.00084,2.58999e-05,0.568596,1,0
4.30664,0.146484,1.00083,2.97647e-05,0.568596,1,0
4.32617,0.126953,1.00084,2.52754e-05,0.566645,1,0
4.32617,0.146484,1.00083,2.90806e-05,0.566645,1,0
4.3457,0.0878906,1.00084,1.64969e-05,0.564693,1,0
4.3457,0.107422,1.00084,2.07114e-05,0.564693,1,0
4.36523,0.0878906,1.00083,1.60133e-05,0.562742,1,0
4.36523,0.107422,1.00083,2.01428e-05,0.562742,1,0
4.3457,0.126953,1.00083,2.46442e-05,0.564693,1,0
4.3457,0.146484,1.00082,2.83882e-05,0.564693,1,0
4.36523,0.126953,1.00083,2.40066e-05,0.562742,1,0
4.36523,0.146484,1.00082,2.76877e-05,0.562742,1,0
4.22852,0.166016,1.00083,3.60268e-05,0.576402,1,0
4.22852,0.185547,1.0008,3.91934e-05,0.576402,1,0
4.24805,0.166016,1.00083,3.53316e-05,0.574451,1,0
4.24805,0.185547,1.0008,3.84598e-05,0.574451,1,0
4.22852,0.205078,1.00076,4.17408e-05,0.576402,1,0
4.22852,0.224609,1.00066,4.36174e-05,0.576403,1,0
4.24805,0.205078,1.00075,4.09764e-05,0.574451,1,0
4.24805,0.224609,1.00066,4.28268e-05,0.574451,1,0
4.26758,0.166016,1.00082,3.46272e-05,0.572499,1,0
4.26758,0.185547,1.0008,3.77162e-05,0.572499,1,0
4.28711,0.166016,1.00082,3.39136e-05,0.570548,1,0
4.28711,0.185547,1.0008,3.69625e-05,0.570548,1,0
4.26758,0.205078,1.00075,4.02016e-05,0.5725,1,0
4.26758,0.224609,1.00066,4.20256e-05,0.5725,1,0
4.28711,0.205078,1.00075,3.9416e-05,0.570548,1,0
4.28711,0.224609,1.00065,4.12134e-05,0.570548,1,0
4.22852,0.244141,1.00046,4.46424e-05,0.576403,1,0
4.22852,0.263672,1.00003,4.46778e-05,0.576403,1,0
4.24805,0.244141,1.00046,4.38315e-05,0.574451,1,0
4.24805,0.263672,1.00003,4.38511e-05,0.574451,1,0
4.22852,0.283203,0.999127,4.35063e-05,0.576403,1,0
4.22852,0.302734,0.997276,4.09464e-05,0.576403,1,0
4.24805,0.283203,0.999128,4.26704e-05,0.574451,1,0
4.24805,0.302734,0.99728,4.01104e-05,0.574452,1,0
4.26758,0.244141,1.00046,4.301e-05,0.5725,1,0
4.26758,0.263672,1.00003,4.30143e-05,0.5725,1,0
4.28711,0.244141,1.00045,4.21777e-05,0.570548,1,0
4.28711,0.263672,1.00003,4.2167e-05,0.570548,1,0
4.26758,0.283203,0.99913,4.18251e-05,0.5725,1,0
4.26758,0.302734,0.997283,3.92663e-05,0.5725,1,0
4.28711,0.283203,0.999132,4.09703e-05,0.570549,1,0
4.28711,0.302734,0.997286,3.84139e-05,0.570549,1,0
4.30664,0.166016,1.00082,3.31907e-05,0.568596,1,0
4.30664,0.185547,1.00079,3.61986e-05,0.568596,1,0
4.32617,0.166016,1.00081,3.24583e-05,0.566645,1,0
4.32617,0.185547,1.00079,3.54243e-05,0.566645,1,0
4.30664,0.205078,1.00075,3.86195e-05,0.568597,1,0
4.30664,0.224609,1.00065,4.03901e-05,0.568597,1,0
4.32617,0.205078,1.00075,3.7812e-05,0.566645,1,0
4.32617,0.224609,1.00065,3.95554e-05,0.566645,1,0
4.3457,0.166016,1.00081,3.17164e-05,0.564693,1,0
4.3457,0.185547,1.00079,3.46394e-05,0.564694,1,0
4.36523,0.166016,1.00081,3.09649e-05,0.562742,1,0
4.36523,0.185547,1.00079,3.38437e-05,0.562742,1,0
4.3457,0.205078,1.00074,3.69932e-05,0.564694,1,0
4.3457,0.224609,1.00065,3.8709e-05,0.564694,1,0
4.36523,0.205078,1.00074,3.61628e-05,0.562742,1,0
4.36523,0.224609,1.00065,3.78507e-05,0.562742,1,0
4.30664,0.244141,1.00045,4.13342e-05,0.568597,1,0
4.30664,0.263672,1.00003,4.1309e-05,0.568597,1,0
4.32617,0.244141,1.00045,4.04793e-05,0.566645,1,0
4.32617,0.263672,1.00003,4.04401e-05,0.566645,1,0
4.30664,0.283203,0.999134,4.01056e-05,0.568597,1,0
4.30664,0.302734,0.99729,3.75532e-05,0.568597,1,0
4.32617,0.283203,0.999136,3.92309e-05,0.566646,1,0
4.32617,0.302734,0.997293,3.66838e-05,0.566646,1,0
4.3457,0.244141,1.00045,3.96128e-05,0.564694,1,0
4.3457,0.263672,1.00003,3.956e-05,0.564694,1,0
4.36523,0.244141,1.00045,3.87344e-05,0.562742,1,0
4.36523,0.263672,1.00003,3.86684e-05,0.562742,1,0
4.3457,0.283203,0.999138,3.83459e-05,0.564694,1,0
4.3457,0.302734,0.997296,3.58056e-05,0.564694,1,0
4.36523,0.283203,0.99914,3.74503e-05,0.562743,1,0
4.36523,0.302734,0.997299,3.49183e-05,0.562743,1,0
4.07227,0.322266,0.993553,4.3198e-05,0.592015,1,0
4.07227,0.341797,0.986464,3.73222e-05,0.592015,1,0
4.0918,0.322266,0.993558,4.24213e-05,0.590063,1,0
4.0918,0.341797,0.98647,3.65695e-05,0.590063,1,0
4.07227,0.361328,0.973366,2.99423e-05,0.592015,1,0
4.07227,0.380859,0.950099,2.1724e-05,0.592015,1,0
4.0918,0.361328,0.973374,2.92466e-05,0.590064,1,0
4.0918,0.380859,0.950107,2.11269e-05,0.590064,1,0
4.11133,0.322266,0.993563,4.16398e-05,0.588112,1,0
4.11133,0.341797,0.986477,3.58139e-05,0.588112,1,0
4.13086,0.322266,0.993568,4.08533e-05,0.58616,1,0
4.13086,0.341797,0.986483,3.50552e-05,0.586161,1,0
4.11133,0.361328,0.973381,2.85504e-05,0.588112,1,0
4.11133,0.380859,0.950115,2.05316e-05,0.588112,1,0
4.13086,0.361328,0.973389,2.78534e-05,0.586161,1,0
4.13086,0.380859,0.950123,1.99381e-05,0.586161,1,0
4.07227,0.400391,0.910394,1.37231e-05,0.592015,1,0
4.07227,0.419922,0.845331,7.24103e-06,0.592015,1,0
4.0918,0.400391,0.910401,1.32664e-05,0.590064,1,0
4.0918,0.419922,0.845336,6.94501e-06,0.590064,1,0
4.07227,0.439453,0.742932,3.05467e-06,0.592015,1,0
4.07227,0.458984,0.588033,1.10004e-06,0.592015,1,0
4.0918,0.439453,0.742935,2.90486e-06,0.590064,1,0
4.0918,0.458984,0.588035,1.0441e-06,0.590064,1,0
4.11133,0.400391,0.910408,1.28134e-05,0.588112,1,0
4.11133,0.419922,0.845342,6.65347e-06,0.588112,1,0
4.13086,0.400391,0.910415,1.23642e-05,0.586161,1,0
4.13086,0.419922,0.845346,6.36644e-06,0.586161,1,0
4.11133,0.439453,0.742938,2.75871e-06,0.588113,1,0
4.11133,0.458984,0.588036,9.90019e-07,0.588113,1,0
4.13086,0.439453,0.742941,2.61623e-06,0.586161,1,0
4.13086,0.458984,0.588037,9.37777e-07,0.586161,1,0
4.15039,0.322266,0.993573,4.00616e-05,0.584209,1,0
4.15039,0.341797,0.98649,3.42933e-05,0.584209,1,0
4.16992,0.322266,0.993578,3.92646e-05,0.582258,1,0
4.16992,0.341797,0.986496,3.35282e-05,0.582258,1,0
4.15039,0.361328,0.973396,2.71557e-05,0.584209,1,0
4.15039,0.380859,0.95013,1.93464e-05,0.584209,1,0
4.16992,0.361328,0.973404,2.64572e-05,0.582258,1,0
4.16992,0.380859,0.950138,1.87566e-05,0.582258,1,0
4.18945,0.322266,0.993583,3.8462e-05,0.580306,1,0
4.18945,0.341797,0.986503,3.27596e-05,0.580306,1,0
4.20898,0.322266,0.993588,3.76537e-05,0.578355,1,0
4.20898,0.341797,0.986509,3.19876e-05,0.578355,1,0
4.18945,0.361328,0.973411,2.57579e-05,0.580306,1,0
4.18945,0.380859,0.950145,1.81686e-05,0.580307,1,0
4.20898,0.361328,0.973418,2.50578e-05,0.578355,1,0
4.20898,0.380859,0.950152,1.75825e-05,0.578355,1,0
4.15039,0.400391,0.910422,1.19188e-05,0.58421,1,0
4.15039,0.419922,0.845351,6.08399e-06,0.58421,1,0
4.16992,0.400391,0.910428,1.14773e-05,0.582258,1,0
4.16992,0.419922,0.845356,5.80617e-06,0.582258,1,0
4.15039,0.439453,0.742943,2.47743e-06,0.58421,1,0
4.15039,0.458984,0.588038,8.87347e-07,0.58421,1,0
4.16992,0.439453,0.742946,2.34235e-06,0.582258,1,0
4.16992,0.458984,0.588039,8.38712e-07,0.582258,1,0
4.18945,0.400391,0.910435,1.10397e-05,0.580307,1,0
4.18945,0.419922,0.84536,5.53306e-06,0.580307,1,0
4.20898,0.400391,0.910441,1.06061e-05,0.578355,1,0
4.20898,0.419922,0.845365,5.26473e-06,0.578355,1,0
4.18945,0.439453,0.742948,2.211e-06,0.580307,1,0
4.18945,0.458984,0.58804,7.91834e-07,0.580307,1,0
4.20898,0.439453,0.742951,2.08341e-06,0.578355,1,0
4.20898,0.458984,0.588041,7.46689e-07,0.578355,1,0
4.07227,0.478516,0.362532,2.97864e-07,0.592015,1,0
4.07227,0.498047,0.0460356,-3.16308e-08,0.592015,0.6,0
4.0918,0.478516,0.362532,2.85593e-07,0.590064,1,0
4.0918,0.498047,0.0460359,-2.92238e-08,0.590064,0.6,0
4.11133,0.478516,0.362533,2.73617e-07,0.588113,1,0
4.11133,0.498047,0.0460361,-2.69371e-08,0.588113,0.6,0
4.13086,0.478516,0.362533,2.61935e-07,0.586161,1,0
4.13086,0.498047,0.0460363,-2.47645e-08,0.586161,0.6,0
4.15039,0.478516,0.362534,2.50542e-07,0.58421,1,0
4.15039,0.498047,0.0460365,-2.26745e-08,0.58421,0.6,0
4.16992,0.478516,0.362534,2.39436e-07,0.582258,1,0
4.16992,0.498047,0.0460367,-2.06722e-08,0.582258,0.6,0
4.18945,0.478516,0.362534,2.28607e-07,0.580307,1,0
4.18945,0.498047,0.0460369,-1.87471e-08,0.580307,0.6,0
4.20898,0.478516,0.362535,2.18052e-07,0.578355,1,0
4.20898,0.498047,0.0460371,-1.69146e-08,0.578355,0.6,0
4.22852,0.322266,0.993593,3.68396e-05,0.576403,1,0
4.22852,0.341797,0.986515,3.12121e-05,0.576403,1,0
4.24805,0.322266,0.993598,3.60194e-05,0.574452,1,0
4.24805,0.341797,0.986521,3.04328e-05,0.574452,1,0
4.22852,0.361328,0.973426,2.43568e-05,0.576404,1,0
4.22852,0.380859,0.95016,1.69984e-05,0.576404,1,0
4.24805,0.361328,0.973433,2.36551e-05,0.574452,1,0
4.24805,0.380859,0.950167,1.64163e-05,0.574452,1,0
4.26758,0.322266,0.993602,3.51931e-05,0.5725,1,0
4.26758,0.341797,0.986528,2.96499e-05,0.5725,1,0
4.28711,0.322266,0.993607,3.43605e-05,0.570549,1,0
4.28711,0.341797,0.986534,2.88632e-05,0.570549,1,0
4.26758,0.361328,0.97344,2.29525e-05,0.572501,1,0
4.26758,0.380859,0.950174,1.58364e-05,0.572501,1,0
4.28711,0.361328,0.973446,2.22491e-05,0.570549,1,0
4.28711,0.380859,0.95018,1.52587e-05,0.570549,1,0
4.22852,0.400391,0.910447,1.01767e-05,0.576404,1,0
4.22852,0.419922,0.845369,5.00128e-06,0.576404,1,0
4.24805,0.400391,0.910453,9.7516e-06,0.574452,1,0
4.24805,0.419922,0.845373,4.74278e-06,0.574452,1,0
4.22852,0.439453,0.742953,1.9596e-06,0.576404,1,0
4.22852,0.458984,0.588042,7.03237e-07,0.576404,1,0
4.24805,0.439453,0.742955,1.83959e-06,0.574452,1,0
4.24805,0.458984,0.588043,6.6145e-07,0.574452,1,0
4.26758,0.400391,0.910459,9.33083e-06,0.572501,1,0
4.26758,0.419922,0.845377,4.48935e-06,0.572501,1,0
4.28711,0.400391,0.910464,8.91459e-06,0.570549,1,0
4.28711,0.419922,0.845381,4.24109e-06,0.570549,1,0
4.26758,0.439453,0.742957,1.72342e-06,0.572501,1,0
4.26758,0.458984,0.588044,6.21286e-07,0.572501,1,0
4.28711,0.439453,0.742959,1.61108e-06,0.570549,1,0
4.28711,0.458984,0.588045,5.82711e-07,0.570549,1,0
4.30664,0.322266,0.993612,3.35214e-05,0.568597,1,0
4.30664,0.341797,0.98654,2.80726e-05,0.568598,1,0
4.32617,0.322266,0.993617,3.26758e-05,0.566646,1,0
4.32617,0.341797,0.986546,2.72782e-05,0.566646,1,0
4.30664,0.361328,0.973453,2.1545e-05,0.568598,1,0
4.30664,0.380859,0.950187,1.46834e-05,0.568598,1,0
4.32617,0.361328,0.97346,2.08401e-05,0.566646,1,0
4.32617,0.380859,0.950193,1.41106e-05,0.566646,1,0
4.3457,0.322266,0.993621,3.18234e-05,0.564694,1,0
4.3457,0.341797,0.986551,2.64798e-05,0.564695,1,0
4.36523,0.322266,0.993626,3.09641e-05,0.562743,1,0
4.36523,0.341797,0.986557,2.56775e-05,0.562743,1,0
4.3457,0.361328,0.973466,2.01346e-05,0.564695,1,0
4.3457,0.380859,0.9502,1.35404e-05,0.564695,1,0
4.36523,0.361328,0.973473,1.94285e-05,0.562743,1,0
4.36523,0.380859,0.950206,1.29731e-05,0.562743,1,0
4.30664,0.400391,0.91047,8.50301e-06,0.568598,1,0
4.30664,0.419922,0.845384,3.99812e-06,0.568598,1,0
4.32617,0.400391,0.910475,8.09627e-06,0.566646,1,0
4.32617,0.419922,0.845388,3.76056e-06,0.566646,1,0
4.30664,0.439453,0.742961,1.50261e-06,0.568598,1,0
4.30664,0.458984,0.588045,5.45675e-07,0.568598,1,0
4.32617,0.439453,0.742962,1.39801e-06,0.566646,1,0
4.32617,0.458984,0.588046,5.10138e-07,0.566646,1,0
4.3457,0.400391,0.91048,7.69455e-06,0.564695,1,0
4.3457,0.419922,0.845391,3.52855e-06,0.564695,1,0
4.36523,0.400391,0.910485,7.29806e-06,0.562743,1,0
4.36523,0.419922,0.845394,3.30221e-06,0.562743,1,0
4.3457,0.439453,0.742964,1.29731e-06,0.564695,1,0
4.3457,0.458984,0.588046,4.76056e-07,0.564695,1,0
4.36523,0.439453,0.742965,1.2005e-06,0.562743,1,0
4.36523,0.458984,0.588047,4.4339e-07,0.562743,1,0
4.22852,0.478516,0.362535,2.0776e-07,0.576404,1,0
4.22852,0.498047,0.0460373,-1.51573e-08,0.576404,0.6,0
4.24805,0.478516,0.362536,1.9773e-07,0.574452,1,0
4.24805,0.498047,0.0460374,-1.34724e-08,0.574452,0.6,0
4.26758,0.478516,0.362536,1.87951e-07,0.572501,1,0
4.26758,0.498047,0.0460376,-1.18361e-08,0.572501,0.6,0
4.28711,0.478516,0.362536,1.78423e-07,0.570549,1,0
4.28711,0.498047,0.0460378,-1.02598e-08,0.570549,0.6,0
4.30664,0.478516,0.362536,1.69131e-07,0.568598,1,0
4.30664,0.498047,0.0460379,-8.74987e-09,0.568598,0.6,0
4.32617,0.478516,0.362537,1.60072e-07,0.566646,1,0
4.32617,0.498047,0.046038,-7.32013e-09,0.566646,0.6,0
4.3457,0.478516,0.362537,1.51242e-07,0.564695,1,0
4.3457,0.498047,0.0460382,-5.93901e-09,0.564695,0.6,0
4.36523,0.478516,0.362537,1.4265e-07,0.562743,1,0
4.36523,0.498047,0.0460383,-4.58911e-09,0.562743,0.6,0
4.38477,0.00976562,1.00078,1.90563e-06,0.56079,1,0
4.38477,0.0292969,1.0008,4.67373e-06,0.56079,1,0
4.4043,0.00976562,1.00078,1.81911e-06,0.558839,1,0
4.4043,0.0292969,1.0008,4.48018e-06,0.558839,1,0
4.38477,0.0488281,1.00081,7.76007e-06,0.56079,1,0
4.38477,0.0683594,1.00082,1.16471e-05,0.56079,1,0
4.4043,0.0488281,1.00081,7.47222e-06,0.558839,1,0
4.4043,0.0683594,1.00082,1.12499e-05,0.558839,1,0
4.42383,0.00976562,1.00078,1.73385e-06,0.556887,1,0
4.42383,0.0292969,1.00079,4.28842e-06,0.556887,1,0
4.44336,0.00976562,1.00078,1.64988e-06,0.554936,1,0
4.44336,0.0292969,1.00079,4.09857e-06,0.554936,1,0
4.42383,0.0488281,1.00081,7.18536e-06,0.556887,1,0
4.42383,0.0683594,1.00081,1.08524e-05,0.556887,1,0
4.44336,0.0488281,1.0008,6.89968e-06,0.554936,1,0
4.44336,0.0683594,1.00081,1.04549e-05,0.554936,1,0
4.38477,0.0878906,1.00083,1.55272e-05,0.56079,1,0
4.38477,0.107422,1.00083,1.95697e-05,0.56079,1,0
4.4043,0.0878906,1.00082,1.50387e-05,0.558839,1,0
4.4043,0.107422,1.00082,1.89923e-05,0.558839,1,0
4.38477,0.126953,1.00082,2.33625e-05,0.56079,1,0
4.38477,0.146484,1.00082,2.6979e-05,0.56079,1,0
4.4043,0.126953,1.00082,2.27121e-05,0.558839,1,0
4.4043,0.146484,1.00081,2.62622e-05,0.558839,1,0
4.42383,0.0878906,1.00082,1.45481e-05,0.556887,1,0
4.42383,0.107422,1.00082,1.84108e-05,0.556887,1,0
4.44336,0.0878906,1.00082,1.40555e-05,0.554936,1,0
4.44336,0.107422,1.00082,1.78254e-05,0.554936,1,0
4.42383,0.126953,1.00082,2.20555e-05,0.556887,1,0
4.42383,0.146484,1.00081,2.55374e-05,0.556887,1,0
4.44336,0.126953,1.00081,2.13928e-05,0.554936,1,0
4.44336,0.146484,1.00081,2.48046e-05,0.554936,1,0
4.46289,0.00976562,1.00077,1.56726e-06,0.552984,1,0
4.46289,0.0292969,1.00079,3.91078e-06,0.552984,1,0
4.48242,0.00976562,1.00077,1.48605e-06,0.551033,1,0
4.48242,0.0292969,1.00078,3.72518e-06,0.551033,1,0
4.46289,0.0488281,1.0008,6.61537e-06,0.552984,1,0
4.46289,0.0683594,1.00081,1.00577e-05,0.552984,1,0
4.48242,0.0488281,1.0008,6.33267e-06,0.551033,1,0
4.48242,0.0683594,1.0008,9.66094e-06,0.551033,1,0
4.50195,0.00976562,1.00077,1.40633e-06,0.549081,1,0
4.50195,0.0292969,1.00078,3.54194e-06,0.549081,1,0
4.52148,0.00976562,1.00077,1.32816e-06,0.547129,1,0
4.52148,0.0292969,1.00078,3.36126e-06,0.547129,1,0
4.50195,0.0488281,1.00079,6.05181e-06,0.549081,1,0
4.50195,0.0683594,1.0008,9.26505e-06,0.549081,1,0
4.52148,0.0488281,1.00079,5.77304e-06,0.54713,1,0
4.52148,0.0683594,1.0008,8.87033e-06,0.54713,1,0
4.46289,0.0878906,1.00081,1.35613e-05,0.552984,1,0
4.46289,0.107422,1.00081,1.72363e-05,0.552984,1,0
4.48242,0.0878906,1.00081,1.30658e-05,0.551033,1,0
4.48242,0.107422,1.00081,1.66439e-05,0.551033,1,0
4.46289,0.126953,1.00081,2.07244e-05,0.552984,1,0
4.46289,0.146484,1.0008,2.40641e-05,0.552984,1,0
4.48242,0.126953,1.00081,2.00503e-05,0.551033,1,0
4.48242,0.146484,1.0008,2.3316e-05,0.551033,1,0
4.50195,0.0878906,1.0008,1.25692e-05,0.549081,1,0
4.50195,0.107422,1.00081,1.60484e-05,0.549081,1,0
4.52148,0.0878906,1.0008,1.20719e-05,0.54713,1,0
4.52148,0.107422,1.0008,1.54502e-05,0.54713,1,0
4.50195,0.126953,1.0008,1.9371e-05,0.549081,1,0
4.50195,0.146484,1.0008,2.25605e-05,0.549081,1,0
4.52148,0.126953,1.0008,1.86868e-05,0.54713,1,0
4.52148,0.146484,1.0008,2.1798e-05,0.54713,1,0
4.38477,0.166016,1.00081,3.02037e-05,0.56079,1,0
4.38477,0.185547,1.00078,3.30373e-05,0.560791,1,0
4.4043,0.166016,1.0008,2.94329e-05,0.558839,1,0
4.4043,0.185547,1.00078,3.222e-05,0.558839,1,0
4.38477,0.205078,1.00074,3.53209e-05,0.560791,1,0
4.38477,0.224609,1.00065,3.69803e-05,0.560791,1,0
4.4043,0.205078,1.00074,3.44671e-05,0.558839,1,0
4.4043,0.224609,1.00065,3.60976e-05,0.558839,1,0
4.42383,0.166016,1.0008,2.86524e-05,0.556887,1,0
4.42383,0.185547,1.00078,3.13917e-05,0.556888,1,0
4.44336,0.166016,1.0008,2.78622e-05,0.554936,1,0
4.44336,0.185547,1.00078,3.05524e-05,0.554936,1,0
4.42383,0.205078,1.00074,3.36014e-05,0.556888,1,0
4.42383,0.224609,1.00065,3.52025e-05,0.556888,1,0
4.44336,0.205078,1.00073,3.27237e-05,0.554936,1,0
4.44336,0.224609,1.00064,3.42947e-05,0.554936,1,0
4.38477,0.244141,1.00045,3.78439e-05,0.560791,1,0
4.38477,0.263672,1.00003,3.77651e-05,0.560791,1,0
4.4043,0.244141,1.00045,3.69409e-05,0.558839,1,0
4.4043,0.263672,1.00003,3.68498e-05,0.558839,1,0
4.38477,0.283203,0.999142,3.65439e-05,0.560791,1,0
4.38477,0.302734,0.997303,3.40218e-05,0.560791,1,0
4.4043,0.283203,0.999143,3.56265e-05,0.55884,1,0
4.4043,0.302734,0.997306,3.31158e-05,0.55884,1,0
4.42383,0.244141,1.00045,3.60254e-05,0.556888,1,0
4.42383,0.263672,1.00003,3.59222e-05,0.556888,1,0
4.44336,0.244141,1.00045,3.5097e-05,0.554936,1,0
4.44336,0.263672,1.00003,3.49822e-05,0.554936,1,0
4.42383,0.283203,0.999145,3.46977e-05,0.556888,1,0
4.42383,0.302734,0.997309,3.22002e-05,0.556888,1,0
4.44336,0.283203,0.999147,3.37575e-05,0.554937,1,0
4.44336,0.302734,0.997312,3.12748e-05,0.554937,1,0
4.46289,0.166016,1.00079,2.70625e-05,0.552984,1,0
4.46289,0.185547,1.00077,2.97021e-05,0.552985,1,0
4.48242,0.166016,1.00079,2.62533e-05,0.551033,1,0
4.48242,0.185547,1.00077,2.88408e-05,0.551033,1,0
4.46289,0.205078,1.00073,3.18339e-05,0.552985,1,0
4.46289,0.224609,1.00064,3.3374e-05,0.552985,1,0
4.48242,0.205078,1.00073,3.09319e-05,0.551033,1,0
4.48242,0.224609,1.00064,3.24405e-05,0.551033,1,0
4.50195,0.166016,1.00079,2.54349e-05,0.549081,1,0
4.50195,0.185547,1.00077,2.79687e-05,0.549081,1,0
4.52148,0.166016,1.00079,2.46074e-05,0.54713,1,0
4.52148,0.185547,1.00077,2.70858e-05,0.54713,1,0
4.50195,0.205078,1.00073,3.00177e-05,0.549082,1,0
4.50195,0.224609,1.00064,3.1494e-05,0.549082,1,0
4.52148,0.205078,1.00073,2.90915e-05,0.54713,1,0
4.52148,0.224609,1.00064,3.05345e-05,0.54713,1,0
4.46289,0.244141,1.00045,3.41556e-05,0.552985,1,0
4.46289,0.263672,1.00004,3.40294e-05,0.552985,1,0
4.48242,0.244141,1.00045,3.3201e-05,0.551033,1,0
4.48242,0.263672,1.00004,3.30638e-05,0.551033,1,0
4.46289,0.283203,0.999149,3.28055e-05,0.552985,1,0
4.46289,0.302734,0.997315,3.03394e-05,0.552985,1,0
4.48242,0.283203,0.999151,3.18417e-05,0.551033,1,0
4.48242,0.302734,0.997318,2.9394e-05,0.551034,1,0
4.50195,0.244141,1.00045,3.22331e-05,0.549082,1,0
4.50195,0.263672,1.00004,3.20852e-05,0.549082,1,0
4.52148,0.244141,1.00045,3.12518e-05,0.54713,1,0
4.52148,0.263672,1.00004,3.10934e-05,0.54713,1,0
4.50195,0.283203,0.999153,3.08658e-05,0.549082,1,0
4.50195,0.302734,0.997321,2.84384e-05,0.549082,1,0
4.52148,0.283203,0.999154,2.98778e-05,0.54713,1,0
4.52148,0.302734,0.997325,2.74725e-05,0.547131,1,0
4.54102,0.00976562,1.00077,1.25165e-06,0.545178,1,0
4.54102,0.0292969,1.00078,3.18331e-06,0.545178,1,0
4.56055,0.00976562,1.00077,1.17689e-06,0.543226,1,0
4.56055,0.0292969,1.00078,3.00832e-06,0.543226,1,0
4.54102,0.0488281,1.00079,5.49666e-06,0.545178,1,0
4.54102,0.0683594,1.00079,8.47714e-06,0.545178,1,0
4.56055,0.0488281,1.00078,5.22295e-06,0.543226,1,0
4.56055,0.0683594,1.00079,8.08589e-06,0.543226,1,0
4.58008,0.00976562,1.00076,1.10396e-06,0.541275,1,0
4.58008,0.0292969,1.00077,2.8365e-06,0.541275,1,0
4.59961,0.00976562,1.00076,1.03296e-06,0.539323,1,0
4.59961,0.0292969,1.00077,2.66804e-06,0.539323,1,0
4.58008,0.0488281,1.00078,4.95224e-06,0.541275,1,0
4.58008,0.0683594,1.00079,7.697e-06,0.541275,1,0
4.59961,0.0488281,1.00078,4.68485e-06,0.539323,1,0
4.59961,0.0683594,1.00079,7.31092e-06,0.539323,1,0
4.54102,0.0878906,1.0008,1.15745e-05,0.545178,1,0
4.54102,0.107422,1.0008,1.48498e-05,0.545178,1,0
4.56055,0.0878906,1.0008,1.10772e-05,0.543227,1,0
4.56055,0.107422,1.0008,1.42477e-05,0.543227,1,0
4.54102,0.126953,1.0008,1.79981e-05,0.545178,1,0
4.54102,0.146484,1.00079,2.10289e-05,0.545178,1,0
4.56055,0.126953,1.00079,1.73053e-05,0.543227,1,0
4.56055,0.146484,1.00079,2.02534e-05,0.543227,1,0
4.58008,0.0878906,1.00079,1.05807e-05,0.541275,1,0
4.58008,0.107422,1.00079,1.36444e-05,0.541275,1,0
4.59961,0.0878906,1.00079,1.00854e-05,0.539323,1,0
4.59961,0.107422,1.00079,1.30404e-05,0.539323,1,0
4.58008,0.126953,1.00079,1.6609e-05,0.541275,1,0
4.58008,0.146484,1.00079,1.94722e-05,0.541275,1,0
4.59961,0.126953,1.00079,1.59097e-05,0.539324,1,0
4.59961,0.146484,1.00078,1.86857e-05,0.539324,1,0
4.61914,0.00976562,1.00076,9.63973e-07,0.537372,1,0
4.61914,0.0292969,1.00077,2.50317e-06,0.537372,1,0
4.63867,0.00976562,1.00076,8.97056e-07,0.53542,1,0
4.63867,0.0292969,1.00077,2.34206e-06,0.53542,1,0
4.61914,0.0488281,1.00078,4.42112e-06,0.537372,1,0
4.61914,0.0683594,1.00078,6.92812e-06,0.537372,1,0
4.63867,0.0488281,1.00078,4.16138e-06,0.53542,1,0
4.63867,0.0683594,1.00078,6.54909e-06,0.53542,1,0
4.6582,0.00976562,1.00076,8.3227e-07,0.533469,1,0
4.6582,0.0292969,1.00077,2.18489e-06,0.533469,1,0
4.67773,0.00976562,1.00076,7.69657e-07,0.531517,1,0
4.67773,0.0292969,1.00077,2.03182e-06,0.531517,1,0
4.6582,0.0488281,1.00077,3.90596e-06,0.533469,1,0
4.6582,0.0683594,1.00078,6.17428e-06,0.533469,1,0
4.67773,0.0488281,1.00077,3.65514e-06,0.531517,1,0
4.67773,0.0683594,1.00078,5.80416e-06,0.531517,1,0
4.61914,0.0878906,1.00079,9.59189e-06,0.537372,1,0
4.61914,0.107422,1.00079,1.24364e-05,0.537372,1,0
4.63867,0.0878906,1.00078,9.10081e-06,0.53542,1,0
4.63867,0.107422,1.00078,1.1833e-05,0.53542,1,0
4.61914,0.126953,1.00079,1.52082e-05,0.537372,1,0
4.61914,0.146484,1.00078,1.78946e-05,0.537372,1,0
4.63867,0.126953,1.00078,1.4505e-05,0.53542,1,0
4.63867,0.146484,1.00078,1.70995e-05,0.53542,1,0
4.6582,0.0878906,1.00078,8.61273e-06,0.533469,1,0
4.6582,0.107422,1.00078,1.1231e-05,0.533469,1,0
4.67773,0.0878906,1.00078,8.12822e-06,0.531517,1,0
4.67773,0.107422,1.00078,1.0631e-05,0.531517,1,0
4.6582,0.126953,1.00078,1.38009e-05,0.533469,1,0
4.6582,0.146484,1.00078,1.63012e-05,0.533469,1,0
4.67773,0.126953,1.00078,1.30967e-05,0.531517,1,0
4.67773,0.146484,1.00077,1.55004e-05,0.531517,1,0
4.54102,0.166016,1.00078,2.37712e-05,0.545178,1,0
4.54102,0.185547,1.00076,2.61924e-05,0.545178,1,0
4.56055,0.166016,1.00078,2.29266e-05,0.543227,1,0
4.56055,0.185547,1.00076,2.52887e-05,0.543227,1,0
4.54102,0.205078,1.00072,2.81532e-05,0.545178,1,0
4.54102,0.224609,1.00064,2.9562e-05,0.545179,1,0
4.56055,0.205078,1.00072,2.72032e-05,0.543227,1,0
4.56055,0.224609,1.00064,2.85767e-05,0.543227,1,0
4.58008,0.166016,1.00078,2.20739e-05,0.541275,1,0
4.58008,0.185547,1.00076,2.43751e-05,0.541275,1,0
4.59961,0.166016,1.00078,2.12137e-05,0.539324,1,0
4.59961,0.185547,1.00076,2.34519e-05,0.539324,1,0
4.58008,0.205078,1.00072,2.62415e-05,0.541275,1,0
4.58008,0.224609,1.00064,2.75785e-05,0.541275,1,0
4.59961,0.205078,1.00072,2.52685e-05,0.539324,1,0
4.59961,0.224609,1.00064,2.65677e-05,0.539324,1,0
4.54102,0.244141,1.00045,3.0257e-05,0.545179,1,0
4.54102,0.263672,1.00004,3.00884e-05,0.545179,1,0
4.56055,0.244141,1.00045,2.92488e-05,0.543227,1,0
4.56055,0.263672,1.00004,2.90701e-05,0.543227,1,0
4.54102,0.283203,0.999156,2.88776e-05,0.545179,1,0
4.54102,0.302734,0.997328,2.64965e-05,0.545179,1,0
4.56055,0.283203,0.999158,2.78651e-05,0.543227,1,0
4.56055,0.302734,0.99733,2.55102e-05,0.543227,1,0
4.58008,0.244141,1.00045,2.82273e-05,0.541276,1,0
4.58008,0.263672,1.00004,2.80386e-05,0.541276,1,0
4.59961,0.244141,1.00045,2.71924e-05,0.539324,1,0
4.59961,0.263672,1.00004,2.69938e-05,0.539324,1,0
4.58008,0.283203,0.99916,2.68403e-05,0.541276,1,0
4.58008,0.302734,0.997333,2.45139e-05,0.541276,1,0
4.59961,0.283203,0.999162,2.58034e-05,0.539324,1,0
4.59961,0.302734,0.997336,2.35074e-05,0.539324,1,0
4.61914,0.166016,1.00077,2.03465e-05,0.537372,1,0
4.61914,0.185547,1.00076,2.25195e-05,0.537372,1,0
4.63867,0.166016,1.00077,1.9473e-05,0.535421,1,0
4.63867,0.185547,1.00075,2.15786e-05,0.535421,1,0
4.61914,0.205078,1.00072,2.42846e-05,0.537372,1,0
4.61914,0.224609,1.00063,2.55446e-05,0.537372,1,0
4.63867,0.205078,1.00072,2.32901e-05,0.535421,1,0
4.63867,0.224609,1.00063,2.45095e-05,0.535421,1,0
4.6582,0.166016,1.00077,1.85937e-05,0.533469,1,0
4.6582,0.185547,1.00075,2.06297e-05,0.533469,1,0
4.67773,0.166016,1.00077,1.77095e-05,0.531517,1,0
4.67773,0.185547,1.00075,1.96733e-05,0.531517,1,0
4.6582,0.205078,1.00071,2.22854e-05,0.533469,1,0
4.6582,0.224609,1.00063,2.34625e-05,0.533469,1,0
4.67773,0.205078,1.00071,2.12711e-05,0.531517,1,0
4.67773,0.224609,1.00063,2.24041e-05,0.531518,1,0
4.61914,0.244141,1.00045,2.61444e-05,0.537372,1,0
4.61914,0.263672,1.00004,2.59359e-05,0.537372,1,0
4.63867,0.244141,1.00045,2.50834e-05,0.535421,1,0
4.63867,0.263672,1.00004,2.48649e-05,0.535421,1,0
4.61914,0.283203,0.999163,2.47543e-05,0.537373,1,0
4.61914,0.302734,0.997339,2.2491e-05,0.537373,1,0
4.63867,0.283203,0.999165,2.3693e-05,0.535421,1,0
4.63867,0.302734,0.997342,2.14646e-05,0.535421,1,0
4.6582,0.244141,1.00045,2.40095e-05,0.533469,1,0
4.6582,0.263672,1.00004,2.37808e-05,0.533469,1,0
4.67773,0.244141,1.00045,2.2923e-05,0.531518,1,0
4.67773,0.263672,1.00004,2.26837e-05,0.531518,1,0
4.6582,0.283203,0.999167,2.26195e-05,0.533469,1,0
4.6582,0.302734,0.997345,2.04285e-05,0.533469,1,0
4.67773,0.283203,0.999168,2.1534e-05,0.531518,1,0
4.67773,0.302734,0.997347,1.93826e-05,0.531518,1,0
4.38477,0.322266,0.993631,3.00979e-05,0.560791,1,0
4.38477,0.341797,0.986563,2.48711e-05,0.560792,1,0
4.4043,0.322266,0.993635,2.92245e-05,0.55884,1,0
4.4043,0.341797,0.986569,2.40608e-05,0.55884,1,0
4.38477,0.361328,0.973479,1.8722e-05,0.560792,1,0
4.38477,0.380859,0.950212,1.24087e-05,0.560792,1,0
4.4043,0.361328,0.973485,1.80151e-05,0.55884,1,0
4.4043,0.380859,0.950218,1.18476e-05,0.55884,1,0
4.42383,0.322266,0.99364,2.8344e-05,0.556888,1,0
4.42383,0.341797,0.986574,2.32464e-05,0.556888,1,0
4.44336,0.322266,0.993644,2.74561e-05,0.554937,1,0
4.44336,0.341797,0.98658,2.24282e-05,0.554937,1,0
4.42383,0.361328,0.973491,1.7308e-05,0.556889,1,0
4.42383,0.380859,0.950223,1.12899e-05,0.556889,1,0
4.44336,0.361328,0.973497,1.66009e-05,0.554937,1,0
4.44336,0.380859,0.950229,1.07361e-05,0.554937,1,0
4.38477,0.400391,0.91049,6.90701e-06,0.560792,1,0
4.38477,0.419922,0.845397,3.08171e-06,0.560792,1,0
4.4043,0.400391,0.910494,6.52165e-06,0.55884,1,0
4.4043,0.419922,0.8454,2.8672e-06,0.55884,1,0
4.38477,0.439453,0.742967,1.10761e-06,0.560792,1,0
4.38477,0.458984,0.588047,4.12094e-07,0.560792,1,0
4.4043,0.439453,0.742968,1.01862e-06,0.55884,1,0
4.4043,0.458984,0.588048,3.82118e-07,0.55884,1,0
4.42383,0.400391,0.910499,6.14223e-06,0.556889,1,0
4.42383,0.419922,0.845402,2.65883e-06,0.556889,1,0
4.44336,0.400391,0.910503,5.76906e-06,0.554937,1,0
4.44336,0.419922,0.845405,2.45676e-06,0.554937,1,0
4.42383,0.439453,0.742969,9.33521e-07,0.556889,1,0
4.42383,0.458984,0.588048,3.53404e-07,0.556889,1,0
4.44336,0.439453,0.74297,8.52299e-07,0.554937,1,0
4.44336,0.458984,0.588049,3.25898e-07,0.554937,1,0
4.46289,0.322266,0.993649,2.6561e-05,0.552985,1,0
4.46289,0.341797,0.986585,2.16061e-05,0.552985,1,0
4.48242,0.322266,0.993653,2.56584e-05,0.551034,1,0
4.48242,0.341797,0.98659,2.07803e-05,0.551034,1,0
4.46289,0.361328,0.973503,1.5894e-05,0.552986,1,0
4.46289,0.380859,0.950234,1.01863e-05,0.552986,1,0
4.48242,0.361328,0.973509,1.51876e-05,0.551034,1,0
4.48242,0.380859,0.950239,9.64102e-06,0.551034,1,0
4.50195,0.322266,0.993657,2.47486e-05,0.549082,1,0
4.50195,0.341797,0.986596,1.9951e-05,0.549082,1,0
4.52148,0.322266,0.993661,2.38315e-05,0.547131,1,0
4.52148,0.341797,0.986601,1.91183e-05,0.547131,1,0
4.50195,0.361328,0.973514,1.44819e-05,0.549082,1,0
4.50195,0.380859,0.950244,9.1006e-06,0.549082,1,0
4.52148,0.361328,0.973519,1.37775e-05,0.547131,1,0
4.52148,0.380859,0.950249,8.5655e-06,0.547131,1,0
4.46289,0.400391,0.910507,5.40243e-06,0.552986,1,0
4.46289,0.419922,0.845407,2.26117e-06,0.552986,1,0
4.48242,0.400391,0.910511,5.04268e-06,0.551034,1,0
4.48242,0.419922,0.84541,2.07223e-06,0.551034,1,0
4.46289,0.439453,0.742971,7.74933e-07,0.552986,1,0
4.46289,0.458984,0.588049,2.99547e-07,0.552986,1,0
4.48242,0.439453,0.742972,7.01391e-07,0.551034,1,0
4.48242,0.458984,0.588049,2.74302e-07,0.551034,1,0
4.50195,0.400391,0.910515,4.69018e-06,0.549083,1,0
4.50195,0.419922,0.845412,1.89012e-06,0.549083,1,0
4.52148,0.400391,0.910518,4.34531e-06,0.547131,1,0
4.52148,0.419922,0.845414,1.71503e-06,0.547131,1,0
4.50195,0.439453,0.742973,6.31638e-07,0.549083,1,0
4.50195,0.458984,0.58805,2.50116e-07,0.549083,1,0
4.52148,0.439453,0.742974,5.65621e-07,0.547131,1,0
4.52148,0.458984,0.58805,2.26948e-07,0.547131,1,0
4.38477,0.478516,0.362537,1.34289e-07,0.560792,1,0
4.38477,0.498047,0.0460384,-3.25856e-09,0.560792,0.6,0
4.4043,0.478516,0.362538,1.26157e-07,0.55884,1,0
4.4043,0.498047,0.0460385,-1.96958e-09,0.55884,0.6,0
4.42383,0.478516,0.362538,1.18232e-07,0.556889,1,0
4.42383,0.498047,0.0460386,-7.34553e-10,0.556889,0.6,0
4.44336,0.478516,0.362538,1.10507e-07,0.554937,1,0
4.44336,0.498047,0.0460387,4.28624e-10,0.554937,0.6,0
4.46289,0.478516,0.362538,1.02972e-07,0.552986,1,0
4.46289,0.498047,0.0460388,1.52333e-09,0.552986,0.6,0
4.48242,0.478516,0.362538,9.56319e-08,0.551034,1,0
4.48242,0.498047,0.0460389,2.54433e-09,0.551034,0.6,0
4.50195,0.478516,0.362538,8.84734e-08,0.549083,1,0
4.50195,0.498047,0.046039,3.49753e-09,0.549083,0.6,0
4.52148,0.478516,0.362539,8.14916e-08,0.547131,1,0
4.52148,0.498047,0.0460391,4.38307e-09,0.547131,0.6,0
4.54102,0.322266,0.993665,2.29072e-05,0.545179,1,0
4.54102,0.341797,0.986606,1.82826e-05,0.545179,1,0
4.56055,0.322266,0.99367,2.19758e-05,0.543227,1,0
4.56055,0.341797,0.98661,1.74441e-05,0.543228,1,0
4.54102,0.361328,0.973525,1.30746e-05,0.545179,1,0
4.54102,0.380859,0.950254,8.03619e-06,0.545179,1,0
4.56055,0.361328,0.97353,1.23737e-05,0.543228,1,0
4.56055,0.380859,0.950258,7.51323e-06,0.543228,1,0
4.58008,0.322266,0.993674,2.10377e-05,0.541276,1,0
4.58008,0.341797,0.986615,1.66031e-05,0.541276,1,0
4.59961,0.322266,0.993677,2.00929e-05,0.539324,1,0
4.59961,0.341797,0.98662,1.57601e-05,0.539324,1,0
4.58008,0.361328,0.973535,1.16754e-05,0.541276,1,0
4.58008,0.380859,0.950262,6.99721e-06,0.541276,1,0
4.59961,0.361328,0.973539,1.09801e-05,0.539325,1,0
4.59961,0.380859,0.950266,6.48878e-06,0.539325,1,0
4.54102,0.400391,0.910522,4.00849e-06,0.545179,1,0
4.54102,0.419922,0.845415,1.54713e-06,0.545179,1,0
4.56055,0.400391,0.910525,3.68017e-06,0.543228,1,0
4.56055,0.419922,0.845417,1.38661e-06,0.543228,1,0
4.54102,0.439453,0.742975,5.03282e-07,0.545179,1,0
4.54102,0.458984,0.58805,2.04757e-07,0.545179,1,0
4.56055,0.439453,0.742975,4.44551e-07,0.543228,1,0
4.56055,0.458984,0.58805,1.83504e-07,0.543228,1,0
4.58008,0.400391,0.910528,3.36085e-06,0.541276,1,0
4.58008,0.419922,0.845419,1.23365e-06,0.541276,1,0
4.59961,0.400391,0.91053,3.05106e-06,0.539325,1,0
4.59961,0.419922,0.84542,1.08842e-06,0.539325,1,0
4.58008,0.439453,0.742976,3.89361e-07,0.541276,1,0
4.58008,0.458984,0.588051,1.63154e-07,0.541276,1,0
4.59961,0.439453,0.742976,3.3763e-07,0.539325,1,0
4.59961,0.458984,0.588051,1.43671e-07,0.539325,1,0
4.61914,0.322266,0.993681,1.91416e-05,0.537373,1,0
4.61914,0.341797,0.986624,1.49154e-05,0.537373,1,0
4.63867,0.322266,0.993685,1.81842e-05,0.535421,1,0
4.63867,0.341797,0.986629,1.40696e-05,0.535421,1,0
4.61914,0.361328,0.973544,1.02886e-05,0.537373,1,0
4.61914,0.380859,0.95027,5.98868e-06,0.537373,1,0
4.63867,0.361328,0.973548,9.60159e-06,0.535421,1,0
4.63867,0.380859,0.950274,5.49776e-06,0.535421,1,0
4.6582,0.322266,0.993689,1.72208e-05,0.53347,1,0
4.6582,0.341797,0.986633,1.32232e-05,0.53347,1,0
4.67773,0.322266,0.993692,1.6252e-05,0.531518,1,0
4.67773,0.341797,0.986637,1.23771e-05,0.531518,1,0
4.6582,0.361328,0.973552,8.91996e-06,0.53347,1,0
4.6582,0.380859,0.950277,5.01697e-06,0.53347,1,0
4.67773,0.361328,0.973556,8.2448e-06,0.531518,1,0
4.67773,0.380859,0.950281,4.54741e-06,0.531518,1,0
4.61914,0.400391,0.910533,2.75138e-06,0.537373,1,0
4.61914,0.419922,0.845421,9.51065e-07,0.537373,1,0
4.63867,0.400391,0.910535,2.46242e-06,0.535421,1,0
4.63867,0.419922,0.845423,8.21726e-07,0.535421,1,0
4.61914,0.439453,0.742977,2.89271e-07,0.537373,1,0
4.61914,0.458984,0.588051,1.25023e-07,0.537373,1,0
4.63867,0.439453,0.742977,2.44172e-07,0.535421,1,0
4.63867,0.458984,0.588051,1.07178e-07,0.535421,1,0
4.6582,0.400391,0.910538,2.18483e-06,0.53347,1,0
4.6582,0.419922,0.845424,7.005e-07,0.53347,1,0
4.67773,0.400391,0.91054,1.91926e-06,0.531518,1,0
4.67773,0.419922,0.845425,5.87442e-07,0.531518,1,0
4.6582,0.439453,0.742977,2.02211e-07,0.53347,1,0
4.6582,0.458984,0.588051,9.01188e-08,0.53347,1,0
4.67773,0.439453,0.742978,1.63263e-07,0.531518,1,0
4.67773,0.458984,0.588051,7.38458e-08,0.531518,1,0
4.54102,0.478516,0.362539,7.46686e-08,0.545179,1,0
4.54102,0.498047,0.0460392,5.21869e-09,0.545179,0.6,0
4.56055,0.478516,0.362539,6.80086e-08,0.543228,1,0
4.56055,0.498047,0.0460392,6.02586e-09,0.543228,0.6,0
4.58008,0.478516,0.362539,6.15079e-08,0.541276,1,0
4.58008,0.498047,0.0460393,6.80278e-09,0.541276,0.6,0
4.59961,0.478516,0.362539,5.5182e-08,0.539325,1,0
4.59961,0.498047,0.0460393,7.52171e-09,0.539325,0.6,0
4.61914,0.478516,0.362539,4.90303e-08,0.537373,1,0
4.61914,0.498047,0.0460394,8.14686e-09,0.537373,0.6,0
4.63867,0.478516,0.362539,4.30603e-08,0.535421,1,0
4.63867,0.498047,0.0460394,8.66437e-09,0.535421,0.6,0
4.6582,0.478516,0.362539,3.72512e-08,0.53347,1,0
4.6582,0.498047,0.0460395,9.08037e-09,0.53347,0.6,0
4.67773,0.478516,0.362539,3.16011e-08,0.531518,1,0
4.67773,0.498047,0.0460395,9.41136e-09,0.531518,0.6,0
4.69727,0.00976562,1.00076,7.09246e-07,0.529565,1,0
4.69727,0.0292969,1.00076,1.88296e-06,0.529565,1,0
4.7168,0.00976562,1.00076,6.51053e-07,0.527614,1,0
4.7168,0.0292969,1.00076,1.73841e-06,0.527614,1,0
4.69727,0.0488281,1.00077,3.4092e-06,0.529566,1,0
4.69727,0.0683594,1.00077,5.43913e-06,0.529566,1,0
4.7168,0.0488281,1.00077,3.16836e-06,0.527614,1,0
4.7168,0.0683594,1.00077,5.07958e-06,0.527614,1,0
4.73633,0.00976562,1.00076,5.95088e-07,0.525662,1,0
4.73633,0.0292969,1.00076,1.59823e-06,0.525662,1,0
4.75586,0.00976562,1.00076,5.41361e-07,0.523711,1,0
4.75586,0.0292969,1.00076,1.4625e-06,0.523711,1,0
4.73633,0.0488281,1.00077,2.93282e-06,0.525662,1,0
4.73633,0.0683594,1.00077,4.72582e-06,0.525662,1,0
4.75586,0.0488281,1.00076,2.70272e-06,0.523711,1,0
4.75586,0.0683594,1.00077,4.37815e-06,0.523711,1,0
4.69727,0.0878906,1.00078,7.64785e-06,0.529566,1,0
4.69727,0.107422,1.00078,1.00337e-05,0.529566,1,0
4.7168,0.0878906,1.00077,7.17213e-06,0.527614,1,0
4.7168,0.107422,1.00077,9.43971e-06,0.527614,1,0
4.69727,0.126953,1.00078,1.2393e-05,0.529566,1,0
4.69727,0.146484,1.00077,1.46978e-05,0.529566,1,0
4.7168,0.126953,1.00077,1.16906e-05,0.527614,1,0
4.7168,0.146484,1.00077,1.38942e-05,0.527614,1,0
4.73633,0.0878906,1.00077,6.70151e-06,0.525662,1,0
4.73633,0.107422,1.00077,8.8496e-06,0.525662,1,0
4.75586,0.0878906,1.00077,6.23646e-06,0.523711,1,0
4.75586,0.107422,1.00077,8.264e-06,0.523711,1,0
4.73633,0.126953,1.00077,1.09902e-05,0.525662,1,0
4.73633,0.146484,1.00077,1.30903e-05,0.525663,1,0
4.75586,0.126953,1.00077,1.02925e-05,0.523711,1,0
4.75586,0.146484,1.00077,1.2287e-05,0.523711,1,0
4.77539,0.00976562,1.00076,4.89889e-07,0.521759,1,0
4.77539,0.0292969,1.00076,1.33126e-06,0.521759,1,0
4.79492,0.00976562,1.00076,4.40717e-07,0.519808,1,0
4.79492,0.0292969,1.00076,1.20466e-06,0.519808,1,0
4.77539,0.0488281,1.00076,2.47825e-06,0.521759,1,0
4.77539,0.0683594,1.00077,4.03689e-06,0.521759,1,0
4.79492,0.0488281,1.00076,2.25965e-06,0.519808,1,0
4.79492,0.0683594,1.00076,3.70248e-06,0.519808,1,0
4.81445,0.00976562,1.00075,3.93924e-07,0.517856,1,0
4.81445,0.0292969,1.00076,1.08289e-06,0.517856,1,0
4.83398,0.00976562,1.00075,3.49642e-07,0.515904,1,0
4.83398,0.0292969,1.00076,9.66313e-07,0.515904,1,0
4.81445,0.0488281,1.00076,2.04731e-06,0.517856,1,0
4.81445,0.0683594,1.00076,3.37554e-06,0.517856,1,0
4.83398,0.0488281,1.00076,1.84185e-06,0.515904,1,0
4.83398,0.0683594,1.00076,3.05706e-06,0.515904,1,0
4.77539,0.0878906,1.00077,5.77747e-06,0.521759,1,0
4.77539,0.107422,1.00077,7.68358e-06,0.521759,1,0
4.79492,0.0878906,1.00077,5.32517e-06,0.519808,1,0
4.79492,0.107422,1.00077,7.10916e-06,0.519808,1,0
4.77539,0.126953,1.00077,9.59826e-06,0.521759,1,0
4.77539,0.146484,1.00076,1.14852e-05,0.521759,1,0
4.79492,0.126953,1.00076,8.9086e-06,0.519808,1,0
4.79492,0.146484,1.00076,1.0686e-05,0.519808,1,0
4.81445,0.0878906,1.00076,4.88045e-06,0.517856,1,0
4.81445,0.107422,1.00076,6.54192e-06,0.517856,1,0
4.83398,0.0878906,1.00076,4.44465e-06,0.515904,1,0
4.83398,0.107422,1.00076,5.98353e-06,0.515904,1,0
4.81445,0.126953,1.00076,8.22486e-06,0.517856,1,0
4.81445,0.146484,1.00076,9.89101e-06,0.517856,1,0
4.83398,0.126953,1.00076,7.54903e-06,0.515904,1,0
4.83398,0.146484,1.00076,9.10248e-06,0.515904,1,0
4.69727,0.166016,1.00076,1.68209e-05,0.529566,1,0
4.69727,0.185547,1.00075,1.87101e-05,0.529566,1,0
4.7168,0.166016,1.00076,1.59287e-05,0.527614,1,0
4.7168,0.185547,1.00075,1.77408e-05,0.527614,1,0
4.69727,0.205078,1.00071,2.02477e-05,0.529566,1,0
4.69727,0.224609,1.00063,2.13345e-05,0.529566,1,0
4.7168,0.205078,1.00071,1.92156e-05,0.527614,1,0
4.7168,0.224609,1.00063,2.02542e-05,0.527614,1,0
4.73633,0.166016,1.00076,1.50337e-05,0.525663,1,0
4.73633,0.185547,1.00074,1.6766e-05,0.525663,1,0
4.75586,0.166016,1.00076,1.41368e-05,0.523711,1,0
4.75586,0.185547,1.00074,1.57866e-05,0.523711,1,0
4.73633,0.205078,1.00071,1.81755e-05,0.525663,1,0
4.73633,0.224609,1.00063,1.91637e-05,0.525663,1,0
4.75586,0.205078,1.00071,1.71281e-05,0.523711,1,0
4.75586,0.224609,1.00063,1.80635e-05,0.523711,1,0
4.69727,0.244141,1.00045,2.18239e-05,0.529566,1,0
4.69727,0.263672,1.00004,2.15738e-05,0.529566,1,0
4.7168,0.244141,1.00045,2.07127e-05,0.527614,1,0
4.7168,0.263672,1.00004,2.04512e-05,0.527614,1,0
4.69727,0.283203,0.99917,2.04366e-05,0.529566,1,0
4.69727,0.302734,0.99735,1.83275e-05,0.529566,1,0
4.7168,0.283203,0.999172,1.93275e-05,0.527615,1,0
4.7168,0.302734,0.997352,1.72638e-05,0.527615,1,0
4.73633,0.244141,1.00045,1.95896e-05,0.525663,1,0
4.73633,0.263672,1.00004,1.93164e-05,0.525663,1,0
4.75586,0.244141,1.00045,1.84554e-05,0.523711,1,0
4.75586,0.263672,1.00005,1.81701e-05,0.523711,1,0
4.73633,0.283203,0.999173,1.82075e-05,0.525663,1,0
4.73633,0.302734,0.997355,1.61923e-05,0.525663,1,0
4.75586,0.283203,0.999175,1.70773e-05,0.523711,1,0
4.75586,0.302734,0.997357,1.51143e-05,0.523711,1,0
4.77539,0.166016,1.00076,1.32388e-05,0.521759,1,0
4.77539,0.185547,1.00074,1.48035e-05,0.521759,1,0
4.79492,0.166016,1.00076,1.2341e-05,0.519808,1,0
4.79492,0.185547,1.00074,1.3818e-05,0.519808,1,0
4.77539,0.205078,1.00071,1.60743e-05,0.521759,1,0
4.77539,0.224609,1.00063,1.69545e-05,0.52176,1,0
4.79492,0.205078,1.00071,1.50154e-05,0.519808,1,0
4.79492,0.224609,1.00063,1.58381e-05,0.519808,1,0
4.81445,0.166016,1.00075,1.14453e-05,0.517856,1,0
4.81445,0.185547,1.00074,1.28319e-05,0.517856,1,0
4.83398,0.166016,1.00075,1.05538e-05,0.515905,1,0
4.83398,0.185547,1.00074,1.18478e-05,0.515905,1,0
4.81445,0.205078,1.00071,1.39532e-05,0.517856,1,0
4.81445,0.224609,1.00063,1.47159e-05,0.517856,1,0
4.83398,0.205078,1.0007,1.28902e-05,0.515905,1,0
4.83398,0.224609,1.00063,1.35907e-05,0.515905,1,0
4.77539,0.244141,1.00045,1.73107e-05,0.52176,1,0
4.77539,0.263672,1.00005,1.7013e-05,0.52176,1,0
4.79492,0.244141,1.00045,1.61569e-05,0.519808,1,0
4.79492,0.263672,1.00005,1.58466e-05,0.519808,1,0
4.77539,0.283203,0.999176,1.59381e-05,0.52176,1,0
4.77539,0.302734,0.99736,1.40312e-05,0.52176,1,0
4.79492,0.283203,0.999178,1.47912e-05,0.519808,1,0
4.79492,0.302734,0.997362,1.29447e-05,0.519808,1,0
4.81445,0.244141,1.00045,1.49957e-05,0.517856,1,0
4.81445,0.263672,1.00005,1.46726e-05,0.517856,1,0
4.83398,0.244141,1.00045,1.38299e-05,0.515905,1,0
4.83398,0.263672,1.00005,1.34941e-05,0.515905,1,0
4.81445,0.283203,0.999179,1.36387e-05,0.517856,1,0
4.81445,0.302734,0.997364,1.18571e-05,0.517857,1,0
4.83398,0.283203,0.999181,1.24838e-05,0.515905,1,0
4.83398,0.302734,0.997366,1.07718e-05,0.515905,1,0
4.85352,0.00976562,1.00075,3.08065e-07,0.513953,1,0
4.85352,0.0292969,1.00076,8.5545e-07,0.513953,1,0
4.87305,0.00976562,1.00075,2.69449e-07,0.512001,1,0
4.87305,0.0292969,1.00076,7.51029e-07,0.512001,1,0
4.85352,0.0488281,1.00076,1.6442e-06,0.513953,1,0
4.85352,0.0683594,1.00076,2.74845e-06,0.513953,1,0
4.87305,0.0488281,1.00076,1.45567e-06,0.512001,1,0
4.87305,0.0683594,1.00076,2.45171e-06,0.512001,1,0
4.89258,0.00976562,1.00075,2.341e-07,0.51005,1,0
4.89258,0.0292969,1.00076,6.53963e-07,0.51005,1,0
4.91211,0.00976562,1.00075,2.02347e-07,0.508098,1,0
4.91211,0.0292969,1.00075,5.65296e-07,0.508098,1,0
4.89258,0.0488281,1.00076,1.27792e-06,0.51005,1,0
4.89258,0.0683594,1.00076,2.16936e-06,0.51005,1,0
4.91211,0.0488281,1.00076,1.11291e-06,0.508098,1,0
4.91211,0.0683594,1.00076,1.90443e-06,0.508098,1,0
4.85352,0.0878906,1.00076,4.01968e-06,0.513953,1,0
4.85352,0.107422,1.00076,5.43635e-06,0.513953,1,0
4.87305,0.0878906,1.00076,3.60815e-06,0.512001,1,0
4.87305,0.107422,1.00076,4.90357e-06,0.512001,1,0
4.85352,0.126953,1.00076,6.88383e-06,0.513953,1,0
4.85352,0.146484,1.00076,8.3234e-06,0.513953,1,0
4.87305,0.126953,1.00076,6.23293e-06,0.512001,1,0
4.87305,0.146484,1.00076,7.55783e-06,0.512001,1,0
4.89258,0.0878906,1.00076,3.21343e-06,0.51005,1,0
4.89258,0.107422,1.00076,4.38927e-06,0.51005,1,0
4.91211,0.0878906,1.00076,2.83951e-06,0.508098,1,0
4.91211,0.107422,1.00076,3.89837e-06,0.508098,1,0
4.89258,0.126953,1.00076,5.601e-06,0.51005,1,0
4.89258,0.146484,1.00075,6.81095e-06,0.51005,1,0
4.91211,0.126953,1.00076,4.99369e-06,0.508098,1,0
4.91211,0.146484,1.00075,6.08902e-06,0.508098,1,0
4.93164,0.00976562,1.00075,1.74501e-07,0.506146,1,0
4.93164,0.0292969,1.00075,4.86102e-07,0.506146,1,0
4.95117,0.00976562,1.00075,1.50805e-07,0.504195,1,0
4.95117,0.0292969,1.00075,4.17345e-07,0.504195,1,0
4.93164,0.0488281,1.00076,9.62766e-07,0.506146,1,0
4.93164,0.0683594,1.00076,1.6602e-06,0.506146,1,0
4.95117,0.0488281,1.00076,8.29512e-07,0.504195,1,0
4.95117,0.0683594,1.00076,1.43994e-06,0.504195,1,0
4.9707,0.00976562,1.00075,1.31375e-07,0.502243,1,0
4.9707,0.0292969,1.00075,3.59717e-07,0.502243,1,0
4.99023,0.00976562,1.00075,1.16154e-07,0.500291,1,0
4.99023,0.0292969,1.00075,3.13479e-07,0.500291,1,0
4.9707,0.0488281,1.00075,7.14823e-07,0.502243,1,0
4.9707,0.0683594,1.00076,1.2465e-06,0.502243,1,0
4.99023,0.0488281,1.00075,6.19718e-07,0.500291,1,0
4.99023,0.0683594,1.00075,1.08184e-06,0.500291,1,0
4.93164,0.0878906,1.00076,2.49086e-06,0.506146,1,0
4.93164,0.107422,1.00076,3.43634e-06,0.506146,1,0
4.95117,0.0878906,1.00076,2.17198e-06,0.504195,1,0
4.95117,0.107422,1.00076,3.00886e-06,0.504195,1,0
4.93164,0.126953,1.00076,4.4174e-06,0.506146,1,0
4.93164,0.146484,1.00075,5.3992e-06,0.506146,1,0
4.95117,0.126953,1.00075,3.87881e-06,0.504195,1,0
4.95117,0.146484,1.00075,4.74912e-06,0.504195,1,0
4.9707,0.0878906,1.00076,1.88696e-06,0.502243,1,0
4.9707,0.107422,1.00075,2.62124e-06,0.502243,1,0
4.99023,0.0878906,1.00075,1.63893e-06,0.500291,1,0
4.99023,0.107422,1.00075,2.27777e-06,0.500291,1,0
4.9707,0.126953,1.00075,3.38439e-06,0.502243,1,0
4.9707,0.146484,1.00075,4.1463e-06,0.502243,1,0
4.99023,0.126953,1.00075,2.93966e-06,0.500291,1,0
4.99023,0.146484,1.00075,3.59746e-06,0.500291,1,0
4.85352,0.166016,1.00075,9.66997e-06,0.513953,1,0
4.85352,0.185547,1.00074,1.0869e-05,0.513953,1,0
4.87305,0.166016,1.00075,8.79809e-06,0.512001,1,0
4.87305,0.185547,1.00074,9.90017e-06,0.512001,1,0
4.85352,0.205078,1.0007,1.18302e-05,0.513953,1,0
4.85352,0.224609,1.00063,1.24663e-05,0.513953,1,0
4.87305,0.205078,1.0007,1.07781e-05,0.512001,1,0
4.87305,0.224609,1.00063,1.1348e-05,0.512001,1,0
4.89258,0.166016,1.00075,7.94379e-06,0.51005,1,0
4.89258,0.185547,1.00073,8.94742e-06,0.51005,1,0
4.91211,0.166016,1.00075,7.11388e-06,0.508098,1,0
4.91211,0.185547,1.00073,8.01809e-06,0.508098,1,0
4.89258,0.205078,1.0007,9.74041e-06,0.51005,1,0
4.89258,0.224609,1.00063,1.02428e-05,0.51005,1,0
4.91211,0.205078,1.0007,8.72496e-06,0.508098,1,0
4.91211,0.224609,1.00063,9.15926e-06,0.508098,1,0
4.85352,0.244141,1.00045,1.26637e-05,0.513953,1,0
4.85352,0.263672,1.00005,1.23154e-05,0.513953,1,0
4.87305,0.244141,1.00045,1.15028e-05,0.512001,1,0
4.87305,0.263672,1.00005,1.11428e-05,0.512001,1,0
4.85352,0.283203,0.999182,1.13313e-05,0.513953,1,0
4.85352,0.302734,0.997368,9.69419e-06,0.513953,1,0
4.87305,0.283203,0.999183,1.01879e-05,0.512002,1,0
4.87305,0.302734,0.99737,8.63146e-06,0.512002,1,0
4.89258,0.244141,1.00045,1.03547e-05,0.51005,1,0
4.89258,0.263672,1.00005,9.9844e-06,0.51005,1,0
4.91211,0.244141,1.00045,9.22853e-06,0.508098,1,0
4.91211,0.263672,1.00005,8.85013e-06,0.508098,1,0
4.89258,0.283203,0.999184,9.0626e-06,0.51005,1,0
4.89258,0.302734,0.997372,7.59272e-06,0.51005,1,0
4.91211,0.283203,0.999186,7.96568e-06,0.508098,1,0
4.91211,0.302734,0.997373,6.58845e-06,0.508098,1,0
4.93164,0.166016,1.00075,6.31623e-06,0.506146,1,0
4.93164,0.185547,1.00073,7.1207e-06,0.506146,1,0
4.95117,0.166016,1.00075,5.55932e-06,0.504195,1,0
4.95117,0.185547,1.00073,6.26459e-06,0.504195,1,0
4.93164,0.205078,1.0007,7.74107e-06,0.506146,1,0
4.93164,0.224609,1.00063,8.10733e-06,0.506146,1,0
4.95117,0.205078,1.0007,6.79891e-06,0.504195,1,0
4.95117,0.224609,1.00063,7.09809e-06,0.504195,1,0
4.9707,0.166016,1.00075,4.8517e-06,0.502243,1,0
4.9707,0.185547,1.00073,5.45932e-06,0.502243,1,0
4.99023,0.166016,1.00074,4.20127e-06,0.500291,1,0
4.99023,0.185547,1.00073,4.71395e-06,0.500292,1,0
4.9707,0.205078,1.0007,5.90903e-06,0.502243,1,0
4.9707,0.224609,1.00062,6.143e-06,0.502243,1,0
4.99023,0.205078,1.0007,5.0816e-06,0.500292,1,0
4.99023,0.224609,1.00062,5.25322e-06,0.500292,1,0
4.93164,0.244141,1.00045,8.13518e-06,0.506147,1,0
4.93164,0.263672,1.00005,7.75143e-06,0.506147,1,0
4.95117,0.244141,1.00045,7.08645e-06,0.504195,1,0
4.95117,0.263672,1.00005,6.70068e-06,0.504195,1,0
4.93164,0.283203,0.999187,6.90886e-06,0.506147,1,0
4.93164,0.302734,0.997375,5.63008e-06,0.506147,1,0
4.95117,0.283203,0.999188,5.90449e-06,0.504195,1,0
4.95117,0.302734,0.997376,4.72922e-06,0.504195,1,0
4.9707,0.244141,1.00045,6.09456e-06,0.502243,1,0
4.9707,0.263672,1.00005,5.71036e-06,0.502243,1,0
4.99023,0.244141,1.00045,5.17131e-06,0.500292,1,0
4.99023,0.263672,1.00005,4.79244e-06,0.500292,1,0
4.9707,0.283203,0.999189,4.96486e-06,0.502243,1,0
4.9707,0.302734,0.997377,3.89693e-06,0.502243,1,0
4.99023,0.283203,0.999189,4.10153e-06,0.500292,1,0
4.99023,0.302734,0.997379,3.14287e-06,0.500292,1,0
4.69727,0.322266,0.993696,1.52784e-05,0.529566,1,0
4.69727,0.341797,0.986641,1.15322e-05,0.529566,1,0
4.7168,0.322266,0.993699,1.43011e-05,0.527615,1,0
4.7168,0.341797,0.986645,1.069e-05,0.527615,1,0
4.69727,0.361328,0.97356,7.57749e-06,0.529566,1,0
4.69727,0.380859,0.950284,4.09028e-06,0.529567,1,0
4.7168,0.361328,0.973564,6.91979e-06,0.527615,1,0
4.7168,0.380859,0.950287,3.64668e-06,0.527615,1,0
4.73633,0.322266,0.993702,1.33214e-05,0.525663,1,0
4.73633,0.341797,0.986648,9.85249e-06,0.525663,1,0
4.75586,0.322266,0.993705,1.2341e-05,0.523711,1,0
4.75586,0.341797,0.986652,9.02177e-06,0.523712,1,0
4.73633,0.361328,0.973567,6.27343e-06,0.525663,1,0
4.73633,0.380859,0.950289,3.21774e-06,0.525663,1,0
4.75586,0.361328,0.973571,5.63998e-06,0.523712,1,0
4.75586,0.380859,0.950292,2.80542e-06,0.523712,1,0
4.69727,0.400391,0.910542,1.66633e-06,0.529567,1,0
4.69727,0.419922,0.845425,4.82592e-07,0.529567,1,0
4.7168,0.400391,0.910543,1.42672e-06,0.527615,1,0
4.7168,0.419922,0.845426,3.86068e-07,0.527615,1,0
4.69727,0.439453,0.742978,1.27251e-07,0.529567,1,0
4.69727,0.458984,0.588051,5.83716e-08,0.529567,1,0
4.7168,0.439453,0.742978,9.40447e-08,0.527615,1,0
4.7168,0.458984,0.588051,4.36967e-08,0.527615,1,0
4.73633,0.400391,0.910545,1.20152e-06,0.525663,1,0
4.73633,0.419922,0.845427,2.97872e-07,0.525663,1,0
4.75586,0.400391,0.910546,9.91884e-07,0.523712,1,0
4.75586,0.419922,0.845427,2.17386e-07,0.523712,1,0
4.73633,0.439453,0.742978,6.34198e-08,0.525663,1,0
4.73633,0.458984,0.588051,2.98177e-08,0.525663,1,0
4.75586,0.439453,0.742978,3.50825e-08,0.523712,1,0
4.75586,0.458984,0.588051,1.67242e-08,0.523712,1,0
4.77539,0.322266,0.993708,1.13619e-05,0.52176,1,0
4.77539,0.341797,0.986655,8.19983e-06,0.52176,1,0
4.79492,0.322266,0.993711,1.03861e-05,0.519808,1,0
4.79492,0.341797,0.986658,7.38876e-06,0.519808,1,0
4.77539,0.361328,0.973574,5.0216e-06,0.52176,1,0
4.77539,0.380859,0.950294,2.41224e-06,0.52176,1,0
4.79492,0.361328,0.973576,4.42105e-06,0.519808,1,0
4.79492,0.380859,0.950296,2.04039e-06,0.519808,1,0
4.81445,0.322266,0.993714,9.416e-06,0.517857,1,0
4.81445,0.341797,0.986661,6.59131e-06,0.517857,1,0
4.83398,0.322266,0.993716,8.45529e-06,0.515905,1,0
4.83398,0.341797,0.986664,5.81176e-06,0.515905,1,0
4.81445,0.361328,0.973579,3.84172e-06,0.517857,1,0
4.81445,0.380859,0.950298,1.69213e-06,0.517857,1,0
4.83398,0.361328,0.973581,3.2878e-06,0.515905,1,0
4.83398,0.380859,0.950299,1.36934e-06,0.515905,1,0
4.77539,0.400391,0.910548,7.98096e-07,0.52176,1,0
4.77539,0.419922,0.845428,1.43906e-07,0.52176,1,0
4.79492,0.400391,0.910549,6.19928e-07,0.519808,1,0
4.79492,0.419922,0.845428,7.7497e-08,0.519808,1,0
4.77539,0.439453,0.742979,8.8076e-09,0.52176,1,0
4.77539,0.458984,0.588051,4.47822e-09,0.52176,1,0
4.79492,0.439453,0.742979,-1.48547e-08,0.519808,1,0
4.79492,0.458984,0.588051,-6.676e-09,0.519808,1,0
4.81445,0.400391,0.910549,4.57527e-07,0.517857,1,0
4.81445,0.419922,0.845428,1.86026e-08,0.517857,1,0
4.83398,0.400391,0.91055,3.11573e-07,0.515905,1,0
4.83398,0.419922,0.845428,-3.20898e-08,0.515905,1,0
4.81445,0.439453,0.742979,-3.52891e-08,0.517857,1,0
4.81445,0.458984,0.588051,-1.66429e-08,0.517857,1,0
4.83398,0.439453,0.742979,-5.29004e-08,0.515905,1,0
4.83398,0.458984,0.588051,-2.58672e-08,0.515905,1,0
4.69727,0.478516,0.362539,2.61017e-08,0.529567,1,0
4.69727,0.498047,0.0460396,9.64701e-09,0.529567,0.6,0
4.7168,0.478516,0.362539,2.07988e-08,0.527615,1,0
4.7168,0.498047,0.0460396,9.77138e-09,0.527615,0.6,0
4.73633,0.478516,0.362539,1.5682e-08,0.525663,1,0
4.73633,0.498047,0.0460396,9.69384e-09,0.525663,0.6,0
4.75586,0.478516,0.362539,1.07678e-08,0.523712,1,0
4.75586,0.498047,0.0460396,9.35167e-09,0.523712,0.6,0
4.77539,0.478516,0.362539,6.1899e-09,0.52176,1,0
4.77539,0.498047,0.0460396,8.84276e-09,0.52176,0.6,0
4.79492,0.478516,0.362539,1.96538e-09,0.519808,1,0
4.79492,0.498047,0.0460396,8.23085e-09,0.519808,0.6,0
4.81445,0.478516,0.362539,-2.00824e-09,0.517857,1,0
4.81445,0.498047,0.0460396,7.47795e-09,0.517857,0.6,0
4.83398,0.478516,0.362539,-5.74875e-09,0.515905,1,0
4.83398,0.498047,0.0460396,6.64999e-09,0.515905,0.6,0
4.85352,0.322266,0.993719,7.50958e-06,0.513953,1,0
4.85352,0.341797,0.986666,5.0559e-06,0.513953,1,0
4.87305,0.322266,0.993721,6.58641e-06,0.512002,1,0
4.87305,0.341797,0.986668,4.3299e-06,0.512002,1,0
4.85352,0.361328,0.973583,2.76277e-06,0.513953,1,0
4.85352,0.380859,0.950301,1.07213e-06,0.513953,1,0
4.87305,0.361328,0.973585,2.26954e-06,0.512002,1,0
4.87305,0.380859,0.950302,8.0011e-07,0.512002,1,0
4.89258,0.322266,0.993723,5.69462e-06,0.51005,1,0
4.89258,0.341797,0.98667,3.64059e-06,0.51005,1,0
4.91211,0.322266,0.993725,4.84389e-06,0.508098,1,0
4.91211,0.341797,0.986672,2.99524e-06,0.508098,1,0
4.89258,0.361328,0.973587,1.81213e-06,0.51005,1,0
4.89258,0.380859,0.950303,5.54711e-07,0.51005,1,0
4.91211,0.361328,0.973588,1.39508e-06,0.508098,1,0
4.91211,0.380859,0.950304,3.38591e-07,0.508098,1,0
4.85352,0.400391,0.910551,1.82007e-07,0.513953,1,0
4.85352,0.419922,0.845429,-7.44795e-08,0.513953,1,0
4.87305,0.400391,0.910551,6.79318e-08,0.512002,1,0
4.87305,0.419922,0.845429,-1.0954e-07,0.512002,1,0
4.85352,0.439453,0.742979,-6.7969e-08,0.513953,1,0
4.85352,0.458984,0.588051,-3.41399e-08,0.513953,1,0
4.87305,0.439453,0.742979,-8.05613e-08,0.512002,1,0
4.87305,0.458984,0.588051,-4.09425e-08,0.512002,1,0
4.89258,0.400391,0.910552,-3.01645e-08,0.51005,1,0
4.89258,0.419922,0.845429,-1.38046e-07,0.51005,1,0
4.91211,0.400391,0.910552,-1.10922e-07,0.508098,1,0
4.91211,0.419922,0.845429,-1.59979e-07,0.508098,1,0
4.89258,0.439453,0.742979,-9.12035e-08,0.51005,1,0
4.89258,0.458984,0.588051,-4.65464e-08,0.51005,1,0
4.91211,0.439453,0.742978,-9.99032e-08,0.508098,1,0
4.91211,0.458984,0.588051,-5.11163e-08,0.508098,1,0
4.93164,0.322266,0.993727,4.04398e-06,0.506147,1,0
4.93164,0.341797,0.986674,2.40082e-06,0.506147,1,0
4.95117,0.322266,0.993728,3.30418e-06,0.504195,1,0
4.95117,0.341797,0.986675,1.86398e-06,0.504195,1,0
4.93164,0.361328,0.97359,1.02244e-06,0.506147,1,0
4.93164,0.380859,0.950304,1.54085e-07,0.506147,1,0
4.95117,0.361328,0.973591,6.97552e-07,0.504195,1,0
4.95117,0.380859,0.950305,2.7972e-09,0.504195,1,0
4.9707,0.322266,0.99373,2.63295e-06,0.502243,1,0
4.9707,0.341797,0.986676,1.39053e-06,0.502243,1,0
4.99023,0.322266,0.993731,2.03734e-06,0.500292,1,0
4.99023,0.341797,0.986677,9.84417e-07,0.500292,1,0
4.9707,0.361328,0.973591,4.22666e-07,0.502243,1,0
4.9707,0.380859,0.950305,-1.15165e-07,0.502243,1,0
4.99023,0.361328,0.973592,1.98579e-07,0.500292,1,0
4.99023,0.380859,0.950305,-2.01366e-07,0.500292,1,0
4.93164,0.400391,0.910552,-1.73863e-07,0.506147,1,0
4.93164,0.419922,0.845429,-1.75416e-07,0.506147,1,0
4.95117,0.400391,0.910552,-2.19485e-07,0.504195,1,0
4.95117,0.419922,0.845429,-1.85034e-07,0.504195,1,0
4.93164,0.439453,0.742978,-1.06085e-07,0.506147,1,0
4.93164,0.458984,0.588051,-5.44823e-08,0.506147,1,0
4.95117,0.439453,0.742978,-1.09594e-07,0.504195,1,0
4.95117,0.458984,0.588051,-5.66098e-08,0.504195,1,0
4.9707,0.400391,0.910552,-2.49e-07,0.502243,1,0
4.9707,0.419922,0.845429,-1.8939e-07,0.502243,1,0
4.99023,0.400391,0.910552,-2.64527e-07,0.500292,1,0
4.99023,0.419922,0.845429,-1.88875e-07,0.500292,1,0
4.9707,0.439453,0.742978,-1.10626e-07,0.502243,1,0
4.9707,0.458984,0.588051,-5.75347e-08,0.502243,1,0
4.99023,0.439453,0.742978,-1.09418e-07,0.500292,1,0
4.99023,0.458984,0.588051,-5.72873e-08,0.500292,1,0
4.85352,0.478516,0.362539,-9.14565e-09,0.513953,1,0
4.85352,0.498047,0.0460396,5.74536e-09,0.513953,0.6,0
4.87305,0.478516,0.362539,-1.20517e-08,0.512002,1,0
4.87305,0.498047,0.0460396,4.81113e-09,0.512002,0.6,0
4.89258,0.478516,0.362539,-1.45416e-08,0.51005,1,0
4.89258,0.498047,0.0460396,3.90166e-09,0.51005,0.6,0
4.91211,0.478516,0.362539,-1.66272e-08,0.508098,1,0
4.91211,0.498047,0.0460396,2.99956e-09,0.508098,0.6,0
4.93164,0.478516,0.362539,-1.82274e-08,0.506147,1,0
4.93164,0.498047,0.0460396,2.12727e-09,0.506147,0.6,0
4.95117,0.478516,0.362539,-1.93101e-08,0.504195,1,0
4.95117,0.498047,0.0460396,1.31387e-09,0.504195,0.6,0
4.9707,0.478516,0.362539,-1.98932e-08,0.502243,1,0
4.9707,0.498047,0.0460396,5.84789e-10,0.502243,0.6,0
4.99023,0.478516,0.362539,-1.99998e-08,0.500292,1,0
4.99023,0.498047,0.0460396,-3.48042e-11,0.500292,0.6,0
5.00977,0.00976562,1.00075,1.04878e-07,0.49834,1,0
5.00977,0.0292969,1.00075,2.78338e-07,0.49834,1,0
5.0293,0.00976562,1.00075,9.70693e-08,0.496388,1,0
5.0293,0.0292969,1.00075,2.53383e-07,0.496388,1,0
5.00977,0.0488281,1.00075,5.44308e-07,0.49834,1,0
5.00977,0.0683594,1.00075,9.46704e-07,0.49834,1,0
5.0293,0.0488281,1.00075,4.87638e-07,0.496388,1,0
5.0293,0.0683594,1.00075,8.40292e-07,0.496388,1,0
5.04883,0.00976562,1.00075,9.2063e-08,0.494436,1,0
5.04883,0.0292969,1.00075,2.37109e-07,0.494436,1,0
5.06836,0.00976562,1.00075,8.90605e-08,0.492485,1,0
5.06836,0.0292969,1.00075,2.27531e-07,0.492485,1,0
5.04883,0.0488281,1.00075,4.4766e-07,0.494436,1,0
5.04883,0.0683594,1.00075,7.60208e-07,0.494437,1,0
5.06836,0.0488281,1.00075,4.21364e-07,0.492485,1,0
5.06836,0.0683594,1.00075,7.0257e-07,0.492485,1,0
5.00977,0.0878906,1.00075,1.42953e-06,0.49834,1,0
5.00977,0.107422,1.00075,1.98117e-06,0.49834,1,0
5.0293,0.0878906,1.00075,1.25852e-06,0.496388,1,0
5.0293,0.107422,1.00075,1.73204e-06,0.496388,1,0
5.00977,0.126953,1.00075,2.54852e-06,0.49834,1,0
5.00977,0.146484,1.00075,3.10779e-06,0.49834,1,0
5.0293,0.126953,1.00075,2.21273e-06,0.496388,1,0
5.0293,0.146484,1.00075,2.68031e-06,0.496388,1,0
5.04883,0.0878906,1.00075,1.12364e-06,0.494437,1,0
5.04883,0.107422,1.00075,1.52865e-06,0.494437,1,0
5.06836,0.0878906,1.00075,1.02069e-06,0.492485,1,0
5.06836,0.107422,1.00075,1.36693e-06,0.492485,1,0
5.04883,0.126953,1.00075,1.93147e-06,0.494437,1,0
5.04883,0.146484,1.00075,2.31542e-06,0.494437,1,0
5.06836,0.126953,1.00075,1.70133e-06,0.492485,1,0
5.06836,0.146484,1.00075,2.01072e-06,0.492485,1,0
5.08789,0.00976562,1.00075,8.7208e-08,0.490533,1,0
5.08789,0.0292969,1.00075,2.22372e-07,0.490533,1,0
5.10742,0.00976562,1.00075,8.56867e-08,0.488582,1,0
5.10742,0.0292969,1.00075,2.19304e-07,0.488582,1,0
5.08789,0.0488281,1.00075,4.05054e-07,0.490533,1,0
5.08789,0.0683594,1.00075,6.62362e-07,0.490533,1,0
5.10742,0.0488281,1.00075,3.94741e-07,0.488582,1,0
5.10742,0.0683594,1.00075,6.33955e-07,0.488582,1,0
5.12695,0.00976562,1.00075,8.37995e-08,0.48663,1,0
5.12695,0.0292969,1.00075,2.16206e-07,0.48663,1,0
5.14648,0.00976562,1.00075,8.10391e-08,0.484678,1,0
5.14648,0.0292969,1.00075,2.11383e-07,0.484678,1,0
5.12695,0.0488281,1.00075,3.86576e-07,0.48663,1,0
5.12695,0.0683594,1.00075,6.11719e-07,0.48663,1,0
5.14648,0.0488281,1.00075,3.77271e-07,0.484678,1,0
5.14648,0.0683594,1.00075,5.90633e-07,0.484678,1,0
5.08789,0.0878906,1.00075,9.43837e-07,0.490533,1,0
5.08789,0.107422,1.00075,1.24079e-06,0.490533,1,0
5.10742,0.0878906,1.00075,8.86291e-07,0.488582,1,0
5.10742,0.107422,1.00075,1.14277e-06,0.488582,1,0
5.08789,0.126953,1.00075,1.51654e-06,0.490533,1,0
5.08789,0.146484,1.00075,1.76114e-06,0.490533,1,0
5.10742,0.126953,1.00075,1.36953e-06,0.488582,1,0
5.10742,0.146484,1.00075,1.55946e-06,0.488582,1,0
5.12695,0.0878906,1.00075,8.4098e-07,0.48663,1,0
5.12695,0.107422,1.00075,1.06479e-06,0.48663,1,0
5.14648,0.0878906,1.00075,8.01338e-07,0.484678,1,0
5.14648,0.107422,1.00075,9.99059e-07,0.484678,1,0
5.12695,0.126953,1.00075,1.25173e-06,0.48663,1,0
5.12695,0.146484,1.00075,1.397e-06,0.48663,1,0
5.14648,0.126953,1.00075,1.15452e-06,0.484678,1,0
5.14648,0.146484,1.00075,1.26462e-06,0.484678,1,0
5.00977,0.166016,1.00074,3.61455e-06,0.49834,1,0
5.00977,0.185547,1.00073,4.03629e-06,0.49834,1,0
5.0293,0.166016,1.00074,3.09594e-06,0.496388,1,0
5.0293,0.185547,1.00073,3.43215e-06,0.496388,1,0
5.00977,0.205078,1.0007,4.32566e-06,0.49834,1,0
5.00977,0.224609,1.00062,4.4388e-06,0.49834,1,0
5.0293,0.205078,1.0007,3.6483e-06,0.496388,1,0
5.0293,0.224609,1.00062,3.70787e-06,0.496388,1,0
5.04883,0.166016,1.00074,2.64723e-06,0.494437,1,0
5.04883,0.185547,1.00073,2.90469e-06,0.494437,1,0
5.06836,0.166016,1.00074,2.26724e-06,0.492485,1,0
5.06836,0.185547,1.00073,2.45402e-06,0.492485,1,0
5.04883,0.205078,1.0007,3.05397e-06,0.494437,1,0
5.04883,0.224609,1.00062,3.06581e-06,0.494437,1,0
5.06836,0.205078,1.0007,2.5439e-06,0.492485,1,0
5.06836,0.224609,1.00062,2.51464e-06,0.492485,1,0
5.00977,0.244141,1.00045,4.32735e-06,0.49834,1,0
5.00977,0.263672,1.00005,3.95766e-06,0.49834,1,0
5.0293,0.244141,1.00045,3.57133e-06,0.496388,1,0
5.0293,0.263672,1.00005,3.2146e-06,0.496388,1,0
5.00977,0.283203,0.99919,3.32426e-06,0.49834,1,0
5.00977,0.302734,0.997379,2.47434e-06,0.49834,1,0
5.0293,0.283203,0.999191,2.64007e-06,0.496388,1,0
5.0293,0.302734,0.99738,1.89579e-06,0.496388,1,0
5.04883,0.244141,1.00045,2.90916e-06,0.494437,1,0
5.04883,0.263672,1.00005,2.56869e-06,0.494437,1,0
5.06836,0.244141,1.00045,2.34313e-06,0.492485,1,0
5.06836,0.263672,1.00006,2.02129e-06,0.492485,1,0
5.04883,0.283203,0.999192,2.05245e-06,0.494437,1,0
5.04883,0.302734,0.997381,1.4083e-06,0.494437,1,0
5.06836,0.283203,0.999192,1.56102e-06,0.492485,1,0
5.06836,0.302734,0.997382,1.0099e-06,0.492485,1,0
5.08789,0.166016,1.00074,1.95189e-06,0.490533,1,0
5.08789,0.185547,1.00073,2.07704e-06,0.490533,1,0
5.10742,0.166016,1.00074,1.69454e-06,0.488582,1,0
5.10742,0.185547,1.00073,1.7678e-06,0.488582,1,0
5.08789,0.205078,1.0007,2.11588e-06,0.490533,1,0
5.08789,0.224609,1.00063,2.05265e-06,0.490533,1,0
5.10742,0.205078,1.0007,1.76442e-06,0.488582,1,0
5.10742,0.224609,1.00063,1.6745e-06,0.488582,1,0
5.12695,0.166016,1.00074,1.48669e-06,0.48663,1,0
5.12695,0.185547,1.00073,1.51802e-06,0.48663,1,0
5.14648,0.166016,1.00074,1.31891e-06,0.484678,1,0
5.14648,0.185547,1.00073,1.31807e-06,0.484678,1,0
5.12695,0.205078,1.0007,1.48137e-06,0.48663,1,0
5.12695,0.224609,1.00063,1.37194e-06,0.48663,1,0
5.14648,0.205078,1.0007,1.25687e-06,0.484678,1,0
5.14648,0.224609,1.00063,1.13481e-06,0.484678,1,0
5.08789,0.244141,1.00045,1.87137e-06,0.490533,1,0
5.08789,0.263672,1.00006,1.56958e-06,0.490533,1,0
5.10742,0.244141,1.00045,1.48818e-06,0.488582,1,0
5.10742,0.263672,1.00006,1.2075e-06,0.488582,1,0
5.08789,0.283203,0.999193,1.16221e-06,0.490533,1,0
5.08789,0.302734,0.997382,6.95868e-07,0.490533,1,0
5.10742,0.283203,0.999193,8.49521e-07,0.488582,1,0
5.10742,0.302734,0.997383,4.58507e-07,0.488582,1,0
5.12695,0.244141,1.00045,1.18505e-06,0.48663,1,0
5.12695,0.263672,1.00006,9.26097e-07,0.48663,1,0
5.14648,0.244141,1.00045,9.51271e-07,0.484678,1,0
5.14648,0.263672,1.00006,7.14182e-07,0.484678,1,0
5.12695,0.283203,0.999193,6.13436e-07,0.48663,1,0
5.12695,0.302734,0.997383,2.87563e-07,0.48663,1,0
5.14648,0.283203,0.999194,4.42338e-07,0.484678,1,0
5.14648,0.302734,0.997383,1.71312e-07,0.484678,1,0
5.16602,0.00976562,1.00075,7.71277e-08,0.482727,1,0
5.16602,0.0292969,1.00075,2.03723e-07,0.482727,1,0
5.18555,0.00976562,1.00075,7.20214e-08,0.480775,1,0
5.18555,0.0292969,1.00075,1.92761e-07,0.480775,1,0
5.16602,0.0488281,1.00075,3.64414e-07,0.482727,1,0
5.16602,0.0683594,1.00075,5.66784e-07,0.482727,1,0
5.18555,0.0488281,1.00075,3.46657e-07,0.480775,1,0
5.18555,0.0683594,1.00075,5.37686e-07,0.480775,1,0
5.20508,0.00976562,1.00075,6.58811e-08,0.478823,1,0
5.20508,0.0292969,1.00075,1.7864e-07,0.478823,1,0
5.22461,0.00976562,1.00075,5.90171e-08,0.476872,1,0
5.22461,0.0292969,1.00075,1.62003e-07,0.476872,1,0
5.20508,0.0488281,1.00075,3.23725e-07,0.478823,1,0
5.20508,0.0683594,1.00075,5.02367e-07,0.478823,1,0
5.22461,0.0488281,1.00075,2.9628e-07,0.476872,1,0
5.22461,0.0683594,1.00075,4.61236e-07,0.476872,1,0
5.16602,0.0878906,1.00075,7.61957e-07,0.482727,1,0
5.16602,0.107422,1.00075,9.38816e-07,0.482727,1,0
5.18555,0.0878906,1.00075,7.19048e-07,0.480775,1,0
5.18555,0.107422,1.00075,8.78942e-07,0.480775,1,0
5.16602,0.126953,1.00075,1.07e-06,0.482727,1,0
5.16602,0.146484,1.00075,1.15354e-06,0.482727,1,0
5.18555,0.126953,1.00075,9.91778e-07,0.480775,1,0
5.18555,0.146484,1.00075,1.05617e-06,0.480775,1,0
5.20508,0.0878906,1.00075,6.70634e-07,0.478823,1,0
5.20508,0.107422,1.00075,8.16258e-07,0.478823,1,0
5.22461,0.0878906,1.00075,6.16464e-07,0.476872,1,0
5.22461,0.107422,1.00075,7.49526e-07,0.476872,1,0
5.20508,0.126953,1.00075,9.15343e-07,0.478823,1,0
5.20508,0.146484,1.00075,9.66639e-07,0.478823,1,0
5.22461,0.126953,1.00075,8.38187e-07,0.476872,1,0
5.22461,0.146484,1.00075,8.81004e-07,0.476872,1,0
5.24414,0.00976562,1.00075,5.18197e-08,0.47492,1,0
5.24414,0.0292969,1.00075,1.43807e-07,0.47492,1,0
5.26367,0.00976562,1.00075,4.46892e-08,0.472968,1,0
5.26367,0.0292969,1.00075,1.25138e-07,0.472968,1,0
5.24414,0.0488281,1.00075,2.65664e-07,0.47492,1,0
5.24414,0.0683594,1.00075,4.15769e-07,0.47492,1,0
5.26367,0.0488281,1.00075,2.33578e-07,0.472968,1,0
5.26367,0.0683594,1.00075,3.68087e-07,0.472968,1,0
5.2832,0.00976562,1.00075,3.79754e-08,0.471017,1,0
5.2832,0.0292969,1.00075,1.07027e-07,0.471017,1,0
5.30273,0.00976562,1.00075,3.19382e-08,0.469065,1,0
5.30273,0.0292969,1.00075,9.03115e-08,0.469065,1,0
5.2832,0.0488281,1.00075,2.0177e-07,0.471017,1,0
5.2832,0.0683594,1.00075,3.20512e-07,0.471017,1,0
5.30273,0.0488281,1.00075,1.71766e-07,0.469065,1,0
5.30273,0.0683594,1.00075,2.75178e-07,0.469065,1,0
5.24414,0.0878906,1.00075,5.57702e-07,0.47492,1,0
5.24414,0.107422,1.00075,6.79182e-07,0.47492,1,0
5.26367,0.0878906,1.00075,4.96453e-07,0.472968,1,0
5.26367,0.107422,1.00075,6.06874e-07,0.472968,1,0
5.24414,0.126953,1.00075,7.59635e-07,0.47492,1,0
5.24414,0.146484,1.00075,7.97231e-07,0.47492,1,0
5.26367,0.126953,1.00075,6.80447e-07,0.472968,1,0
5.26367,0.146484,1.00075,7.14883e-07,0.472968,1,0
5.2832,0.0878906,1.00075,4.35242e-07,0.471017,1,0
5.2832,0.107422,1.00075,5.34909e-07,0.471017,1,0
5.30273,0.0878906,1.00075,3.76526e-07,0.469065,1,0
5.30273,0.107422,1.00075,4.65719e-07,0.469065,1,0
5.2832,0.126953,1.00075,6.02292e-07,0.471017,1,0
5.2832,0.146484,1.00075,6.34667e-07,0.471017,1,0
5.30273,0.126953,1.00075,5.27201e-07,0.469065,1,0
5.30273,0.146484,1.00075,5.57916e-07,0.469065,1,0
5.16602,0.166016,1.00074,1.18172e-06,0.482727,1,0
5.16602,0.185547,1.00073,1.15786e-06,0.482727,1,0
5.18555,0.166016,1.00074,1.06645e-06,0.480775,1,0
5.18555,0.185547,1.00073,1.02772e-06,0.480775,1,0
5.16602,0.205078,1.0007,1.08025e-06,0.482727,1,0
5.16602,0.224609,1.00063,9.51805e-07,0.482727,1,0
5.18555,0.205078,1.0007,9.40962e-07,0.480775,1,0
5.18555,0.224609,1.00063,8.11528e-07,0.480775,1,0
5.20508,0.166016,1.00074,9.65865e-07,0.478823,1,0
5.20508,0.185547,1.00073,9.19149e-07,0.478823,1,0
5.22461,0.166016,1.00074,8.74546e-07,0.476872,1,0
5.22461,0.185547,1.00073,8.25286e-07,0.476872,1,0
5.20508,0.205078,1.0007,8.29326e-07,0.478823,1,0
5.20508,0.224609,1.00063,7.03335e-07,0.478823,1,0
5.22461,0.205078,1.0007,7.37177e-07,0.476872,1,0
5.22461,0.224609,1.00063,6.17996e-07,0.476872,1,0
5.16602,0.244141,1.00045,7.74966e-07,0.482727,1,0
5.16602,0.263672,1.00006,5.59445e-07,0.482727,1,0
5.18555,0.244141,1.00045,6.44093e-07,0.480775,1,0
5.18555,0.263672,1.00006,4.49447e-07,0.480775,1,0
5.16602,0.283203,0.999194,3.23631e-07,0.482727,1,0
5.16602,0.302734,0.997383,9.76834e-08,0.482727,1,0
5.18555,0.283203,0.999194,2.448e-07,0.480775,1,0
5.18555,0.302734,0.997384,5.52106e-08,0.480775,1,0
5.20508,0.244141,1.00045,5.4732e-07,0.478823,1,0
5.20508,0.263672,1.00006,3.72484e-07,0.478823,1,0
5.22461,0.244141,1.00045,4.74709e-07,0.476872,1,0
5.22461,0.263672,1.00006,3.18373e-07,0.476872,1,0
5.20508,0.283203,0.999194,1.9441e-07,0.478823,1,0
5.20508,0.302734,0.997384,3.37512e-08,0.478823,1,0
5.22461,0.283203,0.999194,1.62797e-07,0.476872,1,0
5.22461,0.302734,0.997384,2.50129e-08,0.476872,1,0
5.24414,0.166016,1.00074,7.88965e-07,0.47492,1,0
5.24414,0.185547,1.00073,7.41127e-07,0.47492,1,0
5.26367,0.166016,1.00074,7.07311e-07,0.472968,1,0
5.26367,0.185547,1.00073,6.63469e-07,0.472968,1,0
5.24414,0.205078,1.0007,6.58168e-07,0.47492,1,0
5.24414,0.224609,1.00063,5.48104e-07,0.47492,1,0
5.26367,0.205078,1.0007,5.87833e-07,0.472968,1,0
5.26367,0.224609,1.00063,4.88203e-07,0.472968,1,0
5.2832,0.166016,1.00074,6.29132e-07,0.471017,1,0
5.2832,0.185547,1.00073,5.90654e-07,0.471017,1,0
5.30273,0.166016,1.00074,5.54868e-07,0.469065,1,0
5.30273,0.185547,1.00073,5.22167e-07,0.469065,1,0
5.2832,0.205078,1.0007,5.23409e-07,0.471017,1,0
5.2832,0.224609,1.00063,4.34674e-07,0.471017,1,0
5.30273,0.205078,1.0007,4.63499e-07,0.469065,1,0
5.30273,0.224609,1.00063,3.85436e-07,0.469065,1,0
5.24414,0.244141,1.00045,4.18184e-07,0.47492,1,0
5.24414,0.263672,1.00006,2.78918e-07,0.47492,1,0
5.26367,0.244141,1.00045,3.71702e-07,0.472968,1,0
5.26367,0.263672,1.00006,2.48041e-07,0.472968,1,0
5.24414,0.283203,0.999195,1.42393e-07,0.47492,1,0
5.24414,0.302734,0.997384,2.27614e-08,0.47492,1,0
5.26367,0.283203,0.999195,1.27752e-07,0.472968,1,0
5.26367,0.302734,0.997384,2.27392e-08,0.472969,1,0
5.2832,0.244141,1.00045,3.31162e-07,0.471017,1,0
5.2832,0.263672,1.00006,2.2166e-07,0.471017,1,0
5.30273,0.244141,1.00045,2.94115e-07,0.469065,1,0
5.30273,0.263672,1.00006,1.97372e-07,0.469065,1,0
5.2832,0.283203,0.999195,1.15351e-07,0.471017,1,0
5.2832,0.302734,0.997384,2.23982e-08,0.471017,1,0
5.30273,0.283203,0.999195,1.03239e-07,0.469065,1,0
5.30273,0.302734,0.997384,2.05229e-08,0.469065,1,0
5.00977,0.322266,0.993732,1.52204e-06,0.49834,1,0
5.00977,0.341797,0.986678,6.46546e-07,0.49834,1,0
5.0293,0.322266,0.993733,1.08859e-06,0.496388,1,0
5.0293,0.341797,0.986679,3.7466e-07,0.496388,1,0
5.00977,0.361328,0.973593,2.41568e-08,0.49834,1,0
5.00977,0.380859,0.950306,-2.58599e-07,0.49834,1,0
5.0293,0.361328,0.973593,-1.04229e-07,0.496388,1,0
5.0293,0.380859,0.950306,-2.90737e-07,0.496388,1,0
5.04883,0.322266,0.993733,7.35199e-07,0.494437,1,0
5.04883,0.341797,0.986679,1.64568e-07,0.494437,1,0
5.06836,0.322266,0.993734,4.57399e-07,0.492485,1,0
5.06836,0.341797,0.98668,1.06398e-08,0.492485,1,0
5.04883,0.361328,0.973593,-1.91953e-07,0.494437,1,0
5.04883,0.380859,0.950306,-3.02692e-07,0.494437,1,0
5.06836,0.361328,0.973593,-2.45182e-07,0.492485,1,0
5.06836,0.380859,0.950306,-2.99623e-07,0.492485,1,0
5.00977,0.400391,0.910552,-2.68687e-07,0.49834,1,0
5.00977,0.419922,0.845428,-1.84044e-07,0.49834,1,0
5.0293,0.400391,0.910552,-2.63794e-07,0.496388,1,0
5.0293,0.419922,0.845428,-1.75665e-07,0.496388,1,0
5.00977,0.439453,0.742978,-1.06237e-07,0.49834,1,0
5.00977,0.458984,0.588051,-5.59353e-08,0.49834,1,0
5.0293,0.439453,0.742978,-1.01407e-07,0.496388,1,0
5.0293,0.458984,0.588051,-5.36267e-08,0.496388,1,0
5.04883,0.400391,0.910552,-2.52024e-07,0.494437,1,0
5.04883,0.419922,0.845428,-1.64755e-07,0.494437,1,0
5.06836,0.400391,0.910552,-2.35582e-07,0.492485,1,0
5.06836,0.419922,0.845428,-1.5237e-07,0.492485,1,0
5.04883,0.439453,0.742978,-9.53452e-08,0.494437,1,0
5.04883,0.458984,0.588051,-5.05766e-08,0.494437,1,0
5.06836,0.439453,0.742978,-8.85048e-08,0.492485,1,0
5.06836,0.458984,0.588051,-4.70358e-08,0.492485,1,0
5.08789,0.322266,0.993734,2.48433e-07,0.490533,1,0
5.08789,0.341797,0.98668,-9.43963e-08,0.490533,1,0
5.10742,0.322266,0.993735,9.98694e-08,0.488582,1,0
5.10742,0.341797,0.98668,-1.58824e-07,0.488582,1,0
5.08789,0.361328,0.973594,-2.70604e-07,0.490533,1,0
5.08789,0.380859,0.950306,-2.86046e-07,0.490533,1,0
5.10742,0.361328,0.973594,-2.75087e-07,0.488582,1,0
5.10742,0.380859,0.950306,-2.65731e-07,0.488582,1,0
5.12695,0.322266,0.993735,1.96147e-09,0.48663,1,0
5.12695,0.341797,0.986681,-1.91203e-07,0.48663,1,0
5.14648,0.322266,0.993735,-5.58877e-08,0.484678,1,0
5.14648,0.341797,0.986681,-1.99957e-07,0.484678,1,0
5.12695,0.361328,0.973594,-2.64946e-07,0.48663,1,0
5.12695,0.380859,0.950306,-2.41719e-07,0.48663,1,0
5.14648,0.361328,0.973594,-2.45508e-07,0.484678,1,0
5.14648,0.380859,0.950306,-2.16354e-07,0.484678,1,0
5.08789,0.400391,0.910552,-2.16444e-07,0.490533,1,0
5.08789,0.419922,0.845428,-1.39377e-07,0.490533,1,0
5.10742,0.400391,0.910552,-1.96251e-07,0.488582,1,0
5.10742,0.419922,0.845428,-1.26411e-07,0.488582,1,0
5.08789,0.439453,0.742978,-8.12902e-08,0.490533,1,0
5.08789,0.458984,0.588051,-4.32237e-08,0.490533,1,0
5.10742,0.439453,0.742978,-7.40328e-08,0.488582,1,0
5.10742,0.458984,0.588051,-3.93336e-08,0.488582,1,0
5.12695,0.400391,0.910552,-1.76201e-07,0.48663,1,0
5.12695,0.419922,0.845428,-1.13912e-07,0.48663,1,0
5.14648,0.400391,0.910552,-1.57086e-07,0.484678,1,0
5.14648,0.419922,0.845428,-1.02163e-07,0.484678,1,0
5.12695,0.439453,0.742978,-6.69782e-08,0.48663,1,0
5.12695,0.458984,0.588051,-3.55009e-08,0.48663,1,0
5.14648,0.439453,0.742978,-6.02976e-08,0.484678,1,0
5.14648,0.458984,0.588051,-3.18387e-08,0.484678,1,0
5.00977,0.478516,0.362539,-1.96689e-08,0.49834,1,0
5.00977,0.498047,0.0460395,-5.26786e-10,0.49834,0.6,0
5.0293,0.478516,0.362539,-1.89497e-08,0.496388,1,0
5.0293,0.498047,0.0460395,-8.84557e-10,0.496388,0.6,0
5.04883,0.478516,0.362539,-1.7922e-08,0.494437,1,0
5.04883,0.498047,0.0460395,-1.11561e-09,0.494437,0.6,0
5.06836,0.478516,0.362539,-1.6669e-08,0.492485,1,0
5.06836,0.498047,0.0460395,-1.23506e-09,0.492485,0.6,0
5.08789,0.478516,0.362539,-1.52816e-08,0.490533,1,0
5.08789,0.498047,0.0460395,-1.26273e-09,0.490533,0.6,0
5.10742,0.478516,0.362539,-1.38299e-08,0.488582,1,0
5.10742,0.498047,0.0460395,-1.21744e-09,0.488582,0.6,0
5.12695,0.478516,0.362539,-1.23806e-08,0.48663,1,0
5.12695,0.498047,0.0460394,-1.1181e-09,0.48663,0.6,0
5.14648,0.478516,0.362539,-1.09733e-08,0.484678,1,0
5.14648,0.498047,0.0460394,-9.79081e-10,0.484678,0.6,0
5.16602,0.322266,0.993735,-8.41408e-08,0.482727,1,0
5.16602,0.341797,0.986681,-1.92889e-07,0.482727,1,0
5.18555,0.322266,0.993735,-9.22693e-08,0.480775,1,0
5.18555,0.341797,0.986681,-1.76635e-07,0.480775,1,0
5.16602,0.361328,0.973594,-2.21165e-07,0.482727,1,0
5.16602,0.380859,0.950306,-1.91438e-07,0.482727,1,0
5.18555,0.361328,0.973594,-1.95378e-07,0.480775,1,0
5.18555,0.380859,0.950306,-1.68274e-07,0.480775,1,0
5.20508,0.322266,0.993736,-8.82367e-08,0.478823,1,0
5.20508,0.341797,0.986681,-1.56352e-07,0.478823,1,0
5.22461,0.322266,0.993736,-7.82205e-08,0.476872,1,0
5.22461,0.341797,0.986681,-1.3572e-07,0.476872,1,0
5.20508,0.361328,0.973594,-1.70632e-07,0.478823,1,0
5.20508,0.380859,0.950306,-1.47681e-07,0.478823,1,0
5.22461,0.361328,0.973594,-1.48506e-07,0.476872,1,0
5.22461,0.380859,0.950306,-1.30051e-07,0.476872,1,0
5.16602,0.400391,0.910552,-1.39431e-07,0.482727,1,0
5.16602,0.419922,0.845428,-9.13746e-08,0.482727,1,0
5.18555,0.400391,0.910552,-1.23594e-07,0.480775,1,0
5.18555,0.419922,0.845428,-8.16911e-08,0.480775,1,0
5.16602,0.439453,0.742978,-5.41178e-08,0.482727,1,0
5.16602,0.458984,0.588051,-2.8418e-08,0.482727,1,0
5.18555,0.439453,0.742978,-4.85298e-08,0.480775,1,0
5.18555,0.458984,0.588051,-2.5307e-08,0.480775,1,0
5.20508,0.400391,0.910552,-1.09763e-07,0.478823,1,0
5.20508,0.419922,0.845428,-7.32021e-08,0.478823,1,0
5.22461,0.400391,0.910552,-9.79846e-08,0.476872,1,0
5.22461,0.419922,0.845428,-6.59138e-08,0.476872,1,0
5.20508,0.439453,0.742978,-4.35886e-08,0.478823,1,0
5.20508,0.458984,0.588051,-2.25316e-08,0.478823,1,0
5.22461,0.439453,0.742978,-3.93096e-08,0.476872,1,0
5.22461,0.458984,0.588051,-2.01186e-08,0.476872,1,0
5.24414,0.322266,0.993736,-6.65786e-08,0.47492,1,0
5.24414,0.341797,0.986681,-1.17071e-07,0.47492,1,0
5.26367,0.322266,0.993736,-5.6024e-08,0.472969,1,0
5.26367,0.341797,0.986681,-1.01604e-07,0.472969,1,0
5.24414,0.361328,0.973594,-1.29795e-07,0.47492,1,0
5.24414,0.380859,0.950306,-1.15438e-07,0.47492,1,0
5.26367,0.361328,0.973594,-1.14681e-07,0.472969,1,0
5.26367,0.380859,0.950306,-1.03642e-07,0.472969,1,0
5.2832,0.322266,0.993736,-4.79319e-08,0.471017,1,0
5.2832,0.341797,0.986681,-8.96586e-08,0.471017,1,0
5.30273,0.322266,0.993736,-4.27036e-08,0.469065,1,0
5.30273,0.341797,0.986681,-8.10109e-08,0.469065,1,0
5.2832,0.361328,0.973594,-1.02923e-07,0.471017,1,0
5.2832,0.380859,0.950305,-9.43138e-08,0.471017,1,0
5.30273,0.361328,0.973594,-9.40403e-08,0.469065,1,0
5.30273,0.380859,0.950305,-8.70346e-08,0.469065,1,0
5.24414,0.400391,0.910552,-8.81719e-08,0.47492,1,0
5.24414,0.419922,0.845428,-5.97871e-08,0.47492,1,0
5.26367,0.400391,0.910552,-8.01546e-08,0.472969,1,0
5.26367,0.419922,0.845428,-5.47174e-08,0.472969,1,0
5.24414,0.439453,0.742978,-3.56775e-08,0.47492,1,0
5.24414,0.458984,0.588051,-1.80513e-08,0.47492,1,0
5.26367,0.439453,0.742978,-3.26459e-08,0.472969,1,0
5.26367,0.458984,0.588051,-1.63226e-08,0.472969,1,0
5.2832,0.400391,0.910552,-7.36915e-08,0.471017,1,0
5.2832,0.419922,0.845428,-5.05872e-08,0.471017,1,0
5.30273,0.400391,0.910552,-6.85356e-08,0.469065,1,0
5.30273,0.419922,0.845428,-4.72464e-08,0.469065,1,0
5.2832,0.439453,0.742978,-3.0153e-08,0.471017,1,0
5.2832,0.458984,0.588051,-1.48867e-08,0.471017,1,0
5.30273,0.439453,0.742978,-2.81229e-08,0.469065,1,0
5.30273,0.458984,0.588051,-1.37199e-08,0.469065,1,0
5.16602,0.478516,0.362539,-9.64998e-09,0.482727,1,0
5.16602,0.498047,0.0460394,-8.1571e-10,0.482727,0.6,0
5.18555,0.478516,0.362539,-8.42922e-09,0.480775,1,0
5.18555,0.498047,0.0460394,-6.38174e-10,0.480775,0.6,0
5.20508,0.478516,0.362539,-7.33548e-09,0.478823,1,0
5.20508,0.498047,0.0460394,-4.58556e-10,0.478823,0.6,0
5.22461,0.478516,0.362539,-6.36897e-09,0.476872,1,0
5.22461,0.498047,0.0460394,-2.82383e-10,0.476872,0.6,0
5.24414,0.478516,0.362539,-5.53872e-09,0.47492,1,0
5.24414,0.498047,0.0460394,-1.18105e-10,0.47492,0.6,0
5.26367,0.478516,0.362539,-4.83041e-09,0.472969,1,0
5.26367,0.498047,0.0460394,3.3424e-11,0.472969,0.6,0
5.2832,0.478516,0.362539,-4.24263e-09,0.471017,1,0
5.2832,0.498047,0.0460394,1.67039e-10,0.471017,0.6,0
5.30273,0.478516,0.362539,-3.75296e-09,0.469065,1,0
5.30273,0.498047,0.0460394,2.85631e-10,0.469065,0.6,0
5.32227,0.00976562,1.00075,2.67287e-08,0.467114,1,0
5.32227,0.0292969,1.00075,7.55556e-08,0.467114,1,0
5.3418,0.00976562,1.00075,2.23926e-08,0.465162,1,0
5.3418,0.0292969,1.00075,6.30323e-08,0.465162,1,0
5.32227,0.0488281,1.00075,1.44696e-07,0.467114,1,0
5.32227,0.0683594,1.00075,2.3375e-07,0.467114,1,0
5.3418,0.0488281,1.00075,1.2122e-07,0.465162,1,0
5.3418,0.0683594,1.00075,1.97279e-07,0.465162,1,0
5.36133,0.00976562,1.00075,1.88886e-08,0.46321,1,0
5.36133,0.0292969,1.00075,5.27528e-08,0.46321,1,0
5.38086,0.00976562,1.00075,1.6116e-08,0.461259,1,0
5.38086,0.0292969,1.00075,4.45306e-08,0.461259,1,0
5.36133,0.0488281,1.00075,1.01537e-07,0.46321,1,0
5.36133,0.0683594,1.00075,1.66192e-07,0.46321,1,0
5.38086,0.0488281,1.00075,8.54748e-08,0.461259,1,0
5.38086,0.0683594,1.00075,1.40375e-07,0.461259,1,0
5.32227,0.0878906,1.00075,3.22328e-07,0.467114,1,0
5.32227,0.107422,1.00075,4.01421e-07,0.467114,1,0
5.3418,0.0878906,1.00075,2.74013e-07,0.465162,1,0
5.3418,0.107422,1.00075,3.43535e-07,0.465162,1,0
5.32227,0.126953,1.00075,4.57101e-07,0.467114,1,0
5.32227,0.146484,1.00075,4.86117e-07,0.467114,1,0
5.3418,0.126953,1.00075,3.93474e-07,0.465162,1,0
5.3418,0.146484,1.00075,4.20535e-07,0.465162,1,0
5.36133,0.0878906,1.00075,2.32231e-07,0.46321,1,0
5.36133,0.107422,1.00075,2.92869e-07,0.46321,1,0
5.38086,0.0878906,1.00075,1.96986e-07,0.461259,1,0
5.38086,0.107422,1.00075,2.49547e-07,0.461259,1,0
5.36133,0.126953,1.00075,3.3719e-07,0.46321,1,0
5.36133,0.146484,1.00075,3.6199e-07,0.46321,1,0
5.38086,0.126953,1.00075,2.88479e-07,0.461259,1,0
5.38086,0.146484,1.00075,3.10772e-07,0.461259,1,0
5.40039,0.00976562,1.00075,1.39443e-08,0.459307,1,0
5.40039,0.0292969,1.00075,3.80595e-08,0.459307,1,0
5.41992,0.00976562,1.00075,1.22385e-08,0.457355,1,0
5.41992,0.0292969,1.00075,3.29879e-08,0.457355,1,0
5.40039,0.0488281,1.00075,7.26099e-08,0.459307,1,0
5.40039,0.0683594,1.00075,1.19326e-07,0.459307,1,0
5.41992,0.0488281,1.00075,6.23902e-08,0.457355,1,0
5.41992,0.0683594,1.00075,1.02325e-07,0.457355,1,0
5.43945,0.00976562,1.00075,1.08773e-08,0.455404,1,0
5.43945,0.0292969,1.00075,2.89773e-08,0.455404,1,0
5.45898,0.00976562,1.00075,9.76325e-09,0.453452,1,0
5.45898,0.0292969,1.00075,2.57405e-08,0.453452,1,0
5.43945,0.0488281,1.00075,5.42455e-08,0.455404,1,0
5.43945,0.0683594,1.00075,8.85868e-08,0.455404,1,0
5.45898,0.0488281,1.00075,4.76634e-08,0.453452,1,0
5.45898,0.0683594,1.00075,7.73781e-08,0.453452,1,0
5.40039,0.0878906,1.00075,1.67788e-07,0.459307,1,0
5.40039,0.107422,1.00075,2.13146e-07,0.459307,1,0
5.41992,0.0878906,1.00075,1.43842e-07,0.457355,1,0
5.41992,0.107422,1.00075,1.82879e-07,0.457355,1,0
5.40039,0.126953,1.00075,2.47026e-07,0.459307,1,0
5.40039,0.146484,1.00075,2.66681e-07,0.459307,1,0
5.41992,0.126953,1.00075,2.12127e-07,0.457355,1,0
5.41992,0.146484,1.00075,2.2914e-07,0.457355,1,0
5.43945,0.0878906,1.00075,1.24235e-07,0.455404,1,0
5.43945,0.107422,1.00075,1.57791e-07,0.455404,1,0
5.45898,0.0878906,1.00075,1.08078e-07,0.453452,1,0
5.45898,0.107422,1.00075,1.36915e-07,0.453452,1,0
5.43945,0.126953,1.00075,1.82874e-07,0.455404,1,0
5.43945,0.146484,1.00075,1.97346e-07,0.455404,1,0
5.45898,0.126953,1.00075,1.5831e-07,0.453452,1,0
5.45898,0.146484,1.00075,1.70417e-07,0.453452,1,0
5.32227,0.166016,1.00074,4.85393e-07,0.467114,1,0
5.32227,0.185547,1.00073,4.58199e-07,0.467114,1,0
5.3418,0.166016,1.00074,4.21618e-07,0.465162,1,0
5.3418,0.185547,1.00073,3.99244e-07,0.465162,1,0
5.32227,0.205078,1.0007,4.07654e-07,0.467114,1,0
5.32227,0.224609,1.00063,3.39549e-07,0.467114,1,0
5.3418,0.205078,1.0007,3.55966e-07,0.465162,1,0
5.3418,0.224609,1.00063,2.96797e-07,0.465162,1,0
5.36133,0.166016,1.00074,3.64223e-07,0.46321,1,0
5.36133,0.185547,1.00073,3.45789e-07,0.46321,1,0
5.38086,0.166016,1.00074,3.13512e-07,0.461259,1,0
5.38086,0.185547,1.00073,2.98116e-07,0.461259,1,0
5.36133,0.205078,1.0007,3.08726e-07,0.46321,1,0
5.36133,0.224609,1.00063,2.57335e-07,0.46321,1,0
5.38086,0.205078,1.0007,2.66189e-07,0.461259,1,0
5.38086,0.224609,1.00063,2.21416e-07,0.461259,1,0
5.32227,0.244141,1.00045,2.59371e-07,0.467114,1,0
5.32227,0.263672,1.00006,1.74046e-07,0.467114,1,0
5.3418,0.244141,1.00045,2.26581e-07,0.465162,1,0
5.3418,0.263672,1.00006,1.51392e-07,0.465162,1,0
5.32227,0.283203,0.999195,9.062e-08,0.467114,1,0
5.32227,0.302734,0.997384,1.68194e-08,0.467114,1,0
5.3418,0.283203,0.999195,7.74173e-08,0.465162,1,0
5.3418,0.302734,0.997384,1.15347e-08,0.465162,1,0
5.36133,0.244141,1.00045,1.95857e-07,0.46321,1,0
5.36133,0.263672,1.00006,1.29562e-07,0.46321,1,0
5.38086,0.244141,1.00045,1.67448e-07,0.461259,1,0
5.38086,0.263672,1.00006,1.08857e-07,0.461259,1,0
5.36133,0.283203,0.999195,6.39227e-08,0.46321,1,0
5.36133,0.302734,0.997384,5.16262e-09,0.46321,1,0
5.38086,0.283203,0.999195,5.05711e-08,0.461259,1,0
5.38086,0.302734,0.997384,-1.75025e-09,0.461259,1,0
5.40039,0.166016,1.00074,2.69393e-07,0.459307,1,0
5.40039,0.185547,1.00073,2.56223e-07,0.459307,1,0
5.41992,0.166016,1.00074,2.31433e-07,0.457355,1,0
5.41992,0.185547,1.00073,2.19822e-07,0.457355,1,0
5.40039,0.205078,1.0007,2.28437e-07,0.459307,1,0
5.40039,0.224609,1.00063,1.8918e-07,0.459307,1,0
5.41992,0.205078,1.0007,1.95315e-07,0.457355,1,0
5.41992,0.224609,1.00063,1.60585e-07,0.457355,1,0
5.43945,0.166016,1.00074,1.98974e-07,0.455404,1,0
5.43945,0.185547,1.00073,1.8841e-07,0.455404,1,0
5.45898,0.166016,1.00074,1.71255e-07,0.453452,1,0
5.45898,0.185547,1.00073,1.61372e-07,0.453452,1,0
5.43945,0.205078,1.0007,1.66473e-07,0.455404,1,0
5.43945,0.224609,1.00063,1.35457e-07,0.455404,1,0
5.45898,0.205078,1.0007,1.41466e-07,0.453452,1,0
5.45898,0.224609,1.00063,1.1352e-07,0.453452,1,0
5.40039,0.244141,1.00045,1.41554e-07,0.459307,1,0
5.40039,0.263672,1.00006,8.96014e-08,0.459307,1,0
5.41992,0.244141,1.00045,1.18289e-07,0.457355,1,0
5.41992,0.263672,1.00006,7.20633e-08,0.457355,1,0
5.40039,0.283203,0.999195,3.78035e-08,0.459307,1,0
5.40039,0.302734,0.997385,-8.72715e-09,0.459307,1,0
5.41992,0.283203,0.999195,2.59564e-08,0.457355,1,0
5.41992,0.302734,0.997385,-1.5425e-08,0.457355,1,0
5.43945,0.244141,1.00045,9.76601e-08,0.455404,1,0
5.43945,0.263672,1.00006,5.63652e-08,0.455404,1,0
5.45898,0.244141,1.00045,7.95341e-08,0.453452,1,0
5.45898,0.263672,1.00006,4.24784e-08,0.453452,1,0
5.43945,0.283203,0.999195,1.52152e-08,0.455404,1,0
5.43945,0.302734,0.997385,-2.16406e-08,0.455404,1,0
5.45898,0.283203,0.999195,5.62677e-09,0.453452,1,0
5.45898,0.302734,0.997385,-2.72855e-08,0.453452,1,0
5.47852,0.00976562,1.00075,8.82538e-09,0.4515,1,0
5.47852,0.0292969,1.00075,2.30571e-08,0.4515,1,0
5.49805,0.00976562,1.00075,8.01657e-09,0.449549,1,0
5.49805,0.0292969,1.00075,2.07738e-08,0.449549,1,0
5.47852,0.0488281,1.00075,4.22306e-08,0.4515,1,0
5.47852,0.0683594,1.00075,6.80841e-08,0.4515,1,0
5.49805,0.0488281,1.00075,3.76432e-08,0.449549,1,0
5.49805,0.0683594,1.00075,6.02351e-08,0.449549,1,0
5.51758,0.00976562,1.00075,7.30805e-09,0.447597,1,0
5.51758,0.0292969,1.00075,1.87926e-08,0.447597,1,0
5.53711,0.00976562,1.00075,6.68322e-09,0.445645,1,0
5.53711,0.0292969,1.00075,1.7055e-08,0.445645,1,0
5.51758,0.0488281,1.00075,3.36959e-08,0.447597,1,0
5.51758,0.0683594,1.00075,5.34991e-08,0.447597,1,0
5.53711,0.0488281,1.00075,3.02582e-08,0.445645,1,0
5.53711,0.0683594,1.00075,4.7654e-08,0.445645,1,0
5.47852,0.0878906,1.00075,9.46006e-08,0.4515,1,0
5.47852,0.107422,1.00075,1.19387e-07,0.4515,1,0
5.49805,0.0878906,1.00075,8.3194e-08,0.449549,1,0
5.49805,0.107422,1.00075,1.04502e-07,0.449549,1,0
5.47852,0.126953,1.00075,1.3755e-07,0.4515,1,0
5.47852,0.146484,1.00075,1.47514e-07,0.4515,1,0
5.49805,0.126953,1.00075,1.19853e-07,0.449549,1,0
5.49805,0.146484,1.00075,1.27908e-07,0.449549,1,0
5.51758,0.0878906,1.00075,7.34098e-08,0.447597,1,0
5.51758,0.107422,1.00075,9.17223e-08,0.447597,1,0
5.53711,0.0878906,1.00075,6.49349e-08,0.445645,1,0
5.53711,0.107422,1.00075,8.06577e-08,0.445645,1,0
5.51758,0.126953,1.00075,1.04634e-07,0.447597,1,0
5.51758,0.146484,1.00075,1.11011e-07,0.447597,1,0
5.53711,0.126953,1.00075,9.14547e-08,0.445645,1,0
5.53711,0.146484,1.00075,9.63658e-08,0.445646,1,0
5.55664,0.00976562,1.00075,6.13211e-09,0.443694,1,0
5.55664,0.0292969,1.00075,1.55267e-08,0.443694,1,0
5.57617,0.00976562,1.00075,5.64757e-09,0.441742,1,0
5.57617,0.0292969,1.00075,1.41854e-08,0.441742,1,0
5.55664,0.0488281,1.00075,2.72495e-08,0.443694,1,0
5.55664,0.0683594,1.00075,4.25544e-08,0.443694,1,0
5.57617,0.0488281,1.00075,2.46168e-08,0.441742,1,0
5.57617,0.0683594,1.00075,3.81011e-08,0.441742,1,0
5.5957,0.00976562,1.00075,5.22305e-09,0.439791,1,0
5.5957,0.0292969,1.00075,1.30127e-08,0.439791,1,0
5.61523,0.00976562,1.00075,4.85176e-09,0.437839,1,0
5.61523,0.0292969,1.00075,1.19906e-08,0.437839,1,0
5.5957,0.0488281,1.00075,2.23199e-08,0.439791,1,0
5.5957,0.0683594,1.00075,3.42192e-08,0.439791,1,0
5.61523,0.0488281,1.00075,2.03222e-08,0.437839,1,0
5.61523,0.0683594,1.00075,3.08435e-08,0.437839,1,0
5.55664,0.0878906,1.00075,5.75544e-08,0.443694,1,0
5.55664,0.107422,1.00075,7.10299e-08,0.443694,1,0
5.57617,0.0878906,1.00075,5.11167e-08,0.441742,1,0
5.57617,0.107422,1.00075,6.26356e-08,0.441742,1,0
5.55664,0.126953,1.00075,7.99899e-08,0.443694,1,0
5.55664,0.146484,1.00075,8.36218e-08,0.443694,1,0
5.57617,0.126953,1.00075,6.99938e-08,0.441742,1,0
5.57617,0.146484,1.00075,7.2506e-08,0.441742,1,0
5.5957,0.0878906,1.00075,4.55059e-08,0.439791,1,0
5.5957,0.107422,1.00075,5.53176e-08,0.439791,1,0
5.61523,0.0878906,1.00075,4.06246e-08,0.437839,1,0
5.61523,0.107422,1.00075,4.89455e-08,0.437839,1,0
5.5957,0.126953,1.00075,6.12737e-08,0.439791,1,0
5.5957,0.146484,1.00075,6.28037e-08,0.439791,1,0
5.61523,0.126953,1.00075,5.36719e-08,0.437839,1,0
5.61523,0.146484,1.00075,5.43382e-08,0.437839,1,0
5.47852,0.166016,1.00074,1.4753e-07,0.4515,1,0
5.47852,0.185547,1.00073,1.38087e-07,0.4515,1,0
5.49805,0.166016,1.00074,1.2713e-07,0.449549,1,0
5.49805,0.185547,1.00073,1.17984e-07,0.449549,1,0
5.47852,0.205078,1.0007,1.19813e-07,0.4515,1,0
5.47852,0.224609,1.00063,9.44188e-08,0.4515,1,0
5.49805,0.205078,1.0007,1.01038e-07,0.449549,1,0
5.49805,0.224609,1.00063,7.77776e-08,0.449549,1,0
5.51758,0.166016,1.00074,1.09504e-07,0.447597,1,0
5.51758,0.185547,1.00073,1.00569e-07,0.447597,1,0
5.53711,0.166016,1.00074,9.42086e-08,0.445646,1,0
5.53711,0.185547,1.00073,8.54273e-08,0.445646,1,0
5.51758,0.205078,1.0007,8.47102e-08,0.447597,1,0
5.51758,0.224609,1.00063,6.32414e-08,0.447597,1,0
5.53711,0.205078,1.0007,7.04586e-08,0.445646,1,0
5.53711,0.224609,1.00063,5.05082e-08,0.445646,1,0
5.47852,0.244141,1.00045,6.36765e-08,0.4515,1,0
5.47852,0.263672,1.00006,3.027e-08,0.4515,1,0
5.49805,0.244141,1.00045,4.98102e-08,0.449549,1,0
5.49805,0.263672,1.00006,1.95485e-08,0.449549,1,0
5.47852,0.283203,0.999195,-2.86489e-09,0.4515,1,0
5.47852,0.302734,0.997385,-3.23521e-08,0.4515,1,0
5.49805,0.283203,0.999195,-1.03697e-08,0.449549,1,0
5.49805,0.302734,0.997385,-3.68781e-08,0.449549,1,0
5.51758,0.244141,1.00045,3.76566e-08,0.447597,1,0
5.51758,0.263672,1.00006,1.01145e-08,0.447597,1,0
5.53711,0.244141,1.00045,2.69773e-08,0.445646,1,0
5.53711,0.263672,1.00006,1.79484e-09,0.445646,1,0
5.51758,0.283203,0.999195,-1.70071e-08,0.447597,1,0
5.51758,0.302734,0.997385,-4.0916e-08,0.447597,1,0
5.53711,0.283203,0.999195,-2.28852e-08,0.445646,1,0
5.53711,0.302734,0.997385,-4.45178e-08,0.445646,1,0
5.55664,0.166016,1.00074,8.08912e-08,0.443694,1,0
5.55664,0.185547,1.00073,7.22191e-08,0.443694,1,0
5.57617,0.166016,1.00074,6.92703e-08,0.441742,1,0
5.57617,0.185547,1.00073,6.06759e-08,0.441742,1,0
5.55664,0.205078,1.0007,5.79894e-08,0.443694,1,0
5.55664,0.224609,1.00063,3.93426e-08,0.443694,1,0
5.57617,0.205078,1.0007,4.70734e-08,0.441742,1,0
5.57617,0.224609,1.00063,2.95558e-08,0.441742,1,0
5.5957,0.166016,1.00074,5.91205e-08,0.439791,1,0
5.5957,0.185547,1.00073,5.05798e-08,0.439791,1,0
5.61523,0.166016,1.00074,5.02527e-08,0.437839,1,0
5.61523,0.185547,1.00073,4.17464e-08,0.437839,1,0
5.5957,0.205078,1.0007,3.75203e-08,0.439791,1,0
5.5957,0.224609,1.00063,2.09841e-08,0.439791,1,0
5.61523,0.205078,1.0007,2.91608e-08,0.437839,1,0
5.61523,0.224609,1.00063,1.34773e-08,0.437839,1,0
5.55664,0.244141,1.00045,1.75843e-08,0.443694,1,0
5.55664,0.263672,1.00006,-5.55004e-09,0.443694,1,0
5.57617,0.244141,1.00045,9.32725e-09,0.441742,1,0
5.57617,0.263672,1.00006,-1.20315e-08,0.441742,1,0
5.55664,0.283203,0.999195,-2.80955e-08,0.443694,1,0
5.55664,0.302734,0.997385,-4.77296e-08,0.443694,1,0
5.57617,0.283203,0.999195,-3.27129e-08,0.441742,1,0
5.57617,0.302734,0.997385,-5.05896e-08,0.441742,1,0
5.5957,0.244141,1.00045,2.0766e-09,0.439791,1,0
5.5957,0.263672,1.00006,-1.77422e-08,0.439791,1,0
5.61523,0.244141,1.00045,-4.28551e-09,0.437839,1,0
5.61523,0.263672,1.00006,-2.27647e-08,0.437839,1,0
5.5957,0.283203,0.999195,-3.67973e-08,0.439791,1,0
5.5957,0.302734,0.997385,-5.31281e-08,0.439791,1,0
5.61523,0.283203,0.999196,-4.03998e-08,0.437839,1,0
5.61523,0.302734,0.997385,-5.5371e-08,0.437839,1,0
5.32227,0.322266,0.993736,-4.01223e-08,0.467114,1,0
5.32227,0.341797,0.986681,-7.51283e-08,0.467114,1,0
5.3418,0.322266,0.993736,-3.96563e-08,0.465162,1,0
5.3418,0.341797,0.986681,-7.1372e-08,0.465162,1,0
5.32227,0.361328,0.973594,-8.74631e-08,0.467114,1,0
5.32227,0.380859,0.950305,-8.13896e-08,0.467114,1,0
5.3418,0.361328,0.973594,-8.26375e-08,0.465162,1,0
5.3418,0.380859,0.950305,-7.70036e-08,0.465162,1,0
5.36133,0.322266,0.993736,-4.0681e-08,0.46321,1,0
5.36133,0.341797,0.986681,-6.91322e-08,0.46321,1,0
5.38086,0.322266,0.993736,-4.26213e-08,0.461259,1,0
5.38086,0.341797,0.986681,-6.79067e-08,0.461259,1,0
5.36133,0.361328,0.973594,-7.90885e-08,0.46321,1,0
5.36133,0.380859,0.950305,-7.35714e-08,0.46321,1,0
5.38086,0.361328,0.973594,-7.64495e-08,0.461259,1,0
5.38086,0.380859,0.950305,-7.08559e-08,0.461259,1,0
5.32227,0.400391,0.910552,-6.4432e-08,0.467114,1,0
5.32227,0.419922,0.845428,-4.45664e-08,0.467114,1,0
5.3418,0.400391,0.910552,-6.11688e-08,0.465162,1,0
5.3418,0.419922,0.845428,-4.24094e-08,0.465162,1,0
5.32227,0.439453,0.742978,-2.64824e-08,0.467114,1,0
5.32227,0.458984,0.58805,-1.27667e-08,0.467114,1,0
5.3418,0.439453,0.742978,-2.51577e-08,0.465162,1,0
5.3418,0.458984,0.58805,-1.20043e-08,0.465162,1,0
5.36133,0.400391,0.910552,-5.85532e-08,0.46321,1,0
5.36133,0.419922,0.845428,-4.06772e-08,0.46321,1,0
5.38086,0.400391,0.910552,-5.64497e-08,0.461259,1,0
5.38086,0.419922,0.845428,-3.92689e-08,0.461259,1,0
5.36133,0.439453,0.742978,-2.40888e-08,0.46321,1,0
5.36133,0.458984,0.58805,-1.13815e-08,0.46321,1,0
5.38086,0.439453,0.742978,-2.322e-08,0.461259,1,0
5.38086,0.458984,0.58805,-1.08855e-08,0.461259,1,0
5.40039,0.322266,0.993736,-4.5029e-08,0.459307,1,0
5.40039,0.341797,0.986681,-6.73307e-08,0.459307,1,0
5.41992,0.322266,0.993736,-4.76013e-08,0.457355,1,0
5.41992,0.341797,0.986681,-6.7165e-08,0.457355,1,0
5.40039,0.361328,0.973594,-7.44633e-08,0.459307,1,0
5.40039,0.380859,0.950305,-6.86908e-08,0.459307,1,0
5.41992,0.361328,0.973594,-7.29589e-08,0.457355,1,0
5.41992,0.380859,0.950305,-6.69538e-08,0.457355,1,0
5.43945,0.322266,0.993736,-5.01564e-08,0.455404,1,0
5.43945,0.341797,0.986681,-6.72588e-08,0.455404,1,0
5.45898,0.322266,0.993736,-5.25948e-08,0.453452,1,0
5.45898,0.341797,0.986681,-6.7514e-08,0.453452,1,0
5.43945,0.361328,0.973594,-7.18197e-08,0.455404,1,0
5.43945,0.380859,0.950305,-6.55569e-08,0.455404,1,0
5.45898,0.361328,0.973594,-7.09569e-08,0.453452,1,0
5.45898,0.380859,0.950305,-6.4422e-08,0.453452,1,0
5.40039,0.400391,0.910552,-5.47389e-08,0.459307,1,0
5.40039,0.419922,0.845428,-3.81262e-08,0.459307,1,0
5.41992,0.400391,0.910552,-5.33479e-08,0.457355,1,0
5.41992,0.419922,0.845428,-3.71813e-08,0.457355,1,0
5.40039,0.439453,0.742978,-2.25121e-08,0.459307,1,0
5.40039,0.458984,0.58805,-1.04744e-08,0.459307,1,0
5.41992,0.439453,0.742978,-2.19278e-08,0.457355,1,0
5.41992,0.458984,0.58805,-1.01465e-08,0.457355,1,0
5.43945,0.400391,0.910552,-5.21995e-08,0.455404,1,0
5.43945,0.419922,0.845428,-3.64028e-08,0.455404,1,0
5.45898,0.400391,0.910552,-5.12491e-08,0.453452,1,0
5.45898,0.419922,0.845428,-3.57409e-08,0.453452,1,0
5.43945,0.439453,0.742978,-2.14433e-08,0.455404,1,0
5.43945,0.458984,0.58805,-9.86699e-09,0.455404,1,0
5.45898,0.439453,0.742978,-2.10328e-08,0.453452,1,0
5.45898,0.458984,0.58805,-9.64247e-09,0.453452,1,0
5.32227,0.478516,0.362539,-3.35649e-09,0.467114,1,0
5.32227,0.498047,0.0460394,3.86059e-10,0.467114,0.6,0
5.3418,0.478516,0.362539,-3.02928e-09,0.465162,1,0
5.3418,0.498047,0.0460394,4.73416e-10,0.465162,0.6,0
5.36133,0.478516,0.362539,-2.76825e-09,0.46321,1,0
5.36133,0.498047,0.0460394,5.45144e-10,0.46321,0.6,0
5.38086,0.478516,0.362539,-2.55171e-09,0.461259,1,0
5.38086,0.498047,0.0460394,6.07222e-10,0.461259,0.6,0
5.40039,0.478516,0.362539,-2.38058e-09,0.459307,1,0
5.40039,0.498047,0.0460394,6.56732e-10,0.459307,0.6,0
5.41992,0.478516,0.362539,-2.23613e-09,0.457355,1,0
5.41992,0.498047,0.0460394,6.99884e-10,0.457355,0.6,0
5.43945,0.478516,0.362539,-2.12289e-09,0.455404,1,0
5.43945,0.498047,0.0460394,7.3311e-10,0.455404,0.6,0
5.45898,0.478516,0.362539,-2.02418e-09,0.453452,1,0
5.45898,0.498047,0.0460394,7.62728e-10,0.453452,0.6,0
5.47852,0.322266,0.993736,-5.48679e-08,0.4515,1,0
5.47852,0.341797,0.986681,-6.78619e-08,0.4515,1,0
5.49805,0.322266,0.993736,-5.69563e-08,0.449549,1,0
5.49805,0.341797,0.986681,-6.82519e-08,0.449549,1,0
5.47852,0.361328,0.973594,-7.02968e-08,0.4515,1,0
5.47852,0.380859,0.950305,-6.34869e-08,0.4515,1,0
5.49805,0.361328,0.973594,-6.97779e-08,0.449549,1,0
5.49805,0.380859,0.950305,-6.26952e-08,0.449549,1,0
5.51758,0.322266,0.993736,-5.88559e-08,0.447597,1,0
5.51758,0.341797,0.986681,-6.86479e-08,0.447597,1,0
5.53711,0.322266,0.993736,-6.05719e-08,0.445646,1,0
5.53711,0.341797,0.986681,-6.90272e-08,0.445646,1,0
5.51758,0.361328,0.973594,-6.93534e-08,0.447597,1,0
5.51758,0.380859,0.950305,-6.20099e-08,0.447597,1,0
5.53711,0.361328,0.973594,-6.89911e-08,0.445646,1,0
5.53711,0.380859,0.950305,-6.14009e-08,0.445646,1,0
5.47852,0.400391,0.910552,-5.04382e-08,0.4515,1,0
5.47852,0.419922,0.845428,-3.518e-08,0.4515,1,0
5.49805,0.400391,0.910552,-4.97419e-08,0.449549,1,0
5.49805,0.419922,0.845428,-3.46828e-08,0.449549,1,0
5.47852,0.439453,0.742977,-2.06823e-08,0.4515,1,0
5.47852,0.458984,0.58805,-9.44233e-09,0.4515,1,0
5.49805,0.439453,0.742977,-2.03739e-08,0.449549,1,0
5.49805,0.458984,0.58805,-9.2794e-09,0.449549,1,0
5.51758,0.400391,0.910552,-4.91208e-08,0.447597,1,0
5.51758,0.419922,0.845428,-3.42476e-08,0.447597,1,0
5.53711,0.400391,0.910552,-4.857e-08,0.445646,1,0
5.53711,0.419922,0.845428,-3.38474e-08,0.445646,1,0
5.51758,0.439453,0.742977,-2.01016e-08,0.447597,1,0
5.51758,0.458984,0.58805,-9.12609e-09,0.447597,1,0
5.53711,0.439453,0.742977,-1.98535e-08,0.445646,1,0
5.53711,0.458984,0.58805,-9.00017e-09,0.445646,1,0
5.55664,0.322266,0.993736,-6.21145e-08,0.443694,1,0
5.55664,0.341797,0.986681,-6.93776e-08,0.443694,1,0
5.57617,0.322266,0.993736,-6.34947e-08,0.441742,1,0
5.57617,0.341797,0.986681,-6.96935e-08,0.441742,1,0
5.55664,0.361328,0.973594,-6.86718e-08,0.443694,1,0
5.55664,0.380859,0.950305,-6.08551e-08,0.443694,1,0
5.57617,0.361328,0.973594,-6.8384e-08,0.441742,1,0
5.57617,0.380859,0.950305,-6.03584e-08,0.441742,1,0
5.5957,0.322266,0.993736,-6.47222e-08,0.439791,1,0
5.5957,0.341797,0.986681,-6.99718e-08,0.439791,1,0
5.61523,0.322266,0.993736,-6.58052e-08,0.437839,1,0
5.61523,0.341797,0.986681,-7.02105e-08,0.437839,1,0
5.5957,0.361328,0.973594,-6.81201e-08,0.439791,1,0
5.5957,0.380859,0.950305,-5.99065e-08,0.439791,1,0
5.61523,0.361328,0.973594,-6.78742e-08,0.437839,1,0
5.61523,0.380859,0.950305,-5.94892e-08,0.437839,1,0
5.55664,0.400391,0.910552,-4.80643e-08,0.443694,1,0
5.55664,0.419922,0.845428,-3.34902e-08,0.443694,1,0
5.57617,0.400391,0.910551,-4.76095e-08,0.441742,1,0
5.57617,0.419922,0.845428,-3.31535e-08,0.441742,1,0
5.55664,0.439453,0.742977,-1.96292e-08,0.443694,1,0
5.55664,0.458984,0.58805,-8.87558e-09,0.443694,1,0
5.57617,0.439453,0.742977,-1.94198e-08,0.441742,1,0
5.57617,0.458984,0.58805,-8.77344e-09,0.441742,1,0
5.5957,0.400391,0.910551,-4.71846e-08,0.439791,1,0
5.5957,0.419922,0.845428,-3.28495e-08,0.439791,1,0
5.61523,0.400391,0.910551,-4.67987e-08,0.437839,1,0
5.61523,0.419922,0.845428,-3.25566e-08,0.437839,1,0
5.5957,0.439453,0.742977,-1.92275e-08,0.439791,1,0
5.5957,0.458984,0.58805,-8.66773e-09,0.439791,1,0
5.61523,0.439453,0.742977,-1.90443e-08,0.437839,1,0
5.61523,0.458984,0.58805,-8.58182e-09,0.437839,1,0
5.47852,0.478516,0.362539,-1.94729e-09,0.4515,1,0
5.47852,0.498047,0.0460394,7.84506e-10,0.4515,0.6,0
5.49805,0.478516,0.362539,-1.8769e-09,0.449549,1,0
5.49805,0.498047,0.0460394,8.04825e-10,0.449549,0.6,0
5.51758,0.478516,0.362539,-1.82257e-09,0.447597,1,0
5.51758,0.498047,0.0460394,8.1876e-10,0.447597,0.6,0
5.53711,0.478516,0.362539,-1.76984e-09,0.445646,1,0
5.53711,0.498047,0.0460394,8.32742e-10,0.445646,0.6,0
5.55664,0.478516,0.362539,-1.73003e-09,0.443694,1,0
5.55664,0.498047,0.0460394,8.41201e-10,0.443694,0.6,0
5.57617,0.478516,0.362539,-1.68893e-09,0.441742,1,0
5.57617,0.498047,0.0460394,8.50695e-10,0.441742,0.6,0
5.5957,0.478516,0.362539,-1.65906e-09,0.439791,1,0
5.5957,0.498047,0.0460394,8.5512e-10,0.439791,0.6,0
5.61523,0.478516,0.362539,-1.62603e-09,0.437839,1,0
5.61523,0.498047,0.0460394,8.61254e-10,0.437839,0.6,0
5.63477,0.00976562,1.00075,4.52663e-09,0.435887,1,0
5.63477,0.0292969,1.00075,1.11004e-08,0.435887,1,0
5.6543,0.00976562,1.00075,4.24054e-09,0.433936,1,0
5.6543,0.0292969,1.00075,1.03229e-08,0.433936,1,0
5.63477,0.0488281,1.00075,1.85875e-08,0.435887,1,0
5.63477,0.0683594,1.00075,2.79125e-08,0.435887,1,0
5.6543,0.0488281,1.00075,1.70793e-08,0.433936,1,0
5.6543,0.0683594,1.00075,2.5366e-08,0.433936,1,0
5.67383,0.00976562,1.00075,3.98677e-09,0.431984,1,0
5.67383,0.0292969,1.00075,9.63923e-09,0.431984,1,0
5.69336,0.00976562,1.00075,3.75945e-09,0.430032,1,0
5.69336,0.0292969,1.00075,9.03261e-09,0.430032,1,0
5.67383,0.0488281,1.00075,1.5762e-08,0.431984,1,0
5.67383,0.0683594,1.00075,2.31457e-08,0.431984,1,0
5.69336,0.0488281,1.00075,1.46026e-08,0.430032,1,0
5.69336,0.0683594,1.00075,2.11981e-08,0.430032,1,0
5.63477,0.0878906,1.00075,3.63835e-08,0.435887,1,0
5.63477,0.107422,1.00075,4.34026e-08,0.435887,1,0
5.6543,0.0878906,1.00075,3.26978e-08,0.433936,1,0
5.6543,0.107422,1.00075,3.858e-08,0.433936,1,0
5.63477,0.126953,1.00075,4.70505e-08,0.435887,1,0
5.63477,0.146484,1.00075,4.69551e-08,0.435887,1,0
5.6543,0.126953,1.00075,4.12827e-08,0.433936,1,0
5.6543,0.146484,1.00075,4.05124e-08,0.433936,1,0
5.67383,0.0878906,1.00075,2.9486e-08,0.431984,1,0
5.67383,0.107422,1.00075,3.43744e-08,0.431984,1,0
5.69336,0.0878906,1.00075,2.66726e-08,0.430032,1,0
5.69336,0.107422,1.00075,3.06903e-08,0.430032,1,0
5.67383,0.126953,1.00075,3.62483e-08,0.431984,1,0
5.67383,0.146484,1.00075,3.4878e-08,0.431984,1,0
5.69336,0.126953,1.00075,3.18368e-08,0.430032,1,0
5.69336,0.146484,1.00075,2.99339e-08,0.430032,1,0
5.71289,0.00976562,1.00075,3.55381e-09,0.428081,1,0
5.71289,0.0292969,1.00075,8.48883e-09,0.428081,1,0
5.73242,0.00976562,1.00075,3.3662e-09,0.426129,1,0
5.73242,0.0292969,1.00075,7.99669e-09,0.426129,1,0
5.71289,0.0488281,1.00075,1.35731e-08,0.428081,1,0
5.71289,0.0683594,1.00075,1.94764e-08,0.428081,1,0
5.73242,0.0488281,1.00075,1.26503e-08,0.426129,1,0
5.73242,0.0683594,1.00075,1.7942e-08,0.426129,1,0
5.75195,0.00976562,1.00075,3.19392e-09,0.424177,1,0
5.75195,0.0292969,1.00075,7.54764e-09,0.424177,1,0
5.77148,0.00976562,1.00075,3.03487e-09,0.422226,1,0
5.77148,0.0292969,1.00075,7.1352e-09,0.422226,1,0
5.75195,0.0488281,1.00075,1.18163e-08,0.424177,1,0
5.75195,0.0683594,1.00075,1.65639e-08,0.424177,1,0
5.77148,0.0488281,1.00075,1.10572e-08,0.422226,1,0
5.77148,0.0683594,1.00075,1.53177e-08,0.422226,1,0
5.71289,0.0878906,1.00075,2.41912e-08,0.428081,1,0
5.71289,0.107422,1.00075,2.74442e-08,0.428081,1,0
5.73242,0.0878906,1.00075,2.19868e-08,0.426129,1,0
5.73242,0.107422,1.00075,2.45658e-08,0.426129,1,0
5.71289,0.126953,1.00075,2.79507e-08,0.428081,1,0
5.71289,0.146484,1.00075,2.55756e-08,0.428081,1,0
5.73242,0.126953,1.00075,2.45063e-08,0.426129,1,0
5.73242,0.146484,1.00075,2.17127e-08,0.426129,1,0
5.75195,0.0878906,1.00075,2.00152e-08,0.424177,1,0
5.75195,0.107422,1.00075,2.19968e-08,0.424177,1,0
5.77148,0.0878906,1.00075,1.82404e-08,0.422226,1,0
5.77148,0.107422,1.00075,1.96895e-08,0.422226,1,0
5.75195,0.126953,1.00075,2.14337e-08,0.424177,1,0
5.75195,0.146484,1.00075,1.82683e-08,0.424177,1,0
5.77148,0.126953,1.00075,1.86758e-08,0.422226,1,0
5.77148,0.146484,1.00075,1.51789e-08,0.422226,1,0
5.63477,0.166016,1.00074,4.25022e-08,0.435887,1,0
5.63477,0.185547,1.00073,3.40129e-08,0.435887,1,0
5.6543,0.166016,1.00074,3.57204e-08,0.433936,1,0
5.6543,0.185547,1.00073,2.72354e-08,0.433936,1,0
5.63477,0.205078,1.0007,2.18399e-08,0.435887,1,0
5.63477,0.224609,1.00063,6.89799e-09,0.435887,1,0
5.6543,0.205078,1.0007,1.54202e-08,0.433936,1,0
5.6543,0.224609,1.00063,1.12382e-09,0.433936,1,0
5.67383,0.166016,1.00074,2.97763e-08,0.431984,1,0
5.67383,0.185547,1.00073,2.12892e-08,0.431984,1,0
5.69336,0.166016,1.00074,2.45545e-08,0.430032,1,0
5.69336,0.185547,1.00073,1.60628e-08,0.430032,1,0
5.67383,0.205078,1.0007,9.78204e-09,0.431984,1,0
5.67383,0.224609,1.00063,-3.95379e-09,0.431984,1,0
5.69336,0.205078,1.0007,4.8187e-09,0.430032,1,0
5.69336,0.224609,1.00063,-8.4314e-09,0.430032,1,0
5.63477,0.244141,1.00045,-9.86741e-09,0.435887,1,0
5.63477,0.263672,1.00006,-2.71768e-08,0.435887,1,0
5.6543,0.244141,1.00045,-1.47689e-08,0.433936,1,0
5.6543,0.263672,1.00006,-3.10532e-08,0.433936,1,0
5.63477,0.283203,0.999196,-4.35686e-08,0.435887,1,0
5.63477,0.302734,0.997385,-5.73437e-08,0.435887,1,0
5.6543,0.283203,0.999196,-4.63532e-08,0.433936,1,0
5.6543,0.302734,0.997385,-5.90748e-08,0.433936,1,0
5.67383,0.244141,1.00045,-1.90822e-08,0.431984,1,0
5.67383,0.263672,1.00006,-3.4466e-08,0.431984,1,0
5.69336,0.244141,1.00045,-2.28905e-08,0.430032,1,0
5.69336,0.263672,1.00006,-3.74811e-08,0.430032,1,0
5.67383,0.283203,0.999196,-4.88037e-08,0.431984,1,0
5.67383,0.302734,0.997385,-6.05953e-08,0.431984,1,0
5.69336,0.283203,0.999196,-5.09684e-08,0.430032,1,0
5.69336,0.302734,0.997385,-6.19359e-08,0.430032,1,0
5.71289,0.166016,1.00074,1.99515e-08,0.428081,1,0
5.71289,0.185547,1.00073,1.14541e-08,0.428081,1,0
5.73242,0.166016,1.00074,1.58743e-08,0.426129,1,0
5.73242,0.185547,1.00073,7.36988e-09,0.426129,1,0
5.71289,0.205078,1.0007,4.34151e-10,0.428081,1,0
5.71289,0.224609,1.00063,-1.23945e-08,0.428081,1,0
5.73242,0.205078,1.0007,-3.45744e-09,0.426129,1,0
5.73242,0.224609,1.00063,-1.5918e-08,0.426129,1,0
5.75195,0.166016,1.00074,1.22412e-08,0.424177,1,0
5.75195,0.185547,1.00073,3.72871e-09,0.424177,1,0
5.77148,0.166016,1.00074,8.98387e-09,0.422226,1,0
5.77148,0.185547,1.00073,4.63002e-10,0.422226,1,0
5.75195,0.205078,1.0007,-6.93033e-09,0.424177,1,0
5.75195,0.224609,1.00063,-1.90663e-08,0.424177,1,0
5.77148,0.205078,1.0007,-1.00468e-08,0.422226,1,0
5.77148,0.224609,1.00063,-2.18937e-08,0.422226,1,0
5.71289,0.244141,1.00045,-2.62666e-08,0.428081,1,0
5.71289,0.263672,1.00006,-4.01568e-08,0.428081,1,0
5.73242,0.244141,1.00045,-2.92732e-08,0.426129,1,0
5.73242,0.263672,1.00006,-4.25427e-08,0.426129,1,0
5.71289,0.283203,0.999196,-5.28898e-08,0.428081,1,0
5.71289,0.302734,0.997385,-6.31245e-08,0.428081,1,0
5.73242,0.283203,0.999196,-5.46044e-08,0.426129,1,0
5.73242,0.302734,0.997385,-6.41844e-08,0.426129,1,0
5.75195,0.244141,1.00045,-3.19633e-08,0.424177,1,0
5.75195,0.263672,1.00006,-4.46801e-08,0.424177,1,0
5.77148,0.244141,1.00045,-3.43819e-08,0.422226,1,0
5.77148,0.263672,1.00006,-4.6604e-08,0.422226,1,0
5.75195,0.283203,0.999196,-5.61419e-08,0.424178,1,0
5.75195,0.302734,0.997385,-6.51344e-08,0.424178,1,0
5.77148,0.283203,0.999196,-5.75269e-08,0.422226,1,0
5.77148,0.302734,0.997385,-6.59895e-08,0.422226,1,0
5.79102,0.00976562,1.00075,2.88745e-09,0.420274,1,0
5.79102,0.0292969,1.00075,6.75432e-09,0.420274,1,0
5.81055,0.00976562,1.00075,2.75037e-09,0.418323,1,0
5.81055,0.0292969,1.00075,6.40104e-09,0.418323,1,0
5.79102,0.0488281,1.00075,1.03619e-08,0.420274,1,0
5.79102,0.0683594,1.00075,1.41838e-08,0.420274,1,0
5.81055,0.0488281,1.00075,9.72159e-09,0.418323,1,0
5.81055,0.0683594,1.00075,1.3146e-08,0.418323,1,0
5.83008,0.00976562,1.00075,2.62266e-09,0.416371,1,0
5.83008,0.0292969,1.00075,6.07228e-09,0.416371,1,0
5.84961,0.00976562,1.00075,2.5036e-09,0.414419,1,0
5.84961,0.0292969,1.00075,5.76578e-09,0.414419,1,0
5.83008,0.0488281,1.00075,9.12912e-09,0.416371,1,0
5.83008,0.0683594,1.00075,1.21918e-08,0.416371,1,0
5.84961,0.0488281,1.00075,8.57927e-09,0.414419,1,0
5.84961,0.0683594,1.00075,1.13116e-08,0.414419,1,0
5.79102,0.0878906,1.00075,1.66331e-08,0.420274,1,0
5.79102,0.107422,1.00075,1.76046e-08,0.420274,1,0
5.81055,0.0878906,1.00075,1.51692e-08,0.418323,1,0
5.81055,0.107422,1.00075,1.57114e-08,0.418323,1,0
5.79102,0.126953,1.00075,1.6187e-08,0.420274,1,0
5.79102,0.146484,1.00075,1.23939e-08,0.420274,1,0
5.81055,0.126953,1.00075,1.39314e-08,0.418323,1,0
5.81055,0.146484,1.00075,9.8728e-09,0.418323,1,0
5.83008,0.0878906,1.00075,1.38301e-08,0.416371,1,0
5.83008,0.107422,1.00075,1.39851e-08,0.416371,1,0
5.84961,0.0878906,1.00075,1.26006e-08,0.414419,1,0
5.84961,0.107422,1.00075,1.24054e-08,0.414419,1,0
5.83008,0.126953,1.00075,1.18798e-08,0.416371,1,0
5.83008,0.146484,1.00075,7.5825e-09,0.416371,1,0
5.84961,0.126953,1.00075,1.00076e-08,0.414419,1,0
5.84961,0.146484,1.00075,5.49521e-09,0.414419,1,0
5.86914,0.00976562,1.00075,2.39265e-09,0.412468,1,0
5.86914,0.0292969,1.00075,5.47981e-09,0.412468,1,0
5.88867,0.00976562,1.00075,2.28936e-09,0.410516,1,0
5.88867,0.0292969,1.00075,5.213e-09,0.410516,1,0
5.86914,0.0488281,1.00075,8.06814e-09,0.412468,1,0
5.86914,0.0683594,1.00075,1.04976e-08,0.412468,1,0
5.88867,0.0488281,1.00075,7.59258e-09,0.410516,1,0
5.88867,0.0683594,1.00075,9.7434e-09,0.410516,1,0
5.9082,0.00976562,1.00075,2.19329e-09,0.408564,1,0
5.9082,0.0292969,1.00075,4.96416e-09,0.408564,1,0
5.92773,0.00976562,1.00075,2.10401e-09,0.406613,1,0
5.92773,0.0292969,1.00075,4.73222e-09,0.406613,1,0
5.9082,0.0488281,1.00075,7.14975e-09,0.408564,1,0
5.9082,0.0683594,1.00075,9.04349e-09,0.408564,1,0
5.92773,0.0488281,1.00075,6.73725e-09,0.406613,1,0
5.92773,0.0683594,1.00075,8.39371e-09,0.406613,1,0
5.86914,0.0878906,1.00075,1.14681e-08,0.412468,1,0
5.86914,0.107422,1.00075,1.09558e-08,0.412468,1,0
5.88867,0.0878906,1.00075,1.04228e-08,0.410516,1,0
5.88867,0.107422,1.00075,9.62284e-09,0.410516,1,0
5.86914,0.126953,1.00075,8.29453e-09,0.412468,1,0
5.86914,0.146484,1.00075,3.58701e-09,0.412468,1,0
5.88867,0.126953,1.00075,6.72267e-09,0.410516,1,0
5.88867,0.146484,1.00075,1.83735e-09,0.410516,1,0
5.9082,0.0878906,1.00075,9.45667e-09,0.408564,1,0
5.9082,0.107422,1.00075,8.39465e-09,0.408564,1,0
5.92773,0.0878906,1.00075,8.56271e-09,0.406613,1,0
5.92773,0.107422,1.00075,7.26044e-09,0.406613,1,0
5.9082,0.126953,1.00075,5.27637e-09,0.408564,1,0
5.9082,0.146484,1.00075,2.28865e-10,0.408564,1,0
5.92773,0.126953,1.00075,3.9423e-09,0.406613,1,0
5.92773,0.146484,1.00075,-1.25286e-09,0.406613,1,0
5.79102,0.166016,1.00074,6.04796e-09,0.420274,1,0
5.79102,0.185547,1.00073,-2.48167e-09,0.420274,1,0
5.81055,0.166016,1.00074,3.39015e-09,0.418323,1,0
5.81055,0.185547,1.00073,-5.14889e-09,0.418323,1,0
5.79102,0.205078,1.0007,-1.28582e-08,0.420274,1,0
5.79102,0.224609,1.00063,-2.4446e-08,0.420274,1,0
5.81055,0.205078,1.0007,-1.54061e-08,0.418323,1,0
5.81055,0.224609,1.00063,-2.67604e-08,0.418323,1,0
5.83008,0.166016,1.00074,9.75318e-10,0.416371,1,0
5.83008,0.185547,1.00073,-7.5738e-09,0.416371,1,0
5.84961,0.166016,1.00074,-1.2258e-09,0.414419,1,0
5.84961,0.185547,1.00073,-9.7853e-09,0.414419,1,0
5.83008,0.205078,1.0007,-1.7724e-08,0.416371,1,0
5.83008,0.224609,1.00063,-2.88672e-08,0.416371,1,0
5.84961,0.205078,1.0007,-1.98393e-08,0.414419,1,0
5.84961,0.224609,1.00063,-3.07907e-08,0.414419,1,0
5.79102,0.244141,1.00045,-3.65667e-08,0.420274,1,0
5.79102,0.263672,1.00006,-4.83434e-08,0.420274,1,0
5.81055,0.244141,1.00045,-3.85492e-08,0.418323,1,0
5.81055,0.263672,1.00006,-4.99224e-08,0.418323,1,0
5.79102,0.283203,0.999196,-5.87795e-08,0.420274,1,0
5.79102,0.302734,0.997385,-6.67614e-08,0.420274,1,0
5.81055,0.283203,0.999196,-5.99163e-08,0.418323,1,0
5.81055,0.302734,0.997385,-6.74596e-08,0.418323,1,0
5.83008,0.244141,1.00045,-4.03545e-08,0.416371,1,0
5.83008,0.263672,1.00006,-5.13604e-08,0.416371,1,0
5.84961,0.244141,1.00045,-4.2003e-08,0.414419,1,0
5.84961,0.263672,1.00006,-5.26727e-08,0.414419,1,0
5.83008,0.283203,0.999196,-6.09503e-08,0.416371,1,0
5.83008,0.302734,0.997385,-6.80912e-08,0.416371,1,0
5.84961,0.283203,0.999196,-6.18918e-08,0.414419,1,0
5.84961,0.302734,0.997385,-6.86618e-08,0.414419,1,0
5.86914,0.166016,1.00074,-3.23804e-09,0.412468,1,0
5.86914,0.185547,1.00073,-1.18076e-08,0.412468,1,0
5.88867,0.166016,1.00074,-5.08243e-09,0.410516,1,0
5.88867,0.185547,1.00073,-1.36608e-08,0.410516,1,0
5.86914,0.205078,1.0007,-2.17742e-08,0.412468,1,0
5.86914,0.224609,1.00063,-3.25504e-08,0.412468,1,0
5.88867,0.205078,1.0007,-2.35473e-08,0.410516,1,0
5.88867,0.224609,1.00063,-3.41626e-08,0.410516,1,0
5.9082,0.166016,1.00074,-6.77667e-09,0.408564,1,0
5.9082,0.185547,1.00073,-1.53622e-08,0.408564,1,0
5.92773,0.166016,1.00074,-8.33549e-09,0.406613,1,0
5.92773,0.185547,1.00073,-1.69259e-08,0.406613,1,0
5.9082,0.205078,1.0007,-2.51741e-08,0.408564,1,0
5.9082,0.224609,1.00063,-3.56407e-08,0.408564,1,0
5.92773,0.205078,1.0007,-2.66678e-08,0.406613,1,0
5.92773,0.224609,1.00063,-3.6996e-08,0.406613,1,0
5.86914,0.244141,1.00045,-4.35108e-08,0.412468,1,0
5.86914,0.263672,1.00006,-5.38716e-08,0.412468,1,0
5.88867,0.244141,1.00045,-4.48911e-08,0.410516,1,0
5.88867,0.263672,1.00006,-5.49667e-08,0.410516,1,0
5.86914,0.283203,0.999196,-6.27487e-08,0.412468,1,0
5.86914,0.302734,0.997385,-6.91752e-08,0.412468,1,0
5.88867,0.283203,0.999196,-6.35273e-08,0.410516,1,0
5.88867,0.302734,0.997385,-6.96346e-08,0.410516,1,0
5.9082,0.244141,1.00045,-4.61548e-08,0.408564,1,0
5.9082,0.263672,1.00006,-5.59661e-08,0.408564,1,0
5.92773,0.244141,1.00045,-4.73108e-08,0.406613,1,0
5.92773,0.263672,1.00006,-5.68764e-08,0.406613,1,0
5.9082,0.283203,0.999196,-6.42325e-08,0.408564,1,0
5.9082,0.302734,0.997385,-7.00422e-08,0.408564,1,0
5.92773,0.283203,0.999196,-6.48685e-08,0.406613,1,0
5.92773,0.302734,0.997385,-7.03999e-08,0.406613,1,0
5.63477,0.322266,0.993736,-6.67535e-08,0.435887,1,0
5.63477,0.341797,0.986681,-7.04098e-08,0.435887,1,0
5.6543,0.322266,0.993736,-6.75797e-08,0.433936,1,0
5.6543,0.341797,0.986681,-7.05721e-08,0.433936,1,0
5.63477,0.361328,0.973594,-6.76415e-08,0.435887,1,0
5.63477,0.380859,0.950305,-5.91041e-08,0.435887,1,0
5.6543,0.361328,0.973594,-6.74192e-08,0.433936,1,0
5.6543,0.380859,0.950305,-5.87425e-08,0.433936,1,0
5.67383,0.322266,0.993736,-6.82993e-08,0.431984,1,0
5.67383,0.341797,0.986681,-7.07022e-08,0.431984,1,0
5.69336,0.322266,0.993736,-6.89286e-08,0.430032,1,0
5.69336,0.341797,0.986681,-7.08057e-08,0.430032,1,0
5.67383,0.361328,0.973594,-6.72057e-08,0.431984,1,0
5.67383,0.380859,0.950305,-5.84044e-08,0.431984,1,0
5.69336,0.361328,0.973594,-6.70004e-08,0.430032,1,0
5.69336,0.380859,0.950305,-5.80824e-08,0.430032,1,0
5.63477,0.400391,0.910551,-4.64311e-08,0.435887,1,0
5.63477,0.419922,0.845427,-3.22893e-08,0.435887,1,0
5.6543,0.400391,0.910551,-4.60933e-08,0.433936,1,0
5.6543,0.419922,0.845427,-3.20262e-08,0.433936,1,0
5.63477,0.439453,0.742977,-1.88738e-08,0.435887,1,0
5.63477,0.458984,0.58805,-8.48899e-09,0.435887,1,0
5.6543,0.439453,0.742977,-1.87085e-08,0.433936,1,0
5.6543,0.458984,0.58805,-8.41444e-09,0.433936,1,0
5.67383,0.400391,0.910551,-4.57653e-08,0.431984,1,0
5.67383,0.419922,0.845427,-3.1784e-08,0.431984,1,0
5.69336,0.400391,0.910551,-4.54606e-08,0.430032,1,0
5.69336,0.419922,0.845427,-3.1541e-08,0.430032,1,0
5.67383,0.439453,0.742977,-1.8553e-08,0.431984,1,0
5.67383,0.458984,0.58805,-8.3305e-09,0.431984,1,0
5.69336,0.439453,0.742977,-1.84e-08,0.430032,1,0
5.69336,0.458984,0.58805,-8.26401e-09,0.430032,1,0
5.71289,0.322266,0.993736,-6.94824e-08,0.428081,1,0
5.71289,0.341797,0.986681,-7.08878e-08,0.428081,1,0
5.73242,0.322266,0.993736,-6.99728e-08,0.426129,1,0
5.73242,0.341797,0.986681,-7.09522e-08,0.426129,1,0
5.71289,0.361328,0.973594,-6.68025e-08,0.428081,1,0
5.71289,0.380859,0.950305,-5.77779e-08,0.428081,1,0
5.73242,0.361328,0.973594,-6.66108e-08,0.426129,1,0
5.73242,0.380859,0.950305,-5.74837e-08,0.426129,1,0
5.75195,0.322266,0.993736,-7.04091e-08,0.424178,1,0
5.75195,0.341797,0.986681,-7.10012e-08,0.424178,1,0
5.77148,0.322266,0.993736,-7.07981e-08,0.422226,1,0
5.77148,0.341797,0.986681,-7.10357e-08,0.422226,1,0
5.75195,0.361328,0.973594,-6.64236e-08,0.424178,1,0
5.75195,0.380859,0.950305,-5.72015e-08,0.424178,1,0
5.77148,0.361328,0.973594,-6.62389e-08,0.422226,1,0
5.77148,0.380859,0.950305,-5.69239e-08,0.422226,1,0
5.71289,0.400391,0.910551,-4.51596e-08,0.428081,1,0
5.71289,0.419922,0.845427,-3.13157e-08,0.428081,1,0
5.73242,0.400391,0.910551,-4.48773e-08,0.426129,1,0
5.73242,0.419922,0.845427,-3.1086e-08,0.426129,1,0
5.71289,0.439453,0.742977,-1.82547e-08,0.428081,1,0
5.71289,0.458984,0.58805,-8.1862e-09,0.428081,1,0
5.73242,0.439453,0.742977,-1.81101e-08,0.426129,1,0
5.73242,0.458984,0.58805,-8.12547e-09,0.426129,1,0
5.75195,0.400391,0.910551,-4.45935e-08,0.424178,1,0
5.75195,0.419922,0.845427,-3.08715e-08,0.424178,1,0
5.77148,0.400391,0.910551,-4.43247e-08,0.422226,1,0
5.77148,0.419922,0.845427,-3.06497e-08,0.422226,1,0
5.75195,0.439453,0.742977,-1.79718e-08,0.424178,1,0
5.75195,0.458984,0.58805,-8.05181e-09,0.424178,1,0
5.77148,0.439453,0.742977,-1.78324e-08,0.422226,1,0
5.77148,0.458984,0.58805,-7.9951e-09,0.422226,1,0
5.63477,0.478516,0.362539,-1.60327e-09,0.435887,1,0
5.63477,0.498047,0.0460394,8.62548e-10,0.435887,0.6,0
5.6543,0.478516,0.362539,-1.57601e-09,0.433936,1,0
5.6543,0.498047,0.0460394,8.66058e-10,0.433936,0.6,0
5.67383,0.478516,0.362539,-1.55846e-09,0.431984,1,0
5.67383,0.498047,0.0460394,8.64832e-10,0.431984,0.6,0
5.69336,0.478516,0.362539,-1.53537e-09,0.430032,1,0
5.69336,0.498047,0.0460394,8.66235e-10,0.430032,0.6,0
5.71289,0.478516,0.362539,-1.52169e-09,0.428081,1,0
5.71289,0.498047,0.0460394,8.62938e-10,0.428081,0.6,0
5.73242,0.478516,0.362539,-1.50163e-09,0.426129,1,0
5.73242,0.498047,0.0460394,8.62632e-10,0.426129,0.6,0
5.75195,0.478516,0.362539,-1.49083e-09,0.424178,1,0
5.75195,0.498047,0.0460393,8.57622e-10,0.424178,0.6,0
5.77148,0.478516,0.362539,-1.47294e-09,0.422226,1,0
5.77148,0.498047,0.0460393,8.55935e-10,0.422226,0.6,0
5.79102,0.322266,0.993736,-7.11448e-08,0.420274,1,0
5.79102,0.341797,0.986681,-7.1056e-08,0.420274,1,0
5.81055,0.322266,0.993736,-7.14526e-08,0.418323,1,0
5.81055,0.341797,0.986681,-7.10616e-08,0.418323,1,0
5.79102,0.361328,0.973594,-6.60546e-08,0.420274,1,0
5.79102,0.380859,0.950305,-5.66533e-08,0.420274,1,0
5.81055,0.361328,0.973594,-6.58685e-08,0.418323,1,0
5.81055,0.380859,0.950305,-5.63824e-08,0.418323,1,0
5.83008,0.322266,0.993736,-7.17241e-08,0.416371,1,0
5.83008,0.341797,0.986681,-7.10519e-08,0.416371,1,0
5.84961,0.322266,0.993736,-7.19608e-08,0.414419,1,0
5.84961,0.341797,0.986681,-7.1026e-08,0.414419,1,0
5.83008,0.361328,0.973594,-6.56785e-08,0.416371,1,0
5.83008,0.380859,0.950305,-5.61144e-08,0.416371,1,0
5.84961,0.361328,0.973594,-6.54826e-08,0.414419,1,0
5.84961,0.380859,0.950305,-5.58422e-08,0.414419,1,0
5.79102,0.400391,0.910551,-4.405e-08,0.420274,1,0
5.79102,0.419922,0.845427,-3.04415e-08,0.420274,1,0
5.81055,0.400391,0.910551,-4.37875e-08,0.418323,1,0
5.81055,0.419922,0.845427,-3.02235e-08,0.418323,1,0
5.79102,0.439453,0.742977,-1.76985e-08,0.420274,1,0
5.79102,0.458984,0.58805,-7.92409e-09,0.420274,1,0
5.81055,0.439453,0.742977,-1.75623e-08,0.418323,1,0
5.81055,0.458984,0.58805,-7.87011e-09,0.418323,1,0
5.83008,0.400391,0.910551,-4.35158e-08,0.416371,1,0
5.83008,0.419922,0.845427,-3.00181e-08,0.416371,1,0
5.84961,0.400391,0.910551,-4.32543e-08,0.414419,1,0
5.84961,0.419922,0.845427,-2.98012e-08,0.414419,1,0
5.83008,0.439453,0.742977,-1.74308e-08,0.416371,1,0
5.83008,0.458984,0.58805,-7.8006e-09,0.416371,1,0
5.84961,0.439453,0.742977,-1.72962e-08,0.414419,1,0
5.84961,0.458984,0.58805,-7.74838e-09,0.414419,1,0
5.86914,0.322266,0.993736,-7.21635e-08,0.412468,1,0
5.86914,0.341797,0.986681,-7.09827e-08,0.412468,1,0
5.88867,0.322266,0.993736,-7.23327e-08,0.410516,1,0
5.88867,0.341797,0.986681,-7.0921e-08,0.410516,1,0
5.86914,0.361328,0.973594,-6.52793e-08,0.412468,1,0
5.86914,0.380859,0.950305,-5.55697e-08,0.412468,1,0
5.88867,0.361328,0.973594,-6.50669e-08,0.410516,1,0
5.88867,0.380859,0.950305,-5.52902e-08,0.410516,1,0
5.9082,0.322266,0.993736,-7.24687e-08,0.408564,1,0
5.9082,0.341797,0.986681,-7.084e-08,0.408564,1,0
5.92773,0.322266,0.993736,-7.25715e-08,0.406613,1,0
5.92773,0.341797,0.986681,-7.07388e-08,0.406613,1,0
5.9082,0.361328,0.973594,-6.48441e-08,0.408564,1,0
5.9082,0.380859,0.950305,-5.50082e-08,0.408564,1,0
5.92773,0.361328,0.973594,-6.46099e-08,0.406613,1,0
5.92773,0.380859,0.950305,-5.47174e-08,0.406613,1,0
5.86914,0.400391,0.910551,-4.29811e-08,0.412468,1,0
5.86914,0.419922,0.845427,-2.95962e-08,0.412468,1,0
5.88867,0.400391,0.910551,-4.27169e-08,0.410516,1,0
5.88867,0.419922,0.845427,-2.93782e-08,0.410516,1,0
5.86914,0.439453,0.742977,-1.71658e-08,0.412468,1,0
5.86914,0.458984,0.58805,-7.67955e-09,0.412468,1,0
5.88867,0.439453,0.742977,-1.70316e-08,0.410516,1,0
5.88867,0.458984,0.58805,-7.62839e-09,0.410516,1,0
5.9082,0.400391,0.910551,-4.24391e-08,0.408564,1,0
5.9082,0.419922,0.845427,-2.91721e-08,0.408564,1,0
5.92773,0.400391,0.910551,-4.21698e-08,0.406613,1,0
5.92773,0.419922,0.845427,-2.8952e-08,0.406613,1,0
5.9082,0.439453,0.742977,-1.69015e-08,0.408564,1,0
5.9082,0.458984,0.58805,-7.55965e-09,0.408564,1,0
5.92773,0.439453,0.742977,-1.6767e-08,0.406613,1,0
5.92773,0.458984,0.58805,-7.50906e-09,0.406613,1,0
5.79102,0.478516,0.362539,-1.46426e-09,0.420274,1,0
5.79102,0.498047,0.0460393,8.49518e-10,0.420274,0.6,0
5.81055,0.478516,0.362539,-1.44784e-09,0.418323,1,0
5.81055,0.498047,0.0460393,8.46734e-10,0.418323,0.6,0
5.83008,0.478516,0.362539,-1.4407e-09,0.416371,1,0
5.83008,0.498047,0.0460393,8.39175e-10,0.416371,0.6,0
5.84961,0.478516,0.362539,-1.42525e-09,0.414419,1,0
5.84961,0.498047,0.0460393,8.35541e-10,0.414419,0.6,0
5.86914,0.478516,0.362539,-1.41919e-09,0.412468,1,0
5.86914,0.498047,0.0460393,8.2707e-10,0.412468,0.6,0
5.88867,0.478516,0.362538,-1.40431e-09,0.410516,1,0
5.88867,0.498047,0.0460393,8.22797e-10,0.410516,0.6,0
5.9082,0.478516,0.362538,-1.39898e-09,0.408564,1,0
5.9082,0.498047,0.0460393,8.13603e-10,0.408564,0.6,0
5.92773,0.478516,0.362538,-1.38436e-09,0.406613,1,0
5.92773,0.498047,0.0460393,8.08866e-10,0.406613,0.6,0
5.94727,0.00976562,1.00075,2.02118e-09,0.404661,1,0
5.94727,0.0292969,1.00075,4.51623e-09,0.404661,1,0
5.9668,0.00976562,1.00075,1.94443e-09,0.40271,1,0
5.9668,0.0292969,1.00075,4.31527e-09,0.40271,1,0
5.94727,0.0488281,1.00075,6.35314e-09,0.404661,1,0
5.94727,0.0683594,1.00075,7.79038e-09,0.404661,1,0
5.9668,0.0488281,1.00075,5.9957e-09,0.40271,1,0
5.9668,0.0683594,1.00075,7.23006e-09,0.40271,1,0
5.98633,0.00976562,1.00075,1.87344e-09,0.400758,1,0
5.98633,0.0292969,1.00075,4.12853e-09,0.400758,1,0
6.00586,0.00976562,1.00075,1.80789e-09,0.398806,1,0
6.00586,0.0292969,1.00075,3.95536e-09,0.398806,1,0
5.98633,0.0488281,1.00075,5.66339e-09,0.400758,1,0
5.98633,0.0683594,1.00075,6.70976e-09,0.400758,1,0
6.00586,0.0488281,1.00075,5.35495e-09,0.398806,1,0
6.00586,0.0683594,1.00075,6.22706e-09,0.398806,1,0
5.94727,0.0878906,1.00075,7.73438e-09,0.404661,1,0
5.94727,0.107422,1.00075,6.2109e-09,0.404661,1,0
5.9668,0.0878906,1.00075,6.96602e-09,0.40271,1,0
5.9668,0.107422,1.00075,5.23869e-09,0.40271,1,0
5.94727,0.126953,1.00075,2.70967e-09,0.404661,1,0
5.94727,0.146484,1.00075,-2.61961e-09,0.404661,1,0
5.9668,0.126953,1.00075,1.56996e-09,0.40271,1,0
5.9668,0.146484,1.00075,-3.88099e-09,0.40271,1,0
5.98633,0.0878906,1.00075,6.25317e-09,0.400758,1,0
5.98633,0.107422,1.00075,4.33826e-09,0.400758,1,0
6.00586,0.0878906,1.00075,5.59251e-09,0.398806,1,0
6.00586,0.107422,1.00075,3.50548e-09,0.398806,1,0
5.98633,0.126953,1.00075,5.1647e-10,0.400758,1,0
5.98633,0.146484,1.00075,-5.04479e-09,0.400758,1,0
6.00586,0.126953,1.00075,-4.5609e-10,0.398806,1,0
6.00586,0.146484,1.00075,-6.11738e-09,0.398806,1,0
6.02539,0.00976562,1.00075,1.74762e-09,0.396855,1,0
6.02539,0.0292969,1.00075,3.79538e-09,0.396855,1,0
6.04492,0.00976562,1.00075,1.69249e-09,0.394903,1,0
6.04492,0.0292969,1.00075,3.64825e-09,0.394903,1,0
6.02539,0.0488281,1.00075,5.06934e-09,0.396855,1,0
6.02539,0.0683594,1.00075,5.78013e-09,0.396855,1,0
6.04492,0.0488281,1.00075,4.8058e-09,0.394903,1,0
6.04492,0.0683594,1.00075,5.36787e-09,0.394903,1,0
6.06445,0.00976562,1.00075,1.64237e-09,0.392951,1,0
6.06445,0.0292969,1.00075,3.51367e-09,0.392951,1,0
6.08398,0.00976562,1.00075,1.59714e-09,0.391,1,0
6.08398,0.0292969,1.00075,3.39147e-09,0.391,1,0
6.06445,0.0488281,1.00075,4.56393e-09,0.392951,1,0
6.06445,0.0683594,1.00075,4.98957e-09,0.392951,1,0
6.08398,0.0488281,1.00075,4.34349e-09,0.391,1,0
6.08398,0.0683594,1.00075,4.64465e-09,0.391,1,0
6.02539,0.0878906,1.00075,4.98174e-09,0.396855,1,0
6.02539,0.107422,1.00075,2.73713e-09,0.396855,1,0
6.04492,0.0878906,1.00075,4.41918e-09,0.394903,1,0
6.04492,0.107422,1.00075,2.0305e-09,0.394903,1,0
6.02539,0.126953,1.00075,-1.35205e-09,0.396855,1,0
6.02539,0.146484,1.00075,-7.10394e-09,0.396855,1,0
6.04492,0.126953,1.00075,-2.17496e-09,0.394903,1,0
6.04492,0.146484,1.00075,-8.00865e-09,0.394903,1,0
6.06445,0.0878906,1.00075,3.90342e-09,0.392951,1,0
6.06445,0.107422,1.00075,1.38336e-09,0.392951,1,0
6.08398,0.0878906,1.00075,3.43327e-09,0.391,1,0
6.08398,0.107422,1.00075,7.93877e-10,0.391,1,0
6.06445,0.126953,1.00075,-2.92772e-09,0.392951,1,0
6.06445,0.146484,1.00075,-8.83493e-09,0.392951,1,0
6.08398,0.126953,1.00075,-3.61272e-09,0.391,1,0
6.08398,0.146484,1.00075,-9.58562e-09,0.391,1,0
5.94727,0.166016,1.00074,-9.77116e-09,0.404661,1,0
5.94727,0.185547,1.00073,-1.83641e-08,0.404661,1,0
5.9668,0.166016,1.00074,-1.10939e-08,0.40271,1,0
5.9668,0.185547,1.00073,-1.96869e-08,0.40271,1,0
5.94727,0.205078,1.0007,-2.80396e-08,0.404661,1,0
5.94727,0.224609,1.00063,-3.82383e-08,0.404661,1,0
5.9668,0.205078,1.0007,-2.9299e-08,0.40271,1,0
5.9668,0.224609,1.00063,-3.93758e-08,0.40271,1,0
5.98633,0.166016,1.00074,-1.23122e-08,0.400758,1,0
5.98633,0.185547,1.00073,-2.0903e-08,0.400758,1,0
6.00586,0.166016,1.00074,-1.3433e-08,0.398806,1,0
6.00586,0.185547,1.00073,-2.20194e-08,0.398806,1,0
5.98633,0.205078,1.0007,-3.0454e-08,0.400758,1,0
5.98633,0.224609,1.00063,-4.04154e-08,0.400758,1,0
6.00586,0.205078,1.0007,-3.15113e-08,0.398806,1,0
6.00586,0.224609,1.00063,-4.13631e-08,0.398806,1,0
5.94727,0.244141,1.00045,-4.83671e-08,0.404661,1,0
5.94727,0.263672,1.00006,-5.77031e-08,0.404661,1,0
5.9668,0.244141,1.00045,-4.93302e-08,0.40271,1,0
5.9668,0.263672,1.00006,-5.84509e-08,0.40271,1,0
5.94727,0.283203,0.999196,-6.54386e-08,0.404661,1,0
5.94727,0.302734,0.997385,-7.0709e-08,0.404661,1,0
5.9668,0.283203,0.999196,-6.59457e-08,0.40271,1,0
5.9668,0.302734,0.997385,-7.09709e-08,0.40271,1,0
5.98633,0.244141,1.00045,-5.02056e-08,0.400758,1,0
5.98633,0.263672,1.00006,-5.91239e-08,0.400758,1,0
6.00586,0.244141,1.00045,-5.0998e-08,0.398806,1,0
6.00586,0.263672,1.00006,-5.97253e-08,0.398806,1,0
5.98633,0.283203,0.999196,-6.63922e-08,0.400758,1,0
5.98633,0.302734,0.997385,-7.11867e-08,0.400758,1,0
6.00586,0.283203,0.999196,-6.67802e-08,0.398806,1,0
6.00586,0.302734,0.997385,-7.13575e-08,0.398806,1,0
6.02539,0.166016,1.00074,-1.4462e-08,0.396855,1,0
6.02539,0.185547,1.00073,-2.30418e-08,0.396855,1,0
6.04492,0.166016,1.00074,-1.54038e-08,0.394903,1,0
6.04492,0.185547,1.00073,-2.3975e-08,0.394903,1,0
6.02539,0.205078,1.0007,-3.24763e-08,0.396855,1,0
6.02539,0.224609,1.00063,-4.22235e-08,0.396855,1,0
6.04492,0.205078,1.0007,-3.33533e-08,0.394903,1,0
6.04492,0.224609,1.00063,-4.30005e-08,0.394903,1,0
6.06445,0.166016,1.00074,-1.62621e-08,0.392951,1,0
6.06445,0.185547,1.00073,-2.48225e-08,0.392951,1,0
6.08398,0.166016,1.00074,-1.70399e-08,0.391,1,0
6.08398,0.185547,1.00073,-2.55878e-08,0.391,1,0
6.06445,0.205078,1.0007,-3.41461e-08,0.392951,1,0
6.06445,0.224609,1.00063,-4.36974e-08,0.392951,1,0
6.08398,0.205078,1.0007,-3.48576e-08,0.391,1,0
6.08398,0.224609,1.00063,-4.43171e-08,0.391,1,0
6.02539,0.244141,1.00045,-5.17112e-08,0.396855,1,0
6.02539,0.263672,1.00006,-6.02581e-08,0.396855,1,0
6.04492,0.244141,1.00045,-5.23485e-08,0.394903,1,0
6.04492,0.263672,1.00006,-6.07246e-08,0.394903,1,0
6.02539,0.283203,0.999196,-6.71116e-08,0.396855,1,0
6.02539,0.302734,0.997385,-7.1484e-08,0.396855,1,0
6.04492,0.283203,0.999196,-6.7388e-08,0.394903,1,0
6.04492,0.302734,0.997385,-7.15674e-08,0.394903,1,0
6.06445,0.244141,1.00045,-5.29126e-08,0.392951,1,0
6.06445,0.263672,1.00006,-6.11269e-08,0.392951,1,0
6.08398,0.244141,1.00045,-5.3406e-08,0.391,1,0
6.08398,0.263672,1.00006,-6.14672e-08,0.391,1,0
6.06445,0.283203,0.999196,-6.76108e-08,0.392951,1,0
6.06445,0.302734,0.997385,-7.16087e-08,0.392951,1,0
6.08398,0.283203,0.999196,-6.77817e-08,0.391,1,0
6.08398,0.302734,0.997385,-7.16089e-08,0.391,1,0
6.10352,0.00976562,1.00075,1.5567e-09,0.389048,1,0
6.10352,0.0292969,1.00075,3.28148e-09,0.389048,1,0
6.12305,0.00976562,1.00075,1.52094e-09,0.387096,1,0
6.12305,0.0292969,1.00075,3.18349e-09,0.387096,1,0
6.10352,0.0488281,1.00075,4.14425e-09,0.389048,1,0
6.10352,0.0683594,1.00075,4.33257e-09,0.389048,1,0
6.12305,0.0488281,1.00075,3.96575e-09,0.387096,1,0
6.12305,0.0683594,1.00075,4.05267e-09,0.387097,1,0
6.14258,0.00976562,1.00075,1.48967e-09,0.385145,1,0
6.14258,0.0292969,1.00075,3.09696e-09,0.385145,1,0
6.16211,0.00976562,1.00075,1.46266e-09,0.383193,1,0
6.16211,0.0292969,1.00075,3.02112e-09,0.383193,1,0
6.14258,0.0488281,1.00075,3.80723e-09,0.385145,1,0
6.14258,0.0683594,1.00075,3.80418e-09,0.385145,1,0
6.16211,0.0488281,1.00075,3.66797e-09,0.383193,1,0
6.16211,0.0683594,1.00075,3.58622e-09,0.383193,1,0
6.10352,0.0878906,1.00075,3.00777e-09,0.389048,1,0
6.10352,0.107422,1.00075,2.60489e-10,0.389048,1,0
6.12305,0.0878906,1.00075,2.62593e-09,0.387097,1,0
6.12305,0.107422,1.00075,-2.18405e-10,0.387097,1,0
6.10352,0.126953,1.00075,-4.23215e-09,0.389048,1,0
6.10352,0.146484,1.00075,-1.02634e-08,0.389048,1,0
6.12305,0.126953,1.00075,-4.7882e-09,0.387097,1,0
6.12305,0.146484,1.00075,-1.08707e-08,0.387097,1,0
6.14258,0.0878906,1.00075,2.28661e-09,0.385145,1,0
6.14258,0.107422,1.00075,-6.44768e-10,0.385145,1,0
6.16211,0.0878906,1.00075,1.98776e-09,0.383193,1,0
6.16211,0.107422,1.00075,-1.02132e-09,0.383193,1,0
6.14258,0.126953,1.00075,-5.28332e-09,0.385145,1,0
6.14258,0.146484,1.00075,-1.14105e-08,0.385145,1,0
6.16211,0.126953,1.00075,-5.72043e-09,0.383193,1,0
6.16211,0.146484,1.00075,-1.18857e-08,0.383193,1,0
6.18164,0.00976562,1.00075,1.43961e-09,0.381242,1,0
6.18164,0.0292969,1.00075,2.95556e-09,0.381242,1,0
6.20117,0.00976562,1.00075,1.42031e-09,0.37929,1,0
6.20117,0.0292969,1.00075,2.90032e-09,0.37929,1,0
6.18164,0.0488281,1.00075,3.54756e-09,0.381242,1,0
6.18164,0.0683594,1.00075,3.39677e-09,0.381242,1,0
6.20117,0.0488281,1.00075,3.44453e-09,0.37929,1,0
6.20117,0.0683594,1.00075,3.23219e-09,0.37929,1,0
6.2207,0.00976562,1.00075,1.40455e-09,0.377338,1,0
6.2207,0.0292969,1.00075,2.85432e-09,0.377338,1,0
6.24023,0.00976562,1.00075,1.39162e-09,0.375387,1,0
6.24023,0.0292969,1.00075,2.81552e-09,0.375387,1,0
6.2207,0.0488281,1.00075,3.35607e-09,0.377338,1,0
6.2207,0.0683594,1.00075,3.08924e-09,0.377338,1,0
6.24023,0.0488281,1.00075,3.27992e-09,0.375387,1,0
6.24023,0.0683594,1.00075,2.96617e-09,0.375387,1,0
6.18164,0.0878906,1.00075,1.72598e-09,0.381242,1,0
6.18164,0.107422,1.00075,-1.35139e-09,0.381242,1,0
6.20117,0.0878906,1.00075,1.49762e-09,0.37929,1,0
6.20117,0.107422,1.00075,-1.6383e-09,0.37929,1,0
6.18164,0.126953,1.00075,-6.10275e-09,0.381242,1,0
6.18164,0.146484,1.00075,-1.22997e-08,0.381242,1,0
6.20117,0.126953,1.00075,-6.43364e-09,0.37929,1,0
6.20117,0.146484,1.00075,-1.2656e-08,0.37929,1,0
6.2207,0.0878906,1.00075,1.29992e-09,0.377338,1,0
6.2207,0.107422,1.00075,-1.88524e-09,0.377338,1,0
6.24023,0.0878906,1.00075,1.13068e-09,0.375387,1,0
6.24023,0.107422,1.00075,-2.09544e-09,0.375387,1,0
6.2207,0.126953,1.00075,-6.7168e-09,0.377338,1,0
6.2207,0.146484,1.00075,-1.29588e-08,0.377338,1,0
6.24023,0.126953,1.00075,-6.95635e-09,0.375387,1,0
6.24023,0.146484,1.00075,-1.32128e-08,0.375387,1,0
6.10352,0.166016,1.00074,-1.77401e-08,0.389048,1,0
6.10352,0.185547,1.00073,-2.62736e-08,0.389048,1,0
6.12305,0.166016,1.00074,-1.83656e-08,0.387097,1,0
6.12305,0.185547,1.00073,-2.68829e-08,0.387097,1,0
6.10352,0.205078,1.0007,-3.54908e-08,0.389048,1,0
6.10352,0.224609,1.00063,-4.48621e-08,0.389048,1,0
6.12305,0.205078,1.0007,-3.60486e-08,0.387097,1,0
6.12305,0.224609,1.00063,-4.53354e-08,0.387097,1,0
6.14258,0.166016,1.00074,-1.89193e-08,0.385145,1,0
6.14258,0.185547,1.00073,-2.74188e-08,0.385145,1,0
6.16211,0.166016,1.00074,-1.94043e-08,0.383193,1,0
6.16211,0.185547,1.00073,-2.78844e-08,0.383193,1,0
6.14258,0.205078,1.0007,-3.65339e-08,0.385145,1,0
6.14258,0.224609,1.00063,-4.57398e-08,0.385145,1,0
6.16211,0.205078,1.0007,-3.69502e-08,0.383193,1,0
6.16211,0.224609,1.00063,-4.60785e-08,0.383193,1,0
6.10352,0.244141,1.00045,-5.3831e-08,0.389048,1,0
6.10352,0.263672,1.00006,-6.17473e-08,0.389048,1,0
6.12305,0.244141,1.00045,-5.41902e-08,0.387097,1,0
6.12305,0.263672,1.00006,-6.19697e-08,0.387097,1,0
6.10352,0.283203,0.999196,-6.79023e-08,0.389048,1,0
6.10352,0.302734,0.997385,-7.15694e-08,0.389048,1,0
6.12305,0.283203,0.999196,-6.79746e-08,0.387097,1,0
6.12305,0.302734,0.997385,-7.14918e-08,0.387097,1,0
6.14258,0.244141,1.00045,-5.44864e-08,0.385145,1,0
6.14258,0.263672,1.00006,-6.21367e-08,0.385145,1,0
6.16211,0.244141,1.00045,-5.47224e-08,0.383193,1,0
6.16211,0.263672,1.00006,-6.2251e-08,0.383193,1,0
6.14258,0.283203,0.999196,-6.80006e-08,0.385145,1,0
6.14258,0.302734,0.997385,-7.13777e-08,0.385145,1,0
6.16211,0.283203,0.999196,-6.79826e-08,0.383193,1,0
6.16211,0.302734,0.997385,-7.12291e-08,0.383193,1,0
6.18164,0.166016,1.00074,-1.98242e-08,0.381242,1,0
6.18164,0.185547,1.00073,-2.82836e-08,0.381242,1,0
6.20117,0.166016,1.00074,-2.01828e-08,0.37929,1,0
6.20117,0.185547,1.00073,-2.86201e-08,0.37929,1,0
6.18164,0.205078,1.0007,-3.7301e-08,0.381242,1,0
6.18164,0.224609,1.00063,-4.6355e-08,0.381242,1,0
6.20117,0.205078,1.0007,-3.75903e-08,0.37929,1,0
6.20117,0.224609,1.00063,-4.65733e-08,0.37929,1,0
6.2207,0.166016,1.00074,-2.04846e-08,0.377338,1,0
6.2207,0.185547,1.00073,-2.88986e-08,0.377338,1,0
6.24023,0.166016,1.00074,-2.07343e-08,0.375387,1,0
6.24023,0.185547,1.00073,-2.9124e-08,0.375387,1,0
6.2207,0.205078,1.0007,-3.78225e-08,0.377338,1,0
6.2207,0.224609,1.00063,-4.67375e-08,0.377338,1,0
6.24023,0.205078,1.0007,-3.80024e-08,0.375387,1,0
6.24023,0.224609,1.00063,-4.68519e-08,0.375387,1,0
6.18164,0.244141,1.00045,-5.49018e-08,0.381242,1,0
6.18164,0.263672,1.00006,-6.23156e-08,0.381242,1,0
6.20117,0.244141,1.00045,-5.50279e-08,0.37929,1,0
6.20117,0.263672,1.00006,-6.23337e-08,0.37929,1,0
6.18164,0.283203,0.999196,-6.79233e-08,0.381242,1,0
6.18164,0.302734,0.997385,-7.10481e-08,0.381242,1,0
6.20117,0.283203,0.999196,-6.78252e-08,0.37929,1,0
6.20117,0.302734,0.997385,-7.08369e-08,0.37929,1,0
6.2207,0.244141,1.00045,-5.51047e-08,0.377338,1,0
6.2207,0.263672,1.00006,-6.23086e-08,0.377338,1,0
6.24023,0.244141,1.00045,-5.5136e-08,0.375387,1,0
6.24023,0.263672,1.00006,-6.22437e-08,0.375387,1,0
6.2207,0.283203,0.999196,-6.76913e-08,0.377338,1,0
6.2207,0.302734,0.997385,-7.05977e-08,0.377338,1,0
6.24023,0.283203,0.999196,-6.75244e-08,0.375387,1,0
6.24023,0.302734,0.997385,-7.03327e-08,0.375387,1,0
5.94727,0.322266,0.993736,-7.26413e-08,0.404661,1,0
5.94727,0.341797,0.986681,-7.06168e-08,0.404661,1,0
5.9668,0.322266,0.993736,-7.26781e-08,0.40271,1,0
5.9668,0.341797,0.986681,-7.04734e-08,0.40271,1,0
5.94727,0.361328,0.973593,-6.43635e-08,0.404661,1,0
5.94727,0.380859,0.950305,-5.44228e-08,0.404661,1,0
5.9668,0.361328,0.973593,-6.41043e-08,0.40271,1,0
5.9668,0.380859,0.950305,-5.41182e-08,0.40271,1,0
5.98633,0.322266,0.993736,-7.26821e-08,0.400758,1,0
5.98633,0.341797,0.986681,-7.03083e-08,0.400758,1,0
6.00586,0.322266,0.993736,-7.26536e-08,0.398806,1,0
6.00586,0.341797,0.986681,-7.01215e-08,0.398806,1,0
5.98633,0.361328,0.973593,-6.3832e-08,0.400758,1,0
5.98633,0.380859,0.950305,-5.38094e-08,0.400758,1,0
6.00586,0.361328,0.973593,-6.35463e-08,0.398806,1,0
6.00586,0.380859,0.950305,-5.34902e-08,0.398806,1,0
5.94727,0.400391,0.910551,-4.18857e-08,0.404661,1,0
5.94727,0.419922,0.845427,-2.87439e-08,0.404661,1,0
5.9668,0.400391,0.910551,-4.16102e-08,0.40271,1,0
5.9668,0.419922,0.845427,-2.8521e-08,0.40271,1,0
5.94727,0.439453,0.742977,-1.66365e-08,0.404661,1,0
5.94727,0.458984,0.58805,-7.44002e-09,0.404661,1,0
5.9668,0.439453,0.742977,-1.65013e-08,0.40271,1,0
5.9668,0.458984,0.58805,-7.38973e-09,0.40271,1,0
5.98633,0.400391,0.910551,-4.13192e-08,0.400758,1,0
5.98633,0.419922,0.845427,-2.83107e-08,0.400758,1,0
6.00586,0.400391,0.910551,-4.1037e-08,0.398806,1,0
6.00586,0.419922,0.845427,-2.80849e-08,0.398806,1,0
5.98633,0.439453,0.742977,-1.63702e-08,0.400758,1,0
5.98633,0.458984,0.58805,-7.32016e-09,0.400758,1,0
6.00586,0.439453,0.742977,-1.62342e-08,0.398806,1,0
6.00586,0.458984,0.58805,-7.27e-09,0.398806,1,0
6.02539,0.322266,0.993736,-7.2593e-08,0.396855,1,0
6.02539,0.341797,0.986681,-6.99131e-08,0.396855,1,0
6.04492,0.322266,0.993736,-7.25007e-08,0.394903,1,0
6.04492,0.341797,0.986681,-6.96832e-08,0.394903,1,0
6.02539,0.361328,0.973593,-6.32474e-08,0.396855,1,0
6.02539,0.380859,0.950305,-5.31669e-08,0.396855,1,0
6.04492,0.361328,0.973593,-6.29353e-08,0.394903,1,0
6.04492,0.380859,0.950305,-5.28334e-08,0.394903,1,0
6.06445,0.322266,0.993736,-7.23774e-08,0.392951,1,0
6.06445,0.341797,0.986681,-6.94322e-08,0.392951,1,0
6.08398,0.322266,0.993736,-7.22239e-08,0.391,1,0
6.08398,0.341797,0.986681,-6.91609e-08,0.391,1,0
6.06445,0.361328,0.973593,-6.26104e-08,0.392951,1,0
6.06445,0.380859,0.950305,-5.24963e-08,0.392951,1,0
6.08398,0.361328,0.973593,-6.22732e-08,0.391,1,0
6.08398,0.380859,0.950305,-5.21494e-08,0.391,1,0
6.02539,0.400391,0.910551,-4.0739e-08,0.396855,1,0
6.02539,0.419922,0.845427,-2.78722e-08,0.396855,1,0
6.04492,0.400391,0.910551,-4.04506e-08,0.394903,1,0
6.04492,0.419922,0.845427,-2.76438e-08,0.394903,1,0
6.02539,0.439453,0.742977,-1.61025e-08,0.396855,1,0
6.02539,0.458984,0.58805,-7.19981e-09,0.396855,1,0
6.04492,0.439453,0.742977,-1.59657e-08,0.394903,1,0
6.04492,0.458984,0.58805,-7.14976e-09,0.394903,1,0
6.06445,0.400391,0.910551,-4.01461e-08,0.392951,1,0
6.06445,0.419922,0.845427,-2.74292e-08,0.392951,1,0
6.08398,0.400391,0.910551,-3.98522e-08,0.391,1,0
6.08398,0.419922,0.845427,-2.71984e-08,0.391,1,0
6.06445,0.439453,0.742977,-1.58335e-08,0.392951,1,0
6.06445,0.458984,0.58805,-7.07895e-09,0.392951,1,0
6.08398,0.439453,0.742977,-1.56961e-08,0.391,1,0
6.08398,0.458984,0.58805,-7.02906e-09,0.391,1,0
5.94727,0.478516,0.362538,-1.37951e-09,0.404661,1,0
5.94727,0.498047,0.0460393,7.99104e-10,0.404661,0.6,0
5.9668,0.478516,0.362538,-1.36495e-09,0.40271,1,0
5.9668,0.498047,0.0460393,7.94039e-10,0.40271,0.6,0
5.98633,0.478516,0.362538,-1.3604e-09,0.400758,1,0
5.98633,0.498047,0.0460393,7.83829e-10,0.400758,0.6,0
6.00586,0.478516,0.362538,-1.34574e-09,0.398806,1,0
6.00586,0.498047,0.0460393,7.78543e-10,0.398806,0.6,0
6.02539,0.478516,0.362538,-1.34141e-09,0.396855,1,0
6.02539,0.498047,0.0460393,7.67977e-10,0.396855,0.6,0
6.04492,0.478516,0.362538,-1.32657e-09,0.394903,1,0
6.04492,0.498047,0.0460393,7.62552e-10,0.394903,0.6,0
6.06445,0.478516,0.362538,-1.32239e-09,0.392951,1,0
6.06445,0.498047,0.0460393,7.51702e-10,0.392951,0.6,0
6.08398,0.478516,0.362538,-1.30736e-09,0.391,1,0
6.08398,0.498047,0.0460393,7.46205e-10,0.391,0.6,0
6.10352,0.322266,0.993736,-7.20412e-08,0.389048,1,0
6.10352,0.341797,0.986681,-6.887e-08,0.389048,1,0
6.12305,0.322266,0.993736,-7.18305e-08,0.387097,1,0
6.12305,0.341797,0.986681,-6.85603e-08,0.387097,1,0
6.10352,0.361328,0.973593,-6.19241e-08,0.389048,1,0
6.10352,0.380859,0.950305,-5.17997e-08,0.389048,1,0
6.12305,0.361328,0.973593,-6.15639e-08,0.387097,1,0
6.12305,0.380859,0.950305,-5.1441e-08,0.387097,1,0
6.14258,0.322266,0.993736,-7.15932e-08,0.385145,1,0
6.14258,0.341797,0.986681,-6.82328e-08,0.385145,1,0
6.16211,0.322266,0.993736,-7.13307e-08,0.383193,1,0
6.16211,0.341797,0.986681,-6.78888e-08,0.383193,1,0
6.14258,0.361328,0.973593,-6.11933e-08,0.385145,1,0
6.14258,0.380859,0.950305,-5.10805e-08,0.385145,1,0
6.16211,0.361328,0.973593,-6.0813e-08,0.383193,1,0
6.16211,0.380859,0.950305,-5.07117e-08,0.383193,1,0
6.10352,0.400391,0.910551,-3.95421e-08,0.389048,1,0
6.10352,0.419922,0.845427,-2.69823e-08,0.389048,1,0
6.12305,0.400391,0.910551,-3.92435e-08,0.387097,1,0
6.12305,0.419922,0.845427,-2.67497e-08,0.387097,1,0
6.10352,0.439453,0.742977,-1.55635e-08,0.389048,1,0
6.10352,0.458984,0.58805,-6.95771e-09,0.389048,1,0
6.12305,0.439453,0.742977,-1.54257e-08,0.387097,1,0
6.12305,0.458984,0.58805,-6.90807e-09,0.387097,1,0
6.14258,0.400391,0.910551,-3.89287e-08,0.385145,1,0
6.14258,0.419922,0.845427,-2.65326e-08,0.385145,1,0
6.16211,0.400391,0.910551,-3.86265e-08,0.383193,1,0
6.16211,0.419922,0.845427,-2.62988e-08,0.383193,1,0
6.14258,0.439453,0.742977,-1.5293e-08,0.385145,1,0
6.14258,0.458984,0.58805,-6.83629e-09,0.385145,1,0
6.16211,0.439453,0.742977,-1.5155e-08,0.383193,1,0
6.16211,0.458984,0.58805,-6.78704e-09,0.383193,1,0
6.18164,0.322266,0.993736,-7.10448e-08,0.381242,1,0
6.18164,0.341797,0.986681,-6.75293e-08,0.381242,1,0
6.20117,0.322266,0.993736,-7.0737e-08,0.37929,1,0
6.20117,0.341797,0.986681,-6.71556e-08,0.37929,1,0
6.18164,0.361328,0.973593,-6.04238e-08,0.381242,1,0
6.18164,0.380859,0.950305,-5.03423e-08,0.381242,1,0
6.20117,0.361328,0.973593,-6.00265e-08,0.37929,1,0
6.20117,0.380859,0.950305,-4.99654e-08,0.37929,1,0
6.2207,0.322266,0.993736,-7.0409e-08,0.377338,1,0
6.2207,0.341797,0.986681,-6.67687e-08,0.377338,1,0
6.24023,0.322266,0.993736,-7.00625e-08,0.375387,1,0
6.24023,0.341797,0.986681,-6.637e-08,0.375387,1,0
6.2207,0.361328,0.973593,-5.96218e-08,0.377338,1,0
6.2207,0.380859,0.950305,-4.95888e-08,0.377338,1,0
6.24023,0.361328,0.973593,-5.92104e-08,0.375387,1,0
6.24023,0.380859,0.950305,-4.92055e-08,0.375387,1,0
6.18164,0.400391,0.910551,-3.83082e-08,0.381242,1,0
6.18164,0.419922,0.845427,-2.60813e-08,0.381242,1,0
6.20117,0.400391,0.910551,-3.80035e-08,0.37929,1,0
6.20117,0.419922,0.845427,-2.58467e-08,0.37929,1,0
6.18164,0.439453,0.742977,-1.50226e-08,0.381242,1,0
6.18164,0.458984,0.58805,-6.71495e-09,0.381242,1,0
6.20117,0.439453,0.742977,-1.48847e-08,0.37929,1,0
6.20117,0.458984,0.58805,-6.66619e-09,0.37929,1,0
6.2207,0.400391,0.910551,-3.76826e-08,0.377338,1,0
6.2207,0.419922,0.845427,-2.56293e-08,0.377338,1,0
6.24023,0.400391,0.910551,-3.73762e-08,0.375387,1,0
6.24023,0.419922,0.845427,-2.53945e-08,0.375387,1,0
6.2207,0.439453,0.742977,-1.47527e-08,0.377338,1,0
6.2207,0.458984,0.58805,-6.59387e-09,0.377338,1,0
6.24023,0.439453,0.742977,-1.46151e-08,0.375387,1,0
6.24023,0.458984,0.58805,-6.54571e-09,0.375387,1,0
6.10352,0.478516,0.362538,-1.30334e-09,0.389048,1,0
6.10352,0.498047,0.0460393,7.35128e-10,0.389048,0.6,0
6.12305,0.478516,0.362538,-1.28812e-09,0.387097,1,0
6.12305,0.498047,0.0460393,7.29611e-10,0.387097,0.6,0
6.14258,0.478516,0.362538,-1.28426e-09,0.385145,1,0
6.14258,0.498047,0.0460393,7.18354e-10,0.385145,0.6,0
6.16211,0.478516,0.362538,-1.26886e-09,0.383193,1,0
6.16211,0.498047,0.0460393,7.12861e-10,0.383193,0.6,0
6.18164,0.478516,0.362538,-1.2652e-09,0.381242,1,0
6.18164,0.498047,0.0460393,7.0146e-10,0.381242,0.6,0
6.20117,0.478516,0.362538,-1.24964e-09,0.37929,1,0
6.20117,0.498047,0.0460393,6.96024e-10,0.37929,0.6,0
6.2207,0.478516,0.362538,-1.24617e-09,0.377338,1,0
6.2207,0.498047,0.0460393,6.84506e-10,0.377338,0.6,0
6.24023,0.478516,0.362538,-1.23045e-09,0.375387,1,0
6.24023,0.498047,0.0460393,6.79152e-10,0.375387,0.6,0
6.25977,0.00976562,1.00075,1.38078e-09,0.373435,1,0
6.25977,0.0292969,1.00075,2.78254e-09,0.373435,1,0
6.2793,0.00976562,1.00075,1.37173e-09,0.371483,1,0
6.2793,0.0292969,1.00075,2.7549e-09,0.371483,1,0
6.25977,0.0488281,1.00075,3.21509e-09,0.373435,1,0
6.25977,0.0683594,1.00075,2.86181e-09,0.373435,1,0
6.2793,0.0488281,1.00075,3.16088e-09,0.371483,1,0
6.2793,0.0683594,1.00075,2.77472e-09,0.371483,1,0
6.29883,0.00976562,1.00075,1.36433e-09,0.369532,1,0
6.29883,0.0292969,1.00075,2.73217e-09,0.369532,1,0
6.31836,0.00976562,1.00075,1.35834e-09,0.36758,1,0
6.31836,0.0292969,1.00075,2.71371e-09,0.36758,1,0
6.29883,0.0488281,1.00075,3.11631e-09,0.369532,1,0
6.29883,0.0683594,1.00075,2.70306e-09,0.369532,1,0
6.31836,0.0488281,1.00075,3.08013e-09,0.36758,1,0
6.31836,0.0683594,1.00075,2.6448e-09,0.36758,1,0
6.25977,0.0878906,1.00075,9.87676e-10,0.373435,1,0
6.25977,0.107422,1.00075,-2.2723e-09,0.373435,1,0
6.2793,0.0878906,1.00075,8.68425e-10,0.371483,1,0
6.2793,0.107422,1.00075,-2.4193e-09,0.371483,1,0
6.25977,0.126953,1.00075,-7.15659e-09,0.373435,1,0
6.25977,0.146484,1.00075,-1.34229e-08,0.373435,1,0
6.2793,0.126953,1.00075,-7.32177e-09,0.371483,1,0
6.2793,0.146484,1.00075,-1.35937e-08,0.371483,1,0
6.29883,0.0878906,1.00075,7.70253e-10,0.369532,1,0
6.29883,0.107422,1.00075,-2.53983e-09,0.369532,1,0
6.31836,0.0878906,1.00075,6.90503e-10,0.36758,1,0
6.31836,0.107422,1.00075,-2.63708e-09,0.36758,1,0
6.29883,0.126953,1.00075,-7.45584e-09,0.369532,1,0
6.29883,0.146484,1.00075,-1.37296e-08,0.369532,1,0
6.31836,0.126953,1.00075,-7.56236e-09,0.36758,1,0
6.31836,0.146484,1.00075,-1.38345e-08,0.36758,1,0
6.33789,0.00976562,1.00075,1.35348e-09,0.365629,1,0
6.33789,0.0292969,1.00075,2.69882e-09,0.365629,1,0
6.35742,0.00976562,1.00075,1.34959e-09,0.363677,1,0
6.35742,0.0292969,1.00075,2.68697e-09,0.363677,1,0
6.33789,0.0488281,1.00075,3.05106e-09,0.365629,1,0
6.33789,0.0683594,1.00075,2.59804e-09,0.365629,1,0
6.35742,0.0488281,1.00075,3.02809e-09,0.363677,1,0
6.35742,0.0683594,1.00075,2.56123e-09,0.363677,1,0
6.37695,0.00976562,1.00075,1.34659e-09,0.361725,1,0
6.37695,0.0292969,1.00075,2.67783e-09,0.361725,1,0
6.39648,0.00976562,1.00075,1.34447e-09,0.359774,1,0
6.39648,0.0292969,1.00075,2.67124e-09,0.359774,1,0
6.37695,0.0488281,1.00075,3.01048e-09,0.361725,1,0
6.37695,0.0683594,1.00075,2.53323e-09,0.361725,1,0
6.39648,0.0488281,1.00075,2.99777e-09,0.359774,1,0
6.39648,0.0683594,1.00075,2.51325e-09,0.359774,1,0
6.33789,0.0878906,1.00075,6.26784e-10,0.365629,1,0
6.33789,0.107422,1.00075,-2.71383e-09,0.365629,1,0
6.35742,0.0878906,1.00075,5.7712e-10,0.363677,1,0
6.35742,0.107422,1.00075,-2.77242e-09,0.363677,1,0
6.33789,0.126953,1.00075,-7.64443e-09,0.365629,1,0
6.33789,0.146484,1.00075,-1.39116e-08,0.365629,1,0
6.35742,0.126953,1.00075,-7.70463e-09,0.363677,1,0
6.35742,0.146484,1.00075,-1.39637e-08,0.363677,1,0
6.37695,0.0878906,1.00075,5.39993e-10,0.361725,1,0
6.37695,0.107422,1.00075,-2.81469e-09,0.361725,1,0
6.39648,0.0878906,1.00075,5.14287e-10,0.359774,1,0
6.39648,0.107422,1.00075,-2.84204e-09,0.359774,1,0
6.37695,0.126953,1.00075,-7.74506e-09,0.361725,1,0
6.37695,0.146484,1.00075,-1.39931e-08,0.361725,1,0
6.39648,0.126953,1.00075,-7.76736e-09,0.359774,1,0
6.39648,0.146484,1.00075,-1.40016e-08,0.359774,1,0
6.25977,0.166016,1.00074,-2.09372e-08,0.373435,1,0
6.25977,0.185547,1.00073,-2.93012e-08,0.373435,1,0
6.2793,0.166016,1.00074,-2.10981e-08,0.371483,1,0
6.2793,0.185547,1.00073,-2.94352e-08,0.371483,1,0
6.25977,0.205078,1.0007,-3.81348e-08,0.373435,1,0
6.25977,0.224609,1.00063,-4.69211e-08,0.373435,1,0
6.2793,0.205078,1.0007,-3.82242e-08,0.371483,1,0
6.2793,0.224609,1.00063,-4.69491e-08,0.371483,1,0
6.29883,0.166016,1.00074,-2.12214e-08,0.369532,1,0
6.29883,0.185547,1.00073,-2.95303e-08,0.369532,1,0
6.31836,0.166016,1.00074,-2.13112e-08,0.36758,1,0
6.31836,0.185547,1.00073,-2.95906e-08,0.36758,1,0
6.29883,0.205078,1.0007,-3.82749e-08,0.369532,1,0
6.29883,0.224609,1.00063,-4.69399e-08,0.369532,1,0
6.31836,0.205078,1.0007,-3.82906e-08,0.36758,1,0
6.31836,0.224609,1.00063,-4.68969e-08,0.36758,1,0
6.25977,0.244141,1.00045,-5.51257e-08,0.373435,1,0
6.25977,0.263672,1.00006,-6.21424e-08,0.373435,1,0
6.2793,0.244141,1.00045,-5.50777e-08,0.371483,1,0
6.2793,0.263672,1.00006,-6.20079e-08,0.371483,1,0
6.25977,0.283203,0.999196,-6.73271e-08,0.373435,1,0
6.25977,0.302734,0.997385,-7.00441e-08,0.373435,1,0
6.2793,0.283203,0.999196,-6.71022e-08,0.371484,1,0
6.2793,0.302734,0.997385,-6.97339e-08,0.371484,1,0
6.29883,0.244141,1.00045,-5.49954e-08,0.369532,1,0
6.29883,0.263672,1.00006,-6.1843e-08,0.369532,1,0
6.31836,0.244141,1.00045,-5.48818e-08,0.36758,1,0
6.31836,0.263672,1.00006,-6.16506e-08,0.36758,1,0
6.29883,0.283203,0.999196,-6.6852e-08,0.369532,1,0
6.29883,0.302734,0.997385,-6.94039e-08,0.369532,1,0
6.31836,0.283203,0.999196,-6.65786e-08,0.36758,1,0
6.31836,0.302734,0.997385,-6.90559e-08,0.36758,1,0
6.33789,0.166016,1.00074,-2.13709e-08,0.365629,1,0
6.33789,0.185547,1.00073,-2.96193e-08,0.365629,1,0
6.35742,0.166016,1.00074,-2.14033e-08,0.363677,1,0
6.35742,0.185547,1.00073,-2.96194e-08,0.363677,1,0
6.33789,0.205078,1.0007,-3.82746e-08,0.365629,1,0
6.33789,0.224609,1.00063,-4.68233e-08,0.365629,1,0
6.35742,0.205078,1.0007,-3.82297e-08,0.363677,1,0
6.35742,0.224609,1.00063,-4.67215e-08,0.363677,1,0
6.37695,0.166016,1.00074,-2.14107e-08,0.361725,1,0
6.37695,0.185547,1.00073,-2.95933e-08,0.361725,1,0
6.39648,0.166016,1.00074,-2.13953e-08,0.359774,1,0
6.39648,0.185547,1.00073,-2.9543e-08,0.359774,1,0
6.37695,0.205078,1.0007,-3.81583e-08,0.361725,1,0
6.37695,0.224609,1.00063,-4.65939e-08,0.361725,1,0
6.39648,0.205078,1.0007,-3.80622e-08,0.359774,1,0
6.39648,0.224609,1.00063,-4.64423e-08,0.359774,1,0
6.33789,0.244141,1.00045,-5.47396e-08,0.365629,1,0
6.33789,0.263672,1.00006,-6.14328e-08,0.365629,1,0
6.35742,0.244141,1.00045,-5.45712e-08,0.363677,1,0
6.35742,0.263672,1.00006,-6.11916e-08,0.363677,1,0
6.33789,0.283203,0.999196,-6.6284e-08,0.365629,1,0
6.33789,0.302734,0.997385,-6.86912e-08,0.365629,1,0
6.35742,0.283203,0.999196,-6.59697e-08,0.363677,1,0
6.35742,0.302734,0.997385,-6.83112e-08,0.363677,1,0
6.37695,0.244141,1.00045,-5.43786e-08,0.361725,1,0
6.37695,0.263672,1.00006,-6.0929e-08,0.361725,1,0
6.39648,0.244141,1.00045,-5.41637e-08,0.359774,1,0
6.39648,0.263672,1.00006,-6.06464e-08,0.359774,1,0
6.37695,0.283203,0.999196,-6.56375e-08,0.361725,1,0
6.37695,0.302734,0.997385,-6.79171e-08,0.361725,1,0
6.39648,0.283203,0.999196,-6.52884e-08,0.359774,1,0
6.39648,0.302734,0.997385,-6.75101e-08,0.359774,1,0
6.41602,0.00976562,1.00075,1.34323e-09,0.357822,1,0
6.41602,0.0292969,1.00075,2.66708e-09,0.357822,1,0
6.43555,0.00976562,1.00075,1.34286e-09,0.355871,1,0
6.43555,0.0292969,1.00075,2.66528e-09,0.355871,1,0
6.41602,0.0488281,1.00075,2.98963e-09,0.357822,1,0
6.41602,0.0683594,1.00075,2.50073e-09,0.357822,1,0
6.43555,0.0488281,1.00075,2.98582e-09,0.355871,1,0
6.43555,0.0683594,1.00075,2.49525e-09,0.355871,1,0
6.45508,0.00976562,1.00075,1.34331e-09,0.353919,1,0
6.45508,0.0292969,1.00075,2.66569e-09,0.353919,1,0
6.47461,0.00976562,1.00075,1.34447e-09,0.351967,1,0
6.47461,0.0292969,1.00075,2.66812e-09,0.351967,1,0
6.45508,0.0488281,1.00075,2.98611e-09,0.353919,1,0
6.45508,0.0683594,1.00075,2.49642e-09,0.353919,1,0
6.47461,0.0488281,1.00075,2.9902e-09,0.351967,1,0
6.47461,0.0683594,1.00075,2.50378e-09,0.351967,1,0
6.41602,0.0878906,1.00075,4.99187e-10,0.357822,1,0
6.41602,0.107422,1.00075,-2.85554e-09,0.357822,1,0
6.43555,0.0878906,1.00075,4.94052e-10,0.355871,1,0
6.43555,0.107422,1.00075,-2.85605e-09,0.355871,1,0
6.41602,0.126953,1.00075,-7.77282e-09,0.357822,1,0
6.41602,0.146484,1.00075,-1.39907e-08,0.357822,1,0
6.43555,0.126953,1.00075,-7.76252e-09,0.355871,1,0
6.43555,0.146484,1.00075,-1.39617e-08,0.355871,1,0
6.45508,0.0878906,1.00075,4.983e-10,0.353919,1,0
6.45508,0.107422,1.00075,-2.84437e-09,0.353919,1,0
6.47461,0.0878906,1.00075,5.11313e-10,0.351967,1,0
6.47461,0.107422,1.00075,-2.82131e-09,0.351967,1,0
6.45508,0.126953,1.00075,-7.73746e-09,0.353919,1,0
6.45508,0.146484,1.00075,-1.39157e-08,0.353919,1,0
6.47461,0.126953,1.00075,-7.69865e-09,0.351967,1,0
6.47461,0.146484,1.00075,-1.38539e-08,0.351967,1,0
6.49414,0.00976562,1.00075,1.3462e-09,0.350016,1,0
6.49414,0.0292969,1.00075,2.67229e-09,0.350016,1,0
6.51367,0.00976562,1.00075,1.34835e-09,0.348064,1,0
6.51367,0.0292969,1.00075,2.67788e-09,0.348064,1,0
6.49414,0.0488281,1.00075,2.99774e-09,0.350016,1,0
6.49414,0.0683594,1.00075,2.51681e-09,0.350016,1,0
6.51367,0.0488281,1.00075,3.00826e-09,0.348064,1,0
6.51367,0.0683594,1.00075,2.53484e-09,0.348064,1,0
6.5332,0.00976562,1.00075,1.35072e-09,0.346112,1,0
6.5332,0.0292969,1.00075,2.68451e-09,0.346112,1,0
6.55273,0.00976562,1.00075,1.35315e-09,0.344161,1,0
6.55273,0.0292969,1.00075,2.69182e-09,0.344161,1,0
6.5332,0.0488281,1.00075,3.02125e-09,0.346112,1,0
6.5332,0.0683594,1.00075,2.5571e-09,0.346112,1,0
6.55273,0.0488281,1.00075,3.03612e-09,0.344161,1,0
6.55273,0.0683594,1.00075,2.58277e-09,0.344161,1,0
6.49414,0.0878906,1.00075,5.32371e-10,0.350016,1,0
6.49414,0.107422,1.00075,-2.78779e-09,0.350016,1,0
6.51367,0.0878906,1.00075,5.60621e-10,0.348064,1,0
6.51367,0.107422,1.00075,-2.74488e-09,0.348064,1,0
6.49414,0.126953,1.00075,-7.64719e-09,0.350016,1,0
6.49414,0.146484,1.00075,-1.37777e-08,0.350016,1,0
6.51367,0.126953,1.00075,-7.58433e-09,0.348064,1,0
6.51367,0.146484,1.00075,-1.36884e-08,0.348064,1,0
6.5332,0.0878906,1.00075,5.95085e-10,0.346112,1,0
6.5332,0.107422,1.00075,-2.69377e-09,0.346112,1,0
6.55273,0.0878906,1.00075,6.34691e-10,0.344161,1,0
6.55273,0.107422,1.00075,-2.63577e-09,0.344161,1,0
6.5332,0.126953,1.00075,-7.51146e-09,0.346112,1,0
6.5332,0.146484,1.00075,-1.35876e-08,0.346112,1,0
6.55273,0.126953,1.00075,-7.43007e-09,0.344161,1,0
6.55273,0.146484,1.00075,-1.34768e-08,0.344161,1,0
6.41602,0.166016,1.00074,-2.13585e-08,0.357822,1,0
6.41602,0.185547,1.00073,-2.94701e-08,0.357822,1,0
6.43555,0.166016,1.00074,-2.13018e-08,0.355871,1,0
6.43555,0.185547,1.00073,-2.93763e-08,0.355871,1,0
6.41602,0.205078,1.0007,-3.79434e-08,0.357822,1,0
6.41602,0.224609,1.00063,-4.62683e-08,0.357822,1,0
6.43555,0.205078,1.0007,-3.78032e-08,0.355871,1,0
6.43555,0.224609,1.00063,-4.60737e-08,0.355871,1,0
6.45508,0.166016,1.00074,-2.12265e-08,0.353919,1,0
6.45508,0.185547,1.00073,-2.92629e-08,0.353919,1,0
6.47461,0.166016,1.00074,-2.1134e-08,0.351967,1,0
6.47461,0.185547,1.00073,-2.91314e-08,0.351967,1,0
6.45508,0.205078,1.0007,-3.76433e-08,0.353919,1,0
6.45508,0.224609,1.00063,-4.58598e-08,0.353919,1,0
6.47461,0.205078,1.0007,-3.7465e-08,0.351967,1,0
6.47461,0.224609,1.00063,-4.56281e-08,0.351967,1,0
6.41602,0.244141,1.00045,-5.39279e-08,0.357822,1,0
6.41602,0.263672,1.00006,-6.03453e-08,0.357822,1,0
6.43555,0.244141,1.00045,-5.36727e-08,0.355871,1,0
6.43555,0.263672,1.00006,-6.0027e-08,0.355871,1,0
6.41602,0.283203,0.999196,-6.49239e-08,0.357822,1,0
6.41602,0.302734,0.997385,-6.7091e-08,0.357822,1,0
6.43555,0.283203,0.999196,-6.45451e-08,0.355871,1,0
6.43555,0.302734,0.997385,-6.6661e-08,0.355871,1,0
6.45508,0.244141,1.00045,-5.33996e-08,0.353919,1,0
6.45508,0.263672,1.00006,-5.96929e-08,0.353919,1,0
6.47461,0.244141,1.00045,-5.31101e-08,0.351967,1,0
6.47461,0.263672,1.00006,-5.93443e-08,0.351967,1,0
6.45508,0.283203,0.999196,-6.41532e-08,0.353919,1,0
6.45508,0.302734,0.997385,-6.62209e-08,0.353919,1,0
6.47461,0.283203,0.999196,-6.37493e-08,0.351967,1,0
6.47461,0.302734,0.997385,-6.57719e-08,0.351967,1,0
6.49414,0.166016,1.00074,-2.10257e-08,0.350016,1,0
6.49414,0.185547,1.00073,-2.89833e-08,0.350016,1,0
6.51367,0.166016,1.00074,-2.0903e-08,0.348064,1,0
6.51367,0.185547,1.00073,-2.88201e-08,0.348064,1,0
6.49414,0.205078,1.0007,-3.727e-08,0.350016,1,0
6.49414,0.224609,1.00063,-4.53803e-08,0.350016,1,0
6.51367,0.205078,1.0007,-3.70599e-08,0.348064,1,0
6.51367,0.224609,1.00063,-4.51178e-08,0.348064,1,0
6.5332,0.166016,1.00074,-2.07677e-08,0.346112,1,0
6.5332,0.185547,1.00073,-2.86437e-08,0.346112,1,0
6.55273,0.166016,1.00074,-2.06214e-08,0.344161,1,0
6.55273,0.185547,1.00073,-2.84556e-08,0.344161,1,0
6.5332,0.205078,1.0007,-3.68363e-08,0.346112,1,0
6.5332,0.224609,1.00063,-4.48422e-08,0.346112,1,0
6.55273,0.205078,1.0007,-3.6601e-08,0.344161,1,0
6.55273,0.224609,1.00063,-4.45553e-08,0.344161,1,0
6.49414,0.244141,1.00045,-5.28056e-08,0.350016,1,0
6.49414,0.263672,1.00006,-5.89825e-08,0.350016,1,0
6.51367,0.244141,1.00045,-5.24875e-08,0.348064,1,0
6.51367,0.263672,1.00006,-5.8609e-08,0.348064,1,0
6.49414,0.283203,0.999196,-6.33347e-08,0.350016,1,0
6.49414,0.302734,0.997385,-6.53149e-08,0.350016,1,0
6.51367,0.283203,0.999196,-6.29105e-08,0.348064,1,0
6.51367,0.302734,0.997385,-6.48508e-08,0.348064,1,0
6.5332,0.244141,1.00045,-5.21575e-08,0.346112,1,0
6.5332,0.263672,1.00006,-5.8225e-08,0.346112,1,0
6.55273,0.244141,1.00045,-5.1817e-08,0.344161,1,0
6.55273,0.263672,1.00006,-5.7832e-08,0.344161,1,0
6.5332,0.283203,0.999196,-6.2478e-08,0.346112,1,0
6.5332,0.302734,0.997385,-6.43806e-08,0.346112,1,0
6.55273,0.283203,0.999196,-6.20381e-08,0.344161,1,0
6.55273,0.302734,0.997385,-6.39052e-08,0.344161,1,0
6.25977,0.322266,0.993736,-6.96991e-08,0.373435,1,0
6.25977,0.341797,0.986681,-6.59603e-08,0.373435,1,0
6.2793,0.322266,0.993736,-6.93202e-08,0.371484,1,0
6.2793,0.341797,0.986681,-6.55407e-08,0.371484,1,0
6.25977,0.361328,0.973593,-5.87931e-08,0.373435,1,0
6.25977,0.380859,0.950305,-4.88235e-08,0.373435,1,0
6.2793,0.361328,0.973593,-5.83703e-08,0.371484,1,0
6.2793,0.380859,0.950305,-4.84353e-08,0.371484,1,0
6.29883,0.322266,0.993736,-6.89272e-08,0.369532,1,0
6.29883,0.341797,0.986681,-6.51121e-08,0.369532,1,0
6.31836,0.322266,0.993736,-6.85213e-08,0.36758,1,0
6.31836,0.341797,0.986681,-6.46753e-08,0.36758,1,0
6.29883,0.361328,0.973593,-5.79428e-08,0.369532,1,0
6.29883,0.380859,0.950305,-4.80492e-08,0.369532,1,0
6.31836,0.361328,0.973593,-5.7511e-08,0.36758,1,0
6.31836,0.380859,0.950305,-4.76575e-08,0.36758,1,0
6.25977,0.400391,0.910551,-3.70536e-08,0.373435,1,0
6.25977,0.419922,0.845427,-2.51776e-08,0.373435,1,0
6.2793,0.400391,0.910551,-3.67465e-08,0.371484,1,0
6.2793,0.419922,0.845427,-2.4943e-08,0.371484,1,0
6.25977,0.439453,0.742977,-1.44837e-08,0.373435,1,0
6.25977,0.458984,0.58805,-6.47324e-09,0.373435,1,0
6.2793,0.439453,0.742977,-1.43467e-08,0.371484,1,0
6.2793,0.458984,0.58805,-6.42573e-09,0.371484,1,0
6.29883,0.400391,0.910551,-3.6423e-08,0.369532,1,0
6.29883,0.419922,0.845427,-2.4727e-08,0.369532,1,0
6.31836,0.400391,0.910551,-3.61159e-08,0.36758,1,0
6.31836,0.419922,0.845427,-2.44928e-08,0.36758,1,0
6.29883,0.439453,0.742977,-1.4216e-08,0.369532,1,0
6.29883,0.458984,0.58805,-6.35315e-09,0.369532,1,0
6.31836,0.439453,0.742977,-1.40796e-08,0.36758,1,0
6.31836,0.458984,0.58805,-6.30635e-09,0.36758,1,0
6.33789,0.322266,0.993736,-6.81035e-08,0.365629,1,0
6.33789,0.341797,0.986681,-6.42311e-08,0.365629,1,0
6.35742,0.322266,0.993736,-6.76748e-08,0.363677,1,0
6.35742,0.341797,0.986681,-6.37802e-08,0.363677,1,0
6.33789,0.361328,0.973593,-5.70753e-08,0.365629,1,0
6.33789,0.380859,0.950305,-4.72687e-08,0.365629,1,0
6.35742,0.361328,0.973593,-5.66363e-08,0.363677,1,0
6.35742,0.380859,0.950305,-4.68746e-08,0.363677,1,0
6.37695,0.322266,0.993736,-6.72361e-08,0.361725,1,0
6.37695,0.341797,0.986681,-6.33232e-08,0.361725,1,0
6.39648,0.322266,0.993736,-6.67884e-08,0.359774,1,0
6.39648,0.341797,0.986681,-6.28607e-08,0.359774,1,0
6.37695,0.361328,0.973593,-5.61944e-08,0.361725,1,0
6.37695,0.380859,0.950305,-4.6484e-08,0.361725,1,0
6.39648,0.361328,0.973593,-5.57499e-08,0.359774,1,0
6.39648,0.380859,0.950305,-4.60885e-08,0.359774,1,0
6.33789,0.400391,0.910551,-3.57921e-08,0.365629,1,0
6.33789,0.419922,0.845427,-2.42781e-08,0.365629,1,0
6.35742,0.400391,0.910551,-3.54855e-08,0.363677,1,0
6.35742,0.419922,0.845427,-2.40447e-08,0.363677,1,0
6.33789,0.439453,0.742977,-1.39498e-08,0.365629,1,0
6.33789,0.458984,0.58805,-6.23371e-09,0.365629,1,0
6.35742,0.439453,0.742977,-1.38141e-08,0.363677,1,0
6.35742,0.458984,0.58805,-6.18768e-09,0.363677,1,0
6.37695,0.400391,0.910551,-3.51619e-08,0.361725,1,0
6.37695,0.419922,0.845427,-2.38315e-08,0.361725,1,0
6.39648,0.400391,0.910551,-3.48564e-08,0.359774,1,0
6.39648,0.419922,0.845427,-2.3599e-08,0.359774,1,0
6.37695,0.439453,0.742977,-1.36854e-08,0.361725,1,0
6.37695,0.458984,0.58805,-6.11502e-09,0.361725,1,0
6.39648,0.439453,0.742977,-1.35506e-08,0.359774,1,0
6.39648,0.458984,0.58805,-6.06983e-09,0.359774,1,0
6.25977,0.478516,0.362538,-1.22718e-09,0.373435,1,0
6.25977,0.498047,0.0460393,6.67535e-10,0.373435,0.6,0
6.2793,0.478516,0.362538,-1.21129e-09,0.371484,1,0
6.2793,0.498047,0.0460393,6.6228e-10,0.371484,0.6,0
6.29883,0.478516,0.362538,-1.20823e-09,0.369532,1,0
6.29883,0.498047,0.0460393,6.50576e-10,0.369532,0.6,0
6.31836,0.478516,0.362538,-1.19217e-09,0.36758,1,0
6.31836,0.498047,0.0460393,6.45431e-10,0.36758,0.6,0
6.33789,0.478516,0.362538,-1.18932e-09,0.365629,1,0
6.33789,0.498047,0.0460393,6.33647e-10,0.365629,0.6,0
6.35742,0.478516,0.362538,-1.17309e-09,0.363677,1,0
6.35742,0.498047,0.0460393,6.28621e-10,0.363677,0.6,0
6.37695,0.478516,0.362538,-1.17047e-09,0.361725,1,0
6.37695,0.498047,0.0460393,6.16765e-10,0.361725,0.6,0
6.39648,0.478516,0.362538,-1.1541e-09,0.359774,1,0
6.39648,0.498047,0.0460393,6.11869e-10,0.359774,0.6,0
6.41602,0.322266,0.993736,-6.63323e-08,0.357822,1,0
6.41602,0.341797,0.986681,-6.23932e-08,0.357822,1,0
6.43555,0.322266,0.993736,-6.58687e-08,0.355871,1,0
6.43555,0.341797,0.986681,-6.19215e-08,0.355871,1,0
6.41602,0.361328,0.973593,-5.53033e-08,0.357822,1,0
6.41602,0.380859,0.950305,-4.56972e-08,0.357822,1,0
6.43555,0.361328,0.973593,-5.48549e-08,0.355871,1,0
6.43555,0.380859,0.950305,-4.53013e-08,0.355871,1,0
6.45508,0.322266,0.993736,-6.53984e-08,0.353919,1,0
6.45508,0.341797,0.986681,-6.1446e-08,0.353919,1,0
6.47461,0.322266,0.993736,-6.49221e-08,0.351967,1,0
6.47461,0.341797,0.986681,-6.09673e-08,0.351967,1,0
6.45508,0.361328,0.973593,-5.44051e-08,0.353919,1,0
6.45508,0.380859,0.950305,-4.491e-08,0.353919,1,0
6.47461,0.361328,0.973593,-5.39543e-08,0.351967,1,0
6.47461,0.380859,0.950305,-4.45144e-08,0.351967,1,0
6.41602,0.400391,0.910551,-3.45336e-08,0.357822,1,0
6.41602,0.419922,0.845427,-2.33875e-08,0.357822,1,0
6.43555,0.400391,0.910551,-3.42296e-08,0.355871,1,0
6.43555,0.419922,0.845427,-2.31563e-08,0.355871,1,0
6.41602,0.439453,0.742977,-1.3423e-08,0.357822,1,0
6.41602,0.458984,0.58805,-5.99721e-09,0.357822,1,0
6.43555,0.439453,0.742977,-1.32891e-08,0.355871,1,0
6.43555,0.458984,0.58805,-5.95292e-09,0.355871,1,0
6.45508,0.400391,0.910551,-3.3908e-08,0.353919,1,0
6.45508,0.419922,0.845427,-2.29467e-08,0.353919,1,0
6.47461,0.400391,0.910551,-3.36059e-08,0.351967,1,0
6.47461,0.419922,0.845427,-2.27168e-08,0.351967,1,0
6.45508,0.439453,0.742977,-1.31627e-08,0.353919,1,0
6.45508,0.458984,0.58805,-5.88041e-09,0.353919,1,0
6.47461,0.439453,0.742977,-1.30299e-08,0.351967,1,0
6.47461,0.458984,0.58805,-5.83708e-09,0.351967,1,0
6.49414,0.322266,0.993736,-6.44405e-08,0.350016,1,0
6.49414,0.341797,0.986681,-6.04858e-08,0.350016,1,0
6.51367,0.322266,0.993736,-6.39545e-08,0.348064,1,0
6.51367,0.341797,0.986681,-6.00022e-08,0.348064,1,0
6.49414,0.361328,0.973593,-5.35027e-08,0.350016,1,0
6.49414,0.380859,0.950305,-4.4124e-08,0.350016,1,0
6.51367,0.361328,0.973593,-5.30507e-08,0.348064,1,0
6.51367,0.380859,0.950305,-4.37294e-08,0.348064,1,0
6.5332,0.322266,0.993736,-6.34647e-08,0.346112,1,0
6.5332,0.341797,0.986681,-5.95169e-08,0.346112,1,0
6.55273,0.322266,0.993736,-6.29717e-08,0.344161,1,0
6.55273,0.341797,0.986681,-5.90302e-08,0.344161,1,0
6.5332,0.361328,0.973593,-5.25985e-08,0.346112,1,0
6.5332,0.380859,0.950305,-4.33404e-08,0.346112,1,0
6.55273,0.361328,0.973593,-5.21464e-08,0.344161,1,0
6.55273,0.380859,0.950305,-4.29474e-08,0.344161,1,0
6.49414,0.400391,0.910551,-3.32858e-08,0.350016,1,0
6.49414,0.419922,0.845427,-2.25093e-08,0.350016,1,0
6.51367,0.400391,0.910551,-3.2986e-08,0.348064,1,0
6.51367,0.419922,0.845427,-2.2281e-08,0.348064,1,0
6.49414,0.439453,0.742977,-1.29048e-08,0.350016,1,0
6.49414,0.458984,0.58805,-5.76473e-09,0.350016,1,0
6.51367,0.439453,0.742977,-1.27731e-08,0.348064,1,0
6.51367,0.458984,0.58805,-5.72241e-09,0.348064,1,0
6.5332,0.400391,0.910551,-3.26677e-08,0.346112,1,0
6.5332,0.419922,0.845427,-2.20757e-08,0.346112,1,0
6.55273,0.400391,0.910551,-3.23704e-08,0.344161,1,0
6.55273,0.419922,0.845427,-2.1849e-08,0.344161,1,0
6.5332,0.439453,0.742977,-1.26495e-08,0.346112,1,0
6.5332,0.458984,0.58805,-5.65023e-09,0.346112,1,0
6.55273,0.439453,0.742977,-1.2519e-08,0.344161,1,0
6.55273,0.458984,0.58805,-5.60895e-09,0.344161,1,0
6.41602,0.478516,0.362538,-1.15173e-09,0.357822,1,0
6.41602,0.498047,0.0460393,5.99951e-10,0.357822,0.6,0
6.43555,0.478516,0.362538,-1.13525e-09,0.355871,1,0
6.43555,0.498047,0.0460393,5.95198e-10,0.355871,0.6,0
6.45508,0.478516,0.362538,-1.13317e-09,0.353919,1,0
6.45508,0.498047,0.0460393,5.83229e-10,0.353919,0.6,0
6.47461,0.478516,0.362538,-1.11659e-09,0.351967,1,0
6.47461,0.498047,0.0460393,5.78634e-10,0.351967,0.6,0
6.49414,0.478516,0.362538,-1.11482e-09,0.350016,1,0
6.49414,0.498047,0.0460393,5.66624e-10,0.350016,0.6,0
6.51367,0.478516,0.362538,-1.09816e-09,0.348064,1,0
6.51367,0.498047,0.0460393,5.62199e-10,0.348064,0.6,0
6.5332,0.478516,0.362538,-1.0967e-09,0.346112,1,0
6.5332,0.498047,0.0460393,5.50157e-10,0.346112,0.6,0
6.55273,0.478516,0.362538,-1.07995e-09,0.344161,1,0
6.55273,0.498047,0.0460393,5.45909e-10,0.344161,0.6,0
6.57227,0.00976562,1.00075,1.35551e-09,0.342209,1,0
6.57227,0.0292969,1.00075,2.69945e-09,0.342209,1,0
6.5918,0.00976562,1.00075,1.35767e-09,0.340258,1,0
6.5918,0.0292969,1.00075,2.70709e-09,0.340258,1,0
6.57227,0.0488281,1.00075,3.05231e-09,0.342209,1,0
6.57227,0.0683594,1.00075,2.611e-09,0.342209,1,0
6.5918,0.0488281,1.00075,3.06926e-09,0.340258,1,0
6.5918,0.0683594,1.00075,2.64095e-09,0.340258,1,0
6.61133,0.00976562,1.00075,1.35959e-09,0.338306,1,0
6.61133,0.0292969,1.00075,2.71451e-09,0.338306,1,0
6.63086,0.00976562,1.00075,1.36123e-09,0.336354,1,0
6.63086,0.0292969,1.00075,2.72156e-09,0.336354,1,0
6.61133,0.0488281,1.00075,3.08649e-09,0.338306,1,0
6.61133,0.0683594,1.00075,2.6719e-09,0.338306,1,0
6.63086,0.0488281,1.00075,3.10362e-09,0.336354,1,0
6.63086,0.0683594,1.00075,2.70322e-09,0.336354,1,0
6.57227,0.0878906,1.00075,6.78332e-10,0.342209,1,0
6.57227,0.107422,1.00075,-2.57221e-09,0.342209,1,0
6.5918,0.0878906,1.00075,7.24934e-10,0.340258,1,0
6.5918,0.107422,1.00075,-2.50442e-09,0.340258,1,0
6.57227,0.126953,1.00075,-7.34167e-09,0.342209,1,0
6.57227,0.146484,1.00075,-1.33578e-08,0.342209,1,0
6.5918,0.126953,1.00075,-7.24776e-09,0.340258,1,0
6.5918,0.146484,1.00075,-1.32321e-08,0.340258,1,0
6.61133,0.0878906,1.00075,7.7351e-10,0.338306,1,0
6.61133,0.107422,1.00075,-2.43358e-09,0.338306,1,0
6.63086,0.0878906,1.00075,8.2324e-10,0.336354,1,0
6.63086,0.107422,1.00075,-2.3607e-09,0.336354,1,0
6.61133,0.126953,1.00075,-7.14968e-09,0.338306,1,0
6.61133,0.146484,1.00075,-1.31013e-08,0.338306,1,0
6.63086,0.126953,1.00075,-7.04863e-09,0.336354,1,0
6.63086,0.146484,1.00075,-1.29665e-08,0.336354,1,0
6.65039,0.00976562,1.00075,1.36261e-09,0.334403,1,0
6.65039,0.0292969,1.00075,2.72812e-09,0.334403,1,0
6.66992,0.00976562,1.00075,1.3637e-09,0.332451,1,0
6.66992,0.0292969,1.00075,2.73402e-09,0.332451,1,0
6.65039,0.0488281,1.00075,3.12028e-09,0.334403,1,0
6.65039,0.0683594,1.00075,2.73447e-09,0.334403,1,0
6.66992,0.0488281,1.00075,3.13636e-09,0.332451,1,0
6.66992,0.0683594,1.00075,2.76549e-09,0.332451,1,0
6.68945,0.00976562,1.00075,1.36446e-09,0.330499,1,0
6.68945,0.0292969,1.00075,2.73932e-09,0.330499,1,0
6.70898,0.00976562,1.00075,1.36502e-09,0.328548,1,0
6.70898,0.0292969,1.00075,2.74433e-09,0.328548,1,0
6.68945,0.0488281,1.00075,3.15198e-09,0.330499,1,0
6.68945,0.0683594,1.00075,2.79605e-09,0.330499,1,0
6.70898,0.0488281,1.00075,3.16709e-09,0.328548,1,0
6.70898,0.0683594,1.00075,2.82576e-09,0.328548,1,0
6.65039,0.0878906,1.00075,8.73563e-10,0.334403,1,0
6.65039,0.107422,1.00075,-2.28657e-09,0.334403,1,0
6.66992,0.0878906,1.00075,9.24006e-10,0.332451,1,0
6.66992,0.107422,1.00075,-2.21185e-09,0.332451,1,0
6.65039,0.126953,1.00075,-6.94553e-09,0.334403,1,0
6.65039,0.146484,1.00075,-1.28288e-08,0.334403,1,0
6.66992,0.126953,1.00075,-6.84112e-09,0.332451,1,0
6.66992,0.146484,1.00075,-1.26891e-08,0.332451,1,0
6.68945,0.0878906,1.00075,9.74063e-10,0.330499,1,0
6.68945,0.107422,1.00075,-2.13697e-09,0.330499,1,0
6.70898,0.0878906,1.00075,1.02352e-09,0.328548,1,0
6.70898,0.107422,1.00075,-2.06207e-09,0.328548,1,0
6.68945,0.126953,1.00075,-6.73582e-09,0.330499,1,0
6.68945,0.146484,1.00075,-1.25477e-08,0.330499,1,0
6.70898,0.126953,1.00075,-6.6298e-09,0.328548,1,0
6.70898,0.146484,1.00075,-1.24049e-08,0.328548,1,0
6.57227,0.166016,1.00074,-2.04659e-08,0.342209,1,0
6.57227,0.185547,1.00073,-2.82577e-08,0.342209,1,0
6.5918,0.166016,1.00074,-2.03028e-08,0.340258,1,0
6.5918,0.185547,1.00073,-2.80516e-08,0.340258,1,0
6.57227,0.205078,1.0007,-3.63556e-08,0.342209,1,0
6.57227,0.224609,1.00063,-4.42587e-08,0.342209,1,0
6.5918,0.205078,1.0007,-3.61018e-08,0.340258,1,0
6.5918,0.224609,1.00063,-4.39537e-08,0.340258,1,0
6.61133,0.166016,1.00074,-2.01336e-08,0.338306,1,0
6.61133,0.185547,1.00073,-2.78388e-08,0.338306,1,0
6.63086,0.166016,1.00074,-1.99597e-08,0.336354,1,0
6.63086,0.185547,1.00073,-2.76206e-08,0.336354,1,0
6.61133,0.205078,1.0007,-3.58409e-08,0.338306,1,0
6.61133,0.224609,1.00063,-4.36418e-08,0.338306,1,0
6.63086,0.205078,1.0007,-3.55743e-08,0.336354,1,0
6.63086,0.224609,1.00063,-4.33241e-08,0.336354,1,0
6.57227,0.244141,1.00045,-5.14675e-08,0.342209,1,0
6.57227,0.263672,1.00006,-5.74312e-08,0.342209,1,0
6.5918,0.244141,1.00045,-5.11103e-08,0.340258,1,0
6.5918,0.263672,1.00006,-5.70236e-08,0.340258,1,0
6.57227,0.283203,0.999196,-6.1592e-08,0.342209,1,0
6.57227,0.302734,0.997385,-6.34253e-08,0.342209,1,0
6.5918,0.283203,0.999196,-6.11406e-08,0.340258,1,0
6.5918,0.302734,0.997385,-6.29417e-08,0.340258,1,0
6.61133,0.244141,1.00045,-5.07465e-08,0.338306,1,0
6.61133,0.263672,1.00006,-5.66105e-08,0.338306,1,0
6.63086,0.244141,1.00045,-5.03774e-08,0.336354,1,0
6.63086,0.263672,1.00006,-5.61925e-08,0.336354,1,0
6.61133,0.283203,0.999196,-6.06847e-08,0.338306,1,0
6.61133,0.302734,0.997385,-6.24551e-08,0.338306,1,0
6.63086,0.283203,0.999196,-6.0225e-08,0.336354,1,0
6.63086,0.302734,0.997385,-6.19659e-08,0.336354,1,0
6.65039,0.166016,1.00074,-1.97821e-08,0.334403,1,0
6.65039,0.185547,1.00073,-2.73981e-08,0.334403,1,0
6.66992,0.166016,1.00074,-1.96016e-08,0.332451,1,0
6.66992,0.185547,1.00073,-2.71721e-08,0.332451,1,0
6.65039,0.205078,1.0007,-3.5303e-08,0.334403,1,0
6.65039,0.224609,1.00063,-4.30016e-08,0.334403,1,0
6.66992,0.205078,1.0007,-3.50278e-08,0.332451,1,0
6.66992,0.224609,1.00063,-4.26749e-08,0.332451,1,0
6.68945,0.166016,1.00074,-1.94188e-08,0.330499,1,0
6.68945,0.185547,1.00073,-2.69431e-08,0.330499,1,0
6.70898,0.166016,1.00074,-1.92339e-08,0.328548,1,0
6.70898,0.185547,1.00073,-2.67114e-08,0.328548,1,0
6.68945,0.205078,1.0007,-3.47491e-08,0.330499,1,0
6.68945,0.224609,1.00063,-4.23447e-08,0.330499,1,0
6.70898,0.205078,1.0007,-3.44673e-08,0.328548,1,0
6.70898,0.224609,1.00063,-4.20111e-08,0.328548,1,0
6.65039,0.244141,1.00045,-5.00036e-08,0.334403,1,0
6.65039,0.263672,1.00006,-5.57705e-08,0.334403,1,0
6.66992,0.244141,1.00045,-4.96258e-08,0.332451,1,0
6.66992,0.263672,1.00006,-5.5345e-08,0.332451,1,0
6.65039,0.283203,0.999196,-5.97622e-08,0.334403,1,0
6.65039,0.302734,0.997385,-6.14745e-08,0.334403,1,0
6.66992,0.283203,0.999196,-5.92966e-08,0.332451,1,0
6.66992,0.302734,0.997385,-6.09814e-08,0.332451,1,0
6.68945,0.244141,1.00045,-4.92445e-08,0.330499,1,0
6.68945,0.263672,1.00006,-5.49164e-08,0.330499,1,0
6.70898,0.244141,1.00045,-4.88601e-08,0.328548,1,0
6.70898,0.263672,1.00006,-5.4485e-08,0.328548,1,0
6.68945,0.283203,0.999196,-5.88285e-08,0.330499,1,0
6.68945,0.302734,0.997385,-6.04867e-08,0.330499,1,0
6.70898,0.283203,0.999196,-5.83583e-08,0.328548,1,0
6.70898,0.302734,0.997385,-5.99907e-08,0.328548,1,0
6.72852,0.00976562,1.00075,1.36558e-09,0.326596,1,0
6.72852,0.0292969,1.00075,2.74912e-09,0.326596,1,0
6.74805,0.00976562,1.00075,1.36603e-09,0.324645,1,0
6.74805,0.0292969,1.00075,2.75347e-09,0.324645,1,0
6.72852,0.0488281,1.00075,3.18145e-09,0.326596,1,0
6.72852,0.0683594,1.00075,2.85461e-09,0.326596,1,0
6.74805,0.0488281,1.00075,3.19511e-09,0.324645,1,0
6.74805,0.0683594,1.00075,2.88287e-09,0.324645,1,0
6.76758,0.00976562,1.00075,1.36611e-09,0.322693,1,0
6.76758,0.0292969,1.00075,2.75718e-09,0.322693,1,0
6.78711,0.00976562,1.00075,1.36565e-09,0.320741,1,0
6.78711,0.0292969,1.00075,2.76013e-09,0.320741,1,0
6.76758,0.0488281,1.00075,3.20824e-09,0.322693,1,0
6.76758,0.0683594,1.00075,2.91079e-09,0.322693,1,0
6.78711,0.0488281,1.00075,3.22094e-09,0.320741,1,0
6.78711,0.0683594,1.00075,2.93851e-09,0.320741,1,0
6.72852,0.0878906,1.00075,1.07252e-09,0.326596,1,0
6.72852,0.107422,1.00075,-1.9871e-09,0.326596,1,0
6.74805,0.0878906,1.00075,1.12128e-09,0.324645,1,0
6.74805,0.107422,1.00075,-1.91194e-09,0.324645,1,0
6.72852,0.126953,1.00075,-6.52308e-09,0.326596,1,0
6.72852,0.146484,1.00075,-1.22607e-08,0.326596,1,0
6.74805,0.126953,1.00075,-6.41558e-09,0.324645,1,0
6.74805,0.146484,1.00075,-1.21151e-08,0.324645,1,0
6.76758,0.0878906,1.00075,1.17001e-09,0.322693,1,0
6.76758,0.107422,1.00075,-1.83639e-09,0.322693,1,0
6.78711,0.0878906,1.00075,1.2189e-09,0.320741,1,0
6.78711,0.107422,1.00075,-1.7603e-09,0.320741,1,0
6.76758,0.126953,1.00075,-6.30717e-09,0.322693,1,0
6.76758,0.146484,1.00075,-1.19681e-08,0.322693,1,0
6.78711,0.126953,1.00075,-6.19774e-09,0.320741,1,0
6.78711,0.146484,1.00075,-1.18195e-08,0.320741,1,0
6.80664,0.00976562,1.00075,1.36458e-09,0.31879,1,0
6.80664,0.0292969,1.00075,2.76233e-09,0.31879,1,0
6.82617,0.00976562,1.00075,1.36302e-09,0.316838,1,0
6.82617,0.0292969,1.00075,2.76391e-09,0.316838,1,0
6.80664,0.0488281,1.00075,3.2333e-09,0.31879,1,0
6.80664,0.0683594,1.00075,2.9661e-09,0.31879,1,0
6.82617,0.0488281,1.00075,3.24535e-09,0.316838,1,0
6.82617,0.0683594,1.00075,2.9936e-09,0.316838,1,0
6.8457,0.00976562,1.00075,1.36116e-09,0.314887,1,0
6.8457,0.0292969,1.00075,2.76509e-09,0.314887,1,0
6.86523,0.00976562,1.00075,1.35922e-09,0.312935,1,0
6.86523,0.0292969,1.00075,2.76605e-09,0.312935,1,0
6.8457,0.0488281,1.00075,3.25713e-09,0.314887,1,0
6.8457,0.0683594,1.00075,3.02097e-09,0.314887,1,0
6.86523,0.0488281,1.00075,3.26859e-09,0.312935,1,0
6.86523,0.0683594,1.00075,3.04814e-09,0.312935,1,0
6.80664,0.0878906,1.00075,1.26805e-09,0.31879,1,0
6.80664,0.107422,1.00075,-1.68358e-09,0.31879,1,0
6.82617,0.0878906,1.00075,1.31747e-09,0.316838,1,0
6.82617,0.107422,1.00075,-1.60624e-09,0.316838,1,0
6.80664,0.126953,1.00075,-6.08721e-09,0.31879,1,0
6.80664,0.146484,1.00075,-1.16693e-08,0.31879,1,0
6.82617,0.126953,1.00075,-5.97564e-09,0.316838,1,0
6.82617,0.146484,1.00075,-1.15178e-08,0.316838,1,0
6.8457,0.0878906,1.00075,1.36709e-09,0.314887,1,0
6.8457,0.107422,1.00075,-1.52839e-09,0.314887,1,0
6.86523,0.0878906,1.00075,1.41672e-09,0.312935,1,0
6.86523,0.107422,1.00075,-1.45026e-09,0.312935,1,0
6.8457,0.126953,1.00075,-5.86317e-09,0.314887,1,0
6.8457,0.146484,1.00075,-1.13649e-08,0.314887,1,0
6.86523,0.126953,1.00075,-5.75009e-09,0.312935,1,0
6.86523,0.146484,1.00075,-1.12111e-08,0.312935,1,0
6.72852,0.166016,1.00074,-1.90469e-08,0.326596,1,0
6.72852,0.185547,1.00073,-2.64772e-08,0.326596,1,0
6.74805,0.166016,1.00074,-1.8858e-08,0.324645,1,0
6.74805,0.185547,1.00073,-2.62405e-08,0.324645,1,0
6.72852,0.205078,1.0007,-3.41826e-08,0.326596,1,0
6.72852,0.224609,1.00063,-4.16745e-08,0.326596,1,0
6.74805,0.205078,1.0007,-3.38951e-08,0.324645,1,0
6.74805,0.224609,1.00063,-4.1335e-08,0.324645,1,0
6.76758,0.166016,1.00074,-1.8667e-08,0.322693,1,0
6.76758,0.185547,1.00073,-2.60013e-08,0.322693,1,0
6.78711,0.166016,1.00074,-1.84741e-08,0.320741,1,0
6.78711,0.185547,1.00073,-2.57598e-08,0.320741,1,0
6.76758,0.205078,1.0007,-3.36048e-08,0.322693,1,0
6.76758,0.224609,1.00063,-4.09926e-08,0.322693,1,0
6.78711,0.205078,1.0007,-3.3312e-08,0.320741,1,0
6.78711,0.224609,1.00063,-4.06476e-08,0.320741,1,0
6.72852,0.244141,1.00045,-4.84727e-08,0.326596,1,0
6.72852,0.263672,1.00006,-5.4051e-08,0.326596,1,0
6.74805,0.244141,1.00045,-4.80824e-08,0.324645,1,0
6.74805,0.263672,1.00006,-5.36145e-08,0.324645,1,0
6.72852,0.283203,0.999196,-5.78862e-08,0.326596,1,0
6.72852,0.302734,0.997385,-5.94936e-08,0.326596,1,0
6.74805,0.283203,0.999196,-5.74123e-08,0.324645,1,0
6.74805,0.302734,0.997385,-5.89955e-08,0.324645,1,0
6.76758,0.244141,1.00045,-4.76896e-08,0.322693,1,0
6.76758,0.263672,1.00006,-5.31759e-08,0.322693,1,0
6.78711,0.244141,1.00045,-4.72942e-08,0.320741,1,0
6.78711,0.263672,1.00006,-5.27351e-08,0.320741,1,0
6.76758,0.283203,0.999196,-5.69367e-08,0.322693,1,0
6.76758,0.302734,0.997385,-5.84966e-08,0.322693,1,0
6.78711,0.283203,0.999196,-5.64598e-08,0.320741,1,0
6.78711,0.302734,0.997385,-5.79971e-08,0.320741,1,0
6.80664,0.166016,1.00074,-1.82792e-08,0.31879,1,0
6.80664,0.185547,1.00073,-2.55159e-08,0.31879,1,0
6.82617,0.166016,1.00074,-1.80824e-08,0.316838,1,0
6.82617,0.185547,1.00073,-2.52699e-08,0.316838,1,0
6.80664,0.205078,1.0007,-3.30166e-08,0.31879,1,0
6.80664,0.224609,1.00063,-4.03001e-08,0.31879,1,0
6.82617,0.205078,1.0007,-3.27189e-08,0.316838,1,0
6.82617,0.224609,1.00063,-3.99503e-08,0.316838,1,0
6.8457,0.166016,1.00074,-1.7884e-08,0.314887,1,0
6.8457,0.185547,1.00073,-2.50221e-08,0.314887,1,0
6.86523,0.166016,1.00074,-1.76844e-08,0.312935,1,0
6.86523,0.185547,1.00073,-2.47728e-08,0.312935,1,0
6.8457,0.205078,1.0007,-3.24192e-08,0.314887,1,0
6.8457,0.224609,1.00063,-3.95985e-08,0.314887,1,0
6.86523,0.205078,1.0007,-3.2118e-08,0.312935,1,0
6.86523,0.224609,1.00063,-3.92453e-08,0.312935,1,0
6.80664,0.244141,1.00045,-4.68965e-08,0.31879,1,0
6.80664,0.263672,1.00006,-5.22926e-08,0.31879,1,0
6.82617,0.244141,1.00045,-4.64968e-08,0.316838,1,0
6.82617,0.263672,1.00006,-5.18484e-08,0.316838,1,0
6.80664,0.283203,0.999196,-5.59816e-08,0.31879,1,0
6.80664,0.302734,0.997385,-5.74972e-08,0.31879,1,0
6.82617,0.283203,0.999196,-5.55025e-08,0.316838,1,0
6.82617,0.302734,0.997385,-5.69971e-08,0.316838,1,0
6.8457,0.244141,1.00045,-4.60955e-08,0.314887,1,0
6.8457,0.263672,1.00006,-5.14031e-08,0.314887,1,0
6.86523,0.244141,1.00045,-4.56929e-08,0.312935,1,0
6.86523,0.263672,1.00006,-5.09569e-08,0.312935,1,0
6.8457,0.283203,0.999196,-5.50228e-08,0.314887,1,0
6.8457,0.302734,0.997385,-5.64971e-08,0.314887,1,0
6.86523,0.283203,0.999196,-5.45429e-08,0.312935,1,0
6.86523,0.302734,0.997385,-5.59975e-08,0.312935,1,0
6.57227,0.322266,0.993736,-6.24761e-08,0.342209,1,0
6.57227,0.341797,0.986681,-5.85426e-08,0.342209,1,0
6.5918,0.322266,0.993736,-6.19785e-08,0.340258,1,0
6.5918,0.341797,0.986681,-5.80544e-08,0.340258,1,0
6.57227,0.361328,0.973593,-5.16946e-08,0.342209,1,0
6.57227,0.380859,0.950305,-4.25604e-08,0.342209,1,0
6.5918,0.361328,0.973593,-5.12432e-08,0.340258,1,0
6.5918,0.380859,0.950305,-4.21694e-08,0.340258,1,0
6.61133,0.322266,0.993736,-6.14792e-08,0.338306,1,0
6.61133,0.341797,0.986681,-5.75658e-08,0.338306,1,0
6.63086,0.322266,0.993736,-6.09786e-08,0.336354,1,0
6.63086,0.341797,0.986681,-5.70772e-08,0.336354,1,0
6.61133,0.361328,0.973593,-5.07925e-08,0.338306,1,0
6.61133,0.380859,0.950305,-4.17847e-08,0.338306,1,0
6.63086,0.361328,0.973593,-5.03426e-08,0.336354,1,0
6.63086,0.380859,0.950305,-4.1396e-08,0.336354,1,0
6.57227,0.400391,0.910551,-3.20542e-08,0.342209,1,0
6.57227,0.419922,0.845427,-2.16461e-08,0.342209,1,0
6.5918,0.400391,0.910551,-3.17596e-08,0.340258,1,0
6.5918,0.419922,0.845427,-2.14211e-08,0.340258,1,0
6.57227,0.439453,0.742977,-1.23967e-08,0.342209,1,0
6.57227,0.458984,0.58805,-5.53695e-09,0.342209,1,0
6.5918,0.439453,0.742977,-1.22674e-08,0.340258,1,0
6.5918,0.458984,0.58805,-5.49671e-09,0.340258,1,0
6.61133,0.400391,0.910551,-3.14456e-08,0.338306,1,0
6.61133,0.419922,0.845427,-2.12206e-08,0.338306,1,0
6.63086,0.400391,0.910551,-3.11538e-08,0.336354,1,0
6.63086,0.419922,0.845427,-2.09974e-08,0.336354,1,0
6.61133,0.439453,0.742977,-1.21466e-08,0.338306,1,0
6.61133,0.458984,0.58805,-5.42489e-09,0.338306,1,0
6.63086,0.439453,0.742977,-1.20185e-08,0.336354,1,0
6.63086,0.458984,0.58805,-5.38571e-09,0.336354,1,0
6.65039,0.322266,0.993736,-6.04771e-08,0.334403,1,0
6.65039,0.341797,0.986681,-5.65885e-08,0.334403,1,0
6.66992,0.322266,0.993736,-5.99748e-08,0.332451,1,0
6.66992,0.341797,0.986681,-5.61001e-08,0.332451,1,0
6.65039,0.361328,0.973593,-4.98935e-08,0.334403,1,0
6.65039,0.380859,0.950305,-4.10139e-08,0.334403,1,0
6.66992,0.361328,0.973593,-4.94453e-08,0.332451,1,0
6.66992,0.380859,0.950305,-4.06277e-08,0.332451,1,0
6.68945,0.322266,0.993736,-5.9472e-08,0.330499,1,0
6.68945,0.341797,0.986681,-5.56121e-08,0.330499,1,0
6.70898,0.322266,0.993736,-5.89687e-08,0.328548,1,0
6.70898,0.341797,0.986681,-5.51246e-08,0.328548,1,0
6.68945,0.361328,0.973593,-4.89982e-08,0.330499,1,0
6.68945,0.380859,0.950305,-4.02485e-08,0.330499,1,0
6.70898,0.361328,0.973593,-4.85522e-08,0.328548,1,0
6.70898,0.380859,0.950305,-3.9865e-08,0.328548,1,0
6.65039,0.400391,0.910551,-3.08421e-08,0.334403,1,0
6.65039,0.419922,0.845427,-2.07993e-08,0.334403,1,0
6.66992,0.400391,0.910551,-3.05533e-08,0.332451,1,0
6.66992,0.419922,0.845427,-2.05779e-08,0.332451,1,0
6.65039,0.439453,0.742977,-1.18992e-08,0.334403,1,0
6.65039,0.458984,0.58805,-5.31406e-09,0.334403,1,0
6.66992,0.439453,0.742977,-1.17723e-08,0.332451,1,0
6.66992,0.458984,0.58805,-5.27594e-09,0.332451,1,0
6.68945,0.400391,0.910551,-3.0244e-08,0.330499,1,0
6.68945,0.419922,0.845427,-2.03824e-08,0.330499,1,0
6.70898,0.400391,0.910551,-2.99583e-08,0.328548,1,0
6.70898,0.419922,0.845427,-2.01628e-08,0.328548,1,0
6.68945,0.439453,0.742977,-1.16545e-08,0.330499,1,0
6.68945,0.458984,0.58805,-5.20448e-09,0.330499,1,0
6.70898,0.439453,0.742977,-1.15289e-08,0.328548,1,0
6.70898,0.458984,0.58805,-5.16746e-09,0.328548,1,0
6.57227,0.478516,0.362538,-1.0788e-09,0.342209,1,0
6.57227,0.498047,0.0460393,5.33837e-10,0.342209,0.6,0
6.5918,0.478516,0.362538,-1.06194e-09,0.340258,1,0
6.5918,0.498047,0.0460393,5.29771e-10,0.340258,0.6,0
6.61133,0.478516,0.362538,-1.0611e-09,0.338306,1,0
6.61133,0.498047,0.0460393,5.17669e-10,0.338306,0.6,0
6.63086,0.478516,0.362538,-1.04413e-09,0.336354,1,0
6.63086,0.498047,0.0460393,5.13784e-10,0.336354,0.6,0
6.65039,0.478516,0.362538,-1.04358e-09,0.334403,1,0
6.65039,0.498047,0.0460393,5.01648e-10,0.334403,0.6,0
6.66992,0.478516,0.362538,-1.0265e-09,0.332451,1,0
6.66992,0.498047,0.0460393,4.97946e-10,0.332451,0.6,0
6.68945,0.478516,0.362538,-1.02628e-09,0.330499,1,0
6.68945,0.498047,0.0460393,4.85777e-10,0.330499,0.6,0
6.70898,0.478516,0.362538,-1.0091e-09,0.328548,1,0
6.70898,0.498047,0.0460393,4.82261e-10,0.328548,0.6,0
6.72852,0.322266,0.993736,-5.84653e-08,0.326596,1,0
6.72852,0.341797,0.986681,-5.46376e-08,0.326596,1,0
6.74805,0.322266,0.993736,-5.79617e-08,0.324645,1,0
6.74805,0.341797,0.986681,-5.41513e-08,0.324645,1,0
6.72852,0.361328,0.973593,-4.81074e-08,0.326596,1,0
6.72852,0.380859,0.950305,-3.94887e-08,0.326596,1,0
6.74805,0.361328,0.973593,-4.76639e-08,0.324645,1,0
6.74805,0.380859,0.950305,-3.91083e-08,0.324645,1,0
6.76758,0.322266,0.993736,-5.74582e-08,0.322693,1,0
6.76758,0.341797,0.986681,-5.36659e-08,0.322693,1,0
6.78711,0.322266,0.993736,-5.69549e-08,0.320741,1,0
6.78711,0.341797,0.986681,-5.31814e-08,0.320741,1,0
6.76758,0.361328,0.973593,-4.72218e-08,0.322693,1,0
6.76758,0.380859,0.950305,-3.87352e-08,0.322693,1,0
6.78711,0.361328,0.973593,-4.67811e-08,0.320741,1,0
6.78711,0.380859,0.950305,-3.83578e-08,0.320741,1,0
6.72852,0.400391,0.910551,-2.96515e-08,0.326596,1,0
6.72852,0.419922,0.845427,-1.99698e-08,0.326596,1,0
6.74805,0.400391,0.910551,-2.9369e-08,0.324645,1,0
6.74805,0.419922,0.845427,-1.97522e-08,0.324645,1,0
6.72852,0.439453,0.742977,-1.14126e-08,0.326596,1,0
6.72852,0.458984,0.58805,-5.09622e-09,0.326596,1,0
6.74805,0.439453,0.742977,-1.12883e-08,0.324645,1,0
6.74805,0.458984,0.58805,-5.06035e-09,0.324645,1,0
6.76758,0.400391,0.910551,-2.90648e-08,0.322693,1,0
6.76758,0.419922,0.845427,-1.95619e-08,0.322693,1,0
6.78711,0.400391,0.910551,-2.87856e-08,0.320741,1,0
6.78711,0.419922,0.845427,-1.93462e-08,0.320741,1,0
6.76758,0.439453,0.742977,-1.11736e-08,0.322693,1,0
6.76758,0.458984,0.58805,-4.98937e-09,0.322693,1,0
6.78711,0.439453,0.742977,-1.10507e-08,0.320741,1,0
6.78711,0.458984,0.58805,-4.95471e-09,0.320741,1,0
6.80664,0.322266,0.993736,-5.64519e-08,0.31879,1,0
6.80664,0.341797,0.986681,-5.2698e-08,0.31879,1,0
6.82617,0.322266,0.993736,-5.59496e-08,0.316838,1,0
6.82617,0.341797,0.986681,-5.22159e-08,0.316838,1,0
6.80664,0.361328,0.973593,-4.63419e-08,0.31879,1,0
6.80664,0.380859,0.950305,-3.79882e-08,0.31879,1,0
6.82617,0.361328,0.973593,-4.59044e-08,0.316838,1,0
6.82617,0.380859,0.950305,-3.76142e-08,0.316838,1,0
6.8457,0.322266,0.993736,-5.54481e-08,0.314887,1,0
6.8457,0.341797,0.986681,-5.17351e-08,0.314887,1,0
6.86523,0.322266,0.993736,-5.49476e-08,0.312935,1,0
6.86523,0.341797,0.986681,-5.12559e-08,0.312935,1,0
6.8457,0.361328,0.973593,-4.54687e-08,0.314887,1,0
6.8457,0.380859,0.950305,-3.72482e-08,0.314887,1,0
6.86523,0.361328,0.973593,-4.50348e-08,0.312935,1,0
6.86523,0.380859,0.950305,-3.68779e-08,0.312935,1,0
6.80664,0.400391,0.910551,-2.84842e-08,0.31879,1,0
6.80664,0.419922,0.845427,-1.91586e-08,0.31879,1,0
6.82617,0.400391,0.910551,-2.82085e-08,0.316838,1,0
6.82617,0.419922,0.845427,-1.89451e-08,0.316838,1,0
6.80664,0.439453,0.742977,-1.09377e-08,0.31879,1,0
6.80664,0.458984,0.58805,-4.88403e-09,0.31879,1,0
6.82617,0.439453,0.742977,-1.08163e-08,0.316838,1,0
6.82617,0.458984,0.58805,-4.85062e-09,0.316838,1,0
6.8457,0.400391,0.910551,-2.791e-08,0.314887,1,0
6.8457,0.419922,0.845427,-1.87604e-08,0.314887,1,0
6.86523,0.400391,0.910551,-2.76379e-08,0.312935,1,0
6.86523,0.419922,0.845427,-1.8549e-08,0.312935,1,0
6.8457,0.439453,0.742977,-1.07049e-08,0.314887,1,0
6.8457,0.458984,0.58805,-4.78027e-09,0.314887,1,0
6.86523,0.439453,0.742977,-1.0585e-08,0.312935,1,0
6.86523,0.458984,0.58805,-4.74815e-09,0.312935,1,0
6.72852,0.478516,0.362538,-1.00921e-09,0.326596,1,0
6.72852,0.498047,0.0460393,4.70064e-10,0.326596,0.6,0
6.74805,0.478516,0.362538,-9.9196e-10,0.324645,1,0
6.74805,0.498047,0.0460393,4.66745e-10,0.324645,0.6,0
6.76758,0.478516,0.362538,-9.92446e-10,0.322693,1,0
6.76758,0.498047,0.0460393,4.54529e-10,0.322693,0.6,0
6.78711,0.478516,0.362538,-9.7514e-10,0.320741,1,0
6.78711,0.498047,0.0460393,4.5142e-10,0.320741,0.6,0
6.80664,0.478516,0.362538,-9.76019e-10,0.31879,1,0
6.80664,0.498047,0.0460393,4.39196e-10,0.31879,0.6,0
6.82617,0.478516,0.362538,-9.58672e-10,0.316838,1,0
6.82617,0.498047,0.0460393,4.36312e-10,0.316838,0.6,0
6.8457,0.478516,0.362538,-9.59957e-10,0.314887,1,0
6.8457,0.498047,0.0460393,4.2409e-10,0.314887,0.6,0
6.86523,0.478516,0.362538,-9.42574e-10,0.312935,1,0
6.86523,0.498047,0.0460393,4.21444e-10,0.312935,0.6,0
6.88477,0.00976562,1.00075,1.35733e-09,0.310983,1,0
6.88477,0.0292969,1.00075,2.76689e-09,0.310983,1,0
6.9043,0.00976562,1.00075,1.35552e-09,0.309032,1,0
6.9043,0.0292969,1.00075,2.76755e-09,0.309032,1,0
6.88477,0.0488281,1.00075,3.27965e-09,0.310983,1,0
6.88477,0.0683594,1.00075,3.07492e-09,0.310983,1,0
6.9043,0.0488281,1.00075,3.29015e-09,0.309032,1,0
6.9043,0.0683594,1.00075,3.10107e-09,0.309032,1,0
6.92383,0.00976562,1.00075,1.35365e-09,0.30708,1,0
6.92383,0.0292969,1.00075,2.76779e-09,0.30708,1,0
6.94336,0.00976562,1.00075,1.35148e-09,0.305129,1,0
6.94336,0.0292969,1.00075,2.7673e-09,0.305129,1,0
6.92383,0.0488281,1.00075,3.29984e-09,0.30708,1,0
6.92383,0.0683594,1.00075,3.12626e-09,0.30708,1,0
6.94336,0.0488281,1.00075,3.30848e-09,0.305129,1,0
6.94336,0.0683594,1.00075,3.15017e-09,0.305129,1,0
6.88477,0.0878906,1.00075,1.46608e-09,0.310983,1,0
6.88477,0.107422,1.00075,-1.3722e-09,0.310983,1,0
6.9043,0.0878906,1.00075,1.51483e-09,0.309032,1,0
6.9043,0.107422,1.00075,-1.2946e-09,0.309032,1,0
6.88477,0.126953,1.00075,-5.63679e-09,0.310983,1,0
6.88477,0.146484,1.00075,-1.10569e-08,0.310983,1,0
6.9043,0.126953,1.00075,-5.52375e-09,0.309032,1,0
6.9043,0.146484,1.00075,-1.09026e-08,0.309032,1,0
6.92383,0.0878906,1.00075,1.56258e-09,0.30708,1,0
6.92383,0.107422,1.00075,-1.21792e-09,0.30708,1,0
6.94336,0.0878906,1.00075,1.60894e-09,0.305129,1,0
6.94336,0.107422,1.00075,-1.14261e-09,0.305129,1,0
6.92383,0.126953,1.00075,-5.41146e-09,0.30708,1,0
6.92383,0.146484,1.00075,-1.07489e-08,0.30708,1,0
6.94336,0.126953,1.00075,-5.30042e-09,0.305129,1,0
6.94336,0.146484,1.00075,-1.05962e-08,0.305129,1,0
6.96289,0.00976562,1.00075,1.34877e-09,0.303177,1,0
6.96289,0.0292969,1.00075,2.76573e-09,0.303177,1,0
6.98242,0.00976562,1.00075,1.34532e-09,0.301225,1,0
6.98242,0.0292969,1.00075,2.76283e-09,0.301225,1,0
6.96289,0.0488281,1.00075,3.31581e-09,0.303177,1,0
6.96289,0.0683594,1.00075,3.17248e-09,0.303177,1,0
6.98242,0.0488281,1.00075,3.32165e-09,0.301225,1,0
6.98242,0.0683594,1.00075,3.19293e-09,0.301225,1,0
7.00195,0.00976562,1.00075,1.34103e-09,0.299274,1,0
7.00195,0.0292969,1.00075,2.75845e-09,0.299274,1,0
7.02148,0.00976562,1.00075,1.3359e-09,0.297322,1,0
7.02148,0.0292969,1.00075,2.75263e-09,0.297322,1,0
7.00195,0.0488281,1.00075,3.32586e-09,0.299274,1,0
7.00195,0.0683594,1.00075,3.21136e-09,0.299274,1,0
7.02148,0.0488281,1.00075,3.32843e-09,0.297322,1,0
7.02148,0.0683594,1.00075,3.22771e-09,0.297322,1,0
6.96289,0.0878906,1.00075,1.65357e-09,0.303177,1,0
6.96289,0.107422,1.00075,-1.06906e-09,0.303177,1,0
6.98242,0.0878906,1.00075,1.69619e-09,0.301225,1,0
6.98242,0.107422,1.00075,-9.97624e-10,0.301225,1,0
6.96289,0.126953,1.00075,-5.19108e-09,0.303177,1,0
6.96289,0.146484,1.00075,-1.04451e-08,0.303177,1,0
6.98242,0.126953,1.00075,-5.0838e-09,0.301225,1,0
6.98242,0.146484,1.00075,-1.0296e-08,0.301225,1,0
7.00195,0.0878906,1.00075,1.73662e-09,0.299274,1,0
7.00195,0.107422,1.00075,-9.28516e-10,0.299274,1,0
7.02148,0.0878906,1.00075,1.77476e-09,0.297322,1,0
7.02148,0.107422,1.00075,-8.61865e-10,0.297322,1,0
7.00195,0.126953,1.00075,-4.97884e-09,0.299274,1,0
7.00195,0.146484,1.00075,-1.01491e-08,0.299274,1,0
7.02148,0.126953,1.00075,-4.87636e-09,0.297322,1,0
7.02148,0.146484,1.00075,-1.00047e-08,0.297322,1,0
6.88477,0.166016,1.00074,-1.7484e-08,0.310983,1,0
6.88477,0.185547,1.00073,-2.45225e-08,0.310983,1,0
6.9043,0.166016,1.00074,-1.72834e-08,0.309032,1,0
6.9043,0.185547,1.00073,-2.42719e-08,0.309032,1,0
6.88477,0.205078,1.0007,-3.18158e-08,0.310983,1,0
6.88477,0.224609,1.00063,-3.88911e-08,0.310983,1,0
6.9043,0.205078,1.0007,-3.1513e-08,0.309032,1,0
6.9043,0.224609,1.00063,-3.85364e-08,0.309032,1,0
6.92383,0.166016,1.00074,-1.70831e-08,0.30708,1,0
6.92383,0.185547,1.00073,-2.40213e-08,0.30708,1,0
6.94336,0.166016,1.00074,-1.68837e-08,0.305129,1,0
6.94336,0.185547,1.00073,-2.37715e-08,0.305129,1,0
6.92383,0.205078,1.0007,-3.12103e-08,0.30708,1,0
6.92383,0.224609,1.00063,-3.81818e-08,0.30708,1,0
6.94336,0.205078,1.0007,-3.09081e-08,0.305129,1,0
6.94336,0.224609,1.00063,-3.78277e-08,0.305129,1,0
6.88477,0.244141,1.00045,-4.52895e-08,0.310983,1,0
6.88477,0.263672,1.00006,-5.05103e-08,0.310983,1,0
6.9043,0.244141,1.00045,-4.48858e-08,0.309032,1,0
6.9043,0.263672,1.00006,-5.00637e-08,0.309032,1,0
6.88477,0.283203,0.999196,-5.4063e-08,0.310983,1,0
6.88477,0.302734,0.997385,-5.54985e-08,0.310983,1,0
6.9043,0.283203,0.999196,-5.35836e-08,0.309032,1,0
6.9043,0.302734,0.997385,-5.50006e-08,0.309032,1,0
6.92383,0.244141,1.00045,-4.44822e-08,0.30708,1,0
6.92383,0.263672,1.00006,-4.96175e-08,0.30708,1,0
6.94336,0.244141,1.00045,-4.40794e-08,0.305129,1,0
6.94336,0.263672,1.00006,-4.91723e-08,0.305129,1,0
6.92383,0.283203,0.999196,-5.3105e-08,0.30708,1,0
6.92383,0.302734,0.997385,-5.45039e-08,0.30708,1,0
6.94336,0.283203,0.999196,-5.26276e-08,0.305129,1,0
6.94336,0.302734,0.997385,-5.40087e-08,0.305129,1,0
6.96289,0.166016,1.00074,-1.66857e-08,0.303177,1,0
6.96289,0.185547,1.00073,-2.35229e-08,0.303177,1,0
6.98242,0.166016,1.00074,-1.64894e-08,0.301225,1,0
6.98242,0.185547,1.00073,-2.32759e-08,0.301225,1,0
6.96289,0.205078,1.0007,-3.06071e-08,0.303177,1,0
6.96289,0.224609,1.00063,-3.74746e-08,0.303177,1,0
6.98242,0.205078,1.0007,-3.03075e-08,0.301225,1,0
6.98242,0.224609,1.00063,-3.7123e-08,0.301225,1,0
7.00195,0.166016,1.00074,-1.62953e-08,0.299274,1,0
7.00195,0.185547,1.00073,-2.30308e-08,0.299274,1,0
7.02148,0.166016,1.00074,-1.61034e-08,0.297322,1,0
7.02148,0.185547,1.00073,-2.27879e-08,0.297322,1,0
7.00195,0.205078,1.0007,-3.00097e-08,0.299274,1,0
7.00195,0.224609,1.00063,-3.67731e-08,0.299274,1,0
7.02148,0.205078,1.0007,-2.97139e-08,0.297322,1,0
7.02148,0.224609,1.00063,-3.64251e-08,0.297322,1,0
6.96289,0.244141,1.00045,-4.36776e-08,0.303177,1,0
6.96289,0.263672,1.00006,-4.87282e-08,0.303177,1,0
6.98242,0.244141,1.00045,-4.32772e-08,0.301225,1,0
6.98242,0.263672,1.00006,-4.82857e-08,0.301225,1,0
6.96289,0.283203,0.999196,-5.21517e-08,0.303177,1,0
6.96289,0.302734,0.997385,-5.35154e-08,0.303177,1,0
6.98242,0.283203,0.999196,-5.16776e-08,0.301225,1,0
6.98242,0.302734,0.997385,-5.3024e-08,0.301225,1,0
7.00195,0.244141,1.00045,-4.28785e-08,0.299274,1,0
7.00195,0.263672,1.00006,-4.7845e-08,0.299274,1,0
7.02148,0.244141,1.00045,-4.24818e-08,0.297322,1,0
7.02148,0.263672,1.00006,-4.74063e-08,0.297322,1,0
7.00195,0.283203,0.999196,-5.12054e-08,0.299274,1,0
7.00195,0.302734,0.997385,-5.25348e-08,0.299274,1,0
7.02148,0.283203,0.999196,-5.07353e-08,0.297322,1,0
7.02148,0.302734,0.997385,-5.20479e-08,0.297322,1,0
7.04102,0.00976562,1.00075,1.33007e-09,0.29537,1,0
7.04102,0.0292969,1.00075,2.7455e-09,0.295371,1,0
7.06055,0.00976562,1.00075,1.32368e-09,0.293419,1,0
7.06055,0.0292969,1.00075,2.73726e-09,0.293419,1,0
7.04102,0.0488281,1.00075,3.32941e-09,0.295371,1,0
7.04102,0.0683594,1.00075,3.24201e-09,0.295371,1,0
7.06055,0.0488281,1.00075,3.32889e-09,0.293419,1,0
7.06055,0.0683594,1.00075,3.25437e-09,0.293419,1,0
7.08008,0.00976562,1.00075,1.3169e-09,0.291467,1,0
7.08008,0.0292969,1.00075,2.72813e-09,0.291467,1,0
7.09961,0.00976562,1.00075,1.30986e-09,0.289516,1,0
7.09961,0.0292969,1.00075,2.71826e-09,0.289516,1,0
7.08008,0.0488281,1.00075,3.32701e-09,0.291467,1,0
7.08008,0.0683594,1.00075,3.2649e-09,0.291467,1,0
7.09961,0.0488281,1.00075,3.32386e-09,0.289516,1,0
7.09961,0.0683594,1.00075,3.27373e-09,0.289516,1,0
7.04102,0.0878906,1.00075,1.81062e-09,0.295371,1,0
7.04102,0.107422,1.00075,-7.977e-10,0.295371,1,0
7.06055,0.0878906,1.00075,1.84426e-09,0.293419,1,0
7.06055,0.107422,1.00075,-7.35971e-10,0.293419,1,0
7.04102,0.126953,1.00075,-4.7764e-09,0.295371,1,0
7.04102,0.146484,1.00075,-9.86269e-09,0.295371,1,0
7.06055,0.126953,1.00075,-4.67895e-09,0.293419,1,0
7.06055,0.146484,1.00075,-9.72323e-09,0.293419,1,0
7.08008,0.0878906,1.00075,1.87578e-09,0.291467,1,0
7.08008,0.107422,1.00075,-6.76587e-10,0.291467,1,0
7.09961,0.0878906,1.00075,1.9053e-09,0.289516,1,0
7.09961,0.107422,1.00075,-6.19442e-10,0.289516,1,0
7.08008,0.126953,1.00075,-4.58393e-09,0.291467,1,0
7.08008,0.146484,1.00075,-9.58623e-09,0.291467,1,0
7.09961,0.126953,1.00075,-4.49126e-09,0.289516,1,0
7.09961,0.146484,1.00075,-9.45162e-09,0.289516,1,0
7.11914,0.00976562,1.00075,1.30262e-09,0.287564,1,0
7.11914,0.0292969,1.00075,2.70773e-09,0.287564,1,0
7.13867,0.00976562,1.00075,1.29516e-09,0.285612,1,0
7.13867,0.0292969,1.00075,2.69654e-09,0.285612,1,0
7.11914,0.0488281,1.00075,3.31953e-09,0.287564,1,0
7.11914,0.0683594,1.00075,3.28096e-09,0.287564,1,0
7.13867,0.0488281,1.00075,3.31404e-09,0.285612,1,0
7.13867,0.0683594,1.00075,3.28663e-09,0.285612,1,0
7.1582,0.00976562,1.00075,1.28742e-09,0.283661,1,0
7.1582,0.0292969,1.00075,2.68459e-09,0.283661,1,0
7.17773,0.00976562,1.00075,1.27929e-09,0.281709,1,0
7.17773,0.0292969,1.00075,2.67176e-09,0.281709,1,0
7.1582,0.0488281,1.00075,3.30735e-09,0.283661,1,0
7.1582,0.0683594,1.00075,3.29071e-09,0.283661,1,0
7.17773,0.0488281,1.00075,3.29939e-09,0.281709,1,0
7.17773,0.0683594,1.00075,3.2931e-09,0.281709,1,0
7.11914,0.0878906,1.00075,1.9329e-09,0.287564,1,0
7.11914,0.107422,1.00075,-5.64452e-10,0.287564,1,0
7.13867,0.0878906,1.00075,1.95862e-09,0.285612,1,0
7.13867,0.107422,1.00075,-5.11577e-10,0.285612,1,0
7.11914,0.126953,1.00075,-4.40087e-09,0.287564,1,0
7.11914,0.146484,1.00075,-9.31936e-09,0.287564,1,0
7.13867,0.126953,1.00075,-4.31273e-09,0.285612,1,0
7.13867,0.146484,1.00075,-9.18944e-09,0.285612,1,0
7.1582,0.0878906,1.00075,1.98245e-09,0.283661,1,0
7.1582,0.107422,1.00075,-4.60843e-10,0.283661,1,0
7.17773,0.0878906,1.00075,2.00429e-09,0.281709,1,0
7.17773,0.107422,1.00075,-4.12343e-10,0.281709,1,0
7.1582,0.126953,1.00075,-4.22689e-09,0.283661,1,0
7.1582,0.146484,1.00075,-9.06191e-09,0.283661,1,0
7.17773,0.126953,1.00075,-4.14345e-09,0.281709,1,0
7.17773,0.146484,1.00075,-8.93692e-09,0.281709,1,0
7.04102,0.166016,1.00074,-1.59139e-08,0.295371,1,0
7.04102,0.185547,1.00073,-2.25473e-08,0.295371,1,0
7.06055,0.166016,1.00074,-1.57269e-08,0.293419,1,0
7.06055,0.185547,1.00073,-2.2309e-08,0.293419,1,0
7.04102,0.205078,1.0007,-2.94203e-08,0.295371,1,0
7.04102,0.224609,1.00063,-3.60792e-08,0.295371,1,0
7.06055,0.205078,1.0007,-2.91289e-08,0.293419,1,0
7.06055,0.224609,1.00063,-3.57355e-08,0.293419,1,0
7.08008,0.166016,1.00074,-1.55423e-08,0.291467,1,0
7.08008,0.185547,1.00073,-2.2073e-08,0.291467,1,0
7.09961,0.166016,1.00074,-1.536e-08,0.289516,1,0
7.09961,0.185547,1.00073,-2.18394e-08,0.289516,1,0
7.08008,0.205078,1.0007,-2.88398e-08,0.291467,1,0
7.08008,0.224609,1.00063,-3.5394e-08,0.291467,1,0
7.09961,0.205078,1.0007,-2.8553e-08,0.289516,1,0
7.09961,0.224609,1.00063,-3.50548e-08,0.289516,1,0
7.04102,0.244141,1.00045,-4.20872e-08,0.295371,1,0
7.04102,0.263672,1.00006,-4.69698e-08,0.295371,1,0
7.06055,0.244141,1.00045,-4.16947e-08,0.293419,1,0
7.06055,0.263672,1.00006,-4.65355e-08,0.293419,1,0
7.04102,0.283203,0.999196,-5.02675e-08,0.295371,1,0
7.04102,0.302734,0.997385,-5.15635e-08,0.295371,1,0
7.06055,0.283203,0.999196,-4.98021e-08,0.293419,1,0
7.06055,0.302734,0.997385,-5.10816e-08,0.293419,1,0
7.08008,0.244141,1.00045,-4.13045e-08,0.291467,1,0
7.08008,0.263672,1.00006,-4.61036e-08,0.291467,1,0
7.09961,0.244141,1.00045,-4.09167e-08,0.289516,1,0
7.09961,0.263672,1.00006,-4.56741e-08,0.289516,1,0
7.08008,0.283203,0.999196,-4.93392e-08,0.291467,1,0
7.08008,0.302734,0.997385,-5.06024e-08,0.291467,1,0
7.09961,0.283203,0.999196,-4.88789e-08,0.289516,1,0
7.09961,0.302734,0.997385,-5.0126e-08,0.289516,1,0
7.11914,0.166016,1.00074,-1.51801e-08,0.287564,1,0
7.11914,0.185547,1.00073,-2.16081e-08,0.287564,1,0
7.13867,0.166016,1.00074,-1.50026e-08,0.285612,1,0
7.13867,0.185547,1.00073,-2.13792e-08,0.285612,1,0
7.11914,0.205078,1.0007,-2.82685e-08,0.287564,1,0
7.11914,0.224609,1.00063,-3.4718e-08,0.287564,1,0
7.13867,0.205078,1.0007,-2.79864e-08,0.285612,1,0
7.13867,0.224609,1.00063,-3.43837e-08,0.285612,1,0
7.1582,0.166016,1.00074,-1.48275e-08,0.283661,1,0
7.1582,0.185547,1.00073,-2.11529e-08,0.283661,1,0
7.17773,0.166016,1.00074,-1.46551e-08,0.281709,1,0
7.17773,0.185547,1.00073,-2.09291e-08,0.281709,1,0
7.1582,0.205078,1.0007,-2.77069e-08,0.283661,1,0
7.1582,0.224609,1.00063,-3.40519e-08,0.283661,1,0
7.17773,0.205078,1.0007,-2.74301e-08,0.281709,1,0
7.17773,0.224609,1.00063,-3.3723e-08,0.281709,1,0
7.11914,0.244141,1.00045,-4.05313e-08,0.287564,1,0
7.11914,0.263672,1.00006,-4.52471e-08,0.287564,1,0
7.13867,0.244141,1.00045,-4.01484e-08,0.285612,1,0
7.13867,0.263672,1.00006,-4.48229e-08,0.285612,1,0
7.11914,0.283203,0.999196,-4.84213e-08,0.287564,1,0
7.11914,0.302734,0.997385,-4.96525e-08,0.287564,1,0
7.13867,0.283203,0.999196,-4.79666e-08,0.285612,1,0
7.13867,0.302734,0.997385,-4.91821e-08,0.285612,1,0
7.1582,0.244141,1.00045,-3.97683e-08,0.283661,1,0
7.1582,0.263672,1.00006,-4.44016e-08,0.283661,1,0
7.17773,0.244141,1.00045,-3.93911e-08,0.281709,1,0
7.17773,0.263672,1.00006,-4.39833e-08,0.281709,1,0
7.1582,0.283203,0.999196,-4.7515e-08,0.283661,1,0
7.1582,0.302734,0.997385,-4.87149e-08,0.283661,1,0
7.17773,0.283203,0.999196,-4.70667e-08,0.281709,1,0
7.17773,0.302734,0.997385,-4.82513e-08,0.281709,1,0
6.88477,0.322266,0.993736,-5.44484e-08,0.310983,1,0
6.88477,0.341797,0.986681,-5.07784e-08,0.310983,1,0
6.9043,0.322266,0.993736,-5.39506e-08,0.309032,1,0
6.9043,0.341797,0.986681,-5.03027e-08,0.309032,1,0
6.88477,0.361328,0.973593,-4.46028e-08,0.310983,1,0
6.88477,0.380859,0.950305,-3.65158e-08,0.310983,1,0
6.9043,0.361328,0.973593,-4.41729e-08,0.309032,1,0
6.9043,0.380859,0.950305,-3.61494e-08,0.309032,1,0
6.92383,0.322266,0.993736,-5.34546e-08,0.30708,1,0
6.92383,0.341797,0.986681,-4.98291e-08,0.30708,1,0
6.94336,0.322266,0.993736,-5.29604e-08,0.305129,1,0
6.94336,0.341797,0.986681,-4.93576e-08,0.305129,1,0
6.92383,0.361328,0.973593,-4.37452e-08,0.30708,1,0
6.92383,0.380859,0.950305,-3.57915e-08,0.30708,1,0
6.94336,0.361328,0.973593,-4.33197e-08,0.305129,1,0
6.94336,0.380859,0.950305,-3.54292e-08,0.305129,1,0
6.88477,0.400391,0.910551,-2.73424e-08,0.310983,1,0
6.88477,0.419922,0.845427,-1.83672e-08,0.310983,1,0
6.9043,0.400391,0.910551,-2.70741e-08,0.309032,1,0
6.9043,0.419922,0.845427,-1.81581e-08,0.309032,1,0
6.88477,0.439453,0.742977,-1.04754e-08,0.310983,1,0
6.88477,0.458984,0.58805,-4.67817e-09,0.310983,1,0
6.9043,0.439453,0.742977,-1.03571e-08,0.309032,1,0
6.9043,0.458984,0.58805,-4.64738e-09,0.309032,1,0
6.92383,0.400391,0.910551,-2.67818e-08,0.30708,1,0
6.92383,0.419922,0.845427,-1.79794e-08,0.30708,1,0
6.94336,0.400391,0.910551,-2.65175e-08,0.305129,1,0
6.94336,0.419922,0.845427,-1.77727e-08,0.305129,1,0
6.92383,0.439453,0.742977,-1.02493e-08,0.30708,1,0
6.92383,0.458984,0.58805,-4.57778e-09,0.30708,1,0
6.94336,0.439453,0.742977,-1.01326e-08,0.305129,1,0
6.94336,0.458984,0.58805,-4.54837e-09,0.305129,1,0
6.96289,0.322266,0.993736,-5.24683e-08,0.303177,1,0
6.96289,0.341797,0.986681,-4.88884e-08,0.303177,1,0
6.98242,0.322266,0.993736,-5.19784e-08,0.301225,1,0
6.98242,0.341797,0.986681,-4.84216e-08,0.301225,1,0
6.96289,0.361328,0.973593,-4.28966e-08,0.303177,1,0
6.96289,0.380859,0.950305,-3.50757e-08,0.303177,1,0
6.98242,0.361328,0.973593,-4.24759e-08,0.301225,1,0
6.98242,0.380859,0.950305,-3.47178e-08,0.301225,1,0
7.00195,0.322266,0.993736,-5.1491e-08,0.299274,1,0
7.00195,0.341797,0.986681,-4.79573e-08,0.299274,1,0
7.02148,0.322266,0.993736,-5.1006e-08,0.297322,1,0
7.02148,0.341797,0.986681,-4.74957e-08,0.297322,1,0
7.00195,0.361328,0.973593,-4.20577e-08,0.299274,1,0
7.00195,0.380859,0.950305,-3.4369e-08,0.299274,1,0
7.02148,0.361328,0.973593,-4.16421e-08,0.297322,1,0
7.02148,0.380859,0.950305,-3.40157e-08,0.297322,1,0
6.96289,0.400391,0.910551,-2.62286e-08,0.303177,1,0
6.96289,0.419922,0.845427,-1.75971e-08,0.303177,1,0
6.98242,0.400391,0.910551,-2.59684e-08,0.301225,1,0
6.98242,0.419922,0.845427,-1.7393e-08,0.301225,1,0
6.96289,0.439453,0.742977,-1.00269e-08,0.303177,1,0
6.96289,0.458984,0.58805,-4.47923e-09,0.303177,1,0
6.98242,0.439453,0.742977,-9.91194e-09,0.301225,1,0
6.98242,0.458984,0.58805,-4.45129e-09,0.301225,1,0
7.00195,0.400391,0.910551,-2.56831e-08,0.299274,1,0
7.00195,0.419922,0.845427,-1.72208e-08,0.299274,1,0
7.02148,0.400391,0.910551,-2.54272e-08,0.297322,1,0
7.02148,0.419922,0.845427,-1.70193e-08,0.297322,1,0
7.00195,0.439453,0.742977,-9.80825e-09,0.299274,1,0
7.00195,0.458984,0.58805,-4.38268e-09,0.299274,1,0
7.02148,0.439453,0.742977,-9.69523e-09,0.297322,1,0
7.02148,0.458984,0.58805,-4.35633e-09,0.297322,1,0
6.88477,0.478516,0.362538,-9.44271e-10,0.310983,1,0
6.88477,0.498047,0.0460393,4.09233e-10,0.310983,0.6,0
6.9043,0.478516,0.362538,-9.26852e-10,0.309032,1,0
6.9043,0.498047,0.0460393,4.06833e-10,0.309032,0.6,0
6.92383,0.478516,0.362538,-9.2897e-10,0.30708,1,0
6.92383,0.498047,0.0460393,3.9464e-10,0.30708,0.6,0
6.94336,0.478516,0.362538,-9.11527e-10,0.305129,1,0
6.94336,0.498047,0.0460393,3.92497e-10,0.305129,0.6,0
6.96289,0.478516,0.362538,-9.14091e-10,0.303177,1,0
6.96289,0.498047,0.0460393,3.8033e-10,0.303177,0.6,0
6.98242,0.478516,0.362538,-8.96654e-10,0.301225,1,0
6.98242,0.498047,0.0460393,3.78456e-10,0.301225,0.6,0
7.00195,0.478516,0.362538,-8.99709e-10,0.299274,1,0
7.00195,0.498047,0.0460393,3.66328e-10,0.299274,0.6,0
7.02148,0.478516,0.362538,-8.82327e-10,0.297322,1,0
7.02148,0.498047,0.0460393,3.64741e-10,0.297322,0.6,0
7.04102,0.322266,0.993736,-5.05236e-08,0.295371,1,0
7.04102,0.341797,0.986681,-4.70367e-08,0.295371,1,0
7.06055,0.322266,0.993736,-5.00439e-08,0.293419,1,0
7.06055,0.341797,0.986681,-4.65806e-08,0.293419,1,0
7.04102,0.361328,0.973593,-4.12291e-08,0.295371,1,0
7.04102,0.380859,0.950305,-3.36719e-08,0.295371,1,0
7.06055,0.361328,0.973593,-4.0819e-08,0.293419,1,0
7.06055,0.380859,0.950305,-3.33236e-08,0.293419,1,0
7.08008,0.322266,0.993736,-4.95671e-08,0.291467,1,0
7.08008,0.341797,0.986681,-4.61273e-08,0.291467,1,0
7.09961,0.322266,0.993736,-4.90932e-08,0.289516,1,0
7.09961,0.341797,0.986681,-4.56771e-08,0.289516,1,0
7.08008,0.361328,0.973593,-4.04117e-08,0.291467,1,0
7.08008,0.380859,0.950305,-3.29852e-08,0.291467,1,0
7.09961,0.361328,0.973593,-4.00074e-08,0.289516,1,0
7.09961,0.380859,0.950305,-3.26422e-08,0.289516,1,0
7.04102,0.400391,0.910551,-2.51457e-08,0.295371,1,0
7.04102,0.419922,0.845427,-1.68507e-08,0.295371,1,0
7.06055,0.400391,0.910551,-2.48945e-08,0.293419,1,0
7.06055,0.419922,0.845427,-1.66522e-08,0.293419,1,0
7.04102,0.439453,0.742977,-9.59381e-09,0.295371,1,0
7.04102,0.458984,0.58805,-4.28839e-09,0.295371,1,0
7.06055,0.439453,0.742977,-9.48291e-09,0.293419,1,0
7.06055,0.458984,0.58805,-4.26378e-09,0.293419,1,0
7.08008,0.400391,0.910551,-2.46172e-08,0.291467,1,0
7.08008,0.419922,0.845427,-1.64875e-08,0.291467,1,0
7.09961,0.400391,0.910551,-2.4371e-08,0.289516,1,0
7.09961,0.419922,0.845427,-1.62923e-08,0.289516,1,0
7.08008,0.439453,0.742977,-9.38399e-09,0.291467,1,0
7.08008,0.458984,0.58805,-4.19667e-09,0.291467,1,0
7.09961,0.439453,0.742977,-9.27544e-09,0.289516,1,0
7.09961,0.458984,0.58805,-4.17398e-09,0.289516,1,0
7.11914,0.322266,0.993736,-4.86224e-08,0.287564,1,0
7.11914,0.341797,0.986681,-4.52301e-08,0.287564,1,0
7.13867,0.322266,0.993736,-4.81549e-08,0.285612,1,0
7.13867,0.341797,0.986681,-4.47864e-08,0.285612,1,0
7.11914,0.361328,0.973593,-3.96062e-08,0.287564,1,0
7.11914,0.380859,0.950305,-3.23095e-08,0.287564,1,0
7.13867,0.361328,0.973593,-3.92083e-08,0.285612,1,0
7.13867,0.380859,0.950305,-3.19724e-08,0.285612,1,0
7.1582,0.322266,0.993736,-4.76908e-08,0.283661,1,0
7.1582,0.341797,0.986681,-4.43463e-08,0.283661,1,0
7.17773,0.322266,0.993736,-4.72303e-08,0.281709,1,0
7.17773,0.341797,0.986681,-4.39098e-08,0.281709,1,0
7.1582,0.361328,0.973593,-3.88138e-08,0.283661,1,0
7.1582,0.380859,0.950304,-3.1646e-08,0.283661,1,0
7.17773,0.361328,0.973593,-3.8423e-08,0.281709,1,0
7.17773,0.380859,0.950304,-3.13153e-08,0.281709,1,0
7.11914,0.400391,0.910551,-2.40982e-08,0.287564,1,0
7.11914,0.419922,0.845427,-1.61317e-08,0.287564,1,0
7.13867,0.400391,0.910551,-2.38574e-08,0.285612,1,0
7.13867,0.419922,0.845427,-1.59401e-08,0.285612,1,0
7.11914,0.439453,0.742977,-9.17928e-09,0.287564,1,0
7.11914,0.458984,0.58805,-4.10786e-09,0.287564,1,0
7.13867,0.439453,0.742977,-9.07339e-09,0.285612,1,0
7.13867,0.458984,0.58805,-4.08728e-09,0.285612,1,0
7.1582,0.400391,0.910551,-2.35896e-08,0.283661,1,0
7.1582,0.419922,0.845427,-1.57842e-08,0.283661,1,0
7.17773,0.400391,0.910551,-2.33548e-08,0.281709,1,0
7.17773,0.419922,0.845427,-1.55966e-08,0.281709,1,0
7.1582,0.439453,0.742977,-8.98031e-09,0.283661,1,0
7.1582,0.458984,0.58805,-4.02236e-09,0.283661,1,0
7.17773,0.439453,0.742977,-8.87741e-09,0.281709,1,0
7.17773,0.458984,0.58805,-4.00412e-09,0.281709,1,0
7.04102,0.478516,0.362538,-8.85937e-10,0.295371,1,0
7.04102,0.498047,0.0460393,3.5267e-10,0.295371,0.6,0
7.06055,0.478516,0.362538,-8.68677e-10,0.293419,1,0
7.06055,0.498047,0.0460393,3.51394e-10,0.293419,0.6,0
7.08008,0.478516,0.362538,-8.72914e-10,0.291467,1,0
7.08008,0.498047,0.0460393,3.39408e-10,0.291467,0.6,0
7.09961,0.478516,0.362538,-8.55841e-10,0.289516,1,0
7.09961,0.498047,0.0460393,3.38477e-10,0.289516,0.6,0
7.11914,0.478516,0.362538,-8.60775e-10,0.287564,1,0
7.11914,0.498047,0.0460393,3.26611e-10,0.287564,0.6,0
7.13867,0.478516,0.362538,-8.43952e-10,0.285612,1,0
7.13867,0.498047,0.0460393,3.2607e-10,0.285612,0.6,0
7.1582,0.478516,0.362538,-8.49649e-10,0.283661,1,0
7.1582,0.498047,0.0460393,3.14375e-10,0.283661,0.6,0
7.17773,0.478516,0.362538,-8.33144e-10,0.281709,1,0
7.17773,0.498047,0.0460393,3.1429e-10,0.281709,0.6,0
7.19727,0.00976562,1.00075,1.27065e-09,0.279758,1,0
7.19727,0.0292969,1.00075,2.65786e-09,0.279758,1,0
7.2168,0.00976562,1.00075,1.2614e-09,0.277806,1,0
7.2168,0.0292969,1.00075,2.64275e-09,0.277806,1,0
7.19727,0.0488281,1.00075,3.29003e-09,0.279758,1,0
7.19727,0.0683594,1.00075,3.29368e-09,0.279758,1,0
7.2168,0.0488281,1.00075,3.27913e-09,0.277806,1,0
7.2168,0.0683594,1.00075,3.29226e-09,0.277806,1,0
7.23633,0.00976562,1.00075,1.25146e-09,0.275854,1,0
7.23633,0.0292969,1.00075,2.62629e-09,0.275854,1,0
7.25586,0.00976562,1.00075,1.24077e-09,0.273903,1,0
7.25586,0.0292969,1.00075,2.60835e-09,0.273903,1,0
7.23633,0.0488281,1.00075,3.26652e-09,0.275854,1,0
7.23633,0.0683594,1.00075,3.28864e-09,0.275854,1,0
7.25586,0.0488281,1.00075,3.25206e-09,0.273903,1,0
7.25586,0.0683594,1.00075,3.28262e-09,0.273903,1,0
7.19727,0.0878906,1.00075,2.024e-09,0.279758,1,0
7.19727,0.107422,1.00075,-3.66238e-10,0.279758,1,0
7.2168,0.0878906,1.00075,2.0414e-09,0.277806,1,0
7.2168,0.107422,1.00075,-3.22746e-10,0.277806,1,0
7.19727,0.126953,1.00075,-4.0626e-09,0.279758,1,0
7.19727,0.146484,1.00075,-8.81465e-09,0.279758,1,0
7.2168,0.126953,1.00075,-3.98456e-09,0.277806,1,0
7.2168,0.146484,1.00075,-8.69536e-09,0.277806,1,0
7.23633,0.0878906,1.00075,2.05625e-09,0.275854,1,0
7.23633,0.107422,1.00075,-2.82126e-10,0.275854,1,0
7.25586,0.0878906,1.00075,2.06832e-09,0.273903,1,0
7.25586,0.107422,1.00075,-2.4466e-10,0.273903,1,0
7.23633,0.126953,1.00075,-3.90962e-09,0.275854,1,0
7.23633,0.146484,1.00075,-8.57936e-09,0.275854,1,0
7.25586,0.126953,1.00075,-3.8381e-09,0.273903,1,0
7.25586,0.146484,1.00075,-8.46699e-09,0.273903,1,0
7.27539,0.00976562,1.00075,1.22931e-09,0.271951,1,0
7.27539,0.0292969,1.00075,2.58886e-09,0.271951,1,0
7.29492,0.00976562,1.00075,1.21706e-09,0.27,1,0
7.29492,0.0292969,1.00075,2.56776e-09,0.27,1,0
7.27539,0.0488281,1.00075,3.2356e-09,0.271951,1,0
7.27539,0.0683594,1.00075,3.274e-09,0.271951,1,0
7.29492,0.0488281,1.00075,3.21701e-09,0.27,1,0
7.29492,0.0683594,1.00075,3.26259e-09,0.27,1,0
7.31445,0.00976562,1.00075,1.20401e-09,0.268048,1,0
7.31445,0.0292969,1.00075,2.54499e-09,0.268048,1,0
7.33398,0.00976562,1.00075,1.19016e-09,0.266096,1,0
7.33398,0.0292969,1.00075,2.5205e-09,0.266096,1,0
7.31445,0.0488281,1.00075,3.19617e-09,0.268048,1,0
7.31445,0.0683594,1.00075,3.24823e-09,0.268048,1,0
7.33398,0.0488281,1.00075,3.17297e-09,0.266096,1,0
7.33398,0.0683594,1.00075,3.23076e-09,0.266096,1,0
7.27539,0.0878906,1.00075,2.07736e-09,0.271951,1,0
7.27539,0.107422,1.00075,-2.10637e-10,0.271951,1,0
7.29492,0.0878906,1.00075,2.08313e-09,0.27,1,0
7.29492,0.107422,1.00075,-1.80336e-10,0.27,1,0
7.27539,0.126953,1.00075,-3.77031e-09,0.271951,1,0
7.27539,0.146484,1.00075,-8.35859e-09,0.271951,1,0
7.29492,0.126953,1.00075,-3.70657e-09,0.27,1,0
7.29492,0.146484,1.00075,-8.2545e-09,0.27,1,0
7.31445,0.0878906,1.00075,2.08541e-09,0.268048,1,0
7.31445,0.107422,1.00075,-1.54017e-10,0.268048,1,0
7.33398,0.0878906,1.00075,2.08402e-09,0.266096,1,0
7.33398,0.107422,1.00075,-1.31916e-10,0.266096,1,0
7.31445,0.126953,1.00075,-3.64717e-09,0.268048,1,0
7.31445,0.146484,1.00075,-8.15505e-09,0.268048,1,0
7.33398,0.126953,1.00075,-3.59239e-09,0.266096,1,0
7.33398,0.146484,1.00075,-8.06053e-09,0.266096,1,0
7.19727,0.166016,1.00074,-1.44854e-08,0.279758,1,0
7.19727,0.185547,1.00073,-2.07083e-08,0.279758,1,0
7.2168,0.166016,1.00074,-1.43189e-08,0.277806,1,0
7.2168,0.185547,1.00073,-2.04907e-08,0.277806,1,0
7.19727,0.205078,1.0007,-2.71563e-08,0.279758,1,0
7.19727,0.224609,1.00063,-3.33972e-08,0.279758,1,0
7.2168,0.205078,1.0007,-2.68858e-08,0.277806,1,0
7.2168,0.224609,1.00063,-3.30748e-08,0.277806,1,0
7.23633,0.166016,1.00074,-1.41557e-08,0.275854,1,0
7.23633,0.185547,1.00073,-2.02766e-08,0.275854,1,0
7.25586,0.166016,1.00074,-1.39964e-08,0.273903,1,0
7.25586,0.185547,1.00073,-2.00664e-08,0.273903,1,0
7.23633,0.205078,1.0007,-2.66189e-08,0.275854,1,0
7.23633,0.224609,1.00063,-3.27561e-08,0.275854,1,0
7.25586,0.205078,1.0007,-2.63561e-08,0.273903,1,0
7.25586,0.224609,1.00063,-3.24415e-08,0.273903,1,0
7.19727,0.244141,1.00045,-3.90171e-08,0.279758,1,0
7.19727,0.263672,1.00006,-4.35685e-08,0.279758,1,0
7.2168,0.244141,1.00045,-3.86467e-08,0.277806,1,0
7.2168,0.263672,1.00006,-4.31573e-08,0.277806,1,0
7.19727,0.283203,0.999196,-4.6622e-08,0.279758,1,0
7.19727,0.302734,0.997385,-4.77915e-08,0.279758,1,0
7.2168,0.283203,0.999196,-4.61811e-08,0.277806,1,0
7.2168,0.302734,0.997385,-4.73356e-08,0.277806,1,0
7.23633,0.244141,1.00045,-3.82801e-08,0.275854,1,0
7.23633,0.263672,1.00006,-4.27502e-08,0.275854,1,0
7.25586,0.244141,1.00045,-3.79178e-08,0.273903,1,0
7.25586,0.263672,1.00006,-4.23475e-08,0.273903,1,0
7.23633,0.283203,0.999196,-4.57445e-08,0.275854,1,0
7.23633,0.302734,0.997385,-4.68841e-08,0.275854,1,0
7.25586,0.283203,0.999196,-4.53123e-08,0.273903,1,0
7.25586,0.302734,0.997385,-4.64373e-08,0.273903,1,0
7.27539,0.166016,1.00074,-1.38411e-08,0.271951,1,0
7.27539,0.185547,1.00073,-1.98605e-08,0.271951,1,0
7.29492,0.166016,1.00074,-1.36904e-08,0.27,1,0
7.29492,0.185547,1.00073,-1.96592e-08,0.27,1,0
7.27539,0.205078,1.0007,-2.60975e-08,0.271951,1,0
7.27539,0.224609,1.00063,-3.21314e-08,0.271951,1,0
7.29492,0.205078,1.0007,-2.58438e-08,0.27,1,0
7.29492,0.224609,1.00063,-3.18262e-08,0.27,1,0
7.31445,0.166016,1.00074,-1.35445e-08,0.268048,1,0
7.31445,0.185547,1.00073,-1.94629e-08,0.268048,1,0
7.33398,0.166016,1.00074,-1.34038e-08,0.266096,1,0
7.33398,0.185547,1.00073,-1.9272e-08,0.266096,1,0
7.31445,0.205078,1.0007,-2.55952e-08,0.268048,1,0
7.31445,0.224609,1.00063,-3.15263e-08,0.268048,1,0
7.33398,0.205078,1.0007,-2.53521e-08,0.266096,1,0
7.33398,0.224609,1.00063,-3.1232e-08,0.266096,1,0
7.27539,0.244141,1.00045,-3.756e-08,0.271951,1,0
7.27539,0.263672,1.00006,-4.19495e-08,0.271951,1,0
7.29492,0.244141,1.00045,-3.72073e-08,0.27,1,0
7.29492,0.263672,1.00006,-4.15566e-08,0.27,1,0
7.27539,0.283203,0.999196,-4.48851e-08,0.271951,1,0
7.27539,0.302734,0.997385,-4.59955e-08,0.271951,1,0
7.29492,0.283203,0.999196,-4.44631e-08,0.27,1,0
7.29492,0.302734,0.997385,-4.5559e-08,0.27,1,0
7.31445,0.244141,1.00045,-3.686e-08,0.268048,1,0
7.31445,0.263672,1.00006,-4.11692e-08,0.268048,1,0
7.33398,0.244141,1.00045,-3.65184e-08,0.266096,1,0
7.33398,0.263672,1.00006,-4.07878e-08,0.266096,1,0
7.31445,0.283203,0.999196,-4.40467e-08,0.268048,1,0
7.31445,0.302734,0.997385,-4.51283e-08,0.268048,1,0
7.33398,0.283203,0.999196,-4.36364e-08,0.266096,1,0
7.33398,0.302734,0.997385,-4.47037e-08,0.266096,1,0
7.35352,0.00976562,1.00075,1.17549e-09,0.264145,1,0
7.35352,0.0292969,1.00075,2.49423e-09,0.264145,1,0
7.37305,0.00976562,1.00075,1.15996e-09,0.262193,1,0
7.37305,0.0292969,1.00075,2.46611e-09,0.262193,1,0
7.35352,0.0488281,1.00075,3.14733e-09,0.264145,1,0
7.35352,0.0683594,1.00075,3.21004e-09,0.264145,1,0
7.37305,0.0488281,1.00075,3.11914e-09,0.262193,1,0
7.37305,0.0683594,1.00075,3.18595e-09,0.262193,1,0
7.39258,0.00976562,1.00075,1.14354e-09,0.260242,1,0
7.39258,0.0292969,1.00075,2.43607e-09,0.260242,1,0
7.41211,0.00976562,1.00075,1.12616e-09,0.25829,1,0
7.41211,0.0292969,1.00075,2.40399e-09,0.25829,1,0
7.39258,0.0488281,1.00075,3.08831e-09,0.260242,1,0
7.39258,0.0683594,1.00075,3.15836e-09,0.260242,1,0
7.41211,0.0488281,1.00075,3.05472e-09,0.25829,1,0
7.41211,0.0683594,1.00075,3.12713e-09,0.25829,1,0
7.35352,0.0878906,1.00075,2.07876e-09,0.264145,1,0
7.35352,0.107422,1.00075,-1.14244e-10,0.264145,1,0
7.37305,0.0878906,1.00075,2.06949e-09,0.262193,1,0
7.37305,0.107422,1.00075,-1.01195e-10,0.262193,1,0
7.35352,0.126953,1.00075,-3.54246e-09,0.264145,1,0
7.35352,0.146484,1.00075,-7.97124e-09,0.264145,1,0
7.37305,0.126953,1.00075,-3.49763e-09,0.262193,1,0
7.37305,0.146484,1.00075,-7.88742e-09,0.262193,1,0
7.39258,0.0878906,1.00075,2.05605e-09,0.260242,1,0
7.39258,0.107422,1.00075,-9.29572e-11,0.260242,1,0
7.41211,0.0878906,1.00075,2.03827e-09,0.25829,1,0
7.41211,0.107422,1.00075,-8.97277e-11,0.25829,1,0
7.39258,0.126953,1.00075,-3.4581e-09,0.260242,1,0
7.39258,0.146484,1.00075,-7.80935e-09,0.260242,1,0
7.41211,0.126953,1.00075,-3.42412e-09,0.25829,1,0
7.41211,0.146484,1.00075,-7.73728e-09,0.25829,1,0
7.43164,0.00976562,1.00075,1.10775e-09,0.256339,1,0
7.43164,0.0292969,1.00075,2.36976e-09,0.256339,1,0
7.45117,0.00976562,1.00075,1.08825e-09,0.254387,1,0
7.45117,0.0292969,1.00075,2.33324e-09,0.254387,1,0
7.43164,0.0488281,1.00075,3.01825e-09,0.256339,1,0
7.43164,0.0683594,1.00075,3.0921e-09,0.256339,1,0
7.45117,0.0488281,1.00075,2.97873e-09,0.254387,1,0
7.45117,0.0683594,1.00075,3.05306e-09,0.254387,1,0
7.4707,0.00976562,1.00075,1.06756e-09,0.252435,1,0
7.4707,0.0292969,1.00075,2.29425e-09,0.252435,1,0
7.49023,0.00976562,1.00075,1.04557e-09,0.250484,1,0
7.49023,0.0292969,1.00075,2.25259e-09,0.250484,1,0
7.4707,0.0488281,1.00075,2.93597e-09,0.252435,1,0
7.4707,0.0683594,1.00075,3.00978e-09,0.252435,1,0
7.49023,0.0488281,1.00075,2.88973e-09,0.250484,1,0
7.49023,0.0683594,1.00075,2.96195e-09,0.250484,1,0
7.43164,0.0878906,1.00075,2.01596e-09,0.256339,1,0
7.43164,0.107422,1.00075,-9.17294e-11,0.256339,1,0
7.45117,0.0878906,1.00075,1.98891e-09,0.254387,1,0
7.45117,0.107422,1.00075,-9.92287e-11,0.254387,1,0
7.43164,0.126953,1.00075,-3.39594e-09,0.256339,1,0
7.43164,0.146484,1.00075,-7.67153e-09,0.256339,1,0
7.45117,0.126953,1.00075,-3.37388e-09,0.254387,1,0
7.45117,0.146484,1.00075,-7.61244e-09,0.254387,1,0
7.4707,0.0878906,1.00075,1.95682e-09,0.252435,1,0
7.4707,0.107422,1.00075,-1.12553e-10,0.252435,1,0
7.49023,0.0878906,1.00075,1.91936e-09,0.250484,1,0
7.49023,0.107422,1.00075,-1.32101e-10,0.250484,1,0
7.4707,0.126953,1.00075,-3.35829e-09,0.252435,1,0
7.4707,0.146484,1.00075,-7.56044e-09,0.252435,1,0
7.49023,0.126953,1.00075,-3.34964e-09,0.250484,1,0
7.49023,0.146484,1.00075,-7.51603e-09,0.250484,1,0
7.35352,0.166016,1.00074,-1.32686e-08,0.264145,1,0
7.35352,0.185547,1.00073,-1.90868e-08,0.264145,1,0
7.37305,0.166016,1.00074,-1.31391e-08,0.262193,1,0
7.37305,0.185547,1.00073,-1.89076e-08,0.262193,1,0
7.35352,0.205078,1.0007,-2.51149e-08,0.264145,1,0
7.35352,0.224609,1.00063,-3.09437e-08,0.264145,1,0
7.37305,0.205078,1.0007,-2.48839e-08,0.262193,1,0
7.37305,0.224609,1.00063,-3.06619e-08,0.262193,1,0
7.39258,0.166016,1.00074,-1.30158e-08,0.260242,1,0
7.39258,0.185547,1.00073,-1.87348e-08,0.260242,1,0
7.41211,0.166016,1.00074,-1.28988e-08,0.25829,1,0
7.41211,0.185547,1.00073,-1.85687e-08,0.25829,1,0
7.39258,0.205078,1.0007,-2.46595e-08,0.260242,1,0
7.39258,0.224609,1.00063,-3.03868e-08,0.260242,1,0
7.41211,0.205078,1.0007,-2.44421e-08,0.25829,1,0
7.41211,0.224609,1.00063,-3.0119e-08,0.25829,1,0
7.35352,0.244141,1.00045,-3.61831e-08,0.264145,1,0
7.35352,0.263672,1.00006,-4.04127e-08,0.264145,1,0
7.37305,0.244141,1.00045,-3.58543e-08,0.262193,1,0
7.37305,0.263672,1.00006,-4.00443e-08,0.262193,1,0
7.35352,0.283203,0.999196,-4.32325e-08,0.264145,1,0
7.35352,0.302734,0.997385,-4.42857e-08,0.264145,1,0
7.37305,0.283203,0.999196,-4.28355e-08,0.262193,1,0
7.37305,0.302734,0.997385,-4.38746e-08,0.262193,1,0
7.39258,0.244141,1.00045,-3.55325e-08,0.260242,1,0
7.39258,0.263672,1.00006,-3.96831e-08,0.260242,1,0
7.41211,0.244141,1.00045,-3.52182e-08,0.25829,1,0
7.41211,0.263672,1.00006,-3.93296e-08,0.25829,1,0
7.39258,0.283203,0.999196,-4.24459e-08,0.260242,1,0
7.39258,0.302734,0.997385,-4.3471e-08,0.260242,1,0
7.41211,0.283203,0.999196,-4.20642e-08,0.25829,1,0
7.41211,0.302734,0.997385,-4.30755e-08,0.25829,1,0
7.43164,0.166016,1.00074,-1.27885e-08,0.256339,1,0
7.43164,0.185547,1.00073,-1.84096e-08,0.256339,1,0
7.45117,0.166016,1.00074,-1.26854e-08,0.254387,1,0
7.45117,0.185547,1.00073,-1.82582e-08,0.254387,1,0
7.43164,0.205078,1.0007,-2.42321e-08,0.256339,1,0
7.43164,0.224609,1.00063,-2.9859e-08,0.256339,1,0
7.45117,0.205078,1.0007,-2.40301e-08,0.254387,1,0
7.45117,0.224609,1.00063,-2.96071e-08,0.254387,1,0
7.4707,0.166016,1.00074,-1.25899e-08,0.252435,1,0
7.4707,0.185547,1.00073,-1.81148e-08,0.252435,1,0
7.49023,0.166016,1.00074,-1.25025e-08,0.250484,1,0
7.49023,0.185547,1.00073,-1.798e-08,0.250484,1,0
7.4707,0.205078,1.0007,-2.38365e-08,0.252435,1,0
7.4707,0.224609,1.00063,-2.93642e-08,0.252435,1,0
7.49023,0.205078,1.0007,-2.3652e-08,0.250484,1,0
7.49023,0.224609,1.00063,-2.91307e-08,0.250484,1,0
7.43164,0.244141,1.00045,-3.49119e-08,0.256339,1,0
7.43164,0.263672,1.00006,-3.89844e-08,0.256339,1,0
7.45117,0.244141,1.00045,-3.46141e-08,0.254387,1,0
7.45117,0.263672,1.00006,-3.8648e-08,0.254387,1,0
7.43164,0.283203,0.999196,-4.16909e-08,0.256339,1,0
7.43164,0.302734,0.997385,-4.26885e-08,0.256339,1,0
7.45117,0.283203,0.999196,-4.13266e-08,0.254387,1,0
7.45117,0.302734,0.997385,-4.23106e-08,0.254387,1,0
7.4707,0.244141,1.00045,-3.43255e-08,0.252435,1,0
7.4707,0.263672,1.00006,-3.8321e-08,0.252435,1,0
7.49023,0.244141,1.00045,-3.40469e-08,0.250484,1,0
7.49023,0.263672,1.00006,-3.80043e-08,0.250484,1,0
7.4707,0.283203,0.999196,-4.09721e-08,0.252435,1,0
7.4707,0.302734,0.997385,-4.19427e-08,0.252435,1,0
7.49023,0.283203,0.999196,-4.06281e-08,0.250484,1,0
7.49023,0.302734,0.997385,-4.15855e-08,0.250484,1,0
7.19727,0.322266,0.993736,-4.67738e-08,0.279758,1,0
7.19727,0.341797,0.986681,-4.34773e-08,0.279758,1,0
7.2168,0.322266,0.993736,-4.63214e-08,0.277806,1,0
7.2168,0.341797,0.986681,-4.30489e-08,0.277806,1,0
7.19727,0.361328,0.973593,-3.80359e-08,0.279758,1,0
7.19727,0.380859,0.950304,-3.09958e-08,0.279758,1,0
7.2168,0.361328,0.973593,-3.76529e-08,0.277806,1,0
7.2168,0.380859,0.950304,-3.06722e-08,0.277806,1,0
7.23633,0.322266,0.993736,-4.58734e-08,0.275854,1,0
7.23633,0.341797,0.986681,-4.2625e-08,0.275854,1,0
7.25586,0.322266,0.993736,-4.54302e-08,0.273903,1,0
7.25586,0.341797,0.986681,-4.22057e-08,0.273903,1,0
7.23633,0.361328,0.973593,-3.72741e-08,0.275854,1,0
7.23633,0.380859,0.950304,-3.03605e-08,0.275854,1,0
7.25586,0.361328,0.973593,-3.68999e-08,0.273903,1,0
7.25586,0.380859,0.950304,-3.00449e-08,0.273903,1,0
7.19727,0.400391,0.910551,-2.30925e-08,0.279758,1,0
7.19727,0.419922,0.845427,-1.54458e-08,0.279758,1,0
7.2168,0.400391,0.910551,-2.28643e-08,0.277806,1,0
7.2168,0.419922,0.845427,-1.52629e-08,0.277806,1,0
7.19727,0.439453,0.742977,-8.7878e-09,0.279758,1,0
7.19727,0.458984,0.58805,-3.94063e-09,0.279758,1,0
7.2168,0.439453,0.742977,-8.68833e-09,0.277806,1,0
7.2168,0.458984,0.58805,-3.925e-09,0.277806,1,0
7.23633,0.400391,0.910551,-2.26083e-08,0.275854,1,0
7.23633,0.419922,0.845427,-1.51178e-08,0.275854,1,0
7.25586,0.400391,0.910551,-2.23875e-08,0.273903,1,0
7.25586,0.419922,0.845427,-1.49401e-08,0.273903,1,0
7.23633,0.439453,0.742977,-8.60269e-09,0.275854,1,0
7.23633,0.458984,0.58805,-3.86326e-09,0.275854,1,0
7.25586,0.439453,0.742977,-8.50721e-09,0.273903,1,0
7.25586,0.458984,0.58805,-3.85064e-09,0.273903,1,0
7.27539,0.322266,0.993736,-4.4992e-08,0.271951,1,0
7.27539,0.341797,0.986681,-4.17915e-08,0.271951,1,0
7.29492,0.322266,0.993736,-4.45593e-08,0.27,1,0
7.29492,0.341797,0.986681,-4.13827e-08,0.27,1,0
7.27539,0.361328,0.973593,-3.65305e-08,0.271951,1,0
7.27539,0.380859,0.950304,-2.97419e-08,0.271951,1,0
7.29492,0.361328,0.973593,-3.61662e-08,0.27,1,0
7.29492,0.380859,0.950304,-2.94354e-08,0.27,1,0
7.31445,0.322266,0.993736,-4.41323e-08,0.268048,1,0
7.31445,0.341797,0.986681,-4.09795e-08,0.268048,1,0
7.33398,0.322266,0.993736,-4.37115e-08,0.266096,1,0
7.33398,0.341797,0.986681,-4.05824e-08,0.266096,1,0
7.31445,0.361328,0.973593,-3.58074e-08,0.268048,1,0
7.31445,0.380859,0.950304,-2.91422e-08,0.268048,1,0
7.33398,0.361328,0.973593,-3.54545e-08,0.266096,1,0
7.33398,0.380859,0.950304,-2.88461e-08,0.266096,1,0
7.27539,0.400391,0.910551,-2.21386e-08,0.271951,1,0
7.27539,0.419922,0.845427,-1.48015e-08,0.271951,1,0
7.29492,0.400391,0.910551,-2.19262e-08,0.27,1,0
7.29492,0.419922,0.845427,-1.46301e-08,0.27,1,0
7.27539,0.439453,0.742977,-8.42619e-09,0.271951,1,0
7.27539,0.458984,0.58805,-3.79109e-09,0.271951,1,0
7.29492,0.439453,0.742977,-8.33543e-09,0.27,1,0
7.29492,0.458984,0.58805,-3.782e-09,0.27,1,0
7.31445,0.400391,0.91055,-2.16856e-08,0.268048,1,0
7.31445,0.419922,0.845427,-1.4499e-08,0.268048,1,0
7.33398,0.400391,0.91055,-2.14828e-08,0.266096,1,0
7.33398,0.419922,0.845427,-1.43348e-08,0.266096,1,0
7.31445,0.439453,0.742977,-8.25984e-09,0.268048,1,0
7.31445,0.458984,0.58805,-3.72526e-09,0.268048,1,0
7.33398,0.439453,0.742977,-8.17472e-09,0.266096,1,0
7.33398,0.458984,0.58805,-3.72039e-09,0.266096,1,0
7.19727,0.478516,0.362538,-8.39687e-10,0.279758,1,0
7.19727,0.498047,0.0460393,3.0284e-10,0.279758,0.6,0
7.2168,0.478516,0.362538,-8.23595e-10,0.277806,1,0
7.2168,0.498047,0.0460393,3.03299e-10,0.277806,0.6,0
7.23633,0.478516,0.362538,-8.31111e-10,0.275854,1,0
7.23633,0.498047,0.0460393,2.92194e-10,0.275854,0.6,0
7.25586,0.478516,0.362538,-8.15591e-10,0.273903,1,0
7.25586,0.498047,0.0460393,2.93309e-10,0.273903,0.6,0
7.27539,0.478516,0.362538,-8.24283e-10,0.271951,1,0
7.27539,0.498047,0.0460393,2.82667e-10,0.271951,0.6,0
7.29492,0.478516,0.362538,-8.09578e-10,0.27,1,0
7.29492,0.498047,0.0460393,2.84562e-10,0.27,0.6,0
7.31445,0.478516,0.362538,-8.19738e-10,0.268048,1,0
7.31445,0.498047,0.0460393,2.74502e-10,0.268048,0.6,0
7.33398,0.478516,0.362538,-8.06177e-10,0.266096,1,0
7.33398,0.498047,0.0460393,2.77293e-10,0.266096,0.6,0
7.35352,0.322266,0.993736,-4.32972e-08,0.264145,1,0
7.35352,0.341797,0.986681,-4.01918e-08,0.264145,1,0
7.37305,0.322266,0.993736,-4.289e-08,0.262193,1,0
7.37305,0.341797,0.986681,-3.98081e-08,0.262193,1,0
7.35352,0.361328,0.973593,-3.51077e-08,0.264145,1,0
7.35352,0.380859,0.950304,-2.85642e-08,0.264145,1,0
7.37305,0.361328,0.973593,-3.47676e-08,0.262193,1,0
7.37305,0.380859,0.950304,-2.828e-08,0.262193,1,0
7.39258,0.322266,0.993736,-4.24902e-08,0.260242,1,0
7.39258,0.341797,0.986681,-3.94318e-08,0.260242,1,0
7.41211,0.322266,0.993736,-4.20985e-08,0.25829,1,0
7.41211,0.341797,0.986681,-3.90634e-08,0.25829,1,0
7.39258,0.361328,0.973593,-3.44346e-08,0.260242,1,0
7.39258,0.380859,0.950304,-2.8011e-08,0.260242,1,0
7.41211,0.361328,0.973593,-3.41093e-08,0.25829,1,0
7.41211,0.380859,0.950304,-2.77405e-08,0.25829,1,0
7.35352,0.400391,0.91055,-2.12517e-08,0.264145,1,0
7.35352,0.419922,0.845427,-1.42124e-08,0.264145,1,0
7.37305,0.400391,0.91055,-2.10599e-08,0.262193,1,0
7.37305,0.419922,0.845427,-1.40567e-08,0.262193,1,0
7.35352,0.439453,0.742977,-8.10557e-09,0.264145,1,0
7.35352,0.458984,0.58805,-3.66721e-09,0.264145,1,0
7.37305,0.439453,0.742977,-8.02717e-09,0.262193,1,0
7.37305,0.458984,0.58805,-3.66741e-09,0.262193,1,0
7.39258,0.400391,0.91055,-2.08399e-08,0.260242,1,0
7.39258,0.419922,0.845427,-1.39444e-08,0.260242,1,0
7.41211,0.400391,0.91055,-2.06608e-08,0.25829,1,0
7.41211,0.419922,0.845427,-1.37989e-08,0.25829,1,0
7.39258,0.439453,0.742977,-7.96563e-09,0.260242,1,0
7.39258,0.458984,0.58805,-3.61867e-09,0.260242,1,0
7.41211,0.439453,0.742977,-7.89519e-09,0.25829,1,0
7.41211,0.458984,0.58805,-3.62487e-09,0.25829,1,0
7.43164,0.322266,0.993736,-4.17154e-08,0.256339,1,0
7.43164,0.341797,0.986681,-3.87035e-08,0.256339,1,0
7.45117,0.322266,0.993736,-4.13416e-08,0.254387,1,0
7.45117,0.341797,0.986681,-3.83528e-08,0.254387,1,0
7.43164,0.361328,0.973593,-3.37921e-08,0.256339,1,0
7.43164,0.380859,0.950304,-2.74864e-08,0.256339,1,0
7.45117,0.361328,0.973593,-3.34837e-08,0.254387,1,0
7.45117,0.380859,0.950304,-2.72316e-08,0.254387,1,0
7.4707,0.322266,0.993736,-4.09776e-08,0.252435,1,0
7.4707,0.341797,0.986681,-3.80118e-08,0.252435,1,0
7.49023,0.322266,0.993736,-4.06244e-08,0.250484,1,0
7.49023,0.341797,0.986681,-3.76813e-08,0.250484,1,0
7.4707,0.361328,0.973593,-3.31847e-08,0.252435,1,0
7.4707,0.380859,0.950304,-2.69947e-08,0.252435,1,0
7.49023,0.361328,0.973593,-3.28959e-08,0.250484,1,0
7.49023,0.380859,0.950304,-2.67582e-08,0.250484,1,0
7.43164,0.400391,0.91055,-2.04537e-08,0.256339,1,0
7.43164,0.419922,0.845427,-1.36983e-08,0.256339,1,0
7.45117,0.400391,0.91055,-2.02892e-08,0.254387,1,0
7.45117,0.419922,0.845427,-1.35645e-08,0.254387,1,0
7.43164,0.439453,0.742977,-7.84258e-09,0.256339,1,0
7.43164,0.458984,0.58805,-3.58154e-09,0.256339,1,0
7.45117,0.439453,0.742977,-7.7815e-09,0.254387,1,0
7.45117,0.458984,0.58805,-3.59473e-09,0.254387,1,0
7.4707,0.400391,0.91055,-2.00971e-08,0.252435,1,0
7.4707,0.419922,0.845427,-1.34775e-08,0.252435,1,0
7.49023,0.400391,0.91055,-1.99496e-08,0.250484,1,0
7.49023,0.419922,0.845427,-1.33576e-08,0.250484,1,0
7.4707,0.439453,0.742977,-7.73928e-09,0.252435,1,0
7.4707,0.458984,0.58805,-3.55782e-09,0.252435,1,0
7.49023,0.439453,0.742977,-7.68912e-09,0.250484,1,0
7.49023,0.458984,0.58805,-3.57908e-09,0.250484,1,0
7.35352,0.478516,0.362538,-8.18173e-10,0.264145,1,0
7.35352,0.498047,0.0460393,2.67918e-10,0.264145,0.6,0
7.37305,0.478516,0.362538,-8.06142e-10,0.262193,1,0
7.37305,0.498047,0.0460393,2.71697e-10,0.262193,0.6,0
7.39258,0.478516,0.362538,-8.20379e-10,0.260242,1,0
7.39258,0.498047,0.0460393,2.63085e-10,0.260242,0.6,0
7.41211,0.478516,0.362538,-8.10285e-10,0.25829,1,0
7.41211,0.498047,0.0460393,2.67918e-10,0.25829,0.6,0
7.43164,0.478516,0.362538,-8.2717e-10,0.256339,1,0
7.43164,0.498047,0.0460393,2.60126e-10,0.256339,0.6,0
7.45117,0.478516,0.362538,-8.19411e-10,0.254387,1,0
7.45117,0.498047,0.0460393,2.66074e-10,0.254387,0.6,0
7.4707,0.478516,0.362538,-8.39343e-10,0.252435,1,0
7.4707,0.498047,0.0460393,2.59171e-10,0.252435,0.6,0
7.49023,0.478516,0.362538,-8.34315e-10,0.250484,1,0
7.49023,0.498047,0.0460393,2.66325e-10,0.250484,0.6,0
7.50977,0.00976562,1.00075,1.02216e-09,0.248532,1,0
7.50977,0.0292969,1.00075,2.20803e-09,0.248532,1,0
7.5293,0.00976562,1.00075,9.9721e-10,0.246581,1,0
7.5293,0.0292969,1.00075,2.16029e-09,0.246581,1,0
7.50977,0.0488281,1.00075,2.83971e-09,0.248532,1,0
7.50977,0.0683594,1.00075,2.90922e-09,0.248532,1,0
7.5293,0.0488281,1.00075,2.78558e-09,0.246581,1,0
7.5293,0.0683594,1.00075,2.85114e-09,0.246581,1,0
7.54883,0.00976562,1.00075,9.70558e-10,0.244629,1,0
7.54883,0.0292969,1.00075,2.10907e-09,0.244629,1,0
7.56836,0.00976562,1.00075,9.42039e-10,0.242677,1,0
7.56836,0.0292969,1.00075,2.05402e-09,0.242677,1,0
7.54883,0.0488281,1.00075,2.72695e-09,0.244629,1,0
7.54883,0.0683594,1.00075,2.78724e-09,0.244629,1,0
7.56836,0.0488281,1.00075,2.66339e-09,0.242677,1,0
7.56836,0.0683594,1.00075,2.71693e-09,0.242677,1,0
7.50977,0.0878906,1.00075,1.87609e-09,0.248532,1,0
7.50977,0.107422,1.00075,-1.5836e-10,0.248532,1,0
7.5293,0.0878906,1.00075,1.82653e-09,0.246581,1,0
7.5293,0.107422,1.00075,-1.91903e-10,0.246581,1,0
7.50977,0.126953,1.00075,-3.34847e-09,0.248532,1,0
7.50977,0.146484,1.00075,-7.47981e-09,0.248532,1,0
7.5293,0.126953,1.00075,-3.35541e-09,0.246581,1,0
7.5293,0.146484,1.00075,-7.4525e-09,0.246581,1,0
7.54883,0.0878906,1.00075,1.77008e-09,0.244629,1,0
7.54883,0.107422,1.00075,-2.33399e-10,0.244629,1,0
7.56836,0.0878906,1.00075,1.7061e-09,0.242677,1,0
7.56836,0.107422,1.00075,-2.83611e-10,0.242677,1,0
7.54883,0.126953,1.00075,-3.37123e-09,0.244629,1,0
7.54883,0.146484,1.00075,-7.4349e-09,0.244629,1,0
7.56836,0.126953,1.00075,-3.39675e-09,0.242677,1,0
7.56836,0.146484,1.00075,-7.42796e-09,0.242677,1,0
7.58789,0.00976562,1.00075,9.11466e-10,0.240726,1,0
7.58789,0.0292969,1.00075,1.99476e-09,0.240726,1,0
7.60742,0.00976562,1.00075,8.78636e-10,0.238774,1,0
7.60742,0.0292969,1.00075,1.93088e-09,0.238774,1,0
7.58789,0.0488281,1.00075,2.59442e-09,0.240726,1,0
7.58789,0.0683594,1.00075,2.63961e-09,0.240726,1,0
7.60742,0.0488281,1.00075,2.5195e-09,0.238774,1,0
7.60742,0.0683594,1.00075,2.55459e-09,0.238774,1,0
7.62695,0.00976562,1.00075,8.43331e-10,0.236823,1,0
7.62695,0.0292969,1.00075,1.86194e-09,0.236823,1,0
7.64648,0.00976562,1.00075,8.05313e-10,0.234871,1,0
7.64648,0.0292969,1.00075,1.78745e-09,0.234871,1,0
7.62695,0.0488281,1.00075,2.43806e-09,0.236823,1,0
7.62695,0.0683594,1.00075,2.46111e-09,0.236823,1,0
7.64648,0.0488281,1.00075,2.3495e-09,0.234871,1,0
7.64648,0.0683594,1.00075,2.35839e-09,0.234871,1,0
7.58789,0.0878906,1.00075,1.63384e-09,0.240726,1,0
7.58789,0.107422,1.00075,-3.43388e-10,0.240726,1,0
7.60742,0.0878906,1.00075,1.5525e-09,0.238774,1,0
7.60742,0.107422,1.00075,-4.13669e-10,0.238774,1,0
7.58789,0.126953,1.00075,-3.43294e-09,0.240726,1,0
7.58789,0.146484,1.00075,-7.4327e-09,0.240726,1,0
7.60742,0.126953,1.00075,-3.48084e-09,0.238774,1,0
7.60742,0.146484,1.00075,-7.45028e-09,0.238774,1,0
7.62695,0.0878906,1.00075,1.46119e-09,0.236823,1,0
7.62695,0.107422,1.00075,-4.95474e-10,0.236823,1,0
7.64648,0.0878906,1.00075,1.35896e-09,0.234871,1,0
7.64648,0.107422,1.00075,-5.8991e-10,0.234871,1,0
7.62695,0.126953,1.00075,-3.54159e-09,0.236823,1,0
7.62695,0.146484,1.00075,-7.48195e-09,0.236823,1,0
7.64648,0.126953,1.00075,-3.61644e-09,0.234871,1,0
7.64648,0.146484,1.00075,-7.52909e-09,0.234871,1,0
7.50977,0.166016,1.00074,-1.2424e-08,0.248532,1,0
7.50977,0.185547,1.00073,-1.78547e-08,0.248532,1,0
7.5293,0.166016,1.00074,-1.2355e-08,0.246581,1,0
7.5293,0.185547,1.00073,-1.77395e-08,0.246581,1,0
7.50977,0.205078,1.0007,-2.34774e-08,0.248532,1,0
7.50977,0.224609,1.00063,-2.89076e-08,0.248532,1,0
7.5293,0.205078,1.0007,-2.33136e-08,0.246581,1,0
7.5293,0.224609,1.00063,-2.86958e-08,0.246581,1,0
7.54883,0.166016,1.00074,-1.22965e-08,0.244629,1,0
7.54883,0.185547,1.00073,-1.76355e-08,0.244629,1,0
7.56836,0.166016,1.00074,-1.22494e-08,0.242677,1,0
7.56836,0.185547,1.00073,-1.75437e-08,0.242677,1,0
7.54883,0.205078,1.0007,-2.31614e-08,0.244629,1,0
7.54883,0.224609,1.00063,-2.84961e-08,0.244629,1,0
7.56836,0.205078,1.0007,-2.30221e-08,0.242677,1,0
7.56836,0.224609,1.00063,-2.83099e-08,0.242677,1,0
7.50977,0.244141,1.00045,-3.3779e-08,0.248532,1,0
7.50977,0.263672,1.00006,-3.76987e-08,0.248532,1,0
7.5293,0.244141,1.00045,-3.35227e-08,0.246581,1,0
7.5293,0.263672,1.00006,-3.74052e-08,0.246581,1,0
7.50977,0.283203,0.999196,-4.02954e-08,0.248532,1,0
7.50977,0.302734,0.997385,-4.12398e-08,0.248532,1,0
7.5293,0.283203,0.999196,-3.9975e-08,0.246581,1,0
7.5293,0.302734,0.997385,-4.09065e-08,0.246581,1,0
7.54883,0.244141,1.00045,-3.32792e-08,0.244629,1,0
7.54883,0.263672,1.00006,-3.71247e-08,0.244629,1,0
7.56836,0.244141,1.00045,-3.30495e-08,0.242677,1,0
7.56836,0.263672,1.00006,-3.68584e-08,0.242677,1,0
7.54883,0.283203,0.999196,-3.9668e-08,0.244629,1,0
7.54883,0.302734,0.997385,-4.05868e-08,0.244629,1,0
7.56836,0.283203,0.999196,-3.93756e-08,0.242677,1,0
7.56836,0.302734,0.997385,-4.02818e-08,0.242677,1,0
7.58789,0.166016,1.00074,-1.2215e-08,0.240726,1,0
7.58789,0.185547,1.00073,-1.74652e-08,0.240726,1,0
7.60742,0.166016,1.00074,-1.21943e-08,0.238774,1,0
7.60742,0.185547,1.00073,-1.74014e-08,0.238774,1,0
7.58789,0.205078,1.0007,-2.28969e-08,0.240726,1,0
7.58789,0.224609,1.00063,-2.81384e-08,0.240726,1,0
7.60742,0.205078,1.0007,-2.27871e-08,0.238774,1,0
7.60742,0.224609,1.00063,-2.79829e-08,0.238774,1,0
7.62695,0.166016,1.00074,-1.21888e-08,0.236823,1,0
7.62695,0.185547,1.00073,-1.73538e-08,0.236823,1,0
7.64648,0.166016,1.00074,-1.22e-08,0.234871,1,0
7.64648,0.185547,1.00073,-1.73238e-08,0.234871,1,0
7.62695,0.205078,1.0007,-2.26943e-08,0.236823,1,0
7.62695,0.224609,1.00063,-2.78451e-08,0.236823,1,0
7.64648,0.205078,1.0007,-2.262e-08,0.234871,1,0
7.64648,0.224609,1.00063,-2.77266e-08,0.234871,1,0
7.58789,0.244141,1.00045,-3.2835e-08,0.240726,1,0
7.58789,0.263672,1.00006,-3.66078e-08,0.240726,1,0
7.60742,0.244141,1.00045,-3.26371e-08,0.238774,1,0
7.60742,0.263672,1.00006,-3.63742e-08,0.238774,1,0
7.58789,0.283203,0.999196,-3.9099e-08,0.240726,1,0
7.58789,0.302734,0.997385,-3.99928e-08,0.240726,1,0
7.60742,0.283203,0.999196,-3.88398e-08,0.238774,1,0
7.60742,0.302734,0.997385,-3.97213e-08,0.238774,1,0
7.62695,0.244141,1.00045,-3.24574e-08,0.236823,1,0
7.62695,0.263672,1.00006,-3.61593e-08,0.236823,1,0
7.64648,0.244141,1.00045,-3.22977e-08,0.234871,1,0
7.64648,0.263672,1.00006,-3.59648e-08,0.234871,1,0
7.62695,0.283203,0.999196,-3.85995e-08,0.236823,1,0
7.62695,0.302734,0.997385,-3.94688e-08,0.236823,1,0
7.64648,0.283203,0.999196,-3.838e-08,0.234871,1,0
7.64648,0.302734,0.997385,-3.92372e-08,0.234871,1,0
7.66602,0.00976562,1.00075,7.64328e-10,0.232919,1,0
7.66602,0.0292969,1.00075,1.70691e-09,0.232919,1,0
7.68555,0.00976562,1.00075,7.20105e-10,0.230968,1,0
7.68555,0.0292969,1.00075,1.61975e-09,0.230968,1,0
7.66602,0.0488281,1.00075,2.25315e-09,0.232919,1,0
7.66602,0.0683594,1.00075,2.24555e-09,0.232919,1,0
7.68555,0.0488281,1.00075,2.1483e-09,0.230968,1,0
7.68555,0.0683594,1.00075,2.12168e-09,0.230968,1,0
7.70508,0.00976562,1.00075,6.72347e-10,0.229016,1,0
7.70508,0.0292969,1.00075,1.52539e-09,0.229016,1,0
7.72461,0.00976562,1.00075,6.20734e-10,0.227065,1,0
7.72461,0.0292969,1.00075,1.42316e-09,0.227065,1,0
7.70508,0.0488281,1.00075,2.03418e-09,0.229016,1,0
7.70508,0.0683594,1.00075,1.98577e-09,0.229016,1,0
7.72461,0.0488281,1.00075,1.90997e-09,0.227065,1,0
7.72461,0.0683594,1.00075,1.83672e-09,0.227065,1,0
7.66602,0.0878906,1.00075,1.24479e-09,0.232919,1,0
7.66602,0.107422,1.00075,-6.98169e-10,0.232919,1,0
7.68555,0.0878906,1.00075,1.11759e-09,0.230968,1,0
7.68555,0.107422,1.00075,-8.21537e-10,0.230968,1,0
7.66602,0.126953,1.00075,-3.70672e-09,0.232919,1,0
7.66602,0.146484,1.00075,-7.59316e-09,0.232919,1,0
7.68555,0.126953,1.00075,-3.81389e-09,0.230968,1,0
7.68555,0.146484,1.00075,-7.67578e-09,0.230968,1,0
7.70508,0.0878906,1.00075,9.76156e-10,0.229016,1,0
7.70508,0.107422,1.00075,-9.61405e-10,0.229016,1,0
7.72461,0.0878906,1.00075,8.19198e-10,0.227065,1,0
7.72461,0.107422,1.00075,-1.11929e-09,0.227065,1,0
7.70508,0.126953,1.00075,-3.9395e-09,0.229016,1,0
7.70508,0.146484,1.00075,-7.77868e-09,0.229016,1,0
7.72461,0.126953,1.00075,-4.08528e-09,0.227065,1,0
7.72461,0.146484,1.00075,-7.90376e-09,0.227065,1,0
7.74414,0.00976562,1.00075,5.64913e-10,0.225113,1,0
7.74414,0.0292969,1.00075,1.31235e-09,0.225113,1,0
7.76367,0.00976562,1.00075,5.04494e-10,0.223161,1,0
7.76367,0.0292969,1.00075,1.19216e-09,0.223161,1,0
7.74414,0.0488281,1.00075,1.77472e-09,0.225113,1,0
7.74414,0.0683594,1.00075,1.67336e-09,0.225113,1,0
7.76367,0.0488281,1.00075,1.62745e-09,0.223161,1,0
7.76367,0.0683594,1.00075,1.49435e-09,0.223161,1,0
7.7832,0.00976562,1.00075,4.39044e-10,0.22121,1,0
7.7832,0.0292969,1.00075,1.06173e-09,0.22121,1,0
7.80273,0.00976562,1.00075,3.68079e-10,0.219258,1,0
7.80273,0.0292969,1.00075,9.20051e-10,0.219258,1,0
7.7832,0.0488281,1.00075,1.46701e-09,0.22121,1,0
7.7832,0.0683594,1.00075,1.29826e-09,0.22121,1,0
7.80273,0.0488281,1.00075,1.29217e-09,0.219258,1,0
7.80273,0.0683594,1.00075,1.08346e-09,0.219258,1,0
7.74414,0.0878906,1.00075,6.45302e-10,0.225113,1,0
7.74414,0.107422,1.00075,-1.29684e-09,0.225113,1,0
7.76367,0.0878906,1.00075,4.52909e-10,0.223161,1,0
7.76367,0.107422,1.00075,-1.49587e-09,0.223161,1,0
7.74414,0.126953,1.00075,-4.25309e-09,0.225113,1,0
7.74414,0.146484,1.00075,-8.05309e-09,0.225113,1,0
7.76367,0.126953,1.00075,-4.44496e-09,0.223161,1,0
7.76367,0.146484,1.00075,-8.22893e-09,0.223161,1,0
7.7832,0.0878906,1.00075,2.40303e-10,0.22121,1,0
7.7832,0.107422,1.00075,-1.71838e-09,0.22121,1,0
7.80273,0.0878906,1.00075,5.58768e-12,0.219258,1,0
7.80273,0.107422,1.00075,-1.96657e-09,0.219258,1,0
7.7832,0.126953,1.00075,-4.66316e-09,0.22121,1,0
7.7832,0.146484,1.00075,-8.43377e-09,0.22121,1,0
7.80273,0.126953,1.00075,-4.91015e-09,0.219258,1,0
7.80273,0.146484,1.00075,-8.67036e-09,0.219258,1,0
7.66602,0.166016,1.00074,-1.22294e-08,0.232919,1,0
7.66602,0.185547,1.00073,-1.73133e-08,0.232919,1,0
7.68555,0.166016,1.00074,-1.22787e-08,0.230968,1,0
7.68555,0.185547,1.00073,-1.7324e-08,0.230968,1,0
7.66602,0.205078,1.0007,-2.25661e-08,0.232919,1,0
7.66602,0.224609,1.00063,-2.76293e-08,0.232919,1,0
7.68555,0.205078,1.0007,-2.25346e-08,0.230968,1,0
7.68555,0.224609,1.00063,-2.75553e-08,0.230968,1,0
7.70508,0.166016,1.00074,-1.235e-08,0.229016,1,0
7.70508,0.185547,1.00073,-1.7358e-08,0.229016,1,0
7.72461,0.166016,1.00074,-1.24452e-08,0.227065,1,0
7.72461,0.185547,1.00073,-1.74174e-08,0.227065,1,0
7.70508,0.205078,1.0007,-2.25275e-08,0.229016,1,0
7.70508,0.224609,1.00063,-2.75068e-08,0.229016,1,0
7.72461,0.205078,1.0007,-2.25473e-08,0.227065,1,0
7.72461,0.224609,1.00063,-2.74862e-08,0.227065,1,0
7.66602,0.244141,1.00045,-3.21599e-08,0.232919,1,0
7.66602,0.263672,1.00006,-3.57926e-08,0.232919,1,0
7.68555,0.244141,1.00045,-3.2046e-08,0.230968,1,0
7.68555,0.263672,1.00006,-3.5645e-08,0.230968,1,0
7.66602,0.283203,0.999196,-3.81832e-08,0.232919,1,0
7.66602,0.302734,0.997385,-3.90284e-08,0.232919,1,0
7.68555,0.283203,0.999196,-3.80111e-08,0.230968,1,0
7.68555,0.302734,0.997385,-3.88445e-08,0.230968,1,0
7.70508,0.244141,1.00045,-3.19585e-08,0.229016,1,0
7.70508,0.263672,1.00006,-3.55243e-08,0.229016,1,0
7.72461,0.244141,1.00045,-3.18997e-08,0.227065,1,0
7.72461,0.263672,1.00006,-3.5433e-08,0.227065,1,0
7.70508,0.283203,0.999196,-3.78663e-08,0.229016,1,0
7.70508,0.302734,0.997385,-3.86878e-08,0.229016,1,0
7.72461,0.283203,0.999196,-3.77513e-08,0.227065,1,0
7.72461,0.302734,0.997385,-3.8561e-08,0.227065,1,0
7.74414,0.166016,1.00074,-1.25665e-08,0.225113,1,0
7.74414,0.185547,1.00073,-1.75048e-08,0.225113,1,0
7.76367,0.166016,1.00074,-1.27166e-08,0.223161,1,0
7.76367,0.185547,1.00073,-1.76228e-08,0.223161,1,0
7.74414,0.205078,1.0007,-2.25965e-08,0.225113,1,0
7.74414,0.224609,1.00063,-2.74962e-08,0.225113,1,0
7.76367,0.205078,1.0007,-2.26778e-08,0.223161,1,0
7.76367,0.224609,1.00063,-2.75397e-08,0.223161,1,0
7.7832,0.166016,1.00074,-1.28979e-08,0.22121,1,0
7.7832,0.185547,1.00073,-1.77742e-08,0.22121,1,0
7.80273,0.166016,1.00074,-1.31136e-08,0.219258,1,0
7.80273,0.185547,1.00073,-1.79622e-08,0.219258,1,0
7.7832,0.205078,1.0007,-2.27943e-08,0.22121,1,0
7.7832,0.224609,1.00063,-2.76199e-08,0.22121,1,0
7.80273,0.205078,1.0007,-2.29495e-08,0.219258,1,0
7.80273,0.224609,1.00063,-2.77404e-08,0.219258,1,0
7.74414,0.244141,1.00045,-3.18725e-08,0.225113,1,0
7.74414,0.263672,1.00006,-3.53739e-08,0.225113,1,0
7.76367,0.244141,1.00045,-3.18798e-08,0.223161,1,0
7.76367,0.263672,1.00006,-3.53501e-08,0.223161,1,0
7.74414,0.283203,0.999196,-3.76688e-08,0.225113,1,0
7.74414,0.302734,0.997385,-3.84669e-08,0.225113,1,0
7.76367,0.283203,0.999196,-3.76221e-08,0.223162,1,0
7.76367,0.302734,0.997385,-3.84084e-08,0.223162,1,0
7.7832,0.244141,1.00045,-3.1925e-08,0.22121,1,0
7.7832,0.263672,1.00006,-3.5365e-08,0.22121,1,0
7.80273,0.244141,1.00045,-3.20117e-08,0.219258,1,0
7.80273,0.263672,1.00006,-3.54222e-08,0.219258,1,0
7.7832,0.283203,0.999196,-3.76145e-08,0.22121,1,0
7.7832,0.302734,0.997385,-3.83892e-08,0.22121,1,0
7.80273,0.283203,0.999196,-3.76497e-08,0.219258,1,0
7.80273,0.302734,0.997385,-3.84127e-08,0.219258,1,0
7.50977,0.322266,0.993736,-4.02827e-08,0.248532,1,0
7.50977,0.341797,0.986681,-3.73623e-08,0.248532,1,0
7.5293,0.322266,0.993736,-3.99534e-08,0.246581,1,0
7.5293,0.341797,0.986681,-3.70555e-08,0.246581,1,0
7.50977,0.361328,0.973593,-3.26181e-08,0.248532,1,0
7.50977,0.380859,0.950304,-2.65412e-08,0.248532,1,0
7.5293,0.361328,0.973593,-3.23521e-08,0.246581,1,0
7.5293,0.380859,0.950304,-2.6326e-08,0.246581,1,0
7.54883,0.322266,0.993736,-3.96377e-08,0.244629,1,0
7.54883,0.341797,0.986681,-3.6762e-08,0.244629,1,0
7.56836,0.322266,0.993736,-3.93367e-08,0.242677,1,0
7.56836,0.341797,0.986681,-3.6483e-08,0.242677,1,0
7.54883,0.361328,0.973593,-3.20989e-08,0.244629,1,0
7.54883,0.380859,0.950304,-2.61323e-08,0.244629,1,0
7.56836,0.361328,0.973593,-3.18597e-08,0.242677,1,0
7.56836,0.380859,0.950304,-2.59421e-08,0.242677,1,0
7.50977,0.400391,0.91055,-1.9775e-08,0.248532,1,0
7.50977,0.419922,0.845427,-1.32863e-08,0.248532,1,0
7.5293,0.400391,0.91055,-1.96471e-08,0.246581,1,0
7.5293,0.419922,0.845427,-1.31825e-08,0.246581,1,0
7.50977,0.439453,0.742977,-7.65898e-09,0.248532,1,0
7.50977,0.458984,0.58805,-3.54969e-09,0.248532,1,0
7.5293,0.439453,0.742977,-7.62156e-09,0.246581,1,0
7.5293,0.458984,0.58805,-3.5802e-09,0.246581,1,0
7.54883,0.400391,0.91055,-1.9493e-08,0.244629,1,0
7.54883,0.419922,0.845426,-1.31296e-08,0.244629,1,0
7.56836,0.400391,0.91055,-1.93881e-08,0.242677,1,0
7.56836,0.419922,0.845426,-1.30447e-08,0.242677,1,0
7.54883,0.439453,0.742977,-7.60551e-09,0.244629,1,0
7.54883,0.458984,0.58805,-3.55964e-09,0.244629,1,0
7.56836,0.439453,0.742977,-7.58302e-09,0.242677,1,0
7.56836,0.458984,0.58805,-3.60085e-09,0.242677,1,0
7.58789,0.322266,0.993736,-3.90517e-08,0.240726,1,0
7.58789,0.341797,0.986681,-3.62197e-08,0.240726,1,0
7.60742,0.322266,0.993736,-3.8784e-08,0.238774,1,0
7.60742,0.341797,0.986681,-3.59734e-08,0.238774,1,0
7.58789,0.361328,0.973593,-3.16355e-08,0.240726,1,0
7.58789,0.380859,0.950304,-2.57756e-08,0.240726,1,0
7.60742,0.361328,0.973593,-3.14277e-08,0.238774,1,0
7.60742,0.380859,0.950304,-2.56148e-08,0.238774,1,0
7.62695,0.322266,0.993736,-3.85353e-08,0.236823,1,0
7.62695,0.341797,0.986681,-3.57457e-08,0.236823,1,0
7.64648,0.322266,0.993736,-3.83073e-08,0.234871,1,0
7.64648,0.341797,0.986681,-3.55382e-08,0.234871,1,0
7.62695,0.361328,0.973593,-3.12377e-08,0.236823,1,0
7.62695,0.380859,0.950304,-2.54805e-08,0.236823,1,0
7.64648,0.361328,0.973593,-3.10672e-08,0.234871,1,0
7.64648,0.380859,0.950304,-2.53546e-08,0.234871,1,0
7.58789,0.400391,0.91055,-1.92581e-08,0.240726,1,0
7.58789,0.419922,0.845426,-1.30132e-08,0.240726,1,0
7.60742,0.400391,0.91055,-1.91803e-08,0.238774,1,0
7.60742,0.419922,0.845426,-1.29508e-08,0.238774,1,0
7.58789,0.439453,0.742977,-7.5835e-09,0.240726,1,0
7.58789,0.458984,0.58805,-3.59071e-09,0.240726,1,0
7.60742,0.439453,0.742977,-7.57868e-09,0.238774,1,0
7.60742,0.458984,0.58805,-3.64445e-09,0.238774,1,0
7.62695,0.400391,0.91055,-1.90788e-08,0.236823,1,0
7.62695,0.419922,0.845426,-1.29446e-08,0.236823,1,0
7.64648,0.400391,0.91055,-1.90329e-08,0.234871,1,0
7.64648,0.419922,0.845426,-1.29088e-08,0.234871,1,0
7.62695,0.439453,0.742977,-7.59871e-09,0.236823,1,0
7.62695,0.458984,0.58805,-3.64678e-09,0.236823,1,0
7.64648,0.439453,0.742977,-7.61493e-09,0.234871,1,0
7.64648,0.458984,0.58805,-3.71534e-09,0.234871,1,0
7.50977,0.478516,0.362538,-8.57712e-10,0.248532,1,0
7.50977,0.498047,0.0460393,2.60428e-10,0.248532,0.6,0
7.5293,0.478516,0.362538,-8.55867e-10,0.246581,1,0
7.5293,0.498047,0.0460393,2.68945e-10,0.246581,0.6,0
7.54883,0.478516,0.362538,-8.83238e-10,0.244629,1,0
7.54883,0.498047,0.0460393,2.64253e-10,0.244629,0.6,0
7.56836,0.478516,0.362538,-8.8515e-10,0.242677,1,0
7.56836,0.498047,0.0460393,2.74382e-10,0.242677,0.6,0
7.58789,0.478516,0.362538,-9.17164e-10,0.240726,1,0
7.58789,0.498047,0.0460393,2.71192e-10,0.240726,0.6,0
7.60742,0.478516,0.362538,-9.236e-10,0.238774,1,0
7.60742,0.498047,0.0460393,2.8328e-10,0.238774,0.6,0
7.62695,0.478516,0.362538,-9.6114e-10,0.236823,1,0
7.62695,0.498047,0.0460393,2.81982e-10,0.236823,0.6,0
7.64648,0.478516,0.362538,-9.73091e-10,0.234871,1,0
7.64648,0.498047,0.0460393,2.96469e-10,0.234871,0.6,0
7.66602,0.322266,0.993736,-3.81019e-08,0.232919,1,0
7.66602,0.341797,0.986681,-3.53529e-08,0.232919,1,0
7.68555,0.322266,0.993736,-3.79212e-08,0.230968,1,0
7.68555,0.341797,0.986681,-3.51917e-08,0.230968,1,0
7.66602,0.361328,0.973593,-3.0918e-08,0.232919,1,0
7.66602,0.380859,0.950304,-2.52585e-08,0.232919,1,0
7.68555,0.361328,0.973593,-3.07918e-08,0.230968,1,0
7.68555,0.380859,0.950304,-2.5174e-08,0.230968,1,0
7.70508,0.322266,0.993736,-3.77675e-08,0.229016,1,0
7.70508,0.341797,0.986681,-3.50569e-08,0.229016,1,0
7.72461,0.322266,0.993736,-3.76434e-08,0.227065,1,0
7.72461,0.341797,0.986681,-3.4951e-08,0.227065,1,0
7.70508,0.361328,0.973593,-3.06911e-08,0.229016,1,0
7.70508,0.380859,0.950304,-2.51234e-08,0.229016,1,0
7.72461,0.361328,0.973593,-3.06179e-08,0.227065,1,0
7.72461,0.380859,0.950304,-2.50884e-08,0.227065,1,0
7.66602,0.400391,0.91055,-1.89654e-08,0.232919,1,0
7.66602,0.419922,0.845426,-1.29326e-08,0.232919,1,0
7.68555,0.400391,0.91055,-1.89574e-08,0.230968,1,0
7.68555,0.419922,0.845426,-1.29287e-08,0.230968,1,0
7.66602,0.439453,0.742977,-7.65829e-09,0.232919,1,0
7.66602,0.458984,0.58805,-3.73273e-09,0.232919,1,0
7.68555,0.439453,0.742977,-7.69972e-09,0.230968,1,0
7.68555,0.458984,0.58805,-3.81901e-09,0.230968,1,0
7.70508,0.400391,0.91055,-1.89306e-08,0.229016,1,0
7.70508,0.419922,0.845426,-1.29883e-08,0.229016,1,0
7.72461,0.400391,0.91055,-1.89679e-08,0.227065,1,0
7.72461,0.419922,0.845426,-1.30226e-08,0.227065,1,0
7.70508,0.439453,0.742977,-7.771e-09,0.229016,1,0
7.70508,0.458984,0.58805,-3.85464e-09,0.229016,1,0
7.72461,0.439453,0.742977,-7.84273e-09,0.227065,1,0
7.72461,0.458984,0.58805,-3.96218e-09,0.227065,1,0
7.74414,0.322266,0.993736,-3.75516e-08,0.225113,1,0
7.74414,0.341797,0.986681,-3.48766e-08,0.225113,1,0
7.76367,0.322266,0.993736,-3.74951e-08,0.223162,1,0
7.76367,0.341797,0.986681,-3.48367e-08,0.223162,1,0
7.74414,0.361328,0.973593,-3.0575e-08,0.225113,1,0
7.74414,0.380859,0.950304,-2.50922e-08,0.225113,1,0
7.76367,0.361328,0.973593,-3.05652e-08,0.223162,1,0
7.76367,0.380859,0.950304,-2.51165e-08,0.223162,1,0
7.7832,0.322266,0.993736,-3.74773e-08,0.22121,1,0
7.7832,0.341797,0.986681,-3.48346e-08,0.22121,1,0
7.80273,0.322266,0.993736,-3.75019e-08,0.219258,1,0
7.80273,0.341797,0.986681,-3.48738e-08,0.219258,1,0
7.7832,0.361328,0.973593,-3.05915e-08,0.22121,1,0
7.7832,0.380859,0.950304,-2.51852e-08,0.22121,1,0
7.80273,0.361328,0.973593,-3.06575e-08,0.219258,1,0
7.80273,0.380859,0.950304,-2.52805e-08,0.219258,1,0
7.74414,0.400391,0.91055,-1.89897e-08,0.225113,1,0
7.74414,0.419922,0.845426,-1.3125e-08,0.225113,1,0
7.76367,0.400391,0.91055,-1.90811e-08,0.223162,1,0
7.76367,0.419922,0.845426,-1.32053e-08,0.223162,1,0
7.74414,0.439453,0.742977,-7.94755e-09,0.225113,1,0
7.74414,0.458984,0.58805,-4.01995e-09,0.225113,1,0
7.76367,0.439453,0.742977,-8.05575e-09,0.223162,1,0
7.76367,0.458984,0.58805,-4.15307e-09,0.223162,1,0
7.7832,0.400391,0.91055,-1.91614e-08,0.22121,1,0
7.7832,0.419922,0.845426,-1.3359e-08,0.22121,1,0
7.80273,0.400391,0.91055,-1.93176e-08,0.219258,1,0
7.80273,0.419922,0.845426,-1.34947e-08,0.219258,1,0
7.7832,0.439453,0.742976,-8.20092e-09,0.22121,1,0
7.7832,0.458984,0.58805,-4.2377e-09,0.22121,1,0
7.80273,0.439453,0.742976,-8.35308e-09,0.219258,1,0
7.80273,0.458984,0.58805,-4.40161e-09,0.219258,1,0
7.66602,0.478516,0.362538,-1.01727e-09,0.232919,1,0
7.66602,0.498047,0.0460393,2.97543e-10,0.232919,0.6,0
7.68555,0.478516,0.362538,-1.03597e-09,0.230968,1,0
7.68555,0.498047,0.0460393,3.14955e-10,0.230968,0.6,0
7.70508,0.478516,0.362538,-1.08816e-09,0.229016,1,0
7.70508,0.498047,0.0460393,3.18968e-10,0.229016,0.6,0
7.72461,0.478516,0.362538,-1.1151e-09,0.227065,1,0
7.72461,0.498047,0.0460393,3.3992e-10,0.227065,0.6,0
7.74414,0.478516,0.362538,-1.17694e-09,0.225113,1,0
7.74414,0.498047,0.0460393,3.47536e-10,0.225113,0.6,0
7.76367,0.478516,0.362538,-1.21389e-09,0.223162,1,0
7.76367,0.498047,0.0460393,3.72749e-10,0.223162,0.6,0
7.7832,0.478516,0.362538,-1.28732e-09,0.22121,1,0
7.7832,0.498047,0.0460393,3.84748e-10,0.22121,0.6,0
7.80273,0.478516,0.362538,-1.33642e-09,0.219258,1,0
7.80273,0.498047,0.0460393,4.1508e-10,0.219258,0.6,0
7.82227,0.00976562,1.00075,2.9106e-10,0.217307,1,0
7.82227,0.0292969,1.00075,7.6605e-10,0.217307,1,0
7.8418,0.00976562,1.00075,2.07387e-10,0.215355,1,0
7.8418,0.0292969,1.00075,5.98509e-10,0.215355,1,0
7.82227,0.0488281,1.00075,1.10154e-09,0.217307,1,0
7.82227,0.0683594,1.00075,8.48189e-10,0.217307,1,0
7.8418,0.0488281,1.00075,8.93592e-10,0.215355,1,0
7.8418,0.0683594,1.00075,5.90469e-10,0.215355,1,0
7.86133,0.00976562,1.00075,1.1639e-10,0.213404,1,0
7.86133,0.0292969,1.00075,4.16071e-10,0.213404,1,0
7.88086,0.00976562,1.00075,1.73351e-11,0.211452,1,0
7.88086,0.0292969,1.00075,2.1729e-10,0.211452,1,0
7.86133,0.0488281,1.00075,6.66637e-10,0.213404,1,0
7.86133,0.0683594,1.00075,3.08138e-10,0.213404,1,0
7.88086,0.0488281,1.00075,4.18865e-10,0.211452,1,0
7.88086,0.0683594,1.00075,-1.17184e-12,0.211452,1,0
7.82227,0.0878906,1.00075,-2.53336e-10,0.217307,1,0
7.82227,0.107422,1.00075,-2.24289e-09,0.217307,1,0
7.8418,0.0878906,1.00075,-5.38785e-10,0.215355,1,0
7.8418,0.107422,1.00075,-2.55003e-09,0.215355,1,0
7.82227,0.126953,1.00075,-5.18868e-09,0.217307,1,0
7.82227,0.146484,1.00075,-8.94173e-09,0.217307,1,0
7.8418,0.126953,1.00075,-5.50176e-09,0.215355,1,0
7.8418,0.146484,1.00075,-9.2512e-09,0.215355,1,0
7.86133,0.0878906,1.00075,-8.53311e-10,0.213404,1,0
7.86133,0.107422,1.00075,-2.89093e-09,0.213404,1,0
7.88086,0.0878906,1.00075,-1.19973e-09,0.211452,1,0
7.88086,0.107422,1.00075,-3.2689e-09,0.211452,1,0
7.86133,0.126953,1.00075,-5.85272e-09,0.213404,1,0
7.86133,0.146484,1.00075,-9.60245e-09,0.213404,1,0
7.88086,0.126953,1.00075,-6.24523e-09,0.211452,1,0
7.88086,0.146484,1.00075,-9.99952e-09,0.211452,1,0
7.90039,0.00976562,1.00075,-9.0471e-11,0.2095,1,0
7.90039,0.0292969,1.00075,7.34944e-13,0.2095,1,0
7.91992,0.00976562,1.00075,-2.07743e-10,0.207549,1,0
7.91992,0.0292969,1.00075,-2.35196e-10,0.207549,1,0
7.90039,0.0488281,1.00075,1.4833e-10,0.2095,1,0
7.90039,0.0683594,1.00075,-3.4008e-10,0.2095,1,0
7.91992,0.0488281,1.00075,-1.47206e-10,0.207549,1,0
7.91992,0.0683594,1.00075,-7.11493e-10,0.207549,1,0
7.93945,0.00976562,1.00075,-3.35488e-10,0.205597,1,0
7.93945,0.0292969,1.00075,-4.92561e-10,0.205597,1,0
7.95898,0.00976562,1.00075,-4.74964e-10,0.203646,1,0
7.95898,0.0292969,1.00075,-7.73741e-10,0.203646,1,0
7.93945,0.0488281,1.00075,-4.70291e-10,0.205597,1,0
7.93945,0.0683594,1.00075,-1.11861e-09,0.205597,1,0
7.95898,0.0488281,1.00075,-8.2369e-10,0.203646,1,0
7.95898,0.0683594,1.00075,-1.56493e-09,0.203646,1,0
7.90039,0.0878906,1.00075,-1.58116e-09,0.2095,1,0
7.90039,0.107422,1.00075,-3.68753e-09,0.2095,1,0
7.91992,0.0878906,1.00075,-2.00102e-09,0.207549,1,0
7.91992,0.107422,1.00075,-4.1508e-09,0.207549,1,0
7.90039,0.126953,1.00075,-6.68335e-09,0.2095,1,0
7.90039,0.146484,1.00075,-1.04469e-08,0.2095,1,0
7.91992,0.126953,1.00075,-7.17152e-09,0.207549,1,0
7.91992,0.146484,1.00075,-1.09494e-08,0.207549,1,0
7.93945,0.0878906,1.00075,-2.46307e-09,0.205597,1,0
7.93945,0.107422,1.00075,-4.66305e-09,0.205597,1,0
7.95898,0.0878906,1.00075,-2.9714e-09,0.203646,1,0
7.95898,0.107422,1.00075,-5.22905e-09,0.203646,1,0
7.93945,0.126953,1.00075,-7.7146e-09,0.205597,1,0
7.93945,0.146484,1.00075,-1.15125e-08,0.205597,1,0
7.95898,0.126953,1.00075,-8.31795e-09,0.203646,1,0
7.95898,0.146484,1.00075,-1.21421e-08,0.203646,1,0
7.82227,0.166016,1.00074,-1.3367e-08,0.217307,1,0
7.82227,0.185547,1.00073,-1.81904e-08,0.217307,1,0
7.8418,0.166016,1.00074,-1.36615e-08,0.215355,1,0
7.8418,0.185547,1.00073,-1.84626e-08,0.215355,1,0
7.82227,0.205078,1.0007,-2.31469e-08,0.217307,1,0
7.82227,0.224609,1.00063,-2.79049e-08,0.217307,1,0
7.8418,0.205078,1.0007,-2.33907e-08,0.215355,1,0
7.8418,0.224609,1.00063,-2.81177e-08,0.215355,1,0
7.86133,0.166016,1.00074,-1.40013e-08,0.213404,1,0
7.86133,0.185547,1.00073,-1.87831e-08,0.213404,1,0
7.88086,0.166016,1.00074,-1.43906e-08,0.211452,1,0
7.88086,0.185547,1.00073,-1.91565e-08,0.211452,1,0
7.86133,0.205078,1.0007,-2.36854e-08,0.213404,1,0
7.86133,0.224609,1.00063,-2.83836e-08,0.213404,1,0
7.88086,0.205078,1.0007,-2.40358e-08,0.211452,1,0
7.88086,0.224609,1.00063,-2.87075e-08,0.211452,1,0
7.82227,0.244141,1.00045,-3.21439e-08,0.217307,1,0
7.82227,0.263672,1.00006,-3.55258e-08,0.217307,1,0
7.8418,0.244141,1.00045,-3.23258e-08,0.215355,1,0
7.8418,0.263672,1.00006,-3.56803e-08,0.215355,1,0
7.82227,0.283203,0.999196,-3.77318e-08,0.217307,1,0
7.82227,0.302734,0.997385,-3.84832e-08,0.217307,1,0
7.8418,0.283203,0.999196,-3.78653e-08,0.215355,1,0
7.8418,0.302734,0.997385,-3.86051e-08,0.215355,1,0
7.86133,0.244141,1.00045,-3.25624e-08,0.213404,1,0
7.86133,0.263672,1.00006,-3.58905e-08,0.213404,1,0
7.88086,0.244141,1.00045,-3.28588e-08,0.211452,1,0
7.88086,0.263672,1.00006,-3.61619e-08,0.211452,1,0
7.86133,0.283203,0.999196,-3.80551e-08,0.213404,1,0
7.86133,0.302734,0.997385,-3.87833e-08,0.213404,1,0
7.88086,0.283203,0.999196,-3.83066e-08,0.211452,1,0
7.88086,0.302734,0.997385,-3.90232e-08,0.211452,1,0
7.90039,0.166016,1.00074,-1.48343e-08,0.2095,1,0
7.90039,0.185547,1.00073,-1.95879e-08,0.2095,1,0
7.91992,0.166016,1.00074,-1.53378e-08,0.207549,1,0
7.91992,0.185547,1.00073,-2.00831e-08,0.207549,1,0
7.90039,0.205078,1.0007,-2.44474e-08,0.2095,1,0
7.90039,0.224609,1.00063,-2.90951e-08,0.2095,1,0
7.91992,0.205078,1.0007,-2.4926e-08,0.207549,1,0
7.91992,0.224609,1.00063,-2.95526e-08,0.207549,1,0
7.93945,0.166016,1.00074,-1.59067e-08,0.205597,1,0
7.93945,0.185547,1.00073,-2.06481e-08,0.205597,1,0
7.95898,0.166016,1.00074,-1.65475e-08,0.203646,1,0
7.95898,0.185547,1.00073,-2.129e-08,0.203646,1,0
7.93945,0.205078,1.0007,-2.54784e-08,0.205597,1,0
7.93945,0.224609,1.00063,-3.00869e-08,0.205597,1,0
7.95898,0.205078,1.0007,-2.61116e-08,0.203646,1,0
7.95898,0.224609,1.00063,-3.07054e-08,0.203646,1,0
7.90039,0.244141,1.00045,-3.32209e-08,0.2095,1,0
7.90039,0.263672,1.00006,-3.65002e-08,0.2095,1,0
7.91992,0.244141,1.00045,-3.36551e-08,0.207549,1,0
7.91992,0.263672,1.00006,-3.69121e-08,0.207549,1,0
7.90039,0.283203,0.999196,-3.86259e-08,0.2095,1,0
7.90039,0.302734,0.997385,-3.93309e-08,0.2095,1,0
7.91992,0.283203,0.999196,-3.90194e-08,0.207549,1,0
7.91992,0.302734,0.997385,-3.97128e-08,0.207549,1,0
7.93945,0.244141,1.00045,-3.41683e-08,0.205597,1,0
7.93945,0.263672,1.00006,-3.74047e-08,0.205597,1,0
7.95898,0.244141,1.00045,-3.47684e-08,0.203646,1,0
7.95898,0.263672,1.00006,-3.79858e-08,0.203646,1,0
7.93945,0.283203,0.999196,-3.94944e-08,0.205597,1,0
7.93945,0.302734,0.997385,-4.01762e-08,0.205597,1,0
7.95898,0.283203,0.999196,-4.00589e-08,0.203646,1,0
7.95898,0.302734,0.997385,-4.07291e-08,0.203646,1,0
7.97852,0.00976562,1.00075,-6.27415e-10,0.201694,1,0
7.97852,0.0292969,1.00075,-1.08116e-09,0.201694,1,0
7.99805,0.00976562,1.00075,-7.94076e-10,0.199743,1,0
7.99805,0.0292969,1.00075,-1.41733e-09,0.199743,1,0
7.97852,0.0488281,1.00075,-1.21038e-09,0.201694,1,0
7.97852,0.0683594,1.00075,-2.05432e-09,0.201694,1,0
7.99805,0.0488281,1.00075,-1.63361e-09,0.199743,1,0
7.99805,0.0683594,1.00075,-2.59099e-09,0.199743,1,0
8.01758,0.00976562,1.00075,-9.76301e-10,0.197791,1,0
8.01758,0.0292969,1.00075,-1.78502e-09,0.197791,1,0
8.03711,0.00976562,1.00075,-1.17558e-09,0.195839,1,0
8.03711,0.0292969,1.00075,-2.1873e-09,0.195839,1,0
8.01758,0.0488281,1.00075,-2.09694e-09,0.197791,1,0
8.01758,0.0683594,1.00075,-3.17959e-09,0.197791,1,0
8.03711,0.0488281,1.00075,-2.60434e-09,0.195839,1,0
8.03711,0.0683594,1.00075,-3.82523e-09,0.195839,1,0
7.97852,0.0878906,1.00075,-3.53055e-09,0.201694,1,0
7.97852,0.107422,1.00075,-5.85405e-09,0.201694,1,0
7.99805,0.0878906,1.00075,-4.1455e-09,0.199743,1,0
7.99805,0.107422,1.00075,-6.54385e-09,0.199743,1,0
7.97852,0.126953,1.00075,-8.98746e-09,0.201694,1,0
7.97852,0.146484,1.00075,-1.28446e-08,0.201694,1,0
7.99805,0.126953,1.00075,-9.72963e-09,0.199743,1,0
7.99805,0.146484,1.00075,-1.36273e-08,0.199743,1,0
8.01758,0.0878906,1.00075,-4.82175e-09,0.197791,1,0
8.01758,0.107422,1.00075,-7.30481e-09,0.197791,1,0
8.03711,0.0878906,1.00075,-5.5653e-09,0.195839,1,0
8.03711,0.107422,1.00075,-8.14392e-09,0.195839,1,0
8.01758,0.126953,1.00075,-1.05516e-08,0.197791,1,0
8.01758,0.146484,1.00075,-1.44979e-08,0.197791,1,0
8.03711,0.126953,1.00075,-1.14612e-08,0.195839,1,0
8.03711,0.146484,1.00075,-1.54652e-08,0.195839,1,0
8.05664,0.00976562,1.00075,-1.39352e-09,0.193888,1,0
8.05664,0.0292969,1.00075,-2.62748e-09,0.193888,1,0
8.07617,0.00976562,1.00075,-1.63185e-09,0.191936,1,0
8.07617,0.0292969,1.00075,-3.10919e-09,0.191936,1,0
8.05664,0.0488281,1.00075,-3.16011e-09,0.193888,1,0
8.05664,0.0683594,1.00075,-4.5335e-09,0.193888,1,0
8.07617,0.0488281,1.00075,-3.769e-09,0.191936,1,0
8.07617,0.0683594,1.00075,-5.31055e-09,0.191936,1,0
8.0957,0.00976562,1.00075,-1.89248e-09,0.189985,1,0
8.0957,0.0292969,1.00075,-3.63639e-09,0.189985,1,0
8.11523,0.00976562,1.00075,-2.1776e-09,0.188033,1,0
8.11523,0.0292969,1.00075,-4.21354e-09,0.188033,1,0
8.0957,0.0488281,1.00075,-4.43617e-09,0.189985,1,0
8.0957,0.0683594,1.00075,-6.16314e-09,0.189985,1,0
8.11523,0.0488281,1.00075,-5.16737e-09,0.188033,1,0
8.11523,0.0683594,1.00075,-7.09874e-09,0.188033,1,0
8.05664,0.0878906,1.00075,-6.38278e-09,0.193888,1,0
8.05664,0.107422,1.00075,-9.0689e-09,0.193888,1,0
8.07617,0.0878906,1.00075,-7.28149e-09,0.191936,1,0
8.07617,0.107422,1.00075,-1.00882e-08,0.191936,1,0
8.05664,0.126953,1.00075,-1.24671e-08,0.193888,1,0
8.05664,0.146484,1.00075,-1.65388e-08,0.193888,1,0
8.07617,0.126953,1.00075,-1.35788e-08,0.191936,1,0
8.07617,0.146484,1.00075,-1.77291e-08,0.191936,1,0
8.0957,0.0878906,1.00075,-8.26946e-09,0.189985,1,0
8.0957,0.107422,1.00075,-1.12112e-08,0.189985,1,0
8.11523,0.0878906,1.00075,-9.35556e-09,0.188033,1,0
8.11523,0.107422,1.00075,-1.24483e-08,0.188033,1,0
8.0957,0.126953,1.00075,-1.48068e-08,0.189985,1,0
8.0957,0.146484,1.00075,-1.90478e-08,0.189985,1,0
8.11523,0.126953,1.00075,-1.61628e-08,0.188033,1,0
8.11523,0.146484,1.00075,-2.05075e-08,0.188033,1,0
7.97852,0.166016,1.00074,-1.72673e-08,0.201694,1,0
7.97852,0.185547,1.00073,-2.20161e-08,0.201694,1,0
7.99805,0.166016,1.00074,-1.80738e-08,0.199743,1,0
7.99805,0.185547,1.00073,-2.28347e-08,0.199743,1,0
7.97852,0.205078,1.0007,-2.68335e-08,0.201694,1,0
7.97852,0.224609,1.00063,-3.14164e-08,0.201694,1,0
7.99805,0.205078,1.0007,-2.7653e-08,0.199743,1,0
7.99805,0.224609,1.00063,-3.22289e-08,0.199743,1,0
8.01758,0.166016,1.00074,-1.89755e-08,0.197791,1,0
8.01758,0.185547,1.00073,-2.37551e-08,0.197791,1,0
8.03711,0.166016,1.00074,-1.99819e-08,0.195839,1,0
8.03711,0.185547,1.00073,-2.47871e-08,0.195839,1,0
8.01758,0.205078,1.0007,-2.85796e-08,0.197791,1,0
8.01758,0.224609,1.00063,-3.31531e-08,0.197791,1,0
8.03711,0.205078,1.0007,-2.96239e-08,0.195839,1,0
8.03711,0.224609,1.00063,-3.41998e-08,0.195839,1,0
7.97852,0.244141,1.00045,-3.54637e-08,0.201694,1,0
7.97852,0.263672,1.00006,-3.86642e-08,0.201694,1,0
7.99805,0.244141,1.00045,-3.62637e-08,0.199743,1,0
7.99805,0.263672,1.00006,-3.94494e-08,0.199743,1,0
7.97852,0.283203,0.999196,-4.07216e-08,0.201694,1,0
7.97852,0.302734,0.997385,-4.13802e-08,0.201694,1,0
7.99805,0.283203,0.999196,-4.14922e-08,0.199743,1,0
7.99805,0.302734,0.997385,-4.21392e-08,0.199743,1,0
8.01758,0.244141,1.00045,-3.71788e-08,0.197791,1,0
8.01758,0.263672,1.00006,-4.03519e-08,0.197791,1,0
8.03711,0.244141,1.00045,-3.82202e-08,0.195839,1,0
8.03711,0.263672,1.00006,-4.13834e-08,0.195839,1,0
8.01758,0.283203,0.999196,-4.23814e-08,0.197791,1,0
8.01758,0.302734,0.997385,-4.30168e-08,0.197791,1,0
8.03711,0.283203,0.999196,-4.34009e-08,0.195839,1,0
8.03711,0.302734,0.997385,-4.40247e-08,0.195839,1,0
8.05664,0.166016,1.00074,-2.11032e-08,0.193888,1,0
8.05664,0.185547,1.00073,-2.59419e-08,0.193888,1,0
8.07617,0.166016,1.00074,-2.23509e-08,0.191936,1,0
8.07617,0.185547,1.00073,-2.72316e-08,0.191936,1,0
8.05664,0.205078,1.0007,-3.07975e-08,0.193888,1,0
8.05664,0.224609,1.00063,-3.53813e-08,0.193888,1,0
8.07617,0.205078,1.0007,-3.21133e-08,0.191936,1,0
8.07617,0.224609,1.00063,-3.67109e-08,0.191936,1,0
8.0957,0.166016,1.00074,-2.37374e-08,0.189985,1,0
8.0957,0.185547,1.00073,-2.86696e-08,0.189985,1,0
8.11523,0.166016,1.00074,-2.52767e-08,0.188033,1,0
8.11523,0.185547,1.00073,-3.02707e-08,0.188033,1,0
8.0957,0.205078,1.0007,-3.35853e-08,0.189985,1,0
8.0957,0.224609,1.00063,-3.82034e-08,0.189985,1,0
8.11523,0.205078,1.0007,-3.52292e-08,0.188033,1,0
8.11523,0.224609,1.00063,-3.98748e-08,0.188033,1,0
8.05664,0.244141,1.00045,-3.94005e-08,0.193888,1,0
8.05664,0.263672,1.00006,-4.25566e-08,0.193888,1,0
8.07617,0.244141,1.00045,-4.07334e-08,0.191936,1,0
8.07617,0.263672,1.00006,-4.38856e-08,0.191936,1,0
8.05664,0.283203,0.999196,-4.45635e-08,0.193888,1,0
8.05664,0.302734,0.997385,-4.51759e-08,0.193888,1,0
8.07617,0.283203,0.999196,-4.58836e-08,0.191936,1,0
8.07617,0.302734,0.997385,-4.64845e-08,0.191936,1,0
8.0957,0.244141,1.00045,-4.22342e-08,0.189985,1,0
8.0957,0.263672,1.00006,-4.53858e-08,0.189985,1,0
8.11523,0.244141,1.00045,-4.39195e-08,0.188033,1,0
8.11523,0.263672,1.00006,-4.70744e-08,0.188033,1,0
8.0957,0.283203,0.999196,-4.73766e-08,0.189985,1,0
8.0957,0.302734,0.997385,-4.79661e-08,0.189985,1,0
8.11523,0.283203,0.999196,-4.90599e-08,0.188033,1,0
8.11523,0.302734,0.997385,-4.9638e-08,0.188033,1,0
7.82227,0.322266,0.993736,-3.75729e-08,0.217307,1,0
7.82227,0.341797,0.986681,-3.49582e-08,0.217307,1,0
7.8418,0.322266,0.993736,-3.76947e-08,0.215355,1,0
7.8418,0.341797,0.986681,-3.50923e-08,0.215355,1,0
7.82227,0.361328,0.973593,-3.07669e-08,0.217307,1,0
7.82227,0.380859,0.950304,-2.54273e-08,0.217307,1,0
7.8418,0.361328,0.973593,-3.09238e-08,0.215355,1,0
7.8418,0.380859,0.950304,-2.56079e-08,0.215355,1,0
7.86133,0.322266,0.993736,-3.78722e-08,0.213404,1,0
7.86133,0.341797,0.986681,-3.52807e-08,0.213404,1,0
7.88086,0.322266,0.993736,-3.81108e-08,0.211452,1,0
7.88086,0.341797,0.986681,-3.55286e-08,0.211452,1,0
7.86133,0.361328,0.973593,-3.11329e-08,0.213404,1,0
7.86133,0.380859,0.950304,-2.58484e-08,0.213404,1,0
7.88086,0.361328,0.973593,-3.13991e-08,0.211452,1,0
7.88086,0.380859,0.950304,-2.61315e-08,0.211452,1,0
7.82227,0.400391,0.91055,-1.94682e-08,0.217307,1,0
7.82227,0.419922,0.845426,-1.37101e-08,0.217307,1,0
7.8418,0.400391,0.91055,-1.97023e-08,0.215355,1,0
7.8418,0.419922,0.845426,-1.39126e-08,0.215355,1,0
7.82227,0.439453,0.742976,-8.54686e-09,0.217307,1,0
7.82227,0.458984,0.58805,-4.51883e-09,0.217307,1,0
7.8418,0.439453,0.742976,-8.75206e-09,0.215355,1,0
7.8418,0.458984,0.58805,-4.71982e-09,0.215355,1,0
7.86133,0.400391,0.91055,-1.99375e-08,0.213404,1,0
7.86133,0.419922,0.845426,-1.42022e-08,0.213404,1,0
7.88086,0.400391,0.91055,-2.02654e-08,0.211452,1,0
7.88086,0.419922,0.845426,-1.44852e-08,0.211452,1,0
7.86133,0.439453,0.742976,-9.00443e-09,0.213404,1,0
7.86133,0.458984,0.58805,-4.87653e-09,0.213404,1,0
7.88086,0.439453,0.742976,-9.27369e-09,0.211452,1,0
7.88086,0.458984,0.58805,-5.12221e-09,0.211452,1,0
7.90039,0.322266,0.993736,-3.84162e-08,0.2095,1,0
7.90039,0.341797,0.986681,-3.58419e-08,0.2095,1,0
7.91992,0.322266,0.993736,-3.87951e-08,0.207549,1,0
7.91992,0.341797,0.986681,-3.62269e-08,0.207549,1,0
7.90039,0.361328,0.973593,-3.17281e-08,0.2095,1,0
7.90039,0.380859,0.950304,-2.64849e-08,0.2095,1,0
7.91992,0.361328,0.973593,-3.21258e-08,0.207549,1,0
7.91992,0.380859,0.950304,-2.68916e-08,0.207549,1,0
7.93945,0.322266,0.993736,-3.92546e-08,0.205597,1,0
7.93945,0.341797,0.986681,-3.66905e-08,0.205597,1,0
7.95898,0.322266,0.993736,-3.98025e-08,0.203646,1,0
7.95898,0.341797,0.986681,-3.72406e-08,0.203646,1,0
7.93945,0.361328,0.973593,-3.25992e-08,0.205597,1,0
7.93945,0.380859,0.950304,-2.73809e-08,0.205597,1,0
7.95898,0.361328,0.973593,-3.31556e-08,0.203646,1,0
7.95898,0.380859,0.950304,-2.79367e-08,0.203646,1,0
7.90039,0.400391,0.91055,-2.06026e-08,0.2095,1,0
7.90039,0.419922,0.845426,-1.48642e-08,0.2095,1,0
7.91992,0.400391,0.91055,-2.10434e-08,0.207549,1,0
7.91992,0.419922,0.845426,-1.52444e-08,0.207549,1,0
7.90039,0.439453,0.742976,-9.59679e-09,0.2095,1,0
7.90039,0.458984,0.58805,-5.32676e-09,0.2095,1,0
7.91992,0.439453,0.742976,-9.94345e-09,0.207549,1,0
7.91992,0.458984,0.58805,-5.62634e-09,0.207549,1,0
7.93945,0.400391,0.91055,-2.15036e-08,0.205597,1,0
7.93945,0.419922,0.845426,-1.57313e-08,0.205597,1,0
7.95898,0.400391,0.91055,-2.20806e-08,0.203646,1,0
7.95898,0.419922,0.845426,-1.6229e-08,0.203646,1,0
7.93945,0.439453,0.742976,-1.0352e-08,0.205597,1,0
7.93945,0.458984,0.58805,-5.88884e-09,0.205597,1,0
7.95898,0.439453,0.742976,-1.07922e-08,0.203646,1,0
7.95898,0.458984,0.58805,-6.25348e-09,0.203646,1,0
7.82227,0.478516,0.362538,-1.42378e-09,0.217307,1,0
7.82227,0.498047,0.0460393,4.32397e-10,0.217307,0.6,0
7.8418,0.478516,0.362538,-1.4876e-09,0.215355,1,0
7.8418,0.498047,0.0460393,4.68881e-10,0.215355,0.6,0
7.86133,0.478516,0.362538,-1.59175e-09,0.213404,1,0
7.86133,0.498047,0.0460393,4.92653e-10,0.213404,0.6,0
7.88086,0.478516,0.362538,-1.6734e-09,0.211452,1,0
7.88086,0.498047,0.0460393,5.3655e-10,0.211452,0.6,0
7.90039,0.478516,0.362538,-1.79777e-09,0.2095,1,0
7.90039,0.498047,0.0460393,5.68165e-10,0.2095,0.6,0
7.91992,0.478516,0.362538,-1.90106e-09,0.207549,1,0
7.91992,0.498047,0.0460393,6.21015e-10,0.207549,0.6,0
7.93945,0.478516,0.362538,-2.04986e-09,0.205597,1,0
7.93945,0.498047,0.0460393,6.62168e-10,0.205597,0.6,0
7.95898,0.478516,0.362538,-2.17938e-09,0.203646,1,0
7.95898,0.498047,0.0460393,7.25847e-10,0.203646,0.6,0
7.97852,0.322266,0.993736,-4.04476e-08,0.201694,1,0
7.97852,0.341797,0.986681,-3.78856e-08,0.201694,1,0
7.99805,0.322266,0.993736,-4.11995e-08,0.199743,1,0
7.99805,0.341797,0.986681,-3.86348e-08,0.199743,1,0
7.97852,0.361328,0.973593,-3.38032e-08,0.201694,1,0
7.97852,0.380859,0.950304,-2.85899e-08,0.201694,1,0
7.99805,0.361328,0.973593,-3.45509e-08,0.199743,1,0
7.99805,0.380859,0.950304,-2.93257e-08,0.199743,1,0
8.01758,0.322266,0.993736,-4.20686e-08,0.197791,1,0
8.01758,0.341797,0.986681,-3.94987e-08,0.197791,1,0
8.03711,0.322266,0.993736,-4.30667e-08,0.195839,1,0
8.03711,0.341797,0.986681,-4.04884e-08,0.195839,1,0
8.01758,0.361328,0.973593,-3.54088e-08,0.197791,1,0
8.01758,0.380859,0.950304,-3.01769e-08,0.197791,1,0
8.03711,0.361328,0.973593,-3.63876e-08,0.195839,1,0
8.03711,0.380859,0.950304,-3.113e-08,0.195839,1,0
7.97852,0.400391,0.91055,-2.26895e-08,0.201694,1,0
7.97852,0.419922,0.845426,-1.68461e-08,0.201694,1,0
7.99805,0.400391,0.91055,-2.34308e-08,0.199743,1,0
7.99805,0.419922,0.845426,-1.74858e-08,0.199743,1,0
7.97852,0.439453,0.742976,-1.1304e-08,0.201694,1,0
7.97852,0.458984,0.58805,-6.5862e-09,0.201694,1,0
7.99805,0.439453,0.742976,-1.18575e-08,0.199743,1,0
7.99805,0.458984,0.58805,-7.02942e-09,0.199743,1,0
8.01758,0.400391,0.91055,-2.42194e-08,0.197791,1,0
8.01758,0.419922,0.845426,-1.82601e-08,0.197791,1,0
8.03711,0.400391,0.91055,-2.51591e-08,0.195839,1,0
8.03711,0.419922,0.845426,-1.90716e-08,0.195839,1,0
8.01758,0.439453,0.742976,-1.24941e-08,0.197791,1,0
8.01758,0.458984,0.58805,-7.44719e-09,0.197791,1,0
8.03711,0.439453,0.742976,-1.31844e-08,0.195839,1,0
8.03711,0.458984,0.58805,-7.98536e-09,0.195839,1,0
8.05664,0.322266,0.993736,-4.42064e-08,0.193888,1,0
8.05664,0.341797,0.986681,-4.16165e-08,0.193888,1,0
8.07617,0.322266,0.993736,-4.55018e-08,0.191936,1,0
8.07617,0.341797,0.986681,-4.28968e-08,0.191936,1,0
8.05664,0.361328,0.973593,-3.74994e-08,0.193888,1,0
8.05664,0.380859,0.950304,-3.22203e-08,0.193888,1,0
8.07617,0.361328,0.973593,-3.87574e-08,0.191936,1,0
8.07617,0.380859,0.950304,-3.3436e-08,0.191936,1,0
8.0957,0.322266,0.993736,-4.69685e-08,0.189985,1,0
8.0957,0.341797,0.986681,-4.43443e-08,0.189985,1,0
8.11523,0.322266,0.993736,-4.86233e-08,0.188033,1,0
8.11523,0.341797,0.986681,-4.59756e-08,0.188033,1,0
8.0957,0.361328,0.973593,-4.0176e-08,0.189985,1,0
8.0957,0.380859,0.950304,-3.48153e-08,0.189985,1,0
8.11523,0.361328,0.973593,-4.17714e-08,0.188033,1,0
8.11523,0.380859,0.950304,-3.63484e-08,0.188033,1,0
8.05664,0.400391,0.91055,-2.61648e-08,0.193888,1,0
8.05664,0.419922,0.845426,-2.00359e-08,0.193888,1,0
8.07617,0.400391,0.91055,-2.73442e-08,0.191936,1,0
8.07617,0.419922,0.845426,-2.10552e-08,0.191936,1,0
8.05664,0.439453,0.742976,-1.3972e-08,0.193888,1,0
8.05664,0.458984,0.58805,-8.50616e-09,0.193888,1,0
8.07617,0.439453,0.742976,-1.4828e-08,0.191936,1,0
8.07617,0.458984,0.58805,-9.15906e-09,0.191936,1,0
8.0957,0.400391,0.91055,-2.86126e-08,0.189985,1,0
8.0957,0.419922,0.845426,-2.2249e-08,0.189985,1,0
8.11523,0.400391,0.91055,-3.00816e-08,0.188033,1,0
8.11523,0.419922,0.845426,-2.35198e-08,0.188033,1,0
8.0957,0.439453,0.742976,-1.5798e-08,0.189985,1,0
8.0957,0.458984,0.58805,-9.80463e-09,0.189985,1,0
8.11523,0.439453,0.742976,-1.68544e-08,0.188033,1,0
8.11523,0.458984,0.58805,-1.05962e-08,0.188033,1,0
7.97852,0.478516,0.362538,-2.35768e-09,0.201694,1,0
7.97852,0.498047,0.0460393,7.78602e-10,0.201694,0.6,0
7.99805,0.478516,0.362538,-2.51902e-09,0.199743,1,0
7.99805,0.498047,0.0460393,8.55392e-10,0.199743,0.6,0
8.01758,0.478516,0.362538,-2.73298e-09,0.197791,1,0
8.01758,0.498047,0.0460393,9.22258e-10,0.197791,0.6,0
8.03711,0.478516,0.362538,-2.93288e-09,0.195839,1,0
8.03711,0.498047,0.0460393,1.01493e-09,0.195839,0.6,0
8.05664,0.478516,0.362538,-3.18991e-09,0.193888,1,0
8.05664,0.498047,0.0460393,1.09895e-09,0.193888,0.6,0
8.07617,0.478516,0.362538,-3.43651e-09,0.191936,1,0
8.07617,0.498047,0.0460393,1.21087e-09,0.191936,0.6,0
8.0957,0.478516,0.362538,-3.74559e-09,0.189985,1,0
8.0957,0.498047,0.0460392,1.31574e-09,0.189985,0.6,0
8.11523,0.478516,0.362538,-4.04873e-09,0.188033,1,0
8.11523,0.498047,0.0460392,1.45098e-09,0.188033,0.6,0
8.13477,0.00976562,1.00075,-2.48972e-09,0.186081,1,0
8.13477,0.0292969,1.00075,-4.84569e-09,0.186081,1,0
8.1543,0.00976562,1.00075,-2.83164e-09,0.18413,1,0
8.1543,0.0292969,1.00075,-5.53844e-09,0.18413,1,0
8.13477,0.0488281,1.00075,-5.96895e-09,0.186081,1,0
8.13477,0.0683594,1.00075,-8.12562e-09,0.186081,1,0
8.1543,0.0488281,1.00075,-6.84796e-09,0.18413,1,0
8.1543,0.0683594,1.00075,-9.25289e-09,0.18413,1,0
8.17383,0.00976562,1.00075,-3.20639e-09,0.182178,1,0
8.17383,0.0292969,1.00075,-6.29793e-09,0.182178,1,0
8.19336,0.00976562,1.00075,-3.61724e-09,0.180227,1,0
8.19336,0.0292969,1.00075,-7.13083e-09,0.180227,1,0
8.17383,0.0488281,1.00075,-7.81219e-09,0.182178,1,0
8.17383,0.0683594,1.00075,-1.04906e-08,0.182178,1,0
8.19336,0.0488281,1.00075,-8.87014e-09,0.180227,1,0
8.19336,0.0683594,1.00075,-1.18496e-08,0.180227,1,0
8.13477,0.0878906,1.00075,-1.05496e-08,0.186081,1,0
8.13477,0.107422,1.00075,-1.38106e-08,0.186081,1,0
8.1543,0.0878906,1.00075,-1.18622e-08,0.18413,1,0
8.1543,0.107422,1.00075,-1.53108e-08,0.18413,1,0
8.13477,0.126953,1.00075,-1.76593e-08,0.186081,1,0
8.13477,0.146484,1.00075,-2.21224e-08,0.186082,1,0
8.1543,0.126953,1.00075,-1.93105e-08,0.18413,1,0
8.1543,0.146484,1.00075,-2.39077e-08,0.18413,1,0
8.17383,0.0878906,1.00075,-1.33052e-08,0.182178,1,0
8.17383,0.107422,1.00075,-1.69625e-08,0.182178,1,0
8.19336,0.0878906,1.00075,-1.48917e-08,0.180227,1,0
8.19336,0.107422,1.00075,-1.87807e-08,0.180227,1,0
8.17383,0.126953,1.00075,-2.11315e-08,0.182178,1,0
8.17383,0.146484,1.00075,-2.58806e-08,0.182178,1,0
8.19336,0.126953,1.00075,-2.31393e-08,0.180227,1,0
8.19336,0.146484,1.00075,-2.80594e-08,0.180227,1,0
8.21289,0.00976562,1.00075,-4.06776e-09,0.178275,1,0
8.21289,0.0292969,1.00075,-8.0444e-09,0.178275,1,0
8.23242,0.00976562,1.00075,-4.56188e-09,0.176324,1,0
8.23242,0.0292969,1.00075,-9.04665e-09,0.176324,1,0
8.21289,0.0488281,1.00075,-1.00311e-08,0.178275,1,0
8.21289,0.0683594,1.00075,-1.33421e-08,0.178275,1,0
8.23242,0.0488281,1.00075,-1.13054e-08,0.176324,1,0
8.23242,0.0683594,1.00075,-1.49813e-08,0.176324,1,0
8.25195,0.00976562,1.00075,-5.10396e-09,0.174372,1,0
8.25195,0.0292969,1.00075,-1.01464e-08,0.174372,1,0
8.27148,0.00976562,1.00075,-5.69881e-09,0.17242,1,0
8.27148,0.0292969,1.00075,-1.13535e-08,0.17242,1,0
8.25195,0.0488281,1.00075,-1.27041e-08,0.174372,1,0
8.25195,0.0683594,1.00075,-1.67819e-08,0.174372,1,0
8.27148,0.0488281,1.00075,-1.42399e-08,0.17242,1,0
8.27148,0.0683594,1.00075,-1.87598e-08,0.17242,1,0
8.21289,0.0878906,1.00075,-1.66357e-08,0.178275,1,0
8.21289,0.107422,1.00075,-2.07819e-08,0.178275,1,0
8.23242,0.0878906,1.00075,-1.8553e-08,0.176324,1,0
8.23242,0.107422,1.00075,-2.29844e-08,0.176324,1,0
8.21289,0.126953,1.00075,-2.53525e-08,0.178275,1,0
8.21289,0.146484,1.00075,-3.04648e-08,0.178275,1,0
8.23242,0.126953,1.00075,-2.77914e-08,0.176324,1,0
8.23242,0.146484,1.00075,-3.31193e-08,0.176324,1,0
8.25195,0.0878906,1.00075,-2.06608e-08,0.174372,1,0
8.25195,0.107422,1.00075,-2.54082e-08,0.174372,1,0
8.27148,0.0878906,1.00075,-2.29781e-08,0.17242,1,0
8.27148,0.107422,1.00075,-2.80753e-08,0.17242,1,0
8.25195,0.126953,1.00075,-3.04785e-08,0.174372,1,0
8.25195,0.146484,1.00075,-3.60476e-08,0.174372,1,0
8.27148,0.126953,1.00075,-3.34385e-08,0.172421,1,0
8.27148,0.146484,1.00075,-3.9277e-08,0.172421,1,0
8.13477,0.166016,1.00074,-2.69838e-08,0.186082,1,0
8.13477,0.185547,1.00073,-3.2051e-08,0.186082,1,0
8.1543,0.166016,1.00074,-2.88755e-08,0.18413,1,0
8.1543,0.185547,1.00073,-3.40284e-08,0.18413,1,0
8.13477,0.205078,1.0007,-3.70619e-08,0.186082,1,0
8.13477,0.224609,1.00063,-4.17431e-08,0.186082,1,0
8.1543,0.205078,1.0007,-3.91022e-08,0.18413,1,0
8.1543,0.224609,1.00063,-4.38277e-08,0.18413,1,0
8.17383,0.166016,1.00074,-3.09701e-08,0.182178,1,0
8.17383,0.185547,1.00073,-3.62224e-08,0.182178,1,0
8.19336,0.166016,1.00074,-3.32877e-08,0.180227,1,0
8.19336,0.185547,1.00073,-3.86546e-08,0.180227,1,0
8.17383,0.205078,1.0007,-4.13709e-08,0.182178,1,0
8.17383,0.224609,1.00063,-4.61501e-08,0.182178,1,0
8.19336,0.205078,1.0007,-4.38905e-08,0.180227,1,0
8.19336,0.224609,1.00063,-4.87341e-08,0.180227,1,0
8.13477,0.244141,1.00045,-4.58077e-08,0.186082,1,0
8.13477,0.263672,1.00006,-4.89699e-08,0.186082,1,0
8.1543,0.244141,1.00045,-4.79188e-08,0.18413,1,0
8.1543,0.263672,1.00006,-5.10931e-08,0.18413,1,0
8.13477,0.283203,0.999196,-5.09524e-08,0.186082,1,0
8.13477,0.302734,0.997385,-5.15192e-08,0.186082,1,0
8.1543,0.283203,0.999196,-5.30748e-08,0.18413,1,0
8.1543,0.302734,0.997385,-5.36303e-08,0.18413,1,0
8.17383,0.244141,1.00045,-5.02752e-08,0.182178,1,0
8.17383,0.263672,1.00006,-5.34665e-08,0.182178,1,0
8.19336,0.244141,1.00045,-5.29011e-08,0.180227,1,0
8.19336,0.263672,1.00006,-5.6115e-08,0.180227,1,0
8.17383,0.283203,0.999196,-5.545e-08,0.182178,1,0
8.17383,0.302734,0.997385,-5.59943e-08,0.182178,1,0
8.19336,0.283203,0.999196,-5.81033e-08,0.180227,1,0
8.19336,0.302734,0.997385,-5.86365e-08,0.180227,1,0
8.21289,0.166016,1.00074,-3.58505e-08,0.178275,1,0
8.21289,0.185547,1.00073,-4.13486e-08,0.178275,1,0
8.23242,0.166016,1.00074,-3.86829e-08,0.176324,1,0
8.23242,0.185547,1.00073,-4.43305e-08,0.176324,1,0
8.21289,0.205078,1.0007,-4.6686e-08,0.178275,1,0
8.21289,0.224609,1.00063,-5.16056e-08,0.178275,1,0
8.23242,0.205078,1.0007,-4.97849e-08,0.176324,1,0
8.23242,0.224609,1.00063,-5.47933e-08,0.176324,1,0
8.25195,0.166016,1.00074,-4.18117e-08,0.174372,1,0
8.25195,0.185547,1.00073,-4.7629e-08,0.174372,1,0
8.27148,0.166016,1.00074,-4.52664e-08,0.172421,1,0
8.27148,0.185547,1.00073,-5.12756e-08,0.172421,1,0
8.25195,0.205078,1.0007,-5.32175e-08,0.174372,1,0
8.25195,0.224609,1.00063,-5.83287e-08,0.174372,1,0
8.27148,0.205078,1.0007,-5.70169e-08,0.172421,1,0
8.27148,0.224609,1.00063,-6.22464e-08,0.172421,1,0
8.21289,0.244141,1.00045,-5.58235e-08,0.178275,1,0
8.21289,0.263672,1.00006,-5.90661e-08,0.178275,1,0
8.23242,0.244141,1.00045,-5.90718e-08,0.176324,1,0
8.23242,0.263672,1.00006,-6.23499e-08,0.176324,1,0
8.21289,0.283203,0.999196,-6.10623e-08,0.178275,1,0
8.21289,0.302734,0.997385,-6.15844e-08,0.178275,1,0
8.23242,0.283203,0.999196,-6.43574e-08,0.176324,1,0
8.23242,0.302734,0.997385,-6.48687e-08,0.176324,1,0
8.25195,0.244141,1.00045,-6.26786e-08,0.174372,1,0
8.25195,0.263672,1.00006,-6.59995e-08,0.174372,1,0
8.27148,0.244141,1.00045,-6.66796e-08,0.172421,1,0
8.27148,0.263672,1.00006,-7.00516e-08,0.172421,1,0
8.25195,0.283203,0.999196,-6.80223e-08,0.174372,1,0
8.25195,0.302734,0.997385,-6.85228e-08,0.174372,1,0
8.27148,0.283203,0.999196,-7.20939e-08,0.172421,1,0
8.27148,0.302734,0.997385,-7.25837e-08,0.172421,1,0
8.29102,0.00976562,1.00075,-6.35169e-09,0.170469,1,0
8.29102,0.0292969,1.00075,-1.26785e-08,0.170469,1,0
8.31055,0.00976562,1.00075,-7.06829e-09,0.168517,1,0
8.31055,0.0292969,1.00075,-1.41332e-08,0.168517,1,0
8.29102,0.0488281,1.00075,-1.59262e-08,0.170469,1,0
8.29102,0.0683594,1.00075,-2.09327e-08,0.170469,1,0
8.31055,0.0488281,1.00075,-1.77783e-08,0.168517,1,0
8.31055,0.0683594,1.00075,-2.33203e-08,0.168517,1,0
8.33008,0.00976562,1.00075,-7.85488e-09,0.166566,1,0
8.33008,0.0292969,1.00075,-1.57304e-08,0.166566,1,0
8.34961,0.00976562,1.00075,-8.71837e-09,0.164614,1,0
8.34961,0.0292969,1.00075,-1.74843e-08,0.164614,1,0
8.33008,0.0488281,1.00075,-1.98125e-08,0.166566,1,0
8.33008,0.0683594,1.00075,-2.59438e-08,0.166566,1,0
8.34961,0.0488281,1.00075,-2.20471e-08,0.164614,1,0
8.34961,0.0683594,1.00075,-2.88269e-08,0.164614,1,0
8.29102,0.0878906,1.00075,-2.55258e-08,0.170469,1,0
8.29102,0.107422,1.00075,-3.10099e-08,0.170469,1,0
8.31055,0.0878906,1.00075,-2.83269e-08,0.168517,1,0
8.31055,0.107422,1.00075,-3.42389e-08,0.168517,1,0
8.29102,0.126953,1.00075,-3.66987e-08,0.170469,1,0
8.29102,0.146484,1.00075,-4.28376e-08,0.170469,1,0
8.31055,0.126953,1.00075,-4.0289e-08,0.168517,1,0
8.31055,0.146484,1.00075,-4.67625e-08,0.168517,1,0
8.33008,0.0878906,1.00075,-3.14067e-08,0.166566,1,0
8.33008,0.107422,1.00075,-3.77916e-08,0.166566,1,0
8.34961,0.0878906,1.00075,-3.47931e-08,0.164614,1,0
8.34961,0.107422,1.00075,-4.17005e-08,0.164614,1,0
8.33008,0.126953,1.00075,-4.42425e-08,0.166566,1,0
8.33008,0.146484,1.00075,-5.1088e-08,0.166566,1,0
8.34961,0.126953,1.00075,-4.85956e-08,0.164614,1,0
8.34961,0.146484,1.00075,-5.58544e-08,0.164614,1,0
8.36914,0.00976562,1.00075,-9.66649e-09,0.162663,1,0
8.36914,0.0292969,1.00075,-1.94105e-08,0.162663,1,0
8.38867,0.00976562,1.00075,-1.07078e-08,0.160711,1,0
8.38867,0.0292969,1.00075,-2.15265e-08,0.160711,1,0
8.36914,0.0488281,1.00075,-2.45021e-08,0.162663,1,0
8.36914,0.0683594,1.00075,-3.19956e-08,0.162663,1,0
8.38867,0.0488281,1.00075,-2.71997e-08,0.160711,1,0
8.38867,0.0683594,1.00075,-3.54786e-08,0.160711,1,0
8.4082,0.00976562,1.00075,-1.18518e-08,0.158759,1,0
8.4082,0.0292969,1.00075,-2.38514e-08,0.15876,1,0
8.42773,0.00976562,1.00075,-1.31087e-08,0.156808,1,0
8.42773,0.0292969,1.00075,-2.64063e-08,0.156808,1,0
8.4082,0.0488281,1.00075,-3.01643e-08,0.15876,1,0
8.4082,0.0683594,1.00075,-3.93075e-08,0.15876,1,0
8.42773,0.0488281,1.00075,-3.34227e-08,0.156808,1,0
8.42773,0.0683594,1.00075,-4.35171e-08,0.156808,1,0
8.36914,0.0878906,1.00075,-3.8517e-08,0.162663,1,0
8.36914,0.107422,1.00075,-4.60013e-08,0.162663,1,0
8.38867,0.0878906,1.00075,-4.26122e-08,0.160711,1,0
8.38867,0.107422,1.00075,-5.07335e-08,0.160711,1,0
8.36914,0.126953,1.00075,-5.33883e-08,0.162663,1,0
8.36914,0.146484,1.00075,-6.11059e-08,0.162663,1,0
8.38867,0.126953,1.00075,-5.86649e-08,0.160711,1,0
8.38867,0.146484,1.00075,-6.68913e-08,0.160711,1,0
8.4082,0.0878906,1.00075,-4.7116e-08,0.15876,1,0
8.4082,0.107422,1.00075,-5.59402e-08,0.15876,1,0
8.42773,0.0878906,1.00075,-5.20695e-08,0.156808,1,0
8.42773,0.107422,1.00075,-6.16694e-08,0.156808,1,0
8.4082,0.126953,1.00075,-6.4474e-08,0.15876,1,0
8.4082,0.146484,1.00075,-7.32642e-08,0.15876,1,0
8.42773,0.126953,1.00075,-7.0869e-08,0.156808,1,0
8.42773,0.146484,1.00075,-8.02836e-08,0.156808,1,0
8.29102,0.166016,1.00074,-4.90797e-08,0.170469,1,0
8.29102,0.185547,1.00073,-5.5305e-08,0.170469,1,0
8.31055,0.166016,1.00074,-5.32872e-08,0.168517,1,0
8.31055,0.185547,1.00073,-5.97556e-08,0.168517,1,0
8.29102,0.205078,1.0007,-6.12199e-08,0.170469,1,0
8.29102,0.224609,1.00063,-6.65847e-08,0.170469,1,0
8.31055,0.205078,1.0007,-6.58668e-08,0.168517,1,0
8.31055,0.224609,1.00063,-7.13857e-08,0.168517,1,0
8.33008,0.166016,1.00074,-5.79286e-08,0.166566,1,0
8.33008,0.185547,1.00073,-6.46695e-08,0.166566,1,0
8.34961,0.166016,1.00074,-6.30472e-08,0.164614,1,0
8.34961,0.185547,1.00073,-7.00932e-08,0.164614,1,0
8.33008,0.205078,1.0007,-7.1002e-08,0.166566,1,0
8.33008,0.224609,1.00063,-7.66955e-08,0.166566,1,0
8.34961,0.205078,1.0007,-7.66744e-08,0.164614,1,0
8.34961,0.224609,1.00063,-8.25654e-08,0.164614,1,0
8.29102,0.244141,1.00045,-7.11143e-08,0.170469,1,0
8.29102,0.263672,1.00006,-7.45463e-08,0.170469,1,0
8.31055,0.244141,1.00045,-7.60259e-08,0.168517,1,0
8.31055,0.263672,1.00006,-7.95279e-08,0.168517,1,0
8.29102,0.283203,0.999196,-7.66128e-08,0.170469,1,0
8.29102,0.302734,0.997385,-7.70922e-08,0.170469,1,0
8.31055,0.283203,0.999196,-8.16237e-08,0.168517,1,0
8.31055,0.302734,0.997385,-8.2093e-08,0.168517,1,0
8.33008,0.244141,1.00045,-8.14623e-08,0.166566,1,0
8.33008,0.263672,1.00006,-8.50451e-08,0.166566,1,0
8.34961,0.244141,1.00045,-8.7476e-08,0.164614,1,0
8.34961,0.263672,1.00006,-9.11517e-08,0.164614,1,0
8.33008,0.283203,0.999196,-8.7176e-08,0.166566,1,0
8.33008,0.302734,0.997385,-8.76355e-08,0.166566,1,0
8.34961,0.283203,0.999196,-9.3324e-08,0.164614,1,0
8.34961,0.302734,0.997385,-9.37738e-08,0.164614,1,0
8.36914,0.166016,1.00074,-6.86909e-08,0.162663,1,0
8.36914,0.185547,1.00073,-7.60777e-08,0.162663,1,0
8.38867,0.166016,1.00074,-7.49126e-08,0.160711,1,0
8.38867,0.185547,1.00073,-8.26794e-08,0.160711,1,0
8.36914,0.205078,1.0007,-8.2938e-08,0.162663,1,0
8.36914,0.224609,1.00063,-8.90514e-08,0.162663,1,0
8.38867,0.205078,1.0007,-8.98521e-08,0.160711,1,0
8.38867,0.224609,1.00063,-9.62153e-08,0.160711,1,0
8.4082,0.166016,1.00074,-8.17702e-08,0.15876,1,0
8.4082,0.185547,1.00073,-8.99604e-08,0.15876,1,0
8.42773,0.166016,1.00074,-8.93277e-08,0.156808,1,0
8.42773,0.185547,1.00073,-9.79888e-08,0.156808,1,0
8.4082,0.205078,1.0007,-9.74821e-08,0.15876,1,0
8.4082,0.224609,1.00063,-1.04125e-07,0.15876,1,0
8.42773,0.205078,1.0007,-1.059e-07,0.156808,1,0
8.42773,0.224609,1.00063,-1.12856e-07,0.156808,1,0
8.36914,0.244141,1.00045,-9.4125e-08,0.162663,1,0
8.36914,0.263672,1.00006,-9.79068e-08,0.162663,1,0
8.38867,0.244141,1.00045,-1.01473e-07,0.160711,1,0
8.38867,0.263672,1.00006,-1.05375e-07,0.160711,1,0
8.36914,0.283203,0.999196,-1.00127e-07,0.162663,1,0
8.36914,0.302734,0.997385,-1.00568e-07,0.162663,1,0
8.38867,0.283203,0.999196,-1.07652e-07,0.160711,1,0
8.38867,0.302734,0.997385,-1.08083e-07,0.160711,1,0
8.4082,0.244141,1.00045,-1.0959e-07,0.15876,1,0
8.4082,0.263672,1.00006,-1.13629e-07,0.15876,1,0
8.42773,0.244141,1.00045,-1.18554e-07,0.156808,1,0
8.42773,0.263672,1.00006,-1.22747e-07,0.156808,1,0
8.4082,0.283203,0.999196,-1.1597e-07,0.15876,1,0
8.4082,0.302734,0.997385,-1.16393e-07,0.15876,1,0
8.42773,0.283203,0.999196,-1.25161e-07,0.156808,1,0
8.42773,0.302734,0.997385,-1.25576e-07,0.156808,1,0
8.13477,0.322266,0.993736,-5.04851e-08,0.186082,1,0
8.13477,0.341797,0.986681,-4.78091e-08,0.186082,1,0
8.1543,0.322266,0.993736,-5.25744e-08,0.18413,1,0
8.1543,0.341797,0.986681,-4.98648e-08,0.18413,1,0
8.13477,0.361328,0.973593,-4.35609e-08,0.186082,1,0
8.13477,0.380859,0.950304,-3.80769e-08,0.186082,1,0
8.1543,0.361328,0.973593,-4.55641e-08,0.18413,1,0
8.1543,0.380859,0.950304,-3.99938e-08,0.18413,1,0
8.17383,0.322266,0.993736,-5.49138e-08,0.182178,1,0
8.17383,0.341797,0.986681,-5.21649e-08,0.182178,1,0
8.19336,0.322266,0.993736,-5.75283e-08,0.180227,1,0
8.19336,0.341797,0.986681,-5.47338e-08,0.180227,1,0
8.17383,0.361328,0.973593,-4.78021e-08,0.182178,1,0
8.17383,0.380859,0.950304,-4.21447e-08,0.182178,1,0
8.19336,0.361328,0.973593,-5.02984e-08,0.180227,1,0
8.19336,0.380859,0.950304,-4.45258e-08,0.180227,1,0
8.13477,0.400391,0.91055,-3.16676e-08,0.186082,1,0
8.13477,0.419922,0.845426,-2.49912e-08,0.186082,1,0
8.1543,0.400391,0.91055,-3.34869e-08,0.18413,1,0
8.1543,0.419922,0.845426,-2.65662e-08,0.18413,1,0
8.13477,0.439453,0.742976,-1.80453e-08,0.186082,1,0
8.13477,0.458984,0.58805,-1.13929e-08,0.186082,1,0
8.1543,0.439453,0.742976,-1.93442e-08,0.18413,1,0
8.1543,0.458984,0.58805,-1.23522e-08,0.18413,1,0
8.17383,0.400391,0.91055,-3.54571e-08,0.182178,1,0
8.17383,0.419922,0.845426,-2.83734e-08,0.182178,1,0
8.19336,0.400391,0.91055,-3.77e-08,0.180227,1,0
8.19336,0.419922,0.845426,-3.03166e-08,0.180227,1,0
8.17383,0.439453,0.742976,-2.08022e-08,0.182178,1,0
8.17383,0.458984,0.58805,-1.33319e-08,0.182178,1,0
8.19336,0.439453,0.742976,-2.23946e-08,0.180227,1,0
8.19336,0.458984,0.58805,-1.4494e-08,0.180227,1,0
8.21289,0.322266,0.993736,-6.04454e-08,0.178275,1,0
8.21289,0.341797,0.986681,-5.75982e-08,0.178275,1,0
8.23242,0.322266,0.993736,-6.36952e-08,0.176324,1,0
8.23242,0.341797,0.986681,-6.07876e-08,0.176324,1,0
8.21289,0.361328,0.973593,-5.30787e-08,0.178275,1,0
8.21289,0.380859,0.950304,-4.71875e-08,0.178275,1,0
8.23242,0.361328,0.973593,-5.61715e-08,0.176324,1,0
8.23242,0.380859,0.950304,-5.01302e-08,0.176324,1,0
8.25195,0.322266,0.993736,-6.73108e-08,0.174372,1,0
8.25195,0.341797,0.986681,-6.43346e-08,0.174372,1,0
8.27148,0.322266,0.993736,-7.1329e-08,0.172421,1,0
8.27148,0.341797,0.986681,-6.82749e-08,0.172421,1,0
8.25195,0.361328,0.973593,-5.96081e-08,0.174372,1,0
8.25195,0.380859,0.950304,-5.34101e-08,0.174372,1,0
8.27148,0.361328,0.973593,-6.34227e-08,0.172421,1,0
8.27148,0.380859,0.950304,-5.70326e-08,0.172421,1,0
8.21289,0.400391,0.91055,-4.01352e-08,0.178275,1,0
8.21289,0.419922,0.845426,-3.25301e-08,0.178275,1,0
8.23242,0.400391,0.91055,-4.28908e-08,0.176324,1,0
8.23242,0.419922,0.845426,-3.4919e-08,0.176324,1,0
8.21289,0.439453,0.742976,-2.41759e-08,0.178275,1,0
8.21289,0.458984,0.58805,-1.56954e-08,0.178275,1,0
8.23242,0.439453,0.742976,-2.61238e-08,0.176324,1,0
8.23242,0.458984,0.58805,-1.7103e-08,0.176324,1,0
8.25195,0.400391,0.91055,-4.58888e-08,0.174372,1,0
8.25195,0.419922,0.845426,-3.76243e-08,0.174372,1,0
8.27148,0.400391,0.91055,-4.92648e-08,0.172421,1,0
8.27148,0.419922,0.845426,-4.05531e-08,0.172421,1,0
8.25195,0.439453,0.742976,-2.82966e-08,0.174372,1,0
8.25195,0.458984,0.58805,-1.85729e-08,0.174372,1,0
8.27148,0.439453,0.742976,-3.06749e-08,0.172421,1,0
8.27148,0.458984,0.58805,-2.02777e-08,0.172421,1,0
8.13477,0.478516,0.362538,-4.4207e-09,0.186082,1,0
8.13477,0.498047,0.0460392,1.5812e-09,0.186082,0.6,0
8.1543,0.478516,0.362538,-4.79231e-09,0.18413,1,0
8.1543,0.498047,0.0460392,1.74472e-09,0.18413,0.6,0
8.17383,0.478516,0.362538,-5.24031e-09,0.182178,1,0
8.17383,0.498047,0.0460392,1.90572e-09,0.182178,0.6,0
8.19336,0.478516,0.362538,-5.69482e-09,0.180227,1,0
8.19336,0.498047,0.0460392,2.10353e-09,0.180227,0.6,0
8.21289,0.478516,0.362538,-6.23477e-09,0.178275,1,0
8.21289,0.498047,0.0460392,2.30194e-09,0.178275,0.6,0
8.23242,0.478516,0.362538,-6.7897e-09,0.176324,1,0
8.23242,0.498047,0.0460392,2.54135e-09,0.176324,0.6,0
8.25195,0.478516,0.362538,-7.4409e-09,0.174372,1,0
8.25195,0.498047,0.0460392,2.78522e-09,0.174372,0.6,0
8.27148,0.478516,0.362538,-8.11747e-09,0.172421,1,0
8.27148,0.498047,0.0460392,3.07512e-09,0.172421,0.6,0
8.29102,0.322266,0.993736,-7.579e-08,0.170469,1,0
8.29102,0.341797,0.986681,-7.26479e-08,0.170469,1,0
8.31055,0.322266,0.993736,-8.0738e-08,0.168517,1,0
8.31055,0.341797,0.986681,-7.74969e-08,0.168517,1,0
8.29102,0.361328,0.973593,-6.76533e-08,0.170469,1,0
8.29102,0.380859,0.950304,-6.10607e-08,0.170469,1,0
8.31055,0.361328,0.973593,-7.23416e-08,0.168517,1,0
8.31055,0.380859,0.950304,-6.55062e-08,0.168517,1,0
8.33008,0.322266,0.993736,-8.6222e-08,0.166566,1,0
8.33008,0.341797,0.986681,-8.28696e-08,0.166566,1,0
8.34961,0.322266,0.993736,-9.22957e-08,0.164614,1,0
8.34961,0.341797,0.986681,-8.88187e-08,0.164614,1,0
8.33008,0.361328,0.973593,-7.75336e-08,0.166566,1,0
8.33008,0.380859,0.950304,-7.04401e-08,0.166566,1,0
8.34961,0.361328,0.973593,-8.32797e-08,0.164614,1,0
8.34961,0.380859,0.950304,-7.58823e-08,0.164614,1,0
8.29102,0.400391,0.91055,-5.29444e-08,0.170469,1,0
8.29102,0.419922,0.845426,-4.38537e-08,0.170469,1,0
8.31055,0.400391,0.91055,-5.70716e-08,0.168517,1,0
8.31055,0.419922,0.845426,-4.74365e-08,0.168517,1,0
8.29102,0.439453,0.742976,-3.33219e-08,0.170469,1,0
8.29102,0.458984,0.58805,-2.20731e-08,0.170469,1,0
8.31055,0.439453,0.742976,-3.62215e-08,0.168517,1,0
8.31055,0.458984,0.58805,-2.41376e-08,0.168517,1,0
8.33008,0.400391,0.91055,-6.15767e-08,0.166566,1,0
8.33008,0.419922,0.845426,-5.1458e-08,0.166566,1,0
8.34961,0.400391,0.91055,-6.66134e-08,0.164614,1,0
8.34961,0.419922,0.845426,-5.58329e-08,0.164614,1,0
8.33008,0.439453,0.742976,-3.94427e-08,0.166566,1,0
8.33008,0.458984,0.588049,-2.63272e-08,0.166566,1,0
8.34961,0.439453,0.742976,-4.29739e-08,0.164614,1,0
8.34961,0.458984,0.588049,-2.88275e-08,0.164614,1,0
8.36914,0.322266,0.993736,-9.90182e-08,0.162663,1,0
8.36914,0.341797,0.986681,-9.54019e-08,0.162663,1,0
8.38867,0.322266,0.993736,-1.06455e-07,0.160711,1,0
8.38867,0.341797,0.986681,-1.02683e-07,0.160711,1,0
8.36914,0.361328,0.973593,-8.96357e-08,0.162663,1,0
8.36914,0.380859,0.950304,-8.19132e-08,0.162663,1,0
8.38867,0.361328,0.973593,-9.66628e-08,0.160711,1,0
8.38867,0.380859,0.950304,-8.85623e-08,0.160711,1,0
8.4082,0.322266,0.993736,-1.14677e-07,0.15876,1,0
8.4082,0.341797,0.986681,-1.10732e-07,0.15876,1,0
8.42773,0.322266,0.993736,-1.23763e-07,0.156808,1,0
8.42773,0.341797,0.986681,-1.19626e-07,0.156808,1,0
8.4082,0.361328,0.973593,-1.04428e-07,0.15876,1,0
8.4082,0.380859,0.950304,-9.59218e-08,0.15876,1,0
8.42773,0.361328,0.973593,-1.13007e-07,0.156808,1,0
8.42773,0.380859,0.950304,-1.04033e-07,0.156808,1,0
8.36914,0.400391,0.91055,-7.21184e-08,0.162663,1,0
8.36914,0.419922,0.845426,-6.07275e-08,0.162663,1,0
8.38867,0.400391,0.91055,-7.82567e-08,0.160711,1,0
8.38867,0.419922,0.845426,-6.60621e-08,0.160711,1,0
8.36914,0.439453,0.742976,-4.68907e-08,0.162663,1,0
8.36914,0.458984,0.588049,-3.14949e-08,0.162663,1,0
8.38867,0.439453,0.742976,-5.11872e-08,0.160711,1,0
8.38867,0.458984,0.588049,-3.45228e-08,0.160711,1,0
8.4082,0.400391,0.91055,-8.4973e-08,0.15876,1,0
8.4082,0.419922,0.845426,-7.20144e-08,0.15876,1,0
8.42773,0.400391,0.91055,-9.24457e-08,0.156808,1,0
8.42773,0.419922,0.845426,-7.85117e-08,0.156808,1,0
8.4082,0.439453,0.742976,-5.59467e-08,0.15876,1,0
8.4082,0.458984,0.588049,-3.77692e-08,0.15876,1,0
8.42773,0.439453,0.742976,-6.11702e-08,0.156808,1,0
8.42773,0.458984,0.588049,-4.14361e-08,0.156808,1,0
8.29102,0.478516,0.362538,-8.9033e-09,0.170469,1,0
8.29102,0.498047,0.0460392,3.37422e-09,0.170469,0.6,0
8.31055,0.478516,0.362538,-9.72724e-09,0.168517,1,0
8.31055,0.498047,0.0460392,3.7254e-09,0.168517,0.6,0
8.33008,0.478516,0.362538,-1.0676e-08,0.166566,1,0
8.33008,0.498047,0.0460392,4.09161e-09,0.166566,0.6,0
8.34961,0.478516,0.362538,-1.16785e-08,0.164614,1,0
8.34961,0.498047,0.0460392,4.51718e-09,0.164614,0.6,0
8.36914,0.478516,0.362538,-1.28245e-08,0.162663,1,0
8.36914,0.498047,0.0460392,4.96494e-09,0.162663,0.6,0
8.38867,0.478516,0.362538,-1.40432e-08,0.160711,1,0
8.38867,0.498047,0.0460392,5.48078e-09,0.160711,0.6,0
8.4082,0.478516,0.362538,-1.54281e-08,0.15876,1,0
8.4082,0.498047,0.0460392,6.02759e-09,0.15876,0.6,0
8.42773,0.478516,0.362538,-1.69087e-08,0.156808,1,0
8.42773,0.498047,0.0460392,6.65301e-09,0.156808,0.6,0
8.44727,0.00976562,1.00075,-1.44901e-08,0.154856,1,0
8.44727,0.0292969,1.00075,-2.92142e-08,0.154856,1,0
8.4668,0.00976562,1.00075,-1.60082e-08,0.152905,1,0
8.4668,0.0292969,1.00075,-3.23005e-08,0.152905,1,0
8.44727,0.0488281,1.00075,-3.70045e-08,0.154856,1,0
8.44727,0.0683594,1.00075,-4.81457e-08,0.154856,1,0
8.4668,0.0488281,1.00075,-4.09422e-08,0.152905,1,0
8.4668,0.0683594,1.00075,-5.32352e-08,0.152905,1,0
8.48633,0.00976562,1.00075,-1.76767e-08,0.150953,1,0
8.48633,0.0292969,1.00075,-3.56931e-08,0.150953,1,0
8.50586,0.00976562,1.00075,-1.95108e-08,0.149002,1,0
8.50586,0.0292969,1.00075,-3.94226e-08,0.149002,1,0
8.48633,0.0488281,1.00075,-4.52713e-08,0.150953,1,0
8.48633,0.0683594,1.00075,-5.88319e-08,0.150953,1,0
8.50586,0.0488281,1.00075,-5.00312e-08,0.149002,1,0
8.50586,0.0683594,1.00075,-6.49868e-08,0.149002,1,0
8.44727,0.0878906,1.00075,-5.75179e-08,0.154856,1,0
8.44727,0.107422,1.00075,-6.79733e-08,0.154856,1,0
8.4668,0.0878906,1.00075,-6.35109e-08,0.152905,1,0
8.4668,0.107422,1.00075,-7.49098e-08,0.152905,1,0
8.44727,0.126953,1.00075,-7.79088e-08,0.154856,1,0
8.44727,0.146484,1.00075,-8.80144e-08,0.154856,1,0
8.4668,0.126953,1.00075,-8.56583e-08,0.152905,1,0
8.4668,0.146484,1.00075,-9.65281e-08,0.152905,1,0
8.48633,0.0878906,1.00075,-7.0103e-08,0.150953,1,0
8.48633,0.107422,1.00075,-8.25424e-08,0.150953,1,0
8.50586,0.0878906,1.00075,-7.73545e-08,0.149002,1,0
8.50586,0.107422,1.00075,-9.09407e-08,0.149002,1,0
8.48633,0.126953,1.00075,-9.41885e-08,0.150953,1,0
8.48633,0.146484,1.00075,-1.05903e-07,0.150953,1,0
8.50586,0.126953,1.00075,-1.03578e-07,0.149002,1,0
8.50586,0.146484,1.00075,-1.16226e-07,0.149002,1,0
8.52539,0.00976562,1.00075,-2.15269e-08,0.14705,1,0
8.52539,0.0292969,1.00075,-4.35229e-08,0.14705,1,0
8.54492,0.00976562,1.00075,-2.37434e-08,0.145099,1,0
8.54492,0.0292969,1.00075,-4.8031e-08,0.145099,1,0
8.52539,0.0488281,1.00075,-5.5265e-08,0.14705,1,0
8.52539,0.0683594,1.00075,-7.17556e-08,0.14705,1,0
8.54492,0.0488281,1.00075,-6.10202e-08,0.145099,1,0
8.54492,0.0683594,1.00075,-7.91999e-08,0.145099,1,0
8.56445,0.00976562,1.00075,-2.61804e-08,0.143147,1,0
8.56445,0.0292969,1.00075,-5.29879e-08,0.143147,1,0
8.58398,0.00976562,1.00075,-2.886e-08,0.141195,1,0
8.58398,0.0292969,1.00075,-5.84387e-08,0.141195,1,0
8.56445,0.0488281,1.00075,-6.7349e-08,0.143147,1,0
8.56445,0.0683594,1.00075,-8.73874e-08,0.143147,1,0
8.58398,0.0488281,1.00075,-7.4309e-08,0.141195,1,0
8.58398,0.0683594,1.00075,-9.63927e-08,0.141195,1,0
8.52539,0.0878906,1.00075,-8.53313e-08,0.14705,1,0
8.52539,0.107422,1.00075,-1.00182e-07,0.14705,1,0
8.54492,0.0878906,1.00075,-9.41061e-08,0.145099,1,0
8.54492,0.107422,1.00075,-1.10349e-07,0.145099,1,0
8.52539,0.126953,1.00075,-1.13912e-07,0.14705,1,0
8.52539,0.146484,1.00075,-1.27592e-07,0.14705,1,0
8.54492,0.126953,1.00075,-1.25287e-07,0.145099,1,0
8.54492,0.146484,1.00075,-1.40106e-07,0.145099,1,0
8.56445,0.0878906,1.00075,-1.03759e-07,0.143147,1,0
8.56445,0.107422,1.00075,-1.21537e-07,0.143147,1,0
8.58398,0.0878906,1.00075,-1.14378e-07,0.141195,1,0
8.58398,0.107422,1.00075,-1.33847e-07,0.141195,1,0
8.56445,0.126953,1.00075,-1.37805e-07,0.143147,1,0
8.56445,0.146484,1.00075,-1.53882e-07,0.143147,1,0
8.58398,0.126953,1.00075,-1.51583e-07,0.141195,1,0
8.58398,0.146484,1.00075,-1.69047e-07,0.141195,1,0
8.44727,0.166016,1.00074,-9.76553e-08,0.154856,1,0
8.44727,0.185547,1.00073,-1.0684e-07,0.154856,1,0
8.4668,0.166016,1.00074,-1.0683e-07,0.152905,1,0
8.4668,0.185547,1.00073,-1.16596e-07,0.152905,1,0
8.44727,0.205078,1.0007,-1.15184e-07,0.154856,1,0
8.44727,0.224609,1.00063,-1.22491e-07,0.154856,1,0
8.4668,0.205078,1.0007,-1.25423e-07,0.152905,1,0
8.4668,0.224609,1.00063,-1.33119e-07,0.152905,1,0
8.48633,0.166016,1.00074,-1.16938e-07,0.150953,1,0
8.48633,0.185547,1.00073,-1.27347e-07,0.150953,1,0
8.50586,0.166016,1.00074,-1.28072e-07,0.149002,1,0
8.50586,0.185547,1.00073,-1.39195e-07,0.149002,1,0
8.48633,0.205078,1.0007,-1.36711e-07,0.150953,1,0
8.48633,0.224609,1.00063,-1.44841e-07,0.150953,1,0
8.50586,0.205078,1.0007,-1.49154e-07,0.149002,1,0
8.50586,0.224609,1.00063,-1.57768e-07,0.149002,1,0
8.44727,0.244141,1.00045,-1.28449e-07,0.154856,1,0
8.44727,0.263672,1.00006,-1.32816e-07,0.154856,1,0
8.4668,0.244141,1.00045,-1.39369e-07,0.152905,1,0
8.4668,0.263672,1.00006,-1.4393e-07,0.152905,1,0
8.44727,0.283203,0.999196,-1.35313e-07,0.154856,1,0
8.44727,0.302734,0.997385,-1.35721e-07,0.154857,1,0
8.4668,0.283203,0.999196,-1.46522e-07,0.152905,1,0
8.4668,0.302734,0.997385,-1.46924e-07,0.152905,1,0
8.48633,0.244141,1.00045,-1.51417e-07,0.150953,1,0
8.48633,0.263672,1.00006,-1.56197e-07,0.150953,1,0
8.50586,0.244141,1.00045,-1.64706e-07,0.149002,1,0
8.50586,0.263672,1.00006,-1.6973e-07,0.149002,1,0
8.48633,0.283203,0.999196,-1.58895e-07,0.150953,1,0
8.48633,0.302734,0.997385,-1.59291e-07,0.150953,1,0
8.50586,0.283203,0.999196,-1.72549e-07,0.149002,1,0
8.50586,0.302734,0.997385,-1.72939e-07,0.149002,1,0
8.52539,0.166016,1.00074,-1.40334e-07,0.14705,1,0
8.52539,0.185547,1.00073,-1.52249e-07,0.14705,1,0
8.54492,0.166016,1.00074,-1.53839e-07,0.145099,1,0
8.54492,0.185547,1.00073,-1.66629e-07,0.145099,1,0
8.52539,0.205078,1.0007,-1.62868e-07,0.14705,1,0
8.52539,0.224609,1.00063,-1.72018e-07,0.14705,1,0
8.54492,0.205078,1.0007,-1.7798e-07,0.145099,1,0
8.54492,0.224609,1.00063,-1.87727e-07,0.145099,1,0
8.56445,0.166016,1.00074,-1.68711e-07,0.143147,1,0
8.56445,0.185547,1.00073,-1.82469e-07,0.143147,1,0
8.58398,0.166016,1.00074,-1.85086e-07,0.141195,1,0
8.58398,0.185547,1.00073,-1.99916e-07,0.141195,1,0
8.56445,0.205078,1.0007,-1.94631e-07,0.143147,1,0
8.56445,0.224609,1.00063,-2.05039e-07,0.143147,1,0
8.58398,0.205078,1.0007,-2.12975e-07,0.141196,1,0
8.58398,0.224609,1.00063,-2.24116e-07,0.141196,1,0
8.52539,0.244141,1.00045,-1.79361e-07,0.14705,1,0
8.52539,0.263672,1.00006,-1.84657e-07,0.14705,1,0
8.54492,0.244141,1.00045,-1.95519e-07,0.145099,1,0
8.54492,0.263672,1.00006,-2.01119e-07,0.145099,1,0
8.52539,0.283203,0.999196,-1.87612e-07,0.14705,1,0
8.52539,0.302734,0.997385,-1.87998e-07,0.14705,1,0
8.54492,0.283203,0.999196,-2.04226e-07,0.145099,1,0
8.54492,0.302734,0.997385,-2.04609e-07,0.145099,1,0
8.56445,0.244141,1.00045,-2.1333e-07,0.143147,1,0
8.56445,0.263672,1.00006,-2.19269e-07,0.143147,1,0
8.58398,0.244141,1.00045,-2.32962e-07,0.141196,1,0
8.58398,0.263672,1.00006,-2.39278e-07,0.141196,1,0
8.56445,0.283203,0.999196,-2.22546e-07,0.143147,1,0
8.56445,0.302734,0.997385,-2.22928e-07,0.143147,1,0
8.58398,0.283203,0.999196,-2.42745e-07,0.141196,1,0
8.58398,0.302734,0.997385,-2.43126e-07,0.141196,1,0
8.60352,0.00976562,1.00075,-3.18067e-08,0.139244,1,0
8.60352,0.0292969,1.00075,-6.4433e-08,0.139244,1,0
8.62305,0.00976562,1.00075,-3.50473e-08,0.137292,1,0
8.62305,0.0292969,1.00075,-7.10255e-08,0.137292,1,0
8.60352,0.0488281,1.00075,-8.19636e-08,0.139244,1,0
8.60352,0.0683594,1.00075,-1.06298e-07,0.139244,1,0
8.62305,0.0488281,1.00075,-9.03824e-08,0.137292,1,0
8.62305,0.0683594,1.00075,-1.17193e-07,0.137292,1,0
8.64258,0.00976562,1.00075,-3.86116e-08,0.135341,1,0
8.64258,0.0292969,1.00075,-7.82762e-08,0.135341,1,0
8.66211,0.00976562,1.00075,-4.25318e-08,0.133389,1,0
8.66211,0.0292969,1.00075,-8.62511e-08,0.133389,1,0
8.64258,0.0488281,1.00075,-9.9642e-08,0.135341,1,0
8.64258,0.0683594,1.00075,-1.29177e-07,0.135341,1,0
8.66211,0.0488281,1.00075,-1.09827e-07,0.133389,1,0
8.66211,0.0683594,1.00075,-1.4236e-07,0.133389,1,0
8.60352,0.0878906,1.00075,-1.26059e-07,0.139244,1,0
8.60352,0.107422,1.00075,-1.47391e-07,0.139244,1,0
8.62305,0.0878906,1.00075,-1.3891e-07,0.137292,1,0
8.62305,0.107422,1.00075,-1.62294e-07,0.137292,1,0
8.60352,0.126953,1.00075,-1.66745e-07,0.139244,1,0
8.60352,0.146484,1.00075,-1.8574e-07,0.139244,1,0
8.62305,0.126953,1.00075,-1.83432e-07,0.137292,1,0
8.62305,0.146484,1.00075,-2.04114e-07,0.137292,1,0
8.64258,0.0878906,1.00075,-1.53048e-07,0.135341,1,0
8.64258,0.107422,1.00075,-1.78691e-07,0.135341,1,0
8.66211,0.0878906,1.00075,-1.68601e-07,0.133389,1,0
8.66211,0.107422,1.00075,-1.96733e-07,0.133389,1,0
8.64258,0.126953,1.00075,-2.01795e-07,0.135341,1,0
8.64258,0.146484,1.00075,-2.24339e-07,0.135341,1,0
8.66211,0.126953,1.00075,-2.22003e-07,0.133389,1,0
8.66211,0.146484,1.00075,-2.466e-07,0.133389,1,0
8.68164,0.00976562,1.00075,-4.68438e-08,0.131437,1,0
8.68164,0.0292969,1.00075,-9.5023e-08,0.131437,1,0
8.70117,0.00976562,1.00075,-5.15868e-08,0.129486,1,0
8.70117,0.0292969,1.00075,-1.04671e-07,0.129486,1,0
8.68164,0.0488281,1.00075,-1.2103e-07,0.131437,1,0
8.68164,0.0683594,1.00075,-1.56861e-07,0.131438,1,0
8.70117,0.0488281,1.00075,-1.33352e-07,0.129486,1,0
8.70117,0.0683594,1.00075,-1.72813e-07,0.129486,1,0
8.7207,0.00976562,1.00075,-5.6804e-08,0.127534,1,0
8.7207,0.0292969,1.00075,-1.15285e-07,0.127534,1,0
8.74023,0.00976562,1.00075,-6.25428e-08,0.125583,1,0
8.74023,0.0292969,1.00075,-1.26959e-07,0.125583,1,0
8.7207,0.0488281,1.00075,-1.46907e-07,0.127534,1,0
8.7207,0.0683594,1.00075,-1.90361e-07,0.127534,1,0
8.74023,0.0488281,1.00075,-1.61818e-07,0.125583,1,0
8.74023,0.0683594,1.00075,-2.09665e-07,0.125583,1,0
8.68164,0.0878906,1.00075,-1.85712e-07,0.131438,1,0
8.68164,0.107422,1.00075,-2.16584e-07,0.131438,1,0
8.70117,0.0878906,1.00075,-2.04536e-07,0.129486,1,0
8.70117,0.107422,1.00075,-2.38425e-07,0.129486,1,0
8.68164,0.126953,1.00075,-2.4424e-07,0.131438,1,0
8.68164,0.146484,1.00075,-2.71101e-07,0.131438,1,0
8.70117,0.126953,1.00075,-2.68711e-07,0.129486,1,0
8.70117,0.146484,1.00075,-2.98066e-07,0.129486,1,0
8.7207,0.0878906,1.00075,-2.25246e-07,0.127534,1,0
8.7207,0.107422,1.00075,-2.62457e-07,0.127534,1,0
8.74023,0.0878906,1.00075,-2.4803e-07,0.125583,1,0
8.74023,0.107422,1.00075,-2.88898e-07,0.125583,1,0
8.7207,0.126953,1.00075,-2.95639e-07,0.127534,1,0
8.7207,0.146484,1.00075,-3.27743e-07,0.127534,1,0
8.74023,0.126953,1.00075,-3.25271e-07,0.125583,1,0
8.74023,0.146484,1.00075,-3.60403e-07,0.125583,1,0
8.60352,0.166016,1.00074,-2.03116e-07,0.139244,1,0
8.60352,0.185547,1.00073,-2.19129e-07,0.139244,1,0
8.62305,0.166016,1.00074,-2.22967e-07,0.137292,1,0
8.62305,0.185547,1.00073,-2.40288e-07,0.137292,1,0
8.60352,0.205078,1.0007,-2.33183e-07,0.139244,1,0
8.60352,0.224609,1.00063,-2.45135e-07,0.139244,1,0
8.62305,0.205078,1.0007,-2.5544e-07,0.137292,1,0
8.62305,0.224609,1.00063,-2.68291e-07,0.137292,1,0
8.64258,0.166016,1.00074,-2.44821e-07,0.135341,1,0
8.64258,0.185547,1.00073,-2.63586e-07,0.135341,1,0
8.66211,0.166016,1.00074,-2.68879e-07,0.133389,1,0
8.66211,0.185547,1.00073,-2.89239e-07,0.133389,1,0
8.64258,0.205078,1.0007,-2.79953e-07,0.135341,1,0
8.64258,0.224609,1.00063,-2.93799e-07,0.135341,1,0
8.66211,0.205078,1.0007,-3.06949e-07,0.133389,1,0
8.66211,0.224609,1.00063,-3.21894e-07,0.133389,1,0
8.60352,0.244141,1.00045,-2.54596e-07,0.139244,1,0
8.60352,0.263672,1.00006,-2.61331e-07,0.139244,1,0
8.62305,0.244141,1.00045,-2.78434e-07,0.137292,1,0
8.62305,0.263672,1.00006,-2.85634e-07,0.137292,1,0
8.60352,0.283203,0.999196,-2.65011e-07,0.139244,1,0
8.60352,0.302734,0.997385,-2.65393e-07,0.139244,1,0
8.62305,0.283203,0.999196,-2.89551e-07,0.137292,1,0
8.62305,0.302734,0.997385,-2.89937e-07,0.137293,1,0
8.64258,0.244141,1.00045,-3.04698e-07,0.135341,1,0
8.64258,0.263672,1.00006,-3.12414e-07,0.135341,1,0
8.66211,0.244141,1.00045,-3.3363e-07,0.133389,1,0
8.66211,0.263672,1.00006,-3.41919e-07,0.133389,1,0
8.64258,0.283203,0.999196,-3.16595e-07,0.135341,1,0
8.64258,0.302734,0.997385,-3.16987e-07,0.135341,1,0
8.66211,0.283203,0.999196,-3.46394e-07,0.133389,1,0
8.66211,0.302734,0.997385,-3.46795e-07,0.133389,1,0
8.68164,0.166016,1.00074,-2.95362e-07,0.131438,1,0
8.68164,0.185547,1.00073,-3.17483e-07,0.131438,1,0
8.70117,0.166016,1.00074,-3.24514e-07,0.129486,1,0
8.70117,0.185547,1.00073,-3.48577e-07,0.129486,1,0
8.68164,0.205078,1.0007,-3.36675e-07,0.131438,1,0
8.68164,0.224609,1.00063,-3.52837e-07,0.131438,1,0
8.70117,0.205078,1.0007,-3.69407e-07,0.129486,1,0
8.70117,0.224609,1.00063,-3.86913e-07,0.129486,1,0
8.7207,0.166016,1.00074,-3.56601e-07,0.127535,1,0
8.7207,0.185547,1.00073,-3.82808e-07,0.127535,1,0
8.74023,0.166016,1.00074,-3.91919e-07,0.125583,1,0
8.74023,0.185547,1.00073,-4.2049e-07,0.125583,1,0
8.7207,0.205078,1.0007,-4.05446e-07,0.127535,1,0
8.7207,0.224609,1.00063,-4.24436e-07,0.127535,1,0
8.74023,0.205078,1.0007,-4.45123e-07,0.125583,1,0
8.74023,0.224609,1.00063,-4.65754e-07,0.125583,1,0
8.68164,0.244141,1.00045,-3.65499e-07,0.131438,1,0
8.68164,0.263672,1.00006,-3.74422e-07,0.131438,1,0
8.70117,0.244141,1.00045,-4.00599e-07,0.129486,1,0
8.70117,0.263672,1.00006,-4.10226e-07,0.129486,1,0
8.68164,0.283203,0.999196,-3.79226e-07,0.131438,1,0
8.68164,0.302734,0.997385,-3.79638e-07,0.131438,1,0
8.70117,0.283203,0.999196,-4.15393e-07,0.129486,1,0
8.70117,0.302734,0.997385,-4.1582e-07,0.129486,1,0
8.7207,0.244141,1.00045,-4.39256e-07,0.127535,1,0
8.7207,0.263672,1.00006,-4.49662e-07,0.127535,1,0
8.74023,0.244141,1.00045,-4.81826e-07,0.125583,1,0
8.74023,0.263672,1.00006,-4.93093e-07,0.125583,1,0
8.7207,0.283203,0.999196,-4.55233e-07,0.127535,1,0
8.7207,0.302734,0.997385,-4.55679e-07,0.127535,1,0
8.74023,0.283203,0.999196,-4.99114e-07,0.125583,1,0
8.74023,0.302734,0.997385,-4.99584e-07,0.125583,1,0
8.44727,0.322266,0.993736,-1.33802e-07,0.154857,1,0
8.44727,0.341797,0.986681,-1.2945e-07,0.154857,1,0
8.4668,0.322266,0.993736,-1.44887e-07,0.152905,1,0
8.4668,0.341797,0.986681,-1.40298e-07,0.152905,1,0
8.44727,0.361328,0.973593,-1.2248e-07,0.154857,1,0
8.44727,0.380859,0.950304,-1.13002e-07,0.154857,1,0
8.4668,0.361328,0.973593,-1.32938e-07,0.152905,1,0
8.4668,0.380859,0.950304,-1.22884e-07,0.152905,1,0
8.48633,0.322266,0.993736,-1.57124e-07,0.150953,1,0
8.48633,0.341797,0.98668,-1.52272e-07,0.150953,1,0
8.50586,0.322266,0.993736,-1.7063e-07,0.149002,1,0
8.50586,0.341797,0.98668,-1.65486e-07,0.149002,1,0
8.48633,0.361328,0.973593,-1.44479e-07,0.150953,1,0
8.48633,0.380859,0.950304,-1.33802e-07,0.150953,1,0
8.50586,0.361328,0.973593,-1.57213e-07,0.149002,1,0
8.50586,0.380859,0.950304,-1.4583e-07,0.149002,1,0
8.44727,0.400391,0.91055,-1.00629e-07,0.154857,1,0
8.44727,0.419922,0.845426,-8.57451e-08,0.154857,1,0
8.4668,0.400391,0.91055,-1.09718e-07,0.152905,1,0
8.4668,0.419922,0.845426,-9.36513e-08,0.152905,1,0
8.44727,0.439453,0.742976,-6.69506e-08,0.154857,1,0
8.44727,0.458984,0.588049,-4.53841e-08,0.154857,1,0
8.4668,0.439453,0.742976,-7.32975e-08,0.152905,1,0
8.4668,0.458984,0.588049,-4.98251e-08,0.152905,1,0
8.48633,0.400391,0.91055,-1.1968e-07,0.150953,1,0
8.48633,0.419922,0.845426,-1.02437e-07,0.150953,1,0
8.50586,0.400391,0.91055,-1.30727e-07,0.149002,1,0
8.50586,0.419922,0.845426,-1.1205e-07,0.149002,1,0
8.48633,0.439453,0.742976,-8.03149e-08,0.150953,1,0
8.48633,0.458984,0.588049,-5.46232e-08,0.150953,1,0
8.50586,0.439453,0.742976,-8.8023e-08,0.149002,1,0
8.50586,0.458984,0.588049,-6.00019e-08,0.149002,1,0
8.52539,0.322266,0.993736,-1.85532e-07,0.14705,1,0
8.52539,0.341797,0.98668,-1.80064e-07,0.14705,1,0
8.54492,0.322266,0.993736,-2.01969e-07,0.145099,1,0
8.54492,0.341797,0.98668,-1.96145e-07,0.145099,1,0
8.52539,0.361328,0.973593,-1.71259e-07,0.14705,1,0
8.52539,0.380859,0.950304,-1.5911e-07,0.14705,1,0
8.54492,0.361328,0.973593,-1.8675e-07,0.145099,1,0
8.54492,0.380859,0.950304,-1.73736e-07,0.145099,1,0
8.56445,0.322266,0.993736,-2.20098e-07,0.143147,1,0
8.56445,0.341797,0.98668,-2.13878e-07,0.143147,1,0
8.58398,0.322266,0.993736,-2.40087e-07,0.141196,1,0
8.58398,0.341797,0.98668,-2.3343e-07,0.141196,1,0
8.56445,0.361328,0.973593,-2.03832e-07,0.143147,1,0
8.56445,0.380859,0.950304,-1.89878e-07,0.143147,1,0
8.58398,0.361328,0.973593,-2.22664e-07,0.141196,1,0
8.58398,0.380859,0.950304,-2.07654e-07,0.141196,1,0
8.52539,0.400391,0.91055,-1.42843e-07,0.14705,1,0
8.52539,0.419922,0.845426,-1.22716e-07,0.14705,1,0
8.54492,0.400391,0.91055,-1.56263e-07,0.145099,1,0
8.54492,0.419922,0.845426,-1.34398e-07,0.145099,1,0
8.52539,0.439453,0.742976,-9.65392e-08,0.14705,1,0
8.52539,0.458984,0.588049,-6.58302e-08,0.14705,1,0
8.54492,0.439453,0.742976,-1.05897e-07,0.145099,1,0
8.54492,0.458984,0.588049,-7.23448e-08,0.145099,1,0
8.56445,0.400391,0.91055,-1.70988e-07,0.143147,1,0
8.56445,0.419922,0.845426,-1.47343e-07,0.143147,1,0
8.58398,0.400391,0.91055,-1.87283e-07,0.141196,1,0
8.58398,0.419922,0.845426,-1.61531e-07,0.141196,1,0
8.56445,0.439453,0.742976,-1.16229e-07,0.143147,1,0
8.56445,0.458984,0.588049,-7.94214e-08,0.143147,1,0
8.58398,0.439453,0.742976,-1.27585e-07,0.141196,1,0
8.58398,0.458984,0.588049,-8.73121e-08,0.141196,1,0
8.44727,0.478516,0.362538,-1.85827e-08,0.154857,1,0
8.44727,0.498047,0.0460391,7.3201e-09,0.154857,0.6,0
8.4668,0.478516,0.362538,-2.03805e-08,0.152905,1,0
8.4668,0.498047,0.0460391,8.0785e-09,0.152905,0.6,0
8.48633,0.478516,0.362538,-2.24045e-08,0.150953,1,0
8.48633,0.498047,0.0460391,8.89163e-09,0.150953,0.6,0
8.50586,0.478516,0.362538,-2.45867e-08,0.149002,1,0
8.50586,0.498047,0.0460391,9.8114e-09,0.149002,0.6,0
8.52539,0.478516,0.362538,-2.70344e-08,0.14705,1,0
8.52539,0.498047,0.0460391,1.08019e-08,0.14705,0.6,0
8.54492,0.478516,0.362538,-2.9682e-08,0.145099,1,0
8.54492,0.498047,0.0460391,1.19175e-08,0.145099,0.6,0
8.56445,0.478516,0.362538,-3.2643e-08,0.143147,1,0
8.56445,0.498047,0.0460391,1.31232e-08,0.143147,0.6,0
8.58398,0.478516,0.362538,-3.58543e-08,0.141196,1,0
8.58398,0.498047,0.046039,1.44766e-08,0.141196,0.6,0
8.60352,0.322266,0.993736,-2.62124e-07,0.139244,1,0
8.60352,0.341797,0.98668,-2.54985e-07,0.139244,1,0
8.62305,0.322266,0.993736,-2.86414e-07,0.137293,1,0
8.62305,0.341797,0.98668,-2.78744e-07,0.137293,1,0
8.60352,0.361328,0.973592,-2.43422e-07,0.139244,1,0
8.60352,0.380859,0.950304,-2.27262e-07,0.139244,1,0
8.62305,0.361328,0.973592,-2.66301e-07,0.137293,1,0
8.62305,0.380859,0.950304,-2.48853e-07,0.137293,1,0
8.64258,0.322266,0.993736,-3.13185e-07,0.135341,1,0
8.64258,0.341797,0.98668,-3.04929e-07,0.135341,1,0
8.66211,0.322266,0.993736,-3.42687e-07,0.133389,1,0
8.66211,0.341797,0.98668,-3.33783e-07,0.133389,1,0
8.64258,0.361328,0.973592,-2.91514e-07,0.135341,1,0
8.64258,0.380859,0.950304,-2.72662e-07,0.135341,1,0
8.66211,0.361328,0.973592,-3.19297e-07,0.13339,1,0
8.66211,0.380859,0.950304,-2.98876e-07,0.13339,1,0
8.60352,0.400391,0.91055,-2.05171e-07,0.139244,1,0
8.60352,0.419922,0.845426,-1.77237e-07,0.139244,1,0
8.62305,0.400391,0.91055,-2.24949e-07,0.137293,1,0
8.62305,0.419922,0.845426,-1.94463e-07,0.137293,1,0
8.60352,0.439453,0.742976,-1.40118e-07,0.139244,1,0
8.60352,0.458984,0.588049,-9.59015e-08,0.139244,1,0
8.62305,0.439453,0.742976,-1.53897e-07,0.137293,1,0
8.62305,0.458984,0.588049,-1.05459e-07,0.137293,1,0
8.64258,0.400391,0.91055,-2.4667e-07,0.135341,1,0
8.64258,0.419922,0.845426,-2.13515e-07,0.135341,1,0
8.66211,0.400391,0.91055,-2.70667e-07,0.13339,1,0
8.66211,0.419922,0.845426,-2.34422e-07,0.13339,1,0
8.64258,0.439453,0.742976,-1.69097e-07,0.135341,1,0
8.64258,0.458984,0.588049,-1.15882e-07,0.135341,1,0
8.66211,0.439453,0.742976,-1.8581e-07,0.13339,1,0
8.66211,0.458984,0.588049,-1.2746e-07,0.13339,1,0
8.68164,0.322266,0.993736,-3.75193e-07,0.131438,1,0
8.68164,0.341797,0.98668,-3.65576e-07,0.131438,1,0
8.70117,0.322266,0.993736,-4.11006e-07,0.129486,1,0
8.70117,0.341797,0.98668,-4.00603e-07,0.129486,1,0
8.68164,0.361328,0.973592,-3.49907e-07,0.131438,1,0
8.68164,0.380859,0.950304,-3.27774e-07,0.131438,1,0
8.70117,0.361328,0.973592,-3.8363e-07,0.129486,1,0
8.70117,0.380859,0.950304,-3.59591e-07,0.129486,1,0
8.7207,0.322266,0.993736,-4.5046e-07,0.127535,1,0
8.7207,0.341797,0.98668,-4.39191e-07,0.127535,1,0
8.74023,0.322266,0.993736,-4.93919e-07,0.125583,1,0
8.74023,0.341797,0.98668,-4.81696e-07,0.125583,1,0
8.7207,0.361328,0.973592,-4.20779e-07,0.127535,1,0
8.7207,0.380859,0.950304,-3.94655e-07,0.127535,1,0
8.74023,0.361328,0.973592,-4.61699e-07,0.125583,1,0
8.74023,0.380859,0.950304,-4.3326e-07,0.125583,1,0
8.68164,0.400391,0.91055,-2.97033e-07,0.131438,1,0
8.68164,0.419922,0.845426,-2.57528e-07,0.131438,1,0
8.70117,0.400391,0.91055,-3.26145e-07,0.129487,1,0
8.70117,0.419922,0.845426,-2.82897e-07,0.129487,1,0
8.68164,0.439453,0.742976,-2.04243e-07,0.131438,1,0
8.68164,0.458984,0.588049,-1.40104e-07,0.131438,1,0
8.70117,0.439453,0.742976,-2.24514e-07,0.129487,1,0
8.70117,0.458984,0.588049,-1.54129e-07,0.129487,1,0
8.7207,0.400391,0.91055,-3.58139e-07,0.127535,1,0
8.7207,0.419922,0.845426,-3.10916e-07,0.127535,1,0
8.74023,0.400391,0.91055,-3.93448e-07,0.125583,1,0
8.74023,0.419922,0.845426,-3.41692e-07,0.125584,1,0
8.7207,0.439453,0.742976,-2.46862e-07,0.127535,1,0
8.7207,0.458984,0.588049,-1.69465e-07,0.127535,1,0
8.74023,0.439453,0.742976,-2.71445e-07,0.125584,1,0
8.74023,0.458984,0.588049,-1.86455e-07,0.125584,1,0
8.60352,0.478516,0.362538,-3.94366e-08,0.139244,1,0
8.60352,0.498047,0.046039,1.59438e-08,0.139244,0.6,0
8.62305,0.478516,0.362538,-4.33308e-08,0.137293,1,0
8.62305,0.498047,0.046039,1.75856e-08,0.137293,0.6,0
8.64258,0.478516,0.362537,-4.76656e-08,0.135341,1,0
8.64258,0.498047,0.046039,1.93702e-08,0.135341,0.6,0
8.66211,0.478516,0.362537,-5.23869e-08,0.13339,1,0
8.66211,0.498047,0.0460389,2.13623e-08,0.13339,0.6,0
8.68164,0.478516,0.362537,-5.76328e-08,0.131438,1,0
8.68164,0.498047,0.0460389,2.35323e-08,0.131438,0.6,0
8.70117,0.478516,0.362537,-6.33558e-08,0.129487,1,0
8.70117,0.498047,0.0460389,2.59496e-08,0.129487,0.6,0
8.7207,0.478516,0.362537,-6.97051e-08,0.127535,1,0
8.7207,0.498047,0.0460388,2.85875e-08,0.127535,0.6,0
8.74023,0.478516,0.362537,-7.66412e-08,0.125584,1,0
8.74023,0.498047,0.0460388,3.1521e-08,0.125584,0.6,0
8.75977,0.00976562,1.00075,-6.88557e-08,0.123631,1,0
8.75977,0.0292969,1.00075,-1.398e-07,0.123631,1,0
8.7793,0.00976562,1.00075,-7.58e-08,0.12168,1,0
8.7793,0.0292969,1.00075,-1.53926e-07,0.12168,1,0
8.75977,0.0488281,1.00075,-1.78219e-07,0.123631,1,0
8.75977,0.0683594,1.00075,-2.30901e-07,0.123631,1,0
8.7793,0.0488281,1.00075,-1.96261e-07,0.12168,1,0
8.7793,0.0683594,1.00075,-2.54262e-07,0.12168,1,0
8.79883,0.00976562,1.00075,-8.34391e-08,0.119728,1,0
8.79883,0.0292969,1.00075,-1.69465e-07,0.119728,1,0
8.81836,0.00976562,1.00075,-9.18425e-08,0.117776,1,0
8.81836,0.0292969,1.00075,-1.86557e-07,0.117776,1,0
8.79883,0.0488281,1.00075,-2.16107e-07,0.119728,1,0
8.79883,0.0683594,1.00075,-2.7996e-07,0.119728,1,0
8.81836,0.0488281,1.00075,-2.37937e-07,0.117776,1,0
8.81836,0.0683594,1.00075,-3.08227e-07,0.117776,1,0
8.75977,0.0878906,1.00075,-2.73096e-07,0.123631,1,0
8.75977,0.107422,1.00075,-3.17989e-07,0.123631,1,0
8.7793,0.0878906,1.00075,-3.00671e-07,0.12168,1,0
8.7793,0.107422,1.00075,-3.49996e-07,0.12168,1,0
8.75977,0.126953,1.00075,-3.57876e-07,0.123631,1,0
8.75977,0.146484,1.00075,-3.96344e-07,0.123631,1,0
8.7793,0.126953,1.00075,-3.93752e-07,0.12168,1,0
8.7793,0.146484,1.00075,-4.35896e-07,0.12168,1,0
8.79883,0.0878906,1.00075,-3.31007e-07,0.119728,1,0
8.79883,0.107422,1.00075,-3.8521e-07,0.119728,1,0
8.81836,0.0878906,1.00075,-3.64378e-07,0.117776,1,0
8.81836,0.107422,1.00075,-4.2395e-07,0.117776,1,0
8.79883,0.126953,1.00075,-4.33227e-07,0.119728,1,0
8.79883,0.146484,1.00075,-4.7942e-07,0.119728,1,0
8.81836,0.126953,1.00075,-4.76659e-07,0.117777,1,0
8.81836,0.146484,1.00075,-5.2731e-07,0.117777,1,0
8.83789,0.00976562,1.00075,-1.01086e-07,0.115825,1,0
8.83789,0.0292969,1.00075,-2.05358e-07,0.115825,1,0
8.85742,0.00976562,1.00075,-1.11255e-07,0.113873,1,0
8.85742,0.0292969,1.00075,-2.26039e-07,0.113873,1,0
8.83789,0.0488281,1.00075,-2.61949e-07,0.115825,1,0
8.83789,0.0683594,1.00075,-3.39322e-07,0.115825,1,0
8.85742,0.0488281,1.00075,-2.8836e-07,0.113873,1,0
8.85742,0.0683594,1.00075,-3.73523e-07,0.113873,1,0
8.87695,0.00976562,1.00075,-1.2244e-07,0.111921,1,0
8.87695,0.0292969,1.00075,-2.48785e-07,0.111922,1,0
8.89648,0.00976562,1.00075,-1.34743e-07,0.10997,1,0
8.89648,0.0292969,1.00075,-2.73803e-07,0.10997,1,0
8.87695,0.0488281,1.00075,-3.17409e-07,0.111922,1,0
8.87695,0.0683594,1.00075,-4.11142e-07,0.111922,1,0
8.89648,0.0488281,1.00075,-3.49357e-07,0.10997,1,0
8.89648,0.0683594,1.00075,-4.52516e-07,0.10997,1,0
8.83789,0.0878906,1.00075,-4.01088e-07,0.115825,1,0
8.83789,0.107422,1.00075,-4.66569e-07,0.115825,1,0
8.85742,0.0878906,1.00075,-4.41468e-07,0.113873,1,0
8.85742,0.107422,1.00075,-5.13453e-07,0.113873,1,0
8.83789,0.126953,1.00075,-5.24442e-07,0.115825,1,0
8.83789,0.146484,1.00075,-5.80005e-07,0.115825,1,0
8.85742,0.126953,1.00075,-5.77011e-07,0.113873,1,0
8.85742,0.146484,1.00075,-6.37982e-07,0.113873,1,0
8.87695,0.0878906,1.00075,-4.85884e-07,0.111922,1,0
8.87695,0.107422,1.00075,-5.65025e-07,0.111922,1,0
8.89648,0.0878906,1.00075,-5.34737e-07,0.10997,1,0
8.89648,0.107422,1.00075,-6.21752e-07,0.10997,1,0
8.87695,0.126953,1.00075,-6.34842e-07,0.111922,1,0
8.87695,0.146484,1.00075,-7.01767e-07,0.111922,1,0
8.89648,0.126953,1.00075,-6.98458e-07,0.10997,1,0
8.89648,0.146484,1.00075,-7.71939e-07,0.10997,1,0
8.75977,0.166016,1.00074,-4.30791e-07,0.123631,1,0
8.75977,0.185547,1.00073,-4.61969e-07,0.123631,1,0
8.7793,0.166016,1.00074,-4.73572e-07,0.12168,1,0
8.7793,0.185547,1.00073,-5.07625e-07,0.12168,1,0
8.75977,0.205078,1.0007,-4.88804e-07,0.123631,1,0
8.75977,0.224609,1.00063,-5.11245e-07,0.123632,1,0
8.7793,0.205078,1.0007,-5.36889e-07,0.12168,1,0
8.7793,0.224609,1.00063,-5.61329e-07,0.12168,1,0
8.79883,0.166016,1.00074,-5.20653e-07,0.119728,1,0
8.79883,0.185547,1.00073,-5.57875e-07,0.119728,1,0
8.81836,0.166016,1.00074,-5.72465e-07,0.117777,1,0
8.81836,0.185547,1.00073,-6.1318e-07,0.117777,1,0
8.79883,0.205078,1.0007,-5.89819e-07,0.119728,1,0
8.79883,0.224609,1.00063,-6.16465e-07,0.119728,1,0
8.81836,0.205078,1.0007,-6.48079e-07,0.117777,1,0
8.81836,0.224609,1.00063,-6.7716e-07,0.117777,1,0
8.75977,0.244141,1.00045,-5.28701e-07,0.123632,1,0
8.75977,0.263672,1.00006,-5.40923e-07,0.123632,1,0
8.7793,0.244141,1.00045,-5.80314e-07,0.12168,1,0
8.7793,0.263672,1.00006,-5.93591e-07,0.12168,1,0
8.75977,0.283203,0.999196,-5.47442e-07,0.123632,1,0
8.75977,0.302734,0.997385,-5.47941e-07,0.123632,1,0
8.7793,0.283203,0.999196,-6.00664e-07,0.12168,1,0
8.7793,0.302734,0.997385,-6.01197e-07,0.12168,1,0
8.79883,0.244141,1.00045,-6.3714e-07,0.119728,1,0
8.79883,0.263672,1.00006,-6.51584e-07,0.119729,1,0
8.81836,0.244141,1.00045,-6.99701e-07,0.117777,1,0
8.81836,0.263672,1.00006,-7.15435e-07,0.117777,1,0
8.79883,0.283203,0.999196,-6.5927e-07,0.119729,1,0
8.79883,0.302734,0.997385,-6.59847e-07,0.119729,1,0
8.81836,0.283203,0.999196,-7.23803e-07,0.117777,1,0
8.81836,0.302734,0.997385,-7.2443e-07,0.117777,1,0
8.83789,0.166016,1.00074,-6.29479e-07,0.115825,1,0
8.83789,0.185547,1.00073,-6.74044e-07,0.115825,1,0
8.85742,0.166016,1.00074,-6.92214e-07,0.113873,1,0
8.85742,0.185547,1.00073,-7.41024e-07,0.113874,1,0
8.83789,0.205078,1.0007,-7.12202e-07,0.115825,1,0
8.83789,0.224609,1.00063,-7.4397e-07,0.115825,1,0
8.85742,0.205078,1.0007,-7.82775e-07,0.113874,1,0
8.85742,0.224609,1.00063,-8.17507e-07,0.113874,1,0
8.87695,0.166016,1.00074,-7.61242e-07,0.111922,1,0
8.87695,0.185547,1.00073,-8.14728e-07,0.111922,1,0
8.89648,0.166016,1.00074,-8.37188e-07,0.10997,1,0
8.89648,0.185547,1.00073,-8.95828e-07,0.10997,1,0
8.87695,0.205078,1.0007,-8.60442e-07,0.111922,1,0
8.87695,0.224609,1.00063,-8.98444e-07,0.111922,1,0
8.89648,0.205078,1.0007,-9.45911e-07,0.10997,1,0
8.89648,0.224609,1.00063,-9.87522e-07,0.109971,1,0
8.83789,0.244141,1.00045,-7.68571e-07,0.115825,1,0
8.83789,0.263672,1.00006,-7.85733e-07,0.115825,1,0
8.85742,0.244141,1.00045,-8.44384e-07,0.113874,1,0
8.85742,0.263672,1.00006,-8.63124e-07,0.113874,1,0
8.83789,0.283203,0.999196,-7.94857e-07,0.115825,1,0
8.83789,0.302734,0.997385,-7.95545e-07,0.115826,1,0
8.85742,0.283203,0.999196,-8.73086e-07,0.113874,1,0
8.85742,0.302734,0.997385,-8.73848e-07,0.113874,1,0
8.87695,0.244141,1.00045,-9.27835e-07,0.111922,1,0
8.87695,0.263672,1.00006,-9.4832e-07,0.111922,1,0
8.89648,0.244141,1.00045,-1.01969e-06,0.109971,1,0
8.89648,0.263672,1.00006,-1.0421e-06,0.109971,1,0
8.87695,0.283203,0.999196,-9.59212e-07,0.111922,1,0
8.87695,0.302734,0.997385,-9.6006e-07,0.111922,1,0
8.89648,0.283203,0.999196,-1.05403e-06,0.109971,1,0
8.89648,0.302734,0.997385,-1.05498e-06,0.109971,1,0
8.91602,0.00976562,1.00075,-1.48275e-07,0.108018,1,0
8.91602,0.0292969,1.00075,-3.01318e-07,0.108018,1,0
8.93555,0.00976562,1.00075,-1.63159e-07,0.106067,1,0
8.93555,0.0292969,1.00075,-3.31578e-07,0.106067,1,0
8.91602,0.0488281,1.00075,-3.84492e-07,0.108018,1,0
8.91602,0.0683594,1.00075,-4.98019e-07,0.108018,1,0
8.93555,0.0488281,1.00075,-4.2313e-07,0.106067,1,0
8.93555,0.0683594,1.00075,-5.48059e-07,0.106067,1,0
8.95508,0.00976562,1.00075,-1.79528e-07,0.104115,1,0
8.95508,0.0292969,1.00075,-3.64854e-07,0.104115,1,0
8.97461,0.00976562,1.00075,-1.97529e-07,0.102163,1,0
8.97461,0.0292969,1.00075,-4.01444e-07,0.102163,1,0
8.95508,0.0488281,1.00075,-4.65617e-07,0.104115,1,0
8.95508,0.0683594,1.00075,-6.03085e-07,0.104115,1,0
8.97461,0.0488281,1.00075,-5.12332e-07,0.102163,1,0
8.97461,0.0683594,1.00075,-6.63588e-07,0.102163,1,0
8.91602,0.0878906,1.00075,-5.88466e-07,0.108018,1,0
8.91602,0.107422,1.00075,-6.84145e-07,0.108018,1,0
8.93555,0.0878906,1.00075,-6.47554e-07,0.106067,1,0
8.93555,0.107422,1.00075,-7.52766e-07,0.106067,1,0
8.91602,0.126953,1.00075,-7.68433e-07,0.108019,1,0
8.91602,0.146484,1.00075,-8.49133e-07,0.108019,1,0
8.93555,0.126953,1.00075,-8.45399e-07,0.106067,1,0
8.93555,0.146484,1.00075,-9.34046e-07,0.106067,1,0
8.95508,0.0878906,1.00075,-7.12531e-07,0.104115,1,0
8.95508,0.107422,1.00075,-8.28231e-07,0.104115,1,0
8.97461,0.0878906,1.00075,-7.83979e-07,0.102163,1,0
8.97461,0.107422,1.00075,-9.11216e-07,0.102164,1,0
8.95508,0.126953,1.00075,-9.30047e-07,0.104115,1,0
8.95508,0.146484,1.00075,-1.02744e-06,0.104115,1,0
8.97461,0.126953,1.00075,-1.02314e-06,0.102164,1,0
8.97461,0.146484,1.00075,-1.13017e-06,0.102164,1,0
8.99414,0.00976562,1.00075,-2.17325e-07,0.100212,1,0
8.99414,0.0292969,1.00075,-4.41676e-07,0.100212,1,0
9.01367,0.00976562,1.00075,-2.39091e-07,0.0982598,1,0
9.01367,0.0292969,1.00075,-4.85906e-07,0.0982599,1,0
8.99414,0.0488281,1.00075,-5.63692e-07,0.100212,1,0
8.99414,0.0683594,1.00075,-7.30109e-07,0.100212,1,0
9.01367,0.0488281,1.00075,-6.20152e-07,0.0982599,1,0
9.01367,0.0683594,1.00075,-8.03237e-07,0.09826,1,0
9.0332,0.00976562,1.00075,-2.6302e-07,0.0963081,1,0
9.0332,0.0292969,1.00075,-5.34525e-07,0.0963082,1,0
9.05273,0.00976562,1.00075,-2.89324e-07,0.0943564,1,0
9.05273,0.0292969,1.00075,-5.87962e-07,0.0943565,1,0
9.0332,0.0488281,1.00075,-6.82212e-07,0.0963082,1,0
9.0332,0.0683594,1.00075,-8.83621e-07,0.0963083,1,0
9.05273,0.0488281,1.00075,-7.50416e-07,0.0943565,1,0
9.05273,0.0683594,1.00075,-9.71967e-07,0.0943566,1,0
8.99414,0.0878906,1.00075,-8.62534e-07,0.100212,1,0
8.99414,0.107422,1.00075,-1.00246e-06,0.100212,1,0
9.01367,0.0878906,1.00075,-9.48897e-07,0.0982601,1,0
9.01367,0.107422,1.00075,-1.10279e-06,0.0982602,1,0
8.99414,0.126953,1.00075,-1.12551e-06,0.100212,1,0
8.99414,0.146484,1.00075,-1.24314e-06,0.100212,1,0
9.01367,0.126953,1.00075,-1.23807e-06,0.0982603,1,0
9.01367,0.146484,1.00075,-1.36737e-06,0.0982605,1,0
9.0332,0.0878906,1.00075,-1.04383e-06,0.0963084,1,0
9.0332,0.107422,1.00075,-1.21308e-06,0.0963085,1,0
9.05273,0.0878906,1.00075,-1.14817e-06,0.0943567,1,0
9.05273,0.107422,1.00075,-1.33431e-06,0.0943568,1,0
9.0332,0.126953,1.00075,-1.36182e-06,0.0963087,1,0
9.0332,0.146484,1.00075,-1.50397e-06,0.0963088,1,0
9.05273,0.126953,1.00075,-1.49786e-06,0.094357,1,0
9.05273,0.146484,1.00075,-1.65415e-06,0.0943571,1,0
8.91602,0.166016,1.00074,-9.20742e-07,0.108019,1,0
8.91602,0.185547,1.00073,-9.85061e-07,0.108019,1,0
8.93555,0.166016,1.00074,-1.01266e-06,0.106067,1,0
8.93555,0.185547,1.00073,-1.08324e-06,0.106067,1,0
8.91602,0.205078,1.0007,-1.03996e-06,0.108019,1,0
8.91602,0.224609,1.00063,-1.08555e-06,0.108019,1,0
8.93555,0.205078,1.0007,-1.14345e-06,0.106067,1,0
8.93555,0.224609,1.00063,-1.19343e-06,0.106067,1,0
8.95508,0.166016,1.00074,-1.11377e-06,0.104115,1,0
8.95508,0.185547,1.00073,-1.19124e-06,0.104116,1,0
8.97461,0.166016,1.00074,-1.22499e-06,0.102164,1,0
8.97461,0.185547,1.00073,-1.31006e-06,0.102164,1,0
8.95508,0.205078,1.0007,-1.25731e-06,0.104116,1,0
8.95508,0.224609,1.00063,-1.31214e-06,0.104116,1,0
8.97461,0.205078,1.0007,-1.38258e-06,0.102164,1,0
8.97461,0.224609,1.00063,-1.44276e-06,0.102164,1,0
8.91602,0.244141,1.00045,-1.12078e-06,0.108019,1,0
8.91602,0.263672,1.00006,-1.14533e-06,0.108019,1,0
8.93555,0.244141,1.00045,-1.23205e-06,0.106068,1,0
8.93555,0.263672,1.00006,-1.25896e-06,0.106068,1,0
8.91602,0.283203,0.999196,-1.1584e-06,0.108019,1,0
8.91602,0.302734,0.997385,-1.15948e-06,0.108019,1,0
8.93555,0.283203,0.999196,-1.2733e-06,0.106068,1,0
8.93555,0.302734,0.997385,-1.27452e-06,0.106068,1,0
8.95508,0.244141,1.00045,-1.35449e-06,0.104116,1,0
8.95508,0.263672,1.00006,-1.38402e-06,0.104116,1,0
8.97461,0.244141,1.00045,-1.48924e-06,0.102164,1,0
8.97461,0.263672,1.00006,-1.52166e-06,0.102165,1,0
8.95508,0.283203,0.999196,-1.39978e-06,0.104116,1,0
8.95508,0.302734,0.997385,-1.40117e-06,0.104116,1,0
8.97461,0.283203,0.999196,-1.53899e-06,0.102165,1,0
8.97461,0.302734,0.997385,-1.54058e-06,0.102165,1,0
8.99414,0.166016,1.00074,-1.34732e-06,0.100212,1,0
8.99414,0.185547,1.00073,-1.44076e-06,0.100212,1,0
9.01367,0.166016,1.00074,-1.48186e-06,0.0982606,1,0
9.01367,0.185547,1.00073,-1.58452e-06,0.0982608,1,0
8.99414,0.205078,1.0007,-1.5204e-06,0.100213,1,0
8.99414,0.224609,1.00063,-1.58648e-06,0.100213,1,0
9.01367,0.205078,1.0007,-1.67202e-06,0.0982609,1,0
9.01367,0.224609,1.00063,-1.74461e-06,0.0982611,1,0
9.0332,0.166016,1.00074,-1.62981e-06,0.096309,1,0
9.0332,0.185547,1.00073,-1.74264e-06,0.0963091,1,0
9.05273,0.166016,1.00074,-1.79249e-06,0.0943573,1,0
9.05273,0.185547,1.00073,-1.91653e-06,0.0943575,1,0
9.0332,0.205078,1.0007,-1.83879e-06,0.0963093,1,0
9.0332,0.224609,1.00063,-1.91857e-06,0.0963095,1,0
9.05273,0.205078,1.0007,-2.02223e-06,0.0943577,1,0
9.05273,0.224609,1.00063,-2.10995e-06,0.0943579,1,0
8.99414,0.244141,1.00045,-1.63753e-06,0.100213,1,0
8.99414,0.263672,1.00006,-1.67314e-06,0.100213,1,0
9.01367,0.244141,1.00045,-1.80069e-06,0.0982613,1,0
9.01367,0.263672,1.00006,-1.83985e-06,0.0982614,1,0
8.99414,0.283203,0.999196,-1.69222e-06,0.100213,1,0
8.99414,0.302734,0.997385,-1.69406e-06,0.100213,1,0
9.01367,0.283203,0.999196,-1.86088e-06,0.0982616,1,0
9.01367,0.302734,0.997385,-1.863e-06,0.0982618,1,0
9.0332,0.244141,1.00045,-1.98023e-06,0.0963097,1,0
9.0332,0.263672,1.00006,-2.02332e-06,0.0963099,1,0
9.05273,0.244141,1.00045,-2.17777e-06,0.0943581,1,0
9.05273,0.263672,1.00006,-2.22521e-06,0.0943583,1,0
9.0332,0.283203,0.999196,-2.04651e-06,0.0963101,1,0
9.0332,0.302734,0.997385,-2.04897e-06,0.0963103,1,0
9.05273,0.283203,0.999196,-2.25082e-06,0.0943585,1,0
9.05273,0.302734,0.997385,-2.25369e-06,0.0943588,1,0
8.75977,0.322266,0.993736,-5.41787e-07,0.123632,1,0
8.75977,0.341797,0.98668,-5.28515e-07,0.123632,1,0
8.7793,0.322266,0.993736,-5.94508e-07,0.12168,1,0
8.7793,0.341797,0.98668,-5.80081e-07,0.12168,1,0
8.75977,0.361328,0.973592,-5.06771e-07,0.123632,1,0
8.75977,0.380859,0.950304,-4.75797e-07,0.123632,1,0
8.7793,0.361328,0.973592,-5.56412e-07,0.12168,1,0
8.7793,0.380859,0.950304,-5.22627e-07,0.12168,1,0
8.79883,0.322266,0.993736,-6.52569e-07,0.119729,1,0
8.79883,0.341797,0.98668,-6.36871e-07,0.119729,1,0
8.81836,0.322266,0.993736,-7.16509e-07,0.117777,1,0
8.81836,0.341797,0.98668,-6.99413e-07,0.117777,1,0
8.79883,0.361328,0.973592,-6.11084e-07,0.119729,1,0
8.79883,0.380859,0.950304,-5.7422e-07,0.119729,1,0
8.81836,0.361328,0.973592,-6.71292e-07,0.117777,1,0
8.81836,0.380859,0.950304,-6.31018e-07,0.117777,1,0
8.75977,0.400391,0.91055,-4.32263e-07,0.123632,1,0
8.75977,0.419922,0.845426,-3.75665e-07,0.123632,1,0
8.7793,0.400391,0.91055,-4.75083e-07,0.12168,1,0
8.7793,0.419922,0.845425,-4.12995e-07,0.12168,1,0
8.75977,0.439453,0.742975,-2.98541e-07,0.123632,1,0
8.75977,0.458984,0.588048,-2.05053e-07,0.123632,1,0
8.7793,0.439453,0.742975,-3.28349e-07,0.121681,1,0
8.7793,0.458984,0.588048,-2.25637e-07,0.121681,1,0
8.79883,0.400391,0.910549,-5.22165e-07,0.119729,1,0
8.79883,0.419922,0.845425,-4.54185e-07,0.119729,1,0
8.81836,0.400391,0.910549,-5.74087e-07,0.117777,1,0
8.81836,0.419922,0.845425,-4.99458e-07,0.117777,1,0
8.79883,0.439453,0.742975,-3.61198e-07,0.119729,1,0
8.79883,0.458984,0.588048,-2.48188e-07,0.119729,1,0
8.81836,0.439453,0.742975,-3.97339e-07,0.117778,1,0
8.81836,0.458984,0.588048,-2.73126e-07,0.117778,1,0
8.83789,0.322266,0.993736,-7.86918e-07,0.115826,1,0
8.83789,0.341797,0.98668,-7.68286e-07,0.115826,1,0
8.85742,0.322266,0.993736,-8.64448e-07,0.113874,1,0
8.85742,0.341797,0.98668,-8.44126e-07,0.113874,1,0
8.83789,0.361328,0.973592,-7.37596e-07,0.115826,1,0
8.83789,0.380859,0.950303,-6.93586e-07,0.115826,1,0
8.85742,0.361328,0.973592,-8.1061e-07,0.113874,1,0
8.85742,0.380859,0.950303,-7.62466e-07,0.113874,1,0
8.87695,0.322266,0.993736,-9.49816e-07,0.111923,1,0
8.87695,0.341797,0.98668,-9.27638e-07,0.111923,1,0
8.89648,0.322266,0.993736,-1.04381e-06,0.109971,1,0
8.89648,0.341797,0.98668,-1.01959e-06,0.109971,1,0
8.87695,0.361328,0.973592,-8.91011e-07,0.111923,1,0
8.87695,0.380859,0.950303,-8.38335e-07,0.111923,1,0
8.89648,0.361328,0.973592,-9.79545e-07,0.109971,1,0
8.89648,0.380859,0.950303,-9.2186e-07,0.109971,1,0
8.83789,0.400391,0.910549,-6.31189e-07,0.115826,1,0
8.83789,0.419922,0.845425,-5.49395e-07,0.115826,1,0
8.85742,0.400391,0.910549,-6.94145e-07,0.113874,1,0
8.85742,0.419922,0.845425,-6.04298e-07,0.113874,1,0
8.83789,0.439453,0.742975,-4.37162e-07,0.115826,1,0
8.83789,0.458984,0.588048,-3.00468e-07,0.115826,1,0
8.85742,0.439453,0.742975,-4.80982e-07,0.113875,1,0
8.85742,0.458984,0.588048,-3.30683e-07,0.113875,1,0
8.87695,0.400391,0.910549,-7.63394e-07,0.111923,1,0
8.87695,0.419922,0.845425,-6.6484e-07,0.111923,1,0
8.89648,0.400391,0.910549,-8.39727e-07,0.109971,1,0
8.89648,0.419922,0.845425,-7.31418e-07,0.109972,1,0
8.87695,0.439453,0.742975,-5.29259e-07,0.111923,1,0
8.87695,0.458984,0.588048,-3.63833e-07,0.111923,1,0
8.89648,0.439453,0.742975,-5.82388e-07,0.109972,1,0
8.89648,0.458984,0.588047,-4.00446e-07,0.109972,1,0
8.75977,0.478516,0.362537,-8.43267e-08,0.123632,1,0
8.75977,0.498047,0.0460388,3.47271e-08,0.123632,0.6,0
8.7793,0.478516,0.362537,-9.2732e-08,0.121681,1,0
8.7793,0.498047,0.0460387,3.82873e-08,0.121681,0.6,0
8.79883,0.478516,0.362537,-1.02036e-07,0.119729,1,0
8.79883,0.498047,0.0460386,4.21834e-08,0.119729,0.6,0
8.81836,0.478516,0.362537,-1.12221e-07,0.117778,1,0
8.81836,0.498047,0.0460386,4.65046e-08,0.117778,0.6,0
8.83789,0.478516,0.362536,-1.23484e-07,0.115826,1,0
8.83789,0.498047,0.0460385,5.12389e-08,0.115826,0.6,0
8.85742,0.478516,0.362536,-1.35824e-07,0.113875,1,0
8.85742,0.498047,0.0460384,5.64844e-08,0.113875,0.6,0
8.87695,0.478516,0.362536,-1.49461e-07,0.111923,1,0
8.87695,0.498047,0.0460384,6.22367e-08,0.111923,0.6,0
8.89648,0.478516,0.362536,-1.64414e-07,0.109972,1,0
8.89648,0.498047,0.0460383,6.86051e-08,0.109972,0.6,0
8.91602,0.322266,0.993736,-1.1473e-06,0.10802,1,0
8.91602,0.341797,0.98668,-1.12084e-06,0.10802,1,0
8.93555,0.322266,0.993736,-1.26124e-06,0.106068,1,0
8.93555,0.341797,0.98668,-1.23232e-06,0.106068,1,0
8.91602,0.361328,0.973592,-1.07703e-06,0.10802,1,0
8.91602,0.380859,0.950303,-1.01385e-06,0.10802,1,0
8.93555,0.361328,0.973592,-1.18438e-06,0.106068,1,0
8.93555,0.380859,0.950303,-1.11513e-06,0.106068,1,0
8.95508,0.322266,0.993736,-1.38668e-06,0.104117,1,0
8.95508,0.341797,0.98668,-1.35507e-06,0.104117,1,0
8.97461,0.322266,0.993736,-1.52479e-06,0.102165,1,0
8.97461,0.341797,0.98668,-1.49022e-06,0.102165,1,0
8.95508,0.361328,0.973592,-1.30257e-06,0.104117,1,0
8.95508,0.380859,0.950303,-1.22668e-06,0.104117,1,0
8.97461,0.361328,0.973592,-1.43272e-06,0.102165,1,0
8.97461,0.380859,0.950303,-1.34949e-06,0.102165,1,0
8.91602,0.400391,0.910549,-9.23702e-07,0.10802,1,0
8.91602,0.419922,0.845425,-8.04819e-07,0.10802,1,0
8.93555,0.400391,0.910549,-1.01625e-06,0.106068,1,0
8.93555,0.419922,0.845425,-8.85555e-07,0.106069,1,0
8.91602,0.439453,0.742974,-6.40918e-07,0.10802,1,0
8.91602,0.458984,0.588047,-4.40637e-07,0.10802,1,0
8.93555,0.439453,0.742974,-7.05336e-07,0.106069,1,0
8.93555,0.458984,0.588047,-4.85007e-07,0.106069,1,0
8.95508,0.400391,0.910549,-1.11809e-06,0.104117,1,0
8.95508,0.419922,0.845424,-9.74551e-07,0.104117,1,0
8.97461,0.400391,0.910549,-1.23031e-06,0.102166,1,0
8.97461,0.419922,0.845424,-1.07246e-06,0.102166,1,0
8.95508,0.439453,0.742974,-7.76301e-07,0.104117,1,0
8.95508,0.458984,0.588047,-5.33738e-07,0.104117,1,0
8.97461,0.439453,0.742974,-8.54415e-07,0.102166,1,0
8.97461,0.458984,0.588046,-5.87516e-07,0.102166,1,0
8.99414,0.322266,0.993736,-1.67684e-06,0.100214,1,0
8.99414,0.341797,0.98668,-1.63902e-06,0.100214,1,0
9.01367,0.322266,0.993736,-1.84423e-06,0.098262,1,0
9.01367,0.341797,0.98668,-1.80286e-06,0.0982622,1,0
8.99414,0.361328,0.973592,-1.57603e-06,0.100214,1,0
8.99414,0.380859,0.950303,-1.48474e-06,0.100214,1,0
9.01367,0.361328,0.973592,-1.73383e-06,0.0982623,1,0
9.01367,0.380859,0.950303,-1.63367e-06,0.0982625,1,0
9.0332,0.322266,0.993736,-2.02851e-06,0.0963105,1,0
9.0332,0.341797,0.98668,-1.98326e-06,0.0963107,1,0
9.05273,0.322266,0.993736,-2.2314e-06,0.094359,1,0
9.05273,0.341797,0.98668,-2.18188e-06,0.0943592,1,0
9.0332,0.361328,0.973592,-1.9076e-06,0.0963109,1,0
9.0332,0.380859,0.950303,-1.79769e-06,0.0963111,1,0
9.05273,0.361328,0.973591,-2.09895e-06,0.0943594,1,0
9.05273,0.380859,0.950302,-1.9783e-06,0.0943596,1,0
8.99414,0.400391,0.910548,-1.35381e-06,0.100214,1,0
8.99414,0.419922,0.845424,-1.18038e-06,0.100214,1,0
9.01367,0.400391,0.910548,-1.4899e-06,0.0982627,1,0
9.01367,0.419922,0.845424,-1.29913e-06,0.0982628,1,0
8.99414,0.439453,0.742974,-9.40467e-07,0.100214,1,0
8.99414,0.458984,0.588046,-6.46608e-07,0.100214,1,0
9.01367,0.439453,0.742973,-1.0352e-06,0.0982629,1,0
9.01367,0.458984,0.588046,-7.11805e-07,0.0982629,1,0
9.0332,0.400391,0.910548,-1.6397e-06,0.0963112,1,0
9.0332,0.419922,0.845424,-1.43002e-06,0.0963114,1,0
9.05273,0.400391,0.910548,-1.80476e-06,0.0943598,1,0
9.05273,0.419922,0.845423,-1.57408e-06,0.0943599,1,0
9.0332,0.439453,0.742973,-1.13957e-06,0.0963115,1,0
9.0332,0.458984,0.588045,-7.83475e-07,0.0963115,1,0
9.05273,0.439453,0.742973,-1.2545e-06,0.0943601,1,0
9.05273,0.458984,0.588045,-8.62537e-07,0.0943601,1,0
8.91602,0.478516,0.362536,-1.80927e-07,0.10802,1,0
8.91602,0.498047,0.0460382,7.55947e-08,0.10802,0.6,0
8.93555,0.478516,0.362535,-1.99044e-07,0.106069,1,0
8.93555,0.498047,0.0460381,8.33278e-08,0.106069,0.6,0
8.95508,0.478516,0.362535,-2.19044e-07,0.104117,1,0
8.95508,0.498047,0.046038,9.18214e-08,0.104117,0.6,0
8.97461,0.478516,0.362535,-2.40999e-07,0.102166,1,0
8.97461,0.498047,0.0460378,1.01214e-07,0.102166,0.6,0
8.99414,0.478516,0.362534,-2.65226e-07,0.100214,1,0
8.99414,0.498047,0.0460377,1.11536e-07,0.100214,0.6,0
9.01367,0.478516,0.362534,-2.91836e-07,0.098263,1,0
9.01367,0.498047,0.0460375,1.22947e-07,0.098263,0.6,0
9.0332,0.478516,0.362533,-3.21193e-07,0.0963116,1,0
9.0332,0.498047,0.0460374,1.35495e-07,0.0963116,0.6,0
9.05273,0.478516,0.362533,-3.53454e-07,0.0943602,1,0
9.05273,0.498047,0.0460372,1.49362e-07,0.0943602,0.6,0
9.07227,0.00976562,1.00075,-3.18234e-07,0.0924047,1,0
9.07227,0.0292969,1.00075,-6.46684e-07,0.0924047,1,0
9.0918,0.00976562,1.00075,-3.50002e-07,0.0904529,1,0
9.0918,0.0292969,1.00075,-7.11204e-07,0.090453,1,0
9.07227,0.0488281,1.00075,-8.25364e-07,0.0924048,1,0
9.07227,0.0683594,1.00075,-1.06905e-06,0.0924049,1,0
9.0918,0.0488281,1.00075,-9.07706e-07,0.090453,1,0
9.0918,0.0683594,1.00075,-1.17572e-06,0.0904531,1,0
9.11133,0.00976562,1.00075,-3.84905e-07,0.0885011,1,0
9.11133,0.0292969,1.00075,-7.8208e-07,0.0885012,1,0
9.13086,0.00976562,1.00075,-4.23244e-07,0.0865493,1,0
9.13086,0.0292969,1.00075,-8.59921e-07,0.0865494,1,0
9.11133,0.0488281,1.00075,-9.98156e-07,0.0885012,1,0
9.11133,0.0683594,1.00075,-1.2929e-06,0.0885014,1,0
9.13086,0.0488281,1.00075,-1.09749e-06,0.0865494,1,0
9.13086,0.0683594,1.00075,-1.42159e-06,0.0865496,1,0
9.07227,0.0878906,1.00075,-1.26284e-06,0.092405,1,0
9.07227,0.107422,1.00075,-1.46755e-06,0.0924051,1,0
9.0918,0.0878906,1.00075,-1.38884e-06,0.0904533,1,0
9.0918,0.107422,1.00075,-1.61396e-06,0.0904534,1,0
9.07227,0.126953,1.00075,-1.6474e-06,0.0924053,1,0
9.07227,0.146484,1.00075,-1.81925e-06,0.0924055,1,0
9.0918,0.126953,1.00075,-1.81174e-06,0.0904536,1,0
9.0918,0.146484,1.00075,-2.00073e-06,0.0904538,1,0
9.11133,0.0878906,1.00075,-1.52725e-06,0.0885015,1,0
9.11133,0.107422,1.00075,-1.77483e-06,0.0885017,1,0
9.13086,0.0878906,1.00075,-1.67929e-06,0.0865497,1,0
9.13086,0.107422,1.00075,-1.95155e-06,0.0865499,1,0
9.11133,0.126953,1.00075,-1.99233e-06,0.0885019,1,0
9.11133,0.146484,1.00075,-2.20018e-06,0.0885021,1,0
9.13086,0.126953,1.00075,-2.19074e-06,0.0865501,1,0
9.13086,0.146484,1.00075,-2.41935e-06,0.0865503,1,0
9.15039,0.00976562,1.00075,-4.65348e-07,0.0845974,1,0
9.15039,0.0292969,1.00075,-9.45392e-07,0.0845975,1,0
9.16992,0.00976562,1.00076,-5.11576e-07,0.0826455,1,0
9.16992,0.0292969,1.00075,-1.03922e-06,0.0826457,1,0
9.15039,0.0488281,1.00075,-1.20656e-06,0.0845976,1,0
9.15039,0.0683594,1.00075,-1.56291e-06,0.0845978,1,0
9.16992,0.0488281,1.00075,-1.32628e-06,0.0826457,1,0
9.16992,0.0683594,1.00075,-1.71804e-06,0.0826459,1,0
9.18945,0.00976562,1.00076,-5.62317e-07,0.0806936,1,0
9.18945,0.0292969,1.00075,-1.14218e-06,0.0806938,1,0
9.20898,0.00976562,1.00076,-6.17996e-07,0.0787417,1,0
9.20898,0.0292969,1.00076,-1.25515e-06,0.0787418,1,0
9.18945,0.0488281,1.00075,-1.45766e-06,0.0806939,1,0
9.18945,0.0683594,1.00075,-1.88829e-06,0.080694,1,0
9.20898,0.0488281,1.00075,-1.60178e-06,0.0787419,1,0
9.20898,0.0683594,1.00075,-2.07508e-06,0.0787421,1,0
9.15039,0.0878906,1.00075,-1.84625e-06,0.0845979,1,0
9.15039,0.107422,1.00075,-2.14564e-06,0.0845981,1,0
9.16992,0.0878906,1.00075,-2.02954e-06,0.0826461,1,0
9.16992,0.107422,1.00075,-2.35876e-06,0.0826463,1,0
9.15039,0.126953,1.00075,-2.40869e-06,0.0845983,1,0
9.15039,0.146484,1.00075,-2.66014e-06,0.0845986,1,0
9.16992,0.126953,1.00075,-2.64805e-06,0.0826466,1,0
9.16992,0.146484,1.00075,-2.92464e-06,0.0826468,1,0
9.18945,0.0878906,1.00075,-2.23072e-06,0.0806942,1,0
9.18945,0.107422,1.00075,-2.59271e-06,0.0806945,1,0
9.20898,0.0878906,1.00075,-2.45147e-06,0.0787423,1,0
9.20898,0.107422,1.00075,-2.84947e-06,0.0787426,1,0
9.18945,0.126953,1.00075,-2.91086e-06,0.0806947,1,0
9.18945,0.146484,1.00075,-3.21513e-06,0.080695,1,0
9.20898,0.126953,1.00075,-3.19935e-06,0.0787429,1,0
9.20898,0.146484,1.00075,-3.53408e-06,0.0787432,1,0
9.07227,0.166016,1.00075,-1.97136e-06,0.0924056,1,0
9.07227,0.185547,1.00073,-2.10775e-06,0.0924059,1,0
9.0918,0.166016,1.00075,-2.16801e-06,0.090454,1,0
9.0918,0.185547,1.00073,-2.318e-06,0.0904542,1,0
9.07227,0.205078,1.0007,-2.22398e-06,0.0924061,1,0
9.07227,0.224609,1.00063,-2.32047e-06,0.0924063,1,0
9.0918,0.205078,1.0007,-2.44586e-06,0.0904544,1,0
9.0918,0.224609,1.00063,-2.55202e-06,0.0904547,1,0
9.11133,0.166016,1.00075,-2.38416e-06,0.0885023,1,0
9.11133,0.185547,1.00073,-2.54916e-06,0.0885025,1,0
9.13086,0.166016,1.00075,-2.62173e-06,0.0865506,1,0
9.13086,0.185547,1.00073,-2.80327e-06,0.0865509,1,0
9.11133,0.205078,1.0007,-2.68984e-06,0.0885028,1,0
9.11133,0.224609,1.00063,-2.80671e-06,0.0885031,1,0
9.13086,0.205078,1.0007,-2.95811e-06,0.0865511,1,0
9.13086,0.224609,1.00063,-3.0868e-06,0.0865514,1,0
9.07227,0.244141,1.00045,-2.3951e-06,0.0924065,1,0
9.07227,0.263672,1.00006,-2.44736e-06,0.0924068,1,0
9.0918,0.244141,1.00045,-2.6342e-06,0.0904549,1,0
9.0918,0.263672,1.00006,-2.69182e-06,0.0904552,1,0
9.07227,0.283203,0.999196,-2.47568e-06,0.092407,1,0
9.07227,0.302734,0.997385,-2.47903e-06,0.0924073,1,0
9.0918,0.283203,0.999196,-2.72315e-06,0.0904555,1,0
9.0918,0.302734,0.997385,-2.72707e-06,0.0904557,1,0
9.11133,0.244141,1.00045,-2.89723e-06,0.0885033,1,0
9.11133,0.263672,1.00006,-2.9608e-06,0.0885036,1,0
9.13086,0.244141,1.00045,-3.18658e-06,0.0865517,1,0
9.13086,0.263672,1.00006,-3.25675e-06,0.0865521,1,0
9.11133,0.283203,0.999196,-2.9955e-06,0.0885039,1,0
9.11133,0.302734,0.997385,-3.00011e-06,0.0885042,1,0
9.13086,0.283203,0.999196,-3.29523e-06,0.0865524,1,0
9.13086,0.302734,0.997385,-3.30066e-06,0.0865527,1,0
9.15039,0.166016,1.00075,-2.88279e-06,0.0845989,1,0
9.15039,0.185547,1.00073,-3.08258e-06,0.0845992,1,0
9.16992,0.166016,1.00075,-3.16962e-06,0.0826471,1,0
9.16992,0.185547,1.00073,-3.38953e-06,0.0826474,1,0
9.15039,0.205078,1.0007,-3.25304e-06,0.0845995,1,0
9.15039,0.224609,1.00063,-3.39482e-06,0.0845998,1,0
9.16992,0.205078,1.0007,-3.57726e-06,0.0826478,1,0
9.16992,0.224609,1.00063,-3.7335e-06,0.0826481,1,0
9.18945,0.166016,1.00075,-3.48472e-06,0.0806954,1,0
9.18945,0.185547,1.00073,-3.72682e-06,0.0806957,1,0
9.20898,0.166016,1.00075,-3.83078e-06,0.0787436,1,0
9.20898,0.185547,1.00073,-4.09737e-06,0.078744,1,0
9.18945,0.205078,1.0007,-3.93362e-06,0.0806961,1,0
9.18945,0.224609,1.00063,-4.10588e-06,0.0806965,1,0
9.20898,0.205078,1.0007,-4.32525e-06,0.0787444,1,0
9.20898,0.224609,1.00063,-4.51525e-06,0.0787448,1,0
9.15039,0.244141,1.00046,-3.50484e-06,0.0846001,1,0
9.15039,0.263672,1.00006,-3.58237e-06,0.0846005,1,0
9.16992,0.244141,1.00046,-3.8549e-06,0.0826485,1,0
9.16992,0.263672,1.00006,-3.94061e-06,0.0826489,1,0
9.15039,0.283203,0.999196,-3.62509e-06,0.0846008,1,0
9.15039,0.302734,0.997385,-3.6315e-06,0.0846012,1,0
9.16992,0.283203,0.999196,-3.98809e-06,0.0826493,1,0
9.16992,0.302734,0.997385,-3.99569e-06,0.0826497,1,0
9.18945,0.244141,1.00046,-4.23989e-06,0.0806969,1,0
9.18945,0.263672,1.00006,-4.33473e-06,0.0806973,1,0
9.20898,0.244141,1.00046,-4.66328e-06,0.0787453,1,0
9.20898,0.263672,1.00006,-4.7683e-06,0.0787457,1,0
9.18945,0.283203,0.999196,-4.38758e-06,0.0806978,1,0
9.18945,0.302734,0.997385,-4.39659e-06,0.0806982,1,0
9.20898,0.283203,0.999196,-4.8272e-06,0.0787462,1,0
9.20898,0.302734,0.997385,-4.83791e-06,0.0787467,1,0
9.22852,0.00976562,1.00076,-6.79073e-07,0.0767897,1,0
9.22852,0.0292969,1.00076,-1.37903e-06,0.0767898,1,0
9.24805,0.00976562,1.00076,-7.46048e-07,0.0748376,1,0
9.24805,0.0292969,1.00076,-1.51484e-06,0.0748378,1,0
9.22852,0.0488281,1.00076,-1.75983e-06,0.07679,1,0
9.22852,0.0683594,1.00076,-2.27993e-06,0.0767902,1,0
9.24805,0.0488281,1.00076,-1.93309e-06,0.0748379,1,0
9.24805,0.0683594,1.00076,-2.50452e-06,0.0748382,1,0
9.26758,0.00976562,1.00076,-8.19457e-07,0.0728855,1,0
9.26758,0.0292969,1.00076,-1.66366e-06,0.0728857,1,0
9.28711,0.00976562,1.00076,-8.99883e-07,0.0709334,1,0
9.28711,0.0292969,1.00076,-1.82665e-06,0.0709336,1,0
9.26758,0.0488281,1.00076,-2.12292e-06,0.0728859,1,0
9.26758,0.0683594,1.00076,-2.75064e-06,0.0728861,1,0
9.28711,0.0488281,1.00076,-2.33082e-06,0.0709338,1,0
9.28711,0.0683594,1.00076,-3.02022e-06,0.070934,1,0
9.22852,0.0878906,1.00075,-2.6936e-06,0.0767904,1,0
9.22852,0.107422,1.00075,-3.13116e-06,0.0767907,1,0
9.24805,0.0878906,1.00076,-2.9591e-06,0.0748384,1,0
9.24805,0.107422,1.00075,-3.4401e-06,0.0748387,1,0
9.22852,0.126953,1.00075,-3.51592e-06,0.076791,1,0
9.22852,0.146484,1.00075,-3.88418e-06,0.0767914,1,0
9.24805,0.126953,1.00075,-3.86322e-06,0.0748391,1,0
9.24805,0.146484,1.00075,-4.26838e-06,0.0748395,1,0
9.26758,0.0878906,1.00076,-3.25009e-06,0.0728864,1,0
9.26758,0.107422,1.00076,-3.77879e-06,0.0728868,1,0
9.28711,0.0878906,1.00076,-3.56887e-06,0.0709344,1,0
9.28711,0.107422,1.00076,-4.14994e-06,0.0709347,1,0
9.26758,0.126953,1.00075,-4.24407e-06,0.0728871,1,0
9.26758,0.146484,1.00075,-4.68985e-06,0.0728876,1,0
9.28711,0.126953,1.00075,-4.66156e-06,0.0709352,1,0
9.28711,0.146484,1.00075,-5.15205e-06,0.0709356,1,0
9.30664,0.00976562,1.00076,-9.8795e-07,0.0689812,1,0
9.30664,0.0292969,1.00076,-2.00507e-06,0.0689814,1,0
9.32617,0.00976562,1.00076,-1.08433e-06,0.0670289,1,0
9.32617,0.0292969,1.00076,-2.20024e-06,0.0670292,1,0
9.30664,0.0488281,1.00076,-2.55838e-06,0.0689816,1,0
9.30664,0.0683594,1.00076,-3.31533e-06,0.0689819,1,0
9.32617,0.0488281,1.00076,-2.80729e-06,0.0670294,1,0
9.32617,0.0683594,1.00076,-3.63821e-06,0.0670297,1,0
9.3457,0.00976562,1.00076,-1.18973e-06,0.0650766,1,0
9.3457,0.0292969,1.00076,-2.41361e-06,0.0650769,1,0
9.36523,0.00976562,1.00076,-1.30492e-06,0.0631242,1,0
9.36523,0.0292969,1.00076,-2.64668e-06,0.0631245,1,0
9.3457,0.0488281,1.00076,-3.07939e-06,0.0650771,1,0
9.3457,0.0683594,1.00076,-3.99123e-06,0.0650774,1,0
9.36523,0.0488281,1.00076,-3.37658e-06,0.0631247,1,0
9.36523,0.0683594,1.00076,-4.3769e-06,0.0631251,1,0
9.30664,0.0878906,1.00076,-3.91792e-06,0.0689822,1,0
9.30664,0.107422,1.00076,-4.55646e-06,0.0689827,1,0
9.32617,0.0878906,1.00076,-4.29989e-06,0.0670301,1,0
9.32617,0.107422,1.00076,-5.00148e-06,0.0670305,1,0
9.30664,0.126953,1.00076,-5.11901e-06,0.0689831,1,0
9.30664,0.146484,1.00075,-5.6587e-06,0.0689836,1,0
9.32617,0.126953,1.00076,-5.61998e-06,0.067031,1,0
9.32617,0.146484,1.00075,-6.21383e-06,0.0670316,1,0
9.3457,0.0878906,1.00076,-4.71762e-06,0.0650778,1,0
9.3457,0.107422,1.00076,-5.48835e-06,0.0650783,1,0
9.36523,0.0878906,1.00076,-5.17412e-06,0.0631255,1,0
9.36523,0.107422,1.00076,-6.02065e-06,0.0631261,1,0
9.3457,0.126953,1.00076,-6.16832e-06,0.0650789,1,0
9.3457,0.146484,1.00075,-6.82177e-06,0.0650795,1,0
9.36523,0.126953,1.00076,-6.76812e-06,0.0631267,1,0
9.36523,0.146484,1.00076,-7.48717e-06,0.0631273,1,0
9.22852,0.166016,1.00075,-4.21076e-06,0.0767918,1,0
9.22852,0.185547,1.00073,-4.50438e-06,0.0767922,1,0
9.24805,0.166016,1.00075,-4.6279e-06,0.0748399,1,0
9.24805,0.185547,1.00073,-4.95135e-06,0.0748404,1,0
9.22852,0.205078,1.0007,-4.75557e-06,0.0767926,1,0
9.22852,0.224609,1.00063,-4.96523e-06,0.0767931,1,0
9.24805,0.205078,1.0007,-5.22832e-06,0.0748409,1,0
9.24805,0.224609,1.00063,-5.45979e-06,0.0748414,1,0
9.26758,0.166016,1.00075,-5.08567e-06,0.0728881,1,0
9.26758,0.185547,1.00074,-5.44208e-06,0.0728886,1,0
9.28711,0.166016,1.00075,-5.5879e-06,0.0709362,1,0
9.28711,0.185547,1.00074,-5.98071e-06,0.0709367,1,0
9.26758,0.205078,1.0007,-5.74759e-06,0.0728891,1,0
9.26758,0.224609,1.00063,-6.00326e-06,0.0728897,1,0
9.28711,0.205078,1.0007,-6.31783e-06,0.0709373,1,0
9.28711,0.224609,1.00063,-6.60038e-06,0.0709379,1,0
9.22852,0.244141,1.00046,-5.12884e-06,0.0767936,1,0
9.22852,0.263672,1.00006,-5.24525e-06,0.0767941,1,0
9.24805,0.244141,1.00046,-5.64074e-06,0.074842,1,0
9.24805,0.263672,1.00006,-5.76989e-06,0.0748425,1,0
9.22852,0.283203,0.999196,-5.31098e-06,0.0767946,1,0
9.22852,0.302734,0.997385,-5.32376e-06,0.0767952,1,0
9.24805,0.283203,0.999196,-5.84337e-06,0.0748431,1,0
9.24805,0.302734,0.997385,-5.85863e-06,0.0748437,1,0
9.26758,0.244141,1.00046,-6.20354e-06,0.0728903,1,0
9.26758,0.263672,1.00006,-6.34696e-06,0.0728909,1,0
9.28711,0.244141,1.00046,-6.82221e-06,0.0709386,1,0
9.28711,0.263672,1.00006,-6.98166e-06,0.0709393,1,0
9.26758,0.283203,0.999196,-6.42924e-06,0.0728915,1,0
9.26758,0.302734,0.997385,-6.4475e-06,0.0728922,1,0
9.28711,0.283203,0.999196,-7.07396e-06,0.07094,1,0
9.28711,0.302734,0.997385,-7.09585e-06,0.0709407,1,0
9.30664,0.166016,1.00075,-6.13869e-06,0.0689842,1,0
9.30664,0.185547,1.00074,-6.57174e-06,0.0689848,1,0
9.32617,0.166016,1.00075,-6.74251e-06,0.0670322,1,0
9.32617,0.185547,1.00074,-7.22004e-06,0.0670329,1,0
9.30664,0.205078,1.00071,-6.94388e-06,0.0689855,1,0
9.30664,0.224609,1.00063,-7.25631e-06,0.0689862,1,0
9.32617,0.205078,1.00071,-7.63102e-06,0.0670336,1,0
9.32617,0.224609,1.00063,-7.97672e-06,0.0670344,1,0
9.3457,0.166016,1.00075,-7.40416e-06,0.0650802,1,0
9.3457,0.185547,1.00074,-7.93089e-06,0.0650809,1,0
9.36523,0.166016,1.00075,-8.12883e-06,0.0631281,1,0
9.36523,0.185547,1.00074,-8.71e-06,0.0631289,1,0
9.3457,0.205078,1.00071,-8.38497e-06,0.0650817,1,0
9.3457,0.224609,1.00063,-8.76774e-06,0.0650825,1,0
9.36523,0.205078,1.00071,-9.21196e-06,0.0631298,1,0
9.36523,0.224609,1.00063,-9.63606e-06,0.0631307,1,0
9.30664,0.244141,1.00046,-7.50223e-06,0.0689869,1,0
9.30664,0.263672,1.00006,-7.67971e-06,0.0689876,1,0
9.32617,0.244141,1.00046,-8.24957e-06,0.0670352,1,0
9.32617,0.263672,1.00006,-8.44738e-06,0.067036,1,0
9.30664,0.283203,0.999196,-7.78343e-06,0.0689884,1,0
9.30664,0.302734,0.997385,-7.80973e-06,0.0689892,1,0
9.32617,0.283203,0.999197,-8.56417e-06,0.0670368,1,0
9.32617,0.302734,0.997385,-8.59582e-06,0.0670377,1,0
9.3457,0.244141,1.00046,-9.07076e-06,0.0650834,1,0
9.3457,0.263672,1.00006,-9.29152e-06,0.0650843,1,0
9.36523,0.244141,1.00046,-9.97295e-06,0.0631316,1,0
9.36523,0.263672,1.00006,-1.02197e-05,0.0631326,1,0
9.3457,0.283203,0.999197,-9.42333e-06,0.0650852,1,0
9.3457,0.302734,0.997384,-9.46148e-06,0.0650862,1,0
9.36523,0.283203,0.999197,-1.03688e-05,0.0631336,1,0
9.36523,0.302734,0.997384,-1.04148e-05,0.0631346,1,0
9.07227,0.322266,0.993735,-2.45476e-06,0.0924075,1,0
9.07227,0.341797,0.98668,-2.40058e-06,0.0924077,1,0
9.0918,0.322266,0.993735,-2.70067e-06,0.090456,1,0
9.0918,0.341797,0.98668,-2.6414e-06,0.0904563,1,0
9.07227,0.361328,0.973591,-2.30966e-06,0.092408,1,0
9.07227,0.380859,0.950302,-2.17724e-06,0.0924082,1,0
9.0918,0.361328,0.973591,-2.54172e-06,0.0904565,1,0
9.0918,0.380859,0.950302,-2.39633e-06,0.0904568,1,0
9.11133,0.322266,0.993735,-2.9714e-06,0.0885045,1,0
9.11133,0.341797,0.98668,-2.90658e-06,0.0885048,1,0
9.13086,0.322266,0.993735,-3.26948e-06,0.086553,1,0
9.13086,0.341797,0.986679,-3.19859e-06,0.0865534,1,0
9.11133,0.361328,0.973591,-2.79729e-06,0.0885051,1,0
9.11133,0.380859,0.950302,-2.63767e-06,0.0885054,1,0
9.13086,0.361328,0.973591,-3.07877e-06,0.0865537,1,0
9.13086,0.380859,0.950302,-2.9035e-06,0.086554,1,0
9.07227,0.400391,0.910548,-1.98647e-06,0.0924084,1,0
9.07227,0.419922,0.845423,-1.73285e-06,0.0924085,1,0
9.0918,0.400391,0.910548,-2.18672e-06,0.090457,1,0
9.0918,0.419922,0.845423,-1.90766e-06,0.0904572,1,0
9.07227,0.439453,0.742972,-1.38112e-06,0.0924087,1,0
9.07227,0.458984,0.588044,-9.49488e-07,0.0924088,1,0
9.0918,0.439453,0.742972,-1.52057e-06,0.0904573,1,0
9.0918,0.458984,0.588044,-1.0454e-06,0.0904574,1,0
9.11133,0.400391,0.910547,-2.40723e-06,0.0885056,1,0
9.11133,0.419922,0.845422,-2.10034e-06,0.0885058,1,0
9.13086,0.400391,0.910547,-2.65025e-06,0.0865542,1,0
9.13086,0.419922,0.845422,-2.31253e-06,0.0865544,1,0
9.11133,0.439453,0.742971,-1.67424e-06,0.0885059,1,0
9.11133,0.458984,0.588043,-1.15093e-06,0.088506,1,0
9.13086,0.439453,0.742971,-1.84353e-06,0.0865546,1,0
9.13086,0.458984,0.588043,-1.26734e-06,0.0865547,1,0
9.15039,0.322266,0.993735,-3.59768e-06,0.0846016,1,0
9.15039,0.341797,0.986679,-3.52018e-06,0.0846019,1,0
9.16992,0.322266,0.993735,-3.95905e-06,0.0826501,1,0
9.16992,0.341797,0.986679,-3.87435e-06,0.0826505,1,0
9.15039,0.361328,0.973591,-3.38881e-06,0.0846022,1,0
9.15039,0.380859,0.950302,-3.19638e-06,0.0846026,1,0
9.16992,0.361328,0.973591,-3.73035e-06,0.0826508,1,0
9.16992,0.380859,0.950301,-3.51904e-06,0.0826512,1,0
9.18945,0.322266,0.993735,-4.35696e-06,0.0806986,1,0
9.18945,0.341797,0.986679,-4.26444e-06,0.080699,1,0
9.20898,0.322266,0.993735,-4.79513e-06,0.0787472,1,0
9.20898,0.341797,0.986679,-4.69413e-06,0.0787476,1,0
9.18945,0.361328,0.97359,-4.10661e-06,0.0806995,1,0
9.18945,0.380859,0.950301,-3.87461e-06,0.0806998,1,0
9.20898,0.361328,0.97359,-4.52119e-06,0.0787481,1,0
9.20898,0.380859,0.950301,-4.26646e-06,0.0787485,1,0
9.15039,0.400391,0.910547,-2.91792e-06,0.0846029,1,0
9.15039,0.419922,0.845422,-2.54645e-06,0.0846031,1,0
9.16992,0.400391,0.910546,-3.21298e-06,0.0826515,1,0
9.16992,0.419922,0.845421,-2.80415e-06,0.0826518,1,0
9.15039,0.439453,0.74297,-2.03012e-06,0.0846033,1,0
9.15039,0.458984,0.588042,-1.39549e-06,0.0846034,1,0
9.16992,0.439453,0.74297,-2.23575e-06,0.082652,1,0
9.16992,0.458984,0.588041,-1.53687e-06,0.0826521,1,0
9.18945,0.400391,0.910546,-3.53807e-06,0.0807002,1,0
9.18945,0.419922,0.845421,-3.08832e-06,0.0807005,1,0
9.20898,0.400391,0.910546,-3.89651e-06,0.0787489,1,0
9.20898,0.419922,0.84542,-3.40149e-06,0.0787492,1,0
9.18945,0.439453,0.742969,-2.46247e-06,0.0807007,1,0
9.18945,0.458984,0.58804,-1.6926e-06,0.0807009,1,0
9.20898,0.439453,0.742968,-2.71241e-06,0.0787495,1,0
9.20898,0.458984,0.58804,-1.86445e-06,0.0787496,1,0
9.07227,0.478516,0.362533,-3.89041e-07,0.0924088,1,0
9.07227,0.498047,0.046037,1.64621e-07,0.0924088,0.6,0
9.0918,0.478516,0.362532,-4.28168e-07,0.0904574,1,0
9.0918,0.498047,0.0460367,1.81481e-07,0.0904574,0.6,0
9.11133,0.478516,0.362531,-4.7133e-07,0.0885061,1,0
9.11133,0.498047,0.0460365,2.00042e-07,0.0885061,0.6,0
9.13086,0.478516,0.362531,-5.18812e-07,0.0865548,1,0
9.13086,0.498047,0.0460362,2.20551e-07,0.0865548,0.6,0
9.15039,0.478516,0.36253,-5.71195e-07,0.0846035,1,0
9.15039,0.498047,0.0460359,2.43143e-07,0.0846034,0.6,0
9.16992,0.478516,0.362529,-6.28857e-07,0.0826522,1,0
9.16992,0.498047,0.0460356,2.68107e-07,0.0826522,0.6,0
9.18945,0.478516,0.362528,-6.92487e-07,0.0807009,1,0
9.18945,0.498047,0.0460352,2.95625e-07,0.0807009,0.6,0
9.20898,0.478516,0.362527,-7.62578e-07,0.0787497,1,0
9.20898,0.498047,0.0460348,3.26037e-07,0.0787497,0.6,0
9.22852,0.322266,0.993735,-5.27767e-06,0.0767957,1,0
9.22852,0.341797,0.986679,-5.16748e-06,0.0767962,1,0
9.24805,0.322266,0.993735,-5.80911e-06,0.0748442,1,0
9.24805,0.341797,0.986679,-5.689e-06,0.0748448,1,0
9.22852,0.361328,0.97359,-4.97803e-06,0.0767967,1,0
9.22852,0.380859,0.9503,-4.69839e-06,0.0767972,1,0
9.24805,0.361328,0.97359,-5.48152e-06,0.0748454,1,0
9.24805,0.380859,0.9503,-5.17455e-06,0.0748459,1,0
9.26758,0.322266,0.993735,-6.39446e-06,0.0728928,1,0
9.26758,0.341797,0.986679,-6.26366e-06,0.0728934,1,0
9.28711,0.322266,0.993735,-7.03926e-06,0.0709414,1,0
9.28711,0.341797,0.986678,-6.89696e-06,0.070942,1,0
9.26758,0.361328,0.97359,-6.03652e-06,0.072894,1,0
9.26758,0.380859,0.9503,-5.69962e-06,0.0728946,1,0
9.28711,0.361328,0.973589,-6.64843e-06,0.0709427,1,0
9.28711,0.380859,0.950299,-6.27873e-06,0.0709433,1,0
9.22852,0.400391,0.910545,-4.2916e-06,0.0767976,1,0
9.22852,0.419922,0.845419,-3.74694e-06,0.076798,1,0
9.24805,0.400391,0.910545,-4.72738e-06,0.0748463,1,0
9.24805,0.419922,0.845419,-4.12786e-06,0.0748467,1,0
9.22852,0.439453,0.742967,-2.9881e-06,0.0767982,1,0
9.22852,0.458984,0.588039,-2.05386e-06,0.0767984,1,0
9.24805,0.439453,0.742967,-3.2922e-06,0.074847,1,0
9.24805,0.458984,0.588037,-2.26297e-06,0.0748472,1,0
9.26758,0.400391,0.910544,-5.20795e-06,0.0728951,1,0
9.26758,0.419922,0.845418,-4.54822e-06,0.0728955,1,0
9.28711,0.400391,0.910543,-5.73826e-06,0.0709439,1,0
9.28711,0.419922,0.845417,-5.01203e-06,0.0709444,1,0
9.26758,0.439453,0.742966,-3.62782e-06,0.0728959,1,0
9.26758,0.458984,0.588036,-2.49361e-06,0.0728961,1,0
9.28711,0.439453,0.742964,-3.99825e-06,0.0709448,1,0
9.28711,0.458984,0.588035,-2.7484e-06,0.070945,1,0
9.30664,0.322266,0.993735,-7.74962e-06,0.0689899,1,0
9.30664,0.341797,0.986678,-7.59502e-06,0.0689907,1,0
9.32617,0.322266,0.993735,-8.5323e-06,0.0670385,1,0
9.32617,0.341797,0.986678,-8.36459e-06,0.0670393,1,0
9.30664,0.361328,0.973589,-7.32322e-06,0.0689914,1,0
9.30664,0.380859,0.950299,-6.91764e-06,0.0689921,1,0
9.32617,0.361328,0.973589,-8.06753e-06,0.0670401,1,0
9.32617,0.380859,0.950298,-7.62269e-06,0.0670409,1,0
9.3457,0.322266,0.993734,-9.3948e-06,0.0650871,1,0
9.3457,0.341797,0.986678,-9.21319e-06,0.065088,1,0
9.36523,0.322266,0.993734,-1.03454e-05,0.0631357,1,0
9.36523,0.341797,0.986677,-1.01492e-05,0.0631367,1,0
9.3457,0.361328,0.973588,-8.88876e-06,0.0650889,1,0
9.3457,0.380859,0.950298,-8.40105e-06,0.0650897,1,0
9.36523,0.361328,0.973588,-9.79515e-06,0.0631377,1,0
9.36523,0.380859,0.950297,-9.2606e-06,0.0631386,1,0
9.30664,0.400391,0.910543,-6.32344e-06,0.0689927,1,0
9.30664,0.419922,0.845416,-5.52418e-06,0.0689933,1,0
9.32617,0.400391,0.910542,-6.9696e-06,0.0670416,1,0
9.32617,0.419922,0.845415,-6.0897e-06,0.0670422,1,0
9.30664,0.439453,0.742963,-4.40736e-06,0.0689937,1,0
9.30664,0.458984,0.588033,-3.02968e-06,0.0689939,1,0
9.32617,0.439453,0.742962,-4.85929e-06,0.0670426,1,0
9.32617,0.458984,0.588032,-3.34067e-06,0.0670429,1,0
9.3457,0.400391,0.910541,-7.68314e-06,0.0650905,1,0
9.3457,0.419922,0.845414,-6.71467e-06,0.0650911,1,0
9.36523,0.400391,0.91054,-8.47168e-06,0.0631394,1,0
9.36523,0.419922,0.845413,-7.40543e-06,0.0631401,1,0
9.3457,0.439453,0.742961,-5.35885e-06,0.0650917,1,0
9.3457,0.458984,0.58803,-3.68436e-06,0.065092,1,0
9.36523,0.439453,0.742959,-5.91129e-06,0.0631407,1,0
9.36523,0.458984,0.588028,-4.06476e-06,0.0631411,1,0
9.22852,0.478516,0.362526,-8.39956e-07,0.0767985,1,0
9.22852,0.498047,0.0460344,3.59582e-07,0.0767985,0.6,0
9.24805,0.478516,0.362525,-9.2526e-07,0.0748473,1,0
9.24805,0.498047,0.0460339,3.9667e-07,0.0748473,0.6,0
9.26758,0.478516,0.362523,-1.01949e-06,0.0728962,1,0
9.26758,0.498047,0.0460334,4.37611e-07,0.0728962,0.6,0
9.28711,0.478516,0.362522,-1.12347e-06,0.0709451,1,0
9.28711,0.498047,0.0460328,4.82899e-07,0.0709451,0.6,0
9.30664,0.478516,0.36252,-1.23844e-06,0.0689941,1,0
9.30664,0.498047,0.0460321,5.32937e-07,0.068994,0.6,0
9.32617,0.478516,0.362518,-1.36545e-06,0.0670431,1,0
9.32617,0.498047,0.0460314,5.88328e-07,0.067043,0.6,0
9.3457,0.478516,0.362516,-1.50602e-06,0.0650921,1,0
9.3457,0.498047,0.0460306,6.49596e-07,0.0650921,0.6,0
9.36523,0.478516,0.362514,-1.66156e-06,0.0631412,1,0
9.36523,0.498047,0.0460298,7.17486e-07,0.0631412,0.6,0
9.38477,0.00976562,1.00076,-1.4307e-06,0.0611717,1,0
9.38477,0.0292969,1.00076,-2.90107e-06,0.061172,1,0
9.4043,0.00976562,1.00077,-1.56792e-06,0.0592191,1,0
9.4043,0.0292969,1.00076,-3.17844e-06,0.0592194,1,0
9.38477,0.0488281,1.00076,-3.70091e-06,0.0611722,1,0
9.38477,0.0683594,1.00076,-4.7979e-06,0.0611727,1,0
9.4043,0.0488281,1.00076,-4.05452e-06,0.0592197,1,0
9.4043,0.0683594,1.00076,-5.25702e-06,0.0592201,1,0
9.42383,0.00976562,1.00077,-1.71748e-06,0.0572663,1,0
9.42383,0.0292969,1.00076,-3.48055e-06,0.0572667,1,0
9.44336,0.00976562,1.00077,-1.8803e-06,0.0553135,1,0
9.44336,0.0292969,1.00077,-3.80922e-06,0.0553139,1,0
9.42383,0.0488281,1.00076,-4.43962e-06,0.057267,1,0
9.42383,0.0683594,1.00076,-5.7572e-06,0.0572675,1,0
9.44336,0.0488281,1.00076,-4.8585e-06,0.0553143,1,0
9.44336,0.0683594,1.00076,-6.30145e-06,0.0553148,1,0
9.38477,0.0878906,1.00076,-5.67258e-06,0.0611731,1,0
9.38477,0.107422,1.00076,-6.60217e-06,0.0611737,1,0
9.4043,0.0878906,1.00076,-6.21637e-06,0.0592207,1,0
9.4043,0.107422,1.00076,-7.23691e-06,0.0592213,1,0
9.38477,0.126953,1.00076,-7.42375e-06,0.0611744,1,0
9.38477,0.146484,1.00076,-8.21499e-06,0.0611751,1,0
9.4043,0.126953,1.00076,-8.13984e-06,0.059222,1,0
9.4043,0.146484,1.00076,-9.01051e-06,0.0592228,1,0
9.42383,0.0878906,1.00076,-6.809e-06,0.0572681,1,0
9.42383,0.107422,1.00076,-7.92909e-06,0.0572688,1,0
9.44336,0.0878906,1.00076,-7.45412e-06,0.0553154,1,0
9.44336,0.107422,1.00076,-8.68309e-06,0.0553162,1,0
9.42383,0.126953,1.00076,-8.92127e-06,0.0572696,1,0
9.42383,0.146484,1.00076,-9.87935e-06,0.0572705,1,0
9.44336,0.126953,1.00076,-9.77314e-06,0.055317,1,0
9.44336,0.146484,1.00076,-1.08274e-05,0.055318,1,0
9.46289,0.00976562,1.00077,-2.05734e-06,0.0533606,1,0
9.46289,0.0292969,1.00077,-4.1663e-06,0.053361,1,0
9.48242,0.00976562,1.00077,-2.24956e-06,0.0514075,1,0
9.48242,0.0292969,1.00077,-4.55366e-06,0.051408,1,0
9.46289,0.0488281,1.00077,-5.31351e-06,0.0533614,1,0
9.46289,0.0683594,1.00077,-6.89288e-06,0.053362,1,0
9.48242,0.0488281,1.00077,-5.80701e-06,0.0514084,1,0
9.48242,0.0683594,1.00077,-7.5346e-06,0.051409,1,0
9.50195,0.00976562,1.00077,-2.45793e-06,0.0494543,1,0
9.50195,0.0292969,1.00077,-4.97316e-06,0.0494548,1,0
9.52148,0.00976562,1.00078,-2.68341e-06,0.0475009,1,0
9.52148,0.0292969,1.00077,-5.4266e-06,0.0475015,1,0
9.50195,0.0488281,1.00077,-6.34133e-06,0.0494552,1,0
9.50195,0.0683594,1.00077,-8.22973e-06,0.0494559,1,0
9.52148,0.0488281,1.00077,-6.91873e-06,0.0475019,1,0
9.52148,0.0683594,1.00077,-8.9813e-06,0.0475027,1,0
9.46289,0.0878906,1.00076,-8.15548e-06,0.0533627,1,0
9.46289,0.107422,1.00076,-9.50342e-06,0.0533635,1,0
9.48242,0.0878906,1.00077,-8.91687e-06,0.0514098,1,0
9.48242,0.107422,1.00076,-1.03947e-05,0.0514107,1,0
9.46289,0.126953,1.00076,-1.07008e-05,0.0533644,1,0
9.46289,0.146484,1.00076,-1.18608e-05,0.0533655,1,0
9.48242,0.126953,1.00076,-1.17096e-05,0.0514117,1,0
9.48242,0.146484,1.00076,-1.29859e-05,0.0514128,1,0
9.50195,0.0878906,1.00077,-9.74209e-06,0.0494567,1,0
9.50195,0.107422,1.00077,-1.13616e-05,0.0494577,1,0
9.52148,0.0878906,1.00077,-1.06348e-05,0.0475036,1,0
9.52148,0.107422,1.00077,-1.24087e-05,0.0475046,1,0
9.50195,0.126953,1.00076,-1.28051e-05,0.0494588,1,0
9.50195,0.146484,1.00076,-1.42093e-05,0.04946,1,0
9.52148,0.126953,1.00077,-1.39929e-05,0.0475058,1,0
9.52148,0.146484,1.00076,-1.55375e-05,0.0475071,1,0
9.38477,0.166016,1.00075,-8.92206e-06,0.0611759,1,0
9.38477,0.185547,1.00074,-9.56352e-06,0.0611768,1,0
9.4043,0.166016,1.00075,-9.7898e-06,0.0592237,1,0
9.4043,0.185547,1.00074,-1.0498e-05,0.0592247,1,0
9.38477,0.205078,1.00071,-1.01187e-05,0.0611778,1,0
9.38477,0.224609,1.00063,-1.0589e-05,0.0611788,1,0
9.4043,0.205078,1.00071,-1.11124e-05,0.0592257,1,0
9.4043,0.224609,1.00063,-1.16343e-05,0.0592268,1,0
9.42383,0.166016,1.00075,-1.07384e-05,0.0572714,1,0
9.42383,0.185547,1.00074,-1.15206e-05,0.0572725,1,0
9.44336,0.166016,1.00075,-1.17744e-05,0.0553191,1,0
9.44336,0.185547,1.00074,-1.26388e-05,0.0553202,1,0
9.42383,0.205078,1.00071,-1.22009e-05,0.0572736,1,0
9.42383,0.224609,1.00063,-1.27807e-05,0.0572748,1,0
9.44336,0.205078,1.00071,-1.33926e-05,0.0553215,1,0
9.44336,0.224609,1.00063,-1.40373e-05,0.0553228,1,0
9.38477,0.244141,1.00046,-1.09639e-05,0.0611798,1,0
9.38477,0.263672,1.00006,-1.12401e-05,0.0611809,1,0
9.4043,0.244141,1.00046,-1.20521e-05,0.059228,1,0
9.4043,0.263672,1.00006,-1.23619e-05,0.0592292,1,0
9.38477,0.283203,0.999197,-1.14092e-05,0.061182,1,0
9.38477,0.302734,0.997384,-1.14649e-05,0.0611831,1,0
9.4043,0.283203,0.999197,-1.2554e-05,0.0592304,1,0
9.4043,0.302734,0.997384,-1.26215e-05,0.0592316,1,0
9.42383,0.244141,1.00046,-1.32469e-05,0.0572761,1,0
9.42383,0.263672,1.00006,-1.35949e-05,0.0572774,1,0
9.44336,0.244141,1.00046,-1.45581e-05,0.0553242,1,0
9.44336,0.263672,1.00006,-1.49498e-05,0.0553256,1,0
9.42383,0.283203,0.999197,-1.38138e-05,0.0572787,1,0
9.42383,0.302734,0.997384,-1.38957e-05,0.0572801,1,0
9.44336,0.283203,0.999197,-1.52e-05,0.0553271,1,0
9.44336,0.302734,0.997384,-1.52996e-05,0.0553286,1,0
9.46289,0.166016,1.00075,-1.29051e-05,0.0533666,1,0
9.46289,0.185547,1.00074,-1.38605e-05,0.0533679,1,0
9.48242,0.166016,1.00075,-1.41376e-05,0.0514141,1,0
9.48242,0.185547,1.00074,-1.51942e-05,0.0514154,1,0
9.46289,0.205078,1.00071,-1.46964e-05,0.0533692,1,0
9.46289,0.224609,1.00063,-1.54139e-05,0.0533707,1,0
9.48242,0.205078,1.00071,-1.61218e-05,0.0514169,1,0
9.48242,0.224609,1.00064,-1.69213e-05,0.0514185,1,0
9.50195,0.166016,1.00076,-1.54797e-05,0.0494614,1,0
9.50195,0.185547,1.00074,-1.66487e-05,0.0494629,1,0
9.52148,0.166016,1.00076,-1.69391e-05,0.0475086,1,0
9.52148,0.185547,1.00074,-1.8233e-05,0.0475102,1,0
9.50195,0.205078,1.00071,-1.76787e-05,0.0494645,1,0
9.50195,0.224609,1.00064,-1.85707e-05,0.0494662,1,0
9.52148,0.205078,1.00071,-1.93778e-05,0.047512,1,0
9.52148,0.224609,1.00064,-2.03741e-05,0.0475139,1,0
9.46289,0.244141,1.00046,-1.59968e-05,0.0533722,1,0
9.46289,0.263672,1.00006,-1.64385e-05,0.0533738,1,0
9.48242,0.244141,1.00046,-1.75745e-05,0.0514201,1,0
9.48242,0.263672,1.00006,-1.80739e-05,0.0514219,1,0
9.46289,0.283203,0.999197,-1.67253e-05,0.0533754,1,0
9.46289,0.302734,0.997384,-1.68464e-05,0.053377,1,0
9.48242,0.283203,0.999198,-1.84036e-05,0.0514236,1,0
9.48242,0.302734,0.997385,-1.85511e-05,0.0514255,1,0
9.50195,0.244141,1.00046,-1.93039e-05,0.049468,1,0
9.50195,0.263672,1.00006,-1.98697e-05,0.0494699,1,0
9.52148,0.244141,1.00046,-2.11987e-05,0.0475158,1,0
9.52148,0.263672,1.00006,-2.18412e-05,0.0475179,1,0
9.50195,0.283203,0.999198,-2.02499e-05,0.0494719,1,0
9.50195,0.302734,0.997385,-2.04299e-05,0.0494739,1,0
9.52148,0.283203,0.999198,-2.22809e-05,0.0475201,1,0
9.52148,0.302734,0.997385,-2.25009e-05,0.0475223,1,0
9.54102,0.00976562,1.00078,-2.92692e-06,0.0455474,1,0
9.54102,0.0292969,1.00077,-5.91568e-06,0.045548,1,0
9.56055,0.00976562,1.00078,-3.18931e-06,0.0435937,1,0
9.56055,0.0292969,1.00078,-6.44193e-06,0.0435944,1,0
9.54102,0.0488281,1.00077,-7.54132e-06,0.0455485,1,0
9.54102,0.0683594,1.00077,-9.79216e-06,0.0455493,1,0
9.56055,0.0488281,1.00077,-8.21101e-06,0.0435949,1,0
9.56055,0.0683594,1.00077,-1.06649e-05,0.0435957,1,0
9.58008,0.00976562,1.00079,-3.47134e-06,0.0416398,1,0
9.58008,0.0292969,1.00078,-7.00667e-06,0.0416405,1,0
9.59961,0.00976562,1.00079,-3.77363e-06,0.0396857,1,0
9.59961,0.0292969,1.00078,-7.61088e-06,0.0396864,1,0
9.58008,0.0488281,1.00078,-8.92938e-06,0.041641,1,0
9.58008,0.0683594,1.00078,-1.16018e-05,0.041642,1,0
9.59961,0.0488281,1.00078,-9.6976e-06,0.039687,1,0
9.59961,0.0683594,1.00078,-1.26044e-05,0.039688,1,0
9.54102,0.0878906,1.00077,-1.15987e-05,0.0455502,1,0
9.54102,0.107422,1.00077,-1.35404e-05,0.0455514,1,0
9.56055,0.0878906,1.00077,-1.26368e-05,0.0435967,1,0
9.56055,0.107422,1.00077,-1.47609e-05,0.0435979,1,0
9.54102,0.126953,1.00077,-1.52784e-05,0.0455526,1,0
9.54102,0.146484,1.00076,-1.69772e-05,0.0455541,1,0
9.56055,0.126953,1.00077,-1.66666e-05,0.0435993,1,0
9.56055,0.146484,1.00077,-1.85348e-05,0.0436009,1,0
9.58008,0.0878906,1.00077,-1.37521e-05,0.041643,1,0
9.58008,0.107422,1.00077,-1.60739e-05,0.0416444,1,0
9.59961,0.0878906,1.00078,-1.49467e-05,0.0396892,1,0
9.59961,0.107422,1.00078,-1.74823e-05,0.0396906,1,0
9.58008,0.126953,1.00077,-1.81624e-05,0.0416458,1,0
9.58008,0.146484,1.00077,-2.02161e-05,0.0416475,1,0
9.59961,0.126953,1.00077,-1.97697e-05,0.0396921,1,0
9.59961,0.146484,1.00077,-2.20265e-05,0.039694,1,0
9.61914,0.00976562,1.00079,-4.0966e-06,0.0377314,1,0
9.61914,0.0292969,1.00078,-8.25511e-06,0.0377322,1,0
9.63867,0.00976562,1.0008,-4.44046e-06,0.0357768,1,0
9.63867,0.0292969,1.00079,-8.9394e-06,0.0357777,1,0
9.61914,0.0488281,1.00078,-1.05163e-05,0.0377328,1,0
9.61914,0.0683594,1.00078,-1.36737e-05,0.0377339,1,0
9.63867,0.0488281,1.00079,-1.13853e-05,0.0357783,1,0
9.63867,0.0683594,1.00078,-1.48098e-05,0.0357795,1,0
9.6582,0.00976562,1.0008,-4.80509e-06,0.033822,1,0
9.6582,0.0292969,1.00079,-9.66312e-06,0.0338229,1,0
9.67773,0.00976562,1.0008,-5.19003e-06,0.031867,1,0
9.67773,0.0292969,1.00079,-1.04249e-05,0.0318679,1,0
9.6582,0.0488281,1.00079,-1.23037e-05,0.0338236,1,0
9.6582,0.0683594,1.00079,-1.60116e-05,0.0338248,1,0
9.67773,0.0488281,1.00079,-1.32695e-05,0.0318686,1,0
9.67773,0.0683594,1.00079,-1.72767e-05,0.0318699,1,0
9.61914,0.0878906,1.00078,-1.62219e-05,0.0377351,1,0
9.61914,0.107422,1.00078,-1.89883e-05,0.0377366,1,0
9.63867,0.0878906,1.00078,-1.75781e-05,0.0357807,1,0
9.63867,0.107422,1.00078,-2.05928e-05,0.0357823,1,0
9.61914,0.126953,1.00078,-2.14916e-05,0.0377382,1,0
9.61914,0.146484,1.00077,-2.39705e-05,0.0377402,1,0
9.63867,0.126953,1.00078,-2.33299e-05,0.0357841,1,0
9.63867,0.146484,1.00078,-2.60512e-05,0.0357862,1,0
9.6582,0.0878906,1.00079,-1.90143e-05,0.0338262,1,0
9.6582,0.107422,1.00078,-2.22952e-05,0.0338278,1,0
9.67773,0.0878906,1.00079,-2.05277e-05,0.0318713,1,0
9.67773,0.107422,1.00079,-2.40931e-05,0.0318731,1,0
9.6582,0.126953,1.00078,-2.52847e-05,0.0338297,1,0
9.6582,0.146484,1.00078,-2.82699e-05,0.033832,1,0
9.67773,0.126953,1.00078,-2.73542e-05,0.0318751,1,0
9.67773,0.146484,1.00078,-3.06259e-05,0.0318774,1,0
9.54102,0.166016,1.00076,-1.85237e-05,0.0455557,1,0
9.54102,0.185547,1.00075,-1.99564e-05,0.0455575,1,0
9.56055,0.166016,1.00076,-2.02412e-05,0.0436026,1,0
9.56055,0.185547,1.00075,-2.18284e-05,0.0436045,1,0
9.54102,0.205078,1.00071,-2.12298e-05,0.0455594,1,0
9.54102,0.224609,1.00064,-2.23441e-05,0.0455614,1,0
9.56055,0.205078,1.00071,-2.32461e-05,0.0436066,1,0
9.56055,0.224609,1.00064,-2.4494e-05,0.0436088,1,0
9.58008,0.166016,1.00076,-2.20991e-05,0.0416494,1,0
9.58008,0.185547,1.00075,-2.38582e-05,0.0416515,1,0
9.59961,0.166016,1.00076,-2.41045e-05,0.039696,1,0
9.59961,0.185547,1.00075,-2.60547e-05,0.0396982,1,0
9.58008,0.205078,1.00072,-2.54378e-05,0.0416537,1,0
9.58008,0.224609,1.00064,-2.68372e-05,0.0416561,1,0
9.59961,0.205078,1.00072,-2.78162e-05,0.0397006,1,0
9.59961,0.224609,1.00064,-2.93875e-05,0.0397033,1,0
9.54102,0.244141,1.00046,-2.32731e-05,0.0455636,1,0
9.54102,0.263672,1.00006,-2.40047e-05,0.0455658,1,0
9.56055,0.244141,1.00046,-2.55425e-05,0.0436112,1,0
9.56055,0.263672,1.00006,-2.63775e-05,0.0436137,1,0
9.54102,0.283203,0.999199,-2.45148e-05,0.0455682,1,0
9.54102,0.302734,0.997385,-2.47839e-05,0.0455706,1,0
9.56055,0.283203,0.999199,-2.69713e-05,0.0436163,1,0
9.56055,0.302734,0.997385,-2.73008e-05,0.0436189,1,0
9.58008,0.244141,1.00046,-2.8023e-05,0.0416587,1,0
9.58008,0.263672,1.00007,-2.89785e-05,0.0416614,1,0
9.59961,0.244141,1.00046,-3.07312e-05,0.0397061,1,0
9.59961,0.263672,1.00007,-3.18274e-05,0.039709,1,0
9.58008,0.283203,0.999199,-2.96718e-05,0.0416643,1,0
9.58008,0.302734,0.997385,-3.00758e-05,0.0416672,1,0
9.59961,0.283203,0.9992,-3.26394e-05,0.0397122,1,0
9.59961,0.302734,0.997385,-3.31353e-05,0.0397154,1,0
9.61914,0.166016,1.00077,-2.62633e-05,0.0377424,1,0
9.61914,0.185547,1.00075,-2.84261e-05,0.0377448,1,0
9.63867,0.166016,1.00077,-2.85804e-05,0.0357885,1,0
9.63867,0.185547,1.00075,-3.09795e-05,0.0357911,1,0
9.61914,0.205078,1.00072,-3.03919e-05,0.0377474,1,0
9.61914,0.224609,1.00064,-3.21586e-05,0.0377502,1,0
9.63867,0.205078,1.00072,-3.31749e-05,0.0357939,1,0
9.63867,0.224609,1.00064,-3.51638e-05,0.035797,1,0
9.6582,0.166016,1.00077,-3.1059e-05,0.0338344,1,0
9.6582,0.185547,1.00076,-3.37203e-05,0.0338372,1,0
9.67773,0.166016,1.00077,-3.36998e-05,0.0318801,1,0
9.67773,0.185547,1.00076,-3.66518e-05,0.031883,1,0
9.6582,0.205078,1.00072,-3.61735e-05,0.0338402,1,0
9.6582,0.224609,1.00065,-3.84151e-05,0.0338435,1,0
9.67773,0.205078,1.00073,-3.93941e-05,0.0318862,1,0
9.67773,0.224609,1.00065,-4.1923e-05,0.0318898,1,0
9.61914,0.244141,1.00047,-3.36841e-05,0.0377533,1,0
9.61914,0.263672,1.00007,-3.4945e-05,0.0377565,1,0
9.63867,0.244141,1.00047,-3.68988e-05,0.0358003,1,0
9.63867,0.263672,1.00007,-3.83528e-05,0.0358038,1,0
9.61914,0.283203,0.999201,-3.5899e-05,0.0377599,1,0
9.61914,0.302734,0.997386,-3.65082e-05,0.0377635,1,0
9.63867,0.283203,0.999202,-3.94767e-05,0.0358076,1,0
9.63867,0.302734,0.997386,-4.02259e-05,0.0358115,1,0
9.6582,0.244141,1.00047,-4.03921e-05,0.0338471,1,0
9.6582,0.263672,1.00007,-4.20727e-05,0.0338509,1,0
9.67773,0.244141,1.00047,-4.41792e-05,0.0318937,1,0
9.67773,0.263672,1.00007,-4.6126e-05,0.0318978,1,0
9.6582,0.283203,0.999203,-4.34003e-05,0.033855,1,0
9.6582,0.302734,0.997387,-4.43223e-05,0.0338593,1,0
9.67773,0.283203,0.999204,-4.76981e-05,0.0319023,1,0
9.67773,0.302734,0.997388,-4.88335e-05,0.031907,1,0
9.38477,0.322266,0.993734,-1.13933e-05,0.0611843,1,0
9.38477,0.341797,0.986677,-1.11818e-05,0.0611854,1,0
9.4043,0.322266,0.993734,-1.25487e-05,0.0592329,1,0
9.4043,0.341797,0.986677,-1.23213e-05,0.0592341,1,0
9.38477,0.361328,0.973587,-1.07959e-05,0.0611865,1,0
9.38477,0.380859,0.950296,-1.02103e-05,0.0611875,1,0
9.4043,0.361328,0.973587,-1.19012e-05,0.0592353,1,0
9.4043,0.380859,0.950296,-1.126e-05,0.0592364,1,0
9.42383,0.322266,0.993734,-1.38229e-05,0.0572815,1,0
9.42383,0.341797,0.986676,-1.35794e-05,0.0572828,1,0
9.44336,0.322266,0.993734,-1.52285e-05,0.0553301,1,0
9.44336,0.341797,0.986676,-1.49687e-05,0.0553316,1,0
9.42383,0.361328,0.973586,-1.31226e-05,0.0572841,1,0
9.42383,0.380859,0.950295,-1.2421e-05,0.0572854,1,0
9.44336,0.361328,0.973586,-1.44729e-05,0.055333,1,0
9.44336,0.380859,0.950294,-1.37057e-05,0.0553344,1,0
9.38477,0.400391,0.910539,-9.34329e-06,0.0611884,1,0
9.38477,0.419922,0.845412,-8.16957e-06,0.0611892,1,0
9.4043,0.400391,0.910538,-1.03075e-05,0.0592374,1,0
9.4043,0.419922,0.84541,-9.01518e-06,0.0592383,1,0
9.38477,0.439453,0.742957,-6.52265e-06,0.0611898,1,0
9.38477,0.458984,0.588026,-4.48574e-06,0.0611902,1,0
9.4043,0.439453,0.742955,-7.19961e-06,0.059239,1,0
9.4043,0.458984,0.588023,-4.95233e-06,0.0592394,1,0
9.42383,0.400391,0.910537,-1.13746e-05,0.0572865,1,0
9.42383,0.419922,0.845409,-9.95186e-06,0.0572875,1,0
9.44336,0.400391,0.910536,-1.25566e-05,0.0553357,1,0
9.44336,0.419922,0.845407,-1.099e-05,0.0553367,1,0
9.42383,0.439453,0.742953,-7.94988e-06,0.0572883,1,0
9.42383,0.458984,0.58802,-5.46957e-06,0.0572887,1,0
9.44336,0.439453,0.742951,-8.78204e-06,0.0553376,1,0
9.44336,0.458984,0.588017,-6.04388e-06,0.0553381,1,0
9.46289,0.322266,0.993734,-1.67794e-05,0.0533787,1,0
9.46289,0.341797,0.986676,-1.65037e-05,0.0533803,1,0
9.48242,0.322266,0.993733,-1.84912e-05,0.0514273,1,0
9.48242,0.341797,0.986675,-1.82003e-05,0.0514291,1,0
9.46289,0.361328,0.973585,-1.59665e-05,0.0533819,1,0
9.46289,0.380859,0.950293,-1.51284e-05,0.0533835,1,0
9.48242,0.361328,0.973584,-1.76197e-05,0.0514309,1,0
9.48242,0.380859,0.950292,-1.6705e-05,0.0514326,1,0
9.50195,0.322266,0.993733,-2.03811e-05,0.0494759,1,0
9.50195,0.341797,0.986675,-2.00766e-05,0.0494779,1,0
9.52148,0.322266,0.993733,-2.24684e-05,0.0475245,1,0
9.52148,0.341797,0.986674,-2.21528e-05,0.0475267,1,0
9.50195,0.361328,0.973583,-1.94508e-05,0.0494799,1,0
9.50195,0.380859,0.950291,-1.84538e-05,0.0494818,1,0
9.52148,0.361328,0.973583,-2.14805e-05,0.0475289,1,0
9.52148,0.380859,0.950289,-2.03952e-05,0.047531,1,0
9.46289,0.400391,0.910534,-1.38667e-05,0.0533849,1,0
9.46289,0.419922,0.845405,-1.21418e-05,0.0533861,1,0
9.48242,0.400391,0.910533,-1.53202e-05,0.0514341,1,0
9.48242,0.419922,0.845403,-1.34209e-05,0.0514355,1,0
9.46289,0.439453,0.742948,-9.70604e-06,0.053387,1,0
9.46289,0.458984,0.588014,-6.68189e-06,0.0533876,1,0
9.48242,0.439453,0.742945,-1.07331e-05,0.0514365,1,0
9.48242,0.458984,0.588011,-7.39193e-06,0.0514371,1,0
9.50195,0.400391,0.910531,-1.69344e-05,0.0494835,1,0
9.50195,0.419922,0.8454,-1.4843e-05,0.0494849,1,0
9.52148,0.400391,0.910529,-1.87291e-05,0.0475329,1,0
9.52148,0.419922,0.845398,-1.64261e-05,0.0475345,1,0
9.50195,0.439453,0.742942,-1.18762e-05,0.0494861,1,0
9.50195,0.458984,0.588006,-8.18285e-06,0.0494868,1,0
9.52148,0.439453,0.742938,-1.31501e-05,0.0475358,1,0
9.52148,0.458984,0.588002,-9.06566e-06,0.0475366,1,0
9.38477,0.478516,0.362512,-1.83396e-06,0.0611904,1,0
9.38477,0.498047,0.0460288,7.92678e-07,0.0611903,0.6,0
9.4043,0.478516,0.362509,-2.02505e-06,0.0592396,1,0
9.4043,0.498047,0.0460278,8.76106e-07,0.0592396,0.6,0
9.42383,0.478516,0.362506,-2.23725e-06,0.057289,1,0
9.42383,0.498047,0.0460266,9.68662e-07,0.0572889,0.6,0
9.44336,0.478516,0.362503,-2.47299e-06,0.0553384,1,0
9.44336,0.498047,0.0460253,1.07153e-06,0.0553383,0.6,0
9.46289,0.478516,0.362499,-2.73539e-06,0.0533878,1,0
9.46289,0.498047,0.0460239,1.18589e-06,0.0533878,0.6,0
9.48242,0.478516,0.362495,-3.02773e-06,0.0514374,1,0
9.48242,0.498047,0.0460223,1.31327e-06,0.0514374,0.6,0
9.50195,0.478516,0.362491,-3.35415e-06,0.0494872,1,0
9.50195,0.498047,0.0460206,1.45526e-06,0.0494871,0.6,0
9.52148,0.478516,0.362486,-3.71909e-06,0.047537,1,0
9.52148,0.498047,0.0460187,1.61387e-06,0.0475369,0.6,0
9.54102,0.322266,0.993733,-2.47745e-05,0.0455731,1,0
9.54102,0.341797,0.986674,-2.44514e-05,0.0455755,1,0
9.56055,0.322266,0.993733,-2.73233e-05,0.0436217,1,0
9.56055,0.341797,0.986673,-2.69981e-05,0.0436244,1,0
9.54102,0.361328,0.973582,-2.37321e-05,0.045578,1,0
9.54102,0.380859,0.950288,-2.25529e-05,0.0455803,1,0
9.56055,0.361328,0.973581,-2.62323e-05,0.0436271,1,0
9.56055,0.380859,0.950286,-2.49537e-05,0.0436296,1,0
9.58008,0.322266,0.993733,-3.01414e-05,0.0416702,1,0
9.58008,0.341797,0.986673,-2.98216e-05,0.0416732,1,0
9.59961,0.322266,0.993732,-3.32584e-05,0.0397187,1,0
9.59961,0.341797,0.986672,-3.29542e-05,0.039722,1,0
9.58008,0.361328,0.97358,-2.90114e-05,0.0416762,1,0
9.58008,0.380859,0.950285,-2.76287e-05,0.041679,1,0
9.59961,0.361328,0.973578,-3.21038e-05,0.0397253,1,0
9.59961,0.380859,0.950283,-3.06133e-05,0.0397285,1,0
9.54102,0.400391,0.910527,-2.07269e-05,0.0455824,1,0
9.54102,0.419922,0.845395,-1.8191e-05,0.0455842,1,0
9.56055,0.400391,0.910525,-2.29541e-05,0.043632,1,0
9.56055,0.419922,0.845391,-2.01618e-05,0.043634,1,0
9.54102,0.439453,0.742934,-1.45724e-05,0.0455857,1,0
9.54102,0.458984,0.587997,-1.00524e-05,0.0455865,1,0
9.56055,0.439453,0.74293,-1.61629e-05,0.0436356,1,0
9.56055,0.458984,0.587992,-1.1158e-05,0.0436366,1,0
9.58008,0.400391,0.910522,-2.54408e-05,0.0416817,1,0
9.58008,0.419922,0.845388,-2.23665e-05,0.0416839,1,0
9.59961,0.400391,0.910519,-2.82224e-05,0.0397315,1,0
9.59961,0.419922,0.845384,-2.4838e-05,0.039734,1,0
9.58008,0.439453,0.742925,-1.79455e-05,0.0416857,1,0
9.58008,0.458984,0.587986,-1.23992e-05,0.0416869,1,0
9.59961,0.439453,0.74292,-1.99479e-05,0.039736,1,0
9.59961,0.458984,0.587979,-1.37968e-05,0.0397373,1,0
9.61914,0.322266,0.993732,-3.67073e-05,0.0377671,1,0
9.61914,0.341797,0.986672,-3.64327e-05,0.0377708,1,0
9.63867,0.322266,0.993732,-4.05246e-05,0.0358155,1,0
9.63867,0.341797,0.986671,-4.02982e-05,0.0358196,1,0
9.61914,0.361328,0.973577,-3.55491e-05,0.0377745,1,0
9.61914,0.380859,0.950281,-3.39489e-05,0.0377781,1,0
9.63867,0.361328,0.973576,-3.93926e-05,0.0358237,1,0
9.63867,0.380859,0.950278,-3.76834e-05,0.0358277,1,0
9.6582,0.322266,0.993732,-4.47506e-05,0.0338638,1,0
9.6582,0.341797,0.98667,-4.45975e-05,0.0338683,1,0
9.67773,0.322266,0.993733,-4.94296e-05,0.0319119,1,0
9.67773,0.341797,0.98667,-4.93829e-05,0.0319169,1,0
9.6582,0.361328,0.973575,-4.36864e-05,0.0338729,1,0
9.6582,0.380859,0.950276,-4.18727e-05,0.0338773,1,0
9.67773,0.361328,0.973573,-4.84901e-05,0.031922,1,0
9.67773,0.380859,0.950274,-4.65824e-05,0.031927,1,0
9.61914,0.400391,0.910516,-3.13397e-05,0.0377814,1,0
9.61914,0.419922,0.84538,-2.76152e-05,0.0377842,1,0
9.63867,0.400391,0.910513,-3.48415e-05,0.0358314,1,0
9.63867,0.419922,0.845375,-3.07439e-05,0.0358346,1,0
9.61914,0.439453,0.742914,-2.22033e-05,0.0377865,1,0
9.61914,0.458984,0.587971,-1.53747e-05,0.0377879,1,0
9.63867,0.439453,0.742908,-2.47513e-05,0.0358372,1,0
9.63867,0.458984,0.587963,-1.71628e-05,0.0358387,1,0
9.6582,0.400391,0.910509,-3.87847e-05,0.0338815,1,0
9.6582,0.419922,0.84537,-3.42795e-05,0.0338851,1,0
9.67773,0.400391,0.910505,-4.32376e-05,0.0319317,1,0
9.67773,0.419922,0.845364,-3.82883e-05,0.0319358,1,0
9.6582,0.439453,0.742901,-2.76399e-05,0.033888,1,0
9.6582,0.458984,0.587954,-1.91966e-05,0.0338898,1,0
9.67773,0.439453,0.742892,-3.09275e-05,0.0319392,1,0
9.67773,0.458984,0.587944,-2.15209e-05,0.0319412,1,0
9.54102,0.478516,0.36248,-4.12818e-06,0.045587,1,0
9.54102,0.498047,0.0460165,1.79125e-06,0.0455869,0.6,0
9.56055,0.478516,0.362474,-4.58766e-06,0.0436371,1,0
9.56055,0.498047,0.0460141,1.99013e-06,0.043637,0.6,0
9.58008,0.478516,0.362468,-5.10534e-06,0.0416874,1,0
9.58008,0.498047,0.0460115,2.21351e-06,0.0416873,0.6,0
9.59961,0.478516,0.36246,-5.69021e-06,0.0397379,1,0
9.59961,0.498047,0.0460086,2.46516e-06,0.0397377,0.6,0
9.61914,0.478516,0.362452,-6.35352e-06,0.0377886,1,0
9.61914,0.498047,0.0460053,2.7494e-06,0.0377884,0.6,0
9.63867,0.478516,0.362442,-7.10863e-06,0.0358395,1,0
9.63867,0.498047,0.0460016,3.07161e-06,0.0358394,0.6,0
9.6582,0.478516,0.362432,-7.97241e-06,0.0338907,1,0
9.6582,0.498047,0.0459975,3.43829e-06,0.0338905,0.6,0
9.67773,0.478516,0.36242,-8.96565e-06,0.0319422,1,0
9.67773,0.498047,0.0459929,3.85731e-06,0.031942,0.6,0
9.69727,0.00976562,1.00081,-5.59437e-06,0.0299116,1,0
9.69727,0.0292969,1.0008,-1.12222e-05,0.0299127,1,0
9.7168,0.00976562,1.00081,-6.0167e-06,0.0279561,1,0
9.7168,0.0292969,1.0008,-1.20518e-05,0.0279571,1,0
9.69727,0.0488281,1.0008,-1.42795e-05,0.0299134,1,0
9.69727,0.0683594,1.00079,-1.8601e-05,0.0299148,1,0
9.7168,0.0488281,1.0008,-1.53288e-05,0.0279579,1,0
9.7168,0.0683594,1.0008,-1.99786e-05,0.0279593,1,0
9.73633,0.00976562,1.00082,-6.45501e-06,0.0260002,1,0
9.73633,0.0292969,1.00081,-1.29087e-05,0.0260013,1,0
9.75586,0.00976562,1.00083,-6.90664e-06,0.024044,1,0
9.75586,0.0292969,1.00081,-1.37871e-05,0.0240452,1,0
9.73633,0.0488281,1.0008,-1.64112e-05,0.0260021,1,0
9.73633,0.0683594,1.0008,-2.14012e-05,0.0260035,1,0
9.75586,0.0488281,1.00081,-1.75185e-05,0.024046,1,0
9.75586,0.0683594,1.00081,-2.28583e-05,0.0240474,1,0
9.69727,0.0878906,1.00079,-2.21138e-05,0.0299162,1,0
9.69727,0.107422,1.00079,-2.59816e-05,0.0299181,1,0
9.7168,0.0878906,1.0008,-2.37656e-05,0.0279608,1,0
9.7168,0.107422,1.00079,-2.79531e-05,0.0279627,1,0
9.69727,0.126953,1.00079,-2.95337e-05,0.0299202,1,0
9.69727,0.146484,1.00078,-3.31152e-05,0.0299226,1,0
9.7168,0.126953,1.00079,-3.18155e-05,0.0279649,1,0
9.7168,0.146484,1.00079,-3.57308e-05,0.0279675,1,0
9.73633,0.0878906,1.0008,-2.54734e-05,0.0260051,1,0
9.73633,0.107422,1.0008,-2.9997e-05,0.0260071,1,0
9.75586,0.0878906,1.00081,-2.72246e-05,0.024049,1,0
9.75586,0.107422,1.0008,-3.20986e-05,0.0240511,1,0
9.73633,0.126953,1.0008,-3.41881e-05,0.0260093,1,0
9.73633,0.146484,1.00079,-3.84609e-05,0.026012,1,0
9.75586,0.126953,1.0008,-3.66357e-05,0.0240534,1,0
9.75586,0.146484,1.0008,-4.12889e-05,0.0240561,1,0
9.77539,0.00976562,1.00083,-7.36821e-06,0.0220876,1,0
9.77539,0.0292969,1.00082,-1.46791e-05,0.0220888,1,0
9.79492,0.00976562,1.00084,-7.8355e-06,0.0201309,1,0
9.79492,0.0292969,1.00082,-1.55756e-05,0.0201321,1,0
9.77539,0.0488281,1.00081,-1.86404e-05,0.0220895,1,0
9.77539,0.0683594,1.00081,-2.43365e-05,0.022091,1,0
9.79492,0.0488281,1.00082,-1.97648e-05,0.0201328,1,0
9.79492,0.0683594,1.00082,-2.58196e-05,0.0201343,1,0
9.81445,0.00976562,1.00085,-8.30347e-06,0.0181738,1,0
9.81445,0.0292969,1.00083,-1.64655e-05,0.0181751,1,0
9.83398,0.00976562,1.00085,-8.7661e-06,0.0162166,1,0
9.83398,0.0292969,1.00083,-1.7336e-05,0.0162178,1,0
9.81445,0.0488281,1.00082,-2.0877e-05,0.0181758,1,0
9.81445,0.0683594,1.00082,-2.72887e-05,0.0181773,1,0
9.83398,0.0488281,1.00083,-2.19605e-05,0.0162185,1,0
9.83398,0.0683594,1.00083,-2.87215e-05,0.0162199,1,0
9.77539,0.0878906,1.00081,-2.90031e-05,0.0220926,1,0
9.77539,0.107422,1.00081,-3.42395e-05,0.0220947,1,0
9.79492,0.0878906,1.00082,-3.07892e-05,0.0201359,1,0
9.79492,0.107422,1.00081,-3.63965e-05,0.020138,1,0
9.77539,0.126953,1.00081,-3.91373e-05,0.0220971,1,0
9.77539,0.146484,1.0008,-4.41922e-05,0.0220999,1,0
9.79492,0.126953,1.00081,-4.16666e-05,0.0201403,1,0
9.79492,0.146484,1.00081,-4.71416e-05,0.0201432,1,0
9.81445,0.0878906,1.00082,-3.25597e-05,0.0181788,1,0
9.81445,0.107422,1.00082,-3.85418e-05,0.0181809,1,0
9.83398,0.0878906,1.00083,-3.42875e-05,0.0162214,1,0
9.83398,0.107422,1.00082,-4.06429e-05,0.0162234,1,0
9.81445,0.126953,1.00082,-4.41915e-05,0.0181832,1,0
9.81445,0.146484,1.00081,-5.01005e-05,0.018186,1,0
9.83398,0.126953,1.00082,-4.66735e-05,0.0162257,1,0
9.83398,0.146484,1.00082,-5.30245e-05,0.0162284,1,0
9.69727,0.166016,1.00078,-3.65005e-05,0.0299254,1,0
9.69727,0.185547,1.00076,-3.97738e-05,0.0299285,1,0
9.7168,0.166016,1.00078,-3.94551e-05,0.0279704,1,0
9.7168,0.185547,1.00077,-4.30826e-05,0.0279737,1,0
9.69727,0.205078,1.00073,-4.28401e-05,0.029932,1,0
9.69727,0.224609,1.00065,-4.56952e-05,0.0299358,1,0
9.7168,0.205078,1.00073,-4.65106e-05,0.0279773,1,0
9.7168,0.224609,1.00065,-4.97356e-05,0.0279814,1,0
9.73633,0.166016,1.00078,-4.25526e-05,0.026015,1,0
9.73633,0.185547,1.00077,-4.65688e-05,0.0260185,1,0
9.75586,0.166016,1.00079,-4.57764e-05,0.0240592,1,0
9.75586,0.185547,1.00077,-5.02168e-05,0.0240628,1,0
9.73633,0.205078,1.00074,-5.03995e-05,0.0260223,1,0
9.73633,0.224609,1.00066,-5.40424e-05,0.0260266,1,0
9.75586,0.205078,1.00074,-5.44936e-05,0.0240669,1,0
9.75586,0.224609,1.00066,-5.86068e-05,0.0240714,1,0
9.69727,0.244141,1.00047,-4.82736e-05,0.0299399,1,0
9.69727,0.263672,1.00007,-5.0533e-05,0.0299444,1,0
9.7168,0.244141,1.00048,-5.26851e-05,0.0279858,1,0
9.7168,0.263672,1.00008,-5.53116e-05,0.0279907,1,0
9.69727,0.283203,0.999205,-5.23987e-05,0.0299493,1,0
9.69727,0.302734,0.997388,-5.37975e-05,0.0299544,1,0
9.7168,0.283203,0.999207,-5.75295e-05,0.027996,1,0
9.7168,0.302734,0.99739,-5.92531e-05,0.0280016,1,0
9.73633,0.244141,1.00048,-5.74188e-05,0.0260314,1,0
9.73633,0.263672,1.00008,-6.04753e-05,0.0260366,1,0
9.75586,0.244141,1.00048,-6.24722e-05,0.0240764,1,0
9.75586,0.263672,1.00008,-6.60312e-05,0.024082,1,0
9.73633,0.283203,0.999209,-6.31152e-05,0.0260423,1,0
9.73633,0.302734,0.997391,-6.52388e-05,0.0260484,1,0
9.75586,0.283203,0.999212,-6.91755e-05,0.0240881,1,0
9.75586,0.302734,0.997393,-7.17902e-05,0.0240948,1,0
9.77539,0.166016,1.00079,-4.91028e-05,0.0221031,1,0
9.77539,0.185547,1.00078,-5.40031e-05,0.0221067,1,0
9.79492,0.166016,1.0008,-5.25002e-05,0.0201464,1,0
9.79492,0.185547,1.00078,-5.78946e-05,0.0201502,1,0
9.77539,0.205078,1.00074,-5.87708e-05,0.0221109,1,0
9.77539,0.224609,1.00067,-6.34103e-05,0.0221156,1,0
9.79492,0.205078,1.00075,-6.3198e-05,0.0201544,1,0
9.79492,0.224609,1.00067,-6.8422e-05,0.0201593,1,0
9.81445,0.166016,1.0008,-5.5928e-05,0.0181893,1,0
9.81445,0.185547,1.00079,-6.18473e-05,0.018193,1,0
9.83398,0.166016,1.00081,-5.93358e-05,0.0162316,1,0
9.83398,0.185547,1.00079,-6.58052e-05,0.0162354,1,0
9.81445,0.205078,1.00075,-6.77293e-05,0.0181974,1,0
9.81445,0.224609,1.00068,-7.35957e-05,0.0182024,1,0
9.83398,0.205078,1.00076,-7.23035e-05,0.0162397,1,0
9.83398,0.224609,1.00068,-7.88669e-05,0.0162447,1,0
9.77539,0.244141,1.00049,-6.78329e-05,0.0221209,1,0
9.77539,0.263672,1.00009,-7.19766e-05,0.0221269,1,0
9.79492,0.244141,1.00049,-7.34754e-05,0.0201649,1,0
9.79492,0.263672,1.00009,-7.82947e-05,0.0201711,1,0
9.77539,0.283203,0.999215,-7.57214e-05,0.0221334,1,0
9.77539,0.302734,0.997396,-7.89372e-05,0.0221407,1,0
9.79492,0.283203,0.999219,-8.27506e-05,0.0201781,1,0
9.79492,0.302734,0.997399,-8.6698e-05,0.0201859,1,0
9.81445,0.244141,1.0005,-7.93562e-05,0.0182081,1,0
9.81445,0.263672,1.00009,-8.49499e-05,0.0182146,1,0
9.83398,0.244141,1.0005,-8.54105e-05,0.0162505,1,0
9.83398,0.263672,1.0001,-9.18814e-05,0.0162572,1,0
9.81445,0.283203,0.999223,-9.02413e-05,0.0182219,1,0
9.81445,0.302734,0.997403,-9.5073e-05,0.0182302,1,0
9.83398,0.283203,0.999229,-9.81438e-05,0.0162648,1,0
9.83398,0.302734,0.997408,-0.000104034,0.0162736,1,0
9.85352,0.00976562,1.00086,-9.21648e-06,0.014259,1,0
9.85352,0.0292969,1.00084,-1.81726e-05,0.0142602,1,0
9.87305,0.00976562,1.00087,-9.64663e-06,0.0123013,1,0
9.87305,0.0292969,1.00085,-1.89587e-05,0.0123025,1,0
9.85352,0.0488281,1.00084,-2.29963e-05,0.0142608,1,0
9.85352,0.0683594,1.00083,-3.00933e-05,0.0142622,1,0
9.87305,0.0488281,1.00084,-2.39638e-05,0.012303,1,0
9.87305,0.0683594,1.00084,-3.1377e-05,0.0123043,1,0
9.89258,0.00976562,1.00088,-1.00475e-05,0.0103432,1,0
9.89258,0.0292969,1.00085,-1.96762e-05,0.0103443,1,0
9.91211,0.00976562,1.00089,-1.04078e-05,0.00838564,1,0
9.91211,0.0292969,1.00086,-2.03036e-05,0.00838672,1,0
9.89258,0.0488281,1.00085,-2.48406e-05,0.0103447,1,0
9.89258,0.0683594,1.00085,-3.25437e-05,0.010346,1,0
9.91211,0.0488281,1.00086,-2.56029e-05,0.00838701,1,0
9.91211,0.0683594,1.00086,-3.3564e-05,0.00838811,1,0
9.85352,0.0878906,1.00083,-3.59422e-05,0.0142636,1,0
9.85352,0.107422,1.00083,-4.26628e-05,0.0142655,1,0
9.87305,0.0878906,1.00084,-3.74904e-05,0.0123056,1,0
9.87305,0.107422,1.00084,-4.45607e-05,0.0123074,1,0
9.85352,0.126953,1.00083,-4.90687e-05,0.0142677,1,0
9.85352,0.146484,1.00082,-5.58618e-05,0.0142704,1,0
9.87305,0.126953,1.00084,-5.13278e-05,0.0123094,1,0
9.87305,0.146484,1.00083,-5.85534e-05,0.0123119,1,0
9.89258,0.0878906,1.00085,-3.88968e-05,0.0103471,1,0
9.89258,0.107422,1.00084,-4.62929e-05,0.0103487,1,0
9.91211,0.0878906,1.00085,-4.0126e-05,0.00838904,1,0
9.91211,0.107422,1.00085,-4.78159e-05,0.00839045,1,0
9.89258,0.126953,1.00084,-5.33973e-05,0.0103505,1,0
9.89258,0.146484,1.00084,-6.10339e-05,0.0103528,1,0
9.91211,0.126953,1.00085,-5.52233e-05,0.00839201,1,0
9.91211,0.146484,1.00085,-6.32364e-05,0.00839397,1,0
9.93164,0.00976562,1.00089,-1.07157e-05,0.00642637,1,0
9.93164,0.0292969,1.00086,-2.08198e-05,0.00642734,1,0
9.95117,0.00976562,1.00091,-1.09452e-05,0.00447832,1,0
9.95117,0.0292969,1.00088,-2.11835e-05,0.00447912,1,0
9.93164,0.0488281,1.00086,-2.6227e-05,0.00642749,1,0
9.93164,0.0683594,1.00086,-3.44071e-05,0.00642842,1,0
9.95117,0.0488281,1.00088,-2.66866e-05,0.00447912,1,0
9.95117,0.0683594,1.00088,-3.50511e-05,0.00447986,1,0
9.9707,0.00976562,1.00085,-1.10876e-05,0.00252105,1,0
9.9707,0.0292969,1.00082,-2.13984e-05,0.0025216,1,0
9.99023,0.00976562,1.00098,-1.09563e-05,0.000767546,1,0
9.99023,0.0292969,1.00095,-2.12666e-05,0.000767611,1,0
9.9707,0.0488281,1.00081,-2.69724e-05,0.00252147,1,0
9.9707,0.0683594,1.00081,-3.5459e-05,0.00252197,1,0
9.99023,0.0488281,1.00094,-2.7043e-05,0.000767368,1,0
9.99023,0.0683594,1.00094,-3.56187e-05,0.000767622,1,0
9.93164,0.0878906,1.00086,-4.11408e-05,0.00642914,1,0
9.93164,0.107422,1.00086,-4.90825e-05,0.00643031,1,0
9.95117,0.0878906,1.00088,-4.19182e-05,0.00448035,1,0
9.95117,0.107422,1.00088,-5.00652e-05,0.00448124,1,0
9.93164,0.126953,1.00085,-5.67469e-05,0.00643156,1,0
9.93164,0.146484,1.00085,-6.50863e-05,0.00643318,1,0
9.95117,0.126953,1.00088,-5.79324e-05,0.00448216,1,0
9.95117,0.146484,1.00087,-6.65371e-05,0.00448338,1,0
9.9707,0.0878906,1.00081,-4.24109e-05,0.00252222,1,0
9.9707,0.107422,1.00081,-5.06968e-05,0.00252278,1,0
9.99023,0.0878906,1.00094,-4.26375e-05,0.000767696,1,0
9.99023,0.107422,1.00094,-5.09935e-05,0.000767983,1,0
9.9707,0.126953,1.00081,-5.86961e-05,0.00252332,1,0
9.9707,0.146484,1.00081,-6.74802e-05,0.00252407,1,0
9.99023,0.126953,1.00094,-5.90623e-05,0.000768228,1,0
9.99023,0.146484,1.00094,-6.79376e-05,0.000768595,1,0
9.85352,0.166016,1.00082,-6.26632e-05,0.0142734,1,0
9.85352,0.185547,1.0008,-6.96987e-05,0.0142771,1,0
9.87305,0.166016,1.00082,-6.584e-05,0.0123148,1,0
9.87305,0.185547,1.00081,-7.34452e-05,0.0123182,1,0
9.85352,0.205078,1.00077,-7.6842e-05,0.0142813,1,0
9.85352,0.224609,1.00069,-8.41491e-05,0.0142863,1,0
9.87305,0.205078,1.00077,-8.12489e-05,0.0123223,1,0
9.87305,0.224609,1.0007,-8.93322e-05,0.012327,1,0
9.89258,0.166016,1.00083,-6.87868e-05,0.0103554,1,0
9.89258,0.185547,1.00082,-7.69488e-05,0.0103586,1,0
9.91211,0.166016,1.00084,-7.14205e-05,0.00839628,1,0
9.91211,0.185547,1.00083,-8.01063e-05,0.00839907,1,0
9.89258,0.205078,1.00078,-8.54087e-05,0.0103623,1,0
9.89258,0.224609,1.0007,-9.42792e-05,0.0103668,1,0
9.91211,0.205078,1.00079,-8.91943e-05,0.0084024,1,0
9.91211,0.224609,1.00072,-9.88339e-05,0.00840641,1,0
9.85352,0.244141,1.00051,-9.15459e-05,0.014292,1,0
9.85352,0.263672,1.00011,-9.89955e-05,0.0142988,1,0
9.87305,0.244141,1.00052,-9.76393e-05,0.0123327,1,0
9.87305,0.263672,1.00012,-0.000106159,0.0123393,1,0
9.85352,0.283203,0.999236,-0.00010637,0.0143066,1,0
9.85352,0.302734,0.997414,-0.000113511,0.0143158,1,0
9.87305,0.283203,0.999244,-0.000114785,0.0123472,1,0
9.87305,0.302734,0.997422,-0.000123377,0.0123565,1,0
9.89258,0.244141,1.00053,-0.00010353,0.0103721,1,0
9.89258,0.263672,1.00012,-0.000113188,0.0103785,1,0
9.91211,0.244141,1.00054,-0.000109029,0.00841126,1,0
9.91211,0.263672,1.00014,-0.000119857,0.00841715,1,0
9.89258,0.283203,0.999252,-0.000123184,0.0103862,1,0
9.89258,0.302734,0.997431,-0.000133419,0.0103954,1,0
9.91211,0.283203,0.999265,-0.000131303,0.00842434,1,0
9.91211,0.302734,0.997443,-0.000143341,0.00843318,1,0
9.93164,0.166016,1.00084,-7.36468e-05,0.00643507,1,0
9.93164,0.185547,1.00083,-8.27982e-05,0.00643738,1,0
9.95117,0.166016,1.00087,-7.54037e-05,0.0044848,1,0
9.95117,0.185547,1.00085,-8.49416e-05,0.00448655,1,0
9.93164,0.205078,1.0008,-9.24535e-05,0.00644016,1,0
9.93164,0.224609,1.00072,-0.000102803,0.00644354,1,0
9.95117,0.205078,1.00082,-9.50753e-05,0.00448867,1,0
9.95117,0.224609,1.00075,-0.000106037,0.00449129,1,0
9.9707,0.166016,1.0008,-7.65532e-05,0.00252493,1,0
9.9707,0.185547,1.00079,-8.63581e-05,0.002526,1,0
9.99023,0.166016,1.00094,-7.71179e-05,0.000769004,1,0
9.99023,0.185547,1.00093,-8.70633e-05,0.000769526,1,0
9.9707,0.205078,1.00076,-9.68278e-05,0.00252731,1,0
9.9707,0.224609,1.00068,-0.000108232,0.00252893,1,0
9.99023,0.205078,1.0009,-9.77125e-05,0.000770156,1,0
9.99023,0.224609,1.00082,-0.000109356,0.000770944,1,0
9.93164,0.244141,1.00054,-0.00011389,0.00644768,1,0
9.93164,0.263672,1.00014,-0.000125854,0.00645278,1,0
9.95117,0.244141,1.00057,-0.000117914,0.00449452,1,0
9.95117,0.263672,1.00017,-0.000130915,0.00449857,1,0
9.93164,0.283203,0.999272,-0.000138756,0.00645913,1,0
9.93164,0.302734,0.997451,-0.000152671,0.0064671,1,0
9.95117,0.283203,0.9993,-0.000145193,0.00450372,1,0
9.95117,0.302734,0.997481,-0.000160955,0.00451034,1,0
9.9707,0.244141,1.00051,-0.000120696,0.00253096,1,0
9.9707,0.263672,1.00011,-0.000134501,0.00253356,1,0
9.99023,0.244141,1.00065,-0.000122142,0.000771931,1,0
9.99023,0.263672,1.00025,-0.000136389,0.000773189,1,0
9.9707,0.283203,0.999241,-0.000149893,0.00253693,1,0
9.9707,0.302734,0.997423,-0.000167232,0.00254138,1,0
9.99023,0.283203,0.999386,-0.000152396,0.000774816,1,0
9.99023,0.302734,0.997571,-0.000170605,0.000776947,1,0
9.69727,0.322266,0.993733,-5.46098e-05,0.0299598,1,0
9.69727,0.341797,0.98667,-5.47133e-05,0.0299654,1,0
9.7168,0.322266,0.993734,-6.03431e-05,0.0280076,1,0
9.7168,0.341797,0.986669,-6.0654e-05,0.0280138,1,0
9.69727,0.361328,0.973572,-5.38726e-05,0.0299711,1,0
9.69727,0.380859,0.950271,-5.18892e-05,0.0299767,1,0
9.7168,0.361328,0.97357,-5.99128e-05,0.0280202,1,0
9.7168,0.380859,0.950268,-5.78839e-05,0.0280265,1,0
9.73633,0.322266,0.993734,-6.66837e-05,0.026055,1,0
9.73633,0.341797,0.986669,-6.72773e-05,0.0260619,1,0
9.75586,0.322266,0.993736,-7.36871e-05,0.024102,1,0
9.75586,0.341797,0.986669,-7.46614e-05,0.0241097,1,0
9.73633,0.361328,0.973569,-6.6701e-05,0.026069,1,0
9.73633,0.380859,0.950265,-6.46734e-05,0.0260761,1,0
9.75586,0.361328,0.973568,-7.43396e-05,0.0241177,1,0
9.75586,0.380859,0.950262,-7.23836e-05,0.0241257,1,0
9.69727,0.400391,0.910501,-4.82815e-05,0.0299821,1,0
9.69727,0.419922,0.845357,-4.28512e-05,0.0299867,1,0
9.7168,0.400391,0.910496,-5.40146e-05,0.0280325,1,0
9.7168,0.419922,0.84535,-4.80672e-05,0.0280378,1,0
9.69727,0.439453,0.742884,-3.46862e-05,0.0299905,1,0
9.69727,0.458984,0.587932,-2.41905e-05,0.0299929,1,0
9.7168,0.439453,0.742874,-3.9006e-05,0.0280422,1,0
9.7168,0.458984,0.587919,-2.72759e-05,0.0280449,1,0
9.73633,0.400391,0.910491,-6.05555e-05,0.026083,1,0
9.73633,0.419922,0.845342,-5.40594e-05,0.0260891,1,0
9.75586,0.400391,0.910486,-6.80491e-05,0.0241336,1,0
9.75586,0.419922,0.845334,-6.09811e-05,0.0241406,1,0
9.73633,0.439453,0.742863,-4.40001e-05,0.0260942,1,0
9.73633,0.458984,0.587905,-3.08661e-05,0.0260973,1,0
9.75586,0.439453,0.74285,-4.98141e-05,0.0241465,1,0
9.75586,0.458984,0.587888,-3.50802e-05,0.0241502,1,0
9.77539,0.322266,0.993737,-8.14068e-05,0.0221485,1,0
9.77539,0.341797,0.98667,-8.28883e-05,0.022157,1,0
9.79492,0.322266,0.99374,-8.98896e-05,0.0201944,1,0
9.79492,0.341797,0.986671,-9.20413e-05,0.0202038,1,0
9.77539,0.361328,0.973567,-8.29433e-05,0.0221659,1,0
9.77539,0.380859,0.950259,-8.11626e-05,0.0221751,1,0
9.79492,0.361328,0.973566,-9.26381e-05,0.0202138,1,0
9.79492,0.380859,0.950256,-9.11832e-05,0.0202241,1,0
9.81445,0.322266,0.993743,-9.91679e-05,0.0182395,1,0
9.81445,0.341797,0.986673,-0.000102197,0.0182498,1,0
9.83398,0.322266,0.993747,-0.000109249,0.0162836,1,0
9.83398,0.341797,0.986675,-0.000113414,0.0162947,1,0
9.81445,0.361328,0.973566,-0.000103556,0.0182609,1,0
9.81445,0.380859,0.950253,-0.000102643,0.0182726,1,0
9.83398,0.361328,0.973567,-0.00011583,0.0163071,1,0
9.83398,0.380859,0.950251,-0.000115763,0.0163204,1,0
9.77539,0.400391,0.91048,-7.66716e-05,0.0221841,1,0
9.77539,0.419922,0.845324,-6.90262e-05,0.0221922,1,0
9.79492,0.400391,0.910474,-8.66397e-05,0.0202345,1,0
9.79492,0.419922,0.845314,-7.84423e-05,0.020244,1,0
9.77539,0.439453,0.742836,-5.66354e-05,0.0221991,1,0
9.77539,0.458984,0.58787,-4.0071e-05,0.0222035,1,0
9.79492,0.439453,0.742821,-6.47146e-05,0.0202521,1,0
9.79492,0.458984,0.587849,-4.60579e-05,0.0202574,1,0
9.81445,0.400391,0.910467,-9.82158e-05,0.0182846,1,0
9.81445,0.419922,0.845303,-8.9545e-05,0.0182958,1,0
9.83398,0.400391,0.91046,-0.000111722,0.0163342,1,0
9.83398,0.419922,0.84529,-0.000102749,0.0163474,1,0
9.81445,0.439453,0.742804,-7.43798e-05,0.0183054,1,0
9.81445,0.458984,0.587825,-5.33232e-05,0.0183119,1,0
9.83398,0.439453,0.742784,-8.6094e-05,0.016359,1,0
9.83398,0.458984,0.587798,-6.23186e-05,0.016367,1,0
9.69727,0.478516,0.362407,-1.01148e-05,0.0299941,1,0
9.69727,0.498047,0.0459877,4.33916e-06,0.0299938,0.6,0
9.7168,0.478516,0.362393,-1.14541e-05,0.0280463,1,0
9.7168,0.498047,0.0459819,4.89551e-06,0.028046,0.6,0
9.73633,0.478516,0.362376,-1.30271e-05,0.026099,1,0
9.73633,0.498047,0.0459752,5.54532e-06,0.0260986,0.6,0
9.75586,0.478516,0.362357,-1.48954e-05,0.0241521,1,0
9.75586,0.498047,0.0459676,6.3054e-06,0.0241517,0.6,0
9.77539,0.478516,0.362336,-1.71349e-05,0.0222058,1,0
9.77539,0.498047,0.0459589,7.21514e-06,0.0222054,0.6,0
9.79492,0.478516,0.362311,-1.98684e-05,0.0202602,1,0
9.79492,0.498047,0.0459488,8.29761e-06,0.0202597,0.6,0
9.81445,0.478516,0.362283,-2.32414e-05,0.0183153,1,0
9.81445,0.498047,0.045937,9.639e-06,0.0183147,0.6,0
9.83398,0.478516,0.36225,-2.75273e-05,0.0163713,1,0
9.83398,0.498047,0.0459232,1.12952e-05,0.0163707,0.6,0
9.85352,0.322266,0.993752,-0.000120097,0.0143263,1,0
9.85352,0.341797,0.986679,-0.000125717,0.0143384,1,0
9.87305,0.322266,0.993759,-0.000131615,0.0123675,1,0
9.87305,0.341797,0.986685,-0.000139067,0.0123803,1,0
9.85352,0.361328,0.973568,-0.000129568,0.014352,1,0
9.85352,0.380859,0.950249,-0.000130773,0.014367,1,0
9.87305,0.361328,0.973572,-0.000144839,0.0123951,1,0
9.87305,0.380859,0.950249,-0.000147901,0.0124119,1,0
9.89258,0.322266,0.993767,-0.0001436,0.0104066,1,0
9.89258,0.341797,0.986692,-0.000153308,0.0104199,1,0
9.91211,0.322266,0.99378,-0.000155744,0.00844407,1,0
9.91211,0.341797,0.986704,-0.000168163,0.00845749,1,0
9.89258,0.361328,0.973577,-0.000161586,0.0104357,1,0
9.89258,0.380859,0.95025,-0.000167275,0.0104542,1,0
9.91211,0.361328,0.973587,-0.000179637,0.00847399,1,0
9.91211,0.380859,0.950256,-0.00018895,0.00849394,1,0
9.85352,0.400391,0.910454,-0.000127529,0.0143829,1,0
9.85352,0.419922,0.845277,-0.000118571,0.0143986,1,0
9.87305,0.400391,0.910448,-0.000146083,0.0124303,1,0
9.87305,0.419922,0.845264,-0.000137713,0.0124489,1,0
9.85352,0.439453,0.742763,-0.000100464,0.0144128,1,0
9.85352,0.458984,0.587767,-7.36192e-05,0.0144228,1,0
9.87305,0.439453,0.742739,-0.000118398,0.0124665,1,0
9.87305,0.458984,0.587731,-8.8249e-05,0.0124793,1,0
9.89258,0.400391,0.910444,-0.000167793,0.0104752,1,0
9.89258,0.419922,0.84525,-0.000160973,0.0104974,1,0
9.91211,0.400391,0.910443,-0.000193113,0.00851757,1,0
9.91211,0.419922,0.845239,-0.000189402,0.00854384,1,0
9.89258,0.439453,0.742712,-0.000141093,0.0105193,1,0
9.89258,0.458984,0.587689,-0.00010768,0.0105361,1,0
9.91211,0.439453,0.742686,-0.000170176,0.00857127,1,0
9.91211,0.458984,0.587644,-0.00013394,0.00859374,1,0
9.93164,0.322266,0.993788,-0.000167487,0.00647719,1,0
9.93164,0.341797,0.986712,-0.000182999,0.00649001,1,0
9.95117,0.322266,0.993819,-0.000178256,0.00451898,1,0
9.95117,0.341797,0.986744,-0.000197125,0.00453035,1,0
9.93164,0.361328,0.973594,-0.000198351,0.00650635,1,0
9.93164,0.380859,0.95026,-0.000212425,0.00652694,1,0
9.95117,0.361328,0.973626,-0.000216943,0.00454547,1,0
9.95117,0.380859,0.95029,-0.000236913,0.00456544,1,0
9.9707,0.322266,0.993763,-0.000186785,0.00254741,1,0
9.9707,0.341797,0.986689,-0.000208913,0.00255567,1,0
9.99023,0.322266,0.993915,-0.000191391,0.000779789,1,0
9.99023,0.341797,0.986846,-0.0002153,0.000783596,1,0
9.9707,0.361328,0.973572,-0.000233429,0.00256721,1,0
9.9707,0.380859,0.950235,-0.0002603,0.0025833,1,0
9.99023,0.361328,0.973732,-0.000242361,0.000788801,1,0
9.99023,0.380859,0.950399,-0.000273031,0.000795797,1,0
9.93164,0.400391,0.91044,-0.00022198,0.0065526,1,0
9.93164,0.419922,0.845224,-0.000223994,0.00658281,1,0
9.95117,0.400391,0.910465,-0.00025372,0.00459179,1,0
9.95117,0.419922,0.845239,-0.000264362,0.00462478,1,0
9.93164,0.439453,0.742652,-0.000208551,0.00661696,1,0
9.93164,0.458984,0.587584,-0.000173473,0.00664754,1,0
9.95117,0.439453,0.742645,-0.000255421,0.0046655,1,0
9.95117,0.458984,0.587544,-0.000223115,0.00470469,1,0
9.9707,0.400391,0.910406,-0.000286958,0.00260616,1,0
9.9707,0.419922,0.845169,-0.000312776,0.00263729,1,0
9.99023,0.400391,0.91057,-0.000304924,0.000805587,1,0
9.99023,0.419922,0.845325,-0.000339341,0.000817843,1,0
9.9707,0.439453,0.742555,-0.000323327,0.00268188,1,0
9.9707,0.458984,0.587422,-0.00032789,0.00273282,1,0
9.99023,0.439453,0.742688,-0.000358527,0.000836,1,0
9.99023,0.458984,0.587485,-0.000380516,0.000850116,1,0
9.85352,0.478516,0.362211,-3.30771e-05,0.0144283,1,0
9.85352,0.498047,0.0459065,1.33624e-05,0.0144276,0.6,0
9.87305,0.478516,0.362165,-4.04766e-05,0.0124869,1,0
9.87305,0.498047,0.0458867,1.63364e-05,0.012486,0.6,0
9.89258,0.478516,0.362107,-5.11964e-05,0.0105466,1,0
9.89258,0.498047,0.0458616,1.90639e-05,0.0105457,0.6,0
9.91211,0.478516,0.362041,-6.53979e-05,0.00860932,1,0
9.91211,0.498047,0.0458285,2.66584e-05,0.00860778,0.6,0
9.93164,0.478516,0.361945,-9.35509e-05,0.00667274,1,0
9.93164,0.498047,0.0457916,2.29788e-05,0.00667238,0.6,0
9.95117,0.478516,0.361847,-0.000121482,0.00474348,1,0
9.95117,0.498047,0.0457031,4.84584e-05,0.00473961,0.6,0
9.9707,0.478516,0.36166,-0.000230597,0.00280854,1,0
9.9707,0.498047,0.0456764,-8.04186e-05,0.00282038,0.6,0
9.99023,0.478516,0.361529,-0.000291478,0.00087588,1,0
9.99023,0.498047,0.0451337,-0.00010847,0.000881203,0.6,0
