x,y,ux,uy,p,cs,f
0.00976562,0.00976562,1.00306,-2.66769e-05,0.998568,1,0
0.00976562,0.0292969,1.00277,-5.53871e-05,0.998569,1,0
0.0292969,0.00976562,1.00332,-2.6701e-05,0.996168,1,0
0.0292969,0.0292969,1.00304,-5.52607e-05,0.996168,1,0
0.00976562,0.0488281,1.00265,-7.64595e-05,0.998569,1,0
0.00976562,0.0683594,1.00257,-0.000103614,0.998569,1,0
0.0292969,0.0488281,1.00292,-7.61489e-05,0.996168,1,0
0.0292969,0.0683594,1.00284,-0.000103184,0.996168,1,0
0.0488281,0.00976562,1.00328,-2.6543e-05,0.994323,1,0
0.0488281,0.0292969,1.003,-5.47151e-05,0.994323,1,0
0.0683594,0.00976562,1.00324,-2.61988e-05,0.992441,1,0
0.0683594,0.0292969,1.00296,-5.37709e-05,0.992441,1,0
0.0488281,0.0488281,1.00288,-7.52464e-05,0.994322,1,0
0.0488281,0.0683594,1.0028,-0.000101954,0.994321,1,0
0.0683594,0.0488281,1.00284,-7.38323e-05,0.99244,1,0
0.0683594,0.0683594,1.00276,-0.000100056,0.992438,1,0
0.00976562,0.0878906,1.00252,-0.000127774,0.998569,1,0
0.00976562,0.107422,1.00245,-0.000155416,0.99857,1,0
0.0292969,0.0878906,1.00278,-0.000127198,0.996167,1,0
0.0292969,0.107422,1.00272,-0.000154723,0.996167,1,0
0.00976562,0.126953,1.00239,-0.000182416,0.99857,1,0
0.00976562,0.146484,1.00231,-0.000211981,0.998571,1,0
0.0292969,0.126953,1.00265,-0.00018159,0.996166,1,0
0.0292969,0.146484,1.00257,-0.000211035,0.996166,1,0
0.0488281,0.0878906,1.00274,-0.000125623,0.99432,1,0
0.0488281,0.107422,1.00268,-0.000152824,0.994318,1,0
0.0683594,0.0878906,1.0027,-0.000123228,0.992436,1,0
0.0683594,0.107422,1.00264,-0.000149941,0.992434,1,0
0.0488281,0.126953,1.00262,-0.000179353,0.994316,1,0
0.0488281,0.146484,1.00254,-0.000208468,0.994314,1,0
0.0683594,0.126953,1.00258,-0.000175965,0.992431,1,0
0.0683594,0.146484,1.0025,-0.000204575,0.992428,1,0
0.0878906,0.00976562,1.00327,-2.56992e-05,0.990432,1,0
0.0878906,0.0292969,1.00299,-5.24995e-05,0.990432,1,0
0.107422,0.00976562,1.00331,-2.50409e-05,0.988423,1,0
0.107422,0.0292969,1.00303,-5.09015e-05,0.988422,1,0
0.0878906,0.0488281,1.00287,-7.20068e-05,0.99043,1,0
0.0878906,0.0683594,1.00279,-9.76194e-05,0.990428,1,0
0.107422,0.0488281,1.00291,-6.97686e-05,0.98842,1,0
0.107422,0.0683594,1.00283,-9.46345e-05,0.988418,1,0
0.126953,0.00976562,1.00333,-2.42111e-05,0.986444,1,0
0.126953,0.0292969,1.00305,-4.89603e-05,0.986443,1,0
0.146484,0.00976562,1.00335,-2.32028e-05,0.984468,1,0
0.146484,0.0292969,1.00306,-4.66752e-05,0.984467,1,0
0.126953,0.0488281,1.00293,-6.71022e-05,0.98644,1,0
0.126953,0.0683594,1.00285,-9.10822e-05,0.986438,1,0
0.146484,0.0488281,1.00295,-6.40183e-05,0.984464,1,0
0.146484,0.0683594,1.00287,-8.69801e-05,0.984461,1,0
0.0878906,0.0878906,1.00274,-0.000120173,0.990425,1,0
0.0878906,0.107422,1.00268,-0.000146269,0.990422,1,0
0.107422,0.0878906,1.00278,-0.000116448,0.988414,1,0
0.107422,0.107422,1.00272,-0.000141793,0.988411,1,0
0.0878906,0.126953,1.00262,-0.00017165,0.990418,1,0
0.0878906,0.146484,1.00254,-0.000199611,0.990414,1,0
0.107422,0.126953,1.00266,-0.00016639,0.988406,1,0
0.107422,0.146484,1.00259,-0.000193549,0.9884,1,0
0.126953,0.0878906,1.0028,-0.000112035,0.986434,1,0
0.126953,0.107422,1.00274,-0.000136492,0.986429,1,0
0.146484,0.0878906,1.00282,-0.000106961,0.984456,1,0
0.146484,0.107422,1.00276,-0.000130398,0.984451,1,0
0.126953,0.126953,1.00268,-0.000160159,0.986424,1,0
0.126953,0.146484,1.00261,-0.000186361,0.986417,1,0
0.146484,0.126953,1.0027,-0.000153001,0.984444,1,0
0.146484,0.146484,1.00263,-0.000178097,0.984437,1,0
0.00976562,0.166016,1.00222,-0.000242079,0.998571,1,0
0.00976562,0.185547,1.00211,-0.000274668,0.998572,1,0
0.0292969,0.166016,1.00248,-0.000241006,0.996165,1,0
0.0292969,0.185547,1.00238,-0.000273482,0.996164,1,0
0.00976562,0.205078,1.00199,-0.000308329,0.998572,1,0
0.00976562,0.224609,1.00185,-0.000344945,0.998573,1,0
0.0292969,0.205078,1.00226,-0.000307035,0.996163,1,0
0.0292969,0.224609,1.00212,-0.000343578,0.996162,1,0
0.0488281,0.166016,1.00245,-0.000238103,0.994311,1,0
0.0488281,0.185547,1.00235,-0.000270256,0.994308,1,0
0.0683594,0.166016,1.00242,-0.000233695,0.992424,1,0
0.0683594,0.185547,1.00232,-0.000265339,0.992419,1,0
0.0488281,0.205078,1.00224,-0.0003035,0.994305,1,0
0.0488281,0.224609,1.0021,-0.000339784,0.994301,1,0
0.0683594,0.205078,1.00221,-0.000298081,0.992415,1,0
0.0683594,0.224609,1.00207,-0.000333903,0.992409,1,0
0.00976562,0.244141,1.00167,-0.000382631,0.998574,1,0
0.00976562,0.263672,1.00145,-0.0004243,0.998574,1,0
0.0292969,0.244141,1.00195,-0.000381229,0.996161,1,0
0.0292969,0.263672,1.00173,-0.000422973,0.996159,1,0
0.00976562,0.283203,1.00111,-0.000466207,0.998576,1,0
0.00976562,0.302734,1.00054,-0.000514038,0.998577,1,0
0.0292969,0.283203,1.00139,-0.000465104,0.996159,1,0
0.0292969,0.302734,1.00082,-0.000513498,0.996158,1,0
0.0488281,0.244141,1.00193,-0.00037725,0.994298,1,0
0.0488281,0.263672,1.00171,-0.000418969,0.994294,1,0
0.0683594,0.244141,1.00191,-0.000370971,0.992404,1,0
0.0683594,0.263672,1.00169,-0.000412428,0.992397,1,0
0.0488281,0.283203,1.00138,-0.000461326,0.99429,1,0
0.0488281,0.302734,1.00081,-0.000510434,0.994287,1,0
0.0683594,0.283203,1.00136,-0.000454725,0.992391,1,0
0.0683594,0.302734,1.0008,-0.000504145,0.992384,1,0
0.0878906,0.166016,1.00246,-0.000228058,0.990409,1,0
0.0878906,0.185547,1.00236,-0.000259022,0.990403,1,0
0.107422,0.166016,1.0025,-0.000221158,0.988394,1,0
0.107422,0.185547,1.00241,-0.00025126,0.988387,1,0
0.0878906,0.205078,1.00225,-0.000291075,0.990397,1,0
0.0878906,0.224609,1.00212,-0.00032622,0.99039,1,0
0.107422,0.205078,1.0023,-0.000282414,0.988379,1,0
0.107422,0.224609,1.00217,-0.000316642,0.988371,1,0
0.126953,0.166016,1.00253,-0.00021296,0.98641,1,0
0.126953,0.185547,1.00244,-0.000242009,0.986401,1,0
0.146484,0.166016,1.00255,-0.000203519,0.984429,1,0
0.146484,0.185547,1.00246,-0.00023133,0.984419,1,0
0.126953,0.205078,1.00233,-0.000272046,0.986392,1,0
0.126953,0.224609,1.0022,-0.000305104,0.986381,1,0
0.146484,0.205078,1.00236,-0.000260038,0.984408,1,0
0.146484,0.224609,1.00223,-0.000291682,0.984395,1,0
0.0878906,0.244141,1.00195,-0.000362632,0.990383,1,0
0.0878906,0.263672,1.00174,-0.000403502,0.990374,1,0
0.107422,0.244141,1.00201,-0.000352106,0.988361,1,0
0.107422,0.263672,1.0018,-0.000392031,0.98835,1,0
0.0878906,0.283203,1.00141,-0.000445299,0.990365,1,0
0.0878906,0.302734,1.00086,-0.000494393,0.990355,1,0
0.107422,0.283203,1.00147,-0.000432861,0.988338,1,0
0.107422,0.302734,1.00092,-0.000481023,0.988325,1,0
0.126953,0.244141,1.00204,-0.00033932,0.986369,1,0
0.126953,0.263672,1.00183,-0.000377937,0.986356,1,0
0.146484,0.244141,1.00207,-0.000324359,0.984382,1,0
0.146484,0.263672,1.00187,-0.000361324,0.984366,1,0
0.126953,0.283203,1.00151,-0.000417349,0.986342,1,0
0.126953,0.302734,1.00097,-0.000464039,0.986325,1,0
0.146484,0.283203,1.00155,-0.000398885,0.984349,1,0
0.146484,0.302734,1.00101,-0.000443587,0.984329,1,0
0.166016,0.00976562,1.00336,-2.20143e-05,0.982487,1,0
0.166016,0.0292969,1.00308,-4.40558e-05,0.982485,1,0
0.185547,0.00976562,1.00338,-2.06465e-05,0.980505,1,0
0.185547,0.0292969,1.0031,-4.11146e-05,0.980503,1,0
0.166016,0.0488281,1.00297,-6.05386e-05,0.982482,1,0
0.166016,0.0683594,1.00289,-8.23584e-05,0.982478,1,0
0.185547,0.0488281,1.00298,-5.66849e-05,0.980499,1,0
0.185547,0.0683594,1.00291,-7.72471e-05,0.980495,1,0
0.205078,0.00976562,1.0034,-1.91022e-05,0.978526,1,0
0.205078,0.0292969,1.00312,-3.78662e-05,0.978523,1,0
0.224609,0.00976562,1.00341,-1.73867e-05,0.976548,1,0
0.224609,0.0292969,1.00314,-3.43296e-05,0.976545,1,0
0.205078,0.0488281,1.003,-5.24818e-05,0.97852,1,0
0.205078,0.0683594,1.00293,-7.16804e-05,0.978515,1,0
0.224609,0.0488281,1.00302,-4.79583e-05,0.976542,1,0
0.224609,0.0683594,1.00295,-6.5699e-05,0.976537,1,0
0.166016,0.0878906,1.00284,-0.000101269,0.982473,1,0
0.166016,0.107422,1.00278,-0.000123566,0.982467,1,0
0.185547,0.0878906,1.00286,-9.5e-05,0.98049,1,0
0.185547,0.107422,1.00281,-0.000116045,0.980483,1,0
0.166016,0.126953,1.00273,-0.000144978,0.98246,1,0
0.166016,0.146484,1.00266,-0.00016883,0.982451,1,0
0.185547,0.126953,1.00275,-0.000136156,0.980475,1,0
0.185547,0.146484,1.00268,-0.000158637,0.980466,1,0
0.205078,0.0878906,1.00288,-8.82017e-05,0.978509,1,0
0.205078,0.107422,1.00283,-0.000107894,0.978502,1,0
0.224609,0.0878906,1.0029,-8.09279e-05,0.97653,1,0
0.224609,0.107422,1.00284,-9.91804e-05,0.976523,1,0
0.205078,0.126953,1.00277,-0.000126606,0.978493,1,0
0.205078,0.146484,1.0027,-0.000147607,0.978484,1,0
0.224609,0.126953,1.00279,-0.000116412,0.976513,1,0
0.224609,0.146484,1.00272,-0.000135838,0.976503,1,0
0.244141,0.00976562,1.00343,-1.55075e-05,0.974572,1,0
0.244141,0.0292969,1.00315,-3.05272e-05,0.974568,1,0
0.263672,0.00976562,1.00344,-1.34743e-05,0.972596,1,0
0.263672,0.0292969,1.00317,-2.64846e-05,0.972593,1,0
0.244141,0.0488281,1.00303,-4.31473e-05,0.974564,1,0
0.244141,0.0683594,1.00296,-5.93482e-05,0.974559,1,0
0.263672,0.0488281,1.00305,-3.80842e-05,0.972588,1,0
0.263672,0.0683594,1.00298,-5.26767e-05,0.972583,1,0
0.283203,0.00976562,1.00345,-1.12987e-05,0.970622,1,0
0.283203,0.0292969,1.00318,-2.22295e-05,0.970618,1,0
0.302734,0.00976562,1.00345,-8.99392e-06,0.968649,1,0
0.302734,0.0292969,1.00319,-1.77914e-05,0.968645,1,0
0.283203,0.0488281,1.00306,-3.28062e-05,0.970614,1,0
0.283203,0.0683594,1.00299,-4.57354e-05,0.970608,1,0
0.302734,0.0488281,1.00307,-2.73517e-05,0.968641,1,0
0.302734,0.0683594,1.003,-3.85764e-05,0.968634,1,0
0.244141,0.0878906,1.00291,-7.32384e-05,0.974552,1,0
0.244141,0.107422,1.00286,-8.99775e-05,0.974544,1,0
0.263672,0.0878906,1.00293,-6.51959e-05,0.972576,1,0
0.263672,0.107422,1.00288,-8.03627e-05,0.972567,1,0
0.244141,0.126953,1.00281,-0.000105664,0.974535,1,0
0.244141,0.146484,1.00274,-0.00012344,0.974523,1,0
0.263672,0.126953,1.00282,-9.44569e-05,0.972557,1,0
0.263672,0.146484,1.00276,-0.000110527,0.972546,1,0
0.283203,0.0878906,1.00294,-5.68654e-05,0.970601,1,0
0.283203,0.107422,1.00289,-7.04155e-05,0.970592,1,0
0.302734,0.0878906,1.00295,-4.83124e-05,0.968627,1,0
0.302734,0.107422,1.0029,-6.02161e-05,0.968618,1,0
0.283203,0.126953,1.00284,-8.28882e-05,0.970581,1,0
0.283203,0.146484,1.00277,-9.72142e-05,0.97057,1,0
0.302734,0.126953,1.00285,-7.10542e-05,0.968607,1,0
0.302734,0.146484,1.00279,-8.36157e-05,0.968595,1,0
0.166016,0.166016,1.00258,-0.000192923,0.982442,1,0
0.166016,0.185547,1.00249,-0.000219325,0.982431,1,0
0.185547,0.166016,1.00261,-0.000181265,0.980455,1,0
0.185547,0.185547,1.00252,-0.000206103,0.980443,1,0
0.166016,0.205078,1.00239,-0.000246509,0.982419,1,0
0.166016,0.224609,1.00226,-0.000276513,0.982405,1,0
0.185547,0.205078,1.00241,-0.000231588,0.98043,1,0
0.185547,0.224609,1.00229,-0.000259753,0.980414,1,0
0.205078,0.166016,1.00263,-0.000168647,0.978472,1,0
0.205078,0.185547,1.00254,-0.000191791,0.978459,1,0
0.224609,0.166016,1.00265,-0.000155193,0.976491,1,0
0.224609,0.185547,1.00256,-0.000176532,0.976477,1,0
0.205078,0.205078,1.00244,-0.000215427,0.978444,1,0
0.205078,0.224609,1.00232,-0.000241589,0.978428,1,0
0.224609,0.205078,1.00246,-0.000198202,0.976461,1,0
0.224609,0.224609,1.00235,-0.000222231,0.976443,1,0
0.166016,0.244141,1.00211,-0.000307383,0.982389,1,0
0.166016,0.263672,1.00191,-0.00034238,0.982371,1,0
0.185547,0.244141,1.00214,-0.000288585,0.980397,1,0
0.185547,0.263672,1.00194,-0.000321349,0.980378,1,0
0.166016,0.283203,1.00159,-0.000377701,0.982352,1,0
0.166016,0.302734,1.00105,-0.000419957,0.98233,1,0
0.185547,0.283203,1.00163,-0.000354106,0.980356,1,0
0.185547,0.302734,1.0011,-0.000393559,0.980331,1,0
0.205078,0.244141,1.00217,-0.000268191,0.978409,1,0
0.205078,0.263672,1.00197,-0.000298516,0.978388,1,0
0.224609,0.244141,1.0022,-0.000246459,0.976424,1,0
0.224609,0.263672,1.002,-0.000274193,0.976401,1,0
0.205078,0.283203,1.00166,-0.000328468,0.978365,1,0
0.205078,0.302734,1.00113,-0.000364861,0.978338,1,0
0.224609,0.283203,1.0017,-0.000301173,0.976377,1,0
0.224609,0.302734,1.00117,-0.000334332,0.976348,1,0
0.244141,0.166016,1.00267,-0.000141032,0.974511,1,0
0.244141,0.185547,1.00258,-0.000160485,0.974496,1,0
0.263672,0.166016,1.00269,-0.000126301,0.972532,1,0
0.263672,0.185547,1.0026,-0.00014381,0.972517,1,0
0.244141,0.205078,1.00249,-0.000180098,0.97448,1,0
0.244141,0.224609,1.00237,-0.000201903,0.974461,1,0
0.263672,0.205078,1.0025,-0.000161306,0.9725,1,0
0.263672,0.224609,1.00239,-0.00018083,0.972481,1,0
0.283203,0.166016,1.0027,-0.000111137,0.970556,1,0
0.283203,0.185547,1.00262,-0.000126668,0.97054,1,0
0.302734,0.166016,1.00272,-9.56737e-05,0.968581,1,0
0.302734,0.185547,1.00263,-0.000109217,0.968565,1,0
0.283203,0.205078,1.00252,-0.000142018,0.970523,1,0
0.283203,0.224609,1.00241,-0.000159236,0.970503,1,0
0.302734,0.205078,1.00254,-0.000122416,0.968548,1,0
0.302734,0.224609,1.00242,-0.000137336,0.968528,1,0
0.244141,0.244141,1.00222,-0.000223657,0.97444,1,0
0.244141,0.263672,1.00203,-0.000248703,0.974417,1,0
0.263672,0.244141,1.00224,-0.000200054,0.97246,1,0
0.263672,0.263672,1.00205,-0.000222363,0.972435,1,0
0.244141,0.283203,1.00172,-0.000272611,0.974391,1,0
0.244141,0.302734,1.0012,-0.000302437,0.974361,1,0
0.263672,0.283203,1.00175,-0.000243163,0.972409,1,0
0.263672,0.302734,1.00122,-0.000269624,0.972378,1,0
0.283203,0.244141,1.00226,-0.000175911,0.970481,1,0
0.283203,0.263672,1.00207,-0.000195479,0.970457,1,0
0.302734,0.244141,1.00228,-0.000151479,0.968506,1,0
0.302734,0.263672,1.00209,-0.000168337,0.968481,1,0
0.283203,0.283203,1.00177,-0.00021319,0.97043,1,0
0.283203,0.302734,1.00125,-0.000236311,0.970399,1,0
0.302734,0.283203,1.00179,-0.000183024,0.968454,1,0
0.302734,0.302734,1.00126,-0.000202875,0.968423,1,0
0.00976562,0.322266,0.99942,-0.000559522,0.998579,1,0
0.00976562,0.341797,0.997088,-0.000614557,0.99858,1,0
0.0292969,0.322266,0.999705,-0.00056006,0.99616,1,0
0.0292969,0.341797,0.997375,-0.000617251,0.996162,1,0
0.00976562,0.361328,0.991987,-0.000660483,0.998584,1,0
0.00976562,0.380859,0.981122,-0.000722559,0.998588,1,0
0.0292969,0.361328,0.992275,-0.000667061,0.996169,1,0
0.0292969,0.380859,0.981408,-0.000736465,0.99618,1,0
0.0488281,0.322266,0.9997,-0.000558476,0.994285,1,0
0.0488281,0.341797,0.997373,-0.00061855,0.994284,1,0
0.0683594,0.322266,0.99969,-0.000553018,0.992379,1,0
0.0683594,0.341797,0.997368,-0.000614785,0.992373,1,0
0.0488281,0.361328,0.992279,-0.000673398,0.994287,1,0
0.0488281,0.380859,0.981416,-0.000751645,0.994295,1,0
0.0683594,0.361328,0.992283,-0.000672282,0.99237,1,0
0.0683594,0.380859,0.981428,-0.000754985,0.992366,1,0
0.00976562,0.400391,0.958562,-0.000758248,0.998599,1,0
0.00976562,0.419922,0.914359,-0.000821527,0.99861,1,0
0.0292969,0.400391,0.958843,-0.000785046,0.996206,1,0
0.0292969,0.419922,0.914623,-0.000873189,0.996245,1,0
0.00976562,0.439453,0.832165,-0.000813281,0.998638,1,0
0.00976562,0.458984,0.689134,-0.000854767,0.998667,1,0
0.0292969,0.439453,0.832399,-0.00090379,0.996324,1,0
0.0292969,0.458984,0.689285,-0.001037,0.996419,1,0
0.0488281,0.400391,0.958857,-0.000813569,0.994315,1,0
0.0488281,0.419922,0.914638,-0.000924954,0.994341,1,0
0.0683594,0.400391,0.958884,-0.000820988,0.992369,1,0
0.0683594,0.419922,0.914677,-0.000940107,0.992366,1,0
0.0488281,0.439453,0.832416,-0.000976355,0.994394,1,0
0.0488281,0.458984,0.68925,-0.00114443,0.994427,1,0
0.0683594,0.439453,0.83247,-0.000990392,0.992376,1,0
0.0683594,0.458984,0.689241,-0.00114793,0.992359,1,0
0.0878906,0.322266,0.999753,-0.000543096,0.990346,1,0
0.0878906,0.341797,0.997438,-0.000605022,0.990335,1,0
0.107422,0.322266,0.999823,-0.000528725,0.988312,1,0
0.107422,0.341797,0.997514,-0.000589798,0.988296,1,0
0.0878906,0.361328,0.992361,-0.000662566,0.990325,1,0
0.0878906,0.380859,0.981516,-0.000746107,0.990312,1,0
0.107422,0.361328,0.992445,-0.000645974,0.98828,1,0
0.107422,0.380859,0.981608,-0.000728891,0.98826,1,0
0.126953,0.322266,0.999875,-0.000510028,0.986308,1,0
0.126953,0.341797,0.997572,-0.00056945,0.986287,1,0
0.146484,0.322266,0.999923,-0.000487175,0.984308,1,0
0.146484,0.341797,0.997625,-0.000544118,0.984283,1,0
0.126953,0.361328,0.992511,-0.000623212,0.986266,1,0
0.126953,0.380859,0.981681,-0.000704136,0.98624,1,0
0.146484,0.361328,0.992572,-0.000594413,0.984257,1,0
0.146484,0.380859,0.981748,-0.00067173,0.984224,1,0
0.0878906,0.400391,0.958984,-0.000810787,0.990303,1,0
0.0878906,0.419922,0.914783,-0.000930281,0.990284,1,0
0.107422,0.400391,0.959085,-0.000791206,0.988244,1,0
0.107422,0.419922,0.914885,-0.000908627,0.988218,1,0
0.0878906,0.439453,0.832579,-0.000978681,0.990277,1,0
0.0878906,0.458984,0.689255,-0.0011209,0.990255,1,0
0.107422,0.439453,0.832675,-0.000956788,0.988201,1,0
0.107422,0.458984,0.689248,-0.00108257,0.988175,1,0
0.126953,0.400391,0.959168,-0.00076307,0.986216,1,0
0.126953,0.419922,0.914968,-0.000875348,0.986181,1,0
0.146484,0.400391,0.959244,-0.000726059,0.984192,1,0
0.146484,0.419922,0.915044,-0.000830679,0.98415,1,0
0.126953,0.439453,0.832752,-0.000921726,0.986151,1,0
0.126953,0.458984,0.689224,-0.00102913,0.986116,1,0
0.146484,0.439453,0.832821,-0.000874523,0.984108,1,0
0.146484,0.458984,0.689193,-0.000964617,0.984067,1,0
0.00976562,0.478516,0.452259,-0.000671546,0.99874,1,0
0.00976562,0.498047,0.0802196,-0.000239413,0.998755,0.6,0
0.0292969,0.478516,0.451934,-0.000889821,0.99661,1,0
0.0292969,0.498047,0.0789706,-0.000476866,0.996644,0.6,0
0.0488281,0.478516,0.451535,-0.00098941,0.994489,1,0
0.0488281,0.498047,0.0778245,-0.000348046,0.994483,0.6,0
0.0683594,0.478516,0.451133,-0.000991804,0.992351,1,0
0.0683594,0.498047,0.0767036,-0.000244273,0.992354,0.6,0
0.0878906,0.478516,0.45071,-0.000968144,0.990239,1,0
0.0878906,0.498047,0.0756478,-0.000186664,0.990244,0.6,0
0.107422,0.478516,0.450278,-0.000930857,0.988149,1,0
0.107422,0.498047,0.0746564,-0.000141456,0.988154,0.6,0
0.126953,0.478516,0.449853,-0.000879571,0.986078,1,0
0.126953,0.498047,0.0737326,-0.000106859,0.986082,0.6,0
0.146484,0.478516,0.449445,-0.000819818,0.984024,1,0
0.146484,0.498047,0.0728808,-8.20713e-05,0.984028,0.6,0
0.166016,0.322266,0.999971,-0.000460553,0.982305,1,0
0.166016,0.341797,0.997678,-0.000514303,0.982276,1,0
0.185547,0.322266,1.00002,-0.000430743,0.980304,1,0
0.185547,0.341797,0.997728,-0.000480804,0.980272,1,0
0.166016,0.361328,0.992632,-0.000560376,0.982246,1,0
0.166016,0.380859,0.981814,-0.000632921,0.982208,1,0
0.185547,0.361328,0.992688,-0.000522284,0.980238,1,0
0.185547,0.380859,0.981875,-0.000589412,0.980197,1,0
0.205078,0.322266,1.00006,-0.000398366,0.978309,1,0
0.205078,0.341797,0.997772,-0.00044441,0.978274,1,0
0.224609,0.322266,1.00009,-0.000364009,0.976317,1,0
0.224609,0.341797,0.997812,-0.000405829,0.976281,1,0
0.205078,0.361328,0.992738,-0.000481157,0.978238,1,0
0.205078,0.380859,0.981929,-0.000542488,0.978194,1,0
0.224609,0.361328,0.992783,-0.00043784,0.976242,1,0
0.224609,0.380859,0.981978,-0.000493175,0.976197,1,0
0.166016,0.400391,0.959318,-0.000682164,0.98217,1,0
0.166016,0.419922,0.915117,-0.000778124,0.982122,1,0
0.185547,0.400391,0.959386,-0.00063363,0.980154,1,0
0.185547,0.419922,0.915184,-0.000720708,0.980104,1,0
0.166016,0.439453,0.832885,-0.000819879,0.982074,1,0
0.166016,0.458984,0.689156,-0.000895112,0.982031,1,0
0.185547,0.439453,0.832943,-0.000760834,0.980051,1,0
0.185547,0.458984,0.689115,-0.000823499,0.980007,1,0
0.205078,0.400391,0.959447,-0.000581869,0.978148,1,0
0.205078,0.419922,0.915244,-0.000660132,0.978095,1,0
0.224609,0.400391,0.959502,-0.000527978,0.976148,1,0
0.224609,0.419922,0.915298,-0.000597761,0.976095,1,0
0.205078,0.439453,0.832994,-0.000698947,0.97804,1,0
0.205078,0.458984,0.689072,-0.000751201,0.977995,1,0
0.224609,0.439453,0.83304,-0.000635621,0.976038,1,0
0.224609,0.458984,0.689029,-0.000679539,0.975993,1,0
0.244141,0.322266,1.00013,-0.00032824,0.974329,1,0
0.244141,0.341797,0.997848,-0.000365734,0.974292,1,0
0.263672,0.322266,1.00016,-0.000291594,0.972346,1,0
0.263672,0.341797,0.997879,-0.000324759,0.972308,1,0
0.244141,0.361328,0.992823,-0.000393129,0.974252,1,0
0.244141,0.380859,0.982021,-0.000442451,0.974206,1,0
0.263672,0.361328,0.992858,-0.000347755,0.972267,1,0
0.263672,0.380859,0.982059,-0.000391199,0.97222,1,0
0.283203,0.322266,1.00018,-0.00025456,0.970366,1,0
0.283203,0.341797,0.997906,-0.000283471,0.970328,1,0
0.302734,0.322266,1.0002,-0.000217567,0.96839,1,0
0.302734,0.341797,0.997928,-0.000242357,0.968352,1,0
0.283203,0.361328,0.992888,-0.000302342,0.970287,1,0
0.283203,0.380859,0.982091,-0.000340141,0.970241,1,0
0.302734,0.361328,0.992913,-0.000257413,0.968311,1,0
0.302734,0.380859,0.982119,-0.00028987,0.968266,1,0
0.244141,0.400391,0.959551,-0.000473029,0.974156,1,0
0.244141,0.419922,0.915347,-0.00053488,0.974103,1,0
0.263672,0.400391,0.959595,-0.000417951,0.97217,1,0
0.263672,0.419922,0.915392,-0.000472526,0.972118,1,0
0.244141,0.439453,0.833083,-0.00057216,0.974046,1,0
0.244141,0.458984,0.688988,-0.000609621,0.974002,1,0
0.263672,0.439453,0.833123,-0.000509561,0.972062,1,0
0.263672,0.458984,0.688949,-0.000542206,0.972019,1,0
0.283203,0.400391,0.959633,-0.000363474,0.970191,1,0
0.283203,0.419922,0.915433,-0.000411473,0.97014,1,0
0.302734,0.400391,0.959667,-0.000310183,0.968218,1,0
0.302734,0.419922,0.915472,-0.00035232,0.968169,1,0
0.283203,0.439453,0.833161,-0.000448556,0.970085,1,0
0.283203,0.458984,0.688915,-0.000477811,0.970044,1,0
0.302734,0.439453,0.833197,-0.00038971,0.968115,1,0
0.302734,0.458984,0.688884,-0.000416801,0.968076,1,0
0.166016,0.478516,0.44906,-0.000756771,0.981985,1,0
0.166016,0.498047,0.0721004,-6.44902e-05,0.981989,0.6,0
0.185547,0.478516,0.448702,-0.000692799,0.97996,1,0
0.185547,0.498047,0.0713888,-5.19944e-05,0.979964,0.6,0
0.205078,0.478516,0.448372,-0.000629247,0.977948,1,0
0.205078,0.498047,0.070743,-4.32996e-05,0.977952,0.6,0
0.224609,0.478516,0.448072,-0.000567256,0.975948,1,0
0.224609,0.498047,0.0701598,-3.75333e-05,0.975951,0.6,0
0.244141,0.478516,0.447802,-0.000507674,0.973958,1,0
0.244141,0.498047,0.0696357,-3.40244e-05,0.973961,0.6,0
0.263672,0.478516,0.447562,-0.000451043,0.971977,1,0
0.263672,0.498047,0.0691666,-3.22385e-05,0.97198,0.6,0
0.283203,0.478516,0.447352,-0.000397707,0.970004,1,0
0.283203,0.498047,0.0687488,-3.17543e-05,0.970007,0.6,0
0.302734,0.478516,0.447171,-0.000347876,0.968039,1,0
0.302734,0.498047,0.0683782,-3.22396e-05,0.968041,0.6,0
0.322266,0.00976562,1.00346,-6.57452e-06,0.966678,1,0
0.322266,0.0292969,1.0032,-1.32014e-05,0.966673,1,0
0.341797,0.00976562,1.00346,-4.05608e-06,0.964708,1,0
0.341797,0.0292969,1.00321,-8.49106e-06,0.964703,1,0
0.322266,0.0488281,1.00308,-2.17598e-05,0.966669,1,0
0.322266,0.0683594,1.00301,-3.12523e-05,0.966662,1,0
0.341797,0.0488281,1.00309,-1.60692e-05,0.964698,1,0
0.341797,0.0683594,1.00302,-2.38151e-05,0.964692,1,0
0.361328,0.00976562,1.00346,-1.45496e-06,0.962739,1,0
0.361328,0.0292969,1.00321,-3.69217e-06,0.962734,1,0
0.380859,0.00976562,1.00346,1.21194e-06,0.960771,1,0
0.380859,0.0292969,1.00322,1.16357e-06,0.960766,1,0
0.361328,0.0488281,1.00309,-1.0318e-05,0.962729,1,0
0.361328,0.0683594,1.00303,-1.63151e-05,0.962723,1,0
0.380859,0.0488281,1.0031,-4.543e-06,0.960762,1,0
0.380859,0.0683594,1.00303,-8.8016e-06,0.960755,1,0
0.322266,0.0878906,1.00296,-3.96022e-05,0.966655,1,0
0.322266,0.107422,1.00291,-4.98435e-05,0.966646,1,0
0.341797,0.0878906,1.00297,-3.07979e-05,0.964684,1,0
0.341797,0.107422,1.00292,-3.93745e-05,0.964675,1,0
0.322266,0.126953,1.00286,-5.905e-05,0.966635,1,0
0.322266,0.146484,1.0028,-6.98433e-05,0.966623,1,0
0.341797,0.126953,1.00287,-4.69671e-05,0.964664,1,0
0.341797,0.146484,1.00281,-5.60035e-05,0.964652,1,0
0.361328,0.0878906,1.00298,-2.19611e-05,0.962715,1,0
0.361328,0.107422,1.00293,-2.88835e-05,0.962706,1,0
0.380859,0.0878906,1.00298,-1.3151e-05,0.960747,1,0
0.380859,0.107422,1.00293,-1.84384e-05,0.960738,1,0
0.361328,0.126953,1.00288,-3.48917e-05,0.962695,1,0
0.361328,0.146484,1.00282,-4.21959e-05,0.962683,1,0
0.380859,0.126953,1.00288,-2.29025e-05,0.960727,1,0
0.380859,0.146484,1.00282,-2.85129e-05,0.960715,1,0
0.400391,0.00976562,1.00346,3.9272e-06,0.958805,1,0
0.400391,0.0292969,1.00322,6.0449e-06,0.9588,1,0
0.419922,0.00976562,1.00345,6.6729e-06,0.95684,1,0
0.419922,0.0292969,1.00322,1.0921e-05,0.956835,1,0
0.400391,0.0488281,1.0031,1.22004e-06,0.958796,1,0
0.400391,0.0683594,1.00304,-1.32234e-06,0.958789,1,0
0.419922,0.0488281,1.0031,6.93698e-06,0.956831,1,0
0.419922,0.0683594,1.00304,6.08072e-06,0.956824,1,0
0.439453,0.00976562,1.00345,9.43092e-06,0.954876,1,0
0.439453,0.0292969,1.00322,1.57619e-05,0.954871,1,0
0.458984,0.00976562,1.00344,1.21838e-05,0.952914,1,0
0.458984,0.0292969,1.00322,2.05397e-05,0.952908,1,0
0.439453,0.0488281,1.00311,1.25774e-05,0.954867,1,0
0.439453,0.0683594,1.00304,1.33685e-05,0.95486,1,0
0.458984,0.0488281,1.00311,1.8113e-05,0.952904,1,0
0.458984,0.0683594,1.00304,2.05035e-05,0.952898,1,0
0.400391,0.0878906,1.00299,-4.42046e-06,0.958781,1,0
0.400391,0.107422,1.00294,-8.10117e-06,0.958772,1,0
0.419922,0.0878906,1.00299,4.18265e-06,0.956816,1,0
0.419922,0.107422,1.00294,2.06833e-06,0.956807,1,0
0.400391,0.126953,1.00289,-1.1074e-05,0.958761,1,0
0.400391,0.146484,1.00283,-1.50392e-05,0.958749,1,0
0.419922,0.126953,1.00289,5.25469e-07,0.956797,1,0
0.419922,0.146484,1.00283,-1.85093e-06,0.956785,1,0
0.439453,0.0878906,1.00299,1.26116e-05,0.954853,1,0
0.439453,0.107422,1.00294,1.20154e-05,0.954844,1,0
0.458984,0.0878906,1.00299,2.08248e-05,0.952891,1,0
0.458984,0.107422,1.00294,2.16935e-05,0.952882,1,0
0.439453,0.126953,1.00289,1.18362e-05,0.954834,1,0
0.439453,0.146484,1.00283,1.09855e-05,0.954822,1,0
0.458984,0.126953,1.00289,2.28065e-05,0.952872,1,0
0.458984,0.146484,1.00283,2.34125e-05,0.952861,1,0
0.322266,0.166016,1.00273,-8.00429e-05,0.966609,1,0
0.322266,0.185547,1.00265,-9.16084e-05,0.966593,1,0
0.341797,0.166016,1.00274,-6.43682e-05,0.964638,1,0
0.341797,0.185547,1.00266,-7.39852e-05,0.964622,1,0
0.322266,0.205078,1.00255,-0.000102677,0.966575,1,0
0.322266,0.224609,1.00244,-0.000115329,0.966555,1,0
0.341797,0.205078,1.00256,-8.29631e-05,0.964604,1,0
0.341797,0.224609,1.00245,-9.34013e-05,0.964584,1,0
0.361328,0.166016,1.00275,-4.87647e-05,0.962669,1,0
0.361328,0.185547,1.00266,-5.64786e-05,0.962653,1,0
0.380859,0.166016,1.00275,-3.33385e-05,0.960701,1,0
0.380859,0.185547,1.00267,-3.92082e-05,0.960686,1,0
0.361328,0.205078,1.00257,-6.34246e-05,0.962635,1,0
0.361328,0.224609,1.00246,-7.17208e-05,0.962615,1,0
0.380859,0.205078,1.00258,-4.41955e-05,0.960668,1,0
0.380859,0.224609,1.00246,-5.04362e-05,0.960649,1,0
0.322266,0.244141,1.00229,-0.000126988,0.966533,1,0
0.322266,0.263672,1.0021,-0.000141199,0.966508,1,0
0.341797,0.244141,1.00231,-0.000102649,0.964562,1,0
0.341797,0.263672,1.00211,-0.000114302,0.964537,1,0
0.322266,0.283203,1.0018,-0.000152965,0.966481,1,0
0.322266,0.302734,1.00128,-0.000169653,0.96645,1,0
0.341797,0.283203,1.00182,-0.000123277,0.964511,1,0
0.341797,0.302734,1.00129,-0.000136936,0.964481,1,0
0.361328,0.244141,1.00231,-7.86497e-05,0.962594,1,0
0.361328,0.263672,1.00212,-8.78532e-05,0.96257,1,0
0.380859,0.244141,1.00232,-5.51564e-05,0.960628,1,0
0.380859,0.263672,1.00213,-6.20322e-05,0.960604,1,0
0.361328,0.283203,1.00183,-9.419e-05,0.962543,1,0
0.361328,0.302734,1.0013,-0.000104977,0.962514,1,0
0.380859,0.283203,1.00183,-6.58991e-05,0.960579,1,0
0.380859,0.302734,1.00131,-7.39837e-05,0.96055,1,0
0.400391,0.166016,1.00276,-1.81855e-05,0.958736,1,0
0.400391,0.185547,1.00268,-2.22806e-05,0.95872,1,0
0.419922,0.166016,1.00276,-3.39009e-06,0.956772,1,0
0.419922,0.185547,1.00268,-5.78921e-06,0.956757,1,0
0.400391,0.205078,1.00258,-2.53947e-05,0.958703,1,0
0.400391,0.224609,1.00247,-2.96775e-05,0.958685,1,0
0.419922,0.205078,1.00258,-7.12481e-06,0.95674,1,0
0.419922,0.224609,1.00247,-9.55551e-06,0.956722,1,0
0.439453,0.166016,1.00276,1.09739e-05,0.954809,1,0
0.439453,0.185547,1.00268,1.01859e-05,0.954795,1,0
0.458984,0.166016,1.00276,2.48434e-05,0.952849,1,0
0.458984,0.185547,1.00268,2.55768e-05,0.952835,1,0
0.439453,0.205078,1.00258,1.0527e-05,0.954779,1,0
0.439453,0.224609,1.00247,9.83675e-06,0.954761,1,0
0.458984,0.205078,1.00258,2.7488e-05,0.952819,1,0
0.458984,0.224609,1.00247,2.84232e-05,0.952802,1,0
0.400391,0.244141,1.00233,-3.23107e-05,0.958664,1,0
0.400391,0.263672,1.00214,-3.69919e-05,0.958641,1,0
0.419922,0.244141,1.00233,-1.02322e-05,0.956702,1,0
0.419922,0.263672,1.00214,-1.28585e-05,0.95668,1,0
0.400391,0.283203,1.00184,-3.85664e-05,0.958617,1,0
0.400391,0.302734,1.00131,-4.41287e-05,0.958589,1,0
0.419922,0.283203,1.00184,-1.23232e-05,0.956657,1,0
0.419922,0.302734,1.00132,-1.55473e-05,0.95663,1,0
0.439453,0.244141,1.00233,1.09805e-05,0.954742,1,0
0.439453,0.263672,1.00214,1.02655e-05,0.954721,1,0
0.458984,0.244141,1.00233,3.12483e-05,0.952784,1,0
0.458984,0.263672,1.00214,3.22998e-05,0.952764,1,0
0.439453,0.283203,1.00184,1.27273e-05,0.954699,1,0
0.439453,0.302734,1.00132,1.16569e-05,0.954674,1,0
0.458984,0.283203,1.00184,3.65064e-05,0.952743,1,0
0.458984,0.302734,1.00131,3.74056e-05,0.952719,1,0
0.478516,0.00976562,1.00342,1.49153e-05,0.950952,1,0
0.478516,0.0292969,1.00322,2.52291e-05,0.950947,1,0
0.498047,0.00976562,1.00341,1.76107e-05,0.948992,1,0
0.498047,0.0292969,1.00322,2.98072e-05,0.948986,1,0
0.478516,0.0488281,1.0031,2.3517e-05,0.950943,1,0
0.478516,0.0683594,1.00304,2.74521e-05,0.950936,1,0
0.498047,0.0488281,1.0031,2.87665e-05,0.948983,1,0
0.498047,0.0683594,1.00303,3.41855e-05,0.948976,1,0
0.517578,0.00976562,1.0034,2.02562e-05,0.947033,1,0
0.517578,0.0292969,1.00321,3.42541e-05,0.947027,1,0
0.537109,0.00976562,1.00338,2.2838e-05,0.945074,1,0
0.537109,0.0292969,1.00321,3.85507e-05,0.945069,1,0
0.517578,0.0488281,1.0031,3.38416e-05,0.947024,1,0
0.517578,0.0683594,1.00303,4.06785e-05,0.947017,1,0
0.537109,0.0488281,1.00309,3.87249e-05,0.945066,1,0
0.537109,0.0683594,1.00303,4.69094e-05,0.945059,1,0
0.478516,0.0878906,1.00299,2.87869e-05,0.95093,1,0
0.478516,0.107422,1.00294,3.10624e-05,0.950921,1,0
0.498047,0.0878906,1.00299,3.64675e-05,0.94897,1,0
0.498047,0.107422,1.00294,4.0087e-05,0.948962,1,0
0.478516,0.126953,1.00289,3.33916e-05,0.950912,1,0
0.478516,0.146484,1.00283,3.53811e-05,0.950901,1,0
0.498047,0.126953,1.00289,4.35539e-05,0.948953,1,0
0.498047,0.146484,1.00283,4.68512e-05,0.948942,1,0
0.517578,0.0878906,1.00298,4.38402e-05,0.947011,1,0
0.517578,0.107422,1.00293,4.87376e-05,0.947003,1,0
0.537109,0.0878906,1.00298,5.08832e-05,0.945054,1,0
0.537109,0.107422,1.00293,5.69902e-05,0.945046,1,0
0.517578,0.126953,1.00288,5.32629e-05,0.946995,1,0
0.517578,0.146484,1.00282,5.77914e-05,0.946985,1,0
0.537109,0.126953,1.00288,6.2495e-05,0.945038,1,0
0.537109,0.146484,1.00282,6.8177e-05,0.945028,1,0
0.556641,0.00976562,1.00336,2.53429e-05,0.943117,1,0
0.556641,0.0292969,1.0032,4.26793e-05,0.943111,1,0
0.576172,0.00976562,1.00334,2.77578e-05,0.94116,1,0
0.576172,0.0292969,1.00319,4.66233e-05,0.941155,1,0
0.556641,0.0488281,1.00309,4.34008e-05,0.943108,1,0
0.556641,0.0683594,1.00302,5.28597e-05,0.943102,1,0
0.576172,0.0488281,1.00308,4.78559e-05,0.941152,1,0
0.576172,0.0683594,1.00301,5.85143e-05,0.941146,1,0
0.595703,0.00976562,1.00332,3.00714e-05,0.939204,1,0
0.595703,0.0292969,1.00318,5.03685e-05,0.939199,1,0
0.615234,0.00976562,1.0033,3.22738e-05,0.937249,1,0
0.615234,0.0292969,1.00317,5.39037e-05,0.937244,1,0
0.595703,0.0488281,1.00307,5.20795e-05,0.939197,1,0
0.595703,0.0683594,1.00301,6.38613e-05,0.939191,1,0
0.615234,0.0488281,1.00306,5.60633e-05,0.937242,1,0
0.615234,0.0683594,1.003,6.88919e-05,0.937237,1,0
0.556641,0.0878906,1.00297,5.75793e-05,0.943097,1,0
0.556641,0.107422,1.00292,6.48268e-05,0.94309,1,0
0.576172,0.0878906,1.00296,6.39155e-05,0.941141,1,0
0.576172,0.107422,1.00292,7.22339e-05,0.941134,1,0
0.556641,0.126953,1.00287,7.12325e-05,0.943082,1,0
0.556641,0.146484,1.00281,7.79891e-05,0.943073,1,0
0.576172,0.126953,1.00286,7.94622e-05,0.941127,1,0
0.576172,0.146484,1.0028,8.72151e-05,0.941119,1,0
0.595703,0.0878906,1.00296,6.98827e-05,0.939186,1,0
0.595703,0.107422,1.00291,7.92015e-05,0.93918,1,0
0.615234,0.0878906,1.00295,7.54745e-05,0.937232,1,0
0.615234,0.107422,1.0029,8.57238e-05,0.937226,1,0
0.595703,0.126953,1.00286,8.71759e-05,0.939173,1,0
0.595703,0.146484,1.00279,9.58483e-05,0.939165,1,0
0.615234,0.126953,1.00285,9.43703e-05,0.93722,1,0
0.615234,0.146484,1.00278,0.000103888,0.937212,1,0
0.478516,0.166016,1.00276,3.81658e-05,0.950889,1,0
0.478516,0.185547,1.00268,4.0328e-05,0.950876,1,0
0.498047,0.166016,1.00275,5.08991e-05,0.948931,1,0
0.498047,0.185547,1.00267,5.43951e-05,0.948918,1,0
0.478516,0.205078,1.00258,4.36996e-05,0.950861,1,0
0.478516,0.224609,1.00247,4.61435e-05,0.950845,1,0
0.498047,0.205078,1.00258,5.91159e-05,0.948904,1,0
0.498047,0.224609,1.00246,6.29521e-05,0.948889,1,0
0.517578,0.166016,1.00275,6.30099e-05,0.946974,1,0
0.517578,0.185547,1.00267,6.77444e-05,0.946962,1,0
0.537109,0.166016,1.00274,7.44731e-05,0.945018,1,0
0.537109,0.185547,1.00266,8.03512e-05,0.945007,1,0
0.517578,0.205078,1.00257,7.37032e-05,0.946949,1,0
0.517578,0.224609,1.00246,7.8817e-05,0.946934,1,0
0.537109,0.205078,1.00257,8.74387e-05,0.944994,1,0
0.537109,0.224609,1.00245,9.37181e-05,0.944981,1,0
0.478516,0.244141,1.00232,5.05103e-05,0.950828,1,0
0.478516,0.263672,1.00213,5.3184e-05,0.950809,1,0
0.498047,0.244141,1.00232,6.87224e-05,0.948873,1,0
0.498047,0.263672,1.00213,7.28766e-05,0.948855,1,0
0.478516,0.283203,1.00183,5.89573e-05,0.950788,1,0
0.478516,0.302734,1.00131,6.16448e-05,0.950766,1,0
0.498047,0.283203,1.00183,8.00447e-05,0.948836,1,0
0.498047,0.302734,1.00131,8.43448e-05,0.948815,1,0
0.517578,0.244141,1.00231,8.58554e-05,0.946919,1,0
0.517578,0.263672,1.00212,9.13525e-05,0.946902,1,0
0.537109,0.244141,1.00231,0.000101894,0.944966,1,0
0.537109,0.263672,1.00211,0.000108601,0.944951,1,0
0.517578,0.283203,1.00182,9.97515e-05,0.946884,1,0
0.517578,0.302734,1.0013,0.000105495,0.946865,1,0
0.537109,0.283203,1.00182,0.000118075,0.944934,1,0
0.537109,0.302734,1.00129,0.000125099,0.944916,1,0
0.556641,0.166016,1.00274,8.52707e-05,0.943063,1,0
0.556641,0.185547,1.00266,9.22e-05,0.943053,1,0
0.576172,0.166016,1.00273,9.53924e-05,0.94111,1,0
0.576172,0.185547,1.00265,0.000103284,0.9411,1,0
0.556641,0.205078,1.00256,0.00010031,0.943041,1,0
0.556641,0.224609,1.00244,0.000107647,0.943028,1,0
0.576172,0.205078,1.00255,0.000112314,0.941089,1,0
0.576172,0.224609,1.00244,0.000120604,0.941077,1,0
0.595703,0.166016,1.00272,0.000104835,0.939157,1,0
0.595703,0.185547,1.00264,0.000113604,0.939147,1,0
0.615234,0.166016,1.00271,0.000113602,0.937205,1,0
0.615234,0.185547,1.00263,0.000123166,0.937196,1,0
0.595703,0.205078,1.00254,0.000123456,0.939137,1,0
0.595703,0.224609,1.00243,0.000132598,0.939126,1,0
0.615234,0.205078,1.00253,0.000133744,0.937187,1,0
0.615234,0.224609,1.00242,0.000143646,0.937176,1,0
0.556641,0.244141,1.0023,0.000116834,0.943015,1,0
0.556641,0.263672,1.00211,0.000124623,0.943,1,0
0.576172,0.244141,1.00229,0.000130681,0.941064,1,0
0.576172,0.263672,1.0021,0.000139432,0.941051,1,0
0.556641,0.283203,1.00181,0.000135026,0.942985,1,0
0.556641,0.302734,1.00128,0.000143179,0.942968,1,0
0.576172,0.283203,1.0018,0.000150625,0.941037,1,0
0.576172,0.302734,1.00127,0.000159764,0.941022,1,0
0.595703,0.244141,1.00228,0.000143452,0.939115,1,0
0.595703,0.263672,1.00209,0.000153049,0.939102,1,0
0.615234,0.244141,1.00227,0.00015517,0.937166,1,0
0.615234,0.263672,1.00207,0.000165504,0.937154,1,0
0.595703,0.283203,1.00179,0.000164907,0.939089,1,0
0.595703,0.302734,1.00126,0.000174895,0.939075,1,0
0.615234,0.283203,1.00177,0.000177909,0.937142,1,0
0.615234,0.302734,1.00125,0.000188621,0.93713,1,0
0.322266,0.322266,1.00022,-0.000180988,0.966417,1,0
0.322266,0.341797,0.997947,-0.000201834,0.96638,1,0
0.341797,0.322266,1.00023,-0.000145141,0.964449,1,0
0.341797,0.341797,0.997961,-0.000162256,0.964412,1,0
0.322266,0.361328,0.992934,-0.000213405,0.96634,1,0
0.322266,0.380859,0.982143,-0.00024087,0.966297,1,0
0.341797,0.361328,0.992952,-0.000170677,0.964374,1,0
0.341797,0.380859,0.982164,-0.000193533,0.964332,1,0
0.361328,0.322266,1.00024,-0.000110293,0.962483,1,0
0.361328,0.341797,0.997973,-0.000123912,0.962448,1,0
0.380859,0.322266,1.00025,-7.66614e-05,0.96052,1,0
0.380859,0.341797,0.997981,-8.70337e-05,0.960487,1,0
0.361328,0.361328,0.992966,-0.000129518,0.96241,1,0
0.361328,0.380859,0.98218,-0.00014816,0.96237,1,0
0.380859,0.361328,0.992976,-9.01485e-05,0.960451,1,0
0.380859,0.380859,0.982194,-0.000104978,0.960413,1,0
0.322266,0.400391,0.959698,-0.000258552,0.966249,1,0
0.322266,0.419922,0.915507,-0.000295534,0.966202,1,0
0.341797,0.400391,0.959724,-0.000208952,0.964286,1,0
0.341797,0.419922,0.91554,-0.000241459,0.964241,1,0
0.322266,0.439453,0.833234,-0.000333456,0.966151,1,0
0.322266,0.458984,0.688859,-0.000359423,0.966115,1,0
0.341797,0.439453,0.83327,-0.000280103,0.964192,1,0
0.341797,0.458984,0.68884,-0.00030582,0.964158,1,0
0.361328,0.400391,0.959748,-0.000161663,0.962326,1,0
0.361328,0.419922,0.915572,-0.000190338,0.962284,1,0
0.380859,0.400391,0.95977,-0.000116886,0.960371,1,0
0.380859,0.419922,0.915602,-0.000142329,0.960332,1,0
0.361328,0.439453,0.833306,-0.000229862,0.962238,1,0
0.361328,0.458984,0.688827,-0.000256049,0.962207,1,0
0.380859,0.439453,0.833343,-0.00018286,0.960288,1,0
0.380859,0.458984,0.688819,-0.000210105,0.960259,1,0
0.400391,0.322266,1.00026,-4.44176e-05,0.95856,1,0
0.400391,0.341797,0.997986,-5.17991e-05,0.958528,1,0
0.419922,0.322266,1.00026,-1.36918e-05,0.956603,1,0
0.419922,0.341797,0.997989,-1.834e-05,0.956572,1,0
0.400391,0.361328,0.992984,-5.27334e-05,0.958494,1,0
0.400391,0.380859,0.982205,-6.41465e-05,0.958458,1,0
0.419922,0.361328,0.992989,-1.73882e-05,0.95654,1,0
0.419922,0.380859,0.982214,-2.57738e-05,0.956506,1,0
0.439453,0.322266,1.00026,1.54208e-05,0.954647,1,0
0.439453,0.341797,0.99799,1.3253e-05,0.954619,1,0
0.458984,0.322266,1.00026,4.28512e-05,0.952694,1,0
0.458984,0.341797,0.997989,4.29174e-05,0.952667,1,0
0.439453,0.361328,0.992992,1.58221e-05,0.954588,1,0
0.439453,0.380859,0.982221,1.00974e-05,0.954557,1,0
0.458984,0.361328,0.992993,4.68616e-05,0.952639,1,0
0.458984,0.380859,0.982226,4.34637e-05,0.95261,1,0
0.400391,0.400391,0.959789,-7.47555e-05,0.958419,1,0
0.400391,0.419922,0.915632,-9.75219e-05,0.958382,1,0
0.419922,0.400391,0.959806,-3.53503e-05,0.956469,1,0
0.419922,0.419922,0.915661,-5.59477e-05,0.956435,1,0
0.400391,0.439453,0.833381,-0.00013916,0.958342,1,0
0.400391,0.458984,0.688818,-0.00016793,0.958315,1,0
0.419922,0.439453,0.833421,-9.87702e-05,0.956398,1,0
0.419922,0.458984,0.688823,-0.000129427,0.956373,1,0
0.439453,0.400391,0.959822,1.2848e-06,0.954522,1,0
0.439453,0.419922,0.915689,-1.76107e-05,0.954491,1,0
0.458984,0.400391,0.959837,3.51949e-05,0.952577,1,0
0.458984,0.419922,0.915718,1.75595e-05,0.952549,1,0
0.439453,0.439453,0.833462,-6.16486e-05,0.954457,1,0
0.439453,0.458984,0.688835,-9.44678e-05,0.954434,1,0
0.458984,0.439453,0.833504,-2.77316e-05,0.952517,1,0
0.458984,0.458984,0.688852,-6.29117e-05,0.952497,1,0
0.322266,0.478516,0.447016,-0.000301657,0.96608,1,0
0.322266,0.498047,0.068051,-3.34266e-05,0.966082,0.6,0
0.341797,0.478516,0.446887,-0.000259074,0.964126,1,0
0.341797,0.498047,0.0677636,-3.50986e-05,0.964128,0.6,0
0.361328,0.478516,0.446783,-0.000220086,0.962177,1,0
0.361328,0.498047,0.0675123,-3.7078e-05,0.962178,0.6,0
0.380859,0.478516,0.446701,-0.000184605,0.960231,1,0
0.380859,0.498047,0.0672937,-3.92243e-05,0.960233,0.6,0
0.400391,0.478516,0.44664,-0.000152507,0.95829,1,0
0.400391,0.498047,0.0671046,-4.14222e-05,0.958291,0.6,0
0.419922,0.478516,0.446598,-0.000123644,0.956351,1,0
0.419922,0.498047,0.0669419,-4.35912e-05,0.956352,0.6,0
0.439453,0.478516,0.446573,-9.78511e-05,0.954414,1,0
0.439453,0.498047,0.0668029,-4.57007e-05,0.954415,0.6,0
0.458984,0.478516,0.446565,-7.49878e-05,0.952479,1,0
0.458984,0.498047,0.0666848,-4.77647e-05,0.95248,0.6,0
0.478516,0.322266,1.00025,6.85556e-05,0.950743,1,0
0.478516,0.341797,0.997985,7.06182e-05,0.950718,1,0
0.498047,0.322266,1.00025,9.25178e-05,0.948793,1,0
0.498047,0.341797,0.997981,9.63491e-05,0.94877,1,0
0.478516,0.361328,0.992993,7.57093e-05,0.950691,1,0
0.478516,0.380859,0.98223,7.43157e-05,0.950664,1,0
0.498047,0.361328,0.992991,0.000102371,0.948745,1,0
0.498047,0.380859,0.982233,0.000102669,0.94872,1,0
0.517578,0.322266,1.00024,0.000114742,0.946845,1,0
0.517578,0.341797,0.997975,0.000120123,0.946823,1,0
0.537109,0.322266,1.00023,0.000135247,0.944897,1,0
0.537109,0.341797,0.997968,0.00014197,0.944878,1,0
0.517578,0.361328,0.992988,0.000126877,0.9468,1,0
0.517578,0.380859,0.982235,0.00012859,0.946778,1,0
0.537109,0.361328,0.992984,0.000149285,0.944857,1,0
0.537109,0.380859,0.982237,0.000152165,0.944836,1,0
0.478516,0.400391,0.959851,6.64415e-05,0.950634,1,0
0.478516,0.419922,0.915747,4.97097e-05,0.950608,1,0
0.498047,0.400391,0.959865,9.50366e-05,0.948693,1,0
0.498047,0.419922,0.915776,7.89387e-05,0.948669,1,0
0.478516,0.439453,0.833548,3.08159e-06,0.95058,1,0
0.478516,0.458984,0.688875,-3.46048e-05,0.950561,1,0
0.498047,0.439453,0.833594,3.09755e-05,0.948643,1,0
0.498047,0.458984,0.688903,-9.27441e-06,0.948627,1,0
0.517578,0.400391,0.959878,0.000121048,0.946753,1,0
0.517578,0.419922,0.915806,0.000105329,0.946731,1,0
0.537109,0.400391,0.959891,0.000144581,0.944813,1,0
0.537109,0.419922,0.915837,0.000129004,0.944794,1,0
0.517578,0.439453,0.833642,5.60956e-05,0.946708,1,0
0.517578,0.458984,0.688937,1.33296e-05,0.946693,1,0
0.537109,0.439453,0.833691,7.85315e-05,0.944773,1,0
0.537109,0.458984,0.688975,3.32565e-05,0.94476,1,0
0.556641,0.322266,1.00022,0.000154068,0.942951,1,0
0.556641,0.341797,0.99796,0.00016194,0.942933,1,0
0.576172,0.322266,1.00022,0.000171249,0.941006,1,0
0.576172,0.341797,0.997951,0.000180098,0.940989,1,0
0.556641,0.361328,0.992979,0.000169666,0.942914,1,0
0.556641,0.380859,0.982238,0.00017349,0.942895,1,0
0.576172,0.361328,0.992973,0.000188106,0.940972,1,0
0.576172,0.380859,0.982238,0.000192676,0.940955,1,0
0.595703,0.322266,1.0002,0.000186845,0.939061,1,0
0.595703,0.341797,0.997942,0.000196512,0.939046,1,0
0.615234,0.322266,1.00019,0.000200917,0.937117,1,0
0.615234,0.341797,0.997933,0.000211257,0.937104,1,0
0.595703,0.361328,0.992968,0.000204694,0.93903,1,0
0.595703,0.380859,0.982239,0.000209842,0.939016,1,0
0.615234,0.361328,0.992961,0.000219516,0.937089,1,0
0.615234,0.380859,0.982239,0.000225087,0.937076,1,0
0.556641,0.400391,0.959904,0.000165763,0.942875,1,0
0.556641,0.419922,0.915868,0.000150143,0.942858,1,0
0.576172,0.400391,0.959917,0.000184728,0.940937,1,0
0.576172,0.419922,0.9159,0.000168896,0.940921,1,0
0.556641,0.439453,0.833742,9.85003e-05,0.942839,1,0
0.556641,0.458984,0.689018,5.08064e-05,0.942827,1,0
0.576172,0.439453,0.833795,0.000116121,0.940904,1,0
0.576172,0.458984,0.689065,6.59529e-05,0.940895,1,0
0.595703,0.400391,0.959931,0.000201624,0.938999,1,0
0.595703,0.419922,0.915933,0.000185488,0.938986,1,0
0.615234,0.400391,0.959944,0.000216552,0.937061,1,0
0.615234,0.419922,0.915966,0.000200035,0.93705,1,0
0.595703,0.439453,0.833849,0.000131746,0.93897,1,0
0.595703,0.458984,0.689116,7.952e-05,0.938962,1,0
0.615234,0.439453,0.833905,0.000145303,0.937036,1,0
0.615234,0.458984,0.689171,9.08259e-05,0.937029,1,0
0.478516,0.478516,0.446571,-5.48297e-05,0.950545,1,0
0.478516,0.498047,0.0665851,-4.96577e-05,0.950546,0.6,0
0.498047,0.478516,0.44659,-3.71215e-05,0.948612,1,0
0.498047,0.498047,0.0665015,-5.13507e-05,0.948613,0.6,0
0.517578,0.478516,0.44662,-2.15578e-05,0.94668,1,0
0.517578,0.498047,0.066432,-5.21189e-05,0.946681,0.6,0
0.537109,0.478516,0.44666,-8.10272e-06,0.944749,1,0
0.537109,0.498047,0.0663764,-5.267e-05,0.94475,0.6,0
0.556641,0.478516,0.446709,3.62556e-06,0.942817,1,0
0.556641,0.498047,0.0663308,-5.28266e-05,0.942818,0.6,0
0.576172,0.478516,0.446765,1.32132e-05,0.940886,1,0
0.576172,0.498047,0.0662976,-5.41945e-05,0.940887,0.6,0
0.595703,0.478516,0.446828,2.21126e-05,0.938954,1,0
0.595703,0.498047,0.0662665,-5.24684e-05,0.938955,0.6,0
0.615234,0.478516,0.446897,2.84477e-05,0.937022,1,0
0.615234,0.498047,0.0662549,-5.48484e-05,0.937024,0.6,0
0.634766,0.00976562,1.00327,3.43565e-05,0.935295,1,0
0.634766,0.0292969,1.00316,5.72198e-05,0.93529,1,0
0.654297,0.00976562,1.00325,3.63124e-05,0.933341,1,0
0.654297,0.0292969,1.00315,6.03097e-05,0.933336,1,0
0.634766,0.0488281,1.00305,5.9801e-05,0.935288,1,0
0.634766,0.0683594,1.00299,7.35997e-05,0.935283,1,0
0.654297,0.0488281,1.00304,6.32886e-05,0.933335,1,0
0.654297,0.0683594,1.00298,7.79813e-05,0.93333,1,0
0.673828,0.00976562,1.00322,3.81352e-05,0.931388,1,0
0.673828,0.0292969,1.00314,6.3168e-05,0.931384,1,0
0.693359,0.00976562,1.00319,3.98201e-05,0.929436,1,0
0.693359,0.0292969,1.00313,6.57912e-05,0.929431,1,0
0.673828,0.0488281,1.00303,6.65237e-05,0.931382,1,0
0.673828,0.0683594,1.00297,8.20358e-05,0.931378,1,0
0.693359,0.0488281,1.00302,6.95062e-05,0.92943,1,0
0.693359,0.0683594,1.00296,8.57646e-05,0.929426,1,0
0.634766,0.0878906,1.00294,8.06879e-05,0.935279,1,0
0.634766,0.107422,1.00289,9.17986e-05,0.935273,1,0
0.654297,0.0878906,1.00293,8.55229e-05,0.933326,1,0
0.654297,0.107422,1.00288,9.74278e-05,0.933321,1,0
0.634766,0.126953,1.00284,0.000101047,0.935267,1,0
0.634766,0.146484,1.00277,0.000111339,0.93526,1,0
0.654297,0.126953,1.00283,0.000107211,0.933316,1,0
0.654297,0.146484,1.00276,0.000118209,0.933309,1,0
0.673828,0.0878906,1.00292,8.99824e-05,0.931374,1,0
0.673828,0.107422,1.00287,0.000102616,0.931369,1,0
0.693359,0.0878906,1.00291,9.40713e-05,0.929423,1,0
0.693359,0.107422,1.00286,0.000107371,0.929418,1,0
0.673828,0.126953,1.00282,0.000112872,0.931364,1,0
0.673828,0.146484,1.00275,0.00012451,0.931358,1,0
0.693359,0.126953,1.0028,0.000118041,0.929414,1,0
0.693359,0.146484,1.00274,0.000130257,0.929408,1,0
0.712891,0.00976562,1.00317,4.13629e-05,0.927484,1,0
0.712891,0.0292969,1.00311,6.81776e-05,0.927479,1,0
0.732422,0.00976562,1.00314,4.27606e-05,0.925532,1,0
0.732422,0.0292969,1.0031,7.03265e-05,0.925528,1,0
0.712891,0.0488281,1.00301,7.22372e-05,0.927478,1,0
0.712891,0.0683594,1.00295,8.91705e-05,0.927474,1,0
0.732422,0.0488281,1.003,7.47189e-05,0.925527,1,0
0.732422,0.0683594,1.00293,9.2258e-05,0.925523,1,0
0.751953,0.00976562,1.00311,4.40109e-05,0.923581,1,0
0.751953,0.0292969,1.00309,7.22383e-05,0.923577,1,0
0.771484,0.00976562,1.00308,4.51122e-05,0.92163,1,0
0.771484,0.0292969,1.00307,7.39147e-05,0.921626,1,0
0.751953,0.0488281,1.00299,7.69547e-05,0.923576,1,0
0.751953,0.0683594,1.00292,9.50329e-05,0.923573,1,0
0.771484,0.0488281,1.00297,7.8949e-05,0.921626,1,0
0.771484,0.0683594,1.00291,9.75026e-05,0.921623,1,0
0.712891,0.0878906,1.0029,9.77966e-05,0.927472,1,0
0.712891,0.107422,1.00285,0.000111702,0.927467,1,0
0.732422,0.0878906,1.00288,0.000101167,0.925521,1,0
0.732422,0.107422,1.00283,0.00011562,0.925517,1,0
0.712891,0.126953,1.00279,0.000122731,0.927463,1,0
0.712891,0.146484,1.00273,0.000135467,0.927458,1,0
0.732422,0.126953,1.00278,0.00012696,0.925513,1,0
0.732422,0.146484,1.00272,0.00014016,0.925509,1,0
0.751953,0.0878906,1.00287,0.000104191,0.923571,1,0
0.751953,0.107422,1.00282,0.000119138,0.923567,1,0
0.771484,0.0878906,1.00286,0.000106882,0.921621,1,0
0.771484,0.107422,1.00281,0.00012227,0.921618,1,0
0.751953,0.126953,1.00277,0.000130743,0.923564,1,0
0.751953,0.146484,1.0027,0.000144357,0.92356,1,0
0.771484,0.126953,1.00275,0.0001341,0.921615,1,0
0.771484,0.146484,1.00269,0.000148081,0.921611,1,0
0.634766,0.166016,1.0027,0.000121701,0.935253,1,0
0.634766,0.185547,1.00262,0.000131981,0.935245,1,0
0.654297,0.166016,1.00269,0.000129144,0.933302,1,0
0.654297,0.185547,1.00261,0.000140063,0.933295,1,0
0.634766,0.205078,1.00252,0.000143196,0.935237,1,0
0.634766,0.224609,1.0024,0.000153768,0.935227,1,0
0.654297,0.205078,1.00251,0.000151831,0.933287,1,0
0.654297,0.224609,1.00239,0.000162992,0.933279,1,0
0.673828,0.166016,1.00268,0.000135945,0.931352,1,0
0.673828,0.185547,1.0026,0.000147433,0.931345,1,0
0.693359,0.166016,1.00267,0.000142124,0.929403,1,0
0.693359,0.185547,1.00258,0.000154115,0.929396,1,0
0.673828,0.205078,1.0025,0.000159676,0.931338,1,0
0.673828,0.224609,1.00238,0.000171349,0.931331,1,0
0.693359,0.205078,1.00249,0.00016676,0.92939,1,0
0.693359,0.224609,1.00237,0.000178874,0.929383,1,0
0.634766,0.244141,1.00226,0.000165862,0.935218,1,0
0.634766,0.263672,1.00206,0.000176834,0.935207,1,0
0.654297,0.244141,1.00225,0.000175564,0.93327,1,0
0.654297,0.263672,1.00205,0.000187082,0.93326,1,0
0.634766,0.283203,1.00176,0.000189678,0.935196,1,0
0.634766,0.302734,1.00124,0.000200996,0.935185,1,0
0.654297,0.283203,1.00175,0.000200264,0.933251,1,0
0.654297,0.302734,1.00122,0.00021208,0.933241,1,0
0.673828,0.244141,1.00223,0.000184314,0.931323,1,0
0.673828,0.263672,1.00204,0.000196291,0.931314,1,0
0.693359,0.244141,1.00222,0.000192156,0.929376,1,0
0.693359,0.263672,1.00203,0.000204513,0.929368,1,0
0.673828,0.283203,1.00174,0.000209723,0.931305,1,0
0.673828,0.302734,1.00121,0.000221937,0.931296,1,0
0.693359,0.283203,1.00173,0.000218115,0.92936,1,0
0.693359,0.302734,1.0012,0.000230637,0.929352,1,0
0.712891,0.166016,1.00266,0.000147704,0.927453,1,0
0.712891,0.185547,1.00257,0.000160137,0.927448,1,0
0.732422,0.166016,1.00264,0.00015271,0.925504,1,0
0.732422,0.185547,1.00256,0.000165529,0.925499,1,0
0.712891,0.205078,1.00247,0.000173117,0.927442,1,0
0.712891,0.224609,1.00236,0.000185605,0.927436,1,0
0.732422,0.205078,1.00246,0.000178782,0.925494,1,0
0.732422,0.224609,1.00234,0.000191584,0.925489,1,0
0.751953,0.166016,1.00263,0.00015717,0.923556,1,0
0.751953,0.185547,1.00255,0.000170323,0.923551,1,0
0.771484,0.166016,1.00262,0.000161109,0.921608,1,0
0.771484,0.185547,1.00253,0.00017455,0.921604,1,0
0.751953,0.205078,1.00245,0.000183792,0.923547,1,0
0.751953,0.224609,1.00233,0.000196855,0.923542,1,0
0.771484,0.205078,1.00243,0.000188187,0.9216,1,0
0.771484,0.224609,1.00232,0.000201462,0.921595,1,0
0.712891,0.244141,1.00221,0.000199133,0.927429,1,0
0.712891,0.263672,1.00201,0.000211798,0.927422,1,0
0.732422,0.244141,1.0022,0.000205294,0.925483,1,0
0.732422,0.263672,1.002,0.000218203,0.925477,1,0
0.712891,0.283203,1.00171,0.000225501,0.927415,1,0
0.712891,0.302734,1.00119,0.00023825,0.927408,1,0
0.732422,0.283203,1.0017,0.000231947,0.925471,1,0
0.732422,0.302734,1.00117,0.00024485,0.925465,1,0
0.751953,0.244141,1.00218,0.000210691,0.923537,1,0
0.751953,0.263672,1.00199,0.000223786,0.923532,1,0
0.771484,0.244141,1.00217,0.000215373,0.921591,1,0
0.771484,0.263672,1.00197,0.000228604,0.921586,1,0
0.751953,0.283203,1.00169,0.000237517,0.923526,1,0
0.751953,0.302734,1.00116,0.000250512,0.923521,1,0
0.771484,0.283203,1.00167,0.000242275,0.921582,1,0
0.771484,0.302734,1.00115,0.000255308,0.921577,1,0
0.791016,0.00976562,1.00304,4.60644e-05,0.919679,1,0
0.791016,0.0292969,1.00306,7.53589e-05,0.919676,1,0
0.810547,0.00976562,1.00301,4.68686e-05,0.917729,1,0
0.810547,0.0292969,1.00304,7.65756e-05,0.917726,1,0
0.791016,0.0488281,1.00296,8.07073e-05,0.919676,1,0
0.791016,0.0683594,1.00289,9.96758e-05,0.919673,1,0
0.810547,0.0488281,1.00295,8.22364e-05,0.917726,1,0
0.810547,0.0683594,1.00288,0.000101563,0.917723,1,0
0.830078,0.00976562,1.00298,4.75266e-05,0.915779,1,0
0.830078,0.0292969,1.00302,7.75706e-05,0.915777,1,0
0.849609,0.00976562,1.00295,4.80411e-05,0.91383,1,0
0.849609,0.0292969,1.00301,7.83506e-05,0.913827,1,0
0.830078,0.0488281,1.00293,8.35438e-05,0.915777,1,0
0.830078,0.0683594,1.00287,0.000103174,0.915774,1,0
0.849609,0.0488281,1.00292,8.46375e-05,0.913827,1,0
0.849609,0.0683594,1.00285,0.00010452,0.913825,1,0
0.791016,0.0878906,1.00284,0.000109251,0.919671,1,0
0.791016,0.107422,1.0028,0.000125032,0.919668,1,0
0.810547,0.0878906,1.00283,0.000111312,0.917722,1,0
0.810547,0.107422,1.00278,0.00012744,0.917719,1,0
0.791016,0.126953,1.00274,0.000137049,0.919666,1,0
0.791016,0.146484,1.00268,0.000151354,0.919663,1,0
0.810547,0.126953,1.00273,0.000139613,0.917717,1,0
0.810547,0.146484,1.00266,0.000154201,0.917715,1,0
0.830078,0.0878906,1.00282,0.000113079,0.915773,1,0
0.830078,0.107422,1.00277,0.000129511,0.915771,1,0
0.849609,0.0878906,1.0028,0.000114567,0.913824,1,0
0.849609,0.107422,1.00275,0.000131262,0.913822,1,0
0.830078,0.126953,1.00271,0.00014181,0.915769,1,0
0.830078,0.146484,1.00265,0.000156645,0.915766,1,0
0.849609,0.126953,1.0027,0.000143663,0.913821,1,0
0.849609,0.146484,1.00264,0.00015871,0.913819,1,0
0.869141,0.00976562,1.00292,4.84153e-05,0.91188,1,0
0.869141,0.0292969,1.00299,7.89231e-05,0.911878,1,0
0.888672,0.00976562,1.00288,4.86531e-05,0.909931,1,0
0.888672,0.0292969,1.00297,7.92959e-05,0.909929,1,0
0.869141,0.0488281,1.0029,8.55262e-05,0.911878,1,0
0.869141,0.0683594,1.00284,0.000105615,0.911876,1,0
0.888672,0.0488281,1.00289,8.6219e-05,0.909929,1,0
0.888672,0.0683594,1.00282,0.000106469,0.909928,1,0
0.908203,0.00976562,1.00285,4.8759e-05,0.907982,1,0
0.908203,0.0292969,1.00295,7.94781e-05,0.90798,1,0
0.927734,0.00976562,1.00282,4.87385e-05,0.906033,1,0
0.927734,0.0292969,1.00294,7.94789e-05,0.906031,1,0
0.908203,0.0488281,1.00287,8.67253e-05,0.907981,1,0
0.908203,0.0683594,1.00281,0.000107095,0.907979,1,0
0.927734,0.0488281,1.00286,8.70544e-05,0.906032,1,0
0.927734,0.0683594,1.0028,0.000107506,0.906031,1,0
0.869141,0.0878906,1.00279,0.000115789,0.911876,1,0
0.869141,0.107422,1.00274,0.000132711,0.911874,1,0
0.888672,0.0878906,1.00277,0.000116762,0.909927,1,0
0.888672,0.107422,1.00273,0.000133876,0.909926,1,0
0.869141,0.126953,1.00268,0.000145192,0.911873,1,0
0.869141,0.146484,1.00262,0.000160422,0.911871,1,0
0.888672,0.126953,1.00267,0.000146419,0.909925,1,0
0.888672,0.146484,1.00261,0.000161802,0.909923,1,0
0.908203,0.0878906,1.00276,0.000117499,0.907979,1,0
0.908203,0.107422,1.00271,0.000134774,0.907978,1,0
0.927734,0.0878906,1.00275,0.000118016,0.906031,1,0
0.927734,0.107422,1.0027,0.000135422,0.90603,1,0
0.908203,0.126953,1.00266,0.000147363,0.907977,1,0
0.908203,0.146484,1.00259,0.000162875,0.907976,1,0
0.927734,0.126953,1.00264,0.000148044,0.906029,1,0
0.927734,0.146484,1.00258,0.000163662,0.906028,1,0
0.791016,0.166016,1.0026,0.000164555,0.91966,1,0
0.791016,0.185547,1.00252,0.000178242,0.919656,1,0
0.810547,0.166016,1.00259,0.000167537,0.917712,1,0
0.810547,0.185547,1.00251,0.000181432,0.917709,1,0
0.791016,0.205078,1.00242,0.000192002,0.919653,1,0
0.791016,0.224609,1.0023,0.000205447,0.919649,1,0
0.810547,0.205078,1.00241,0.000195277,0.917706,1,0
0.810547,0.224609,1.00229,0.000208854,0.917702,1,0
0.830078,0.166016,1.00258,0.000170084,0.915764,1,0
0.830078,0.185547,1.00249,0.000184152,0.915762,1,0
0.849609,0.166016,1.00256,0.000172222,0.913817,1,0
0.849609,0.185547,1.00248,0.000186433,0.913814,1,0
0.830078,0.205078,1.00239,0.000198048,0.915759,1,0
0.830078,0.224609,1.00227,0.000211725,0.915756,1,0
0.849609,0.205078,1.00238,0.000200352,0.913812,1,0
0.849609,0.224609,1.00226,0.000214099,0.91381,1,0
0.791016,0.244141,1.00216,0.00021939,0.919645,1,0
0.791016,0.263672,1.00196,0.000232713,0.919641,1,0
0.810547,0.244141,1.00214,0.000222793,0.917699,1,0
0.810547,0.263672,1.00194,0.000236169,0.917696,1,0
0.791016,0.283203,1.00166,0.000246285,0.919637,1,0
0.791016,0.302734,1.00114,0.000259312,0.919633,1,0
0.810547,0.283203,1.00165,0.000249611,0.917692,1,0
0.810547,0.302734,1.00112,0.000262593,0.917689,1,0
0.830078,0.244141,1.00213,0.000225628,0.915753,1,0
0.830078,0.263672,1.00193,0.000239025,0.91575,1,0
0.849609,0.244141,1.00211,0.000227942,0.913807,1,0
0.849609,0.263672,1.00192,0.000241333,0.913805,1,0
0.830078,0.283203,1.00163,0.000252314,0.915748,1,0
0.830078,0.302734,1.00111,0.00026522,0.915745,1,0
0.849609,0.283203,1.00162,0.000254451,0.913803,1,0
0.849609,0.302734,1.0011,0.000267254,0.913801,1,0
0.869141,0.166016,1.00255,0.00017398,0.911869,1,0
0.869141,0.185547,1.00246,0.000188308,0.911867,1,0
0.888672,0.166016,1.00253,0.000175386,0.909922,1,0
0.888672,0.185547,1.00245,0.000189807,0.90992,1,0
0.869141,0.205078,1.00236,0.000202223,0.911866,1,0
0.869141,0.224609,1.00225,0.000216018,0.911864,1,0
0.888672,0.205078,1.00235,0.000203697,0.909919,1,0
0.888672,0.224609,1.00223,0.000217518,0.909917,1,0
0.908203,0.166016,1.00252,0.000176466,0.907975,1,0
0.908203,0.185547,1.00244,0.000190958,0.907973,1,0
0.927734,0.166016,1.00251,0.000177244,0.906028,1,0
0.927734,0.185547,1.00242,0.000191791,0.906026,1,0
0.908203,0.205078,1.00234,0.000204807,0.907972,1,0
0.908203,0.224609,1.00222,0.000218636,0.907971,1,0
0.927734,0.205078,1.00232,0.000205583,0.906026,1,0
0.927734,0.224609,1.00221,0.000219406,0.906025,1,0
0.869141,0.244141,1.0021,0.000229778,0.911862,1,0
0.869141,0.263672,1.0019,0.000243141,0.91186,1,0
0.888672,0.244141,1.00209,0.00023118,0.909916,1,0
0.888672,0.263672,1.00189,0.000244497,0.909914,1,0
0.869141,0.283203,1.00161,0.000256075,0.911858,1,0
0.869141,0.302734,1.00109,0.000268757,0.911856,1,0
0.888672,0.283203,1.00159,0.000257237,0.909913,1,0
0.888672,0.302734,1.00107,0.000269782,0.909912,1,0
0.908203,0.244141,1.00207,0.000232186,0.90797,1,0
0.908203,0.263672,1.00188,0.000245442,0.907969,1,0
0.927734,0.244141,1.00206,0.000232834,0.906024,1,0
0.927734,0.263672,1.00187,0.000246018,0.906023,1,0
0.908203,0.283203,1.00158,0.000257985,0.907968,1,0
0.908203,0.302734,1.00106,0.000270382,0.907967,1,0
0.927734,0.283203,1.00157,0.00025836,0.906022,1,0
0.927734,0.302734,1.00105,0.000270602,0.906022,1,0
0.634766,0.322266,1.00018,0.000213531,0.935173,1,0
0.634766,0.341797,0.997923,0.000224407,0.935161,1,0
0.654297,0.322266,1.00017,0.000224755,0.93323,1,0
0.654297,0.341797,0.997913,0.000236039,0.93322,1,0
0.634766,0.361328,0.992955,0.000232652,0.935149,1,0
0.634766,0.380859,0.98224,0.000238499,0.935137,1,0
0.654297,0.361328,0.992949,0.000244178,0.933208,1,0
0.654297,0.380859,0.98224,0.000250161,0.933198,1,0
0.673828,0.322266,1.00016,0.000234663,0.931287,1,0
0.673828,0.341797,0.997902,0.000246228,0.931278,1,0
0.693359,0.322266,1.00015,0.000243332,0.929344,1,0
0.693359,0.341797,0.997892,0.000255062,0.929336,1,0
0.673828,0.361328,0.992942,0.000254168,0.931268,1,0
0.673828,0.380859,0.982241,0.00026014,0.931259,1,0
0.693359,0.361328,0.992936,0.000262718,0.929327,1,0
0.693359,0.380859,0.982242,0.000268539,0.92932,1,0
0.634766,0.400391,0.959958,0.000229628,0.935124,1,0
0.634766,0.419922,0.916001,0.000212694,0.935114,1,0
0.654297,0.400391,0.959973,0.000240909,0.933187,1,0
0.654297,0.419922,0.916036,0.000223448,0.933178,1,0
0.634766,0.439453,0.833962,0.000157185,0.935102,1,0
0.634766,0.458984,0.689229,0.000101506,0.935096,1,0
0.654297,0.439453,0.83402,0.000167273,0.933168,1,0
0.654297,0.458984,0.689289,0.000110476,0.933164,1,0
0.673828,0.400391,0.959987,0.00025036,0.931249,1,0
0.673828,0.419922,0.916072,0.000232152,0.931243,1,0
0.693359,0.400391,0.960003,0.000258123,0.929312,1,0
0.693359,0.419922,0.916108,0.000239063,0.929306,1,0
0.673828,0.439453,0.834079,0.000175117,0.931234,1,0
0.673828,0.458984,0.68935,0.000115906,0.931231,1,0
0.693359,0.439453,0.834139,0.000181217,0.9293,1,0
0.693359,0.458984,0.689416,0.000119689,0.929297,1,0
0.712891,0.322266,1.00014,0.000250845,0.927401,1,0
0.712891,0.341797,0.997882,0.000262646,0.927394,1,0
0.732422,0.322266,1.00012,0.000257291,0.925458,1,0
0.732422,0.341797,0.997872,0.00026909,0.925453,1,0
0.712891,0.361328,0.99293,0.000269963,0.927387,1,0
0.712891,0.380859,0.982244,0.000275526,0.927381,1,0
0.732422,0.361328,0.992924,0.000276037,0.925446,1,0
0.732422,0.380859,0.982246,0.000281276,0.925441,1,0
0.751953,0.322266,1.00011,0.000262757,0.923515,1,0
0.751953,0.341797,0.997862,0.000274494,0.923511,1,0
0.771484,0.322266,1.0001,0.000267325,0.921572,1,0
0.771484,0.341797,0.997853,0.000278949,0.921568,1,0
0.751953,0.361328,0.992919,0.000281051,0.923505,1,0
0.751953,0.380859,0.982249,0.000285923,0.923501,1,0
0.771484,0.361328,0.992914,0.000285102,0.921564,1,0
0.771484,0.380859,0.982252,0.000289569,0.921561,1,0
0.712891,0.400391,0.960019,0.000264479,0.927374,1,0
0.712891,0.419922,0.916146,0.000244508,0.927369,1,0
0.732422,0.400391,0.960036,0.000269636,0.925435,1,0
0.732422,0.419922,0.916185,0.000248755,0.925432,1,0
0.712891,0.439453,0.8342,0.000185839,0.927364,1,0
0.712891,0.458984,0.689484,0.000122141,0.927362,1,0
0.732422,0.439453,0.834263,0.000189406,0.925427,1,0
0.732422,0.458984,0.689554,0.000124288,0.925426,1,0
0.751953,0.400391,0.960053,0.000273715,0.923496,1,0
0.751953,0.419922,0.916224,0.000251958,0.923494,1,0
0.771484,0.400391,0.960071,0.000276807,0.921557,1,0
0.771484,0.419922,0.916264,0.000254203,0.921555,1,0
0.751953,0.439453,0.834327,0.000192069,0.92349,1,0
0.751953,0.458984,0.689626,0.000125898,0.923489,1,0
0.771484,0.439453,0.834391,0.000193856,0.921552,1,0
0.771484,0.458984,0.689698,0.000126754,0.921552,1,0
0.634766,0.478516,0.446969,3.57253e-05,0.935089,1,0
0.634766,0.498047,0.066228,-4.73977e-05,0.93509,0.6,0
0.654297,0.478516,0.447046,4.2432e-05,0.933159,1,0
0.654297,0.498047,0.0662455,-4.42499e-05,0.93316,0.6,0
0.673828,0.478516,0.447121,4.48562e-05,0.931229,1,0
0.673828,0.498047,0.0662349,-4.97328e-05,0.93123,0.6,0
0.693359,0.478516,0.447202,4.5944e-05,0.929295,1,0
0.693359,0.498047,0.0662471,-4.88652e-05,0.929295,0.6,0
0.712891,0.478516,0.447284,4.57689e-05,0.92736,1,0
0.712891,0.498047,0.0662443,-5.13647e-05,0.927362,0.6,0
0.732422,0.478516,0.447368,4.61168e-05,0.925424,1,0
0.732422,0.498047,0.0662489,-4.96504e-05,0.925425,0.6,0
0.751953,0.478516,0.447452,4.6196e-05,0.923488,1,0
0.751953,0.498047,0.066252,-4.8086e-05,0.923489,0.6,0
0.771484,0.478516,0.447536,4.58735e-05,0.921551,1,0
0.771484,0.498047,0.0662579,-4.62586e-05,0.921552,0.6,0
0.791016,0.322266,1.00009,0.000271076,0.919629,1,0
0.791016,0.341797,0.997844,0.00028254,0.919626,1,0
0.810547,0.322266,1.00008,0.000274085,0.917686,1,0
0.810547,0.341797,0.997835,0.000285352,0.917683,1,0
0.791016,0.361328,0.99291,0.000288281,0.919622,1,0
0.791016,0.380859,0.982256,0.000292308,0.91962,1,0
0.810547,0.361328,0.992905,0.000290674,0.91768,1,0
0.810547,0.380859,0.98226,0.000294235,0.917679,1,0
0.830078,0.322266,1.00007,0.000276426,0.915742,1,0
0.830078,0.341797,0.997826,0.000287464,0.91574,1,0
0.849609,0.322266,1.00006,0.000278166,0.913799,1,0
0.849609,0.341797,0.997818,0.000288954,0.913797,1,0
0.830078,0.361328,0.992902,0.000292367,0.915738,1,0
0.830078,0.380859,0.982265,0.000295445,0.915737,1,0
0.849609,0.361328,0.992898,0.000293447,0.913795,1,0
0.849609,0.380859,0.98227,0.000296035,0.913795,1,0
0.791016,0.400391,0.96009,0.000279001,0.919617,1,0
0.791016,0.419922,0.916305,0.000255565,0.919616,1,0
0.810547,0.400391,0.96011,0.000280392,0.917676,1,0
0.810547,0.419922,0.916347,0.000256133,0.917676,1,0
0.791016,0.439453,0.834456,0.000194796,0.919614,1,0
0.791016,0.458984,0.689772,0.000126788,0.919614,1,0
0.810547,0.439453,0.834522,0.000194977,0.917674,1,0
0.810547,0.458984,0.689846,0.000126089,0.917675,1,0
0.830078,0.400391,0.96013,0.000281083,0.915735,1,0
0.830078,0.419922,0.916389,0.000256017,0.915735,1,0
0.849609,0.400391,0.96015,0.000281181,0.913794,1,0
0.849609,0.419922,0.916432,0.00025534,0.913794,1,0
0.830078,0.439453,0.834588,0.000194522,0.915734,1,0
0.830078,0.458984,0.689922,0.000124798,0.915736,1,0
0.849609,0.439453,0.834655,0.000193579,0.913794,1,0
0.849609,0.458984,0.689998,0.000123126,0.913795,1,0
0.869141,0.322266,1.00005,0.000279371,0.911855,1,0
0.869141,0.341797,0.99781,0.000289896,0.911854,1,0
0.888672,0.322266,1.00004,0.000280104,0.90991,1,0
0.888672,0.341797,0.997803,0.000290358,0.90991,1,0
0.869141,0.361328,0.992895,0.000293994,0.911852,1,0
0.869141,0.380859,0.982276,0.000296096,0.911852,1,0
0.888672,0.361328,0.992893,0.000294079,0.909909,1,0
0.888672,0.380859,0.982282,0.000295706,0.909909,1,0
0.908203,0.322266,1.00003,0.000280417,0.907966,1,0
0.908203,0.341797,0.997796,0.000290398,0.907966,1,0
0.927734,0.322266,1.00002,0.00028036,0.906021,1,0
0.927734,0.341797,0.997789,0.000290069,0.906022,1,0
0.908203,0.361328,0.992891,0.000293764,0.907965,1,0
0.908203,0.380859,0.982289,0.000294934,0.907966,1,0
0.927734,0.361328,0.992889,0.000293102,0.906021,1,0
0.927734,0.380859,0.982296,0.000293834,0.906022,1,0
0.869141,0.400391,0.960172,0.000280789,0.911852,1,0
0.869141,0.419922,0.916476,0.000254224,0.911852,1,0
0.888672,0.400391,0.960193,0.000279992,0.909909,1,0
0.888672,0.419922,0.91652,0.000252768,0.90991,1,0
0.869141,0.439453,0.834722,0.000192284,0.911852,1,0
0.869141,0.458984,0.690074,0.000121266,0.911854,1,0
0.888672,0.439453,0.834789,0.000190741,0.90991,1,0
0.888672,0.458984,0.690151,0.00011935,0.909912,1,0
0.908203,0.400391,0.960216,0.000278858,0.907966,1,0
0.908203,0.419922,0.916564,0.000251045,0.907967,1,0
0.927734,0.400391,0.960238,0.000277437,0.906022,1,0
0.927734,0.419922,0.916608,0.000249101,0.906024,1,0
0.908203,0.439453,0.834856,0.000189006,0.907968,1,0
0.908203,0.458984,0.690228,0.000117407,0.90797,1,0
0.927734,0.439453,0.834924,0.000187108,0.906025,1,0
0.927734,0.458984,0.690305,0.000115444,0.906027,1,0
0.791016,0.478516,0.447618,4.49676e-05,0.919614,1,0
0.791016,0.498047,0.0662638,-4.51024e-05,0.919615,0.6,0
0.810547,0.478516,0.447701,4.35487e-05,0.917675,1,0
0.810547,0.498047,0.0662699,-4.44322e-05,0.917676,0.6,0
0.830078,0.478516,0.447782,4.1713e-05,0.915736,1,0
0.830078,0.498047,0.0662745,-4.4162e-05,0.915737,0.6,0
0.849609,0.478516,0.447863,3.96795e-05,0.913796,1,0
0.849609,0.498047,0.0662777,-4.38026e-05,0.913797,0.6,0
0.869141,0.478516,0.447943,3.76527e-05,0.911854,1,0
0.869141,0.498047,0.0662793,-4.30853e-05,0.911856,0.6,0
0.888672,0.478516,0.448021,3.57928e-05,0.909912,1,0
0.888672,0.498047,0.0662799,-4.18372e-05,0.909914,0.6,0
0.908203,0.478516,0.448098,3.4092e-05,0.90797,1,0
0.908203,0.498047,0.0662801,-4.03576e-05,0.907971,0.6,0
0.927734,0.478516,0.448173,3.24871e-05,0.906027,1,0
0.927734,0.498047,0.0662799,-3.88364e-05,0.906028,0.6,0
0.947266,0.00976562,1.00279,4.85974e-05,0.904084,1,0
0.947266,0.0292969,1.00292,7.93079e-05,0.904083,1,0
0.966797,0.00976562,1.00275,4.83414e-05,0.902136,1,0
0.966797,0.0292969,1.0029,7.89745e-05,0.902134,1,0
0.947266,0.0488281,1.00284,8.72159e-05,0.904084,1,0
0.947266,0.0683594,1.00278,0.000107716,0.904083,1,0
0.966797,0.0488281,1.00283,8.72189e-05,0.902135,1,0
0.966797,0.0683594,1.00277,0.000107735,0.902134,1,0
0.986328,0.00976562,1.00272,4.79759e-05,0.900187,1,0
0.986328,0.0292969,1.00288,7.84877e-05,0.900186,1,0
1.00586,0.00976562,1.00269,4.75058e-05,0.898239,1,0
1.00586,0.0292969,1.00286,7.78559e-05,0.898238,1,0
0.986328,0.0488281,1.00281,8.70728e-05,0.900187,1,0
0.986328,0.0683594,1.00275,0.000107576,0.900186,1,0
1.00586,0.0488281,1.0028,8.67868e-05,0.898239,1,0
1.00586,0.0683594,1.00274,0.000107251,0.898238,1,0
0.947266,0.0878906,1.00273,0.000118326,0.904083,1,0
0.947266,0.107422,1.00268,0.000135836,0.904082,1,0
0.966797,0.0878906,1.00272,0.000118444,0.902135,1,0
0.966797,0.107422,1.00267,0.000136033,0.902134,1,0
0.947266,0.126953,1.00263,0.000148481,0.904082,1,0
0.947266,0.146484,1.00256,0.000164185,0.904081,1,0
0.966797,0.126953,1.00261,0.000148694,0.902134,1,0
0.966797,0.146484,1.00255,0.000164465,0.902133,1,0
0.986328,0.0878906,1.0027,0.000118383,0.900187,1,0
0.986328,0.107422,1.00265,0.000136029,0.900186,1,0
1.00586,0.0878906,1.00269,0.000118157,0.898239,1,0
1.00586,0.107422,1.00264,0.000135839,0.898239,1,0
0.986328,0.126953,1.0026,0.000148699,0.900187,1,0
0.986328,0.146484,1.00254,0.000164522,0.900186,1,0
1.00586,0.126953,1.00258,0.000148515,0.898239,1,0
1.00586,0.146484,1.00252,0.000164376,0.898239,1,0
1.02539,0.00976562,1.00266,4.69363e-05,0.89629,1,0
1.02539,0.0292969,1.00284,7.70882e-05,0.89629,1,0
1.04492,0.00976562,1.00263,4.62737e-05,0.894342,1,0
1.04492,0.0292969,1.00282,7.61943e-05,0.894342,1,0
1.02539,0.0488281,1.00278,8.63703e-05,0.896291,1,0
1.02539,0.0683594,1.00272,0.000106772,0.896291,1,0
1.04492,0.0488281,1.00277,8.5833e-05,0.894343,1,0
1.04492,0.0683594,1.00271,0.000106152,0.894343,1,0
1.06445,0.00976562,1.0026,4.5525e-05,0.892394,1,0
1.06445,0.0292969,1.0028,7.5185e-05,0.892394,1,0
1.08398,0.00976562,1.00257,4.46984e-05,0.890446,1,0
1.08398,0.0292969,1.00278,7.40718e-05,0.890446,1,0
1.06445,0.0488281,1.00275,8.51845e-05,0.892395,1,0
1.06445,0.0683594,1.00269,0.000105402,0.892395,1,0
1.08398,0.0488281,1.00274,8.44346e-05,0.890447,1,0
1.08398,0.0683594,1.00268,0.000104534,0.890447,1,0
1.02539,0.0878906,1.00267,0.000117779,0.896291,1,0
1.02539,0.107422,1.00262,0.000135479,0.896291,1,0
1.04492,0.0878906,1.00266,0.000117261,0.894344,1,0
1.04492,0.107422,1.00261,0.000134963,0.894343,1,0
1.02539,0.126953,1.00257,0.000148158,0.896292,1,0
1.02539,0.146484,1.00251,0.000164043,0.896291,1,0
1.04492,0.126953,1.00255,0.000147644,0.894344,1,0
1.04492,0.146484,1.00249,0.000163542,0.894344,1,0
1.06445,0.0878906,1.00264,0.000116616,0.892396,1,0
1.06445,0.107422,1.00259,0.000134304,0.892396,1,0
1.08398,0.0878906,1.00263,0.000115857,0.890448,1,0
1.08398,0.107422,1.00258,0.000133517,0.890448,1,0
1.06445,0.126953,1.00254,0.000146988,0.892397,1,0
1.06445,0.146484,1.00248,0.000162888,0.892397,1,0
1.08398,0.126953,1.00253,0.000146204,0.890449,1,0
1.08398,0.146484,1.00246,0.000162096,0.890449,1,0
0.947266,0.166016,1.00249,0.000177746,0.90408,1,0
0.947266,0.185547,1.00241,0.000192331,0.90408,1,0
0.966797,0.166016,1.00248,0.000177995,0.902133,1,0
0.966797,0.185547,1.00239,0.000192604,0.902133,1,0
0.947266,0.205078,1.00231,0.000206055,0.904079,1,0
0.947266,0.224609,1.00219,0.000219859,0.904078,1,0
0.966797,0.205078,1.0023,0.000206251,0.902132,1,0
0.966797,0.224609,1.00218,0.000220027,0.902132,1,0
0.986328,0.166016,1.00246,0.000178013,0.900186,1,0
0.986328,0.185547,1.00238,0.000192635,0.900186,1,0
1.00586,0.166016,1.00245,0.000177821,0.898239,1,0
1.00586,0.185547,1.00237,0.000192445,0.898239,1,0
0.986328,0.205078,1.00228,0.000206197,0.900186,1,0
0.986328,0.224609,1.00217,0.000219935,0.900185,1,0
1.00586,0.205078,1.00227,0.000205917,0.898239,1,0
1.00586,0.224609,1.00215,0.000219612,0.898239,1,0
0.947266,0.244141,1.00205,0.000233159,0.904078,1,0
0.947266,0.263672,1.00185,0.000246261,0.904077,1,0
0.966797,0.244141,1.00203,0.000233192,0.902132,1,0
0.966797,0.263672,1.00184,0.000246205,0.902131,1,0
0.947266,0.283203,1.00156,0.000258402,0.904077,1,0
0.947266,0.302734,1.00104,0.000270485,0.904077,1,0
0.966797,0.283203,1.00155,0.000258148,0.902131,1,0
0.966797,0.302734,1.00103,0.000270067,0.902131,1,0
0.986328,0.244141,1.00202,0.000232963,0.900185,1,0
0.986328,0.263672,1.00183,0.000245882,0.900185,1,0
1.00586,0.244141,1.00201,0.000232501,0.898239,1,0
1.00586,0.263672,1.00182,0.000245321,0.898239,1,0
0.986328,0.283203,1.00153,0.00025763,0.900185,1,0
0.986328,0.302734,1.00102,0.000269383,0.900186,1,0
1.00586,0.283203,1.00152,0.000256877,0.898239,1,0
1.00586,0.302734,1.00101,0.000268464,0.89824,1,0
1.02539,0.166016,1.00243,0.000177438,0.896292,1,0
1.02539,0.185547,1.00235,0.000192056,0.896292,1,0
1.04492,0.166016,1.00242,0.000176884,0.894345,1,0
1.04492,0.185547,1.00234,0.000191488,0.894345,1,0
1.02539,0.205078,1.00225,0.000205435,0.896292,1,0
1.02539,0.224609,1.00214,0.00021908,0.896292,1,0
1.04492,0.205078,1.00224,0.000204771,0.894345,1,0
1.04492,0.224609,1.00213,0.000218362,0.894346,1,0
1.06445,0.166016,1.00241,0.000176176,0.892397,1,0
1.06445,0.185547,1.00232,0.00019076,0.892398,1,0
1.08398,0.166016,1.00239,0.00017533,0.89045,1,0
1.08398,0.185547,1.00231,0.000189889,0.890451,1,0
1.06445,0.205078,1.00223,0.000203947,0.892398,1,0
1.06445,0.224609,1.00211,0.00021748,0.892399,1,0
1.08398,0.205078,1.00221,0.000202981,0.890451,1,0
1.08398,0.224609,1.0021,0.000216454,0.890452,1,0
1.02539,0.244141,1.002,0.000231829,0.896293,1,0
1.02539,0.263672,1.0018,0.000244549,0.896293,1,0
1.04492,0.244141,1.00198,0.000230973,0.894346,1,0
1.04492,0.263672,1.00179,0.00024359,0.894347,1,0
1.02539,0.283203,1.00151,0.000255918,0.896293,1,0
1.02539,0.302734,1.001,0.000267338,0.896294,1,0
1.04492,0.283203,1.0015,0.000254776,0.894347,1,0
1.04492,0.302734,1.00099,0.000266032,0.894348,1,0
1.06445,0.244141,1.00197,0.000229955,0.892399,1,0
1.06445,0.263672,1.00178,0.000242467,0.8924,1,0
1.08398,0.244141,1.00196,0.000228795,0.890453,1,0
1.08398,0.263672,1.00177,0.000241204,0.890454,1,0
1.06445,0.283203,1.00149,0.000253478,0.892401,1,0
1.06445,0.302734,1.00098,0.000264571,0.892402,1,0
1.08398,0.283203,1.00148,0.000252045,0.890454,1,0
1.08398,0.302734,1.00097,0.00026298,0.890456,1,0
1.10352,0.00976562,1.00254,4.38024e-05,0.888498,1,0
1.10352,0.0292969,1.00277,7.28663e-05,0.888498,1,0
1.12305,0.00976562,1.00251,4.28448e-05,0.88655,1,0
1.12305,0.0292969,1.00275,7.15792e-05,0.88655,1,0
1.10352,0.0488281,1.00272,8.35927e-05,0.888499,1,0
1.10352,0.0683594,1.00266,0.00010356,0.888499,1,0
1.12305,0.0488281,1.0027,8.26681e-05,0.886551,1,0
1.12305,0.0683594,1.00265,0.000102491,0.886552,1,0
1.14258,0.00976562,1.00248,4.1833e-05,0.884602,1,0
1.14258,0.0292969,1.00273,7.02207e-05,0.884602,1,0
1.16211,0.00976562,1.00245,4.07739e-05,0.882654,1,0
1.16211,0.0292969,1.00271,6.88001e-05,0.882654,1,0
1.14258,0.0488281,1.00269,8.16696e-05,0.884604,1,0
1.14258,0.0683594,1.00263,0.000101338,0.884604,1,0
1.16211,0.0488281,1.00267,8.06055e-05,0.882656,1,0
1.16211,0.0683594,1.00262,0.000100111,0.882656,1,0
1.10352,0.0878906,1.00261,0.000114995,0.8885,1,0
1.10352,0.107422,1.00256,0.000132615,0.888501,1,0
1.12305,0.0878906,1.0026,0.00011404,0.886553,1,0
1.12305,0.107422,1.00255,0.000131609,0.886553,1,0
1.10352,0.126953,1.00251,0.000145306,0.888502,1,0
1.10352,0.146484,1.00245,0.000161182,0.888502,1,0
1.12305,0.126953,1.0025,0.000144305,0.886554,1,0
1.12305,0.146484,1.00243,0.000160159,0.886555,1,0
1.14258,0.0878906,1.00258,0.000113004,0.884605,1,0
1.14258,0.107422,1.00253,0.000130512,0.884606,1,0
1.16211,0.0878906,1.00257,0.000111897,0.882658,1,0
1.16211,0.107422,1.00252,0.000129334,0.882658,1,0
1.14258,0.126953,1.00248,0.000143216,0.884607,1,0
1.14258,0.146484,1.00242,0.000159041,0.884607,1,0
1.16211,0.126953,1.00247,0.000142049,0.882659,1,0
1.16211,0.146484,1.00241,0.000157838,0.88266,1,0
1.18164,0.00976562,1.00243,3.96739e-05,0.880706,1,0
1.18164,0.0292969,1.00269,6.73264e-05,0.880707,1,0
1.20117,0.00976562,1.0024,3.85394e-05,0.878758,1,0
1.20117,0.0292969,1.00267,6.58081e-05,0.878759,1,0
1.18164,0.0488281,1.00266,7.94839e-05,0.880708,1,0
1.18164,0.0683594,1.0026,9.88197e-05,0.880709,1,0
1.20117,0.0488281,1.00264,7.83123e-05,0.87876,1,0
1.20117,0.0683594,1.00258,9.74728e-05,0.878761,1,0
1.2207,0.00976562,1.00237,3.73764e-05,0.87681,1,0
1.2207,0.0292969,1.00265,6.42533e-05,0.876811,1,0
1.24023,0.00976562,1.00235,3.61906e-05,0.874863,1,0
1.24023,0.0292969,1.00263,6.26696e-05,0.874864,1,0
1.2207,0.0488281,1.00262,7.70978e-05,0.876813,1,0
1.2207,0.0683594,1.00257,9.60791e-05,0.876813,1,0
1.24023,0.0488281,1.00261,7.58475e-05,0.874865,1,0
1.24023,0.0683594,1.00255,9.46468e-05,0.874866,1,0
1.18164,0.0878906,1.00255,0.000110727,0.88071,1,0
1.18164,0.107422,1.0025,0.000128086,0.880711,1,0
1.20117,0.0878906,1.00254,0.000109503,0.878762,1,0
1.20117,0.107422,1.00249,0.000126778,0.878763,1,0
1.18164,0.126953,1.00245,0.000140815,0.880712,1,0
1.18164,0.146484,1.00239,0.000156564,0.880712,1,0
1.20117,0.126953,1.00244,0.000139524,0.878764,1,0
1.20117,0.146484,1.00238,0.000155228,0.878765,1,0
1.2207,0.0878906,1.00252,0.000108234,0.876815,1,0
1.2207,0.107422,1.00248,0.00012542,0.876815,1,0
1.24023,0.0878906,1.00251,0.000106928,0.874867,1,0
1.24023,0.107422,1.00246,0.000124019,0.874868,1,0
1.2207,0.126953,1.00242,0.000138185,0.876817,1,0
1.2207,0.146484,1.00236,0.00015384,0.876818,1,0
1.24023,0.126953,1.00241,0.000136807,0.874869,1,0
1.24023,0.146484,1.00235,0.00015241,0.87487,1,0
1.10352,0.166016,1.00238,0.000174362,0.888503,1,0
1.10352,0.185547,1.0023,0.000188892,0.888503,1,0
1.12305,0.166016,1.00236,0.000173287,0.886556,1,0
1.12305,0.185547,1.00228,0.000187785,0.886556,1,0
1.10352,0.205078,1.0022,0.00020189,0.888504,1,0
1.10352,0.224609,1.00209,0.000215302,0.888505,1,0
1.12305,0.205078,1.00219,0.000200691,0.886557,1,0
1.12305,0.224609,1.00207,0.000214042,0.886558,1,0
1.14258,0.166016,1.00235,0.000172119,0.884608,1,0
1.14258,0.185547,1.00227,0.000186581,0.884609,1,0
1.16211,0.166016,1.00234,0.000170869,0.882661,1,0
1.16211,0.185547,1.00226,0.000185294,0.882662,1,0
1.14258,0.205078,1.00217,0.000199399,0.88461,1,0
1.14258,0.224609,1.00206,0.000212689,0.884611,1,0
1.16211,0.205078,1.00216,0.000198027,0.882663,1,0
1.16211,0.224609,1.00205,0.000211257,0.882664,1,0
1.10352,0.244141,1.00195,0.000227513,0.888506,1,0
1.10352,0.263672,1.00176,0.00023982,0.888507,1,0
1.12305,0.244141,1.00193,0.000226128,0.886559,1,0
1.12305,0.263672,1.00174,0.000238335,0.88656,1,0
1.10352,0.283203,1.00147,0.000250499,0.888508,1,0
1.10352,0.302734,1.00096,0.00026128,0.888509,1,0
1.12305,0.283203,1.00146,0.00024886,0.886561,1,0
1.12305,0.302734,1.00095,0.000259493,0.886562,1,0
1.14258,0.244141,1.00192,0.000224655,0.884612,1,0
1.14258,0.263672,1.00173,0.000236766,0.884613,1,0
1.16211,0.244141,1.00191,0.00022311,0.882665,1,0
1.16211,0.263672,1.00172,0.000235129,0.882666,1,0
1.14258,0.283203,1.00145,0.000247145,0.884614,1,0
1.14258,0.302734,1.00094,0.000257637,0.884616,1,0
1.16211,0.283203,1.00144,0.00024537,0.882667,1,0
1.16211,0.302734,1.00093,0.000255727,0.882669,1,0
1.18164,0.166016,1.00232,0.00016955,0.880714,1,0
1.18164,0.185547,1.00224,0.000183934,0.880714,1,0
1.20117,0.166016,1.00231,0.000168172,0.878766,1,0
1.20117,0.185547,1.00223,0.000182515,0.878767,1,0
1.18164,0.205078,1.00215,0.000196587,0.880716,1,0
1.18164,0.224609,1.00204,0.000209759,0.880717,1,0
1.20117,0.205078,1.00214,0.000195091,0.878768,1,0
1.20117,0.224609,1.00202,0.000208207,0.878769,1,0
1.2207,0.166016,1.0023,0.000166746,0.876819,1,0
1.2207,0.185547,1.00222,0.000181045,0.87682,1,0
1.24023,0.166016,1.00228,0.00016528,0.874871,1,0
1.24023,0.185547,1.0022,0.000179535,0.874872,1,0
1.2207,0.205078,1.00212,0.000193549,0.876821,1,0
1.2207,0.224609,1.00201,0.000206609,0.876822,1,0
1.24023,0.205078,1.00211,0.000191971,0.874874,1,0
1.24023,0.224609,1.002,0.000204975,0.874875,1,0
1.18164,0.244141,1.0019,0.000221505,0.880718,1,0
1.18164,0.263672,1.00171,0.000233435,0.880719,1,0
1.20117,0.244141,1.00189,0.000219851,0.878771,1,0
1.20117,0.263672,1.0017,0.000231698,0.878772,1,0
1.18164,0.283203,1.00143,0.000243548,0.88072,1,0
1.18164,0.302734,1.00092,0.000253779,0.880722,1,0
1.20117,0.283203,1.00142,0.000241692,0.878773,1,0
1.20117,0.302734,1.00091,0.000251802,0.878775,1,0
1.2207,0.244141,1.00187,0.000218159,0.876823,1,0
1.2207,0.263672,1.00169,0.000229926,0.876825,1,0
1.24023,0.244141,1.00186,0.000216437,0.874876,1,0
1.24023,0.263672,1.00168,0.000228127,0.874877,1,0
1.2207,0.283203,1.00141,0.00023981,0.876826,1,0
1.2207,0.302734,1.00091,0.000249806,0.876828,1,0
1.24023,0.283203,1.0014,0.00023791,0.874879,1,0
1.24023,0.302734,1.0009,0.000247799,0.87488,1,0
0.947266,0.322266,1.00001,0.000279975,0.904076,1,0
0.947266,0.341797,0.997782,0.000289413,0.904077,1,0
0.966797,0.322266,0.999997,0.0002793,0.902131,1,0
0.966797,0.341797,0.997776,0.000288472,0.902132,1,0
0.947266,0.361328,0.992888,0.000292136,0.904077,1,0
0.947266,0.380859,0.982304,0.000292452,0.904078,1,0
0.966797,0.361328,0.992887,0.000290904,0.902132,1,0
0.966797,0.380859,0.982312,0.000290824,0.902134,1,0
0.986328,0.322266,0.999988,0.00027837,0.900186,1,0
0.986328,0.341797,0.99777,0.00028728,0.900187,1,0
1.00586,0.322266,0.99998,0.000277213,0.898241,1,0
1.00586,0.341797,0.997765,0.000285867,0.898242,1,0
0.986328,0.361328,0.992886,0.000289436,0.900188,1,0
0.986328,0.380859,0.98232,0.000288981,0.900189,1,0
1.00586,0.361328,0.992886,0.000287762,0.898242,1,0
1.00586,0.380859,0.982329,0.00028695,0.898244,1,0
0.947266,0.400391,0.960261,0.000275766,0.904079,1,0
0.947266,0.419922,0.916653,0.000246971,0.90408,1,0
0.966797,0.400391,0.960285,0.000273875,0.902134,1,0
0.966797,0.419922,0.916698,0.000244679,0.902136,1,0
0.947266,0.439453,0.834991,0.000185065,0.904081,1,0
0.947266,0.458984,0.690381,0.000113469,0.904083,1,0
0.966797,0.439453,0.835058,0.000182886,0.902137,1,0
0.966797,0.458984,0.690458,0.000111474,0.902139,1,0
0.986328,0.400391,0.960308,0.000271787,0.90019,1,0
0.986328,0.419922,0.916743,0.000242242,0.900192,1,0
1.00586,0.400391,0.960332,0.000269522,0.898245,1,0
1.00586,0.419922,0.916788,0.000239668,0.898247,1,0
0.986328,0.439453,0.835125,0.000180577,0.900193,1,0
0.986328,0.458984,0.690534,0.000109442,0.900195,1,0
1.00586,0.439453,0.835192,0.000178142,0.898248,1,0
1.00586,0.458984,0.690609,0.000107345,0.89825,1,0
1.02539,0.322266,0.999971,0.000275859,0.896295,1,0
1.02539,0.341797,0.997759,0.000284262,0.896296,1,0
1.04492,0.322266,0.999963,0.000274333,0.894349,1,0
1.04492,0.341797,0.997754,0.000282492,0.89435,1,0
1.02539,0.361328,0.992886,0.000285907,0.896297,1,0
1.02539,0.380859,0.982338,0.000284753,0.896299,1,0
1.04492,0.361328,0.992886,0.000283896,0.894351,1,0
1.04492,0.380859,0.982347,0.000282415,0.894353,1,0
1.06445,0.322266,0.999955,0.000272662,0.892403,1,0
1.06445,0.341797,0.997749,0.000280583,0.892404,1,0
1.08398,0.322266,0.999948,0.00027087,0.890457,1,0
1.08398,0.341797,0.997745,0.000278561,0.890458,1,0
1.06445,0.361328,0.992886,0.000281755,0.892406,1,0
1.06445,0.380859,0.982356,0.000279957,0.892407,1,0
1.08398,0.361328,0.992887,0.00027951,0.89046,1,0
1.08398,0.380859,0.982366,0.000277404,0.890461,1,0
1.02539,0.400391,0.960356,0.0002671,0.8963,1,0
1.02539,0.419922,0.916834,0.000236966,0.896302,1,0
1.04492,0.400391,0.960381,0.000264542,0.894355,1,0
1.04492,0.419922,0.916879,0.000234147,0.894357,1,0
1.02539,0.439453,0.835259,0.00017559,0.896303,1,0
1.02539,0.458984,0.690684,0.00010516,0.896306,1,0
1.04492,0.439453,0.835325,0.000172935,0.894358,1,0
1.04492,0.458984,0.690758,0.000102878,0.89436,1,0
1.06445,0.400391,0.960406,0.000261872,0.892409,1,0
1.06445,0.419922,0.916924,0.000231228,0.892411,1,0
1.08398,0.400391,0.96043,0.000259119,0.890463,1,0
1.08398,0.419922,0.91697,0.000228232,0.890465,1,0
1.06445,0.439453,0.835391,0.000170203,0.892413,1,0
1.06445,0.458984,0.690832,0.000100498,0.892415,1,0
1.08398,0.439453,0.835457,0.000167426,0.890467,1,0
1.08398,0.458984,0.690905,9.80405e-05,0.890469,1,0
0.947266,0.478516,0.448247,3.09379e-05,0.904083,1,0
0.947266,0.498047,0.0662795,-3.72719e-05,0.904085,0.6,0
0.966797,0.478516,0.448319,2.94195e-05,0.90214,1,0
0.966797,0.498047,0.0662789,-3.56527e-05,0.902141,0.6,0
0.986328,0.478516,0.448389,2.79192e-05,0.900195,1,0
0.986328,0.498047,0.0662781,-3.39903e-05,0.900197,0.6,0
1.00586,0.478516,0.448458,2.64249e-05,0.898251,1,0
1.00586,0.498047,0.0662773,-3.23244e-05,0.898252,0.6,0
1.02539,0.478516,0.448525,2.49215e-05,0.896306,1,0
1.02539,0.498047,0.0662764,-3.06998e-05,0.896307,0.6,0
1.04492,0.478516,0.44859,2.34007e-05,0.894361,1,0
1.04492,0.498047,0.0662753,-2.91545e-05,0.894362,0.6,0
1.06445,0.478516,0.448653,2.1875e-05,0.892415,1,0
1.06445,0.498047,0.0662741,-2.77207e-05,0.892416,0.6,0
1.08398,0.478516,0.448714,2.03828e-05,0.890469,1,0
1.08398,0.498047,0.0662725,-2.64257e-05,0.89047,0.6,0
1.10352,0.322266,0.99994,0.00026898,0.88851,1,0
1.10352,0.341797,0.99774,0.00027645,0.888512,1,0
1.12305,0.322266,0.999933,0.000267014,0.886564,1,0
1.12305,0.341797,0.997736,0.000274272,0.886565,1,0
1.10352,0.361328,0.992888,0.000277187,0.888513,1,0
1.10352,0.380859,0.982376,0.000274783,0.888515,1,0
1.12305,0.361328,0.992889,0.000274812,0.886567,1,0
1.12305,0.380859,0.982387,0.000272121,0.886569,1,0
1.14258,0.322266,0.999926,0.000264992,0.884617,1,0
1.14258,0.341797,0.997732,0.000272049,0.884619,1,0
1.16211,0.322266,0.999919,0.00026293,0.88267,1,0
1.16211,0.341797,0.997728,0.000269796,0.882672,1,0
1.14258,0.361328,0.992891,0.000272407,0.88462,1,0
1.14258,0.380859,0.982397,0.000269445,0.884622,1,0
1.16211,0.361328,0.992892,0.000269995,0.882673,1,0
1.16211,0.380859,0.982408,0.000266781,0.882675,1,0
1.10352,0.400391,0.960455,0.000256315,0.888517,1,0
1.10352,0.419922,0.917015,0.000225194,0.888519,1,0
1.12305,0.400391,0.960481,0.000253496,0.886571,1,0
1.12305,0.419922,0.917061,0.00022215,0.886573,1,0
1.10352,0.439453,0.835522,0.000164646,0.888521,1,0
1.10352,0.458984,0.690978,9.55415e-05,0.888523,1,0
1.12305,0.439453,0.835587,0.000161903,0.886574,1,0
1.12305,0.458984,0.69105,9.30597e-05,0.886576,1,0
1.14258,0.400391,0.960506,0.000250695,0.884624,1,0
1.14258,0.419922,0.917106,0.000219143,0.884626,1,0
1.16211,0.400391,0.960531,0.000247938,0.882677,1,0
1.16211,0.419922,0.917152,0.000216209,0.882679,1,0
1.14258,0.439453,0.835652,0.000159236,0.884628,1,0
1.14258,0.458984,0.691121,9.0668e-05,0.88463,1,0
1.16211,0.439453,0.835717,0.000156675,0.882681,1,0
1.16211,0.458984,0.691192,8.84387e-05,0.882683,1,0
1.18164,0.322266,0.999912,0.000260841,0.880723,1,0
1.18164,0.341797,0.997724,0.000267529,0.880725,1,0
1.20117,0.322266,0.999905,0.000258737,0.878776,1,0
1.20117,0.341797,0.997721,0.000265258,0.878778,1,0
1.18164,0.361328,0.992894,0.00026759,0.880726,1,0
1.18164,0.380859,0.982419,0.000264146,0.880729,1,0
1.20117,0.361328,0.992896,0.000265202,0.878779,1,0
1.20117,0.380859,0.98243,0.000261552,0.878781,1,0
1.2207,0.322266,0.999899,0.000256626,0.876829,1,0
1.2207,0.341797,0.997718,0.000262992,0.876831,1,0
1.24023,0.322266,0.999892,0.000254514,0.874882,1,0
1.24023,0.341797,0.997715,0.000260735,0.874883,1,0
1.2207,0.361328,0.992898,0.000262836,0.876832,1,0
1.2207,0.380859,0.982441,0.000259003,0.876834,1,0
1.24023,0.361328,0.9929,0.000260494,0.874885,1,0
1.24023,0.380859,0.982452,0.000256496,0.874887,1,0
1.18164,0.400391,0.960557,0.000245242,0.88073,1,0
1.18164,0.419922,0.917197,0.000213374,0.880732,1,0
1.20117,0.400391,0.960583,0.000242614,0.878783,1,0
1.20117,0.419922,0.917242,0.00021065,0.878785,1,0
1.18164,0.439453,0.835781,0.000154238,0.880734,1,0
1.18164,0.458984,0.691262,8.64223e-05,0.880735,1,0
1.20117,0.439453,0.835844,0.000151928,0.878786,1,0
1.20117,0.458984,0.69133,8.46336e-05,0.878788,1,0
1.2207,0.400391,0.960608,0.00024005,0.876836,1,0
1.2207,0.419922,0.917287,0.000208033,0.876838,1,0
1.24023,0.400391,0.960634,0.000237539,0.874889,1,0
1.24023,0.419922,0.917332,0.000205506,0.87489,1,0
1.2207,0.439453,0.835907,0.000149737,0.876839,1,0
1.2207,0.458984,0.691398,8.30496e-05,0.876841,1,0
1.24023,0.439453,0.83597,0.000147639,0.874892,1,0
1.24023,0.458984,0.691465,8.16203e-05,0.874893,1,0
1.10352,0.478516,0.448774,1.89793e-05,0.888523,1,0
1.10352,0.498047,0.0662705,-2.52857e-05,0.888524,0.6,0
1.12305,0.478516,0.448832,1.77157e-05,0.886577,1,0
1.12305,0.498047,0.0662682,-2.42968e-05,0.886578,0.6,0
1.14258,0.478516,0.448888,1.66237e-05,0.88463,1,0
1.14258,0.498047,0.0662654,-2.34316e-05,0.884631,0.6,0
1.16211,0.478516,0.448943,1.57094e-05,0.882683,1,0
1.16211,0.498047,0.0662625,-2.2647e-05,0.882684,0.6,0
1.18164,0.478516,0.448997,1.4959e-05,0.880736,1,0
1.18164,0.498047,0.0662593,-2.18972e-05,0.880737,0.6,0
1.20117,0.478516,0.449049,1.43478e-05,0.878788,1,0
1.20117,0.498047,0.066256,-2.11463e-05,0.878789,0.6,0
1.2207,0.478516,0.4491,1.38457e-05,0.876841,1,0
1.2207,0.498047,0.0662529,-2.03726e-05,0.876842,0.6,0
1.24023,0.478516,0.44915,1.34188e-05,0.874893,1,0
1.24023,0.498047,0.0662499,-1.95676e-05,0.874894,0.6,0
1.25977,0.00976562,1.00232,3.49873e-05,0.872915,1,0
1.25977,0.0292969,1.00261,6.10641e-05,0.872916,1,0
1.2793,0.00976562,1.0023,3.3772e-05,0.870967,1,0
1.2793,0.0292969,1.00259,5.94442e-05,0.870968,1,0
1.25977,0.0488281,1.00259,7.4568e-05,0.872917,1,0
1.25977,0.0683594,1.00254,9.31839e-05,0.872918,1,0
1.2793,0.0488281,1.00257,7.32657e-05,0.87097,1,0
1.2793,0.0683594,1.00252,9.16979e-05,0.870971,1,0
1.29883,0.00976562,1.00228,3.25502e-05,0.869019,1,0
1.29883,0.0292969,1.00257,5.78173e-05,0.869021,1,0
1.31836,0.00976562,1.00225,3.13279e-05,0.867072,1,0
1.31836,0.0292969,1.00255,5.6191e-05,0.867073,1,0
1.29883,0.0488281,1.00256,7.19472e-05,0.869022,1,0
1.29883,0.0683594,1.00251,9.01963e-05,0.869023,1,0
1.31836,0.0488281,1.00254,7.06189e-05,0.867074,1,0
1.31836,0.0683594,1.00249,8.86864e-05,0.867075,1,0
1.25977,0.0878906,1.00249,0.000105592,0.872919,1,0
1.25977,0.107422,1.00245,0.000122584,0.87292,1,0
1.2793,0.0878906,1.00248,0.000104233,0.870972,1,0
1.2793,0.107422,1.00243,0.000121124,0.870973,1,0
1.25977,0.126953,1.00239,0.000135398,0.872922,1,0
1.25977,0.146484,1.00234,0.000150946,0.872923,1,0
1.2793,0.126953,1.00238,0.000133966,0.870974,1,0
1.2793,0.146484,1.00232,0.000149456,0.870975,1,0
1.29883,0.0878906,1.00246,0.000102859,0.869024,1,0
1.29883,0.107422,1.00242,0.000119645,0.869025,1,0
1.31836,0.0878906,1.00245,0.000101476,0.867077,1,0
1.31836,0.107422,1.0024,0.000118154,0.867078,1,0
1.29883,0.126953,1.00237,0.000132518,0.869026,1,0
1.29883,0.146484,1.00231,0.000147947,0.869027,1,0
1.31836,0.126953,1.00235,0.00013106,0.867079,1,0
1.31836,0.146484,1.00229,0.000146425,0.86708,1,0
1.33789,0.00976562,1.00223,3.01112e-05,0.865124,1,0
1.33789,0.0292969,1.00253,5.45732e-05,0.865126,1,0
1.35742,0.00976562,1.00221,2.89064e-05,0.863177,1,0
1.35742,0.0292969,1.00251,5.29715e-05,0.863178,1,0
1.33789,0.0488281,1.00253,6.92869e-05,0.865127,1,0
1.33789,0.0683594,1.00248,8.71751e-05,0.865128,1,0
1.35742,0.0488281,1.00251,6.79572e-05,0.863179,1,0
1.35742,0.0683594,1.00246,8.56689e-05,0.86318,1,0
1.37695,0.00976562,1.00219,2.77192e-05,0.861229,1,0
1.37695,0.0292969,1.00249,5.1393e-05,0.86123,1,0
1.39648,0.00976562,1.00217,2.65548e-05,0.859281,1,0
1.39648,0.0292969,1.00247,4.98442e-05,0.859283,1,0
1.37695,0.0488281,1.00249,6.66356e-05,0.861231,1,0
1.37695,0.0683594,1.00245,8.41742e-05,0.861233,1,0
1.39648,0.0488281,1.00248,6.53269e-05,0.859284,1,0
1.39648,0.0683594,1.00243,8.26966e-05,0.859285,1,0
1.33789,0.0878906,1.00243,0.000100089,0.865129,1,0
1.33789,0.107422,1.00239,0.000116659,0.86513,1,0
1.35742,0.0878906,1.00242,9.87056e-05,0.863181,1,0
1.35742,0.107422,1.00237,0.000115165,0.863182,1,0
1.33789,0.126953,1.00234,0.000129599,0.865131,1,0
1.33789,0.146484,1.00228,0.000144898,0.865132,1,0
1.35742,0.126953,1.00232,0.000128139,0.863184,1,0
1.35742,0.146484,1.00227,0.000143371,0.863185,1,0
1.37695,0.0878906,1.0024,9.73299e-05,0.861234,1,0
1.37695,0.107422,1.00236,0.000113677,0.861235,1,0
1.39648,0.0878906,1.00239,9.5967e-05,0.859286,1,0
1.39648,0.107422,1.00234,0.000112201,0.859287,1,0
1.37695,0.126953,1.00231,0.000126687,0.861236,1,0
1.37695,0.146484,1.00225,0.000141849,0.861237,1,0
1.39648,0.126953,1.00229,0.000125247,0.859288,1,0
1.39648,0.146484,1.00224,0.000140337,0.859289,1,0
1.25977,0.166016,1.00227,0.000163784,0.872924,1,0
1.25977,0.185547,1.00219,0.000177993,0.872925,1,0
1.2793,0.166016,1.00225,0.000162265,0.870976,1,0
1.2793,0.185547,1.00218,0.000176427,0.870977,1,0
1.25977,0.205078,1.0021,0.000190364,0.872926,1,0
1.25977,0.224609,1.00199,0.000203313,0.872927,1,0
1.2793,0.205078,1.00208,0.000188736,0.870979,1,0
1.2793,0.224609,1.00197,0.000201631,0.87098,1,0
1.29883,0.166016,1.00224,0.000160731,0.869029,1,0
1.29883,0.185547,1.00216,0.000174844,0.86903,1,0
1.31836,0.166016,1.00223,0.000159187,0.867081,1,0
1.31836,0.185547,1.00215,0.00017325,0.867082,1,0
1.29883,0.205078,1.00207,0.000187096,0.869031,1,0
1.29883,0.224609,1.00196,0.000199937,0.869032,1,0
1.31836,0.205078,1.00206,0.000185448,0.867084,1,0
1.31836,0.224609,1.00195,0.000198235,0.867085,1,0
1.25977,0.244141,1.00185,0.000214692,0.872929,1,0
1.25977,0.263672,1.00167,0.000226308,0.87293,1,0
1.2793,0.244141,1.00184,0.000212931,0.870981,1,0
1.2793,0.263672,1.00166,0.000224476,0.870983,1,0
1.25977,0.283203,1.00139,0.000235997,0.872931,1,0
1.25977,0.302734,1.00089,0.000245784,0.872933,1,0
1.2793,0.283203,1.00138,0.000234078,0.870984,1,0
1.2793,0.302734,1.00088,0.000243768,0.870986,1,0
1.29883,0.244141,1.00183,0.000211161,0.869034,1,0
1.29883,0.263672,1.00165,0.000222636,0.869035,1,0
1.31836,0.244141,1.00182,0.000209388,0.867086,1,0
1.31836,0.263672,1.00164,0.000220794,0.867088,1,0
1.29883,0.283203,1.00137,0.000232156,0.869036,1,0
1.29883,0.302734,1.00087,0.000241752,0.869038,1,0
1.31836,0.283203,1.00136,0.000230235,0.867089,1,0
1.31836,0.302734,1.00086,0.00023974,0.86709,1,0
1.33789,0.166016,1.00221,0.00015764,0.865134,1,0
1.33789,0.185547,1.00214,0.000171653,0.865135,1,0
1.35742,0.166016,1.0022,0.000156095,0.863186,1,0
1.35742,0.185547,1.00212,0.000170056,0.863187,1,0
1.33789,0.205078,1.00205,0.0001838,0.865136,1,0
1.33789,0.224609,1.00194,0.000196533,0.865137,1,0
1.35742,0.205078,1.00203,0.000182155,0.863188,1,0
1.35742,0.224609,1.00193,0.000194835,0.86319,1,0
1.37695,0.166016,1.00219,0.000154558,0.861238,1,0
1.37695,0.185547,1.00211,0.000168466,0.861239,1,0
1.39648,0.166016,1.00217,0.000153032,0.859291,1,0
1.39648,0.185547,1.0021,0.000166887,0.859292,1,0
1.37695,0.205078,1.00202,0.00018052,0.861241,1,0
1.37695,0.224609,1.00192,0.000193146,0.861242,1,0
1.39648,0.205078,1.00201,0.000178899,0.859293,1,0
1.39648,0.224609,1.0019,0.00019147,0.859294,1,0
1.33789,0.244141,1.00181,0.000207617,0.865139,1,0
1.33789,0.263672,1.00163,0.000218956,0.86514,1,0
1.35742,0.244141,1.00179,0.000205854,0.863191,1,0
1.35742,0.263672,1.00161,0.000217126,0.863192,1,0
1.33789,0.283203,1.00135,0.000228322,0.865141,1,0
1.33789,0.302734,1.00086,0.000237738,0.865143,1,0
1.35742,0.283203,1.00134,0.00022642,0.863194,1,0
1.35742,0.302734,1.00085,0.000235748,0.863195,1,0
1.37695,0.244141,1.00178,0.000204104,0.861243,1,0
1.37695,0.263672,1.0016,0.00021531,0.861245,1,0
1.39648,0.244141,1.00177,0.000202371,0.859296,1,0
1.39648,0.263672,1.00159,0.000213512,0.859297,1,0
1.37695,0.283203,1.00133,0.000224534,0.861246,1,0
1.37695,0.302734,1.00084,0.000233777,0.861247,1,0
1.39648,0.283203,1.00132,0.00022267,0.859298,1,0
1.39648,0.302734,1.00083,0.000231829,0.8593,1,0
1.41602,0.00976562,1.00215,2.54177e-05,0.857334,1,0
1.41602,0.0292969,1.00245,4.83304e-05,0.857335,1,0
1.43555,0.00976562,1.00213,2.43115e-05,0.855386,1,0
1.43555,0.0292969,1.00243,4.68562e-05,0.855388,1,0
1.41602,0.0488281,1.00246,6.4036e-05,0.857336,1,0
1.41602,0.0683594,1.00242,8.1241e-05,0.857337,1,0
1.43555,0.0488281,1.00244,6.2767e-05,0.855389,1,0
1.43555,0.0683594,1.0024,7.98122e-05,0.85539,1,0
1.45508,0.00976562,1.00211,2.32394e-05,0.853439,1,0
1.45508,0.0292969,1.00241,4.54256e-05,0.85344,1,0
1.47461,0.00976562,1.00209,2.22042e-05,0.851491,1,0
1.47461,0.0292969,1.00239,4.4042e-05,0.851493,1,0
1.45508,0.0488281,1.00243,6.15237e-05,0.853441,1,0
1.45508,0.0683594,1.00239,7.84142e-05,0.853442,1,0
1.47461,0.0488281,1.00241,6.03093e-05,0.851493,1,0
1.47461,0.0683594,1.00237,7.70508e-05,0.851494,1,0
1.41602,0.0878906,1.00237,9.46213e-05,0.857338,1,0
1.41602,0.107422,1.00233,0.000110742,0.857339,1,0
1.43555,0.0878906,1.00236,9.32968e-05,0.855391,1,0
1.43555,0.107422,1.00231,0.000109305,0.855392,1,0
1.41602,0.126953,1.00228,0.000123823,0.857341,1,0
1.41602,0.146484,1.00222,0.000138841,0.857342,1,0
1.43555,0.126953,1.00227,0.00012242,0.855393,1,0
1.43555,0.146484,1.00221,0.000137363,0.855394,1,0
1.45508,0.0878906,1.00234,9.19971e-05,0.853443,1,0
1.45508,0.107422,1.0023,0.000107892,0.853444,1,0
1.47461,0.0878906,1.00233,9.07257e-05,0.851496,1,0
1.47461,0.107422,1.00229,0.000106508,0.851496,1,0
1.45508,0.126953,1.00225,0.00012104,0.853445,1,0
1.45508,0.146484,1.0022,0.000135909,0.853446,1,0
1.47461,0.126953,1.00224,0.000119688,0.851498,1,0
1.47461,0.146484,1.00218,0.00013448,0.851499,1,0
1.49414,0.00976562,1.00208,2.12083e-05,0.849544,1,0
1.49414,0.0292969,1.00237,4.27084e-05,0.849545,1,0
1.51367,0.00976562,1.00206,2.02541e-05,0.847596,1,0
1.51367,0.0292969,1.00235,4.14277e-05,0.847597,1,0
1.49414,0.0488281,1.00239,5.91271e-05,0.849546,1,0
1.49414,0.0683594,1.00236,7.57253e-05,0.849547,1,0
1.51367,0.0488281,1.00238,5.79797e-05,0.847598,1,0
1.51367,0.0683594,1.00234,7.44408e-05,0.847599,1,0
1.5332,0.00976562,1.00204,1.93437e-05,0.845649,1,0
1.5332,0.0292969,1.00233,4.02024e-05,0.84565,1,0
1.55273,0.00976562,1.00203,1.8479e-05,0.843701,1,0
1.55273,0.0292969,1.00231,3.90347e-05,0.843702,1,0
1.5332,0.0488281,1.00236,5.68696e-05,0.845651,1,0
1.5332,0.0683594,1.00233,7.31996e-05,0.845652,1,0
1.55273,0.0488281,1.00235,5.57989e-05,0.843703,1,0
1.55273,0.0683594,1.00231,7.20041e-05,0.843704,1,0
1.49414,0.0878906,1.00231,8.94856e-05,0.849548,1,0
1.49414,0.107422,1.00227,0.000105157,0.849549,1,0
1.51367,0.0878906,1.0023,8.82792e-05,0.8476,1,0
1.51367,0.107422,1.00226,0.00010384,0.847601,1,0
1.49414,0.126953,1.00222,0.000118366,0.84955,1,0
1.49414,0.146484,1.00217,0.000133081,0.849551,1,0
1.51367,0.126953,1.00221,0.000117076,0.847602,1,0
1.51367,0.146484,1.00216,0.000131712,0.847603,1,0
1.5332,0.0878906,1.00228,8.7109e-05,0.845652,1,0
1.5332,0.107422,1.00224,0.00010256,0.845653,1,0
1.55273,0.0878906,1.00227,8.59766e-05,0.843705,1,0
1.55273,0.107422,1.00223,0.000101319,0.843706,1,0
1.5332,0.126953,1.0022,0.000115821,0.845654,1,0
1.5332,0.146484,1.00214,0.000130377,0.845655,1,0
1.55273,0.126953,1.00218,0.000114601,0.843707,1,0
1.55273,0.146484,1.00213,0.000129076,0.843707,1,0
1.41602,0.166016,1.00216,0.000151523,0.857343,1,0
1.41602,0.185547,1.00208,0.000165323,0.857344,1,0
1.43555,0.166016,1.00215,0.000150035,0.855395,1,0
1.43555,0.185547,1.00207,0.000163778,0.855396,1,0
1.41602,0.205078,1.002,0.000177294,0.857345,1,0
1.41602,0.224609,1.00189,0.000189813,0.857347,1,0
1.43555,0.205078,1.00198,0.000175712,0.855398,1,0
1.43555,0.224609,1.00188,0.000188176,0.855399,1,0
1.45508,0.166016,1.00213,0.00014857,0.853448,1,0
1.45508,0.185547,1.00206,0.000162256,0.853449,1,0
1.47461,0.166016,1.00212,0.000147132,0.8515,1,0
1.47461,0.185547,1.00205,0.00016076,0.851501,1,0
1.45508,0.205078,1.00197,0.000174154,0.85345,1,0
1.45508,0.224609,1.00187,0.000186565,0.853451,1,0
1.47461,0.205078,1.00196,0.000172623,0.851502,1,0
1.47461,0.224609,1.00186,0.00018498,0.851503,1,0
1.41602,0.244141,1.00176,0.000200658,0.857348,1,0
1.41602,0.263672,1.00158,0.000211735,0.857349,1,0
1.43555,0.244141,1.00175,0.00019897,0.8554,1,0
1.43555,0.263672,1.00157,0.000209985,0.855401,1,0
1.41602,0.283203,1.00131,0.000220832,0.85735,1,0
1.41602,0.302734,1.00083,0.000229909,0.857352,1,0
1.43555,0.283203,1.0013,0.000219022,0.855403,1,0
1.43555,0.302734,1.00082,0.00022802,0.855404,1,0
1.45508,0.244141,1.00174,0.000197308,0.853452,1,0
1.45508,0.263672,1.00156,0.000208263,0.853453,1,0
1.47461,0.244141,1.00173,0.000195677,0.851504,1,0
1.47461,0.263672,1.00155,0.000206573,0.851506,1,0
1.45508,0.283203,1.00129,0.000217245,0.853455,1,0
1.45508,0.302734,1.00081,0.000226167,0.853456,1,0
1.47461,0.283203,1.00129,0.000215503,0.851507,1,0
1.47461,0.302734,1.0008,0.000224353,0.851508,1,0
1.49414,0.166016,1.00211,0.000145723,0.849552,1,0
1.49414,0.185547,1.00203,0.000159291,0.849553,1,0
1.51367,0.166016,1.00209,0.000144345,0.847604,1,0
1.51367,0.185547,1.00202,0.000157854,0.847605,1,0
1.49414,0.205078,1.00195,0.000171122,0.849554,1,0
1.49414,0.224609,1.00185,0.000183425,0.849555,1,0
1.51367,0.205078,1.00194,0.000169652,0.847606,1,0
1.51367,0.224609,1.00183,0.000181902,0.847607,1,0
1.5332,0.166016,1.00208,0.000143001,0.845656,1,0
1.5332,0.185547,1.00201,0.000156448,0.845657,1,0
1.55273,0.166016,1.00207,0.00014169,0.843708,1,0
1.55273,0.185547,1.002,0.000155075,0.843709,1,0
1.5332,0.205078,1.00192,0.000168216,0.845658,1,0
1.5332,0.224609,1.00182,0.000180411,0.845659,1,0
1.55273,0.205078,1.00191,0.000166813,0.843711,1,0
1.55273,0.224609,1.00181,0.000178953,0.843712,1,0
1.49414,0.244141,1.00172,0.000194077,0.849556,1,0
1.49414,0.263672,1.00154,0.000204915,0.849558,1,0
1.51367,0.244141,1.00171,0.000192511,0.847609,1,0
1.51367,0.263672,1.00153,0.000203292,0.84761,1,0
1.49414,0.283203,1.00128,0.000213797,0.849559,1,0
1.49414,0.302734,1.0008,0.000222578,0.84956,1,0
1.51367,0.283203,1.00127,0.000212128,0.847611,1,0
1.51367,0.302734,1.00079,0.000220844,0.847612,1,0
1.5332,0.244141,1.0017,0.000190979,0.845661,1,0
1.5332,0.263672,1.00152,0.000201704,0.845662,1,0
1.55273,0.244141,1.00169,0.000189481,0.843713,1,0
1.55273,0.263672,1.00151,0.000200151,0.843714,1,0
1.5332,0.283203,1.00126,0.000210497,0.845663,1,0
1.5332,0.302734,1.00078,0.00021915,0.845664,1,0
1.55273,0.283203,1.00125,0.000208902,0.843715,1,0
1.55273,0.302734,1.00077,0.000217495,0.843716,1,0
1.25977,0.322266,0.999886,0.000252404,0.872934,1,0
1.25977,0.341797,0.997711,0.00025849,0.872936,1,0
1.2793,0.322266,0.99988,0.000250299,0.870987,1,0
1.2793,0.341797,0.997708,0.000256257,0.870989,1,0
1.25977,0.361328,0.992903,0.000258172,0.872938,1,0
1.25977,0.380859,0.982463,0.000254024,0.87294,1,0
1.2793,0.361328,0.992905,0.000255867,0.87099,1,0
1.2793,0.380859,0.982475,0.000251579,0.870992,1,0
1.29883,0.322266,0.999874,0.0002482,0.869039,1,0
1.29883,0.341797,0.997706,0.000254037,0.869041,1,0
1.31836,0.322266,0.999868,0.00024611,0.867092,1,0
1.31836,0.341797,0.997703,0.000251828,0.867094,1,0
1.29883,0.361328,0.992908,0.000253575,0.869043,1,0
1.29883,0.380859,0.982486,0.000249152,0.869045,1,0
1.31836,0.361328,0.99291,0.000251295,0.867095,1,0
1.31836,0.380859,0.982498,0.00024674,0.867097,1,0
1.25977,0.400391,0.96066,0.000235068,0.872941,1,0
1.25977,0.419922,0.917377,0.000203047,0.872943,1,0
1.2793,0.400391,0.960686,0.000232621,0.870994,1,0
1.2793,0.419922,0.917421,0.00020063,0.870996,1,0
1.25977,0.439453,0.836032,0.000145604,0.872944,1,0
1.25977,0.458984,0.691532,8.02837e-05,0.872946,1,0
1.2793,0.439453,0.836093,0.000143602,0.870997,1,0
1.2793,0.458984,0.691597,7.89783e-05,0.870998,1,0
1.29883,0.400391,0.960711,0.000230188,0.869046,1,0
1.29883,0.419922,0.917465,0.000198234,0.869048,1,0
1.31836,0.400391,0.960737,0.000227762,0.867099,1,0
1.31836,0.419922,0.917509,0.000195843,0.8671,1,0
1.29883,0.439453,0.836154,0.000141604,0.869049,1,0
1.29883,0.458984,0.691662,7.76512e-05,0.869051,1,0
1.31836,0.439453,0.836214,0.000139592,0.867102,1,0
1.31836,0.458984,0.691726,7.62622e-05,0.867103,1,0
1.33789,0.322266,0.999862,0.000244032,0.865144,1,0
1.33789,0.341797,0.9977,0.000249634,0.865146,1,0
1.35742,0.322266,0.999856,0.00024197,0.863197,1,0
1.35742,0.341797,0.997698,0.000247457,0.863198,1,0
1.33789,0.361328,0.992913,0.000249028,0.865148,1,0
1.33789,0.380859,0.982509,0.000244339,0.865149,1,0
1.35742,0.361328,0.992916,0.000246776,0.8632,1,0
1.35742,0.380859,0.982521,0.000241954,0.863202,1,0
1.37695,0.322266,0.99985,0.000239927,0.861249,1,0
1.37695,0.341797,0.997695,0.000245301,0.861251,1,0
1.39648,0.322266,0.999845,0.00023791,0.859301,1,0
1.39648,0.341797,0.997693,0.000243173,0.859303,1,0
1.37695,0.361328,0.992919,0.000244547,0.861252,1,0
1.37695,0.380859,0.982533,0.000239592,0.861254,1,0
1.39648,0.361328,0.992922,0.000242348,0.859304,1,0
1.39648,0.380859,0.982545,0.000237261,0.859306,1,0
1.33789,0.400391,0.960763,0.000225341,0.865151,1,0
1.33789,0.419922,0.917553,0.00019345,0.865153,1,0
1.35742,0.400391,0.960788,0.000222931,0.863203,1,0
1.35742,0.419922,0.917596,0.000191052,0.863205,1,0
1.33789,0.439453,0.836274,0.000137557,0.865154,1,0
1.33789,0.458984,0.691789,7.47886e-05,0.865155,1,0
1.35742,0.439453,0.836334,0.000135499,0.863206,1,0
1.35742,0.458984,0.691851,7.32293e-05,0.863208,1,0
1.37695,0.400391,0.960814,0.000220542,0.861255,1,0
1.37695,0.419922,0.91764,0.000188659,0.861257,1,0
1.39648,0.400391,0.96084,0.000218186,0.859307,1,0
1.39648,0.419922,0.917683,0.000186284,0.859309,1,0
1.37695,0.439453,0.836393,0.000133431,0.861258,1,0
1.37695,0.458984,0.691913,7.16065e-05,0.86126,1,0
1.39648,0.439453,0.836451,0.000131375,0.85931,1,0
1.39648,0.458984,0.691974,6.99628e-05,0.859312,1,0
1.25977,0.478516,0.449199,1.30295e-05,0.872946,1,0
1.25977,0.498047,0.0662471,-1.87317e-05,0.872947,0.6,0
1.2793,0.478516,0.449247,1.26387e-05,0.870998,1,0
1.2793,0.498047,0.0662447,-1.78712e-05,0.870999,0.6,0
1.29883,0.478516,0.449294,1.221e-05,0.869051,1,0
1.29883,0.498047,0.0662425,-1.69982e-05,0.869052,0.6,0
1.31836,0.478516,0.44934,1.17178e-05,0.867103,1,0
1.31836,0.498047,0.0662406,-1.61307e-05,0.867104,0.6,0
1.33789,0.478516,0.449384,1.11531e-05,0.865156,1,0
1.33789,0.498047,0.0662389,-1.52921e-05,0.865156,0.6,0
1.35742,0.478516,0.449428,1.0528e-05,0.863208,1,0
1.35742,0.498047,0.0662372,-1.45079e-05,0.863209,0.6,0
1.37695,0.478516,0.449471,9.87577e-06,0.86126,1,0
1.37695,0.498047,0.0662356,-1.38023e-05,0.861261,0.6,0
1.39648,0.478516,0.449512,9.24458e-06,0.859312,1,0
1.39648,0.498047,0.0662339,-1.31955e-05,0.859313,0.6,0
1.41602,0.322266,0.999839,0.000235924,0.857353,1,0
1.41602,0.341797,0.99769,0.000241079,0.857355,1,0
1.43555,0.322266,0.999834,0.000233974,0.855405,1,0
1.43555,0.341797,0.997688,0.000239026,0.855407,1,0
1.41602,0.361328,0.992925,0.000240187,0.857356,1,0
1.41602,0.380859,0.982557,0.000234972,0.857358,1,0
1.43555,0.361328,0.992928,0.000238074,0.855408,1,0
1.43555,0.380859,0.982569,0.000232737,0.85541,1,0
1.45508,0.322266,0.999828,0.000232064,0.853457,1,0
1.45508,0.341797,0.997686,0.000237019,0.853459,1,0
1.47461,0.322266,0.999823,0.000230197,0.851509,1,0
1.47461,0.341797,0.997684,0.000235061,0.851511,1,0
1.45508,0.361328,0.992932,0.000236015,0.85346,1,0
1.45508,0.380859,0.982581,0.000230565,0.853462,1,0
1.47461,0.361328,0.992935,0.000234015,0.851512,1,0
1.47461,0.380859,0.982593,0.000228461,0.851514,1,0
1.41602,0.400391,0.960865,0.000215878,0.857359,1,0
1.41602,0.419922,0.917726,0.000183947,0.857361,1,0
1.43555,0.400391,0.960891,0.000213632,0.855411,1,0
1.43555,0.419922,0.917769,0.000181671,0.855413,1,0
1.41602,0.439453,0.836509,0.000129361,0.857362,1,0
1.41602,0.458984,0.692034,6.8353e-05,0.857363,1,0
1.43555,0.439453,0.836567,0.000127426,0.855414,1,0
1.43555,0.458984,0.692094,6.68355e-05,0.855415,1,0
1.45508,0.400391,0.960917,0.000211461,0.853463,1,0
1.45508,0.419922,0.917812,0.000179479,0.853465,1,0
1.47461,0.400391,0.960942,0.000209375,0.851515,1,0
1.47461,0.419922,0.917855,0.000177391,0.851516,1,0
1.45508,0.439453,0.836625,0.000125606,0.853466,1,0
1.45508,0.458984,0.692153,6.54646e-05,0.853467,1,0
1.47461,0.439453,0.836682,0.000123928,0.851517,1,0
1.47461,0.458984,0.692211,6.42812e-05,0.851518,1,0
1.49414,0.322266,0.999818,0.000228375,0.849561,1,0
1.49414,0.341797,0.997682,0.000233156,0.849563,1,0
1.51367,0.322266,0.999813,0.0002266,0.847613,1,0
1.51367,0.341797,0.99768,0.000231303,0.847615,1,0
1.49414,0.361328,0.992938,0.000232076,0.849564,1,0
1.49414,0.380859,0.982605,0.00022643,0.849565,1,0
1.51367,0.361328,0.992942,0.000230198,0.847616,1,0
1.51367,0.380859,0.982618,0.000224469,0.847617,1,0
1.5332,0.322266,0.999807,0.000224869,0.845665,1,0
1.5332,0.341797,0.997678,0.0002295,0.845667,1,0
1.55273,0.322266,0.999802,0.00022318,0.843717,1,0
1.55273,0.341797,0.997677,0.000227742,0.843718,1,0
1.5332,0.361328,0.992945,0.000228375,0.845668,1,0
1.5332,0.380859,0.98263,0.000222573,0.845669,1,0
1.55273,0.361328,0.992949,0.000226602,0.84372,1,0
1.55273,0.380859,0.982642,0.000220735,0.843721,1,0
1.49414,0.400391,0.960968,0.000207378,0.849567,1,0
1.49414,0.419922,0.917897,0.00017542,0.849568,1,0
1.51367,0.400391,0.960994,0.000205466,0.847618,1,0
1.51367,0.419922,0.917939,0.000173566,0.84762,1,0
1.49414,0.439453,0.836738,0.000122402,0.849569,1,0
1.49414,0.458984,0.692268,6.3298e-05,0.84957,1,0
1.51367,0.439453,0.836794,0.000121013,0.847621,1,0
1.51367,0.458984,0.692325,6.24865e-05,0.847621,1,0
1.5332,0.400391,0.961019,0.000203631,0.84567,1,0
1.5332,0.419922,0.917981,0.000171817,0.845671,1,0
1.55273,0.400391,0.961045,0.000201862,0.843722,1,0
1.55273,0.419922,0.918023,0.000170159,0.843723,1,0
1.5332,0.439453,0.836849,0.000119736,0.845672,1,0
1.5332,0.458984,0.692381,6.17932e-05,0.845673,1,0
1.55273,0.439453,0.836904,0.000118544,0.843724,1,0
1.55273,0.458984,0.692436,6.12113e-05,0.843725,1,0
1.41602,0.478516,0.449552,8.68842e-06,0.857364,1,0
1.41602,0.498047,0.066232,-1.27024e-05,0.857364,0.6,0
1.43555,0.478516,0.449592,8.25562e-06,0.855415,1,0
1.43555,0.498047,0.0662301,-1.23272e-05,0.855416,0.6,0
1.45508,0.478516,0.44963,7.9804e-06,0.853467,1,0
1.45508,0.498047,0.066228,-1.20509e-05,0.853468,0.6,0
1.47461,0.478516,0.449668,7.87649e-06,0.851519,1,0
1.47461,0.498047,0.066226,-1.18245e-05,0.851519,0.6,0
1.49414,0.478516,0.449705,7.93149e-06,0.84957,1,0
1.49414,0.498047,0.0662241,-1.1597e-05,0.849571,0.6,0
1.51367,0.478516,0.449741,8.09866e-06,0.847622,1,0
1.51367,0.498047,0.0662225,-1.13802e-05,0.847622,0.6,0
1.5332,0.478516,0.449777,8.31282e-06,0.845673,1,0
1.5332,0.498047,0.0662213,-1.12451e-05,0.845674,0.6,0
1.55273,0.478516,0.449813,8.50629e-06,0.843725,1,0
1.55273,0.498047,0.0662203,-1.10997e-05,0.843725,0.6,0
1.57227,0.00976562,1.00201,1.76613e-05,0.841754,1,0
1.57227,0.0292969,1.0023,3.79262e-05,0.841755,1,0
1.5918,0.00976562,1.00199,1.68919e-05,0.839806,1,0
1.5918,0.0292969,1.00228,3.68786e-05,0.839807,1,0
1.57227,0.0488281,1.00233,5.47695e-05,0.841755,1,0
1.57227,0.0683594,1.0023,7.08561e-05,0.841756,1,0
1.5918,0.0488281,1.00231,5.37829e-05,0.839808,1,0
1.5918,0.0683594,1.00228,6.97569e-05,0.839808,1,0
1.61133,0.00976562,1.00198,1.61719e-05,0.837858,1,0
1.61133,0.0292969,1.00226,3.58929e-05,0.837859,1,0
1.63086,0.00976562,1.00196,1.55024e-05,0.835911,1,0
1.63086,0.0292969,1.00224,3.49706e-05,0.835912,1,0
1.61133,0.0488281,1.0023,5.28405e-05,0.83786,1,0
1.61133,0.0683594,1.00226,6.8708e-05,0.837861,1,0
1.63086,0.0488281,1.00228,5.19435e-05,0.835912,1,0
1.63086,0.0683594,1.00225,6.77102e-05,0.835913,1,0
1.57227,0.0878906,1.00226,8.48836e-05,0.841757,1,0
1.57227,0.107422,1.00221,0.000100119,0.841758,1,0
1.5918,0.0878906,1.00224,8.38313e-05,0.839809,1,0
1.5918,0.107422,1.0022,9.89611e-05,0.83981,1,0
1.57227,0.126953,1.00217,0.000113418,0.841759,1,0
1.57227,0.146484,1.00212,0.000127812,0.84176,1,0
1.5918,0.126953,1.00215,0.000112273,0.839811,1,0
1.5918,0.146484,1.0021,0.000126586,0.839812,1,0
1.61133,0.0878906,1.00223,8.28206e-05,0.837861,1,0
1.61133,0.107422,1.00219,9.78462e-05,0.837862,1,0
1.63086,0.0878906,1.00221,8.18525e-05,0.835914,1,0
1.63086,0.107422,1.00217,9.67756e-05,0.835914,1,0
1.61133,0.126953,1.00214,0.000111167,0.837863,1,0
1.61133,0.146484,1.00209,0.000125398,0.837864,1,0
1.63086,0.126953,1.00213,0.000110102,0.835915,1,0
1.63086,0.146484,1.00208,0.000124248,0.835916,1,0
1.65039,0.00976562,1.00195,1.48845e-05,0.833963,1,0
1.65039,0.0292969,1.00222,3.41127e-05,0.833964,1,0
1.66992,0.00976562,1.00194,1.43193e-05,0.832015,1,0
1.66992,0.0292969,1.0022,3.33204e-05,0.832016,1,0
1.65039,0.0488281,1.00226,5.10929e-05,0.833964,1,0
1.65039,0.0683594,1.00223,6.67647e-05,0.833965,1,0
1.66992,0.0488281,1.00225,5.02898e-05,0.832017,1,0
1.66992,0.0683594,1.00222,6.58721e-05,0.832017,1,0
1.68945,0.00976562,1.00192,1.38074e-05,0.830068,1,0
1.68945,0.0292969,1.00219,3.25944e-05,0.830068,1,0
1.70898,0.00976562,1.00191,1.33491e-05,0.82812,1,0
1.70898,0.0292969,1.00217,3.19347e-05,0.82812,1,0
1.68945,0.0488281,1.00223,4.95348e-05,0.830069,1,0
1.68945,0.0683594,1.0022,6.50329e-05,0.830069,1,0
1.70898,0.0488281,1.00222,4.88281e-05,0.828121,1,0
1.70898,0.0683594,1.00219,6.42473e-05,0.828122,1,0
1.65039,0.0878906,1.0022,8.09277e-05,0.833966,1,0
1.65039,0.107422,1.00216,9.57498e-05,0.833966,1,0
1.66992,0.0878906,1.00218,8.00468e-05,0.832018,1,0
1.66992,0.107422,1.00214,9.47694e-05,0.832019,1,0
1.65039,0.126953,1.00211,0.000109076,0.833967,1,0
1.65039,0.146484,1.00206,0.000123138,0.833968,1,0
1.66992,0.126953,1.0021,0.000108091,0.832019,1,0
1.66992,0.146484,1.00205,0.000122068,0.83202,1,0
1.68945,0.0878906,1.00217,7.92099e-05,0.83007,1,0
1.68945,0.107422,1.00213,9.38348e-05,0.830071,1,0
1.70898,0.0878906,1.00215,7.84172e-05,0.828122,1,0
1.70898,0.107422,1.00212,9.2946e-05,0.828123,1,0
1.68945,0.126953,1.00209,0.000107146,0.830071,1,0
1.68945,0.146484,1.00204,0.000121037,0.830072,1,0
1.70898,0.126953,1.00207,0.000106242,0.828123,1,0
1.70898,0.146484,1.00202,0.000120047,0.828124,1,0
1.57227,0.166016,1.00205,0.000140415,0.841761,1,0
1.57227,0.185547,1.00198,0.000153737,0.841762,1,0
1.5918,0.166016,1.00204,0.000139175,0.839813,1,0
1.5918,0.185547,1.00197,0.000152433,0.839814,1,0
1.57227,0.205078,1.0019,0.000165444,0.841763,1,0
1.57227,0.224609,1.0018,0.000177529,0.841764,1,0
1.5918,0.205078,1.00189,0.00016411,0.839815,1,0
1.5918,0.224609,1.00179,0.000176138,0.839816,1,0
1.61133,0.166016,1.00203,0.000137972,0.837865,1,0
1.61133,0.185547,1.00196,0.000151164,0.837866,1,0
1.63086,0.166016,1.00202,0.000136806,0.835917,1,0
1.63086,0.185547,1.00195,0.00014993,0.835918,1,0
1.61133,0.205078,1.00188,0.000162811,0.837867,1,0
1.61133,0.224609,1.00178,0.000174781,0.837868,1,0
1.63086,0.205078,1.00186,0.000161545,0.835919,1,0
1.63086,0.224609,1.00177,0.000173456,0.83592,1,0
1.57227,0.244141,1.00168,0.000188017,0.841765,1,0
1.57227,0.263672,1.00151,0.000198632,0.841766,1,0
1.5918,0.244141,1.00166,0.000186588,0.839817,1,0
1.5918,0.263672,1.0015,0.000197146,0.839818,1,0
1.57227,0.283203,1.00124,0.000207343,0.841767,1,0
1.57227,0.302734,1.00077,0.000215876,0.841768,1,0
1.5918,0.283203,1.00123,0.000205818,0.839819,1,0
1.5918,0.302734,1.00076,0.000214291,0.83982,1,0
1.61133,0.244141,1.00165,0.000185191,0.837869,1,0
1.61133,0.263672,1.00149,0.000195692,0.83787,1,0
1.63086,0.244141,1.00164,0.000183826,0.835921,1,0
1.63086,0.263672,1.00148,0.000194269,0.835922,1,0
1.61133,0.283203,1.00122,0.000204324,0.837871,1,0
1.61133,0.302734,1.00075,0.000212736,0.837872,1,0
1.63086,0.283203,1.00122,0.00020286,0.835923,1,0
1.63086,0.302734,1.00075,0.000211208,0.835924,1,0
1.65039,0.166016,1.002,0.000135676,0.833969,1,0
1.65039,0.185547,1.00193,0.000148731,0.83397,1,0
1.66992,0.166016,1.00199,0.000134583,0.832021,1,0
1.66992,0.185547,1.00192,0.000147567,0.832022,1,0
1.65039,0.205078,1.00185,0.000160312,0.833971,1,0
1.65039,0.224609,1.00176,0.000172162,0.833971,1,0
1.66992,0.205078,1.00184,0.000159113,0.832022,1,0
1.66992,0.224609,1.00174,0.0001709,0.832023,1,0
1.68945,0.166016,1.00198,0.000133528,0.830073,1,0
1.68945,0.185547,1.00191,0.000146438,0.830074,1,0
1.70898,0.166016,1.00196,0.000132508,0.828125,1,0
1.70898,0.185547,1.0019,0.000145344,0.828125,1,0
1.68945,0.205078,1.00183,0.000157947,0.830074,1,0
1.68945,0.224609,1.00173,0.000169669,0.830075,1,0
1.70898,0.205078,1.00182,0.000156814,0.828126,1,0
1.70898,0.224609,1.00172,0.000168467,0.828127,1,0
1.65039,0.244141,1.00163,0.000182492,0.833972,1,0
1.65039,0.263672,1.00147,0.000192874,0.833973,1,0
1.66992,0.244141,1.00162,0.000181189,0.832024,1,0
1.66992,0.263672,1.00146,0.000191508,0.832025,1,0
1.65039,0.283203,1.00121,0.000201423,0.833974,1,0
1.65039,0.302734,1.00074,0.000209705,0.833975,1,0
1.66992,0.283203,1.0012,0.000200013,0.832026,1,0
1.66992,0.302734,1.00073,0.000208226,0.832027,1,0
1.68945,0.244141,1.00161,0.000179914,0.830076,1,0
1.68945,0.263672,1.00145,0.000190169,0.830077,1,0
1.70898,0.244141,1.0016,0.000178668,0.828128,1,0
1.70898,0.263672,1.00144,0.000188857,0.828129,1,0
1.68945,0.283203,1.00119,0.000198628,0.830078,1,0
1.68945,0.302734,1.00073,0.000206771,0.830079,1,0
1.70898,0.283203,1.00118,0.000197267,0.82813,1,0
1.70898,0.302734,1.00072,0.000205338,0.828131,1,0
1.72852,0.00976562,1.00189,1.2944e-05,0.826172,1,0
1.72852,0.0292969,1.00215,3.13406e-05,0.826173,1,0
1.74805,0.00976562,1.00188,1.25907e-05,0.824224,1,0
1.74805,0.0292969,1.00213,3.08104e-05,0.824225,1,0
1.72852,0.0488281,1.0022,4.81696e-05,0.826173,1,0
1.72852,0.0683594,1.00218,6.35149e-05,0.826174,1,0
1.74805,0.0488281,1.00218,4.75587e-05,0.824225,1,0
1.74805,0.0683594,1.00216,6.28348e-05,0.824226,1,0
1.76758,0.00976562,1.00187,1.22872e-05,0.822276,1,0
1.76758,0.0292969,1.00211,3.03416e-05,0.822277,1,0
1.78711,0.00976562,1.00185,1.20313e-05,0.820329,1,0
1.78711,0.0292969,1.0021,2.99314e-05,0.820329,1,0
1.76758,0.0488281,1.00217,4.69943e-05,0.822277,1,0
1.76758,0.0683594,1.00215,6.22059e-05,0.822278,1,0
1.78711,0.0488281,1.00215,4.64752e-05,0.820329,1,0
1.78711,0.0683594,1.00213,6.16267e-05,0.82033,1,0
1.72852,0.0878906,1.00214,7.76684e-05,0.826174,1,0
1.72852,0.107422,1.0021,9.21027e-05,0.826175,1,0
1.74805,0.0878906,1.00213,7.69627e-05,0.824226,1,0
1.74805,0.107422,1.00209,9.13044e-05,0.824227,1,0
1.72852,0.126953,1.00206,0.000105378,0.826175,1,0
1.72852,0.146484,1.00201,0.000119095,0.826176,1,0
1.74805,0.126953,1.00205,0.000104554,0.824227,1,0
1.74805,0.146484,1.002,0.000118183,0.824228,1,0
1.76758,0.0878906,1.00211,7.62994e-05,0.822278,1,0
1.76758,0.107422,1.00207,9.05502e-05,0.822279,1,0
1.78711,0.0878906,1.0021,7.56773e-05,0.82033,1,0
1.78711,0.107422,1.00206,8.9839e-05,0.82033,1,0
1.76758,0.126953,1.00203,0.000103768,0.822279,1,0
1.76758,0.146484,1.00198,0.000117309,0.82228,1,0
1.78711,0.126953,1.00202,0.00010302,0.820331,1,0
1.78711,0.146484,1.00197,0.000116473,0.820331,1,0
1.80664,0.00976562,1.00184,1.18207e-05,0.818381,1,0
1.80664,0.0292969,1.00208,2.95773e-05,0.818381,1,0
1.82617,0.00976562,1.00183,1.16535e-05,0.816433,1,0
1.82617,0.0292969,1.00206,2.9277e-05,0.816433,1,0
1.80664,0.0488281,1.00214,4.6e-05,0.818381,1,0
1.80664,0.0683594,1.00212,6.10955e-05,0.818381,1,0
1.82617,0.0488281,1.00212,4.55676e-05,0.816433,1,0
1.82617,0.0683594,1.0021,6.06108e-05,0.816433,1,0
1.8457,0.00976562,1.00182,1.15287e-05,0.814485,1,0
1.8457,0.0292969,1.00205,2.90292e-05,0.814485,1,0
1.86523,0.00976562,1.0018,1.14456e-05,0.812536,1,0
1.86523,0.0292969,1.00203,2.88328e-05,0.812536,1,0
1.8457,0.0488281,1.0021,4.51769e-05,0.814485,1,0
1.8457,0.0683594,1.00209,6.01712e-05,0.814485,1,0
1.86523,0.0488281,1.00209,4.48269e-05,0.812537,1,0
1.86523,0.0683594,1.00207,5.97754e-05,0.812537,1,0
1.80664,0.0878906,1.00208,7.50953e-05,0.818382,1,0
1.80664,0.107422,1.00205,8.91698e-05,0.818382,1,0
1.82617,0.0878906,1.00207,7.45523e-05,0.816434,1,0
1.82617,0.107422,1.00203,8.85413e-05,0.816434,1,0
1.80664,0.126953,1.00201,0.000102309,0.818383,1,0
1.80664,0.146484,1.00196,0.000115674,0.818383,1,0
1.82617,0.126953,1.00199,0.000101634,0.816434,1,0
1.82617,0.146484,1.00194,0.000114911,0.816435,1,0
1.8457,0.0878906,1.00206,7.4047e-05,0.814485,1,0
1.8457,0.107422,1.00202,8.79525e-05,0.814486,1,0
1.86523,0.0878906,1.00204,7.35783e-05,0.812537,1,0
1.86523,0.107422,1.00201,8.74018e-05,0.812537,1,0
1.8457,0.126953,1.00198,0.000100993,0.814486,1,0
1.8457,0.146484,1.00193,0.000114182,0.814487,1,0
1.86523,0.126953,1.00197,0.000100386,0.812538,1,0
1.86523,0.146484,1.00192,0.000113487,0.812538,1,0
1.72852,0.166016,1.00195,0.000131525,0.826177,1,0
1.72852,0.185547,1.00189,0.000144284,0.826177,1,0
1.74805,0.166016,1.00194,0.000130578,0.824228,1,0
1.74805,0.185547,1.00187,0.000143258,0.824229,1,0
1.72852,0.205078,1.00181,0.000155713,0.826178,1,0
1.72852,0.224609,1.00171,0.000167296,0.826179,1,0
1.74805,0.205078,1.00179,0.000154643,0.82423,1,0
1.74805,0.224609,1.0017,0.000166155,0.824231,1,0
1.76758,0.166016,1.00193,0.000129667,0.82228,1,0
1.76758,0.185547,1.00186,0.000142267,0.822281,1,0
1.78711,0.166016,1.00191,0.000128789,0.820332,1,0
1.78711,0.185547,1.00185,0.000141309,0.820333,1,0
1.76758,0.205078,1.00178,0.000153606,0.822282,1,0
1.76758,0.224609,1.00169,0.000165044,0.822282,1,0
1.78711,0.205078,1.00177,0.0001526,0.820333,1,0
1.78711,0.224609,1.00168,0.000163962,0.820334,1,0
1.72852,0.244141,1.00159,0.00017745,0.82618,1,0
1.72852,0.263672,1.00143,0.00018757,0.826181,1,0
1.74805,0.244141,1.00158,0.00017626,0.824231,1,0
1.74805,0.263672,1.00142,0.00018631,0.824232,1,0
1.72852,0.283203,1.00117,0.00019593,0.826181,1,0
1.72852,0.302734,1.00071,0.000203928,0.826182,1,0
1.74805,0.283203,1.00117,0.000194618,0.824233,1,0
1.74805,0.302734,1.00071,0.00020254,0.824234,1,0
1.76758,0.244141,1.00157,0.000175097,0.822283,1,0
1.76758,0.263672,1.00141,0.000185075,0.822284,1,0
1.78711,0.244141,1.00156,0.000173963,0.820335,1,0
1.78711,0.263672,1.0014,0.000183867,0.820336,1,0
1.76758,0.283203,1.00116,0.00019333,0.822285,1,0
1.76758,0.302734,1.0007,0.000201176,0.822286,1,0
1.78711,0.283203,1.00115,0.000192067,0.820336,1,0
1.78711,0.302734,1.00069,0.000199834,0.820337,1,0
1.80664,0.166016,1.0019,0.000127946,0.818384,1,0
1.80664,0.185547,1.00184,0.000140383,0.818384,1,0
1.82617,0.166016,1.00189,0.000127135,0.816435,1,0
1.82617,0.185547,1.00183,0.00013949,0.816436,1,0
1.80664,0.205078,1.00176,0.000151625,0.818385,1,0
1.80664,0.224609,1.00167,0.00016291,0.818386,1,0
1.82617,0.205078,1.00175,0.000150679,0.816437,1,0
1.82617,0.224609,1.00166,0.000161886,0.816437,1,0
1.8457,0.166016,1.00188,0.000126356,0.814487,1,0
1.8457,0.185547,1.00181,0.000138626,0.814488,1,0
1.86523,0.166016,1.00187,0.000125607,0.812539,1,0
1.86523,0.185547,1.0018,0.000137793,0.812539,1,0
1.8457,0.205078,1.00174,0.000149762,0.814488,1,0
1.8457,0.224609,1.00165,0.000160889,0.814489,1,0
1.86523,0.205078,1.00173,0.000148872,0.81254,1,0
1.86523,0.224609,1.00164,0.000159919,0.81254,1,0
1.80664,0.244141,1.00155,0.000172856,0.818386,1,0
1.80664,0.263672,1.00139,0.000182684,0.818387,1,0
1.82617,0.244141,1.00154,0.000171776,0.816438,1,0
1.82617,0.263672,1.00138,0.000181527,0.816439,1,0
1.80664,0.283203,1.00114,0.000190827,0.818388,1,0
1.80664,0.302734,1.00069,0.000198516,0.818389,1,0
1.82617,0.283203,1.00113,0.000189612,0.816439,1,0
1.82617,0.302734,1.00068,0.000197221,0.81644,1,0
1.8457,0.244141,1.00153,0.000170722,0.814489,1,0
1.8457,0.263672,1.00137,0.000180395,0.81449,1,0
1.86523,0.244141,1.00152,0.000169693,0.812541,1,0
1.86523,0.263672,1.00137,0.000179287,0.812542,1,0
1.8457,0.283203,1.00113,0.000188421,0.814491,1,0
1.8457,0.302734,1.00067,0.000195949,0.814492,1,0
1.86523,0.283203,1.00112,0.000187253,0.812542,1,0
1.86523,0.302734,1.00067,0.000194699,0.812543,1,0
1.57227,0.322266,0.999797,0.000221529,0.841769,1,0
1.57227,0.341797,0.997675,0.000226025,0.84177,1,0
1.5918,0.322266,0.999792,0.000219912,0.839821,1,0
1.5918,0.341797,0.997673,0.00022434,0.839822,1,0
1.57227,0.361328,0.992953,0.000224871,0.841771,1,0
1.57227,0.380859,0.982654,0.000218944,0.841773,1,0
1.5918,0.361328,0.992956,0.000223171,0.839823,1,0
1.5918,0.380859,0.982667,0.000217187,0.839824,1,0
1.61133,0.322266,0.999787,0.000218323,0.837873,1,0
1.61133,0.341797,0.997671,0.000222683,0.837874,1,0
1.63086,0.322266,0.999782,0.000216758,0.835925,1,0
1.63086,0.341797,0.99767,0.000221046,0.835926,1,0
1.61133,0.361328,0.99296,0.000221491,0.837875,1,0
1.61133,0.380859,0.982679,0.000215448,0.837876,1,0
1.63086,0.361328,0.992964,0.000219824,0.835927,1,0
1.63086,0.380859,0.982691,0.000213716,0.835928,1,0
1.57227,0.400391,0.96107,0.000200142,0.841774,1,0
1.57227,0.419922,0.918064,0.000168573,0.841775,1,0
1.5918,0.400391,0.961095,0.00019845,0.839825,1,0
1.5918,0.419922,0.918105,0.000167025,0.839827,1,0
1.57227,0.439453,0.836959,0.00011741,0.841775,1,0
1.57227,0.458984,0.69249,6.07734e-05,0.841776,1,0
1.5918,0.439453,0.837013,0.000116285,0.839827,1,0
1.5918,0.458984,0.692544,6.03774e-05,0.839828,1,0
1.61133,0.400391,0.961121,0.00019676,0.837877,1,0
1.61133,0.419922,0.918146,0.000165465,0.837878,1,0
1.63086,0.400391,0.961146,0.000195054,0.835929,1,0
1.63086,0.419922,0.918187,0.000163863,0.83593,1,0
1.61133,0.439453,0.837066,0.000115099,0.837879,1,0
1.61133,0.458984,0.692597,5.98345e-05,0.83788,1,0
1.63086,0.439453,0.837119,0.000113828,0.835931,1,0
1.63086,0.458984,0.692649,5.91008e-05,0.835932,1,0
1.65039,0.322266,0.999778,0.000215214,0.833976,1,0
1.65039,0.341797,0.997668,0.000219426,0.833978,1,0
1.66992,0.322266,0.999773,0.00021369,0.832028,1,0
1.66992,0.341797,0.997667,0.000217823,0.832029,1,0
1.65039,0.361328,0.992967,0.000218166,0.833979,1,0
1.65039,0.380859,0.982704,0.000211986,0.83398,1,0
1.66992,0.361328,0.992971,0.000216516,0.83203,1,0
1.66992,0.380859,0.982716,0.00021026,0.832031,1,0
1.68945,0.322266,0.999768,0.000212186,0.83008,1,0
1.68945,0.341797,0.997665,0.000216236,0.830081,1,0
1.70898,0.322266,0.999763,0.000210701,0.828132,1,0
1.70898,0.341797,0.997664,0.000214667,0.828133,1,0
1.68945,0.361328,0.992975,0.000214878,0.830082,1,0
1.68945,0.380859,0.982728,0.00020854,0.830083,1,0
1.70898,0.361328,0.992979,0.000213254,0.828134,1,0
1.70898,0.380859,0.982741,0.00020683,0.828135,1,0
1.65039,0.400391,0.961171,0.000193332,0.833981,1,0
1.65039,0.419922,0.918227,0.000162219,0.833982,1,0
1.66992,0.400391,0.961196,0.000191603,0.832032,1,0
1.66992,0.419922,0.918267,0.000160549,0.832034,1,0
1.65039,0.439453,0.837171,0.000112493,0.833983,1,0
1.65039,0.458984,0.692701,5.82487e-05,0.833983,1,0
1.66992,0.439453,0.837223,0.000111126,0.832034,1,0
1.66992,0.458984,0.692752,5.73447e-05,0.832035,1,0
1.68945,0.400391,0.961221,0.000189875,0.830084,1,0
1.68945,0.419922,0.918307,0.00015887,0.830085,1,0
1.70898,0.400391,0.961246,0.000188157,0.828136,1,0
1.70898,0.419922,0.918347,0.000157194,0.828137,1,0
1.68945,0.439453,0.837274,0.000109754,0.830086,1,0
1.68945,0.458984,0.692803,5.64279e-05,0.830087,1,0
1.70898,0.439453,0.837326,0.000108397,0.828138,1,0
1.70898,0.458984,0.692853,5.55213e-05,0.828138,1,0
1.57227,0.478516,0.449849,8.75383e-06,0.841776,1,0
1.57227,0.498047,0.0662195,-1.04242e-05,0.841777,0.6,0
1.5918,0.478516,0.449883,9.07464e-06,0.839828,1,0
1.5918,0.498047,0.0662199,-9.5185e-06,0.839828,0.6,0
1.61133,0.478516,0.449918,9.23378e-06,0.83788,1,0
1.61133,0.498047,0.0662212,-9.02278e-06,0.83788,0.6,0
1.63086,0.478516,0.449951,9.15764e-06,0.835932,1,0
1.63086,0.498047,0.0662226,-8.75598e-06,0.835932,0.6,0
1.65039,0.478516,0.449984,8.9709e-06,0.833984,1,0
1.65039,0.498047,0.0662241,-8.52592e-06,0.833984,0.6,0
1.66992,0.478516,0.450017,8.75874e-06,0.832035,1,0
1.66992,0.498047,0.0662257,-8.2822e-06,0.832036,0.6,0
1.68945,0.478516,0.450049,8.56838e-06,0.830087,1,0
1.68945,0.498047,0.0662272,-8.04403e-06,0.830088,0.6,0
1.70898,0.478516,0.45008,8.41949e-06,0.828139,1,0
1.70898,0.498047,0.0662288,-7.8315e-06,0.828139,0.6,0
1.72852,0.322266,0.999759,0.000209237,0.826183,1,0
1.72852,0.341797,0.997663,0.000213117,0.826184,1,0
1.74805,0.322266,0.999754,0.000207794,0.824235,1,0
1.74805,0.341797,0.997661,0.000211588,0.824236,1,0
1.72852,0.361328,0.992983,0.000211647,0.826185,1,0
1.72852,0.380859,0.982753,0.000205136,0.826186,1,0
1.74805,0.361328,0.992987,0.00021006,0.824237,1,0
1.74805,0.380859,0.982766,0.00020346,0.824238,1,0
1.76758,0.322266,0.99975,0.000206372,0.822287,1,0
1.76758,0.341797,0.99766,0.000210079,0.822288,1,0
1.78711,0.322266,0.999746,0.000204973,0.820338,1,0
1.78711,0.341797,0.997659,0.000208593,0.820339,1,0
1.76758,0.361328,0.992991,0.000208494,0.822288,1,0
1.76758,0.380859,0.982778,0.000201805,0.82229,1,0
1.78711,0.361328,0.992996,0.000206951,0.82034,1,0
1.78711,0.380859,0.982791,0.000200173,0.820341,1,0
1.72852,0.400391,0.96127,0.000186455,0.826187,1,0
1.72852,0.419922,0.918387,0.000155532,0.826189,1,0
1.74805,0.400391,0.961295,0.000184775,0.824239,1,0
1.74805,0.419922,0.918426,0.000153894,0.82424,1,0
1.72852,0.439453,0.837376,0.000107066,0.826189,1,0
1.72852,0.458984,0.692902,5.46405e-05,0.82619,1,0
1.74805,0.439453,0.837427,0.000105767,0.824241,1,0
1.74805,0.458984,0.692951,5.37961e-05,0.824242,1,0
1.76758,0.400391,0.96132,0.00018312,0.82229,1,0
1.76758,0.419922,0.918465,0.000152284,0.822292,1,0
1.78711,0.400391,0.961345,0.000181491,0.820342,1,0
1.78711,0.419922,0.918504,0.000150703,0.820343,1,0
1.76758,0.439453,0.837477,0.000104502,0.822292,1,0
1.76758,0.458984,0.693,5.29929e-05,0.822293,1,0
1.78711,0.439453,0.837526,0.000103268,0.820344,1,0
1.78711,0.458984,0.693047,5.22301e-05,0.820344,1,0
1.80664,0.322266,0.999741,0.000203597,0.81839,1,0
1.80664,0.341797,0.997658,0.000207129,0.818391,1,0
1.82617,0.322266,0.999737,0.000202243,0.816441,1,0
1.82617,0.341797,0.997657,0.000205687,0.816442,1,0
1.80664,0.361328,0.993,0.000205431,0.818392,1,0
1.80664,0.380859,0.982804,0.000198565,0.818393,1,0
1.82617,0.361328,0.993004,0.000203934,0.816443,1,0
1.82617,0.380859,0.982816,0.00019698,0.816444,1,0
1.8457,0.322266,0.999733,0.000200912,0.814493,1,0
1.8457,0.341797,0.997656,0.000204267,0.814494,1,0
1.86523,0.322266,0.999729,0.000199602,0.812544,1,0
1.86523,0.341797,0.997656,0.000202868,0.812545,1,0
1.8457,0.361328,0.993009,0.000202458,0.814494,1,0
1.8457,0.380859,0.982829,0.000195417,0.814495,1,0
1.86523,0.361328,0.993013,0.000201004,0.812546,1,0
1.86523,0.380859,0.982842,0.000193876,0.812547,1,0
1.80664,0.400391,0.96137,0.000179887,0.818393,1,0
1.80664,0.419922,0.918543,0.000149153,0.818394,1,0
1.82617,0.400391,0.961395,0.000178308,0.816445,1,0
1.82617,0.419922,0.918582,0.000147632,0.816446,1,0
1.80664,0.439453,0.837576,0.000102062,0.818395,1,0
1.80664,0.458984,0.693094,5.15033e-05,0.818396,1,0
1.82617,0.439453,0.837624,0.00010088,0.816446,1,0
1.82617,0.458984,0.693141,5.08068e-05,0.816447,1,0
1.8457,0.400391,0.961419,0.000176752,0.814496,1,0
1.8457,0.419922,0.918621,0.000146138,0.814497,1,0
1.86523,0.400391,0.961444,0.000175218,0.812548,1,0
1.86523,0.419922,0.918659,0.000144669,0.812548,1,0
1.8457,0.439453,0.837673,9.97202e-05,0.814498,1,0
1.8457,0.458984,0.693187,5.01343e-05,0.814498,1,0
1.86523,0.439453,0.83772,9.85786e-05,0.812549,1,0
1.86523,0.458984,0.693232,4.94801e-05,0.81255,1,0
1.72852,0.478516,0.450111,8.31263e-06,0.82619,1,0
1.72852,0.498047,0.0662304,-7.64954e-06,0.826191,0.6,0
1.74805,0.478516,0.450141,8.23866e-06,0.824242,1,0
1.74805,0.498047,0.066232,-7.48998e-06,0.824242,0.6,0
1.76758,0.478516,0.450171,8.18496e-06,0.822293,1,0
1.76758,0.498047,0.0662338,-7.34278e-06,0.822294,0.6,0
1.78711,0.478516,0.450201,8.13983e-06,0.820345,1,0
1.78711,0.498047,0.0662355,-7.19932e-06,0.820345,0.6,0
1.80664,0.478516,0.45023,8.09474e-06,0.818396,1,0
1.80664,0.498047,0.0662374,-7.05351e-06,0.818396,0.6,0
1.82617,0.478516,0.450258,8.04442e-06,0.816447,1,0
1.82617,0.498047,0.0662393,-6.90226e-06,0.816448,0.6,0
1.8457,0.478516,0.450286,7.98653e-06,0.814499,1,0
1.8457,0.498047,0.0662413,-6.74493e-06,0.814499,0.6,0
1.86523,0.478516,0.450314,7.92073e-06,0.81255,1,0
1.86523,0.498047,0.0662434,-6.5827e-06,0.81255,0.6,0
1.88477,0.00976562,1.00179,1.14035e-05,0.810588,1,0
1.88477,0.0292969,1.00201,2.86869e-05,0.810588,1,0
1.9043,0.00976562,1.00178,1.14015e-05,0.80864,1,0
1.9043,0.0292969,1.002,2.859e-05,0.80864,1,0
1.88477,0.0488281,1.00207,4.45165e-05,0.810588,1,0
1.88477,0.0683594,1.00206,5.94219e-05,0.810588,1,0
1.9043,0.0488281,1.00206,4.42444e-05,0.80864,1,0
1.9043,0.0683594,1.00204,5.9109e-05,0.80864,1,0
1.92383,0.00976562,1.00177,1.14377e-05,0.806692,1,0
1.92383,0.0292969,1.00198,2.85396e-05,0.806691,1,0
1.94336,0.00976562,1.00175,1.1509e-05,0.804743,1,0
1.94336,0.0292969,1.00196,2.85316e-05,0.804743,1,0
1.92383,0.0488281,1.00204,4.40086e-05,0.806692,1,0
1.92383,0.0683594,1.00203,5.88346e-05,0.806692,1,0
1.94336,0.0488281,1.00203,4.38068e-05,0.804743,1,0
1.94336,0.0683594,1.00202,5.85958e-05,0.804743,1,0
1.88477,0.0878906,1.00203,7.31448e-05,0.810589,1,0
1.88477,0.107422,1.00199,8.68878e-05,0.810589,1,0
1.9043,0.0878906,1.00201,7.27448e-05,0.80864,1,0
1.9043,0.107422,1.00198,8.64088e-05,0.808641,1,0
1.88477,0.126953,1.00195,9.98102e-05,0.810589,1,0
1.88477,0.146484,1.00191,0.000112823,0.81059,1,0
1.9043,0.126953,1.00194,9.9265e-05,0.808641,1,0
1.9043,0.146484,1.00189,0.00011219,0.808641,1,0
1.92383,0.0878906,1.002,7.23764e-05,0.806692,1,0
1.92383,0.107422,1.00197,8.59629e-05,0.806692,1,0
1.94336,0.0878906,1.00199,7.20375e-05,0.804743,1,0
1.94336,0.107422,1.00195,8.55478e-05,0.804744,1,0
1.92383,0.126953,1.00193,9.87481e-05,0.806692,1,0
1.92383,0.146484,1.00188,0.000111586,0.806693,1,0
1.94336,0.126953,1.00191,9.82577e-05,0.804744,1,0
1.94336,0.146484,1.00187,0.000111009,0.804744,1,0
1.96289,0.00976562,1.00174,1.16114e-05,0.802795,1,0
1.96289,0.0292969,1.00195,2.85613e-05,0.802795,1,0
1.98242,0.00976562,1.00173,1.17405e-05,0.800846,1,0
1.98242,0.0292969,1.00193,2.86232e-05,0.800846,1,0
1.96289,0.0488281,1.00201,4.36358e-05,0.802795,1,0
1.96289,0.0683594,1.002,5.83897e-05,0.802795,1,0
1.98242,0.0488281,1.002,4.34928e-05,0.800846,1,0
1.98242,0.0683594,1.00199,5.82127e-05,0.800846,1,0
2.00195,0.00976562,1.00172,1.18921e-05,0.798898,1,0
2.00195,0.0292969,1.00192,2.87124e-05,0.798897,1,0
2.02148,0.00976562,1.0017,1.20625e-05,0.796949,1,0
2.02148,0.0292969,1.0019,2.88247e-05,0.796949,1,0
2.00195,0.0488281,1.00198,4.33746e-05,0.798898,1,0
2.00195,0.0683594,1.00197,5.80615e-05,0.798897,1,0
2.02148,0.0488281,1.00197,4.32785e-05,0.796949,1,0
2.02148,0.0683594,1.00196,5.79331e-05,0.796949,1,0
1.96289,0.0878906,1.00197,7.17254e-05,0.802795,1,0
1.96289,0.107422,1.00194,8.51612e-05,0.802795,1,0
1.98242,0.0878906,1.00196,7.14378e-05,0.800846,1,0
1.98242,0.107422,1.00193,8.48006e-05,0.800846,1,0
1.96289,0.126953,1.0019,9.77916e-05,0.802795,1,0
1.96289,0.146484,1.00186,0.000110456,0.802796,1,0
1.98242,0.126953,1.00189,9.73479e-05,0.800847,1,0
1.98242,0.146484,1.00185,0.000109927,0.800847,1,0
2.00195,0.0878906,1.00195,7.11722e-05,0.798898,1,0
2.00195,0.107422,1.00191,8.44634e-05,0.798898,1,0
2.02148,0.0878906,1.00193,7.09261e-05,0.796949,1,0
2.02148,0.107422,1.0019,8.41472e-05,0.796949,1,0
2.00195,0.126953,1.00188,9.69242e-05,0.798898,1,0
2.00195,0.146484,1.00183,0.000109418,0.798898,1,0
2.02148,0.126953,1.00186,9.65187e-05,0.796949,1,0
2.02148,0.146484,1.00182,0.000108928,0.796949,1,0
1.88477,0.166016,1.00185,0.000124886,0.81059,1,0
1.88477,0.185547,1.00179,0.000136988,0.810591,1,0
1.9043,0.166016,1.00184,0.000124194,0.808642,1,0
1.9043,0.185547,1.00178,0.000136209,0.808642,1,0
1.88477,0.205078,1.00172,0.000148009,0.810591,1,0
1.88477,0.224609,1.00163,0.000158974,0.810592,1,0
1.9043,0.205078,1.00171,0.00014717,0.808643,1,0
1.9043,0.224609,1.00162,0.000158054,0.808643,1,0
1.92383,0.166016,1.00183,0.000123527,0.806693,1,0
1.92383,0.185547,1.00177,0.000135456,0.806694,1,0
1.94336,0.166016,1.00182,0.000122884,0.804745,1,0
1.94336,0.185547,1.00176,0.000134727,0.804745,1,0
1.92383,0.205078,1.00169,0.000146355,0.806694,1,0
1.92383,0.224609,1.00161,0.000157156,0.806695,1,0
1.94336,0.205078,1.00168,0.000145562,0.804745,1,0
1.94336,0.224609,1.0016,0.000156279,0.804746,1,0
1.88477,0.244141,1.00151,0.000168688,0.810592,1,0
1.88477,0.263672,1.00136,0.000178202,0.810593,1,0
1.9043,0.244141,1.0015,0.000167706,0.808644,1,0
1.9043,0.263672,1.00135,0.000177139,0.808645,1,0
1.88477,0.283203,1.00111,0.000186107,0.810594,1,0
1.88477,0.302734,1.00066,0.00019347,0.810595,1,0
1.9043,0.283203,1.0011,0.000184982,0.808645,1,0
1.9043,0.302734,1.00065,0.000192262,0.808646,1,0
1.92383,0.244141,1.00149,0.000166746,0.806695,1,0
1.92383,0.263672,1.00134,0.000176097,0.806696,1,0
1.94336,0.244141,1.00148,0.000165805,0.804747,1,0
1.94336,0.263672,1.00133,0.000175073,0.804747,1,0
1.92383,0.283203,1.0011,0.000183877,0.806697,1,0
1.92383,0.302734,1.00065,0.000191073,0.806697,1,0
1.94336,0.283203,1.00109,0.00018279,0.804748,1,0
1.94336,0.302734,1.00064,0.000189901,0.804749,1,0
1.96289,0.166016,1.00181,0.000122263,0.802796,1,0
1.96289,0.185547,1.00174,0.000134019,0.802796,1,0
1.98242,0.166016,1.00179,0.000121663,0.800847,1,0
1.98242,0.185547,1.00173,0.000133333,0.800848,1,0
1.96289,0.205078,1.00167,0.00014479,0.802797,1,0
1.96289,0.224609,1.00159,0.000155422,0.802797,1,0
1.98242,0.205078,1.00166,0.000144036,0.800848,1,0
1.98242,0.224609,1.00158,0.000154583,0.800849,1,0
2.00195,0.166016,1.00178,0.000121081,0.798898,1,0
2.00195,0.185547,1.00172,0.000132664,0.798899,1,0
2.02148,0.166016,1.00177,0.000120516,0.79695,1,0
2.02148,0.185547,1.00171,0.000132012,0.79695,1,0
2.00195,0.205078,1.00165,0.000143299,0.798899,1,0
2.00195,0.224609,1.00157,0.000153761,0.7989,1,0
2.02148,0.205078,1.00164,0.000142577,0.79695,1,0
2.02148,0.224609,1.00156,0.000152953,0.796951,1,0
1.96289,0.244141,1.00148,0.000164883,0.802798,1,0
1.96289,0.263672,1.00132,0.000174068,0.802798,1,0
1.98242,0.244141,1.00147,0.000163978,0.800849,1,0
1.98242,0.263672,1.00131,0.000173078,0.80085,1,0
1.96289,0.283203,1.00108,0.000181719,0.802799,1,0
1.96289,0.302734,1.00064,0.000188745,0.8028,1,0
1.98242,0.283203,1.00107,0.000180664,0.80085,1,0
1.98242,0.302734,1.00063,0.000187603,0.800851,1,0
2.00195,0.244141,1.00146,0.000163088,0.7989,1,0
2.00195,0.263672,1.00131,0.000172104,0.798901,1,0
2.02148,0.244141,1.00145,0.000162212,0.796951,1,0
2.02148,0.263672,1.0013,0.000171142,0.796952,1,0
2.00195,0.283203,1.00107,0.000179622,0.798901,1,0
2.00195,0.302734,1.00062,0.000186474,0.798902,1,0
2.02148,0.283203,1.00106,0.000178592,0.796953,1,0
2.02148,0.302734,1.00062,0.000185357,0.796953,1,0
2.04102,0.00976562,1.00169,1.22493e-05,0.795,1,0
2.04102,0.0292969,1.00189,2.89571e-05,0.795,1,0
2.06055,0.00976562,1.00168,1.24509e-05,0.793052,1,0
2.06055,0.0292969,1.00187,2.91075e-05,0.793051,1,0
2.04102,0.0488281,1.00195,4.32021e-05,0.795,1,0
2.04102,0.0683594,1.00195,5.78246e-05,0.795,1,0
2.06055,0.0488281,1.00194,4.31433e-05,0.793051,1,0
2.06055,0.0683594,1.00193,5.77338e-05,0.793051,1,0
2.08008,0.00976562,1.00167,1.26663e-05,0.791103,1,0
2.08008,0.0292969,1.00186,2.92745e-05,0.791102,1,0
2.09961,0.00976562,1.00165,1.28943e-05,0.789154,1,0
2.09961,0.0292969,1.00184,2.94565e-05,0.789153,1,0
2.08008,0.0488281,1.00192,4.31003e-05,0.791102,1,0
2.08008,0.0683594,1.00192,5.76582e-05,0.791102,1,0
2.09961,0.0488281,1.00191,4.30711e-05,0.789153,1,0
2.09961,0.0683594,1.00191,5.75957e-05,0.789153,1,0
2.04102,0.0878906,1.00192,7.06974e-05,0.795,1,0
2.04102,0.107422,1.00189,8.38496e-05,0.795,1,0
2.06055,0.0878906,1.00191,7.04839e-05,0.793051,1,0
2.06055,0.107422,1.00188,8.35684e-05,0.793051,1,0
2.04102,0.126953,1.00185,9.6129e-05,0.795,1,0
2.04102,0.146484,1.00181,0.000108455,0.795001,1,0
2.06055,0.126953,1.00184,9.57531e-05,0.793051,1,0
2.06055,0.146484,1.0018,0.000107996,0.793052,1,0
2.08008,0.0878906,1.00189,7.02834e-05,0.791102,1,0
2.08008,0.107422,1.00186,8.3301e-05,0.791102,1,0
2.09961,0.0878906,1.00188,7.00937e-05,0.789153,1,0
2.09961,0.107422,1.00185,8.30453e-05,0.789153,1,0
2.08008,0.126953,1.00183,9.53888e-05,0.791102,1,0
2.08008,0.146484,1.00179,0.00010755,0.791103,1,0
2.09961,0.126953,1.00182,9.5034e-05,0.789153,1,0
2.09961,0.146484,1.00177,0.000107113,0.789154,1,0
2.11914,0.00976562,1.00164,1.31336e-05,0.787205,1,0
2.11914,0.0292969,1.00183,2.96513e-05,0.787204,1,0
2.13867,0.00976562,1.00163,1.33817e-05,0.785256,1,0
2.13867,0.0292969,1.00181,2.98557e-05,0.785255,1,0
2.11914,0.0488281,1.0019,4.30535e-05,0.787204,1,0
2.11914,0.0683594,1.00189,5.75436e-05,0.787204,1,0
2.13867,0.0488281,1.00188,4.30449e-05,0.785255,1,0
2.13867,0.0683594,1.00188,5.74991e-05,0.785255,1,0
2.1582,0.00976562,1.00161,1.36353e-05,0.783307,1,0
2.1582,0.0292969,1.0018,3.00655e-05,0.783306,1,0
2.17773,0.00976562,1.0016,1.38904e-05,0.781357,1,0
2.17773,0.0292969,1.00178,3.02754e-05,0.781357,1,0
2.1582,0.0488281,1.00187,4.30422e-05,0.783306,1,0
2.1582,0.0683594,1.00187,5.7459e-05,0.783306,1,0
2.17773,0.0488281,1.00185,4.30419e-05,0.781357,1,0
2.17773,0.0683594,1.00185,5.74194e-05,0.781357,1,0
2.11914,0.0878906,1.00187,6.99125e-05,0.787204,1,0
2.11914,0.107422,1.00184,8.27986e-05,0.787204,1,0
2.13867,0.0878906,1.00186,6.97371e-05,0.785255,1,0
2.13867,0.107422,1.00183,8.25583e-05,0.785255,1,0
2.11914,0.126953,1.0018,9.46863e-05,0.787204,1,0
2.11914,0.146484,1.00176,0.000106685,0.787205,1,0
2.13867,0.126953,1.00179,9.43434e-05,0.785255,1,0
2.13867,0.146484,1.00175,0.000106262,0.785255,1,0
2.1582,0.0878906,1.00184,6.95648e-05,0.783306,1,0
2.1582,0.107422,1.00181,8.23217e-05,0.783306,1,0
2.17773,0.0878906,1.00183,6.93926e-05,0.781357,1,0
2.17773,0.107422,1.0018,8.20859e-05,0.781357,1,0
2.1582,0.126953,1.00178,9.40029e-05,0.783306,1,0
2.1582,0.146484,1.00174,0.000105842,0.783306,1,0
2.17773,0.126953,1.00177,9.36623e-05,0.781357,1,0
2.17773,0.146484,1.00173,0.000105424,0.781357,1,0
2.04102,0.166016,1.00176,0.000119965,0.795001,1,0
2.04102,0.185547,1.0017,0.000131375,0.795001,1,0
2.06055,0.166016,1.00175,0.000119426,0.793052,1,0
2.06055,0.185547,1.00169,0.00013075,0.793052,1,0
2.04102,0.205078,1.00163,0.000141868,0.795002,1,0
2.04102,0.224609,1.00155,0.000152159,0.795002,1,0
2.06055,0.205078,1.00162,0.000141171,0.793053,1,0
2.06055,0.224609,1.00154,0.000151376,0.793053,1,0
2.08008,0.166016,1.00174,0.000118898,0.791103,1,0
2.08008,0.185547,1.00168,0.000130136,0.791103,1,0
2.09961,0.166016,1.00173,0.000118379,0.789154,1,0
2.09961,0.185547,1.00167,0.000129531,0.789154,1,0
2.08008,0.205078,1.00161,0.000140483,0.791104,1,0
2.08008,0.224609,1.00153,0.000150602,0.791104,1,0
2.09961,0.205078,1.0016,0.000139803,0.789155,1,0
2.09961,0.224609,1.00152,0.000149837,0.789155,1,0
2.04102,0.244141,1.00144,0.000161348,0.795002,1,0
2.04102,0.263672,1.00129,0.000170192,0.795003,1,0
2.06055,0.244141,1.00143,0.000160495,0.793053,1,0
2.06055,0.263672,1.00128,0.000169253,0.793054,1,0
2.04102,0.283203,1.00105,0.000177573,0.795004,1,0
2.04102,0.302734,1.00061,0.00018425,0.795004,1,0
2.06055,0.283203,1.00105,0.000176564,0.793055,1,0
2.06055,0.302734,1.00061,0.000183152,0.793055,1,0
2.08008,0.244141,1.00142,0.000159651,0.791104,1,0
2.08008,0.263672,1.00127,0.000168323,0.791105,1,0
2.09961,0.244141,1.00141,0.000158814,0.789155,1,0
2.09961,0.263672,1.00127,0.0001674,0.789156,1,0
2.08008,0.283203,1.00104,0.000175563,0.791106,1,0
2.08008,0.302734,1.0006,0.000182063,0.791106,1,0
2.09961,0.283203,1.00103,0.00017457,0.789156,1,0
2.09961,0.302734,1.0006,0.000180983,0.789157,1,0
2.11914,0.166016,1.00171,0.000117866,0.787205,1,0
2.11914,0.185547,1.00166,0.000128933,0.787205,1,0
2.13867,0.166016,1.0017,0.000117357,0.785256,1,0
2.13867,0.185547,1.00165,0.000128339,0.785256,1,0
2.11914,0.205078,1.00159,0.000139129,0.787205,1,0
2.11914,0.224609,1.00151,0.000149077,0.787206,1,0
2.13867,0.205078,1.00158,0.000138458,0.785256,1,0
2.13867,0.224609,1.0015,0.000148322,0.785257,1,0
2.1582,0.166016,1.00169,0.000116851,0.783307,1,0
2.1582,0.185547,1.00164,0.000127749,0.783307,1,0
2.17773,0.166016,1.00168,0.000116344,0.781357,1,0
2.17773,0.185547,1.00163,0.000127159,0.781358,1,0
2.1582,0.205078,1.00157,0.00013779,0.783307,1,0
2.1582,0.224609,1.00149,0.000147569,0.783308,1,0
2.17773,0.205078,1.00156,0.000137122,0.781358,1,0
2.17773,0.224609,1.00148,0.000146817,0.781358,1,0
2.11914,0.244141,1.0014,0.000157982,0.787206,1,0
2.11914,0.263672,1.00126,0.000166484,0.787207,1,0
2.13867,0.244141,1.00139,0.000157154,0.785257,1,0
2.13867,0.263672,1.00125,0.000165572,0.785258,1,0
2.11914,0.283203,1.00103,0.000173583,0.787207,1,0
2.11914,0.302734,1.00059,0.000179908,0.787208,1,0
2.13867,0.283203,1.00102,0.0001726,0.785258,1,0
2.13867,0.302734,1.00059,0.000178839,0.785259,1,0
2.1582,0.244141,1.00139,0.000156329,0.783308,1,0
2.1582,0.263672,1.00124,0.000164662,0.783308,1,0
2.17773,0.244141,1.00138,0.000155503,0.781359,1,0
2.17773,0.263672,1.00123,0.000163754,0.781359,1,0
2.1582,0.283203,1.00101,0.00017162,0.783309,1,0
2.1582,0.302734,1.00058,0.000177773,0.78331,1,0
2.17773,0.283203,1.00101,0.00017064,0.78136,1,0
2.17773,0.302734,1.00058,0.000176708,0.78136,1,0
1.88477,0.322266,0.999725,0.000198312,0.810595,1,0
1.88477,0.341797,0.997655,0.000201489,0.810596,1,0
1.9043,0.322266,0.999721,0.000197042,0.808647,1,0
1.9043,0.341797,0.997654,0.000200129,0.808648,1,0
1.88477,0.361328,0.993018,0.000199568,0.810597,1,0
1.88477,0.380859,0.982855,0.000192356,0.810598,1,0
1.9043,0.361328,0.993023,0.00019815,0.808648,1,0
1.9043,0.380859,0.982868,0.000190854,0.808649,1,0
1.92383,0.322266,0.999717,0.000195791,0.806698,1,0
1.92383,0.341797,0.997654,0.000198787,0.806699,1,0
1.94336,0.322266,0.999713,0.000194555,0.804749,1,0
1.94336,0.341797,0.997653,0.000197461,0.80475,1,0
1.92383,0.361328,0.993027,0.000196749,0.8067,1,0
1.92383,0.380859,0.982881,0.00018937,0.806701,1,0
1.94336,0.361328,0.993032,0.000195363,0.804751,1,0
1.94336,0.380859,0.982894,0.000187901,0.804752,1,0
1.88477,0.400391,0.961469,0.000173702,0.810599,1,0
1.88477,0.419922,0.918697,0.000143221,0.8106,1,0
1.9043,0.400391,0.961493,0.000172204,0.80865,1,0
1.9043,0.419922,0.918735,0.000141793,0.808651,1,0
1.88477,0.439453,0.837768,9.74534e-05,0.8106,1,0
1.88477,0.458984,0.693277,4.88386e-05,0.810601,1,0
1.9043,0.439453,0.837815,9.63427e-05,0.808652,1,0
1.9043,0.458984,0.693322,4.8205e-05,0.808652,1,0
1.92383,0.400391,0.961518,0.000170721,0.806701,1,0
1.92383,0.419922,0.918773,0.000140382,0.806702,1,0
1.94336,0.400391,0.961543,0.000169252,0.804753,1,0
1.94336,0.419922,0.91881,0.000138984,0.804753,1,0
1.92383,0.439453,0.837862,9.52445e-05,0.806703,1,0
1.92383,0.458984,0.693365,4.75751e-05,0.806703,1,0
1.94336,0.439453,0.837908,9.41568e-05,0.804754,1,0
1.94336,0.458984,0.693409,4.69463e-05,0.804755,1,0
1.96289,0.322266,0.999709,0.000193335,0.8028,1,0
1.96289,0.341797,0.997653,0.000196149,0.802801,1,0
1.98242,0.322266,0.999706,0.000192127,0.800852,1,0
1.98242,0.341797,0.997652,0.00019485,0.800852,1,0
1.96289,0.361328,0.993037,0.00019399,0.802802,1,0
1.96289,0.380859,0.982907,0.000186446,0.802803,1,0
1.98242,0.361328,0.993042,0.000192628,0.800853,1,0
1.98242,0.380859,0.98292,0.000185002,0.800854,1,0
2.00195,0.322266,0.999702,0.000190931,0.798903,1,0
2.00195,0.341797,0.997652,0.000193562,0.798904,1,0
2.02148,0.322266,0.999699,0.000189745,0.796954,1,0
2.02148,0.341797,0.997652,0.000192284,0.796955,1,0
2.00195,0.361328,0.993047,0.000191276,0.798904,1,0
2.00195,0.380859,0.982933,0.000183568,0.798905,1,0
2.02148,0.361328,0.993052,0.000189932,0.796955,1,0
2.02148,0.380859,0.982946,0.000182143,0.796956,1,0
1.96289,0.400391,0.961567,0.000167795,0.802804,1,0
1.96289,0.419922,0.918848,0.000137598,0.802805,1,0
1.98242,0.400391,0.961592,0.000166347,0.800855,1,0
1.98242,0.419922,0.918885,0.000136222,0.800856,1,0
1.96289,0.439453,0.837954,9.30776e-05,0.802805,1,0
1.96289,0.458984,0.693452,4.63167e-05,0.802806,1,0
1.98242,0.439453,0.838,9.20043e-05,0.800856,1,0
1.98242,0.458984,0.693494,4.56859e-05,0.800857,1,0
2.00195,0.400391,0.961616,0.000164907,0.798906,1,0
2.00195,0.419922,0.918922,0.000134853,0.798907,1,0
2.02148,0.400391,0.96164,0.000163474,0.796957,1,0
2.02148,0.419922,0.918959,0.000133491,0.796958,1,0
2.00195,0.439453,0.838045,9.09348e-05,0.798907,1,0
2.00195,0.458984,0.693536,4.50545e-05,0.798908,1,0
2.02148,0.439453,0.83809,8.98673e-05,0.796958,1,0
2.02148,0.458984,0.693577,4.44238e-05,0.796959,1,0
1.88477,0.478516,0.450342,7.84805e-06,0.810601,1,0
1.88477,0.498047,0.0662455,-6.4178e-06,0.810602,0.6,0
1.9043,0.478516,0.450369,7.77013e-06,0.808652,1,0
1.9043,0.498047,0.0662477,-6.25291e-06,0.808653,0.6,0
1.92383,0.478516,0.450395,7.68899e-06,0.806704,1,0
1.92383,0.498047,0.0662499,-6.09063e-06,0.806704,0.6,0
1.94336,0.478516,0.450421,7.60653e-06,0.804755,1,0
1.94336,0.498047,0.0662522,-5.93326e-06,0.804755,0.6,0
1.96289,0.478516,0.450447,7.52445e-06,0.802806,1,0
1.96289,0.498047,0.0662545,-5.78249e-06,0.802806,0.6,0
1.98242,0.478516,0.450473,7.44403e-06,0.800857,1,0
1.98242,0.498047,0.0662569,-5.63944e-06,0.800857,0.6,0
2.00195,0.478516,0.450498,7.36617e-06,0.798908,1,0
2.00195,0.498047,0.0662593,-5.50458e-06,0.798908,0.6,0
2.02148,0.478516,0.450522,7.29136e-06,0.796959,1,0
2.02148,0.498047,0.0662617,-5.37785e-06,0.796959,0.6,0
2.04102,0.322266,0.999695,0.000188568,0.795005,1,0
2.04102,0.341797,0.997652,0.000191016,0.795006,1,0
2.06055,0.322266,0.999692,0.0001874,0.793056,1,0
2.06055,0.341797,0.997652,0.000189755,0.793057,1,0
2.04102,0.361328,0.993057,0.000188596,0.795006,1,0
2.04102,0.380859,0.982959,0.000180724,0.795007,1,0
2.06055,0.361328,0.993062,0.000187266,0.793057,1,0
2.06055,0.380859,0.982972,0.000179312,0.793058,1,0
2.08008,0.322266,0.999689,0.00018624,0.791107,1,0
2.08008,0.341797,0.997652,0.000188503,0.791108,1,0
2.09961,0.322266,0.999686,0.000185087,0.789158,1,0
2.09961,0.341797,0.997652,0.000187257,0.789158,1,0
2.08008,0.361328,0.993068,0.000185942,0.791108,1,0
2.08008,0.380859,0.982986,0.000177905,0.791109,1,0
2.09961,0.361328,0.993073,0.000184624,0.789159,1,0
2.09961,0.380859,0.982999,0.000176504,0.78916,1,0
2.04102,0.400391,0.961665,0.000162045,0.795008,1,0
2.04102,0.419922,0.918995,0.000132136,0.795009,1,0
2.06055,0.400391,0.961689,0.000160621,0.793059,1,0
2.06055,0.419922,0.919032,0.000130786,0.79306,1,0
2.04102,0.439453,0.838134,8.8801e-05,0.795009,1,0
2.04102,0.458984,0.693618,4.37961e-05,0.79501,1,0
2.06055,0.439453,0.838178,8.77362e-05,0.79306,1,0
2.06055,0.458984,0.693658,4.31737e-05,0.793061,1,0
2.08008,0.400391,0.961713,0.000159203,0.79111,1,0
2.08008,0.419922,0.919068,0.000129442,0.791111,1,0
2.09961,0.400391,0.961738,0.000157791,0.789161,1,0
2.09961,0.419922,0.919104,0.000128103,0.789161,1,0
2.08008,0.439453,0.838222,8.66746e-05,0.791111,1,0
2.08008,0.458984,0.693698,4.2559e-05,0.791112,1,0
2.09961,0.439453,0.838265,8.56183e-05,0.789162,1,0
2.09961,0.458984,0.693738,4.19537e-05,0.789162,1,0
2.11914,0.322266,0.999683,0.000183941,0.787209,1,0
2.11914,0.341797,0.997652,0.000186018,0.787209,1,0
2.13867,0.322266,0.99968,0.0001828,0.785259,1,0
2.13867,0.341797,0.997653,0.000184784,0.78526,1,0
2.11914,0.361328,0.993078,0.000183312,0.78721,1,0
2.11914,0.380859,0.983012,0.00017511,0.787211,1,0
2.13867,0.361328,0.993084,0.000182005,0.785261,1,0
2.13867,0.380859,0.983026,0.000173721,0.785262,1,0
2.1582,0.322266,0.999677,0.000181661,0.78331,1,0
2.1582,0.341797,0.997653,0.000183554,0.783311,1,0
2.17773,0.322266,0.999674,0.000180524,0.781361,1,0
2.17773,0.341797,0.997654,0.000182325,0.781362,1,0
2.1582,0.361328,0.99309,0.000180703,0.783312,1,0
2.1582,0.380859,0.983039,0.000172337,0.783312,1,0
2.17773,0.361328,0.993095,0.000179403,0.781362,1,0
2.17773,0.380859,0.983053,0.000170957,0.781363,1,0
2.11914,0.400391,0.961762,0.000156386,0.787211,1,0
2.11914,0.419922,0.91914,0.000126771,0.787212,1,0
2.13867,0.400391,0.961786,0.000154988,0.785262,1,0
2.13867,0.419922,0.919176,0.000125444,0.785263,1,0
2.11914,0.439453,0.838308,8.45702e-05,0.787213,1,0
2.11914,0.458984,0.693777,4.13588e-05,0.787213,1,0
2.13867,0.439453,0.838351,8.35321e-05,0.785264,1,0
2.13867,0.458984,0.693815,4.07747e-05,0.785264,1,0
2.1582,0.400391,0.96181,0.000153597,0.783313,1,0
2.1582,0.419922,0.919211,0.000124123,0.783314,1,0
2.17773,0.400391,0.961835,0.00015221,0.781364,1,0
2.17773,0.419922,0.919247,0.000122807,0.781364,1,0
2.1582,0.439453,0.838393,8.2505e-05,0.783314,1,0
2.1582,0.458984,0.693853,4.02008e-05,0.783315,1,0
2.17773,0.439453,0.838435,8.14888e-05,0.781365,1,0
2.17773,0.458984,0.69389,3.96363e-05,0.781365,1,0
2.04102,0.478516,0.450547,7.21984e-06,0.79501,1,0
2.04102,0.498047,0.0662642,-5.25874e-06,0.79501,0.6,0
2.06055,0.478516,0.450571,7.15156e-06,0.793061,1,0
2.06055,0.498047,0.0662666,-5.14649e-06,0.793061,0.6,0
2.08008,0.478516,0.450594,7.08638e-06,0.791112,1,0
2.08008,0.498047,0.0662691,-5.04013e-06,0.791112,0.6,0
2.09961,0.478516,0.450617,7.024e-06,0.789163,1,0
2.09961,0.498047,0.0662717,-4.93866e-06,0.789163,0.6,0
2.11914,0.478516,0.45064,6.96404e-06,0.787213,1,0
2.11914,0.498047,0.0662742,-4.84101e-06,0.787214,0.6,0
2.13867,0.478516,0.450663,6.90593e-06,0.785264,1,0
2.13867,0.498047,0.0662768,-4.74618e-06,0.785265,0.6,0
2.1582,0.478516,0.450685,6.84903e-06,0.783315,1,0
2.1582,0.498047,0.0662794,-4.65312e-06,0.783315,0.6,0
2.17773,0.478516,0.450707,6.79251e-06,0.781366,1,0
2.17773,0.498047,0.066282,-4.56091e-06,0.781366,0.6,0
2.19727,0.00976562,1.00159,1.41424e-05,0.779408,1,0
2.19727,0.0292969,1.00177,3.04799e-05,0.779407,1,0
2.2168,0.00976562,1.00157,1.43866e-05,0.777459,1,0
2.2168,0.0292969,1.00175,3.06733e-05,0.777458,1,0
2.19727,0.0488281,1.00184,4.30404e-05,0.779408,1,0
2.19727,0.0683594,1.00184,5.73767e-05,0.779407,1,0
2.2168,0.0488281,1.00183,4.30338e-05,0.777458,1,0
2.2168,0.0683594,1.00183,5.73269e-05,0.777458,1,0
2.23633,0.00976562,1.00156,1.46187e-05,0.775509,1,0
2.23633,0.0292969,1.00174,3.08503e-05,0.775509,1,0
2.25586,0.00976562,1.00155,1.48347e-05,0.77356,1,0
2.25586,0.0292969,1.00173,3.10061e-05,0.773559,1,0
2.23633,0.0488281,1.00181,4.30187e-05,0.775509,1,0
2.23633,0.0683594,1.00182,5.72662e-05,0.775509,1,0
2.25586,0.0488281,1.0018,4.29916e-05,0.773559,1,0
2.25586,0.0683594,1.0018,5.7191e-05,0.773559,1,0
2.19727,0.0878906,1.00182,6.92175e-05,0.779407,1,0
2.19727,0.107422,1.00179,8.18478e-05,0.779407,1,0
2.2168,0.0878906,1.00181,6.90365e-05,0.777458,1,0
2.2168,0.107422,1.00178,8.16045e-05,0.777458,1,0
2.19727,0.126953,1.00176,9.33189e-05,0.779408,1,0
2.19727,0.146484,1.00172,0.000105003,0.779408,1,0
2.2168,0.126953,1.00174,9.29702e-05,0.777458,1,0
2.2168,0.146484,1.00171,0.000104579,0.777458,1,0
2.23633,0.0878906,1.00179,6.88467e-05,0.775509,1,0
2.23633,0.107422,1.00177,8.1353e-05,0.775509,1,0
2.25586,0.0878906,1.00178,6.86452e-05,0.773559,1,0
2.25586,0.107422,1.00175,8.10904e-05,0.773559,1,0
2.23633,0.126953,1.00173,9.26137e-05,0.775509,1,0
2.23633,0.146484,1.00169,0.000104148,0.775509,1,0
2.25586,0.126953,1.00172,9.2247e-05,0.773559,1,0
2.25586,0.146484,1.00168,0.000103708,0.77356,1,0
2.27539,0.00976562,1.00153,1.50314e-05,0.77161,1,0
2.27539,0.0292969,1.00171,3.11367e-05,0.77161,1,0
2.29492,0.00976562,1.00152,1.5206e-05,0.769661,1,0
2.29492,0.0292969,1.0017,3.12389e-05,0.76966,1,0
2.27539,0.0488281,1.00179,4.29492e-05,0.77161,1,0
2.27539,0.0683594,1.00179,5.7098e-05,0.77161,1,0
2.29492,0.0488281,1.00177,4.2889e-05,0.76966,1,0
2.29492,0.0683594,1.00178,5.69841e-05,0.76966,1,0
2.31445,0.00976562,1.00151,1.53565e-05,0.767711,1,0
2.31445,0.0292969,1.00169,3.13098e-05,0.76771,1,0
2.33398,0.00976562,1.00149,1.54809e-05,0.765761,1,0
2.33398,0.0292969,1.00167,3.13473e-05,0.765761,1,0
2.31445,0.0488281,1.00176,4.28082e-05,0.767711,1,0
2.31445,0.0683594,1.00177,5.68465e-05,0.76771,1,0
2.33398,0.0488281,1.00175,4.27046e-05,0.765761,1,0
2.33398,0.0683594,1.00175,5.66829e-05,0.765761,1,0
2.27539,0.0878906,1.00177,6.84294e-05,0.77161,1,0
2.27539,0.107422,1.00174,8.0814e-05,0.77161,1,0
2.29492,0.0878906,1.00176,6.81968e-05,0.76966,1,0
2.29492,0.107422,1.00173,8.05211e-05,0.76966,1,0
2.27539,0.126953,1.00171,9.18677e-05,0.77161,1,0
2.27539,0.146484,1.00167,0.000103257,0.77161,1,0
2.29492,0.126953,1.0017,9.14736e-05,0.76966,1,0
2.29492,0.146484,1.00166,0.000102792,0.76966,1,0
2.31445,0.0878906,1.00175,6.79451e-05,0.767711,1,0
2.31445,0.107422,1.00172,8.02094e-05,0.767711,1,0
2.33398,0.0878906,1.00173,6.76722e-05,0.765761,1,0
2.33398,0.107422,1.00171,7.98767e-05,0.765761,1,0
2.31445,0.126953,1.00169,9.10628e-05,0.767711,1,0
2.31445,0.146484,1.00165,0.000102313,0.767711,1,0
2.33398,0.126953,1.00168,9.06333e-05,0.765761,1,0
2.33398,0.146484,1.00164,0.000101816,0.765761,1,0
2.19727,0.166016,1.00167,0.000115836,0.779408,1,0
2.19727,0.185547,1.00162,0.000126568,0.779408,1,0
2.2168,0.166016,1.00166,0.000115323,0.777459,1,0
2.2168,0.185547,1.0016,0.000125974,0.777459,1,0
2.19727,0.205078,1.00155,0.000136452,0.779409,1,0
2.19727,0.224609,1.00147,0.000146064,0.779409,1,0
2.2168,0.205078,1.00154,0.000135778,0.777459,1,0
2.2168,0.224609,1.00146,0.000145307,0.77746,1,0
2.23633,0.166016,1.00165,0.000114803,0.775509,1,0
2.23633,0.185547,1.00159,0.000125375,0.77551,1,0
2.25586,0.166016,1.00164,0.000114275,0.77356,1,0
2.25586,0.185547,1.00158,0.000124768,0.77356,1,0
2.23633,0.205078,1.00153,0.0001351,0.77551,1,0
2.23633,0.224609,1.00145,0.000144547,0.77551,1,0
2.25586,0.205078,1.00152,0.000134414,0.77356,1,0
2.25586,0.224609,1.00144,0.00014378,0.773561,1,0
2.19727,0.244141,1.00137,0.000154676,0.779409,1,0
2.19727,0.263672,1.00123,0.000162843,0.77941,1,0
2.2168,0.244141,1.00136,0.000153846,0.77746,1,0
2.2168,0.263672,1.00122,0.00016193,0.777461,1,0
2.19727,0.283203,1.001,0.000169659,0.77941,1,0
2.19727,0.302734,1.00057,0.000175642,0.779411,1,0
2.2168,0.283203,1.00099,0.000168675,0.777461,1,0
2.2168,0.302734,1.00057,0.000174572,0.777462,1,0
2.23633,0.244141,1.00135,0.000153011,0.775511,1,0
2.23633,0.263672,1.00121,0.000161013,0.775511,1,0
2.25586,0.244141,1.00134,0.00015217,0.773561,1,0
2.25586,0.263672,1.00121,0.00016009,0.773562,1,0
2.23633,0.283203,1.00099,0.000167686,0.775512,1,0
2.23633,0.302734,1.00056,0.000173498,0.775512,1,0
2.25586,0.283203,1.00098,0.00016669,0.773562,1,0
2.25586,0.302734,1.00056,0.000172419,0.773563,1,0
2.27539,0.166016,1.00163,0.000113737,0.77161,1,0
2.27539,0.185547,1.00157,0.000124152,0.771611,1,0
2.29492,0.166016,1.00162,0.000113185,0.769661,1,0
2.29492,0.185547,1.00156,0.000123525,0.769661,1,0
2.27539,0.205078,1.00151,0.000133719,0.771611,1,0
2.27539,0.224609,1.00143,0.000143005,0.771611,1,0
2.29492,0.205078,1.0015,0.000133014,0.769661,1,0
2.29492,0.224609,1.00143,0.000142222,0.769662,1,0
2.31445,0.166016,1.00161,0.00011262,0.767711,1,0
2.31445,0.185547,1.00155,0.000122885,0.767711,1,0
2.33398,0.166016,1.0016,0.000112038,0.765762,1,0
2.33398,0.185547,1.00155,0.000122231,0.765762,1,0
2.31445,0.205078,1.00149,0.000132298,0.767712,1,0
2.31445,0.224609,1.00142,0.000141428,0.767712,1,0
2.33398,0.205078,1.00148,0.000131567,0.765762,1,0
2.33398,0.224609,1.00141,0.000140622,0.765763,1,0
2.27539,0.244141,1.00134,0.000151322,0.771612,1,0
2.27539,0.263672,1.0012,0.00015916,0.771612,1,0
2.29492,0.244141,1.00133,0.000150465,0.769662,1,0
2.29492,0.263672,1.00119,0.000158222,0.769663,1,0
2.27539,0.283203,1.00097,0.000165688,0.771613,1,0
2.27539,0.302734,1.00055,0.000171332,0.771613,1,0
2.29492,0.283203,1.00097,0.000164678,0.769663,1,0
2.29492,0.302734,1.00055,0.000170239,0.769664,1,0
2.31445,0.244141,1.00132,0.000149597,0.767713,1,0
2.31445,0.263672,1.00118,0.000157275,0.767713,1,0
2.33398,0.244141,1.00131,0.000148719,0.765763,1,0
2.33398,0.263672,1.00118,0.000156319,0.765763,1,0
2.31445,0.283203,1.00096,0.00016366,0.767714,1,0
2.31445,0.302734,1.00054,0.000169138,0.767714,1,0
2.33398,0.283203,1.00096,0.000162633,0.765764,1,0
2.33398,0.302734,1.00054,0.00016803,0.765765,1,0
2.35352,0.00976562,1.00148,1.55777e-05,0.763811,1,0
2.35352,0.0292969,1.00166,3.13489e-05,0.763811,1,0
2.37305,0.00976562,1.00147,1.56449e-05,0.761861,1,0
2.37305,0.0292969,1.00165,3.13125e-05,0.761861,1,0
2.35352,0.0488281,1.00173,4.25761e-05,0.763811,1,0
2.35352,0.0683594,1.00174,5.6491e-05,0.763811,1,0
2.37305,0.0488281,1.00172,4.24205e-05,0.761861,1,0
2.37305,0.0683594,1.00173,5.62686e-05,0.761861,1,0
2.39258,0.00976562,1.00145,1.56809e-05,0.759911,1,0
2.39258,0.0292969,1.00163,3.12358e-05,0.759911,1,0
2.41211,0.00976562,1.00144,1.56834e-05,0.757961,1,0
2.41211,0.0292969,1.00162,3.11161e-05,0.757961,1,0
2.39258,0.0488281,1.00171,4.22358e-05,0.759911,1,0
2.39258,0.0683594,1.00172,5.60137e-05,0.759911,1,0
2.41211,0.0488281,1.00169,4.202e-05,0.757961,1,0
2.41211,0.0683594,1.0017,5.57243e-05,0.757961,1,0
2.35352,0.0878906,1.00172,6.7376e-05,0.763811,1,0
2.35352,0.107422,1.0017,7.95211e-05,0.763811,1,0
2.37305,0.0878906,1.00171,6.70549e-05,0.761861,1,0
2.37305,0.107422,1.00169,7.91406e-05,0.761861,1,0
2.35352,0.126953,1.00167,9.01836e-05,0.763811,1,0
2.35352,0.146484,1.00163,0.0001013,0.763812,1,0
2.37305,0.126953,1.00165,8.9712e-05,0.761862,1,0
2.37305,0.146484,1.00162,0.000100763,0.761862,1,0
2.39258,0.0878906,1.0017,6.67072e-05,0.759911,1,0
2.39258,0.107422,1.00167,7.87336e-05,0.759912,1,0
2.41211,0.0878906,1.00169,6.63312e-05,0.757962,1,0
2.41211,0.107422,1.00166,7.82985e-05,0.757962,1,0
2.39258,0.126953,1.00164,8.92172e-05,0.759912,1,0
2.39258,0.146484,1.00161,0.000100205,0.759912,1,0
2.41211,0.126953,1.00163,8.86978e-05,0.757962,1,0
2.41211,0.146484,1.0016,9.96234e-05,0.757962,1,0
2.43164,0.00976562,1.00143,1.56506e-05,0.756011,1,0
2.43164,0.0292969,1.00161,3.09511e-05,0.756011,1,0
2.45117,0.00976562,1.00142,1.55803e-05,0.754061,1,0
2.45117,0.0292969,1.0016,3.07383e-05,0.754061,1,0
2.43164,0.0488281,1.00168,4.17714e-05,0.756011,1,0
2.43164,0.0683594,1.00169,5.53987e-05,0.756011,1,0
2.45117,0.0488281,1.00167,4.14883e-05,0.754061,1,0
2.45117,0.0683594,1.00168,5.50353e-05,0.754061,1,0
2.4707,0.00976562,1.0014,1.54709e-05,0.752111,1,0
2.4707,0.0292969,1.00158,3.04759e-05,0.752111,1,0
2.49023,0.00976562,1.00139,1.53211e-05,0.750161,1,0
2.49023,0.0292969,1.00157,3.01624e-05,0.750161,1,0
2.4707,0.0488281,1.00166,4.11691e-05,0.752111,1,0
2.4707,0.0683594,1.00167,5.46327e-05,0.752111,1,0
2.49023,0.0488281,1.00165,4.08128e-05,0.750161,1,0
2.49023,0.0683594,1.00166,5.419e-05,0.750161,1,0
2.43164,0.0878906,1.00168,6.59257e-05,0.756012,1,0
2.43164,0.107422,1.00165,7.78339e-05,0.756012,1,0
2.45117,0.0878906,1.00167,6.54894e-05,0.754062,1,0
2.45117,0.107422,1.00164,7.73387e-05,0.754062,1,0
2.43164,0.126953,1.00162,8.81528e-05,0.756012,1,0
2.43164,0.146484,1.00159,9.90177e-05,0.756012,1,0
2.45117,0.126953,1.00161,8.75813e-05,0.754062,1,0
2.45117,0.146484,1.00158,9.8387e-05,0.754062,1,0
2.4707,0.0878906,1.00165,6.50215e-05,0.752112,1,0
2.4707,0.107422,1.00163,7.6812e-05,0.752112,1,0
2.49023,0.0878906,1.00164,6.45215e-05,0.750162,1,0
2.49023,0.107422,1.00162,7.62533e-05,0.750162,1,0
2.4707,0.126953,1.0016,8.69828e-05,0.752112,1,0
2.4707,0.146484,1.00157,9.77306e-05,0.752112,1,0
2.49023,0.126953,1.00159,8.63568e-05,0.750162,1,0
2.49023,0.146484,1.00156,9.70483e-05,0.750162,1,0
2.35352,0.166016,1.00159,0.00011144,0.763812,1,0
2.35352,0.185547,1.00154,0.000121562,0.763812,1,0
2.37305,0.166016,1.00158,0.000110822,0.761862,1,0
2.37305,0.185547,1.00153,0.000120875,0.761862,1,0
2.35352,0.205078,1.00147,0.000130823,0.763812,1,0
2.35352,0.224609,1.0014,0.000139803,0.763813,1,0
2.37305,0.205078,1.00147,0.000130062,0.761863,1,0
2.37305,0.224609,1.00139,0.00013897,0.761863,1,0
2.39258,0.166016,1.00157,0.000110185,0.759912,1,0
2.39258,0.185547,1.00152,0.00012017,0.759913,1,0
2.41211,0.166016,1.00156,0.000109526,0.757962,1,0
2.41211,0.185547,1.00151,0.000119446,0.757963,1,0
2.39258,0.205078,1.00146,0.000129284,0.759913,1,0
2.39258,0.224609,1.00138,0.000138122,0.759913,1,0
2.41211,0.205078,1.00145,0.000128489,0.757963,1,0
2.41211,0.224609,1.00138,0.000137257,0.757964,1,0
2.35352,0.244141,1.0013,0.000147829,0.763813,1,0
2.35352,0.263672,1.00117,0.000155351,0.763814,1,0
2.37305,0.244141,1.0013,0.000146926,0.761864,1,0
2.37305,0.263672,1.00116,0.000154373,0.761864,1,0
2.35352,0.283203,1.00095,0.000161595,0.763814,1,0
2.35352,0.302734,1.00054,0.000166913,0.763815,1,0
2.37305,0.283203,1.00094,0.000160548,0.761865,1,0
2.37305,0.302734,1.00053,0.000165786,0.761865,1,0
2.39258,0.244141,1.00129,0.000146008,0.759914,1,0
2.39258,0.263672,1.00116,0.000153382,0.759914,1,0
2.41211,0.244141,1.00128,0.000145076,0.757964,1,0
2.41211,0.263672,1.00115,0.000152377,0.757965,1,0
2.39258,0.283203,1.00094,0.000159488,0.759915,1,0
2.39258,0.302734,1.00053,0.000164649,0.759915,1,0
2.41211,0.283203,1.00093,0.000158416,0.757965,1,0
2.41211,0.302734,1.00052,0.0001635,0.757966,1,0
2.43164,0.166016,1.00155,0.000108846,0.756013,1,0
2.43164,0.185547,1.0015,0.000118701,0.756013,1,0
2.45117,0.166016,1.00154,0.000108143,0.754063,1,0
2.45117,0.185547,1.00149,0.000117936,0.754063,1,0
2.43164,0.205078,1.00144,0.000127675,0.756013,1,0
2.43164,0.224609,1.00137,0.000136376,0.756014,1,0
2.45117,0.205078,1.00143,0.000126842,0.754063,1,0
2.45117,0.224609,1.00136,0.000135477,0.754064,1,0
2.4707,0.166016,1.00153,0.000107417,0.752113,1,0
2.4707,0.185547,1.00148,0.000117149,0.752113,1,0
2.49023,0.166016,1.00152,0.000106667,0.750163,1,0
2.49023,0.185547,1.00147,0.000116341,0.750163,1,0
2.4707,0.205078,1.00142,0.000125989,0.752114,1,0
2.4707,0.224609,1.00135,0.000134561,0.752114,1,0
2.49023,0.205078,1.00141,0.000125117,0.750164,1,0
2.49023,0.224609,1.00134,0.000133626,0.750164,1,0
2.43164,0.244141,1.00127,0.000144128,0.756014,1,0
2.43164,0.263672,1.00114,0.000151358,0.756015,1,0
2.45117,0.244141,1.00127,0.000143164,0.754064,1,0
2.45117,0.263672,1.00114,0.000150325,0.754065,1,0
2.43164,0.283203,1.00093,0.000157331,0.756015,1,0
2.43164,0.302734,1.00052,0.00016234,0.756016,1,0
2.45117,0.283203,1.00092,0.000156232,0.754065,1,0
2.45117,0.302734,1.00052,0.000161167,0.754066,1,0
2.4707,0.244141,1.00126,0.000142183,0.752114,1,0
2.4707,0.263672,1.00113,0.000149276,0.752115,1,0
2.49023,0.244141,1.00125,0.000141186,0.750165,1,0
2.49023,0.263672,1.00112,0.000148213,0.750165,1,0
2.4707,0.283203,1.00092,0.000155119,0.752116,1,0
2.4707,0.302734,1.00051,0.000159981,0.752116,1,0
2.49023,0.283203,1.00091,0.000153991,0.750166,1,0
2.49023,0.302734,1.00051,0.000158782,0.750166,1,0
2.19727,0.322266,0.999671,0.000179386,0.779412,1,0
2.19727,0.341797,0.997654,0.000181095,0.779412,1,0
2.2168,0.322266,0.999668,0.000178244,0.777462,1,0
2.2168,0.341797,0.997655,0.000179863,0.777463,1,0
2.19727,0.361328,0.993101,0.000178103,0.779413,1,0
2.19727,0.380859,0.983066,0.000169579,0.779414,1,0
2.2168,0.361328,0.993107,0.000176802,0.777464,1,0
2.2168,0.380859,0.98308,0.0001682,0.777464,1,0
2.23633,0.322266,0.999666,0.000177098,0.775513,1,0
2.23633,0.341797,0.997656,0.000178628,0.775513,1,0
2.25586,0.322266,0.999663,0.000175946,0.773563,1,0
2.25586,0.341797,0.997656,0.000177388,0.773564,1,0
2.23633,0.361328,0.993113,0.000175498,0.775514,1,0
2.23633,0.380859,0.983094,0.00016682,0.775515,1,0
2.25586,0.361328,0.993119,0.000174188,0.773565,1,0
2.25586,0.380859,0.983107,0.000165435,0.773565,1,0
2.19727,0.400391,0.961859,0.000150826,0.779414,1,0
2.19727,0.419922,0.919282,0.000121496,0.779415,1,0
2.2168,0.400391,0.961883,0.000149441,0.777465,1,0
2.2168,0.419922,0.919317,0.00012019,0.777466,1,0
2.19727,0.439453,0.838476,8.0482e-05,0.779416,1,0
2.19727,0.458984,0.693927,3.90797e-05,0.779416,1,0
2.2168,0.439453,0.838518,7.94827e-05,0.777466,1,0
2.2168,0.458984,0.693964,3.85297e-05,0.777467,1,0
2.23633,0.400391,0.961907,0.000148056,0.775516,1,0
2.23633,0.419922,0.919352,0.000118888,0.775516,1,0
2.25586,0.400391,0.961931,0.000146667,0.773566,1,0
2.25586,0.419922,0.919386,0.000117591,0.773567,1,0
2.23633,0.439453,0.838558,7.84886e-05,0.775517,1,0
2.23633,0.458984,0.694,3.79848e-05,0.775517,1,0
2.25586,0.439453,0.838599,7.74976e-05,0.773567,1,0
2.25586,0.458984,0.694035,3.74435e-05,0.773568,1,0
2.27539,0.322266,0.999661,0.000174788,0.771614,1,0
2.27539,0.341797,0.997657,0.000176141,0.771615,1,0
2.29492,0.322266,0.999659,0.000173622,0.769664,1,0
2.29492,0.341797,0.997658,0.000174889,0.769665,1,0
2.27539,0.361328,0.993125,0.000172873,0.771615,1,0
2.27539,0.380859,0.983121,0.000164047,0.771616,1,0
2.29492,0.361328,0.993131,0.000171551,0.769666,1,0
2.29492,0.380859,0.983135,0.000162653,0.769666,1,0
2.31445,0.322266,0.999656,0.00017245,0.767715,1,0
2.31445,0.341797,0.997659,0.000173631,0.767715,1,0
2.33398,0.322266,0.999654,0.00017127,0.765765,1,0
2.33398,0.341797,0.99766,0.000172365,0.765766,1,0
2.31445,0.361328,0.993137,0.000170223,0.767716,1,0
2.31445,0.380859,0.983149,0.000161256,0.767717,1,0
2.33398,0.361328,0.993143,0.000168888,0.765766,1,0
2.33398,0.380859,0.983163,0.000159854,0.765767,1,0
2.27539,0.400391,0.961955,0.000145276,0.771617,1,0
2.27539,0.419922,0.919421,0.000116296,0.771617,1,0
2.29492,0.400391,0.961979,0.000143882,0.769667,1,0
2.29492,0.419922,0.919455,0.000115004,0.769668,1,0
2.27539,0.439453,0.838639,7.65081e-05,0.771618,1,0
2.27539,0.458984,0.694071,3.69045e-05,0.771618,1,0
2.29492,0.439453,0.838678,7.5519e-05,0.769668,1,0
2.29492,0.458984,0.694105,3.63666e-05,0.769669,1,0
2.31445,0.400391,0.962002,0.000142486,0.767717,1,0
2.31445,0.419922,0.919489,0.000113713,0.767718,1,0
2.33398,0.400391,0.962026,0.000141088,0.765768,1,0
2.33398,0.419922,0.919523,0.000112421,0.765769,1,0
2.31445,0.439453,0.838717,7.45293e-05,0.767719,1,0
2.31445,0.458984,0.694139,3.58287e-05,0.767719,1,0
2.33398,0.439453,0.838756,7.35382e-05,0.765769,1,0
2.33398,0.458984,0.694173,3.52899e-05,0.76577,1,0
2.19727,0.478516,0.450728,6.73555e-06,0.779416,1,0
2.19727,0.498047,0.0662846,-4.46866e-06,0.779417,0.6,0
2.2168,0.478516,0.45075,6.6773e-06,0.777467,1,0
2.2168,0.498047,0.0662873,-4.37566e-06,0.777467,0.6,0
2.23633,0.478516,0.450771,6.61705e-06,0.775517,1,0
2.23633,0.498047,0.06629,-4.28135e-06,0.775518,0.6,0
2.25586,0.478516,0.450791,6.55423e-06,0.773568,1,0
2.25586,0.498047,0.0662926,-4.18536e-06,0.773568,0.6,0
2.27539,0.478516,0.450812,6.48847e-06,0.771618,1,0
2.27539,0.498047,0.0662953,-4.08749e-06,0.771619,0.6,0
2.29492,0.478516,0.450832,6.41955e-06,0.769669,1,0
2.29492,0.498047,0.0662981,-3.98769e-06,0.769669,0.6,0
2.31445,0.478516,0.450851,6.34742e-06,0.767719,1,0
2.31445,0.498047,0.0663008,-3.886e-06,0.76772,0.6,0
2.33398,0.478516,0.450871,6.27209e-06,0.76577,1,0
2.33398,0.498047,0.0663035,-3.78255e-06,0.76577,0.6,0
2.35352,0.322266,0.999652,0.000170082,0.763815,1,0
2.35352,0.341797,0.997662,0.000171093,0.763816,1,0
2.37305,0.322266,0.99965,0.000168885,0.761866,1,0
2.37305,0.341797,0.997663,0.000169813,0.761866,1,0
2.35352,0.361328,0.99315,0.000167548,0.763817,1,0
2.35352,0.380859,0.983176,0.000158448,0.763818,1,0
2.37305,0.361328,0.993156,0.0001662,0.761867,1,0
2.37305,0.380859,0.98319,0.000157037,0.761868,1,0
2.39258,0.322266,0.999648,0.000167678,0.759916,1,0
2.39258,0.341797,0.997664,0.000168524,0.759917,1,0
2.41211,0.322266,0.999646,0.00016646,0.757966,1,0
2.41211,0.341797,0.997666,0.000167227,0.757967,1,0
2.39258,0.361328,0.993163,0.000164845,0.759917,1,0
2.39258,0.380859,0.983204,0.00015562,0.759918,1,0
2.41211,0.361328,0.993169,0.000163482,0.757968,1,0
2.41211,0.380859,0.983218,0.000154196,0.757968,1,0
2.35352,0.400391,0.96205,0.000139687,0.763818,1,0
2.35352,0.419922,0.919556,0.000111128,0.763819,1,0
2.37305,0.400391,0.962074,0.000138283,0.761869,1,0
2.37305,0.419922,0.91959,0.00010983,0.761869,1,0
2.35352,0.439453,0.838795,7.25452e-05,0.763819,1,0
2.35352,0.458984,0.694206,3.47492e-05,0.76382,1,0
2.37305,0.439453,0.838833,7.15495e-05,0.76187,1,0
2.37305,0.458984,0.694239,3.4206e-05,0.76187,1,0
2.39258,0.400391,0.962097,0.000136873,0.759919,1,0
2.39258,0.419922,0.919623,0.000108528,0.75992,1,0
2.41211,0.400391,0.962121,0.000135457,0.757969,1,0
2.41211,0.419922,0.919656,0.000107219,0.75797,1,0
2.39258,0.439453,0.83887,7.05506e-05,0.75992,1,0
2.39258,0.458984,0.694272,3.36594e-05,0.75992,1,0
2.41211,0.439453,0.838908,6.95479e-05,0.75797,1,0
2.41211,0.458984,0.694303,3.31088e-05,0.757971,1,0
2.43164,0.322266,0.999644,0.000165232,0.756016,1,0
2.43164,0.341797,0.997667,0.000165919,0.756017,1,0
2.45117,0.322266,0.999643,0.000163991,0.754067,1,0
2.45117,0.341797,0.997669,0.0001646,0.754067,1,0
2.43164,0.361328,0.993176,0.00016211,0.756018,1,0
2.43164,0.380859,0.983232,0.000152764,0.756019,1,0
2.45117,0.361328,0.993182,0.000160727,0.754068,1,0
2.45117,0.380859,0.983246,0.000151323,0.754069,1,0
2.4707,0.322266,0.999641,0.000162738,0.752117,1,0
2.4707,0.341797,0.99767,0.00016327,0.752117,1,0
2.49023,0.322266,0.999639,0.000161473,0.750167,1,0
2.49023,0.341797,0.997672,0.000161928,0.750168,1,0
2.4707,0.361328,0.993189,0.000159333,0.752118,1,0
2.4707,0.380859,0.98326,0.00014987,0.752119,1,0
2.49023,0.361328,0.993196,0.000157927,0.750168,1,0
2.49023,0.380859,0.983274,0.000148407,0.750169,1,0
2.43164,0.400391,0.962144,0.000134032,0.756019,1,0
2.43164,0.419922,0.919689,0.000105904,0.75602,1,0
2.45117,0.400391,0.962168,0.000132599,0.754069,1,0
2.45117,0.419922,0.919721,0.000104583,0.75407,1,0
2.43164,0.439453,0.838945,6.85409e-05,0.75602,1,0
2.43164,0.458984,0.694335,3.25537e-05,0.756021,1,0
2.45117,0.439453,0.838981,6.75294e-05,0.754071,1,0
2.45117,0.458984,0.694366,3.19939e-05,0.754071,1,0
2.4707,0.400391,0.962191,0.000131156,0.75212,1,0
2.4707,0.419922,0.919754,0.000103254,0.75212,1,0
2.49023,0.400391,0.962215,0.000129704,0.75017,1,0
2.49023,0.419922,0.919786,0.000101918,0.75017,1,0
2.4707,0.439453,0.839017,6.65128e-05,0.752121,1,0
2.4707,0.458984,0.694396,3.14293e-05,0.752121,1,0
2.49023,0.439453,0.839053,6.54909e-05,0.750171,1,0
2.49023,0.458984,0.694426,3.08599e-05,0.750171,1,0
2.35352,0.478516,0.45089,6.19365e-06,0.76382,1,0
2.35352,0.498047,0.0663063,-3.67749e-06,0.76382,0.6,0
2.37305,0.478516,0.450908,6.1122e-06,0.76187,1,0
2.37305,0.498047,0.0663091,-3.57106e-06,0.761871,0.6,0
2.39258,0.478516,0.450927,6.02788e-06,0.759921,1,0
2.39258,0.498047,0.0663118,-3.46345e-06,0.759921,0.6,0
2.41211,0.478516,0.450945,5.94079e-06,0.757971,1,0
2.41211,0.498047,0.0663146,-3.3549e-06,0.757971,0.6,0
2.43164,0.478516,0.450963,5.85107e-06,0.756021,1,0
2.43164,0.498047,0.0663174,-3.24557e-06,0.756021,0.6,0
2.45117,0.478516,0.45098,5.75878e-06,0.754071,1,0
2.45117,0.498047,0.0663201,-3.13564e-06,0.754071,0.6,0
2.4707,0.478516,0.450997,5.66402e-06,0.752121,1,0
2.4707,0.498047,0.0663229,-3.02519e-06,0.752122,0.6,0
2.49023,0.478516,0.451014,5.5668e-06,0.750171,1,0
2.49023,0.498047,0.0663257,-2.91431e-06,0.750172,0.6,0
2.50977,0.00976562,1.00138,1.51301e-05,0.748211,1,0
2.50977,0.0292969,1.00156,2.9797e-05,0.748211,1,0
2.5293,0.00976562,1.00136,1.48975e-05,0.746261,1,0
2.5293,0.0292969,1.00155,2.93796e-05,0.746261,1,0
2.50977,0.0488281,1.00163,4.04189e-05,0.748211,1,0
2.50977,0.0683594,1.00165,5.37068e-05,0.748211,1,0
2.5293,0.0488281,1.00162,3.99869e-05,0.746261,1,0
2.5293,0.0683594,1.00163,5.31829e-05,0.746261,1,0
2.54883,0.00976562,1.00135,1.46235e-05,0.74431,1,0
2.54883,0.0292969,1.00153,2.89105e-05,0.74431,1,0
2.56836,0.00976562,1.00134,1.43084e-05,0.74236,1,0
2.56836,0.0292969,1.00152,2.83907e-05,0.74236,1,0
2.54883,0.0488281,1.00161,3.95172e-05,0.744311,1,0
2.54883,0.0683594,1.00162,5.26188e-05,0.744311,1,0
2.56836,0.0488281,1.0016,3.90104e-05,0.742361,1,0
2.56836,0.0683594,1.00161,5.20155e-05,0.742361,1,0
2.50977,0.0878906,1.00163,6.39889e-05,0.748212,1,0
2.50977,0.107422,1.00161,7.56622e-05,0.748212,1,0
2.5293,0.0878906,1.00162,6.34241e-05,0.746261,1,0
2.5293,0.107422,1.0016,7.50391e-05,0.746262,1,0
2.50977,0.126953,1.00158,8.57035e-05,0.748212,1,0
2.50977,0.146484,1.00155,9.634e-05,0.748212,1,0
2.5293,0.126953,1.00157,8.50232e-05,0.746262,1,0
2.5293,0.146484,1.00154,9.56061e-05,0.746262,1,0
2.54883,0.0878906,1.00161,6.28277e-05,0.744311,1,0
2.54883,0.107422,1.00159,7.43843e-05,0.744311,1,0
2.56836,0.0878906,1.0016,6.22006e-05,0.742361,1,0
2.56836,0.107422,1.00158,7.36991e-05,0.742361,1,0
2.54883,0.126953,1.00156,8.43165e-05,0.744312,1,0
2.54883,0.146484,1.00153,9.4847e-05,0.744312,1,0
2.56836,0.126953,1.00155,8.35846e-05,0.742362,1,0
2.56836,0.146484,1.00152,9.40639e-05,0.742362,1,0
2.58789,0.00976562,1.00133,1.39532e-05,0.74041,1,0
2.58789,0.0292969,1.00151,2.78217e-05,0.74041,1,0
2.60742,0.00976562,1.00132,1.35594e-05,0.738459,1,0
2.60742,0.0292969,1.0015,2.72061e-05,0.73846,1,0
2.58789,0.0488281,1.00158,3.84679e-05,0.74041,1,0
2.58789,0.0683594,1.0016,5.13745e-05,0.74041,1,0
2.60742,0.0488281,1.00157,3.78916e-05,0.73846,1,0
2.60742,0.0683594,1.00159,5.06982e-05,0.73846,1,0
2.62695,0.00976562,1.00131,1.31293e-05,0.736509,1,0
2.62695,0.0292969,1.00148,2.65475e-05,0.736509,1,0
2.64648,0.00976562,1.0013,1.26667e-05,0.734559,1,0
2.64648,0.0292969,1.00147,2.58511e-05,0.734559,1,0
2.62695,0.0488281,1.00156,3.72843e-05,0.73651,1,0
2.62695,0.0683594,1.00158,4.99895e-05,0.73651,1,0
2.64648,0.0488281,1.00155,3.66495e-05,0.734559,1,0
2.64648,0.0683594,1.00157,4.92523e-05,0.73456,1,0
2.58789,0.0878906,1.00159,6.15443e-05,0.740411,1,0
2.58789,0.107422,1.00157,7.29848e-05,0.740411,1,0
2.60742,0.0878906,1.00158,6.08611e-05,0.738461,1,0
2.60742,0.107422,1.00156,7.22433e-05,0.738461,1,0
2.58789,0.126953,1.00154,8.28288e-05,0.740412,1,0
2.58789,0.146484,1.00151,9.3258e-05,0.740412,1,0
2.60742,0.126953,1.00153,8.20511e-05,0.738461,1,0
2.60742,0.146484,1.0015,9.24309e-05,0.738462,1,0
2.62695,0.0878906,1.00157,6.01536e-05,0.73651,1,0
2.62695,0.107422,1.00154,7.14774e-05,0.736511,1,0
2.64648,0.0878906,1.00156,5.9425e-05,0.73456,1,0
2.64648,0.107422,1.00153,7.06899e-05,0.734561,1,0
2.62695,0.126953,1.00152,8.12539e-05,0.736511,1,0
2.62695,0.146484,1.00149,9.15849e-05,0.736512,1,0
2.64648,0.126953,1.00151,8.04398e-05,0.734561,1,0
2.64648,0.146484,1.00148,9.07225e-05,0.734561,1,0
2.50977,0.166016,1.00151,0.000105895,0.748213,1,0
2.50977,0.185547,1.00146,0.000115512,0.748213,1,0
2.5293,0.166016,1.0015,0.000105101,0.746263,1,0
2.5293,0.185547,1.00145,0.000114662,0.746263,1,0
2.50977,0.205078,1.0014,0.000124225,0.748214,1,0
2.50977,0.224609,1.00133,0.000132674,0.748214,1,0
2.5293,0.205078,1.0014,0.000123314,0.746264,1,0
2.5293,0.224609,1.00133,0.000131703,0.746264,1,0
2.54883,0.166016,1.00149,0.000104284,0.744313,1,0
2.54883,0.185547,1.00144,0.000113791,0.744313,1,0
2.56836,0.166016,1.00148,0.000103447,0.742363,1,0
2.56836,0.185547,1.00143,0.000112901,0.742363,1,0
2.54883,0.205078,1.00139,0.000122385,0.744313,1,0
2.54883,0.224609,1.00132,0.000130716,0.744314,1,0
2.56836,0.205078,1.00138,0.000121438,0.742363,1,0
2.56836,0.224609,1.00131,0.000129713,0.742364,1,0
2.50977,0.244141,1.00124,0.000140172,0.748215,1,0
2.50977,0.263672,1.00112,0.000147134,0.748215,1,0
2.5293,0.244141,1.00124,0.000139142,0.746265,1,0
2.5293,0.263672,1.00111,0.00014604,0.746265,1,0
2.50977,0.283203,1.00091,0.00015285,0.748216,1,0
2.50977,0.302734,1.0005,0.000157571,0.748216,1,0
2.5293,0.283203,1.0009,0.000151695,0.746266,1,0
2.5293,0.302734,1.0005,0.000156346,0.746266,1,0
2.54883,0.244141,1.00123,0.000138096,0.744314,1,0
2.54883,0.263672,1.0011,0.000144932,0.744315,1,0
2.56836,0.244141,1.00122,0.000137034,0.742364,1,0
2.56836,0.263672,1.0011,0.00014381,0.742365,1,0
2.54883,0.283203,1.0009,0.000150526,0.744316,1,0
2.54883,0.302734,1.0005,0.00015511,0.744316,1,0
2.56836,0.283203,1.00089,0.000149344,0.742366,1,0
2.56836,0.302734,1.00049,0.000153861,0.742366,1,0
2.58789,0.166016,1.00147,0.00010259,0.740412,1,0
2.58789,0.185547,1.00142,0.000111993,0.740413,1,0
2.60742,0.166016,1.00146,0.000101715,0.738462,1,0
2.60742,0.185547,1.00142,0.000111068,0.738463,1,0
2.58789,0.205078,1.00137,0.000120475,0.740413,1,0
2.58789,0.224609,1.0013,0.000128695,0.740414,1,0
2.60742,0.205078,1.00136,0.000119497,0.738463,1,0
2.60742,0.224609,1.0013,0.000127662,0.738464,1,0
2.62695,0.166016,1.00145,0.000100824,0.736512,1,0
2.62695,0.185547,1.00141,0.000110127,0.736512,1,0
2.64648,0.166016,1.00144,9.99187e-05,0.734562,1,0
2.64648,0.185547,1.0014,0.000109174,0.734562,1,0
2.62695,0.205078,1.00135,0.000118506,0.736513,1,0
2.62695,0.224609,1.00129,0.000126618,0.736513,1,0
2.64648,0.205078,1.00134,0.000117503,0.734563,1,0
2.64648,0.224609,1.00128,0.000125563,0.734563,1,0
2.58789,0.244141,1.00122,0.000135959,0.740414,1,0
2.58789,0.263672,1.00109,0.000142674,0.740415,1,0
2.60742,0.244141,1.00121,0.000134871,0.738464,1,0
2.60742,0.263672,1.00109,0.000141527,0.738465,1,0
2.58789,0.283203,1.00089,0.00014815,0.740415,1,0
2.58789,0.302734,1.00049,0.0001526,0.740416,1,0
2.60742,0.283203,1.00088,0.000146944,0.738465,1,0
2.60742,0.302734,1.00049,0.000151329,0.738466,1,0
2.62695,0.244141,1.0012,0.000133772,0.736514,1,0
2.62695,0.263672,1.00108,0.000140369,0.736515,1,0
2.64648,0.244141,1.0012,0.000132663,0.734564,1,0
2.64648,0.263672,1.00107,0.000139202,0.734564,1,0
2.62695,0.283203,1.00088,0.000145728,0.736515,1,0
2.62695,0.302734,1.00048,0.000150048,0.736516,1,0
2.64648,0.283203,1.00087,0.000144502,0.734565,1,0
2.64648,0.302734,1.00048,0.000148758,0.734566,1,0
2.66602,0.00976562,1.00128,1.21766e-05,0.732608,1,0
2.66602,0.0292969,1.00146,2.51236e-05,0.732609,1,0
2.68555,0.00976562,1.00127,1.16655e-05,0.730658,1,0
2.68555,0.0292969,1.00145,2.43734e-05,0.730658,1,0
2.66602,0.0488281,1.00154,3.59917e-05,0.732609,1,0
2.66602,0.0683594,1.00155,4.84914e-05,0.732609,1,0
2.68555,0.0488281,1.00153,3.53165e-05,0.730659,1,0
2.68555,0.0683594,1.00154,4.77125e-05,0.730659,1,0
2.70508,0.00976562,1.00126,1.11407e-05,0.728708,1,0
2.70508,0.0292969,1.00144,2.36101e-05,0.728708,1,0
2.72461,0.00976562,1.00125,1.06106e-05,0.726757,1,0
2.72461,0.0292969,1.00143,2.2844e-05,0.726758,1,0
2.70508,0.0488281,1.00151,3.46298e-05,0.728709,1,0
2.70508,0.0683594,1.00153,4.69219e-05,0.728709,1,0
2.72461,0.0488281,1.0015,3.39383e-05,0.726758,1,0
2.72461,0.0683594,1.00152,4.61265e-05,0.726759,1,0
2.66602,0.0878906,1.00154,5.86792e-05,0.73261,1,0
2.66602,0.107422,1.00152,6.98847e-05,0.73261,1,0
2.68555,0.0878906,1.00153,5.79208e-05,0.73066,1,0
2.68555,0.107422,1.00151,6.90659e-05,0.73066,1,0
2.66602,0.126953,1.0015,7.96122e-05,0.732611,1,0
2.66602,0.146484,1.00147,8.98463e-05,0.732611,1,0
2.68555,0.126953,1.00149,7.87746e-05,0.73066,1,0
2.68555,0.146484,1.00146,8.89598e-05,0.730661,1,0
2.70508,0.0878906,1.00152,5.71545e-05,0.728709,1,0
2.70508,0.107422,1.0015,6.8238e-05,0.72871,1,0
2.72461,0.0878906,1.00151,5.63856e-05,0.726759,1,0
2.72461,0.107422,1.00149,6.7406e-05,0.726759,1,0
2.70508,0.126953,1.00148,7.79307e-05,0.72871,1,0
2.70508,0.146484,1.00145,8.80662e-05,0.728711,1,0
2.72461,0.126953,1.00147,7.70848e-05,0.72676,1,0
2.72461,0.146484,1.00144,8.71693e-05,0.72676,1,0
2.74414,0.00976562,1.00125,1.00834e-05,0.724807,1,0
2.74414,0.0292969,1.00141,2.20855e-05,0.724808,1,0
2.76367,0.00976562,1.00124,9.56715e-06,0.722857,1,0
2.76367,0.0292969,1.0014,2.13446e-05,0.722857,1,0
2.74414,0.0488281,1.00149,3.32487e-05,0.724808,1,0
2.74414,0.0683594,1.00151,4.53334e-05,0.724808,1,0
2.76367,0.0488281,1.00148,3.25678e-05,0.722858,1,0
2.76367,0.0683594,1.0015,4.45498e-05,0.722858,1,0
2.7832,0.00976562,1.00123,9.06944e-06,0.720907,1,0
2.7832,0.0292969,1.00139,2.06306e-05,0.720907,1,0
2.80273,0.00976562,1.00122,8.59714e-06,0.718956,1,0
2.80273,0.0292969,1.00138,1.99523e-05,0.718957,1,0
2.7832,0.0488281,1.00147,3.19023e-05,0.720907,1,0
2.7832,0.0683594,1.00149,4.37825e-05,0.720908,1,0
2.80273,0.0488281,1.00146,3.12584e-05,0.718957,1,0
2.80273,0.0683594,1.00148,4.30381e-05,0.718957,1,0
2.74414,0.0878906,1.0015,5.56193e-05,0.724809,1,0
2.74414,0.107422,1.00148,6.65749e-05,0.724809,1,0
2.76367,0.0878906,1.00149,5.48611e-05,0.722858,1,0
2.76367,0.107422,1.00147,6.57499e-05,0.722859,1,0
2.74414,0.126953,1.00146,7.62409e-05,0.72481,1,0
2.74414,0.146484,1.00143,8.62729e-05,0.72481,1,0
2.76367,0.126953,1.00145,7.54031e-05,0.722859,1,0
2.76367,0.146484,1.00142,8.53806e-05,0.72286,1,0
2.7832,0.0878906,1.00148,5.4116e-05,0.720908,1,0
2.7832,0.107422,1.00146,6.49361e-05,0.720909,1,0
2.80273,0.0878906,1.00147,5.33893e-05,0.718958,1,0
2.80273,0.107422,1.00145,6.41382e-05,0.718958,1,0
2.7832,0.126953,1.00144,7.45757e-05,0.720909,1,0
2.7832,0.146484,1.00141,8.44963e-05,0.720909,1,0
2.80273,0.126953,1.00143,7.37624e-05,0.718959,1,0
2.80273,0.146484,1.0014,8.36236e-05,0.718959,1,0
2.66602,0.166016,1.00143,9.90028e-05,0.732612,1,0
2.66602,0.185547,1.00139,0.00010821,0.732612,1,0
2.68555,0.166016,1.00142,9.80784e-05,0.730661,1,0
2.68555,0.185547,1.00138,0.000107238,0.730662,1,0
2.66602,0.205078,1.00134,0.000116491,0.732613,1,0
2.66602,0.224609,1.00127,0.000124498,0.732613,1,0
2.68555,0.205078,1.00133,0.000115472,0.730662,1,0
2.68555,0.224609,1.00127,0.000123427,0.730663,1,0
2.70508,0.166016,1.00141,9.71488e-05,0.728711,1,0
2.70508,0.185547,1.00137,0.00010626,0.728712,1,0
2.72461,0.166016,1.0014,9.62169e-05,0.726761,1,0
2.72461,0.185547,1.00136,0.000105279,0.726761,1,0
2.70508,0.205078,1.00132,0.000114448,0.728712,1,0
2.70508,0.224609,1.00126,0.000122352,0.728713,1,0
2.72461,0.205078,1.00131,0.000113422,0.726762,1,0
2.72461,0.224609,1.00125,0.000121273,0.726762,1,0
2.66602,0.244141,1.00119,0.000131545,0.732614,1,0
2.66602,0.263672,1.00107,0.000138027,0.732614,1,0
2.68555,0.244141,1.00118,0.000130421,0.730663,1,0
2.68555,0.263672,1.00106,0.000136845,0.730664,1,0
2.66602,0.283203,1.00087,0.000143269,0.732615,1,0
2.66602,0.302734,1.00048,0.00014746,0.732615,1,0
2.68555,0.283203,1.00086,0.00014203,0.730665,1,0
2.68555,0.302734,1.00047,0.000146157,0.730665,1,0
2.70508,0.244141,1.00118,0.000129293,0.728713,1,0
2.70508,0.263672,1.00106,0.00013566,0.728714,1,0
2.72461,0.244141,1.00117,0.000128163,0.726763,1,0
2.72461,0.263672,1.00105,0.000134472,0.726763,1,0
2.70508,0.283203,1.00086,0.000140787,0.728714,1,0
2.70508,0.302734,1.00047,0.000144849,0.728715,1,0
2.72461,0.283203,1.00085,0.000139541,0.726764,1,0
2.72461,0.302734,1.00047,0.000143539,0.726765,1,0
2.74414,0.166016,1.0014,9.52861e-05,0.72481,1,0
2.74414,0.185547,1.00135,0.000104298,0.724811,1,0
2.76367,0.166016,1.00139,9.43596e-05,0.72286,1,0
2.76367,0.185547,1.00135,0.00010332,0.722861,1,0
2.74414,0.205078,1.0013,0.000112395,0.724811,1,0
2.74414,0.224609,1.00124,0.000120195,0.724812,1,0
2.76367,0.205078,1.0013,0.000111372,0.722861,1,0
2.76367,0.224609,1.00124,0.000119118,0.722862,1,0
2.7832,0.166016,1.00138,9.34405e-05,0.72091,1,0
2.7832,0.185547,1.00134,0.000102348,0.72091,1,0
2.80273,0.166016,1.00137,9.2532e-05,0.718959,1,0
2.80273,0.185547,1.00133,0.000101384,0.71896,1,0
2.7832,0.205078,1.00129,0.000110354,0.720911,1,0
2.7832,0.224609,1.00123,0.000118045,0.720911,1,0
2.80273,0.205078,1.00128,0.000109343,0.71896,1,0
2.80273,0.224609,1.00122,0.000116979,0.718961,1,0
2.74414,0.244141,1.00116,0.000127032,0.724812,1,0
2.74414,0.263672,1.00105,0.000133283,0.724813,1,0
2.76367,0.244141,1.00116,0.000125903,0.722862,1,0
2.76367,0.263672,1.00104,0.000132096,0.722863,1,0
2.74414,0.283203,1.00085,0.000138294,0.724814,1,0
2.74414,0.302734,1.00046,0.000142229,0.724814,1,0
2.76367,0.283203,1.00084,0.000137049,0.722863,1,0
2.76367,0.302734,1.00046,0.000140919,0.722864,1,0
2.7832,0.244141,1.00115,0.000124777,0.720912,1,0
2.7832,0.263672,1.00103,0.000130912,0.720912,1,0
2.80273,0.244141,1.00114,0.000123657,0.718961,1,0
2.80273,0.263672,1.00103,0.000129732,0.718962,1,0
2.7832,0.283203,1.00084,0.000135806,0.720913,1,0
2.7832,0.302734,1.00046,0.000139612,0.720913,1,0
2.80273,0.283203,1.00084,0.000134568,0.718962,1,0
2.80273,0.302734,1.00046,0.000138308,0.718963,1,0
2.50977,0.322266,0.999638,0.000160196,0.748217,1,0
2.50977,0.341797,0.997674,0.000160575,0.748218,1,0
2.5293,0.322266,0.999636,0.000158906,0.746267,1,0
2.5293,0.341797,0.997676,0.00015921,0.746268,1,0
2.50977,0.361328,0.993203,0.00015651,0.748218,1,0
2.50977,0.380859,0.983288,0.000146933,0.748219,1,0
2.5293,0.361328,0.993209,0.000155081,0.746268,1,0
2.5293,0.380859,0.983303,0.000145448,0.746269,1,0
2.54883,0.322266,0.999635,0.000157605,0.744317,1,0
2.54883,0.341797,0.997678,0.000157833,0.744318,1,0
2.56836,0.322266,0.999634,0.000156292,0.742367,1,0
2.56836,0.341797,0.99768,0.000156446,0.742368,1,0
2.54883,0.361328,0.993216,0.000153641,0.744318,1,0
2.54883,0.380859,0.983317,0.000143954,0.744319,1,0
2.56836,0.361328,0.993223,0.00015219,0.742368,1,0
2.56836,0.380859,0.983331,0.00014245,0.742369,1,0
2.50977,0.400391,0.962238,0.000128242,0.74822,1,0
2.50977,0.419922,0.919818,0.000100576,0.74822,1,0
2.5293,0.400391,0.962261,0.000126771,0.74627,1,0
2.5293,0.419922,0.919849,9.9227e-05,0.74627,1,0
2.50977,0.439453,0.839089,6.44634e-05,0.748221,1,0
2.50977,0.458984,0.694456,3.02861e-05,0.748221,1,0
2.5293,0.439453,0.839124,6.343e-05,0.746271,1,0
2.5293,0.458984,0.694485,2.97081e-05,0.746271,1,0
2.54883,0.400391,0.962284,0.000125291,0.74432,1,0
2.54883,0.419922,0.919881,9.78713e-05,0.74432,1,0
2.56836,0.400391,0.962307,0.000123803,0.74237,1,0
2.56836,0.419922,0.919912,9.65091e-05,0.74237,1,0
2.54883,0.439453,0.839158,6.23907e-05,0.744321,1,0
2.54883,0.458984,0.694514,2.91262e-05,0.744321,1,0
2.56836,0.439453,0.839193,6.13455e-05,0.742371,1,0
2.56836,0.458984,0.694542,2.8541e-05,0.742371,1,0
2.58789,0.322266,0.999632,0.000154967,0.740417,1,0
2.58789,0.341797,0.997682,0.000155048,0.740417,1,0
2.60742,0.322266,0.999631,0.000153632,0.738467,1,0
2.60742,0.341797,0.997684,0.000153641,0.738467,1,0
2.58789,0.361328,0.99323,0.000150729,0.740418,1,0
2.58789,0.380859,0.983345,0.000140938,0.740419,1,0
2.60742,0.361328,0.993238,0.000149259,0.738468,1,0
2.60742,0.380859,0.983359,0.000139417,0.738469,1,0
2.62695,0.322266,0.99963,0.000152287,0.736516,1,0
2.62695,0.341797,0.997686,0.000152224,0.736517,1,0
2.64648,0.322266,0.999629,0.000150934,0.734566,1,0
2.64648,0.341797,0.997688,0.000150799,0.734567,1,0
2.62695,0.361328,0.993245,0.00014778,0.736518,1,0
2.62695,0.380859,0.983373,0.000137889,0.736519,1,0
2.64648,0.361328,0.993252,0.000146294,0.734568,1,0
2.64648,0.380859,0.983388,0.000136354,0.734568,1,0
2.58789,0.400391,0.96233,0.000122307,0.74042,1,0
2.58789,0.419922,0.919943,9.51409e-05,0.74042,1,0
2.60742,0.400391,0.962353,0.000120804,0.738469,1,0
2.60742,0.419922,0.919974,9.37672e-05,0.73847,1,0
2.58789,0.439453,0.839226,6.02948e-05,0.740421,1,0
2.58789,0.458984,0.69457,2.79529e-05,0.740421,1,0
2.60742,0.439453,0.83926,5.92393e-05,0.738471,1,0
2.60742,0.458984,0.694597,2.73627e-05,0.738471,1,0
2.62695,0.400391,0.962376,0.000119294,0.736519,1,0
2.62695,0.419922,0.920005,9.23889e-05,0.73652,1,0
2.64648,0.400391,0.962399,0.000117779,0.734569,1,0
2.64648,0.419922,0.920035,9.1007e-05,0.73457,1,0
2.62695,0.439453,0.839293,5.81803e-05,0.73652,1,0
2.62695,0.458984,0.694624,2.67709e-05,0.736521,1,0
2.64648,0.439453,0.839326,5.71191e-05,0.73457,1,0
2.64648,0.458984,0.69465,2.61784e-05,0.734571,1,0
2.50977,0.478516,0.45103,5.46717e-06,0.748221,1,0
2.50977,0.498047,0.0663285,-2.80305e-06,0.748222,0.6,0
2.5293,0.478516,0.451047,5.36513e-06,0.746271,1,0
2.5293,0.498047,0.0663312,-2.69153e-06,0.746272,0.6,0
2.54883,0.478516,0.451062,5.26075e-06,0.744321,1,0
2.54883,0.498047,0.066334,-2.57986e-06,0.744322,0.6,0
2.56836,0.478516,0.451078,5.15414e-06,0.742371,1,0
2.56836,0.498047,0.0663368,-2.46825e-06,0.742372,0.6,0
2.58789,0.478516,0.451093,5.04547e-06,0.740421,1,0
2.58789,0.498047,0.0663395,-2.35692e-06,0.740422,0.6,0
2.60742,0.478516,0.451108,4.93501e-06,0.738471,1,0
2.60742,0.498047,0.0663422,-2.2462e-06,0.738471,0.6,0
2.62695,0.478516,0.451122,4.82312e-06,0.736521,1,0
2.62695,0.498047,0.0663449,-2.13646e-06,0.736521,0.6,0
2.64648,0.478516,0.451136,4.7102e-06,0.734571,1,0
2.64648,0.498047,0.0663476,-2.02814e-06,0.734571,0.6,0
2.66602,0.322266,0.999628,0.000149573,0.732616,1,0
2.66602,0.341797,0.997691,0.000149368,0.732617,1,0
2.68555,0.322266,0.999627,0.000148206,0.730666,1,0
2.68555,0.341797,0.997693,0.000147931,0.730666,1,0
2.66602,0.361328,0.993259,0.000144801,0.732617,1,0
2.66602,0.380859,0.983402,0.000134815,0.732618,1,0
2.68555,0.361328,0.993267,0.000143303,0.730667,1,0
2.68555,0.380859,0.983416,0.000133271,0.730668,1,0
2.70508,0.322266,0.999626,0.000146835,0.728715,1,0
2.70508,0.341797,0.997696,0.000146491,0.728716,1,0
2.72461,0.322266,0.999626,0.000145462,0.726765,1,0
2.72461,0.341797,0.997698,0.000145048,0.726766,1,0
2.70508,0.361328,0.993274,0.000141802,0.728717,1,0
2.70508,0.380859,0.98343,0.000131724,0.728718,1,0
2.72461,0.361328,0.993281,0.000140299,0.726767,1,0
2.72461,0.380859,0.983445,0.000130176,0.726767,1,0
2.66602,0.400391,0.962421,0.000116259,0.732619,1,0
2.66602,0.419922,0.920065,8.96226e-05,0.73262,1,0
2.68555,0.400391,0.962444,0.000114737,0.730669,1,0
2.68555,0.419922,0.920095,8.8237e-05,0.730669,1,0
2.66602,0.439453,0.839358,5.60573e-05,0.73262,1,0
2.66602,0.458984,0.694676,2.55858e-05,0.73262,1,0
2.68555,0.439453,0.83939,5.49964e-05,0.73067,1,0
2.68555,0.458984,0.694701,2.49939e-05,0.73067,1,0
2.70508,0.400391,0.962467,0.000113214,0.728718,1,0
2.70508,0.419922,0.920125,8.68513e-05,0.728719,1,0
2.72461,0.400391,0.962489,0.000111691,0.726768,1,0
2.72461,0.419922,0.920154,8.54666e-05,0.726769,1,0
2.70508,0.439453,0.839421,5.39378e-05,0.728719,1,0
2.70508,0.458984,0.694726,2.44034e-05,0.72872,1,0
2.72461,0.439453,0.839452,5.28829e-05,0.726769,1,0
2.72461,0.458984,0.694751,2.38149e-05,0.72677,1,0
2.74414,0.322266,0.999625,0.000144088,0.724815,1,0
2.74414,0.341797,0.997701,0.000143604,0.724816,1,0
2.76367,0.322266,0.999624,0.000142715,0.722864,1,0
2.76367,0.341797,0.997703,0.000142161,0.722865,1,0
2.74414,0.361328,0.993289,0.000138796,0.724816,1,0
2.74414,0.380859,0.983459,0.000128628,0.724817,1,0
2.76367,0.361328,0.993296,0.000137293,0.722866,1,0
2.76367,0.380859,0.983473,0.000127081,0.722867,1,0
2.7832,0.322266,0.999624,0.000141344,0.720914,1,0
2.7832,0.341797,0.997706,0.00014072,0.720915,1,0
2.80273,0.322266,0.999623,0.000139976,0.718964,1,0
2.80273,0.341797,0.997709,0.000139282,0.718964,1,0
2.7832,0.361328,0.993304,0.000135793,0.720915,1,0
2.7832,0.380859,0.983487,0.000125537,0.720916,1,0
2.80273,0.361328,0.993312,0.000134296,0.718965,1,0
2.80273,0.380859,0.983502,0.000123996,0.718966,1,0
2.74414,0.400391,0.962511,0.00011017,0.724818,1,0
2.74414,0.419922,0.920184,8.40841e-05,0.724818,1,0
2.76367,0.400391,0.962534,0.000108652,0.722867,1,0
2.76367,0.419922,0.920213,8.27047e-05,0.722868,1,0
2.74414,0.439453,0.839483,5.18326e-05,0.724819,1,0
2.74414,0.458984,0.694775,2.32292e-05,0.724819,1,0
2.76367,0.439453,0.839513,5.07881e-05,0.722868,1,0
2.76367,0.458984,0.694798,2.2647e-05,0.722869,1,0
2.7832,0.400391,0.962556,0.000107137,0.720917,1,0
2.7832,0.419922,0.920241,8.13296e-05,0.720917,1,0
2.80273,0.400391,0.962578,0.000105627,0.718966,1,0
2.80273,0.419922,0.92027,7.99601e-05,0.718967,1,0
2.7832,0.439453,0.839543,4.975e-05,0.720918,1,0
2.7832,0.458984,0.694821,2.2069e-05,0.720918,1,0
2.80273,0.439453,0.839573,4.87194e-05,0.718967,1,0
2.80273,0.458984,0.694844,2.14962e-05,0.718968,1,0
2.66602,0.478516,0.45115,4.59674e-06,0.732621,1,0
2.66602,0.498047,0.0663503,-1.92167e-06,0.732621,0.6,0
2.68555,0.478516,0.451163,4.48321e-06,0.73067,1,0
2.68555,0.498047,0.0663529,-1.81755e-06,0.730671,0.6,0
2.70508,0.478516,0.451176,4.37011e-06,0.72872,1,0
2.70508,0.498047,0.0663556,-1.71621e-06,0.72872,0.6,0
2.72461,0.478516,0.451189,4.2579e-06,0.72677,1,0
2.72461,0.498047,0.0663582,-1.6181e-06,0.72677,0.6,0
2.74414,0.478516,0.451202,4.14701e-06,0.724819,1,0
2.74414,0.498047,0.0663608,-1.52356e-06,0.724819,0.6,0
2.76367,0.478516,0.451214,4.0378e-06,0.722869,1,0
2.76367,0.498047,0.0663633,-1.43292e-06,0.722869,0.6,0
2.7832,0.478516,0.451225,3.93062e-06,0.720918,1,0
2.7832,0.498047,0.0663658,-1.34642e-06,0.720919,0.6,0
2.80273,0.478516,0.451237,3.82573e-06,0.718968,1,0
2.80273,0.498047,0.0663683,-1.26426e-06,0.718968,0.6,0
2.82227,0.00976562,1.00121,8.15671e-06,0.717006,1,0
2.82227,0.0292969,1.00137,1.93177e-05,0.717006,1,0
2.8418,0.00976562,1.0012,7.75437e-06,0.715056,1,0
2.8418,0.0292969,1.00136,1.87344e-05,0.715056,1,0
2.82227,0.0488281,1.00144,3.06422e-05,0.717007,1,0
2.82227,0.0683594,1.00146,4.2323e-05,0.717007,1,0
2.8418,0.0488281,1.00143,3.00594e-05,0.715056,1,0
2.8418,0.0683594,1.00145,4.1643e-05,0.715057,1,0
2.86133,0.00976562,1.00119,7.39632e-06,0.713106,1,0
2.86133,0.0292969,1.00135,1.82101e-05,0.713106,1,0
2.88086,0.00976562,1.00119,7.08872e-06,0.711155,1,0
2.88086,0.0292969,1.00133,1.7752e-05,0.711156,1,0
2.86133,0.0488281,1.00142,2.95154e-05,0.713106,1,0
2.86133,0.0683594,1.00144,4.10037e-05,0.713106,1,0
2.88086,0.0488281,1.00141,2.90153e-05,0.711156,1,0
2.88086,0.0683594,1.00143,4.04101e-05,0.711156,1,0
2.82227,0.0878906,1.00146,5.26855e-05,0.717007,1,0
2.82227,0.107422,1.00144,6.33611e-05,0.717008,1,0
2.8418,0.0878906,1.00145,5.20091e-05,0.715057,1,0
2.8418,0.107422,1.00143,6.2609e-05,0.715057,1,0
2.82227,0.126953,1.00142,7.29671e-05,0.717008,1,0
2.82227,0.146484,1.00139,8.27659e-05,0.717009,1,0
2.8418,0.126953,1.00141,7.2193e-05,0.715058,1,0
2.8418,0.146484,1.00138,8.19264e-05,0.715058,1,0
2.86133,0.0878906,1.00144,5.13643e-05,0.713107,1,0
2.86133,0.107422,1.00142,6.18858e-05,0.713107,1,0
2.88086,0.0878906,1.00143,5.07546e-05,0.711156,1,0
2.88086,0.107422,1.00141,6.1195e-05,0.711157,1,0
2.86133,0.126953,1.0014,7.14433e-05,0.713107,1,0
2.86133,0.146484,1.00137,8.11079e-05,0.713108,1,0
2.88086,0.126953,1.00139,7.07205e-05,0.711157,1,0
2.88086,0.146484,1.00136,8.03128e-05,0.711157,1,0
2.90039,0.00976562,1.00118,6.83758e-06,0.709205,1,0
2.90039,0.0292969,1.00132,1.73669e-05,0.709205,1,0
2.91992,0.00976562,1.00117,6.6483e-06,0.707255,1,0
2.91992,0.0292969,1.00131,1.70609e-05,0.707255,1,0
2.90039,0.0488281,1.0014,2.85635e-05,0.709205,1,0
2.90039,0.0683594,1.00142,3.98667e-05,0.709206,1,0
2.91992,0.0488281,1.00139,2.81637e-05,0.707255,1,0
2.91992,0.0683594,1.00141,3.93769e-05,0.707255,1,0
2.93945,0.00976562,1.00116,6.52524e-06,0.705305,1,0
2.93945,0.0292969,1.0013,1.68382e-05,0.705305,1,0
2.95898,0.00976562,1.00116,6.47102e-06,0.703354,1,0
2.95898,0.0292969,1.00129,1.67009e-05,0.703354,1,0
2.93945,0.0488281,1.00138,2.78183e-05,0.705305,1,0
2.93945,0.0683594,1.0014,3.89432e-05,0.705305,1,0
2.95898,0.0488281,1.00137,2.75284e-05,0.703354,1,0
2.95898,0.0683594,1.00139,3.85662e-05,0.703354,1,0
2.90039,0.0878906,1.00142,5.01827e-05,0.709206,1,0
2.90039,0.107422,1.0014,6.05395e-05,0.709206,1,0
2.91992,0.0878906,1.00141,4.9651e-05,0.707256,1,0
2.91992,0.107422,1.00139,5.99215e-05,0.707256,1,0
2.90039,0.126953,1.00138,7.00266e-05,0.709207,1,0
2.90039,0.146484,1.00136,7.9543e-05,0.709207,1,0
2.91992,0.126953,1.00137,6.93629e-05,0.707256,1,0
2.91992,0.146484,1.00135,7.87998e-05,0.707256,1,0
2.93945,0.0878906,1.0014,4.91604e-05,0.705305,1,0
2.93945,0.107422,1.00138,5.9342e-05,0.705305,1,0
2.95898,0.0878906,1.00139,4.87109e-05,0.703355,1,0
2.95898,0.107422,1.00137,5.88013e-05,0.703355,1,0
2.93945,0.126953,1.00136,6.87301e-05,0.705306,1,0
2.93945,0.146484,1.00134,7.8084e-05,0.705306,1,0
2.95898,0.126953,1.00135,6.81278e-05,0.703355,1,0
2.95898,0.146484,1.00133,7.73954e-05,0.703355,1,0
2.82227,0.166016,1.00136,9.16368e-05,0.717009,1,0
2.82227,0.185547,1.00132,0.000100431,0.717009,1,0
2.8418,0.166016,1.00135,9.07576e-05,0.715059,1,0
2.8418,0.185547,1.00131,9.94919e-05,0.715059,1,0
2.82227,0.205078,1.00127,0.000108342,0.71701,1,0
2.82227,0.224609,1.00121,0.00011592,0.71701,1,0
2.8418,0.205078,1.00127,0.000107353,0.715059,1,0
2.8418,0.224609,1.00121,0.000114871,0.71506,1,0
2.86133,0.166016,1.00134,8.98966e-05,0.713108,1,0
2.86133,0.185547,1.0013,9.85678e-05,0.713109,1,0
2.88086,0.166016,1.00133,8.90558e-05,0.711158,1,0
2.88086,0.185547,1.0013,9.76608e-05,0.711158,1,0
2.86133,0.205078,1.00126,0.000106377,0.713109,1,0
2.86133,0.224609,1.0012,0.000113834,0.713109,1,0
2.88086,0.205078,1.00125,0.000105417,0.711159,1,0
2.88086,0.224609,1.00119,0.00011281,0.711159,1,0
2.82227,0.244141,1.00114,0.000122545,0.717011,1,0
2.82227,0.263672,1.00102,0.000128559,0.717011,1,0
2.8418,0.244141,1.00113,0.000121441,0.71506,1,0
2.8418,0.263672,1.00102,0.000127394,0.715061,1,0
2.82227,0.283203,1.00083,0.000133335,0.717012,1,0
2.82227,0.302734,1.00045,0.00013701,0.717013,1,0
2.8418,0.283203,1.00083,0.00013211,0.715061,1,0
2.8418,0.302734,1.00045,0.000135717,0.715062,1,0
2.86133,0.244141,1.00112,0.000120347,0.71311,1,0
2.86133,0.263672,1.00101,0.000126237,0.71311,1,0
2.88086,0.244141,1.00112,0.000119264,0.711159,1,0
2.88086,0.263672,1.00101,0.00012509,0.71116,1,0
2.86133,0.283203,1.00082,0.000130892,0.713111,1,0
2.86133,0.302734,1.00045,0.000134432,0.713112,1,0
2.88086,0.283203,1.00082,0.000129683,0.71116,1,0
2.88086,0.302734,1.00045,0.000133155,0.711161,1,0
2.90039,0.166016,1.00132,8.82367e-05,0.709207,1,0
2.90039,0.185547,1.00129,9.67724e-05,0.709208,1,0
2.91992,0.166016,1.00132,8.74402e-05,0.707257,1,0
2.91992,0.185547,1.00128,9.59034e-05,0.707257,1,0
2.90039,0.205078,1.00124,0.000104472,0.709208,1,0
2.90039,0.224609,1.00119,0.0001118,0.709208,1,0
2.91992,0.205078,1.00124,0.000103545,0.707257,1,0
2.91992,0.224609,1.00118,0.000110804,0.707258,1,0
2.93945,0.166016,1.00131,8.66666e-05,0.705306,1,0
2.93945,0.185547,1.00127,9.50544e-05,0.705307,1,0
2.95898,0.166016,1.0013,8.59157e-05,0.703356,1,0
2.95898,0.185547,1.00126,9.42252e-05,0.703356,1,0
2.93945,0.205078,1.00123,0.000102635,0.705307,1,0
2.93945,0.224609,1.00117,0.000109823,0.705307,1,0
2.95898,0.205078,1.00122,0.000101742,0.703356,1,0
2.95898,0.224609,1.00117,0.000108857,0.703357,1,0
2.90039,0.244141,1.00111,0.000118194,0.709209,1,0
2.90039,0.263672,1.001,0.000123953,0.709209,1,0
2.91992,0.244141,1.00111,0.000117137,0.707258,1,0
2.91992,0.263672,1.001,0.000122829,0.707259,1,0
2.90039,0.283203,1.00081,0.000128483,0.70921,1,0
2.90039,0.302734,1.00044,0.000131886,0.70921,1,0
2.91992,0.283203,1.00081,0.000127295,0.707259,1,0
2.91992,0.302734,1.00044,0.000130628,0.70726,1,0
2.93945,0.244141,1.0011,0.000116093,0.705308,1,0
2.93945,0.263672,1.00099,0.000121716,0.705308,1,0
2.95898,0.244141,1.00109,0.000115062,0.703357,1,0
2.95898,0.263672,1.00099,0.000120615,0.703358,1,0
2.93945,0.283203,1.00081,0.000126117,0.705309,1,0
2.93945,0.302734,1.00044,0.00012938,0.705309,1,0
2.95898,0.283203,1.0008,0.000124951,0.703358,1,0
2.95898,0.302734,1.00044,0.000128142,0.703359,1,0
2.97852,0.00976562,1.00115,6.48607e-06,0.701404,1,0
2.97852,0.0292969,1.00128,1.66481e-05,0.701404,1,0
2.99805,0.00976562,1.00114,6.56816e-06,0.699454,1,0
2.99805,0.0292969,1.00127,1.66757e-05,0.699453,1,0
2.97852,0.0488281,1.00135,2.72931e-05,0.701404,1,0
2.97852,0.0683594,1.00138,3.82452e-05,0.701404,1,0
2.99805,0.0488281,1.00134,2.71097e-05,0.699453,1,0
2.99805,0.0683594,1.00137,3.79771e-05,0.699453,1,0
3.01758,0.00976562,1.00114,6.7121e-06,0.697503,1,0
3.01758,0.0292969,1.00126,1.67759e-05,0.697503,1,0
3.03711,0.00976562,1.00113,6.90974e-06,0.695553,1,0
3.03711,0.0292969,1.00125,1.69374e-05,0.695552,1,0
3.01758,0.0488281,1.00133,2.69733e-05,0.697503,1,0
3.01758,0.0683594,1.00136,3.77569e-05,0.697503,1,0
3.03711,0.0488281,1.00132,2.68768e-05,0.695552,1,0
3.03711,0.0683594,1.00135,3.75775e-05,0.695552,1,0
2.97852,0.0878906,1.00138,4.83012e-05,0.701404,1,0
2.97852,0.107422,1.00136,5.82984e-05,0.701404,1,0
2.99805,0.0878906,1.00137,4.79284e-05,0.699454,1,0
2.99805,0.107422,1.00135,5.78309e-05,0.699454,1,0
2.97852,0.126953,1.00134,6.75547e-05,0.701404,1,0
2.97852,0.146484,1.00132,7.67332e-05,0.701405,1,0
2.99805,0.126953,1.00133,6.70086e-05,0.699454,1,0
2.99805,0.146484,1.00131,7.60956e-05,0.699454,1,0
3.01758,0.0878906,1.00136,4.75882e-05,0.697503,1,0
3.01758,0.107422,1.00134,5.73953e-05,0.697503,1,0
3.03711,0.0878906,1.00135,4.72752e-05,0.695552,1,0
3.03711,0.107422,1.00133,5.69868e-05,0.695552,1,0
3.01758,0.126953,1.00133,6.64863e-05,0.697503,1,0
3.01758,0.146484,1.0013,7.54799e-05,0.697503,1,0
3.03711,0.126953,1.00132,6.59836e-05,0.695553,1,0
3.03711,0.146484,1.00129,7.4883e-05,0.695553,1,0
3.05664,0.00976562,1.00112,7.15009e-06,0.693602,1,0
3.05664,0.0292969,1.00124,1.71455e-05,0.693602,1,0
3.07617,0.00976562,1.00111,7.41967e-06,0.691651,1,0
3.07617,0.0292969,1.00123,1.73829e-05,0.691651,1,0
3.05664,0.0488281,1.00131,2.68115e-05,0.693602,1,0
3.05664,0.0683594,1.00134,3.74298e-05,0.693602,1,0
3.07617,0.0488281,1.0013,2.67666e-05,0.691651,1,0
3.07617,0.0683594,1.00133,3.73031e-05,0.691651,1,0
3.0957,0.00976562,1.00111,7.70303e-06,0.689701,1,0
3.0957,0.0292969,1.00122,1.76299e-05,0.6897,1,0
3.11523,0.00976562,1.0011,7.98342e-06,0.68775,1,0
3.11523,0.0292969,1.00121,1.78658e-05,0.687749,1,0
3.0957,0.0488281,1.00129,2.67304e-05,0.6897,1,0
3.0957,0.0683594,1.00132,3.71854e-05,0.6897,1,0
3.11523,0.0488281,1.00128,2.66902e-05,0.687749,1,0
3.11523,0.0683594,1.00131,3.70642e-05,0.687749,1,0
3.05664,0.0878906,1.00134,4.69824e-05,0.693602,1,0
3.05664,0.107422,1.00132,5.65993e-05,0.693602,1,0
3.07617,0.0878906,1.00133,4.6702e-05,0.691651,1,0
3.07617,0.107422,1.00132,5.62259e-05,0.691651,1,0
3.05664,0.126953,1.00131,6.54956e-05,0.693602,1,0
3.05664,0.146484,1.00128,7.43006e-05,0.693602,1,0
3.07617,0.126953,1.0013,6.50168e-05,0.691651,1,0
3.07617,0.146484,1.00128,7.37282e-05,0.691651,1,0
3.0957,0.0878906,1.00132,4.64255e-05,0.6897,1,0
3.0957,0.107422,1.00131,5.58591e-05,0.6897,1,0
3.11523,0.0878906,1.00131,4.61441e-05,0.687749,1,0
3.11523,0.107422,1.0013,5.54908e-05,0.687749,1,0
3.0957,0.126953,1.00129,6.45412e-05,0.6897,1,0
3.0957,0.146484,1.00127,7.31609e-05,0.6897,1,0
3.11523,0.126953,1.00128,6.40626e-05,0.687749,1,0
3.11523,0.146484,1.00126,7.25933e-05,0.68775,1,0
2.97852,0.166016,1.00129,8.51865e-05,0.701405,1,0
2.97852,0.185547,1.00126,9.3415e-05,0.701405,1,0
2.99805,0.166016,1.00128,8.44774e-05,0.699454,1,0
2.99805,0.185547,1.00125,9.26227e-05,0.699455,1,0
2.97852,0.205078,1.00121,0.000100865,0.701406,1,0
2.97852,0.224609,1.00116,0.000107906,0.701406,1,0
2.99805,0.205078,1.00121,0.000100004,0.699455,1,0
2.99805,0.224609,1.00115,0.000106968,0.699455,1,0
3.01758,0.166016,1.00127,8.37861e-05,0.697504,1,0
3.01758,0.185547,1.00124,9.18464e-05,0.697504,1,0
3.03711,0.166016,1.00127,8.31096e-05,0.695553,1,0
3.03711,0.185547,1.00123,9.10837e-05,0.695553,1,0
3.01758,0.205078,1.0012,9.91566e-05,0.697504,1,0
3.01758,0.224609,1.00115,0.000106043,0.697505,1,0
3.03711,0.205078,1.00119,9.83211e-05,0.695554,1,0
3.03711,0.224609,1.00114,0.000105129,0.695554,1,0
2.97852,0.244141,1.00109,0.000114045,0.701406,1,0
2.97852,0.263672,1.00098,0.000119526,0.701407,1,0
2.99805,0.244141,1.00108,0.00011304,0.699456,1,0
2.99805,0.263672,1.00098,0.000118448,0.699456,1,0
2.97852,0.283203,1.0008,0.000123795,0.701407,1,0
2.97852,0.302734,1.00043,0.000126915,0.701408,1,0
2.99805,0.283203,1.0008,0.00012265,0.699457,1,0
2.99805,0.302734,1.00043,0.000125697,0.699457,1,0
3.01758,0.244141,1.00108,0.000112046,0.697505,1,0
3.01758,0.263672,1.00097,0.000117381,0.697505,1,0
3.03711,0.244141,1.00107,0.000111062,0.695554,1,0
3.03711,0.263672,1.00097,0.000116323,0.695555,1,0
3.01758,0.283203,1.00079,0.000121515,0.697506,1,0
3.01758,0.302734,1.00043,0.000124489,0.697506,1,0
3.03711,0.283203,1.00079,0.000120389,0.695555,1,0
3.03711,0.302734,1.00043,0.00012329,0.695556,1,0
3.05664,0.166016,1.00126,8.24444e-05,0.693602,1,0
3.05664,0.185547,1.00122,9.03319e-05,0.693603,1,0
3.07617,0.166016,1.00125,8.17869e-05,0.691651,1,0
3.07617,0.185547,1.00122,8.95879e-05,0.691652,1,0
3.05664,0.205078,1.00118,9.74949e-05,0.693603,1,0
3.05664,0.224609,1.00113,0.000104224,0.693603,1,0
3.07617,0.205078,1.00118,9.66754e-05,0.691652,1,0
3.07617,0.224609,1.00113,0.000103325,0.691652,1,0
3.0957,0.166016,1.00124,8.11328e-05,0.689701,1,0
3.0957,0.185547,1.00121,8.88483e-05,0.689701,1,0
3.11523,0.166016,1.00123,8.0478e-05,0.68775,1,0
3.11523,0.185547,1.0012,8.81097e-05,0.68775,1,0
3.0957,0.205078,1.00117,9.586e-05,0.689701,1,0
3.0957,0.224609,1.00112,0.000102431,0.689701,1,0
3.11523,0.205078,1.00116,9.50457e-05,0.68775,1,0
3.11523,0.224609,1.00111,0.00010154,0.687751,1,0
3.05664,0.244141,1.00107,0.000110087,0.693604,1,0
3.05664,0.263672,1.00096,0.000115273,0.693604,1,0
3.07617,0.244141,1.00106,0.000109118,0.691653,1,0
3.07617,0.263672,1.00096,0.00011423,0.691653,1,0
3.05664,0.283203,1.00079,0.000119271,0.693604,1,0
3.05664,0.302734,1.00043,0.000122098,0.693605,1,0
3.07617,0.283203,1.00078,0.000118159,0.691654,1,0
3.07617,0.302734,1.00042,0.000120913,0.691654,1,0
3.0957,0.244141,1.00105,0.000108153,0.689702,1,0
3.0957,0.263672,1.00095,0.000113192,0.689702,1,0
3.11523,0.244141,1.00105,0.000107192,0.687751,1,0
3.11523,0.263672,1.00095,0.000112157,0.687751,1,0
3.0957,0.283203,1.00078,0.000117053,0.689703,1,0
3.0957,0.302734,1.00042,0.000119734,0.689703,1,0
3.11523,0.283203,1.00078,0.00011595,0.687752,1,0
3.11523,0.302734,1.00042,0.00011856,0.687752,1,0
2.82227,0.322266,0.999623,0.000138613,0.717013,1,0
2.82227,0.341797,0.997712,0.000137848,0.717014,1,0
2.8418,0.322266,0.999622,0.000137256,0.715063,1,0
2.8418,0.341797,0.997715,0.000136419,0.715063,1,0
2.82227,0.361328,0.993319,0.000132803,0.717014,1,0
2.82227,0.380859,0.983516,0.000122461,0.717015,1,0
2.8418,0.361328,0.993327,0.000131316,0.715064,1,0
2.8418,0.380859,0.98353,0.000120931,0.715065,1,0
2.86133,0.322266,0.999622,0.000135905,0.713112,1,0
2.86133,0.341797,0.997718,0.000134997,0.713113,1,0
2.88086,0.322266,0.999622,0.000134562,0.711162,1,0
2.88086,0.341797,0.997721,0.000133583,0.711162,1,0
2.86133,0.361328,0.993335,0.000129835,0.713113,1,0
2.86133,0.380859,0.983545,0.000119407,0.713114,1,0
2.88086,0.361328,0.993343,0.000128362,0.711163,1,0
2.88086,0.380859,0.983559,0.000117891,0.711164,1,0
2.82227,0.400391,0.9626,0.000104123,0.717016,1,0
2.82227,0.419922,0.920298,7.85975e-05,0.717016,1,0
2.8418,0.400391,0.962622,0.000102625,0.715065,1,0
2.8418,0.419922,0.920326,7.7243e-05,0.715066,1,0
2.82227,0.439453,0.839602,4.76971e-05,0.717017,1,0
2.82227,0.458984,0.694866,2.09293e-05,0.717017,1,0
2.8418,0.439453,0.839631,4.6684e-05,0.715066,1,0
2.8418,0.458984,0.694888,2.03692e-05,0.715067,1,0
2.86133,0.400391,0.962644,0.000101135,0.713115,1,0
2.86133,0.419922,0.920354,7.58981e-05,0.713115,1,0
2.88086,0.400391,0.962665,9.96535e-05,0.711164,1,0
2.88086,0.419922,0.920382,7.45639e-05,0.711165,1,0
2.86133,0.439453,0.839659,4.5681e-05,0.713116,1,0
2.86133,0.458984,0.694909,1.98167e-05,0.713116,1,0
2.88086,0.439453,0.839687,4.4689e-05,0.711165,1,0
2.88086,0.458984,0.69493,1.92725e-05,0.711166,1,0
2.90039,0.322266,0.999622,0.000133227,0.709211,1,0
2.90039,0.341797,0.997724,0.000132176,0.709212,1,0
2.91992,0.322266,0.999622,0.000131902,0.70726,1,0
2.91992,0.341797,0.997727,0.000130778,0.707261,1,0
2.90039,0.361328,0.993351,0.000126896,0.709212,1,0
2.90039,0.380859,0.983573,0.000116384,0.709213,1,0
2.91992,0.361328,0.993358,0.000125439,0.707262,1,0
2.91992,0.380859,0.983588,0.000114885,0.707262,1,0
2.93945,0.322266,0.999622,0.000130587,0.70531,1,0
2.93945,0.341797,0.99773,0.00012939,0.70531,1,0
2.95898,0.322266,0.999622,0.000129281,0.703359,1,0
2.95898,0.341797,0.997734,0.000128012,0.70336,1,0
2.93945,0.361328,0.993366,0.000123992,0.705311,1,0
2.93945,0.380859,0.983602,0.000113396,0.705312,1,0
2.95898,0.361328,0.993375,0.000122554,0.70336,1,0
2.95898,0.380859,0.983616,0.000111919,0.703361,1,0
2.90039,0.400391,0.962687,9.81816e-05,0.709214,1,0
2.90039,0.419922,0.920409,7.32414e-05,0.709214,1,0
2.91992,0.400391,0.962709,9.67204e-05,0.707263,1,0
2.91992,0.419922,0.920436,7.19314e-05,0.707263,1,0
2.90039,0.439453,0.839714,4.37085e-05,0.709215,1,0
2.90039,0.458984,0.69495,1.87372e-05,0.709215,1,0
2.91992,0.439453,0.839741,4.274e-05,0.707264,1,0
2.91992,0.458984,0.69497,1.82114e-05,0.707264,1,0
2.93945,0.400391,0.96273,9.52709e-05,0.705312,1,0
2.93945,0.419922,0.920463,7.06345e-05,0.705313,1,0
2.95898,0.400391,0.962751,9.38336e-05,0.703361,1,0
2.95898,0.419922,0.920489,6.93509e-05,0.703362,1,0
2.93945,0.439453,0.839768,4.1784e-05,0.705313,1,0
2.93945,0.458984,0.694989,1.76956e-05,0.705314,1,0
2.95898,0.439453,0.839794,4.08406e-05,0.703362,1,0
2.95898,0.458984,0.695008,1.71899e-05,0.703363,1,0
2.82227,0.478516,0.451248,3.72341e-06,0.717017,1,0
2.82227,0.498047,0.0663708,-1.18654e-06,0.717018,0.6,0
2.8418,0.478516,0.451259,3.62383e-06,0.715067,1,0
2.8418,0.498047,0.0663732,-1.11333e-06,0.715067,0.6,0
2.86133,0.478516,0.451269,3.52712e-06,0.713116,1,0
2.86133,0.498047,0.0663756,-1.0446e-06,0.713116,0.6,0
2.88086,0.478516,0.451279,3.43336e-06,0.711166,1,0
2.88086,0.498047,0.0663779,-9.80274e-07,0.711166,0.6,0
2.90039,0.478516,0.451289,3.34257e-06,0.709215,1,0
2.90039,0.498047,0.0663802,-9.20213e-07,0.709215,0.6,0
2.91992,0.478516,0.451299,3.25469e-06,0.707264,1,0
2.91992,0.498047,0.0663825,-8.64241e-07,0.707264,0.6,0
2.93945,0.478516,0.451308,3.16964e-06,0.705314,1,0
2.93945,0.498047,0.0663848,-8.12113e-07,0.705314,0.6,0
2.95898,0.478516,0.451317,3.08725e-06,0.703363,1,0
2.95898,0.498047,0.066387,-7.63589e-07,0.703363,0.6,0
2.97852,0.322266,0.999622,0.000127986,0.701408,1,0
2.97852,0.341797,0.997737,0.000126643,0.701409,1,0
2.99805,0.322266,0.999622,0.000126701,0.699458,1,0
2.99805,0.341797,0.99774,0.000125284,0.699458,1,0
2.97852,0.361328,0.993383,0.000121127,0.70141,1,0
2.97852,0.380859,0.983631,0.000110452,0.70141,1,0
2.99805,0.361328,0.993391,0.00011971,0.699459,1,0
2.99805,0.380859,0.983645,0.000108996,0.699459,1,0
3.01758,0.322266,0.999622,0.000125424,0.697507,1,0
3.01758,0.341797,0.997744,0.000123934,0.697507,1,0
3.03711,0.322266,0.999622,0.000124157,0.695556,1,0
3.03711,0.341797,0.997748,0.000122594,0.695557,1,0
3.01758,0.361328,0.993399,0.000118303,0.697508,1,0
3.01758,0.380859,0.983659,0.000107552,0.697509,1,0
3.03711,0.361328,0.993407,0.000116905,0.695557,1,0
3.03711,0.380859,0.983674,0.000106119,0.695558,1,0
2.97852,0.400391,0.962773,9.24091e-05,0.701411,1,0
2.97852,0.419922,0.920516,6.80808e-05,0.701411,1,0
2.99805,0.400391,0.962794,9.09973e-05,0.69946,1,0
2.99805,0.419922,0.920542,6.68243e-05,0.699461,1,0
2.97852,0.439453,0.83982,3.99101e-05,0.701412,1,0
2.97852,0.458984,0.695027,1.66946e-05,0.701412,1,0
2.99805,0.439453,0.839846,3.89926e-05,0.699461,1,0
2.99805,0.458984,0.695045,1.62098e-05,0.699461,1,0
3.01758,0.400391,0.962815,8.9598e-05,0.697509,1,0
3.01758,0.419922,0.920568,6.55811e-05,0.69751,1,0
3.03711,0.400391,0.962836,8.82111e-05,0.695558,1,0
3.03711,0.419922,0.920593,6.43513e-05,0.695559,1,0
3.01758,0.439453,0.839871,3.80881e-05,0.69751,1,0
3.01758,0.458984,0.695063,1.57355e-05,0.69751,1,0
3.03711,0.439453,0.839896,3.71965e-05,0.695559,1,0
3.03711,0.458984,0.69508,1.52715e-05,0.69556,1,0
3.05664,0.322266,0.999623,0.000122897,0.693605,1,0
3.05664,0.341797,0.997751,0.000121262,0.693606,1,0
3.07617,0.322266,0.999623,0.000121644,0.691654,1,0
3.07617,0.341797,0.997755,0.000119937,0.691655,1,0
3.05664,0.361328,0.993415,0.000115518,0.693606,1,0
3.05664,0.380859,0.983688,0.000104697,0.693607,1,0
3.07617,0.361328,0.993424,0.000114138,0.691655,1,0
3.07617,0.380859,0.983702,0.000103285,0.691656,1,0
3.0957,0.322266,0.999624,0.000120397,0.689704,1,0
3.0957,0.341797,0.997759,0.00011862,0.689704,1,0
3.11523,0.322266,0.999624,0.000119156,0.687753,1,0
3.11523,0.341797,0.997763,0.000117309,0.687753,1,0
3.0957,0.361328,0.993432,0.000112767,0.689705,1,0
3.0957,0.380859,0.983717,0.000101882,0.689705,1,0
3.11523,0.361328,0.993441,0.000111404,0.687754,1,0
3.11523,0.380859,0.983731,0.000100489,0.687754,1,0
3.05664,0.400391,0.962857,8.68361e-05,0.693607,1,0
3.05664,0.419922,0.920619,6.31348e-05,0.693608,1,0
3.07617,0.400391,0.962878,8.54726e-05,0.691657,1,0
3.07617,0.419922,0.920644,6.19313e-05,0.691657,1,0
3.05664,0.439453,0.83992,3.6318e-05,0.693608,1,0
3.05664,0.458984,0.695097,1.48178e-05,0.693609,1,0
3.07617,0.439453,0.839944,3.54524e-05,0.691657,1,0
3.07617,0.458984,0.695114,1.43741e-05,0.691658,1,0
3.0957,0.400391,0.962898,8.41201e-05,0.689706,1,0
3.0957,0.419922,0.920668,6.07407e-05,0.689706,1,0
3.11523,0.400391,0.962919,8.27785e-05,0.687755,1,0
3.11523,0.419922,0.920693,5.95629e-05,0.687755,1,0
3.0957,0.439453,0.839968,3.45997e-05,0.689707,1,0
3.0957,0.458984,0.69513,1.39402e-05,0.689707,1,0
3.11523,0.439453,0.839991,3.37596e-05,0.687756,1,0
3.11523,0.458984,0.695145,1.35159e-05,0.687756,1,0
2.97852,0.478516,0.451326,3.00739e-06,0.701412,1,0
2.97852,0.498047,0.0663892,-7.18377e-07,0.701412,0.6,0
2.99805,0.478516,0.451334,2.92984e-06,0.699461,1,0
2.99805,0.498047,0.0663913,-6.76216e-07,0.699461,0.6,0
3.01758,0.478516,0.451342,2.85443e-06,0.69751,1,0
3.01758,0.498047,0.0663934,-6.36815e-07,0.697511,0.6,0
3.03711,0.478516,0.45135,2.78093e-06,0.69556,1,0
3.03711,0.498047,0.0663955,-5.99927e-07,0.69556,0.6,0
3.05664,0.478516,0.451358,2.70917e-06,0.693609,1,0
3.05664,0.498047,0.0663975,-5.65282e-07,0.693609,0.6,0
3.07617,0.478516,0.451365,2.63895e-06,0.691658,1,0
3.07617,0.498047,0.0663995,-5.32658e-07,0.691658,0.6,0
3.0957,0.478516,0.451373,2.57012e-06,0.689707,1,0
3.0957,0.498047,0.0664014,-5.01814e-07,0.689707,0.6,0
3.11523,0.478516,0.45138,2.50252e-06,0.687756,1,0
3.11523,0.498047,0.0664033,-4.72565e-07,0.687756,0.6,0
3.13477,0.00976562,1.00109,8.24363e-06,0.685799,1,0
3.13477,0.0292969,1.0012,1.80696e-05,0.685798,1,0
3.1543,0.00976562,1.00108,8.46685e-06,0.683848,1,0
3.1543,0.0292969,1.00119,1.82213e-05,0.683847,1,0
3.13477,0.0488281,1.00127,2.66336e-05,0.685798,1,0
3.13477,0.0683594,1.0013,3.69264e-05,0.685798,1,0
3.1543,0.0488281,1.00126,2.65482e-05,0.683847,1,0
3.1543,0.0683594,1.00129,3.676e-05,0.683847,1,0
3.17383,0.00976562,1.00107,8.63757e-06,0.681897,1,0
3.17383,0.0292969,1.00119,1.83028e-05,0.681896,1,0
3.19336,0.00976562,1.00107,8.74254e-06,0.679945,1,0
3.19336,0.0292969,1.00118,1.82992e-05,0.679945,1,0
3.17383,0.0488281,1.00125,2.64233e-05,0.681896,1,0
3.17383,0.0683594,1.00128,3.65537e-05,0.681896,1,0
3.19336,0.0488281,1.00124,2.62495e-05,0.679945,1,0
3.19336,0.0683594,1.00127,3.62983e-05,0.679945,1,0
3.13477,0.0878906,1.0013,4.5849e-05,0.685798,1,0
3.13477,0.107422,1.00129,5.5113e-05,0.685798,1,0
3.1543,0.0878906,1.00129,4.5532e-05,0.683847,1,0
3.1543,0.107422,1.00128,5.47181e-05,0.683847,1,0
3.13477,0.126953,1.00127,6.35751e-05,0.685799,1,0
3.13477,0.146484,1.00125,7.20206e-05,0.685799,1,0
3.1543,0.126953,1.00126,6.30731e-05,0.683848,1,0
3.1543,0.146484,1.00124,7.14377e-05,0.683848,1,0
3.17383,0.0878906,1.00128,4.51858e-05,0.681896,1,0
3.17383,0.107422,1.00127,5.42993e-05,0.681896,1,0
3.19336,0.0878906,1.00127,4.48047e-05,0.679945,1,0
3.19336,0.107422,1.00126,5.38507e-05,0.679945,1,0
3.17383,0.126953,1.00126,6.25517e-05,0.681897,1,0
3.17383,0.146484,1.00124,7.08403e-05,0.681897,1,0
3.19336,0.126953,1.00125,6.20069e-05,0.679946,1,0
3.19336,0.146484,1.00123,7.0225e-05,0.679946,1,0
3.21289,0.00976562,1.00106,8.77149e-06,0.677994,1,0
3.21289,0.0292969,1.00117,1.81995e-05,0.677994,1,0
3.23242,0.00976562,1.00105,8.71789e-06,0.676043,1,0
3.23242,0.0292969,1.00116,1.79975e-05,0.676043,1,0
3.21289,0.0488281,1.00124,2.60202e-05,0.677994,1,0
3.21289,0.0683594,1.00126,3.59866e-05,0.677994,1,0
3.23242,0.0488281,1.00123,2.57313e-05,0.676043,1,0
3.23242,0.0683594,1.00125,3.56146e-05,0.676043,1,0
3.25195,0.00976562,1.00104,8.57938e-06,0.674092,1,0
3.25195,0.0292969,1.00115,1.76924e-05,0.674092,1,0
3.27148,0.00976562,1.00104,8.35812e-06,0.67214,1,0
3.27148,0.0292969,1.00114,1.72889e-05,0.67214,1,0
3.25195,0.0488281,1.00122,2.5382e-05,0.674092,1,0
3.25195,0.0683594,1.00124,3.51811e-05,0.674092,1,0
3.27148,0.0488281,1.00121,2.49747e-05,0.672141,1,0
3.27148,0.0683594,1.00123,3.46884e-05,0.672141,1,0
3.21289,0.0878906,1.00126,4.43844e-05,0.677994,1,0
3.21289,0.107422,1.00125,5.33681e-05,0.677994,1,0
3.23242,0.0878906,1.00125,4.39228e-05,0.676043,1,0
3.23242,0.107422,1.00125,5.2849e-05,0.676043,1,0
3.21289,0.126953,1.00124,6.1436e-05,0.677995,1,0
3.21289,0.146484,1.00122,6.95889e-05,0.677995,1,0
3.23242,0.126953,1.00123,6.08375e-05,0.676043,1,0
3.23242,0.146484,1.00121,6.89306e-05,0.676044,1,0
3.25195,0.0878906,1.00125,4.342e-05,0.674092,1,0
3.25195,0.107422,1.00124,5.22926e-05,0.674092,1,0
3.27148,0.0878906,1.00124,4.2878e-05,0.672141,1,0
3.27148,0.107422,1.00123,5.17003e-05,0.672141,1,0
3.25195,0.126953,1.00122,6.02116e-05,0.674092,1,0
3.25195,0.146484,1.0012,6.82497e-05,0.674093,1,0
3.27148,0.126953,1.00122,5.95595e-05,0.672141,1,0
3.27148,0.146484,1.0012,6.75468e-05,0.672141,1,0
3.13477,0.166016,1.00123,7.98185e-05,0.685799,1,0
3.13477,0.185547,1.0012,8.73689e-05,0.685799,1,0
3.1543,0.166016,1.00122,7.91504e-05,0.683848,1,0
3.1543,0.185547,1.00119,8.66225e-05,0.683848,1,0
3.13477,0.205078,1.00116,9.42298e-05,0.685799,1,0
3.13477,0.224609,1.00111,0.000100648,0.6858,1,0
3.1543,0.205078,1.00115,9.34097e-05,0.683848,1,0
3.1543,0.224609,1.0011,9.97543e-05,0.683849,1,0
3.17383,0.166016,1.00121,7.84705e-05,0.681897,1,0
3.17383,0.185547,1.00118,8.58679e-05,0.681897,1,0
3.19336,0.166016,1.0012,7.7776e-05,0.679946,1,0
3.19336,0.185547,1.00117,8.51028e-05,0.679946,1,0
3.17383,0.205078,1.00114,9.25834e-05,0.681897,1,0
3.17383,0.224609,1.0011,9.88566e-05,0.681898,1,0
3.19336,0.205078,1.00114,9.17488e-05,0.679946,1,0
3.19336,0.224609,1.00109,9.79535e-05,0.679947,1,0
3.13477,0.244141,1.00104,0.000106231,0.6858,1,0
3.13477,0.263672,1.00095,0.000111124,0.6858,1,0
3.1543,0.244141,1.00104,0.000105269,0.683849,1,0
3.1543,0.263672,1.00094,0.000110092,0.683849,1,0
3.13477,0.283203,1.00077,0.000114851,0.685801,1,0
3.13477,0.302734,1.00042,0.000117389,0.685801,1,0
3.1543,0.283203,1.00077,0.000113753,0.68385,1,0
3.1543,0.302734,1.00042,0.000116222,0.68385,1,0
3.17383,0.244141,1.00103,0.000104306,0.681898,1,0
3.17383,0.263672,1.00094,0.000109059,0.681898,1,0
3.19336,0.244141,1.00103,0.000103338,0.679947,1,0
3.19336,0.263672,1.00093,0.000108025,0.679947,1,0
3.17383,0.283203,1.00077,0.000112657,0.681899,1,0
3.17383,0.302734,1.00042,0.000115057,0.681899,1,0
3.19336,0.283203,1.00076,0.00011156,0.679948,1,0
3.19336,0.302734,1.00042,0.000113894,0.679948,1,0
3.21289,0.166016,1.0012,7.70652e-05,0.677995,1,0
3.21289,0.185547,1.00117,8.43255e-05,0.677995,1,0
3.23242,0.166016,1.00119,7.63368e-05,0.676044,1,0
3.23242,0.185547,1.00116,8.35349e-05,0.676044,1,0
3.21289,0.205078,1.00113,9.09048e-05,0.677995,1,0
3.21289,0.224609,1.00109,9.7044e-05,0.677996,1,0
3.23242,0.205078,1.00113,9.00505e-05,0.676044,1,0
3.23242,0.224609,1.00108,9.61273e-05,0.676045,1,0
3.25195,0.166016,1.00118,7.55909e-05,0.674093,1,0
3.25195,0.185547,1.00115,8.27308e-05,0.674093,1,0
3.27148,0.166016,1.00117,7.48282e-05,0.672142,1,0
3.27148,0.185547,1.00115,8.19136e-05,0.672142,1,0
3.25195,0.205078,1.00112,8.91859e-05,0.674093,1,0
3.25195,0.224609,1.00107,9.52032e-05,0.674094,1,0
3.27148,0.205078,1.00111,8.83113e-05,0.672142,1,0
3.27148,0.224609,1.00107,9.4272e-05,0.672142,1,0
3.21289,0.244141,1.00102,0.000102366,0.677996,1,0
3.21289,0.263672,1.00093,0.000106989,0.677996,1,0
3.23242,0.244141,1.00102,0.000101389,0.676045,1,0
3.23242,0.263672,1.00092,0.00010595,0.676045,1,0
3.21289,0.283203,1.00076,0.000110463,0.677997,1,0
3.21289,0.302734,1.00041,0.000112732,0.677997,1,0
3.23242,0.283203,1.00076,0.000109366,0.676046,1,0
3.23242,0.302734,1.00041,0.000111571,0.676046,1,0
3.25195,0.244141,1.00101,0.000100407,0.674094,1,0
3.25195,0.263672,1.00092,0.000104908,0.674094,1,0
3.27148,0.244141,1.00101,9.94205e-05,0.672143,1,0
3.27148,0.263672,1.00092,0.000103864,0.672143,1,0
3.25195,0.283203,1.00075,0.000108267,0.674095,1,0
3.25195,0.302734,1.00041,0.000110412,0.674095,1,0
3.27148,0.283203,1.00075,0.000107167,0.672144,1,0
3.27148,0.302734,1.00041,0.000109253,0.672144,1,0
3.29102,0.00976562,1.00103,8.06084e-06,0.670189,1,0
3.29102,0.0292969,1.00114,1.67973e-05,0.670189,1,0
3.31055,0.00976562,1.00102,7.69873e-06,0.668238,1,0
3.31055,0.0292969,1.00113,1.62329e-05,0.668238,1,0
3.29102,0.0488281,1.0012,2.45151e-05,0.670189,1,0
3.29102,0.0683594,1.00123,3.41418e-05,0.670189,1,0
3.31055,0.0488281,1.00119,2.40119e-05,0.668238,1,0
3.31055,0.0683594,1.00122,3.35501e-05,0.668238,1,0
3.33008,0.00976562,1.00101,7.28705e-06,0.666286,1,0
3.33008,0.0292969,1.00112,1.56159e-05,0.666287,1,0
3.34961,0.00976562,1.00101,6.84451e-06,0.664335,1,0
3.34961,0.0292969,1.00111,1.49703e-05,0.664335,1,0
3.33008,0.0488281,1.00118,2.34767e-05,0.666287,1,0
3.33008,0.0683594,1.00121,3.29244e-05,0.666287,1,0
3.34961,0.0488281,1.00117,2.29231e-05,0.664336,1,0
3.34961,0.0683594,1.0012,3.22781e-05,0.664336,1,0
3.29102,0.0878906,1.00123,4.23013e-05,0.67019,1,0
3.29102,0.107422,1.00122,5.10751e-05,0.67019,1,0
3.31055,0.0878906,1.00122,4.16963e-05,0.668238,1,0
3.31055,0.107422,1.00121,5.04222e-05,0.668239,1,0
3.29102,0.126953,1.00121,5.88842e-05,0.67019,1,0
3.29102,0.146484,1.00119,6.68239e-05,0.67019,1,0
3.31055,0.126953,1.0012,5.81898e-05,0.668239,1,0
3.31055,0.146484,1.00118,6.6084e-05,0.668239,1,0
3.33008,0.0878906,1.00121,4.10709e-05,0.666287,1,0
3.33008,0.107422,1.0012,4.97481e-05,0.666287,1,0
3.34961,0.0878906,1.0012,4.04343e-05,0.664336,1,0
3.34961,0.107422,1.0012,4.90607e-05,0.664336,1,0
3.33008,0.126953,1.00119,5.74815e-05,0.666288,1,0
3.33008,0.146484,1.00117,6.53311e-05,0.666288,1,0
3.34961,0.126953,1.00118,5.67652e-05,0.664336,1,0
3.34961,0.146484,1.00117,6.45697e-05,0.664337,1,0
3.36914,0.00976562,1.001,6.39237e-06,0.662384,1,0
3.36914,0.0292969,1.0011,1.43225e-05,0.662384,1,0
3.38867,0.00976562,1.001,5.95324e-06,0.660433,1,0
3.38867,0.0292969,1.0011,1.36998e-05,0.660433,1,0
3.36914,0.0488281,1.00116,2.23659e-05,0.662384,1,0
3.36914,0.0683594,1.00119,3.16262e-05,0.662385,1,0
3.38867,0.0488281,1.00116,2.18207e-05,0.660433,1,0
3.38867,0.0683594,1.00118,3.09839e-05,0.660433,1,0
3.4082,0.00976562,1.00099,5.54966e-06,0.658481,1,0
3.4082,0.0292969,1.00109,1.31288e-05,0.658482,1,0
3.42773,0.00976562,1.00098,5.20235e-06,0.65653,1,0
3.42773,0.0292969,1.00108,1.26331e-05,0.656531,1,0
3.4082,0.0488281,1.00115,2.13022e-05,0.658482,1,0
3.4082,0.0683594,1.00117,3.03659e-05,0.658482,1,0
3.42773,0.0488281,1.00114,2.08236e-05,0.656531,1,0
3.42773,0.0683594,1.00116,2.97856e-05,0.656531,1,0
3.36914,0.0878906,1.0012,3.97965e-05,0.662385,1,0
3.36914,0.107422,1.00119,4.83683e-05,0.662385,1,0
3.38867,0.0878906,1.00119,3.91673e-05,0.660434,1,0
3.38867,0.107422,1.00118,4.76796e-05,0.660434,1,0
3.36914,0.126953,1.00118,5.60471e-05,0.662385,1,0
3.36914,0.146484,1.00116,6.38047e-05,0.662385,1,0
3.38867,0.126953,1.00117,5.53336e-05,0.660434,1,0
3.38867,0.146484,1.00115,6.30413e-05,0.660434,1,0
3.4082,0.0878906,1.00118,3.8556e-05,0.658482,1,0
3.4082,0.107422,1.00117,4.70031e-05,0.658483,1,0
3.42773,0.0878906,1.00117,3.79704e-05,0.656531,1,0
3.42773,0.107422,1.00116,4.63459e-05,0.656531,1,0
3.4082,0.126953,1.00116,5.46302e-05,0.658483,1,0
3.4082,0.146484,1.00114,6.22841e-05,0.658483,1,0
3.42773,0.126953,1.00115,5.3942e-05,0.656532,1,0
3.42773,0.146484,1.00114,6.15373e-05,0.656532,1,0
3.29102,0.166016,1.00117,7.40506e-05,0.67019,1,0
3.29102,0.185547,1.00114,8.10844e-05,0.670191,1,0
3.31055,0.166016,1.00116,7.32604e-05,0.668239,1,0
3.31055,0.185547,1.00113,8.02452e-05,0.66824,1,0
3.29102,0.205078,1.00111,8.74277e-05,0.670191,1,0
3.29102,0.224609,1.00106,9.33343e-05,0.670191,1,0
3.31055,0.205078,1.0011,8.65365e-05,0.66824,1,0
3.31055,0.224609,1.00106,9.23912e-05,0.66824,1,0
3.33008,0.166016,1.00115,7.24609e-05,0.666288,1,0
3.33008,0.185547,1.00113,7.93981e-05,0.666288,1,0
3.34961,0.166016,1.00115,7.16557e-05,0.664337,1,0
3.34961,0.185547,1.00112,7.8546e-05,0.664337,1,0
3.33008,0.205078,1.00109,8.56398e-05,0.666289,1,0
3.33008,0.224609,1.00105,9.14442e-05,0.666289,1,0
3.34961,0.205078,1.00109,8.47396e-05,0.664338,1,0
3.34961,0.224609,1.00105,9.04947e-05,0.664338,1,0
3.29102,0.244141,1.001,9.84292e-05,0.670192,1,0
3.29102,0.263672,1.00091,0.000102817,0.670192,1,0
3.31055,0.244141,1.001,9.74343e-05,0.668241,1,0
3.31055,0.263672,1.00091,0.000101768,0.668241,1,0
3.29102,0.283203,1.00075,0.000106067,0.670192,1,0
3.29102,0.302734,1.00041,0.000108095,0.670193,1,0
3.31055,0.283203,1.00075,0.000104966,0.668241,1,0
3.31055,0.302734,1.00041,0.000106938,0.668242,1,0
3.33008,0.244141,1.00099,9.6437e-05,0.666289,1,0
3.33008,0.263672,1.00091,0.000100718,0.66629,1,0
3.34961,0.244141,1.00099,9.54383e-05,0.664338,1,0
3.34961,0.263672,1.0009,9.96682e-05,0.664338,1,0
3.33008,0.283203,1.00074,0.000103865,0.66629,1,0
3.33008,0.302734,1.00041,0.000105782,0.66629,1,0
3.34961,0.283203,1.00074,0.000102765,0.664339,1,0
3.34961,0.302734,1.00041,0.000104628,0.664339,1,0
3.36914,0.166016,1.00114,7.08486e-05,0.662386,1,0
3.36914,0.185547,1.00111,7.76917e-05,0.662386,1,0
3.38867,0.166016,1.00113,7.00436e-05,0.660435,1,0
3.38867,0.185547,1.00111,7.68382e-05,0.660435,1,0
3.36914,0.205078,1.00108,8.38382e-05,0.662386,1,0
3.36914,0.224609,1.00104,8.95444e-05,0.662387,1,0
3.38867,0.205078,1.00108,8.29379e-05,0.660435,1,0
3.38867,0.224609,1.00104,8.85951e-05,0.660435,1,0
3.4082,0.166016,1.00113,6.92441e-05,0.658483,1,0
3.4082,0.185547,1.0011,7.59883e-05,0.658484,1,0
3.42773,0.166016,1.00112,6.84531e-05,0.656532,1,0
3.42773,0.185547,1.00109,7.51442e-05,0.656532,1,0
3.4082,0.205078,1.00107,8.20408e-05,0.658484,1,0
3.4082,0.224609,1.00103,8.76484e-05,0.658484,1,0
3.42773,0.205078,1.00106,8.11488e-05,0.656533,1,0
3.42773,0.224609,1.00103,8.67056e-05,0.656533,1,0
3.36914,0.244141,1.00099,9.44396e-05,0.662387,1,0
3.36914,0.263672,1.0009,9.86189e-05,0.662387,1,0
3.38867,0.244141,1.00098,9.34423e-05,0.660436,1,0
3.38867,0.263672,1.00089,9.75712e-05,0.660436,1,0
3.36914,0.283203,1.00074,0.000101667,0.662388,1,0
3.36914,0.302734,1.00041,0.000103476,0.662388,1,0
3.38867,0.283203,1.00074,0.00010057,0.660436,1,0
3.38867,0.302734,1.0004,0.000102328,0.660437,1,0
3.4082,0.244141,1.00098,9.24475e-05,0.658484,1,0
3.4082,0.263672,1.00089,9.65262e-05,0.658485,1,0
3.42773,0.244141,1.00097,9.14564e-05,0.656533,1,0
3.42773,0.263672,1.00089,9.54847e-05,0.656533,1,0
3.4082,0.283203,1.00073,9.94764e-05,0.658485,1,0
3.4082,0.302734,1.0004,0.000101182,0.658485,1,0
3.42773,0.283203,1.00073,9.83864e-05,0.656534,1,0
3.42773,0.302734,1.0004,0.000100041,0.656534,1,0
3.13477,0.322266,0.999625,0.00011792,0.685802,1,0
3.13477,0.341797,0.997766,0.000116004,0.685802,1,0
3.1543,0.322266,0.999626,0.000116688,0.683851,1,0
3.1543,0.341797,0.99777,0.000114704,0.683851,1,0
3.13477,0.361328,0.993449,0.000110048,0.685803,1,0
3.13477,0.380859,0.983745,9.91043e-05,0.685803,1,0
3.1543,0.361328,0.993457,0.000108699,0.683852,1,0
3.1543,0.380859,0.98376,9.77282e-05,0.683852,1,0
3.17383,0.322266,0.999627,0.00011546,0.6819,1,0
3.17383,0.341797,0.997774,0.00011341,0.6819,1,0
3.19336,0.322266,0.999627,0.000114236,0.679949,1,0
3.19336,0.341797,0.997778,0.000112121,0.679949,1,0
3.17383,0.361328,0.993466,0.000107356,0.681901,1,0
3.17383,0.380859,0.983774,9.63602e-05,0.681901,1,0
3.19336,0.361328,0.993475,0.000106019,0.67995,1,0
3.19336,0.380859,0.983788,9.50004e-05,0.67995,1,0
3.13477,0.400391,0.962939,8.14474e-05,0.685804,1,0
3.13477,0.419922,0.920717,5.83977e-05,0.685804,1,0
3.1543,0.400391,0.962959,8.01267e-05,0.683853,1,0
3.1543,0.419922,0.920742,5.72448e-05,0.683853,1,0
3.13477,0.439453,0.840014,3.29319e-05,0.685805,1,0
3.13477,0.458984,0.695161,1.31009e-05,0.685805,1,0
3.1543,0.439453,0.840036,3.21164e-05,0.683854,1,0
3.1543,0.458984,0.695176,1.26949e-05,0.683854,1,0
3.17383,0.400391,0.96298,7.88163e-05,0.681902,1,0
3.17383,0.419922,0.920765,5.61041e-05,0.681902,1,0
3.19336,0.400391,0.963,7.75159e-05,0.679951,1,0
3.19336,0.419922,0.920789,5.49753e-05,0.679951,1,0
3.17383,0.439453,0.840059,3.1313e-05,0.681903,1,0
3.17383,0.458984,0.69519,1.22976e-05,0.681903,1,0
3.19336,0.439453,0.84008,3.05214e-05,0.679951,1,0
3.19336,0.458984,0.695205,1.19089e-05,0.679952,1,0
3.21289,0.322266,0.999628,0.000113014,0.677998,1,0
3.21289,0.341797,0.997783,0.000110836,0.677998,1,0
3.23242,0.322266,0.999629,0.000111795,0.676047,1,0
3.23242,0.341797,0.997787,0.000109555,0.676047,1,0
3.21289,0.361328,0.993483,0.000104689,0.677999,1,0
3.21289,0.380859,0.983802,9.36484e-05,0.677999,1,0
3.23242,0.361328,0.993492,0.000103364,0.676048,1,0
3.23242,0.380859,0.983817,9.23041e-05,0.676048,1,0
3.25195,0.322266,0.99963,0.000110578,0.674095,1,0
3.25195,0.341797,0.997791,0.000108278,0.674096,1,0
3.27148,0.322266,0.999632,0.000109364,0.672144,1,0
3.27148,0.341797,0.997795,0.000107006,0.672145,1,0
3.25195,0.361328,0.9935,0.000102044,0.674096,1,0
3.25195,0.380859,0.983831,9.09676e-05,0.674097,1,0
3.27148,0.361328,0.993509,0.000100731,0.672145,1,0
3.27148,0.380859,0.983845,8.96387e-05,0.672146,1,0
3.21289,0.400391,0.96302,7.62253e-05,0.678,1,0
3.21289,0.419922,0.920812,5.38582e-05,0.678,1,0
3.23242,0.400391,0.96304,7.49446e-05,0.676048,1,0
3.23242,0.419922,0.920835,5.27528e-05,0.676049,1,0
3.21289,0.439453,0.840102,2.97415e-05,0.678,1,0
3.21289,0.458984,0.695219,1.15286e-05,0.678001,1,0
3.23242,0.439453,0.840123,2.89733e-05,0.676049,1,0
3.23242,0.458984,0.695232,1.11565e-05,0.676049,1,0
3.25195,0.400391,0.963059,7.36735e-05,0.674097,1,0
3.25195,0.419922,0.920858,5.1659e-05,0.674098,1,0
3.27148,0.400391,0.963079,7.2412e-05,0.672146,1,0
3.27148,0.419922,0.920881,5.05768e-05,0.672147,1,0
3.25195,0.439453,0.840143,2.82167e-05,0.674098,1,0
3.25195,0.458984,0.695245,1.07926e-05,0.674098,1,0
3.27148,0.439453,0.840164,2.74718e-05,0.672147,1,0
3.27148,0.458984,0.695258,1.04367e-05,0.672147,1,0
3.13477,0.478516,0.451387,2.43604e-06,0.685805,1,0
3.13477,0.498047,0.0664052,-4.44716e-07,0.685805,0.6,0
3.1543,0.478516,0.451393,2.37057e-06,0.683854,1,0
3.1543,0.498047,0.066407,-4.18135e-07,0.683854,0.6,0
3.17383,0.478516,0.4514,2.30603e-06,0.681903,1,0
3.17383,0.498047,0.0664088,-3.92678e-07,0.681903,0.6,0
3.19336,0.478516,0.451406,2.24237e-06,0.679952,1,0
3.19336,0.498047,0.0664106,-3.68265e-07,0.679952,0.6,0
3.21289,0.478516,0.451412,2.17957e-06,0.678001,1,0
3.21289,0.498047,0.0664123,-3.44799e-07,0.678001,0.6,0
3.23242,0.478516,0.451417,2.11762e-06,0.676049,1,0
3.23242,0.498047,0.066414,-3.22241e-07,0.67605,0.6,0
3.25195,0.478516,0.451423,2.05654e-06,0.674098,1,0
3.25195,0.498047,0.0664156,-3.00534e-07,0.674098,0.6,0
3.27148,0.478516,0.451428,1.99636e-06,0.672147,1,0
3.27148,0.498047,0.0664172,-2.79671e-07,0.672147,0.6,0
3.29102,0.322266,0.999633,0.000108152,0.670193,1,0
3.29102,0.341797,0.9978,0.000105737,0.670194,1,0
3.31055,0.322266,0.999634,0.000106942,0.668242,1,0
3.31055,0.341797,0.997804,0.000104472,0.668242,1,0
3.29102,0.361328,0.993518,9.94224e-05,0.670194,1,0
3.29102,0.380859,0.983859,8.83173e-05,0.670195,1,0
3.31055,0.361328,0.993527,9.81195e-05,0.668243,1,0
3.31055,0.380859,0.983873,8.70036e-05,0.668243,1,0
3.33008,0.322266,0.999635,0.000105735,0.666291,1,0
3.33008,0.341797,0.997808,0.00010321,0.666291,1,0
3.34961,0.322266,0.999636,0.00010453,0.66434,1,0
3.34961,0.341797,0.997813,0.000101953,0.66434,1,0
3.33008,0.361328,0.993535,9.6822e-05,0.666292,1,0
3.33008,0.380859,0.983887,8.56974e-05,0.666292,1,0
3.34961,0.361328,0.993544,9.553e-05,0.66434,1,0
3.34961,0.380859,0.983901,8.43989e-05,0.664341,1,0
3.29102,0.400391,0.963098,7.116e-05,0.670195,1,0
3.29102,0.419922,0.920903,4.95065e-05,0.670195,1,0
3.31055,0.400391,0.963118,6.99176e-05,0.668244,1,0
3.31055,0.419922,0.920925,4.84482e-05,0.668244,1,0
3.29102,0.439453,0.840183,2.67386e-05,0.670196,1,0
3.29102,0.458984,0.695271,1.00889e-05,0.670196,1,0
3.31055,0.439453,0.840203,2.60174e-05,0.668245,1,0
3.31055,0.458984,0.695283,9.74912e-06,0.668245,1,0
3.33008,0.400391,0.963137,6.86849e-05,0.666293,1,0
3.33008,0.419922,0.920947,4.74021e-05,0.666293,1,0
3.34961,0.400391,0.963156,6.74621e-05,0.664341,1,0
3.34961,0.419922,0.920969,4.63685e-05,0.664342,1,0
3.33008,0.439453,0.840222,2.53082e-05,0.666293,1,0
3.33008,0.458984,0.695295,9.41728e-06,0.666293,1,0
3.34961,0.439453,0.840241,2.4611e-05,0.664342,1,0
3.34961,0.458984,0.695306,9.09342e-06,0.664342,1,0
3.36914,0.322266,0.999638,0.000103329,0.662388,1,0
3.36914,0.341797,0.997817,0.000100701,0.662389,1,0
3.38867,0.322266,0.999639,0.000102131,0.660437,1,0
3.38867,0.341797,0.997822,9.94526e-05,0.660438,1,0
3.36914,0.361328,0.993553,9.42439e-05,0.662389,1,0
3.36914,0.380859,0.983915,8.31083e-05,0.66239,1,0
3.38867,0.361328,0.993562,9.29637e-05,0.660438,1,0
3.38867,0.380859,0.983929,8.18258e-05,0.660438,1,0
3.4082,0.322266,0.999641,0.000100937,0.658486,1,0
3.4082,0.341797,0.997827,9.82097e-05,0.658486,1,0
3.42773,0.322266,0.999642,9.97473e-05,0.656535,1,0
3.42773,0.341797,0.997831,9.69724e-05,0.656535,1,0
3.4082,0.361328,0.99357,9.169e-05,0.658487,1,0
3.4082,0.380859,0.983943,8.05519e-05,0.658487,1,0
3.42773,0.361328,0.993579,9.04231e-05,0.656535,1,0
3.42773,0.380859,0.983957,7.92869e-05,0.656536,1,0
3.36914,0.400391,0.963175,6.62494e-05,0.66239,1,0
3.36914,0.419922,0.92099,4.53477e-05,0.66239,1,0
3.38867,0.400391,0.963194,6.50474e-05,0.660439,1,0
3.38867,0.419922,0.921011,4.43397e-05,0.660439,1,0
3.36914,0.439453,0.84026,2.3926e-05,0.662391,1,0
3.36914,0.458984,0.695318,8.77746e-06,0.662391,1,0
3.38867,0.439453,0.840278,2.32533e-05,0.660439,1,0
3.38867,0.458984,0.695328,8.4694e-06,0.66044,1,0
3.4082,0.400391,0.963213,6.38564e-05,0.658487,1,0
3.4082,0.419922,0.921032,4.33449e-05,0.658488,1,0
3.42773,0.400391,0.963231,6.26767e-05,0.656536,1,0
3.42773,0.419922,0.921052,4.23631e-05,0.656537,1,0
3.4082,0.439453,0.840295,2.25928e-05,0.658488,1,0
3.4082,0.458984,0.695339,8.16915e-06,0.658488,1,0
3.42773,0.439453,0.840313,2.19446e-05,0.656537,1,0
3.42773,0.458984,0.695349,7.87667e-06,0.656537,1,0
3.29102,0.478516,0.451434,1.93712e-06,0.670196,1,0
3.29102,0.498047,0.0664188,-2.59619e-07,0.670196,0.6,0
3.31055,0.478516,0.451439,1.87887e-06,0.668245,1,0
3.31055,0.498047,0.0664203,-2.40384e-07,0.668245,0.6,0
3.33008,0.478516,0.451443,1.82166e-06,0.666294,1,0
3.33008,0.498047,0.0664218,-2.21941e-07,0.666294,0.6,0
3.34961,0.478516,0.451448,1.76554e-06,0.664342,1,0
3.34961,0.498047,0.0664232,-2.04306e-07,0.664342,0.6,0
3.36914,0.478516,0.451453,1.71057e-06,0.662391,1,0
3.36914,0.498047,0.0664246,-1.87464e-07,0.662391,0.6,0
3.38867,0.478516,0.451457,1.65675e-06,0.66044,1,0
3.38867,0.498047,0.066426,-1.71438e-07,0.66044,0.6,0
3.4082,0.478516,0.451461,1.60415e-06,0.658488,1,0
3.4082,0.498047,0.0664274,-1.56212e-07,0.658488,0.6,0
3.42773,0.478516,0.451465,1.55276e-06,0.656537,1,0
3.42773,0.498047,0.0664287,-1.41803e-07,0.656537,0.6,0
3.44727,0.00976562,1.00098,4.92849e-06,0.654579,1,0
3.44727,0.0292969,1.00107,1.22313e-05,0.654579,1,0
3.4668,0.00976562,1.00097,4.73993e-06,0.652628,1,0
3.4668,0.0292969,1.00106,1.19351e-05,0.652628,1,0
3.44727,0.0488281,1.00113,2.0395e-05,0.65458,1,0
3.44727,0.0683594,1.00116,2.92531e-05,0.65458,1,0
3.4668,0.0488281,1.00112,2.00227e-05,0.652628,1,0
3.4668,0.0683594,1.00115,2.87752e-05,0.652629,1,0
3.48633,0.00976562,1.00097,4.64176e-06,0.650677,1,0
3.48633,0.0292969,1.00106,1.17475e-05,0.650677,1,0
3.50586,0.00976562,1.00096,4.63123e-06,0.648726,1,0
3.50586,0.0292969,1.00105,1.16623e-05,0.648726,1,0
3.48633,0.0488281,1.00111,1.97084e-05,0.650677,1,0
3.48633,0.0683594,1.00114,2.83541e-05,0.650677,1,0
3.50586,0.0488281,1.00111,1.94486e-05,0.648726,1,0
3.50586,0.0683594,1.00113,2.79871e-05,0.648726,1,0
3.44727,0.0878906,1.00116,3.74162e-05,0.65458,1,0
3.44727,0.107422,1.00116,4.57138e-05,0.65458,1,0
3.4668,0.0878906,1.00115,3.68968e-05,0.652629,1,0
3.4668,0.107422,1.00115,4.51103e-05,0.652629,1,0
3.44727,0.126953,1.00115,5.32725e-05,0.65458,1,0
3.44727,0.146484,1.00113,6.08039e-05,0.654581,1,0
3.4668,0.126953,1.00114,5.26235e-05,0.652629,1,0
3.4668,0.146484,1.00112,6.00861e-05,0.652629,1,0
3.48633,0.0878906,1.00115,3.64123e-05,0.650677,1,0
3.48633,0.107422,1.00114,4.45367e-05,0.650678,1,0
3.50586,0.0878906,1.00114,3.59599e-05,0.648726,1,0
3.50586,0.107422,1.00113,4.39913e-05,0.648726,1,0
3.48633,0.126953,1.00113,5.19953e-05,0.650678,1,0
3.48633,0.146484,1.00112,5.93845e-05,0.650678,1,0
3.50586,0.126953,1.00112,5.13861e-05,0.648726,1,0
3.50586,0.146484,1.00111,5.86981e-05,0.648727,1,0
3.52539,0.00976562,1.00096,4.69745e-06,0.646775,1,0
3.52539,0.0292969,1.00104,1.16634e-05,0.646775,1,0
3.54492,0.00976562,1.00095,4.82181e-06,0.644824,1,0
3.54492,0.0292969,1.00103,1.17261e-05,0.644823,1,0
3.52539,0.0488281,1.0011,1.9235e-05,0.646775,1,0
3.52539,0.0683594,1.00112,2.76663e-05,0.646775,1,0
3.54492,0.0488281,1.00109,1.90544e-05,0.644823,1,0
3.54492,0.0683594,1.00112,2.73798e-05,0.644823,1,0
3.56445,0.00976562,1.00095,4.97922e-06,0.642872,1,0
3.56445,0.0292969,1.00103,1.18186e-05,0.642872,1,0
3.58398,0.00976562,1.00094,5.1402e-06,0.640921,1,0
3.58398,0.0292969,1.00102,1.19051e-05,0.640921,1,0
3.56445,0.0488281,1.00108,1.88905e-05,0.642872,1,0
3.56445,0.0683594,1.00111,2.71116e-05,0.642872,1,0
3.58398,0.0488281,1.00107,1.87245e-05,0.640921,1,0
3.58398,0.0683594,1.0011,2.68441e-05,0.640921,1,0
3.52539,0.0878906,1.00113,3.55337e-05,0.646775,1,0
3.52539,0.107422,1.00113,4.34703e-05,0.646775,1,0
3.54492,0.0878906,1.00112,3.51254e-05,0.644824,1,0
3.54492,0.107422,1.00112,4.29673e-05,0.644824,1,0
3.52539,0.126953,1.00112,5.07924e-05,0.646775,1,0
3.52539,0.146484,1.0011,5.80249e-05,0.646775,1,0
3.54492,0.126953,1.00111,5.02095e-05,0.644824,1,0
3.54492,0.146484,1.0011,5.73614e-05,0.644824,1,0
3.56445,0.0878906,1.00111,3.47249e-05,0.642872,1,0
3.56445,0.107422,1.00111,4.24742e-05,0.642872,1,0
3.58398,0.0878906,1.00111,3.43211e-05,0.640921,1,0
3.58398,0.107422,1.0011,4.1982e-05,0.640921,1,0
3.56445,0.126953,1.0011,4.96315e-05,0.642872,1,0
3.56445,0.146484,1.00109,5.67034e-05,0.642873,1,0
3.58398,0.126953,1.00109,4.90519e-05,0.640921,1,0
3.58398,0.146484,1.00108,5.60463e-05,0.640921,1,0
3.44727,0.166016,1.00111,6.76728e-05,0.654581,1,0
3.44727,0.185547,1.00109,7.43079e-05,0.654581,1,0
3.4668,0.166016,1.0011,6.69045e-05,0.652629,1,0
3.4668,0.185547,1.00108,7.34804e-05,0.65263,1,0
3.44727,0.205078,1.00106,8.02632e-05,0.654581,1,0
3.44727,0.224609,1.00102,8.57679e-05,0.654582,1,0
3.4668,0.205078,1.00105,7.93848e-05,0.65263,1,0
3.4668,0.224609,1.00102,8.48358e-05,0.65263,1,0
3.48633,0.166016,1.0011,6.61484e-05,0.650678,1,0
3.48633,0.185547,1.00108,7.26622e-05,0.650678,1,0
3.50586,0.166016,1.00109,6.54036e-05,0.648727,1,0
3.50586,0.185547,1.00107,7.18527e-05,0.648727,1,0
3.48633,0.205078,1.00105,7.85139e-05,0.650679,1,0
3.48633,0.224609,1.00101,8.39098e-05,0.650679,1,0
3.50586,0.205078,1.00104,7.76501e-05,0.648727,1,0
3.50586,0.224609,1.00101,8.29895e-05,0.648728,1,0
3.44727,0.244141,1.00097,9.04698e-05,0.654582,1,0
3.44727,0.263672,1.00088,9.44474e-05,0.654582,1,0
3.4668,0.244141,1.00096,8.94884e-05,0.652631,1,0
3.4668,0.263672,1.00088,9.34148e-05,0.652631,1,0
3.44727,0.283203,1.00073,9.73007e-05,0.654583,1,0
3.44727,0.302734,1.0004,9.89038e-05,0.654583,1,0
3.4668,0.283203,1.00073,9.62197e-05,0.652631,1,0
3.4668,0.302734,1.0004,9.77719e-05,0.652632,1,0
3.48633,0.244141,1.00096,8.85122e-05,0.650679,1,0
3.48633,0.263672,1.00088,9.2387e-05,0.65068,1,0
3.50586,0.244141,1.00095,8.75412e-05,0.648728,1,0
3.50586,0.263672,1.00087,9.13641e-05,0.648728,1,0
3.48633,0.283203,1.00073,9.51436e-05,0.65068,1,0
3.48633,0.302734,1.0004,9.66453e-05,0.65068,1,0
3.50586,0.283203,1.00072,9.40725e-05,0.648728,1,0
3.50586,0.302734,1.0004,9.55241e-05,0.648729,1,0
3.52539,0.166016,1.00109,6.46683e-05,0.646776,1,0
3.52539,0.185547,1.00106,7.10509e-05,0.646776,1,0
3.54492,0.166016,1.00108,6.39399e-05,0.644824,1,0
3.54492,0.185547,1.00106,7.02549e-05,0.644824,1,0
3.52539,0.205078,1.00104,7.67925e-05,0.646776,1,0
3.52539,0.224609,1.001,8.20745e-05,0.646776,1,0
3.54492,0.205078,1.00103,7.59396e-05,0.644825,1,0
3.54492,0.224609,1.001,8.11636e-05,0.644825,1,0
3.56445,0.166016,1.00107,6.32149e-05,0.642873,1,0
3.56445,0.185547,1.00105,6.94624e-05,0.642873,1,0
3.58398,0.166016,1.00107,6.249e-05,0.640921,1,0
3.58398,0.185547,1.00105,6.8671e-05,0.640922,1,0
3.56445,0.205078,1.00103,7.50896e-05,0.642873,1,0
3.56445,0.224609,1.00099,8.02557e-05,0.642873,1,0
3.58398,0.205078,1.00102,7.42407e-05,0.640922,1,0
3.58398,0.224609,1.00099,7.93495e-05,0.640922,1,0
3.52539,0.244141,1.00095,8.6575e-05,0.646776,1,0
3.52539,0.263672,1.00087,9.03458e-05,0.646777,1,0
3.54492,0.244141,1.00095,8.56128e-05,0.644825,1,0
3.54492,0.263672,1.00087,8.93315e-05,0.644825,1,0
3.52539,0.283203,1.00072,9.30061e-05,0.646777,1,0
3.52539,0.302734,1.0004,9.4408e-05,0.646777,1,0
3.54492,0.283203,1.00072,9.19441e-05,0.644826,1,0
3.54492,0.302734,1.0004,9.32968e-05,0.644826,1,0
3.56445,0.244141,1.00094,8.46537e-05,0.642874,1,0
3.56445,0.263672,1.00086,8.83207e-05,0.642874,1,0
3.58398,0.244141,1.00094,8.36966e-05,0.640922,1,0
3.58398,0.263672,1.00086,8.73123e-05,0.640923,1,0
3.56445,0.283203,1.00072,9.0886e-05,0.642874,1,0
3.56445,0.302734,1.0004,9.21901e-05,0.642875,1,0
3.58398,0.283203,1.00072,8.9831e-05,0.640923,1,0
3.58398,0.302734,1.0004,9.10873e-05,0.640923,1,0
3.60352,0.00976562,1.00094,5.27361e-06,0.638969,1,0
3.60352,0.0292969,1.00101,1.19489e-05,0.638969,1,0
3.62305,0.00976562,1.00093,5.34984e-06,0.637018,1,0
3.62305,0.0292969,1.00101,1.19161e-05,0.637018,1,0
3.60352,0.0488281,1.00107,1.85378e-05,0.638969,1,0
3.60352,0.0683594,1.00109,2.6559e-05,0.638969,1,0
3.62305,0.0488281,1.00106,1.83131e-05,0.637018,1,0
3.62305,0.0683594,1.00108,2.62394e-05,0.637018,1,0
3.64258,0.00976562,1.00093,5.34411e-06,0.635066,1,0
3.64258,0.0292969,1.001,1.17802e-05,0.635066,1,0
3.66211,0.00976562,1.00092,5.23953e-06,0.633115,1,0
3.66211,0.0292969,1.001,1.15245e-05,0.633115,1,0
3.64258,0.0488281,1.00105,1.80373e-05,0.635066,1,0
3.64258,0.0683594,1.00108,2.5872e-05,0.635066,1,0
3.66211,0.0488281,1.00104,1.77024e-05,0.633115,1,0
3.66211,0.0683594,1.00107,2.54486e-05,0.633115,1,0
3.60352,0.0878906,1.0011,3.39033e-05,0.638969,1,0
3.60352,0.107422,1.0011,4.14815e-05,0.638969,1,0
3.62305,0.0878906,1.00109,3.34621e-05,0.637018,1,0
3.62305,0.107422,1.00109,4.09643e-05,0.637018,1,0
3.60352,0.126953,1.00109,4.84648e-05,0.63897,1,0
3.60352,0.146484,1.00107,5.53852e-05,0.63897,1,0
3.62305,0.126953,1.00108,4.78649e-05,0.637018,1,0
3.62305,0.146484,1.00107,5.4716e-05,0.637018,1,0
3.64258,0.0878906,1.00108,3.29908e-05,0.635066,1,0
3.64258,0.107422,1.00108,4.04241e-05,0.635067,1,0
3.66211,0.0878906,1.00108,3.24859e-05,0.633115,1,0
3.66211,0.107422,1.00107,3.98571e-05,0.633115,1,0
3.64258,0.126953,1.00107,4.72485e-05,0.635067,1,0
3.64258,0.146484,1.00106,5.40356e-05,0.635067,1,0
3.66211,0.126953,1.00107,4.66138e-05,0.633115,1,0
3.66211,0.146484,1.00106,5.33422e-05,0.633115,1,0
3.68164,0.00976562,1.00092,5.02966e-06,0.631163,1,0
3.68164,0.0292969,1.00099,1.11457e-05,0.631163,1,0
3.70117,0.00976562,1.00091,4.72014e-06,0.629211,1,0
3.70117,0.0292969,1.00098,1.0655e-05,0.629211,1,0
3.68164,0.0488281,1.00104,1.73073e-05,0.631163,1,0
3.68164,0.0683594,1.00106,2.49672e-05,0.631163,1,0
3.70117,0.0488281,1.00103,1.68583e-05,0.629212,1,0
3.70117,0.0683594,1.00105,2.44331e-05,0.629212,1,0
3.7207,0.00976562,1.00091,4.32906e-06,0.62726,1,0
3.7207,0.0292969,1.00098,1.00779e-05,0.62726,1,0
3.74023,0.00976562,1.00091,3.88605e-06,0.625308,1,0
3.74023,0.0292969,1.00097,9.45309e-06,0.625308,1,0
3.7207,0.0488281,1.00102,1.6369e-05,0.62726,1,0
3.7207,0.0683594,1.00105,2.38587e-05,0.62726,1,0
3.74023,0.0488281,1.00102,1.58593e-05,0.625309,1,0
3.74023,0.0683594,1.00104,2.32622e-05,0.625309,1,0
3.68164,0.0878906,1.00107,3.19482e-05,0.631163,1,0
3.68164,0.107422,1.00107,3.92626e-05,0.631164,1,0
3.70117,0.0878906,1.00106,3.13825e-05,0.629212,1,0
3.70117,0.107422,1.00106,3.86435e-05,0.629212,1,0
3.68164,0.126953,1.00106,4.59615e-05,0.631164,1,0
3.68164,0.146484,1.00105,5.26357e-05,0.631164,1,0
3.70117,0.126953,1.00105,4.52944e-05,0.629212,1,0
3.70117,0.146484,1.00104,5.19176e-05,0.629212,1,0
3.7207,0.0878906,1.00105,3.0798e-05,0.62726,1,0
3.7207,0.107422,1.00105,3.80063e-05,0.627261,1,0
3.74023,0.0878906,1.00105,3.02068e-05,0.625309,1,0
3.74023,0.107422,1.00105,3.73602e-05,0.625309,1,0
3.7207,0.126953,1.00105,4.46177e-05,0.627261,1,0
3.7207,0.146484,1.00104,5.11914e-05,0.627261,1,0
3.74023,0.126953,1.00104,4.39383e-05,0.625309,1,0
3.74023,0.146484,1.00103,5.04617e-05,0.625309,1,0
3.60352,0.166016,1.00106,6.17618e-05,0.63897,1,0
3.60352,0.185547,1.00104,6.78781e-05,0.63897,1,0
3.62305,0.166016,1.00105,6.10273e-05,0.637019,1,0
3.62305,0.185547,1.00103,6.70816e-05,0.637019,1,0
3.60352,0.205078,1.00101,7.33911e-05,0.63897,1,0
3.60352,0.224609,1.00098,7.84435e-05,0.638971,1,0
3.62305,0.205078,1.00101,7.2539e-05,0.637019,1,0
3.62305,0.224609,1.00098,7.75366e-05,0.637019,1,0
3.64258,0.166016,1.00105,6.02845e-05,0.635067,1,0
3.64258,0.185547,1.00103,6.62799e-05,0.635067,1,0
3.66211,0.166016,1.00104,5.95323e-05,0.633116,1,0
3.66211,0.185547,1.00102,6.5472e-05,0.633116,1,0
3.64258,0.205078,1.001,7.16832e-05,0.635067,1,0
3.64258,0.224609,1.00097,7.66277e-05,0.635068,1,0
3.66211,0.205078,1.001,7.08232e-05,0.633116,1,0
3.66211,0.224609,1.00097,7.57164e-05,0.633116,1,0
3.60352,0.244141,1.00093,8.27404e-05,0.638971,1,0
3.60352,0.263672,1.00086,8.63058e-05,0.638971,1,0
3.62305,0.244141,1.00093,8.17842e-05,0.637019,1,0
3.62305,0.263672,1.00086,8.53002e-05,0.63702,1,0
3.60352,0.283203,1.00071,8.87784e-05,0.638971,1,0
3.60352,0.302734,1.0004,8.99877e-05,0.638972,1,0
3.62305,0.283203,1.00071,8.77277e-05,0.63702,1,0
3.62305,0.302734,1.0004,8.88907e-05,0.63702,1,0
3.64258,0.244141,1.00093,8.08272e-05,0.635068,1,0
3.64258,0.263672,1.00085,8.42948e-05,0.635068,1,0
3.66211,0.244141,1.00092,7.98689e-05,0.633116,1,0
3.66211,0.263672,1.00085,8.32893e-05,0.633117,1,0
3.64258,0.283203,1.00071,8.6678e-05,0.635068,1,0
3.64258,0.302734,1.0004,8.77957e-05,0.635069,1,0
3.66211,0.283203,1.00071,8.5629e-05,0.633117,1,0
3.66211,0.302734,1.0004,8.67023e-05,0.633117,1,0
3.68164,0.166016,1.00103,5.87711e-05,0.631164,1,0
3.68164,0.185547,1.00102,6.46579e-05,0.631164,1,0
3.70117,0.166016,1.00103,5.80023e-05,0.629213,1,0
3.70117,0.185547,1.00101,6.38384e-05,0.629213,1,0
3.68164,0.205078,1.00099,6.99589e-05,0.631164,1,0
3.68164,0.224609,1.00096,7.48025e-05,0.631165,1,0
3.70117,0.205078,1.00099,6.9091e-05,0.629213,1,0
3.70117,0.224609,1.00096,7.38864e-05,0.629213,1,0
3.7207,0.166016,1.00102,5.72286e-05,0.627261,1,0
3.7207,0.185547,1.00101,6.30153e-05,0.627261,1,0
3.74023,0.166016,1.00102,5.64534e-05,0.62531,1,0
3.74023,0.185547,1.001,6.21907e-05,0.62531,1,0
3.7207,0.205078,1.00098,6.82206e-05,0.627261,1,0
3.7207,0.224609,1.00095,7.29687e-05,0.627262,1,0
3.74023,0.205078,1.00098,6.73496e-05,0.62531,1,0
3.74023,0.224609,1.00095,7.20505e-05,0.62531,1,0
3.68164,0.244141,1.00092,7.89091e-05,0.631165,1,0
3.68164,0.263672,1.00085,8.22834e-05,0.631165,1,0
3.70117,0.244141,1.00092,7.79479e-05,0.629213,1,0
3.70117,0.263672,1.00084,8.1277e-05,0.629214,1,0
3.68164,0.283203,1.00071,8.45804e-05,0.631165,1,0
3.68164,0.302734,1.0004,8.56101e-05,0.631166,1,0
3.70117,0.283203,1.0007,8.3532e-05,0.629214,1,0
3.70117,0.302734,1.0004,8.4519e-05,0.629214,1,0
3.7207,0.244141,1.00091,7.69859e-05,0.627262,1,0
3.7207,0.263672,1.00084,8.02704e-05,0.627262,1,0
3.74023,0.244141,1.00091,7.60237e-05,0.62531,1,0
3.74023,0.263672,1.00084,7.92641e-05,0.625311,1,0
3.7207,0.283203,1.0007,8.24841e-05,0.627262,1,0
3.7207,0.302734,1.0004,8.34291e-05,0.627263,1,0
3.74023,0.283203,1.0007,8.14367e-05,0.625311,1,0
3.74023,0.302734,1.0004,8.23403e-05,0.625311,1,0
3.44727,0.322266,0.999644,9.8563e-05,0.654583,1,0
3.44727,0.341797,0.997836,9.57411e-05,0.654584,1,0
3.4668,0.322266,0.999645,9.73843e-05,0.652632,1,0
3.4668,0.341797,0.997841,9.45162e-05,0.652632,1,0
3.44727,0.361328,0.993588,8.91635e-05,0.654584,1,0
3.44727,0.380859,0.983971,7.80312e-05,0.654584,1,0
3.4668,0.361328,0.993597,8.79116e-05,0.652633,1,0
3.4668,0.380859,0.983985,7.67853e-05,0.652633,1,0
3.48633,0.322266,0.999647,9.62113e-05,0.650681,1,0
3.48633,0.341797,0.997845,9.32981e-05,0.650681,1,0
3.50586,0.322266,0.999649,9.50443e-05,0.648729,1,0
3.50586,0.341797,0.99785,9.20868e-05,0.64873,1,0
3.48633,0.361328,0.993606,8.66678e-05,0.650681,1,0
3.48633,0.380859,0.983998,7.55492e-05,0.650682,1,0
3.50586,0.361328,0.993615,8.5432e-05,0.64873,1,0
3.50586,0.380859,0.984012,7.4323e-05,0.64873,1,0
3.44727,0.400391,0.96325,6.15086e-05,0.654585,1,0
3.44727,0.419922,0.921072,4.13946e-05,0.654585,1,0
3.4668,0.400391,0.963268,6.03524e-05,0.652633,1,0
3.4668,0.419922,0.921092,4.04392e-05,0.652634,1,0
3.44727,0.439453,0.84033,2.13087e-05,0.654585,1,0
3.44727,0.458984,0.695359,7.59183e-06,0.654586,1,0
3.4668,0.439453,0.840347,2.0685e-05,0.652634,1,0
3.4668,0.458984,0.695369,7.31454e-06,0.652634,1,0
3.48633,0.400391,0.963286,5.92079e-05,0.650682,1,0
3.48633,0.419922,0.921112,3.94969e-05,0.650682,1,0
3.50586,0.400391,0.963304,5.80752e-05,0.648731,1,0
3.50586,0.419922,0.921131,3.85675e-05,0.648731,1,0
3.48633,0.439453,0.840363,2.00734e-05,0.650683,1,0
3.48633,0.458984,0.695379,7.04464e-06,0.650683,1,0
3.50586,0.439453,0.840379,1.94736e-05,0.648731,1,0
3.50586,0.458984,0.695388,6.78201e-06,0.648731,1,0
3.52539,0.322266,0.999651,9.38831e-05,0.646778,1,0
3.52539,0.341797,0.997855,9.08823e-05,0.646778,1,0
3.54492,0.322266,0.999652,9.27275e-05,0.644826,1,0
3.54492,0.341797,0.99786,8.96844e-05,0.644827,1,0
3.52539,0.361328,0.993624,8.42042e-05,0.646779,1,0
3.52539,0.380859,0.984026,7.31065e-05,0.646779,1,0
3.54492,0.361328,0.993633,8.29842e-05,0.644827,1,0
3.54492,0.380859,0.984039,7.18994e-05,0.644827,1,0
3.56445,0.322266,0.999654,9.1577e-05,0.642875,1,0
3.56445,0.341797,0.997865,8.84927e-05,0.642875,1,0
3.58398,0.322266,0.999656,9.04312e-05,0.640924,1,0
3.58398,0.341797,0.99787,8.73065e-05,0.640924,1,0
3.56445,0.361328,0.993642,8.17715e-05,0.642876,1,0
3.56445,0.380859,0.984053,7.07013e-05,0.642876,1,0
3.58398,0.361328,0.99365,8.05657e-05,0.640924,1,0
3.58398,0.380859,0.984066,6.95118e-05,0.640925,1,0
3.52539,0.400391,0.963322,5.69538e-05,0.646779,1,0
3.52539,0.419922,0.92115,3.76509e-05,0.64678,1,0
3.54492,0.400391,0.963339,5.58435e-05,0.644828,1,0
3.54492,0.419922,0.921169,3.67468e-05,0.644828,1,0
3.52539,0.439453,0.840395,1.88857e-05,0.64678,1,0
3.52539,0.458984,0.695397,6.52646e-06,0.64678,1,0
3.54492,0.439453,0.84041,1.83092e-05,0.644828,1,0
3.54492,0.458984,0.695405,6.27786e-06,0.644829,1,0
3.56445,0.400391,0.963357,5.47441e-05,0.642876,1,0
3.56445,0.419922,0.921188,3.58551e-05,0.642877,1,0
3.58398,0.400391,0.963374,5.36552e-05,0.640925,1,0
3.58398,0.419922,0.921206,3.49755e-05,0.640925,1,0
3.56445,0.439453,0.840425,1.77441e-05,0.642877,1,0
3.56445,0.458984,0.695414,6.03601e-06,0.642877,1,0
3.58398,0.439453,0.84044,1.71901e-05,0.640925,1,0
3.58398,0.458984,0.695422,5.80079e-06,0.640926,1,0
3.44727,0.478516,0.451469,1.50262e-06,0.654586,1,0
3.44727,0.498047,0.0664299,-1.28187e-07,0.654586,0.6,0
3.4668,0.478516,0.451473,1.45371e-06,0.652634,1,0
3.4668,0.498047,0.0664312,-1.15373e-07,0.652634,0.6,0
3.48633,0.478516,0.451477,1.40605e-06,0.650683,1,0
3.48633,0.498047,0.0664324,-1.0334e-07,0.650683,0.6,0
3.50586,0.478516,0.45148,1.3596e-06,0.648731,1,0
3.50586,0.498047,0.0664335,-9.21026e-08,0.648731,0.6,0
3.52539,0.478516,0.451483,1.31436e-06,0.64678,1,0
3.52539,0.498047,0.0664347,-8.16409e-08,0.64678,0.6,0
3.54492,0.478516,0.451487,1.27029e-06,0.644829,1,0
3.54492,0.498047,0.0664358,-7.19641e-08,0.644829,0.6,0
3.56445,0.478516,0.45149,1.22739e-06,0.642877,1,0
3.56445,0.498047,0.0664368,-6.30385e-08,0.642877,0.6,0
3.58398,0.478516,0.451493,1.18563e-06,0.640926,1,0
3.58398,0.498047,0.0664379,-5.48564e-08,0.640926,0.6,0
3.60352,0.322266,0.999658,8.92895e-05,0.638972,1,0
3.60352,0.341797,0.997875,8.61255e-05,0.638972,1,0
3.62305,0.322266,0.99966,8.81512e-05,0.637021,1,0
3.62305,0.341797,0.99788,8.4949e-05,0.637021,1,0
3.60352,0.361328,0.993659,7.93662e-05,0.638973,1,0
3.60352,0.380859,0.98408,6.83304e-05,0.638973,1,0
3.62305,0.361328,0.993668,7.81726e-05,0.637021,1,0
3.62305,0.380859,0.984093,6.71569e-05,0.637022,1,0
3.64258,0.322266,0.999662,8.70158e-05,0.635069,1,0
3.64258,0.341797,0.997884,8.37765e-05,0.635069,1,0
3.66211,0.322266,0.999664,8.58828e-05,0.633118,1,0
3.66211,0.341797,0.99789,8.26076e-05,0.633118,1,0
3.64258,0.361328,0.993677,7.69844e-05,0.63507,1,0
3.64258,0.380859,0.984106,6.59911e-05,0.63507,1,0
3.66211,0.361328,0.993686,7.58015e-05,0.633118,1,0
3.66211,0.380859,0.98412,6.48326e-05,0.633119,1,0
3.60352,0.400391,0.963391,5.25766e-05,0.638973,1,0
3.60352,0.419922,0.921224,3.41079e-05,0.638974,1,0
3.62305,0.400391,0.963409,5.15081e-05,0.637022,1,0
3.62305,0.419922,0.921242,3.3252e-05,0.637022,1,0
3.60352,0.439453,0.840455,1.66471e-05,0.638974,1,0
3.60352,0.458984,0.695429,5.57203e-06,0.638974,1,0
3.62305,0.439453,0.840469,1.61148e-05,0.637022,1,0
3.62305,0.458984,0.695437,5.34963e-06,0.637023,1,0
3.64258,0.400391,0.963425,5.04494e-05,0.63507,1,0
3.64258,0.419922,0.92126,3.24077e-05,0.635071,1,0
3.66211,0.400391,0.963442,4.94004e-05,0.633119,1,0
3.66211,0.419922,0.921277,3.15748e-05,0.633119,1,0
3.64258,0.439453,0.840483,1.5593e-05,0.635071,1,0
3.64258,0.458984,0.695444,5.13343e-06,0.635071,1,0
3.66211,0.439453,0.840496,1.50816e-05,0.633119,1,0
3.66211,0.458984,0.695452,4.92334e-06,0.633119,1,0
3.68164,0.322266,0.999666,8.4752e-05,0.631166,1,0
3.68164,0.341797,0.997895,8.14421e-05,0.631166,1,0
3.70117,0.322266,0.999668,8.36231e-05,0.629215,1,0
3.70117,0.341797,0.9979,8.02799e-05,0.629215,1,0
3.68164,0.361328,0.993695,7.46235e-05,0.631167,1,0
3.68164,0.380859,0.984133,6.36813e-05,0.631167,1,0
3.70117,0.361328,0.993704,7.34504e-05,0.629215,1,0
3.70117,0.380859,0.984146,6.25371e-05,0.629215,1,0
3.7207,0.322266,0.99967,8.24961e-05,0.627263,1,0
3.7207,0.341797,0.997905,7.91208e-05,0.627263,1,0
3.74023,0.322266,0.999672,8.13712e-05,0.625311,1,0
3.74023,0.341797,0.99791,7.7965e-05,0.625312,1,0
3.7207,0.361328,0.993713,7.22821e-05,0.627264,1,0
3.7207,0.380859,0.984159,6.14e-05,0.627264,1,0
3.74023,0.361328,0.993722,7.11185e-05,0.625312,1,0
3.74023,0.380859,0.984172,6.02698e-05,0.625312,1,0
3.68164,0.400391,0.963459,4.8361e-05,0.631167,1,0
3.68164,0.419922,0.921294,3.07532e-05,0.631168,1,0
3.70117,0.400391,0.963475,4.7331e-05,0.629216,1,0
3.70117,0.419922,0.921311,2.99427e-05,0.629216,1,0
3.68164,0.439453,0.840509,1.45804e-05,0.631168,1,0
3.68164,0.458984,0.695458,4.71921e-06,0.631168,1,0
3.70117,0.439453,0.840522,1.40893e-05,0.629216,1,0
3.70117,0.458984,0.695465,4.52095e-06,0.629216,1,0
3.7207,0.400391,0.963491,4.63102e-05,0.627264,1,0
3.7207,0.419922,0.921327,2.91433e-05,0.627264,1,0
3.74023,0.400391,0.963507,4.52987e-05,0.625313,1,0
3.74023,0.419922,0.921343,2.83548e-05,0.625313,1,0
3.7207,0.439453,0.840535,1.36081e-05,0.627265,1,0
3.7207,0.458984,0.695472,4.32841e-06,0.627265,1,0
3.74023,0.439453,0.840547,1.31366e-05,0.625313,1,0
3.74023,0.458984,0.695478,4.14151e-06,0.625313,1,0
3.60352,0.478516,0.451495,1.14498e-06,0.638974,1,0
3.60352,0.498047,0.0664389,-4.73723e-08,0.638974,0.6,0
3.62305,0.478516,0.451498,1.10543e-06,0.637023,1,0
3.62305,0.498047,0.0664399,-4.05707e-08,0.637023,0.6,0
3.64258,0.478516,0.451501,1.06697e-06,0.635071,1,0
3.64258,0.498047,0.0664408,-3.44032e-08,0.635071,0.6,0
3.66211,0.478516,0.451503,1.02955e-06,0.633119,1,0
3.66211,0.498047,0.0664417,-2.88564e-08,0.633119,0.6,0
3.68164,0.478516,0.451506,9.93168e-07,0.631168,1,0
3.68164,0.498047,0.0664426,-2.38859e-08,0.631168,0.6,0
3.70117,0.478516,0.451508,9.57768e-07,0.629216,1,0
3.70117,0.498047,0.0664435,-1.94727e-08,0.629216,0.6,0
3.7207,0.478516,0.45151,9.23325e-07,0.627265,1,0
3.7207,0.498047,0.0664443,-1.55601e-08,0.627265,0.6,0
3.74023,0.478516,0.451512,8.89792e-07,0.625313,1,0
3.74023,0.498047,0.0664451,-1.21228e-08,0.625313,0.6,0
3.75977,0.00976562,1.0009,3.42991e-06,0.623357,1,0
3.75977,0.0292969,1.00096,8.82847e-06,0.623357,1,0
3.7793,0.00976562,1.0009,3.00486e-06,0.621405,1,0
3.7793,0.0292969,1.00096,8.25686e-06,0.621405,1,0
3.75977,0.0488281,1.00101,1.53537e-05,0.623357,1,0
3.75977,0.0683594,1.00103,2.26669e-05,0.623357,1,0
3.7793,0.0488281,1.001,1.48787e-05,0.621406,1,0
3.7793,0.0683594,1.00103,2.20977e-05,0.621406,1,0
3.79883,0.00976562,1.00089,2.65581e-06,0.619454,1,0
3.79883,0.0292969,1.00095,7.78995e-06,0.619454,1,0
3.81836,0.00976562,1.00089,2.42301e-06,0.617502,1,0
3.81836,0.0292969,1.00095,7.47191e-06,0.617503,1,0
3.79883,0.0488281,1.001,1.44596e-05,0.619454,1,0
3.79883,0.0683594,1.00102,2.15793e-05,0.619454,1,0
3.81836,0.0488281,1.00099,1.41177e-05,0.617503,1,0
3.81836,0.0683594,1.00101,2.11325e-05,0.617503,1,0
3.75977,0.0878906,1.00104,2.96231e-05,0.623357,1,0
3.75977,0.107422,1.00104,3.67163e-05,0.623357,1,0
3.7793,0.0878906,1.00103,2.90618e-05,0.621406,1,0
3.7793,0.107422,1.00103,3.60869e-05,0.621406,1,0
3.75977,0.126953,1.00103,4.32638e-05,0.623358,1,0
3.75977,0.146484,1.00102,4.9734e-05,0.623358,1,0
3.7793,0.126953,1.00103,4.26023e-05,0.621406,1,0
3.7793,0.146484,1.00102,4.90142e-05,0.621406,1,0
3.79883,0.0878906,1.00103,2.85363e-05,0.619454,1,0
3.79883,0.107422,1.00103,3.54835e-05,0.619454,1,0
3.81836,0.0878906,1.00102,2.80571e-05,0.617503,1,0
3.81836,0.107422,1.00102,3.49153e-05,0.617503,1,0
3.79883,0.126953,1.00102,4.19608e-05,0.619455,1,0
3.79883,0.146484,1.00101,4.83075e-05,0.619455,1,0
3.81836,0.126953,1.00101,4.13445e-05,0.617503,1,0
3.81836,0.146484,1.00101,4.76182e-05,0.617503,1,0
3.83789,0.00976562,1.00089,2.33655e-06,0.615551,1,0
3.83789,0.0292969,1.00094,7.33322e-06,0.615551,1,0
3.85742,0.00976562,1.00088,2.41162e-06,0.6136,1,0
3.85742,0.0292969,1.00094,7.38544e-06,0.6136,1,0
3.83789,0.0488281,1.00098,1.3867e-05,0.615551,1,0
3.83789,0.0683594,1.001,2.07715e-05,0.615551,1,0
3.85742,0.0488281,1.00098,1.37119e-05,0.6136,1,0
3.85742,0.0683594,1.001,2.05012e-05,0.6136,1,0
3.87695,0.00976562,1.00088,2.645e-06,0.611649,1,0
3.87695,0.0292969,1.00093,7.61778e-06,0.611648,1,0
3.89648,0.00976562,1.00088,3.01346e-06,0.609697,1,0
3.89648,0.0292969,1.00092,7.99604e-06,0.609697,1,0
3.87695,0.0488281,1.00097,1.36452e-05,0.611648,1,0
3.87695,0.0683594,1.00099,2.03161e-05,0.611648,1,0
3.89648,0.0488281,1.00096,1.36485e-05,0.609697,1,0
3.89648,0.0683594,1.00098,2.01997e-05,0.609697,1,0
3.83789,0.0878906,1.00101,2.76298e-05,0.615551,1,0
3.83789,0.107422,1.00101,3.43883e-05,0.615551,1,0
3.85742,0.0878906,1.00101,2.72545e-05,0.6136,1,0
3.85742,0.107422,1.00101,3.39039e-05,0.6136,1,0
3.83789,0.126953,1.00101,4.07559e-05,0.615551,1,0
3.83789,0.146484,1.001,4.69484e-05,0.615552,1,0
3.85742,0.126953,1.001,4.01941e-05,0.6136,1,0
3.85742,0.146484,1.00099,4.62981e-05,0.6136,1,0
3.87695,0.0878906,1.001,2.69245e-05,0.611648,1,0
3.87695,0.107422,1.001,3.34584e-05,0.611648,1,0
3.89648,0.0878906,1.00099,2.66273e-05,0.609697,1,0
3.89648,0.107422,1.00099,3.30425e-05,0.609697,1,0
3.87695,0.126953,1.001,3.96549e-05,0.611648,1,0
3.87695,0.146484,1.00099,4.56646e-05,0.611648,1,0
3.89648,0.126953,1.00099,3.91305e-05,0.609697,1,0
3.89648,0.146484,1.00098,4.50427e-05,0.609697,1,0
3.75977,0.166016,1.00101,5.56809e-05,0.623358,1,0
3.75977,0.185547,1.001,6.13675e-05,0.623358,1,0
3.7793,0.166016,1.00101,5.49149e-05,0.621406,1,0
3.7793,0.185547,1.00099,6.05482e-05,0.621407,1,0
3.75977,0.205078,1.00097,6.64797e-05,0.623358,1,0
3.75977,0.224609,1.00095,7.11331e-05,0.623359,1,0
3.7793,0.205078,1.00097,6.56129e-05,0.621407,1,0
3.7793,0.224609,1.00094,7.02177e-05,0.621407,1,0
3.79883,0.166016,1.001,5.41591e-05,0.619455,1,0
3.79883,0.185547,1.00098,5.97354e-05,0.619455,1,0
3.81836,0.166016,1.00099,5.34158e-05,0.617503,1,0
3.81836,0.185547,1.00098,5.89307e-05,0.617503,1,0
3.79883,0.205078,1.00096,6.47508e-05,0.619455,1,0
3.79883,0.224609,1.00094,6.93052e-05,0.619455,1,0
3.81836,0.205078,1.00096,6.38945e-05,0.617504,1,0
3.81836,0.224609,1.00093,6.83964e-05,0.617504,1,0
3.75977,0.244141,1.0009,7.50623e-05,0.623359,1,0
3.75977,0.263672,1.00084,7.82585e-05,0.623359,1,0
3.7793,0.244141,1.0009,7.41023e-05,0.621407,1,0
3.7793,0.263672,1.00083,7.72542e-05,0.621407,1,0
3.75977,0.283203,1.0007,8.03903e-05,0.623359,1,0
3.75977,0.302734,1.0004,8.12531e-05,0.62336,1,0
3.7793,0.283203,1.0007,7.93453e-05,0.621408,1,0
3.7793,0.302734,1.0004,8.01675e-05,0.621408,1,0
3.79883,0.244141,1.0009,7.31446e-05,0.619456,1,0
3.79883,0.263672,1.00083,7.62516e-05,0.619456,1,0
3.81836,0.244141,1.00089,7.21894e-05,0.617504,1,0
3.81836,0.263672,1.00083,7.52507e-05,0.617504,1,0
3.79883,0.283203,1.0007,7.83018e-05,0.619456,1,0
3.79883,0.302734,1.0004,7.90837e-05,0.619456,1,0
3.81836,0.283203,1.0007,7.72599e-05,0.617504,1,0
3.81836,0.302734,1.0004,7.80016e-05,0.617505,1,0
3.83789,0.166016,1.00099,5.2686e-05,0.615552,1,0
3.83789,0.185547,1.00097,5.81347e-05,0.615552,1,0
3.85742,0.166016,1.00098,5.1969e-05,0.6136,1,0
3.85742,0.185547,1.00097,5.7347e-05,0.6136,1,0
3.83789,0.205078,1.00095,6.3044e-05,0.615552,1,0
3.83789,0.224609,1.00093,6.74912e-05,0.615552,1,0
3.85742,0.205078,1.00095,6.21989e-05,0.6136,1,0
3.85742,0.224609,1.00092,6.6589e-05,0.613601,1,0
3.87695,0.166016,1.00098,5.1262e-05,0.611648,1,0
3.87695,0.185547,1.00096,5.65658e-05,0.611649,1,0
3.89648,0.166016,1.00097,5.05607e-05,0.609697,1,0
3.89648,0.185547,1.00096,5.57878e-05,0.609697,1,0
3.87695,0.205078,1.00095,6.13573e-05,0.611649,1,0
3.87695,0.224609,1.00092,6.56885e-05,0.611649,1,0
3.89648,0.205078,1.00094,6.05168e-05,0.609697,1,0
3.89648,0.224609,1.00092,6.47879e-05,0.609697,1,0
3.83789,0.244141,1.00089,7.12366e-05,0.615552,1,0
3.83789,0.263672,1.00082,7.42515e-05,0.615553,1,0
3.85742,0.244141,1.00089,7.02856e-05,0.613601,1,0
3.85742,0.263672,1.00082,7.32533e-05,0.613601,1,0
3.83789,0.283203,1.00069,7.62193e-05,0.615553,1,0
3.83789,0.302734,1.0004,7.6921e-05,0.615553,1,0
3.85742,0.283203,1.00069,7.51796e-05,0.613601,1,0
3.85742,0.302734,1.0004,7.58412e-05,0.613601,1,0
3.87695,0.244141,1.00088,6.93354e-05,0.611649,1,0
3.87695,0.263672,1.00082,7.22551e-05,0.611649,1,0
3.89648,0.244141,1.00088,6.83842e-05,0.609697,1,0
3.89648,0.263672,1.00082,7.12558e-05,0.609698,1,0
3.87695,0.283203,1.00069,7.41398e-05,0.61165,1,0
3.87695,0.302734,1.0004,7.47616e-05,0.61165,1,0
3.89648,0.283203,1.00069,7.30989e-05,0.609698,1,0
3.89648,0.302734,1.0004,7.36812e-05,0.609698,1,0
3.91602,0.00976562,1.00087,3.47457e-06,0.607746,1,0
3.91602,0.0292969,1.00092,8.46449e-06,0.607745,1,0
3.93555,0.00976562,1.00087,3.97008e-06,0.605794,1,0
3.93555,0.0292969,1.00091,8.95067e-06,0.605793,1,0
3.91602,0.0488281,1.00096,1.36929e-05,0.607745,1,0
3.91602,0.0683594,1.00098,2.01251e-05,0.607745,1,0
3.93555,0.0488281,1.00095,1.37418e-05,0.605793,1,0
3.93555,0.0683594,1.00097,2.00579e-05,0.605793,1,0
3.95508,0.00976562,1.00087,4.43179e-06,0.603842,1,0
3.95508,0.0292969,1.00091,9.373e-06,0.603842,1,0
3.97461,0.00976562,1.00086,4.78932e-06,0.60189,1,0
3.97461,0.0292969,1.00091,9.65038e-06,0.60189,1,0
3.95508,0.0488281,1.00095,1.37546e-05,0.603842,1,0
3.95508,0.0683594,1.00097,1.99597e-05,0.603841,1,0
3.97461,0.0488281,1.00094,1.36917e-05,0.60189,1,0
3.97461,0.0683594,1.00096,1.97921e-05,0.60189,1,0
3.91602,0.0878906,1.00099,2.63446e-05,0.607745,1,0
3.91602,0.107422,1.00099,3.26427e-05,0.607745,1,0
3.93555,0.0878906,1.00098,2.60548e-05,0.605793,1,0
3.93555,0.107422,1.00098,3.22417e-05,0.605793,1,0
3.91602,0.126953,1.00098,3.86105e-05,0.607745,1,0
3.91602,0.146484,1.00098,4.4425e-05,0.607745,1,0
3.93555,0.126953,1.00098,3.80827e-05,0.605793,1,0
3.93555,0.146484,1.00097,4.38027e-05,0.605793,1,0
3.95508,0.0878906,1.00097,2.57352e-05,0.603842,1,0
3.95508,0.107422,1.00098,3.18209e-05,0.603841,1,0
3.97461,0.0878906,1.00097,2.53645e-05,0.60189,1,0
3.97461,0.107422,1.00097,3.13621e-05,0.60189,1,0
3.95508,0.126953,1.00097,3.75345e-05,0.603842,1,0
3.95508,0.146484,1.00097,4.31664e-05,0.603842,1,0
3.97461,0.126953,1.00097,3.69546e-05,0.60189,1,0
3.97461,0.146484,1.00096,4.25072e-05,0.60189,1,0
3.99414,0.00976562,1.00086,4.97911e-06,0.599938,1,0
3.99414,0.0292969,1.0009,9.71281e-06,0.599938,1,0
4.01367,0.00976562,1.00085,4.9535e-06,0.597986,1,0
4.01367,0.0292969,1.0009,9.51165e-06,0.597986,1,0
3.99414,0.0488281,1.00094,1.35196e-05,0.599938,1,0
3.99414,0.0683594,1.00095,1.95223e-05,0.599938,1,0
4.01367,0.0488281,1.00093,1.32157e-05,0.597986,1,0
4.01367,0.0683594,1.00095,1.91274e-05,0.597986,1,0
4.0332,0.00976562,1.00085,4.68854e-06,0.596034,1,0
4.0332,0.0292969,1.00089,9.02807e-06,0.596034,1,0
4.05273,0.00976562,1.00085,4.18935e-06,0.594081,1,0
4.05273,0.0292969,1.00089,8.27825e-06,0.594082,1,0
4.0332,0.0488281,1.00093,1.27724e-05,0.596034,1,0
4.0332,0.0683594,1.00094,1.85983e-05,0.596034,1,0
4.05273,0.0488281,1.00092,1.21993e-05,0.594082,1,0
4.05273,0.0683594,1.00094,1.79421e-05,0.594082,1,0
3.99414,0.0878906,1.00096,2.49261e-05,0.599938,1,0
3.99414,0.107422,1.00096,3.08502e-05,0.599938,1,0
4.01367,0.0878906,1.00096,2.44099e-05,0.597986,1,0
4.01367,0.107422,1.00096,3.02749e-05,0.597986,1,0
3.99414,0.126953,1.00096,3.63341e-05,0.599938,1,0
3.99414,0.146484,1.00095,4.1818e-05,0.599938,1,0
4.01367,0.126953,1.00095,3.5668e-05,0.597986,1,0
4.01367,0.146484,1.00095,4.10943e-05,0.597986,1,0
4.0332,0.0878906,1.00095,2.38148e-05,0.596034,1,0
4.0332,0.107422,1.00095,2.96329e-05,0.596034,1,0
4.05273,0.0878906,1.00095,2.31494e-05,0.594082,1,0
4.05273,0.107422,1.00095,2.89285e-05,0.594083,1,0
4.0332,0.126953,1.00095,3.49565e-05,0.596034,1,0
4.0332,0.146484,1.00094,4.0335e-05,0.596035,1,0
4.05273,0.126953,1.00094,3.42047e-05,0.594083,1,0
4.05273,0.146484,1.00094,3.95429e-05,0.594083,1,0
3.91602,0.166016,1.00097,4.98593e-05,0.607745,1,0
3.91602,0.185547,1.00095,5.50092e-05,0.607745,1,0
3.93555,0.166016,1.00096,4.9151e-05,0.605793,1,0
3.93555,0.185547,1.00095,5.4225e-05,0.605794,1,0
3.91602,0.205078,1.00094,5.9674e-05,0.607745,1,0
3.91602,0.224609,1.00091,6.38848e-05,0.607746,1,0
3.93555,0.205078,1.00093,5.88254e-05,0.605794,1,0
3.93555,0.224609,1.00091,6.29764e-05,0.605794,1,0
3.95508,0.166016,1.00096,4.84291e-05,0.603842,1,0
3.95508,0.185547,1.00094,5.34304e-05,0.603842,1,0
3.97461,0.166016,1.00095,4.76875e-05,0.60189,1,0
3.97461,0.185547,1.00094,5.2621e-05,0.60189,1,0
3.95508,0.205078,1.00093,5.79672e-05,0.603842,1,0
3.95508,0.224609,1.00091,6.20602e-05,0.603842,1,0
3.97461,0.205078,1.00092,5.70962e-05,0.60189,1,0
3.97461,0.224609,1.0009,6.11337e-05,0.60189,1,0
3.91602,0.244141,1.00088,6.74302e-05,0.607746,1,0
3.91602,0.263672,1.00082,7.02538e-05,0.607746,1,0
3.93555,0.244141,1.00087,6.64713e-05,0.605794,1,0
3.93555,0.263672,1.00081,6.92475e-05,0.605794,1,0
3.91602,0.283203,1.00069,7.20556e-05,0.607746,1,0
3.91602,0.302734,1.0004,7.25989e-05,0.607746,1,0
3.93555,0.283203,1.00069,7.10085e-05,0.605794,1,0
3.93555,0.302734,1.0004,7.15137e-05,0.605795,1,0
3.95508,0.244141,1.00087,6.55055e-05,0.603842,1,0
3.95508,0.263672,1.00081,6.82353e-05,0.603843,1,0
3.97461,0.244141,1.00087,6.45307e-05,0.601891,1,0
3.97461,0.263672,1.00081,6.72157e-05,0.601891,1,0
3.95508,0.283203,1.00069,6.99565e-05,0.603843,1,0
3.95508,0.302734,1.0004,7.04245e-05,0.603843,1,0
3.97461,0.283203,1.00069,6.88983e-05,0.601891,1,0
3.97461,0.302734,1.0004,6.93306e-05,0.601891,1,0
3.99414,0.166016,1.00095,4.69215e-05,0.599938,1,0
3.99414,0.185547,1.00093,5.17933e-05,0.599938,1,0
4.01367,0.166016,1.00094,4.61286e-05,0.597987,1,0
4.01367,0.185547,1.00093,5.09452e-05,0.597987,1,0
3.99414,0.205078,1.00092,5.62098e-05,0.599939,1,0
3.99414,0.224609,1.0009,6.01952e-05,0.599939,1,0
4.01367,0.205078,1.00092,5.53068e-05,0.597987,1,0
4.01367,0.224609,1.00089,5.92436e-05,0.597987,1,0
4.0332,0.166016,1.00094,4.53088e-05,0.596035,1,0
4.0332,0.185547,1.00093,5.00763e-05,0.596035,1,0
4.05273,0.166016,1.00093,4.44649e-05,0.594083,1,0
4.05273,0.185547,1.00092,4.91885e-05,0.594083,1,0
4.0332,0.205078,1.00091,5.43872e-05,0.596035,1,0
4.0332,0.224609,1.00089,5.82789e-05,0.596035,1,0
4.05273,0.205078,1.00091,5.34523e-05,0.594083,1,0
4.05273,0.224609,1.00089,5.7302e-05,0.594083,1,0
3.99414,0.244141,1.00086,6.35459e-05,0.599939,1,0
3.99414,0.263672,1.00081,6.6188e-05,0.599939,1,0
4.01367,0.244141,1.00086,6.25501e-05,0.597987,1,0
4.01367,0.263672,1.0008,6.51514e-05,0.597987,1,0
3.99414,0.283203,1.00069,6.78333e-05,0.599939,1,0
3.99414,0.302734,1.0004,6.82313e-05,0.599939,1,0
4.01367,0.283203,1.00068,6.6761e-05,0.597988,1,0
4.01367,0.302734,1.0004,6.71264e-05,0.597988,1,0
4.0332,0.244141,1.00086,6.15433e-05,0.596035,1,0
4.0332,0.263672,1.0008,6.4106e-05,0.596036,1,0
4.05273,0.244141,1.00086,6.05263e-05,0.594084,1,0
4.05273,0.263672,1.0008,6.30523e-05,0.594084,1,0
4.0332,0.283203,1.00068,6.56815e-05,0.596036,1,0
4.0332,0.302734,1.0004,6.60158e-05,0.596036,1,0
4.05273,0.283203,1.00068,6.45949e-05,0.594084,1,0
4.05273,0.302734,1.0004,6.48998e-05,0.594084,1,0
3.75977,0.322266,0.999675,8.02484e-05,0.62336,1,0
3.75977,0.341797,0.997915,7.68124e-05,0.62336,1,0
3.7793,0.322266,0.999677,7.91279e-05,0.621408,1,0
3.7793,0.341797,0.99792,7.56631e-05,0.621408,1,0
3.75977,0.361328,0.99373,6.99596e-05,0.62336,1,0
3.75977,0.380859,0.984185,5.91463e-05,0.623361,1,0
3.7793,0.361328,0.993739,6.88054e-05,0.621409,1,0
3.7793,0.380859,0.984197,5.80295e-05,0.621409,1,0
3.79883,0.322266,0.999679,7.80096e-05,0.619457,1,0
3.79883,0.341797,0.997925,7.4517e-05,0.619457,1,0
3.81836,0.322266,0.999681,7.68935e-05,0.617505,1,0
3.81836,0.341797,0.99793,7.33738e-05,0.617505,1,0
3.79883,0.361328,0.993748,6.76556e-05,0.619457,1,0
3.79883,0.380859,0.98421,5.69193e-05,0.619457,1,0
3.81836,0.361328,0.993757,6.65101e-05,0.617506,1,0
3.81836,0.380859,0.984223,5.58153e-05,0.617506,1,0
3.75977,0.400391,0.963523,4.42961e-05,0.623361,1,0
3.75977,0.419922,0.921359,2.75771e-05,0.623361,1,0
3.7793,0.400391,0.963539,4.33026e-05,0.621409,1,0
3.7793,0.419922,0.921375,2.68101e-05,0.62141,1,0
3.75977,0.439453,0.840559,1.26746e-05,0.623361,1,0
3.75977,0.458984,0.695484,3.96008e-06,0.623361,1,0
3.7793,0.439453,0.840571,1.22219e-05,0.62141,1,0
3.7793,0.458984,0.695489,3.78401e-06,0.62141,1,0
3.79883,0.400391,0.963554,4.23178e-05,0.619458,1,0
3.79883,0.419922,0.92139,2.60534e-05,0.619458,1,0
3.81836,0.400391,0.96357,4.13417e-05,0.617506,1,0
3.81836,0.419922,0.921406,2.53069e-05,0.617506,1,0
3.79883,0.439453,0.840582,1.17784e-05,0.619458,1,0
3.79883,0.458984,0.695495,3.61315e-06,0.619458,1,0
3.81836,0.439453,0.840593,1.13439e-05,0.617506,1,0
3.81836,0.458984,0.6955,3.44736e-06,0.617507,1,0
3.83789,0.322266,0.999684,7.57792e-05,0.615553,1,0
3.83789,0.341797,0.997936,7.22332e-05,0.615554,1,0
3.85742,0.322266,0.999686,7.46662e-05,0.613602,1,0
3.85742,0.341797,0.997941,7.10949e-05,0.613602,1,0
3.83789,0.361328,0.993766,6.53686e-05,0.615554,1,0
3.83789,0.380859,0.984235,5.47175e-05,0.615554,1,0
3.85742,0.361328,0.993774,6.42306e-05,0.613602,1,0
3.85742,0.380859,0.984248,5.36255e-05,0.613602,1,0
3.87695,0.322266,0.999688,7.35538e-05,0.61165,1,0
3.87695,0.341797,0.997946,6.99581e-05,0.61165,1,0
3.89648,0.322266,0.999691,7.24413e-05,0.609698,1,0
3.89648,0.341797,0.997951,6.88223e-05,0.609699,1,0
3.87695,0.361328,0.993783,6.30958e-05,0.611651,1,0
3.87695,0.380859,0.98426,5.25388e-05,0.611651,1,0
3.89648,0.361328,0.993792,6.19635e-05,0.609699,1,0
3.89648,0.380859,0.984272,5.14572e-05,0.609699,1,0
3.83789,0.400391,0.963585,4.0374e-05,0.615554,1,0
3.83789,0.419922,0.92142,2.45704e-05,0.615555,1,0
3.85742,0.400391,0.9636,3.94144e-05,0.613603,1,0
3.85742,0.419922,0.921435,2.38436e-05,0.613603,1,0
3.83789,0.439453,0.840604,1.09181e-05,0.615555,1,0
3.83789,0.458984,0.695506,3.28649e-06,0.615555,1,0
3.85742,0.439453,0.840614,1.05008e-05,0.613603,1,0
3.85742,0.458984,0.695511,3.13039e-06,0.613603,1,0
3.87695,0.400391,0.963615,3.84627e-05,0.611651,1,0
3.87695,0.419922,0.921449,2.31262e-05,0.611651,1,0
3.89648,0.400391,0.963629,3.75184e-05,0.609699,1,0
3.89648,0.419922,0.921463,2.2418e-05,0.6097,1,0
3.87695,0.439453,0.840625,1.00919e-05,0.611651,1,0
3.87695,0.458984,0.695515,2.97893e-06,0.611651,1,0
3.89648,0.439453,0.840634,9.69109e-06,0.6097,1,0
3.89648,0.458984,0.69552,2.83199e-06,0.6097,1,0
3.75977,0.478516,0.451514,8.57133e-07,0.623362,1,0
3.75977,0.498047,0.0664459,-9.11132e-09,0.623362,0.6,0
3.7793,0.478516,0.451516,8.25301e-07,0.62141,1,0
3.7793,0.498047,0.0664467,-6.50041e-09,0.62141,0.6,0
3.79883,0.478516,0.451518,7.94267e-07,0.619458,1,0
3.79883,0.498047,0.0664474,-4.22424e-09,0.619458,0.6,0
3.81836,0.478516,0.45152,7.6399e-07,0.617507,1,0
3.81836,0.498047,0.0664481,-2.25156e-09,0.617507,0.6,0
3.83789,0.478516,0.451521,7.34442e-07,0.615555,1,0
3.83789,0.498047,0.0664488,-5.49188e-10,0.615555,0.6,0
3.85742,0.478516,0.451523,7.05586e-07,0.613603,1,0
3.85742,0.498047,0.0664494,8.70953e-10,0.613603,0.6,0
3.87695,0.478516,0.451525,6.77398e-07,0.611651,1,0
3.87695,0.498047,0.06645,2.03486e-09,0.611652,0.6,0
3.89648,0.478516,0.451526,6.49856e-07,0.6097,1,0
3.89648,0.498047,0.0664506,2.95858e-09,0.6097,0.6,0
3.91602,0.322266,0.999693,7.13277e-05,0.607747,1,0
3.91602,0.341797,0.997957,6.76868e-05,0.607747,1,0
3.93555,0.322266,0.999696,7.02122e-05,0.605795,1,0
3.93555,0.341797,0.997962,6.65508e-05,0.605795,1,0
3.91602,0.361328,0.9938,6.08333e-05,0.607747,1,0
3.91602,0.380859,0.984285,5.03801e-05,0.607747,1,0
3.93555,0.361328,0.993809,5.97047e-05,0.605795,1,0
3.93555,0.380859,0.984297,4.93073e-05,0.605796,1,0
3.95508,0.322266,0.999698,6.90939e-05,0.603843,1,0
3.95508,0.341797,0.997967,6.54137e-05,0.603843,1,0
3.97461,0.322266,0.999701,6.79723e-05,0.601891,1,0
3.97461,0.341797,0.997972,6.4275e-05,0.601892,1,0
3.95508,0.361328,0.993818,5.8577e-05,0.603844,1,0
3.95508,0.380859,0.984309,4.82382e-05,0.603844,1,0
3.97461,0.361328,0.993826,5.745e-05,0.601892,1,0
3.97461,0.380859,0.984321,4.71726e-05,0.601892,1,0
3.91602,0.400391,0.963644,3.65812e-05,0.607748,1,0
3.91602,0.419922,0.921477,2.17188e-05,0.607748,1,0
3.93555,0.400391,0.963658,3.56509e-05,0.605796,1,0
3.93555,0.419922,0.921491,2.10282e-05,0.605796,1,0
3.91602,0.439453,0.840644,9.29829e-06,0.607748,1,0
3.91602,0.458984,0.695524,2.68947e-06,0.607748,1,0
3.93555,0.439453,0.840654,8.91334e-06,0.605796,1,0
3.93555,0.458984,0.695529,2.55131e-06,0.605796,1,0
3.95508,0.400391,0.963672,3.47271e-05,0.603844,1,0
3.95508,0.419922,0.921504,2.03464e-05,0.603844,1,0
3.97461,0.400391,0.963686,3.38096e-05,0.601892,1,0
3.97461,0.419922,0.921517,1.9673e-05,0.601893,1,0
3.95508,0.439453,0.840663,8.53615e-06,0.603845,1,0
3.95508,0.458984,0.695533,2.41744e-06,0.603845,1,0
3.97461,0.439453,0.840671,8.16664e-06,0.601893,1,0
3.97461,0.458984,0.695537,2.28787e-06,0.601893,1,0
3.99414,0.322266,0.999703,6.68468e-05,0.59994,1,0
3.99414,0.341797,0.997978,6.31344e-05,0.59994,1,0
4.01367,0.322266,0.999706,6.57172e-05,0.597988,1,0
4.01367,0.341797,0.997983,6.19917e-05,0.597988,1,0
3.99414,0.361328,0.993835,5.63233e-05,0.59994,1,0
3.99414,0.380859,0.984332,4.61103e-05,0.59994,1,0
4.01367,0.361328,0.993843,5.51968e-05,0.597988,1,0
4.01367,0.380859,0.984344,4.50512e-05,0.597989,1,0
4.0332,0.322266,0.999709,6.45836e-05,0.596036,1,0
4.0332,0.341797,0.997988,6.08468e-05,0.596036,1,0
4.05273,0.322266,0.999711,6.34459e-05,0.594084,1,0
4.05273,0.341797,0.997993,5.96998e-05,0.594085,1,0
4.0332,0.361328,0.993852,5.40705e-05,0.596037,1,0
4.0332,0.380859,0.984355,4.39953e-05,0.596037,1,0
4.05273,0.361328,0.99386,5.29444e-05,0.594085,1,0
4.05273,0.380859,0.984367,4.29427e-05,0.594085,1,0
3.99414,0.400391,0.9637,3.28985e-05,0.599941,1,0
3.99414,0.419922,0.921529,1.90082e-05,0.599941,1,0
4.01367,0.400391,0.963713,3.19936e-05,0.597989,1,0
4.01367,0.419922,0.921542,1.83519e-05,0.597989,1,0
3.99414,0.439453,0.84068,7.80483e-06,0.599941,1,0
3.99414,0.458984,0.69554,2.1626e-06,0.599941,1,0
4.01367,0.439453,0.840688,7.45073e-06,0.597989,1,0
4.01367,0.458984,0.695544,2.04168e-06,0.597989,1,0
4.0332,0.400391,0.963726,3.10951e-05,0.596037,1,0
4.0332,0.419922,0.921554,1.77042e-05,0.596037,1,0
4.05273,0.400391,0.963739,3.02031e-05,0.594085,1,0
4.05273,0.419922,0.921566,1.70653e-05,0.594085,1,0
4.0332,0.439453,0.840696,7.10442e-06,0.596037,1,0
4.0332,0.458984,0.695547,1.92513e-06,0.596037,1,0
4.05273,0.439453,0.840704,6.76598e-06,0.594086,1,0
4.05273,0.458984,0.69555,1.81302e-06,0.594086,1,0
3.91602,0.478516,0.451527,6.22956e-07,0.607748,1,0
3.91602,0.498047,0.0664512,3.68295e-09,0.607748,0.6,0
3.93555,0.478516,0.451529,5.96687e-07,0.605796,1,0
3.93555,0.498047,0.0664517,4.20718e-09,0.605796,0.6,0
3.95508,0.478516,0.45153,5.71053e-07,0.603845,1,0
3.95508,0.498047,0.0664523,4.55339e-09,0.603845,0.6,0
3.97461,0.478516,0.451531,5.46055e-07,0.601893,1,0
3.97461,0.498047,0.0664528,4.72795e-09,0.601893,0.6,0
3.99414,0.478516,0.451532,5.21707e-07,0.599941,1,0
3.99414,0.498047,0.0664533,4.78217e-09,0.599941,0.6,0
4.01367,0.478516,0.451533,4.98021e-07,0.597989,1,0
4.01367,0.498047,0.0664537,4.7487e-09,0.597989,0.6,0
4.0332,0.478516,0.451534,4.7501e-07,0.596037,1,0
4.0332,0.498047,0.0664542,4.68448e-09,0.596037,0.6,0
4.05273,0.478516,0.451535,4.52668e-07,0.594086,1,0
4.05273,0.498047,0.0664546,4.59677e-09,0.594086,0.6,0
4.07227,0.00976562,1.00084,3.49206e-06,0.592129,1,0
4.07227,0.0292969,1.00089,7.31424e-06,0.59213,1,0
4.0918,0.00976562,1.00084,2.66151e-06,0.590177,1,0
4.0918,0.0292969,1.00088,6.21997e-06,0.590178,1,0
4.07227,0.0488281,1.00092,1.15232e-05,0.59213,1,0
4.07227,0.0683594,1.00093,1.71827e-05,0.59213,1,0
4.0918,0.0488281,1.00091,1.07858e-05,0.590178,1,0
4.0918,0.0683594,1.00093,1.63584e-05,0.590179,1,0
4.11133,0.00976562,1.00084,1.78472e-06,0.588226,1,0
4.11133,0.0292969,1.00088,5.10229e-06,0.588226,1,0
4.13086,0.00976562,1.00084,9.60546e-07,0.586274,1,0
4.13086,0.0292969,1.00087,4.07807e-06,0.586275,1,0
4.11133,0.0488281,1.00091,1.00396e-05,0.588226,1,0
4.11133,0.0683594,1.00092,1.55183e-05,0.588227,1,0
4.13086,0.0488281,1.0009,9.34119e-06,0.586275,1,0
4.13086,0.0683594,1.00092,1.47164e-05,0.586275,1,0
4.07227,0.0878906,1.00094,2.24313e-05,0.592131,1,0
4.07227,0.107422,1.00094,2.81738e-05,0.592131,1,0
4.0918,0.0878906,1.00093,2.16856e-05,0.590179,1,0
4.0918,0.107422,1.00094,2.73876e-05,0.590179,1,0
4.07227,0.126953,1.00094,3.34226e-05,0.592131,1,0
4.07227,0.146484,1.00093,3.87243e-05,0.592131,1,0
4.0918,0.126953,1.00093,3.26244e-05,0.590179,1,0
4.0918,0.146484,1.00093,3.78888e-05,0.590179,1,0
4.11133,0.0878906,1.00093,2.09423e-05,0.588227,1,0
4.11133,0.107422,1.00093,2.65935e-05,0.588227,1,0
4.13086,0.0878906,1.00092,2.02324e-05,0.586275,1,0
4.13086,0.107422,1.00093,2.58169e-05,0.586275,1,0
4.11133,0.126953,1.00093,3.18262e-05,0.588227,1,0
4.11133,0.146484,1.00092,3.70481e-05,0.588227,1,0
4.13086,0.126953,1.00092,3.1045e-05,0.586276,1,0
4.13086,0.146484,1.00092,3.62146e-05,0.586276,1,0
4.15039,0.00976562,1.00083,2.86848e-07,0.584322,1,0
4.15039,0.0292969,1.00087,3.25869e-06,0.584323,1,0
4.16992,0.00976562,1.00083,-1.53374e-07,0.582371,1,0
4.16992,0.0292969,1.00086,2.7341e-06,0.582371,1,0
4.15039,0.0488281,1.0009,8.74397e-06,0.584323,1,0
4.15039,0.0683594,1.00091,1.40044e-05,0.584323,1,0
4.16992,0.0488281,1.00089,8.29061e-06,0.582371,1,0
4.16992,0.0683594,1.00091,1.34249e-05,0.582372,1,0
4.18945,0.00976562,1.00083,-3.04677e-07,0.58042,1,0
4.18945,0.0292969,1.00086,2.55882e-06,0.58042,1,0
4.20898,0.00976562,1.00083,-1.48767e-07,0.578469,1,0
4.20898,0.0292969,1.00086,2.74206e-06,0.578468,1,0
4.18945,0.0488281,1.00088,8.00661e-06,0.58042,1,0
4.18945,0.0683594,1.0009,1.30046e-05,0.58042,1,0
4.20898,0.0488281,1.00088,7.89583e-06,0.578468,1,0
4.20898,0.0683594,1.00089,1.27503e-05,0.578468,1,0
4.15039,0.0878906,1.00092,1.9584e-05,0.584323,1,0
4.15039,0.107422,1.00092,2.50821e-05,0.584324,1,0
4.16992,0.0878906,1.00091,1.90182e-05,0.582372,1,0
4.16992,0.107422,1.00091,2.44088e-05,0.582372,1,0
4.15039,0.126953,1.00092,3.02957e-05,0.584324,1,0
4.15039,0.146484,1.00091,3.53999e-05,0.584324,1,0
4.16992,0.126953,1.00091,2.95894e-05,0.582372,1,0
4.16992,0.146484,1.00091,3.46132e-05,0.582372,1,0
4.18945,0.0878906,1.00091,1.85461e-05,0.58042,1,0
4.18945,0.107422,1.00091,2.38091e-05,0.58042,1,0
4.20898,0.0878906,1.0009,1.81667e-05,0.578468,1,0
4.20898,0.107422,1.0009,2.32861e-05,0.578468,1,0
4.18945,0.126953,1.00091,2.89319e-05,0.58042,1,0
4.18945,0.146484,1.0009,3.386e-05,0.58042,1,0
4.20898,0.126953,1.0009,2.83224e-05,0.578468,1,0
4.20898,0.146484,1.0009,3.31415e-05,0.578469,1,0
4.07227,0.166016,1.00093,4.36023e-05,0.592131,1,0
4.07227,0.185547,1.00092,4.8285e-05,0.592131,1,0
4.0918,0.166016,1.00092,4.27283e-05,0.590179,1,0
4.0918,0.185547,1.00091,4.73707e-05,0.59018,1,0
4.07227,0.205078,1.0009,5.25049e-05,0.592131,1,0
4.07227,0.224609,1.00088,5.63146e-05,0.592132,1,0
4.0918,0.205078,1.0009,5.15487e-05,0.59018,1,0
4.0918,0.224609,1.00088,5.53193e-05,0.59018,1,0
4.11133,0.166016,1.00092,4.18515e-05,0.588228,1,0
4.11133,0.185547,1.00091,4.64517e-05,0.588228,1,0
4.13086,0.166016,1.00091,4.09808e-05,0.586276,1,0
4.13086,0.185547,1.0009,4.55339e-05,0.586276,1,0
4.11133,0.205078,1.0009,5.05881e-05,0.588228,1,0
4.11133,0.224609,1.00088,5.4319e-05,0.588228,1,0
4.13086,0.205078,1.00089,4.96276e-05,0.586276,1,0
4.13086,0.224609,1.00087,5.33167e-05,0.586276,1,0
4.07227,0.244141,1.00085,5.95005e-05,0.592132,1,0
4.07227,0.263672,1.0008,6.19911e-05,0.592132,1,0
4.0918,0.244141,1.00085,5.84676e-05,0.59018,1,0
4.0918,0.263672,1.0008,6.09237e-05,0.59018,1,0
4.07227,0.283203,1.00068,6.35021e-05,0.592132,1,0
4.07227,0.302734,1.0004,6.37788e-05,0.592132,1,0
4.0918,0.283203,1.00068,6.24039e-05,0.59018,1,0
4.0918,0.302734,1.0004,6.26535e-05,0.590181,1,0
4.11133,0.244141,1.00085,5.74298e-05,0.588228,1,0
4.11133,0.263672,1.00079,5.98516e-05,0.588228,1,0
4.13086,0.244141,1.00084,5.63893e-05,0.586276,1,0
4.13086,0.263672,1.00079,5.87761e-05,0.586277,1,0
4.11133,0.283203,1.00068,6.13013e-05,0.588229,1,0
4.11133,0.302734,1.00041,6.15244e-05,0.588229,1,0
4.13086,0.283203,1.00068,6.01952e-05,0.586277,1,0
4.13086,0.302734,1.00041,6.03922e-05,0.586277,1,0
4.15039,0.166016,1.00091,4.01239e-05,0.584324,1,0
4.15039,0.185547,1.0009,4.4623e-05,0.584324,1,0
4.16992,0.166016,1.0009,3.92867e-05,0.582372,1,0
4.16992,0.185547,1.00089,4.37234e-05,0.582372,1,0
4.15039,0.205078,1.00089,4.8671e-05,0.584324,1,0
4.15039,0.224609,1.00087,5.23151e-05,0.584324,1,0
4.16992,0.205078,1.00088,4.77215e-05,0.582373,1,0
4.16992,0.224609,1.00087,5.13163e-05,0.582373,1,0
4.18945,0.166016,1.0009,3.84724e-05,0.58042,1,0
4.18945,0.185547,1.00089,4.28375e-05,0.580421,1,0
4.20898,0.166016,1.00089,3.76807e-05,0.578469,1,0
4.20898,0.185547,1.00089,4.19658e-05,0.578469,1,0
4.18945,0.205078,1.00088,4.67805e-05,0.580421,1,0
4.18945,0.224609,1.00086,5.03213e-05,0.580421,1,0
4.20898,0.205078,1.00088,4.5848e-05,0.578469,1,0
4.20898,0.224609,1.00086,4.93302e-05,0.578469,1,0
4.15039,0.244141,1.00084,5.53479e-05,0.584325,1,0
4.15039,0.263672,1.00079,5.76985e-05,0.584325,1,0
4.16992,0.244141,1.00084,5.4307e-05,0.582373,1,0
4.16992,0.263672,1.00079,5.66197e-05,0.582373,1,0
4.15039,0.283203,1.00068,5.90865e-05,0.584325,1,0
4.15039,0.302734,1.00041,5.92573e-05,0.584325,1,0
4.16992,0.283203,1.00068,5.79757e-05,0.582373,1,0
4.16992,0.302734,1.00041,5.81199e-05,0.582373,1,0
4.18945,0.244141,1.00084,5.32674e-05,0.580421,1,0
4.18945,0.263672,1.00079,5.55399e-05,0.580421,1,0
4.20898,0.244141,1.00083,5.22289e-05,0.578469,1,0
4.20898,0.263672,1.00079,5.44591e-05,0.578469,1,0
4.18945,0.283203,1.00068,5.68629e-05,0.580421,1,0
4.18945,0.302734,1.00041,5.69802e-05,0.580421,1,0
4.20898,0.283203,1.00068,5.5748e-05,0.578469,1,0
4.20898,0.302734,1.00041,5.58378e-05,0.57847,1,0
4.22852,0.00976562,1.00083,2.90803e-07,0.576517,1,0
4.22852,0.0292969,1.00085,3.24401e-06,0.576517,1,0
4.24805,0.00976562,1.00083,9.49919e-07,0.574566,1,0
4.24805,0.0292969,1.00085,3.97915e-06,0.574565,1,0
4.22852,0.0488281,1.00087,7.93899e-06,0.576517,1,0
4.22852,0.0683594,1.00089,1.26468e-05,0.576517,1,0
4.24805,0.0488281,1.00087,8.09543e-06,0.574565,1,0
4.24805,0.0683594,1.00088,1.26579e-05,0.574565,1,0
4.26758,0.00976562,1.00082,1.73147e-06,0.572614,1,0
4.26758,0.0292969,1.00084,4.82676e-06,0.572613,1,0
4.28711,0.00976562,1.00082,2.51841e-06,0.570662,1,0
4.28711,0.0292969,1.00084,5.64738e-06,0.570662,1,0
4.26758,0.0488281,1.00087,8.3082e-06,0.572613,1,0
4.26758,0.0683594,1.00088,1.27312e-05,0.572613,1,0
4.28711,0.0488281,1.00086,8.51178e-06,0.570662,1,0
4.28711,0.0683594,1.00088,1.28052e-05,0.570661,1,0
4.22852,0.0878906,1.0009,1.7867e-05,0.576517,1,0
4.22852,0.107422,1.0009,2.28326e-05,0.576517,1,0
4.24805,0.0878906,1.00089,1.76227e-05,0.574565,1,0
4.24805,0.107422,1.00089,2.24318e-05,0.574565,1,0
4.22852,0.126953,1.0009,2.77539e-05,0.576517,1,0
4.22852,0.146484,1.00089,3.2454e-05,0.576517,1,0
4.24805,0.126953,1.00089,2.72132e-05,0.574565,1,0
4.24805,0.146484,1.00089,3.17892e-05,0.574565,1,0
4.26758,0.0878906,1.00089,1.74019e-05,0.572613,1,0
4.26758,0.107422,1.00089,2.206e-05,0.572613,1,0
4.28711,0.0878906,1.00088,1.71693e-05,0.570661,1,0
4.28711,0.107422,1.00088,2.16887e-05,0.570661,1,0
4.26758,0.126953,1.00089,2.66835e-05,0.572613,1,0
4.26758,0.146484,1.00089,3.11357e-05,0.572613,1,0
4.28711,0.126953,1.00088,2.61462e-05,0.570661,1,0
4.28711,0.146484,1.00088,3.04801e-05,0.570661,1,0
4.30664,0.00976562,1.00082,3.19058e-06,0.56871,1,0
4.30664,0.0292969,1.00084,6.30296e-06,0.56871,1,0
4.32617,0.00976562,1.00082,3.64288e-06,0.566758,1,0
4.32617,0.0292969,1.00084,6.6778e-06,0.566757,1,0
4.30664,0.0488281,1.00086,8.64144e-06,0.56871,1,0
4.30664,0.0683594,1.00087,1.28175e-05,0.568709,1,0
4.32617,0.0488281,1.00086,8.64287e-06,0.566758,1,0
4.32617,0.0683594,1.00087,1.27144e-05,0.566757,1,0
4.3457,0.00976562,1.00081,3.80174e-06,0.564806,1,0
4.3457,0.0292969,1.00083,6.69676e-06,0.564805,1,0
4.36523,0.00976562,1.00081,3.63729e-06,0.562853,1,0
4.36523,0.0292969,1.00083,6.33769e-06,0.562853,1,0
4.3457,0.0488281,1.00085,8.48047e-06,0.564805,1,0
4.3457,0.0683594,1.00086,1.24589e-05,0.564805,1,0
4.36523,0.0488281,1.00085,8.14297e-06,0.562853,1,0
4.36523,0.0683594,1.00086,1.20365e-05,0.562853,1,0
4.30664,0.0878906,1.00088,1.68911e-05,0.568709,1,0
4.30664,0.107422,1.00088,2.12897e-05,0.568709,1,0
4.32617,0.0878906,1.00087,1.654e-05,0.566757,1,0
4.32617,0.107422,1.00088,2.08381e-05,0.566757,1,0
4.30664,0.126953,1.00088,2.55832e-05,0.568709,1,0
4.30664,0.146484,1.00088,2.98089e-05,0.568709,1,0
4.32617,0.126953,1.00088,2.49801e-05,0.566757,1,0
4.32617,0.146484,1.00087,2.91104e-05,0.566757,1,0
4.3457,0.0878906,1.00087,1.60992e-05,0.564805,1,0
4.3457,0.107422,1.00087,2.03168e-05,0.564805,1,0
4.36523,0.0878906,1.00087,1.5565e-05,0.562853,1,0
4.36523,0.107422,1.00087,1.97184e-05,0.562853,1,0
4.3457,0.126953,1.00087,2.43279e-05,0.564805,1,0
4.3457,0.146484,1.00087,2.83766e-05,0.564805,1,0
4.36523,0.126953,1.00087,2.36244e-05,0.562853,1,0
4.36523,0.146484,1.00087,2.76039e-05,0.562854,1,0
4.22852,0.166016,1.00089,3.6908e-05,0.576517,1,0
4.22852,0.185547,1.00088,4.11062e-05,0.576517,1,0
4.24805,0.166016,1.00089,3.61479e-05,0.574565,1,0
4.24805,0.185547,1.00088,4.02545e-05,0.574565,1,0
4.22852,0.205078,1.00087,4.49222e-05,0.576517,1,0
4.22852,0.224609,1.00086,4.83417e-05,0.576517,1,0
4.24805,0.205078,1.00087,4.39998e-05,0.574565,1,0
4.24805,0.224609,1.00085,4.73538e-05,0.574565,1,0
4.26758,0.166016,1.00088,3.53915e-05,0.572613,1,0
4.26758,0.185547,1.00087,3.94051e-05,0.572613,1,0
4.28711,0.166016,1.00088,3.46294e-05,0.570661,1,0
4.28711,0.185547,1.00087,3.85513e-05,0.570661,1,0
4.26758,0.205078,1.00087,4.30765e-05,0.572613,1,0
4.26758,0.224609,1.00085,4.63634e-05,0.572613,1,0
4.28711,0.205078,1.00086,4.21474e-05,0.570661,1,0
4.28711,0.224609,1.00085,4.53671e-05,0.570662,1,0
4.22852,0.244141,1.00083,5.11906e-05,0.576517,1,0
4.22852,0.263672,1.00078,5.33765e-05,0.576517,1,0
4.24805,0.244141,1.00083,5.01507e-05,0.574565,1,0
4.24805,0.263672,1.00078,5.22909e-05,0.574566,1,0
4.22852,0.283203,1.00068,5.46304e-05,0.576518,1,0
4.22852,0.302734,1.00041,5.46924e-05,0.576518,1,0
4.24805,0.283203,1.00067,5.35091e-05,0.574566,1,0
4.24805,0.302734,1.00041,5.35431e-05,0.574566,1,0
4.26758,0.244141,1.00083,4.9107e-05,0.572614,1,0
4.26758,0.263672,1.00078,5.12007e-05,0.572614,1,0
4.28711,0.244141,1.00082,4.8057e-05,0.570662,1,0
4.28711,0.263672,1.00078,5.01041e-05,0.570662,1,0
4.26758,0.283203,1.00067,5.23829e-05,0.572614,1,0
4.26758,0.302734,1.00041,5.2389e-05,0.572614,1,0
4.28711,0.283203,1.00067,5.12505e-05,0.570662,1,0
4.28711,0.302734,1.00041,5.12292e-05,0.570662,1,0
4.30664,0.166016,1.00087,3.38522e-05,0.568709,1,0
4.30664,0.185547,1.00087,3.76866e-05,0.568709,1,0
4.32617,0.166016,1.00087,3.30521e-05,0.566757,1,0
4.32617,0.185547,1.00086,3.68053e-05,0.566758,1,0
4.30664,0.205078,1.00086,4.12076e-05,0.56871,1,0
4.30664,0.224609,1.00084,4.43618e-05,0.56871,1,0
4.32617,0.205078,1.00086,4.02532e-05,0.566758,1,0
4.32617,0.224609,1.00084,4.33443e-05,0.566758,1,0
4.3457,0.166016,1.00087,3.22242e-05,0.564806,1,0
4.3457,0.185547,1.00086,3.59033e-05,0.564806,1,0
4.36523,0.166016,1.00086,3.13669e-05,0.562854,1,0
4.36523,0.185547,1.00086,3.49789e-05,0.562854,1,0
4.3457,0.205078,1.00085,3.92814e-05,0.564806,1,0
4.3457,0.224609,1.00084,4.23128e-05,0.564806,1,0
4.36523,0.205078,1.00085,3.82908e-05,0.562854,1,0
4.36523,0.224609,1.00084,4.1266e-05,0.562854,1,0
4.30664,0.244141,1.00082,4.69982e-05,0.56871,1,0
4.30664,0.263672,1.00078,4.89993e-05,0.56871,1,0
4.32617,0.244141,1.00082,4.59284e-05,0.566758,1,0
4.32617,0.263672,1.00078,4.78848e-05,0.566758,1,0
4.30664,0.283203,1.00067,5.01105e-05,0.56871,1,0
4.30664,0.302734,1.00041,5.00627e-05,0.56871,1,0
4.32617,0.283203,1.00067,4.89617e-05,0.566758,1,0
4.32617,0.302734,1.00041,4.88885e-05,0.566758,1,0
4.3457,0.244141,1.00082,4.4846e-05,0.564806,1,0
4.3457,0.263672,1.00077,4.67594e-05,0.564806,1,0
4.36523,0.244141,1.00082,4.37502e-05,0.562854,1,0
4.36523,0.263672,1.00077,4.56223e-05,0.562854,1,0
4.3457,0.283203,1.00067,4.78031e-05,0.564806,1,0
4.3457,0.302734,1.00041,4.77058e-05,0.564806,1,0
4.36523,0.283203,1.00067,4.66341e-05,0.562854,1,0
4.36523,0.302734,1.00042,4.65143e-05,0.562854,1,0
4.07227,0.322266,0.999714,6.23047e-05,0.592133,1,0
4.07227,0.341797,0.997999,5.85511e-05,0.592133,1,0
4.0918,0.322266,0.999716,6.11602e-05,0.590181,1,0
4.0918,0.341797,0.998004,5.74007e-05,0.590181,1,0
4.07227,0.361328,0.993869,5.18188e-05,0.592133,1,0
4.07227,0.380859,0.984378,4.18937e-05,0.592133,1,0
4.0918,0.361328,0.993877,5.06937e-05,0.590181,1,0
4.0918,0.380859,0.984389,4.08483e-05,0.590181,1,0
4.11133,0.322266,0.999719,6.00128e-05,0.588229,1,0
4.11133,0.341797,0.998009,5.6249e-05,0.588229,1,0
4.13086,0.322266,0.999722,5.88631e-05,0.586277,1,0
4.13086,0.341797,0.998014,5.50963e-05,0.586277,1,0
4.11133,0.361328,0.993885,4.95695e-05,0.588229,1,0
4.11133,0.380859,0.9844,3.98068e-05,0.58823,1,0
4.13086,0.361328,0.993893,4.84464e-05,0.586278,1,0
4.13086,0.380859,0.984411,3.87695e-05,0.586278,1,0
4.07227,0.400391,0.963752,2.93178e-05,0.592133,1,0
4.07227,0.419922,0.921577,1.64354e-05,0.592134,1,0
4.0918,0.400391,0.963765,2.84394e-05,0.590182,1,0
4.0918,0.419922,0.921589,1.58144e-05,0.590182,1,0
4.07227,0.439453,0.840712,6.43554e-06,0.592134,1,0
4.07227,0.458984,0.695553,1.70536e-06,0.592134,1,0
4.0918,0.439453,0.840719,6.11319e-06,0.590182,1,0
4.0918,0.458984,0.695556,1.60219e-06,0.590182,1,0
4.11133,0.400391,0.963777,2.75682e-05,0.58823,1,0
4.11133,0.419922,0.9216,1.52027e-05,0.58823,1,0
4.13086,0.400391,0.963789,2.67041e-05,0.586278,1,0
4.13086,0.419922,0.92161,1.46004e-05,0.586278,1,0
4.11133,0.439453,0.840726,5.79905e-06,0.58823,1,0
4.11133,0.458984,0.695559,1.50348e-06,0.58823,1,0
4.13086,0.439453,0.840733,5.4932e-06,0.586278,1,0
4.13086,0.458984,0.695562,1.40924e-06,0.586278,1,0
4.15039,0.322266,0.999724,5.77111e-05,0.584325,1,0
4.15039,0.341797,0.998019,5.39427e-05,0.584326,1,0
4.16992,0.322266,0.999727,5.65571e-05,0.582374,1,0
4.16992,0.341797,0.998025,5.27882e-05,0.582374,1,0
4.15039,0.361328,0.993901,4.73244e-05,0.584326,1,0
4.15039,0.380859,0.984422,3.77363e-05,0.584326,1,0
4.16992,0.361328,0.993909,4.62037e-05,0.582374,1,0
4.16992,0.380859,0.984433,3.67074e-05,0.582374,1,0
4.18945,0.322266,0.99973,5.54011e-05,0.580422,1,0
4.18945,0.341797,0.99803,5.16328e-05,0.580422,1,0
4.20898,0.322266,0.999732,5.42427e-05,0.57847,1,0
4.20898,0.341797,0.998035,5.04763e-05,0.57847,1,0
4.18945,0.361328,0.993917,4.50842e-05,0.580422,1,0
4.18945,0.380859,0.984443,3.56829e-05,0.580422,1,0
4.20898,0.361328,0.993925,4.39658e-05,0.57847,1,0
4.20898,0.380859,0.984454,3.46625e-05,0.57847,1,0
4.15039,0.400391,0.963801,2.58475e-05,0.584326,1,0
4.15039,0.419922,0.921621,1.40075e-05,0.584326,1,0
4.16992,0.400391,0.963813,2.49985e-05,0.582374,1,0
4.16992,0.419922,0.921631,1.34241e-05,0.582374,1,0
4.15039,0.439453,0.840739,5.19568e-06,0.584326,1,0
4.15039,0.458984,0.695564,1.3194e-06,0.584326,1,0
4.16992,0.439453,0.840745,4.90651e-06,0.582375,1,0
4.16992,0.458984,0.695567,1.23385e-06,0.582375,1,0
4.18945,0.400391,0.963825,2.41569e-05,0.580422,1,0
4.18945,0.419922,0.921641,1.28503e-05,0.580423,1,0
4.20898,0.400391,0.963836,2.33229e-05,0.578471,1,0
4.20898,0.419922,0.921651,1.22859e-05,0.578471,1,0
4.18945,0.439453,0.840751,4.62568e-06,0.580423,1,0
4.18945,0.458984,0.695569,1.15245e-06,0.580423,1,0
4.20898,0.439453,0.840757,4.35313e-06,0.578471,1,0
4.20898,0.458984,0.695571,1.07505e-06,0.578471,1,0
4.07227,0.478516,0.451536,4.30983e-07,0.592134,1,0
4.07227,0.498047,0.066455,4.49035e-09,0.592134,0.6,0
4.0918,0.478516,0.451537,4.09925e-07,0.590182,1,0
4.0918,0.498047,0.0664554,4.36048e-09,0.590182,0.6,0
4.11133,0.478516,0.451538,3.89475e-07,0.58823,1,0
4.11133,0.498047,0.0664557,4.27903e-09,0.58823,0.6,0
4.13086,0.478516,0.451538,3.69616e-07,0.586278,1,0
4.13086,0.498047,0.0664561,4.34499e-09,0.586278,0.6,0
4.15039,0.478516,0.451539,3.50325e-07,0.584326,1,0
4.15039,0.498047,0.0664564,4.62409e-09,0.584326,0.6,0
4.16992,0.478516,0.45154,3.31555e-07,0.582375,1,0
4.16992,0.498047,0.0664567,5.06311e-09,0.582375,0.6,0
4.18945,0.478516,0.45154,3.13254e-07,0.580423,1,0
4.18945,0.498047,0.066457,5.61773e-09,0.580423,0.6,0
4.20898,0.478516,0.451541,2.95381e-07,0.578471,1,0
4.20898,0.498047,0.0664573,6.30085e-09,0.578471,0.6,0
4.22852,0.322266,0.999735,5.30817e-05,0.576518,1,0
4.22852,0.341797,0.99804,4.93184e-05,0.576518,1,0
4.24805,0.322266,0.999738,5.19174e-05,0.574566,1,0
4.24805,0.341797,0.998045,4.81587e-05,0.574566,1,0
4.22852,0.361328,0.993933,4.28482e-05,0.576518,1,0
4.22852,0.380859,0.984464,3.36462e-05,0.576519,1,0
4.24805,0.361328,0.993941,4.17312e-05,0.574566,1,0
4.24805,0.380859,0.984474,3.26338e-05,0.574567,1,0
4.26758,0.322266,0.99974,5.07492e-05,0.572614,1,0
4.26758,0.341797,0.99805,4.69966e-05,0.572614,1,0
4.28711,0.322266,0.999743,4.95763e-05,0.570662,1,0
4.28711,0.341797,0.998055,4.58315e-05,0.570662,1,0
4.26758,0.361328,0.993949,4.06144e-05,0.572615,1,0
4.26758,0.380859,0.984484,3.16251e-05,0.572615,1,0
4.28711,0.361328,0.993956,3.94975e-05,0.570663,1,0
4.28711,0.380859,0.984494,3.06198e-05,0.570663,1,0
4.22852,0.400391,0.963847,2.24964e-05,0.576519,1,0
4.22852,0.419922,0.92166,1.17311e-05,0.576519,1,0
4.24805,0.400391,0.963858,2.16774e-05,0.574567,1,0
4.24805,0.419922,0.921669,1.11858e-05,0.574567,1,0
4.22852,0.439453,0.840762,4.08881e-06,0.576519,1,0
4.22852,0.458984,0.695573,1.0015e-06,0.576519,1,0
4.24805,0.439453,0.840768,3.83266e-06,0.574567,1,0
4.24805,0.458984,0.695575,9.31626e-07,0.574567,1,0
4.26758,0.400391,0.963869,2.08657e-05,0.572615,1,0
4.26758,0.419922,0.921678,1.06498e-05,0.572615,1,0
4.28711,0.400391,0.963879,2.00613e-05,0.570663,1,0
4.28711,0.419922,0.921686,1.01231e-05,0.570663,1,0
4.26758,0.439453,0.840773,3.58462e-06,0.572615,1,0
4.26758,0.458984,0.695576,8.6525e-07,0.572615,1,0
4.28711,0.439453,0.840777,3.34463e-06,0.570663,1,0
4.28711,0.458984,0.695578,8.02199e-07,0.570663,1,0
4.30664,0.322266,0.999746,4.8398e-05,0.56871,1,0
4.30664,0.341797,0.99806,4.4663e-05,0.568711,1,0
4.32617,0.322266,0.999748,4.72136e-05,0.566758,1,0
4.32617,0.341797,0.998065,4.34905e-05,0.566759,1,0
4.30664,0.361328,0.993964,3.83801e-05,0.568711,1,0
4.30664,0.380859,0.984504,2.96178e-05,0.568711,1,0
4.32617,0.361328,0.993972,3.72619e-05,0.566759,1,0
4.32617,0.380859,0.984513,2.86189e-05,0.566759,1,0
4.3457,0.322266,0.999751,4.60223e-05,0.564807,1,0
4.3457,0.341797,0.99807,4.23135e-05,0.564807,1,0
4.36523,0.322266,0.999754,4.4824e-05,0.562855,1,0
4.36523,0.341797,0.998075,4.11319e-05,0.562855,1,0
4.3457,0.361328,0.993979,3.61426e-05,0.564807,1,0
4.3457,0.380859,0.984522,2.76231e-05,0.564807,1,0
4.36523,0.361328,0.993986,3.50222e-05,0.562855,1,0
4.36523,0.380859,0.984531,2.66303e-05,0.562855,1,0
4.30664,0.400391,0.963889,1.92643e-05,0.568711,1,0
4.30664,0.419922,0.921694,9.6058e-06,0.568711,1,0
4.32617,0.400391,0.963899,1.84745e-05,0.566759,1,0
4.32617,0.419922,0.921702,9.09782e-06,0.566759,1,0
4.30664,0.439453,0.840782,3.11269e-06,0.568711,1,0
4.30664,0.458984,0.695579,7.42291e-07,0.568711,1,0
4.32617,0.439453,0.840786,2.88881e-06,0.566759,1,0
4.32617,0.458984,0.695581,6.85411e-07,0.566759,1,0
4.3457,0.400391,0.963909,1.76921e-05,0.564807,1,0
4.3457,0.419922,0.92171,8.59931e-06,0.564807,1,0
4.36523,0.400391,0.963918,1.69172e-05,0.562855,1,0
4.36523,0.419922,0.921717,8.11042e-06,0.562855,1,0
4.3457,0.439453,0.84079,2.67305e-06,0.564807,1,0
4.3457,0.458984,0.695582,6.31454e-07,0.564807,1,0
4.36523,0.439453,0.840794,2.46547e-06,0.562855,1,0
4.36523,0.458984,0.695583,5.80353e-07,0.562855,1,0
4.22852,0.478516,0.451541,2.77922e-07,0.576519,1,0
4.22852,0.498047,0.0664575,7.18696e-09,0.576519,0.6,0
4.24805,0.478516,0.451542,2.60875e-07,0.574567,1,0
4.24805,0.498047,0.0664578,8.31347e-09,0.574567,0.6,0
4.26758,0.478516,0.451542,2.44239e-07,0.572615,1,0
4.26758,0.498047,0.066458,9.63919e-09,0.572615,0.6,0
4.28711,0.478516,0.451543,2.28001e-07,0.570663,1,0
4.28711,0.498047,0.0664582,1.10212e-08,0.570663,0.6,0
4.30664,0.478516,0.451543,2.12152e-07,0.568711,1,0
4.30664,0.498047,0.0664584,1.23517e-08,0.568711,0.6,0
4.32617,0.478516,0.451543,1.96712e-07,0.566759,1,0
4.32617,0.498047,0.0664586,1.36456e-08,0.566759,0.6,0
4.3457,0.478516,0.451544,1.81735e-07,0.564807,1,0
4.3457,0.498047,0.0664588,1.50111e-08,0.564807,0.6,0
4.36523,0.478516,0.451544,1.67287e-07,0.562855,1,0
4.36523,0.498047,0.066459,1.65041e-08,0.562855,0.6,0
4.38477,0.00976562,1.00081,3.16876e-06,0.560901,1,0
4.38477,0.0292969,1.00083,5.63577e-06,0.560901,1,0
4.4043,0.00976562,1.00081,2.46209e-06,0.558948,1,0
4.4043,0.0292969,1.00083,4.67862e-06,0.558949,1,0
4.38477,0.0488281,1.00085,7.64538e-06,0.560901,1,0
4.38477,0.0683594,1.00086,1.14573e-05,0.560901,1,0
4.4043,0.0488281,1.00084,7.02673e-06,0.558949,1,0
4.4043,0.0683594,1.00085,1.07552e-05,0.558949,1,0
4.42383,0.00976562,1.0008,1.61976e-06,0.556996,1,0
4.42383,0.0292969,1.00083,3.59268e-06,0.556997,1,0
4.44336,0.00976562,1.0008,7.64123e-07,0.555044,1,0
4.44336,0.0292969,1.00082,2.52268e-06,0.555045,1,0
4.42383,0.0488281,1.00084,6.34396e-06,0.556997,1,0
4.42383,0.0683594,1.00085,9.98182e-06,0.556997,1,0
4.44336,0.0488281,1.00084,5.66275e-06,0.555045,1,0
4.44336,0.0683594,1.00085,9.19878e-06,0.555045,1,0
4.38477,0.0878906,1.00086,1.49474e-05,0.560901,1,0
4.38477,0.107422,1.00086,1.90467e-05,0.560901,1,0
4.4043,0.0878906,1.00086,1.42684e-05,0.558949,1,0
4.4043,0.107422,1.00086,1.8316e-05,0.558949,1,0
4.38477,0.126953,1.00086,2.28743e-05,0.560902,1,0
4.38477,0.146484,1.00086,2.67938e-05,0.560902,1,0
4.4043,0.126953,1.00086,2.20888e-05,0.55895,1,0
4.4043,0.146484,1.00086,2.59527e-05,0.55895,1,0
4.42383,0.0878906,1.00085,1.35587e-05,0.556997,1,0
4.42383,0.107422,1.00086,1.75485e-05,0.556997,1,0
4.44336,0.0878906,1.00085,1.28526e-05,0.555045,1,0
4.44336,0.107422,1.00085,1.67715e-05,0.555045,1,0
4.42383,0.126953,1.00086,2.12835e-05,0.556998,1,0
4.42383,0.146484,1.00085,2.50908e-05,0.556998,1,0
4.44336,0.126953,1.00085,2.04762e-05,0.555046,1,0
4.44336,0.146484,1.00085,2.42205e-05,0.555046,1,0
4.46289,0.00976562,1.0008,1.74327e-08,0.553092,1,0
4.46289,0.0292969,1.00082,1.60812e-06,0.553093,1,0
4.48242,0.00976562,1.0008,-5.18108e-07,0.551141,1,0
4.48242,0.0292969,1.00082,9.60767e-07,0.551141,1,0
4.46289,0.0488281,1.00083,5.04703e-06,0.553093,1,0
4.46289,0.0683594,1.00084,8.46776e-06,0.553093,1,0
4.48242,0.0488281,1.00083,4.54884e-06,0.551141,1,0
4.48242,0.0683594,1.00084,7.84059e-06,0.551141,1,0
4.50195,0.00976562,1.0008,-7.77141e-07,0.549189,1,0
4.50195,0.0292969,1.00081,6.46419e-07,0.549189,1,0
4.52148,0.00976562,1.0008,-7.41751e-07,0.547238,1,0
4.52148,0.0292969,1.00081,6.74496e-07,0.547238,1,0
4.50195,0.0488281,1.00083,4.20006e-06,0.549189,1,0
4.50195,0.0683594,1.00084,7.35118e-06,0.54919,1,0
4.52148,0.0488281,1.00082,4.00777e-06,0.547238,1,0
4.52148,0.0683594,1.00083,7.01052e-06,0.547238,1,0
4.46289,0.0878906,1.00085,1.21829e-05,0.553093,1,0
4.46289,0.107422,1.00085,1.60124e-05,0.553094,1,0
4.48242,0.0878906,1.00084,1.15756e-05,0.551142,1,0
4.48242,0.107422,1.00084,1.52952e-05,0.551142,1,0
4.46289,0.126953,1.00085,1.96838e-05,0.553094,1,0
4.46289,0.146484,1.00085,2.33546e-05,0.553094,1,0
4.48242,0.126953,1.00084,1.89205e-05,0.551142,1,0
4.48242,0.146484,1.00084,2.25044e-05,0.551142,1,0
4.50195,0.0878906,1.00084,1.10463e-05,0.54919,1,0
4.50195,0.107422,1.00084,1.4636e-05,0.54919,1,0
4.52148,0.0878906,1.00084,1.05977e-05,0.547238,1,0
4.52148,0.107422,1.00084,1.40417e-05,0.547238,1,0
4.50195,0.126953,1.00084,1.81948e-05,0.54919,1,0
4.50195,0.146484,1.00084,2.16778e-05,0.54919,1,0
4.52148,0.126953,1.00084,1.75093e-05,0.547238,1,0
4.52148,0.146484,1.00084,2.08788e-05,0.547238,1,0
4.38477,0.166016,1.00086,3.04819e-05,0.560902,1,0
4.38477,0.185547,1.00085,3.40326e-05,0.560902,1,0
4.4043,0.166016,1.00085,2.95745e-05,0.55895,1,0
4.4043,0.185547,1.00085,3.30675e-05,0.55895,1,0
4.38477,0.205078,1.00085,3.72823e-05,0.560902,1,0
4.38477,0.224609,1.00083,4.02042e-05,0.560902,1,0
4.4043,0.205078,1.00084,3.62579e-05,0.55895,1,0
4.4043,0.224609,1.00083,3.91287e-05,0.55895,1,0
4.42383,0.166016,1.00085,2.86522e-05,0.556998,1,0
4.42383,0.185547,1.00085,3.20881e-05,0.556998,1,0
4.44336,0.166016,1.00085,2.77238e-05,0.555046,1,0
4.44336,0.185547,1.00084,3.11004e-05,0.555046,1,0
4.42383,0.205078,1.00084,3.52212e-05,0.556998,1,0
4.42383,0.224609,1.00083,3.80416e-05,0.556998,1,0
4.44336,0.205078,1.00084,3.41764e-05,0.555046,1,0
4.44336,0.224609,1.00083,3.69457e-05,0.555046,1,0
4.38477,0.244141,1.00081,4.26411e-05,0.560902,1,0
4.38477,0.263672,1.00077,4.44736e-05,0.560902,1,0
4.4043,0.244141,1.00081,4.15195e-05,0.55895,1,0
4.4043,0.263672,1.00077,4.33136e-05,0.55895,1,0
4.38477,0.283203,1.00067,4.54546e-05,0.560902,1,0
4.38477,0.302734,1.00042,4.53137e-05,0.560903,1,0
4.4043,0.283203,1.00067,4.42649e-05,0.55895,1,0
4.4043,0.302734,1.00042,4.41041e-05,0.558951,1,0
4.42383,0.244141,1.00081,4.0387e-05,0.556998,1,0
4.42383,0.263672,1.00077,4.21433e-05,0.556998,1,0
4.44336,0.244141,1.00081,3.92456e-05,0.555046,1,0
4.44336,0.263672,1.00077,4.0964e-05,0.555046,1,0
4.42383,0.283203,1.00067,4.30656e-05,0.556998,1,0
4.42383,0.302734,1.00042,4.28859e-05,0.556999,1,0
4.44336,0.283203,1.00067,4.18575e-05,0.555047,1,0
4.44336,0.302734,1.00042,4.16598e-05,0.555047,1,0
4.46289,0.166016,1.00084,2.67982e-05,0.553094,1,0
4.46289,0.185547,1.00084,3.01105e-05,0.553094,1,0
4.48242,0.166016,1.00084,2.58829e-05,0.551142,1,0
4.48242,0.185547,1.00084,2.91239e-05,0.551142,1,0
4.46289,0.205078,1.00083,3.3128e-05,0.553094,1,0
4.46289,0.224609,1.00082,3.5844e-05,0.553094,1,0
4.48242,0.205078,1.00083,3.20798e-05,0.551142,1,0
4.48242,0.224609,1.00082,3.47392e-05,0.551142,1,0
4.50195,0.166016,1.00084,2.49828e-05,0.54919,1,0
4.50195,0.185547,1.00083,2.81446e-05,0.54919,1,0
4.52148,0.166016,1.00083,2.41001e-05,0.547238,1,0
4.52148,0.185547,1.00083,2.71749e-05,0.547238,1,0
4.50195,0.205078,1.00083,3.10348e-05,0.54919,1,0
4.50195,0.224609,1.00082,3.36333e-05,0.54919,1,0
4.52148,0.205078,1.00083,2.99944e-05,0.547238,1,0
4.52148,0.224609,1.00082,3.25278e-05,0.547238,1,0
4.46289,0.244141,1.0008,3.80974e-05,0.553094,1,0
4.46289,0.263672,1.00077,3.97772e-05,0.553094,1,0
4.48242,0.244141,1.0008,3.69444e-05,0.551142,1,0
4.48242,0.263672,1.00076,3.85841e-05,0.551142,1,0
4.46289,0.283203,1.00067,4.06417e-05,0.553095,1,0
4.46289,0.302734,1.00042,4.04264e-05,0.553095,1,0
4.48242,0.283203,1.00067,3.94192e-05,0.551143,1,0
4.48242,0.302734,1.00042,3.91864e-05,0.551143,1,0
4.50195,0.244141,1.0008,3.57881e-05,0.54919,1,0
4.50195,0.263672,1.00076,3.73859e-05,0.54919,1,0
4.52148,0.244141,1.0008,3.46295e-05,0.547238,1,0
4.52148,0.263672,1.00076,3.61834e-05,0.547238,1,0
4.50195,0.283203,1.00067,3.81908e-05,0.549191,1,0
4.50195,0.302734,1.00042,3.79404e-05,0.549191,1,0
4.52148,0.283203,1.00067,3.6957e-05,0.547239,1,0
4.52148,0.302734,1.00042,3.66888e-05,0.547239,1,0
4.54102,0.00976562,1.0008,-4.43469e-07,0.545286,1,0
4.54102,0.0292969,1.00081,9.9779e-07,0.545286,1,0
4.56055,0.00976562,1.0008,4.36867e-08,0.543335,1,0
4.56055,0.0292969,1.00081,1.52239e-06,0.543334,1,0
4.54102,0.0488281,1.00082,3.95385e-06,0.545286,1,0
4.54102,0.0683594,1.00083,6.80568e-06,0.545286,1,0
4.56055,0.0488281,1.00082,3.99907e-06,0.543334,1,0
4.56055,0.0683594,1.00083,6.70296e-06,0.543334,1,0
4.58008,0.00976562,1.0008,6.17646e-07,0.541383,1,0
4.58008,0.0292969,1.00081,2.12577e-06,0.541382,1,0
4.59961,0.00976562,1.0008,1.16744e-06,0.539431,1,0
4.59961,0.0292969,1.0008,2.67951e-06,0.53943,1,0
4.58008,0.0488281,1.00082,4.09073e-06,0.541382,1,0
4.58008,0.0683594,1.00082,6.65451e-06,0.541382,1,0
4.59961,0.0488281,1.00081,4.17248e-06,0.53943,1,0
4.59961,0.0683594,1.00082,6.60733e-06,0.53943,1,0
4.54102,0.0878906,1.00083,1.022e-05,0.545286,1,0
4.54102,0.107422,1.00083,1.35087e-05,0.545286,1,0
4.56055,0.0878906,1.00083,9.89345e-06,0.543334,1,0
4.56055,0.107422,1.00083,1.30243e-05,0.543334,1,0
4.54102,0.126953,1.00083,1.68601e-05,0.545286,1,0
4.54102,0.146484,1.00083,2.01065e-05,0.545286,1,0
4.56055,0.126953,1.00083,1.62382e-05,0.543334,1,0
4.56055,0.146484,1.00083,1.93562e-05,0.543334,1,0
4.58008,0.0878906,1.00083,9.5916e-06,0.541382,1,0
4.58008,0.107422,1.00083,1.25695e-05,0.541382,1,0
4.59961,0.0878906,1.00082,9.28675e-06,0.53943,1,0
4.59961,0.107422,1.00082,1.21221e-05,0.53943,1,0
4.58008,0.126953,1.00083,1.56312e-05,0.541382,1,0
4.58008,0.146484,1.00083,1.86201e-05,0.541382,1,0
4.59961,0.126953,1.00082,1.50256e-05,0.53943,1,0
4.59961,0.146484,1.00082,1.7889e-05,0.53943,1,0
4.61914,0.00976562,1.0008,1.59341e-06,0.537479,1,0
4.61914,0.0292969,1.0008,3.07243e-06,0.537478,1,0
4.63867,0.00976562,1.0008,1.8246e-06,0.535526,1,0
4.63867,0.0292969,1.0008,3.22962e-06,0.535526,1,0
4.61914,0.0488281,1.00081,4.1943e-06,0.537478,1,0
4.61914,0.0683594,1.00082,6.51277e-06,0.537478,1,0
4.63867,0.0488281,1.00081,4.12103e-06,0.535526,1,0
4.63867,0.0683594,1.00082,6.33478e-06,0.535526,1,0
4.6582,0.00976562,1.00079,1.83006e-06,0.533574,1,0
4.6582,0.0292969,1.0008,3.12397e-06,0.533574,1,0
4.67773,0.00976562,1.00079,1.62208e-06,0.531622,1,0
4.67773,0.0292969,1.0008,2.77807e-06,0.531622,1,0
4.6582,0.0488281,1.00081,3.93757e-06,0.533574,1,0
4.6582,0.0683594,1.00081,6.05553e-06,0.533574,1,0
4.67773,0.0488281,1.00081,3.65023e-06,0.531622,1,0
4.67773,0.0683594,1.00081,5.67727e-06,0.531622,1,0
4.61914,0.0878906,1.00082,8.95453e-06,0.537478,1,0
4.61914,0.107422,1.00082,1.16614e-05,0.537478,1,0
4.63867,0.0878906,1.00082,8.57802e-06,0.535526,1,0
4.63867,0.107422,1.00082,1.11712e-05,0.535526,1,0
4.61914,0.126953,1.00082,1.44092e-05,0.537478,1,0
4.61914,0.146484,1.00082,1.71539e-05,0.537478,1,0
4.63867,0.126953,1.00082,1.37734e-05,0.535526,1,0
4.63867,0.146484,1.00082,1.64074e-05,0.535526,1,0
4.6582,0.0878906,1.00082,8.15014e-06,0.533574,1,0
4.6582,0.107422,1.00082,1.06422e-05,0.533574,1,0
4.67773,0.0878906,1.00081,7.67415e-06,0.531622,1,0
4.67773,0.107422,1.00081,1.00736e-05,0.531622,1,0
4.6582,0.126953,1.00082,1.3114e-05,0.533574,1,0
4.6582,0.146484,1.00082,1.56455e-05,0.533574,1,0
4.67773,0.126953,1.00081,1.24319e-05,0.531622,1,0
4.67773,0.146484,1.00081,1.48671e-05,0.531622,1,0
4.54102,0.166016,1.00083,2.32339e-05,0.545286,1,0
4.54102,0.185547,1.00083,2.6215e-05,0.545286,1,0
4.56055,0.166016,1.00083,2.23807e-05,0.543334,1,0
4.56055,0.185547,1.00083,2.52631e-05,0.543334,1,0
4.54102,0.205078,1.00082,2.89587e-05,0.545286,1,0
4.54102,0.224609,1.00081,3.1423e-05,0.545286,1,0
4.56055,0.205078,1.00082,2.79266e-05,0.543334,1,0
4.56055,0.224609,1.00081,3.03183e-05,0.543334,1,0
4.58008,0.166016,1.00083,2.15348e-05,0.541382,1,0
4.58008,0.185547,1.00082,2.43161e-05,0.541382,1,0
4.59961,0.166016,1.00082,2.06903e-05,0.53943,1,0
4.59961,0.185547,1.00082,2.33703e-05,0.53943,1,0
4.58008,0.205078,1.00082,2.6896e-05,0.541382,1,0
4.58008,0.224609,1.00081,2.92127e-05,0.541382,1,0
4.59961,0.205078,1.00082,2.58642e-05,0.53943,1,0
4.59961,0.224609,1.00081,2.81046e-05,0.53943,1,0
4.54102,0.244141,1.0008,3.34689e-05,0.545286,1,0
4.54102,0.263672,1.00076,3.49768e-05,0.545286,1,0
4.56055,0.244141,1.0008,3.23062e-05,0.543334,1,0
4.56055,0.263672,1.00076,3.37661e-05,0.543335,1,0
4.54102,0.283203,1.00067,3.57181e-05,0.545287,1,0
4.54102,0.302734,1.00042,3.54317e-05,0.545287,1,0
4.56055,0.283203,1.00067,3.44741e-05,0.543335,1,0
4.56055,0.302734,1.00043,3.41693e-05,0.543335,1,0
4.58008,0.244141,1.00079,3.11404e-05,0.541382,1,0
4.58008,0.263672,1.00076,3.25508e-05,0.541383,1,0
4.59961,0.244141,1.00079,2.99705e-05,0.53943,1,0
4.59961,0.263672,1.00076,3.13302e-05,0.53943,1,0
4.58008,0.283203,1.00067,3.32246e-05,0.541383,1,0
4.58008,0.302734,1.00043,3.29013e-05,0.541383,1,0
4.59961,0.283203,1.00067,3.19693e-05,0.539431,1,0
4.59961,0.302734,1.00043,3.16274e-05,0.539431,1,0
4.61914,0.166016,1.00082,1.98412e-05,0.537478,1,0
4.61914,0.185547,1.00082,2.24217e-05,0.537478,1,0
4.63867,0.166016,1.00082,1.89833e-05,0.535526,1,0
4.63867,0.185547,1.00081,2.14673e-05,0.535526,1,0
4.61914,0.205078,1.00081,2.48286e-05,0.537478,1,0
4.61914,0.224609,1.00081,2.69924e-05,0.537478,1,0
4.63867,0.205078,1.00081,2.37872e-05,0.535526,1,0
4.63867,0.224609,1.0008,2.58747e-05,0.535526,1,0
4.6582,0.166016,1.00081,1.81142e-05,0.533574,1,0
4.6582,0.185547,1.00081,2.05051e-05,0.533574,1,0
4.67773,0.166016,1.00081,1.72338e-05,0.531622,1,0
4.67773,0.185547,1.00081,1.95346e-05,0.531622,1,0
4.6582,0.205078,1.00081,2.27388e-05,0.533574,1,0
4.6582,0.224609,1.0008,2.47508e-05,0.533574,1,0
4.67773,0.205078,1.00081,2.16832e-05,0.531622,1,0
4.67773,0.224609,1.0008,2.36204e-05,0.531622,1,0
4.61914,0.244141,1.00079,2.87954e-05,0.537478,1,0
4.61914,0.263672,1.00076,3.01039e-05,0.537478,1,0
4.63867,0.244141,1.00079,2.76143e-05,0.535526,1,0
4.63867,0.263672,1.00076,2.88711e-05,0.535526,1,0
4.61914,0.283203,1.00067,3.07075e-05,0.537479,1,0
4.61914,0.302734,1.00043,3.03474e-05,0.537479,1,0
4.63867,0.283203,1.00067,2.9439e-05,0.535527,1,0
4.63867,0.302734,1.00043,2.90612e-05,0.535527,1,0
4.6582,0.244141,1.00079,2.64265e-05,0.533574,1,0
4.6582,0.263672,1.00075,2.76314e-05,0.533574,1,0
4.67773,0.244141,1.00079,2.52319e-05,0.531622,1,0
4.67773,0.263672,1.00075,2.63847e-05,0.531622,1,0
4.6582,0.283203,1.00067,2.81635e-05,0.533575,1,0
4.6582,0.302734,1.00043,2.77686e-05,0.533575,1,0
4.67773,0.283203,1.00067,2.68805e-05,0.531622,1,0
4.67773,0.302734,1.00043,2.64692e-05,0.531623,1,0
4.38477,0.322266,0.999757,4.36184e-05,0.560903,1,0
4.38477,0.341797,0.99808,3.99455e-05,0.560903,1,0
4.4043,0.322266,0.999759,4.24056e-05,0.558951,1,0
4.4043,0.341797,0.998085,3.87545e-05,0.558951,1,0
4.38477,0.361328,0.993993,3.39006e-05,0.560903,1,0
4.38477,0.380859,0.98454,2.56408e-05,0.560903,1,0
4.4043,0.361328,0.994001,3.2778e-05,0.558951,1,0
4.4043,0.380859,0.984549,2.46547e-05,0.558951,1,0
4.42383,0.322266,0.999762,4.11858e-05,0.556999,1,0
4.42383,0.341797,0.99809,3.75589e-05,0.556999,1,0
4.44336,0.322266,0.999765,3.99596e-05,0.555047,1,0
4.44336,0.341797,0.998094,3.63593e-05,0.555047,1,0
4.42383,0.361328,0.994008,3.16547e-05,0.556999,1,0
4.42383,0.380859,0.984558,2.36725e-05,0.556999,1,0
4.44336,0.361328,0.994014,3.05311e-05,0.555047,1,0
4.44336,0.380859,0.984566,2.26944e-05,0.555047,1,0
4.38477,0.400391,0.963927,1.61501e-05,0.560903,1,0
4.38477,0.419922,0.921724,7.63138e-06,0.560903,1,0
4.4043,0.400391,0.963936,1.53911e-05,0.558951,1,0
4.4043,0.419922,0.921731,7.16246e-06,0.558951,1,0
4.38477,0.439453,0.840798,2.26615e-06,0.560903,1,0
4.38477,0.458984,0.695584,5.32004e-07,0.560903,1,0
4.4043,0.439453,0.840801,2.07514e-06,0.558951,1,0
4.4043,0.458984,0.695585,4.86309e-07,0.558951,1,0
4.42383,0.400391,0.963945,1.46404e-05,0.556999,1,0
4.42383,0.419922,0.921738,6.70397e-06,0.556999,1,0
4.44336,0.400391,0.963953,1.38987e-05,0.555047,1,0
4.44336,0.419922,0.921744,6.25624e-06,0.555047,1,0
4.42383,0.439453,0.840805,1.89251e-06,0.556999,1,0
4.42383,0.458984,0.695586,4.43149e-07,0.556999,1,0
4.44336,0.439453,0.840808,1.71831e-06,0.555047,1,0
4.44336,0.458984,0.695587,4.02447e-07,0.555047,1,0
4.46289,0.322266,0.999767,3.87273e-05,0.553095,1,0
4.46289,0.341797,0.998099,3.5156e-05,0.553095,1,0
4.48242,0.322266,0.99977,3.74896e-05,0.551143,1,0
4.48242,0.341797,0.998104,3.39495e-05,0.551143,1,0
4.46289,0.361328,0.994021,2.94074e-05,0.553095,1,0
4.46289,0.380859,0.984574,2.17209e-05,0.553095,1,0
4.48242,0.361328,0.994028,2.82843e-05,0.551143,1,0
4.48242,0.380859,0.984582,2.07526e-05,0.551143,1,0
4.50195,0.322266,0.999772,3.62469e-05,0.549191,1,0
4.50195,0.341797,0.998108,3.27402e-05,0.549191,1,0
4.52148,0.322266,0.999775,3.49995e-05,0.547239,1,0
4.52148,0.341797,0.998113,3.15283e-05,0.547239,1,0
4.50195,0.361328,0.994034,2.7162e-05,0.549191,1,0
4.50195,0.380859,0.98459,1.97898e-05,0.549191,1,0
4.52148,0.361328,0.994041,2.60408e-05,0.547239,1,0
4.52148,0.380859,0.984598,1.88332e-05,0.547239,1,0
4.46289,0.400391,0.963961,1.31662e-05,0.553095,1,0
4.46289,0.419922,0.92175,5.81968e-06,0.553095,1,0
4.48242,0.400391,0.963969,1.24436e-05,0.551143,1,0
4.48242,0.419922,0.921756,5.39465e-06,0.551143,1,0
4.46289,0.439453,0.840811,1.5526e-06,0.553095,1,0
4.46289,0.458984,0.695588,3.64118e-07,0.553095,1,0
4.48242,0.439453,0.840813,1.39544e-06,0.551143,1,0
4.48242,0.458984,0.695589,3.28093e-07,0.551143,1,0
4.50195,0.400391,0.963976,1.17313e-05,0.549191,1,0
4.50195,0.419922,0.921761,4.98159e-06,0.549191,1,0
4.52148,0.400391,0.963984,1.10299e-05,0.547239,1,0
4.52148,0.419922,0.921766,4.58089e-06,0.547239,1,0
4.50195,0.439453,0.840816,1.24689e-06,0.549191,1,0
4.50195,0.458984,0.695589,2.94252e-07,0.549191,1,0
4.52148,0.439453,0.840818,1.107e-06,0.547239,1,0
4.52148,0.458984,0.69559,2.62498e-07,0.547239,1,0
4.38477,0.478516,0.451544,1.53413e-07,0.560903,1,0
4.38477,0.498047,0.0664591,1.80666e-08,0.560903,0.6,0
4.4043,0.478516,0.451544,1.40122e-07,0.558951,1,0
4.4043,0.498047,0.0664593,1.95384e-08,0.558951,0.6,0
4.42383,0.478516,0.451545,1.27393e-07,0.556999,1,0
4.42383,0.498047,0.0664594,2.07982e-08,0.556999,0.6,0
4.44336,0.478516,0.451545,1.1521e-07,0.555047,1,0
4.44336,0.498047,0.0664595,2.18569e-08,0.555047,0.6,0
4.46289,0.478516,0.451545,1.03586e-07,0.553095,1,0
4.46289,0.498047,0.0664596,2.27973e-08,0.553095,0.6,0
4.48242,0.478516,0.451545,9.2554e-08,0.551143,1,0
4.48242,0.498047,0.0664597,2.36217e-08,0.551143,0.6,0
4.50195,0.478516,0.451545,8.21312e-08,0.549191,1,0
4.50195,0.498047,0.0664598,2.415e-08,0.549191,0.6,0
4.52148,0.478516,0.451545,7.23414e-08,0.547239,1,0
4.52148,0.498047,0.0664599,2.43693e-08,0.547239,0.6,0
4.54102,0.322266,0.999778,3.37476e-05,0.545287,1,0
4.54102,0.341797,0.998117,3.0314e-05,0.545287,1,0
4.56055,0.322266,0.99978,3.24911e-05,0.543335,1,0
4.56055,0.341797,0.998122,2.90975e-05,0.543335,1,0
4.54102,0.361328,0.994047,2.49212e-05,0.545287,1,0
4.54102,0.380859,0.984605,1.78832e-05,0.545287,1,0
4.56055,0.361328,0.994053,2.38034e-05,0.543335,1,0
4.56055,0.380859,0.984612,1.69406e-05,0.543335,1,0
4.58008,0.322266,0.999783,3.123e-05,0.541383,1,0
4.58008,0.341797,0.998126,2.78789e-05,0.541383,1,0
4.59961,0.322266,0.999785,2.99642e-05,0.539431,1,0
4.59961,0.341797,0.99813,2.66584e-05,0.539431,1,0
4.58008,0.361328,0.994059,2.26879e-05,0.541383,1,0
4.58008,0.380859,0.984619,1.60059e-05,0.541383,1,0
4.59961,0.361328,0.994065,2.15752e-05,0.539431,1,0
4.59961,0.380859,0.984626,1.508e-05,0.539431,1,0
4.54102,0.400391,0.963991,1.034e-05,0.545287,1,0
4.54102,0.419922,0.921771,4.19299e-06,0.545287,1,0
4.56055,0.400391,0.963997,9.66233e-06,0.543335,1,0
4.56055,0.419922,0.921775,3.81827e-06,0.543335,1,0
4.54102,0.439453,0.84082,9.75781e-07,0.545287,1,0
4.54102,0.458984,0.69559,2.32724e-07,0.545287,1,0
4.56055,0.439453,0.840822,8.53229e-07,0.543335,1,0
4.56055,0.458984,0.695591,2.048e-07,0.543335,1,0
4.58008,0.400391,0.964004,8.99749e-06,0.541383,1,0
4.58008,0.419922,0.92178,3.45716e-06,0.541383,1,0
4.59961,0.400391,0.96401,8.34612e-06,0.539431,1,0
4.59961,0.419922,0.921784,3.11006e-06,0.539431,1,0
4.58008,0.439453,0.840824,7.39288e-07,0.541383,1,0
4.58008,0.458984,0.695591,1.78533e-07,0.541383,1,0
4.59961,0.439453,0.840825,6.33861e-07,0.539431,1,0
4.59961,0.458984,0.695591,1.5377e-07,0.539431,1,0
4.61914,0.322266,0.999788,2.86936e-05,0.537479,1,0
4.61914,0.341797,0.998134,2.54365e-05,0.537479,1,0
4.63867,0.322266,0.99979,2.74184e-05,0.535527,1,0
4.63867,0.341797,0.998138,2.42135e-05,0.535527,1,0
4.61914,0.361328,0.994071,2.04659e-05,0.537479,1,0
4.61914,0.380859,0.984633,1.41639e-05,0.537479,1,0
4.63867,0.361328,0.994076,1.93605e-05,0.535527,1,0
4.63867,0.380859,0.984639,1.3258e-05,0.535527,1,0
4.6582,0.322266,0.999792,2.61385e-05,0.533575,1,0
4.6582,0.341797,0.998142,2.29895e-05,0.533575,1,0
4.67773,0.322266,0.999795,2.48534e-05,0.531623,1,0
4.67773,0.341797,0.998146,2.17641e-05,0.531623,1,0
4.6582,0.361328,0.994082,1.82592e-05,0.533575,1,0
4.6582,0.380859,0.984645,1.23626e-05,0.533575,1,0
4.67773,0.361328,0.994087,1.71613e-05,0.531623,1,0
4.67773,0.380859,0.984651,1.14774e-05,0.531623,1,0
4.61914,0.400391,0.964016,7.70873e-06,0.537479,1,0
4.61914,0.419922,0.921787,2.77739e-06,0.537479,1,0
4.63867,0.400391,0.964021,7.08558e-06,0.535527,1,0
4.63867,0.419922,0.921791,2.45962e-06,0.535527,1,0
4.61914,0.439453,0.840826,5.36827e-07,0.537479,1,0
4.61914,0.458984,0.695592,1.30427e-07,0.537479,1,0
4.63867,0.439453,0.840828,4.48007e-07,0.535527,1,0
4.63867,0.458984,0.695592,1.08492e-07,0.535527,1,0
4.6582,0.400391,0.964027,6.47659e-06,0.533575,1,0
4.6582,0.419922,0.921794,2.15723e-06,0.533575,1,0
4.67773,0.400391,0.964031,5.88114e-06,0.531623,1,0
4.67773,0.419922,0.921797,1.87077e-06,0.531623,1,0
4.6582,0.439453,0.840829,3.67167e-07,0.533575,1,0
4.6582,0.458984,0.695592,8.7937e-08,0.533575,1,0
4.67773,0.439453,0.84083,2.94104e-07,0.531623,1,0
4.67773,0.458984,0.695592,6.87129e-08,0.531623,1,0
4.54102,0.478516,0.451546,6.32047e-08,0.545287,1,0
4.54102,0.498047,0.06646,2.44632e-08,0.545287,0.6,0
4.56055,0.478516,0.451546,5.46984e-08,0.543335,1,0
4.56055,0.498047,0.0664601,2.45244e-08,0.543335,0.6,0
4.58008,0.478516,0.451546,4.6763e-08,0.541383,1,0
4.58008,0.498047,0.0664601,2.4378e-08,0.541383,0.6,0
4.59961,0.478516,0.451546,3.94049e-08,0.539431,1,0
4.59961,0.498047,0.0664602,2.38674e-08,0.539431,0.6,0
4.61914,0.478516,0.451546,3.26911e-08,0.537479,1,0
4.61914,0.498047,0.0664602,2.30186e-08,0.537479,0.6,0
4.63867,0.478516,0.451546,2.66412e-08,0.535527,1,0
4.63867,0.498047,0.0664603,2.19522e-08,0.535527,0.6,0
4.6582,0.478516,0.451546,2.1131e-08,0.533575,1,0
4.6582,0.498047,0.0664603,2.07098e-08,0.533575,0.6,0
4.67773,0.478516,0.451546,1.60264e-08,0.531623,1,0
4.67773,0.498047,0.0664604,1.93146e-08,0.531623,0.6,0
4.69727,0.00976562,1.00079,1.25104e-06,0.529669,1,0
4.69727,0.0292969,1.0008,2.25671e-06,0.52967,1,0
4.7168,0.00976562,1.00079,7.93182e-07,0.527717,1,0
4.7168,0.0292969,1.0008,1.65161e-06,0.527718,1,0
4.69727,0.0488281,1.00081,3.28392e-06,0.52967,1,0
4.69727,0.0683594,1.00081,5.22034e-06,0.52967,1,0
4.7168,0.0488281,1.0008,2.87596e-06,0.527718,1,0
4.7168,0.0683594,1.00081,4.71786e-06,0.527718,1,0
4.73633,0.00976562,1.00079,3.33982e-07,0.525765,1,0
4.73633,0.0292969,1.0008,1.06173e-06,0.525765,1,0
4.75586,0.00976562,1.00079,-4.94639e-08,0.523813,1,0
4.75586,0.0292969,1.0008,5.73175e-07,0.523813,1,0
4.73633,0.0488281,1.0008,2.46795e-06,0.525766,1,0
4.73633,0.0683594,1.00081,4.20842e-06,0.525766,1,0
4.75586,0.0488281,1.0008,2.09733e-06,0.523814,1,0
4.75586,0.0683594,1.0008,3.72819e-06,0.523814,1,0
4.69727,0.0878906,1.00081,7.16211e-06,0.52967,1,0
4.69727,0.107422,1.00081,9.47224e-06,0.52967,1,0
4.7168,0.0878906,1.00081,6.63188e-06,0.527718,1,0
4.7168,0.107422,1.00081,8.85044e-06,0.527718,1,0
4.69727,0.126953,1.00081,1.17323e-05,0.52967,1,0
4.69727,0.146484,1.00081,1.40749e-05,0.52967,1,0
4.7168,0.126953,1.00081,1.10235e-05,0.527718,1,0
4.7168,0.146484,1.00081,1.32737e-05,0.527718,1,0
4.73633,0.0878906,1.00081,6.1032e-06,0.525766,1,0
4.73633,0.107422,1.00081,8.22347e-06,0.525766,1,0
4.75586,0.0878906,1.00081,5.59379e-06,0.523814,1,0
4.75586,0.107422,1.00081,7.60631e-06,0.523814,1,0
4.73633,0.126953,1.00081,1.0315e-05,0.525766,1,0
4.73633,0.146484,1.00081,1.24702e-05,0.525766,1,0
4.75586,0.126953,1.00081,9.61547e-06,0.523814,1,0
4.75586,0.146484,1.0008,1.16707e-05,0.523814,1,0
4.77539,0.00976562,1.00079,-3.02785e-07,0.521861,1,0
4.77539,0.0292969,1.00079,2.43626e-07,0.521862,1,0
4.79492,0.00976562,1.00079,-4.02546e-07,0.519909,1,0
4.79492,0.0292969,1.00079,9.41696e-08,0.51991,1,0
4.77539,0.0488281,1.0008,1.79067e-06,0.521862,1,0
4.77539,0.0683594,1.0008,3.30423e-06,0.521862,1,0
4.79492,0.0488281,1.0008,1.55975e-06,0.51991,1,0
4.79492,0.0683594,1.0008,2.95026e-06,0.51991,1,0
4.81445,0.00976562,1.00079,-3.57424e-07,0.517958,1,0
4.81445,0.0292969,1.00079,1.09261e-07,0.517958,1,0
4.83398,0.00976562,1.00079,-2.0295e-07,0.516006,1,0
4.83398,0.0292969,1.00079,2.43928e-07,0.516006,1,0
4.81445,0.0488281,1.0008,1.40103e-06,0.517958,1,0
4.81445,0.0683594,1.0008,2.66568e-06,0.517958,1,0
4.83398,0.0488281,1.0008,1.29838e-06,0.516006,1,0
4.83398,0.0683594,1.0008,2.43767e-06,0.516006,1,0
4.77539,0.0878906,1.0008,5.1162e-06,0.521862,1,0
4.77539,0.107422,1.0008,7.01087e-06,0.521862,1,0
4.79492,0.0878906,1.0008,4.67599e-06,0.51991,1,0
4.79492,0.107422,1.0008,6.44411e-06,0.51991,1,0
4.77539,0.126953,1.0008,8.93151e-06,0.521862,1,0
4.77539,0.146484,1.0008,1.08809e-05,0.521862,1,0
4.79492,0.126953,1.0008,8.26661e-06,0.51991,1,0
4.79492,0.146484,1.0008,1.01043e-05,0.51991,1,0
4.81445,0.0878906,1.0008,4.27169e-06,0.517958,1,0
4.81445,0.107422,1.0008,5.90752e-06,0.517958,1,0
4.83398,0.0878906,1.0008,3.89631e-06,0.516006,1,0
4.83398,0.107422,1.0008,5.39795e-06,0.516006,1,0
4.81445,0.126953,1.0008,7.62109e-06,0.517958,1,0
4.81445,0.146484,1.0008,9.34271e-06,0.517958,1,0
4.83398,0.126953,1.0008,6.99293e-06,0.516006,1,0
4.83398,0.146484,1.0008,8.59607e-06,0.516006,1,0
4.69727,0.166016,1.00081,1.63444e-05,0.52967,1,0
4.69727,0.185547,1.00081,1.8557e-05,0.52967,1,0
4.7168,0.166016,1.00081,1.54496e-05,0.527718,1,0
4.7168,0.185547,1.00081,1.75744e-05,0.527718,1,0
4.69727,0.205078,1.0008,2.06214e-05,0.52967,1,0
4.69727,0.224609,1.0008,2.2484e-05,0.52967,1,0
4.7168,0.205078,1.0008,1.9555e-05,0.527718,1,0
4.7168,0.224609,1.0008,2.13424e-05,0.527718,1,0
4.73633,0.166016,1.00081,1.4554e-05,0.525766,1,0
4.73633,0.185547,1.0008,1.65899e-05,0.525766,1,0
4.75586,0.166016,1.0008,1.36621e-05,0.523814,1,0
4.75586,0.185547,1.0008,1.56064e-05,0.523814,1,0
4.73633,0.205078,1.0008,1.84861e-05,0.525766,1,0
4.73633,0.224609,1.00079,2.0197e-05,0.525766,1,0
4.75586,0.205078,1.0008,1.74169e-05,0.523814,1,0
4.75586,0.224609,1.00079,1.90492e-05,0.523814,1,0
4.69727,0.244141,1.00078,2.40307e-05,0.52967,1,0
4.69727,0.263672,1.00075,2.51308e-05,0.52967,1,0
4.7168,0.244141,1.00078,2.28234e-05,0.527718,1,0
4.7168,0.263672,1.00075,2.38698e-05,0.527718,1,0
4.69727,0.283203,1.00067,2.55899e-05,0.52967,1,0
4.69727,0.302734,1.00043,2.51625e-05,0.529671,1,0
4.7168,0.283203,1.00067,2.42912e-05,0.527718,1,0
4.7168,0.302734,1.00043,2.38478e-05,0.527718,1,0
4.73633,0.244141,1.00078,2.16107e-05,0.525766,1,0
4.73633,0.263672,1.00075,2.26019e-05,0.525766,1,0
4.75586,0.244141,1.00078,2.03935e-05,0.523814,1,0
4.75586,0.263672,1.00075,2.13277e-05,0.523814,1,0
4.73633,0.283203,1.00067,2.29845e-05,0.525766,1,0
4.73633,0.302734,1.00043,2.25249e-05,0.525766,1,0
4.75586,0.283203,1.00067,2.16701e-05,0.523814,1,0
4.75586,0.302734,1.00044,2.11942e-05,0.523814,1,0
4.77539,0.166016,1.0008,1.27775e-05,0.521862,1,0
4.77539,0.185547,1.0008,1.46269e-05,0.521862,1,0
4.79492,0.166016,1.0008,1.19027e-05,0.51991,1,0
4.79492,0.185547,1.0008,1.36535e-05,0.51991,1,0
4.77539,0.205078,1.0008,1.63495e-05,0.521862,1,0
4.77539,0.224609,1.00079,1.79004e-05,0.521862,1,0
4.79492,0.205078,1.0008,1.52856e-05,0.51991,1,0
4.79492,0.224609,1.00079,1.67521e-05,0.51991,1,0
4.81445,0.166016,1.0008,1.10389e-05,0.517958,1,0
4.81445,0.185547,1.0008,1.26878e-05,0.517958,1,0
4.83398,0.166016,1.0008,1.01865e-05,0.516006,1,0
4.83398,0.185547,1.0008,1.1731e-05,0.516006,1,0
4.81445,0.205078,1.00079,1.42267e-05,0.517958,1,0
4.81445,0.224609,1.00079,1.56055e-05,0.517958,1,0
4.83398,0.205078,1.00079,1.31738e-05,0.516006,1,0
4.83398,0.224609,1.00079,1.44623e-05,0.516006,1,0
4.77539,0.244141,1.00078,1.9173e-05,0.521862,1,0
4.77539,0.263672,1.00075,2.00479e-05,0.521862,1,0
4.79492,0.244141,1.00078,1.79502e-05,0.51991,1,0
4.79492,0.263672,1.00075,1.87637e-05,0.51991,1,0
4.77539,0.283203,1.00067,2.03487e-05,0.521862,1,0
4.77539,0.302734,1.00044,1.98568e-05,0.521862,1,0
4.79492,0.283203,1.00067,1.90218e-05,0.51991,1,0
4.79492,0.302734,1.00044,1.85142e-05,0.51991,1,0
4.81445,0.244141,1.00078,1.67266e-05,0.517958,1,0
4.81445,0.263672,1.00075,1.74763e-05,0.517958,1,0
4.83398,0.244141,1.00078,1.55036e-05,0.516006,1,0
4.83398,0.263672,1.00075,1.61874e-05,0.516006,1,0
4.81445,0.283203,1.00067,1.76906e-05,0.517958,1,0
4.81445,0.302734,1.00044,1.71684e-05,0.517958,1,0
4.83398,0.283203,1.00067,1.63569e-05,0.516006,1,0
4.83398,0.302734,1.00044,1.5821e-05,0.516006,1,0
4.85352,0.00976562,1.00079,8.71037e-09,0.514054,1,0
4.85352,0.0292969,1.00079,4.36303e-07,0.514054,1,0
4.87305,0.00976562,1.00079,2.21452e-07,0.512102,1,0
4.87305,0.0292969,1.00079,6.22498e-07,0.512102,1,0
4.85352,0.0488281,1.00079,1.22814e-06,0.514054,1,0
4.85352,0.0683594,1.0008,2.24572e-06,0.514054,1,0
4.87305,0.0488281,1.00079,1.16534e-06,0.512102,1,0
4.87305,0.0683594,1.0008,2.06749e-06,0.512102,1,0
4.89258,0.00976562,1.00079,3.8744e-07,0.51015,1,0
4.89258,0.0292969,1.00079,7.50405e-07,0.51015,1,0
4.91211,0.00976562,1.00079,4.76181e-07,0.508198,1,0
4.91211,0.0292969,1.00079,7.89428e-07,0.508197,1,0
4.89258,0.0488281,1.00079,1.08962e-06,0.51015,1,0
4.89258,0.0683594,1.00079,1.88442e-06,0.51015,1,0
4.91211,0.0488281,1.00079,9.89467e-07,0.508197,1,0
4.91211,0.0683594,1.00079,1.6861e-06,0.508197,1,0
4.85352,0.0878906,1.0008,3.54004e-06,0.514054,1,0
4.85352,0.107422,1.0008,4.90942e-06,0.514054,1,0
4.87305,0.0878906,1.0008,3.19345e-06,0.512102,1,0
4.87305,0.107422,1.0008,4.43571e-06,0.512102,1,0
4.85352,0.126953,1.0008,6.37911e-06,0.514054,1,0
4.85352,0.146484,1.0008,7.86365e-06,0.514054,1,0
4.87305,0.126953,1.0008,5.77735e-06,0.512102,1,0
4.87305,0.146484,1.00079,7.14518e-06,0.512102,1,0
4.89258,0.0878906,1.00079,2.85043e-06,0.51015,1,0
4.89258,0.107422,1.00079,3.97278e-06,0.51015,1,0
4.91211,0.0878906,1.00079,2.51021e-06,0.508197,1,0
4.91211,0.107422,1.00079,3.52073e-06,0.508197,1,0
4.89258,0.126953,1.00079,5.18768e-06,0.51015,1,0
4.89258,0.146484,1.00079,6.44204e-06,0.51015,1,0
4.91211,0.126953,1.00079,4.61354e-06,0.508197,1,0
4.91211,0.146484,1.00079,5.75821e-06,0.508197,1,0
4.93164,0.00976562,1.00079,4.78717e-07,0.506245,1,0
4.93164,0.0292969,1.00079,7.34374e-07,0.506245,1,0
4.95117,0.00976562,1.00079,4.06549e-07,0.504293,1,0
4.95117,0.0292969,1.00079,6.0321e-07,0.504293,1,0
4.93164,0.0488281,1.00079,8.64108e-07,0.506245,1,0
4.93164,0.0683594,1.00079,1.47226e-06,0.506245,1,0
4.95117,0.0488281,1.00079,7.22627e-07,0.504293,1,0
4.95117,0.0683594,1.00079,1.25226e-06,0.504293,1,0
4.9707,0.00976562,1.00079,2.86102e-07,0.502341,1,0
4.9707,0.0292969,1.00079,4.29862e-07,0.502341,1,0
4.99023,0.00976562,1.00079,1.50568e-07,0.500389,1,0
4.99023,0.0292969,1.00079,2.54263e-07,0.500389,1,0
4.9707,0.0488281,1.00079,5.80881e-07,0.502341,1,0
4.9707,0.0683594,1.00079,1.0422e-06,0.502341,1,0
4.99023,0.0488281,1.00079,4.57028e-07,0.500389,1,0
4.99023,0.0683594,1.00079,8.60592e-07,0.500389,1,0
4.93164,0.0878906,1.00079,2.17808e-06,0.506245,1,0
4.93164,0.107422,1.00079,3.08455e-06,0.506245,1,0
4.95117,0.0878906,1.00079,1.86447e-06,0.504293,1,0
4.95117,0.107422,1.00079,2.67376e-06,0.504293,1,0
4.93164,0.126953,1.00079,4.06209e-06,0.506245,1,0
4.93164,0.146484,1.00079,5.10062e-06,0.506245,1,0
4.95117,0.126953,1.00079,3.54368e-06,0.504293,1,0
4.95117,0.146484,1.00079,4.47882e-06,0.504293,1,0
4.9707,0.0878906,1.00079,1.58284e-06,0.502341,1,0
4.9707,0.107422,1.00079,2.30073e-06,0.502341,1,0
4.99023,0.0878906,1.00079,1.34671e-06,0.500389,1,0
4.99023,0.107422,1.00079,1.97824e-06,0.500389,1,0
4.9707,0.126953,1.00079,3.07035e-06,0.502341,1,0
4.9707,0.146484,1.00079,3.90393e-06,0.502341,1,0
4.99023,0.126953,1.00079,2.65389e-06,0.500389,1,0
4.99023,0.146484,1.00079,3.38708e-06,0.500389,1,0
4.85352,0.166016,1.0008,9.34564e-06,0.514054,1,0
4.85352,0.185547,1.00079,1.07842e-05,0.514054,1,0
4.87305,0.166016,1.00079,8.51727e-06,0.512102,1,0
4.87305,0.185547,1.00079,9.84944e-06,0.512102,1,0
4.85352,0.205078,1.00079,1.21288e-05,0.514054,1,0
4.85352,0.224609,1.00079,1.33244e-05,0.514054,1,0
4.87305,0.205078,1.00079,1.1094e-05,0.512102,1,0
4.87305,0.224609,1.00079,1.21948e-05,0.512102,1,0
4.89258,0.166016,1.00079,7.70405e-06,0.51015,1,0
4.89258,0.185547,1.00079,8.93019e-06,0.51015,1,0
4.91211,0.166016,1.00079,6.91092e-06,0.508197,1,0
4.91211,0.185547,1.00079,8.03178e-06,0.508198,1,0
4.89258,0.205078,1.00079,1.00734e-05,0.51015,1,0
4.89258,0.224609,1.00078,1.1078e-05,0.51015,1,0
4.91211,0.205078,1.00079,9.07293e-06,0.508198,1,0
4.91211,0.224609,1.00078,9.98046e-06,0.508198,1,0
4.85352,0.244141,1.00078,1.42834e-05,0.514054,1,0
4.85352,0.263672,1.00075,1.4899e-05,0.514054,1,0
4.87305,0.244141,1.00078,1.30692e-05,0.512102,1,0
4.87305,0.263672,1.00075,1.36148e-05,0.512102,1,0
4.85352,0.283203,1.00067,1.50228e-05,0.514054,1,0
4.85352,0.302734,1.00044,1.44746e-05,0.514054,1,0
4.87305,0.283203,1.00067,1.36919e-05,0.512102,1,0
4.87305,0.302734,1.00044,1.31331e-05,0.512102,1,0
4.89258,0.244141,1.00078,1.18659e-05,0.51015,1,0
4.89258,0.263672,1.00075,1.23401e-05,0.51015,1,0
4.91211,0.244141,1.00077,1.06805e-05,0.508198,1,0
4.91211,0.263672,1.00075,1.10825e-05,0.508198,1,0
4.89258,0.283203,1.00067,1.23701e-05,0.51015,1,0
4.89258,0.302734,1.00044,1.18026e-05,0.51015,1,0
4.91211,0.283203,1.00067,1.10657e-05,0.508198,1,0
4.91211,0.302734,1.00044,1.04921e-05,0.508198,1,0
4.93164,0.166016,1.00079,6.14537e-06,0.506245,1,0
4.93164,0.185547,1.00079,7.16178e-06,0.506245,1,0
4.95117,0.166016,1.00079,5.4171e-06,0.504293,1,0
4.95117,0.185547,1.00079,6.3297e-06,0.504293,1,0
4.93164,0.205078,1.00079,8.10049e-06,0.506245,1,0
4.93164,0.224609,1.00078,8.91058e-06,0.506246,1,0
4.95117,0.205078,1.00079,7.16598e-06,0.504293,1,0
4.95117,0.224609,1.00078,7.8788e-06,0.504293,1,0
4.9707,0.166016,1.00079,4.73713e-06,0.502341,1,0
4.9707,0.185547,1.00079,5.54635e-06,0.502341,1,0
4.99023,0.166016,1.00079,4.11652e-06,0.500389,1,0
4.99023,0.185547,1.00079,4.82275e-06,0.500389,1,0
4.9707,0.205078,1.00079,6.28058e-06,0.502341,1,0
4.9707,0.224609,1.00078,6.89695e-06,0.502341,1,0
4.99023,0.205078,1.00078,5.45589e-06,0.500389,1,0
4.99023,0.224609,1.00078,5.97739e-06,0.500389,1,0
4.93164,0.244141,1.00077,9.5223e-06,0.506246,1,0
4.93164,0.263672,1.00075,9.85212e-06,0.506246,1,0
4.95117,0.244141,1.00077,8.40252e-06,0.504293,1,0
4.95117,0.263672,1.00075,8.66133e-06,0.504293,1,0
4.93164,0.283203,1.00067,9.78965e-06,0.506246,1,0
4.93164,0.302734,1.00044,9.21356e-06,0.506246,1,0
4.95117,0.283203,1.00067,8.55578e-06,0.504294,1,0
4.95117,0.302734,1.00044,7.98147e-06,0.504294,1,0
4.9707,0.244141,1.00077,7.33407e-06,0.502341,1,0
4.9707,0.263672,1.00075,7.52424e-06,0.502341,1,0
4.99023,0.244141,1.00077,6.33047e-06,0.500389,1,0
4.99023,0.263672,1.00075,6.4557e-06,0.500389,1,0
4.9707,0.283203,1.00067,7.3795e-06,0.502341,1,0
4.9707,0.302734,1.00045,6.81239e-06,0.502341,1,0
4.99023,0.283203,1.00067,6.27688e-06,0.500389,1,0
4.99023,0.302734,1.00045,5.72327e-06,0.500389,1,0
4.69727,0.322266,0.999797,2.35626e-05,0.529671,1,0
4.69727,0.341797,0.99815,2.05363e-05,0.529671,1,0
4.7168,0.322266,0.999799,2.22651e-05,0.527719,1,0
4.7168,0.341797,0.998154,1.93049e-05,0.527719,1,0
4.69727,0.361328,0.994092,1.6066e-05,0.529671,1,0
4.69727,0.380859,0.984656,1.06008e-05,0.529671,1,0
4.7168,0.361328,0.994097,1.4972e-05,0.527719,1,0
4.7168,0.380859,0.984661,9.73113e-06,0.527719,1,0
4.73633,0.322266,0.999802,2.09604e-05,0.525766,1,0
4.73633,0.341797,0.998157,1.80694e-05,0.525767,1,0
4.75586,0.322266,0.999804,1.96491e-05,0.523814,1,0
4.75586,0.341797,0.998161,1.6831e-05,0.523815,1,0
4.73633,0.361328,0.994102,1.38788e-05,0.525767,1,0
4.73633,0.380859,0.984666,8.87016e-06,0.525767,1,0
4.75586,0.361328,0.994106,1.27897e-05,0.523815,1,0
4.75586,0.380859,0.984671,8.02287e-06,0.523815,1,0
4.69727,0.400391,0.964036,5.29853e-06,0.529671,1,0
4.69727,0.419922,0.9218,1.60137e-06,0.529671,1,0
4.7168,0.400391,0.96404,4.73061e-06,0.527719,1,0
4.7168,0.419922,0.921802,1.35015e-06,0.527719,1,0
4.69727,0.439453,0.840831,2.28504e-07,0.529671,1,0
4.69727,0.458984,0.695592,5.06665e-08,0.529671,1,0
4.7168,0.439453,0.840831,1.68922e-07,0.527719,1,0
4.7168,0.458984,0.695593,3.34408e-08,0.527719,1,0
4.73633,0.400391,0.964045,4.18117e-06,0.525767,1,0
4.73633,0.419922,0.921804,1.11515e-06,0.525767,1,0
4.75586,0.400391,0.964048,3.65146e-06,0.523815,1,0
4.75586,0.419922,0.921806,8.91872e-07,0.523815,1,0
4.73633,0.439453,0.840832,1.1298e-07,0.525767,1,0
4.73633,0.458984,0.695593,1.6059e-08,0.525767,1,0
4.75586,0.439453,0.840832,5.82384e-08,0.523815,1,0
4.75586,0.458984,0.695593,-2.12606e-09,0.523815,1,0
4.77539,0.322266,0.999806,1.83331e-05,0.521862,1,0
4.77539,0.341797,0.998164,1.55935e-05,0.521862,1,0
4.79492,0.322266,0.999808,1.70153e-05,0.51991,1,0
4.79492,0.341797,0.998168,1.43612e-05,0.51991,1,0
4.77539,0.361328,0.99411,1.17099e-05,0.521863,1,0
4.77539,0.380859,0.984676,7.19313e-06,0.521863,1,0
4.79492,0.361328,0.994115,1.06431e-05,0.51991,1,0
4.79492,0.380859,0.98468,6.38575e-06,0.51991,1,0
4.81445,0.322266,0.99981,1.56982e-05,0.517958,1,0
4.81445,0.341797,0.998171,1.31364e-05,0.517958,1,0
4.83398,0.322266,0.999812,1.43839e-05,0.516006,1,0
4.83398,0.341797,0.998174,1.19214e-05,0.516006,1,0
4.81445,0.361328,0.994118,9.59304e-06,0.517958,1,0
4.81445,0.380859,0.984684,5.60726e-06,0.517958,1,0
4.83398,0.361328,0.994122,8.56422e-06,0.516006,1,0
4.83398,0.380859,0.984687,4.86089e-06,0.516006,1,0
4.77539,0.400391,0.964052,3.14282e-06,0.521863,1,0
4.77539,0.419922,0.921808,6.8099e-07,0.521863,1,0
4.79492,0.400391,0.964055,2.66204e-06,0.519911,1,0
4.79492,0.419922,0.921809,4.90498e-07,0.519911,1,0
4.77539,0.439453,0.840833,5.59715e-09,0.521863,1,0
4.77539,0.458984,0.695593,-1.9848e-08,0.521863,1,0
4.79492,0.439453,0.840833,-3.85594e-08,0.519911,1,0
4.79492,0.458984,0.695593,-3.48829e-08,0.519911,1,0
4.81445,0.400391,0.964058,2.21472e-06,0.517958,1,0
4.81445,0.419922,0.92181,3.25962e-07,0.517958,1,0
4.83398,0.400391,0.96406,1.7998e-06,0.516006,1,0
4.83398,0.419922,0.921812,1.85018e-07,0.516006,1,0
4.81445,0.439453,0.840833,-7.09805e-08,0.517958,1,0
4.81445,0.458984,0.695593,-4.65983e-08,0.517958,1,0
4.83398,0.439453,0.840833,-9.52612e-08,0.516006,1,0
4.83398,0.458984,0.695593,-5.57327e-08,0.516006,1,0
4.69727,0.478516,0.451546,1.12264e-08,0.529671,1,0
4.69727,0.498047,0.0664604,1.7658e-08,0.529671,0.6,0
4.7168,0.478516,0.451546,6.48673e-09,0.527719,1,0
4.7168,0.498047,0.0664604,1.55088e-08,0.527719,0.6,0
4.73633,0.478516,0.451546,1.53902e-09,0.525767,1,0
4.73633,0.498047,0.0664604,1.30366e-08,0.525767,0.6,0
4.75586,0.478516,0.451546,-3.00078e-09,0.523815,1,0
4.75586,0.498047,0.0664604,1.09522e-08,0.523815,0.6,0
4.77539,0.478516,0.451546,-6.72947e-09,0.521863,1,0
4.77539,0.498047,0.0664604,9.26109e-09,0.521863,0.6,0
4.79492,0.478516,0.451546,-1.05112e-08,0.519911,1,0
4.79492,0.498047,0.0664604,7.03255e-09,0.519911,0.6,0
4.81445,0.478516,0.451546,-1.42614e-08,0.517958,1,0
4.81445,0.498047,0.0664604,4.3948e-09,0.517958,0.6,0
4.83398,0.478516,0.451546,-1.69507e-08,0.516006,1,0
4.83398,0.498047,0.0664604,2.28116e-09,0.516006,0.6,0
4.85352,0.322266,0.999814,1.30749e-05,0.514054,1,0
4.85352,0.341797,0.998177,1.072e-05,0.514054,1,0
4.87305,0.322266,0.999816,1.17755e-05,0.512102,1,0
4.87305,0.341797,0.998179,9.53773e-06,0.512102,1,0
4.85352,0.361328,0.994125,7.56069e-06,0.514054,1,0
4.85352,0.380859,0.98469,4.14806e-06,0.514054,1,0
4.87305,0.361328,0.994129,6.58744e-06,0.512102,1,0
4.87305,0.380859,0.984693,3.47492e-06,0.512102,1,0
4.89258,0.322266,0.999818,1.04924e-05,0.51015,1,0
4.89258,0.341797,0.998182,8.38139e-06,0.51015,1,0
4.91211,0.322266,0.999819,9.235e-06,0.508198,1,0
4.91211,0.341797,0.998184,7.26098e-06,0.508198,1,0
4.89258,0.361328,0.994132,5.65276e-06,0.51015,1,0
4.89258,0.380859,0.984696,2.85126e-06,0.51015,1,0
4.91211,0.361328,0.994134,4.7673e-06,0.508198,1,0
4.91211,0.380859,0.984698,2.28419e-06,0.508198,1,0
4.85352,0.400391,0.964062,1.41633e-06,0.514054,1,0
4.85352,0.419922,0.921812,6.40874e-08,0.514054,1,0
4.87305,0.400391,0.964064,1.07028e-06,0.512102,1,0
4.87305,0.419922,0.921813,-3.44393e-08,0.512102,1,0
4.85352,0.439453,0.840834,-1.14612e-07,0.514054,1,0
4.85352,0.458984,0.695593,-6.2805e-08,0.514054,1,0
4.87305,0.439453,0.840834,-1.29317e-07,0.512102,1,0
4.87305,0.458984,0.695593,-6.87235e-08,0.512102,1,0
4.89258,0.400391,0.964066,7.6881e-07,0.51015,1,0
4.89258,0.419922,0.921814,-1.07286e-07,0.51015,1,0
4.91211,0.400391,0.964067,5.12662e-07,0.508198,1,0
4.91211,0.419922,0.921814,-1.5764e-07,0.508198,1,0
4.89258,0.439453,0.840834,-1.38683e-07,0.51015,1,0
4.89258,0.458984,0.695592,-7.35236e-08,0.51015,1,0
4.91211,0.439453,0.840834,-1.43e-07,0.508198,1,0
4.91211,0.458984,0.695592,-7.60967e-08,0.508198,1,0
4.93164,0.322266,0.999821,8.01575e-06,0.506246,1,0
4.93164,0.341797,0.998186,6.18962e-06,0.506246,1,0
4.95117,0.322266,0.999822,6.85041e-06,0.504294,1,0
4.95117,0.341797,0.998188,5.18149e-06,0.504294,1,0
4.93164,0.361328,0.994137,3.94117e-06,0.506246,1,0
4.93164,0.380859,0.9847,1.77623e-06,0.506246,1,0
4.95117,0.361328,0.994139,3.18303e-06,0.504294,1,0
4.95117,0.380859,0.984702,1.32803e-06,0.504294,1,0
4.9707,0.322266,0.999824,5.756e-06,0.502341,1,0
4.9707,0.341797,0.99819,4.25024e-06,0.502342,1,0
4.99023,0.322266,0.999825,4.74865e-06,0.500389,1,0
4.99023,0.341797,0.998191,3.40829e-06,0.500389,1,0
4.9707,0.361328,0.99414,2.50108e-06,0.502342,1,0
4.9707,0.380859,0.984703,9.40979e-07,0.502342,1,0
4.99023,0.361328,0.994142,1.90303e-06,0.500389,1,0
4.99023,0.380859,0.984704,6.16528e-07,0.500389,1,0
4.93164,0.400391,0.964068,2.98634e-07,0.506246,1,0
4.93164,0.419922,0.921814,-1.91807e-07,0.506246,1,0
4.95117,0.400391,0.964069,1.23684e-07,0.504294,1,0
4.95117,0.419922,0.921814,-2.14366e-07,0.504294,1,0
4.93164,0.439453,0.840834,-1.44109e-07,0.506246,1,0
4.93164,0.458984,0.695592,-7.6476e-08,0.506246,1,0
4.95117,0.439453,0.840833,-1.43817e-07,0.504294,1,0
4.95117,0.458984,0.695592,-7.53889e-08,0.504294,1,0
4.9707,0.400391,0.96407,-1.41859e-08,0.502342,1,0
4.9707,0.419922,0.921814,-2.27585e-07,0.502342,1,0
4.99023,0.400391,0.96407,-1.17003e-07,0.500389,1,0
4.99023,0.419922,0.921815,-2.32493e-07,0.500389,1,0
4.9707,0.439453,0.840833,-1.4273e-07,0.502342,1,0
4.9707,0.458984,0.695592,-7.34047e-08,0.502342,1,0
4.99023,0.439453,0.840833,-1.40481e-07,0.500389,1,0
4.99023,0.458984,0.695592,-7.07568e-08,0.500389,1,0
4.85352,0.478516,0.451546,-1.85926e-08,0.514054,1,0
4.85352,0.498047,0.0664604,7.22578e-10,0.514054,0.6,0
4.87305,0.478516,0.451546,-2.00508e-08,0.512102,1,0
4.87305,0.498047,0.0664604,-7.70164e-10,0.512102,0.6,0
4.89258,0.478516,0.451546,-2.15333e-08,0.51015,1,0
4.89258,0.498047,0.0664604,-2.23957e-09,0.51015,0.6,0
4.91211,0.478516,0.451546,-2.25972e-08,0.508198,1,0
4.91211,0.498047,0.0664603,-3.34366e-09,0.508198,0.6,0
4.93164,0.478516,0.451546,-2.31371e-08,0.506246,1,0
4.93164,0.498047,0.0664603,-3.93102e-09,0.506246,0.6,0
4.95117,0.478516,0.451546,-2.32883e-08,0.504294,1,0
4.95117,0.498047,0.0664603,-4.09309e-09,0.504294,0.6,0
4.9707,0.478516,0.451546,-2.31877e-08,0.502342,1,0
4.9707,0.498047,0.0664603,-4.03177e-09,0.502342,0.6,0
4.99023,0.478516,0.451546,-2.28621e-08,0.500389,1,0
4.99023,0.498047,0.0664602,-3.90709e-09,0.500389,0.6,0
5.00977,0.00976562,1.00079,3.13365e-08,0.498437,1,0
5.00977,0.0292969,1.00079,1.12314e-07,0.498437,1,0
5.0293,0.00976562,1.00079,-4.88882e-08,0.496485,1,0
5.0293,0.0292969,1.00079,2.81093e-08,0.496485,1,0
5.00977,0.0488281,1.00079,3.66874e-07,0.498437,1,0
5.00977,0.0683594,1.00079,7.23646e-07,0.498437,1,0
5.0293,0.0488281,1.00079,3.20122e-07,0.496485,1,0
5.0293,0.0683594,1.00079,6.41306e-07,0.496485,1,0
5.04883,0.00976562,1.00079,-7.99133e-08,0.494533,1,0
5.04883,0.0292969,1.00079,9.97195e-09,0.494533,1,0
5.06836,0.00976562,1.00079,-6.43532e-08,0.492581,1,0
5.06836,0.0292969,1.00079,5.07172e-08,0.492581,1,0
5.04883,0.0488281,1.00079,3.18321e-07,0.494533,1,0
5.04883,0.0683594,1.00079,6.14929e-07,0.494533,1,0
5.06836,0.0488281,1.00079,3.54849e-07,0.492581,1,0
5.06836,0.0683594,1.00079,6.37011e-07,0.492581,1,0
5.00977,0.0878906,1.00079,1.16658e-06,0.498437,1,0
5.00977,0.107422,1.00079,1.71666e-06,0.498437,1,0
5.0293,0.0878906,1.00079,1.04741e-06,0.496485,1,0
5.0293,0.107422,1.00079,1.52156e-06,0.496485,1,0
5.00977,0.126953,1.00079,2.30365e-06,0.498437,1,0
5.00977,0.146484,1.00079,2.93759e-06,0.498437,1,0
5.0293,0.126953,1.00079,2.02459e-06,0.496485,1,0
5.0293,0.146484,1.00079,2.56121e-06,0.496485,1,0
5.04883,0.0878906,1.00079,9.87209e-07,0.494533,1,0
5.04883,0.107422,1.00079,1.39216e-06,0.494533,1,0
5.06836,0.0878906,1.00079,9.77077e-07,0.492581,1,0
5.06836,0.107422,1.00079,1.321e-06,0.492581,1,0
5.04883,0.126953,1.00079,1.81605e-06,0.494533,1,0
5.04883,0.146484,1.00079,2.25893e-06,0.494533,1,0
5.06836,0.126953,1.00079,1.67149e-06,0.492581,1,0
5.06836,0.146484,1.00079,2.02644e-06,0.492581,1,0
5.08789,0.00976562,1.00079,-1.48612e-08,0.490629,1,0
5.08789,0.0292969,1.00079,1.31492e-07,0.490629,1,0
5.10742,0.00976562,1.00079,5.05491e-08,0.488677,1,0
5.10742,0.0292969,1.00079,2.27752e-07,0.488677,1,0
5.08789,0.0488281,1.00079,4.16726e-07,0.490629,1,0
5.08789,0.0683594,1.00079,6.92877e-07,0.490629,1,0
5.10742,0.0488281,1.00079,4.87676e-07,0.488677,1,0
5.10742,0.0683594,1.00079,7.63795e-07,0.488677,1,0
5.12695,0.00976562,1.00079,1.13641e-07,0.486725,1,0
5.12695,0.0292969,1.00079,3.15619e-07,0.486725,1,0
5.14648,0.00976562,1.00079,1.6022e-07,0.484773,1,0
5.14648,0.0292969,1.00079,3.77042e-07,0.484773,1,0
5.12695,0.0488281,1.00079,5.51591e-07,0.486725,1,0
5.12695,0.0683594,1.00079,8.307e-07,0.486725,1,0
5.14648,0.0488281,1.00079,5.95589e-07,0.484773,1,0
5.14648,0.0683594,1.00079,8.77641e-07,0.484773,1,0
5.08789,0.0878906,1.00079,1.00256e-06,0.490629,1,0
5.08789,0.107422,1.00079,1.29488e-06,0.490629,1,0
5.10742,0.0878906,1.00079,1.04608e-06,0.488677,1,0
5.10742,0.107422,1.00079,1.29694e-06,0.488677,1,0
5.08789,0.126953,1.00079,1.5792e-06,0.490629,1,0
5.08789,0.146484,1.00079,1.85453e-06,0.490629,1,0
5.10742,0.126953,1.00079,1.52396e-06,0.488677,1,0
5.10742,0.146484,1.00079,1.73022e-06,0.488677,1,0
5.12695,0.0878906,1.00079,1.08986e-06,0.486725,1,0
5.12695,0.107422,1.00079,1.30929e-06,0.486725,1,0
5.14648,0.0878906,1.00079,1.11868e-06,0.484773,1,0
5.14648,0.107422,1.00079,1.31574e-06,0.484773,1,0
5.12695,0.126953,1.00079,1.48922e-06,0.486725,1,0
5.12695,0.146484,1.00079,1.63862e-06,0.486725,1,0
5.14648,0.126953,1.00079,1.45941e-06,0.484773,1,0
5.14648,0.146484,1.00079,1.56486e-06,0.484773,1,0
5.00977,0.166016,1.00079,3.56477e-06,0.498437,1,0
5.00977,0.185547,1.00079,4.16885e-06,0.498437,1,0
5.0293,0.166016,1.00079,3.08838e-06,0.496485,1,0
5.0293,0.185547,1.00079,3.59211e-06,0.496485,1,0
5.00977,0.205078,1.00078,4.70263e-06,0.498437,1,0
5.00977,0.224609,1.00078,5.13186e-06,0.498437,1,0
5.0293,0.205078,1.00078,4.02944e-06,0.496485,1,0
5.0293,0.224609,1.00078,4.37023e-06,0.496485,1,0
5.04883,0.166016,1.00079,2.68968e-06,0.494533,1,0
5.04883,0.185547,1.00078,3.09645e-06,0.494533,1,0
5.06836,0.166016,1.00079,2.36624e-06,0.492581,1,0
5.06836,0.185547,1.00078,2.68147e-06,0.492581,1,0
5.04883,0.205078,1.00078,3.44171e-06,0.494533,1,0
5.04883,0.224609,1.00078,3.69928e-06,0.494533,1,0
5.06836,0.205078,1.00078,2.94075e-06,0.492581,1,0
5.06836,0.224609,1.00078,3.1218e-06,0.492581,1,0
5.00977,0.244141,1.00077,5.40473e-06,0.498437,1,0
5.00977,0.263672,1.00075,5.47001e-06,0.498437,1,0
5.0293,0.244141,1.00077,4.56802e-06,0.496485,1,0
5.0293,0.263672,1.00075,4.57949e-06,0.496485,1,0
5.00977,0.283203,1.00067,5.26324e-06,0.498437,1,0
5.00977,0.302734,1.00045,4.72969e-06,0.498437,1,0
5.0293,0.283203,1.00067,4.35157e-06,0.496485,1,0
5.0293,0.302734,1.00045,3.84437e-06,0.496485,1,0
5.04883,0.244141,1.00077,3.82836e-06,0.494533,1,0
5.04883,0.263672,1.00075,3.79309e-06,0.494533,1,0
5.06836,0.244141,1.00077,3.18965e-06,0.492581,1,0
5.06836,0.263672,1.00075,3.11531e-06,0.492581,1,0
5.04883,0.283203,1.00067,3.55117e-06,0.494533,1,0
5.04883,0.302734,1.00045,3.07579e-06,0.494533,1,0
5.06836,0.283203,1.00067,2.86638e-06,0.492581,1,0
5.06836,0.302734,1.00045,2.4266e-06,0.492581,1,0
5.08789,0.166016,1.00079,2.11104e-06,0.490629,1,0
5.08789,0.185547,1.00078,2.34238e-06,0.490629,1,0
5.10742,0.166016,1.00078,1.91329e-06,0.488677,1,0
5.10742,0.185547,1.00078,2.07055e-06,0.488677,1,0
5.08789,0.205078,1.00078,2.52356e-06,0.490629,1,0
5.08789,0.224609,1.00078,2.6362e-06,0.490629,1,0
5.10742,0.205078,1.00078,2.18315e-06,0.488677,1,0
5.10742,0.224609,1.00078,2.23667e-06,0.488677,1,0
5.12695,0.166016,1.00078,1.75987e-06,0.486725,1,0
5.12695,0.185547,1.00078,1.85456e-06,0.486725,1,0
5.14648,0.166016,1.00078,1.63697e-06,0.484773,1,0
5.14648,0.185547,1.00078,1.68162e-06,0.484773,1,0
5.12695,0.205078,1.00078,1.90938e-06,0.486725,1,0
5.12695,0.224609,1.00078,1.91392e-06,0.486725,1,0
5.14648,0.205078,1.00078,1.69023e-06,0.484773,1,0
5.14648,0.224609,1.00078,1.65629e-06,0.484773,1,0
5.08789,0.244141,1.00077,2.65112e-06,0.490629,1,0
5.08789,0.263672,1.00075,2.54562e-06,0.490629,1,0
5.10742,0.244141,1.00077,2.2075e-06,0.488677,1,0
5.10742,0.263672,1.00075,2.07859e-06,0.488677,1,0
5.08789,0.283203,1.00067,2.29589e-06,0.490629,1,0
5.08789,0.302734,1.00045,1.89378e-06,0.490629,1,0
5.10742,0.283203,1.00067,1.83323e-06,0.488677,1,0
5.10742,0.302734,1.00045,1.46957e-06,0.488677,1,0
5.12695,0.244141,1.00077,1.84969e-06,0.486725,1,0
5.12695,0.263672,1.00075,1.70468e-06,0.486725,1,0
5.14648,0.244141,1.00077,1.56594e-06,0.484773,1,0
5.14648,0.263672,1.00075,1.41148e-06,0.484773,1,0
5.12695,0.283203,1.00067,1.46788e-06,0.486725,1,0
5.12695,0.302734,1.00045,1.1422e-06,0.486725,1,0
5.14648,0.283203,1.00067,1.18643e-06,0.484773,1,0
5.14648,0.302734,1.00045,8.97042e-07,0.484773,1,0
5.16602,0.00976562,1.00079,1.8264e-07,0.48282,1,0
5.16602,0.0292969,1.00079,4.02726e-07,0.48282,1,0
5.18555,0.00976562,1.00079,1.80257e-07,0.480868,1,0
5.18555,0.0292969,1.00079,3.92514e-07,0.480868,1,0
5.16602,0.0488281,1.00079,6.12016e-07,0.48282,1,0
5.16602,0.0683594,1.00079,8.94242e-07,0.48282,1,0
5.18555,0.0488281,1.00079,5.99107e-07,0.480868,1,0
5.18555,0.0683594,1.00079,8.76753e-07,0.480868,1,0
5.20508,0.00976562,1.00079,1.58102e-07,0.478916,1,0
5.20508,0.0292969,1.00079,3.53595e-07,0.478916,1,0
5.22461,0.00976562,1.00079,1.24466e-07,0.476964,1,0
5.22461,0.0292969,1.00079,2.97378e-07,0.476964,1,0
5.20508,0.0488281,1.00079,5.60348e-07,0.478916,1,0
5.20508,0.0683594,1.00079,8.27664e-07,0.478916,1,0
5.22461,0.0488281,1.00079,5.02883e-07,0.476964,1,0
5.22461,0.0683594,1.00079,7.54176e-07,0.476964,1,0
5.16602,0.0878906,1.00079,1.12197e-06,0.48282,1,0
5.16602,0.107422,1.00079,1.30399e-06,0.48282,1,0
5.18555,0.0878906,1.00079,1.09484e-06,0.480868,1,0
5.18555,0.107422,1.00079,1.267e-06,0.480868,1,0
5.16602,0.126953,1.00079,1.42193e-06,0.48282,1,0
5.16602,0.146484,1.00079,1.496e-06,0.48282,1,0
5.18555,0.126953,1.00079,1.36851e-06,0.480868,1,0
5.18555,0.146484,1.00079,1.42242e-06,0.480868,1,0
5.20508,0.0878906,1.00079,1.03803e-06,0.478916,1,0
5.20508,0.107422,1.00079,1.20323e-06,0.478916,1,0
5.22461,0.0878906,1.00079,9.56831e-07,0.476964,1,0
5.22461,0.107422,1.00079,1.11593e-06,0.476964,1,0
5.20508,0.126953,1.00079,1.29563e-06,0.478916,1,0
5.20508,0.146484,1.00079,1.33853e-06,0.478916,1,0
5.22461,0.126953,1.00079,1.20422e-06,0.476964,1,0
5.22461,0.146484,1.00079,1.24275e-06,0.476964,1,0
5.24414,0.00976562,1.00079,8.82175e-08,0.475012,1,0
5.24414,0.0292969,1.00079,2.36068e-07,0.475012,1,0
5.26367,0.00976562,1.00079,5.65852e-08,0.47306,1,0
5.26367,0.0292969,1.00079,1.79807e-07,0.47306,1,0
5.24414,0.0488281,1.00079,4.35489e-07,0.475012,1,0
5.24414,0.0683594,1.00079,6.66032e-07,0.475012,1,0
5.26367,0.0488281,1.00079,3.66623e-07,0.47306,1,0
5.26367,0.0683594,1.00079,5.73278e-07,0.47306,1,0
5.2832,0.00976562,1.00079,3.3863e-08,0.471108,1,0
5.2832,0.0292969,1.00079,1.3499e-07,0.471108,1,0
5.30273,0.00976562,1.00079,2.11582e-08,0.469156,1,0
5.30273,0.0292969,1.00079,1.03859e-07,0.469156,1,0
5.2832,0.0488281,1.00079,3.02963e-07,0.471108,1,0
5.2832,0.0683594,1.00079,4.84444e-07,0.471108,1,0
5.30273,0.0488281,1.00079,2.48653e-07,0.469156,1,0
5.30273,0.0683594,1.00079,4.05435e-07,0.469156,1,0
5.24414,0.0878906,1.00079,8.5938e-07,0.475012,1,0
5.24414,0.107422,1.00079,1.01174e-06,0.475012,1,0
5.26367,0.0878906,1.00079,7.54778e-07,0.47306,1,0
5.26367,0.107422,1.00079,8.98879e-07,0.47306,1,0
5.24414,0.126953,1.00079,1.09853e-06,0.475012,1,0
5.24414,0.146484,1.00079,1.13683e-06,0.475012,1,0
5.26367,0.126953,1.00079,9.84799e-07,0.47306,1,0
5.26367,0.146484,1.00079,1.02477e-06,0.47306,1,0
5.2832,0.0878906,1.00079,6.51407e-07,0.471108,1,0
5.2832,0.107422,1.00079,7.85503e-07,0.471108,1,0
5.30273,0.0878906,1.00079,5.55738e-07,0.469156,1,0
5.30273,0.107422,1.00079,6.78362e-07,0.469156,1,0
5.2832,0.126953,1.00079,8.69749e-07,0.471108,1,0
5.2832,0.146484,1.00079,9.11588e-07,0.471108,1,0
5.30273,0.126953,1.00079,7.59373e-07,0.469156,1,0
5.30273,0.146484,1.00079,8.0218e-07,0.469156,1,0
5.16602,0.166016,1.00078,1.53181e-06,0.48282,1,0
5.16602,0.185547,1.00078,1.53911e-06,0.48282,1,0
5.18555,0.166016,1.00078,1.43397e-06,0.480868,1,0
5.18555,0.185547,1.00078,1.41589e-06,0.480868,1,0
5.16602,0.205078,1.00078,1.51316e-06,0.482821,1,0
5.16602,0.224609,1.00078,1.45106e-06,0.482821,1,0
5.18555,0.205078,1.00078,1.36638e-06,0.480868,1,0
5.18555,0.224609,1.00078,1.28576e-06,0.480868,1,0
5.20508,0.166016,1.00078,1.3362e-06,0.478916,1,0
5.20508,0.185547,1.00078,1.30323e-06,0.478916,1,0
5.22461,0.166016,1.00078,1.23473e-06,0.476964,1,0
5.22461,0.185547,1.00078,1.19534e-06,0.476964,1,0
5.20508,0.205078,1.00078,1.23995e-06,0.478916,1,0
5.20508,0.224609,1.00078,1.14928e-06,0.478916,1,0
5.22461,0.205078,1.00078,1.12632e-06,0.476964,1,0
5.22461,0.224609,1.00078,1.03257e-06,0.476964,1,0
5.16602,0.244141,1.00077,1.34303e-06,0.482821,1,0
5.16602,0.263672,1.00075,1.185e-06,0.482821,1,0
5.18555,0.244141,1.00077,1.1677e-06,0.480868,1,0
5.18555,0.263672,1.00075,1.01103e-06,0.480868,1,0
5.16602,0.283203,1.00067,9.73927e-07,0.482821,1,0
5.16602,0.302734,1.00045,7.18098e-07,0.482821,1,0
5.18555,0.283203,1.00067,8.1526e-07,0.480868,1,0
5.18555,0.302734,1.00045,5.89557e-07,0.480868,1,0
5.20508,0.244141,1.00077,1.02771e-06,0.478916,1,0
5.20508,0.263672,1.00075,8.76332e-07,0.478916,1,0
5.22461,0.244141,1.00077,9.12731e-07,0.476964,1,0
5.22461,0.263672,1.00075,7.69561e-07,0.476964,1,0
5.20508,0.283203,1.00067,6.96409e-07,0.478916,1,0
5.20508,0.302734,1.00045,4.97114e-07,0.478916,1,0
5.22461,0.283203,1.00067,6.05394e-07,0.476964,1,0
5.22461,0.302734,1.00045,4.28886e-07,0.476964,1,0
5.24414,0.166016,1.00078,1.12885e-06,0.475012,1,0
5.24414,0.185547,1.00078,1.08923e-06,0.475012,1,0
5.26367,0.166016,1.00078,1.02019e-06,0.47306,1,0
5.26367,0.185547,1.00078,9.84301e-07,0.47306,1,0
5.24414,0.205078,1.00078,1.02057e-06,0.475012,1,0
5.24414,0.224609,1.00078,9.2901e-07,0.475012,1,0
5.26367,0.205078,1.00078,9.20105e-07,0.47306,1,0
5.26367,0.224609,1.00078,8.34336e-07,0.47306,1,0
5.2832,0.166016,1.00078,9.1177e-07,0.471108,1,0
5.2832,0.185547,1.00078,8.81612e-07,0.471108,1,0
5.30273,0.166016,1.00078,8.07e-07,0.469156,1,0
5.30273,0.185547,1.00078,7.83057e-07,0.469156,1,0
5.2832,0.205078,1.00078,8.24191e-07,0.471108,1,0
5.2832,0.224609,1.00078,7.46279e-07,0.471108,1,0
5.30273,0.205078,1.00078,7.3326e-07,0.469156,1,0
5.30273,0.224609,1.00078,6.64021e-07,0.469156,1,0
5.24414,0.244141,1.00077,8.14786e-07,0.475012,1,0
5.24414,0.263672,1.00075,6.81754e-07,0.475012,1,0
5.26367,0.244141,1.00077,7.28297e-07,0.47306,1,0
5.26367,0.263672,1.00075,6.0645e-07,0.47306,1,0
5.24414,0.283203,1.00067,5.32804e-07,0.475012,1,0
5.24414,0.302734,1.00045,3.75858e-07,0.475012,1,0
5.26367,0.283203,1.00067,4.71921e-07,0.47306,1,0
5.26367,0.302734,1.00045,3.3186e-07,0.47306,1,0
5.2832,0.244141,1.00077,6.49822e-07,0.471108,1,0
5.2832,0.263672,1.00075,5.39484e-07,0.471108,1,0
5.30273,0.244141,1.00077,5.77581e-07,0.469156,1,0
5.30273,0.263672,1.00075,4.78542e-07,0.469156,1,0
5.2832,0.283203,1.00067,4.18469e-07,0.471108,1,0
5.2832,0.302734,1.00045,2.93119e-07,0.471108,1,0
5.30273,0.283203,1.00067,3.70048e-07,0.469156,1,0
5.30273,0.302734,1.00045,2.57675e-07,0.469156,1,0
5.00977,0.322266,0.999826,3.84221e-06,0.498437,1,0
5.00977,0.341797,0.998193,2.66603e-06,0.498437,1,0
5.0293,0.322266,0.999827,3.04713e-06,0.496485,1,0
5.0293,0.341797,0.998194,2.02999e-06,0.496485,1,0
5.00977,0.361328,0.994143,1.39394e-06,0.498437,1,0
5.00977,0.380859,0.984705,3.54332e-07,0.498437,1,0
5.0293,0.361328,0.994144,9.74619e-07,0.496485,1,0
5.0293,0.380859,0.984706,1.5241e-07,0.496485,1,0
5.04883,0.322266,0.999828,2.36866e-06,0.494533,1,0
5.04883,0.341797,0.998195,1.50172e-06,0.494533,1,0
5.06836,0.322266,0.999829,1.80665e-06,0.492581,1,0
5.06836,0.341797,0.998196,1.07846e-06,0.492581,1,0
5.04883,0.361328,0.994145,6.41995e-07,0.494533,1,0
5.04883,0.380859,0.984706,6.69547e-09,0.494533,1,0
5.06836,0.361328,0.994146,3.89759e-07,0.492581,1,0
5.06836,0.380859,0.984707,-8.97084e-08,0.492581,1,0
5.00977,0.400391,0.964071,-1.87959e-07,0.498437,1,0
5.00977,0.419922,0.921815,-2.30097e-07,0.498437,1,0
5.0293,0.400391,0.964071,-2.31087e-07,0.496485,1,0
5.0293,0.419922,0.921814,-2.22239e-07,0.496485,1,0
5.00977,0.439453,0.840833,-1.36431e-07,0.498437,1,0
5.00977,0.458984,0.695592,-6.74485e-08,0.498437,1,0
5.0293,0.439453,0.840833,-1.30413e-07,0.496485,1,0
5.0293,0.458984,0.695592,-6.35661e-08,0.496485,1,0
5.04883,0.400391,0.964071,-2.50905e-07,0.494533,1,0
5.04883,0.419922,0.921814,-2.10711e-07,0.494533,1,0
5.06836,0.400391,0.964071,-2.52477e-07,0.492581,1,0
5.06836,0.419922,0.921814,-1.96576e-07,0.492581,1,0
5.04883,0.439453,0.840833,-1.2272e-07,0.494533,1,0
5.04883,0.458984,0.695592,-5.92899e-08,0.494533,1,0
5.06836,0.439453,0.840833,-1.13836e-07,0.492581,1,0
5.06836,0.458984,0.695592,-5.47679e-08,0.492581,1,0
5.08789,0.322266,0.999829,1.35637e-06,0.490629,1,0
5.08789,0.341797,0.998196,7.53216e-07,0.490629,1,0
5.10742,0.322266,0.99983,1.00867e-06,0.488677,1,0
5.10742,0.341797,0.998197,5.14768e-07,0.488677,1,0
5.08789,0.361328,0.994146,2.09011e-07,0.490629,1,0
5.08789,0.380859,0.984707,-1.45519e-07,0.490629,1,0
5.10742,0.361328,0.994147,8.87967e-08,0.488677,1,0
5.10742,0.380859,0.984707,-1.70107e-07,0.488677,1,0
5.12695,0.322266,0.99983,7.50347e-07,0.486725,1,0
5.12695,0.341797,0.998197,3.48748e-07,0.486725,1,0
5.14648,0.322266,0.999831,5.65609e-07,0.484773,1,0
5.14648,0.341797,0.998197,2.39398e-07,0.484773,1,0
5.12695,0.361328,0.994147,1.64795e-08,0.486725,1,0
5.12695,0.380859,0.984707,-1.72789e-07,0.486725,1,0
5.14648,0.361328,0.994147,-2.10579e-08,0.484773,1,0
5.14648,0.380859,0.984707,-1.62079e-07,0.484773,1,0
5.08789,0.400391,0.964071,-2.41282e-07,0.490629,1,0
5.08789,0.419922,0.921814,-1.80759e-07,0.490629,1,0
5.10742,0.400391,0.964071,-2.22541e-07,0.488677,1,0
5.10742,0.419922,0.921814,-1.64206e-07,0.488677,1,0
5.08789,0.439453,0.840833,-1.04359e-07,0.490629,1,0
5.08789,0.458984,0.695592,-5.01526e-08,0.490629,1,0
5.10742,0.439453,0.840833,-9.47949e-08,0.488677,1,0
5.10742,0.458984,0.695592,-4.55613e-08,0.488677,1,0
5.12695,0.400391,0.964071,-2.00357e-07,0.486725,1,0
5.12695,0.419922,0.921814,-1.47695e-07,0.486725,1,0
5.14648,0.400391,0.964071,-1.77628e-07,0.484773,1,0
5.14648,0.419922,0.921814,-1.31904e-07,0.484773,1,0
5.12695,0.439453,0.840833,-8.54687e-08,0.486725,1,0
5.12695,0.458984,0.695592,-4.10801e-08,0.486725,1,0
5.14648,0.439453,0.840833,-7.66551e-08,0.484773,1,0
5.14648,0.458984,0.695592,-3.68185e-08,0.484773,1,0
5.00977,0.478516,0.451546,-2.22277e-08,0.498437,1,0
5.00977,0.498047,0.0664602,-3.77452e-09,0.498437,0.6,0
5.0293,0.478516,0.451546,-2.12483e-08,0.496485,1,0
5.0293,0.498047,0.0664602,-3.64087e-09,0.496485,0.6,0
5.04883,0.478516,0.451546,-1.99586e-08,0.494533,1,0
5.04883,0.498047,0.0664602,-3.4903e-09,0.494533,0.6,0
5.06836,0.478516,0.451546,-1.84422e-08,0.492581,1,0
5.06836,0.498047,0.0664601,-3.30869e-09,0.492581,0.6,0
5.08789,0.478516,0.451546,-1.68039e-08,0.490629,1,0
5.08789,0.498047,0.0664601,-3.08757e-09,0.490629,0.6,0
5.10742,0.478516,0.451546,-1.51255e-08,0.488677,1,0
5.10742,0.498047,0.0664601,-2.82357e-09,0.488677,0.6,0
5.12695,0.478516,0.451545,-1.34668e-08,0.486725,1,0
5.12695,0.498047,0.0664601,-2.51647e-09,0.486725,0.6,0
5.14648,0.478516,0.451545,-1.18791e-08,0.484773,1,0
5.14648,0.498047,0.0664601,-2.17793e-09,0.484773,0.6,0
5.16602,0.322266,0.999831,4.37895e-07,0.482821,1,0
5.16602,0.341797,0.998198,1.71371e-07,0.482821,1,0
5.18555,0.322266,0.999831,3.51562e-07,0.480868,1,0
5.18555,0.341797,0.998198,1.31076e-07,0.480868,1,0
5.16602,0.361328,0.994147,-3.58391e-08,0.482821,1,0
5.16602,0.380859,0.984707,-1.45004e-07,0.482821,1,0
5.18555,0.361328,0.994147,-3.77567e-08,0.480868,1,0
5.18555,0.380859,0.984708,-1.26691e-07,0.480868,1,0
5.20508,0.322266,0.999831,2.93133e-07,0.478916,1,0
5.20508,0.341797,0.998198,1.07513e-07,0.478916,1,0
5.22461,0.322266,0.999831,2.52001e-07,0.476964,1,0
5.22461,0.341797,0.998198,9.26338e-08,0.476964,1,0
5.20508,0.361328,0.994148,-3.40968e-08,0.478916,1,0
5.20508,0.380859,0.984708,-1.10286e-07,0.478916,1,0
5.22461,0.361328,0.994148,-2.95353e-08,0.476964,1,0
5.22461,0.380859,0.984708,-9.72338e-08,0.476964,1,0
5.16602,0.400391,0.964071,-1.56356e-07,0.482821,1,0
5.16602,0.419922,0.921814,-1.17447e-07,0.482821,1,0
5.18555,0.400391,0.964071,-1.37746e-07,0.480868,1,0
5.18555,0.419922,0.921814,-1.04742e-07,0.480868,1,0
5.16602,0.439453,0.840833,-6.86233e-08,0.482821,1,0
5.16602,0.458984,0.695592,-3.2898e-08,0.482821,1,0
5.18555,0.439453,0.840833,-6.1567e-08,0.480868,1,0
5.18555,0.458984,0.695592,-2.94146e-08,0.480868,1,0
5.20508,0.400391,0.964071,-1.22281e-07,0.478916,1,0
5.20508,0.419922,0.921814,-9.39563e-08,0.478916,1,0
5.22461,0.400391,0.964071,-1.09895e-07,0.476964,1,0
5.22461,0.419922,0.921814,-8.50288e-08,0.476964,1,0
5.20508,0.439453,0.840833,-5.55544e-08,0.478916,1,0
5.20508,0.458984,0.695592,-2.64068e-08,0.478916,1,0
5.22461,0.439453,0.840833,-5.05479e-08,0.476964,1,0
5.22461,0.458984,0.695592,-2.38754e-08,0.476964,1,0
5.24414,0.322266,0.999832,2.20609e-07,0.475012,1,0
5.24414,0.341797,0.998198,8.12348e-08,0.475012,1,0
5.26367,0.322266,0.999832,1.94158e-07,0.47306,1,0
5.26367,0.341797,0.998198,7.04979e-08,0.47306,1,0
5.24414,0.361328,0.994148,-2.65056e-08,0.475012,1,0
5.24414,0.380859,0.984708,-8.77358e-08,0.475012,1,0
5.26367,0.361328,0.994148,-2.57715e-08,0.47306,1,0
5.26367,0.380859,0.984708,-8.12479e-08,0.47306,1,0
5.2832,0.322266,0.999832,1.70044e-07,0.471108,1,0
5.2832,0.341797,0.998199,5.93705e-08,0.471108,1,0
5.30273,0.322266,0.999832,1.4725e-07,0.469156,1,0
5.30273,0.341797,0.998199,4.78721e-08,0.469156,1,0
5.2832,0.361328,0.994148,-2.70642e-08,0.471108,1,0
5.2832,0.380859,0.984708,-7.69252e-08,0.471108,1,0
5.30273,0.361328,0.994148,-2.96603e-08,0.469156,1,0
5.30273,0.380859,0.984708,-7.39437e-08,0.469156,1,0
5.24414,0.400391,0.964071,-1.00169e-07,0.475012,1,0
5.24414,0.419922,0.921814,-7.77585e-08,0.475012,1,0
5.26367,0.400391,0.964071,-9.2542e-08,0.47306,1,0
5.26367,0.419922,0.921814,-7.18664e-08,0.47306,1,0
5.24414,0.439453,0.840833,-4.64387e-08,0.475012,1,0
5.24414,0.458984,0.695592,-2.17771e-08,0.475012,1,0
5.26367,0.439453,0.840833,-4.30843e-08,0.47306,1,0
5.26367,0.458984,0.695592,-2.00592e-08,0.47306,1,0
5.2832,0.400391,0.964071,-8.64571e-08,0.471108,1,0
5.2832,0.419922,0.921814,-6.70778e-08,0.471108,1,0
5.30273,0.400391,0.964071,-8.14736e-08,0.469156,1,0
5.30273,0.419922,0.921814,-6.31408e-08,0.469156,1,0
5.2832,0.439453,0.840833,-4.03375e-08,0.471108,1,0
5.2832,0.458984,0.695592,-1.86494e-08,0.471108,1,0
5.30273,0.439453,0.840832,-3.80657e-08,0.469156,1,0
5.30273,0.458984,0.695592,-1.74925e-08,0.469156,1,0
5.16602,0.478516,0.451545,-1.04146e-08,0.482821,1,0
5.16602,0.498047,0.0664601,-1.82589e-09,0.482821,0.6,0
5.18555,0.478516,0.451545,-9.10538e-09,0.480868,1,0
5.18555,0.498047,0.0664601,-1.4784e-09,0.480868,0.6,0
5.20508,0.478516,0.451545,-7.97078e-09,0.478916,1,0
5.20508,0.498047,0.0664601,-1.15006e-09,0.478916,0.6,0
5.22461,0.478516,0.451545,-7.00595e-09,0.476964,1,0
5.22461,0.498047,0.06646,-8.49178e-10,0.476964,0.6,0
5.24414,0.478516,0.451545,-6.20134e-09,0.475012,1,0
5.24414,0.498047,0.06646,-5.81072e-10,0.475012,0.6,0
5.26367,0.478516,0.451545,-5.53208e-09,0.47306,1,0
5.26367,0.498047,0.06646,-3.45158e-10,0.47306,0.6,0
5.2832,0.478516,0.451545,-4.9797e-09,0.471108,1,0
5.2832,0.498047,0.06646,-1.41008e-10,0.471108,0.6,0
5.30273,0.478516,0.451545,-4.51773e-09,0.469156,1,0
5.30273,0.498047,0.06646,3.63089e-11,0.469156,0.6,0
5.32227,0.00976562,1.00079,1.69955e-08,0.467204,1,0
5.32227,0.0292969,1.00079,8.51972e-08,0.467204,1,0
5.3418,0.00976562,1.00079,1.84113e-08,0.465252,1,0
5.3418,0.0292969,1.00079,7.56544e-08,0.465252,1,0
5.32227,0.0488281,1.00079,2.0525e-07,0.467204,1,0
5.32227,0.0683594,1.00079,3.39214e-07,0.467204,1,0
5.3418,0.0488281,1.00079,1.72214e-07,0.465252,1,0
5.3418,0.0683594,1.00079,2.86134e-07,0.465252,1,0
5.36133,0.00976562,1.00079,2.21267e-08,0.4633,1,0
5.36133,0.0292969,1.00079,7.12136e-08,0.4633,1,0
5.38086,0.00976562,1.00079,2.54697e-08,0.461348,1,0
5.38086,0.0292969,1.00079,6.83808e-08,0.461348,1,0
5.36133,0.0488281,1.00079,1.47688e-07,0.4633,1,0
5.36133,0.0683594,1.00079,2.44704e-07,0.4633,1,0
5.38086,0.0488281,1.00079,1.29313e-07,0.461348,1,0
5.38086,0.0683594,1.00079,2.12484e-07,0.461348,1,0
5.32227,0.0878906,1.00079,4.7177e-07,0.467204,1,0
5.32227,0.107422,1.00079,5.82058e-07,0.467204,1,0
5.3418,0.0878906,1.00079,4.01066e-07,0.465252,1,0
5.3418,0.107422,1.00079,4.98868e-07,0.465252,1,0
5.32227,0.126953,1.00079,6.58125e-07,0.467204,1,0
5.32227,0.146484,1.00079,7.00502e-07,0.467204,1,0
5.3418,0.126953,1.00079,5.68593e-07,0.465252,1,0
5.3418,0.146484,1.00079,6.09114e-07,0.465252,1,0
5.36133,0.0878906,1.00079,3.43214e-07,0.4633,1,0
5.36133,0.107422,1.00079,4.29039e-07,0.4633,1,0
5.38086,0.0878906,1.00079,2.96527e-07,0.461348,1,0
5.38086,0.107422,1.00079,3.71368e-07,0.461348,1,0
5.36133,0.126953,1.00079,4.91582e-07,0.4633,1,0
5.36133,0.146484,1.00079,5.2911e-07,0.4633,1,0
5.38086,0.126953,1.00079,4.26507e-07,0.461348,1,0
5.38086,0.146484,1.00079,4.60334e-07,0.461348,1,0
5.40039,0.00976562,1.00079,2.68704e-08,0.459396,1,0
5.40039,0.0292969,1.00079,6.48723e-08,0.459396,1,0
5.41992,0.00976562,1.00079,2.5914e-08,0.457443,1,0
5.41992,0.0292969,1.00079,5.97642e-08,0.457443,1,0
5.40039,0.0488281,1.00079,1.14884e-07,0.459396,1,0
5.40039,0.0683594,1.00079,1.86878e-07,0.459396,1,0
5.41992,0.0488281,1.00079,1.02733e-07,0.457443,1,0
5.41992,0.0683594,1.00079,1.65684e-07,0.457443,1,0
5.43945,0.00976562,1.00079,2.30671e-08,0.455491,1,0
5.43945,0.0292969,1.00079,5.32307e-08,0.455491,1,0
5.45898,0.00976562,1.00079,1.9248e-08,0.453539,1,0
5.45898,0.0292969,1.00079,4.60685e-08,0.453539,1,0
5.43945,0.0488281,1.00079,9.18524e-08,0.455491,1,0
5.43945,0.0683594,1.00079,1.47348e-07,0.455491,1,0
5.45898,0.0488281,1.00079,8.18085e-08,0.453539,1,0
5.45898,0.0683594,1.00079,1.3098e-07,0.453539,1,0
5.40039,0.0878906,1.00079,2.58754e-07,0.459396,1,0
5.40039,0.107422,1.00079,3.23871e-07,0.459396,1,0
5.41992,0.0878906,1.00079,2.27656e-07,0.457443,1,0
5.41992,0.107422,1.00079,2.84371e-07,0.457443,1,0
5.40039,0.126953,1.00079,3.7191e-07,0.459396,1,0
5.40039,0.146484,1.00079,4.01763e-07,0.459396,1,0
5.41992,0.126953,1.00079,3.25968e-07,0.457443,1,0
5.41992,0.146484,1.00079,3.51924e-07,0.457443,1,0
5.43945,0.0878906,1.00079,2.01374e-07,0.455491,1,0
5.43945,0.107422,1.00079,2.50917e-07,0.455491,1,0
5.45898,0.0878906,1.00079,1.78575e-07,0.453539,1,0
5.45898,0.107422,1.00079,2.22002e-07,0.453539,1,0
5.43945,0.126953,1.00079,2.86896e-07,0.455491,1,0
5.43945,0.146484,1.00079,3.09257e-07,0.455491,1,0
5.45898,0.126953,1.00079,2.53189e-07,0.453539,1,0
5.45898,0.146484,1.00079,2.72361e-07,0.453539,1,0
5.32227,0.166016,1.00078,7.08931e-07,0.467204,1,0
5.32227,0.185547,1.00078,6.90661e-07,0.467204,1,0
5.3418,0.166016,1.00078,6.1974e-07,0.465252,1,0
5.3418,0.185547,1.00078,6.06053e-07,0.465252,1,0
5.32227,0.205078,1.00078,6.48287e-07,0.467204,1,0
5.32227,0.224609,1.00078,5.87607e-07,0.467204,1,0
5.3418,0.205078,1.00078,5.70257e-07,0.465252,1,0
5.3418,0.224609,1.00078,5.17426e-07,0.465252,1,0
5.36133,0.166016,1.00078,5.40541e-07,0.4633,1,0
5.36133,0.185547,1.00078,5.30181e-07,0.4633,1,0
5.38086,0.166016,1.00078,4.71446e-07,0.461348,1,0
5.38086,0.185547,1.00078,4.63258e-07,0.461348,1,0
5.36133,0.205078,1.00078,4.99829e-07,0.4633,1,0
5.36133,0.224609,1.00078,4.53831e-07,0.4633,1,0
5.38086,0.205078,1.00078,4.3719e-07,0.461348,1,0
5.38086,0.224609,1.00078,3.96931e-07,0.461348,1,0
5.32227,0.244141,1.00077,5.10913e-07,0.467204,1,0
5.32227,0.263672,1.00075,4.2257e-07,0.467204,1,0
5.3418,0.244141,1.00077,4.49744e-07,0.465252,1,0
5.3418,0.263672,1.00075,3.71229e-07,0.465252,1,0
5.32227,0.283203,1.00067,3.25551e-07,0.467204,1,0
5.32227,0.302734,1.00045,2.248e-07,0.467204,1,0
5.3418,0.283203,1.00067,2.8464e-07,0.465252,1,0
5.3418,0.302734,1.00045,1.94426e-07,0.465252,1,0
5.36133,0.244141,1.00077,3.9418e-07,0.4633,1,0
5.36133,0.263672,1.00075,3.24488e-07,0.4633,1,0
5.38086,0.244141,1.00077,3.44246e-07,0.461348,1,0
5.38086,0.263672,1.00075,2.82342e-07,0.461348,1,0
5.36133,0.283203,1.00067,2.47311e-07,0.4633,1,0
5.36133,0.302734,1.00045,1.66688e-07,0.4633,1,0
5.38086,0.283203,1.00067,2.13603e-07,0.461348,1,0
5.38086,0.302734,1.00045,1.41658e-07,0.461348,1,0
5.40039,0.166016,1.00078,4.11804e-07,0.459396,1,0
5.40039,0.185547,1.00078,4.04874e-07,0.459396,1,0
5.41992,0.166016,1.00078,3.60505e-07,0.457443,1,0
5.41992,0.185547,1.00078,3.542e-07,0.457443,1,0
5.40039,0.205078,1.00078,3.82068e-07,0.459396,1,0
5.40039,0.224609,1.00078,3.46526e-07,0.459396,1,0
5.41992,0.205078,1.00078,3.33845e-07,0.457443,1,0
5.41992,0.224609,1.00078,3.0215e-07,0.457443,1,0
5.43945,0.166016,1.00078,3.16273e-07,0.455491,1,0
5.43945,0.185547,1.00078,3.1021e-07,0.455491,1,0
5.45898,0.166016,1.00078,2.77888e-07,0.453539,1,0
5.45898,0.185547,1.00078,2.71868e-07,0.453539,1,0
5.43945,0.205078,1.00078,2.91716e-07,0.455491,1,0
5.43945,0.224609,1.00078,2.63166e-07,0.455491,1,0
5.45898,0.205078,1.00078,2.54825e-07,0.453539,1,0
5.45898,0.224609,1.00078,2.28873e-07,0.453539,1,0
5.40039,0.244141,1.00077,2.99779e-07,0.459396,1,0
5.40039,0.263672,1.00075,2.44686e-07,0.459396,1,0
5.41992,0.244141,1.00077,2.60431e-07,0.457443,1,0
5.41992,0.263672,1.00075,2.1125e-07,0.457443,1,0
5.40039,0.283203,1.00067,1.83432e-07,0.459396,1,0
5.40039,0.302734,1.00045,1.19225e-07,0.459396,1,0
5.41992,0.283203,1.00067,1.56531e-07,0.457443,1,0
5.41992,0.302734,1.00045,9.91355e-08,0.457443,1,0
5.43945,0.244141,1.00077,2.25704e-07,0.455491,1,0
5.43945,0.263672,1.00075,1.81608e-07,0.455491,1,0
5.45898,0.244141,1.00077,1.95019e-07,0.453539,1,0
5.45898,0.263672,1.00075,1.55287e-07,0.453539,1,0
5.43945,0.283203,1.00067,1.32537e-07,0.455491,1,0
5.43945,0.302734,1.00045,8.11222e-08,0.455491,1,0
5.45898,0.283203,1.00067,1.11107e-07,0.453539,1,0
5.45898,0.302734,1.00045,6.49331e-08,0.453539,1,0
5.47852,0.00976562,1.00079,1.54086e-08,0.451587,1,0
5.47852,0.0292969,1.00079,3.92109e-08,0.451587,1,0
5.49805,0.00976562,1.00079,1.22438e-08,0.449635,1,0
5.49805,0.0292969,1.00079,3.33719e-08,0.449635,1,0
5.47852,0.0488281,1.00079,7.25486e-08,0.451587,1,0
5.47852,0.0683594,1.00079,1.16195e-07,0.451587,1,0
5.49805,0.0488281,1.00079,6.41889e-08,0.449635,1,0
5.49805,0.0683594,1.00079,1.02904e-07,0.449635,1,0
5.51758,0.00976562,1.00079,1.00697e-08,0.447683,1,0
5.51758,0.0292969,1.00079,2.88807e-08,0.447683,1,0
5.53711,0.00976562,1.00079,8.85381e-09,0.445731,1,0
5.53711,0.0292969,1.00079,2.56922e-08,0.445731,1,0
5.51758,0.0488281,1.00079,5.68506e-08,0.447683,1,0
5.51758,0.0683594,1.00079,9.11291e-08,0.447683,1,0
5.53711,0.0488281,1.00079,5.05704e-08,0.445731,1,0
5.53711,0.0683594,1.00079,8.08662e-08,0.445731,1,0
5.47852,0.0878906,1.00079,1.58428e-07,0.451587,1,0
5.47852,0.107422,1.00079,1.96593e-07,0.451587,1,0
5.49805,0.0878906,1.00079,1.40483e-07,0.449635,1,0
5.49805,0.107422,1.00079,1.74062e-07,0.449635,1,0
5.47852,0.126953,1.00079,2.2372e-07,0.451587,1,0
5.47852,0.146484,1.00079,2.40119e-07,0.451587,1,0
5.49805,0.126953,1.00079,1.97718e-07,0.449635,1,0
5.49805,0.146484,1.00079,2.11714e-07,0.449635,1,0
5.51758,0.0878906,1.00079,1.2452e-07,0.447683,1,0
5.51758,0.107422,1.00079,1.54052e-07,0.447683,1,0
5.53711,0.0878906,1.00079,1.10416e-07,0.445731,1,0
5.53711,0.107422,1.00079,1.36347e-07,0.445731,1,0
5.51758,0.126953,1.00079,1.74687e-07,0.447683,1,0
5.51758,0.146484,1.00079,1.86584e-07,0.447683,1,0
5.53711,0.126953,1.00079,1.54303e-07,0.445731,1,0
5.53711,0.146484,1.00079,1.64343e-07,0.445731,1,0
5.55664,0.00976562,1.00079,8.33737e-09,0.443779,1,0
5.55664,0.0292969,1.00079,2.35095e-08,0.443779,1,0
5.57617,0.00976562,1.00079,8.18442e-09,0.441827,1,0
5.57617,0.0292969,1.00079,2.19444e-08,0.441827,1,0
5.55664,0.0488281,1.00079,4.52818e-08,0.443779,1,0
5.55664,0.0683594,1.00079,7.20367e-08,0.443779,1,0
5.57617,0.0488281,1.00079,4.08432e-08,0.441827,1,0
5.57617,0.0683594,1.00079,6.44876e-08,0.441827,1,0
5.5957,0.00976562,1.00079,8.10329e-09,0.439875,1,0
5.5957,0.0292969,1.00079,2.06526e-08,0.439875,1,0
5.61523,0.00976562,1.00079,7.91358e-09,0.437923,1,0
5.61523,0.0292969,1.00079,1.94101e-08,0.437923,1,0
5.5957,0.0488281,1.00079,3.7084e-08,0.439875,1,0
5.5957,0.0683594,1.00079,5.80254e-08,0.439875,1,0
5.61523,0.0488281,1.00079,3.38466e-08,0.437923,1,0
5.61523,0.0683594,1.00079,5.24553e-08,0.437923,1,0
5.55664,0.0878906,1.00079,9.8061e-08,0.443779,1,0
5.55664,0.107422,1.00079,1.20779e-07,0.443779,1,0
5.57617,0.0878906,1.00079,8.73147e-08,0.441827,1,0
5.57617,0.107422,1.00079,1.07173e-07,0.441827,1,0
5.55664,0.126953,1.00079,1.36328e-07,0.443779,1,0
5.55664,0.146484,1.00079,1.44704e-07,0.443779,1,0
5.57617,0.126953,1.00079,1.20547e-07,0.441827,1,0
5.57617,0.146484,1.00079,1.2742e-07,0.441827,1,0
5.5957,0.0878906,1.00079,7.80064e-08,0.439875,1,0
5.5957,0.107422,1.00079,9.53325e-08,0.439875,1,0
5.61523,0.0878906,1.00079,6.99489e-08,0.437923,1,0
5.61523,0.107422,1.00079,8.50426e-08,0.437923,1,0
5.5957,0.126953,1.00079,1.06743e-07,0.439875,1,0
5.5957,0.146484,1.00078,1.12256e-07,0.439875,1,0
5.61523,0.126953,1.00079,9.46932e-08,0.437923,1,0
5.61523,0.146484,1.00078,9.8975e-08,0.437923,1,0
5.47852,0.166016,1.00078,2.44315e-07,0.451587,1,0
5.47852,0.185547,1.00078,2.38254e-07,0.451587,1,0
5.49805,0.166016,1.00078,2.14754e-07,0.449635,1,0
5.49805,0.185547,1.00078,2.08622e-07,0.449635,1,0
5.47852,0.205078,1.00078,2.2238e-07,0.451587,1,0
5.47852,0.224609,1.00078,1.98601e-07,0.451587,1,0
5.49805,0.205078,1.00078,1.93718e-07,0.449635,1,0
5.49805,0.224609,1.00078,1.71781e-07,0.449635,1,0
5.51758,0.166016,1.00078,1.88618e-07,0.447683,1,0
5.51758,0.185547,1.00078,1.82407e-07,0.447683,1,0
5.53711,0.166016,1.00078,1.65485e-07,0.445731,1,0
5.53711,0.185547,1.00078,1.59187e-07,0.445731,1,0
5.51758,0.205078,1.00078,1.68321e-07,0.447683,1,0
5.51758,0.224609,1.00078,1.47965e-07,0.447683,1,0
5.53711,0.205078,1.00078,1.45795e-07,0.445731,1,0
5.53711,0.224609,1.00078,1.26807e-07,0.445731,1,0
5.47852,0.244141,1.00077,1.67827e-07,0.451587,1,0
5.47852,0.263672,1.00075,1.31858e-07,0.451587,1,0
5.49805,0.244141,1.00077,1.43663e-07,0.449635,1,0
5.49805,0.263672,1.00075,1.10944e-07,0.449635,1,0
5.47852,0.283203,1.00067,9.19277e-08,0.451587,1,0
5.47852,0.302734,1.00045,5.03351e-08,0.451587,1,0
5.49805,0.283203,1.00067,7.47212e-08,0.449635,1,0
5.49805,0.302734,1.00045,3.71333e-08,0.449635,1,0
5.51758,0.244141,1.00077,1.22144e-07,0.447683,1,0
5.51758,0.263672,1.00075,9.22365e-08,0.447683,1,0
5.53711,0.244141,1.00077,1.02968e-07,0.445731,1,0
5.53711,0.263672,1.00075,7.5487e-08,0.445731,1,0
5.51758,0.283203,1.00067,5.92581e-08,0.447683,1,0
5.51758,0.302734,1.00045,2.51707e-08,0.447683,1,0
5.53711,0.283203,1.00067,4.53455e-08,0.445731,1,0
5.53711,0.302734,1.00045,1.43312e-08,0.445731,1,0
5.55664,0.166016,1.00078,1.45038e-07,0.443779,1,0
5.55664,0.185547,1.00078,1.38638e-07,0.443779,1,0
5.57617,0.166016,1.00078,1.27007e-07,0.441827,1,0
5.57617,0.185547,1.00078,1.20487e-07,0.441827,1,0
5.55664,0.205078,1.00078,1.25835e-07,0.443779,1,0
5.55664,0.224609,1.00078,1.0803e-07,0.443779,1,0
5.57617,0.205078,1.00078,1.08181e-07,0.441827,1,0
5.57617,0.224609,1.00078,9.13877e-08,0.441827,1,0
5.5957,0.166016,1.00078,1.11144e-07,0.439875,1,0
5.5957,0.185547,1.00078,1.04484e-07,0.439875,1,0
5.61523,0.166016,1.00078,9.72086e-08,0.437923,1,0
5.61523,0.185547,1.00078,9.03924e-08,0.437923,1,0
5.5957,0.205078,1.00078,9.25938e-08,0.439875,1,0
5.5957,0.224609,1.00078,7.66539e-08,0.439875,1,0
5.61523,0.205078,1.00078,7.88436e-08,0.437923,1,0
5.61523,0.224609,1.00078,6.36162e-08,0.437923,1,0
5.55664,0.244141,1.00077,8.58839e-08,0.443779,1,0
5.55664,0.263672,1.00075,6.0491e-08,0.443779,1,0
5.57617,0.244141,1.00077,7.06767e-08,0.441827,1,0
5.57617,0.263672,1.00075,4.70948e-08,0.441827,1,0
5.55664,0.283203,1.00068,3.2837e-08,0.443779,1,0
5.55664,0.302734,1.00045,4.53553e-09,0.443779,1,0
5.57617,0.283203,1.00068,2.16269e-08,0.441827,1,0
5.57617,0.302734,1.00045,-4.27637e-09,0.441827,1,0
5.5957,0.244141,1.00077,5.71658e-08,0.439875,1,0
5.5957,0.263672,1.00075,3.51732e-08,0.439875,1,0
5.61523,0.244141,1.00077,4.51883e-08,0.437923,1,0
5.61523,0.263672,1.00075,2.45982e-08,0.437923,1,0
5.5957,0.283203,1.00068,1.16234e-08,0.439875,1,0
5.5957,0.302734,1.00045,-1.21626e-08,0.439875,1,0
5.61523,0.283203,1.00068,2.72921e-09,0.437923,1,0
5.61523,0.302734,1.00045,-1.91889e-08,0.437923,1,0
5.32227,0.322266,0.999832,1.25684e-07,0.467204,1,0
5.32227,0.341797,0.998199,3.64808e-08,0.467204,1,0
5.3418,0.322266,0.999832,1.05606e-07,0.465252,1,0
5.3418,0.341797,0.998199,2.57209e-08,0.465252,1,0
5.32227,0.361328,0.994148,-3.27971e-08,0.467204,1,0
5.32227,0.380859,0.984708,-7.16858e-08,0.467204,1,0
5.3418,0.361328,0.994148,-3.5906e-08,0.465252,1,0
5.3418,0.380859,0.984708,-6.97878e-08,0.465252,1,0
5.36133,0.322266,0.999832,8.72769e-08,0.4633,1,0
5.36133,0.341797,0.998199,1.59308e-08,0.4633,1,0
5.38086,0.322266,0.999832,7.07732e-08,0.461348,1,0
5.38086,0.341797,0.998199,7.19738e-09,0.461348,1,0
5.36133,0.361328,0.994148,-3.86962e-08,0.4633,1,0
5.36133,0.380859,0.984708,-6.81076e-08,0.4633,1,0
5.38086,0.361328,0.994148,-4.11213e-08,0.461348,1,0
5.38086,0.380859,0.984708,-6.66443e-08,0.461348,1,0
5.32227,0.400391,0.964071,-7.72828e-08,0.467204,1,0
5.32227,0.419922,0.921814,-5.98689e-08,0.467204,1,0
5.3418,0.400391,0.964071,-7.37134e-08,0.465252,1,0
5.3418,0.419922,0.921814,-5.71164e-08,0.465252,1,0
5.32227,0.439453,0.840832,-3.61645e-08,0.467204,1,0
5.32227,0.458984,0.695592,-1.65283e-08,0.467204,1,0
5.3418,0.439453,0.840832,-3.45563e-08,0.465252,1,0
5.3418,0.458984,0.695592,-1.57248e-08,0.465252,1,0
5.36133,0.400391,0.964071,-7.06699e-08,0.4633,1,0
5.36133,0.419922,0.921814,-5.47943e-08,0.4633,1,0
5.38086,0.400391,0.964071,-6.81152e-08,0.461348,1,0
5.38086,0.419922,0.921814,-5.28283e-08,0.461348,1,0
5.36133,0.439453,0.840832,-3.31878e-08,0.4633,1,0
5.36133,0.458984,0.695592,-1.50424e-08,0.4633,1,0
5.38086,0.439453,0.840832,-3.202e-08,0.461348,1,0
5.38086,0.458984,0.695592,-1.44691e-08,0.461348,1,0
5.40039,0.322266,0.999832,5.59805e-08,0.459396,1,0
5.40039,0.341797,0.998199,-5.84278e-10,0.459396,1,0
5.41992,0.322266,0.999832,4.26944e-08,0.457443,1,0
5.41992,0.341797,0.998199,-7.60907e-09,0.457443,1,0
5.40039,0.361328,0.994148,-4.32853e-08,0.459396,1,0
5.40039,0.380859,0.984708,-6.54658e-08,0.459396,1,0
5.41992,0.361328,0.994148,-4.53481e-08,0.457443,1,0
5.41992,0.380859,0.984708,-6.46406e-08,0.457443,1,0
5.43945,0.322266,0.999833,3.06957e-08,0.455491,1,0
5.43945,0.341797,0.998199,-1.40792e-08,0.455491,1,0
5.45898,0.322266,0.999833,1.97818e-08,0.453539,1,0
5.45898,0.341797,0.998199,-2.01484e-08,0.453539,1,0
5.43945,0.361328,0.994148,-4.74533e-08,0.455491,1,0
5.43945,0.380859,0.984708,-6.42064e-08,0.455491,1,0
5.45898,0.361328,0.994148,-4.96814e-08,0.453539,1,0
5.45898,0.380859,0.984708,-6.41431e-08,0.453539,1,0
5.40039,0.400391,0.964071,-6.60166e-08,0.459396,1,0
5.40039,0.419922,0.921814,-5.11813e-08,0.459396,1,0
5.41992,0.400391,0.964071,-6.43544e-08,0.457443,1,0
5.41992,0.419922,0.921814,-4.98102e-08,0.457443,1,0
5.40039,0.439453,0.840832,-3.10287e-08,0.459396,1,0
5.40039,0.458984,0.695592,-1.3979e-08,0.459396,1,0
5.41992,0.439453,0.840832,-3.01918e-08,0.457443,1,0
5.41992,0.458984,0.695591,-1.35717e-08,0.457443,1,0
5.43945,0.400391,0.964071,-6.30823e-08,0.455491,1,0
5.43945,0.419922,0.921814,-4.86917e-08,0.455491,1,0
5.45898,0.400391,0.964071,-6.21507e-08,0.453539,1,0
5.45898,0.419922,0.921814,-4.77782e-08,0.453539,1,0
5.43945,0.439453,0.840832,-2.94923e-08,0.455491,1,0
5.43945,0.458984,0.695591,-1.32249e-08,0.455491,1,0
5.45898,0.439453,0.840832,-2.89069e-08,0.453539,1,0
5.45898,0.458984,0.695591,-1.29405e-08,0.453539,1,0
5.32227,0.478516,0.451545,-4.13307e-09,0.467204,1,0
5.32227,0.498047,0.06646,1.88637e-10,0.467204,0.6,0
5.3418,0.478516,0.451545,-3.80618e-09,0.465252,1,0
5.3418,0.498047,0.06646,3.21771e-10,0.465252,0.6,0
5.36133,0.478516,0.451545,-3.53186e-09,0.4633,1,0
5.36133,0.498047,0.06646,4.36512e-10,0.4633,0.6,0
5.38086,0.478516,0.451545,-3.29651e-09,0.461348,1,0
5.38086,0.498047,0.06646,5.37738e-10,0.461348,0.6,0
5.40039,0.478516,0.451545,-3.10058e-09,0.459396,1,0
5.40039,0.498047,0.06646,6.2431e-10,0.459396,0.6,0
5.41992,0.478516,0.451545,-2.93327e-09,0.457443,1,0
5.41992,0.498047,0.06646,7.00335e-10,0.457443,0.6,0
5.43945,0.478516,0.451545,-2.79717e-09,0.455491,1,0
5.43945,0.498047,0.06646,7.63703e-10,0.455491,0.6,0
5.45898,0.478516,0.451545,-2.68117e-09,0.453539,1,0
5.45898,0.498047,0.06646,8.18857e-10,0.453539,0.6,0
5.47852,0.322266,0.999833,9.79398e-09,0.451587,1,0
5.47852,0.341797,0.998199,-2.58982e-08,0.451587,1,0
5.49805,0.322266,0.999833,6.21331e-10,0.449635,1,0
5.49805,0.341797,0.998199,-3.13454e-08,0.449635,1,0
5.47852,0.361328,0.994148,-5.20349e-08,0.451587,1,0
5.47852,0.380859,0.984708,-6.43835e-08,0.451587,1,0
5.49805,0.361328,0.994148,-5.44534e-08,0.449635,1,0
5.49805,0.380859,0.984708,-6.48243e-08,0.449635,1,0
5.51758,0.322266,0.999833,-7.80424e-09,0.447683,1,0
5.51758,0.341797,0.998199,-3.64666e-08,0.447683,1,0
5.53711,0.322266,0.999833,-1.55144e-08,0.445731,1,0
5.53711,0.341797,0.998199,-4.1222e-08,0.445731,1,0
5.51758,0.361328,0.994148,-5.68466e-08,0.447683,1,0
5.51758,0.380859,0.984708,-6.53628e-08,0.447683,1,0
5.53711,0.361328,0.994148,-5.91263e-08,0.445731,1,0
5.53711,0.380859,0.984708,-6.59114e-08,0.445731,1,0
5.47852,0.400391,0.964071,-6.14768e-08,0.451587,1,0
5.47852,0.419922,0.921814,-4.70359e-08,0.451587,1,0
5.49805,0.400391,0.964071,-6.09881e-08,0.449635,1,0
5.49805,0.419922,0.921814,-4.64088e-08,0.449635,1,0
5.47852,0.439453,0.840832,-2.84146e-08,0.451587,1,0
5.47852,0.458984,0.695591,-1.26945e-08,0.451587,1,0
5.49805,0.439453,0.840832,-2.79902e-08,0.449635,1,0
5.49805,0.458984,0.695591,-1.24897e-08,0.449635,1,0
5.51758,0.400391,0.964071,-6.06023e-08,0.447683,1,0
5.51758,0.419922,0.921814,-4.58697e-08,0.447683,1,0
5.53711,0.400391,0.964071,-6.0276e-08,0.445731,1,0
5.53711,0.419922,0.921814,-4.53798e-08,0.445731,1,0
5.51758,0.439453,0.840832,-2.7617e-08,0.447683,1,0
5.51758,0.458984,0.695591,-1.23029e-08,0.447683,1,0
5.53711,0.439453,0.840832,-2.72787e-08,0.445731,1,0
5.53711,0.458984,0.695591,-1.21422e-08,0.445731,1,0
5.55664,0.322266,0.999833,-2.25222e-08,0.443779,1,0
5.55664,0.341797,0.998199,-4.55768e-08,0.443779,1,0
5.57617,0.322266,0.999833,-2.88442e-08,0.441827,1,0
5.57617,0.341797,0.998199,-4.95157e-08,0.441827,1,0
5.55664,0.361328,0.994148,-6.12286e-08,0.443779,1,0
5.55664,0.380859,0.984708,-6.64187e-08,0.443779,1,0
5.57617,0.361328,0.994148,-6.31229e-08,0.441827,1,0
5.57617,0.380859,0.984708,-6.68589e-08,0.441827,1,0
5.5957,0.322266,0.999833,-3.45106e-08,0.439875,1,0
5.5957,0.341797,0.998199,-5.30453e-08,0.439875,1,0
5.61523,0.322266,0.999833,-3.95647e-08,0.437923,1,0
5.61523,0.341797,0.998199,-5.61889e-08,0.437923,1,0
5.5957,0.361328,0.994148,-6.48064e-08,0.439875,1,0
5.5957,0.380859,0.984708,-6.72331e-08,0.439875,1,0
5.61523,0.361328,0.994148,-6.62932e-08,0.437923,1,0
5.61523,0.380859,0.984708,-6.75469e-08,0.437923,1,0
5.55664,0.400391,0.964071,-5.99686e-08,0.443779,1,0
5.55664,0.419922,0.921814,-4.49365e-08,0.443779,1,0
5.57617,0.400391,0.964071,-5.96796e-08,0.441827,1,0
5.57617,0.419922,0.921814,-4.45203e-08,0.441827,1,0
5.55664,0.439453,0.840832,-2.69696e-08,0.443779,1,0
5.55664,0.458984,0.695591,-1.19876e-08,0.443779,1,0
5.57617,0.439453,0.840832,-2.66817e-08,0.441827,1,0
5.57617,0.458984,0.695591,-1.18529e-08,0.441827,1,0
5.5957,0.400391,0.964071,-5.93974e-08,0.439875,1,0
5.5957,0.419922,0.921814,-4.41415e-08,0.439875,1,0
5.61523,0.400391,0.964071,-5.91362e-08,0.437923,1,0
5.61523,0.419922,0.921814,-4.37843e-08,0.437923,1,0
5.5957,0.439453,0.840832,-2.64153e-08,0.439875,1,0
5.5957,0.458984,0.695591,-1.17194e-08,0.439875,1,0
5.61523,0.439453,0.840832,-2.61645e-08,0.437923,1,0
5.61523,0.458984,0.695591,-1.16036e-08,0.437923,1,0
5.47852,0.478516,0.451545,-2.58815e-09,0.451587,1,0
5.47852,0.498047,0.06646,8.63549e-10,0.451587,0.6,0
5.49805,0.478516,0.451545,-2.50641e-09,0.449635,1,0
5.49805,0.498047,0.06646,9.02812e-10,0.449635,0.6,0
5.51758,0.478516,0.451545,-2.4402e-09,0.447683,1,0
5.51758,0.498047,0.06646,9.34e-10,0.447683,0.6,0
5.53711,0.478516,0.451545,-2.37871e-09,0.445731,1,0
5.53711,0.498047,0.06646,9.62212e-10,0.445731,0.6,0
5.55664,0.478516,0.451545,-2.32848e-09,0.443779,1,0
5.55664,0.498047,0.06646,9.83993e-10,0.443779,0.6,0
5.57617,0.478516,0.451545,-2.27957e-09,0.441827,1,0
5.57617,0.498047,0.06646,1.00436e-09,0.441827,0.6,0
5.5957,0.478516,0.451545,-2.24018e-09,0.439875,1,0
5.5957,0.498047,0.06646,1.01913e-09,0.439875,0.6,0
5.61523,0.478516,0.451545,-2.20035e-09,0.437923,1,0
5.61523,0.498047,0.06646,1.03343e-09,0.437923,0.6,0
5.63477,0.00976562,1.00079,7.55689e-09,0.435971,1,0
5.63477,0.0292969,1.00079,1.81279e-08,0.435971,1,0
5.6543,0.00976562,1.00079,7.06724e-09,0.434019,1,0
5.6543,0.0292969,1.00079,1.68211e-08,0.434019,1,0
5.63477,0.0488281,1.00079,3.10108e-08,0.435971,1,0
5.63477,0.0683594,1.00079,4.76097e-08,0.435971,1,0
5.6543,0.0488281,1.00079,2.84982e-08,0.434019,1,0
5.6543,0.0683594,1.00079,4.33603e-08,0.434019,1,0
5.67383,0.00976562,1.00079,6.52443e-09,0.432066,1,0
5.67383,0.0292969,1.00079,1.55581e-08,0.432066,1,0
5.69336,0.00976562,1.00079,6.01051e-09,0.430114,1,0
5.69336,0.0292969,1.00079,1.44121e-08,0.430114,1,0
5.67383,0.0488281,1.00079,2.62641e-08,0.432066,1,0
5.67383,0.0683594,1.00079,3.96152e-08,0.432066,1,0
5.69336,0.0488281,1.00079,2.42827e-08,0.430114,1,0
5.69336,0.0683594,1.00079,3.63085e-08,0.430114,1,0
5.63477,0.0878906,1.00079,6.29586e-08,0.435971,1,0
5.63477,0.107422,1.00079,7.60911e-08,0.435971,1,0
5.6543,0.0878906,1.00079,5.68701e-08,0.434019,1,0
5.6543,0.107422,1.00079,6.82807e-08,0.434019,1,0
5.63477,0.126953,1.00079,8.41751e-08,0.435971,1,0
5.63477,0.146484,1.00078,8.73476e-08,0.435971,1,0
5.6543,0.126953,1.00079,7.49785e-08,0.434019,1,0
5.6543,0.146484,1.00078,7.71544e-08,0.434019,1,0
5.67383,0.0878906,1.00079,5.15425e-08,0.432066,1,0
5.67383,0.107422,1.00079,6.14382e-08,0.432066,1,0
5.69336,0.0878906,1.00079,4.68593e-08,0.430114,1,0
5.69336,0.107422,1.00079,5.54166e-08,0.430114,1,0
5.67383,0.126953,1.00079,6.69123e-08,0.432066,1,0
5.67383,0.146484,1.00078,6.81939e-08,0.432066,1,0
5.69336,0.126953,1.00079,5.98082e-08,0.430114,1,0
5.69336,0.146484,1.00078,6.02872e-08,0.430114,1,0
5.71289,0.00976562,1.00079,5.58175e-09,0.428162,1,0
5.71289,0.0292969,1.00079,1.34304e-08,0.428162,1,0
5.73242,0.00976562,1.00079,5.25885e-09,0.42621,1,0
5.73242,0.0292969,1.00079,1.2623e-08,0.42621,1,0
5.71289,0.0488281,1.00079,2.2534e-08,0.428162,1,0
5.71289,0.0683594,1.00079,3.33883e-08,0.428162,1,0
5.73242,0.0488281,1.00079,2.0996e-08,0.42621,1,0
5.73242,0.0683594,1.00079,3.08081e-08,0.42621,1,0
5.75195,0.00976562,1.00079,5.0319e-09,0.424258,1,0
5.75195,0.0292969,1.00079,1.19685e-08,0.424258,1,0
5.77148,0.00976562,1.00079,4.87285e-09,0.422306,1,0
5.77148,0.0292969,1.00079,1.14271e-08,0.422306,1,0
5.75195,0.0488281,1.00079,1.96416e-08,0.424258,1,0
5.75195,0.0683594,1.00079,2.85227e-08,0.424258,1,0
5.77148,0.0488281,1.00079,1.84409e-08,0.422306,1,0
5.77148,0.0683594,1.00079,2.64879e-08,0.422306,1,0
5.71289,0.0878906,1.00079,4.27246e-08,0.428162,1,0
5.71289,0.107422,1.00079,5.00938e-08,0.428162,1,0
5.73242,0.0878906,1.00079,3.90588e-08,0.42621,1,0
5.73242,0.107422,1.00079,4.53689e-08,0.42621,1,0
5.71289,0.126953,1.00079,5.35226e-08,0.428162,1,0
5.71289,0.146484,1.00078,5.32817e-08,0.428162,1,0
5.73242,0.126953,1.00079,4.79363e-08,0.42621,1,0
5.73242,0.146484,1.00078,4.70493e-08,0.42621,1,0
5.75195,0.0878906,1.00079,3.57947e-08,0.424258,1,0
5.75195,0.107422,1.00079,4.11576e-08,0.424258,1,0
5.77148,0.0878906,1.00079,3.28745e-08,0.422306,1,0
5.77148,0.107422,1.00079,3.73881e-08,0.422306,1,0
5.75195,0.126953,1.00079,4.29514e-08,0.424258,1,0
5.75195,0.146484,1.00079,4.14823e-08,0.424258,1,0
5.77148,0.126953,1.00079,3.84855e-08,0.422306,1,0
5.77148,0.146484,1.00079,3.64898e-08,0.422306,1,0
5.63477,0.166016,1.00078,8.49699e-08,0.435971,1,0
5.63477,0.185547,1.00078,7.7991e-08,0.435971,1,0
5.6543,0.166016,1.00078,7.4213e-08,0.434019,1,0
5.6543,0.185547,1.00078,6.70682e-08,0.434019,1,0
5.63477,0.205078,1.00078,6.67102e-08,0.435971,1,0
5.63477,0.224609,1.00078,5.2077e-08,0.435971,1,0
5.6543,0.205078,1.00078,5.59873e-08,0.434019,1,0
5.6543,0.224609,1.00078,4.18539e-08,0.434019,1,0
5.67383,0.166016,1.00078,6.47392e-08,0.432066,1,0
5.67383,0.185547,1.00078,5.7426e-08,0.432066,1,0
5.69336,0.166016,1.00078,5.63689e-08,0.430114,1,0
5.69336,0.185547,1.00078,4.88854e-08,0.430114,1,0
5.67383,0.205078,1.00078,4.64889e-08,0.432066,1,0
5.67383,0.224609,1.00078,3.27835e-08,0.432066,1,0
5.69336,0.205078,1.00078,3.8053e-08,0.430114,1,0
5.69336,0.224609,1.00078,2.4722e-08,0.430114,1,0
5.63477,0.244141,1.00077,3.45818e-08,0.435971,1,0
5.63477,0.263672,1.00075,1.52289e-08,0.435971,1,0
5.6543,0.244141,1.00077,2.51841e-08,0.434019,1,0
5.6543,0.263672,1.00075,6.92153e-09,0.434019,1,0
5.63477,0.283203,1.00068,-5.16386e-09,0.435971,1,0
5.63477,0.302734,1.00045,-2.5432e-08,0.435971,1,0
5.6543,0.283203,1.00068,-1.21687e-08,0.434019,1,0
5.6543,0.302734,1.00045,-3.09758e-08,0.434019,1,0
5.67383,0.244141,1.00077,1.68431e-08,0.432066,1,0
5.67383,0.263672,1.00075,-4.59286e-10,0.432066,1,0
5.69336,0.244141,1.00077,9.42206e-09,0.430114,1,0
5.69336,0.263672,1.00075,-7.03534e-09,0.430114,1,0
5.67383,0.283203,1.00068,-1.83961e-08,0.432066,1,0
5.67383,0.302734,1.00045,-3.59064e-08,0.432066,1,0
5.69336,0.283203,1.00068,-2.39491e-08,0.430114,1,0
5.69336,0.302734,1.00045,-4.03056e-08,0.430114,1,0
5.71289,0.166016,1.00078,4.89435e-08,0.428162,1,0
5.71289,0.185547,1.00078,4.12898e-08,0.428162,1,0
5.73242,0.166016,1.00078,4.23264e-08,0.42621,1,0
5.73242,0.185547,1.00078,3.45061e-08,0.42621,1,0
5.71289,0.205078,1.00078,3.05398e-08,0.428162,1,0
5.71289,0.224609,1.00078,1.75397e-08,0.428162,1,0
5.73242,0.205078,1.00078,2.38272e-08,0.42621,1,0
5.73242,0.224609,1.00078,1.11192e-08,0.42621,1,0
5.75195,0.166016,1.00078,3.64031e-08,0.424258,1,0
5.75195,0.185547,1.00078,2.84241e-08,0.424258,1,0
5.77148,0.166016,1.00078,3.10804e-08,0.422306,1,0
5.77148,0.185547,1.00078,2.2954e-08,0.422306,1,0
5.75195,0.205078,1.00078,1.78084e-08,0.424258,1,0
5.75195,0.224609,1.00078,5.35758e-09,0.424258,1,0
5.77148,0.205078,1.00078,1.23935e-08,0.422306,1,0
5.77148,0.224609,1.00078,1.68028e-10,0.422306,1,0
5.71289,0.244141,1.00077,2.79986e-09,0.428162,1,0
5.71289,0.263672,1.00075,-1.29132e-08,0.428162,1,0
5.73242,0.244141,1.00077,-3.12978e-09,0.42621,1,0
5.73242,0.263672,1.00075,-1.81846e-08,0.42621,1,0
5.71289,0.283203,1.00068,-2.89184e-08,0.428162,1,0
5.71289,0.302734,1.00045,-4.42458e-08,0.428162,1,0
5.73242,0.283203,1.00068,-3.3381e-08,0.42621,1,0
5.73242,0.302734,1.00045,-4.7788e-08,0.42621,1,0
5.75195,0.244141,1.00077,-8.45831e-09,0.424258,1,0
5.75195,0.263672,1.00075,-2.2928e-08,0.424258,1,0
5.77148,0.244141,1.00077,-1.32635e-08,0.422306,1,0
5.77148,0.263672,1.00075,-2.72104e-08,0.422306,1,0
5.75195,0.283203,1.00068,-3.74017e-08,0.424258,1,0
5.75195,0.302734,1.00045,-5.09831e-08,0.424258,1,0
5.77148,0.283203,1.00068,-4.10358e-08,0.422306,1,0
5.77148,0.302734,1.00045,-5.38743e-08,0.422306,1,0
5.79102,0.00976562,1.00079,4.74907e-09,0.420354,1,0
5.79102,0.0292969,1.00079,1.09564e-08,0.420354,1,0
5.81055,0.00976562,1.00079,4.63333e-09,0.418402,1,0
5.81055,0.0292969,1.00079,1.05215e-08,0.418402,1,0
5.79102,0.0488281,1.00079,1.73644e-08,0.420354,1,0
5.79102,0.0683594,1.00079,2.46625e-08,0.420354,1,0
5.81055,0.0488281,1.00079,1.63868e-08,0.418402,1,0
5.81055,0.0683594,1.00079,2.30114e-08,0.418402,1,0
5.83008,0.00976562,1.00079,4.5087e-09,0.41645,1,0
5.83008,0.0292969,1.00079,1.01005e-08,0.41645,1,0
5.84961,0.00976562,1.00079,4.36876e-09,0.414498,1,0
5.84961,0.0292969,1.00079,9.68451e-09,0.414498,1,0
5.83008,0.0488281,1.00079,1.5489e-08,0.41645,1,0
5.83008,0.0683594,1.00079,2.15067e-08,0.41645,1,0
5.84961,0.0488281,1.00079,1.46585e-08,0.414498,1,0
5.84961,0.0683594,1.00079,2.01281e-08,0.414498,1,0
5.79102,0.0878906,1.00079,3.02483e-08,0.420354,1,0
5.79102,0.107422,1.00079,3.39991e-08,0.420354,1,0
5.81055,0.0878906,1.00079,2.78743e-08,0.418402,1,0
5.81055,0.107422,1.00079,3.09392e-08,0.418402,1,0
5.79102,0.126953,1.00079,3.4469e-08,0.420354,1,0
5.79102,0.146484,1.00079,3.19963e-08,0.420354,1,0
5.81055,0.126953,1.00079,3.08438e-08,0.418402,1,0
5.81055,0.146484,1.00079,2.79383e-08,0.418402,1,0
5.83008,0.0878906,1.00079,2.5719e-08,0.41645,1,0
5.83008,0.107422,1.00079,2.8167e-08,0.41645,1,0
5.84961,0.0878906,1.00079,2.37564e-08,0.414498,1,0
5.84961,0.107422,1.00079,2.56482e-08,0.414498,1,0
5.83008,0.126953,1.00079,2.75609e-08,0.41645,1,0
5.83008,0.146484,1.00079,2.4262e-08,0.41645,1,0
5.84961,0.126953,1.00079,2.45788e-08,0.414498,1,0
5.84961,0.146484,1.00079,2.09226e-08,0.414498,1,0
5.86914,0.00976562,1.00079,4.21495e-09,0.412546,1,0
5.86914,0.0292969,1.00079,9.27365e-09,0.412546,1,0
5.88867,0.00976562,1.00079,4.05316e-09,0.410594,1,0
5.88867,0.0292969,1.00079,8.87328e-09,0.410594,1,0
5.86914,0.0488281,1.00079,1.38878e-08,0.412546,1,0
5.86914,0.0683594,1.00079,1.88613e-08,0.412546,1,0
5.88867,0.0488281,1.00079,1.31723e-08,0.410594,1,0
5.88867,0.0683594,1.00079,1.76959e-08,0.410594,1,0
5.9082,0.00976562,1.00079,3.89071e-09,0.408642,1,0
5.9082,0.0292969,1.00079,8.4902e-09,0.408642,1,0
5.92773,0.00976562,1.00079,3.73449e-09,0.40669,1,0
5.92773,0.0292969,1.00079,8.13056e-09,0.40669,1,0
5.9082,0.0488281,1.00079,1.25091e-08,0.408642,1,0
5.9082,0.0683594,1.00079,1.66231e-08,0.408642,1,0
5.92773,0.0488281,1.00079,1.18953e-08,0.40669,1,0
5.92773,0.0683594,1.00079,1.56349e-08,0.40669,1,0
5.86914,0.0878906,1.00079,2.19661e-08,0.412546,1,0
5.86914,0.107422,1.00079,2.33545e-08,0.412546,1,0
5.88867,0.0878906,1.00079,2.03306e-08,0.410594,1,0
5.88867,0.107422,1.00079,2.12615e-08,0.410594,1,0
5.86914,0.126953,1.00079,2.18635e-08,0.412546,1,0
5.86914,0.146484,1.00079,1.78817e-08,0.412546,1,0
5.88867,0.126953,1.00079,1.93861e-08,0.410594,1,0
5.88867,0.146484,1.00079,1.5107e-08,0.410594,1,0
5.9082,0.0878906,1.00079,1.88342e-08,0.408642,1,0
5.9082,0.107422,1.00079,1.93485e-08,0.408642,1,0
5.92773,0.0878906,1.00079,1.74629e-08,0.40669,1,0
5.92773,0.107422,1.00079,1.75979e-08,0.40669,1,0
5.9082,0.126953,1.00079,1.71231e-08,0.408642,1,0
5.9082,0.146484,1.00079,1.25721e-08,0.408642,1,0
5.92773,0.126953,1.00079,1.50539e-08,0.40669,1,0
5.92773,0.146484,1.00079,1.02534e-08,0.40669,1,0
5.79102,0.166016,1.00078,2.62829e-08,0.420354,1,0
5.79102,0.185547,1.00078,1.80219e-08,0.420354,1,0
5.81055,0.166016,1.00078,2.19479e-08,0.418402,1,0
5.81055,0.185547,1.00078,1.35654e-08,0.418402,1,0
5.79102,0.205078,1.00078,7.50735e-09,0.420354,1,0
5.79102,0.224609,1.00078,-4.52134e-09,0.420354,1,0
5.81055,0.205078,1.00078,3.08691e-09,0.418402,1,0
5.81055,0.224609,1.00078,-8.7706e-09,0.418402,1,0
5.83008,0.166016,1.00078,1.80219e-08,0.41645,1,0
5.83008,0.185547,1.00078,9.52905e-09,0.41645,1,0
5.84961,0.166016,1.00078,1.44572e-08,0.414498,1,0
5.84961,0.185547,1.00078,5.86252e-09,0.414498,1,0
5.83008,0.205078,1.00078,-9.22628e-10,0.41645,1,0
5.83008,0.224609,1.00078,-1.26307e-08,0.41645,1,0
5.84961,0.205078,1.00078,-4.56908e-09,0.414498,1,0
5.84961,0.224609,1.00078,-1.61451e-08,0.414498,1,0
5.79102,0.244141,1.00077,-1.76108e-08,0.420354,1,0
5.79102,0.263672,1.00075,-3.1089e-08,0.420354,1,0
5.81055,0.244141,1.00077,-2.15554e-08,0.418402,1,0
5.81055,0.263672,1.00075,-3.4612e-08,0.418402,1,0
5.79102,0.283203,1.00068,-4.43305e-08,0.420354,1,0
5.79102,0.302734,1.00045,-5.64979e-08,0.420354,1,0
5.81055,0.283203,1.00068,-4.7326e-08,0.418402,1,0
5.81055,0.302734,1.00045,-5.8885e-08,0.418402,1,0
5.83008,0.244141,1.00077,-2.51434e-08,0.41645,1,0
5.83008,0.263672,1.00075,-3.78197e-08,0.41645,1,0
5.84961,0.244141,1.00077,-2.84135e-08,0.414498,1,0
5.84961,0.263672,1.00075,-4.07458e-08,0.414498,1,0
5.83008,0.283203,1.00068,-5.00554e-08,0.41645,1,0
5.83008,0.302734,1.00045,-6.10611e-08,0.41645,1,0
5.84961,0.283203,1.00068,-5.25468e-08,0.414498,1,0
5.84961,0.302734,1.00045,-6.30478e-08,0.414498,1,0
5.86914,0.166016,1.00078,1.12115e-08,0.412546,1,0
5.86914,0.185547,1.00078,2.52218e-09,0.412546,1,0
5.88867,0.166016,1.00078,8.24925e-09,0.410594,1,0
5.88867,0.185547,1.00078,-5.28453e-10,0.410594,1,0
5.86914,0.205078,1.00078,-7.89361e-09,0.412546,1,0
5.86914,0.224609,1.00078,-1.93515e-08,0.412546,1,0
5.88867,0.205078,1.00078,-1.09315e-08,0.410594,1,0
5.88867,0.224609,1.00078,-2.22829e-08,0.410594,1,0
5.9082,0.166016,1.00078,5.54117e-09,0.408642,1,0
5.9082,0.185547,1.00078,-3.31991e-09,0.408642,1,0
5.92773,0.166016,1.00078,3.06229e-09,0.40669,1,0
5.92773,0.185547,1.00078,-5.87809e-09,0.40669,1,0
5.9082,0.205078,1.00078,-1.37131e-08,0.408642,1,0
5.9082,0.224609,1.00078,-2.49681e-08,0.408642,1,0
5.92773,0.205078,1.00078,-1.62644e-08,0.40669,1,0
5.92773,0.224609,1.00078,-2.74319e-08,0.40669,1,0
5.86914,0.244141,1.00077,-3.13993e-08,0.412546,1,0
5.86914,0.263672,1.00075,-4.3419e-08,0.412546,1,0
5.88867,0.244141,1.00077,-3.41302e-08,0.410594,1,0
5.88867,0.263672,1.00075,-4.58648e-08,0.410594,1,0
5.86914,0.283203,1.00068,-5.48237e-08,0.412546,1,0
5.86914,0.302734,1.00045,-6.48629e-08,0.412546,1,0
5.88867,0.283203,1.00068,-5.69068e-08,0.410594,1,0
5.88867,0.302734,1.00045,-6.65219e-08,0.410594,1,0
5.9082,0.244141,1.00077,-3.66323e-08,0.408642,1,0
5.9082,0.263672,1.00075,-4.81056e-08,0.408642,1,0
5.92773,0.244141,1.00077,-3.89282e-08,0.40669,1,0
5.92773,0.263672,1.00075,-5.01608e-08,0.40669,1,0
5.9082,0.283203,1.00068,-5.88142e-08,0.408642,1,0
5.9082,0.302734,1.00045,-6.80384e-08,0.408642,1,0
5.92773,0.283203,1.00068,-6.05616e-08,0.40669,1,0
5.92773,0.302734,1.00045,-6.94239e-08,0.40669,1,0
5.63477,0.322266,0.999833,-4.40585e-08,0.435971,1,0
5.63477,0.341797,0.998199,-5.89792e-08,0.435971,1,0
5.6543,0.322266,0.999833,-4.80502e-08,0.434019,1,0
5.6543,0.341797,0.998199,-6.14542e-08,0.434019,1,0
5.63477,0.361328,0.994148,-6.76037e-08,0.435971,1,0
5.63477,0.380859,0.984708,-6.78138e-08,0.435971,1,0
5.6543,0.361328,0.994148,-6.87604e-08,0.434019,1,0
5.6543,0.380859,0.984708,-6.80397e-08,0.434019,1,0
5.67383,0.322266,0.999833,-5.16008e-08,0.432066,1,0
5.67383,0.341797,0.998199,-6.3654e-08,0.432066,1,0
5.69336,0.322266,0.999833,-5.47696e-08,0.430114,1,0
5.69336,0.341797,0.998199,-6.5617e-08,0.430114,1,0
5.67383,0.361328,0.994148,-6.97853e-08,0.432066,1,0
5.67383,0.380859,0.984708,-6.82354e-08,0.432066,1,0
5.69336,0.361328,0.994148,-7.06985e-08,0.430114,1,0
5.69336,0.380859,0.984708,-6.84032e-08,0.430114,1,0
5.63477,0.400391,0.964071,-5.88853e-08,0.435971,1,0
5.63477,0.419922,0.921814,-4.34596e-08,0.435971,1,0
5.6543,0.400391,0.964071,-5.86569e-08,0.434019,1,0
5.6543,0.419922,0.921814,-4.31494e-08,0.434019,1,0
5.63477,0.439453,0.840832,-2.59308e-08,0.435971,1,0
5.63477,0.458984,0.695591,-1.14859e-08,0.435971,1,0
5.6543,0.439453,0.840832,-2.5708e-08,0.434019,1,0
5.6543,0.458984,0.695591,-1.13844e-08,0.434019,1,0
5.67383,0.400391,0.964071,-5.84364e-08,0.432066,1,0
5.67383,0.419922,0.921813,-4.28652e-08,0.432066,1,0
5.69336,0.400391,0.964071,-5.8235e-08,0.430114,1,0
5.69336,0.419922,0.921813,-4.25883e-08,0.430114,1,0
5.67383,0.439453,0.840832,-2.54983e-08,0.432066,1,0
5.67383,0.458984,0.695591,-1.12784e-08,0.432066,1,0
5.69336,0.439453,0.840832,-2.52956e-08,0.430114,1,0
5.69336,0.458984,0.695591,-1.11874e-08,0.430114,1,0
5.71289,0.322266,0.999833,-5.76096e-08,0.428162,1,0
5.71289,0.341797,0.998199,-6.73773e-08,0.428162,1,0
5.73242,0.322266,0.999833,-6.01653e-08,0.42621,1,0
5.73242,0.341797,0.998199,-6.89626e-08,0.42621,1,0
5.71289,0.361328,0.994148,-7.15165e-08,0.428162,1,0
5.71289,0.380859,0.984708,-6.85507e-08,0.428162,1,0
5.73242,0.361328,0.994148,-7.22526e-08,0.42621,1,0
5.73242,0.380859,0.984708,-6.86765e-08,0.42621,1,0
5.75195,0.322266,0.999833,-6.24732e-08,0.424258,1,0
5.75195,0.341797,0.998199,-7.03954e-08,0.424258,1,0
5.77148,0.322266,0.999833,-6.45637e-08,0.422306,1,0
5.77148,0.341797,0.998199,-7.16937e-08,0.422306,1,0
5.75195,0.361328,0.994148,-7.29164e-08,0.424258,1,0
5.75195,0.380859,0.984708,-6.87856e-08,0.424258,1,0
5.77148,0.361328,0.994148,-7.35156e-08,0.422306,1,0
5.77148,0.380859,0.984708,-6.88745e-08,0.422306,1,0
5.71289,0.400391,0.964071,-5.80365e-08,0.428162,1,0
5.71289,0.419922,0.921813,-4.23319e-08,0.428162,1,0
5.73242,0.400391,0.964071,-5.78529e-08,0.42621,1,0
5.73242,0.419922,0.921813,-4.20769e-08,0.42621,1,0
5.71289,0.439453,0.840832,-2.51029e-08,0.428162,1,0
5.71289,0.458984,0.695591,-1.10896e-08,0.428162,1,0
5.73242,0.439453,0.840832,-2.49141e-08,0.42621,1,0
5.73242,0.458984,0.695591,-1.10061e-08,0.42621,1,0
5.75195,0.400391,0.964071,-5.76666e-08,0.424258,1,0
5.75195,0.419922,0.921813,-4.18381e-08,0.424258,1,0
5.77148,0.400391,0.964071,-5.74907e-08,0.422306,1,0
5.77148,0.419922,0.921813,-4.15958e-08,0.422306,1,0
5.75195,0.439453,0.840832,-2.4733e-08,0.424258,1,0
5.75195,0.458984,0.695591,-1.09138e-08,0.424258,1,0
5.77148,0.439453,0.840832,-2.45532e-08,0.422306,1,0
5.77148,0.458984,0.695591,-1.08355e-08,0.422306,1,0
5.63477,0.478516,0.451545,-2.16921e-09,0.435971,1,0
5.63477,0.498047,0.06646,1.04258e-09,0.435971,0.6,0
5.6543,0.478516,0.451545,-2.1363e-09,0.434019,1,0
5.6543,0.498047,0.06646,1.05199e-09,0.434019,0.6,0
5.67383,0.478516,0.451545,-2.11145e-09,0.432066,1,0
5.67383,0.498047,0.06646,1.05655e-09,0.432066,0.6,0
5.69336,0.478516,0.451545,-2.08369e-09,0.430114,1,0
5.69336,0.498047,0.06646,1.06199e-09,0.430114,0.6,0
5.71289,0.478516,0.451545,-2.06358e-09,0.428162,1,0
5.71289,0.498047,0.06646,1.06283e-09,0.428162,0.6,0
5.73242,0.478516,0.451545,-2.03959e-09,0.42621,1,0
5.73242,0.498047,0.06646,1.06511e-09,0.42621,0.6,0
5.75195,0.478516,0.451545,-2.02302e-09,0.424258,1,0
5.75195,0.498047,0.06646,1.06294e-09,0.424258,0.6,0
5.77148,0.478516,0.451545,-2.00179e-09,0.422306,1,0
5.77148,0.498047,0.06646,1.06269e-09,0.422306,0.6,0
5.79102,0.322266,0.999833,-6.64622e-08,0.420354,1,0
5.79102,0.341797,0.998199,-7.28723e-08,0.420354,1,0
5.81055,0.322266,0.999833,-6.81901e-08,0.418402,1,0
5.81055,0.341797,0.998199,-7.39435e-08,0.418402,1,0
5.79102,0.361328,0.994148,-7.40558e-08,0.420354,1,0
5.79102,0.380859,0.984708,-6.89472e-08,0.420354,1,0
5.81055,0.361328,0.994148,-7.45418e-08,0.418402,1,0
5.81055,0.380859,0.984708,-6.89992e-08,0.418402,1,0
5.83008,0.322266,0.999833,-6.9765e-08,0.41645,1,0
5.83008,0.341797,0.998199,-7.4917e-08,0.41645,1,0
5.84961,0.322266,0.999833,-7.12013e-08,0.414498,1,0
5.84961,0.341797,0.998199,-7.58008e-08,0.414498,1,0
5.83008,0.361328,0.994148,-7.49768e-08,0.41645,1,0
5.83008,0.380859,0.984708,-6.90344e-08,0.41645,1,0
5.84961,0.361328,0.994148,-7.53636e-08,0.414498,1,0
5.84961,0.380859,0.984708,-6.90476e-08,0.414498,1,0
5.79102,0.400391,0.964071,-5.73071e-08,0.420354,1,0
5.79102,0.419922,0.921813,-4.13666e-08,0.420354,1,0
5.81055,0.400391,0.964071,-5.71303e-08,0.418402,1,0
5.81055,0.419922,0.921813,-4.11301e-08,0.418402,1,0
5.79102,0.439453,0.840832,-2.43794e-08,0.420354,1,0
5.79102,0.458984,0.695591,-1.07469e-08,0.420354,1,0
5.81055,0.439453,0.840832,-2.42051e-08,0.418402,1,0
5.81055,0.458984,0.695591,-1.06721e-08,0.418402,1,0
5.83008,0.400391,0.964071,-5.69415e-08,0.41645,1,0
5.83008,0.419922,0.921813,-4.09045e-08,0.41645,1,0
5.84961,0.400391,0.964071,-5.67566e-08,0.414498,1,0
5.84961,0.419922,0.921813,-4.06688e-08,0.414498,1,0
5.83008,0.439453,0.840832,-2.40355e-08,0.41645,1,0
5.83008,0.458984,0.695591,-1.05857e-08,0.41645,1,0
5.84961,0.439453,0.840832,-2.38642e-08,0.414498,1,0
5.84961,0.458984,0.695591,-1.05133e-08,0.414498,1,0
5.86914,0.322266,0.999833,-7.25112e-08,0.412546,1,0
5.86914,0.341797,0.998199,-7.66014e-08,0.412546,1,0
5.88867,0.322266,0.999833,-7.37049e-08,0.410594,1,0
5.88867,0.341797,0.998199,-7.73241e-08,0.410594,1,0
5.86914,0.361328,0.994148,-7.57041e-08,0.412546,1,0
5.86914,0.380859,0.984708,-6.90428e-08,0.412546,1,0
5.88867,0.361328,0.994148,-7.59999e-08,0.410594,1,0
5.88867,0.380859,0.984708,-6.90148e-08,0.410594,1,0
5.9082,0.322266,0.999833,-7.4791e-08,0.408642,1,0
5.9082,0.341797,0.998199,-7.79736e-08,0.408642,1,0
5.92773,0.322266,0.999833,-7.57774e-08,0.40669,1,0
5.92773,0.341797,0.998199,-7.85538e-08,0.40669,1,0
5.9082,0.361328,0.994148,-7.62524e-08,0.408642,1,0
5.9082,0.380859,0.984708,-6.89679e-08,0.408642,1,0
5.92773,0.361328,0.994148,-7.64628e-08,0.40669,1,0
5.92773,0.380859,0.984708,-6.88971e-08,0.40669,1,0
5.86914,0.400391,0.964071,-5.65564e-08,0.412546,1,0
5.86914,0.419922,0.921813,-4.04426e-08,0.412546,1,0
5.88867,0.400391,0.964071,-5.63583e-08,0.410594,1,0
5.88867,0.419922,0.921813,-4.02041e-08,0.410594,1,0
5.86914,0.439453,0.840832,-2.36966e-08,0.412546,1,0
5.86914,0.458984,0.695591,-1.04279e-08,0.412546,1,0
5.88867,0.439453,0.840832,-2.35262e-08,0.410594,1,0
5.88867,0.458984,0.695591,-1.03568e-08,0.410594,1,0
5.9082,0.400391,0.964071,-5.61425e-08,0.408642,1,0
5.9082,0.419922,0.921813,-3.99744e-08,0.408642,1,0
5.92773,0.400391,0.964071,-5.5928e-08,0.40669,1,0
5.92773,0.419922,0.921813,-3.97309e-08,0.40669,1,0
5.9082,0.439453,0.840832,-2.33591e-08,0.408642,1,0
5.9082,0.458984,0.695591,-1.02716e-08,0.408642,1,0
5.92773,0.439453,0.840832,-2.31884e-08,0.40669,1,0
5.92773,0.458984,0.695591,-1.02011e-08,0.40669,1,0
5.79102,0.478516,0.451545,-1.98792e-09,0.420354,1,0
5.79102,0.498047,0.06646,1.05809e-09,0.420354,0.6,0
5.81055,0.478516,0.451545,-1.96871e-09,0.418402,1,0
5.81055,0.498047,0.06646,1.05581e-09,0.418402,0.6,0
5.83008,0.478516,0.451545,-1.95686e-09,0.41645,1,0
5.83008,0.498047,0.06646,1.04918e-09,0.41645,0.6,0
5.84961,0.478516,0.451545,-1.93901e-09,0.414498,1,0
5.84961,0.498047,0.06646,1.04521e-09,0.414498,0.6,0
5.86914,0.478516,0.451545,-1.92856e-09,0.412546,1,0
5.86914,0.498047,0.06646,1.03686e-09,0.412546,0.6,0
5.88867,0.478516,0.451545,-1.91147e-09,0.410594,1,0
5.88867,0.498047,0.06646,1.03149e-09,0.410594,0.6,0
5.9082,0.478516,0.451545,-1.90182e-09,0.408642,1,0
5.9082,0.498047,0.06646,1.02172e-09,0.408642,0.6,0
5.92773,0.478516,0.451545,-1.88495e-09,0.40669,1,0
5.92773,0.498047,0.06646,1.01526e-09,0.40669,0.6,0
5.94727,0.00976562,1.00079,3.59003e-09,0.404737,1,0
5.94727,0.0292969,1.00079,7.79896e-09,0.404737,1,0
5.9668,0.00976562,1.00079,3.46125e-09,0.402785,1,0
5.9668,0.0292969,1.00079,7.49832e-09,0.402785,1,0
5.94727,0.0488281,1.00079,1.13282e-08,0.404737,1,0
5.94727,0.0683594,1.00079,1.47247e-08,0.404737,1,0
5.9668,0.0488281,1.00079,1.08056e-08,0.402785,1,0
5.9668,0.0683594,1.00079,1.38874e-08,0.402785,1,0
5.98633,0.00976562,1.00079,3.35046e-09,0.400833,1,0
5.98633,0.0292969,1.00079,7.22986e-09,0.400833,1,0
6.00586,0.00976562,1.00079,3.25837e-09,0.398881,1,0
6.00586,0.0292969,1.00079,6.99321e-09,0.398881,1,0
5.98633,0.0488281,1.00079,1.03255e-08,0.400833,1,0
5.98633,0.0683594,1.00079,1.3118e-08,0.400833,1,0
6.00586,0.0488281,1.00079,9.88587e-09,0.398881,1,0
6.00586,0.0683594,1.00079,1.24113e-08,0.398881,1,0
5.94727,0.0878906,1.00079,1.62052e-08,0.404737,1,0
5.94727,0.107422,1.00079,1.59938e-08,0.404737,1,0
5.9668,0.0878906,1.00079,1.50502e-08,0.402785,1,0
5.9668,0.107422,1.00079,1.45205e-08,0.402785,1,0
5.94727,0.126953,1.00079,1.31588e-08,0.404737,1,0
5.94727,0.146484,1.00079,8.13035e-09,0.404737,1,0
5.9668,0.126953,1.00079,1.14208e-08,0.402785,1,0
5.9668,0.146484,1.00079,6.18388e-09,0.402785,1,0
5.98633,0.0878906,1.00079,1.39873e-08,0.400833,1,0
5.98633,0.107422,1.00079,1.31655e-08,0.400833,1,0
6.00586,0.0878906,1.00079,1.3008e-08,0.398881,1,0
6.00586,0.107422,1.00079,1.19184e-08,0.398881,1,0
5.98633,0.126953,1.00079,9.82477e-09,0.400833,1,0
5.98633,0.146484,1.00079,4.39601e-09,0.400833,1,0
6.00586,0.126953,1.00079,8.35694e-09,0.398881,1,0
6.00586,0.146484,1.00079,2.75096e-09,0.398881,1,0
6.02539,0.00976562,1.00079,3.18421e-09,0.396929,1,0
6.02539,0.0292969,1.00079,6.78655e-09,0.396929,1,0
6.04492,0.00976562,1.00079,3.12601e-09,0.394977,1,0
6.04492,0.0292969,1.00079,6.60687e-09,0.394977,1,0
6.02539,0.0488281,1.00079,9.48431e-09,0.396929,1,0
6.02539,0.0683594,1.00079,1.17628e-08,0.396929,1,0
6.04492,0.0488281,1.00079,9.11814e-09,0.394977,1,0
6.04492,0.0683594,1.00079,1.11683e-08,0.394977,1,0
6.06445,0.00976562,1.00079,3.08078e-09,0.393025,1,0
6.06445,0.0292969,1.00079,6.45025e-09,0.393025,1,0
6.08398,0.00976562,1.00079,3.0449e-09,0.391073,1,0
6.08398,0.0292969,1.00079,6.31224e-09,0.391073,1,0
6.06445,0.0488281,1.00079,8.7847e-09,0.393025,1,0
6.06445,0.0683594,1.00079,1.06249e-08,0.393025,1,0
6.08398,0.0488281,1.00079,8.48168e-09,0.391073,1,0
6.08398,0.0683594,1.00079,1.01301e-08,0.391073,1,0
6.02539,0.0878906,1.00079,1.2106e-08,0.396929,1,0
6.02539,0.107422,1.00079,1.07707e-08,0.396929,1,0
6.04492,0.0878906,1.00079,1.12762e-08,0.394977,1,0
6.04492,0.107422,1.00079,9.71541e-09,0.394977,1,0
6.02539,0.126953,1.00079,7.0057e-09,0.396929,1,0
6.02539,0.146484,1.00079,1.23632e-09,0.396929,1,0
6.04492,0.126953,1.00079,5.76216e-09,0.394977,1,0
6.04492,0.146484,1.00079,-1.57398e-10,0.394977,1,0
6.06445,0.0878906,1.00079,1.05151e-08,0.393025,1,0
6.06445,0.107422,1.00079,8.74698e-09,0.393025,1,0
6.08398,0.0878906,1.00079,9.81923e-09,0.391073,1,0
6.08398,0.107422,1.00079,7.86037e-09,0.391073,1,0
6.06445,0.126953,1.00079,4.61941e-09,0.393025,1,0
6.06445,0.146484,1.00079,-1.43728e-09,0.393025,1,0
6.08398,0.126953,1.00079,3.57236e-09,0.391073,1,0
6.08398,0.146484,1.00079,-2.60859e-09,0.391073,1,0
5.94727,0.166016,1.00078,7.90589e-10,0.404737,1,0
5.94727,0.185547,1.00078,-8.22544e-09,0.404737,1,0
5.9668,0.166016,1.00078,-1.29418e-09,0.402785,1,0
5.9668,0.185547,1.00078,-1.03818e-08,0.402785,1,0
5.94727,0.205078,1.00078,-1.86074e-08,0.404737,1,0
5.94727,0.224609,1.00078,-2.96956e-08,0.404737,1,0
5.9668,0.205078,1.00078,-2.07611e-08,0.402785,1,0
5.9668,0.224609,1.00078,-3.17765e-08,0.402785,1,0
5.98633,0.166016,1.00078,-3.21033e-09,0.400833,1,0
5.98633,0.185547,1.00078,-1.23645e-08,0.400833,1,0
6.00586,0.166016,1.00078,-4.97333e-09,0.398881,1,0
6.00586,0.185547,1.00078,-1.4188e-08,0.398881,1,0
5.98633,0.205078,1.00078,-2.27413e-08,0.400833,1,0
5.98633,0.224609,1.00078,-3.36891e-08,0.400833,1,0
6.00586,0.205078,1.00078,-2.45615e-08,0.398881,1,0
6.00586,0.224609,1.00078,-3.54454e-08,0.398881,1,0
5.94727,0.244141,1.00077,-4.10372e-08,0.404737,1,0
5.94727,0.263672,1.00075,-5.2047e-08,0.404737,1,0
5.9668,0.244141,1.00077,-4.29749e-08,0.402785,1,0
5.9668,0.263672,1.00075,-5.37777e-08,0.402785,1,0
5.94727,0.283203,1.00068,-6.21623e-08,0.404737,1,0
5.94727,0.302734,1.00045,-7.06882e-08,0.404737,1,0
5.9668,0.283203,1.00068,-6.36271e-08,0.402785,1,0
5.9668,0.302734,1.00045,-7.18396e-08,0.402785,1,0
5.98633,0.244141,1.00077,-4.47541e-08,0.400833,1,0
5.98633,0.263672,1.00075,-5.53638e-08,0.400833,1,0
6.00586,0.244141,1.00077,-4.63854e-08,0.398881,1,0
6.00586,0.263672,1.00075,-5.68144e-08,0.398881,1,0
5.98633,0.283203,1.00068,-6.49651e-08,0.400833,1,0
5.98633,0.302734,1.00045,-7.28846e-08,0.400833,1,0
6.00586,0.283203,1.00068,-6.61836e-08,0.398881,1,0
6.00586,0.302734,1.00045,-7.38289e-08,0.398881,1,0
6.02539,0.166016,1.00078,-6.59559e-09,0.396929,1,0
6.02539,0.185547,1.00078,-1.58644e-08,0.396929,1,0
6.04492,0.166016,1.00078,-8.08683e-09,0.394977,1,0
6.04492,0.185547,1.00078,-1.74032e-08,0.394977,1,0
6.02539,0.205078,1.00078,-2.62327e-08,0.396929,1,0
6.02539,0.224609,1.00078,-3.70556e-08,0.396929,1,0
6.04492,0.205078,1.00078,-2.77643e-08,0.394977,1,0
6.04492,0.224609,1.00078,-3.85282e-08,0.394977,1,0
6.06445,0.166016,1.00078,-9.45452e-09,0.393025,1,0
6.06445,0.185547,1.00078,-1.88121e-08,0.393025,1,0
6.08398,0.166016,1.00078,-1.07045e-08,0.391073,1,0
6.08398,0.185547,1.00078,-2.00975e-08,0.391073,1,0
6.06445,0.205078,1.00078,-2.91639e-08,0.393025,1,0
6.06445,0.224609,1.00078,-3.98708e-08,0.393025,1,0
6.08398,0.205078,1.00078,-3.04381e-08,0.391073,1,0
6.08398,0.224609,1.00078,-4.10898e-08,0.391073,1,0
6.02539,0.244141,1.00077,-4.78779e-08,0.396929,1,0
6.02539,0.263672,1.00075,-5.81372e-08,0.396929,1,0
6.04492,0.244141,1.00077,-4.92392e-08,0.394977,1,0
6.04492,0.263672,1.00075,-5.9339e-08,0.394977,1,0
6.02539,0.283203,1.00068,-6.72888e-08,0.396929,1,0
6.02539,0.302734,1.00045,-7.46773e-08,0.396929,1,0
6.04492,0.283203,1.00068,-6.82863e-08,0.394977,1,0
6.04492,0.302734,1.00045,-7.54343e-08,0.394977,1,0
6.06445,0.244141,1.00077,-5.04761e-08,0.393025,1,0
6.06445,0.263672,1.00075,-6.04256e-08,0.393025,1,0
6.08398,0.244141,1.00077,-5.1595e-08,0.391073,1,0
6.08398,0.263672,1.00075,-6.1403e-08,0.391073,1,0
6.06445,0.283203,1.00068,-6.91813e-08,0.393025,1,0
6.06445,0.302734,1.00045,-7.6104e-08,0.393025,1,0
6.08398,0.283203,1.00068,-6.99788e-08,0.391073,1,0
6.08398,0.302734,1.00045,-7.66904e-08,0.391073,1,0
6.10352,0.00976562,1.00079,3.01452e-09,0.389121,1,0
6.10352,0.0292969,1.00079,6.18836e-09,0.389121,1,0
6.12305,0.00976562,1.00079,2.9859e-09,0.387169,1,0
6.12305,0.0292969,1.00079,6.07441e-09,0.387169,1,0
6.10352,0.0488281,1.00079,8.20705e-09,0.389121,1,0
6.10352,0.0683594,1.00079,9.68106e-09,0.389121,1,0
6.12305,0.0488281,1.00079,7.95864e-09,0.387169,1,0
6.12305,0.0683594,1.00079,9.27492e-09,0.387169,1,0
6.14258,0.00976562,1.00079,2.95592e-09,0.385217,1,0
6.14258,0.0292969,1.00079,5.96681e-09,0.385217,1,0
6.16211,0.00976562,1.00079,2.9224e-09,0.383265,1,0
6.16211,0.0292969,1.00079,5.86299e-09,0.383265,1,0
6.14258,0.0488281,1.00079,7.73414e-09,0.385217,1,0
6.14258,0.0683594,1.00079,8.90883e-09,0.385217,1,0
6.16211,0.0488281,1.00079,7.53144e-09,0.383265,1,0
6.16211,0.0683594,1.00079,8.58022e-09,0.383265,1,0
6.10352,0.0878906,1.00079,9.18536e-09,0.389121,1,0
6.10352,0.107422,1.00079,7.05185e-09,0.389121,1,0
6.12305,0.0878906,1.00079,8.61072e-09,0.387169,1,0
6.12305,0.107422,1.00079,6.31874e-09,0.387169,1,0
6.10352,0.126953,1.00079,2.61739e-09,0.389121,1,0
6.10352,0.146484,1.00079,-3.67552e-09,0.389121,1,0
6.12305,0.126953,1.00079,1.75159e-09,0.387169,1,0
6.12305,0.146484,1.00079,-4.64188e-09,0.387169,1,0
6.14258,0.0878906,1.00079,8.09316e-09,0.385217,1,0
6.14258,0.107422,1.00079,5.65867e-09,0.385217,1,0
6.16211,0.0878906,1.00079,7.63048e-09,0.383265,1,0
6.16211,0.107422,1.00079,5.06883e-09,0.383265,1,0
6.14258,0.126953,1.00079,9.72025e-10,0.385217,1,0
6.14258,0.146484,1.00079,-5.51166e-09,0.385217,1,0
6.16211,0.126953,1.00079,2.75156e-10,0.383265,1,0
6.16211,0.146484,1.00079,-6.28941e-09,0.383265,1,0
6.18164,0.00976562,1.00079,2.88434e-09,0.381313,1,0
6.18164,0.0292969,1.00079,5.76164e-09,0.381313,1,0
6.20117,0.00976562,1.00079,2.84201e-09,0.379361,1,0
6.20117,0.0292969,1.00079,5.66279e-09,0.379361,1,0
6.18164,0.0488281,1.00079,7.34877e-09,0.381313,1,0
6.18164,0.0683594,1.00079,8.28671e-09,0.381313,1,0
6.20117,0.0488281,1.00079,7.18468e-09,0.379361,1,0
6.20117,0.0683594,1.00079,8.02591e-09,0.379361,1,0
6.2207,0.00976562,1.00079,2.79677e-09,0.377409,1,0
6.2207,0.0292969,1.00079,5.56752e-09,0.377409,1,0
6.24023,0.00976562,1.00079,2.75078e-09,0.375456,1,0
6.24023,0.0292969,1.00079,5.47764e-09,0.375457,1,0
6.2207,0.0488281,1.00079,7.03796e-09,0.377409,1,0
6.2207,0.0683594,1.00079,7.7955e-09,0.377409,1,0
6.24023,0.0488281,1.00079,6.90766e-09,0.375457,1,0
6.24023,0.0683594,1.00079,7.59339e-09,0.375457,1,0
6.18164,0.0878906,1.00079,7.22003e-09,0.381313,1,0
6.18164,0.107422,1.00079,4.54563e-09,0.381313,1,0
6.20117,0.0878906,1.00079,6.85856e-09,0.379361,1,0
6.20117,0.107422,1.00079,4.08465e-09,0.379361,1,0
6.18164,0.126953,1.00079,-3.43382e-10,0.381313,1,0
6.18164,0.146484,1.00079,-6.98043e-09,0.381313,1,0
6.20117,0.126953,1.00079,-8.88844e-10,0.379361,1,0
6.20117,0.146484,1.00079,-7.59074e-09,0.379361,1,0
6.2207,0.0878906,1.00079,6.54232e-09,0.377409,1,0
6.2207,0.107422,1.00079,3.68075e-09,0.377409,1,0
6.24023,0.0878906,1.00079,6.26694e-09,0.375457,1,0
6.24023,0.107422,1.00079,3.32803e-09,0.375457,1,0
6.2207,0.126953,1.00079,-1.36728e-09,0.377409,1,0
6.2207,0.146484,1.00079,-8.12702e-09,0.377409,1,0
6.24023,0.126953,1.00079,-1.78525e-09,0.375457,1,0
6.24023,0.146484,1.00079,-8.59634e-09,0.375457,1,0
6.10352,0.166016,1.00078,-1.18415e-08,0.389121,1,0
6.10352,0.185547,1.00078,-2.12649e-08,0.389121,1,0
6.12305,0.166016,1.00078,-1.28705e-08,0.387169,1,0
6.12305,0.185547,1.00078,-2.23197e-08,0.387169,1,0
6.10352,0.205078,1.00078,-3.15929e-08,0.389121,1,0
6.10352,0.224609,1.00078,-4.21913e-08,0.389121,1,0
6.12305,0.205078,1.00078,-3.26342e-08,0.387169,1,0
6.12305,0.224609,1.00078,-4.31813e-08,0.387169,1,0
6.14258,0.166016,1.00078,-1.37962e-08,0.385217,1,0
6.14258,0.185547,1.00078,-2.32675e-08,0.385217,1,0
6.16211,0.166016,1.00078,-1.46239e-08,0.383265,1,0
6.16211,0.185547,1.00078,-2.41141e-08,0.383265,1,0
6.14258,0.205078,1.00078,-3.35679e-08,0.385217,1,0
6.14258,0.224609,1.00078,-4.40658e-08,0.385217,1,0
6.16211,0.205078,1.00078,-3.44001e-08,0.383265,1,0
6.16211,0.224609,1.00078,-4.4851e-08,0.383265,1,0
6.10352,0.244141,1.00077,-5.26017e-08,0.389121,1,0
6.10352,0.263672,1.00075,-6.22764e-08,0.389121,1,0
6.12305,0.244141,1.00077,-5.3502e-08,0.387169,1,0
6.12305,0.263672,1.00075,-6.30514e-08,0.387169,1,0
6.10352,0.283203,1.00068,-7.06835e-08,0.389121,1,0
6.10352,0.302734,1.00045,-7.71978e-08,0.389121,1,0
6.12305,0.283203,1.00068,-7.13005e-08,0.387169,1,0
6.12305,0.302734,1.00045,-7.76303e-08,0.387169,1,0
6.14258,0.244141,1.00077,-5.43018e-08,0.385217,1,0
6.14258,0.263672,1.00075,-6.37334e-08,0.385217,1,0
6.16211,0.244141,1.00077,-5.50071e-08,0.383265,1,0
6.16211,0.263672,1.00075,-6.43282e-08,0.383265,1,0
6.14258,0.283203,1.00068,-7.18346e-08,0.385217,1,0
6.14258,0.302734,1.00045,-7.79921e-08,0.385217,1,0
6.16211,0.283203,1.00068,-7.22909e-08,0.383265,1,0
6.16211,0.302734,1.00045,-7.82877e-08,0.383265,1,0
6.18164,0.166016,1.00078,-1.53596e-08,0.381313,1,0
6.18164,0.185547,1.00078,-2.4866e-08,0.381313,1,0
6.20117,0.166016,1.00079,-1.60098e-08,0.379361,1,0
6.20117,0.185547,1.00078,-2.55298e-08,0.379361,1,0
6.18164,0.205078,1.00078,-3.51373e-08,0.381313,1,0
6.18164,0.224609,1.00078,-4.55435e-08,0.381313,1,0
6.20117,0.205078,1.00078,-3.57864e-08,0.379361,1,0
6.20117,0.224609,1.00078,-4.61497e-08,0.379361,1,0
6.2207,0.166016,1.00079,-1.65814e-08,0.377409,1,0
6.2207,0.185547,1.00078,-2.61126e-08,0.377409,1,0
6.24023,0.166016,1.00079,-1.70815e-08,0.375457,1,0
6.24023,0.185547,1.00078,-2.66215e-08,0.375457,1,0
6.2207,0.205078,1.00078,-3.63542e-08,0.377409,1,0
6.2207,0.224609,1.00078,-4.66763e-08,0.377409,1,0
6.24023,0.205078,1.00078,-3.68476e-08,0.375457,1,0
6.24023,0.224609,1.00078,-4.713e-08,0.375457,1,0
6.18164,0.244141,1.00077,-5.56242e-08,0.381313,1,0
6.18164,0.263672,1.00075,-6.48415e-08,0.381313,1,0
6.20117,0.244141,1.00077,-5.61593e-08,0.379361,1,0
6.20117,0.263672,1.00075,-6.5279e-08,0.379361,1,0
6.18164,0.283203,1.00068,-7.26746e-08,0.381313,1,0
6.18164,0.302734,1.00045,-7.85214e-08,0.381313,1,0
6.20117,0.283203,1.00068,-7.29908e-08,0.379361,1,0
6.20117,0.302734,1.00045,-7.86975e-08,0.379361,1,0
6.2207,0.244141,1.00077,-5.66186e-08,0.377409,1,0
6.2207,0.263672,1.00075,-6.56464e-08,0.377409,1,0
6.24023,0.244141,1.00077,-5.70082e-08,0.375457,1,0
6.24023,0.263672,1.00075,-6.59493e-08,0.375457,1,0
6.2207,0.283203,1.00068,-7.32445e-08,0.377409,1,0
6.2207,0.302734,1.00045,-7.88202e-08,0.377409,1,0
6.24023,0.283203,1.00068,-7.34404e-08,0.375457,1,0
6.24023,0.302734,1.00045,-7.88935e-08,0.375457,1,0
5.94727,0.322266,0.999833,-7.66702e-08,0.404737,1,0
5.94727,0.341797,0.998199,-7.90681e-08,0.404737,1,0
5.9668,0.322266,0.999833,-7.7475e-08,0.402785,1,0
5.9668,0.341797,0.998199,-7.95195e-08,0.402785,1,0
5.94727,0.361328,0.994148,-7.66324e-08,0.404737,1,0
5.94727,0.380859,0.984708,-6.88073e-08,0.404737,1,0
5.9668,0.361328,0.994148,-7.67621e-08,0.402785,1,0
5.9668,0.380859,0.984708,-6.86934e-08,0.402785,1,0
5.98633,0.322266,0.999833,-7.81961e-08,0.400833,1,0
5.98633,0.341797,0.998199,-7.99105e-08,0.400833,1,0
6.00586,0.322266,0.999833,-7.88375e-08,0.398881,1,0
6.00586,0.341797,0.998199,-8.02433e-08,0.398881,1,0
5.98633,0.361328,0.994148,-7.6853e-08,0.400833,1,0
5.98633,0.380859,0.984708,-6.85609e-08,0.400833,1,0
6.00586,0.361328,0.994148,-7.69063e-08,0.398881,1,0
6.00586,0.380859,0.984708,-6.84048e-08,0.398881,1,0
5.94727,0.400391,0.964071,-5.56943e-08,0.404737,1,0
5.94727,0.419922,0.921813,-3.94961e-08,0.404737,1,0
5.9668,0.400391,0.964071,-5.54616e-08,0.402785,1,0
5.9668,0.419922,0.921813,-3.92465e-08,0.402785,1,0
5.94727,0.439453,0.840832,-2.30207e-08,0.404737,1,0
5.94727,0.458984,0.695591,-1.01153e-08,0.404737,1,0
5.9668,0.439453,0.840832,-2.28489e-08,0.402785,1,0
5.9668,0.458984,0.695591,-1.00447e-08,0.402785,1,0
5.98633,0.400391,0.964071,-5.5209e-08,0.400833,1,0
5.98633,0.419922,0.921813,-3.90058e-08,0.400833,1,0
6.00586,0.400391,0.964071,-5.4958e-08,0.398881,1,0
6.00586,0.419922,0.921813,-3.87497e-08,0.398881,1,0
5.98633,0.439453,0.840832,-2.26801e-08,0.400833,1,0
5.98633,0.458984,0.695591,-9.95809e-09,0.400833,1,0
6.00586,0.439453,0.840832,-2.2507e-08,0.398881,1,0
6.00586,0.458984,0.695591,-9.8873e-09,0.398881,1,0
6.02539,0.322266,0.999833,-7.94025e-08,0.396929,1,0
6.02539,0.341797,0.998199,-8.052e-08,0.396929,1,0
6.04492,0.322266,0.999833,-7.98943e-08,0.394977,1,0
6.04492,0.341797,0.998199,-8.07429e-08,0.394977,1,0
6.02539,0.361328,0.994148,-7.69229e-08,0.396929,1,0
6.02539,0.380859,0.984708,-6.8231e-08,0.396929,1,0
6.04492,0.361328,0.994148,-7.69042e-08,0.394977,1,0
6.04492,0.380859,0.984708,-6.80345e-08,0.394977,1,0
6.06445,0.322266,0.999833,-8.03162e-08,0.393025,1,0
6.06445,0.341797,0.998199,-8.09141e-08,0.393025,1,0
6.08398,0.322266,0.999833,-8.06713e-08,0.391073,1,0
6.08398,0.341797,0.998199,-8.10359e-08,0.391073,1,0
6.06445,0.361328,0.994148,-7.68513e-08,0.393025,1,0
6.06445,0.380859,0.984708,-6.78218e-08,0.393025,1,0
6.08398,0.361328,0.994148,-7.67659e-08,0.391073,1,0
6.08398,0.380859,0.984708,-6.75877e-08,0.391073,1,0
6.02539,0.400391,0.96407,-5.46867e-08,0.396929,1,0
6.02539,0.419922,0.921813,-3.85031e-08,0.396929,1,0
6.04492,0.400391,0.96407,-5.44178e-08,0.394977,1,0
6.04492,0.419922,0.921813,-3.82407e-08,0.394977,1,0
6.02539,0.439453,0.840832,-2.23371e-08,0.396929,1,0
6.02539,0.458984,0.695591,-9.79975e-09,0.396929,1,0
6.04492,0.439453,0.840832,-2.21627e-08,0.394977,1,0
6.04492,0.458984,0.695591,-9.72894e-09,0.394977,1,0
6.06445,0.400391,0.96407,-5.41289e-08,0.393025,1,0
6.06445,0.419922,0.921813,-3.79887e-08,0.393025,1,0
6.08398,0.400391,0.96407,-5.38437e-08,0.391073,1,0
6.08398,0.419922,0.921813,-3.77207e-08,0.391073,1,0
6.06445,0.439453,0.840832,-2.1992e-08,0.393025,1,0
6.06445,0.458984,0.695591,-9.64082e-09,0.393025,1,0
6.08398,0.439453,0.840832,-2.18168e-08,0.391073,1,0
6.08398,0.458984,0.695591,-9.57043e-09,0.391073,1,0
5.94727,0.478516,0.451545,-1.87565e-09,0.404737,1,0
5.94727,0.498047,0.06646,1.00439e-09,0.404737,0.6,0
5.9668,0.478516,0.451545,-1.85861e-09,0.402785,1,0
5.9668,0.498047,0.06646,9.97217e-10,0.402785,0.6,0
5.98633,0.478516,0.451545,-1.84941e-09,0.400833,1,0
5.98633,0.498047,0.06646,9.8564e-10,0.400833,0.6,0
6.00586,0.478516,0.451545,-1.83211e-09,0.398881,1,0
6.00586,0.498047,0.06646,9.78122e-10,0.398881,0.6,0
6.02539,0.478516,0.451545,-1.82304e-09,0.396929,1,0
6.02539,0.498047,0.06646,9.66184e-10,0.396929,0.6,0
6.04492,0.478516,0.451545,-1.80563e-09,0.394977,1,0
6.04492,0.498047,0.06646,9.58619e-10,0.394977,0.6,0
6.06445,0.478516,0.451545,-1.79696e-09,0.393025,1,0
6.06445,0.498047,0.06646,9.46527e-10,0.393025,0.6,0
6.08398,0.478516,0.451545,-1.77974e-09,0.391073,1,0
6.08398,0.498047,0.06646,9.3902e-10,0.391073,0.6,0
6.10352,0.322266,0.999833,-8.09629e-08,0.389121,1,0
6.10352,0.341797,0.998199,-8.11106e-08,0.389121,1,0
6.12305,0.322266,0.999833,-8.11943e-08,0.387169,1,0
6.12305,0.341797,0.998199,-8.11407e-08,0.387169,1,0
6.10352,0.361328,0.994148,-7.66496e-08,0.389121,1,0
6.10352,0.380859,0.984708,-6.73394e-08,0.389121,1,0
6.12305,0.361328,0.994148,-7.65039e-08,0.387169,1,0
6.12305,0.380859,0.984708,-6.70716e-08,0.387169,1,0
6.14258,0.322266,0.999833,-8.1369e-08,0.385217,1,0
6.14258,0.341797,0.998199,-8.1129e-08,0.385217,1,0
6.16211,0.322266,0.999833,-8.14906e-08,0.383265,1,0
6.16211,0.341797,0.998199,-8.10779e-08,0.383265,1,0
6.14258,0.361328,0.994148,-7.63306e-08,0.385217,1,0
6.14258,0.380859,0.984708,-6.67915e-08,0.385217,1,0
6.16211,0.361328,0.994148,-7.61315e-08,0.383265,1,0
6.16211,0.380859,0.984708,-6.64939e-08,0.383265,1,0
6.10352,0.400391,0.96407,-5.35388e-08,0.389121,1,0
6.10352,0.419922,0.921813,-3.74641e-08,0.389121,1,0
6.12305,0.400391,0.96407,-5.32391e-08,0.387169,1,0
6.12305,0.419922,0.921813,-3.71914e-08,0.387169,1,0
6.10352,0.439453,0.840832,-2.16457e-08,0.389121,1,0
6.10352,0.458984,0.695591,-9.48221e-09,0.389121,1,0
6.12305,0.439453,0.840832,-2.14701e-08,0.387169,1,0
6.12305,0.458984,0.695591,-9.41266e-09,0.387169,1,0
6.14258,0.400391,0.96407,-5.29202e-08,0.385217,1,0
6.14258,0.419922,0.921813,-3.69312e-08,0.385217,1,0
6.16211,0.400391,0.96407,-5.26079e-08,0.383265,1,0
6.16211,0.419922,0.921813,-3.66545e-08,0.383265,1,0
6.14258,0.439453,0.840832,-2.1299e-08,0.385217,1,0
6.14258,0.458984,0.695591,-9.32462e-09,0.385217,1,0
6.16211,0.439453,0.840832,-2.11233e-08,0.383265,1,0
6.16211,0.458984,0.695591,-9.25606e-09,0.383265,1,0
6.18164,0.322266,0.999833,-8.15624e-08,0.381313,1,0
6.18164,0.341797,0.998199,-8.09901e-08,0.381313,1,0
6.20117,0.322266,0.999833,-8.1588e-08,0.379361,1,0
6.20117,0.341797,0.998199,-8.08681e-08,0.379361,1,0
6.18164,0.361328,0.994148,-7.59082e-08,0.381313,1,0
6.18164,0.380859,0.984708,-6.61862e-08,0.381313,1,0
6.20117,0.361328,0.994148,-7.56625e-08,0.379361,1,0
6.20117,0.380859,0.984708,-6.58626e-08,0.379361,1,0
6.2207,0.322266,0.999833,-8.15707e-08,0.377409,1,0
6.2207,0.341797,0.998199,-8.07143e-08,0.377409,1,0
6.24023,0.322266,0.999833,-8.15136e-08,0.375457,1,0
6.24023,0.341797,0.998199,-8.05309e-08,0.375457,1,0
6.2207,0.361328,0.994148,-7.53958e-08,0.377409,1,0
6.2207,0.380859,0.984708,-6.55308e-08,0.377409,1,0
6.24023,0.361328,0.994148,-7.51096e-08,0.375457,1,0
6.24023,0.380859,0.984708,-6.51846e-08,0.375457,1,0
6.18164,0.400391,0.96407,-5.22768e-08,0.381313,1,0
6.18164,0.419922,0.921813,-3.63913e-08,0.381313,1,0
6.20117,0.400391,0.96407,-5.19537e-08,0.379361,1,0
6.20117,0.419922,0.921813,-3.61114e-08,0.379361,1,0
6.18164,0.439453,0.840832,-2.09522e-08,0.381313,1,0
6.18164,0.458984,0.695591,-9.16815e-09,0.381313,1,0
6.20117,0.439453,0.840832,-2.07763e-08,0.379361,1,0
6.20117,0.458984,0.695591,-9.10035e-09,0.379361,1,0
6.2207,0.400391,0.96407,-5.16118e-08,0.377409,1,0
6.2207,0.419922,0.921813,-3.58456e-08,0.377409,1,0
6.24023,0.400391,0.96407,-5.12793e-08,0.375457,1,0
6.24023,0.419922,0.921813,-3.55629e-08,0.375457,1,0
6.2207,0.439453,0.840832,-2.06053e-08,0.377409,1,0
6.2207,0.458984,0.695591,-9.01222e-09,0.377409,1,0
6.24023,0.439453,0.840832,-2.04292e-08,0.375457,1,0
6.24023,0.458984,0.695591,-8.94479e-09,0.375457,1,0
6.10352,0.478516,0.451545,-1.77174e-09,0.389121,1,0
6.10352,0.498047,0.06646,9.26771e-10,0.389121,0.6,0
6.12305,0.478516,0.451545,-1.75489e-09,0.387169,1,0
6.12305,0.498047,0.06646,9.19224e-10,0.387169,0.6,0
6.14258,0.478516,0.451545,-1.74761e-09,0.385217,1,0
6.14258,0.498047,0.06646,9.06649e-10,0.385217,0.6,0
6.16211,0.478516,0.451545,-1.73103e-09,0.383265,1,0
6.16211,0.498047,0.06646,8.98862e-10,0.383265,0.6,0
6.18164,0.478516,0.451545,-1.72422e-09,0.381313,1,0
6.18164,0.498047,0.06646,8.85768e-10,0.381313,0.6,0
6.20117,0.478516,0.451545,-1.70752e-09,0.379361,1,0
6.20117,0.498047,0.06646,8.77602e-10,0.379361,0.6,0
6.2207,0.478516,0.451545,-1.70075e-09,0.377409,1,0
6.2207,0.498047,0.06646,8.63932e-10,0.377409,0.6,0
6.24023,0.478516,0.451545,-1.68351e-09,0.375457,1,0
6.24023,0.498047,0.06646,8.55435e-10,0.375457,0.6,0
6.25977,0.00976562,1.00079,2.70668e-09,0.373504,1,0
6.25977,0.0292969,1.00079,5.39548e-09,0.373504,1,0
6.2793,0.00976562,1.00079,2.6671e-09,0.371552,1,0
6.2793,0.0292969,1.00079,5.32368e-09,0.371552,1,0
6.25977,0.0488281,1.00079,6.79341e-09,0.373504,1,0
6.25977,0.0683594,1.00079,7.41712e-09,0.373504,1,0
6.2793,0.0488281,1.00079,6.6945e-09,0.371552,1,0
6.2793,0.0683594,1.00079,7.2633e-09,0.371552,1,0
6.29883,0.00976562,1.00079,2.63425e-09,0.3696,1,0
6.29883,0.0292969,1.00079,5.26413e-09,0.3696,1,0
6.31836,0.00976562,1.00079,2.60945e-09,0.367648,1,0
6.31836,0.0292969,1.00079,5.2169e-09,0.367648,1,0
6.29883,0.0488281,1.00079,6.60901e-09,0.3696,1,0
6.29883,0.0683594,1.00079,7.12901e-09,0.3696,1,0
6.31836,0.0488281,1.00079,6.5352e-09,0.367648,1,0
6.31836,0.0683594,1.00079,7.01264e-09,0.367648,1,0
6.25977,0.0878906,1.00079,6.02725e-09,0.373504,1,0
6.25977,0.107422,1.00079,3.02054e-09,0.373504,1,0
6.2793,0.0878906,1.00079,5.81841e-09,0.371552,1,0
6.2793,0.107422,1.00079,2.7529e-09,0.371552,1,0
6.25977,0.126953,1.00079,-2.14948e-09,0.373504,1,0
6.25977,0.146484,1.00079,-9.00581e-09,0.373504,1,0
6.2793,0.126953,1.00079,-2.46665e-09,0.371552,1,0
6.2793,0.146484,1.00079,-9.36238e-09,0.371552,1,0
6.29883,0.0878906,1.00079,5.63688e-09,0.3696,1,0
6.29883,0.107422,1.00079,2.51974e-09,0.3696,1,0
6.31836,0.0878906,1.00079,5.47903e-09,0.367648,1,0
6.31836,0.107422,1.00079,2.31581e-09,0.367648,1,0
6.29883,0.126953,1.00079,-2.74313e-09,0.3696,1,0
6.29883,0.146484,1.00079,-9.67244e-09,0.3696,1,0
6.31836,0.126953,1.00079,-2.98431e-09,0.367648,1,0
6.31836,0.146484,1.00079,-9.94138e-09,0.367648,1,0
6.33789,0.00976562,1.00079,2.59288e-09,0.365696,1,0
6.33789,0.0292969,1.00079,5.1811e-09,0.365696,1,0
6.35742,0.00976562,1.00079,2.58384e-09,0.363744,1,0
6.35742,0.0292969,1.00079,5.15559e-09,0.363744,1,0
6.33789,0.0488281,1.00079,6.47216e-09,0.365696,1,0
6.33789,0.0683594,1.00079,6.91251e-09,0.365696,1,0
6.35742,0.0488281,1.00079,6.41893e-09,0.363744,1,0
6.35742,0.0683594,1.00079,6.82654e-09,0.363744,1,0
6.37695,0.00976562,1.00079,2.58089e-09,0.361792,1,0
6.37695,0.0292969,1.00079,5.13851e-09,0.361792,1,0
6.39648,0.00976562,1.00079,2.58192e-09,0.35984,1,0
6.39648,0.0292969,1.00079,5.12721e-09,0.35984,1,0
6.37695,0.0488281,1.00079,6.37422e-09,0.361792,1,0
6.37695,0.0683594,1.00079,6.75306e-09,0.361792,1,0
6.39648,0.0488281,1.00079,6.33663e-09,0.35984,1,0
6.39648,0.0683594,1.00079,6.6907e-09,0.35984,1,0
6.33789,0.0878906,1.00079,5.34108e-09,0.365696,1,0
6.33789,0.107422,1.00079,2.13729e-09,0.365696,1,0
6.35742,0.0878906,1.00079,5.22048e-09,0.363744,1,0
6.35742,0.107422,1.00079,1.98178e-09,0.363744,1,0
6.33789,0.126953,1.00079,-3.19418e-09,0.365696,1,0
6.33789,0.146484,1.00079,-1.01735e-08,0.365696,1,0
6.35742,0.126953,1.00079,-3.3757e-09,0.363744,1,0
6.35742,0.146484,1.00079,-1.03722e-08,0.363744,1,0
6.37695,0.0878906,1.00079,5.11578e-09,0.361792,1,0
6.37695,0.107422,1.00079,1.84761e-09,0.361792,1,0
6.39648,0.0878906,1.00079,5.02595e-09,0.35984,1,0
6.39648,0.107422,1.00079,1.73341e-09,0.35984,1,0
6.37695,0.126953,1.00079,-3.53116e-09,0.361792,1,0
6.37695,0.146484,1.00079,-1.05404e-08,0.361792,1,0
6.39648,0.126953,1.00079,-3.66236e-09,0.35984,1,0
6.39648,0.146484,1.00079,-1.06801e-08,0.35984,1,0
6.25977,0.166016,1.00079,-1.75173e-08,0.373504,1,0
6.25977,0.185547,1.00078,-2.70635e-08,0.373504,1,0
6.2793,0.166016,1.00079,-1.78956e-08,0.371552,1,0
6.2793,0.185547,1.00078,-2.74452e-08,0.371552,1,0
6.25977,0.205078,1.00078,-3.72733e-08,0.373504,1,0
6.25977,0.224609,1.00078,-4.7517e-08,0.373504,1,0
6.2793,0.205078,1.00078,-3.76375e-08,0.371552,1,0
6.2793,0.224609,1.00078,-4.78431e-08,0.371552,1,0
6.29883,0.166016,1.00079,-1.82227e-08,0.3696,1,0
6.29883,0.185547,1.00078,-2.77726e-08,0.3696,1,0
6.31836,0.166016,1.00079,-1.8504e-08,0.367648,1,0
6.31836,0.185547,1.00078,-2.8051e-08,0.367648,1,0
6.29883,0.205078,1.00078,-3.7946e-08,0.3696,1,0
6.29883,0.224609,1.00078,-4.81136e-08,0.3696,1,0
6.31836,0.205078,1.00078,-3.82038e-08,0.367648,1,0
6.31836,0.224609,1.00078,-4.83334e-08,0.367648,1,0
6.25977,0.244141,1.00077,-5.73339e-08,0.373504,1,0
6.25977,0.263672,1.00075,-6.61927e-08,0.373504,1,0
6.2793,0.244141,1.00077,-5.76011e-08,0.371552,1,0
6.2793,0.263672,1.00075,-6.63814e-08,0.371552,1,0
6.25977,0.283203,1.00068,-7.35831e-08,0.373504,1,0
6.25977,0.302734,1.00045,-7.89211e-08,0.373504,1,0
6.2793,0.283203,1.00068,-7.36765e-08,0.371552,1,0
6.2793,0.302734,1.00045,-7.89063e-08,0.371552,1,0
6.29883,0.244141,1.00077,-5.78144e-08,0.3696,1,0
6.29883,0.263672,1.00075,-6.65198e-08,0.3696,1,0
6.31836,0.244141,1.00077,-5.79784e-08,0.367648,1,0
6.31836,0.263672,1.00075,-6.66117e-08,0.367648,1,0
6.29883,0.283203,1.00068,-7.37244e-08,0.3696,1,0
6.29883,0.302734,1.00045,-7.88522e-08,0.3696,1,0
6.31836,0.283203,1.00068,-7.373e-08,0.367648,1,0
6.31836,0.302734,1.00045,-7.87614e-08,0.367648,1,0
6.33789,0.166016,1.00079,-1.87441e-08,0.365696,1,0
6.33789,0.185547,1.00078,-2.82849e-08,0.365696,1,0
6.35742,0.166016,1.00079,-1.89467e-08,0.363744,1,0
6.35742,0.185547,1.00078,-2.84785e-08,0.363744,1,0
6.33789,0.205078,1.00078,-3.84154e-08,0.365696,1,0
6.33789,0.224609,1.00078,-4.85065e-08,0.365696,1,0
6.35742,0.205078,1.00078,-3.85847e-08,0.363744,1,0
6.35742,0.224609,1.00078,-4.86368e-08,0.363744,1,0
6.37695,0.166016,1.00079,-1.91151e-08,0.361792,1,0
6.37695,0.185547,1.00078,-2.86348e-08,0.361792,1,0
6.39648,0.166016,1.00079,-1.92515e-08,0.35984,1,0
6.39648,0.185547,1.00078,-2.87565e-08,0.35984,1,0
6.37695,0.205078,1.00078,-3.8715e-08,0.361792,1,0
6.37695,0.224609,1.00078,-4.87273e-08,0.361792,1,0
6.39648,0.205078,1.00078,-3.88088e-08,0.35984,1,0
6.39648,0.224609,1.00078,-4.87806e-08,0.35984,1,0
6.33789,0.244141,1.00077,-5.80969e-08,0.365696,1,0
6.33789,0.263672,1.00075,-6.66604e-08,0.365696,1,0
6.35742,0.244141,1.00077,-5.81732e-08,0.363744,1,0
6.35742,0.263672,1.00075,-6.66691e-08,0.363744,1,0
6.33789,0.283203,1.00068,-7.36964e-08,0.365696,1,0
6.33789,0.302734,1.00045,-7.86364e-08,0.365696,1,0
6.35742,0.283203,1.00068,-7.36261e-08,0.363744,1,0
6.35742,0.302734,1.00045,-7.84794e-08,0.363744,1,0
6.37695,0.244141,1.00077,-5.82102e-08,0.361792,1,0
6.37695,0.263672,1.00075,-6.66403e-08,0.361792,1,0
6.39648,0.244141,1.00077,-5.82106e-08,0.35984,1,0
6.39648,0.263672,1.00075,-6.65765e-08,0.35984,1,0
6.37695,0.283203,1.00068,-7.35215e-08,0.361792,1,0
6.37695,0.302734,1.00045,-7.82924e-08,0.361792,1,0
6.39648,0.283203,1.00068,-7.33846e-08,0.35984,1,0
6.39648,0.302734,1.00045,-7.80771e-08,0.35984,1,0
6.41602,0.00976562,1.00079,2.58447e-09,0.357888,1,0
6.41602,0.0292969,1.00079,5.11878e-09,0.357888,1,0
6.43555,0.00976562,1.00079,2.58619e-09,0.355936,1,0
6.43555,0.0292969,1.00079,5.11054e-09,0.355936,1,0
6.41602,0.0488281,1.00079,6.30482e-09,0.357888,1,0
6.41602,0.0683594,1.00079,6.63822e-09,0.357888,1,0
6.43555,0.0488281,1.00079,6.2776e-09,0.355936,1,0
6.43555,0.0683594,1.00079,6.59441e-09,0.355936,1,0
6.45508,0.00976562,1.00079,2.58522e-09,0.353984,1,0
6.45508,0.0292969,1.00079,5.10048e-09,0.353984,1,0
6.47461,0.00976562,1.00079,2.58039e-09,0.352032,1,0
6.47461,0.0292969,1.00079,5.08736e-09,0.352032,1,0
6.45508,0.0488281,1.00079,6.254e-09,0.353984,1,0
6.45508,0.0683594,1.00079,6.55818e-09,0.353984,1,0
6.47461,0.0488281,1.00079,6.23327e-09,0.352032,1,0
6.47461,0.0683594,1.00079,6.5286e-09,0.352032,1,0
6.41602,0.0878906,1.00079,4.95008e-09,0.357888,1,0
6.41602,0.107422,1.00079,1.638e-09,0.357888,1,0
6.43555,0.0878906,1.00079,4.88729e-09,0.355936,1,0
6.43555,0.107422,1.00079,1.56026e-09,0.355936,1,0
6.41602,0.126953,1.00079,-3.77074e-09,0.357888,1,0
6.41602,0.146484,1.00079,-1.0793e-08,0.357888,1,0
6.43555,0.126953,1.00079,-3.85749e-09,0.355936,1,0
6.43555,0.146484,1.00079,-1.08806e-08,0.355936,1,0
6.45508,0.0878906,1.00079,4.83674e-09,0.353984,1,0
6.45508,0.107422,1.00079,1.49915e-09,0.353984,1,0
6.47461,0.0878906,1.00079,4.79763e-09,0.352032,1,0
6.47461,0.107422,1.00079,1.4536e-09,0.352032,1,0
6.45508,0.126953,1.00079,-3.92376e-09,0.353984,1,0
6.45508,0.146484,1.00079,-1.09441e-08,0.353984,1,0
6.47461,0.126953,1.00079,-3.9707e-09,0.352032,1,0
6.47461,0.146484,1.00079,-1.09851e-08,0.352032,1,0
6.49414,0.00976562,1.00079,2.5713e-09,0.35008,1,0
6.49414,0.0292969,1.00079,5.07081e-09,0.35008,1,0
6.51367,0.00976562,1.00079,2.55829e-09,0.348128,1,0
6.51367,0.0292969,1.00079,5.05123e-09,0.348128,1,0
6.49414,0.0488281,1.00079,6.21492e-09,0.35008,1,0
6.49414,0.0683594,1.00079,6.50487e-09,0.35008,1,0
6.51367,0.0488281,1.00079,6.19863e-09,0.348128,1,0
6.51367,0.0683594,1.00079,6.48633e-09,0.348128,1,0
6.5332,0.00976562,1.00079,2.54229e-09,0.346176,1,0
6.5332,0.0292969,1.00079,5.02955e-09,0.346176,1,0
6.55273,0.00976562,1.00079,2.52452e-09,0.344224,1,0
6.55273,0.0292969,1.00079,5.00697e-09,0.344224,1,0
6.5332,0.0488281,1.00079,6.1842e-09,0.346176,1,0
6.5332,0.0683594,1.00079,6.47235e-09,0.346176,1,0
6.55273,0.0488281,1.00079,6.17151e-09,0.344224,1,0
6.55273,0.0683594,1.00079,6.46232e-09,0.344224,1,0
6.49414,0.0878906,1.00079,4.76908e-09,0.35008,1,0
6.49414,0.107422,1.00079,1.42241e-09,0.35008,1,0
6.51367,0.0878906,1.00079,4.7501e-09,0.348128,1,0
6.51367,0.107422,1.00079,1.40423e-09,0.348128,1,0
6.49414,0.126953,1.00079,-3.9997e-09,0.35008,1,0
6.49414,0.146484,1.00079,-1.10051e-08,0.35008,1,0
6.51367,0.126953,1.00079,-4.01233e-09,0.348128,1,0
6.51367,0.146484,1.00079,-1.10061e-08,0.348128,1,0
6.5332,0.0878906,1.00079,4.73955e-09,0.346176,1,0
6.5332,0.107422,1.00079,1.3975e-09,0.346176,1,0
6.55273,0.0878906,1.00079,4.73618e-09,0.344224,1,0
6.55273,0.107422,1.00079,1.40053e-09,0.344224,1,0
6.5332,0.126953,1.00079,-4.01044e-09,0.346176,1,0
6.5332,0.146484,1.00079,-1.099e-08,0.346176,1,0
6.55273,0.126953,1.00079,-3.99603e-09,0.344224,1,0
6.55273,0.146484,1.00079,-1.09591e-08,0.344224,1,0
6.41602,0.166016,1.00079,-1.93581e-08,0.357888,1,0
6.41602,0.185547,1.00078,-2.88456e-08,0.357888,1,0
6.43555,0.166016,1.00079,-1.94362e-08,0.355936,1,0
6.43555,0.185547,1.00078,-2.8904e-08,0.355936,1,0
6.41602,0.205078,1.00078,-3.88684e-08,0.357888,1,0
6.41602,0.224609,1.00078,-4.8799e-08,0.357888,1,0
6.43555,0.205078,1.00078,-3.88957e-08,0.355936,1,0
6.43555,0.224609,1.00078,-4.87845e-08,0.355936,1,0
6.45508,0.166016,1.00079,-1.94876e-08,0.353984,1,0
6.45508,0.185547,1.00078,-2.89334e-08,0.353984,1,0
6.47461,0.166016,1.00079,-1.95138e-08,0.352032,1,0
6.47461,0.185547,1.00078,-2.89356e-08,0.352032,1,0
6.45508,0.205078,1.00078,-3.88927e-08,0.353984,1,0
6.45508,0.224609,1.00078,-4.87392e-08,0.353984,1,0
6.47461,0.205078,1.00078,-3.88612e-08,0.352032,1,0
6.47461,0.224609,1.00078,-4.8665e-08,0.352032,1,0
6.41602,0.244141,1.00077,-5.81764e-08,0.357888,1,0
6.41602,0.263672,1.00075,-6.64798e-08,0.357888,1,0
6.43555,0.244141,1.00077,-5.81098e-08,0.355936,1,0
6.43555,0.263672,1.00075,-6.6352e-08,0.355936,1,0
6.41602,0.283203,1.00068,-7.32176e-08,0.357888,1,0
6.41602,0.302734,1.00045,-7.78354e-08,0.357888,1,0
6.43555,0.283203,1.00068,-7.30221e-08,0.355936,1,0
6.43555,0.302734,1.00045,-7.7569e-08,0.355936,1,0
6.45508,0.244141,1.00077,-5.80127e-08,0.353984,1,0
6.45508,0.263672,1.00075,-6.61953e-08,0.353984,1,0
6.47461,0.244141,1.00077,-5.78873e-08,0.352032,1,0
6.47461,0.263672,1.00075,-6.60116e-08,0.352032,1,0
6.45508,0.283203,1.00068,-7.28001e-08,0.353984,1,0
6.45508,0.302734,1.00045,-7.72794e-08,0.353984,1,0
6.47461,0.283203,1.00068,-7.25535e-08,0.352032,1,0
6.47461,0.302734,1.00045,-7.69685e-08,0.352032,1,0
6.49414,0.166016,1.00079,-1.95166e-08,0.35008,1,0
6.49414,0.185547,1.00078,-2.89126e-08,0.35008,1,0
6.51367,0.166016,1.00079,-1.94981e-08,0.348128,1,0
6.51367,0.185547,1.00078,-2.88665e-08,0.348128,1,0
6.49414,0.205078,1.00078,-3.88034e-08,0.35008,1,0
6.49414,0.224609,1.00078,-4.8564e-08,0.35008,1,0
6.51367,0.205078,1.00078,-3.87215e-08,0.348128,1,0
6.51367,0.224609,1.00078,-4.84386e-08,0.348128,1,0
6.5332,0.166016,1.00079,-1.94604e-08,0.346176,1,0
6.5332,0.185547,1.00078,-2.87997e-08,0.346176,1,0
6.55273,0.166016,1.00079,-1.9406e-08,0.344224,1,0
6.55273,0.185547,1.00078,-2.87147e-08,0.344224,1,0
6.5332,0.205078,1.00078,-3.86179e-08,0.346176,1,0
6.5332,0.224609,1.00078,-4.82911e-08,0.346176,1,0
6.55273,0.205078,1.00078,-3.8495e-08,0.344224,1,0
6.55273,0.224609,1.00078,-4.81237e-08,0.344224,1,0
6.49414,0.244141,1.00077,-5.77356e-08,0.35008,1,0
6.49414,0.263672,1.00075,-6.58029e-08,0.35008,1,0
6.51367,0.244141,1.00077,-5.75598e-08,0.348128,1,0
6.51367,0.263672,1.00075,-6.55714e-08,0.348128,1,0
6.49414,0.283203,1.00068,-7.2284e-08,0.35008,1,0
6.49414,0.302734,1.00045,-7.66378e-08,0.35008,1,0
6.51367,0.283203,1.00068,-7.19937e-08,0.348128,1,0
6.51367,0.302734,1.00045,-7.62891e-08,0.348128,1,0
6.5332,0.244141,1.00077,-5.73622e-08,0.346176,1,0
6.5332,0.263672,1.00075,-6.5319e-08,0.346176,1,0
6.55273,0.244141,1.00077,-5.71449e-08,0.344224,1,0
6.55273,0.263672,1.00075,-6.50479e-08,0.344224,1,0
6.5332,0.283203,1.00068,-7.16844e-08,0.346176,1,0
6.5332,0.302734,1.00045,-7.59239e-08,0.346176,1,0
6.55273,0.283203,1.00068,-7.1358e-08,0.344224,1,0
6.55273,0.302734,1.00045,-7.55439e-08,0.344224,1,0
6.25977,0.322266,0.999833,-8.14196e-08,0.373504,1,0
6.25977,0.341797,0.998199,-8.032e-08,0.373504,1,0
6.2793,0.322266,0.999833,-8.12911e-08,0.371552,1,0
6.2793,0.341797,0.998199,-8.00834e-08,0.371552,1,0
6.25977,0.361328,0.994148,-7.48052e-08,0.373504,1,0
6.25977,0.380859,0.984708,-6.48318e-08,0.373504,1,0
6.2793,0.361328,0.994148,-7.44837e-08,0.371552,1,0
6.2793,0.380859,0.984708,-6.44658e-08,0.371552,1,0
6.29883,0.322266,0.999833,-8.11307e-08,0.3696,1,0
6.29883,0.341797,0.998199,-7.98228e-08,0.3696,1,0
6.31836,0.322266,0.999833,-8.09403e-08,0.367648,1,0
6.31836,0.341797,0.998199,-7.95397e-08,0.367648,1,0
6.29883,0.361328,0.994148,-7.41462e-08,0.3696,1,0
6.29883,0.380859,0.984708,-6.40947e-08,0.3696,1,0
6.31836,0.361328,0.994148,-7.37938e-08,0.367648,1,0
6.31836,0.380859,0.984707,-6.37115e-08,0.367648,1,0
6.25977,0.400391,0.96407,-5.09282e-08,0.373504,1,0
6.25977,0.419922,0.921813,-3.52951e-08,0.373504,1,0
6.2793,0.400391,0.96407,-5.05876e-08,0.371552,1,0
6.2793,0.419922,0.921813,-3.50099e-08,0.371552,1,0
6.25977,0.439453,0.840832,-2.02581e-08,0.373504,1,0
6.25977,0.458984,0.695591,-8.85605e-09,0.373504,1,0
6.2793,0.439453,0.840832,-2.00817e-08,0.371552,1,0
6.2793,0.458984,0.695591,-8.78869e-09,0.371552,1,0
6.29883,0.400391,0.96407,-5.02286e-08,0.3696,1,0
6.29883,0.419922,0.921813,-3.47406e-08,0.3696,1,0
6.31836,0.400391,0.96407,-4.98812e-08,0.367648,1,0
6.31836,0.419922,0.921813,-3.44536e-08,0.367648,1,0
6.29883,0.439453,0.840832,-1.99106e-08,0.3696,1,0
6.29883,0.458984,0.695591,-8.69918e-09,0.3696,1,0
6.31836,0.439453,0.840832,-1.97342e-08,0.367648,1,0
6.31836,0.458984,0.695591,-8.63195e-09,0.367648,1,0
6.33789,0.322266,0.999833,-8.07218e-08,0.365696,1,0
6.33789,0.341797,0.998199,-7.92354e-08,0.365696,1,0
6.35742,0.322266,0.999833,-8.04771e-08,0.363744,1,0
6.35742,0.341797,0.998199,-7.89114e-08,0.363744,1,0
6.33789,0.361328,0.994148,-7.34272e-08,0.365696,1,0
6.33789,0.380859,0.984707,-6.33244e-08,0.365696,1,0
6.35742,0.361328,0.994148,-7.30476e-08,0.363744,1,0
6.35742,0.380859,0.984707,-6.29263e-08,0.363744,1,0
6.37695,0.322266,0.999833,-8.02076e-08,0.361792,1,0
6.37695,0.341797,0.998199,-7.85688e-08,0.361792,1,0
6.39648,0.322266,0.999833,-7.99151e-08,0.35984,1,0
6.39648,0.341797,0.998199,-7.82088e-08,0.35984,1,0
6.37695,0.361328,0.994148,-7.26558e-08,0.361792,1,0
6.37695,0.380859,0.984707,-6.25256e-08,0.361792,1,0
6.39648,0.361328,0.994148,-7.22526e-08,0.35984,1,0
6.39648,0.380859,0.984707,-6.2115e-08,0.35984,1,0
6.33789,0.400391,0.96407,-4.95155e-08,0.365696,1,0
6.33789,0.419922,0.921813,-3.41833e-08,0.365696,1,0
6.35742,0.400391,0.96407,-4.91627e-08,0.363744,1,0
6.35742,0.419922,0.921813,-3.38949e-08,0.363744,1,0
6.33789,0.439453,0.840832,-1.95635e-08,0.365696,1,0
6.33789,0.458984,0.695591,-8.54188e-09,0.365696,1,0
6.35742,0.439453,0.840832,-1.93874e-08,0.363744,1,0
6.35742,0.458984,0.695591,-8.47514e-09,0.363744,1,0
6.37695,0.400391,0.96407,-4.87917e-08,0.361792,1,0
6.37695,0.419922,0.921813,-3.36244e-08,0.361792,1,0
6.39648,0.400391,0.96407,-4.84349e-08,0.35984,1,0
6.39648,0.419922,0.921813,-3.33355e-08,0.35984,1,0
6.37695,0.439453,0.840832,-1.92175e-08,0.361792,1,0
6.37695,0.458984,0.695591,-8.38497e-09,0.361792,1,0
6.39648,0.439453,0.840832,-1.90423e-08,0.35984,1,0
6.39648,0.458984,0.695591,-8.3192e-09,0.35984,1,0
6.25977,0.478516,0.451545,-1.67645e-09,0.373504,1,0
6.25977,0.498047,0.0664599,8.41336e-10,0.373504,0.6,0
6.2793,0.478516,0.451545,-1.65849e-09,0.371552,1,0
6.2793,0.498047,0.0664599,8.3274e-10,0.371552,0.6,0
6.29883,0.478516,0.451545,-1.65111e-09,0.3696,1,0
6.29883,0.498047,0.0664599,8.18491e-10,0.3696,0.6,0
6.31836,0.478516,0.451545,-1.63256e-09,0.367648,1,0
6.31836,0.498047,0.0664599,8.10082e-10,0.367648,0.6,0
6.33789,0.478516,0.451545,-1.62516e-09,0.365696,1,0
6.33789,0.498047,0.0664599,7.95934e-10,0.365696,0.6,0
6.35742,0.478516,0.451545,-1.60639e-09,0.363744,1,0
6.35742,0.498047,0.0664599,7.87901e-10,0.363744,0.6,0
6.37695,0.478516,0.451545,-1.59934e-09,0.361792,1,0
6.37695,0.498047,0.0664599,7.7395e-10,0.361792,0.6,0
6.39648,0.478516,0.451545,-1.58069e-09,0.35984,1,0
6.39648,0.498047,0.0664599,7.66297e-10,0.35984,0.6,0
6.41602,0.322266,0.999833,-7.96008e-08,0.357888,1,0
6.41602,0.341797,0.998199,-7.78327e-08,0.357888,1,0
6.43555,0.322266,0.999833,-7.92664e-08,0.355936,1,0
6.43555,0.341797,0.998199,-7.74416e-08,0.355936,1,0
6.41602,0.361328,0.994148,-7.1839e-08,0.357888,1,0
6.41602,0.380859,0.984707,-6.17032e-08,0.357888,1,0
6.43555,0.361328,0.994148,-7.14159e-08,0.355936,1,0
6.43555,0.380859,0.984707,-6.12823e-08,0.355936,1,0
6.45508,0.322266,0.999833,-7.89132e-08,0.353984,1,0
6.45508,0.341797,0.998199,-7.70368e-08,0.353984,1,0
6.47461,0.322266,0.999833,-7.85427e-08,0.352032,1,0
6.47461,0.341797,0.998199,-7.66192e-08,0.352032,1,0
6.45508,0.361328,0.994148,-7.0984e-08,0.353984,1,0
6.45508,0.380859,0.984707,-6.08614e-08,0.353984,1,0
6.47461,0.361328,0.994148,-7.05441e-08,0.352032,1,0
6.47461,0.380859,0.984707,-6.04324e-08,0.352032,1,0
6.41602,0.400391,0.96407,-4.80599e-08,0.357888,1,0
6.41602,0.419922,0.921813,-3.30653e-08,0.357888,1,0
6.43555,0.400391,0.96407,-4.77002e-08,0.355936,1,0
6.43555,0.419922,0.921813,-3.27764e-08,0.355936,1,0
6.41602,0.439453,0.840832,-1.88735e-08,0.357888,1,0
6.41602,0.458984,0.695591,-8.22937e-09,0.357888,1,0
6.43555,0.439453,0.840832,-1.86994e-08,0.355936,1,0
6.43555,0.458984,0.695591,-8.16491e-09,0.355936,1,0
6.45508,0.400391,0.96407,-4.73223e-08,0.353984,1,0
6.45508,0.419922,0.921813,-3.25071e-08,0.353984,1,0
6.47461,0.400391,0.96407,-4.69608e-08,0.352032,1,0
6.47461,0.419922,0.921813,-3.22187e-08,0.352032,1,0
6.45508,0.439453,0.840832,-1.85321e-08,0.353984,1,0
6.45508,0.458984,0.695591,-8.0756e-09,0.353984,1,0
6.47461,0.439453,0.840832,-1.83592e-08,0.352032,1,0
6.47461,0.458984,0.695591,-8.01253e-09,0.352032,1,0
6.49414,0.322266,0.999833,-7.81563e-08,0.35008,1,0
6.49414,0.341797,0.998199,-7.61901e-08,0.35008,1,0
6.51367,0.322266,0.999833,-7.77553e-08,0.348128,1,0
6.51367,0.341797,0.998199,-7.57505e-08,0.348128,1,0
6.49414,0.361328,0.994148,-7.00971e-08,0.35008,1,0
6.49414,0.380859,0.984707,-6.00044e-08,0.35008,1,0
6.51367,0.361328,0.994148,-6.96436e-08,0.348128,1,0
6.51367,0.380859,0.984707,-5.95689e-08,0.348128,1,0
6.5332,0.322266,0.999833,-7.73412e-08,0.346176,1,0
6.5332,0.341797,0.998199,-7.53013e-08,0.346176,1,0
6.55273,0.322266,0.999833,-7.69151e-08,0.344224,1,0
6.55273,0.341797,0.998199,-7.48436e-08,0.344224,1,0
6.5332,0.361328,0.994148,-6.91843e-08,0.346176,1,0
6.5332,0.380859,0.984707,-5.91353e-08,0.346176,1,0
6.55273,0.361328,0.994148,-6.87197e-08,0.344224,1,0
6.55273,0.380859,0.984707,-5.86948e-08,0.344224,1,0
6.49414,0.400391,0.96407,-4.65808e-08,0.35008,1,0
6.49414,0.419922,0.921813,-3.19507e-08,0.35008,1,0
6.51367,0.400391,0.96407,-4.62182e-08,0.348128,1,0
6.51367,0.419922,0.921813,-3.16629e-08,0.348128,1,0
6.49414,0.439453,0.840832,-1.81933e-08,0.35008,1,0
6.49414,0.458984,0.695591,-7.92368e-09,0.35008,1,0
6.51367,0.439453,0.840832,-1.80216e-08,0.348128,1,0
6.51367,0.458984,0.695591,-7.86182e-09,0.348128,1,0
6.5332,0.400391,0.96407,-4.58369e-08,0.346176,1,0
6.5332,0.419922,0.921813,-3.13963e-08,0.346176,1,0
6.55273,0.400391,0.96407,-4.54737e-08,0.344224,1,0
6.55273,0.419922,0.921813,-3.11095e-08,0.344224,1,0
6.5332,0.439453,0.840832,-1.78571e-08,0.346176,1,0
6.5332,0.458984,0.695591,-7.77321e-09,0.346176,1,0
6.55273,0.439453,0.840832,-1.76865e-08,0.344224,1,0
6.55273,0.458984,0.695591,-7.71237e-09,0.344224,1,0
6.41602,0.478516,0.451545,-1.57427e-09,0.357888,1,0
6.41602,0.498047,0.0664599,7.52465e-10,0.357888,0.6,0
6.43555,0.478516,0.451545,-1.55586e-09,0.355936,1,0
6.43555,0.498047,0.0664599,7.4506e-10,0.355936,0.6,0
6.45508,0.478516,0.451545,-1.55003e-09,0.353984,1,0
6.45508,0.498047,0.0664599,7.31183e-10,0.353984,0.6,0
6.47461,0.478516,0.451545,-1.53174e-09,0.352032,1,0
6.47461,0.498047,0.0664599,7.23869e-10,0.352032,0.6,0
6.49414,0.478516,0.451545,-1.52632e-09,0.35008,1,0
6.49414,0.498047,0.0664599,7.09821e-10,0.35008,0.6,0
6.51367,0.478516,0.451545,-1.5079e-09,0.348128,1,0
6.51367,0.498047,0.0664599,7.02527e-10,0.348128,0.6,0
6.5332,0.478516,0.451545,-1.50266e-09,0.346176,1,0
6.5332,0.498047,0.0664599,6.88295e-10,0.346176,0.6,0
6.55273,0.478516,0.451545,-1.48393e-09,0.344224,1,0
6.55273,0.498047,0.0664599,6.81065e-10,0.344224,0.6,0
6.57227,0.00976562,1.00079,2.50627e-09,0.342272,1,0
6.57227,0.0292969,1.00079,4.98473e-09,0.342272,1,0
6.5918,0.00976562,1.00079,2.48869e-09,0.340319,1,0
6.5918,0.0292969,1.00079,4.9638e-09,0.340319,1,0
6.57227,0.0488281,1.00079,6.16041e-09,0.342272,1,0
6.57227,0.0683594,1.00079,6.45561e-09,0.342272,1,0
6.5918,0.0488281,1.00079,6.15068e-09,0.340319,1,0
6.5918,0.0683594,1.00079,6.45154e-09,0.340319,1,0
6.61133,0.00976562,1.00079,2.47258e-09,0.338367,1,0
6.61133,0.0292969,1.00079,4.94481e-09,0.338367,1,0
6.63086,0.00976562,1.00079,2.45839e-09,0.336415,1,0
6.63086,0.0292969,1.00079,4.92799e-09,0.336415,1,0
6.61133,0.0488281,1.00079,6.14205e-09,0.338367,1,0
6.61133,0.0683594,1.00079,6.44944e-09,0.338367,1,0
6.63086,0.0488281,1.00079,6.13422e-09,0.336415,1,0
6.63086,0.0683594,1.00079,6.44866e-09,0.336415,1,0
6.57227,0.0878906,1.00079,4.73861e-09,0.342272,1,0
6.57227,0.107422,1.00079,1.41155e-09,0.342272,1,0
6.5918,0.0878906,1.00079,4.74547e-09,0.340319,1,0
6.5918,0.107422,1.00079,1.42882e-09,0.340319,1,0
6.57227,0.126953,1.00079,-3.97121e-09,0.342272,1,0
6.57227,0.146484,1.00079,-1.09158e-08,0.342272,1,0
6.5918,0.126953,1.00079,-3.93805e-09,0.340319,1,0
6.5918,0.146484,1.00079,-1.08623e-08,0.340319,1,0
6.61133,0.0878906,1.00079,4.75545e-09,0.338367,1,0
6.61133,0.107422,1.00079,1.45072e-09,0.338367,1,0
6.63086,0.0878906,1.00079,4.76742e-09,0.336415,1,0
6.63086,0.107422,1.00079,1.47586e-09,0.336415,1,0
6.61133,0.126953,1.00079,-3.89847e-09,0.338367,1,0
6.61133,0.146484,1.00079,-1.08006e-08,0.338367,1,0
6.63086,0.126953,1.00079,-3.8541e-09,0.336415,1,0
6.63086,0.146484,1.00079,-1.07326e-08,0.336415,1,0
6.65039,0.00976562,1.00079,2.4462e-09,0.334463,1,0
6.65039,0.0292969,1.00079,4.91324e-09,0.334463,1,0
6.66992,0.00976562,1.00079,2.43583e-09,0.332511,1,0
6.66992,0.0292969,1.00079,4.90021e-09,0.332511,1,0
6.65039,0.0488281,1.00079,6.12686e-09,0.334463,1,0
6.65039,0.0683594,1.00079,6.44864e-09,0.334463,1,0
6.66992,0.0488281,1.00079,6.11969e-09,0.332511,1,0
6.66992,0.0683594,1.00079,6.44895e-09,0.332511,1,0
6.68945,0.00976562,1.00079,2.42695e-09,0.330559,1,0
6.68945,0.0292969,1.00079,4.88844e-09,0.330559,1,0
6.70898,0.00976562,1.00079,2.41916e-09,0.328607,1,0
6.70898,0.0292969,1.00079,4.8775e-09,0.328607,1,0
6.68945,0.0488281,1.00079,6.11251e-09,0.330559,1,0
6.68945,0.0683594,1.00079,6.44932e-09,0.330559,1,0
6.70898,0.0488281,1.00079,6.10519e-09,0.328607,1,0
6.70898,0.0683594,1.00079,6.44964e-09,0.328607,1,0
6.65039,0.0878906,1.00079,4.78047e-09,0.334463,1,0
6.65039,0.107422,1.00079,1.50315e-09,0.334463,1,0
6.66992,0.0878906,1.00079,4.79398e-09,0.332511,1,0
6.66992,0.107422,1.00079,1.53184e-09,0.332511,1,0
6.65039,0.126953,1.00079,-3.80623e-09,0.334463,1,0
6.65039,0.146484,1.00079,-1.06594e-08,0.334463,1,0
6.66992,0.126953,1.00079,-3.75575e-09,0.332511,1,0
6.66992,0.146484,1.00079,-1.05823e-08,0.332511,1,0
6.68945,0.0878906,1.00079,4.80762e-09,0.330559,1,0
6.68945,0.107422,1.00079,1.56153e-09,0.330559,1,0
6.70898,0.0878906,1.00079,4.8213e-09,0.328607,1,0
6.70898,0.107422,1.00079,1.59212e-09,0.328607,1,0
6.68945,0.126953,1.00079,-3.70319e-09,0.330559,1,0
6.68945,0.146484,1.00079,-1.05016e-08,0.330559,1,0
6.70898,0.126953,1.00079,-3.64868e-09,0.328607,1,0
6.70898,0.146484,1.00079,-1.04177e-08,0.328607,1,0
6.57227,0.166016,1.00079,-1.93372e-08,0.342272,1,0
6.57227,0.185547,1.00078,-2.86139e-08,0.342272,1,0
6.5918,0.166016,1.00079,-1.92564e-08,0.340319,1,0
6.5918,0.185547,1.00078,-2.84995e-08,0.340319,1,0
6.57227,0.205078,1.00078,-3.83551e-08,0.342272,1,0
6.57227,0.224609,1.00078,-4.7939e-08,0.342272,1,0
6.5918,0.205078,1.00078,-3.82007e-08,0.340319,1,0
6.5918,0.224609,1.00078,-4.77389e-08,0.340319,1,0
6.61133,0.166016,1.00079,-1.91658e-08,0.338367,1,0
6.61133,0.185547,1.00078,-2.83738e-08,0.338367,1,0
6.63086,0.166016,1.00079,-1.90671e-08,0.336415,1,0
6.63086,0.185547,1.00079,-2.82386e-08,0.336415,1,0
6.61133,0.205078,1.00078,-3.80337e-08,0.338367,1,0
6.61133,0.224609,1.00078,-4.75256e-08,0.338367,1,0
6.63086,0.205078,1.00078,-3.7856e-08,0.336415,1,0
6.63086,0.224609,1.00078,-4.73007e-08,0.336415,1,0
6.57227,0.244141,1.00077,-5.69103e-08,0.342272,1,0
6.57227,0.263672,1.00075,-6.476e-08,0.342272,1,0
6.5918,0.244141,1.00077,-5.66603e-08,0.340319,1,0
6.5918,0.263672,1.00075,-6.44573e-08,0.340319,1,0
6.57227,0.283203,1.00068,-7.10162e-08,0.342272,1,0
6.57227,0.302734,1.00045,-7.51505e-08,0.342272,1,0
6.5918,0.283203,1.00068,-7.06606e-08,0.340319,1,0
6.5918,0.302734,1.00045,-7.47451e-08,0.340319,1,0
6.61133,0.244141,1.00077,-5.63967e-08,0.338367,1,0
6.61133,0.263672,1.00075,-6.41414e-08,0.338367,1,0
6.63086,0.244141,1.00077,-5.61212e-08,0.336415,1,0
6.63086,0.263672,1.00075,-6.38136e-08,0.336415,1,0
6.61133,0.283203,1.00068,-7.02927e-08,0.338367,1,0
6.61133,0.302734,1.00045,-7.43289e-08,0.338367,1,0
6.63086,0.283203,1.00068,-6.99138e-08,0.336415,1,0
6.63086,0.302734,1.00045,-7.3903e-08,0.336415,1,0
6.65039,0.166016,1.00079,-1.89617e-08,0.334463,1,0
6.65039,0.185547,1.00079,-2.80952e-08,0.334463,1,0
6.66992,0.166016,1.00079,-1.88507e-08,0.332511,1,0
6.66992,0.185547,1.00079,-2.79449e-08,0.332511,1,0
6.65039,0.205078,1.00078,-3.76689e-08,0.334463,1,0
6.65039,0.224609,1.00078,-4.70656e-08,0.334463,1,0
6.66992,0.205078,1.00078,-3.74735e-08,0.332511,1,0
6.66992,0.224609,1.00078,-4.68213e-08,0.332511,1,0
6.68945,0.166016,1.00079,-1.87348e-08,0.330559,1,0
6.68945,0.185547,1.00079,-2.77881e-08,0.330559,1,0
6.70898,0.166016,1.00079,-1.86142e-08,0.328607,1,0
6.70898,0.185547,1.00079,-2.76254e-08,0.328607,1,0
6.68945,0.205078,1.00078,-3.72706e-08,0.330559,1,0
6.68945,0.224609,1.00078,-4.65686e-08,0.330559,1,0
6.70898,0.205078,1.00078,-3.70605e-08,0.328607,1,0
6.70898,0.224609,1.00078,-4.6308e-08,0.328607,1,0
6.65039,0.244141,1.00077,-5.5835e-08,0.334463,1,0
6.65039,0.263672,1.00075,-6.34754e-08,0.334463,1,0
6.66992,0.244141,1.00077,-5.55393e-08,0.332511,1,0
6.66992,0.263672,1.00075,-6.31275e-08,0.332511,1,0
6.65039,0.283203,1.00068,-6.95249e-08,0.334463,1,0
6.65039,0.302734,1.00045,-7.34682e-08,0.334463,1,0
6.66992,0.283203,1.00068,-6.91269e-08,0.332511,1,0
6.66992,0.302734,1.00045,-7.30253e-08,0.332511,1,0
6.68945,0.244141,1.00077,-5.52346e-08,0.330559,1,0
6.68945,0.263672,1.00075,-6.27708e-08,0.330559,1,0
6.70898,0.244141,1.00077,-5.49216e-08,0.328607,1,0
6.70898,0.263672,1.00075,-6.24057e-08,0.328607,1,0
6.68945,0.283203,1.00068,-6.87205e-08,0.330559,1,0
6.68945,0.302734,1.00045,-7.25749e-08,0.330559,1,0
6.70898,0.283203,1.00068,-6.83063e-08,0.328607,1,0
6.70898,0.302734,1.00045,-7.21176e-08,0.328607,1,0
6.72852,0.00976562,1.00079,2.41207e-09,0.326655,1,0
6.72852,0.0292969,1.00079,4.86696e-09,0.326655,1,0
6.74805,0.00976562,1.00079,2.40531e-09,0.324703,1,0
6.74805,0.0292969,1.00079,4.85648e-09,0.324703,1,0
6.72852,0.0488281,1.00079,6.0977e-09,0.326655,1,0
6.72852,0.0683594,1.00079,6.44992e-09,0.326655,1,0
6.74805,0.0488281,1.00079,6.09004e-09,0.324703,1,0
6.74805,0.0683594,1.00079,6.4503e-09,0.324703,1,0
6.76758,0.00976562,1.00079,2.39858e-09,0.322751,1,0
6.76758,0.0292969,1.00079,4.84576e-09,0.322751,1,0
6.78711,0.00976562,1.00079,2.3916e-09,0.320799,1,0
6.78711,0.0292969,1.00079,4.83455e-09,0.320799,1,0
6.76758,0.0488281,1.00079,6.08224e-09,0.322751,1,0
6.76758,0.0683594,1.00079,6.45089e-09,0.322751,1,0
6.78711,0.0488281,1.00079,6.07429e-09,0.320799,1,0
6.78711,0.0683594,1.00079,6.45175e-09,0.320799,1,0
6.72852,0.0878906,1.00079,4.83518e-09,0.326655,1,0
6.72852,0.107422,1.00079,1.62375e-09,0.326655,1,0
6.74805,0.0878906,1.00079,4.84951e-09,0.324703,1,0
6.74805,0.107422,1.00079,1.6567e-09,0.324703,1,0
6.72852,0.126953,1.00079,-3.59215e-09,0.326655,1,0
6.72852,0.146484,1.00079,-1.03305e-08,0.326655,1,0
6.74805,0.126953,1.00079,-3.53333e-09,0.324703,1,0
6.74805,0.146484,1.00079,-1.02398e-08,0.324703,1,0
6.76758,0.0878906,1.00079,4.86456e-09,0.322751,1,0
6.76758,0.107422,1.00079,1.69129e-09,0.322751,1,0
6.78711,0.0878906,1.00079,4.8806e-09,0.320799,1,0
6.78711,0.107422,1.00079,1.72781e-09,0.320799,1,0
6.76758,0.126953,1.00079,-3.47192e-09,0.322751,1,0
6.76758,0.146484,1.00079,-1.01454e-08,0.322751,1,0
6.78711,0.126953,1.00079,-3.40769e-09,0.320799,1,0
6.78711,0.146484,1.00079,-1.00471e-08,0.320799,1,0
6.80664,0.00976562,1.00079,2.38406e-09,0.318847,1,0
6.80664,0.0292969,1.00079,4.82252e-09,0.318847,1,0
6.82617,0.00976562,1.00079,2.37559e-09,0.316895,1,0
6.82617,0.0292969,1.00079,4.80916e-09,0.316895,1,0
6.80664,0.0488281,1.00079,6.066e-09,0.318847,1,0
6.80664,0.0683594,1.00079,6.45294e-09,0.318847,1,0
6.82617,0.0488281,1.00079,6.05729e-09,0.316895,1,0
6.82617,0.0683594,1.00079,6.45453e-09,0.316895,1,0
6.8457,0.00976562,1.00079,2.36571e-09,0.314943,1,0
6.8457,0.0292969,1.00079,4.79405e-09,0.314943,1,0
6.86523,0.00976562,1.00079,2.35407e-09,0.312991,1,0
6.86523,0.0292969,1.00079,4.77696e-09,0.312991,1,0
6.8457,0.0488281,1.00079,6.04822e-09,0.314943,1,0
6.8457,0.0683594,1.00079,6.4559e-09,0.314943,1,0
6.86523,0.0488281,1.00079,6.03811e-09,0.312991,1,0
6.86523,0.0683594,1.00079,6.45607e-09,0.312991,1,0
6.80664,0.0878906,1.00079,4.89785e-09,0.318847,1,0
6.80664,0.107422,1.00079,1.76634e-09,0.318847,1,0
6.82617,0.0878906,1.00079,4.91609e-09,0.316895,1,0
6.82617,0.107422,1.00079,1.80653e-09,0.316895,1,0
6.80664,0.126953,1.00079,-3.34058e-09,0.318847,1,0
6.80664,0.146484,1.00079,-9.94503e-09,0.318847,1,0
6.82617,0.126953,1.00079,-3.27076e-09,0.316895,1,0
6.82617,0.146484,1.00079,-9.83932e-09,0.316895,1,0
6.8457,0.0878906,1.00079,4.93458e-09,0.314943,1,0
6.8457,0.107422,1.00079,1.84815e-09,0.314943,1,0
6.86523,0.0878906,1.00079,4.95311e-09,0.312991,1,0
6.86523,0.107422,1.00079,1.89076e-09,0.312991,1,0
6.8457,0.126953,1.00079,-3.19859e-09,0.314943,1,0
6.8457,0.146484,1.00079,-9.73044e-09,0.314943,1,0
6.86523,0.126953,1.00079,-3.12481e-09,0.312991,1,0
6.86523,0.146484,1.00079,-9.61907e-09,0.312991,1,0
6.72852,0.166016,1.00079,-1.84891e-08,0.326655,1,0
6.72852,0.185547,1.00079,-2.74569e-08,0.326655,1,0
6.74805,0.166016,1.00079,-1.83593e-08,0.324703,1,0
6.74805,0.185547,1.00079,-2.72826e-08,0.324703,1,0
6.72852,0.205078,1.00078,-3.68437e-08,0.326655,1,0
6.72852,0.224609,1.00078,-4.60398e-08,0.326655,1,0
6.74805,0.205078,1.00078,-3.66201e-08,0.324703,1,0
6.74805,0.224609,1.00078,-4.57642e-08,0.324703,1,0
6.76758,0.166016,1.00079,-1.82247e-08,0.322751,1,0
6.76758,0.185547,1.00079,-2.71026e-08,0.322751,1,0
6.78711,0.166016,1.00079,-1.80853e-08,0.320799,1,0
6.78711,0.185547,1.00079,-2.69167e-08,0.320799,1,0
6.76758,0.205078,1.00078,-3.63898e-08,0.322751,1,0
6.76758,0.224609,1.00078,-4.54814e-08,0.322751,1,0
6.78711,0.205078,1.00078,-3.61531e-08,0.320799,1,0
6.78711,0.224609,1.00078,-4.51917e-08,0.320799,1,0
6.72852,0.244141,1.00077,-5.46007e-08,0.326655,1,0
6.72852,0.263672,1.00075,-6.20327e-08,0.326655,1,0
6.74805,0.244141,1.00077,-5.4272e-08,0.324703,1,0
6.74805,0.263672,1.00075,-6.1652e-08,0.324703,1,0
6.72852,0.283203,1.00068,-6.78845e-08,0.326655,1,0
6.72852,0.302734,1.00045,-7.16537e-08,0.326655,1,0
6.74805,0.283203,1.00068,-6.74557e-08,0.324703,1,0
6.74805,0.302734,1.00045,-7.11836e-08,0.324703,1,0
6.76758,0.244141,1.00078,-5.39359e-08,0.322751,1,0
6.76758,0.263672,1.00075,-6.12641e-08,0.322751,1,0
6.78711,0.244141,1.00078,-5.35927e-08,0.320799,1,0
6.78711,0.263672,1.00075,-6.08692e-08,0.320799,1,0
6.76758,0.283203,1.00068,-6.70201e-08,0.322751,1,0
6.76758,0.302734,1.00045,-7.07077e-08,0.322751,1,0
6.78711,0.283203,1.00068,-6.65781e-08,0.320799,1,0
6.78711,0.302734,1.00045,-7.02264e-08,0.320799,1,0
6.80664,0.166016,1.00079,-1.79412e-08,0.318847,1,0
6.80664,0.185547,1.00079,-2.67254e-08,0.318847,1,0
6.82617,0.166016,1.00079,-1.77926e-08,0.316895,1,0
6.82617,0.185547,1.00079,-2.65288e-08,0.316895,1,0
6.80664,0.205078,1.00078,-3.59102e-08,0.318847,1,0
6.80664,0.224609,1.00078,-4.48953e-08,0.318847,1,0
6.82617,0.205078,1.00078,-3.56615e-08,0.316895,1,0
6.82617,0.224609,1.00078,-4.45928e-08,0.316895,1,0
6.8457,0.166016,1.00079,-1.764e-08,0.314943,1,0
6.8457,0.185547,1.00079,-2.63275e-08,0.314943,1,0
6.86523,0.166016,1.00079,-1.74841e-08,0.312991,1,0
6.86523,0.185547,1.00079,-2.61221e-08,0.312991,1,0
6.8457,0.205078,1.00078,-3.54075e-08,0.314943,1,0
6.8457,0.224609,1.00078,-4.42846e-08,0.314943,1,0
6.86523,0.205078,1.00078,-3.51489e-08,0.312991,1,0
6.86523,0.224609,1.00078,-4.39714e-08,0.312991,1,0
6.80664,0.244141,1.00078,-5.32427e-08,0.318847,1,0
6.80664,0.263672,1.00075,-6.04678e-08,0.318847,1,0
6.82617,0.244141,1.00078,-5.28864e-08,0.316895,1,0
6.82617,0.263672,1.00075,-6.00604e-08,0.316895,1,0
6.80664,0.283203,1.00068,-6.61302e-08,0.318847,1,0
6.80664,0.302734,1.00045,-6.97402e-08,0.318847,1,0
6.82617,0.283203,1.00068,-6.56768e-08,0.316895,1,0
6.82617,0.302734,1.00045,-6.92494e-08,0.316895,1,0
6.8457,0.244141,1.00078,-5.25245e-08,0.314943,1,0
6.8457,0.263672,1.00075,-5.96475e-08,0.314943,1,0
6.86523,0.244141,1.00078,-5.21575e-08,0.312991,1,0
6.86523,0.263672,1.00075,-5.92297e-08,0.312991,1,0
6.8457,0.283203,1.00068,-6.52185e-08,0.314943,1,0
6.8457,0.302734,1.00045,-6.87545e-08,0.314943,1,0
6.86523,0.283203,1.00068,-6.4756e-08,0.312991,1,0
6.86523,0.302734,1.00045,-6.82562e-08,0.312991,1,0
6.57227,0.322266,0.999833,-7.64783e-08,0.342272,1,0
6.57227,0.341797,0.998199,-7.4378e-08,0.342272,1,0
6.5918,0.322266,0.999833,-7.60317e-08,0.340319,1,0
6.5918,0.341797,0.998199,-7.39053e-08,0.340319,1,0
6.57227,0.361328,0.994148,-6.82504e-08,0.342272,1,0
6.57227,0.380859,0.984707,-5.82569e-08,0.342272,1,0
6.5918,0.361328,0.994148,-6.77767e-08,0.340319,1,0
6.5918,0.380859,0.984707,-5.78123e-08,0.340319,1,0
6.61133,0.322266,0.999833,-7.55763e-08,0.338367,1,0
6.61133,0.341797,0.998199,-7.34263e-08,0.338367,1,0
6.63086,0.322266,0.999833,-7.5113e-08,0.336415,1,0
6.63086,0.341797,0.998199,-7.29415e-08,0.336415,1,0
6.61133,0.361328,0.994148,-6.72993e-08,0.338367,1,0
6.61133,0.380859,0.984707,-5.73711e-08,0.338367,1,0
6.63086,0.361328,0.994148,-6.68184e-08,0.336415,1,0
6.63086,0.380859,0.984707,-5.69237e-08,0.336415,1,0
6.57227,0.400391,0.96407,-4.50916e-08,0.342272,1,0
6.57227,0.419922,0.921813,-3.08444e-08,0.342272,1,0
6.5918,0.400391,0.96407,-4.47284e-08,0.340319,1,0
6.5918,0.419922,0.921813,-3.05586e-08,0.340319,1,0
6.57227,0.439453,0.840831,-1.75233e-08,0.342272,1,0
6.57227,0.458984,0.695591,-7.62381e-09,0.342272,1,0
6.5918,0.439453,0.840831,-1.73538e-08,0.340319,1,0
6.5918,0.458984,0.695591,-7.56388e-09,0.340319,1,0
6.61133,0.400391,0.96407,-4.4346e-08,0.338367,1,0
6.61133,0.419922,0.921813,-3.02953e-08,0.338367,1,0
6.63086,0.400391,0.96407,-4.39834e-08,0.336415,1,0
6.63086,0.419922,0.921813,-3.00106e-08,0.336415,1,0
6.61133,0.439453,0.840831,-1.7192e-08,0.338367,1,0
6.61133,0.458984,0.695591,-7.47534e-09,0.338367,1,0
6.63086,0.439453,0.840831,-1.70237e-08,0.336415,1,0
6.63086,0.458984,0.695591,-7.41638e-09,0.336415,1,0
6.65039,0.322266,0.999833,-7.46424e-08,0.334463,1,0
6.65039,0.341797,0.998199,-7.24515e-08,0.334463,1,0
6.66992,0.322266,0.999833,-7.41652e-08,0.332511,1,0
6.66992,0.341797,0.998199,-7.19567e-08,0.332511,1,0
6.65039,0.361328,0.994148,-6.63344e-08,0.334463,1,0
6.65039,0.380859,0.984707,-5.64802e-08,0.334463,1,0
6.66992,0.361328,0.994148,-6.58477e-08,0.332511,1,0
6.66992,0.380859,0.984707,-5.60307e-08,0.332511,1,0
6.68945,0.322266,0.999833,-7.36819e-08,0.330559,1,0
6.68945,0.341797,0.998199,-7.14575e-08,0.330559,1,0
6.70898,0.322266,0.999833,-7.3193e-08,0.328607,1,0
6.70898,0.341797,0.998199,-7.09544e-08,0.328607,1,0
6.68945,0.361328,0.994148,-6.53586e-08,0.330559,1,0
6.68945,0.380859,0.984707,-5.55858e-08,0.330559,1,0
6.70898,0.361328,0.994148,-6.48675e-08,0.328607,1,0
6.70898,0.380859,0.984707,-5.51353e-08,0.328607,1,0
6.65039,0.400391,0.96407,-4.36011e-08,0.334463,1,0
6.65039,0.419922,0.921813,-2.97493e-08,0.334463,1,0
6.66992,0.400391,0.96407,-4.32397e-08,0.332511,1,0
6.66992,0.419922,0.921813,-2.9466e-08,0.332511,1,0
6.65039,0.439453,0.840831,-1.68634e-08,0.334463,1,0
6.65039,0.458984,0.695591,-7.32797e-09,0.334463,1,0
6.66992,0.439453,0.840831,-1.66964e-08,0.332511,1,0
6.66992,0.458984,0.695591,-7.27014e-09,0.332511,1,0
6.68945,0.400391,0.96407,-4.28582e-08,0.330559,1,0
6.68945,0.419922,0.921813,-2.9207e-08,0.330559,1,0
6.70898,0.400391,0.96407,-4.24983e-08,0.328607,1,0
6.70898,0.419922,0.921813,-2.89253e-08,0.328607,1,0
6.68945,0.439453,0.840831,-1.65378e-08,0.330559,1,0
6.68945,0.458984,0.695591,-7.18203e-09,0.330559,1,0
6.70898,0.439453,0.840831,-1.63723e-08,0.328607,1,0
6.70898,0.458984,0.695591,-7.12551e-09,0.328607,1,0
6.57227,0.478516,0.451545,-1.47878e-09,0.342272,1,0
6.57227,0.498047,0.0664599,6.66733e-10,0.342272,0.6,0
6.5918,0.478516,0.451545,-1.45971e-09,0.340319,1,0
6.5918,0.498047,0.0664599,6.59679e-10,0.340319,0.6,0
6.61133,0.478516,0.451545,-1.45468e-09,0.338367,1,0
6.61133,0.498047,0.0664599,6.45359e-10,0.338367,0.6,0
6.63086,0.478516,0.451545,-1.43538e-09,0.336415,1,0
6.63086,0.498047,0.0664599,6.3858e-10,0.336415,0.6,0
6.65039,0.478516,0.451545,-1.43063e-09,0.334463,1,0
6.65039,0.498047,0.0664599,6.24343e-10,0.334463,0.6,0
6.66992,0.478516,0.451545,-1.41124e-09,0.332511,1,0
6.66992,0.498047,0.0664599,6.17883e-10,0.332511,0.6,0
6.68945,0.478516,0.451545,-1.4069e-09,0.330559,1,0
6.68945,0.498047,0.0664599,6.03739e-10,0.330559,0.6,0
6.70898,0.478516,0.451545,-1.38752e-09,0.328607,1,0
6.70898,0.498047,0.0664599,5.97588e-10,0.328607,0.6,0
6.72852,0.322266,0.999833,-7.26988e-08,0.326655,1,0
6.72852,0.341797,0.998199,-7.04478e-08,0.326655,1,0
6.74805,0.322266,0.999833,-7.21998e-08,0.324703,1,0
6.74805,0.341797,0.998199,-6.99379e-08,0.324703,1,0
6.72852,0.361328,0.994148,-6.43746e-08,0.326655,1,0
6.72852,0.380859,0.984707,-5.46899e-08,0.326655,1,0
6.74805,0.361328,0.994148,-6.38801e-08,0.324703,1,0
6.74805,0.380859,0.984707,-5.42391e-08,0.324703,1,0
6.76758,0.322266,0.999833,-7.16963e-08,0.322751,1,0
6.76758,0.341797,0.998199,-6.94252e-08,0.322751,1,0
6.78711,0.322266,0.999833,-7.11887e-08,0.320799,1,0
6.78711,0.341797,0.998199,-6.89099e-08,0.320799,1,0
6.76758,0.361328,0.994148,-6.33845e-08,0.322751,1,0
6.76758,0.380859,0.984707,-5.37939e-08,0.322751,1,0
6.78711,0.361328,0.994148,-6.28879e-08,0.320799,1,0
6.78711,0.380859,0.984707,-5.33434e-08,0.320799,1,0
6.72852,0.400391,0.96407,-4.2118e-08,0.326655,1,0
6.72852,0.419922,0.921813,-2.86686e-08,0.326655,1,0
6.74805,0.400391,0.96407,-4.17601e-08,0.324703,1,0
6.74805,0.419922,0.921813,-2.83887e-08,0.324703,1,0
6.72852,0.439453,0.840831,-1.62155e-08,0.326655,1,0
6.72852,0.458984,0.695591,-7.03785e-09,0.326655,1,0
6.74805,0.439453,0.840831,-1.60517e-08,0.324703,1,0
6.74805,0.458984,0.695591,-6.98276e-09,0.324703,1,0
6.76758,0.400391,0.96407,-4.13812e-08,0.322751,1,0
6.76758,0.419922,0.921813,-2.81347e-08,0.322751,1,0
6.78711,0.400391,0.96407,-4.10256e-08,0.320799,1,0
6.78711,0.419922,0.921813,-2.78568e-08,0.320799,1,0
6.76758,0.439453,0.840831,-1.58969e-08,0.322751,1,0
6.76758,0.458984,0.695591,-6.89563e-09,0.322751,1,0
6.78711,0.439453,0.840831,-1.57348e-08,0.320799,1,0
6.78711,0.458984,0.695591,-6.84206e-09,0.320799,1,0
6.80664,0.322266,0.999833,-7.06774e-08,0.318847,1,0
6.80664,0.341797,0.998199,-6.83924e-08,0.318847,1,0
6.82617,0.322266,0.999833,-7.01628e-08,0.316895,1,0
6.82617,0.341797,0.998199,-6.78729e-08,0.316895,1,0
6.80664,0.361328,0.994148,-6.23904e-08,0.318847,1,0
6.80664,0.380859,0.984707,-5.2899e-08,0.318847,1,0
6.82617,0.361328,0.994148,-6.18924e-08,0.316895,1,0
6.82617,0.380859,0.984707,-5.24493e-08,0.316895,1,0
6.8457,0.322266,0.999833,-6.96453e-08,0.314943,1,0
6.8457,0.341797,0.998199,-6.73518e-08,0.314943,1,0
6.86523,0.322266,0.999833,-6.91254e-08,0.312991,1,0
6.86523,0.341797,0.998199,-6.68295e-08,0.312991,1,0
6.8457,0.361328,0.994148,-6.13941e-08,0.314943,1,0
6.8457,0.380859,0.984707,-5.2006e-08,0.314943,1,0
6.86523,0.361328,0.994148,-6.08955e-08,0.312991,1,0
6.86523,0.380859,0.984707,-5.15576e-08,0.312991,1,0
6.80664,0.400391,0.96407,-4.06485e-08,0.318847,1,0
6.80664,0.419922,0.921813,-2.76055e-08,0.318847,1,0
6.82617,0.400391,0.96407,-4.02954e-08,0.316895,1,0
6.82617,0.419922,0.921813,-2.73297e-08,0.316895,1,0
6.80664,0.439453,0.840831,-1.55819e-08,0.318847,1,0
6.80664,0.458984,0.695591,-6.7555e-09,0.318847,1,0
6.82617,0.439453,0.840831,-1.54216e-08,0.316895,1,0
6.82617,0.458984,0.695591,-6.70347e-09,0.316895,1,0
6.8457,0.400391,0.96407,-3.99202e-08,0.314943,1,0
6.8457,0.419922,0.921813,-2.70813e-08,0.314943,1,0
6.86523,0.400391,0.96407,-3.95699e-08,0.312991,1,0
6.86523,0.419922,0.921813,-2.68078e-08,0.312991,1,0
6.8457,0.439453,0.840831,-1.52709e-08,0.314943,1,0
6.8457,0.458984,0.695591,-6.6175e-09,0.314943,1,0
6.86523,0.439453,0.840831,-1.51125e-08,0.312991,1,0
6.86523,0.458984,0.695591,-6.56704e-09,0.312991,1,0
6.72852,0.478516,0.451545,-1.38364e-09,0.326655,1,0
6.72852,0.498047,0.0664599,5.8351e-10,0.326655,0.6,0
6.74805,0.478516,0.451545,-1.3643e-09,0.324703,1,0
6.74805,0.498047,0.0664599,5.77639e-10,0.324703,0.6,0
6.76758,0.478516,0.451545,-1.36092e-09,0.322751,1,0
6.76758,0.498047,0.0664599,5.63601e-10,0.322751,0.6,0
6.78711,0.478516,0.451545,-1.34161e-09,0.320799,1,0
6.78711,0.498047,0.0664599,5.57994e-10,0.320799,0.6,0
6.80664,0.478516,0.451545,-1.33871e-09,0.318847,1,0
6.80664,0.498047,0.0664599,5.43982e-10,0.318847,0.6,0
6.82617,0.478516,0.451545,-1.31944e-09,0.316895,1,0
6.82617,0.498047,0.0664599,5.38633e-10,0.316895,0.6,0
6.8457,0.478516,0.451545,-1.31704e-09,0.314943,1,0
6.8457,0.498047,0.0664599,5.24641e-10,0.314943,0.6,0
6.86523,0.478516,0.451545,-1.29782e-09,0.312991,1,0
6.86523,0.498047,0.0664599,5.19543e-10,0.312991,0.6,0
6.88477,0.00976562,1.00079,2.34039e-09,0.311039,1,0
6.88477,0.0292969,1.00079,4.75732e-09,0.311039,1,0
6.9043,0.00976562,1.00079,2.32431e-09,0.309087,1,0
6.9043,0.0292969,1.00079,4.73446e-09,0.309087,1,0
6.88477,0.0488281,1.00079,6.02611e-09,0.311039,1,0
6.88477,0.0683594,1.00079,6.45475e-09,0.311039,1,0
6.9043,0.0488281,1.00079,6.012e-09,0.309087,1,0
6.9043,0.0683594,1.00079,6.45168e-09,0.309087,1,0
6.92383,0.00976562,1.00079,2.30554e-09,0.307135,1,0
6.92383,0.0292969,1.00079,4.70813e-09,0.307135,1,0
6.94336,0.00976562,1.00079,2.28411e-09,0.305183,1,0
6.94336,0.0292969,1.00079,4.67842e-09,0.305183,1,0
6.92383,0.0488281,1.00079,5.99559e-09,0.307135,1,0
6.92383,0.0683594,1.00079,6.44625e-09,0.307135,1,0
6.94336,0.0488281,1.00079,5.97677e-09,0.305183,1,0
6.94336,0.0683594,1.00079,6.43812e-09,0.305183,1,0
6.88477,0.0878906,1.00079,4.97138e-09,0.311039,1,0
6.88477,0.107422,1.00079,1.93339e-09,0.311039,1,0
6.9043,0.0878906,1.00079,4.98848e-09,0.309087,1,0
6.9043,0.107422,1.00079,1.97517e-09,0.309087,1,0
6.88477,0.126953,1.00079,-3.05023e-09,0.311039,1,0
6.88477,0.146484,1.00079,-9.50597e-09,0.311039,1,0
6.9043,0.126953,1.00079,-2.97555e-09,0.309087,1,0
6.9043,0.146484,1.00079,-9.39192e-09,0.309087,1,0
6.92383,0.0878906,1.00079,5.00371e-09,0.307135,1,0
6.92383,0.107422,1.00079,2.01552e-09,0.307135,1,0
6.94336,0.0878906,1.00079,5.01676e-09,0.305183,1,0
6.94336,0.107422,1.00079,2.05406e-09,0.305183,1,0
6.92383,0.126953,1.00079,-2.90139e-09,0.307135,1,0
6.92383,0.146484,1.00079,-9.27768e-09,0.307135,1,0
6.94336,0.126953,1.00079,-2.82834e-09,0.305183,1,0
6.94336,0.146484,1.00079,-9.16397e-09,0.305183,1,0
6.96289,0.00976562,1.00079,2.26052e-09,0.303231,1,0
6.96289,0.0292969,1.00079,4.64595e-09,0.303231,1,0
6.98242,0.00976562,1.00079,2.2357e-09,0.301278,1,0
6.98242,0.0292969,1.00079,4.6118e-09,0.301278,1,0
6.96289,0.0488281,1.00079,5.95568e-09,0.303231,1,0
6.96289,0.0683594,1.00079,6.42729e-09,0.303231,1,0
6.98242,0.0488281,1.00079,5.93269e-09,0.301278,1,0
6.98242,0.0683594,1.00079,6.41407e-09,0.301278,1,0
7.00195,0.00976562,1.00079,2.2109e-09,0.299326,1,0
7.00195,0.0292969,1.00079,4.57742e-09,0.299326,1,0
7.02148,0.00976562,1.00079,2.18749e-09,0.297374,1,0
7.02148,0.0292969,1.00079,4.54431e-09,0.297374,1,0
7.00195,0.0488281,1.00079,5.90837e-09,0.299326,1,0
7.00195,0.0683594,1.00079,6.39897e-09,0.299326,1,0
7.02148,0.0488281,1.00079,5.8834e-09,0.297374,1,0
7.02148,0.0683594,1.00079,6.38261e-09,0.297374,1,0
6.96289,0.0878906,1.00079,5.0275e-09,0.303231,1,0
6.96289,0.107422,1.00079,2.0905e-09,0.303231,1,0
6.98242,0.0878906,1.00079,5.03602e-09,0.301278,1,0
6.98242,0.107422,1.00079,2.12471e-09,0.301278,1,0
6.96289,0.126953,1.00079,-2.75683e-09,0.303231,1,0
6.96289,0.146484,1.00079,-9.05136e-09,0.303231,1,0
6.98242,0.126953,1.00079,-2.68718e-09,0.301278,1,0
6.98242,0.146484,1.00079,-8.94026e-09,0.301278,1,0
7.00195,0.0878906,1.00079,5.04248e-09,0.299326,1,0
7.00195,0.107422,1.00079,2.15671e-09,0.299326,1,0
7.02148,0.0878906,1.00079,5.0471e-09,0.297374,1,0
7.02148,0.107422,1.00079,2.18661e-09,0.297374,1,0
7.00195,0.126953,1.00079,-2.61953e-09,0.299326,1,0
7.00195,0.146484,1.00079,-8.83091e-09,0.299326,1,0
7.02148,0.126953,1.00079,-2.5539e-09,0.297374,1,0
7.02148,0.146484,1.00079,-8.72338e-09,0.297374,1,0
6.88477,0.166016,1.00079,-1.73256e-08,0.311039,1,0
6.88477,0.185547,1.00079,-2.59134e-08,0.311039,1,0
6.9043,0.166016,1.00079,-1.71653e-08,0.309087,1,0
6.9043,0.185547,1.00079,-2.57023e-08,0.309087,1,0
6.88477,0.205078,1.00078,-3.48865e-08,0.311039,1,0
6.88477,0.224609,1.00078,-4.36541e-08,0.311039,1,0
6.9043,0.205078,1.00078,-3.4621e-08,0.309087,1,0
6.9043,0.224609,1.00078,-4.33335e-08,0.309087,1,0
6.92383,0.166016,1.00079,-1.70041e-08,0.307135,1,0
6.92383,0.185547,1.00079,-2.54895e-08,0.307135,1,0
6.94336,0.166016,1.00079,-1.68427e-08,0.305183,1,0
6.94336,0.185547,1.00079,-2.5276e-08,0.305183,1,0
6.92383,0.205078,1.00078,-3.43534e-08,0.307135,1,0
6.92383,0.224609,1.00078,-4.30103e-08,0.307135,1,0
6.94336,0.205078,1.00078,-3.40845e-08,0.305183,1,0
6.94336,0.224609,1.00078,-4.26854e-08,0.305183,1,0
6.88477,0.244141,1.00078,-5.17862e-08,0.311039,1,0
6.88477,0.263672,1.00075,-5.88079e-08,0.311039,1,0
6.9043,0.244141,1.00078,-5.14115e-08,0.309087,1,0
6.9043,0.263672,1.00075,-5.83827e-08,0.309087,1,0
6.88477,0.283203,1.00068,-6.42897e-08,0.311039,1,0
6.88477,0.302734,1.00045,-6.77549e-08,0.311039,1,0
6.9043,0.283203,1.00068,-6.38204e-08,0.309087,1,0
6.9043,0.302734,1.00045,-6.72511e-08,0.309087,1,0
6.92383,0.244141,1.00078,-5.1034e-08,0.307135,1,0
6.92383,0.263672,1.00075,-5.79548e-08,0.307135,1,0
6.94336,0.244141,1.00078,-5.06546e-08,0.305183,1,0
6.94336,0.263672,1.00075,-5.75249e-08,0.305183,1,0
6.92383,0.283203,1.00068,-6.33487e-08,0.307135,1,0
6.92383,0.302734,1.00045,-6.67455e-08,0.307135,1,0
6.94336,0.283203,1.00068,-6.28752e-08,0.305183,1,0
6.94336,0.302734,1.00045,-6.62383e-08,0.305183,1,0
6.96289,0.166016,1.00079,-1.66818e-08,0.303231,1,0
6.96289,0.185547,1.00079,-2.50624e-08,0.303231,1,0
6.98242,0.166016,1.00079,-1.65219e-08,0.301278,1,0
6.98242,0.185547,1.00079,-2.48493e-08,0.301278,1,0
6.96289,0.205078,1.00078,-3.3815e-08,0.303231,1,0
6.96289,0.224609,1.00078,-4.23594e-08,0.303231,1,0
6.98242,0.205078,1.00078,-3.35453e-08,0.301278,1,0
6.98242,0.224609,1.00078,-4.2033e-08,0.301278,1,0
7.00195,0.166016,1.00079,-1.63632e-08,0.299326,1,0
7.00195,0.185547,1.00079,-2.46369e-08,0.299326,1,0
7.02148,0.166016,1.00079,-1.62059e-08,0.297374,1,0
7.02148,0.185547,1.00079,-2.44255e-08,0.297374,1,0
7.00195,0.205078,1.00078,-3.3276e-08,0.299326,1,0
7.00195,0.224609,1.00078,-4.17065e-08,0.299326,1,0
7.02148,0.205078,1.00078,-3.30072e-08,0.297374,1,0
7.02148,0.224609,1.00078,-4.13801e-08,0.297374,1,0
6.96289,0.244141,1.00078,-5.02739e-08,0.303231,1,0
6.96289,0.263672,1.00075,-5.70936e-08,0.303231,1,0
6.98242,0.244141,1.00078,-4.98924e-08,0.301278,1,0
6.98242,0.263672,1.00075,-5.66615e-08,0.301279,1,0
6.96289,0.283203,1.00068,-6.24004e-08,0.303231,1,0
6.96289,0.302734,1.00045,-6.57302e-08,0.303231,1,0
6.98242,0.283203,1.00068,-6.19247e-08,0.301279,1,0
6.98242,0.302734,1.00045,-6.52214e-08,0.301279,1,0
7.00195,0.244141,1.00078,-4.95105e-08,0.299326,1,0
7.00195,0.263672,1.00075,-5.62287e-08,0.299326,1,0
7.02148,0.244141,1.00078,-4.91285e-08,0.297374,1,0
7.02148,0.263672,1.00075,-5.57957e-08,0.297374,1,0
7.00195,0.283203,1.00068,-6.14485e-08,0.299326,1,0
7.00195,0.302734,1.00045,-6.47122e-08,0.299326,1,0
7.02148,0.283203,1.00068,-6.0972e-08,0.297374,1,0
7.02148,0.302734,1.00045,-6.42028e-08,0.297374,1,0
7.04102,0.00976562,1.00079,2.16661e-09,0.295422,1,0
7.04102,0.0292969,1.00079,4.51374e-09,0.295422,1,0
7.06055,0.00976562,1.00079,2.149e-09,0.29347,1,0
7.06055,0.0292969,1.00079,4.48645e-09,0.29347,1,0
7.04102,0.0488281,1.00079,5.85838e-09,0.295422,1,0
7.04102,0.0683594,1.00079,6.36555e-09,0.295422,1,0
7.06055,0.0488281,1.00079,5.8337e-09,0.29347,1,0
7.06055,0.0683594,1.00079,6.34821e-09,0.29347,1,0
7.08008,0.00976562,1.00079,2.13477e-09,0.291518,1,0
7.08008,0.0292969,1.00079,4.46248e-09,0.291518,1,0
7.09961,0.00976562,1.00079,2.12338e-09,0.289566,1,0
7.09961,0.0292969,1.00079,4.44112e-09,0.289566,1,0
7.08008,0.0488281,1.00079,5.80947e-09,0.291518,1,0
7.08008,0.0683594,1.00079,6.33077e-09,0.291518,1,0
7.09961,0.0488281,1.00079,5.78546e-09,0.289566,1,0
7.09961,0.0683594,1.00079,6.31311e-09,0.289566,1,0
7.04102,0.0878906,1.00079,5.05014e-09,0.295422,1,0
7.04102,0.107422,1.00079,2.21465e-09,0.295422,1,0
7.06055,0.0878906,1.00079,5.05181e-09,0.29347,1,0
7.06055,0.107422,1.00079,2.24106e-09,0.29347,1,0
7.04102,0.126953,1.00079,-2.49018e-09,0.295422,1,0
7.04102,0.146484,1.00079,-8.61761e-09,0.295422,1,0
7.06055,0.126953,1.00079,-2.42823e-09,0.29347,1,0
7.06055,0.146484,1.00079,-8.51349e-09,0.29347,1,0
7.08008,0.0878906,1.00079,5.05225e-09,0.291518,1,0
7.08008,0.107422,1.00079,2.26602e-09,0.291518,1,0
7.09961,0.0878906,1.00079,5.05145e-09,0.289566,1,0
7.09961,0.107422,1.00079,2.28962e-09,0.289566,1,0
7.08008,0.126953,1.00079,-2.36792e-09,0.291518,1,0
7.08008,0.146484,1.00079,-8.41087e-09,0.291518,1,0
7.09961,0.126953,1.00079,-2.30918e-09,0.289566,1,0
7.09961,0.146484,1.00079,-8.30967e-09,0.289566,1,0
7.11914,0.00976562,1.00079,2.11374e-09,0.287614,1,0
7.11914,0.0292969,1.00079,4.42101e-09,0.287614,1,0
7.13867,0.00976562,1.00079,2.10438e-09,0.285662,1,0
7.13867,0.0292969,1.00079,4.40043e-09,0.285662,1,0
7.11914,0.0488281,1.00079,5.76117e-09,0.287614,1,0
7.11914,0.0683594,1.00079,6.29483e-09,0.287614,1,0
7.13867,0.0488281,1.00079,5.73588e-09,0.285662,1,0
7.13867,0.0683594,1.00079,6.27532e-09,0.285662,1,0
7.1582,0.00976562,1.00079,2.09372e-09,0.28371,1,0
7.1582,0.0292969,1.00079,4.37756e-09,0.28371,1,0
7.17773,0.00976562,1.00079,2.08034e-09,0.281758,1,0
7.17773,0.0292969,1.00079,4.35082e-09,0.281758,1,0
7.1582,0.0488281,1.00079,5.7088e-09,0.28371,1,0
7.1582,0.0683594,1.00079,6.25382e-09,0.28371,1,0
7.17773,0.0488281,1.00079,5.67916e-09,0.281758,1,0
7.17773,0.0683594,1.00079,6.22958e-09,0.281758,1,0
7.11914,0.0878906,1.00079,5.04925e-09,0.287614,1,0
7.11914,0.107422,1.00079,2.31178e-09,0.287614,1,0
7.13867,0.0878906,1.00079,5.04535e-09,0.285662,1,0
7.13867,0.107422,1.00079,2.3323e-09,0.285662,1,0
7.11914,0.126953,1.00079,-2.25201e-09,0.287614,1,0
7.11914,0.146484,1.00079,-8.20986e-09,0.287614,1,0
7.13867,0.126953,1.00079,-2.19654e-09,0.285662,1,0
7.13867,0.146484,1.00079,-8.11153e-09,0.285662,1,0
7.1582,0.0878906,1.00079,5.03938e-09,0.28371,1,0
7.1582,0.107422,1.00079,2.35087e-09,0.28371,1,0
7.17773,0.0878906,1.00079,5.03091e-09,0.281758,1,0
7.17773,0.107422,1.00079,2.36709e-09,0.281758,1,0
7.1582,0.126953,1.00079,-2.14297e-09,0.28371,1,0
7.1582,0.146484,1.00079,-8.01487e-09,0.28371,1,0
7.17773,0.126953,1.00079,-2.0916e-09,0.281758,1,0
7.17773,0.146484,1.00079,-7.92016e-09,0.281758,1,0
7.04102,0.166016,1.00079,-1.60501e-08,0.295422,1,0
7.04102,0.185547,1.00079,-2.42152e-08,0.295422,1,0
7.06055,0.166016,1.00079,-1.58956e-08,0.29347,1,0
7.06055,0.185547,1.00079,-2.40059e-08,0.29347,1,0
7.04102,0.205078,1.00078,-3.2739e-08,0.295422,1,0
7.04102,0.224609,1.00078,-4.1054e-08,0.295422,1,0
7.06055,0.205078,1.00078,-3.24715e-08,0.29347,1,0
7.06055,0.224609,1.00078,-4.07283e-08,0.29347,1,0
7.08008,0.166016,1.00079,-1.57424e-08,0.291518,1,0
7.08008,0.185547,1.00079,-2.37976e-08,0.291518,1,0
7.09961,0.166016,1.00079,-1.55904e-08,0.289566,1,0
7.09961,0.185547,1.00079,-2.35902e-08,0.289566,1,0
7.08008,0.205078,1.00078,-3.22047e-08,0.291518,1,0
7.08008,0.224609,1.00078,-4.0403e-08,0.291518,1,0
7.09961,0.205078,1.00078,-3.19385e-08,0.289566,1,0
7.09961,0.224609,1.00078,-4.00781e-08,0.289566,1,0
7.04102,0.244141,1.00078,-4.87465e-08,0.295422,1,0
7.04102,0.263672,1.00075,-5.53626e-08,0.295422,1,0
7.06055,0.244141,1.00078,-4.83647e-08,0.29347,1,0
7.06055,0.263672,1.00075,-5.49296e-08,0.29347,1,0
7.04102,0.283203,1.00068,-6.04954e-08,0.295422,1,0
7.04102,0.302734,1.00045,-6.36936e-08,0.295422,1,0
7.06055,0.283203,1.00068,-6.00188e-08,0.29347,1,0
7.06055,0.302734,1.00045,-6.31845e-08,0.29347,1,0
7.08008,0.244141,1.00078,-4.7983e-08,0.291518,1,0
7.08008,0.263672,1.00075,-5.44967e-08,0.291518,1,0
7.09961,0.244141,1.00078,-4.76017e-08,0.289566,1,0
7.09961,0.263672,1.00075,-5.40641e-08,0.289566,1,0
7.08008,0.283203,1.00068,-5.95425e-08,0.291518,1,0
7.08008,0.302734,1.00045,-6.26759e-08,0.291518,1,0
7.09961,0.283203,1.00068,-5.90665e-08,0.289566,1,0
7.09961,0.302734,1.00045,-6.21679e-08,0.289566,1,0
7.11914,0.166016,1.00079,-1.54397e-08,0.287614,1,0
7.11914,0.185547,1.00079,-2.33838e-08,0.287614,1,0
7.13867,0.166016,1.00079,-1.52902e-08,0.285662,1,0
7.13867,0.185547,1.00079,-2.31785e-08,0.285662,1,0
7.11914,0.205078,1.00078,-3.16731e-08,0.287614,1,0
7.11914,0.224609,1.00078,-3.97538e-08,0.287614,1,0
7.13867,0.205078,1.00078,-3.14085e-08,0.285662,1,0
7.13867,0.224609,1.00078,-3.94301e-08,0.285662,1,0
7.1582,0.166016,1.00079,-1.51422e-08,0.28371,1,0
7.1582,0.185547,1.00079,-2.29743e-08,0.28371,1,0
7.17773,0.166016,1.00079,-1.4996e-08,0.281758,1,0
7.17773,0.185547,1.00079,-2.27717e-08,0.281758,1,0
7.1582,0.205078,1.00078,-3.1145e-08,0.28371,1,0
7.1582,0.224609,1.00078,-3.91074e-08,0.28371,1,0
7.17773,0.205078,1.00078,-3.08828e-08,0.281758,1,0
7.17773,0.224609,1.00078,-3.87859e-08,0.281758,1,0
7.11914,0.244141,1.00078,-4.72208e-08,0.287614,1,0
7.11914,0.263672,1.00075,-5.36319e-08,0.287614,1,0
7.13867,0.244141,1.00078,-4.68405e-08,0.285662,1,0
7.13867,0.263672,1.00075,-5.32003e-08,0.285662,1,0
7.11914,0.283203,1.00068,-5.85911e-08,0.287614,1,0
7.11914,0.302734,1.00045,-6.16607e-08,0.287614,1,0
7.13867,0.283203,1.00068,-5.81165e-08,0.285662,1,0
7.13867,0.302734,1.00045,-6.11545e-08,0.285662,1,0
7.1582,0.244141,1.00078,-4.64611e-08,0.28371,1,0
7.1582,0.263672,1.00075,-5.27697e-08,0.28371,1,0
7.17773,0.244141,1.00078,-4.60829e-08,0.281758,1,0
7.17773,0.263672,1.00075,-5.23403e-08,0.281758,1,0
7.1582,0.283203,1.00068,-5.76429e-08,0.28371,1,0
7.1582,0.302734,1.00045,-6.06497e-08,0.28371,1,0
7.17773,0.283203,1.00068,-5.71707e-08,0.281758,1,0
7.17773,0.302734,1.00045,-6.01465e-08,0.281758,1,0
6.88477,0.322266,0.999833,-6.86033e-08,0.311039,1,0
6.88477,0.341797,0.998199,-6.63061e-08,0.311039,1,0
6.9043,0.322266,0.999833,-6.80796e-08,0.309087,1,0
6.9043,0.341797,0.998199,-6.57819e-08,0.309087,1,0
6.88477,0.361328,0.994148,-6.0397e-08,0.311039,1,0
6.88477,0.380859,0.984707,-5.1116e-08,0.311039,1,0
6.9043,0.361328,0.994148,-5.98985e-08,0.309087,1,0
6.9043,0.380859,0.984707,-5.06691e-08,0.309087,1,0
6.92383,0.322266,0.999833,-6.75547e-08,0.307135,1,0
6.92383,0.341797,0.998199,-6.52573e-08,0.307135,1,0
6.94336,0.322266,0.999833,-6.70288e-08,0.305183,1,0
6.94336,0.341797,0.998199,-6.47324e-08,0.305183,1,0
6.92383,0.361328,0.994148,-5.94004e-08,0.307135,1,0
6.92383,0.380859,0.984707,-5.02295e-08,0.307135,1,0
6.94336,0.361328,0.994148,-5.89028e-08,0.305183,1,0
6.94336,0.380859,0.984707,-4.97847e-08,0.305183,1,0
6.88477,0.400391,0.96407,-3.91969e-08,0.311039,1,0
6.88477,0.419922,0.921813,-2.65625e-08,0.311039,1,0
6.9043,0.400391,0.96407,-3.88495e-08,0.309087,1,0
6.9043,0.419922,0.921813,-2.62913e-08,0.309087,1,0
6.88477,0.439453,0.840831,-1.49638e-08,0.311039,1,0
6.88477,0.458984,0.695591,-6.48166e-09,0.311039,1,0
6.9043,0.439453,0.840831,-1.48073e-08,0.309087,1,0
6.9043,0.458984,0.695591,-6.43277e-09,0.309087,1,0
6.92383,0.400391,0.96407,-3.84789e-08,0.307135,1,0
6.92383,0.419922,0.921813,-2.60491e-08,0.307135,1,0
6.94336,0.400391,0.96407,-3.81347e-08,0.305183,1,0
6.94336,0.419922,0.921813,-2.57805e-08,0.305183,1,0
6.92383,0.439453,0.840831,-1.46608e-08,0.307135,1,0
6.92383,0.458984,0.695591,-6.34796e-09,0.307135,1,0
6.94336,0.439453,0.840831,-1.45062e-08,0.305183,1,0
6.94336,0.458984,0.695591,-6.30063e-09,0.305183,1,0
6.96289,0.322266,0.999833,-6.65024e-08,0.303231,1,0
6.96289,0.341797,0.998199,-6.42076e-08,0.303231,1,0
6.98242,0.322266,0.999833,-6.59756e-08,0.301279,1,0
6.98242,0.341797,0.998199,-6.36829e-08,0.301279,1,0
6.96289,0.361328,0.994148,-5.84059e-08,0.303231,1,0
6.96289,0.380859,0.984707,-4.93476e-08,0.303231,1,0
6.98242,0.361328,0.994148,-5.79098e-08,0.301279,1,0
6.98242,0.380859,0.984707,-4.89053e-08,0.301279,1,0
7.00195,0.322266,0.999833,-6.54488e-08,0.299326,1,0
7.00195,0.341797,0.998199,-6.31587e-08,0.299326,1,0
7.02148,0.322266,0.999833,-6.49222e-08,0.297374,1,0
7.02148,0.341797,0.998199,-6.26352e-08,0.297374,1,0
7.00195,0.361328,0.994148,-5.74147e-08,0.299326,1,0
7.00195,0.380859,0.984707,-4.84712e-08,0.299326,1,0
7.02148,0.361328,0.994148,-5.69208e-08,0.297374,1,0
7.02148,0.380859,0.984707,-4.8032e-08,0.297374,1,0
6.96289,0.400391,0.96407,-3.77669e-08,0.303231,1,0
6.96289,0.419922,0.921812,-2.55416e-08,0.303231,1,0
6.98242,0.400391,0.96407,-3.74263e-08,0.301279,1,0
6.98242,0.419922,0.921812,-2.52756e-08,0.301279,1,0
6.96289,0.439453,0.840831,-1.43619e-08,0.303231,1,0
6.96289,0.458984,0.695591,-6.21638e-09,0.303231,1,0
6.98242,0.439453,0.840831,-1.42093e-08,0.301279,1,0
6.98242,0.458984,0.695591,-6.17062e-09,0.301279,1,0
7.00195,0.400391,0.96407,-3.70616e-08,0.299326,1,0
7.00195,0.419922,0.921812,-2.50403e-08,0.299326,1,0
7.02148,0.400391,0.96407,-3.6725e-08,0.297374,1,0
7.02148,0.419922,0.921812,-2.47771e-08,0.297374,1,0
7.00195,0.439453,0.840831,-1.40673e-08,0.299326,1,0
7.00195,0.458984,0.695591,-6.08696e-09,0.299326,1,0
7.02148,0.439453,0.840831,-1.39169e-08,0.297374,1,0
7.02148,0.458984,0.695591,-6.0429e-09,0.297374,1,0
6.88477,0.478516,0.451545,-1.29592e-09,0.311039,1,0
6.88477,0.498047,0.0664599,5.05555e-10,0.311039,0.6,0
6.9043,0.478516,0.451545,-1.27673e-09,0.309087,1,0
6.9043,0.498047,0.0664599,5.00693e-10,0.309087,0.6,0
6.92383,0.478516,0.451545,-1.27531e-09,0.307135,1,0
6.92383,0.498047,0.0664599,4.86697e-10,0.307135,0.6,0
6.94336,0.478516,0.451545,-1.25611e-09,0.305183,1,0
6.94336,0.498047,0.0664599,4.82074e-10,0.305183,0.6,0
6.96289,0.478516,0.451545,-1.25513e-09,0.303231,1,0
6.96289,0.498047,0.0664599,4.68091e-10,0.303231,0.6,0
6.98242,0.478516,0.451545,-1.23589e-09,0.301279,1,0
6.98242,0.498047,0.0664599,4.63756e-10,0.301279,0.6,0
7.00195,0.478516,0.451545,-1.23537e-09,0.299326,1,0
7.00195,0.498047,0.0664599,4.49853e-10,0.299326,0.6,0
7.02148,0.478516,0.451545,-1.21615e-09,0.297374,1,0
7.02148,0.498047,0.0664599,4.45895e-10,0.297374,0.6,0
7.04102,0.322266,0.999833,-6.4396e-08,0.295422,1,0
7.04102,0.341797,0.998199,-6.21125e-08,0.295422,1,0
7.06055,0.322266,0.999833,-6.38703e-08,0.29347,1,0
7.06055,0.341797,0.998199,-6.15908e-08,0.29347,1,0
7.04102,0.361328,0.994148,-5.64282e-08,0.295422,1,0
7.04102,0.380859,0.984707,-4.76015e-08,0.295422,1,0
7.06055,0.361328,0.994148,-5.59372e-08,0.29347,1,0
7.06055,0.380859,0.984707,-4.7166e-08,0.29347,1,0
7.08008,0.322266,0.999833,-6.33454e-08,0.291518,1,0
7.08008,0.341797,0.998199,-6.10704e-08,0.291518,1,0
7.09961,0.322266,0.999833,-6.28215e-08,0.289566,1,0
7.09961,0.341797,0.998199,-6.05514e-08,0.289566,1,0
7.08008,0.361328,0.994148,-5.5448e-08,0.291518,1,0
7.08008,0.380859,0.984707,-4.67397e-08,0.291518,1,0
7.09961,0.361328,0.994148,-5.49607e-08,0.289566,1,0
7.09961,0.380859,0.984707,-4.63086e-08,0.289566,1,0
7.04102,0.400391,0.96407,-3.63637e-08,0.295422,1,0
7.04102,0.419922,0.921812,-2.45456e-08,0.295422,1,0
7.06055,0.400391,0.96407,-3.60315e-08,0.29347,1,0
7.06055,0.419922,0.921812,-2.42857e-08,0.29347,1,0
7.04102,0.439453,0.840831,-1.37776e-08,0.295422,1,0
7.04102,0.458984,0.695591,-5.96003e-09,0.295422,1,0
7.06055,0.439453,0.840831,-1.36296e-08,0.29347,1,0
7.06055,0.458984,0.695591,-5.91793e-09,0.29347,1,0
7.08008,0.400391,0.96407,-3.56742e-08,0.291518,1,0
7.08008,0.419922,0.921812,-2.40585e-08,0.291518,1,0
7.09961,0.400391,0.96407,-3.5347e-08,0.289566,1,0
7.09961,0.419922,0.921812,-2.38023e-08,0.289566,1,0
7.08008,0.439453,0.840831,-1.34932e-08,0.291518,1,0
7.08008,0.458984,0.695591,-5.83616e-09,0.291518,1,0
7.09961,0.439453,0.840831,-1.33482e-08,0.289566,1,0
7.09961,0.458984,0.695591,-5.79641e-09,0.289566,1,0
7.11914,0.322266,0.999833,-6.22987e-08,0.287614,1,0
7.11914,0.341797,0.998199,-6.00341e-08,0.287614,1,0
7.13867,0.322266,0.999833,-6.17774e-08,0.285662,1,0
7.13867,0.341797,0.998199,-5.95187e-08,0.285662,1,0
7.11914,0.361328,0.994148,-5.44755e-08,0.287614,1,0
7.11914,0.380859,0.984707,-4.5887e-08,0.287614,1,0
7.13867,0.361328,0.994148,-5.39927e-08,0.285662,1,0
7.13867,0.380859,0.984707,-4.5461e-08,0.285662,1,0
7.1582,0.322266,0.999833,-6.12578e-08,0.28371,1,0
7.1582,0.341797,0.998199,-5.90054e-08,0.28371,1,0
7.17773,0.322266,0.999833,-6.07402e-08,0.281758,1,0
7.17773,0.341797,0.998199,-5.84946e-08,0.281758,1,0
7.1582,0.361328,0.994148,-5.35124e-08,0.28371,1,0
7.1582,0.380859,0.984707,-4.50449e-08,0.28371,1,0
7.17773,0.361328,0.994148,-5.30348e-08,0.281758,1,0
7.17773,0.380859,0.984707,-4.46245e-08,0.281758,1,0
7.11914,0.400391,0.96407,-3.49942e-08,0.287614,1,0
7.11914,0.419922,0.921812,-2.35798e-08,0.287614,1,0
7.13867,0.400391,0.96407,-3.46725e-08,0.285662,1,0
7.13867,0.419922,0.921812,-2.33277e-08,0.285662,1,0
7.11914,0.439453,0.840831,-1.32152e-08,0.287614,1,0
7.11914,0.458984,0.695591,-5.71613e-09,0.287614,1,0
7.13867,0.439453,0.840831,-1.30734e-08,0.285662,1,0
7.13867,0.458984,0.695591,-5.67909e-09,0.285662,1,0
7.1582,0.400391,0.96407,-3.43247e-08,0.28371,1,0
7.1582,0.419922,0.921812,-2.31104e-08,0.28371,1,0
7.17773,0.400391,0.96407,-3.40091e-08,0.281758,1,0
7.17773,0.419922,0.921812,-2.28631e-08,0.281758,1,0
7.1582,0.439453,0.840831,-1.29441e-08,0.28371,1,0
7.1582,0.458984,0.695591,-5.60064e-09,0.28371,1,0
7.17773,0.439453,0.840831,-1.2806e-08,0.281758,1,0
7.17773,0.458984,0.695591,-5.56663e-09,0.281758,1,0
7.04102,0.478516,0.451545,-1.21623e-09,0.295422,1,0
7.04102,0.498047,0.0664599,4.32168e-10,0.295422,0.6,0
7.06055,0.478516,0.451545,-1.19724e-09,0.29347,1,0
7.06055,0.498047,0.0664599,4.28679e-10,0.29347,0.6,0
7.08008,0.478516,0.451545,-1.19815e-09,0.291518,1,0
7.08008,0.498047,0.0664599,4.15202e-10,0.291518,0.6,0
7.09961,0.478516,0.451545,-1.17963e-09,0.289566,1,0
7.09961,0.498047,0.0664599,4.12233e-10,0.289566,0.6,0
7.11914,0.478516,0.451545,-1.18161e-09,0.287614,1,0
7.11914,0.498047,0.0664599,3.99029e-10,0.287614,0.6,0
7.13867,0.478516,0.451545,-1.16375e-09,0.285662,1,0
7.13867,0.498047,0.0664599,3.96587e-10,0.285662,0.6,0
7.1582,0.478516,0.451545,-1.16694e-09,0.28371,1,0
7.1582,0.498047,0.0664599,3.83648e-10,0.28371,0.6,0
7.17773,0.478516,0.451545,-1.14981e-09,0.281758,1,0
7.17773,0.498047,0.0664599,3.81727e-10,0.281758,0.6,0
7.19727,0.00976562,1.00079,2.06323e-09,0.279806,1,0
7.19727,0.0292969,1.00079,4.31911e-09,0.279806,1,0
7.2168,0.00976562,1.00079,2.04193e-09,0.277854,1,0
7.2168,0.0292969,1.00079,4.28196e-09,0.277854,1,0
7.19727,0.0488281,1.00079,5.64638e-09,0.279806,1,0
7.19727,0.0683594,1.00079,6.20199e-09,0.279806,1,0
7.2168,0.0488281,1.00079,5.6101e-09,0.277854,1,0
7.2168,0.0683594,1.00079,6.17058e-09,0.277854,1,0
7.23633,0.00976562,1.00079,2.01655e-09,0.275902,1,0
7.23633,0.0292969,1.00079,4.23958e-09,0.275902,1,0
7.25586,0.00976562,1.00079,1.98777e-09,0.27395,1,0
7.25586,0.0292969,1.00079,4.19277e-09,0.27395,1,0
7.23633,0.0488281,1.00079,5.57025e-09,0.275902,1,0
7.23633,0.0683594,1.00079,6.13516e-09,0.275902,1,0
7.25586,0.0488281,1.00079,5.52699e-09,0.27395,1,0
7.25586,0.0683594,1.00079,6.09578e-09,0.27395,1,0
7.19727,0.0878906,1.00079,5.01955e-09,0.279806,1,0
7.19727,0.107422,1.00079,2.38054e-09,0.279806,1,0
7.2168,0.0878906,1.00079,5.00498e-09,0.277854,1,0
7.2168,0.107422,1.00079,2.39082e-09,0.277854,1,0
7.19727,0.126953,1.00079,-2.04278e-09,0.279806,1,0
7.19727,0.146484,1.00079,-7.82778e-09,0.279806,1,0
7.2168,0.126953,1.00079,-1.99688e-09,0.277854,1,0
7.2168,0.146484,1.00079,-7.73815e-09,0.277854,1,0
7.23633,0.0878906,1.00079,4.98694e-09,0.275902,1,0
7.23633,0.107422,1.00079,2.39756e-09,0.275902,1,0
7.25586,0.0878906,1.00079,4.96529e-09,0.27395,1,0
7.25586,0.107422,1.00079,2.40049e-09,0.27395,1,0
7.23633,0.126953,1.00079,-1.95428e-09,0.275902,1,0
7.23633,0.146484,1.00079,-7.65169e-09,0.275902,1,0
7.25586,0.126953,1.00079,-1.91531e-09,0.27395,1,0
7.25586,0.146484,1.00079,-7.56882e-09,0.27395,1,0
7.27539,0.00976562,1.00079,1.95659e-09,0.271998,1,0
7.27539,0.0292969,1.00079,4.14272e-09,0.271998,1,0
7.29492,0.00976562,1.00079,1.92423e-09,0.270046,1,0
7.29492,0.0292969,1.00079,4.09078e-09,0.270046,1,0
7.27539,0.0488281,1.00079,5.4807e-09,0.271998,1,0
7.27539,0.0683594,1.00079,6.05265e-09,0.271998,1,0
7.29492,0.0488281,1.00079,5.43183e-09,0.270046,1,0
7.29492,0.0683594,1.00079,6.00613e-09,0.270046,1,0
7.31445,0.00976562,1.00079,1.89183e-09,0.268094,1,0
7.31445,0.0292969,1.00079,4.03822e-09,0.268094,1,0
7.33398,0.00976562,1.00079,1.86033e-09,0.266142,1,0
7.33398,0.0292969,1.00079,3.98602e-09,0.266142,1,0
7.31445,0.0488281,1.00079,5.38087e-09,0.268094,1,0
7.31445,0.0683594,1.00079,5.9566e-09,0.268094,1,0
7.33398,0.0488281,1.00079,5.3282e-09,0.266142,1,0
7.33398,0.0683594,1.00079,5.90441e-09,0.266142,1,0
7.27539,0.0878906,1.00079,4.93998e-09,0.271998,1,0
7.27539,0.107422,1.00079,2.39942e-09,0.271998,1,0
7.29492,0.0878906,1.00079,4.91102e-09,0.270046,1,0
7.29492,0.107422,1.00079,2.39424e-09,0.270046,1,0
7.27539,0.126953,1.00079,-1.88027e-09,0.271998,1,0
7.27539,0.146484,1.00079,-7.48991e-09,0.271998,1,0
7.29492,0.126953,1.00079,-1.8494e-09,0.270046,1,0
7.29492,0.146484,1.00079,-7.41527e-09,0.270046,1,0
7.31445,0.0878906,1.00079,4.87847e-09,0.268094,1,0
7.31445,0.107422,1.00079,2.3849e-09,0.268094,1,0
7.33398,0.0878906,1.00079,4.84236e-09,0.266142,1,0
7.33398,0.107422,1.00079,2.37138e-09,0.266142,1,0
7.31445,0.126953,1.00079,-1.82287e-09,0.268094,1,0
7.31445,0.146484,1.00079,-7.34516e-09,0.268094,1,0
7.33398,0.126953,1.00079,-1.80084e-09,0.266142,1,0
7.33398,0.146484,1.00079,-7.27978e-09,0.266142,1,0
7.19727,0.166016,1.00079,-1.48519e-08,0.279806,1,0
7.19727,0.185547,1.00079,-2.25711e-08,0.279806,1,0
7.2168,0.166016,1.00079,-1.47103e-08,0.277854,1,0
7.2168,0.185547,1.00079,-2.23727e-08,0.277854,1,0
7.19727,0.205078,1.00078,-3.06223e-08,0.279806,1,0
7.19727,0.224609,1.00078,-3.8466e-08,0.279806,1,0
7.2168,0.205078,1.00078,-3.03641e-08,0.277854,1,0
7.2168,0.224609,1.00078,-3.81482e-08,0.277854,1,0
7.23633,0.166016,1.00079,-1.45718e-08,0.275902,1,0
7.23633,0.185547,1.00079,-2.21772e-08,0.275902,1,0
7.25586,0.166016,1.00079,-1.44366e-08,0.27395,1,0
7.25586,0.185547,1.00079,-2.1985e-08,0.27395,1,0
7.23633,0.205078,1.00078,-3.01085e-08,0.275902,1,0
7.23633,0.224609,1.00078,-3.7833e-08,0.275902,1,0
7.25586,0.205078,1.00078,-2.98561e-08,0.27395,1,0
7.25586,0.224609,1.00078,-3.75208e-08,0.27395,1,0
7.19727,0.244141,1.00078,-4.57062e-08,0.279806,1,0
7.19727,0.263672,1.00075,-5.19125e-08,0.279806,1,0
7.2168,0.244141,1.00078,-4.53316e-08,0.277854,1,0
7.2168,0.263672,1.00075,-5.14867e-08,0.277854,1,0
7.19727,0.283203,1.00068,-5.67002e-08,0.279806,1,0
7.19727,0.302734,1.00045,-5.96453e-08,0.279806,1,0
7.2168,0.283203,1.00068,-5.62319e-08,0.277854,1,0
7.2168,0.302734,1.00045,-5.91465e-08,0.277854,1,0
7.23633,0.244141,1.00078,-4.49594e-08,0.275902,1,0
7.23633,0.263672,1.00075,-5.10635e-08,0.275902,1,0
7.25586,0.244141,1.00078,-4.45902e-08,0.27395,1,0
7.25586,0.263672,1.00075,-5.06432e-08,0.27395,1,0
7.23633,0.283203,1.00068,-5.57663e-08,0.275902,1,0
7.23633,0.302734,1.00045,-5.86505e-08,0.275902,1,0
7.25586,0.283203,1.00068,-5.53036e-08,0.27395,1,0
7.25586,0.302734,1.00045,-5.81576e-08,0.27395,1,0
7.27539,0.166016,1.00079,-1.43053e-08,0.271998,1,0
7.27539,0.185547,1.00079,-2.17965e-08,0.271998,1,0
7.29492,0.166016,1.00079,-1.41782e-08,0.270046,1,0
7.29492,0.185547,1.00079,-2.16121e-08,0.270046,1,0
7.27539,0.205078,1.00078,-2.96072e-08,0.271998,1,0
7.27539,0.224609,1.00078,-3.7212e-08,0.271998,1,0
7.29492,0.205078,1.00078,-2.93624e-08,0.270046,1,0
7.29492,0.224609,1.00078,-3.69072e-08,0.270046,1,0
7.31445,0.166016,1.00079,-1.40556e-08,0.268094,1,0
7.31445,0.185547,1.00079,-2.14322e-08,0.268094,1,0
7.33398,0.166016,1.00079,-1.39377e-08,0.266142,1,0
7.33398,0.185547,1.00079,-2.12571e-08,0.266142,1,0
7.31445,0.205078,1.00078,-2.91219e-08,0.268094,1,0
7.31445,0.224609,1.00078,-3.66067e-08,0.268094,1,0
7.33398,0.205078,1.00078,-2.88861e-08,0.266142,1,0
7.33398,0.224609,1.00078,-3.63109e-08,0.266142,1,0
7.27539,0.244141,1.00078,-4.42244e-08,0.271998,1,0
7.27539,0.263672,1.00075,-5.02263e-08,0.271998,1,0
7.29492,0.244141,1.00078,-4.38625e-08,0.270046,1,0
7.29492,0.263672,1.00075,-4.98133e-08,0.270046,1,0
7.27539,0.283203,1.00068,-5.48444e-08,0.271998,1,0
7.27539,0.302734,1.00045,-5.76683e-08,0.271998,1,0
7.29492,0.283203,1.00068,-5.43891e-08,0.270046,1,0
7.29492,0.302734,1.00045,-5.71829e-08,0.270046,1,0
7.31445,0.244141,1.00078,-4.35049e-08,0.268094,1,0
7.31445,0.263672,1.00075,-4.94045e-08,0.268094,1,0
7.33398,0.244141,1.00078,-4.31519e-08,0.266142,1,0
7.33398,0.263672,1.00075,-4.90004e-08,0.266142,1,0
7.31445,0.283203,1.00068,-5.39381e-08,0.268094,1,0
7.31445,0.302734,1.00045,-5.6702e-08,0.268094,1,0
7.33398,0.283203,1.00068,-5.34918e-08,0.266142,1,0
7.33398,0.302734,1.00045,-5.62258e-08,0.266142,1,0
7.35352,0.00976562,1.00079,1.83028e-09,0.26419,1,0
7.35352,0.0292969,1.00079,3.93473e-09,0.26419,1,0
7.37305,0.00976562,1.00079,1.80184e-09,0.262238,1,0
7.37305,0.0292969,1.00079,3.88441e-09,0.262238,1,0
7.35352,0.0488281,1.00079,5.27406e-09,0.26419,1,0
7.35352,0.0683594,1.00079,5.84977e-09,0.26419,1,0
7.37305,0.0488281,1.00079,5.21848e-09,0.262238,1,0
7.37305,0.0683594,1.00079,5.79274e-09,0.262238,1,0
7.39258,0.00976562,1.00079,1.77471e-09,0.260286,1,0
7.39258,0.0292969,1.00079,3.83465e-09,0.260286,1,0
7.41211,0.00976562,1.00079,1.7483e-09,0.258334,1,0
7.41211,0.0292969,1.00079,3.78467e-09,0.258334,1,0
7.39258,0.0488281,1.00079,5.16133e-09,0.260286,1,0
7.39258,0.0683594,1.00079,5.7332e-09,0.260286,1,0
7.41211,0.0488281,1.00079,5.10227e-09,0.258334,1,0
7.41211,0.0683594,1.00079,5.67088e-09,0.258334,1,0
7.35352,0.0878906,1.00079,4.80272e-09,0.26419,1,0
7.35352,0.107422,1.00079,2.35366e-09,0.26419,1,0
7.37305,0.0878906,1.00079,4.7595e-09,0.262238,1,0
7.37305,0.107422,1.00079,2.33172e-09,0.262238,1,0
7.35352,0.126953,1.00079,-1.78341e-09,0.26419,1,0
7.35352,0.146484,1.00079,-7.21927e-09,0.26419,1,0
7.37305,0.126953,1.00079,-1.77071e-09,0.262238,1,0
7.37305,0.146484,1.00079,-7.16377e-09,0.262238,1,0
7.39258,0.0878906,1.00079,4.71259e-09,0.260286,1,0
7.39258,0.107422,1.00079,2.30547e-09,0.260286,1,0
7.41211,0.0878906,1.00079,4.6618e-09,0.258334,1,0
7.41211,0.107422,1.00079,2.27475e-09,0.258334,1,0
7.39258,0.126953,1.00079,-1.76284e-09,0.260286,1,0
7.39258,0.146484,1.00079,-7.1134e-09,0.260286,1,0
7.41211,0.126953,1.00079,-1.75996e-09,0.258334,1,0
7.41211,0.146484,1.00079,-7.06835e-09,0.258334,1,0
7.43164,0.00976562,1.00079,1.72177e-09,0.256382,1,0
7.43164,0.0292969,1.00079,3.73347e-09,0.256382,1,0
7.45117,0.00976562,1.00079,1.69423e-09,0.25443,1,0
7.45117,0.0292969,1.00079,3.67997e-09,0.25443,1,0
7.43164,0.0488281,1.00079,5.04085e-09,0.256382,1,0
7.43164,0.0683594,1.00079,5.60535e-09,0.256382,1,0
7.45117,0.0488281,1.00079,4.97657e-09,0.25443,1,0
7.45117,0.0683594,1.00079,5.53612e-09,0.25443,1,0
7.4707,0.00976562,1.00079,1.66488e-09,0.252478,1,0
7.4707,0.0292969,1.00079,3.62323e-09,0.252478,1,0
7.49023,0.00976562,1.00079,1.63311e-09,0.250526,1,0
7.49023,0.0292969,1.00079,3.5625e-09,0.250526,1,0
7.4707,0.0488281,1.00079,4.90891e-09,0.252478,1,0
7.4707,0.0683594,1.00079,5.46266e-09,0.252478,1,0
7.49023,0.0488281,1.00079,4.83738e-09,0.250526,1,0
7.49023,0.0683594,1.00079,5.38443e-09,0.250526,1,0
7.43164,0.0878906,1.00079,4.60689e-09,0.256382,1,0
7.43164,0.107422,1.00079,2.23935e-09,0.256382,1,0
7.45117,0.0878906,1.00079,4.54752e-09,0.25443,1,0
7.45117,0.107422,1.00079,2.19896e-09,0.25443,1,0
7.43164,0.126953,1.00079,-1.76229e-09,0.256382,1,0
7.43164,0.146484,1.00079,-7.02881e-09,0.256382,1,0
7.45117,0.126953,1.00079,-1.7701e-09,0.25443,1,0
7.45117,0.146484,1.00079,-6.99509e-09,0.25443,1,0
7.4707,0.0878906,1.00079,4.48333e-09,0.252478,1,0
7.4707,0.107422,1.00079,2.1532e-09,0.252478,1,0
7.49023,0.0878906,1.00079,4.41388e-09,0.250526,1,0
7.49023,0.107422,1.00079,2.10158e-09,0.250526,1,0
7.4707,0.126953,1.00079,-1.78377e-09,0.252478,1,0
7.4707,0.146484,1.00079,-6.96759e-09,0.252478,1,0
7.49023,0.126953,1.00079,-1.80376e-09,0.250526,1,0
7.49023,0.146484,1.00079,-6.94682e-09,0.250526,1,0
7.35352,0.166016,1.00079,-1.38248e-08,0.26419,1,0
7.35352,0.185547,1.00079,-2.10869e-08,0.26419,1,0
7.37305,0.166016,1.00079,-1.37171e-08,0.262238,1,0
7.37305,0.185547,1.00079,-2.0922e-08,0.262238,1,0
7.35352,0.205078,1.00078,-2.86554e-08,0.26419,1,0
7.35352,0.224609,1.00078,-3.602e-08,0.26419,1,0
7.37305,0.205078,1.00078,-2.84299e-08,0.262238,1,0
7.37305,0.224609,1.00078,-3.57345e-08,0.262238,1,0
7.39258,0.166016,1.00079,-1.36147e-08,0.260286,1,0
7.39258,0.185547,1.00079,-2.07626e-08,0.260286,1,0
7.41211,0.166016,1.00079,-1.35178e-08,0.258334,1,0
7.41211,0.185547,1.00079,-2.06088e-08,0.258334,1,0
7.39258,0.205078,1.00078,-2.82099e-08,0.260286,1,0
7.39258,0.224609,1.00078,-3.54545e-08,0.260286,1,0
7.41211,0.205078,1.00078,-2.79957e-08,0.258334,1,0
7.41211,0.224609,1.00078,-3.51805e-08,0.258334,1,0
7.35352,0.244141,1.00078,-4.28039e-08,0.26419,1,0
7.35352,0.263672,1.00075,-4.86013e-08,0.26419,1,0
7.37305,0.244141,1.00078,-4.24612e-08,0.262238,1,0
7.37305,0.263672,1.00075,-4.82077e-08,0.262238,1,0
7.35352,0.283203,1.00068,-5.30506e-08,0.26419,1,0
7.35352,0.302734,1.00045,-5.57549e-08,0.26419,1,0
7.37305,0.283203,1.00068,-5.26149e-08,0.262238,1,0
7.37305,0.302734,1.00045,-5.52897e-08,0.262238,1,0
7.39258,0.244141,1.00078,-4.21242e-08,0.260286,1,0
7.39258,0.263672,1.00075,-4.78199e-08,0.260286,1,0
7.41211,0.244141,1.00078,-4.17934e-08,0.258334,1,0
7.41211,0.263672,1.00075,-4.74383e-08,0.258334,1,0
7.39258,0.283203,1.00068,-5.21853e-08,0.260286,1,0
7.39258,0.302734,1.00045,-5.48307e-08,0.260286,1,0
7.41211,0.283203,1.00068,-5.17622e-08,0.258334,1,0
7.41211,0.302734,1.00045,-5.43786e-08,0.258334,1,0
7.43164,0.166016,1.00079,-1.34267e-08,0.256382,1,0
7.43164,0.185547,1.00079,-2.0461e-08,0.256382,1,0
7.45117,0.166016,1.00079,-1.33417e-08,0.25443,1,0
7.45117,0.185547,1.00079,-2.03196e-08,0.25443,1,0
7.43164,0.205078,1.00078,-2.77877e-08,0.256382,1,0
7.43164,0.224609,1.00078,-3.49128e-08,0.256382,1,0
7.45117,0.205078,1.00078,-2.75862e-08,0.25443,1,0
7.45117,0.224609,1.00078,-3.4652e-08,0.25443,1,0
7.4707,0.166016,1.00079,-1.32632e-08,0.252478,1,0
7.4707,0.185547,1.00079,-2.01849e-08,0.252478,1,0
7.49023,0.166016,1.00079,-1.31918e-08,0.250526,1,0
7.49023,0.185547,1.00079,-2.00577e-08,0.250526,1,0
7.4707,0.205078,1.00078,-2.73918e-08,0.252478,1,0
7.4707,0.224609,1.00078,-3.43984e-08,0.252478,1,0
7.49023,0.205078,1.00078,-2.72051e-08,0.250526,1,0
7.49023,0.224609,1.00078,-3.41529e-08,0.250526,1,0
7.43164,0.244141,1.00078,-4.1469e-08,0.256382,1,0
7.43164,0.263672,1.00075,-4.70636e-08,0.256382,1,0
7.45117,0.244141,1.00078,-4.11517e-08,0.25443,1,0
7.45117,0.263672,1.00075,-4.66962e-08,0.25443,1,0
7.43164,0.283203,1.00068,-5.13461e-08,0.256382,1,0
7.43164,0.302734,1.00045,-5.39337e-08,0.256382,1,0
7.45117,0.283203,1.00068,-5.09377e-08,0.25443,1,0
7.45117,0.302734,1.00045,-5.34969e-08,0.25443,1,0
7.4707,0.244141,1.00078,-4.08421e-08,0.252478,1,0
7.4707,0.263672,1.00075,-4.63368e-08,0.252478,1,0
7.49023,0.244141,1.00078,-4.05408e-08,0.250526,1,0
7.49023,0.263672,1.00075,-4.59862e-08,0.250526,1,0
7.4707,0.283203,1.00068,-5.05377e-08,0.252478,1,0
7.4707,0.302734,1.00045,-5.30689e-08,0.252478,1,0
7.49023,0.283203,1.00068,-5.01468e-08,0.250526,1,0
7.49023,0.302734,1.00045,-5.26504e-08,0.250526,1,0
7.19727,0.322266,0.999833,-6.02249e-08,0.279806,1,0
7.19727,0.341797,0.998199,-5.79863e-08,0.279806,1,0
7.2168,0.322266,0.999833,-5.97122e-08,0.277854,1,0
7.2168,0.341797,0.998199,-5.74811e-08,0.277854,1,0
7.19727,0.361328,0.994148,-5.25603e-08,0.279806,1,0
7.19727,0.380859,0.984707,-4.42148e-08,0.279806,1,0
7.2168,0.361328,0.994148,-5.2089e-08,0.277854,1,0
7.2168,0.380859,0.984707,-4.38009e-08,0.277854,1,0
7.23633,0.322266,0.999833,-5.92025e-08,0.275902,1,0
7.23633,0.341797,0.998199,-5.69791e-08,0.275902,1,0
7.25586,0.322266,0.999833,-5.86962e-08,0.27395,1,0
7.25586,0.341797,0.998199,-5.64807e-08,0.27395,1,0
7.23633,0.361328,0.994148,-5.16212e-08,0.275902,1,0
7.23633,0.380859,0.984707,-4.33983e-08,0.275902,1,0
7.25586,0.361328,0.994148,-5.11572e-08,0.27395,1,0
7.25586,0.380859,0.984707,-4.29919e-08,0.27395,1,0
7.19727,0.400391,0.96407,-3.3667e-08,0.279806,1,0
7.19727,0.419922,0.921812,-2.26516e-08,0.279806,1,0
7.2168,0.400391,0.96407,-3.33582e-08,0.277854,1,0
7.2168,0.419922,0.921812,-2.24095e-08,0.277854,1,0
7.19727,0.439453,0.840831,-1.26809e-08,0.279806,1,0
7.19727,0.458984,0.695591,-5.49027e-09,0.279806,1,0
7.2168,0.439453,0.840831,-1.25469e-08,0.277854,1,0
7.2168,0.458984,0.695591,-5.45957e-09,0.277854,1,0
7.23633,0.400391,0.96407,-3.30226e-08,0.275902,1,0
7.23633,0.419922,0.921812,-2.22044e-08,0.275902,1,0
7.25586,0.400391,0.96407,-3.27214e-08,0.27395,1,0
7.25586,0.419922,0.921812,-2.19682e-08,0.27395,1,0
7.23633,0.439453,0.840831,-1.24264e-08,0.275902,1,0
7.23633,0.458984,0.695591,-5.3856e-09,0.275902,1,0
7.25586,0.439453,0.840831,-1.22969e-08,0.27395,1,0
7.25586,0.458984,0.695591,-5.35856e-09,0.27395,1,0
7.27539,0.322266,0.999833,-5.81936e-08,0.271998,1,0
7.27539,0.341797,0.998199,-5.59863e-08,0.271998,1,0
7.29492,0.322266,0.999833,-5.76952e-08,0.270046,1,0
7.29492,0.341797,0.998199,-5.54961e-08,0.270046,1,0
7.27539,0.361328,0.994148,-5.06973e-08,0.271998,1,0
7.27539,0.380859,0.984707,-4.25975e-08,0.271998,1,0
7.29492,0.361328,0.994148,-5.02419e-08,0.270046,1,0
7.29492,0.380859,0.984707,-4.21997e-08,0.270046,1,0
7.31445,0.322266,0.999833,-5.72012e-08,0.268094,1,0
7.31445,0.341797,0.998199,-5.50107e-08,0.268094,1,0
7.33398,0.322266,0.999833,-5.67122e-08,0.266142,1,0
7.33398,0.341797,0.998199,-5.45304e-08,0.266142,1,0
7.31445,0.361328,0.994148,-4.97914e-08,0.268094,1,0
7.31445,0.380859,0.984707,-4.18147e-08,0.268094,1,0
7.33398,0.361328,0.994148,-4.93461e-08,0.266142,1,0
7.33398,0.380859,0.984707,-4.1427e-08,0.266142,1,0
7.27539,0.400391,0.96407,-3.23932e-08,0.271998,1,0
7.27539,0.419922,0.921812,-2.17702e-08,0.271998,1,0
7.29492,0.400391,0.96407,-3.21006e-08,0.270046,1,0
7.29492,0.419922,0.921812,-2.15408e-08,0.270046,1,0
7.27539,0.439453,0.840831,-1.21816e-08,0.271998,1,0
7.27539,0.458984,0.695591,-5.28741e-09,0.271998,1,0
7.29492,0.439453,0.840831,-1.20575e-08,0.270046,1,0
7.29492,0.458984,0.695591,-5.26456e-09,0.270046,1,0
7.31445,0.400391,0.96407,-3.17809e-08,0.268094,1,0
7.31445,0.419922,0.921812,-2.13508e-08,0.268094,1,0
7.33398,0.400391,0.96407,-3.14983e-08,0.266142,1,0
7.33398,0.419922,0.921812,-2.11292e-08,0.266142,1,0
7.31445,0.439453,0.840831,-1.19482e-08,0.268094,1,0
7.31445,0.458984,0.695591,-5.19683e-09,0.268094,1,0
7.33398,0.439453,0.840831,-1.18303e-08,0.266142,1,0
7.33398,0.458984,0.695591,-5.17888e-09,0.266142,1,0
7.19727,0.478516,0.451545,-1.15427e-09,0.279806,1,0
7.19727,0.498047,0.0664599,3.69056e-10,0.279806,0.6,0
7.2168,0.478516,0.451545,-1.13794e-09,0.277854,1,0
7.2168,0.498047,0.0664599,3.67684e-10,0.277854,0.6,0
7.23633,0.478516,0.451545,-1.14375e-09,0.275902,1,0
7.23633,0.498047,0.0664599,3.55332e-10,0.275902,0.6,0
7.25586,0.478516,0.451545,-1.12835e-09,0.27395,1,0
7.25586,0.498047,0.0664599,3.54583e-10,0.27395,0.6,0
7.27539,0.478516,0.451545,-1.13572e-09,0.271998,1,0
7.27539,0.498047,0.0664599,3.42644e-10,0.271998,0.6,0
7.29492,0.478516,0.451545,-1.12152e-09,0.270046,1,0
7.29492,0.498047,0.0664599,3.42631e-10,0.270046,0.6,0
7.31445,0.478516,0.451545,-1.1308e-09,0.268094,1,0
7.31445,0.498047,0.0664599,3.31222e-10,0.268094,0.6,0
7.33398,0.478516,0.451545,-1.1182e-09,0.266142,1,0
7.33398,0.498047,0.0664599,3.32072e-10,0.266142,0.6,0
7.35352,0.322266,0.999833,-5.62287e-08,0.26419,1,0
7.35352,0.341797,0.998199,-5.40557e-08,0.26419,1,0
7.37305,0.322266,0.999833,-5.5751e-08,0.262238,1,0
7.37305,0.341797,0.998199,-5.35871e-08,0.262238,1,0
7.35352,0.361328,0.994148,-4.89066e-08,0.26419,1,0
7.35352,0.380859,0.984707,-4.10532e-08,0.26419,1,0
7.37305,0.361328,0.994148,-4.84733e-08,0.262238,1,0
7.37305,0.380859,0.984707,-4.06772e-08,0.262238,1,0
7.39258,0.322266,0.999833,-5.52798e-08,0.260286,1,0
7.39258,0.341797,0.998199,-5.31252e-08,0.260286,1,0
7.41211,0.322266,0.999833,-5.48156e-08,0.258334,1,0
7.41211,0.341797,0.998199,-5.26705e-08,0.258334,1,0
7.39258,0.361328,0.994148,-4.80468e-08,0.260286,1,0
7.39258,0.380859,0.984707,-4.03162e-08,0.260286,1,0
7.41211,0.361328,0.994148,-4.76276e-08,0.258334,1,0
7.41211,0.380859,0.984707,-3.99539e-08,0.258334,1,0
7.35352,0.400391,0.96407,-3.11884e-08,0.26419,1,0
7.35352,0.419922,0.921812,-2.09485e-08,0.26419,1,0
7.37305,0.400391,0.96407,-3.09172e-08,0.262238,1,0
7.37305,0.419922,0.921812,-2.07359e-08,0.262238,1,0
7.35352,0.439453,0.840831,-1.17281e-08,0.26419,1,0
7.35352,0.458984,0.695591,-5.11536e-09,0.26419,1,0
7.37305,0.439453,0.840831,-1.16175e-08,0.262238,1,0
7.37305,0.458984,0.695591,-5.10317e-09,0.262238,1,0
7.39258,0.400391,0.96407,-3.06188e-08,0.260286,1,0
7.39258,0.419922,0.921812,-2.05658e-08,0.260286,1,0
7.41211,0.400391,0.96407,-3.03606e-08,0.258334,1,0
7.41211,0.419922,0.921812,-2.03639e-08,0.258334,1,0
7.39258,0.439453,0.840831,-1.15236e-08,0.260286,1,0
7.39258,0.458984,0.695591,-5.0448e-09,0.260286,1,0
7.41211,0.439453,0.840831,-1.14217e-08,0.258334,1,0
7.41211,0.458984,0.695591,-5.03941e-09,0.258334,1,0
7.43164,0.322266,0.999833,-5.43592e-08,0.256382,1,0
7.43164,0.341797,0.998199,-5.22238e-08,0.256382,1,0
7.45117,0.322266,0.999833,-5.3911e-08,0.25443,1,0
7.45117,0.341797,0.998199,-5.17856e-08,0.25443,1,0
7.43164,0.361328,0.994148,-4.72164e-08,0.256382,1,0
7.43164,0.380859,0.984707,-3.96079e-08,0.256382,1,0
7.45117,0.361328,0.994148,-4.68138e-08,0.25443,1,0
7.45117,0.380859,0.984707,-3.92616e-08,0.25443,1,0
7.4707,0.322266,0.999833,-5.34719e-08,0.252478,1,0
7.4707,0.341797,0.998199,-5.13568e-08,0.252478,1,0
7.49023,0.322266,0.999833,-5.30427e-08,0.250526,1,0
7.49023,0.341797,0.998199,-5.0938e-08,0.250526,1,0
7.4707,0.361328,0.994148,-4.64205e-08,0.252478,1,0
7.4707,0.380859,0.984707,-3.8933e-08,0.252478,1,0
7.49023,0.361328,0.994148,-4.60372e-08,0.250526,1,0
7.49023,0.380859,0.984707,-3.86051e-08,0.250526,1,0
7.43164,0.400391,0.96407,-3.00756e-08,0.256382,1,0
7.43164,0.419922,0.921812,-2.02062e-08,0.256382,1,0
7.45117,0.400391,0.96407,-2.98326e-08,0.25443,1,0
7.45117,0.419922,0.921812,-2.00168e-08,0.25443,1,0
7.43164,0.439453,0.840831,-1.13375e-08,0.256382,1,0
7.43164,0.458984,0.695591,-4.9873e-09,0.256382,1,0
7.45117,0.439453,0.840831,-1.12459e-08,0.25443,1,0
7.45117,0.458984,0.695591,-4.98995e-09,0.25443,1,0
7.4707,0.400391,0.96407,-2.95631e-08,0.252478,1,0
7.4707,0.419922,0.921812,-1.98735e-08,0.252478,1,0
7.49023,0.400391,0.96407,-2.93376e-08,0.250526,1,0
7.49023,0.419922,0.921812,-1.96989e-08,0.250526,1,0
7.4707,0.439453,0.840831,-1.11733e-08,0.252478,1,0
7.4707,0.458984,0.695591,-4.94545e-09,0.252478,1,0
7.49023,0.439453,0.840831,-1.1094e-08,0.250526,1,0
7.49023,0.458984,0.695591,-4.95764e-09,0.250526,1,0
7.35352,0.478516,0.451545,-1.1298e-09,0.26419,1,0
7.35352,0.498047,0.0664599,3.21327e-10,0.26419,0.6,0
7.37305,0.478516,0.451545,-1.11921e-09,0.262238,1,0
7.37305,0.498047,0.0664599,3.23189e-10,0.262238,0.6,0
7.39258,0.478516,0.451545,-1.13359e-09,0.260286,1,0
7.39258,0.498047,0.0664599,3.13275e-10,0.260286,0.6,0
7.41211,0.478516,0.451545,-1.12552e-09,0.258334,1,0
7.41211,0.498047,0.0664599,3.16339e-10,0.258334,0.6,0
7.43164,0.478516,0.451545,-1.14322e-09,0.256382,1,0
7.43164,0.498047,0.0664599,3.07467e-10,0.256382,0.6,0
7.45117,0.478516,0.451545,-1.13825e-09,0.25443,1,0
7.45117,0.498047,0.0664599,3.11972e-10,0.25443,0.6,0
7.4707,0.478516,0.451545,-1.15995e-09,0.252478,1,0
7.4707,0.498047,0.0664599,3.04399e-10,0.252478,0.6,0
7.49023,0.478516,0.451545,-1.15885e-09,0.250526,1,0
7.49023,0.498047,0.0664599,3.10616e-10,0.250526,0.6,0
7.50977,0.00976562,1.00079,1.59857e-09,0.248574,1,0
7.50977,0.0292969,1.00079,3.49733e-09,0.248574,1,0
7.5293,0.00976562,1.00079,1.56116e-09,0.246622,1,0
7.5293,0.0292969,1.00079,3.42752e-09,0.246622,1,0
7.50977,0.0488281,1.00079,4.76155e-09,0.248574,1,0
7.50977,0.0683594,1.00079,5.30092e-09,0.248574,1,0
7.5293,0.0488281,1.00079,4.68108e-09,0.246622,1,0
7.5293,0.0683594,1.00079,5.21165e-09,0.246622,1,0
7.54883,0.00976562,1.00079,1.52098e-09,0.244669,1,0
7.54883,0.0292969,1.00079,3.35309e-09,0.244669,1,0
7.56836,0.00976562,1.00079,1.47826e-09,0.242717,1,0
7.56836,0.0292969,1.00079,3.27413e-09,0.242717,1,0
7.54883,0.0488281,1.00079,4.59563e-09,0.244669,1,0
7.54883,0.0683594,1.00079,5.11615e-09,0.244669,1,0
7.56836,0.0488281,1.00079,4.5049e-09,0.242717,1,0
7.56836,0.0683594,1.00079,5.01394e-09,0.242717,1,0
7.50977,0.0878906,1.00079,4.33868e-09,0.248574,1,0
7.50977,0.107422,1.00079,2.04355e-09,0.248574,1,0
7.5293,0.0878906,1.00079,4.25721e-09,0.246622,1,0
7.5293,0.107422,1.00079,1.97847e-09,0.246622,1,0
7.50977,0.126953,1.00079,-1.83066e-09,0.248574,1,0
7.50977,0.146484,1.00079,-6.93343e-09,0.248574,1,0
7.5293,0.126953,1.00079,-1.86517e-09,0.246622,1,0
7.5293,0.146484,1.00079,-6.9282e-09,0.246622,1,0
7.54883,0.0878906,1.00079,4.16885e-09,0.244669,1,0
7.54883,0.107422,1.00079,1.90561e-09,0.244669,1,0
7.56836,0.0878906,1.00079,4.07293e-09,0.242717,1,0
7.56836,0.107422,1.00079,1.82414e-09,0.242717,1,0
7.54883,0.126953,1.00079,-1.9081e-09,0.244669,1,0
7.54883,0.146484,1.00079,-6.93204e-09,0.244669,1,0
7.56836,0.126953,1.00079,-1.9604e-09,0.242717,1,0
7.56836,0.146484,1.00079,-6.94599e-09,0.242717,1,0
7.58789,0.00976562,1.00079,1.43321e-09,0.240765,1,0
7.58789,0.0292969,1.00079,3.19069e-09,0.240765,1,0
7.60742,0.00976562,1.00079,1.38594e-09,0.238813,1,0
7.60742,0.0292969,1.00079,3.10271e-09,0.238813,1,0
7.58789,0.0488281,1.00079,4.40852e-09,0.240765,1,0
7.58789,0.0683594,1.00079,4.90449e-09,0.240765,1,0
7.60742,0.0488281,1.00079,4.3061e-09,0.238813,1,0
7.60742,0.0683594,1.00079,4.78714e-09,0.238813,1,0
7.62695,0.00976562,1.00079,1.3364e-09,0.236861,1,0
7.62695,0.0292969,1.00079,3.00993e-09,0.236861,1,0
7.64648,0.00976562,1.00079,1.2844e-09,0.234909,1,0
7.64648,0.0292969,1.00079,2.91183e-09,0.234909,1,0
7.62695,0.0488281,1.00079,4.19706e-09,0.236861,1,0
7.62695,0.0683594,1.00079,4.66118e-09,0.236861,1,0
7.64648,0.0488281,1.00079,4.08077e-09,0.234909,1,0
7.64648,0.0683594,1.00079,4.52588e-09,0.234909,1,0
7.58789,0.0878906,1.00079,3.96869e-09,0.240765,1,0
7.58789,0.107422,1.00079,1.73315e-09,0.240765,1,0
7.60742,0.0878906,1.00079,3.85525e-09,0.238813,1,0
7.60742,0.107422,1.00079,1.6317e-09,0.238813,1,0
7.58789,0.126953,1.00079,-2.02308e-09,0.240765,1,0
7.58789,0.146484,1.00079,-6.97119e-09,0.240765,1,0
7.60742,0.126953,1.00079,-2.09728e-09,0.238813,1,0
7.60742,0.146484,1.00079,-7.00893e-09,0.238813,1,0
7.62695,0.0878906,1.00079,3.7318e-09,0.236861,1,0
7.62695,0.107422,1.00079,1.51869e-09,0.236861,1,0
7.64648,0.0878906,1.00079,3.59729e-09,0.234909,1,0
7.64648,0.107422,1.00079,1.39283e-09,0.234909,1,0
7.62695,0.126953,1.00079,-2.1843e-09,0.236861,1,0
7.62695,0.146484,1.00079,-7.06059e-09,0.236861,1,0
7.64648,0.126953,1.00079,-2.28548e-09,0.234909,1,0
7.64648,0.146484,1.00079,-7.1276e-09,0.234909,1,0
7.50977,0.166016,1.00079,-1.31282e-08,0.248574,1,0
7.50977,0.185547,1.00079,-1.99386e-08,0.248574,1,0
7.5293,0.166016,1.00079,-1.30733e-08,0.246622,1,0
7.5293,0.185547,1.00079,-1.98285e-08,0.246622,1,0
7.50977,0.205078,1.00078,-2.70269e-08,0.248574,1,0
7.50977,0.224609,1.00078,-3.39163e-08,0.248574,1,0
7.5293,0.205078,1.00078,-2.68582e-08,0.246622,1,0
7.5293,0.224609,1.00078,-3.36894e-08,0.246622,1,0
7.54883,0.166016,1.00079,-1.30279e-08,0.244669,1,0
7.54883,0.185547,1.00079,-1.97286e-08,0.244669,1,0
7.56836,0.166016,1.00079,-1.29933e-08,0.242717,1,0
7.56836,0.185547,1.00079,-1.96399e-08,0.242717,1,0
7.54883,0.205078,1.00078,-2.66999e-08,0.244669,1,0
7.54883,0.224609,1.00078,-3.34735e-08,0.244669,1,0
7.56836,0.205078,1.00078,-2.65534e-08,0.242717,1,0
7.56836,0.224609,1.00078,-3.32697e-08,0.242717,1,0
7.50977,0.244141,1.00078,-4.02488e-08,0.248574,1,0
7.50977,0.263672,1.00075,-4.56451e-08,0.248574,1,0
7.5293,0.244141,1.00078,-3.99669e-08,0.246622,1,0
7.5293,0.263672,1.00075,-4.53146e-08,0.246622,1,0
7.50977,0.283203,1.00068,-4.97659e-08,0.248574,1,0
7.50977,0.302734,1.00045,-5.22422e-08,0.248574,1,0
7.5293,0.283203,1.00068,-4.9396e-08,0.246622,1,0
7.5293,0.302734,1.00045,-5.18454e-08,0.246622,1,0
7.54883,0.244141,1.00078,-3.96963e-08,0.244669,1,0
7.54883,0.263672,1.00075,-4.49958e-08,0.244669,1,0
7.56836,0.244141,1.00078,-3.94383e-08,0.242717,1,0
7.56836,0.263672,1.00075,-4.46899e-08,0.242717,1,0
7.54883,0.283203,1.00068,-4.90381e-08,0.244669,1,0
7.54883,0.302734,1.00045,-5.14611e-08,0.244669,1,0
7.56836,0.283203,1.00068,-4.86936e-08,0.242717,1,0
7.56836,0.302734,1.00045,-5.10904e-08,0.242717,1,0
7.58789,0.166016,1.00079,-1.29706e-08,0.240765,1,0
7.58789,0.185547,1.00079,-1.95638e-08,0.240765,1,0
7.60742,0.166016,1.00079,-1.29612e-08,0.238813,1,0
7.60742,0.185547,1.00079,-1.95017e-08,0.238813,1,0
7.58789,0.205078,1.00078,-2.64201e-08,0.240765,1,0
7.58789,0.224609,1.00078,-3.30796e-08,0.240765,1,0
7.60742,0.205078,1.00078,-2.63013e-08,0.238813,1,0
7.60742,0.224609,1.00078,-3.29045e-08,0.238813,1,0
7.62695,0.166016,1.00079,-1.29666e-08,0.236861,1,0
7.62695,0.185547,1.00079,-1.94553e-08,0.236861,1,0
7.64648,0.166016,1.00079,-1.29884e-08,0.234909,1,0
7.64648,0.185547,1.00079,-1.9426e-08,0.234909,1,0
7.62695,0.205078,1.00078,-2.61988e-08,0.236861,1,0
7.62695,0.224609,1.00078,-3.27463e-08,0.236861,1,0
7.64648,0.205078,1.00078,-2.61142e-08,0.234909,1,0
7.64648,0.224609,1.00078,-3.26067e-08,0.234909,1,0
7.58789,0.244141,1.00078,-3.91943e-08,0.240765,1,0
7.58789,0.263672,1.00075,-4.43985e-08,0.240765,1,0
7.60742,0.244141,1.00078,-3.89659e-08,0.238813,1,0
7.60742,0.263672,1.00075,-4.4123e-08,0.238813,1,0
7.58789,0.283203,1.00068,-4.83638e-08,0.240765,1,0
7.58789,0.302734,1.00045,-5.07347e-08,0.240765,1,0
7.60742,0.283203,1.00068,-4.80503e-08,0.238813,1,0
7.60742,0.302734,1.00045,-5.03956e-08,0.238813,1,0
7.62695,0.244141,1.00078,-3.87547e-08,0.236861,1,0
7.62695,0.263672,1.00075,-4.38651e-08,0.236861,1,0
7.64648,0.244141,1.00078,-3.85627e-08,0.234909,1,0
7.64648,0.263672,1.00075,-4.36268e-08,0.234909,1,0
7.62695,0.283203,1.00068,-4.77547e-08,0.236861,1,0
7.62695,0.302734,1.00045,-5.00745e-08,0.236861,1,0
7.64648,0.283203,1.00068,-4.7479e-08,0.234909,1,0
7.64648,0.302734,1.00045,-4.97735e-08,0.234909,1,0
7.66602,0.00976562,1.00079,1.22954e-09,0.232957,1,0
7.66602,0.0292969,1.00079,2.80774e-09,0.232957,1,0
7.68555,0.00976562,1.00079,1.17132e-09,0.231005,1,0
7.68555,0.0292969,1.00079,2.69689e-09,0.231005,1,0
7.66602,0.0488281,1.00079,3.95661e-09,0.232957,1,0
7.66602,0.0683594,1.00079,4.38028e-09,0.232957,1,0
7.68555,0.0488281,1.00079,3.82373e-09,0.231005,1,0
7.68555,0.0683594,1.00079,4.22329e-09,0.231005,1,0
7.70508,0.00976562,1.00079,1.1092e-09,0.229053,1,0
7.70508,0.0292969,1.00079,2.5784e-09,0.229053,1,0
7.72461,0.00976562,1.00079,1.04266e-09,0.227101,1,0
7.72461,0.0292969,1.00079,2.45142e-09,0.227101,1,0
7.70508,0.0488281,1.00079,3.68127e-09,0.229053,1,0
7.70508,0.0683594,1.00079,4.05393e-09,0.229053,1,0
7.72461,0.0488281,1.00079,3.52838e-09,0.227101,1,0
7.72461,0.0683594,1.00079,3.87113e-09,0.227101,1,0
7.66602,0.0878906,1.00079,3.45051e-09,0.232957,1,0
7.66602,0.107422,1.00079,1.2529e-09,0.232957,1,0
7.68555,0.0878906,1.00079,3.2904e-09,0.231005,1,0
7.68555,0.107422,1.00079,1.0977e-09,0.231005,1,0
7.66602,0.126953,1.00079,-2.40214e-09,0.232957,1,0
7.66602,0.146484,1.00079,-7.21145e-09,0.232957,1,0
7.68555,0.126953,1.00079,-2.53573e-09,0.231005,1,0
7.68555,0.146484,1.00079,-7.31376e-09,0.231005,1,0
7.70508,0.0878906,1.00079,3.11587e-09,0.229053,1,0
7.70508,0.107422,1.00079,9.25869e-10,0.229053,1,0
7.72461,0.0878906,1.00079,2.92565e-09,0.227101,1,0
7.72461,0.107422,1.00079,7.35924e-10,0.227101,1,0
7.70508,0.126953,1.00079,-2.68778e-09,0.229053,1,0
7.70508,0.146484,1.00079,-7.43626e-09,0.229053,1,0
7.72461,0.126953,1.00079,-2.85996e-09,0.227101,1,0
7.72461,0.146484,1.00079,-7.58079e-09,0.227101,1,0
7.74414,0.00976562,1.00079,9.71256e-10,0.225149,1,0
7.74414,0.0292969,1.00079,2.3152e-09,0.225149,1,0
7.76367,0.00976562,1.00079,8.9465e-10,0.223197,1,0
7.76367,0.0292969,1.00079,2.16903e-09,0.223197,1,0
7.74414,0.0488281,1.00079,3.36418e-09,0.225149,1,0
7.74414,0.0683594,1.00079,3.67371e-09,0.225149,1,0
7.76367,0.0488281,1.00079,3.18773e-09,0.223197,1,0
7.76367,0.0683594,1.00079,3.46043e-09,0.223197,1,0
7.7832,0.00976562,1.00079,8.12579e-10,0.221245,1,0
7.7832,0.0292969,1.00079,2.01229e-09,0.221245,1,0
7.80273,0.00976562,1.00079,7.24828e-10,0.219293,1,0
7.80273,0.0292969,1.00079,1.84433e-09,0.219293,1,0
7.7832,0.0488281,1.00079,2.99804e-09,0.221245,1,0
7.7832,0.0683594,1.00079,3.22997e-09,0.221245,1,0
7.80273,0.0488281,1.00079,2.79404e-09,0.219293,1,0
7.80273,0.0683594,1.00079,2.98087e-09,0.219293,1,0
7.74414,0.0878906,1.00079,2.71838e-09,0.225149,1,0
7.74414,0.107422,1.00079,5.26265e-10,0.225149,1,0
7.76367,0.0878906,1.00079,2.49259e-09,0.223197,1,0
7.76367,0.107422,1.00079,2.95158e-10,0.223197,1,0
7.74414,0.126953,1.00079,-3.05405e-09,0.225149,1,0
7.74414,0.146484,1.00079,-7.74934e-09,0.225149,1,0
7.76367,0.126953,1.00079,-3.27202e-09,0.223197,1,0
7.76367,0.146484,1.00079,-7.94408e-09,0.223197,1,0
7.7832,0.0878906,1.00079,2.24667e-09,0.221245,1,0
7.7832,0.107422,1.00079,4.07045e-11,0.221245,1,0
7.80273,0.0878906,1.00079,1.97884e-09,0.219293,1,0
7.80273,0.107422,1.00079,-2.39197e-10,0.219293,1,0
7.7832,0.126953,1.00079,-3.516e-09,0.221245,1,0
7.7832,0.146484,1.00079,-8.1674e-09,0.221245,1,0
7.80273,0.126953,1.00079,-3.78837e-09,0.219293,1,0
7.80273,0.146484,1.00079,-8.42196e-09,0.219293,1,0
7.66602,0.166016,1.00079,-1.30282e-08,0.232957,1,0
7.66602,0.185547,1.00079,-1.94158e-08,0.232957,1,0
7.68555,0.166016,1.00079,-1.30877e-08,0.231005,1,0
7.68555,0.185547,1.00079,-1.94264e-08,0.231005,1,0
7.66602,0.205078,1.00078,-2.60495e-08,0.232957,1,0
7.66602,0.224609,1.00078,-3.24876e-08,0.232957,1,0
7.68555,0.205078,1.00078,-2.60067e-08,0.231005,1,0
7.68555,0.224609,1.00078,-3.23912e-08,0.231005,1,0
7.70508,0.166016,1.00079,-1.31689e-08,0.229053,1,0
7.70508,0.185547,1.00079,-1.946e-08,0.229053,1,0
7.72461,0.166016,1.00079,-1.32737e-08,0.227101,1,0
7.72461,0.185547,1.00079,-1.95186e-08,0.227101,1,0
7.70508,0.205078,1.00078,-2.59878e-08,0.229053,1,0
7.70508,0.224609,1.00078,-3.23196e-08,0.229053,1,0
7.72461,0.205078,1.00078,-2.59952e-08,0.227101,1,0
7.72461,0.224609,1.00078,-3.22753e-08,0.227101,1,0
7.66602,0.244141,1.00078,-3.83918e-08,0.232957,1,0
7.66602,0.263672,1.00075,-4.34101e-08,0.232957,1,0
7.68555,0.244141,1.00078,-3.82441e-08,0.231005,1,0
7.68555,0.263672,1.00075,-4.32171e-08,0.231005,1,0
7.66602,0.283203,1.00068,-4.72251e-08,0.232957,1,0
7.66602,0.302734,1.00045,-4.94945e-08,0.232957,1,0
7.68555,0.283203,1.00068,-4.69952e-08,0.231005,1,0
7.68555,0.302734,1.00045,-4.92395e-08,0.231005,1,0
7.70508,0.244141,1.00078,-3.81221e-08,0.229053,1,0
7.70508,0.263672,1.00075,-4.30502e-08,0.229053,1,0
7.72461,0.244141,1.00078,-3.80281e-08,0.227101,1,0
7.72461,0.263672,1.00075,-4.29119e-08,0.227101,1,0
7.70508,0.283203,1.00068,-4.67917e-08,0.229053,1,0
7.70508,0.302734,1.00045,-4.90111e-08,0.229053,1,0
7.72461,0.283203,1.00068,-4.66172e-08,0.227101,1,0
7.72461,0.302734,1.00045,-4.88118e-08,0.227101,1,0
7.74414,0.166016,1.00079,-1.34043e-08,0.225149,1,0
7.74414,0.185547,1.00079,-1.96047e-08,0.225149,1,0
7.76367,0.166016,1.00079,-1.35631e-08,0.223197,1,0
7.76367,0.185547,1.00079,-1.97207e-08,0.223197,1,0
7.74414,0.205078,1.00078,-2.60313e-08,0.225149,1,0
7.74414,0.224609,1.00078,-3.22609e-08,0.225149,1,0
7.76367,0.205078,1.00078,-2.60989e-08,0.223197,1,0
7.76367,0.224609,1.00078,-3.22791e-08,0.223197,1,0
7.7832,0.166016,1.00079,-1.37526e-08,0.221245,1,0
7.7832,0.185547,1.00079,-1.98694e-08,0.221245,1,0
7.80273,0.166016,1.00079,-1.39758e-08,0.219293,1,0
7.80273,0.185547,1.00079,-2.0054e-08,0.219293,1,0
7.7832,0.205078,1.00078,-2.62008e-08,0.221245,1,0
7.7832,0.224609,1.00078,-3.23332e-08,0.221245,1,0
7.80273,0.205078,1.00078,-2.63405e-08,0.219293,1,0
7.80273,0.224609,1.00078,-3.24264e-08,0.219293,1,0
7.74414,0.244141,1.00078,-3.79648e-08,0.225149,1,0
7.74414,0.263672,1.00075,-4.28049e-08,0.225149,1,0
7.76367,0.244141,1.00078,-3.79351e-08,0.223197,1,0
7.76367,0.263672,1.00075,-4.27323e-08,0.223197,1,0
7.74414,0.283203,1.00068,-4.64744e-08,0.225149,1,0
7.74414,0.302734,1.00045,-4.86443e-08,0.225149,1,0
7.76367,0.283203,1.00068,-4.63664e-08,0.223197,1,0
7.76367,0.302734,1.00045,-4.85116e-08,0.223197,1,0
7.7832,0.244141,1.00078,-3.79424e-08,0.221245,1,0
7.7832,0.263672,1.00075,-4.26974e-08,0.221245,1,0
7.80273,0.244141,1.00078,-3.799e-08,0.219293,1,0
7.80273,0.263672,1.00075,-4.27037e-08,0.219293,1,0
7.7832,0.283203,1.00068,-4.62965e-08,0.221245,1,0
7.7832,0.302734,1.00045,-4.84172e-08,0.221245,1,0
7.80273,0.283203,1.00068,-4.62683e-08,0.219293,1,0
7.80273,0.302734,1.00045,-4.83647e-08,0.219293,1,0
7.50977,0.322266,0.999833,-5.26243e-08,0.248574,1,0
7.50977,0.341797,0.998199,-5.05301e-08,0.248574,1,0
7.5293,0.322266,0.999833,-5.22174e-08,0.246622,1,0
7.5293,0.341797,0.998199,-5.0134e-08,0.246622,1,0
7.50977,0.361328,0.994148,-4.56647e-08,0.248574,1,0
7.50977,0.380859,0.984707,-3.82967e-08,0.248574,1,0
7.5293,0.361328,0.994148,-4.53039e-08,0.246622,1,0
7.5293,0.380859,0.984707,-3.79904e-08,0.246622,1,0
7.54883,0.322266,0.999833,-5.18233e-08,0.244669,1,0
7.54883,0.341797,0.998199,-4.97507e-08,0.244669,1,0
7.56836,0.322266,0.999833,-5.14431e-08,0.242717,1,0
7.56836,0.341797,0.998199,-4.93814e-08,0.242717,1,0
7.54883,0.361328,0.994148,-4.49557e-08,0.244669,1,0
7.54883,0.380859,0.984707,-3.77056e-08,0.244669,1,0
7.56836,0.361328,0.994148,-4.46213e-08,0.242717,1,0
7.56836,0.380859,0.984707,-3.74246e-08,0.242717,1,0
7.50977,0.400391,0.964069,-2.90863e-08,0.248574,1,0
7.50977,0.419922,0.921812,-1.95726e-08,0.248574,1,0
7.5293,0.400391,0.964069,-2.88813e-08,0.246622,1,0
7.5293,0.419922,0.921812,-1.94155e-08,0.246622,1,0
7.50977,0.439453,0.840831,-1.10352e-08,0.248574,1,0
7.50977,0.458984,0.695591,-4.92242e-09,0.248574,1,0
7.5293,0.439453,0.840831,-1.09706e-08,0.246622,1,0
7.5293,0.458984,0.695591,-4.94598e-09,0.246622,1,0
7.54883,0.400391,0.964069,-2.86514e-08,0.244669,1,0
7.54883,0.419922,0.921812,-1.93092e-08,0.244669,1,0
7.56836,0.400391,0.964069,-2.84705e-08,0.242717,1,0
7.56836,0.419922,0.921812,-1.9173e-08,0.242717,1,0
7.54883,0.439453,0.840831,-1.0928e-08,0.244669,1,0
7.54883,0.458984,0.695591,-4.92201e-09,0.244669,1,0
7.56836,0.439453,0.840831,-1.08809e-08,0.242717,1,0
7.56836,0.458984,0.695591,-4.95912e-09,0.242717,1,0
7.58789,0.322266,0.999833,-5.1078e-08,0.240765,1,0
7.58789,0.341797,0.998199,-4.90272e-08,0.240765,1,0
7.60742,0.322266,0.999833,-5.07296e-08,0.238813,1,0
7.60742,0.341797,0.998199,-4.86896e-08,0.238813,1,0
7.58789,0.361328,0.994148,-4.43018e-08,0.240765,1,0
7.58789,0.380859,0.984707,-3.71674e-08,0.240765,1,0
7.60742,0.361328,0.994148,-4.39984e-08,0.238813,1,0
7.60742,0.380859,0.984707,-3.69163e-08,0.238813,1,0
7.62695,0.322266,0.999833,-5.03993e-08,0.236861,1,0
7.62695,0.341797,0.998199,-4.837e-08,0.236861,1,0
7.64648,0.322266,0.999833,-5.0089e-08,0.234909,1,0
7.64648,0.341797,0.998199,-4.80703e-08,0.234909,1,0
7.62695,0.361328,0.994148,-4.37128e-08,0.236861,1,0
7.62695,0.380859,0.984707,-3.66919e-08,0.236861,1,0
7.64648,0.361328,0.994148,-4.34466e-08,0.234909,1,0
7.64648,0.380859,0.984707,-3.64764e-08,0.234909,1,0
7.58789,0.400391,0.964069,-2.8266e-08,0.240765,1,0
7.58789,0.419922,0.921812,-1.90903e-08,0.240765,1,0
7.60742,0.400391,0.964069,-2.81136e-08,0.238813,1,0
7.60742,0.419922,0.921812,-1.89789e-08,0.238813,1,0
7.58789,0.439453,0.840831,-1.08577e-08,0.240765,1,0
7.58789,0.458984,0.695591,-4.94875e-09,0.240765,1,0
7.60742,0.439453,0.840831,-1.08314e-08,0.238813,1,0
7.60742,0.458984,0.695591,-5.00197e-09,0.238813,1,0
7.62695,0.400391,0.964069,-2.79392e-08,0.236861,1,0
7.62695,0.419922,0.921812,-1.89243e-08,0.236861,1,0
7.64648,0.400391,0.964069,-2.78205e-08,0.234909,1,0
7.64648,0.419922,0.921812,-1.88426e-08,0.234909,1,0
7.62695,0.439453,0.840831,-1.08313e-08,0.236861,1,0
7.62695,0.458984,0.695591,-5.008e-09,0.236861,1,0
7.64648,0.439453,0.840831,-1.08299e-08,0.234909,1,0
7.64648,0.458984,0.69559,-5.08037e-09,0.234909,1,0
7.50977,0.478516,0.451545,-1.1854e-09,0.248574,1,0
7.50977,0.498047,0.0664599,3.04617e-10,0.248574,0.6,0
7.5293,0.478516,0.451545,-1.1891e-09,0.246622,1,0
7.5293,0.498047,0.0664599,3.12826e-10,0.246622,0.6,0
7.54883,0.478516,0.451545,-1.2215e-09,0.244669,1,0
7.54883,0.498047,0.0664599,3.08682e-10,0.244669,0.6,0
7.56836,0.478516,0.451545,-1.23105e-09,0.242717,1,0
7.56836,0.498047,0.0664599,3.19173e-10,0.242717,0.6,0
7.58789,0.478516,0.451545,-1.27045e-09,0.240765,1,0
7.58789,0.498047,0.0664599,3.17183e-10,0.240765,0.6,0
7.60742,0.478516,0.451545,-1.28709e-09,0.238813,1,0
7.60742,0.498047,0.0664599,3.30276e-10,0.238813,0.6,0
7.62695,0.478516,0.451545,-1.33484e-09,0.236861,1,0
7.62695,0.498047,0.0664599,3.30782e-10,0.236861,0.6,0
7.64648,0.478516,0.451545,-1.36005e-09,0.234909,1,0
7.64648,0.498047,0.0664599,3.46851e-10,0.234909,0.6,0
7.66602,0.322266,0.999833,-4.98007e-08,0.232957,1,0
7.66602,0.341797,0.998199,-4.77922e-08,0.232957,1,0
7.68555,0.322266,0.999833,-4.95364e-08,0.231005,1,0
7.68555,0.341797,0.998199,-4.75379e-08,0.231005,1,0
7.66602,0.361328,0.994148,-4.32015e-08,0.232957,1,0
7.66602,0.380859,0.984707,-3.6291e-08,0.232957,1,0
7.68555,0.361328,0.994148,-4.29795e-08,0.231005,1,0
7.68555,0.380859,0.984707,-3.6118e-08,0.231005,1,0
7.70508,0.322266,0.999833,-4.92985e-08,0.229053,1,0
7.70508,0.341797,0.998199,-4.73095e-08,0.229053,1,0
7.72461,0.322266,0.999833,-4.90894e-08,0.227101,1,0
7.72461,0.341797,0.998199,-4.71097e-08,0.227101,1,0
7.70508,0.361328,0.994148,-4.27828e-08,0.229053,1,0
7.70508,0.380859,0.984707,-3.59792e-08,0.229053,1,0
7.72461,0.361328,0.994148,-4.26139e-08,0.227101,1,0
7.72461,0.380859,0.984707,-3.58568e-08,0.227101,1,0
7.66602,0.400391,0.964069,-2.76821e-08,0.232957,1,0
7.66602,0.419922,0.921812,-1.88212e-08,0.232957,1,0
7.68555,0.400391,0.964069,-2.76035e-08,0.231005,1,0
7.68555,0.419922,0.921812,-1.87749e-08,0.231005,1,0
7.66602,0.439453,0.840831,-1.08572e-08,0.232957,1,0
7.66602,0.458984,0.69559,-5.10612e-09,0.232957,1,0
7.68555,0.439453,0.840831,-1.08854e-08,0.231005,1,0
7.68555,0.458984,0.69559,-5.2013e-09,0.231005,1,0
7.70508,0.400391,0.964069,-2.75081e-08,0.229053,1,0
7.70508,0.419922,0.921812,-1.87931e-08,0.229053,1,0
7.72461,0.400391,0.964069,-2.74772e-08,0.227101,1,0
7.72461,0.419922,0.921812,-1.87889e-08,0.227101,1,0
7.70508,0.439453,0.840831,-1.09455e-08,0.229053,1,0
7.70508,0.458984,0.69559,-5.25073e-09,0.229053,1,0
7.72461,0.439453,0.840831,-1.1009e-08,0.227101,1,0
7.72461,0.458984,0.69559,-5.37303e-09,0.227101,1,0
7.74414,0.322266,0.999833,-4.89121e-08,0.225149,1,0
7.74414,0.341797,0.998199,-4.6941e-08,0.225149,1,0
7.76367,0.322266,0.999833,-4.87693e-08,0.223197,1,0
7.76367,0.341797,0.998199,-4.68064e-08,0.223197,1,0
7.74414,0.361328,0.994148,-4.24751e-08,0.225149,1,0
7.74414,0.380859,0.984707,-3.57736e-08,0.225149,1,0
7.76367,0.361328,0.994148,-4.23695e-08,0.223197,1,0
7.76367,0.380859,0.984707,-3.57117e-08,0.223197,1,0
7.7832,0.322266,0.999833,-4.86646e-08,0.221245,1,0
7.7832,0.341797,0.998199,-4.67091e-08,0.221245,1,0
7.80273,0.322266,0.999833,-4.86013e-08,0.219293,1,0
7.80273,0.341797,0.998199,-4.66526e-08,0.219293,1,0
7.7832,0.361328,0.994148,-4.23001e-08,0.221245,1,0
7.7832,0.380859,0.984707,-3.56948e-08,0.221245,1,0
7.80273,0.361328,0.994148,-4.22702e-08,0.219293,1,0
7.80273,0.380859,0.984707,-3.57052e-08,0.219293,1,0
7.74414,0.400391,0.964069,-2.7433e-08,0.225149,1,0
7.74414,0.419922,0.921812,-1.88541e-08,0.225149,1,0
7.76367,0.400391,0.964069,-2.7459e-08,0.223197,1,0
7.76367,0.419922,0.921812,-1.89004e-08,0.223197,1,0
7.74414,0.439453,0.840831,-1.1108e-08,0.225149,1,0
7.74414,0.458984,0.69559,-5.4508e-09,0.225149,1,0
7.76367,0.439453,0.840831,-1.12138e-08,0.223197,1,0
7.76367,0.458984,0.69559,-5.60532e-09,0.223197,1,0
7.7832,0.400391,0.964069,-2.7476e-08,0.221245,1,0
7.7832,0.419922,0.921812,-1.90217e-08,0.221245,1,0
7.80273,0.400391,0.964069,-2.75697e-08,0.219293,1,0
7.80273,0.419922,0.921812,-1.91283e-08,0.219293,1,0
7.7832,0.439453,0.840831,-1.13592e-08,0.221245,1,0
7.7832,0.458984,0.69559,-5.71697e-09,0.221245,1,0
7.80273,0.439453,0.840831,-1.15154e-08,0.219293,1,0
7.80273,0.458984,0.69559,-5.90977e-09,0.219293,1,0
7.66602,0.478516,0.451545,-1.41778e-09,0.232957,1,0
7.66602,0.498047,0.0664599,3.50258e-10,0.232957,0.6,0
7.68555,0.478516,0.451545,-1.45335e-09,0.231005,1,0
7.68555,0.498047,0.0664599,3.69749e-10,0.231005,0.6,0
7.70508,0.478516,0.451545,-1.52302e-09,0.229053,1,0
7.70508,0.498047,0.0664599,3.76543e-10,0.229053,0.6,0
7.72461,0.478516,0.451545,-1.57105e-09,0.227101,1,0
7.72461,0.498047,0.0664599,3.99998e-10,0.227101,0.6,0
7.74414,0.478516,0.451545,-1.65491e-09,0.225149,1,0
7.74414,0.498047,0.0664599,4.10784e-10,0.225149,0.6,0
7.76367,0.478516,0.451545,-1.71781e-09,0.223197,1,0
7.76367,0.498047,0.0664599,4.38897e-10,0.223197,0.6,0
7.7832,0.478516,0.451545,-1.81851e-09,0.221245,1,0
7.7832,0.498047,0.0664599,4.54469e-10,0.221245,0.6,0
7.80273,0.478516,0.451545,-1.89917e-09,0.219293,1,0
7.80273,0.498047,0.0664599,4.88156e-10,0.219293,0.6,0
7.82227,0.00976562,1.00079,6.31163e-10,0.217341,1,0
7.82227,0.0292969,1.00079,1.6644e-09,0.217341,1,0
7.8418,0.00976562,1.00079,5.31253e-10,0.215389,1,0
7.8418,0.0292969,1.00079,1.47159e-09,0.215389,1,0
7.82227,0.0488281,1.00079,2.57448e-09,0.217341,1,0
7.82227,0.0683594,1.00079,2.71152e-09,0.217341,1,0
7.8418,0.0488281,1.00079,2.33798e-09,0.215389,1,0
7.8418,0.0683594,1.00079,2.42005e-09,0.215389,1,0
7.86133,0.00976562,1.00079,4.24592e-10,0.213437,1,0
7.86133,0.0292969,1.00079,1.26472e-09,0.213437,1,0
7.88086,0.00976562,1.00079,3.10426e-10,0.211485,1,0
7.88086,0.0292969,1.00079,1.0422e-09,0.211485,1,0
7.86133,0.0488281,1.00079,2.08286e-09,0.213437,1,0
7.86133,0.0683594,1.00079,2.10433e-09,0.213437,1,0
7.88086,0.0488281,1.00079,1.80719e-09,0.211485,1,0
7.88086,0.0683594,1.00079,1.76195e-09,0.211485,1,0
7.82227,0.0878906,1.00079,1.68709e-09,0.217341,1,0
7.82227,0.107422,1.00079,-5.4689e-10,0.217341,1,0
7.8418,0.0878906,1.00079,1.36916e-09,0.215389,1,0
7.8418,0.107422,1.00079,-8.84996e-10,0.215389,1,0
7.82227,0.126953,1.00079,-4.0918e-09,0.217341,1,0
7.82227,0.146484,1.00079,-8.71069e-09,0.217341,1,0
7.8418,0.126953,1.00079,-4.42925e-09,0.215389,1,0
7.8418,0.146484,1.00079,-9.03688e-09,0.215389,1,0
7.86133,0.0878906,1.00079,1.02252e-09,0.213437,1,0
7.86133,0.107422,1.00079,-1.25644e-09,0.213437,1,0
7.88086,0.0878906,1.00079,6.44343e-10,0.211485,1,0
7.88086,0.107422,1.00079,-1.66451e-09,0.211485,1,0
7.86133,0.126953,1.00079,-4.804e-09,0.213437,1,0
7.86133,0.146484,1.00079,-9.40414e-09,0.213437,1,0
7.88086,0.126953,1.00079,-5.21973e-09,0.211485,1,0
7.88086,0.146484,1.00079,-9.81651e-09,0.211485,1,0
7.90039,0.00976562,1.00079,1.8771e-10,0.209533,1,0
7.90039,0.0292969,1.00079,8.02108e-10,0.209533,1,0
7.91992,0.00976562,1.00079,5.51148e-11,0.207581,1,0
7.91992,0.0292969,1.00079,5.42137e-10,0.207581,1,0
7.90039,0.0488281,1.00079,1.50881e-09,0.209533,1,0
7.90039,0.0683594,1.00079,1.39015e-09,0.209533,1,0
7.91992,0.0488281,1.00079,1.18524e-09,0.207581,1,0
7.91992,0.0683594,1.00079,9.85808e-10,0.207581,1,0
7.93945,0.00976562,1.00079,-8.89064e-11,0.205629,1,0
7.93945,0.0292969,1.00079,2.59685e-10,0.205629,1,0
7.95898,0.00976562,1.00079,-2.46038e-10,0.203677,1,0
7.95898,0.0292969,1.00079,-4.80933e-11,0.203677,1,0
7.93945,0.0488281,1.00079,8.33703e-10,0.205629,1,0
7.93945,0.0683594,1.00079,5.45415e-10,0.205629,1,0
7.95898,0.0488281,1.00079,4.51156e-10,0.203677,1,0
7.95898,0.0683594,1.00079,6.51849e-11,0.203677,1,0
7.90039,0.0878906,1.00079,2.31419e-10,0.209533,1,0
7.90039,0.107422,1.00079,-2.11286e-09,0.209533,1,0
7.91992,0.0878906,1.00079,-2.19805e-10,0.207581,1,0
7.91992,0.107422,1.00079,-2.60552e-09,0.207581,1,0
7.90039,0.126953,1.00079,-5.6805e-09,0.209533,1,0
7.90039,0.146484,1.00079,-1.02784e-08,0.209533,1,0
7.91992,0.126953,1.00079,-6.19075e-09,0.207581,1,0
7.91992,0.146484,1.00079,-1.07947e-08,0.207581,1,0
7.93945,0.0878906,1.00079,-7.1322e-10,0.205629,1,0
7.93945,0.107422,1.00079,-3.14693e-09,0.205629,1,0
7.95898,0.0878906,1.00079,-1.25306e-09,0.203677,1,0
7.95898,0.107422,1.00079,-3.74195e-09,0.203677,1,0
7.93945,0.126953,1.00079,-6.7554e-09,0.205629,1,0
7.93945,0.146484,1.00079,-1.13709e-08,0.205629,1,0
7.95898,0.126953,1.00079,-7.37981e-09,0.203677,1,0
7.95898,0.146484,1.00079,-1.20126e-08,0.203677,1,0
7.82227,0.166016,1.00079,-1.42359e-08,0.217341,1,0
7.82227,0.185547,1.00079,-2.02778e-08,0.217341,1,0
7.8418,0.166016,1.00079,-1.45364e-08,0.215389,1,0
7.8418,0.185547,1.00079,-2.05447e-08,0.215389,1,0
7.82227,0.205078,1.00078,-2.65214e-08,0.217341,1,0
7.82227,0.224609,1.00078,-3.25627e-08,0.217341,1,0
7.8418,0.205078,1.00078,-2.67476e-08,0.215389,1,0
7.8418,0.224609,1.00078,-3.2746e-08,0.215389,1,0
7.86133,0.166016,1.00079,-1.48812e-08,0.213437,1,0
7.86133,0.185547,1.00079,-2.08589e-08,0.213437,1,0
7.88086,0.166016,1.00079,-1.52747e-08,0.211485,1,0
7.88086,0.185547,1.00079,-2.12249e-08,0.211485,1,0
7.86133,0.205078,1.00078,-2.70235e-08,0.213437,1,0
7.86133,0.224609,1.00078,-3.29811e-08,0.213437,1,0
7.88086,0.205078,1.00078,-2.7354e-08,0.211485,1,0
7.88086,0.224609,1.00078,-3.32729e-08,0.211485,1,0
7.82227,0.244141,1.00078,-3.80819e-08,0.217341,1,0
7.82227,0.263672,1.00075,-4.27553e-08,0.217341,1,0
7.8418,0.244141,1.00078,-3.82224e-08,0.215389,1,0
7.8418,0.263672,1.00075,-4.28564e-08,0.215389,1,0
7.82227,0.283203,1.00068,-4.62859e-08,0.217341,1,0
7.82227,0.302734,1.00045,-4.83579e-08,0.217341,1,0
7.8418,0.283203,1.00068,-4.63535e-08,0.215389,1,0
7.8418,0.302734,1.00045,-4.84014e-08,0.215389,1,0
7.86133,0.244141,1.00078,-3.84161e-08,0.213437,1,0
7.86133,0.263672,1.00075,-4.30118e-08,0.213437,1,0
7.88086,0.244141,1.00078,-3.86682e-08,0.211485,1,0
7.88086,0.263672,1.00075,-4.32268e-08,0.211485,1,0
7.86133,0.283203,1.00068,-4.64761e-08,0.213437,1,0
7.86133,0.302734,1.00045,-4.84999e-08,0.213437,1,0
7.88086,0.283203,1.00068,-4.66589e-08,0.211485,1,0
7.88086,0.302734,1.00045,-4.86587e-08,0.211485,1,0
7.90039,0.166016,1.00079,-1.57216e-08,0.209533,1,0
7.90039,0.185547,1.00079,-2.16479e-08,0.209533,1,0
7.91992,0.166016,1.00079,-1.62273e-08,0.207581,1,0
7.91992,0.185547,1.00079,-2.21333e-08,0.207581,1,0
7.90039,0.205078,1.00078,-2.77443e-08,0.209533,1,0
7.90039,0.224609,1.00078,-3.3627e-08,0.209533,1,0
7.91992,0.205078,1.00078,-2.82003e-08,0.207581,1,0
7.91992,0.224609,1.00078,-3.40495e-08,0.207581,1,0
7.93945,0.166016,1.00079,-1.67974e-08,0.205629,1,0
7.93945,0.185547,1.00079,-2.26875e-08,0.205629,1,0
7.95898,0.166016,1.00079,-1.74384e-08,0.203677,1,0
7.95898,0.185547,1.00079,-2.33171e-08,0.203677,1,0
7.93945,0.205078,1.00078,-2.87286e-08,0.205629,1,0
7.93945,0.224609,1.00078,-3.45471e-08,0.205629,1,0
7.95898,0.205078,1.00078,-2.93361e-08,0.203677,1,0
7.95898,0.224609,1.00078,-3.51272e-08,0.203677,1,0
7.90039,0.244141,1.00078,-3.89845e-08,0.209533,1,0
7.90039,0.263672,1.00075,-4.35073e-08,0.209533,1,0
7.91992,0.244141,1.00078,-3.93712e-08,0.207581,1,0
7.91992,0.263672,1.00075,-4.38595e-08,0.207581,1,0
7.90039,0.283203,1.00068,-4.69078e-08,0.209533,1,0
7.90039,0.302734,1.00045,-4.88837e-08,0.209533,1,0
7.91992,0.283203,1.00068,-4.72292e-08,0.207581,1,0
7.91992,0.302734,1.00045,-4.91812e-08,0.207581,1,0
7.93945,0.244141,1.00078,-3.98352e-08,0.205629,1,0
7.93945,0.263672,1.00075,-4.42905e-08,0.205629,1,0
7.95898,0.244141,1.00078,-4.0384e-08,0.203677,1,0
7.95898,0.263672,1.00075,-4.4808e-08,0.203677,1,0
7.93945,0.283203,1.00068,-4.76301e-08,0.205629,1,0
7.93945,0.302734,1.00045,-4.95583e-08,0.205629,1,0
7.95898,0.283203,1.00068,-4.81183e-08,0.203677,1,0
7.95898,0.302734,1.00045,-5.00227e-08,0.203677,1,0
7.97852,0.00976562,1.00079,-4.18038e-10,0.201725,1,0
7.97852,0.0292969,1.00079,-3.84168e-10,0.201725,1,0
7.99805,0.00976562,1.00079,-6.06658e-10,0.199773,1,0
7.99805,0.0292969,1.00079,-7.51536e-10,0.199773,1,0
7.97852,0.0488281,1.00079,3.43696e-11,0.201725,1,0
7.97852,0.0683594,1.00079,-4.58963e-10,0.201725,1,0
7.99805,0.0488281,1.00079,-4.20055e-10,0.199773,1,0
7.99805,0.0683594,1.00079,-1.03141e-09,0.199773,1,0
8.01758,0.00976562,1.00079,-8.13574e-10,0.197821,1,0
8.01758,0.0292969,1.00079,-1.15322e-09,0.197821,1,0
8.03711,0.00976562,1.00079,-1.04044e-09,0.195869,1,0
8.03711,0.0292969,1.00079,-1.59239e-09,0.195869,1,0
8.01758,0.0488281,1.00079,-9.15759e-10,0.197821,1,0
8.01758,0.0683594,1.00079,-1.65688e-09,0.197821,1,0
8.03711,0.0488281,1.00079,-1.45674e-09,0.195869,1,0
8.03711,0.0683594,1.00079,-2.34048e-09,0.195869,1,0
7.97852,0.0878906,1.00079,-1.84394e-09,0.201725,1,0
7.97852,0.107422,1.00079,-4.39592e-09,0.201725,1,0
7.99805,0.0878906,1.00079,-2.49086e-09,0.199773,1,0
7.99805,0.107422,1.00079,-5.11462e-09,0.199773,1,0
7.97852,0.126953,1.00079,-8.06985e-09,0.201725,1,0
7.97852,0.146484,1.00079,-1.27265e-08,0.201725,1,0
7.99805,0.126953,1.00079,-8.83197e-09,0.199773,1,0
7.99805,0.146484,1.00079,-1.35196e-08,0.199773,1,0
8.01758,0.0878906,1.00079,-3.19927e-09,0.197821,1,0
8.01758,0.107422,1.00079,-5.90439e-09,0.197821,1,0
8.03711,0.0878906,1.00079,-3.97508e-09,0.195869,1,0
8.03711,0.107422,1.00079,-6.77209e-09,0.195869,1,0
8.01758,0.126953,1.00079,-9.67318e-09,0.197821,1,0
8.01758,0.146484,1.00079,-1.43997e-08,0.197821,1,0
8.03711,0.126953,1.00079,-1.06012e-08,0.195869,1,0
8.03711,0.146484,1.00079,-1.53752e-08,0.195869,1,0
8.05664,0.00976562,1.00079,-1.28902e-09,0.193917,1,0
8.05664,0.0292969,1.00079,-2.07251e-09,0.193917,1,0
8.07617,0.00976562,1.00079,-1.561e-09,0.191965,1,0
8.07617,0.0292969,1.00079,-2.59704e-09,0.191965,1,0
8.05664,0.0488281,1.00079,-2.04733e-09,0.193917,1,0
8.05664,0.0683594,1.00079,-3.08773e-09,0.193917,1,0
8.07617,0.0488281,1.00079,-2.69207e-09,0.191965,1,0
8.07617,0.0683594,1.00079,-3.90445e-09,0.191965,1,0
8.0957,0.00976562,1.00079,-1.85761e-09,0.190013,1,0
8.0957,0.0292969,1.00079,-3.16899e-09,0.190013,1,0
8.11523,0.00976562,1.00079,-2.17977e-09,0.188061,1,0
8.11523,0.0292969,1.00079,-3.79121e-09,0.188061,1,0
8.0957,0.0488281,1.00079,-3.39555e-09,0.190013,1,0
8.0957,0.0683594,1.00079,-4.79692e-09,0.190013,1,0
8.11523,0.0488281,1.00079,-4.16275e-09,0.188061,1,0
8.11523,0.0683594,1.00079,-5.77199e-09,0.188061,1,0
8.05664,0.0878906,1.00079,-4.82471e-09,0.193917,1,0
8.05664,0.107422,1.00079,-7.72519e-09,0.193917,1,0
8.07617,0.0878906,1.00079,-5.75511e-09,0.191965,1,0
8.07617,0.107422,1.00079,-8.7719e-09,0.191965,1,0
8.05664,0.126953,1.00079,-1.16243e-08,0.193917,1,0
8.05664,0.146484,1.00079,-1.64555e-08,0.193917,1,0
8.07617,0.126953,1.00079,-1.27518e-08,0.191965,1,0
8.07617,0.146484,1.00079,-1.76507e-08,0.191965,1,0
8.0957,0.0878906,1.00079,-6.77397e-09,0.190013,1,0
8.0957,0.107422,1.00079,-9.92126e-09,0.190013,1,0
8.11523,0.0878906,1.00079,-7.88978e-09,0.188061,1,0
8.11523,0.107422,1.00079,-1.11833e-08,0.188061,1,0
8.0957,0.126953,1.00079,-1.3994e-08,0.190013,1,0
8.0957,0.146484,1.00079,-1.89723e-08,0.190013,1,0
8.11523,0.126953,1.00079,-1.53621e-08,0.188061,1,0
8.11523,0.146484,1.00079,-2.04327e-08,0.188061,1,0
7.97852,0.166016,1.00079,-1.81571e-08,0.201725,1,0
7.97852,0.185547,1.00079,-2.40295e-08,0.201725,1,0
7.99805,0.166016,1.00079,-1.89612e-08,0.199773,1,0
7.99805,0.185547,1.00079,-2.48328e-08,0.199773,1,0
7.97852,0.205078,1.00078,-3.00307e-08,0.201725,1,0
7.97852,0.224609,1.00078,-3.57978e-08,0.201725,1,0
7.99805,0.205078,1.00078,-3.08209e-08,0.199773,1,0
7.99805,0.224609,1.00078,-3.65678e-08,0.199773,1,0
8.01758,0.166016,1.00079,-1.9859e-08,0.197821,1,0
8.01758,0.185547,1.00079,-2.57361e-08,0.197821,1,0
8.03711,0.166016,1.00079,-2.08599e-08,0.195869,1,0
8.03711,0.185547,1.00079,-2.67491e-08,0.195869,1,0
8.01758,0.205078,1.00078,-3.17162e-08,0.197821,1,0
8.01758,0.224609,1.00078,-3.74471e-08,0.197821,1,0
8.03711,0.205078,1.00078,-3.27268e-08,0.195869,1,0
8.03711,0.224609,1.00078,-3.84465e-08,0.195869,1,0
7.97852,0.244141,1.00078,-4.1026e-08,0.201725,1,0
7.97852,0.263672,1.00075,-4.54205e-08,0.201725,1,0
7.99805,0.244141,1.00078,-4.17703e-08,0.199773,1,0
7.99805,0.263672,1.00075,-4.61373e-08,0.199773,1,0
7.97852,0.283203,1.00068,-4.87024e-08,0.201725,1,0
7.97852,0.302734,1.00045,-5.0583e-08,0.201725,1,0
7.99805,0.283203,1.00068,-4.93918e-08,0.199773,1,0
7.99805,0.302734,1.00045,-5.12486e-08,0.199773,1,0
8.01758,0.244141,1.00078,-4.26271e-08,0.197821,1,0
8.01758,0.263672,1.00075,-4.69687e-08,0.197821,1,0
8.03711,0.244141,1.00078,-4.36075e-08,0.195869,1,0
8.03711,0.263672,1.00075,-4.7926e-08,0.195869,1,0
8.01758,0.283203,1.00068,-5.01968e-08,0.197821,1,0
8.01758,0.302734,1.00045,-5.20299e-08,0.197821,1,0
8.03711,0.283203,1.00068,-5.1129e-08,0.195869,1,0
8.03711,0.302734,1.00045,-5.29384e-08,0.195869,1,0
8.05664,0.166016,1.00079,-2.19737e-08,0.193917,1,0
8.05664,0.185547,1.00079,-2.78826e-08,0.193917,1,0
8.07617,0.166016,1.00079,-2.32118e-08,0.191965,1,0
8.07617,0.185547,1.00079,-2.91485e-08,0.191965,1,0
8.05664,0.205078,1.00078,-3.38642e-08,0.193917,1,0
8.05664,0.224609,1.00078,-3.95778e-08,0.193917,1,0
8.07617,0.205078,1.00078,-3.51409e-08,0.191965,1,0
8.07617,0.224609,1.00078,-4.0854e-08,0.191965,1,0
8.0957,0.166016,1.00079,-2.45862e-08,0.190013,1,0
8.0957,0.185547,1.00079,-3.05598e-08,0.190013,1,0
8.11523,0.166016,1.00079,-2.61104e-08,0.188061,1,0
8.11523,0.185547,1.00079,-3.2131e-08,0.188061,1,0
8.0957,0.205078,1.00078,-3.65706e-08,0.190013,1,0
8.0957,0.224609,1.00078,-4.22895e-08,0.190013,1,0
8.11523,0.205078,1.00078,-3.81685e-08,0.188061,1,0
8.11523,0.224609,1.00078,-4.39001e-08,0.188061,1,0
8.05664,0.244141,1.00078,-4.47236e-08,0.193917,1,0
8.05664,0.263672,1.00075,-4.90218e-08,0.193917,1,0
8.07617,0.244141,1.00078,-4.59889e-08,0.191965,1,0
8.07617,0.263672,1.00075,-5.02696e-08,0.191965,1,0
8.05664,0.283203,1.00068,-5.22008e-08,0.193917,1,0
8.05664,0.302734,1.00045,-5.39867e-08,0.193917,1,0
8.07617,0.283203,1.00068,-5.34263e-08,0.191965,1,0
8.07617,0.302734,1.00045,-5.51886e-08,0.191965,1,0
8.0957,0.244141,1.00078,-4.74183e-08,0.190013,1,0
8.0957,0.263672,1.00075,-5.16847e-08,0.190013,1,0
8.11523,0.244141,1.00078,-4.90278e-08,0.188061,1,0
8.11523,0.263672,1.00075,-5.32835e-08,0.188061,1,0
8.0957,0.283203,1.00068,-5.48206e-08,0.190013,1,0
8.0957,0.302734,1.00045,-5.65595e-08,0.190013,1,0
8.11523,0.283203,1.00068,-5.64005e-08,0.188061,1,0
8.11523,0.302734,1.00045,-5.81161e-08,0.188061,1,0
7.82227,0.322266,0.999833,-4.85836e-08,0.217341,1,0
7.82227,0.341797,0.998199,-4.66409e-08,0.217341,1,0
7.8418,0.322266,0.999833,-4.86157e-08,0.215389,1,0
7.8418,0.341797,0.998199,-4.6678e-08,0.215389,1,0
7.82227,0.361328,0.994148,-4.22836e-08,0.217341,1,0
7.82227,0.380859,0.984707,-3.57677e-08,0.217341,1,0
7.8418,0.361328,0.994148,-4.23445e-08,0.215389,1,0
7.8418,0.380859,0.984707,-3.58646e-08,0.215389,1,0
7.86133,0.322266,0.999833,-4.87023e-08,0.213437,1,0
7.86133,0.341797,0.998199,-4.67687e-08,0.213437,1,0
7.88086,0.322266,0.999833,-4.88487e-08,0.211485,1,0
7.88086,0.341797,0.998199,-4.69181e-08,0.211485,1,0
7.86133,0.361328,0.994148,-4.24571e-08,0.213437,1,0
7.86133,0.380859,0.984707,-3.6022e-08,0.213437,1,0
7.88086,0.361328,0.994148,-4.26267e-08,0.211485,1,0
7.88086,0.380859,0.984707,-3.62227e-08,0.211485,1,0
7.82227,0.400391,0.964069,-2.76599e-08,0.217341,1,0
7.82227,0.419922,0.921812,-1.93166e-08,0.217341,1,0
7.8418,0.400391,0.964069,-2.78347e-08,0.215389,1,0
7.8418,0.419922,0.921812,-1.94955e-08,0.215389,1,0
7.82227,0.439453,0.840831,-1.17163e-08,0.217341,1,0
7.82227,0.458984,0.69559,-6.06196e-09,0.217341,1,0
7.8418,0.439453,0.840831,-1.19329e-08,0.215389,1,0
7.8418,0.458984,0.69559,-6.30043e-09,0.215389,1,0
7.86133,0.400391,0.964069,-2.80127e-08,0.213437,1,0
7.86133,0.419922,0.921812,-1.97639e-08,0.213437,1,0
7.88086,0.400391,0.964069,-2.82847e-08,0.211485,1,0
7.88086,0.419922,0.921812,-2.00297e-08,0.211485,1,0
7.86133,0.439453,0.840831,-1.22004e-08,0.213437,1,0
7.86133,0.458984,0.69559,-6.50133e-09,0.213437,1,0
7.88086,0.439453,0.840831,-1.24895e-08,0.211485,1,0
7.88086,0.458984,0.69559,-6.79455e-09,0.211485,1,0
7.90039,0.322266,0.999833,-4.90606e-08,0.209533,1,0
7.90039,0.341797,0.998199,-4.71318e-08,0.209533,1,0
7.91992,0.322266,0.999833,-4.93444e-08,0.207581,1,0
7.91992,0.341797,0.998199,-4.74161e-08,0.207581,1,0
7.90039,0.361328,0.994148,-4.28585e-08,0.209533,1,0
7.90039,0.380859,0.984707,-3.64942e-08,0.209533,1,0
7.91992,0.361328,0.994148,-4.31587e-08,0.207581,1,0
7.91992,0.380859,0.984707,-3.68197e-08,0.207581,1,0
7.93945,0.322266,0.999833,-4.97071e-08,0.205629,1,0
7.93945,0.341797,0.998199,-4.77777e-08,0.205629,1,0
7.95898,0.322266,0.999833,-5.01562e-08,0.203677,1,0
7.95898,0.341797,0.998199,-4.82242e-08,0.203677,1,0
7.93945,0.361328,0.994148,-4.35338e-08,0.205629,1,0
7.93945,0.380859,0.984707,-3.72284e-08,0.205629,1,0
7.95898,0.361328,0.994148,-4.39913e-08,0.203677,1,0
7.95898,0.380859,0.984707,-3.77043e-08,0.203677,1,0
7.90039,0.400391,0.964069,-2.85685e-08,0.209533,1,0
7.90039,0.419922,0.921812,-2.03945e-08,0.209533,1,0
7.91992,0.400391,0.964069,-2.89573e-08,0.207581,1,0
7.91992,0.419922,0.921812,-2.0765e-08,0.207581,1,0
7.90039,0.439453,0.840831,-1.2837e-08,0.209533,1,0
7.90039,0.458984,0.69559,-7.05422e-09,0.209533,1,0
7.91992,0.439453,0.840831,-1.32137e-08,0.207581,1,0
7.91992,0.458984,0.69559,-7.41339e-09,0.207581,1,0
7.93945,0.400391,0.964069,-2.93685e-08,0.205629,1,0
7.93945,0.419922,0.921812,-2.12458e-08,0.205629,1,0
7.95898,0.400391,0.964069,-2.98982e-08,0.203677,1,0
7.95898,0.419922,0.921812,-2.17427e-08,0.203677,1,0
7.93945,0.439453,0.840831,-1.36576e-08,0.205629,1,0
7.93945,0.458984,0.69559,-7.7442e-09,0.205629,1,0
7.95898,0.439453,0.840831,-1.414e-08,0.203677,1,0
7.95898,0.458984,0.69559,-8.18301e-09,0.203677,1,0
7.82227,0.478516,0.451545,-2.01989e-09,0.217341,1,0
7.82227,0.498047,0.0664599,5.09565e-10,0.217341,0.6,0
7.8418,0.478516,0.451545,-2.12185e-09,0.215389,1,0
7.8418,0.498047,0.0664599,5.50033e-10,0.215389,0.6,0
7.86133,0.478516,0.451545,-2.26655e-09,0.213437,1,0
7.86133,0.498047,0.0664599,5.78637e-10,0.213437,0.6,0
7.88086,0.478516,0.451545,-2.39424e-09,0.211485,1,0
7.88086,0.498047,0.0664599,6.27411e-10,0.211485,0.6,0
7.90039,0.478516,0.451545,-2.56788e-09,0.209533,1,0
7.90039,0.498047,0.0664599,6.64894e-10,0.209533,0.6,0
7.91992,0.478516,0.451545,-2.72679e-09,0.207581,1,0
7.91992,0.498047,0.0664599,7.23831e-10,0.207581,0.6,0
7.93945,0.478516,0.451545,-2.93546e-09,0.205629,1,0
7.93945,0.498047,0.0664599,7.72219e-10,0.205629,0.6,0
7.95898,0.478516,0.451545,-3.1323e-09,0.203677,1,0
7.95898,0.498047,0.0664599,8.43538e-10,0.203677,0.6,0
7.97852,0.322266,0.999833,-5.07004e-08,0.201725,1,0
7.97852,0.341797,0.998199,-4.87639e-08,0.201725,1,0
7.99805,0.322266,0.999833,-5.13489e-08,0.199773,1,0
7.99805,0.341797,0.998199,-4.94061e-08,0.199773,1,0
7.97852,0.361328,0.994148,-4.45392e-08,0.201725,1,0
7.97852,0.380859,0.984707,-3.82784e-08,0.201725,1,0
7.99805,0.361328,0.994148,-4.51864e-08,0.199773,1,0
7.99805,0.380859,0.984707,-3.89358e-08,0.199773,1,0
8.01758,0.322266,0.999833,-5.2112e-08,0.197821,1,0
8.01758,0.341797,0.998199,-5.01608e-08,0.197821,1,0
8.03711,0.322266,0.999833,-5.30011e-08,0.195869,1,0
8.03711,0.341797,0.998199,-5.10392e-08,0.195869,1,0
8.01758,0.361328,0.994148,-4.59427e-08,0.197821,1,0
8.01758,0.380859,0.984707,-3.97096e-08,0.197821,1,0
8.03711,0.361328,0.994148,-4.68189e-08,0.195869,1,0
8.03711,0.380859,0.984707,-4.05862e-08,0.195869,1,0
7.97852,0.400391,0.964069,-3.04631e-08,0.201725,1,0
7.97852,0.419922,0.921812,-2.23633e-08,0.201725,1,0
7.99805,0.400391,0.964069,-3.11627e-08,0.199773,1,0
7.99805,0.419922,0.921812,-2.30129e-08,0.199773,1,0
7.97852,0.439453,0.840831,-1.47004e-08,0.201725,1,0
7.97852,0.458984,0.69559,-8.60004e-09,0.201725,1,0
7.99805,0.439453,0.840831,-1.53105e-08,0.199773,1,0
7.99805,0.458984,0.69559,-9.13509e-09,0.199773,1,0
8.01758,0.400391,0.964069,-3.19133e-08,0.197821,1,0
8.01758,0.419922,0.921812,-2.38023e-08,0.197821,1,0
8.03711,0.400391,0.964069,-3.2818e-08,0.195869,1,0
8.03711,0.419922,0.921812,-2.46363e-08,0.195869,1,0
8.01758,0.439453,0.840831,-1.60116e-08,0.197821,1,0
8.01758,0.458984,0.69559,-9.65658e-09,0.197821,1,0
8.03711,0.439453,0.840831,-1.6776e-08,0.195869,1,0
8.03711,0.458984,0.69559,-1.0308e-08,0.195869,1,0
8.05664,0.322266,0.999833,-5.40286e-08,0.193917,1,0
8.05664,0.341797,0.998199,-5.20536e-08,0.193917,1,0
8.07617,0.322266,0.999833,-5.52084e-08,0.191965,1,0
8.07617,0.341797,0.998199,-5.32174e-08,0.191965,1,0
8.05664,0.361328,0.994148,-4.78271e-08,0.193917,1,0
8.05664,0.380859,0.984707,-4.16012e-08,0.193917,1,0
8.07617,0.361328,0.994148,-4.89803e-08,0.191965,1,0
8.07617,0.380859,0.984707,-4.27428e-08,0.191965,1,0
8.0957,0.322266,0.999833,-5.65557e-08,0.190013,1,0
8.0957,0.341797,0.998199,-5.45457e-08,0.190013,1,0
8.11523,0.322266,0.999833,-5.8087e-08,0.188061,1,0
8.11523,0.341797,0.998199,-5.60547e-08,0.188061,1,0
8.0957,0.361328,0.994148,-5.02929e-08,0.190013,1,0
8.0957,0.380859,0.984707,-4.40492e-08,0.190013,1,0
8.11523,0.361328,0.994148,-5.17807e-08,0.188061,1,0
8.11523,0.380859,0.984707,-4.5511e-08,0.188061,1,0
8.05664,0.400391,0.964069,-3.37931e-08,0.193917,1,0
8.05664,0.419922,0.921812,-2.56296e-08,0.193917,1,0
8.07617,0.400391,0.964069,-3.49455e-08,0.191965,1,0
8.07617,0.419922,0.921812,-2.66864e-08,0.191965,1,0
8.05664,0.439453,0.840831,-1.76472e-08,0.193917,1,0
8.05664,0.458984,0.69559,-1.09559e-08,0.193917,1,0
8.07617,0.439453,0.840831,-1.85981e-08,0.191965,1,0
8.07617,0.458984,0.69559,-1.17479e-08,0.191965,1,0
8.0957,0.400391,0.964069,-3.61919e-08,0.190013,1,0
8.0957,0.419922,0.921812,-2.79257e-08,0.190013,1,0
8.11523,0.400391,0.964069,-3.76434e-08,0.188061,1,0
8.11523,0.419922,0.921812,-2.92518e-08,0.188061,1,0
8.0957,0.439453,0.840831,-1.96748e-08,0.190013,1,0
8.0957,0.458984,0.69559,-1.2549e-08,0.190013,1,0
8.11523,0.439453,0.840831,-2.08512e-08,0.188061,1,0
8.11523,0.458984,0.69559,-1.35108e-08,0.188061,1,0
7.97852,0.478516,0.451545,-3.38339e-09,0.201725,1,0
7.97852,0.498047,0.0664599,9.05252e-10,0.201725,0.6,0
7.99805,0.478516,0.451545,-3.62624e-09,0.199773,1,0
7.99805,0.498047,0.0664599,9.91607e-10,0.199773,0.6,0
8.01758,0.478516,0.451545,-3.92864e-09,0.197821,1,0
8.01758,0.498047,0.0664598,1.06955e-09,0.197821,0.6,0
8.03711,0.478516,0.451545,-4.22724e-09,0.195869,1,0
8.03711,0.498047,0.0664598,1.17413e-09,0.195869,0.6,0
8.05664,0.478516,0.451545,-4.59165e-09,0.193917,1,0
8.05664,0.498047,0.0664598,1.27181e-09,0.193917,0.6,0
8.07617,0.478516,0.451545,-4.95773e-09,0.191965,1,0
8.07617,0.498047,0.0664598,1.39849e-09,0.191965,0.6,0
8.0957,0.478516,0.451545,-5.39704e-09,0.190013,1,0
8.0957,0.498047,0.0664598,1.52014e-09,0.190013,0.6,0
8.11523,0.478516,0.451545,-5.84478e-09,0.188061,1,0
8.11523,0.498047,0.0664598,1.67361e-09,0.188061,0.6,0
8.13477,0.00976562,1.00079,-2.5288e-09,0.186109,1,0
8.13477,0.0292969,1.00079,-4.46728e-09,0.186109,1,0
8.1543,0.00976562,1.00079,-2.90692e-09,0.184157,1,0
8.1543,0.0292969,1.00079,-5.20222e-09,0.184157,1,0
8.13477,0.0488281,1.00079,-4.99943e-09,0.186109,1,0
8.13477,0.0683594,1.00079,-6.83741e-09,0.186109,1,0
8.1543,0.0488281,1.00079,-5.91235e-09,0.184157,1,0
8.1543,0.0683594,1.00079,-8.00197e-09,0.184157,1,0
8.17383,0.00976562,1.00079,-3.31724e-09,0.182205,1,0
8.17383,0.0292969,1.00079,-6.00228e-09,0.182205,1,0
8.19336,0.00976562,1.00079,-3.76343e-09,0.180253,1,0
8.19336,0.0292969,1.00079,-6.87464e-09,0.180253,1,0
8.17383,0.0488281,1.00079,-6.90924e-09,0.182205,1,0
8.17383,0.0683594,1.00079,-9.2755e-09,0.182205,1,0
8.19336,0.0488281,1.00079,-7.99875e-09,0.180253,1,0
8.19336,0.0683594,1.00079,-1.06689e-08,0.180253,1,0
8.13477,0.0878906,1.00079,-9.11204e-09,0.186109,1,0
8.13477,0.107422,1.00079,-1.2569e-08,0.186109,1,0
8.1543,0.0878906,1.00079,-1.04512e-08,0.184157,1,0
8.1543,0.107422,1.00079,-1.40905e-08,0.184157,1,0
8.13477,0.126953,1.00079,-1.68684e-08,0.186109,1,0
8.13477,0.146484,1.00079,-2.20455e-08,0.186109,1,0
8.1543,0.126953,1.00079,-1.85267e-08,0.184157,1,0
8.1543,0.146484,1.00079,-2.38257e-08,0.184157,1,0
8.17383,0.0878906,1.00079,-1.19188e-08,0.182205,1,0
8.17383,0.107422,1.00079,-1.57612e-08,0.182205,1,0
8.19336,0.0878906,1.00079,-1.35277e-08,0.180253,1,0
8.19336,0.107422,1.00079,-1.75958e-08,0.180253,1,0
8.17383,0.126953,1.00079,-2.03519e-08,0.182205,1,0
8.17383,0.146484,1.00079,-2.57899e-08,0.182205,1,0
8.19336,0.126953,1.00079,-2.23604e-08,0.180253,1,0
8.19336,0.146484,1.00079,-2.79561e-08,0.180253,1,0
8.21289,0.00976562,1.00079,-4.24966e-09,0.178301,1,0
8.21289,0.0292969,1.00079,-7.82734e-09,0.178301,1,0
8.23242,0.00976562,1.00079,-4.78083e-09,0.176349,1,0
8.23242,0.0292969,1.00079,-8.86942e-09,0.176349,1,0
8.21289,0.0488281,1.00079,-9.19044e-09,0.178301,1,0
8.21289,0.0683594,1.00079,-1.21945e-08,0.178301,1,0
8.23242,0.0488281,1.00079,-1.04949e-08,0.176349,1,0
8.23242,0.0683594,1.00079,-1.38656e-08,0.176349,1,0
8.25195,0.00976562,1.00079,-5.36264e-09,0.174397,1,0
8.25195,0.0292969,1.00079,-1.00112e-08,0.174397,1,0
8.27148,0.00976562,1.00079,-6.00153e-09,0.172445,1,0
8.27148,0.0292969,1.00079,-1.12641e-08,0.172445,1,0
8.25195,0.0488281,1.00079,-1.1924e-08,0.174397,1,0
8.25195,0.0683594,1.00079,-1.56974e-08,0.174397,1,0
8.27148,0.0488281,1.00079,-1.34907e-08,0.172445,1,0
8.27148,0.0683594,1.00079,-1.77064e-08,0.172445,1,0
8.21289,0.0878906,1.00079,-1.52919e-08,0.178301,1,0
8.21289,0.107422,1.00079,-1.96107e-08,0.178301,1,0
8.23242,0.0878906,1.00079,-1.72271e-08,0.176349,1,0
8.23242,0.107422,1.00079,-2.18237e-08,0.176349,1,0
8.21289,0.126953,1.00079,-2.45705e-08,0.178301,1,0
8.21289,0.146484,1.00079,-3.03445e-08,0.178301,1,0
8.23242,0.126953,1.00079,-2.70022e-08,0.176349,1,0
8.23242,0.146484,1.00079,-3.29768e-08,0.176349,1,0
8.25195,0.0878906,1.00079,-1.93505e-08,0.174397,1,0
8.25195,0.107422,1.00079,-2.42547e-08,0.174397,1,0
8.27148,0.0878906,1.00079,-2.16811e-08,0.172445,1,0
8.27148,0.107422,1.00079,-2.69254e-08,0.172445,1,0
8.25195,0.126953,1.00079,-2.96774e-08,0.174397,1,0
8.25195,0.146484,1.00079,-3.58772e-08,0.174397,1,0
8.27148,0.126953,1.00079,-3.26203e-08,0.172445,1,0
8.27148,0.146484,1.00079,-3.90724e-08,0.172445,1,0
8.13477,0.166016,1.00079,-2.77993e-08,0.186109,1,0
8.13477,0.185547,1.00079,-3.38778e-08,0.186109,1,0
8.1543,0.166016,1.00079,-2.96691e-08,0.184157,1,0
8.1543,0.185547,1.00079,-3.58176e-08,0.184157,1,0
8.13477,0.205078,1.00078,-3.99512e-08,0.186109,1,0
8.13477,0.224609,1.00078,-4.5703e-08,0.186109,1,0
8.1543,0.205078,1.00078,-4.19369e-08,0.184157,1,0
8.1543,0.224609,1.00078,-4.77173e-08,0.184157,1,0
8.17383,0.166016,1.00079,-3.17375e-08,0.182205,1,0
8.17383,0.185547,1.00079,-3.79693e-08,0.182205,1,0
8.19336,0.166016,1.00079,-3.40243e-08,0.180253,1,0
8.19336,0.185547,1.00079,-4.03539e-08,0.180253,1,0
8.17383,0.205078,1.00078,-4.41457e-08,0.182205,1,0
8.17383,0.224609,1.00078,-4.99638e-08,0.182205,1,0
8.19336,0.205078,1.00078,-4.65995e-08,0.180253,1,0
8.19336,0.224609,1.00078,-5.24655e-08,0.180253,1,0
8.13477,0.244141,1.00078,-5.08355e-08,0.186109,1,0
8.13477,0.263672,1.00075,-5.50844e-08,0.186109,1,0
8.1543,0.244141,1.00078,-5.28608e-08,0.184157,1,0
8.1543,0.263672,1.00075,-5.71073e-08,0.184157,1,0
8.13477,0.283203,1.00068,-5.81844e-08,0.186109,1,0
8.13477,0.302734,1.00045,-5.98768e-08,0.186109,1,0
8.1543,0.283203,1.00068,-6.01926e-08,0.184157,1,0
8.1543,0.302734,1.00045,-6.18621e-08,0.184157,1,0
8.17383,0.244141,1.00078,-5.51253e-08,0.182205,1,0
8.17383,0.263672,1.00075,-5.93741e-08,0.182205,1,0
8.19336,0.244141,1.00078,-5.76526e-08,0.180253,1,0
8.19336,0.263672,1.00075,-6.19091e-08,0.180253,1,0
8.17383,0.283203,1.00068,-6.24472e-08,0.182205,1,0
8.17383,0.302734,1.00045,-6.40942e-08,0.182205,1,0
8.19336,0.283203,1.00068,-6.49728e-08,0.180253,1,0
8.19336,0.302734,1.00045,-6.65975e-08,0.180253,1,0
8.21289,0.166016,1.00079,-3.6551e-08,0.178301,1,0
8.21289,0.185547,1.00079,-4.29943e-08,0.178301,1,0
8.23242,0.166016,1.00079,-3.93412e-08,0.176349,1,0
8.23242,0.185547,1.00079,-4.59158e-08,0.176349,1,0
8.21289,0.205078,1.00078,-4.93226e-08,0.178301,1,0
8.21289,0.224609,1.00078,-5.52474e-08,0.178301,1,0
8.23242,0.205078,1.00078,-5.23415e-08,0.176349,1,0
8.23242,0.224609,1.00078,-5.83374e-08,0.176349,1,0
8.25195,0.166016,1.00079,-4.2421e-08,0.174397,1,0
8.25195,0.185547,1.00079,-4.91462e-08,0.174397,1,0
8.27148,0.166016,1.00079,-4.5819e-08,0.172445,1,0
8.27148,0.185547,1.00079,-5.27159e-08,0.172445,1,0
8.25195,0.205078,1.00078,-5.56854e-08,0.174397,1,0
8.25195,0.224609,1.00078,-6.17658e-08,0.174397,1,0
8.27148,0.205078,1.00078,-5.93865e-08,0.172445,1,0
8.27148,0.224609,1.00078,-6.55661e-08,0.172445,1,0
8.21289,0.244141,1.00078,-6.04686e-08,0.178301,1,0
8.21289,0.263672,1.00075,-6.47386e-08,0.178301,1,0
8.23242,0.244141,1.00078,-6.36019e-08,0.176349,1,0
8.23242,0.263672,1.00075,-6.78919e-08,0.176349,1,0
8.21289,0.283203,1.00068,-6.7796e-08,0.178301,1,0
8.21289,0.302734,1.00045,-6.9399e-08,0.178301,1,0
8.23242,0.283203,1.00068,-7.09465e-08,0.176349,1,0
8.23242,0.302734,1.00045,-7.25281e-08,0.176349,1,0
8.25195,0.244141,1.00078,-6.70839e-08,0.174397,1,0
8.25195,0.263672,1.00075,-7.1401e-08,0.174397,1,0
8.27148,0.244141,1.00078,-7.0949e-08,0.172445,1,0
8.27148,0.263672,1.00075,-7.53011e-08,0.172445,1,0
8.25195,0.283203,1.00068,-7.44565e-08,0.174397,1,0
8.25195,0.302734,1.00045,-7.60174e-08,0.174397,1,0
8.27148,0.283203,1.00068,-7.83618e-08,0.172445,1,0
8.27148,0.302734,1.00045,-7.99026e-08,0.172445,1,0
8.29102,0.00976562,1.00079,-6.70437e-09,0.170493,1,0
8.29102,0.0292969,1.00079,-1.26403e-08,0.170493,1,0
8.31055,0.00976562,1.00079,-7.47824e-09,0.168541,1,0
8.31055,0.0292969,1.00079,-1.41529e-08,0.168541,1,0
8.29102,0.0488281,1.00079,-1.52091e-08,0.170493,1,0
8.29102,0.0683594,1.00079,-1.99107e-08,0.170493,1,0
8.31055,0.0488281,1.00079,-1.70945e-08,0.168541,1,0
8.31055,0.0683594,1.00079,-2.23298e-08,0.168541,1,0
8.33008,0.00976562,1.00079,-8.33028e-09,0.166589,1,0
8.33008,0.0292969,1.00079,-1.58153e-08,0.166589,1,0
8.34961,0.00976562,1.00079,-9.26776e-09,0.164637,1,0
8.34961,0.0292969,1.00079,-1.76418e-08,0.164637,1,0
8.33008,0.0488281,1.00079,-1.91636e-08,0.166589,1,0
8.33008,0.0683594,1.00079,-2.49851e-08,0.166589,1,0
8.34961,0.0488281,1.00079,-2.14342e-08,0.164637,1,0
8.34961,0.0683594,1.00079,-2.78998e-08,0.164637,1,0
8.29102,0.0878906,1.00079,-2.42395e-08,0.170493,1,0
8.29102,0.107422,1.00079,-2.98599e-08,0.170493,1,0
8.31055,0.0878906,1.00079,-2.70484e-08,0.168541,1,0
8.31055,0.107422,1.00079,-3.30843e-08,0.168541,1,0
8.29102,0.126953,1.00079,-3.58575e-08,0.170493,1,0
8.29102,0.146484,1.00079,-4.25916e-08,0.170493,1,0
8.31055,0.126953,1.00079,-3.94181e-08,0.168541,1,0
8.31055,0.146484,1.00079,-4.64668e-08,0.168541,1,0
8.33008,0.0878906,1.00079,-3.01325e-08,0.166589,1,0
8.33008,0.107422,1.00079,-3.66274e-08,0.166589,1,0
8.34961,0.0878906,1.00079,-3.3519e-08,0.164637,1,0
8.34961,0.107422,1.00079,-4.05207e-08,0.164637,1,0
8.33008,0.126953,1.00079,-4.33343e-08,0.166589,1,0
8.33008,0.146484,1.00079,-5.07334e-08,0.166589,1,0
8.34961,0.126953,1.00079,-4.76413e-08,0.164637,1,0
8.34961,0.146484,1.00079,-5.54304e-08,0.164637,1,0
8.36914,0.00976562,1.00079,-1.02981e-08,0.162685,1,0
8.36914,0.0292969,1.00079,-1.96472e-08,0.162685,1,0
8.38867,0.00976562,1.00079,-1.14292e-08,0.160733,1,0
8.38867,0.0292969,1.00079,-2.18478e-08,0.160733,1,0
8.36914,0.0488281,1.00079,-2.3926e-08,0.162685,1,0
8.36914,0.0683594,1.00079,-3.10993e-08,0.162685,1,0
8.38867,0.0488281,1.00079,-2.66601e-08,0.160733,1,0
8.38867,0.0683594,1.00079,-3.46114e-08,0.160733,1,0
8.4082,0.00976562,1.00079,-1.26694e-08,0.158781,1,0
8.4082,0.0292969,1.00079,-2.42611e-08,0.158781,1,0
8.42773,0.00976562,1.00079,-1.4028e-08,0.156829,1,0
8.42773,0.0292969,1.00079,-2.69065e-08,0.156829,1,0
8.4082,0.0488281,1.00079,-2.966e-08,0.158781,1,0
8.4082,0.0683594,1.00079,-3.84663e-08,0.158781,1,0
8.42773,0.0488281,1.00079,-3.29514e-08,0.156829,1,0
8.42773,0.0683594,1.00079,-4.26978e-08,0.156829,1,0
8.36914,0.0878906,1.00079,-3.72378e-08,0.162685,1,0
8.36914,0.107422,1.00079,-4.47989e-08,0.162685,1,0
8.38867,0.0878906,1.00079,-4.13217e-08,0.160733,1,0
8.38867,0.107422,1.00079,-4.95003e-08,0.160733,1,0
8.36914,0.126953,1.00079,-5.23778e-08,0.162685,1,0
8.36914,0.146484,1.00079,-6.06005e-08,0.162685,1,0
8.38867,0.126953,1.00079,-5.75867e-08,0.160733,1,0
8.38867,0.146484,1.00079,-6.62909e-08,0.160733,1,0
8.4082,0.0878906,1.00079,-4.58067e-08,0.158781,1,0
8.4082,0.107422,1.00079,-5.46668e-08,0.158781,1,0
8.42773,0.0878906,1.00079,-5.07326e-08,0.156829,1,0
8.42773,0.107422,1.00079,-6.03445e-08,0.156829,1,0
8.4082,0.126953,1.00079,-6.33149e-08,0.158781,1,0
8.4082,0.146484,1.00079,-7.25534e-08,0.158781,1,0
8.42773,0.126953,1.00079,-6.96143e-08,0.156829,1,0
8.42773,0.146484,1.00079,-7.9445e-08,0.156829,1,0
8.29102,0.166016,1.00079,-4.95668e-08,0.170493,1,0
8.29102,0.185547,1.00079,-5.66586e-08,0.170493,1,0
8.31055,0.166016,1.00079,-5.3699e-08,0.168541,1,0
8.31055,0.185547,1.00079,-6.10113e-08,0.168541,1,0
8.29102,0.205078,1.00078,-6.34801e-08,0.170493,1,0
8.29102,0.224609,1.00078,-6.97751e-08,0.170493,1,0
8.31055,0.205078,1.00078,-6.80052e-08,0.168541,1,0
8.31055,0.224609,1.00078,-7.44335e-08,0.168541,1,0
8.33008,0.166016,1.00079,-5.82538e-08,0.166589,1,0
8.33008,0.185547,1.00079,-6.58147e-08,0.166589,1,0
8.34961,0.166016,1.00079,-6.32733e-08,0.164637,1,0
8.34961,0.185547,1.00079,-7.11138e-08,0.164637,1,0
8.33008,0.205078,1.00078,-7.30047e-08,0.166589,1,0
8.33008,0.224609,1.00078,-7.95858e-08,0.166589,1,0
8.34961,0.205078,1.00079,-7.85258e-08,0.164637,1,0
8.34961,0.224609,1.00078,-8.52813e-08,0.164637,1,0
8.29102,0.244141,1.00078,-7.52352e-08,0.170493,1,0
8.29102,0.263672,1.00075,-7.9631e-08,0.170493,1,0
8.31055,0.244141,1.00078,-7.99844e-08,0.168541,1,0
8.31055,0.263672,1.00075,-8.44334e-08,0.168541,1,0
8.29102,0.283203,1.00068,-8.27015e-08,0.170493,1,0
8.29102,0.302734,1.00045,-8.42229e-08,0.170493,1,0
8.31055,0.283203,1.00068,-8.75187e-08,0.168541,1,0
8.31055,0.302734,1.00045,-8.90216e-08,0.168541,1,0
8.33008,0.244141,1.00078,-8.52426e-08,0.166589,1,0
8.33008,0.263672,1.00075,-8.97551e-08,0.166589,1,0
8.34961,0.244141,1.00078,-9.10603e-08,0.164637,1,0
8.34961,0.263672,1.00075,-9.5648e-08,0.164637,1,0
8.33008,0.283203,1.00068,-9.2861e-08,0.166589,1,0
8.33008,0.302734,1.00045,-9.43462e-08,0.166589,1,0
8.34961,0.283203,1.00068,-9.87805e-08,0.164637,1,0
8.34961,0.302734,1.00045,-1.00249e-07,0.164637,1,0
8.36914,0.166016,1.00079,-6.88037e-08,0.162685,1,0
8.36914,0.185547,1.00079,-7.69577e-08,0.162685,1,0
8.38867,0.166016,1.00079,-7.48959e-08,0.160733,1,0
8.38867,0.185547,1.00079,-8.34009e-08,0.160733,1,0
8.36914,0.205078,1.00079,-8.46205e-08,0.162685,1,0
8.36914,0.224609,1.00078,-9.15741e-08,0.162685,1,0
8.38867,0.205078,1.00079,-9.13458e-08,0.160733,1,0
8.38867,0.224609,1.00078,-9.85236e-08,0.160733,1,0
8.4082,0.166016,1.00079,-8.16059e-08,0.158781,1,0
8.4082,0.185547,1.00079,-9.05032e-08,0.158781,1,0
8.42773,0.166016,1.00079,-8.89954e-08,0.156829,1,0
8.42773,0.185547,1.00079,-9.83302e-08,0.156829,1,0
8.4082,0.205078,1.00079,-9.87648e-08,0.158781,1,0
8.4082,0.224609,1.00078,-1.06195e-07,0.158781,1,0
8.42773,0.205078,1.00079,-1.06947e-07,0.156829,1,0
8.42773,0.224609,1.00078,-1.14661e-07,0.156829,1,0
8.36914,0.244141,1.00078,-9.74934e-08,0.162685,1,0
8.36914,0.263672,1.00075,-1.02169e-07,0.162685,1,0
8.38867,0.244141,1.00078,-1.04603e-07,0.160733,1,0
8.38867,0.263672,1.00075,-1.0938e-07,0.160733,1,0
8.36914,0.283203,1.00068,-1.05335e-07,0.162685,1,0
8.36914,0.302734,1.00045,-1.06787e-07,0.162685,1,0
8.38867,0.283203,1.00068,-1.12587e-07,0.160733,1,0
8.38867,0.302734,1.00045,-1.14025e-07,0.160733,1,0
8.4082,0.244141,1.00078,-1.12457e-07,0.158781,1,0
8.4082,0.263672,1.00075,-1.17351e-07,0.158781,1,0
8.42773,0.244141,1.00078,-1.21129e-07,0.156829,1,0
8.42773,0.263672,1.00075,-1.26156e-07,0.156829,1,0
8.4082,0.283203,1.00068,-1.20606e-07,0.158781,1,0
8.4082,0.302734,1.00045,-1.22031e-07,0.158781,1,0
8.42773,0.283203,1.00068,-1.2947e-07,0.156829,1,0
8.42773,0.302734,1.00045,-1.30883e-07,0.156829,1,0
8.13477,0.322266,0.999833,-5.98208e-08,0.186109,1,0
8.13477,0.341797,0.998199,-5.77625e-08,0.186109,1,0
8.1543,0.322266,0.999833,-6.17771e-08,0.184157,1,0
8.1543,0.341797,0.998199,-5.96888e-08,0.184157,1,0
8.13477,0.361328,0.994148,-5.34614e-08,0.186109,1,0
8.13477,0.380859,0.984707,-4.71696e-08,0.186109,1,0
8.1543,0.361328,0.994148,-5.53539e-08,0.184157,1,0
8.1543,0.380859,0.984707,-4.90184e-08,0.184157,1,0
8.17383,0.322266,0.999833,-6.3978e-08,0.182205,1,0
8.17383,0.341797,0.998199,-6.18555e-08,0.182205,1,0
8.19336,0.322266,0.999833,-6.64479e-08,0.180253,1,0
8.19336,0.341797,0.998199,-6.42862e-08,0.180253,1,0
8.17383,0.361328,0.994148,-5.74795e-08,0.182205,1,0
8.17383,0.380859,0.984707,-5.11027e-08,0.182205,1,0
8.19336,0.361328,0.994147,-5.98611e-08,0.180253,1,0
8.19336,0.380859,0.984707,-5.3419e-08,0.180253,1,0
8.13477,0.400391,0.964069,-3.92175e-08,0.186109,1,0
8.13477,0.419922,0.921812,-3.07884e-08,0.186109,1,0
8.1543,0.400391,0.964069,-4.10304e-08,0.184157,1,0
8.1543,0.419922,0.921812,-3.244e-08,0.184157,1,0
8.13477,0.439453,0.840831,-2.21762e-08,0.186109,1,0
8.13477,0.458984,0.69559,-1.44972e-08,0.186109,1,0
8.1543,0.439453,0.840831,-2.36254e-08,0.184157,1,0
8.1543,0.458984,0.69559,-1.56643e-08,0.184157,1,0
8.17383,0.400391,0.964069,-4.30006e-08,0.182205,1,0
8.17383,0.419922,0.921812,-3.43356e-08,0.182205,1,0
8.19336,0.400391,0.964069,-4.525e-08,0.180253,1,0
8.19336,0.419922,0.921812,-3.63809e-08,0.180253,1,0
8.17383,0.439453,0.840831,-2.52506e-08,0.182205,1,0
8.17383,0.458984,0.69559,-1.68749e-08,0.182205,1,0
8.19336,0.439453,0.840831,-2.70296e-08,0.180253,1,0
8.19336,0.458984,0.69559,-1.82902e-08,0.180253,1,0
8.21289,0.322266,0.999833,-6.92135e-08,0.178301,1,0
8.21289,0.341797,0.998199,-6.70073e-08,0.178301,1,0
8.23242,0.322266,0.999833,-7.2304e-08,0.176349,1,0
8.23242,0.341797,0.998199,-7.00475e-08,0.176349,1,0
8.21289,0.361328,0.994147,-6.25242e-08,0.178301,1,0
8.21289,0.380859,0.984707,-5.60176e-08,0.178301,1,0
8.23242,0.361328,0.994147,-6.54967e-08,0.176349,1,0
8.23242,0.380859,0.984707,-5.8899e-08,0.176349,1,0
8.25195,0.322266,0.999833,-7.57517e-08,0.174397,1,0
8.25195,0.341797,0.998199,-7.34386e-08,0.174397,1,0
8.27148,0.322266,0.999833,-7.9592e-08,0.172445,1,0
8.27148,0.341797,0.998199,-7.72153e-08,0.172445,1,0
8.25195,0.361328,0.994147,-6.88094e-08,0.174397,1,0
8.25195,0.380859,0.984707,-6.21189e-08,0.174397,1,0
8.27148,0.361328,0.994147,-7.2496e-08,0.172445,1,0
8.27148,0.380859,0.984707,-6.56831e-08,0.172445,1,0
8.21289,0.400391,0.964069,-4.76989e-08,0.178301,1,0
8.21289,0.419922,0.921812,-3.87104e-08,0.178301,1,0
8.23242,0.400391,0.964069,-5.04757e-08,0.176349,1,0
8.23242,0.419922,0.921812,-4.12316e-08,0.176349,1,0
8.21289,0.439453,0.840831,-2.90179e-08,0.178301,1,0
8.21289,0.458984,0.69559,-1.97723e-08,0.178301,1,0
8.23242,0.439453,0.840831,-3.11958e-08,0.176349,1,0
8.23242,0.458984,0.69559,-2.14877e-08,0.176349,1,0
8.25195,0.400391,0.964069,-5.35034e-08,0.174397,1,0
8.25195,0.419922,0.921812,-4.40857e-08,0.174397,1,0
8.27148,0.400391,0.964069,-5.69176e-08,0.172445,1,0
8.27148,0.419922,0.921812,-4.71826e-08,0.172445,1,0
8.25195,0.439453,0.840831,-3.36234e-08,0.174397,1,0
8.25195,0.458984,0.69559,-2.32983e-08,0.174397,1,0
8.27148,0.439453,0.840831,-3.62841e-08,0.172445,1,0
8.27148,0.458984,0.69559,-2.53769e-08,0.172445,1,0
8.13477,0.478516,0.451545,-6.3746e-09,0.186109,1,0
8.13477,0.498047,0.0664598,1.82441e-09,0.186109,0.6,0
8.1543,0.478516,0.451545,-6.92112e-09,0.184157,1,0
8.1543,0.498047,0.0664598,2.01036e-09,0.184157,0.6,0
8.17383,0.478516,0.451545,-7.56033e-09,0.182205,1,0
8.17383,0.498047,0.0664598,2.19655e-09,0.182205,0.6,0
8.19336,0.478516,0.451545,-8.22641e-09,0.180253,1,0
8.19336,0.498047,0.0664598,2.42189e-09,0.180253,0.6,0
8.21289,0.478516,0.451545,-8.99787e-09,0.178301,1,0
8.21289,0.498047,0.0664598,2.65108e-09,0.178301,0.6,0
8.23242,0.478516,0.451545,-9.80865e-09,0.176349,1,0
8.23242,0.498047,0.0664598,2.92419e-09,0.176349,0.6,0
8.25195,0.478516,0.451545,-1.07401e-08,0.174397,1,0
8.25195,0.498047,0.0664598,3.20561e-09,0.174397,0.6,0
8.27148,0.478516,0.451545,-1.1726e-08,0.172445,1,0
8.27148,0.498047,0.0664598,3.53668e-09,0.172445,0.6,0
8.29102,0.322266,0.999833,-8.3864e-08,0.170493,1,0
8.29102,0.341797,0.998199,-8.14159e-08,0.170493,1,0
8.31055,0.322266,0.999833,-8.86103e-08,0.168541,1,0
8.31055,0.341797,0.998199,-8.60826e-08,0.168541,1,0
8.29102,0.361328,0.994147,-7.65936e-08,0.170493,1,0
8.29102,0.380859,0.984707,-6.96541e-08,0.170493,1,0
8.31055,0.361328,0.994147,-8.11431e-08,0.168541,1,0
8.31055,0.380859,0.984707,-7.40438e-08,0.168541,1,0
8.33008,0.322266,0.999833,-9.38782e-08,0.166589,1,0
8.33008,0.341797,0.998199,-9.12615e-08,0.166589,1,0
8.34961,0.322266,0.999833,-9.97196e-08,0.164637,1,0
8.34961,0.341797,0.998199,-9.70038e-08,0.164637,1,0
8.33008,0.361328,0.994147,-8.61894e-08,0.166589,1,0
8.33008,0.380859,0.984707,-7.89227e-08,0.166589,1,0
8.34961,0.361328,0.994147,-9.17821e-08,0.164637,1,0
8.34961,0.380859,0.984706,-8.43105e-08,0.164637,1,0
8.29102,0.400391,0.964069,-6.0645e-08,0.170493,1,0
8.29102,0.419922,0.921812,-5.06712e-08,0.170493,1,0
8.31055,0.400391,0.964069,-6.48299e-08,0.168541,1,0
8.31055,0.419922,0.921812,-5.44647e-08,0.168541,1,0
8.29102,0.439453,0.840831,-3.92431e-08,0.170493,1,0
8.29102,0.458984,0.69559,-2.75852e-08,0.170493,1,0
8.31055,0.439453,0.840831,-4.24878e-08,0.168541,1,0
8.31055,0.458984,0.69559,-3.0103e-08,0.168541,1,0
8.33008,0.400391,0.964069,-6.94038e-08,0.166589,1,0
8.33008,0.419922,0.921812,-5.87207e-08,0.166589,1,0
8.34961,0.400391,0.964069,-7.45207e-08,0.164637,1,0
8.34961,0.419922,0.921812,-6.3357e-08,0.164637,1,0
8.33008,0.439453,0.840831,-4.60899e-08,0.166589,1,0
8.33008,0.458984,0.69559,-3.27928e-08,0.166589,1,0
8.34961,0.439453,0.840831,-5.00416e-08,0.164637,1,0
8.34961,0.458984,0.69559,-3.58421e-08,0.164637,1,0
8.36914,0.322266,0.999833,-1.06191e-07,0.162685,1,0
8.36914,0.341797,0.998199,-1.03365e-07,0.162685,1,0
8.38867,0.322266,0.999833,-1.13357e-07,0.160733,1,0
8.38867,0.341797,0.998199,-1.10408e-07,0.160733,1,0
8.36914,0.361328,0.994147,-9.79755e-08,0.162685,1,0
8.36914,0.380859,0.984706,-9.02873e-08,0.162685,1,0
8.38867,0.361328,0.994147,-1.04829e-07,0.160733,1,0
8.38867,0.380859,0.984706,-9.68822e-08,0.160733,1,0
8.4082,0.322266,0.999833,-1.21284e-07,0.158781,1,0
8.4082,0.341797,0.998199,-1.182e-07,0.158781,1,0
8.42773,0.322266,0.999833,-1.3005e-07,0.156829,1,0
8.42773,0.341797,0.998199,-1.26815e-07,0.156829,1,0
8.4082,0.361328,0.994147,-1.1241e-07,0.158781,1,0
8.4082,0.380859,0.984706,-1.04187e-07,0.158781,1,0
8.42773,0.361328,0.994147,-1.20789e-07,0.156829,1,0
8.42773,0.380859,0.984706,-1.12242e-07,0.156829,1,0
8.36914,0.400391,0.964069,-8.01185e-08,0.162685,1,0
8.36914,0.419922,0.921812,-6.85415e-08,0.162685,1,0
8.38867,0.400391,0.964069,-8.63629e-08,0.160733,1,0
8.38867,0.419922,0.921812,-7.41977e-08,0.160733,1,0
8.36914,0.439453,0.840831,-5.44218e-08,0.162685,1,0
8.36914,0.458984,0.69559,-3.91148e-08,0.162685,1,0
8.38867,0.439453,0.840831,-5.92291e-08,0.160733,1,0
8.38867,0.458984,0.69559,-4.28072e-08,0.160733,1,0
8.4082,0.400391,0.964069,-9.31995e-08,0.158781,1,0
8.4082,0.419922,0.921812,-8.05056e-08,0.158781,1,0
8.42773,0.400391,0.964069,-1.00808e-07,0.156829,1,0
8.42773,0.419922,0.921812,-8.73962e-08,0.156829,1,0
8.4082,0.439453,0.840831,-6.4551e-08,0.158781,1,0
8.4082,0.458984,0.69559,-4.67856e-08,0.158781,1,0
8.42773,0.439453,0.840831,-7.03939e-08,0.156829,1,0
8.42773,0.458984,0.69559,-5.12561e-08,0.156829,1,0
8.29102,0.478516,0.451545,-1.28509e-08,0.170493,1,0
8.29102,0.498047,0.0664598,3.88155e-09,0.170493,0.6,0
8.31055,0.478516,0.451545,-1.40489e-08,0.168541,1,0
8.31055,0.498047,0.0664598,4.28294e-09,0.168541,0.6,0
8.33008,0.478516,0.451545,-1.54079e-08,0.166589,1,0
8.33008,0.498047,0.0664598,4.70488e-09,0.166589,0.6,0
8.34961,0.478516,0.451545,-1.68626e-08,0.164637,1,0
8.34961,0.498047,0.0664597,5.19161e-09,0.164637,0.6,0
8.36914,0.478516,0.451545,-1.85048e-08,0.162685,1,0
8.36914,0.498047,0.0664597,5.70712e-09,0.162685,0.6,0
8.38867,0.478516,0.451544,-2.02702e-08,0.160733,1,0
8.38867,0.498047,0.0664597,6.29737e-09,0.160733,0.6,0
8.4082,0.478516,0.451544,-2.22552e-08,0.158781,1,0
8.4082,0.498047,0.0664597,6.92647e-09,0.158781,0.6,0
8.42773,0.478516,0.451544,-2.43966e-08,0.156829,1,0
8.42773,0.498047,0.0664597,7.64231e-09,0.156829,0.6,0
8.44727,0.00976562,1.00079,-1.55154e-08,0.154877,1,0
8.44727,0.0292969,1.00079,-2.98059e-08,0.154877,1,0
8.4668,0.00976562,1.00079,-1.71442e-08,0.152925,1,0
8.4668,0.0292969,1.00079,-3.29842e-08,0.152925,1,0
8.44727,0.0488281,1.00079,-3.65628e-08,0.154877,1,0
8.44727,0.0683594,1.00079,-4.73427e-08,0.154877,1,0
8.4668,0.0488281,1.00079,-4.05259e-08,0.152925,1,0
8.4668,0.0683594,1.00079,-5.24421e-08,0.152925,1,0
8.48633,0.00976562,1.00079,-1.89286e-08,0.150973,1,0
8.48633,0.0292969,1.00079,-3.64695e-08,0.150973,1,0
8.50586,0.00976562,1.00079,-2.08847e-08,0.149021,1,0
8.50586,0.0292969,1.00079,-4.02933e-08,0.149021,1,0
8.48633,0.0488281,1.00079,-4.48758e-08,0.150973,1,0
8.48633,0.0683594,1.00079,-5.80414e-08,0.150973,1,0
8.50586,0.0488281,1.00079,-4.96516e-08,0.149021,1,0
8.50586,0.0683594,1.00079,-6.41906e-08,0.149021,1,0
8.44727,0.0878906,1.00079,-5.61431e-08,0.154877,1,0
8.44727,0.107422,1.00079,-6.65844e-08,0.154877,1,0
8.4668,0.0878906,1.00079,-6.20866e-08,0.152925,1,0
8.4668,0.107422,1.00079,-7.34423e-08,0.152925,1,0
8.44727,0.126953,1.00079,-7.65416e-08,0.154877,1,0
8.44727,0.146484,1.00079,-8.70286e-08,0.154877,1,0
8.4668,0.126953,1.00079,-8.41596e-08,0.152925,1,0
8.4668,0.146484,1.00079,-9.5373e-08,0.152925,1,0
8.48633,0.0878906,1.00079,-6.86164e-08,0.150973,1,0
8.48633,0.107422,1.00079,-8.098e-08,0.150973,1,0
8.50586,0.0878906,1.00079,-7.57909e-08,0.149021,1,0
8.50586,0.107422,1.00079,-8.92653e-08,0.149021,1,0
8.48633,0.126953,1.00079,-9.25371e-08,0.150973,1,0
8.48633,0.146484,1.00079,-1.04554e-07,0.150973,1,0
8.50586,0.126953,1.00079,-1.0175e-07,0.149021,1,0
8.50586,0.146484,1.00079,-1.14656e-07,0.149021,1,0
8.52539,0.00976562,1.00079,-2.30307e-08,0.147069,1,0
8.52539,0.0292969,1.00079,-4.44908e-08,0.147069,1,0
8.54492,0.00976562,1.00079,-2.53871e-08,0.145117,1,0
8.54492,0.0292969,1.00079,-4.91009e-08,0.145117,1,0
8.52539,0.0488281,1.00079,-5.48961e-08,0.147069,1,0
8.52539,0.0683594,1.00079,-7.09451e-08,0.147069,1,0
8.54492,0.0488281,1.00079,-6.0657e-08,0.145117,1,0
8.54492,0.0683594,1.00079,-7.83657e-08,0.145117,1,0
8.56445,0.00976562,1.00079,-2.79763e-08,0.143165,1,0
8.56445,0.0292969,1.00079,-5.41665e-08,0.143165,1,0
8.58398,0.00976562,1.00079,-3.08232e-08,0.141213,1,0
8.58398,0.0292969,1.00079,-5.97348e-08,0.141213,1,0
8.56445,0.0488281,1.00079,-6.69863e-08,0.143165,1,0
8.56445,0.0683594,1.00079,-8.65196e-08,0.143165,1,0
8.58398,0.0488281,1.00079,-7.39414e-08,0.141213,1,0
8.58398,0.0683594,1.00079,-9.54802e-08,0.141213,1,0
8.52539,0.0878906,1.00079,-8.36747e-08,0.147069,1,0
8.52539,0.107422,1.00079,-9.83727e-08,0.147069,1,0
8.54492,0.0878906,1.00079,-9.23387e-08,0.145117,1,0
8.54492,0.107422,1.00079,-1.08384e-07,0.145117,1,0
8.52539,0.126953,1.00079,-1.11881e-07,0.147069,1,0
8.52539,0.146484,1.00079,-1.25769e-07,0.147069,1,0
8.54492,0.126953,1.00079,-1.23023e-07,0.145117,1,0
8.54492,0.146484,1.00079,-1.37994e-07,0.145117,1,0
8.56445,0.0878906,1.00079,-1.01861e-07,0.143165,1,0
8.56445,0.107422,1.00079,-1.1939e-07,0.143165,1,0
8.58398,0.0878906,1.00079,-1.12327e-07,0.141213,1,0
8.58398,0.107422,1.00079,-1.3149e-07,0.141213,1,0
8.56445,0.126953,1.00079,-1.35275e-07,0.143165,1,0
8.56445,0.146484,1.00079,-1.51444e-07,0.143165,1,0
8.58398,0.126953,1.00079,-1.48748e-07,0.141213,1,0
8.58398,0.146484,1.00079,-1.66238e-07,0.141213,1,0
8.44727,0.166016,1.00079,-9.71322e-08,0.154877,1,0
8.44727,0.185547,1.00079,-1.06954e-07,0.154877,1,0
8.4668,0.166016,1.00079,-1.06091e-07,0.152925,1,0
8.4668,0.185547,1.00079,-1.16455e-07,0.152925,1,0
8.44727,0.205078,1.00079,-1.15967e-07,0.154877,1,0
8.44727,0.224609,1.00078,-1.24001e-07,0.154877,1,0
8.4668,0.205078,1.00079,-1.25911e-07,0.152925,1,0
8.4668,0.224609,1.00078,-1.34301e-07,0.152925,1,0
8.48633,0.166016,1.00079,-1.15953e-07,0.150973,1,0
8.48633,0.185547,1.00079,-1.2692e-07,0.150973,1,0
8.50586,0.166016,1.00079,-1.26809e-07,0.149021,1,0
8.50586,0.185547,1.00079,-1.38445e-07,0.149021,1,0
8.48633,0.205078,1.00079,-1.36868e-07,0.150973,1,0
8.48633,0.224609,1.00078,-1.45658e-07,0.150973,1,0
8.50586,0.205078,1.00079,-1.48942e-07,0.149021,1,0
8.50586,0.224609,1.00078,-1.58177e-07,0.149021,1,0
8.44727,0.244141,1.00078,-1.30701e-07,0.154877,1,0
8.44727,0.263672,1.00075,-1.3588e-07,0.154877,1,0
8.4668,0.244141,1.00078,-1.41263e-07,0.152925,1,0
8.4668,0.263672,1.00075,-1.46614e-07,0.152925,1,0
8.44727,0.283203,1.00068,-1.39262e-07,0.154877,1,0
8.44727,0.302734,1.00045,-1.40664e-07,0.154877,1,0
8.4668,0.283203,1.00068,-1.50074e-07,0.152925,1,0
8.4668,0.302734,1.00045,-1.51467e-07,0.152925,1,0
8.48633,0.244141,1.00078,-1.52913e-07,0.150973,1,0
8.48633,0.263672,1.00075,-1.58459e-07,0.150973,1,0
8.50586,0.244141,1.00078,-1.6576e-07,0.149021,1,0
8.50586,0.263672,1.00075,-1.71525e-07,0.149021,1,0
8.48633,0.283203,1.00068,-1.62009e-07,0.150973,1,0
8.48633,0.302734,1.00045,-1.63395e-07,0.150973,1,0
8.50586,0.283203,1.00068,-1.75178e-07,0.149021,1,0
8.50586,0.302734,1.00045,-1.76559e-07,0.149021,1,0
8.52539,0.166016,1.00079,-1.38758e-07,0.147069,1,0
8.52539,0.185547,1.00079,-1.51135e-07,0.147069,1,0
8.54492,0.166016,1.00079,-1.51908e-07,0.145117,1,0
8.54492,0.185547,1.00079,-1.65107e-07,0.145117,1,0
8.52539,0.205078,1.00079,-1.62242e-07,0.147069,1,0
8.52539,0.224609,1.00078,-1.71973e-07,0.147069,1,0
8.54492,0.205078,1.00079,-1.76892e-07,0.145117,1,0
8.54492,0.224609,1.00078,-1.87174e-07,0.145117,1,0
8.56445,0.166016,1.00079,-1.6638e-07,0.143165,1,0
8.56445,0.185547,1.00079,-1.80489e-07,0.143165,1,0
8.58398,0.166016,1.00079,-1.82304e-07,0.141213,1,0
8.58398,0.185547,1.00079,-1.9742e-07,0.141213,1,0
8.56445,0.205078,1.00079,-1.93025e-07,0.143165,1,0
8.56445,0.224609,1.00078,-2.0392e-07,0.143165,1,0
8.58398,0.205078,1.00079,-2.10789e-07,0.141213,1,0
8.58398,0.224609,1.00078,-2.22365e-07,0.141213,1,0
8.52539,0.244141,1.00078,-1.79924e-07,0.147069,1,0
8.52539,0.263672,1.00075,-1.85934e-07,0.147069,1,0
8.54492,0.244141,1.00078,-1.95534e-07,0.145117,1,0
8.54492,0.263672,1.00075,-2.0182e-07,0.145117,1,0
8.52539,0.283203,1.00068,-1.89705e-07,0.147069,1,0
8.52539,0.302734,1.00045,-1.91084e-07,0.147069,1,0
8.54492,0.283203,1.00068,-2.05726e-07,0.145117,1,0
8.54492,0.302734,1.00045,-2.07104e-07,0.145117,1,0
8.56445,0.244141,1.00078,-2.12737e-07,0.143165,1,0
8.56445,0.263672,1.00075,-2.19332e-07,0.143165,1,0
8.58398,0.244141,1.00078,-2.3169e-07,0.141213,1,0
8.58398,0.263672,1.00075,-2.38629e-07,0.141213,1,0
8.56445,0.283203,1.00068,-2.23388e-07,0.143165,1,0
8.56445,0.302734,1.00045,-2.24769e-07,0.143165,1,0
8.58398,0.283203,1.00068,-2.42857e-07,0.141213,1,0
8.58398,0.302734,1.00045,-2.44244e-07,0.141213,1,0
8.60352,0.00976562,1.00079,-3.3955e-08,0.139261,1,0
8.60352,0.0292969,1.00079,-6.58575e-08,0.139261,1,0
8.62305,0.00976562,1.00079,-3.74011e-08,0.137309,1,0
8.62305,0.0292969,1.00079,-7.25909e-08,0.137309,1,0
8.60352,0.0488281,1.00079,-8.15853e-08,0.139261,1,0
8.60352,0.0683594,1.00079,-1.05329e-07,0.139261,1,0
8.62305,0.0488281,1.00079,-8.99869e-08,0.137309,1,0
8.62305,0.0683594,1.00079,-1.16153e-07,0.137309,1,0
8.64258,0.00976562,1.00079,-4.11934e-08,0.135357,1,0
8.64258,0.0292969,1.00079,-7.9996e-08,0.135357,1,0
8.66211,0.00976562,1.00079,-4.53659e-08,0.133405,1,0
8.66211,0.0292969,1.00079,-8.81391e-08,0.133405,1,0
8.64258,0.0488281,1.00079,-9.92218e-08,0.135357,1,0
8.64258,0.0683594,1.00079,-1.28052e-07,0.135357,1,0
8.66211,0.0488281,1.00079,-1.09372e-07,0.133405,1,0
8.66211,0.0683594,1.00079,-1.41131e-07,0.133405,1,0
8.60352,0.0878906,1.00079,-1.2383e-07,0.139261,1,0
8.60352,0.107422,1.00079,-1.44792e-07,0.139261,1,0
8.62305,0.0878906,1.00079,-1.36475e-07,0.137309,1,0
8.62305,0.107422,1.00079,-1.59416e-07,0.137309,1,0
8.60352,0.126953,1.00079,-1.63564e-07,0.139261,1,0
8.60352,0.146484,1.00079,-1.8251e-07,0.139261,1,0
8.62305,0.126953,1.00079,-1.79857e-07,0.137309,1,0
8.62305,0.146484,1.00079,-2.00409e-07,0.137309,1,0
8.64258,0.0878906,1.00079,-1.50375e-07,0.135357,1,0
8.64258,0.107422,1.00079,-1.75494e-07,0.135357,1,0
8.66211,0.0878906,1.00079,-1.65653e-07,0.133405,1,0
8.66211,0.107422,1.00079,-1.93169e-07,0.133405,1,0
8.64258,0.126953,1.00079,-1.97772e-07,0.135357,1,0
8.64258,0.146484,1.00079,-2.20096e-07,0.135357,1,0
8.66211,0.126953,1.00079,-2.17472e-07,0.133405,1,0
8.66211,0.146484,1.00079,-2.41748e-07,0.133405,1,0
8.68164,0.00976562,1.00079,-4.99553e-08,0.131453,1,0
8.68164,0.0292969,1.00079,-9.70918e-08,0.131453,1,0
8.70117,0.00976562,1.00079,-5.50009e-08,0.129501,1,0
8.70117,0.0292969,1.00079,-1.06932e-07,0.129501,1,0
8.68164,0.0488281,1.00079,-1.20529e-07,0.131453,1,0
8.68164,0.0683594,1.00079,-1.55506e-07,0.131453,1,0
8.70117,0.0488281,1.00079,-1.3279e-07,0.129501,1,0
8.70117,0.0683594,1.00079,-1.71307e-07,0.129501,1,0
8.7207,0.00976562,1.00079,-6.05456e-08,0.127549,1,0
8.7207,0.0292969,1.00079,-1.17745e-07,0.127549,1,0
8.74023,0.00976562,1.00079,-6.66365e-08,0.125597,1,0
8.74023,0.0292969,1.00079,-1.29626e-07,0.125597,1,0
8.7207,0.0488281,1.00079,-1.46265e-07,0.127549,1,0
8.7207,0.0683594,1.00079,-1.88673e-07,0.127549,1,0
8.74023,0.0488281,1.00079,-1.61073e-07,0.125597,1,0
8.74023,0.0683594,1.00079,-2.07758e-07,0.125597,1,0
8.68164,0.0878906,1.00079,-1.82448e-07,0.131453,1,0
8.68164,0.107422,1.00079,-2.12602e-07,0.131453,1,0
8.70117,0.0878906,1.00079,-2.00908e-07,0.129501,1,0
8.70117,0.107422,1.00079,-2.33965e-07,0.129501,1,0
8.68164,0.126953,1.00079,-2.39133e-07,0.131453,1,0
8.68164,0.146484,1.00079,-2.65561e-07,0.131453,1,0
8.70117,0.126953,1.00079,-2.62951e-07,0.129501,1,0
8.70117,0.146484,1.00079,-2.91751e-07,0.129501,1,0
8.7207,0.0878906,1.00079,-2.212e-07,0.127549,1,0
8.7207,0.107422,1.00079,-2.57451e-07,0.127549,1,0
8.74023,0.0878906,1.00079,-2.43504e-07,0.125597,1,0
8.74023,0.107422,1.00079,-2.83271e-07,0.125597,1,0
8.7207,0.126953,1.00079,-2.8914e-07,0.127549,1,0
8.7207,0.146484,1.00079,-3.20552e-07,0.127549,1,0
8.74023,0.126953,1.00079,-3.17935e-07,0.125597,1,0
8.74023,0.146484,1.00079,-3.52225e-07,0.125597,1,0
8.60352,0.166016,1.00079,-1.99826e-07,0.139261,1,0
8.60352,0.185547,1.00079,-2.16055e-07,0.139261,1,0
8.62305,0.166016,1.00079,-2.19104e-07,0.137309,1,0
8.62305,0.185547,1.00079,-2.36564e-07,0.137309,1,0
8.60352,0.205078,1.00079,-2.30347e-07,0.139261,1,0
8.60352,0.224609,1.00078,-2.42677e-07,0.139261,1,0
8.62305,0.205078,1.00079,-2.51877e-07,0.137309,1,0
8.62305,0.224609,1.00078,-2.65044e-07,0.137309,1,0
8.64258,0.166016,1.00079,-2.40312e-07,0.135357,1,0
8.64258,0.185547,1.00079,-2.59132e-07,0.135357,1,0
8.66211,0.166016,1.00079,-2.63644e-07,0.133405,1,0
8.66211,0.185547,1.00079,-2.83966e-07,0.133405,1,0
8.64258,0.205078,1.00079,-2.75575e-07,0.135357,1,0
8.64258,0.224609,1.00078,-2.8967e-07,0.135357,1,0
8.66211,0.205078,1.00079,-3.01658e-07,0.133405,1,0
8.66211,0.224609,1.00078,-3.1678e-07,0.133405,1,0
8.60352,0.244141,1.00078,-2.52568e-07,0.139261,1,0
8.60352,0.263672,1.00075,-2.59892e-07,0.139261,1,0
8.62305,0.244141,1.00078,-2.75563e-07,0.137309,1,0
8.62305,0.263672,1.00075,-2.83315e-07,0.137309,1,0
8.60352,0.283203,1.00068,-2.64312e-07,0.139261,1,0
8.60352,0.302734,1.00045,-2.65709e-07,0.139261,1,0
8.62305,0.283203,1.00068,-2.87952e-07,0.137309,1,0
8.62305,0.302734,1.00045,-2.89363e-07,0.137309,1,0
8.64258,0.244141,1.00078,-3.00886e-07,0.135357,1,0
8.64258,0.263672,1.00075,-3.09115e-07,0.135357,1,0
8.66211,0.244141,1.00078,-3.28769e-07,0.133405,1,0
8.66211,0.263672,1.00075,-3.37529e-07,0.133405,1,0
8.64258,0.283203,1.00068,-3.13994e-07,0.135357,1,0
8.64258,0.302734,1.00045,-3.15424e-07,0.135357,1,0
8.66211,0.283203,1.00068,-3.4268e-07,0.133405,1,0
8.66211,0.302734,1.00045,-3.44134e-07,0.133405,1,0
8.68164,0.166016,1.00079,-2.8931e-07,0.131453,1,0
8.68164,0.185547,1.00079,-3.1129e-07,0.131453,1,0
8.70117,0.166016,1.00079,-3.17542e-07,0.129501,1,0
8.70117,0.185547,1.00079,-3.41352e-07,0.129501,1,0
8.68164,0.205078,1.00079,-3.30364e-07,0.131453,1,0
8.68164,0.224609,1.00078,-3.46621e-07,0.131453,1,0
8.70117,0.205078,1.00079,-3.61952e-07,0.129501,1,0
8.70117,0.224609,1.00078,-3.79466e-07,0.129501,1,0
8.7207,0.166016,1.00079,-3.48596e-07,0.127549,1,0
8.7207,0.185547,1.00079,-3.74426e-07,0.127549,1,0
8.74023,0.166016,1.00079,-3.82752e-07,0.125597,1,0
8.74023,0.185547,1.00079,-4.10809e-07,0.125597,1,0
8.7207,0.205078,1.00079,-3.96711e-07,0.127549,1,0
8.7207,0.224609,1.00078,-4.15614e-07,0.127549,1,0
8.74023,0.205078,1.00079,-4.34955e-07,0.125597,1,0
8.74023,0.224609,1.00078,-4.55392e-07,0.125597,1,0
8.68164,0.244141,1.00078,-3.59468e-07,0.131453,1,0
8.68164,0.263672,1.00075,-3.68816e-07,0.131453,1,0
8.70117,0.244141,1.00078,-3.93262e-07,0.129501,1,0
8.70117,0.263672,1.00075,-4.03264e-07,0.129501,1,0
8.68164,0.283203,1.00068,-3.74271e-07,0.131453,1,0
8.68164,0.302734,1.00045,-3.75755e-07,0.131453,1,0
8.70117,0.283203,1.00068,-4.09058e-07,0.129501,1,0
8.70117,0.302734,1.00045,-4.1058e-07,0.129501,1,0
8.7207,0.244141,1.00078,-4.3046e-07,0.127549,1,0
8.7207,0.263672,1.00075,-4.41188e-07,0.127549,1,0
8.74023,0.244141,1.00078,-4.71401e-07,0.125597,1,0
8.74023,0.263672,1.00075,-4.82934e-07,0.125597,1,0
8.7207,0.283203,1.00068,-4.4736e-07,0.127549,1,0
8.7207,0.302734,1.00045,-4.48927e-07,0.127549,1,0
8.74023,0.283203,1.00068,-4.89528e-07,0.125597,1,0
8.74023,0.302734,1.00045,-4.91148e-07,0.125597,1,0
8.44727,0.322266,0.999833,-1.39738e-07,0.154877,1,0
8.44727,0.341797,0.998199,-1.36336e-07,0.154877,1,0
8.4668,0.322266,0.999833,-1.5044e-07,0.152925,1,0
8.4668,0.341797,0.998199,-1.46854e-07,0.152925,1,0
8.44727,0.361328,0.994147,-1.30048e-07,0.154877,1,0
8.44727,0.380859,0.984706,-1.21153e-07,0.154877,1,0
8.4668,0.361328,0.994147,-1.40273e-07,0.152925,1,0
8.4668,0.380859,0.984706,-1.30975e-07,0.152925,1,0
8.48633,0.322266,0.999833,-1.62257e-07,0.150973,1,0
8.48633,0.341797,0.998199,-1.58467e-07,0.150973,1,0
8.50586,0.322266,0.999833,-1.75301e-07,0.149021,1,0
8.50586,0.341797,0.998199,-1.71285e-07,0.149021,1,0
8.48633,0.361328,0.994147,-1.5156e-07,0.150973,1,0
8.48633,0.380859,0.984706,-1.4183e-07,0.150973,1,0
8.50586,0.361328,0.994147,-1.64018e-07,0.149021,1,0
8.50586,0.380859,0.984706,-1.53789e-07,0.149021,1,0
8.44727,0.400391,0.964069,-1.09144e-07,0.154877,1,0
8.44727,0.419922,0.921812,-9.50634e-08,0.154877,1,0
8.4668,0.400391,0.964069,-1.18402e-07,0.152925,1,0
8.4668,0.419922,0.921812,-1.03448e-07,0.152925,1,0
8.44727,0.439453,0.840831,-7.68555e-08,0.154877,1,0
8.44727,0.458984,0.69559,-5.60887e-08,0.154877,1,0
8.4668,0.439453,0.840831,-8.39517e-08,0.152925,1,0
8.4668,0.458984,0.69559,-6.15008e-08,0.152925,1,0
8.48633,0.400391,0.964069,-1.28552e-07,0.150973,1,0
8.48633,0.419922,0.921812,-1.1276e-07,0.150973,1,0
8.50586,0.400391,0.964069,-1.39808e-07,0.149021,1,0
8.50586,0.419922,0.921812,-1.22953e-07,0.149021,1,0
8.48633,0.439453,0.840831,-9.17926e-08,0.150973,1,0
8.48633,0.458984,0.69559,-6.73674e-08,0.150973,1,0
8.50586,0.439453,0.840831,-1.00406e-07,0.149021,1,0
8.50586,0.458984,0.69559,-7.3919e-08,0.149021,1,0
8.52539,0.322266,0.999833,-1.89694e-07,0.147069,1,0
8.52539,0.341797,0.998199,-1.85429e-07,0.147069,1,0
8.54492,0.322266,0.999833,-2.0557e-07,0.145117,1,0
8.54492,0.341797,0.998199,-2.01031e-07,0.145117,1,0
8.52539,0.361328,0.994147,-1.77761e-07,0.147069,1,0
8.52539,0.380859,0.984706,-1.66995e-07,0.147069,1,0
8.54492,0.361328,0.994147,-1.92919e-07,0.145117,1,0
8.54492,0.380859,0.984706,-1.81541e-07,0.145117,1,0
8.56445,0.322266,0.999833,-2.23079e-07,0.143165,1,0
8.56445,0.341797,0.998199,-2.18237e-07,0.143165,1,0
8.58398,0.322266,0.999833,-2.42383e-07,0.141213,1,0
8.58398,0.341797,0.998199,-2.37207e-07,0.141213,1,0
8.56445,0.361328,0.994147,-2.09634e-07,0.143165,1,0
8.56445,0.380859,0.984706,-1.97593e-07,0.143165,1,0
8.58398,0.361328,0.994147,-2.28061e-07,0.141213,1,0
8.58398,0.380859,0.984706,-2.1527e-07,0.141213,1,0
8.52539,0.400391,0.964069,-1.52153e-07,0.147069,1,0
8.52539,0.419922,0.921812,-1.34255e-07,0.147069,1,0
8.54492,0.400391,0.964069,-1.65825e-07,0.145117,1,0
8.54492,0.419922,0.921812,-1.46637e-07,0.145117,1,0
8.52539,0.439453,0.84083,-1.09916e-07,0.147069,1,0
8.52539,0.458984,0.69559,-8.10372e-08,0.147069,1,0
8.54492,0.439453,0.84083,-1.20366e-07,0.145117,1,0
8.54492,0.458984,0.69559,-8.8968e-08,0.145117,1,0
8.56445,0.400391,0.964069,-1.80828e-07,0.143165,1,0
8.56445,0.419922,0.921812,-1.60349e-07,0.143165,1,0
8.58398,0.400391,0.964069,-1.97425e-07,0.141213,1,0
8.58398,0.419922,0.921812,-1.75379e-07,0.141213,1,0
8.56445,0.439453,0.84083,-1.31897e-07,0.143165,1,0
8.56445,0.458984,0.69559,-9.76015e-08,0.143165,1,0
8.58398,0.439453,0.84083,-1.4457e-07,0.141213,1,0
8.58398,0.458984,0.69559,-1.07202e-07,0.141213,1,0
8.44727,0.478516,0.451544,-2.67961e-08,0.154877,1,0
8.44727,0.498047,0.0664597,8.4093e-09,0.154877,0.6,0
8.4668,0.478516,0.451544,-2.93926e-08,0.152925,1,0
8.4668,0.498047,0.0664597,9.27751e-09,0.152925,0.6,0
8.48633,0.478516,0.451544,-3.22936e-08,0.150973,1,0
8.48633,0.498047,0.0664596,1.02119e-08,0.150973,0.6,0
8.50586,0.478516,0.451544,-3.54409e-08,0.149021,1,0
8.50586,0.498047,0.0664596,1.1265e-08,0.149021,0.6,0
8.52539,0.478516,0.451544,-3.89487e-08,0.147069,1,0
8.52539,0.498047,0.0664596,1.24026e-08,0.147069,0.6,0
8.54492,0.478516,0.451544,-4.27626e-08,0.145117,1,0
8.54492,0.498047,0.0664596,1.36801e-08,0.145117,0.6,0
8.56445,0.478516,0.451544,-4.70048e-08,0.143165,1,0
8.56445,0.498047,0.0664595,1.50644e-08,0.143165,0.6,0
8.58398,0.478516,0.451544,-5.16256e-08,0.141213,1,0
8.58398,0.498047,0.0664595,1.66144e-08,0.141213,0.6,0
8.60352,0.322266,0.999833,-2.63661e-07,0.139261,1,0
8.60352,0.341797,0.998199,-2.58117e-07,0.139261,1,0
8.62305,0.322266,0.999833,-2.87112e-07,0.137309,1,0
8.62305,0.341797,0.998199,-2.81163e-07,0.137309,1,0
8.60352,0.361328,0.994147,-2.48371e-07,0.139261,1,0
8.60352,0.380859,0.984706,-2.34766e-07,0.139261,1,0
8.62305,0.361328,0.994147,-2.70753e-07,0.137309,1,0
8.62305,0.380859,0.984706,-2.56231e-07,0.137309,1,0
8.64258,0.322266,0.999833,-3.12951e-07,0.135357,1,0
8.64258,0.341797,0.998199,-3.06556e-07,0.135357,1,0
8.66211,0.322266,0.999833,-3.41417e-07,0.133405,1,0
8.66211,0.341797,0.998199,-3.34532e-07,0.133405,1,0
8.64258,0.361328,0.994147,-2.95414e-07,0.135357,1,0
8.64258,0.380859,0.984706,-2.79895e-07,0.135357,1,0
8.66211,0.361328,0.994147,-3.22583e-07,0.133405,1,0
8.66211,0.380859,0.984706,-3.05944e-07,0.133405,1,0
8.60352,0.400391,0.964069,-2.15643e-07,0.139261,1,0
8.60352,0.419922,0.921812,-1.92007e-07,0.139261,1,0
8.62305,0.400391,0.964069,-2.3578e-07,0.137309,1,0
8.62305,0.419922,0.921812,-2.10244e-07,0.137309,1,0
8.60352,0.439453,0.84083,-1.58548e-07,0.139261,1,0
8.60352,0.458984,0.69559,-1.1767e-07,0.139261,1,0
8.62305,0.439453,0.84083,-1.73912e-07,0.137309,1,0
8.62305,0.458984,0.69559,-1.29291e-07,0.137309,1,0
8.64258,0.400391,0.964069,-2.57892e-07,0.135357,1,0
8.64258,0.419922,0.921811,-2.30403e-07,0.135357,1,0
8.66211,0.400391,0.964069,-2.82313e-07,0.133405,1,0
8.66211,0.419922,0.921811,-2.52522e-07,0.133405,1,0
8.64258,0.439453,0.84083,-1.90852e-07,0.135357,1,0
8.64258,0.458984,0.69559,-1.4198e-07,0.135357,1,0
8.66211,0.439453,0.84083,-2.09474e-07,0.133405,1,0
8.66211,0.458984,0.69559,-1.56047e-07,0.133405,1,0
8.68164,0.322266,0.999833,-3.72774e-07,0.131453,1,0
8.68164,0.341797,0.998199,-3.65348e-07,0.131453,1,0
8.70117,0.322266,0.999833,-4.07309e-07,0.129501,1,0
8.70117,0.341797,0.998199,-3.9929e-07,0.129501,1,0
8.68164,0.361328,0.994147,-3.52508e-07,0.131453,1,0
8.68164,0.380859,0.984706,-3.34652e-07,0.131453,1,0
8.70117,0.361328,0.994147,-3.85468e-07,0.129501,1,0
8.70117,0.380859,0.984706,-3.6625e-07,0.129501,1,0
8.7207,0.322266,0.999833,-4.4534e-07,0.127549,1,0
8.7207,0.341797,0.998199,-4.36669e-07,0.127549,1,0
8.74023,0.322266,0.999833,-4.87217e-07,0.125597,1,0
8.74023,0.341797,0.998199,-4.77828e-07,0.125597,1,0
8.7207,0.361328,0.994147,-4.21764e-07,0.127549,1,0
8.7207,0.380859,0.984706,-4.01062e-07,0.127549,1,0
8.74023,0.361328,0.994147,-4.61732e-07,0.125597,1,0
8.74023,0.380859,0.984706,-4.39375e-07,0.125597,1,0
8.68164,0.400391,0.964069,-3.09136e-07,0.131453,1,0
8.68164,0.419922,0.921811,-2.76953e-07,0.131453,1,0
8.70117,0.400391,0.964069,-3.38743e-07,0.129501,1,0
8.70117,0.419922,0.921811,-3.03772e-07,0.129501,1,0
8.68164,0.439453,0.84083,-2.3e-07,0.131453,1,0
8.68164,0.458984,0.69559,-1.71426e-07,0.131453,1,0
8.70117,0.439453,0.84083,-2.52568e-07,0.129501,1,0
8.70117,0.458984,0.695589,-1.88455e-07,0.129501,1,0
8.7207,0.400391,0.964069,-3.7127e-07,0.127549,1,0
8.7207,0.419922,0.921811,-3.33375e-07,0.127549,1,0
8.74023,0.400391,0.964069,-4.07152e-07,0.125597,1,0
8.74023,0.419922,0.921811,-3.65884e-07,0.125598,1,0
8.7207,0.439453,0.84083,-2.77435e-07,0.12755,1,0
8.7207,0.458984,0.695589,-2.07091e-07,0.12755,1,0
8.74023,0.439453,0.84083,-3.0478e-07,0.125598,1,0
8.74023,0.458984,0.695589,-2.27705e-07,0.125598,1,0
8.60352,0.478516,0.451544,-5.67565e-08,0.139261,1,0
8.60352,0.498047,0.0664595,1.82984e-08,0.139261,0.6,0
8.62305,0.478516,0.451544,-6.23542e-08,0.137309,1,0
8.62305,0.498047,0.0664594,2.01791e-08,0.137309,0.6,0
8.64258,0.478516,0.451544,-6.8561e-08,0.135357,1,0
8.64258,0.498047,0.0664594,2.22269e-08,0.135357,0.6,0
8.66211,0.478516,0.451544,-7.53413e-08,0.133405,1,0
8.66211,0.498047,0.0664594,2.4509e-08,0.133405,0.6,0
8.68164,0.478516,0.451544,-8.28502e-08,0.131453,1,0
8.68164,0.498047,0.0664593,2.69985e-08,0.131453,0.6,0
8.70117,0.478516,0.451544,-9.10621e-08,0.129501,1,0
8.70117,0.498047,0.0664592,2.97676e-08,0.129501,0.6,0
8.7207,0.478516,0.451543,-1.00147e-07,0.12755,1,0
8.7207,0.498047,0.0664592,3.27931e-08,0.12755,0.6,0
8.74023,0.478516,0.451543,-1.10092e-07,0.125598,1,0
8.74023,0.498047,0.0664591,3.61533e-08,0.125598,0.6,0
8.75977,0.00976562,1.00079,-7.33256e-08,0.123645,1,0
8.75977,0.0292969,1.00079,-1.42676e-07,0.123645,1,0
8.7793,0.00976562,1.00079,-8.06709e-08,0.121693,1,0
8.7793,0.0292969,1.00079,-1.57011e-07,0.121693,1,0
8.75977,0.0488281,1.00079,-1.77345e-07,0.123645,1,0
8.75977,0.0683594,1.00079,-2.28733e-07,0.123645,1,0
8.7793,0.0488281,1.00079,-1.95225e-07,0.121693,1,0
8.7793,0.0683594,1.00079,-2.51784e-07,0.121693,1,0
8.79883,0.00976562,1.00079,-8.8737e-08,0.119741,1,0
8.79883,0.0292969,1.00079,-1.72759e-07,0.119741,1,0
8.81836,0.00976562,1.00079,-9.75961e-08,0.117789,1,0
8.81836,0.0292969,1.00079,-1.90059e-07,0.117789,1,0
8.79883,0.0488281,1.00079,-2.14873e-07,0.119741,1,0
8.79883,0.0683594,1.00079,-2.77117e-07,0.119741,1,0
8.81836,0.0488281,1.00079,-2.36464e-07,0.117789,1,0
8.81836,0.0683594,1.00079,-3.04958e-07,0.117789,1,0
8.75977,0.0878906,1.00079,-2.6802e-07,0.123645,1,0
8.75977,0.107422,1.00079,-3.11654e-07,0.123645,1,0
8.7793,0.0878906,1.00079,-2.94966e-07,0.121693,1,0
8.7793,0.107422,1.00079,-3.42857e-07,0.121693,1,0
8.75977,0.126953,1.00079,-3.49594e-07,0.123645,1,0
8.75977,0.146484,1.00079,-3.87054e-07,0.123645,1,0
8.7793,0.126953,1.00079,-3.84403e-07,0.121693,1,0
8.7793,0.146484,1.00079,-4.25353e-07,0.121693,1,0
8.79883,0.0878906,1.00079,-3.24585e-07,0.119741,1,0
8.79883,0.107422,1.00079,-3.77157e-07,0.119741,1,0
8.81836,0.0878906,1.00079,-3.5714e-07,0.117789,1,0
8.81836,0.107422,1.00079,-4.14861e-07,0.117789,1,0
8.79883,0.126953,1.00079,-4.22673e-07,0.119741,1,0
8.79883,0.146484,1.00079,-4.67467e-07,0.119741,1,0
8.81836,0.126953,1.00079,-4.64746e-07,0.117789,1,0
8.81836,0.146484,1.00079,-5.13771e-07,0.117789,1,0
8.83789,0.00976562,1.00079,-1.07329e-07,0.115837,1,0
8.83789,0.0292969,1.00079,-2.09069e-07,0.115837,1,0
8.85742,0.00976562,1.00079,-1.18024e-07,0.113885,1,0
8.85742,0.0292969,1.00079,-2.29961e-07,0.113885,1,0
8.83789,0.0488281,1.00079,-2.60192e-07,0.115837,1,0
8.83789,0.0683594,1.00079,-3.35555e-07,0.115837,1,0
8.85742,0.0488281,1.00079,-2.86269e-07,0.113885,1,0
8.85742,0.0683594,1.00079,-3.69183e-07,0.113885,1,0
8.87695,0.00976562,1.00079,-1.29781e-07,0.111932,1,0
8.87695,0.0292969,1.00079,-2.52924e-07,0.111933,1,0
8.89648,0.00976562,1.00079,-1.42708e-07,0.10998,1,0
8.89648,0.0292969,1.00079,-2.78169e-07,0.10998,1,0
8.87695,0.0488281,1.00079,-3.14929e-07,0.111933,1,0
8.87695,0.0683594,1.00079,-4.06141e-07,0.111933,1,0
8.89648,0.0488281,1.00079,-3.46427e-07,0.10998,1,0
8.89648,0.0683594,1.00079,-4.46759e-07,0.109981,1,0
8.83789,0.0878906,1.00079,-3.92923e-07,0.115837,1,0
8.83789,0.107422,1.00079,-4.56307e-07,0.115837,1,0
8.85742,0.0878906,1.00079,-4.32252e-07,0.113885,1,0
8.85742,0.107422,1.00079,-5.01864e-07,0.113885,1,0
8.83789,0.126953,1.00079,-5.11e-07,0.115837,1,0
8.83789,0.146484,1.00079,-5.64682e-07,0.115837,1,0
8.85742,0.126953,1.00079,-5.61847e-07,0.113885,1,0
8.85742,0.146484,1.00079,-6.20655e-07,0.113885,1,0
8.87695,0.0878906,1.00079,-4.75477e-07,0.111933,1,0
8.87695,0.107422,1.00079,-5.51938e-07,0.111933,1,0
8.89648,0.0878906,1.00079,-5.22983e-07,0.109981,1,0
8.89648,0.107422,1.00079,-6.06973e-07,0.109981,1,0
8.87695,0.126953,1.00079,-6.1774e-07,0.111933,1,0
8.87695,0.146484,1.00079,-6.82189e-07,0.111933,1,0
8.89648,0.126953,1.00079,-6.79177e-07,0.109981,1,0
8.89648,0.146484,1.00079,-7.49833e-07,0.109981,1,0
8.75977,0.166016,1.00079,-4.20319e-07,0.123645,1,0
8.75977,0.185547,1.00079,-4.50832e-07,0.123645,1,0
8.7793,0.166016,1.00079,-4.61634e-07,0.121693,1,0
8.7793,0.185547,1.00079,-4.94856e-07,0.121693,1,0
8.75977,0.205078,1.00079,-4.77032e-07,0.123645,1,0
8.75977,0.224609,1.00078,-4.99164e-07,0.123645,1,0
8.7793,0.205078,1.00079,-5.23321e-07,0.121693,1,0
8.7793,0.224609,1.00078,-5.47325e-07,0.121693,1,0
8.79883,0.166016,1.00079,-5.0707e-07,0.119741,1,0
8.79883,0.185547,1.00079,-5.43277e-07,0.119741,1,0
8.81836,0.166016,1.00079,-5.57035e-07,0.117789,1,0
8.81836,0.185547,1.00079,-5.96532e-07,0.117789,1,0
8.79883,0.205078,1.00079,-5.74241e-07,0.119741,1,0
8.79883,0.224609,1.00078,-6.00311e-07,0.119741,1,0
8.81836,0.205078,1.00079,-6.30253e-07,0.117789,1,0
8.81836,0.224609,1.00078,-6.58603e-07,0.117789,1,0
8.75977,0.244141,1.00078,-5.16458e-07,0.123645,1,0
8.75977,0.263672,1.00075,-5.28882e-07,0.123645,1,0
8.7793,0.244141,1.00078,-5.66041e-07,0.121693,1,0
8.7793,0.263672,1.00075,-5.79452e-07,0.121693,1,0
8.75977,0.283203,1.00068,-5.35946e-07,0.123645,1,0
8.75977,0.302734,1.00045,-5.3763e-07,0.123645,1,0
8.7793,0.283203,1.00068,-5.87038e-07,0.121693,1,0
8.7793,0.302734,1.00045,-5.88798e-07,0.121693,1,0
8.79883,0.244141,1.00078,-6.20598e-07,0.119741,1,0
8.79883,0.263672,1.00075,-6.35103e-07,0.119741,1,0
8.81836,0.244141,1.00078,-6.80626e-07,0.117789,1,0
8.81836,0.263672,1.00075,-6.9634e-07,0.117789,1,0
8.79883,0.283203,1.00068,-6.43271e-07,0.119741,1,0
8.79883,0.302734,1.00045,-6.45118e-07,0.119741,1,0
8.81836,0.283203,1.00068,-7.05155e-07,0.117789,1,0
8.81836,0.302734,1.00045,-7.07105e-07,0.117789,1,0
8.83789,0.166016,1.00079,-6.11977e-07,0.115837,1,0
8.83789,0.185547,1.00079,-6.55099e-07,0.115837,1,0
8.85742,0.166016,1.00079,-6.72389e-07,0.113885,1,0
8.85742,0.185547,1.00079,-7.19505e-07,0.113885,1,0
8.83789,0.205078,1.00079,-6.91859e-07,0.115837,1,0
8.83789,0.224609,1.00078,-7.22726e-07,0.115837,1,0
8.85742,0.205078,1.00079,-7.59616e-07,0.113885,1,0
8.85742,0.224609,1.00078,-7.9326e-07,0.113885,1,0
8.87695,0.166016,1.00079,-7.38812e-07,0.111933,1,0
8.87695,0.185547,1.00079,-7.90328e-07,0.111933,1,0
8.89648,0.166016,1.00079,-8.11837e-07,0.109981,1,0
8.89648,0.185547,1.00079,-8.682e-07,0.109981,1,0
8.87695,0.205078,1.00079,-8.34133e-07,0.111933,1,0
8.87695,0.224609,1.00078,-8.70839e-07,0.111933,1,0
8.89648,0.205078,1.00079,-9.16077e-07,0.109981,1,0
8.89648,0.224609,1.00078,-9.56163e-07,0.109981,1,0
8.83789,0.244141,1.00078,-7.46667e-07,0.115837,1,0
8.83789,0.263672,1.00075,-7.6372e-07,0.115837,1,0
8.85742,0.244141,1.00078,-8.19319e-07,0.113885,1,0
8.85742,0.263672,1.00075,-8.37854e-07,0.113885,1,0
8.83789,0.283203,1.00068,-7.73254e-07,0.115837,1,0
8.83789,0.302734,1.00045,-7.75323e-07,0.115837,1,0
8.85742,0.283203,1.00068,-8.48187e-07,0.113885,1,0
8.85742,0.302734,1.00045,-8.50395e-07,0.113885,1,0
8.87695,0.244141,1.00078,-8.99239e-07,0.111933,1,0
8.87695,0.263672,1.00075,-9.19413e-07,0.111933,1,0
8.89648,0.244141,1.00078,-9.87147e-07,0.109981,1,0
8.89648,0.263672,1.00075,-1.00914e-06,0.109981,1,0
8.87695,0.283203,1.00068,-9.30634e-07,0.111933,1,0
8.87695,0.302734,1.00045,-9.33004e-07,0.111933,1,0
8.89648,0.283203,1.00068,-1.02134e-06,0.109981,1,0
8.89648,0.302734,1.00045,-1.0239e-06,0.109982,1,0
8.91602,0.00976562,1.00079,-1.56926e-07,0.108028,1,0
8.91602,0.0292969,1.00079,-3.05922e-07,0.108028,1,0
8.93555,0.00976562,1.00079,-1.72565e-07,0.106076,1,0
8.93555,0.0292969,1.00079,-3.36436e-07,0.106076,1,0
8.91602,0.0488281,1.00079,-3.81045e-07,0.108028,1,0
8.91602,0.0683594,1.00079,-4.91398e-07,0.108028,1,0
8.93555,0.0488281,1.00079,-4.19089e-07,0.106076,1,0
8.93555,0.0683594,1.00079,-5.40454e-07,0.106076,1,0
8.95508,0.00976562,1.00079,-1.89765e-07,0.104124,1,0
8.95508,0.0292969,1.00079,-3.69979e-07,0.104124,1,0
8.97461,0.00976562,1.00079,-2.08679e-07,0.102172,1,0
8.97461,0.0292969,1.00079,-4.06849e-07,0.102172,1,0
8.95508,0.0488281,1.00079,-4.60895e-07,0.104124,1,0
8.95508,0.0683594,1.00079,-5.9436e-07,0.104124,1,0
8.97461,0.0488281,1.00079,-5.0683e-07,0.102172,1,0
8.97461,0.0683594,1.00079,-6.53588e-07,0.102172,1,0
8.91602,0.0878906,1.00079,-5.75192e-07,0.108029,1,0
8.91602,0.107422,1.00079,-6.6746e-07,0.108029,1,0
8.93555,0.0878906,1.00079,-6.32564e-07,0.106076,1,0
8.93555,0.107422,1.00079,-7.33931e-07,0.106077,1,0
8.91602,0.126953,1.00079,-7.46703e-07,0.108029,1,0
8.91602,0.146484,1.00079,-8.24188e-07,0.108029,1,0
8.93555,0.126953,1.00079,-8.20917e-07,0.106077,1,0
8.93555,0.146484,1.00079,-9.05916e-07,0.106077,1,0
8.95508,0.0878906,1.00079,-6.95604e-07,0.104124,1,0
8.95508,0.107422,1.00079,-8.06975e-07,0.104124,1,0
8.97461,0.0878906,1.00079,-7.64866e-07,0.102172,1,0
8.97461,0.107422,1.00079,-8.87233e-07,0.102172,1,0
8.95508,0.126953,1.00079,-9.02473e-07,0.104125,1,0
8.95508,0.146484,1.00079,-9.95738e-07,0.104125,1,0
8.97461,0.126953,1.00079,-9.92091e-07,0.102172,1,0
8.97461,0.146484,1.00079,-1.09445e-06,0.102173,1,0
8.99414,0.00976562,1.00079,-2.29472e-07,0.10022,1,0
8.99414,0.0292969,1.00079,-4.47364e-07,0.10022,1,0
9.01367,0.00976562,1.00079,-2.52322e-07,0.0982679,1,0
9.01367,0.0292969,1.00079,-4.91873e-07,0.0982679,1,0
8.99414,0.0488281,1.00079,-5.57293e-07,0.10022,1,0
8.99414,0.0683594,1.00079,-7.18654e-07,0.10022,1,0
9.01367,0.0488281,1.00079,-6.12722e-07,0.098268,1,0
9.01367,0.0683594,1.00079,-7.90125e-07,0.098268,1,0
9.0332,0.00976562,1.00079,-2.77422e-07,0.0963157,1,0
9.0332,0.0292969,1.00079,-5.40756e-07,0.0963158,1,0
9.05273,0.00976562,1.00079,-3.04984e-07,0.0943636,1,0
9.05273,0.0292969,1.00079,-5.94428e-07,0.0943636,1,0
9.0332,0.0488281,1.00079,-6.73593e-07,0.0963158,1,0
9.0332,0.0683594,1.00079,-8.68617e-07,0.0963159,1,0
9.05273,0.0488281,1.00079,-7.40429e-07,0.0943637,1,0
9.05273,0.0683594,1.00079,-9.54804e-07,0.0943638,1,0
8.99414,0.0878906,1.00079,-8.40956e-07,0.10022,1,0
8.99414,0.107422,1.00079,-9.75408e-07,0.10022,1,0
9.01367,0.0878906,1.00079,-9.24534e-07,0.0982681,1,0
9.01367,0.107422,1.00079,-1.07227e-06,0.0982682,1,0
8.99414,0.126953,1.00079,-1.09056e-06,0.10022,1,0
8.99414,0.146484,1.00079,-1.20292e-06,0.100221,1,0
9.01367,0.126953,1.00079,-1.19874e-06,0.0982683,1,0
9.01367,0.146484,1.00079,-1.32211e-06,0.0982685,1,0
9.0332,0.0878906,1.00079,-1.01633e-06,0.096316,1,0
9.0332,0.107422,1.00079,-1.17866e-06,0.0963161,1,0
9.05273,0.0878906,1.00079,-1.11712e-06,0.0943639,1,0
9.05273,0.107422,1.00079,-1.2955e-06,0.094364,1,0
9.0332,0.126953,1.00079,-1.31757e-06,0.0963162,1,0
9.0332,0.146484,1.00079,-1.45304e-06,0.0963164,1,0
9.05273,0.126953,1.00079,-1.44809e-06,0.0943641,1,0
9.05273,0.146484,1.00079,-1.59688e-06,0.0943643,1,0
8.91602,0.166016,1.00079,-8.92118e-07,0.108029,1,0
8.91602,0.185547,1.00079,-9.53819e-07,0.108029,1,0
8.93555,0.166016,1.00079,-9.80367e-07,0.106077,1,0
8.93555,0.185547,1.00079,-1.04795e-06,0.106077,1,0
8.91602,0.205078,1.00079,-1.00618e-06,0.108029,1,0
8.91602,0.224609,1.00078,-1.05e-06,0.108029,1,0
8.93555,0.205078,1.00079,-1.10526e-06,0.106077,1,0
8.93555,0.224609,1.00078,-1.15319e-06,0.106077,1,0
8.95508,0.166016,1.00079,-1.07737e-06,0.104125,1,0
8.95508,0.185547,1.00079,-1.15143e-06,0.104125,1,0
8.97461,0.166016,1.00079,-1.18398e-06,0.102173,1,0
8.97461,0.185547,1.00079,-1.26517e-06,0.102173,1,0
8.95508,0.205078,1.00079,-1.21419e-06,0.104125,1,0
8.95508,0.224609,1.00078,-1.26665e-06,0.104125,1,0
8.97461,0.205078,1.00079,-1.33395e-06,0.102173,1,0
8.97461,0.224609,1.00078,-1.39142e-06,0.102173,1,0
8.91602,0.244141,1.00078,-1.08384e-06,0.108029,1,0
8.91602,0.263672,1.00075,-1.10783e-06,0.108029,1,0
8.93555,0.244141,1.00078,-1.19018e-06,0.106077,1,0
8.93555,0.263672,1.00075,-1.2164e-06,0.106077,1,0
8.91602,0.283203,1.00068,-1.12114e-06,0.108029,1,0
8.91602,0.302734,1.00045,-1.12392e-06,0.10803,1,0
8.93555,0.283203,1.00068,-1.23093e-06,0.106077,1,0
8.93555,0.302734,1.00045,-1.23395e-06,0.106078,1,0
8.95508,0.244141,1.00078,-1.30713e-06,0.104125,1,0
8.95508,0.263672,1.00075,-1.33581e-06,0.104125,1,0
8.97461,0.244141,1.00078,-1.43574e-06,0.102173,1,0
8.97461,0.263672,1.00075,-1.46714e-06,0.102173,1,0
8.95508,0.283203,1.00068,-1.3517e-06,0.104125,1,0
8.95508,0.302734,1.00045,-1.35502e-06,0.104126,1,0
8.97461,0.283203,1.00068,-1.48455e-06,0.102174,1,0
8.97461,0.302734,1.00045,-1.4882e-06,0.102174,1,0
8.99414,0.166016,1.00079,-1.30115e-06,0.100221,1,0
8.99414,0.185547,1.00079,-1.3902e-06,0.100221,1,0
9.01367,0.166016,1.00079,-1.42991e-06,0.0982686,1,0
9.01367,0.185547,1.00079,-1.52761e-06,0.0982687,1,0
8.99414,0.205078,1.00079,-1.4656e-06,0.100221,1,0
8.99414,0.224609,1.00078,-1.52859e-06,0.100221,1,0
9.01367,0.205078,1.00079,-1.61032e-06,0.0982689,1,0
9.01367,0.224609,1.00078,-1.6794e-06,0.0982691,1,0
9.0332,0.166016,1.00079,-1.57139e-06,0.0963165,1,0
9.0332,0.185547,1.00079,-1.67862e-06,0.0963167,1,0
9.05273,0.166016,1.00079,-1.72682e-06,0.0943644,1,0
9.05273,0.185547,1.00079,-1.84455e-06,0.0943646,1,0
9.0332,0.205078,1.00079,-1.76938e-06,0.0963169,1,0
9.0332,0.224609,1.00078,-1.84519e-06,0.096317,1,0
9.05273,0.205078,1.00079,-1.94419e-06,0.0943648,1,0
9.05273,0.224609,1.00078,-2.02743e-06,0.094365,1,0
8.99414,0.244141,1.00078,-1.57717e-06,0.100221,1,0
8.99414,0.263672,1.00075,-1.61159e-06,0.100221,1,0
9.01367,0.244141,1.00078,-1.73268e-06,0.0982692,1,0
9.01367,0.263672,1.00075,-1.77044e-06,0.0982694,1,0
8.99414,0.283203,1.00068,-1.63068e-06,0.100222,1,0
8.99414,0.302734,1.00045,-1.63473e-06,0.100222,1,0
9.01367,0.283203,1.00068,-1.79141e-06,0.0982696,1,0
9.01367,0.302734,1.00045,-1.79592e-06,0.0982697,1,0
9.0332,0.244141,1.00078,-1.90366e-06,0.0963172,1,0
9.0332,0.263672,1.00075,-1.94513e-06,0.0963174,1,0
9.05273,0.244141,1.00078,-2.09165e-06,0.0943652,1,0
9.05273,0.263672,1.00075,-2.13723e-06,0.0943654,1,0
9.0332,0.283203,1.00068,-1.96819e-06,0.0963176,1,0
9.0332,0.302734,1.00045,-1.97323e-06,0.0963178,1,0
9.05273,0.283203,1.00068,-2.16263e-06,0.0943656,1,0
9.05273,0.302734,1.00045,-2.16829e-06,0.0943658,1,0
8.75977,0.322266,0.999833,-5.33323e-07,0.123645,1,0
8.75977,0.341797,0.998199,-5.23146e-07,0.123645,1,0
8.7793,0.322266,0.999833,-5.8408e-07,0.121693,1,0
8.7793,0.341797,0.998199,-5.73038e-07,0.121693,1,0
8.75977,0.361328,0.994147,-5.05737e-07,0.123645,1,0
8.75977,0.380859,0.984706,-4.81575e-07,0.123645,1,0
8.7793,0.361328,0.994147,-5.54184e-07,0.121693,1,0
8.7793,0.380859,0.984706,-5.28014e-07,0.121694,1,0
8.79883,0.322266,0.999833,-6.39952e-07,0.119741,1,0
8.79883,0.341797,0.998199,-6.27961e-07,0.119741,1,0
8.81836,0.322266,0.999833,-7.01451e-07,0.117789,1,0
8.81836,0.341797,0.998199,-6.88417e-07,0.11779,1,0
8.79883,0.361328,0.994147,-6.07517e-07,0.119742,1,0
8.79883,0.380859,0.984706,-5.79155e-07,0.119742,1,0
8.81836,0.361328,0.994147,-6.66225e-07,0.11779,1,0
8.81836,0.380859,0.984706,-6.3543e-07,0.11779,1,0
8.75977,0.400391,0.964069,-4.46583e-07,0.123646,1,0
8.75977,0.419922,0.921811,-4.01749e-07,0.123646,1,0
8.7793,0.400391,0.964069,-4.90063e-07,0.121694,1,0
8.7793,0.419922,0.921811,-4.41145e-07,0.121694,1,0
8.75977,0.439453,0.84083,-3.34903e-07,0.123646,1,0
8.75977,0.458984,0.695589,-2.50283e-07,0.123646,1,0
8.7793,0.439453,0.84083,-3.68031e-07,0.121694,1,0
8.7793,0.458984,0.695589,-2.75238e-07,0.121694,1,0
8.79883,0.400391,0.964069,-5.3785e-07,0.119742,1,0
8.79883,0.419922,0.921811,-4.84591e-07,0.119742,1,0
8.81836,0.400391,0.964069,-5.90527e-07,0.11779,1,0
8.81836,0.419922,0.921811,-5.32327e-07,0.11779,1,0
8.79883,0.439453,0.84083,-4.04519e-07,0.119742,1,0
8.79883,0.458984,0.695589,-3.02591e-07,0.119742,1,0
8.81836,0.439453,0.84083,-4.44649e-07,0.11779,1,0
8.81836,0.458984,0.695589,-3.32801e-07,0.11779,1,0
8.83789,0.322266,0.999833,-7.69139e-07,0.115837,1,0
8.83789,0.341797,0.998199,-7.54961e-07,0.115838,1,0
8.85742,0.322266,0.999833,-8.43632e-07,0.113886,1,0
8.85742,0.341797,0.998199,-8.28201e-07,0.113886,1,0
8.83789,0.361328,0.994147,-7.30847e-07,0.115838,1,0
8.83789,0.380859,0.984706,-6.97393e-07,0.115838,1,0
8.85742,0.361328,0.994147,-8.01973e-07,0.113886,1,0
8.85742,0.380859,0.984706,-7.65576e-07,0.113886,1,0
8.87695,0.322266,0.999833,-9.25612e-07,0.111934,1,0
8.87695,0.341797,0.998199,-9.08807e-07,0.111934,1,0
8.89648,0.322266,0.999833,-1.01583e-06,0.109982,1,0
8.89648,0.341797,0.998199,-9.97516e-07,0.109982,1,0
8.87695,0.361328,0.994147,-8.80257e-07,0.111934,1,0
8.87695,0.380859,0.984706,-8.4064e-07,0.111934,1,0
8.89648,0.361328,0.994147,-9.66416e-07,0.109982,1,0
8.89648,0.380859,0.984706,-9.23237e-07,0.109982,1,0
8.83789,0.400391,0.964068,-6.48432e-07,0.115838,1,0
8.83789,0.419922,0.921811,-5.84952e-07,0.115838,1,0
8.85742,0.400391,0.964068,-7.12243e-07,0.113886,1,0
8.85742,0.419922,0.921811,-6.42786e-07,0.113886,1,0
8.83789,0.439453,0.84083,-4.88844e-07,0.115838,1,0
8.83789,0.458984,0.695589,-3.65933e-07,0.115838,1,0
8.85742,0.439453,0.840829,-5.37456e-07,0.113886,1,0
8.85742,0.458984,0.695589,-4.02507e-07,0.113886,1,0
8.87695,0.400391,0.964068,-7.82399e-07,0.111934,1,0
8.87695,0.419922,0.921811,-7.06527e-07,0.111934,1,0
8.89648,0.400391,0.964068,-8.59694e-07,0.109982,1,0
8.89648,0.419922,0.921811,-7.76593e-07,0.109982,1,0
8.87695,0.439453,0.840829,-5.90985e-07,0.111934,1,0
8.87695,0.458984,0.695588,-4.4264e-07,0.111934,1,0
8.89648,0.439453,0.840829,-6.49869e-07,0.109982,1,0
8.89648,0.458984,0.695588,-4.86922e-07,0.109982,1,0
8.75977,0.478516,0.451543,-1.21084e-07,0.123646,1,0
8.75977,0.498047,0.066459,3.98293e-08,0.123646,0.6,0
8.7793,0.478516,0.451543,-1.33126e-07,0.121694,1,0
8.7793,0.498047,0.066459,4.39066e-08,0.121694,0.6,0
8.79883,0.478516,0.451543,-1.46427e-07,0.119742,1,0
8.79883,0.498047,0.0664589,4.83723e-08,0.119742,0.6,0
8.81836,0.478516,0.451543,-1.61008e-07,0.11779,1,0
8.81836,0.498047,0.0664588,5.33203e-08,0.11779,0.6,0
8.83789,0.478516,0.451543,-1.77103e-07,0.115838,1,0
8.83789,0.498047,0.0664587,5.87447e-08,0.115838,0.6,0
8.85742,0.478516,0.451542,-1.94756e-07,0.113886,1,0
8.85742,0.498047,0.0664586,6.47501e-08,0.113886,0.6,0
8.87695,0.478516,0.451542,-2.14234e-07,0.111934,1,0
8.87695,0.498047,0.0664584,7.13393e-08,0.111934,0.6,0
8.89648,0.478516,0.451542,-2.35609e-07,0.109982,1,0
8.89648,0.498047,0.0664583,7.86295e-08,0.109982,0.6,0
8.91602,0.322266,0.999833,-1.1151e-06,0.10803,1,0
8.91602,0.341797,0.998199,-1.09514e-06,0.10803,1,0
8.93555,0.322266,0.999833,-1.22433e-06,0.106078,1,0
8.93555,0.341797,0.998199,-1.20257e-06,0.106078,1,0
8.91602,0.361328,0.994147,-1.06124e-06,0.10803,1,0
8.91602,0.380859,0.984706,-1.01416e-06,0.10803,1,0
8.93555,0.361328,0.994147,-1.16559e-06,0.106078,1,0
8.93555,0.380859,0.984706,-1.11422e-06,0.106078,1,0
8.95508,0.322266,0.999833,-1.34452e-06,0.104126,1,0
8.95508,0.341797,0.998199,-1.32079e-06,0.104126,1,0
8.97461,0.322266,0.999833,-1.47676e-06,0.102174,1,0
8.97461,0.341797,0.998198,-1.45087e-06,0.102174,1,0
8.95508,0.361328,0.994147,-1.28044e-06,0.104126,1,0
8.95508,0.380859,0.984706,-1.22436e-06,0.104126,1,0
8.97461,0.361328,0.994147,-1.40683e-06,0.102174,1,0
8.97461,0.380859,0.984706,-1.34555e-06,0.102174,1,0
8.91602,0.400391,0.964068,-9.44687e-07,0.10803,1,0
8.91602,0.419922,0.921811,-8.53798e-07,0.10803,1,0
8.93555,0.400391,0.964068,-1.03831e-06,0.106078,1,0
8.93555,0.419922,0.92181,-9.38682e-07,0.106078,1,0
8.91602,0.439453,0.840829,-7.14707e-07,0.10803,1,0
8.91602,0.458984,0.695588,-5.35535e-07,0.10803,1,0
8.93555,0.439453,0.840829,-7.86039e-07,0.106078,1,0
8.93555,0.458984,0.695588,-5.89155e-07,0.106078,1,0
8.95508,0.400391,0.964068,-1.14128e-06,0.104126,1,0
8.95508,0.419922,0.92181,-1.0322e-06,0.104126,1,0
8.97461,0.400391,0.964068,-1.2547e-06,0.102174,1,0
8.97461,0.419922,0.92181,-1.13504e-06,0.102174,1,0
8.95508,0.439453,0.840829,-8.64582e-07,0.104126,1,0
8.95508,0.458984,0.695587,-6.48047e-07,0.104127,1,0
8.97461,0.439453,0.840828,-9.51002e-07,0.102175,1,0
8.97461,0.458984,0.695587,-7.12986e-07,0.102175,1,0
8.99414,0.322266,0.999833,-1.62227e-06,0.100222,1,0
8.99414,0.341797,0.998198,-1.59402e-06,0.100222,1,0
9.01367,0.322266,0.999833,-1.78236e-06,0.0982699,1,0
9.01367,0.341797,0.998198,-1.75154e-06,0.0982701,1,0
8.99414,0.361328,0.994147,-1.54592e-06,0.100222,1,0
8.99414,0.380859,0.984706,-1.47896e-06,0.100222,1,0
9.01367,0.361328,0.994147,-1.69899e-06,0.0982703,1,0
9.01367,0.380859,0.984705,-1.62578e-06,0.0982704,1,0
9.0332,0.322266,0.999833,-1.9585e-06,0.096318,1,0
9.0332,0.341797,0.998198,-1.92488e-06,0.0963182,1,0
9.05273,0.322266,0.999832,-2.15229e-06,0.0943661,1,0
9.05273,0.341797,0.998198,-2.11562e-06,0.0943663,1,0
9.0332,0.361328,0.994147,-1.86746e-06,0.0963184,1,0
9.0332,0.380859,0.984705,-1.78739e-06,0.0963185,1,0
9.05273,0.361328,0.994147,-2.05287e-06,0.0943665,1,0
9.05273,0.380859,0.984705,-1.96526e-06,0.0943667,1,0
8.99414,0.400391,0.964068,-1.37944e-06,0.100222,1,0
8.99414,0.419922,0.92181,-1.24834e-06,0.100223,1,0
9.01367,0.400391,0.964068,-1.51684e-06,0.0982706,1,0
9.01367,0.419922,0.92181,-1.37296e-06,0.0982707,1,0
8.99414,0.439453,0.840828,-1.04616e-06,0.100223,1,0
8.99414,0.458984,0.695587,-7.8434e-07,0.100223,1,0
9.01367,0.439453,0.840828,-1.15088e-06,0.0982708,1,0
9.01367,0.458984,0.695587,-8.63008e-07,0.0982709,1,0
9.0332,0.400391,0.964068,-1.668e-06,0.0963187,1,0
9.0332,0.419922,0.92181,-1.51023e-06,0.0963189,1,0
9.05273,0.400391,0.964067,-1.83448e-06,0.0943669,1,0
9.05273,0.419922,0.921809,-1.66126e-06,0.094367,1,0
9.0332,0.439453,0.840828,-1.2662e-06,0.096319,1,0
9.0332,0.458984,0.695586,-9.49481e-07,0.0963191,1,0
9.05273,0.439453,0.840827,-1.39312e-06,0.0943672,1,0
9.05273,0.458984,0.695586,-1.04481e-06,0.0943673,1,0
8.91602,0.478516,0.451542,-2.59183e-07,0.10803,1,0
8.91602,0.498047,0.0664581,8.66344e-08,0.10803,0.6,0
8.93555,0.478516,0.451541,-2.85065e-07,0.106078,1,0
8.93555,0.498047,0.066458,9.54863e-08,0.106078,0.6,0
8.95508,0.478516,0.451541,-3.13602e-07,0.104127,1,0
8.95508,0.498047,0.0664578,1.05213e-07,0.104127,0.6,0
8.97461,0.478516,0.45154,-3.44947e-07,0.102175,1,0
8.97461,0.498047,0.0664576,1.15964e-07,0.102175,0.6,0
8.99414,0.478516,0.45154,-3.79501e-07,0.100223,1,0
8.99414,0.498047,0.0664574,1.27784e-07,0.100223,0.6,0
9.01367,0.478516,0.45154,-4.17471e-07,0.098271,1,0
9.01367,0.498047,0.0664571,1.40845e-07,0.098271,0.6,0
9.0332,0.478516,0.451539,-4.59323e-07,0.0963191,1,0
9.0332,0.498047,0.0664568,1.55213e-07,0.0963191,0.6,0
9.05273,0.478516,0.451539,-5.05332e-07,0.0943673,1,0
9.05273,0.498047,0.0664565,1.71087e-07,0.0943673,0.6,0
9.07227,0.00976562,1.00079,-3.35241e-07,0.0924114,1,0
9.07227,0.0292969,1.00079,-6.53343e-07,0.0924115,1,0
9.0918,0.00976562,1.00079,-3.68447e-07,0.0904592,1,0
9.0918,0.0292969,1.00079,-7.18e-07,0.0904593,1,0
9.07227,0.0488281,1.00079,-8.138e-07,0.0924115,1,0
9.07227,0.0683594,1.00079,-1.04942e-06,0.0924116,1,0
9.0918,0.0488281,1.00079,-8.94329e-07,0.0904593,1,0
9.0918,0.0683594,1.00079,-1.15328e-06,0.0904595,1,0
9.11133,0.00976562,1.00079,-4.04885e-07,0.088507,1,0
9.11133,0.0292969,1.00079,-7.88947e-07,0.0885071,1,0
9.13086,0.00976562,1.00079,-4.44865e-07,0.0865547,1,0
9.13086,0.0292969,1.00079,-8.66784e-07,0.0865548,1,0
9.11133,0.0488281,1.00079,-9.82697e-07,0.0885071,1,0
9.11133,0.0683594,1.00079,-1.26726e-06,0.0885073,1,0
9.13086,0.0488281,1.00079,-1.07965e-06,0.0865549,1,0
9.13086,0.0683594,1.00079,-1.39232e-06,0.0865551,1,0
9.07227,0.0878906,1.00079,-1.22779e-06,0.0924117,1,0
9.07227,0.107422,1.00079,-1.4238e-06,0.0924119,1,0
9.0918,0.0878906,1.00079,-1.34927e-06,0.0904596,1,0
9.0918,0.107422,1.00079,-1.56466e-06,0.0904597,1,0
9.07227,0.126953,1.00079,-1.59142e-06,0.092412,1,0
9.07227,0.146484,1.00079,-1.75487e-06,0.0924122,1,0
9.0918,0.126953,1.00079,-1.74881e-06,0.0904599,1,0
9.0918,0.146484,1.00079,-1.92836e-06,0.0904601,1,0
9.11133,0.0878906,1.00079,-1.48261e-06,0.0885074,1,0
9.11133,0.107422,1.00079,-1.71927e-06,0.0885076,1,0
9.13086,0.0878906,1.00079,-1.62891e-06,0.0865552,1,0
9.13086,0.107422,1.00079,-1.88895e-06,0.0865554,1,0
9.11133,0.126953,1.00079,-1.92159e-06,0.0885077,1,0
9.11133,0.146484,1.00079,-2.11887e-06,0.0885079,1,0
9.13086,0.126953,1.00079,-2.11124e-06,0.0865556,1,0
9.13086,0.146484,1.00079,-2.32801e-06,0.0865558,1,0
9.15039,0.00976562,1.00079,-4.88729e-07,0.0846025,1,0
9.15039,0.0292969,1.00079,-9.52166e-07,0.0846026,1,0
9.16992,0.00976562,1.00079,-5.36849e-07,0.0826502,1,0
9.16992,0.0292969,1.00079,-1.04581e-06,0.0826503,1,0
9.15039,0.0488281,1.00079,-1.18599e-06,0.0846027,1,0
9.15039,0.0683594,1.00079,-1.5295e-06,0.0846028,1,0
9.16992,0.0488281,1.00079,-1.30261e-06,0.0826504,1,0
9.16992,0.0683594,1.00079,-1.67995e-06,0.0826506,1,0
9.18945,0.00976562,1.00079,-5.89631e-07,0.0806979,1,0
9.18945,0.0292969,1.00079,-1.14849e-06,0.080698,1,0
9.20898,0.00976562,1.00079,-6.47514e-07,0.0787455,1,0
9.20898,0.0292969,1.00079,-1.26105e-06,0.0787456,1,0
9.18945,0.0488281,1.00079,-1.43046e-06,0.0806981,1,0
9.18945,0.0683594,1.00079,-1.84489e-06,0.0806983,1,0
9.20898,0.0488281,1.00079,-1.57057e-06,0.0787458,1,0
9.20898,0.0683594,1.00079,-2.02567e-06,0.0787459,1,0
9.15039,0.0878906,1.00079,-1.78941e-06,0.084603,1,0
9.15039,0.107422,1.00079,-2.07513e-06,0.0846032,1,0
9.16992,0.0878906,1.00079,-1.96545e-06,0.0826507,1,0
9.16992,0.107422,1.00079,-2.27935e-06,0.0826509,1,0
9.15039,0.126953,1.00079,-2.31936e-06,0.0846034,1,0
9.15039,0.146484,1.00079,-2.55757e-06,0.0846036,1,0
9.16992,0.126953,1.00079,-2.54769e-06,0.0826512,1,0
9.16992,0.146484,1.00079,-2.80949e-06,0.0826514,1,0
9.18945,0.0878906,1.00079,-2.15846e-06,0.0806985,1,0
9.18945,0.107422,1.00079,-2.50331e-06,0.0806987,1,0
9.20898,0.0878906,1.00079,-2.37002e-06,0.0787462,1,0
9.20898,0.107422,1.00079,-2.74883e-06,0.0787464,1,0
9.18945,0.126953,1.00079,-2.79815e-06,0.0806989,1,0
9.18945,0.146484,1.00079,-3.08588e-06,0.0806992,1,0
9.20898,0.126953,1.00079,-3.07278e-06,0.0787467,1,0
9.20898,0.146484,1.00079,-3.38903e-06,0.078747,1,0
9.07227,0.166016,1.00079,-1.89758e-06,0.0924124,1,0
9.07227,0.185547,1.00079,-2.02687e-06,0.0924126,1,0
9.0918,0.166016,1.00079,-2.08513e-06,0.0904603,1,0
9.0918,0.185547,1.00079,-2.22717e-06,0.0904605,1,0
9.07227,0.205078,1.00079,-2.13631e-06,0.0924128,1,0
9.07227,0.224609,1.00078,-2.22774e-06,0.092413,1,0
9.0918,0.205078,1.00079,-2.3474e-06,0.0904607,1,0
9.0918,0.224609,1.00078,-2.4479e-06,0.0904609,1,0
9.11133,0.166016,1.00079,-2.29111e-06,0.0885081,1,0
9.11133,0.185547,1.00079,-2.44719e-06,0.0885084,1,0
9.13086,0.166016,1.00079,-2.51729e-06,0.086556,1,0
9.13086,0.185547,1.00079,-2.68885e-06,0.0865563,1,0
9.11133,0.205078,1.00079,-2.57934e-06,0.0885086,1,0
9.11133,0.224609,1.00078,-2.68984e-06,0.0885089,1,0
9.13086,0.205078,1.00079,-2.83414e-06,0.0865565,1,0
9.13086,0.224609,1.00078,-2.9557e-06,0.0865568,1,0
9.07227,0.244141,1.00078,-2.29832e-06,0.0924132,1,0
9.07227,0.263672,1.00075,-2.34845e-06,0.0924134,1,0
9.0918,0.244141,1.00078,-2.52551e-06,0.0904612,1,0
9.0918,0.263672,1.00075,-2.58071e-06,0.0904614,1,0
9.07227,0.283203,1.00068,-2.37648e-06,0.0924137,1,0
9.07227,0.302734,1.00045,-2.38286e-06,0.0924139,1,0
9.0918,0.283203,1.00068,-2.61166e-06,0.0904617,1,0
9.0918,0.302734,1.00045,-2.61889e-06,0.0904619,1,0
9.11133,0.244141,1.00078,-2.77524e-06,0.0885092,1,0
9.11133,0.263672,1.00075,-2.83607e-06,0.0885094,1,0
9.13086,0.244141,1.00078,-3.04974e-06,0.0865571,1,0
9.13086,0.263672,1.00075,-3.11682e-06,0.0865574,1,0
9.11133,0.283203,1.00068,-2.87031e-06,0.0885097,1,0
9.11133,0.302734,1.00045,-2.87853e-06,0.08851,1,0
9.13086,0.283203,1.00068,-3.15474e-06,0.0865577,1,0
9.13086,0.302734,1.00045,-3.16413e-06,0.086558,1,0
9.15039,0.166016,1.00079,-2.7656e-06,0.0846039,1,0
9.15039,0.185547,1.00079,-2.95422e-06,0.0846042,1,0
9.16992,0.166016,1.00079,-3.03817e-06,0.0826517,1,0
9.16992,0.185547,1.00079,-3.24558e-06,0.082652,1,0
9.15039,0.205078,1.00079,-3.11402e-06,0.0846045,1,0
9.15039,0.224609,1.00078,-3.24782e-06,0.0846048,1,0
9.16992,0.205078,1.00079,-3.42141e-06,0.0826524,1,0
9.16992,0.224609,1.00078,-3.56874e-06,0.0826527,1,0
9.18945,0.166016,1.00079,-3.33729e-06,0.0806995,1,0
9.18945,0.185547,1.00079,-3.56543e-06,0.0806999,1,0
9.20898,0.166016,1.00079,-3.66548e-06,0.0787473,1,0
9.20898,0.185547,1.00079,-3.91648e-06,0.0787477,1,0
9.18945,0.205078,1.00079,-3.75896e-06,0.0807002,1,0
9.18945,0.224609,1.00078,-3.92126e-06,0.0807006,1,0
9.20898,0.205078,1.00079,-4.12957e-06,0.0787481,1,0
9.20898,0.224609,1.00078,-4.30846e-06,0.0787485,1,0
9.15039,0.244141,1.00078,-3.35142e-06,0.0846051,1,0
9.15039,0.263672,1.00075,-3.42548e-06,0.0846054,1,0
9.16992,0.244141,1.00078,-3.68296e-06,0.0826531,1,0
9.16992,0.263672,1.00075,-3.76478e-06,0.0826534,1,0
9.15039,0.283203,1.00068,-3.46753e-06,0.0846058,1,0
9.15039,0.302734,1.00045,-3.47828e-06,0.0846061,1,0
9.16992,0.283203,1.00068,-3.8115e-06,0.0826538,1,0
9.16992,0.302734,1.00045,-3.82386e-06,0.0826542,1,0
9.18945,0.244141,1.00078,-4.04728e-06,0.080701,1,0
9.18945,0.263672,1.00075,-4.13776e-06,0.0807014,1,0
9.20898,0.244141,1.00078,-4.44757e-06,0.0787489,1,0
9.20898,0.263672,1.00075,-4.54774e-06,0.0787494,1,0
9.18945,0.283203,1.00068,-4.18973e-06,0.0807018,1,0
9.18945,0.302734,1.00045,-4.204e-06,0.0807022,1,0
9.20898,0.283203,1.00068,-4.60564e-06,0.0787498,1,0
9.20898,0.302734,1.00045,-4.62216e-06,0.0787503,1,0
9.22852,0.00976562,1.00079,-7.1097e-07,0.0767931,1,0
9.22852,0.0292969,1.00079,-1.38438e-06,0.0767933,1,0
9.24805,0.00976562,1.00079,-7.80507e-07,0.0748407,1,0
9.24805,0.0292969,1.00079,-1.51947e-06,0.0748408,1,0
9.22852,0.0488281,1.00079,-1.72406e-06,0.0767934,1,0
9.22852,0.0683594,1.00079,-2.22373e-06,0.0767936,1,0
9.24805,0.0488281,1.00079,-1.89215e-06,0.074841,1,0
9.24805,0.0683594,1.00079,-2.44063e-06,0.0748412,1,0
9.26758,0.00976562,1.00079,-8.5667e-07,0.0728882,1,0
9.26758,0.0292969,1.00079,-1.66736e-06,0.0728884,1,0
9.28711,0.00976562,1.00079,-9.40043e-07,0.0709356,1,0
9.28711,0.0292969,1.00079,-1.82916e-06,0.0709358,1,0
9.26758,0.0488281,1.00079,-2.07611e-06,0.0728885,1,0
9.26758,0.0683594,1.00079,-2.67805e-06,0.0728888,1,0
9.28711,0.0488281,1.00079,-2.27735e-06,0.070936,1,0
9.28711,0.0683594,1.00079,-2.93781e-06,0.0709363,1,0
9.22852,0.0878906,1.00079,-2.60182e-06,0.0767938,1,0
9.22852,0.107422,1.00079,-3.01791e-06,0.0767941,1,0
9.24805,0.0878906,1.00079,-2.8557e-06,0.0748414,1,0
9.24805,0.107422,1.00079,-3.31268e-06,0.0748417,1,0
9.22852,0.126953,1.00079,-3.37383e-06,0.0767944,1,0
9.22852,0.146484,1.00079,-3.72144e-06,0.0767947,1,0
9.24805,0.126953,1.00079,-3.70372e-06,0.0748421,1,0
9.24805,0.146484,1.00079,-4.08582e-06,0.0748425,1,0
9.26758,0.0878906,1.00079,-3.13364e-06,0.072889,1,0
9.26758,0.107422,1.00079,-3.63547e-06,0.0728894,1,0
9.28711,0.0878906,1.00079,-3.43775e-06,0.0709366,1,0
9.28711,0.107422,1.00079,-3.98877e-06,0.0709369,1,0
9.26758,0.126953,1.00079,-4.06507e-06,0.0728897,1,0
9.26758,0.146484,1.00079,-4.4851e-06,0.0728901,1,0
9.28711,0.126953,1.00079,-4.4607e-06,0.0709373,1,0
9.28711,0.146484,1.00079,-4.92244e-06,0.0709378,1,0
9.30664,0.00976562,1.0008,-1.03125e-06,0.068983,1,0
9.30664,0.0292969,1.00079,-2.00609e-06,0.0689833,1,0
9.32617,0.00976562,1.0008,-1.13097e-06,0.0670304,1,0
9.32617,0.0292969,1.00079,-2.19941e-06,0.0670306,1,0
9.30664,0.0488281,1.00079,-2.49735e-06,0.0689834,1,0
9.30664,0.0683594,1.00079,-3.22182e-06,0.0689837,1,0
9.32617,0.0488281,1.00079,-2.73769e-06,0.0670308,1,0
9.32617,0.0683594,1.00079,-3.53215e-06,0.0670311,1,0
9.3457,0.00976562,1.0008,-1.23991e-06,0.0650777,1,0
9.3457,0.0292969,1.00079,-2.41049e-06,0.0650779,1,0
9.36523,0.00976562,1.0008,-1.35884e-06,0.0631249,1,0
9.36523,0.0292969,1.00079,-2.64078e-06,0.0631252,1,0
9.3457,0.0488281,1.00079,-3.00008e-06,0.0650781,1,0
9.3457,0.0683594,1.00079,-3.871e-06,0.0650785,1,0
9.36523,0.0488281,1.00079,-3.28628e-06,0.0631254,1,0
9.36523,0.0683594,1.00079,-4.24069e-06,0.0631258,1,0
9.30664,0.0878906,1.00079,-3.77032e-06,0.0689841,1,0
9.30664,0.107422,1.00079,-4.37525e-06,0.0689845,1,0
9.32617,0.0878906,1.00079,-4.13378e-06,0.0670315,1,0
9.32617,0.107422,1.00079,-4.79779e-06,0.0670319,1,0
9.30664,0.126953,1.00079,-4.89366e-06,0.0689849,1,0
9.30664,0.146484,1.00079,-5.40126e-06,0.0689854,1,0
9.32617,0.126953,1.00079,-5.3672e-06,0.0670324,1,0
9.32617,0.146484,1.00079,-5.92524e-06,0.0670329,1,0
9.3457,0.0878906,1.00079,-4.53072e-06,0.0650789,1,0
9.3457,0.107422,1.00079,-5.25945e-06,0.0650793,1,0
9.36523,0.0878906,1.00079,-4.9639e-06,0.0631262,1,0
9.36523,0.107422,1.00079,-5.76347e-06,0.0631267,1,0
9.3457,0.126953,1.00079,-5.88482e-06,0.0650799,1,0
9.3457,0.146484,1.00079,-6.4983e-06,0.0650805,1,0
9.36523,0.126953,1.00079,-6.45022e-06,0.0631273,1,0
9.36523,0.146484,1.00079,-7.12467e-06,0.0631279,1,0
9.22852,0.166016,1.00079,-4.02547e-06,0.0767951,1,0
9.22852,0.185547,1.00079,-4.30169e-06,0.0767955,1,0
9.24805,0.166016,1.00079,-4.42022e-06,0.0748429,1,0
9.24805,0.185547,1.00079,-4.72426e-06,0.0748433,1,0
9.22852,0.205078,1.00079,-4.53639e-06,0.076796,1,0
9.22852,0.224609,1.00078,-4.73366e-06,0.0767964,1,0
9.24805,0.205078,1.00079,-4.98288e-06,0.0748438,1,0
9.24805,0.224609,1.00078,-5.20054e-06,0.0748443,1,0
9.26758,0.166016,1.00079,-4.85295e-06,0.0728906,1,0
9.26758,0.185547,1.00079,-5.18771e-06,0.0728911,1,0
9.28711,0.166016,1.00079,-5.32715e-06,0.0709383,1,0
9.28711,0.185547,1.00079,-5.69583e-06,0.0709388,1,0
9.26758,0.205078,1.00079,-5.47279e-06,0.0728916,1,0
9.26758,0.224609,1.00079,-5.71307e-06,0.0728921,1,0
9.28711,0.205078,1.00079,-6.0102e-06,0.0709394,1,0
9.28711,0.224609,1.00079,-6.27562e-06,0.07094,1,0
9.22852,0.244141,1.00078,-4.88736e-06,0.0767969,1,0
9.22852,0.263672,1.00075,-4.99834e-06,0.0767974,1,0
9.24805,0.244141,1.00078,-5.37046e-06,0.0748448,1,0
9.24805,0.263672,1.00075,-5.49358e-06,0.0748453,1,0
9.22852,0.283203,1.00068,-5.06297e-06,0.0767978,1,0
9.22852,0.302734,1.00045,-5.08216e-06,0.0767983,1,0
9.24805,0.283203,1.00068,-5.56583e-06,0.0748459,1,0
9.24805,0.302734,1.00045,-5.58819e-06,0.0748464,1,0
9.26758,0.244141,1.00078,-5.90109e-06,0.0728927,1,0
9.26758,0.263672,1.00075,-6.03781e-06,0.0728933,1,0
9.28711,0.244141,1.00078,-6.48383e-06,0.0709406,1,0
9.28711,0.263672,1.00075,-6.63585e-06,0.0709412,1,0
9.26758,0.283203,1.00068,-6.11873e-06,0.0728939,1,0
9.26758,0.302734,1.00045,-6.14488e-06,0.0728945,1,0
9.28711,0.283203,1.00068,-6.72666e-06,0.0709419,1,0
9.28711,0.302734,1.00045,-6.75731e-06,0.0709425,1,0
9.30664,0.166016,1.00079,-5.84659e-06,0.0689859,1,0
9.30664,0.185547,1.00079,-6.25273e-06,0.0689865,1,0
9.32617,0.166016,1.00079,-6.41534e-06,0.0670335,1,0
9.32617,0.185547,1.00079,-6.86286e-06,0.0670342,1,0
9.30664,0.205078,1.00079,-6.59955e-06,0.0689871,1,0
9.30664,0.224609,1.00079,-6.89293e-06,0.0689878,1,0
9.32617,0.205078,1.00079,-7.24567e-06,0.0670348,1,0
9.32617,0.224609,1.00079,-7.57016e-06,0.0670356,1,0
9.3457,0.166016,1.00079,-7.03775e-06,0.0650811,1,0
9.3457,0.185547,1.00079,-7.53103e-06,0.0650818,1,0
9.36523,0.166016,1.00079,-7.71853e-06,0.0631286,1,0
9.36523,0.185547,1.00079,-8.26242e-06,0.0631294,1,0
9.3457,0.205078,1.00079,-7.95377e-06,0.0650825,1,0
9.3457,0.224609,1.00079,-8.31292e-06,0.0650833,1,0
9.36523,0.205078,1.00079,-8.72948e-06,0.0631302,1,0
9.36523,0.224609,1.00079,-9.12731e-06,0.063131,1,0
9.30664,0.244141,1.00078,-7.12371e-06,0.0689885,1,0
9.30664,0.263672,1.00075,-7.29295e-06,0.0689892,1,0
9.32617,0.244141,1.00078,-7.8262e-06,0.0670363,1,0
9.32617,0.263672,1.00075,-8.01487e-06,0.0670371,1,0
9.30664,0.283203,1.00068,-7.39505e-06,0.0689899,1,0
9.30664,0.302734,1.00045,-7.4311e-06,0.0689906,1,0
9.32617,0.283203,1.00068,-8.12992e-06,0.0670379,1,0
9.32617,0.302734,1.00045,-8.17242e-06,0.0670387,1,0
9.3457,0.244141,1.00078,-8.59728e-06,0.0650841,1,0
9.3457,0.263672,1.00075,-8.80792e-06,0.065085,1,0
9.36523,0.244141,1.00078,-9.44346e-06,0.0631319,1,0
9.36523,0.263672,1.00075,-9.67898e-06,0.0631329,1,0
9.3457,0.283203,1.00068,-8.93783e-06,0.0650858,1,0
9.3457,0.302734,1.00045,-8.98808e-06,0.0650867,1,0
9.36523,0.283203,1.00068,-9.82603e-06,0.0631338,1,0
9.36523,0.302734,1.00045,-9.88558e-06,0.0631348,1,0
9.07227,0.322266,0.999832,-2.36551e-06,0.0924141,1,0
9.07227,0.341797,0.998198,-2.32552e-06,0.0924144,1,0
9.0918,0.322266,0.999832,-2.6001e-06,0.0904622,1,0
9.0918,0.341797,0.998198,-2.5565e-06,0.0904625,1,0
9.07227,0.361328,0.994146,-2.25693e-06,0.0924146,1,0
9.07227,0.380859,0.984705,-2.16107e-06,0.0924148,1,0
9.0918,0.361328,0.994146,-2.48152e-06,0.0904627,1,0
9.0918,0.380859,0.984705,-2.3766e-06,0.0904629,1,0
9.11133,0.322266,0.999832,-2.85821e-06,0.0885103,1,0
9.11133,0.341797,0.998198,-2.81069e-06,0.0885106,1,0
9.13086,0.322266,0.999832,-3.1422e-06,0.0865584,1,0
9.13086,0.341797,0.998198,-3.09043e-06,0.0865587,1,0
9.11133,0.361328,0.994146,-2.72874e-06,0.0885108,1,0
9.11133,0.380859,0.984705,-2.6139e-06,0.0885111,1,0
9.13086,0.361328,0.994146,-3.00086e-06,0.086559,1,0
9.13086,0.380859,0.984705,-2.87514e-06,0.0865593,1,0
9.07227,0.400391,0.964067,-2.01767e-06,0.092415,1,0
9.07227,0.419922,0.921809,-1.82764e-06,0.0924152,1,0
9.0918,0.400391,0.964067,-2.21945e-06,0.0904632,1,0
9.0918,0.419922,0.921809,-2.01074e-06,0.0904634,1,0
9.07227,0.439453,0.840827,-1.5329e-06,0.0924153,1,0
9.07227,0.458984,0.695585,-1.14964e-06,0.0924154,1,0
9.0918,0.439453,0.840827,-1.68679e-06,0.0904635,1,0
9.0918,0.458984,0.695585,-1.26521e-06,0.0904637,1,0
9.11133,0.400391,0.964067,-2.44152e-06,0.0885113,1,0
9.11133,0.419922,0.921809,-2.21247e-06,0.0885116,1,0
9.13086,0.400391,0.964067,-2.68616e-06,0.0865595,1,0
9.13086,0.419922,0.921808,-2.43453e-06,0.0865598,1,0
9.11133,0.439453,0.840826,-1.85631e-06,0.0885118,1,0
9.11133,0.458984,0.695584,-1.39234e-06,0.0885119,1,0
9.13086,0.439453,0.840826,-2.04298e-06,0.08656,1,0
9.13086,0.458984,0.695584,-1.53252e-06,0.0865601,1,0
9.15039,0.322266,0.999832,-3.45468e-06,0.0846064,1,0
9.15039,0.341797,0.998198,-3.39831e-06,0.0846068,1,0
9.16992,0.322266,0.999832,-3.79851e-06,0.0826545,1,0
9.16992,0.341797,0.998198,-3.73718e-06,0.0826549,1,0
9.15039,0.361328,0.994146,-3.30043e-06,0.0846071,1,0
9.15039,0.380859,0.984705,-3.1628e-06,0.0846074,1,0
9.16992,0.361328,0.994146,-3.63024e-06,0.0826553,1,0
9.16992,0.380859,0.984704,-3.47956e-06,0.0826556,1,0
9.18945,0.322266,0.999832,-4.17685e-06,0.0807026,1,0
9.18945,0.341797,0.998198,-4.11019e-06,0.080703,1,0
9.20898,0.322266,0.999832,-4.59319e-06,0.0787507,1,0
9.20898,0.341797,0.998198,-4.5208e-06,0.0787512,1,0
9.18945,0.361328,0.994146,-3.99338e-06,0.0807034,1,0
9.18945,0.380859,0.984704,-3.82845e-06,0.0807038,1,0
9.20898,0.361328,0.994146,-4.39326e-06,0.0787516,1,0
9.20898,0.380859,0.984704,-4.21272e-06,0.0787521,1,0
9.15039,0.400391,0.964066,-2.95548e-06,0.0846077,1,0
9.15039,0.419922,0.921808,-2.67923e-06,0.084608,1,0
9.16992,0.400391,0.964066,-3.25222e-06,0.082656,1,0
9.16992,0.419922,0.921808,-2.94869e-06,0.0826562,1,0
9.15039,0.439453,0.840825,-2.24865e-06,0.0846082,1,0
9.15039,0.458984,0.695583,-1.6868e-06,0.0846084,1,0
9.16992,0.439453,0.840825,-2.47522e-06,0.0826565,1,0
9.16992,0.458984,0.695582,-1.85694e-06,0.0826567,1,0
9.18945,0.400391,0.964066,-3.57901e-06,0.0807042,1,0
9.18945,0.419922,0.921807,-3.24569e-06,0.0807045,1,0
9.20898,0.400391,0.964066,-3.93917e-06,0.0787525,1,0
9.20898,0.419922,0.921807,-3.57289e-06,0.0787528,1,0
9.18945,0.439453,0.840824,-2.72494e-06,0.0807048,1,0
9.18945,0.458984,0.695581,-2.0443e-06,0.080705,1,0
9.20898,0.439453,0.840824,-3.00015e-06,0.0787531,1,0
9.20898,0.458984,0.69558,-2.25098e-06,0.0787533,1,0
9.07227,0.478516,0.451538,-5.56046e-07,0.0924155,1,0
9.07227,0.498047,0.0664562,1.88558e-07,0.0924155,0.6,0
9.0918,0.478516,0.451537,-6.1182e-07,0.0904637,1,0
9.0918,0.498047,0.0664558,2.07857e-07,0.0904637,0.6,0
9.11133,0.478516,0.451536,-6.73303e-07,0.088512,1,0
9.11133,0.498047,0.0664554,2.29109e-07,0.0885119,0.6,0
9.13086,0.478516,0.451536,-7.40953e-07,0.0865602,1,0
9.13086,0.498047,0.066455,2.52586e-07,0.0865602,0.6,0
9.15039,0.478516,0.451535,-8.15542e-07,0.0846085,1,0
9.15039,0.498047,0.0664545,2.78453e-07,0.0846085,0.6,0
9.16992,0.478516,0.451534,-8.97658e-07,0.0826568,1,0
9.16992,0.498047,0.066454,3.0703e-07,0.0826568,0.6,0
9.18945,0.478516,0.451533,-9.88224e-07,0.0807051,1,0
9.18945,0.498047,0.0664534,3.38535e-07,0.0807051,0.6,0
9.20898,0.478516,0.451531,-1.08799e-06,0.0787534,1,0
9.20898,0.498047,0.0664528,3.7335e-07,0.0787534,0.6,0
9.22852,0.322266,0.999832,-5.05138e-06,0.0767988,1,0
9.22852,0.341797,0.998198,-4.97286e-06,0.0767993,1,0
9.24805,0.322266,0.999832,-5.55564e-06,0.074847,1,0
9.24805,0.341797,0.998197,-5.47059e-06,0.0748475,1,0
9.22852,0.361328,0.994145,-4.83367e-06,0.0767998,1,0
9.22852,0.380859,0.984704,-4.6361e-06,0.0768003,1,0
9.24805,0.361328,0.994145,-5.31876e-06,0.074848,1,0
9.24805,0.380859,0.984703,-5.10259e-06,0.0748485,1,0
9.26758,0.322266,0.999832,-6.11066e-06,0.0728951,1,0
9.26758,0.341797,0.998197,-6.01868e-06,0.0728957,1,0
9.28711,0.322266,0.999832,-6.7216e-06,0.0709432,1,0
9.28711,0.341797,0.998197,-6.62233e-06,0.0709439,1,0
9.26758,0.361328,0.994145,-5.85319e-06,0.0728963,1,0
9.26758,0.380859,0.984703,-5.61675e-06,0.0728968,1,0
9.28711,0.361328,0.994145,-6.44206e-06,0.0709445,1,0
9.28711,0.380859,0.984703,-6.18353e-06,0.0709451,1,0
9.22852,0.400391,0.964065,-4.33597e-06,0.0768007,1,0
9.22852,0.419922,0.921806,-3.93366e-06,0.0768011,1,0
9.24805,0.400391,0.964065,-4.77345e-06,0.074849,1,0
9.24805,0.419922,0.921806,-4.33133e-06,0.0748495,1,0
9.22852,0.439453,0.840823,-3.30361e-06,0.0768015,1,0
9.22852,0.458984,0.695579,-2.47873e-06,0.0768017,1,0
9.24805,0.439453,0.840822,-3.63823e-06,0.0748498,1,0
9.24805,0.458984,0.695578,-2.73008e-06,0.0748501,1,0
9.26758,0.400391,0.964064,-5.25568e-06,0.0728974,1,0
9.26758,0.419922,0.921805,-4.77001e-06,0.0728978,1,0
9.28711,0.400391,0.964064,-5.7876e-06,0.0709457,1,0
9.28711,0.419922,0.921805,-5.25387e-06,0.0709462,1,0
9.26758,0.439453,0.840821,-4.00741e-06,0.0728982,1,0
9.26758,0.458984,0.695577,-3.00727e-06,0.0728985,1,0
9.28711,0.439453,0.84082,-4.41478e-06,0.0709467,1,0
9.28711,0.458984,0.695576,-3.31338e-06,0.070947,1,0
9.30664,0.322266,0.999832,-7.39417e-06,0.0689913,1,0
9.30664,0.341797,0.998197,-7.28725e-06,0.0689921,1,0
9.32617,0.322266,0.999832,-8.13466e-06,0.0670395,1,0
9.32617,0.341797,0.998197,-8.01981e-06,0.0670403,1,0
9.30664,0.361328,0.994145,-7.09108e-06,0.0689928,1,0
9.30664,0.380859,0.984703,-6.80854e-06,0.0689935,1,0
9.32617,0.361328,0.994144,-7.80656e-06,0.0670411,1,0
9.32617,0.380859,0.984702,-7.49791e-06,0.0670418,1,0
9.3457,0.322266,0.999832,-8.95004e-06,0.0650876,1,0
9.3457,0.341797,0.998197,-8.82705e-06,0.0650885,1,0
9.36523,0.322266,0.999832,-9.84801e-06,0.0631358,1,0
9.36523,0.341797,0.998197,-9.71678e-06,0.0631367,1,0
9.3457,0.361328,0.994144,-8.59552e-06,0.0650894,1,0
9.3457,0.380859,0.984702,-8.25859e-06,0.0650902,1,0
9.36523,0.361328,0.994144,-9.46578e-06,0.0631377,1,0
9.36523,0.380859,0.984701,-9.0982e-06,0.0631386,1,0
9.30664,0.400391,0.964064,-6.37431e-06,0.0689941,1,0
9.30664,0.419922,0.921804,-5.78797e-06,0.0689947,1,0
9.32617,0.400391,0.964063,-7.02189e-06,0.0670425,1,0
9.32617,0.419922,0.921803,-6.37752e-06,0.0670432,1,0
9.30664,0.439453,0.840819,-4.86455e-06,0.0689952,1,0
9.30664,0.458984,0.695574,-3.65125e-06,0.0689955,1,0
9.32617,0.439453,0.840818,-5.36127e-06,0.0670437,1,0
9.32617,0.458984,0.695573,-4.02469e-06,0.0670441,1,0
9.3457,0.400391,0.964062,-7.73673e-06,0.065091,1,0
9.3457,0.419922,0.921802,-7.02884e-06,0.0650917,1,0
9.36523,0.400391,0.964062,-8.52638e-06,0.0631395,1,0
9.36523,0.419922,0.921801,-7.7485e-06,0.0631402,1,0
9.3457,0.439453,0.840817,-5.91019e-06,0.0650923,1,0
9.3457,0.458984,0.695571,-4.43734e-06,0.0650927,1,0
9.36523,0.439453,0.840816,-6.51705e-06,0.0631409,1,0
9.36523,0.458984,0.695569,-4.89393e-06,0.0631414,1,0
9.22852,0.478516,0.45153,-1.19808e-06,0.0768018,1,0
9.22852,0.498047,0.0664521,4.11757e-07,0.0768018,0.6,0
9.24805,0.478516,0.451529,-1.31945e-06,0.0748502,1,0
9.24805,0.498047,0.0664513,4.54214e-07,0.0748502,0.6,0
9.26758,0.478516,0.451527,-1.45346e-06,0.0728987,1,0
9.26758,0.498047,0.0664505,5.01087e-07,0.0728987,0.6,0
9.28711,0.478516,0.451525,-1.60133e-06,0.0709472,1,0
9.28711,0.498047,0.0664495,5.5293e-07,0.0709472,0.6,0
9.30664,0.478516,0.451523,-1.76474e-06,0.0689957,1,0
9.30664,0.498047,0.0664485,6.10214e-07,0.0689957,0.6,0
9.32617,0.478516,0.451521,-1.94526e-06,0.0670443,1,0
9.32617,0.498047,0.0664473,6.73618e-07,0.0670443,0.6,0
9.3457,0.478516,0.451519,-2.14497e-06,0.0650929,1,0
9.3457,0.498047,0.0664461,7.43748e-07,0.0650929,0.6,0
9.36523,0.478516,0.451516,-2.36589e-06,0.0631416,1,0
9.36523,0.498047,0.0664447,8.21444e-07,0.0631416,0.6,0
9.38477,0.00976562,1.0008,-1.48857e-06,0.061172,1,0
9.38477,0.0292969,1.0008,-2.89179e-06,0.0611723,1,0
9.4043,0.00976562,1.0008,-1.62994e-06,0.059219,1,0
9.4043,0.0292969,1.0008,-3.16514e-06,0.0592194,1,0
9.38477,0.0488281,1.0008,-3.59818e-06,0.0611726,1,0
9.38477,0.0683594,1.0008,-4.64367e-06,0.061173,1,0
9.4043,0.0488281,1.0008,-3.93773e-06,0.0592196,1,0
9.4043,0.0683594,1.0008,-5.0825e-06,0.0592201,1,0
9.42383,0.00976562,1.0008,-1.78386e-06,0.057266,1,0
9.42383,0.0292969,1.0008,-3.46247e-06,0.0572664,1,0
9.44336,0.00976562,1.0008,-1.95125e-06,0.0553128,1,0
9.44336,0.0292969,1.0008,-3.78551e-06,0.0553132,1,0
9.42383,0.0488281,1.0008,-4.30698e-06,0.0572666,1,0
9.42383,0.0683594,1.0008,-5.55983e-06,0.0572671,1,0
9.44336,0.0488281,1.0008,-4.70801e-06,0.0553135,1,0
9.44336,0.0683594,1.0008,-6.07841e-06,0.0553141,1,0
9.38477,0.0878906,1.00079,-5.4362e-06,0.0611734,1,0
9.38477,0.107422,1.00079,-6.31329e-06,0.061174,1,0
9.4043,0.0878906,1.0008,-5.95067e-06,0.0592206,1,0
9.4043,0.107422,1.0008,-6.91253e-06,0.0592212,1,0
9.38477,0.126953,1.00079,-7.06736e-06,0.0611746,1,0
9.38477,0.146484,1.00079,-7.80882e-06,0.0611753,1,0
9.4043,0.126953,1.00079,-7.74039e-06,0.0592219,1,0
9.4043,0.146484,1.00079,-8.55551e-06,0.0592226,1,0
9.42383,0.0878906,1.0008,-6.51046e-06,0.0572677,1,0
9.42383,0.107422,1.0008,-7.56497e-06,0.0572683,1,0
9.44336,0.0878906,1.0008,-7.11883e-06,0.0553147,1,0
9.44336,0.107422,1.0008,-8.2745e-06,0.0553154,1,0
9.42383,0.126953,1.0008,-8.47367e-06,0.0572691,1,0
9.42383,0.146484,1.00079,-9.36974e-06,0.0572699,1,0
9.44336,0.126953,1.0008,-9.27173e-06,0.0553162,1,0
9.44336,0.146484,1.0008,-1.02567e-05,0.0553171,1,0
9.46289,0.00976562,1.00081,-2.13305e-06,0.0533596,1,0
9.46289,0.0292969,1.0008,-4.13598e-06,0.05336,1,0
9.48242,0.00976562,1.00081,-2.33024e-06,0.0514062,1,0
9.48242,0.0292969,1.0008,-4.51565e-06,0.0514066,1,0
9.46289,0.0488281,1.0008,-5.14293e-06,0.0533603,1,0
9.46289,0.0683594,1.0008,-6.64101e-06,0.0533609,1,0
9.48242,0.0488281,1.0008,-5.61387e-06,0.051407,1,0
9.48242,0.0683594,1.0008,-7.25043e-06,0.0514076,1,0
9.50195,0.00976562,1.00081,-2.54379e-06,0.0494527,1,0
9.50195,0.0292969,1.0008,-4.92623e-06,0.0494532,1,0
9.52148,0.00976562,1.00081,-2.77465e-06,0.047499,1,0
9.52148,0.0292969,1.00081,-5.36939e-06,0.0474996,1,0
9.50195,0.0488281,1.0008,-6.12291e-06,0.0494536,1,0
9.50195,0.0683594,1.0008,-7.90942e-06,0.0494542,1,0
9.52148,0.0488281,1.0008,-6.67202e-06,0.0475,1,0
9.52148,0.0683594,1.0008,-8.62061e-06,0.0475007,1,0
9.46289,0.0878906,1.0008,-7.77909e-06,0.0533615,1,0
9.46289,0.107422,1.0008,-9.04514e-06,0.0533623,1,0
9.48242,0.0878906,1.0008,-8.4946e-06,0.0514083,1,0
9.48242,0.107422,1.0008,-9.88095e-06,0.0514092,1,0
9.46289,0.126953,1.0008,-1.01393e-05,0.0533632,1,0
9.46289,0.146484,1.0008,-1.1222e-05,0.0533642,1,0
9.48242,0.126953,1.0008,-1.1081e-05,0.0514101,1,0
9.48242,0.146484,1.0008,-1.2271e-05,0.0514112,1,0
9.50195,0.0878906,1.0008,-9.26865e-06,0.049455,1,0
9.50195,0.107422,1.0008,-1.0786e-05,0.0494559,1,0
9.52148,0.0878906,1.0008,-1.01044e-05,0.0475015,1,0
9.52148,0.107422,1.0008,-1.17641e-05,0.0475025,1,0
9.50195,0.126953,1.0008,-1.21018e-05,0.0494569,1,0
9.50195,0.146484,1.0008,-1.34095e-05,0.0494581,1,0
9.52148,0.126953,1.0008,-1.32064e-05,0.0475036,1,0
9.52148,0.146484,1.0008,-1.46432e-05,0.0475048,1,0
9.38477,0.166016,1.00079,-8.46269e-06,0.0611761,1,0
9.38477,0.185547,1.00079,-9.06256e-06,0.0611769,1,0
9.4043,0.166016,1.00079,-9.27555e-06,0.0592235,1,0
9.4043,0.185547,1.00079,-9.93741e-06,0.0592244,1,0
9.38477,0.205078,1.00079,-9.57889e-06,0.0611778,1,0
9.38477,0.224609,1.00079,-1.00199e-05,0.0611787,1,0
9.4043,0.205078,1.00079,-1.05085e-05,0.0592254,1,0
9.4043,0.224609,1.00079,-1.09979e-05,0.0592264,1,0
9.42383,0.166016,1.00079,-1.01628e-05,0.0572708,1,0
9.42383,0.185547,1.00079,-1.08933e-05,0.0572718,1,0
9.44336,0.166016,1.00079,-1.11303e-05,0.0553181,1,0
9.44336,0.185547,1.00079,-1.19369e-05,0.0553192,1,0
9.42383,0.205078,1.00079,-1.15254e-05,0.0572729,1,0
9.42383,0.224609,1.00079,-1.20688e-05,0.057274,1,0
9.44336,0.205078,1.00079,-1.2637e-05,0.0553203,1,0
9.44336,0.224609,1.00079,-1.32411e-05,0.0553215,1,0
9.38477,0.244141,1.00078,-1.03718e-05,0.0611797,1,0
9.38477,0.263672,1.00075,-1.06356e-05,0.0611807,1,0
9.4043,0.244141,1.00078,-1.13901e-05,0.0592275,1,0
9.4043,0.263672,1.00075,-1.1686e-05,0.0592286,1,0
9.38477,0.283203,1.00068,-1.08024e-05,0.0611818,1,0
9.38477,0.302734,1.00045,-1.08732e-05,0.0611828,1,0
9.4043,0.283203,1.00068,-1.18758e-05,0.0592297,1,0
9.4043,0.302734,1.00045,-1.19601e-05,0.0592309,1,0
9.42383,0.244141,1.00078,-1.25065e-05,0.0572752,1,0
9.42383,0.263672,1.00075,-1.28391e-05,0.0572764,1,0
9.44336,0.244141,1.00078,-1.37302e-05,0.0553228,1,0
9.44336,0.263672,1.00075,-1.41048e-05,0.0553242,1,0
9.42383,0.283203,1.00068,-1.30555e-05,0.0572776,1,0
9.42383,0.302734,1.00045,-1.31562e-05,0.0572789,1,0
9.44336,0.283203,1.00068,-1.43522e-05,0.0553256,1,0
9.44336,0.302734,1.00045,-1.44726e-05,0.055327,1,0
9.46289,0.166016,1.0008,-1.21844e-05,0.0533653,1,0
9.46289,0.185547,1.00079,-1.30753e-05,0.0533664,1,0
9.48242,0.166016,1.0008,-1.33315e-05,0.0514123,1,0
9.48242,0.185547,1.00079,-1.4316e-05,0.0514136,1,0
9.46289,0.205078,1.00079,-1.38513e-05,0.0533677,1,0
9.46289,0.224609,1.00079,-1.45235e-05,0.053369,1,0
9.48242,0.205078,1.00079,-1.51765e-05,0.051415,1,0
9.48242,0.224609,1.00079,-1.59254e-05,0.0514165,1,0
9.50195,0.166016,1.0008,-1.45782e-05,0.0494593,1,0
9.50195,0.185547,1.0008,-1.56665e-05,0.0494607,1,0
9.52148,0.166016,1.0008,-1.59312e-05,0.0475062,1,0
9.52148,0.185547,1.0008,-1.71348e-05,0.0475077,1,0
9.50195,0.205078,1.00079,-1.66217e-05,0.0494622,1,0
9.50195,0.224609,1.00079,-1.74569e-05,0.0494638,1,0
9.52148,0.205078,1.00079,-1.81958e-05,0.0475094,1,0
9.52148,0.224609,1.00079,-1.91283e-05,0.0475111,1,0
9.46289,0.244141,1.00078,-1.50709e-05,0.0533704,1,0
9.46289,0.263672,1.00075,-1.54936e-05,0.0533719,1,0
9.48242,0.244141,1.00078,-1.6539e-05,0.051418,1,0
9.48242,0.263672,1.00075,-1.7017e-05,0.0514196,1,0
9.46289,0.283203,1.00068,-1.57773e-05,0.0533734,1,0
9.46289,0.302734,1.00045,-1.59217e-05,0.053375,1,0
9.48242,0.283203,1.00068,-1.73432e-05,0.0514213,1,0
9.48242,0.302734,1.00045,-1.75167e-05,0.051423,1,0
9.50195,0.244141,1.00078,-1.81457e-05,0.0494655,1,0
9.50195,0.263672,1.00076,-1.86875e-05,0.0494673,1,0
9.52148,0.244141,1.00078,-1.99031e-05,0.0475129,1,0
9.52148,0.263672,1.00076,-2.05185e-05,0.0475149,1,0
9.50195,0.283203,1.00068,-1.90637e-05,0.0494691,1,0
9.50195,0.302734,1.00045,-1.92724e-05,0.049471,1,0
9.52148,0.283203,1.00068,-2.09535e-05,0.0475169,1,0
9.52148,0.302734,1.00045,-2.12052e-05,0.0475189,1,0
9.54102,0.00976562,1.00081,-3.02372e-06,0.0455452,1,0
9.54102,0.0292969,1.00081,-5.8467e-06,0.0455458,1,0
9.56055,0.00976562,1.00082,-3.29186e-06,0.0435912,1,0
9.56055,0.0292969,1.00081,-6.35953e-06,0.0435919,1,0
9.54102,0.0488281,1.00081,-7.26306e-06,0.0455462,1,0
9.54102,0.0683594,1.00081,-9.38647e-06,0.045547,1,0
9.56055,0.0488281,1.00081,-7.89763e-06,0.0435923,1,0
9.56055,0.0683594,1.00081,-1.02092e-05,0.0435932,1,0
9.58008,0.00976562,1.00082,-3.57983e-06,0.0416371,1,0
9.58008,0.0292969,1.00081,-6.90905e-06,0.0416378,1,0
9.59961,0.00976562,1.00082,-3.88823e-06,0.0396828,1,0
9.59961,0.0292969,1.00081,-7.4961e-06,0.0396835,1,0
9.58008,0.0488281,1.00081,-8.57705e-06,0.0416383,1,0
9.58008,0.0683594,1.00081,-1.10905e-05,0.0416392,1,0
9.59961,0.0488281,1.00081,-9.30219e-06,0.039684,1,0
9.59961,0.0683594,1.00081,-1.20318e-05,0.039685,1,0
9.54102,0.0878906,1.0008,-1.10049e-05,0.0455479,1,0
9.54102,0.107422,1.0008,-1.28192e-05,0.0455489,1,0
9.56055,0.0878906,1.00081,-1.19728e-05,0.0435941,1,0
9.56055,0.107422,1.00081,-1.39546e-05,0.0435953,1,0
9.54102,0.126953,1.0008,-1.43993e-05,0.0455501,1,0
9.54102,0.146484,1.0008,-1.59777e-05,0.0455515,1,0
9.56055,0.126953,1.0008,-1.56848e-05,0.0435965,1,0
9.56055,0.146484,1.0008,-1.74182e-05,0.043598,1,0
9.58008,0.0878906,1.00081,-1.30103e-05,0.0416402,1,0
9.58008,0.107422,1.00081,-1.51733e-05,0.0416414,1,0
9.59961,0.0878906,1.00081,-1.4119e-05,0.0396861,1,0
9.59961,0.107422,1.00081,-1.64776e-05,0.0396874,1,0
9.58008,0.126953,1.00081,-1.70666e-05,0.0416428,1,0
9.58008,0.146484,1.0008,-1.89696e-05,0.0416443,1,0
9.59961,0.126953,1.00081,-1.85479e-05,0.0396888,1,0
9.59961,0.146484,1.00081,-2.06362e-05,0.0396905,1,0
9.61914,0.00976562,1.00083,-4.2175e-06,0.0377283,1,0
9.61914,0.0292969,1.00082,-8.12114e-06,0.037729,1,0
9.63867,0.00976562,1.00083,-4.56786e-06,0.0357735,1,0
9.63867,0.0292969,1.00082,-8.78411e-06,0.0357744,1,0
9.61914,0.0488281,1.00082,-1.00734e-05,0.0377296,1,0
9.61914,0.0683594,1.00081,-1.30335e-05,0.0377307,1,0
9.63867,0.0488281,1.00082,-1.08905e-05,0.035775,1,0
9.63867,0.0683594,1.00082,-1.40955e-05,0.0357761,1,0
9.6582,0.00976562,1.00083,-4.93923e-06,0.0338186,1,0
9.6582,0.0292969,1.00082,-9.48431e-06,0.0338195,1,0
9.67773,0.00976562,1.00084,-5.3312e-06,0.0318634,1,0
9.67773,0.0292969,1.00083,-1.02203e-05,0.0318644,1,0
9.6582,0.0488281,1.00082,-1.17522e-05,0.0338201,1,0
9.6582,0.0683594,1.00082,-1.52164e-05,0.0338213,1,0
9.67773,0.0488281,1.00082,-1.26564e-05,0.031865,1,0
9.67773,0.0683594,1.00082,-1.63936e-05,0.0318663,1,0
9.61914,0.0878906,1.00081,-1.52998e-05,0.0377317,1,0
9.61914,0.107422,1.00081,-1.78688e-05,0.0377331,1,0
9.63867,0.0878906,1.00082,-1.65525e-05,0.0357772,1,0
9.63867,0.107422,1.00081,-1.93473e-05,0.0357787,1,0
9.61914,0.126953,1.00081,-2.01308e-05,0.0377347,1,0
9.61914,0.146484,1.00081,-2.24211e-05,0.0377365,1,0
9.63867,0.126953,1.00081,-2.18162e-05,0.0357804,1,0
9.63867,0.146484,1.00081,-2.43263e-05,0.0357823,1,0
9.6582,0.0878906,1.00082,-1.78756e-05,0.0338225,1,0
9.6582,0.107422,1.00082,-2.09118e-05,0.0338241,1,0
9.67773,0.0878906,1.00082,-1.92662e-05,0.0318675,1,0
9.67773,0.107422,1.00082,-2.25595e-05,0.0318692,1,0
9.6582,0.126953,1.00082,-2.36034e-05,0.0338258,1,0
9.6582,0.146484,1.00081,-2.63522e-05,0.0338278,1,0
9.67773,0.126953,1.00082,-2.54898e-05,0.031871,1,0
9.67773,0.146484,1.00082,-2.84968e-05,0.0318731,1,0
9.54102,0.166016,1.0008,-1.73973e-05,0.045553,1,0
9.54102,0.185547,1.0008,-1.87288e-05,0.0455546,1,0
9.56055,0.166016,1.0008,-1.89829e-05,0.0435996,1,0
9.56055,0.185547,1.0008,-2.04566e-05,0.0436014,1,0
9.54102,0.205078,1.0008,-1.99083e-05,0.0455564,1,0
9.54102,0.224609,1.00079,-2.09508e-05,0.0455583,1,0
9.56055,0.205078,1.0008,-2.17687e-05,0.0436033,1,0
9.56055,0.224609,1.00079,-2.29357e-05,0.0436053,1,0
9.58008,0.166016,1.0008,-2.06943e-05,0.0416461,1,0
9.58008,0.185547,1.0008,-2.23257e-05,0.041648,1,0
9.59961,0.166016,1.0008,-2.25369e-05,0.0396924,1,0
9.59961,0.185547,1.0008,-2.43435e-05,0.0396944,1,0
9.58008,0.205078,1.0008,-2.37866e-05,0.04165,1,0
9.58008,0.224609,1.00079,-2.50944e-05,0.0416523,1,0
9.59961,0.205078,1.0008,-2.59711e-05,0.0396966,1,0
9.59961,0.224609,1.0008,-2.74385e-05,0.0396991,1,0
9.54102,0.244141,1.00078,-2.18236e-05,0.0455603,1,0
9.54102,0.263672,1.00076,-2.25244e-05,0.0455624,1,0
9.56055,0.244141,1.00078,-2.39207e-05,0.0436075,1,0
9.56055,0.263672,1.00076,-2.47204e-05,0.0436098,1,0
9.54102,0.283203,1.00068,-2.30289e-05,0.0455646,1,0
9.54102,0.302734,1.00045,-2.3333e-05,0.0455668,1,0
9.56055,0.283203,1.00068,-2.53072e-05,0.0436122,1,0
9.56055,0.302734,1.00045,-2.56752e-05,0.0436147,1,0
9.58008,0.244141,1.00078,-2.62081e-05,0.0416546,1,0
9.58008,0.263672,1.00076,-2.7123e-05,0.0416571,1,0
9.59961,0.244141,1.00079,-2.86999e-05,0.0397016,1,0
9.59961,0.263672,1.00076,-2.9749e-05,0.0397044,1,0
9.58008,0.283203,1.00068,-2.78074e-05,0.0416598,1,0
9.58008,0.302734,1.00045,-2.82532e-05,0.0416625,1,0
9.59961,0.283203,1.00068,-3.05494e-05,0.0397073,1,0
9.59961,0.302734,1.00045,-3.10905e-05,0.0397102,1,0
9.61914,0.166016,1.00081,-2.45154e-05,0.0377385,1,0
9.61914,0.185547,1.0008,-2.65164e-05,0.0377407,1,0
9.63867,0.166016,1.00081,-2.66332e-05,0.0357844,1,0
9.63867,0.185547,1.00081,-2.88496e-05,0.0357867,1,0
9.61914,0.205078,1.0008,-2.83309e-05,0.0377431,1,0
9.61914,0.224609,1.0008,-2.99793e-05,0.0377457,1,0
9.63867,0.205078,1.0008,-3.08737e-05,0.0357893,1,0
9.63867,0.224609,1.0008,-3.27273e-05,0.0357921,1,0
9.6582,0.166016,1.00081,-2.8892e-05,0.0338301,1,0
9.6582,0.185547,1.00081,-3.13468e-05,0.0338326,1,0
9.67773,0.166016,1.00081,-3.12911e-05,0.0318755,1,0
9.67773,0.185547,1.00081,-3.40093e-05,0.0318782,1,0
9.6582,0.205078,1.00081,-3.36055e-05,0.0338353,1,0
9.6582,0.224609,1.0008,-3.56919e-05,0.0338384,1,0
9.67773,0.205078,1.00081,-3.65303e-05,0.0318811,1,0
9.67773,0.224609,1.0008,-3.88804e-05,0.0318844,1,0
9.61914,0.244141,1.00079,-3.14104e-05,0.0377485,1,0
9.61914,0.263672,1.00076,-3.26161e-05,0.0377515,1,0
9.63867,0.244141,1.00079,-3.43536e-05,0.0357952,1,0
9.63867,0.263672,1.00076,-3.57424e-05,0.0357984,1,0
9.61914,0.283203,1.00068,-3.35547e-05,0.0377546,1,0
9.61914,0.302734,1.00046,-3.42122e-05,0.0377579,1,0
9.63867,0.283203,1.00068,-3.68457e-05,0.0358018,1,0
9.63867,0.302734,1.00046,-3.76455e-05,0.0358054,1,0
9.6582,0.244141,1.00079,-3.75428e-05,0.0338416,1,0
9.6582,0.263672,1.00076,-3.91456e-05,0.0338452,1,0
9.67773,0.244141,1.00079,-4.09896e-05,0.0318879,1,0
9.67773,0.263672,1.00076,-4.28427e-05,0.0318917,1,0
9.6582,0.283203,1.00068,-4.04453e-05,0.0338489,1,0
9.6582,0.302734,1.00046,-4.14194e-05,0.0338528,1,0
9.67773,0.283203,1.00068,-4.4377e-05,0.0318957,1,0
9.67773,0.302734,1.00046,-4.55641e-05,0.0319001,1,0
9.38477,0.322266,0.999832,-1.08371e-05,0.0611839,1,0
9.38477,0.341797,0.998196,-1.06977e-05,0.061185,1,0
9.4043,0.322266,0.999831,-1.19267e-05,0.0592321,1,0
9.4043,0.341797,0.998196,-1.17794e-05,0.0592332,1,0
9.38477,0.361328,0.994144,-1.0426e-05,0.061186,1,0
9.38477,0.380859,0.984701,-1.00254e-05,0.061187,1,0
9.4043,0.361328,0.994143,-1.1486e-05,0.0592344,1,0
9.4043,0.380859,0.9847,-1.10498e-05,0.0592355,1,0
9.42383,0.322266,0.999831,-1.31273e-05,0.0572802,1,0
9.42383,0.341797,0.998196,-1.29727e-05,0.0572815,1,0
9.44336,0.322266,0.999831,-1.44505e-05,0.0553284,1,0
9.44336,0.341797,0.998196,-1.42895e-05,0.0553298,1,0
9.42383,0.361328,0.994143,-1.26565e-05,0.0572828,1,0
9.42383,0.380859,0.9847,-1.21821e-05,0.057284,1,0
9.44336,0.361328,0.994142,-1.39498e-05,0.0553312,1,0
9.44336,0.380859,0.984699,-1.34345e-05,0.0553326,1,0
9.38477,0.400391,0.964061,-9.39888e-06,0.061188,1,0
9.38477,0.419922,0.9218,-8.54436e-06,0.0611889,1,0
9.4043,0.400391,0.96406,-1.03637e-05,0.0592366,1,0
9.4043,0.419922,0.921799,-9.4248e-06,0.0592375,1,0
9.38477,0.439453,0.840814,-7.18847e-06,0.0611896,1,0
9.38477,0.458984,0.695567,-5.39914e-06,0.0611901,1,0
9.4043,0.439453,0.840812,-7.93176e-06,0.0592384,1,0
9.4043,0.458984,0.695564,-5.95892e-06,0.0592389,1,0
9.42383,0.400391,0.964059,-1.1431e-05,0.0572852,1,0
9.42383,0.419922,0.921798,-1.03998e-05,0.0572863,1,0
9.44336,0.400391,0.964058,-1.26128e-05,0.0553339,1,0
9.44336,0.419922,0.921796,-1.148e-05,0.0553351,1,0
9.42383,0.439453,0.840811,-8.75532e-06,0.0572872,1,0
9.42383,0.458984,0.695562,-6.57936e-06,0.0572878,1,0
9.44336,0.439453,0.840809,-9.66854e-06,0.0553361,1,0
9.44336,0.458984,0.695559,-7.26803e-06,0.0553367,1,0
9.46289,0.322266,0.999831,-1.59091e-05,0.0533766,1,0
9.46289,0.341797,0.998195,-1.57431e-05,0.0533781,1,0
9.48242,0.322266,0.999831,-1.75173e-05,0.0514247,1,0
9.48242,0.341797,0.998195,-1.73485e-05,0.0514264,1,0
9.46289,0.361328,0.994142,-1.53793e-05,0.0533797,1,0
9.46289,0.380859,0.984698,-1.48206e-05,0.0533812,1,0
9.48242,0.361328,0.994141,-1.69605e-05,0.0514282,1,0
9.48242,0.380859,0.984698,-1.63558e-05,0.0514298,1,0
9.50195,0.322266,0.999831,-1.9291e-05,0.0494729,1,0
9.50195,0.341797,0.998195,-1.91222e-05,0.0494748,1,0
9.52148,0.322266,0.999831,-2.12477e-05,0.047521,1,0
9.52148,0.341797,0.998195,-2.10828e-05,0.0475231,1,0
9.50195,0.361328,0.994141,-1.87104e-05,0.0494767,1,0
9.50195,0.380859,0.984697,-1.80576e-05,0.0494785,1,0
9.52148,0.361328,0.99414,-2.06485e-05,0.0475252,1,0
9.52148,0.380859,0.984696,-1.99456e-05,0.0475273,1,0
9.46289,0.400391,0.964057,-1.39221e-05,0.0533826,1,0
9.46289,0.419922,0.921795,-1.26781e-05,0.0533839,1,0
9.48242,0.400391,0.964056,-1.53741e-05,0.0514314,1,0
9.48242,0.419922,0.921793,-1.40081e-05,0.0514329,1,0
9.46289,0.439453,0.840806,-1.06823e-05,0.053385,1,0
9.46289,0.458984,0.695556,-8.03291e-06,0.0533858,1,0
9.48242,0.439453,0.840804,-1.18087e-05,0.0514341,1,0
9.48242,0.458984,0.695552,-8.88382e-06,0.0514349,1,0
9.50195,0.400391,0.964055,-1.69858e-05,0.0494803,1,0
9.50195,0.419922,0.921791,-1.54864e-05,0.0494819,1,0
9.52148,0.400391,0.964054,-1.87769e-05,0.0475292,1,0
9.52148,0.419922,0.921789,-1.71312e-05,0.047531,1,0
9.50195,0.439453,0.840801,-1.3062e-05,0.0494833,1,0
9.50195,0.458984,0.695548,-9.83134e-06,0.0494842,1,0
9.52148,0.439453,0.840798,-1.44582e-05,0.0475325,1,0
9.52148,0.458984,0.695544,-1.08884e-05,0.0475336,1,0
9.38477,0.478516,0.451513,-2.61064e-06,0.0611904,1,0
9.38477,0.498047,0.0664432,9.07488e-07,0.0611904,0.6,0
9.4043,0.478516,0.45151,-2.88185e-06,0.0592392,1,0
9.4043,0.498047,0.0664415,1.00293e-06,0.0592392,0.6,0
9.42383,0.478516,0.451506,-3.18284e-06,0.0572881,1,0
9.42383,0.498047,0.0664397,1.1088e-06,0.0572881,0.6,0
9.44336,0.478516,0.451502,-3.51707e-06,0.0553371,1,0
9.44336,0.498047,0.0664376,1.22641e-06,0.0553371,0.6,0
9.46289,0.478516,0.451498,-3.88884e-06,0.0533862,1,0
9.46289,0.498047,0.0664354,1.35711e-06,0.0533862,0.6,0
9.48242,0.478516,0.451493,-4.30274e-06,0.0514354,1,0
9.48242,0.498047,0.0664329,1.50261e-06,0.0514354,0.6,0
9.50195,0.478516,0.451488,-4.76444e-06,0.0494847,1,0
9.50195,0.498047,0.0664301,1.66469e-06,0.0494847,0.6,0
9.52148,0.478516,0.451482,-5.28015e-06,0.0475342,1,0
9.52148,0.498047,0.066427,1.84558e-06,0.0475341,0.6,0
9.54102,0.322266,0.999831,-2.34068e-05,0.0455691,1,0
9.54102,0.341797,0.998194,-2.32513e-05,0.0455715,1,0
9.56055,0.322266,0.999831,-2.57899e-05,0.0436172,1,0
9.56055,0.341797,0.998194,-2.5651e-05,0.0436198,1,0
9.54102,0.361328,0.99414,-2.27967e-05,0.0455738,1,0
9.54102,0.380859,0.984695,-2.20425e-05,0.0455761,1,0
9.56055,0.361328,0.994139,-2.51797e-05,0.0436224,1,0
9.56055,0.380859,0.984694,-2.43738e-05,0.0436249,1,0
9.58008,0.322266,0.999831,-2.8421e-05,0.0416653,1,0
9.58008,0.341797,0.998194,-2.83081e-05,0.0416682,1,0
9.59961,0.322266,0.999831,-3.13265e-05,0.0397133,1,0
9.59961,0.341797,0.998193,-3.1252e-05,0.0397165,1,0
9.58008,0.361328,0.994138,-2.78256e-05,0.041671,1,0
9.58008,0.380859,0.984693,-2.69689e-05,0.0416738,1,0
9.59961,0.361328,0.994138,-3.07664e-05,0.0397197,1,0
9.59961,0.380859,0.984692,-2.98616e-05,0.0397228,1,0
9.54102,0.400391,0.964052,-2.07695e-05,0.0455783,1,0
9.54102,0.419922,0.921787,-1.89642e-05,0.0455802,1,0
9.56055,0.400391,0.964051,-2.29895e-05,0.0436274,1,0
9.56055,0.419922,0.921785,-2.10098e-05,0.0436296,1,0
9.54102,0.439453,0.840795,-1.60163e-05,0.0455819,1,0
9.54102,0.458984,0.695539,-1.20694e-05,0.0455831,1,0
9.56055,0.439453,0.840791,-1.77578e-05,0.0436315,1,0
9.56055,0.458984,0.695534,-1.33917e-05,0.0436328,1,0
9.58008,0.400391,0.964049,-2.54662e-05,0.0416765,1,0
9.58008,0.419922,0.921782,-2.32969e-05,0.041679,1,0
9.59961,0.400391,0.964047,-2.82344e-05,0.0397258,1,0
9.59961,0.419922,0.921779,-2.58586e-05,0.0397286,1,0
9.58008,0.439453,0.840787,-1.97084e-05,0.0416811,1,0
9.58008,0.458984,0.695528,-1.48751e-05,0.0416826,1,0
9.59961,0.439453,0.840783,-2.18977e-05,0.039731,1,0
9.59961,0.458984,0.695522,-1.65437e-05,0.0397326,1,0
9.61914,0.322266,0.999831,-3.45355e-05,0.0377613,1,0
9.61914,0.341797,0.998193,-3.45157e-05,0.0377648,1,0
9.63867,0.322266,0.999831,-3.80802e-05,0.0358092,1,0
9.63867,0.341797,0.998193,-3.81362e-05,0.035813,1,0
9.61914,0.361328,0.994137,-3.40382e-05,0.0377683,1,0
9.61914,0.380859,0.98469,-3.30908e-05,0.0377718,1,0
9.63867,0.361328,0.994136,-3.76826e-05,0.035817,1,0
9.63867,0.380859,0.984689,-3.67012e-05,0.0358209,1,0
9.6582,0.322266,0.999831,-4.19957e-05,0.033857,1,0
9.6582,0.341797,0.998193,-4.21548e-05,0.0338612,1,0
9.67773,0.322266,0.999832,-4.63201e-05,0.0319046,1,0
9.67773,0.341797,0.998193,-4.66176e-05,0.0319093,1,0
9.6582,0.361328,0.994136,-4.17466e-05,0.0338656,1,0
9.6582,0.380859,0.984687,-4.07451e-05,0.0338699,1,0
9.67773,0.361328,0.994135,-4.6284e-05,0.0319142,1,0
9.67773,0.380859,0.984686,-4.52828e-05,0.0319191,1,0
9.61914,0.400391,0.964045,-3.13337e-05,0.0377752,1,0
9.61914,0.419922,0.921776,-2.87348e-05,0.0377783,1,0
9.63867,0.400391,0.964042,-3.4811e-05,0.0358247,1,0
9.63867,0.419922,0.921772,-3.19714e-05,0.0358281,1,0
9.61914,0.439453,0.840778,-2.43613e-05,0.037781,1,0
9.61914,0.458984,0.695514,-1.84255e-05,0.0377828,1,0
9.63867,0.439453,0.840772,-2.71413e-05,0.0358312,1,0
9.63867,0.458984,0.695506,-2.05548e-05,0.0358332,1,0
9.6582,0.400391,0.96404,-3.87213e-05,0.0338742,1,0
9.6582,0.419922,0.921768,-3.56242e-05,0.0338781,1,0
9.67773,0.400391,0.964037,-4.31296e-05,0.0319239,1,0
9.67773,0.419922,0.921764,-3.97591e-05,0.0319283,1,0
9.6582,0.439453,0.840766,-3.02884e-05,0.0338816,1,0
9.6582,0.458984,0.695497,-2.29724e-05,0.0338839,1,0
9.67773,0.439453,0.840759,-3.38638e-05,0.0319322,1,0
9.67773,0.458984,0.695487,-2.57292e-05,0.0319349,1,0
9.54102,0.478516,0.451476,-5.85749e-06,0.0455838,1,0
9.54102,0.498047,0.0664237,2.0477e-06,0.0455837,0.6,0
9.56055,0.478516,0.451468,-6.50502e-06,0.0436335,1,0
9.56055,0.498047,0.0664199,2.27401e-06,0.0436334,0.6,0
9.58008,0.478516,0.45146,-7.23327e-06,0.0416834,1,0
9.58008,0.498047,0.0664157,2.52783e-06,0.0416834,0.6,0
9.59961,0.478516,0.451452,-8.05436e-06,0.0397336,1,0
9.59961,0.498047,0.0664111,2.81322e-06,0.0397335,0.6,0
9.61914,0.478516,0.451442,-8.98323e-06,0.0377839,1,0
9.61914,0.498047,0.0664059,3.13488e-06,0.0377838,0.6,0
9.63867,0.478516,0.451431,-1.00376e-05,0.0358345,1,0
9.63867,0.498047,0.0664001,3.49846e-06,0.0358344,0.6,0
9.6582,0.478516,0.451418,-1.12394e-05,0.0338853,1,0
9.6582,0.498047,0.0663937,3.91092e-06,0.0338852,0.6,0
9.67773,0.478516,0.451404,-1.26156e-05,0.0319365,1,0
9.67773,0.498047,0.0663864,4.38025e-06,0.0319363,0.6,0
9.69727,0.00976562,1.00084,-5.74292e-06,0.0299081,1,0
9.69727,0.0292969,1.00083,-1.09899e-05,0.029909,1,0
9.7168,0.00976562,1.00085,-6.1731e-06,0.0279524,1,0
9.7168,0.0292969,1.00083,-1.17897e-05,0.0279535,1,0
9.69727,0.0488281,1.00083,-1.36001e-05,0.0299097,1,0
9.69727,0.0683594,1.00083,-1.76231e-05,0.029911,1,0
9.7168,0.0488281,1.00083,-1.45786e-05,0.0279542,1,0
9.7168,0.0683594,1.00083,-1.8899e-05,0.0279555,1,0
9.73633,0.00976562,1.00085,-6.61988e-06,0.0259965,1,0
9.73633,0.0292969,1.00084,-1.26153e-05,0.0259976,1,0
9.75586,0.00976562,1.00086,-7.0808e-06,0.0240404,1,0
9.75586,0.0292969,1.00084,-1.34609e-05,0.0240415,1,0
9.73633,0.0488281,1.00083,-1.5586e-05,0.0259983,1,0
9.73633,0.0683594,1.00083,-2.02136e-05,0.0259997,1,0
9.75586,0.0488281,1.00084,-1.66146e-05,0.0240422,1,0
9.75586,0.0683594,1.00084,-2.15568e-05,0.0240436,1,0
9.69727,0.0878906,1.00082,-2.07195e-05,0.0299123,1,0
9.69727,0.107422,1.00082,-2.42852e-05,0.029914,1,0
9.7168,0.0878906,1.00083,-2.22287e-05,0.0279568,1,0
9.7168,0.107422,1.00083,-2.60814e-05,0.0279586,1,0
9.69727,0.126953,1.00082,-2.74704e-05,0.0299159,1,0
9.69727,0.146484,1.00082,-3.07556e-05,0.0299182,1,0
9.7168,0.126953,1.00082,-2.95371e-05,0.0279606,1,0
9.7168,0.146484,1.00082,-3.31209e-05,0.0279629,1,0
9.73633,0.0878906,1.00083,-2.37845e-05,0.0260011,1,0
9.73633,0.107422,1.00083,-2.79377e-05,0.0260029,1,0
9.75586,0.0878906,1.00084,-2.5375e-05,0.024045,1,0
9.75586,0.107422,1.00083,-2.98404e-05,0.0240469,1,0
9.73633,0.126953,1.00083,-3.16787e-05,0.026005,1,0
9.73633,0.146484,1.00083,-3.5581e-05,0.0260074,1,0
9.75586,0.126953,1.00083,-3.388e-05,0.024049,1,0
9.75586,0.146484,1.00083,-3.81197e-05,0.0240515,1,0
9.77539,0.00976562,1.00087,-7.55271e-06,0.022084,1,0
9.77539,0.0292969,1.00085,-1.43197e-05,0.0220852,1,0
9.79492,0.00976562,1.00087,-8.03173e-06,0.0201274,1,0
9.79492,0.0292969,1.00085,-1.51829e-05,0.0201286,1,0
9.77539,0.0488281,1.00084,-1.7655e-05,0.0220859,1,0
9.77539,0.0683594,1.00084,-2.29165e-05,0.0220873,1,0
9.79492,0.0488281,1.00085,-1.8696e-05,0.0201293,1,0
9.79492,0.0683594,1.00085,-2.42778e-05,0.0201307,1,0
9.81445,0.00976562,1.00088,-8.51315e-06,0.0181706,1,0
9.81445,0.0292969,1.00086,-1.60405e-05,0.0181718,1,0
9.83398,0.00976562,1.00089,-8.99137e-06,0.0162135,1,0
9.83398,0.0292969,1.00086,-1.68807e-05,0.0162147,1,0
9.81445,0.0488281,1.00085,-1.97243e-05,0.0181724,1,0
9.81445,0.0683594,1.00085,-2.56234e-05,0.0181738,1,0
9.83398,0.0488281,1.00086,-2.0725e-05,0.0162153,1,0
9.83398,0.0683594,1.00086,-2.69334e-05,0.0162167,1,0
9.77539,0.0878906,1.00084,-2.69853e-05,0.0220887,1,0
9.77539,0.107422,1.00084,-3.1772e-05,0.0220906,1,0
9.79492,0.0878906,1.00085,-2.85974e-05,0.0201321,1,0
9.79492,0.107422,1.00084,-3.37116e-05,0.020134,1,0
9.77539,0.126953,1.00084,-3.61213e-05,0.0220927,1,0
9.77539,0.146484,1.00083,-4.07155e-05,0.0220952,1,0
9.79492,0.126953,1.00084,-3.83785e-05,0.0201361,1,0
9.79492,0.146484,1.00084,-4.33412e-05,0.0201386,1,0
9.81445,0.0878906,1.00085,-3.01904e-05,0.0181752,1,0
9.81445,0.107422,1.00085,-3.56338e-05,0.018177,1,0
9.83398,0.0878906,1.00086,-3.17398e-05,0.016218,1,0
9.83398,0.107422,1.00085,-3.75097e-05,0.0162198,1,0
9.81445,0.126953,1.00085,-4.06223e-05,0.0181791,1,0
9.81445,0.146484,1.00084,-4.59637e-05,0.0181816,1,0
9.83398,0.126953,1.00085,-4.28184e-05,0.0162218,1,0
9.83398,0.146484,1.00085,-4.8543e-05,0.0162242,1,0
9.69727,0.166016,1.00082,-3.38271e-05,0.0299207,1,0
9.69727,0.185547,1.00081,-3.68354e-05,0.0299235,1,0
9.7168,0.166016,1.00082,-3.6493e-05,0.0279655,1,0
9.7168,0.185547,1.00082,-3.98197e-05,0.0279685,1,0
9.69727,0.205078,1.00081,-3.96492e-05,0.0299266,1,0
9.69727,0.224609,1.0008,-4.22975e-05,0.0299301,1,0
9.7168,0.205078,1.00081,-4.2959e-05,0.0279718,1,0
9.7168,0.224609,1.00081,-4.59439e-05,0.0279755,1,0
9.73633,0.166016,1.00082,-3.92773e-05,0.0260101,1,0
9.73633,0.185547,1.00082,-4.29519e-05,0.0260132,1,0
9.75586,0.166016,1.00083,-4.21635e-05,0.0240543,1,0
9.75586,0.185547,1.00082,-4.62157e-05,0.0240575,1,0
9.73633,0.205078,1.00082,-4.64519e-05,0.0260166,1,0
9.73633,0.224609,1.00081,-4.98151e-05,0.0260205,1,0
9.75586,0.205078,1.00082,-5.0113e-05,0.0240611,1,0
9.75586,0.224609,1.00081,-5.38996e-05,0.0240651,1,0
9.69727,0.244141,1.00079,-4.47035e-05,0.0299338,1,0
9.69727,0.263672,1.00077,-4.68493e-05,0.0299379,1,0
9.7168,0.244141,1.0008,-4.86903e-05,0.0279795,1,0
9.7168,0.263672,1.00077,-5.11777e-05,0.0279839,1,0
9.69727,0.283203,1.00069,-4.86634e-05,0.0299424,1,0
9.69727,0.302734,1.00046,-5.01109e-05,0.0299471,1,0
9.7168,0.283203,1.00069,-5.33254e-05,0.0279887,1,0
9.7168,0.302734,1.00046,-5.50908e-05,0.0279938,1,0
9.73633,0.244141,1.0008,-5.29507e-05,0.0260248,1,0
9.73633,0.263672,1.00077,-5.58359e-05,0.0260295,1,0
9.75586,0.244141,1.0008,-5.74783e-05,0.0240696,1,0
9.75586,0.263672,1.00077,-6.08252e-05,0.0240746,1,0
9.73633,0.283203,1.00069,-5.83803e-05,0.0260346,1,0
9.73633,0.302734,1.00046,-6.05334e-05,0.0260402,1,0
9.75586,0.283203,1.00069,-6.384e-05,0.0240802,1,0
9.75586,0.302734,1.00046,-6.64639e-05,0.0240862,1,0
9.77539,0.166016,1.00083,-4.51287e-05,0.0220981,1,0
9.77539,0.185547,1.00083,-4.9588e-05,0.0221014,1,0
9.79492,0.166016,1.00084,-4.81432e-05,0.0201415,1,0
9.79492,0.185547,1.00083,-5.30371e-05,0.0201448,1,0
9.77539,0.205078,1.00082,-5.39198e-05,0.0221051,1,0
9.77539,0.224609,1.00082,-5.81771e-05,0.0221093,1,0
9.79492,0.205078,1.00083,-5.784e-05,0.0201486,1,0
9.79492,0.224609,1.00082,-6.26159e-05,0.020153,1,0
9.81445,0.166016,1.00084,-5.11698e-05,0.0181845,1,0
9.81445,0.185547,1.00084,-5.65221e-05,0.0181878,1,0
9.83398,0.166016,1.00085,-5.41629e-05,0.016227,1,0
9.83398,0.185547,1.00084,-5.99918e-05,0.0162303,1,0
9.81445,0.205078,1.00083,-6.18296e-05,0.0181916,1,0
9.81445,0.224609,1.00083,-6.7171e-05,0.018196,1,0
9.83398,0.205078,1.00084,-6.58322e-05,0.0162341,1,0
9.83398,0.224609,1.00083,-7.17812e-05,0.0162385,1,0
9.77539,0.244141,1.00081,-6.22572e-05,0.022114,1,0
9.77539,0.263672,1.00078,-6.61368e-05,0.0221193,1,0
9.79492,0.244141,1.00081,-6.7259e-05,0.0201578,1,0
9.79492,0.263672,1.00078,-7.1749e-05,0.0201634,1,0
9.77539,0.283203,1.00069,-6.97068e-05,0.0221252,1,0
9.77539,0.302734,1.00047,-7.29004e-05,0.0221317,1,0
9.79492,0.283203,1.0007,-7.59698e-05,0.0201696,1,0
9.79492,0.302734,1.00047,-7.98489e-05,0.0201765,1,0
9.81445,0.244141,1.00081,-7.24396e-05,0.0182011,1,0
9.81445,0.263672,1.00078,-7.76222e-05,0.0182068,1,0
9.83398,0.244141,1.00082,-7.77352e-05,0.0162436,1,0
9.83398,0.263672,1.00079,-8.36936e-05,0.0162494,1,0
9.81445,0.283203,1.0007,-8.25992e-05,0.0182133,1,0
9.81445,0.302734,1.00047,-8.72961e-05,0.0182206,1,0
9.83398,0.283203,1.00071,-8.95387e-05,0.0162561,1,0
9.83398,0.302734,1.00048,-9.52008e-05,0.0162638,1,0
9.85352,0.00976562,1.00089,-9.45988e-06,0.0142562,1,0
9.85352,0.0292969,1.00087,-1.76902e-05,0.0142573,1,0
9.87305,0.00976562,1.0009,-9.91111e-06,0.0122987,1,0
9.87305,0.0292969,1.00087,-1.84536e-05,0.0122999,1,0
9.85352,0.0488281,1.00086,-2.16809e-05,0.0142579,1,0
9.85352,0.0683594,1.00086,-2.81855e-05,0.0142592,1,0
9.87305,0.0488281,1.00087,-2.25735e-05,0.0123004,1,0
9.87305,0.0683594,1.00087,-2.93556e-05,0.0123016,1,0
9.89258,0.00976562,1.00091,-1.03363e-05,0.0103409,1,0
9.89258,0.0292969,1.00088,-1.91539e-05,0.010342,1,0
9.91211,0.00976562,1.00092,-1.07239e-05,0.00838383,1,0
9.91211,0.0292969,1.00089,-1.97698e-05,0.00838485,1,0
9.89258,0.0488281,1.00087,-2.33823e-05,0.0103424,1,0
9.89258,0.0683594,1.00087,-3.04177e-05,0.0103436,1,0
9.91211,0.0488281,1.00088,-2.40852e-05,0.00838513,1,0
9.91211,0.0683594,1.00088,-3.13457e-05,0.00838615,1,0
9.85352,0.0878906,1.00086,-3.32188e-05,0.0142605,1,0
9.85352,0.107422,1.00086,-3.93064e-05,0.0142622,1,0
9.87305,0.0878906,1.00087,-3.45979e-05,0.0123027,1,0
9.87305,0.107422,1.00087,-4.09885e-05,0.0123043,1,0
9.85352,0.126953,1.00086,-4.49279e-05,0.0142641,1,0
9.85352,0.146484,1.00086,-5.10334e-05,0.0142664,1,0
9.87305,0.126953,1.00086,-4.69081e-05,0.0123061,1,0
9.87305,0.146484,1.00086,-5.33835e-05,0.0123083,1,0
9.89258,0.0878906,1.00087,-3.58462e-05,0.0103446,1,0
9.89258,0.107422,1.00087,-4.25179e-05,0.010346,1,0
9.91211,0.0878906,1.00088,-3.69329e-05,0.00838697,1,0
9.91211,0.107422,1.00088,-4.38575e-05,0.00838824,1,0
9.89258,0.126953,1.00087,-4.87129e-05,0.0103476,1,0
9.89258,0.146484,1.00087,-5.55374e-05,0.0103496,1,0
9.91211,0.126953,1.00088,-5.02968e-05,0.00838958,1,0
9.91211,0.146484,1.00088,-5.74389e-05,0.0083913,1,0
9.93164,0.00976562,1.00092,-1.10631e-05,0.00642488,1,0
9.93164,0.0292969,1.00089,-2.0282e-05,0.00642579,1,0
9.95117,0.00976562,1.00095,-1.13205e-05,0.00447754,1,0
9.95117,0.0292969,1.00091,-2.06409e-05,0.00447826,1,0
9.93164,0.0488281,1.00088,-2.46605e-05,0.00642594,1,0
9.93164,0.0683594,1.00088,-3.2112e-05,0.00642681,1,0
9.95117,0.0488281,1.0009,-2.50813e-05,0.00447826,1,0
9.95117,0.0683594,1.0009,-3.26964e-05,0.00447896,1,0
9.9707,0.00976562,1.00088,-1.15026e-05,0.00252046,1,0
9.9707,0.0292969,1.00084,-2.08678e-05,0.00252095,1,0
9.99023,0.00976562,1.00101,-1.13703e-05,0.000766926,1,0
9.99023,0.0292969,1.00097,-2.07054e-05,0.000766851,1,0
9.9707,0.0488281,1.00084,-2.53416e-05,0.00252083,1,0
9.9707,0.0683594,1.00083,-3.30663e-05,0.00252131,1,0
9.99023,0.0488281,1.00097,-2.53935e-05,0.000766616,1,0
9.99023,0.0683594,1.00097,-3.321e-05,0.000766861,1,0
9.93164,0.0878906,1.00088,-3.78258e-05,0.00642744,1,0
9.93164,0.107422,1.00088,-4.49671e-05,0.00642848,1,0
9.95117,0.0878906,1.0009,-3.85057e-05,0.00447937,1,0
9.95117,0.107422,1.0009,-4.58248e-05,0.00448018,1,0
9.93164,0.126953,1.00088,-5.16103e-05,0.00642956,1,0
9.93164,0.146484,1.00088,-5.90261e-05,0.00643097,1,0
9.95117,0.126953,1.0009,-5.26256e-05,0.00448096,1,0
9.95117,0.146484,1.0009,-6.0263e-05,0.00448202,1,0
9.9707,0.0878906,1.00083,-3.89315e-05,0.0025215,1,0
9.9707,0.107422,1.00083,-4.63723e-05,0.00252202,1,0
9.99023,0.0878906,1.00097,-3.91206e-05,0.000766907,1,0
9.99023,0.107422,1.00097,-4.66249e-05,0.000767176,1,0
9.9707,0.126953,1.00083,-5.32723e-05,0.00252247,1,0
9.9707,0.146484,1.00083,-6.1059e-05,0.00252312,1,0
9.99023,0.126953,1.00097,-5.3574e-05,0.000767373,1,0
9.99023,0.146484,1.00097,-6.14366e-05,0.000767697,1,0
9.85352,0.166016,1.00085,-5.70688e-05,0.0142691,1,0
9.85352,0.185547,1.00085,-6.33841e-05,0.0142723,1,0
9.87305,0.166016,1.00086,-5.98265e-05,0.0123108,1,0
9.87305,0.185547,1.00086,-6.66266e-05,0.0123138,1,0
9.85352,0.205078,1.00085,-6.97767e-05,0.014276,1,0
9.85352,0.224609,1.00084,-7.6367e-05,0.0142803,1,0
9.87305,0.205078,1.00085,-7.35781e-05,0.0123173,1,0
9.87305,0.224609,1.00085,-8.08296e-05,0.0123214,1,0
9.89258,0.166016,1.00087,-6.23679e-05,0.0103518,1,0
9.89258,0.185547,1.00086,-6.96368e-05,0.0103546,1,0
9.91211,0.166016,1.00087,-6.46236e-05,0.00839328,1,0
9.91211,0.185547,1.00087,-7.23284e-05,0.00839567,1,0
9.89258,0.205078,1.00086,-7.71368e-05,0.0103578,1,0
9.89258,0.224609,1.00085,-8.50493e-05,0.0103616,1,0
9.91211,0.205078,1.00087,-8.03455e-05,0.0083985,1,0
9.91211,0.224609,1.00086,-8.88931e-05,0.0084019,1,0
9.85352,0.244141,1.00083,-8.3059e-05,0.0142853,1,0
9.85352,0.263672,1.0008,-8.98718e-05,0.0142911,1,0
9.87305,0.244141,1.00083,-8.82982e-05,0.0123262,1,0
9.87305,0.263672,1.0008,-9.6031e-05,0.012332,1,0
9.85352,0.283203,1.00071,-9.66974e-05,0.0142979,1,0
9.85352,0.302734,1.00048,-0.000103482,0.0143059,1,0
9.87305,0.283203,1.00072,-0.000103941,0.0123387,1,0
9.87305,0.302734,1.00049,-0.000112005,0.0123467,1,0
9.89258,0.244141,1.00084,-9.33102e-05,0.0103662,1,0
9.89258,0.263672,1.00081,-0.000102005,0.0103716,1,0
9.91211,0.244141,1.00085,-9.79309e-05,0.00840597,1,0
9.91211,0.263672,1.00082,-0.000107592,0.0084109,1,0
9.89258,0.283203,1.00073,-0.000111079,0.0103781,1,0
9.89258,0.302734,1.0005,-0.00012056,0.0103859,1,0
9.91211,0.283203,1.00074,-0.00011787,0.0084169,1,0
9.91211,0.302734,1.00051,-0.000128867,0.00842425,1,0
9.93164,0.166016,1.00088,-6.65156e-05,0.00643258,1,0
9.93164,0.185547,1.00087,-7.46028e-05,0.00643455,1,0
9.95117,0.166016,1.0009,-6.79962e-05,0.00448322,1,0
9.95117,0.185547,1.0009,-7.63968e-05,0.00448471,1,0
9.93164,0.205078,1.00087,-8.30787e-05,0.00643689,1,0
9.93164,0.224609,1.00087,-9.22009e-05,0.00643973,1,0
9.95117,0.205078,1.0009,-8.52515e-05,0.00448648,1,0
9.95117,0.224609,1.00089,-9.48577e-05,0.00448864,1,0
9.9707,0.166016,1.00083,-6.89526e-05,0.00252384,1,0
9.9707,0.185547,1.00083,-7.75656e-05,0.00252474,1,0
9.99023,0.166016,1.00097,-6.94109e-05,0.000768034,1,0
9.99023,0.185547,1.00097,-7.81343e-05,0.000768475,1,0
9.9707,0.205078,1.00083,-8.66781e-05,0.00252582,1,0
9.9707,0.224609,1.00083,-9.66208e-05,0.00252714,1,0
9.99023,0.205078,1.00097,-8.73819e-05,0.00076899,1,0
9.99023,0.224609,1.00096,-9.7505e-05,0.000769632,1,0
9.93164,0.244141,1.00086,-0.000101955,0.00644316,1,0
9.93164,0.263672,1.00083,-0.00011253,0.00644736,1,0
9.95117,0.244141,1.00088,-0.000105227,0.00449128,1,0
9.95117,0.263672,1.00085,-0.000116607,0.00449455,1,0
9.93164,0.283203,1.00075,-0.000123979,0.00645255,1,0
9.93164,0.302734,1.00052,-0.000136503,0.00645903,1,0
9.95117,0.283203,1.00077,-0.000129119,0.00449865,1,0
9.95117,0.302734,1.00055,-0.000143081,0.00450387,1,0
9.9707,0.244141,1.00082,-0.000107426,0.00252877,1,0
9.9707,0.263672,1.00079,-0.000119391,0.00253081,1,0
9.99023,0.244141,1.00096,-0.000108547,0.000770422,1,0
9.99023,0.263672,1.00093,-0.000120837,0.000771415,1,0
9.9707,0.283203,1.00071,-0.0001327,0.00253339,1,0
9.9707,0.302734,1.00049,-0.00014779,0.00253674,1,0
9.99023,0.283203,1.00086,-0.000134595,0.000772685,1,0
9.99023,0.302734,1.00063,-0.000150329,0.000774332,1,0
9.69727,0.322266,0.999833,-5.10939e-05,0.0299521,1,0
9.69727,0.341797,0.998193,-5.15755e-05,0.0299573,1,0
9.7168,0.322266,0.999833,-5.63602e-05,0.0279993,1,0
9.7168,0.341797,0.998193,-5.70845e-05,0.0280051,1,0
9.69727,0.361328,0.994134,-5.13559e-05,0.0299627,1,0
9.69727,0.380859,0.984684,-5.0385e-05,0.0299682,1,0
9.7168,0.361328,0.994134,-5.70317e-05,0.0280111,1,0
9.7168,0.380859,0.984683,-5.61336e-05,0.0280172,1,0
9.73633,0.322266,0.999834,-6.21627e-05,0.0260462,1,0
9.73633,0.341797,0.998193,-6.32048e-05,0.0260526,1,0
9.75586,0.322266,0.999836,-6.85442e-05,0.0240928,1,0
9.75586,0.341797,0.998194,-7.00001e-05,0.0240998,1,0
9.73633,0.361328,0.994133,-6.33894e-05,0.0260593,1,0
9.73633,0.380859,0.984681,-6.26245e-05,0.0260662,1,0
9.75586,0.361328,0.994133,-7.05159e-05,0.0241073,1,0
9.75586,0.380859,0.98468,-6.99688e-05,0.0241151,1,0
9.69727,0.400391,0.964034,-4.81129e-05,0.0299736,1,0
9.69727,0.419922,0.921759,-4.44563e-05,0.0299786,1,0
9.7168,0.400391,0.964031,-5.37635e-05,0.0280234,1,0
9.7168,0.419922,0.921754,-4.9813e-05,0.0280291,1,0
9.69727,0.439453,0.840752,-3.79427e-05,0.029983,1,0
9.69727,0.458984,0.695476,-2.88871e-05,0.0299861,1,0
9.7168,0.439453,0.840743,-4.26179e-05,0.0280342,1,0
9.7168,0.458984,0.695464,-3.25249e-05,0.0280377,1,0
9.73633,0.400391,0.964028,-6.01914e-05,0.0260732,1,0
9.73633,0.419922,0.921748,-5.59486e-05,0.0260797,1,0
9.75586,0.400391,0.964025,-6.75296e-05,0.024123,1,0
9.75586,0.419922,0.921742,-6.30108e-05,0.0241305,1,0
9.73633,0.439453,0.840734,-4.80052e-05,0.0260856,1,0
9.73633,0.458984,0.69545,-3.67408e-05,0.0260897,1,0
9.75586,0.439453,0.840724,-5.42516e-05,0.0241373,1,0
9.75586,0.458984,0.695434,-4.16647e-05,0.0241421,1,0
9.77539,0.322266,0.999838,-7.55433e-05,0.0221388,1,0
9.77539,0.341797,0.998195,-7.75348e-05,0.0221466,1,0
9.79492,0.322266,0.999841,-8.31896e-05,0.0201843,1,0
9.79492,0.341797,0.998197,-8.587e-05,0.0201928,1,0
9.77539,0.361328,0.994133,-7.85061e-05,0.0221549,1,0
9.77539,0.380859,0.984678,-7.82947e-05,0.0221637,1,0
9.79492,0.361328,0.994134,-8.74602e-05,0.020202,1,0
9.79492,0.380859,0.984677,-8.77479e-05,0.0202119,1,0
9.81445,0.322266,0.999844,-9.14957e-05,0.0182289,1,0
9.81445,0.341797,0.9982,-9.50561e-05,0.0182382,1,0
9.83398,0.322266,0.999848,-0.000100448,0.0162726,1,0
9.83398,0.341797,0.998203,-0.000105121,0.0162826,1,0
9.81445,0.361328,0.994135,-9.74784e-05,0.0182484,1,0
9.81445,0.380859,0.984677,-9.84901e-05,0.0182595,1,0
9.83398,0.361328,0.994137,-0.00010865,0.0162939,1,0
9.83398,0.380859,0.984677,-0.000110694,0.0163064,1,0
9.77539,0.400391,0.964021,-7.59372e-05,0.0221727,1,0
9.77539,0.419922,0.921735,-7.11834e-05,0.0221813,1,0
9.79492,0.400391,0.964017,-8.56064e-05,0.0202222,1,0
9.79492,0.419922,0.921728,-8.06979e-05,0.0202322,1,0
9.77539,0.439453,0.840712,-6.15444e-05,0.0221892,1,0
9.77539,0.458984,0.695417,-4.74617e-05,0.0221949,1,0
9.79492,0.439453,0.8407,-7.01299e-05,0.0202415,1,0
9.79492,0.458984,0.695397,-5.43636e-05,0.0202482,1,0
9.81445,0.400391,0.964014,-9.67652e-05,0.0182713,1,0
9.81445,0.419922,0.92172,-9.1845e-05,0.018283,1,0
9.83398,0.400391,0.964011,-0.000109684,0.0163199,1,0
9.83398,0.419922,0.921712,-0.000104996,0.0163336,1,0
9.81445,0.439453,0.840686,-8.03276e-05,0.018294,1,0
9.81445,0.458984,0.695374,-6.26679e-05,0.0183021,1,0
9.83398,0.439453,0.84067,-9.25758e-05,0.0163467,1,0
9.83398,0.458984,0.695349,-7.28333e-05,0.0163566,1,0
9.69727,0.478516,0.451389,-1.41998e-05,0.029988,1,0
9.69727,0.498047,0.0663783,4.91748e-06,0.0299878,0.6,0
9.7168,0.478516,0.451371,-1.60352e-05,0.0280398,1,0
9.7168,0.498047,0.0663691,5.53384e-06,0.0280397,0.6,0
9.73633,0.478516,0.451352,-1.81759e-05,0.0260922,1,0
9.73633,0.498047,0.0663587,6.2488e-06,0.0260919,0.6,0
9.75586,0.478516,0.45133,-2.0696e-05,0.024145,1,0
9.75586,0.498047,0.0663469,7.07745e-06,0.0241447,0.6,0
9.77539,0.478516,0.451304,-2.36881e-05,0.0221984,1,0
9.77539,0.498047,0.0663334,8.05759e-06,0.0221981,0.6,0
9.79492,0.478516,0.451275,-2.72924e-05,0.0202524,1,0
9.79492,0.498047,0.066318,9.21229e-06,0.0202521,0.6,0
9.81445,0.478516,0.451242,-3.16832e-05,0.0183072,1,0
9.81445,0.498047,0.0663001,1.06025e-05,0.0183068,0.6,0
9.83398,0.478516,0.451204,-3.71489e-05,0.0163629,1,0
9.83398,0.498047,0.0662793,1.23328e-05,0.0163625,0.6,0
9.85352,0.322266,0.999854,-0.000109987,0.0143151,1,0
9.85352,0.341797,0.998208,-0.000116053,0.0143258,1,0
9.87305,0.322266,0.999861,-0.000119996,0.0123562,1,0
9.87305,0.341797,0.998214,-0.000127772,0.0123674,1,0
9.85352,0.361328,0.994141,-0.000121035,0.0143381,1,0
9.85352,0.380859,0.984678,-0.000124524,0.014352,1,0
9.87305,0.361328,0.994146,-0.000134636,0.0123806,1,0
9.87305,0.380859,0.984681,-0.000140119,0.012396,1,0
9.89258,0.322266,0.999869,-0.00013026,0.0103954,1,0
9.89258,0.341797,0.998222,-0.000140089,0.0104068,1,0
9.91211,0.322266,0.999881,-0.000140465,0.00843334,1,0
9.91211,0.341797,0.998234,-0.000152684,0.00844462,1,0
9.89258,0.361328,0.994153,-0.00014933,0.0104207,1,0
9.89258,0.380859,0.984685,-0.000157503,0.0104373,1,0
9.91211,0.361328,0.994164,-0.000164851,0.00845876,1,0
9.91211,0.380859,0.984695,-0.000176569,0.00847628,1,0
9.85352,0.400391,0.964008,-0.000124664,0.0143674,1,0
9.85352,0.419922,0.921703,-0.00012061,0.0143835,1,0
9.87305,0.400391,0.964007,-0.00014204,0.0124135,1,0
9.87305,0.419922,0.921695,-0.000139274,0.0124324,1,0
9.85352,0.439453,0.840653,-0.00010745,0.0143994,1,0
9.85352,0.458984,0.69532,-8.54528e-05,0.0144116,1,0
9.87305,0.439453,0.840634,-0.000125766,0.0124517,1,0
9.87305,0.458984,0.695287,-0.000101517,0.0124672,1,0
9.89258,0.400391,0.964007,-0.000162086,0.0104571,1,0
9.89258,0.419922,0.921688,-0.000161647,0.0104792,1,0
9.91211,0.400391,0.964012,-0.000185016,0.00849803,1,0
9.91211,0.419922,0.921684,-0.000188484,0.00852355,1,0
9.89258,0.439453,0.840614,-0.000148618,0.0105028,1,0
9.89258,0.458984,0.695248,-0.000122512,0.0105228,1,0
9.91211,0.439453,0.840596,-0.000177358,0.00855261,1,0
9.91211,0.458984,0.695207,-0.000150262,0.00857864,1,0
9.93164,0.322266,0.999889,-0.000150093,0.00646724,1,0
9.93164,0.341797,0.998243,-0.000164945,0.0064777,1,0
9.95117,0.322266,0.999919,-0.000158628,0.00451064,1,0
9.95117,0.341797,0.998274,-0.000176209,0.00451955,1,0
9.93164,0.361328,0.994172,-0.000180529,0.00649129,1,0
9.93164,0.380859,0.984701,-0.000196707,0.00650883,1,0
9.95117,0.361328,0.994205,-0.000195551,0.00453159,1,0
9.95117,0.380859,0.984735,-0.000217007,0.00454786,1,0
9.9707,0.322266,0.99986,-0.000164957,0.00254122,1,0
9.9707,0.341797,0.998218,-0.000184964,0.00254729,1,0
9.99023,0.322266,1.00001,-0.000168424,0.000776541,1,0
9.99023,0.341797,0.998372,-0.000189826,0.000779512,1,0
9.9707,0.361328,0.994151,-0.00020794,0.00255591,1,0
9.9707,0.380859,0.984681,-0.000235105,0.0025682,1,0
9.99023,0.361328,0.994311,-0.000214843,0.000783696,1,0
9.99023,0.380859,0.984848,-0.000245232,0.000789423,1,0
9.93164,0.400391,0.964015,-0.000210537,0.00653178,1,0
9.93164,0.419922,0.921677,-0.000220411,0.00656032,1,0
9.95117,0.400391,0.964046,-0.000237725,0.00457048,1,0
9.95117,0.419922,0.921701,-0.00025668,0.00460043,1,0
9.93164,0.439453,0.840571,-0.000214393,0.00659556,1,0
9.93164,0.458984,0.695154,-0.000191067,0.00663,1,0
9.95117,0.439453,0.840576,-0.000258652,0.004641,1,0
9.95117,0.458984,0.695123,-0.000240979,0.00468367,1,0
9.9707,0.400391,0.963991,-0.000264433,0.00258669,1,0
9.9707,0.419922,0.92164,-0.000297776,0.00261333,1,0
9.99023,0.400391,0.964163,-0.000279039,0.000797892,1,0
9.99023,0.419922,0.921812,-0.000320468,0.000808678,1,0
9.9707,0.439453,0.840496,-0.000319116,0.00265548,1,0
9.9707,0.458984,0.695009,-0.000342209,0.00270713,1,0
9.99023,0.439453,0.840654,-0.000349255,0.000826359,1,0
9.99023,0.458984,0.695104,-0.000392522,0.000838982,1,0
9.85352,0.478516,0.451158,-4.41073e-05,0.0144197,1,0
9.85352,0.498047,0.0662546,1.42836e-05,0.0144192,0.6,0
9.87305,0.478516,0.451106,-5.31071e-05,0.0124779,1,0
9.87305,0.498047,0.0662251,1.74316e-05,0.0124772,0.6,0
9.89258,0.478516,0.45104,-6.58096e-05,0.0105373,1,0
9.89258,0.498047,0.06619,1.90952e-05,0.0105367,0.6,0
9.91211,0.478516,0.450966,-8.2089e-05,0.00859942,1,0
9.91211,0.498047,0.0661419,2.78039e-05,0.00859829,0.6,0
9.93164,0.478516,0.45086,-0.000112781,0.00666247,1,0
9.93164,0.498047,0.0660944,1.784e-05,0.00666292,0.6,0
9.95117,0.478516,0.450756,-0.000143073,0.00473155,1,0
9.95117,0.498047,0.0659756,5.15045e-05,0.00472896,0.6,0
9.9707,0.478516,0.45055,-0.00024968,0.00279607,1,0
9.9707,0.498047,0.0659492,-9.15351e-05,0.0028104,0.6,0
9.99023,0.478516,0.450427,-0.000308588,0.000869164,1,0
9.99023,0.498047,0.0653563,-0.000129486,0.000873286,0.6,0
