x,y,ux,uy,p,cs,f
0.00976562,0.00976562,1.00183,-3.08299e-05,0.998578,1,0
0.00976562,0.0292969,1.00161,-6.72123e-05,0.998579,1,0
0.0292969,0.00976562,1.00209,-3.09213e-05,0.996182,1,0
0.0292969,0.0292969,1.00187,-6.71469e-05,0.996184,1,0
0.00976562,0.0488281,1.00148,-9.34871e-05,0.998579,1,0
0.00976562,0.0683594,1.00137,-0.000126647,0.99858,1,0
0.0292969,0.0488281,1.00174,-9.32045e-05,0.996183,1,0
0.0292969,0.0683594,1.00163,-0.000126271,0.996183,1,0
0.0488281,0.00976562,1.00206,-3.08095e-05,0.994334,1,0
0.0488281,0.0292969,1.00185,-6.66535e-05,0.994334,1,0
0.0683594,0.00976562,1.00203,-3.05147e-05,0.992453,1,0
0.0683594,0.0292969,1.00181,-6.57744e-05,0.992454,1,0
0.0488281,0.0488281,1.00172,-9.23525e-05,0.994333,1,0
0.0488281,0.0683594,1.00161,-0.000125111,0.994333,1,0
0.0683594,0.0488281,1.00168,-9.10065e-05,0.992452,1,0
0.0683594,0.0683594,1.00157,-0.000123296,0.992451,1,0
0.00976562,0.0878906,1.00127,-0.000156929,0.99858,1,0
0.00976562,0.107422,1.00117,-0.000190269,0.99858,1,0
0.0292969,0.0878906,1.00154,-0.000156398,0.996182,1,0
0.0292969,0.107422,1.00144,-0.000189624,0.996182,1,0
0.00976562,0.126953,1.00106,-0.000223559,0.998581,1,0
0.00976562,0.146484,1.00093,-0.0002589,0.998581,1,0
0.0292969,0.126953,1.00132,-0.000222779,0.996182,1,0
0.0292969,0.146484,1.00119,-0.000257996,0.996181,1,0
0.0488281,0.0878906,1.00151,-0.000154881,0.994331,1,0
0.0488281,0.107422,1.00141,-0.000187781,0.99433,1,0
0.0683594,0.0878906,1.00148,-0.000152554,0.992449,1,0
0.0683594,0.107422,1.00138,-0.000184958,0.992447,1,0
0.0488281,0.126953,1.0013,-0.000220582,0.994328,1,0
0.0488281,0.146484,1.00117,-0.000255452,0.994326,1,0
0.0683594,0.126953,1.00127,-0.000217227,0.992444,1,0
0.0683594,0.146484,1.00114,-0.000251558,0.992441,1,0
0.0878906,0.00976562,1.00206,-3.00912e-05,0.990448,1,0
0.0878906,0.0292969,1.00185,-6.46063e-05,0.990448,1,0
0.107422,0.00976562,1.00211,-2.95366e-05,0.988441,1,0
0.107422,0.0292969,1.00189,-6.3153e-05,0.988441,1,0
0.0878906,0.0488281,1.00172,-8.9278e-05,0.990446,1,0
0.0878906,0.0683594,1.00161,-0.000120974,0.990445,1,0
0.107422,0.0488281,1.00176,-8.71754e-05,0.988438,1,0
0.107422,0.0683594,1.00165,-0.00011815,0.988437,1,0
0.126953,0.00976562,1.00213,-2.88375e-05,0.986463,1,0
0.126953,0.0292969,1.00192,-6.13997e-05,0.986463,1,0
0.146484,0.00976562,1.00215,-2.79906e-05,0.984489,1,0
0.146484,0.0292969,1.00194,-5.93529e-05,0.984489,1,0
0.126953,0.0488281,1.00179,-8.46903e-05,0.98646,1,0
0.126953,0.0683594,1.00168,-0.000114817,0.986458,1,0
0.146484,0.0488281,1.00181,-8.18418e-05,0.984486,1,0
0.146484,0.0683594,1.00171,-0.000111002,0.984483,1,0
0.0878906,0.0878906,1.00152,-0.000149597,0.990442,1,0
0.0878906,0.107422,1.00142,-0.000181373,0.990439,1,0
0.107422,0.0878906,1.00156,-0.000146017,0.988433,1,0
0.107422,0.107422,1.00146,-0.000177032,0.98843,1,0
0.0878906,0.126953,1.00131,-0.000212964,0.990435,1,0
0.0878906,0.146484,1.00119,-0.000246596,0.990431,1,0
0.107422,0.126953,1.00136,-0.000207798,0.988425,1,0
0.107422,0.146484,1.00123,-0.000240572,0.98842,1,0
0.126953,0.0878906,1.00159,-0.000141809,0.986454,1,0
0.126953,0.107422,1.00149,-0.00017193,0.98645,1,0
0.146484,0.0878906,1.00162,-0.000137015,0.984479,1,0
0.146484,0.107422,1.00152,-0.000166122,0.984474,1,0
0.126953,0.126953,1.00139,-0.000201728,0.986445,1,0
0.126953,0.146484,1.00127,-0.000233486,0.986439,1,0
0.146484,0.126953,1.00142,-0.000194822,0.984468,1,0
0.146484,0.146484,1.00129,-0.000225422,0.984461,1,0
0.00976562,0.166016,1.00077,-0.000295385,0.998582,1,0
0.00976562,0.185547,1.00058,-0.00033386,0.998582,1,0
0.0292969,0.166016,1.00104,-0.000294353,0.99618,1,0
0.0292969,0.185547,1.00085,-0.000332715,0.99618,1,0
0.00976562,0.205078,1.00031,-0.000374114,0.998583,1,0
0.00976562,0.224609,0.999919,-0.000416607,0.998584,1,0
0.0292969,0.205078,1.00059,-0.00037288,0.996179,1,0
0.0292969,0.224609,1.00019,-0.000415339,0.996178,1,0
0.0488281,0.166016,1.00102,-0.000291454,0.994323,1,0
0.0488281,0.185547,1.00083,-0.000329472,0.99432,1,0
0.0683594,0.166016,1.00099,-0.000286996,0.992437,1,0
0.0683594,0.185547,1.0008,-0.000324443,0.992433,1,0
0.0488281,0.205078,1.00057,-0.00036932,0.994317,1,0
0.0488281,0.224609,1.00018,-0.000411528,0.994314,1,0
0.0683594,0.205078,1.00055,-0.000363712,0.992428,1,0
0.0683594,0.224609,1.00016,-0.000405363,0.992422,1,0
0.00976562,0.244141,0.999282,-0.000461241,0.998585,1,0
0.00976562,0.263672,0.998183,-0.000508415,0.998586,1,0
0.0292969,0.244141,0.99956,-0.000460039,0.996177,1,0
0.0292969,0.263672,0.998463,-0.000507458,0.996176,1,0
0.00976562,0.283203,0.996229,-0.000557696,0.998587,1,0
0.00976562,0.302734,0.992737,-0.000609644,0.998589,1,0
0.0292969,0.283203,0.996511,-0.000557282,0.996176,1,0
0.0292969,0.302734,0.99302,-0.000610278,0.996177,1,0
0.0488281,0.244141,0.999549,-0.000456099,0.99431,1,0
0.0488281,0.263672,0.998456,-0.000503613,0.994306,1,0
0.0683594,0.244141,0.999531,-0.000449422,0.992416,1,0
0.0683594,0.263672,0.998441,-0.000496524,0.992409,1,0
0.0488281,0.283203,0.996507,-0.000553897,0.994302,1,0
0.0488281,0.302734,0.99302,-0.00060796,0.994299,1,0
0.0683594,0.283203,0.996496,-0.000546559,0.992402,1,0
0.0683594,0.302734,0.993012,-0.000600637,0.992394,1,0
0.0878906,0.166016,1.00104,-0.000281288,0.990426,1,0
0.0878906,0.185547,1.00085,-0.000317952,0.990421,1,0
0.107422,0.166016,1.00109,-0.000274337,0.988414,1,0
0.107422,0.185547,1.0009,-0.000310009,0.988407,1,0
0.0878906,0.205078,1.00059,-0.000356391,0.990414,1,0
0.0878906,0.224609,1.00021,-0.000397169,0.990407,1,0
0.107422,0.205078,1.00065,-0.000347372,0.988399,1,0
0.107422,0.224609,1.00027,-0.000386981,0.98839,1,0
0.126953,0.166016,1.00112,-0.000266145,0.986431,1,0
0.126953,0.185547,1.00094,-0.000300625,0.986423,1,0
0.146484,0.166016,1.00115,-0.000256815,0.984453,1,0
0.146484,0.185547,1.00097,-0.000289919,0.984443,1,0
0.126953,0.205078,1.00069,-0.000336677,0.986414,1,0
0.126953,0.224609,1.00031,-0.000374843,0.986403,1,0
0.146484,0.205078,1.00072,-0.00032445,0.984432,1,0
0.146484,0.224609,1.00034,-0.000360926,0.98442,1,0
0.0878906,0.244141,0.999584,-0.000440308,0.990399,1,0
0.0878906,0.263672,0.998497,-0.000486447,0.990389,1,0
0.107422,0.244141,0.999644,-0.000428834,0.988379,1,0
0.107422,0.263672,0.998559,-0.000473553,0.988368,1,0
0.0878906,0.283203,0.996555,-0.000535458,0.990379,1,0
0.0878906,0.302734,0.993075,-0.000588443,0.990367,1,0
0.107422,0.283203,0.996621,-0.000520958,0.988354,1,0
0.107422,0.302734,0.993144,-0.000572113,0.988339,1,0
0.126953,0.244141,0.999685,-0.000415083,0.98639,1,0
0.126953,0.263672,0.998604,-0.000457989,0.986376,1,0
0.146484,0.244141,0.999722,-0.00039926,0.984406,1,0
0.146484,0.263672,0.998643,-0.000440002,0.984389,1,0
0.126953,0.283203,0.996668,-0.000503314,0.98636,1,0
0.126953,0.302734,0.993195,-0.000552077,0.986341,1,0
0.146484,0.283203,0.99671,-0.000482821,0.984371,1,0
0.146484,0.302734,0.99324,-0.000528678,0.984349,1,0
0.166016,0.00976562,1.00218,-2.69987e-05,0.982509,1,0
0.166016,0.0292969,1.00197,-5.70306e-05,0.982509,1,0
0.185547,0.00976562,1.0022,-2.58674e-05,0.98053,1,0
0.185547,0.0292969,1.00199,-5.44535e-05,0.980528,1,0
0.166016,0.0488281,1.00184,-7.8662e-05,0.982505,1,0
0.166016,0.0683594,1.00173,-0.000106749,0.982502,1,0
0.185547,0.0488281,1.00186,-7.51829e-05,0.980525,1,0
0.185547,0.0683594,1.00176,-0.000102103,0.980522,1,0
0.205078,0.00976562,1.00222,-2.46043e-05,0.978552,1,0
0.205078,0.0292969,1.00202,-5.16445e-05,0.978551,1,0
0.224609,0.00976562,1.00224,-2.32196e-05,0.976576,1,0
0.224609,0.0292969,1.00204,-4.86299e-05,0.976574,1,0
0.205078,0.0488281,1.00189,-7.14385e-05,0.978547,1,0
0.205078,0.0683594,1.00178,-9.71116e-05,0.978543,1,0
0.224609,0.0488281,1.00191,-6.74661e-05,0.976571,1,0
0.224609,0.0683594,1.00181,-9.18253e-05,0.976567,1,0
0.166016,0.0878906,1.00164,-0.000131695,0.982498,1,0
0.166016,0.107422,1.00155,-0.000159682,0.982492,1,0
0.185547,0.0878906,1.00167,-0.00012591,0.980516,1,0
0.185547,0.107422,1.00158,-0.000152685,0.980511,1,0
0.166016,0.126953,1.00144,-0.000187174,0.982486,1,0
0.166016,0.146484,1.00133,-0.000216491,0.982478,1,0
0.185547,0.126953,1.00147,-0.000178875,0.980503,1,0
0.185547,0.146484,1.00135,-0.000206807,0.980495,1,0
0.205078,0.0878906,1.00169,-0.000119721,0.978538,1,0
0.205078,0.107422,1.0016,-0.000145208,0.978532,1,0
0.224609,0.0878906,1.00172,-0.000113196,0.976561,1,0
0.224609,0.107422,1.00163,-0.000137338,0.976554,1,0
0.205078,0.126953,1.0015,-0.000170024,0.978524,1,0
0.205078,0.146484,1.00138,-0.000196492,0.978515,1,0
0.224609,0.126953,1.00152,-0.000160727,0.976546,1,0
0.224609,0.146484,1.00141,-0.000185672,0.976537,1,0
0.244141,0.00976562,1.00226,-2.17256e-05,0.974601,1,0
0.244141,0.0292969,1.00206,-4.54392e-05,0.974599,1,0
0.263672,0.00976562,1.00228,-2.01361e-05,0.972627,1,0
0.263672,0.0292969,1.00208,-4.21034e-05,0.972624,1,0
0.244141,0.0488281,1.00193,-6.33057e-05,0.974595,1,0
0.244141,0.0683594,1.00183,-8.62992e-05,0.974591,1,0
0.263672,0.0488281,1.00195,-5.89978e-05,0.97262,1,0
0.263672,0.0683594,1.00185,-8.05884e-05,0.972616,1,0
0.283203,0.00976562,1.0023,-1.84661e-05,0.970653,1,0
0.283203,0.0292969,1.0021,-3.86544e-05,0.970651,1,0
0.302734,0.00976562,1.00231,-1.67317e-05,0.968681,1,0
0.302734,0.0292969,1.00212,-3.51241e-05,0.968679,1,0
0.283203,0.0488281,1.00197,-5.45827e-05,0.970647,1,0
0.283203,0.0683594,1.00187,-7.47475e-05,0.970642,1,0
0.302734,0.0488281,1.00199,-5.00997e-05,0.968675,1,0
0.302734,0.0683594,1.00189,-6.88291e-05,0.96867,1,0
0.244141,0.0878906,1.00174,-0.000106406,0.974585,1,0
0.244141,0.107422,1.00165,-0.000129161,0.974578,1,0
0.263672,0.0878906,1.00176,-9.9421e-05,0.97261,1,0
0.263672,0.107422,1.00167,-0.000120763,0.972603,1,0
0.244141,0.126953,1.00155,-0.00015109,0.974569,1,0
0.244141,0.146484,1.00143,-0.000174478,0.97456,1,0
0.263672,0.126953,1.00157,-0.000141219,0.972594,1,0
0.263672,0.146484,1.00145,-0.000163036,0.972584,1,0
0.283203,0.0878906,1.00178,-9.23085e-05,0.970636,1,0
0.283203,0.107422,1.00169,-0.000112227,0.970629,1,0
0.302734,0.0878906,1.0018,-8.51338e-05,0.968664,1,0
0.302734,0.107422,1.00171,-0.000103633,0.968657,1,0
0.283203,0.126953,1.00159,-0.000131215,0.97062,1,0
0.283203,0.146484,1.00148,-0.000151465,0.97061,1,0
0.302734,0.126953,1.00161,-0.000121171,0.968648,1,0
0.302734,0.146484,1.00149,-0.000139875,0.968638,1,0
0.166016,0.166016,1.00118,-0.00024648,0.982469,1,0
0.166016,0.185547,1.001,-0.000278055,0.982458,1,0
0.185547,0.166016,1.00121,-0.000235281,0.980485,1,0
0.185547,0.185547,1.00103,-0.000265204,0.980474,1,0
0.166016,0.205078,1.00075,-0.000310888,0.982446,1,0
0.166016,0.224609,1.00038,-0.00034547,0.982432,1,0
0.185547,0.205078,1.00079,-0.000296201,0.980461,1,0
0.185547,0.224609,1.00041,-0.000328738,0.980446,1,0
0.205078,0.166016,1.00124,-0.000223366,0.978504,1,0
0.205078,0.185547,1.00106,-0.000251546,0.978492,1,0
0.224609,0.166016,1.00127,-0.000210888,0.976526,1,0
0.224609,0.185547,1.00109,-0.000237269,0.976513,1,0
0.205078,0.205078,1.00082,-0.000280612,0.978479,1,0
0.205078,0.224609,1.00045,-0.000311002,0.978463,1,0
0.224609,0.205078,1.00085,-0.000264348,0.976499,1,0
0.224609,0.224609,1.00048,-0.000292542,0.976482,1,0
0.166016,0.244141,0.999761,-0.000381659,0.982416,1,0
0.166016,0.263672,0.998684,-0.000419959,0.982398,1,0
0.185547,0.244141,0.999798,-0.000362612,0.980429,1,0
0.185547,0.263672,0.998722,-0.000398283,0.980409,1,0
0.166016,0.283203,0.996753,-0.00045994,0.982378,1,0
0.166016,0.302734,0.993285,-0.000502507,0.982354,1,0
0.185547,0.283203,0.996793,-0.000435228,0.980387,1,0
0.185547,0.302734,0.993327,-0.000474302,0.980362,1,0
0.205078,0.244141,0.999831,-0.00034246,0.978445,1,0
0.205078,0.263672,0.998757,-0.000375405,0.978424,1,0
0.224609,0.244141,0.999862,-0.00032154,0.976464,1,0
0.224609,0.263672,0.998789,-0.000351732,0.976443,1,0
0.205078,0.283203,0.99683,-0.000409229,0.978401,1,0
0.205078,0.302734,0.993364,-0.00044475,0.978375,1,0
0.224609,0.283203,0.996863,-0.000382438,0.976419,1,0
0.224609,0.302734,0.993398,-0.000414443,0.976392,1,0
0.244141,0.166016,1.00129,-0.000198006,0.974548,1,0
0.244141,0.185547,1.00112,-0.00022256,0.974535,1,0
0.263672,0.166016,1.00132,-0.000184869,0.972573,1,0
0.263672,0.185547,1.00114,-0.000207599,0.972559,1,0
0.244141,0.205078,1.00087,-0.000247633,0.974521,1,0
0.244141,0.224609,1.0005,-0.000273623,0.974504,1,0
0.263672,0.205078,1.0009,-0.000230679,0.972544,1,0
0.263672,0.224609,1.00053,-0.000254495,0.972528,1,0
0.283203,0.166016,1.00134,-0.00017162,0.970599,1,0
0.283203,0.185547,1.00116,-0.00019255,0.970585,1,0
0.302734,0.166016,1.00136,-0.000158387,0.968626,1,0
0.302734,0.185547,1.00118,-0.000177565,0.968613,1,0
0.283203,0.205078,1.00092,-0.000213679,0.97057,1,0
0.283203,0.224609,1.00055,-0.000235384,0.970554,1,0
0.302734,0.205078,1.00094,-0.000196807,0.968598,1,0
0.302734,0.224609,1.00057,-0.000216485,0.968582,1,0
0.244141,0.244141,0.99989,-0.000300171,0.974485,1,0
0.244141,0.263672,0.998818,-0.000327645,0.974463,1,0
0.263672,0.244141,0.999916,-0.000278646,0.972509,1,0
0.263672,0.263672,0.998844,-0.000303484,0.972487,1,0
0.244141,0.283203,0.996892,-0.000355305,0.974439,1,0
0.244141,0.302734,0.993428,-0.000383912,0.974412,1,0
0.263672,0.283203,0.996919,-0.000328231,0.972463,1,0
0.263672,0.302734,0.993454,-0.000353618,0.972436,1,0
0.283203,0.244141,0.999939,-0.000257226,0.970535,1,0
0.283203,0.263672,0.998868,-0.00027955,0.970513,1,0
0.302734,0.244141,0.99996,-0.000236134,0.968563,1,0
0.302734,0.263672,0.998888,-0.000256092,0.968542,1,0
0.283203,0.283203,0.996942,-0.000301554,0.97049,1,0
0.283203,0.302734,0.993477,-0.000323943,0.970463,1,0
0.302734,0.283203,0.996963,-0.000275552,0.968519,1,0
0.302734,0.302734,0.993498,-0.000295188,0.968494,1,0
0.00976562,0.322266,0.986562,-0.000662597,0.998591,1,0
0.00976562,0.341797,0.975882,-0.000717784,0.998594,1,0
0.0292969,0.322266,0.986847,-0.000665073,0.996179,1,0
0.0292969,0.341797,0.976166,-0.000723428,0.996185,1,0
0.00976562,0.361328,0.957895,-0.000769922,0.998599,1,0
0.00976562,0.380859,0.928529,-0.000822761,0.998605,1,0
0.0292969,0.361328,0.958175,-0.000780787,0.996195,1,0
0.0292969,0.380859,0.9288,-0.000842367,0.996212,1,0
0.0488281,0.322266,0.986849,-0.000664746,0.994297,1,0
0.0488281,0.341797,0.97617,-0.000726537,0.994297,1,0
0.0683594,0.322266,0.986846,-0.000657786,0.992386,1,0
0.0683594,0.341797,0.976172,-0.00072042,0.992378,1,0
0.0488281,0.361328,0.958181,-0.000789369,0.994301,1,0
0.0488281,0.380859,0.928805,-0.000859457,0.994309,1,0
0.0683594,0.361328,0.958188,-0.000784456,0.99237,1,0
0.0683594,0.380859,0.928816,-0.000856123,0.992361,1,0
0.00976562,0.400391,0.88206,-0.000860697,0.998616,1,0
0.00976562,0.419922,0.810932,-0.000896873,0.99863,1,0
0.0292969,0.400391,0.882316,-0.000894531,0.996241,1,0
0.0292969,0.419922,0.81116,-0.000955299,0.996284,1,0
0.00976562,0.439453,0.705373,-0.000884983,0.998655,1,0
0.00976562,0.458984,0.55357,-0.000871633,0.998682,1,0
0.0292969,0.439453,0.705555,-0.000981,0.996354,1,0
0.0292969,0.458984,0.553636,-0.00103809,0.996436,1,0
0.0488281,0.400391,0.882317,-0.00092334,0.994325,1,0
0.0488281,0.419922,0.811151,-0.00100043,0.994345,1,0
0.0683594,0.400391,0.882334,-0.000920322,0.992353,1,0
0.0683594,0.419922,0.811166,-0.000995698,0.992338,1,0
0.0488281,0.439453,0.705528,-0.00103938,0.994376,1,0
0.0488281,0.458984,0.55352,-0.00109659,0.994392,1,0
0.0683594,0.439453,0.705533,-0.00102738,0.992323,1,0
0.0683594,0.458984,0.553419,-0.00105433,0.992295,1,0
0.0878906,0.322266,0.986913,-0.000644337,0.990354,1,0
0.0878906,0.341797,0.976244,-0.000705495,0.990339,1,0
0.107422,0.322266,0.986986,-0.000625819,0.988322,1,0
0.107422,0.341797,0.976319,-0.000684394,0.988302,1,0
0.0878906,0.361328,0.958264,-0.000767416,0.990322,1,0
0.0878906,0.380859,0.928895,-0.000836273,0.990302,1,0
0.107422,0.361328,0.958342,-0.000742949,0.98828,1,0
0.107422,0.380859,0.928972,-0.000807662,0.988253,1,0
0.126953,0.322266,0.98704,-0.000602921,0.98632,1,0
0.126953,0.341797,0.976375,-0.000658135,0.986296,1,0
0.146484,0.322266,0.987087,-0.000576034,0.984325,1,0
0.146484,0.341797,0.976425,-0.000627112,0.984297,1,0
0.126953,0.361328,0.958399,-0.00071247,0.986269,1,0
0.126953,0.380859,0.929028,-0.00077187,0.986236,1,0
0.146484,0.361328,0.95845,-0.000676385,0.984265,1,0
0.146484,0.380859,0.929075,-0.000729342,0.984227,1,0
0.0878906,0.400391,0.882412,-0.000895788,0.99028,1,0
0.0878906,0.419922,0.811233,-0.000963524,0.990251,1,0
0.107422,0.400391,0.882484,-0.000861889,0.988225,1,0
0.107422,0.419922,0.811286,-0.000920856,0.988191,1,0
0.0878906,0.439453,0.705569,-0.000987672,0.990222,1,0
0.0878906,0.458984,0.553317,-0.000987535,0.99019,1,0
0.107422,0.439453,0.705579,-0.000937725,0.988154,1,0
0.107422,0.458984,0.553182,-0.000912771,0.98812,1,0
0.126953,0.400391,0.882534,-0.000819875,0.986201,1,0
0.126953,0.419922,0.811315,-0.000868449,0.98616,1,0
0.146484,0.400391,0.882574,-0.000770331,0.984186,1,0
0.146484,0.419922,0.811336,-0.00080806,0.98414,1,0
0.126953,0.439453,0.705565,-0.000876568,0.986116,1,0
0.126953,0.458984,0.553026,-0.000829306,0.986074,1,0
0.146484,0.439453,0.705539,-0.000807838,0.98409,1,0
0.146484,0.458984,0.552859,-0.000743371,0.984047,1,0
0.00976562,0.478516,0.340235,-0.000679464,0.998735,1,0
0.00976562,0.498047,0.0469408,-0.000182598,0.998747,0.6,0
0.0292969,0.478516,0.339836,-0.000868799,0.996564,1,0
0.0292969,0.498047,0.0457313,-0.000306298,0.996593,0.6,0
0.0488281,0.478516,0.339393,-0.00089629,0.994399,1,0
0.0488281,0.498047,0.0448201,-0.000116935,0.994399,0.6,0
0.0683594,0.478516,0.338924,-0.000832608,0.99226,1,0
0.0683594,0.498047,0.0439675,-1.49946e-05,0.992264,0.6,0
0.0878906,0.478516,0.338449,-0.00074896,0.990155,1,0
0.0878906,0.498047,0.0432619,4.47783e-05,0.990156,0.6,0
0.107422,0.478516,0.337983,-0.000659338,0.988081,1,0
0.107422,0.498047,0.0426644,8.01024e-05,0.988081,0.6,0
0.126953,0.478516,0.337541,-0.000566811,0.986033,1,0
0.126953,0.498047,0.042171,9.92172e-05,0.986032,0.6,0
0.146484,0.478516,0.337133,-0.000478311,0.984007,1,0
0.146484,0.498047,0.0417701,0.000106424,0.984004,0.6,0
0.166016,0.322266,0.987134,-0.000545944,0.982327,1,0
0.166016,0.341797,0.976473,-0.000592392,0.982296,1,0
0.185547,0.322266,0.987177,-0.00051365,0.980333,1,0
0.185547,0.341797,0.976516,-0.000555326,0.9803,1,0
0.166016,0.361328,0.958497,-0.00063622,0.982261,1,0
0.166016,0.380859,0.929119,-0.000682366,0.98222,1,0
0.185547,0.361328,0.95854,-0.000593782,0.980263,1,0
0.185547,0.380859,0.929157,-0.000633337,0.980221,1,0
0.205078,0.322266,0.987216,-0.00048002,0.978345,1,0
0.205078,0.341797,0.976554,-0.000516993,0.978311,1,0
0.224609,0.322266,0.987249,-0.000445759,0.976362,1,0
0.224609,0.341797,0.976587,-0.000478216,0.976327,1,0
0.205078,0.361328,0.958576,-0.00055035,0.978273,1,0
0.205078,0.380859,0.929187,-0.00058375,0.978231,1,0
0.224609,0.361328,0.958606,-0.000506848,0.97629,1,0
0.224609,0.380859,0.929212,-0.000534652,0.976248,1,0
0.166016,0.400391,0.88261,-0.000716522,0.982176,1,0
0.166016,0.419922,0.811349,-0.000744404,0.982128,1,0
0.185547,0.400391,0.882638,-0.000661312,0.980176,1,0
0.185547,0.419922,0.811355,-0.000680731,0.980128,1,0
0.166016,0.439453,0.705504,-0.000737305,0.982077,1,0
0.166016,0.458984,0.552687,-0.000660598,0.982035,1,0
0.185547,0.439453,0.70546,-0.000668077,0.980078,1,0
0.185547,0.458984,0.552513,-0.000583067,0.980038,1,0
0.205078,0.400391,0.882658,-0.000606254,0.978186,1,0
0.205078,0.419922,0.811353,-0.000618592,0.978139,1,0
0.224609,0.400391,0.882673,-0.000552432,0.976203,1,0
0.224609,0.419922,0.811347,-0.000559079,0.976159,1,0
0.205078,0.439453,0.70541,-0.000601588,0.978091,1,0
0.205078,0.458984,0.552339,-0.00051156,0.978054,1,0
0.224609,0.439453,0.705356,-0.000538906,0.976114,1,0
0.224609,0.458984,0.552171,-0.000446571,0.976079,1,0
0.244141,0.322266,0.987279,-0.000411482,0.974382,1,0
0.244141,0.341797,0.976615,-0.000439709,0.974348,1,0
0.263672,0.322266,0.987305,-0.000377716,0.972406,1,0
0.263672,0.341797,0.97664,-0.000402071,0.972373,1,0
0.244141,0.361328,0.958632,-0.000464069,0.974311,1,0
0.244141,0.380859,0.929232,-0.000486933,0.974271,1,0
0.263672,0.361328,0.958653,-0.000422654,0.972337,1,0
0.263672,0.380859,0.929248,-0.000441266,0.972299,1,0
0.283203,0.322266,0.987327,-0.000344879,0.970435,1,0
0.283203,0.341797,0.97666,-0.000365751,0.970403,1,0
0.302734,0.322266,0.987346,-0.000313283,0.968466,1,0
0.302734,0.341797,0.976678,-0.00033107,0.968436,1,0
0.283203,0.361328,0.958671,-0.000383051,0.970368,1,0
0.283203,0.380859,0.929261,-0.000398076,0.970332,1,0
0.302734,0.361328,0.958686,-0.000345558,0.968403,1,0
0.302734,0.380859,0.92927,-0.000357614,0.968369,1,0
0.244141,0.400391,0.882683,-0.000500767,0.974228,1,0
0.244141,0.419922,0.811337,-0.00050304,0.974186,1,0
0.263672,0.400391,0.88269,-0.000451889,0.972258,1,0
0.263672,0.419922,0.811325,-0.000450945,0.972219,1,0
0.244141,0.439453,0.7053,-0.000480763,0.974144,1,0
0.244141,0.458984,0.552008,-0.000388235,0.974113,1,0
0.263672,0.439453,0.705243,-0.000427447,0.972181,1,0
0.263672,0.458984,0.551853,-0.000336293,0.972153,1,0
0.283203,0.400391,0.882694,-0.000406153,0.970294,1,0
0.283203,0.419922,0.81131,-0.000402976,0.970258,1,0
0.302734,0.400391,0.882696,-0.000363724,0.968334,1,0
0.302734,0.419922,0.811296,-0.000359116,0.9683,1,0
0.283203,0.439453,0.705187,-0.000378988,0.970223,1,0
0.283203,0.458984,0.551707,-0.000290413,0.970198,1,0
0.302734,0.439453,0.705132,-0.000335197,0.968269,1,0
0.302734,0.458984,0.55157,-0.000249883,0.968247,1,0
0.166016,0.478516,0.336761,-0.000397874,0.981999,1,0
0.166016,0.498047,0.0414491,0.000106172,0.981996,0.6,0
0.185547,0.478516,0.336426,-0.000326506,0.980006,1,0
0.185547,0.498047,0.0411955,0.000101382,0.980002,0.6,0
0.205078,0.478516,0.336127,-0.000264259,0.978025,1,0
0.205078,0.498047,0.0409985,9.39422e-05,0.978021,0.6,0
0.224609,0.478516,0.335863,-0.000210833,0.976054,1,0
0.224609,0.498047,0.0408482,8.51098e-05,0.97605,0.6,0
0.244141,0.478516,0.33563,-0.000165628,0.974091,1,0
0.244141,0.498047,0.0407363,7.57008e-05,0.974087,0.6,0
0.263672,0.478516,0.335427,-0.000127794,0.972134,1,0
0.263672,0.498047,0.0406551,6.62906e-05,0.97213,0.6,0
0.283203,0.478516,0.33525,-9.65208e-05,0.970182,1,0
0.283203,0.498047,0.040599,5.72083e-05,0.970178,0.6,0
0.302734,0.478516,0.335096,-7.07908e-05,0.968233,1,0
0.302734,0.498047,0.0405617,4.8399e-05,0.968229,0.6,0
0.322266,0.00976562,1.00233,-1.49488e-05,0.966711,1,0
0.322266,0.0292969,1.00213,-3.15438e-05,0.966708,1,0
0.341797,0.00976562,1.00234,-1.31339e-05,0.964741,1,0
0.341797,0.0292969,1.00215,-2.79439e-05,0.964738,1,0
0.322266,0.0488281,1.002,-4.55865e-05,0.966704,1,0
0.322266,0.0683594,1.0019,-6.28831e-05,0.966699,1,0
0.341797,0.0488281,1.00202,-4.10782e-05,0.964734,1,0
0.341797,0.0683594,1.00192,-5.69561e-05,0.964729,1,0
0.361328,0.00976562,1.00235,-1.13028e-05,0.962772,1,0
0.361328,0.0292969,1.00216,-2.43529e-05,0.962769,1,0
0.380859,0.00976562,1.00236,-9.47085e-06,0.960805,1,0
0.380859,0.0292969,1.00218,-2.07972e-05,0.960801,1,0
0.361328,0.0488281,1.00203,-3.66072e-05,0.962765,1,0
0.361328,0.0683594,1.00193,-5.10902e-05,0.962761,1,0
0.380859,0.0488281,1.00205,-3.22028e-05,0.960798,1,0
0.380859,0.0683594,1.00195,-4.53233e-05,0.960793,1,0
0.322266,0.0878906,1.00182,-7.79572e-05,0.966693,1,0
0.322266,0.107422,1.00173,-9.50534e-05,0.966686,1,0
0.341797,0.0878906,1.00183,-7.08343e-05,0.964723,1,0
0.341797,0.107422,1.00174,-8.65542e-05,0.964716,1,0
0.322266,0.126953,1.00163,-0.000111174,0.966677,1,0
0.322266,0.146484,1.00151,-0.000128369,0.966667,1,0
0.341797,0.126953,1.00164,-0.000101301,0.964707,1,0
0.341797,0.146484,1.00153,-0.000117034,0.964698,1,0
0.361328,0.0878906,1.00185,-6.38145e-05,0.962755,1,0
0.361328,0.107422,1.00176,-7.8194e-05,0.962747,1,0
0.380859,0.0878906,1.00186,-5.69413e-05,0.960787,1,0
0.380859,0.107422,1.00177,-7.00236e-05,0.96078,1,0
0.361328,0.126953,1.00166,-9.16195e-05,0.962739,1,0
0.361328,0.146484,1.00154,-0.000105947,0.962729,1,0
0.380859,0.126953,1.00167,-8.21873e-05,0.960772,1,0
0.380859,0.146484,1.00156,-9.51719e-05,0.960763,1,0
0.400391,0.00976562,1.00236,-7.65248e-06,0.958838,1,0
0.400391,0.0292969,1.00219,-1.73012e-05,0.958835,1,0
0.419922,0.00976562,1.00237,-5.86115e-06,0.956872,1,0
0.419922,0.0292969,1.0022,-1.38863e-05,0.956869,1,0
0.400391,0.0488281,1.00206,-2.78908e-05,0.958831,1,0
0.400391,0.0683594,1.00196,-3.96885e-05,0.958827,1,0
0.419922,0.0488281,1.00207,-2.36936e-05,0.956866,1,0
0.419922,0.0683594,1.00197,-3.4214e-05,0.956861,1,0
0.439453,0.00976562,1.00237,-4.10911e-06,0.954908,1,0
0.439453,0.0292969,1.00221,-1.05716e-05,0.954904,1,0
0.458984,0.00976562,1.00238,-2.40728e-06,0.952944,1,0
0.458984,0.0292969,1.00221,-7.37334e-06,0.952941,1,0
0.439453,0.0488281,1.00208,-1.96301e-05,0.954901,1,0
0.439453,0.0683594,1.00198,-2.89236e-05,0.954897,1,0
0.458984,0.0488281,1.00209,-1.57161e-05,0.952938,1,0
0.458984,0.0683594,1.00199,-2.38363e-05,0.952933,1,0
0.400391,0.0878906,1.00187,-5.02518e-05,0.958821,1,0
0.400391,0.107422,1.00178,-6.20859e-05,0.958814,1,0
0.419922,0.0878906,1.00188,-4.37769e-05,0.956856,1,0
0.419922,0.107422,1.00179,-5.44162e-05,0.956849,1,0
0.400391,0.126953,1.00168,-7.30519e-05,0.958806,1,0
0.400391,0.146484,1.00157,-8.47618e-05,0.958797,1,0
0.419922,0.126953,1.00169,-6.42515e-05,0.956842,1,0
0.419922,0.146484,1.00158,-7.47574e-05,0.956833,1,0
0.439453,0.0878906,1.00189,-3.75416e-05,0.954892,1,0
0.439453,0.107422,1.0018,-4.70422e-05,0.954885,1,0
0.458984,0.0878906,1.0019,-3.15654e-05,0.952928,1,0
0.458984,0.107422,1.00181,-3.99853e-05,0.952922,1,0
0.439453,0.126953,1.0017,-5.58156e-05,0.954878,1,0
0.439453,0.146484,1.00159,-6.51894e-05,0.95487,1,0
0.458984,0.126953,1.00171,-4.77652e-05,0.952915,1,0
0.458984,0.146484,1.0016,-5.60788e-05,0.952908,1,0
0.322266,0.166016,1.00138,-0.000145286,0.966655,1,0
0.322266,0.185547,1.0012,-0.000162776,0.966643,1,0
0.341797,0.166016,1.00139,-0.00013242,0.964686,1,0
0.341797,0.185547,1.00122,-0.000148296,0.964674,1,0
0.322266,0.205078,1.00096,-0.000180213,0.966628,1,0
0.322266,0.224609,1.00059,-0.000197969,0.966612,1,0
0.341797,0.205078,1.00098,-0.000164023,0.964659,1,0
0.341797,0.224609,1.00061,-0.000179973,0.964643,1,0
0.361328,0.166016,1.00141,-0.000119873,0.962718,1,0
0.361328,0.185547,1.00123,-0.000134221,0.962706,1,0
0.380859,0.166016,1.00142,-0.000107718,0.960752,1,0
0.380859,0.185547,1.00125,-0.000120627,0.96074,1,0
0.361328,0.205078,1.00099,-0.000148342,0.962692,1,0
0.361328,0.224609,1.00062,-0.000162611,0.962677,1,0
0.380859,0.205078,1.001,-0.000133252,0.960727,1,0
0.380859,0.224609,1.00063,-0.000145967,0.960712,1,0
0.322266,0.244141,0.999979,-0.000215558,0.966593,1,0
0.322266,0.263672,0.998907,-0.000233316,0.966573,1,0
0.341797,0.244141,0.999995,-0.000195648,0.964626,1,0
0.341797,0.263672,0.998923,-0.000211381,0.964607,1,0
0.322266,0.283203,0.996981,-0.000250443,0.966551,1,0
0.322266,0.302734,0.993515,-0.000267583,0.966527,1,0
0.341797,0.283203,0.996997,-0.000226395,0.964585,1,0
0.341797,0.302734,0.99353,-0.000241298,0.964562,1,0
0.361328,0.244141,1.00001,-0.000176523,0.96266,1,0
0.361328,0.263672,0.998938,-0.000190411,0.962642,1,0
0.380859,0.244141,1.00002,-0.000158269,0.960696,1,0
0.380859,0.263672,0.99895,-0.000170489,0.960679,1,0
0.361328,0.283203,0.997011,-0.000203529,0.962622,1,0
0.361328,0.302734,0.993543,-0.000216449,0.9626,1,0
0.380859,0.283203,0.997023,-0.000181923,0.96066,1,0
0.380859,0.302734,0.993555,-0.000193103,0.960639,1,0
0.400391,0.166016,1.00143,-9.60096e-05,0.958787,1,0
0.400391,0.185547,1.00126,-0.000107575,0.958776,1,0
0.419922,0.166016,1.00144,-8.4792e-05,0.956823,1,0
0.419922,0.185547,1.00127,-9.51078e-05,0.956812,1,0
0.400391,0.205078,1.00102,-0.000118813,0.958763,1,0
0.400391,0.224609,1.00065,-0.000130103,0.958749,1,0
0.419922,0.205078,1.00103,-0.000105071,0.9568,1,0
0.419922,0.224609,1.00066,-0.000115061,0.956787,1,0
0.439453,0.166016,1.00145,-7.40956e-05,0.95486,1,0
0.439453,0.185547,1.00128,-8.32551e-05,0.95485,1,0
0.458984,0.166016,1.00146,-6.39399e-05,0.952899,1,0
0.458984,0.185547,1.00129,-7.20339e-05,0.952889,1,0
0.439453,0.205078,1.00104,-9.20506e-05,0.954839,1,0
0.439453,0.224609,1.00067,-0.000100861,0.954826,1,0
0.458984,0.205078,1.00104,-7.9765e-05,0.952878,1,0
0.458984,0.224609,1.00067,-8.7509e-05,0.952867,1,0
0.400391,0.244141,1.00003,-0.000140947,0.958734,1,0
0.400391,0.263672,0.998961,-0.000151672,0.958717,1,0
0.419922,0.244141,1.00004,-0.00012459,0.956773,1,0
0.419922,0.263672,0.998971,-0.000133985,0.956757,1,0
0.400391,0.283203,0.997034,-0.000161622,0.958699,1,0
0.400391,0.302734,0.993564,-0.000171293,0.95868,1,0
0.419922,0.283203,0.997043,-0.00014264,0.95674,1,0
0.419922,0.302734,0.993573,-0.000151014,0.956723,1,0
0.439453,0.244141,1.00005,-0.000109214,0.954813,1,0
0.439453,0.263672,0.99898,-0.000117432,0.954798,1,0
0.458984,0.244141,1.00006,-9.48146e-05,0.952854,1,0
0.458984,0.263672,0.998987,-0.000101997,0.95284,1,0
0.439453,0.283203,0.997051,-0.000124965,0.954783,1,0
0.439453,0.302734,0.99358,-0.000132235,0.954766,1,0
0.458984,0.283203,0.997057,-0.000108563,0.952826,1,0
0.458984,0.302734,0.993586,-0.000114902,0.952811,1,0
0.478516,0.00976562,1.00238,-7.65337e-07,0.950981,1,0
0.478516,0.0292969,1.00222,-4.30483e-06,0.950978,1,0
0.498047,0.00976562,1.00238,8.09164e-07,0.949019,1,0
0.498047,0.0292969,1.00223,-1.37639e-06,0.949016,1,0
0.478516,0.0488281,1.00209,-1.19636e-05,0.950975,1,0
0.478516,0.0683594,1.00199,-1.89668e-05,0.950971,1,0
0.498047,0.0488281,1.0021,-8.38239e-06,0.949013,1,0
0.498047,0.0683594,1.002,-1.43267e-05,0.949009,1,0
0.517578,0.00976562,1.00238,2.30966e-06,0.947058,1,0
0.517578,0.0292969,1.00223,1.40285e-06,0.947055,1,0
0.537109,0.00976562,1.00238,3.72883e-06,0.945097,1,0
0.537109,0.0292969,1.00223,4.02464e-06,0.945094,1,0
0.517578,0.0488281,1.00211,-4.98044e-06,0.947052,1,0
0.517578,0.0683594,1.00201,-9.92346e-06,0.947048,1,0
0.537109,0.0488281,1.00211,-1.76207e-06,0.945092,1,0
0.537109,0.0683594,1.00201,-5.76097e-06,0.945088,1,0
0.478516,0.0878906,1.00191,-2.58623e-05,0.950966,1,0
0.478516,0.107422,1.00182,-3.32602e-05,0.95096,1,0
0.498047,0.0878906,1.00191,-2.04422e-05,0.949005,1,0
0.498047,0.107422,1.00182,-2.68765e-05,0.948999,1,0
0.478516,0.126953,1.00172,-4.01144e-05,0.950954,1,0
0.478516,0.146484,1.00161,-4.74381e-05,0.950946,1,0
0.498047,0.126953,1.00173,-3.28705e-05,0.948993,1,0
0.498047,0.146484,1.00161,-3.92726e-05,0.948986,1,0
0.517578,0.0878906,1.00192,-1.53103e-05,0.947044,1,0
0.517578,0.107422,1.00183,-2.08383e-05,0.947039,1,0
0.537109,0.0878906,1.00192,-1.04681e-05,0.945084,1,0
0.537109,0.107422,1.00183,-1.51459e-05,0.94508,1,0
0.517578,0.126953,1.00173,-2.60351e-05,0.947033,1,0
0.517578,0.146484,1.00162,-3.15811e-05,0.947027,1,0
0.537109,0.126953,1.00174,-1.96055e-05,0.945074,1,0
0.537109,0.146484,1.00162,-2.43574e-05,0.945068,1,0
0.556641,0.00976562,1.00237,5.06211e-06,0.943137,1,0
0.556641,0.0292969,1.00224,6.48526e-06,0.943134,1,0
0.576172,0.00976562,1.00237,6.30805e-06,0.941178,1,0
0.576172,0.0292969,1.00224,8.78449e-06,0.941175,1,0
0.556641,0.0488281,1.00211,1.27156e-06,0.943132,1,0
0.556641,0.0683594,1.00202,-1.84029e-06,0.943129,1,0
0.576172,0.0488281,1.00212,4.12081e-06,0.941174,1,0
0.576172,0.0683594,1.00202,1.83974e-06,0.94117,1,0
0.595703,0.00976562,1.00236,7.46535e-06,0.93922,1,0
0.595703,0.0292969,1.00224,1.09227e-05,0.939217,1,0
0.615234,0.00976562,1.00236,8.53312e-06,0.937262,1,0
0.615234,0.0292969,1.00224,1.29008e-05,0.937259,1,0
0.595703,0.0488281,1.00212,6.78741e-06,0.939215,1,0
0.595703,0.0683594,1.00202,5.28239e-06,0.939212,1,0
0.615234,0.0488281,1.00212,9.27426e-06,0.937258,1,0
0.615234,0.0683594,1.00202,8.49258e-06,0.937255,1,0
0.556641,0.0878906,1.00193,-5.91404e-06,0.943125,1,0
0.556641,0.107422,1.00184,-9.79593e-06,0.943121,1,0
0.576172,0.0878906,1.00193,-1.64428e-06,0.941167,1,0
0.576172,0.107422,1.00184,-4.78245e-06,0.941163,1,0
0.556641,0.126953,1.00174,-1.35748e-05,0.943116,1,0
0.556641,0.146484,1.00163,-1.75913e-05,0.94311,1,0
0.576172,0.126953,1.00174,-7.9334e-06,0.941158,1,0
0.576172,0.146484,1.00163,-1.12692e-05,0.941152,1,0
0.595703,0.0878906,1.00193,2.34745e-06,0.939209,1,0
0.595703,0.107422,1.00185,-9.68802e-08,0.939205,1,0
0.615234,0.0878906,1.00194,6.06913e-06,0.937252,1,0
0.615234,0.107422,1.00185,4.2713e-06,0.937248,1,0
0.595703,0.126953,1.00175,-2.66896e-06,0.9392,1,0
0.595703,0.146484,1.00163,-5.37497e-06,0.939195,1,0
0.615234,0.126953,1.00175,2.23282e-06,0.937244,1,0
0.615234,0.146484,1.00164,1.08947e-07,0.937239,1,0
0.478516,0.166016,1.00147,-5.43349e-05,0.950938,1,0
0.478516,0.185547,1.00129,-6.14502e-05,0.950929,1,0
0.498047,0.166016,1.00148,-4.52823e-05,0.948978,1,0
0.498047,0.185547,1.0013,-5.15007e-05,0.94897,1,0
0.478516,0.205078,1.00105,-6.82144e-05,0.950919,1,0
0.478516,0.224609,1.00068,-7.49985e-05,0.950908,1,0
0.498047,0.205078,1.00106,-5.73891e-05,0.94896,1,0
0.498047,0.224609,1.00069,-6.33111e-05,0.94895,1,0
0.517578,0.166016,1.00148,-3.67767e-05,0.947019,1,0
0.517578,0.185547,1.00131,-4.21749e-05,0.947011,1,0
0.537109,0.166016,1.00149,-2.88074e-05,0.945061,1,0
0.537109,0.185547,1.00131,-3.34564e-05,0.945053,1,0
0.517578,0.205078,1.00106,-4.72717e-05,0.947002,1,0
0.517578,0.224609,1.00069,-5.24205e-05,0.946993,1,0
0.537109,0.205078,1.00107,-3.78385e-05,0.945045,1,0
0.537109,0.224609,1.0007,-4.22945e-05,0.945036,1,0
0.478516,0.244141,1.00007,-8.1374e-05,0.950896,1,0
0.478516,0.263672,0.998993,-8.76489e-05,0.950883,1,0
0.498047,0.244141,1.00007,-6.88631e-05,0.948939,1,0
0.498047,0.263672,0.998999,-7.43449e-05,0.948927,1,0
0.478516,0.283203,0.997063,-9.33863e-05,0.95087,1,0
0.478516,0.302734,0.993592,-9.89457e-05,0.950856,1,0
0.498047,0.283203,0.997069,-7.93744e-05,0.948915,1,0
0.498047,0.302734,0.993597,-8.42837e-05,0.948902,1,0
0.517578,0.244141,1.00008,-5.72446e-05,0.946983,1,0
0.517578,0.263672,0.999004,-6.20345e-05,0.946972,1,0
0.537109,0.244141,1.00008,-4.64757e-05,0.945027,1,0
0.537109,0.263672,0.999008,-5.06622e-05,0.945017,1,0
0.517578,0.283203,0.997073,-6.64603e-05,0.94696,1,0
0.517578,0.302734,0.993601,-7.08297e-05,0.946949,1,0
0.537109,0.283203,0.997077,-5.45735e-05,0.945007,1,0
0.537109,0.302734,0.993605,-5.84954e-05,0.944996,1,0
0.556641,0.166016,1.00149,-2.13592e-05,0.943103,1,0
0.556641,0.185547,1.00132,-2.53243e-05,0.943096,1,0
0.576172,0.166016,1.00149,-1.44135e-05,0.941146,1,0
0.576172,0.185547,1.00132,-1.77546e-05,0.94114,1,0
0.556641,0.205078,1.00107,-2.90617e-05,0.943089,1,0
0.556641,0.224609,1.0007,-3.28969e-05,0.943081,1,0
0.576172,0.205078,1.00108,-2.09103e-05,0.941133,1,0
0.576172,0.224609,1.0007,-2.41888e-05,0.941125,1,0
0.595703,0.166016,1.0015,-7.94977e-06,0.93919,1,0
0.595703,0.185547,1.00132,-1.0721e-05,0.939184,1,0
0.615234,0.166016,1.0015,-1.94534e-06,0.937234,1,0
0.615234,0.185547,1.00132,-4.19546e-06,0.937228,1,0
0.595703,0.205078,1.00108,-1.33515e-05,0.939177,1,0
0.595703,0.224609,1.00071,-1.61301e-05,0.93917,1,0
0.615234,0.205078,1.00108,-6.35136e-06,0.937222,1,0
0.615234,0.224609,1.00071,-8.68073e-06,0.937216,1,0
0.556641,0.244141,1.00009,-3.65101e-05,0.943072,1,0
0.556641,0.263672,0.999012,-4.017e-05,0.943063,1,0
0.576172,0.244141,1.00009,-2.72996e-05,0.941117,1,0
0.576172,0.263672,0.999015,-3.04995e-05,0.941109,1,0
0.556641,0.283203,0.997081,-4.36421e-05,0.943053,1,0
0.556641,0.302734,0.993609,-4.71933e-05,0.943043,1,0
0.576172,0.283203,0.997084,-3.35958e-05,0.9411,1,0
0.576172,0.302734,0.993612,-3.68396e-05,0.941091,1,0
0.595703,0.244141,1.00009,-1.87959e-05,0.939163,1,0
0.595703,0.263672,0.999018,-2.15929e-05,0.939155,1,0
0.615234,0.244141,1.0001,-1.09514e-05,0.937209,1,0
0.615234,0.263672,0.999021,-1.33945e-05,0.937202,1,0
0.595703,0.283203,0.997088,-2.43667e-05,0.939147,1,0
0.595703,0.302734,0.993616,-2.7355e-05,0.939139,1,0
0.615234,0.283203,0.99709,-1.58903e-05,0.937194,1,0
0.615234,0.302734,0.993619,-1.86656e-05,0.937187,1,0
0.322266,0.322266,0.987363,-0.00028316,0.9665,1,0
0.322266,0.341797,0.976692,-0.00029825,0.966472,1,0
0.341797,0.322266,0.987377,-0.000254668,0.964537,1,0
0.341797,0.341797,0.976705,-0.000267436,0.96451,1,0
0.322266,0.361328,0.958698,-0.000310365,0.966441,1,0
0.322266,0.380859,0.929278,-0.000320016,0.966409,1,0
0.341797,0.361328,0.958708,-0.000277579,0.964482,1,0
0.341797,0.380859,0.929284,-0.000285322,0.964452,1,0
0.361328,0.322266,0.987389,-0.000227909,0.962576,1,0
0.361328,0.341797,0.976715,-0.000238702,0.962551,1,0
0.380859,0.322266,0.987399,-0.00020293,0.960617,1,0
0.380859,0.341797,0.976724,-0.000212075,0.960594,1,0
0.361328,0.361328,0.958716,-0.000247234,0.962525,1,0
0.361328,0.380859,0.929289,-0.000253505,0.962498,1,0
0.380859,0.361328,0.958722,-0.000219322,0.96057,1,0
0.380859,0.380859,0.929293,-0.000224511,0.960545,1,0
0.322266,0.400391,0.882696,-0.000324662,0.966377,1,0
0.322266,0.419922,0.81128,-0.000319282,0.966346,1,0
0.341797,0.400391,0.882696,-0.000288928,0.964423,1,0
0.341797,0.419922,0.811266,-0.000283276,0.964395,1,0
0.322266,0.439453,0.705079,-0.000295911,0.966318,1,0
0.322266,0.458984,0.551443,-0.000214527,0.966299,1,0
0.341797,0.439453,0.705029,-0.000260727,0.96437,1,0
0.341797,0.458984,0.551325,-0.000183511,0.964352,1,0
0.361328,0.400391,0.882695,-0.000256414,0.962471,1,0
0.361328,0.419922,0.811251,-0.000250834,0.962446,1,0
0.380859,0.400391,0.882693,-0.000227038,0.960521,1,0
0.380859,0.419922,0.811238,-0.000221858,0.960498,1,0
0.361328,0.439453,0.70498,-0.000229199,0.962424,1,0
0.361328,0.458984,0.551215,-0.00015586,0.962408,1,0
0.380859,0.439453,0.704935,-0.000201352,0.960479,1,0
0.380859,0.458984,0.551114,-0.000132147,0.960466,1,0
0.400391,0.322266,0.987408,-0.000179743,0.95866,1,0
0.400391,0.341797,0.976731,-0.000187535,0.958638,1,0
0.419922,0.322266,0.987415,-0.000158319,0.956704,1,0
0.419922,0.341797,0.976738,-0.000165029,0.956684,1,0
0.400391,0.361328,0.958728,-0.000193796,0.958616,1,0
0.400391,0.380859,0.929296,-0.000198255,0.958594,1,0
0.419922,0.361328,0.958733,-0.000170566,0.956664,1,0
0.419922,0.380859,0.929299,-0.000174607,0.956644,1,0
0.439453,0.322266,0.987422,-0.000138602,0.954749,1,0
0.439453,0.341797,0.976743,-0.000144464,0.954731,1,0
0.458984,0.322266,0.987428,-0.00012051,0.952795,1,0
0.458984,0.341797,0.976748,-0.000125725,0.952778,1,0
0.439453,0.361328,0.958738,-0.000149504,0.954712,1,0
0.439453,0.380859,0.929302,-0.000153382,0.954694,1,0
0.458984,0.361328,0.958742,-0.00013045,0.952762,1,0
0.458984,0.380859,0.929306,-0.000134368,0.952745,1,0
0.400391,0.400391,0.882692,-0.000200703,0.958572,1,0
0.400391,0.419922,0.811225,-0.000196258,0.958552,1,0
0.419922,0.400391,0.882692,-0.000177234,0.956624,1,0
0.419922,0.419922,0.811214,-0.00017381,0.956607,1,0
0.400391,0.439453,0.704891,-0.000177138,0.958536,1,0
0.400391,0.458984,0.551021,-0.00011248,0.958524,1,0
0.419922,0.439453,0.704851,-0.000156271,0.956592,1,0
0.419922,0.458984,0.550935,-9.63991e-05,0.956583,1,0
0.439453,0.400391,0.882692,-0.000156389,0.954677,1,0
0.439453,0.419922,0.811204,-0.000154186,0.954662,1,0
0.458984,0.400391,0.882693,-0.000137897,0.95273,1,0
0.458984,0.419922,0.811195,-0.000137022,0.952717,1,0
0.439453,0.439453,0.704814,-0.000138358,0.954649,1,0
0.439453,0.458984,0.550858,-8.32806e-05,0.954641,1,0
0.458984,0.439453,0.70478,-0.000122962,0.952706,1,0
0.458984,0.458984,0.550788,-7.24884e-05,0.952699,1,0
0.322266,0.478516,0.334965,-4.98537e-05,0.966287,1,0
0.322266,0.498047,0.04054,4.21358e-05,0.966283,0.6,0
0.341797,0.478516,0.334849,-3.25013e-05,0.964343,1,0
0.341797,0.498047,0.0405316,3.83197e-05,0.964339,0.6,0
0.361328,0.478516,0.33475,-1.76173e-05,0.962399,1,0
0.361328,0.498047,0.0405362,3.54321e-05,0.962396,0.6,0
0.380859,0.478516,0.334664,-5.75936e-06,0.960459,1,0
0.380859,0.498047,0.0405518,3.25767e-05,0.960455,0.6,0
0.400391,0.478516,0.334589,2.6098e-06,0.958519,1,0
0.400391,0.498047,0.0405738,2.774e-05,0.958516,0.6,0
0.419922,0.478516,0.334525,7.80714e-06,0.956579,1,0
0.419922,0.498047,0.0405977,2.15394e-05,0.956577,0.6,0
0.439453,0.478516,0.334471,1.05136e-05,0.954639,1,0
0.439453,0.498047,0.0406202,1.53636e-05,0.954637,0.6,0
0.458984,0.478516,0.334425,1.1512e-05,0.952698,1,0
0.458984,0.498047,0.0406399,1.00965e-05,0.952696,0.6,0
0.478516,0.322266,0.987433,-0.000103945,0.950841,1,0
0.478516,0.341797,0.976753,-0.000108681,0.950827,1,0
0.498047,0.322266,0.987437,-8.88005e-05,0.948889,1,0
0.498047,0.341797,0.976758,-9.31921e-05,0.948875,1,0
0.478516,0.361328,0.958747,-0.000113235,0.950811,1,0
0.478516,0.380859,0.929309,-0.000117342,0.950797,1,0
0.498047,0.361328,0.958751,-9.76839e-05,0.948862,1,0
0.498047,0.380859,0.929314,-0.000102083,0.948848,1,0
0.517578,0.322266,0.987442,-7.49672e-05,0.946936,1,0
0.517578,0.341797,0.976762,-7.91214e-05,0.946924,1,0
0.537109,0.322266,0.987446,-6.23362e-05,0.944985,1,0
0.537109,0.341797,0.976766,-6.63356e-05,0.944973,1,0
0.517578,0.361328,0.958756,-8.363e-05,0.946912,1,0
0.517578,0.380859,0.929318,-8.83828e-05,0.9469,1,0
0.537109,0.361328,0.95876,-7.09163e-05,0.944962,1,0
0.537109,0.380859,0.929324,-7.60559e-05,0.944952,1,0
0.478516,0.400391,0.882694,-0.000121481,0.950783,1,0
0.478516,0.419922,0.811189,-0.000121957,0.950771,1,0
0.498047,0.400391,0.882697,-0.000106877,0.948836,1,0
0.498047,0.419922,0.811184,-0.000108662,0.948826,1,0
0.478516,0.439453,0.704749,-0.000109656,0.950762,1,0
0.478516,0.458984,0.550725,-6.34735e-05,0.950756,1,0
0.498047,0.439453,0.704721,-9.8058e-05,0.948818,1,0
0.498047,0.458984,0.550669,-5.58125e-05,0.948813,1,0
0.517578,0.400391,0.882701,-9.38452e-05,0.946889,1,0
0.517578,0.419922,0.81118,-9.68588e-05,0.94688,1,0
0.537109,0.400391,0.882706,-8.21753e-05,0.944942,1,0
0.537109,0.419922,0.811178,-8.63159e-05,0.944933,1,0
0.517578,0.439453,0.704696,-8.78533e-05,0.946873,1,0
0.517578,0.458984,0.550618,-4.91956e-05,0.946869,1,0
0.537109,0.439453,0.704674,-7.87942e-05,0.944927,1,0
0.537109,0.458984,0.550572,-4.34066e-05,0.944924,1,0
0.556641,0.322266,0.98745,-5.08032e-05,0.943033,1,0
0.556641,0.341797,0.97677,-5.47103e-05,0.943023,1,0
0.576172,0.322266,0.987453,-4.02702e-05,0.941082,1,0
0.576172,0.341797,0.976775,-4.41315e-05,0.941072,1,0
0.556641,0.361328,0.958765,-5.94e-05,0.943013,1,0
0.556641,0.380859,0.92933,-6.4938e-05,0.943003,1,0
0.576172,0.361328,0.958771,-4.89536e-05,0.941063,1,0
0.576172,0.380859,0.929336,-5.48866e-05,0.941054,1,0
0.595703,0.322266,0.987457,-3.06467e-05,0.93913,1,0
0.595703,0.341797,0.976779,-3.44959e-05,0.939122,1,0
0.615234,0.322266,0.98746,-2.18496e-05,0.937179,1,0
0.615234,0.341797,0.976783,-2.57105e-05,0.937171,1,0
0.595703,0.361328,0.958776,-3.94637e-05,0.939114,1,0
0.595703,0.380859,0.929343,-4.57786e-05,0.939106,1,0
0.615234,0.361328,0.958782,-3.08302e-05,0.937164,1,0
0.615234,0.380859,0.92935,-3.75079e-05,0.937157,1,0
0.556641,0.400391,0.882711,-7.16889e-05,0.942994,1,0
0.556641,0.419922,0.811177,-7.68486e-05,0.942987,1,0
0.576172,0.400391,0.882717,-6.22347e-05,0.941047,1,0
0.576172,0.419922,0.811177,-6.83082e-05,0.94104,1,0
0.556641,0.439453,0.704653,-7.06912e-05,0.942981,1,0
0.556641,0.458984,0.550531,-3.82977e-05,0.942978,1,0
0.576172,0.439453,0.704635,-6.33995e-05,0.941035,1,0
0.576172,0.458984,0.550494,-3.37629e-05,0.941032,1,0
0.595703,0.400391,0.882724,-5.36851e-05,0.939099,1,0
0.595703,0.419922,0.811178,-6.05728e-05,0.939093,1,0
0.615234,0.400391,0.882732,-4.59319e-05,0.93715,1,0
0.615234,0.419922,0.81118,-5.35416e-05,0.937145,1,0
0.595703,0.439453,0.704619,-5.68058e-05,0.939088,1,0
0.595703,0.458984,0.55046,-2.97184e-05,0.939086,1,0
0.615234,0.439453,0.704604,-5.08178e-05,0.937141,1,0
0.615234,0.458984,0.55043,-2.60919e-05,0.937139,1,0
0.478516,0.478516,0.334387,1.14659e-05,0.950755,1,0
0.478516,0.498047,0.0406565,6.00279e-06,0.950753,0.6,0
0.498047,0.478516,0.334354,1.0859e-05,0.948812,1,0
0.498047,0.498047,0.0406699,3.01104e-06,0.94881,0.6,0
0.517578,0.478516,0.334326,1.00128e-05,0.946868,1,0
0.517578,0.498047,0.0406808,9.36805e-07,0.946866,0.6,0
0.537109,0.478516,0.334302,9.11174e-06,0.944923,1,0
0.537109,0.498047,0.0406896,-4.4696e-07,0.944922,0.6,0
0.556641,0.478516,0.334282,8.24794e-06,0.942977,1,0
0.556641,0.498047,0.0406967,-1.33464e-06,0.942976,0.6,0
0.576172,0.478516,0.334264,7.45704e-06,0.941031,1,0
0.576172,0.498047,0.0407025,-1.88343e-06,0.94103,0.6,0
0.595703,0.478516,0.334248,6.74803e-06,0.939085,1,0
0.595703,0.498047,0.0407074,-2.20559e-06,0.939084,0.6,0
0.615234,0.478516,0.334235,6.11764e-06,0.937138,1,0
0.615234,0.498047,0.0407114,-2.37948e-06,0.937137,0.6,0
0.634766,0.00976562,1.00235,9.51137e-06,0.935304,1,0
0.634766,0.0292969,1.00224,1.47213e-05,0.935302,1,0
0.654297,0.00976562,1.00235,1.04006e-05,0.933347,1,0
0.654297,0.0292969,1.00224,1.6387e-05,0.933345,1,0
0.634766,0.0488281,1.00212,1.15853e-05,0.9353,1,0
0.634766,0.0683594,1.00203,1.14765e-05,0.935298,1,0
0.654297,0.0488281,1.00212,1.37251e-05,0.933344,1,0
0.654297,0.0683594,1.00203,1.42412e-05,0.933341,1,0
0.673828,0.00976562,1.00234,1.12016e-05,0.931391,1,0
0.673828,0.0292969,1.00224,1.79009e-05,0.931388,1,0
0.693359,0.00976562,1.00233,1.19155e-05,0.929435,1,0
0.693359,0.0292969,1.00224,1.92672e-05,0.929433,1,0
0.673828,0.0488281,1.00212,1.56988e-05,0.931387,1,0
0.673828,0.0683594,1.00203,1.67945e-05,0.931385,1,0
0.693359,0.0488281,1.00212,1.7512e-05,0.929432,1,0
0.693359,0.0683594,1.00203,1.91451e-05,0.929429,1,0
0.634766,0.0878906,1.00194,9.53003e-06,0.935295,1,0
0.634766,0.107422,1.00185,8.33397e-06,0.935291,1,0
0.654297,0.0878906,1.00194,1.27402e-05,0.933339,1,0
0.654297,0.107422,1.00185,1.21039e-05,0.933335,1,0
0.634766,0.126953,1.00175,6.7873e-06,0.935288,1,0
0.634766,0.146484,1.00164,5.20167e-06,0.935283,1,0
0.654297,0.126953,1.00175,1.10109e-05,0.933332,1,0
0.654297,0.146484,1.00164,9.92344e-06,0.933328,1,0
0.673828,0.0878906,1.00194,1.57106e-05,0.931383,1,0
0.673828,0.107422,1.00185,1.55947e-05,0.93138,1,0
0.693359,0.0878906,1.00194,1.84528e-05,0.929427,1,0
0.693359,0.107422,1.00185,1.88207e-05,0.929425,1,0
0.673828,0.126953,1.00175,1.49208e-05,0.931377,1,0
0.673828,0.146484,1.00164,1.42946e-05,0.931373,1,0
0.693359,0.126953,1.00175,1.85345e-05,0.929422,1,0
0.693359,0.146484,1.00164,1.83355e-05,0.929418,1,0
0.712891,0.00976562,1.00232,1.25457e-05,0.927479,1,0
0.712891,0.0292969,1.00224,2.04923e-05,0.927477,1,0
0.732422,0.00976562,1.00231,1.30973e-05,0.925524,1,0
0.732422,0.0292969,1.00223,2.15851e-05,0.925522,1,0
0.712891,0.0488281,1.00212,1.91721e-05,0.927476,1,0
0.712891,0.0683594,1.00203,2.13029e-05,0.927474,1,0
0.732422,0.0488281,1.00212,2.06876e-05,0.925521,1,0
0.732422,0.0683594,1.00203,2.32786e-05,0.925519,1,0
0.751953,0.00976562,1.0023,1.35756e-05,0.923569,1,0
0.751953,0.0292969,1.00223,2.25549e-05,0.923567,1,0
0.771484,0.00976562,1.00229,1.39851e-05,0.921614,1,0
0.771484,0.0292969,1.00223,2.34094e-05,0.921613,1,0
0.751953,0.0488281,1.00212,2.20673e-05,0.923567,1,0
0.751953,0.0683594,1.00203,2.50829e-05,0.923565,1,0
0.771484,0.0488281,1.00212,2.3319e-05,0.921612,1,0
0.771484,0.0683594,1.00202,2.67258e-05,0.921611,1,0
0.712891,0.0878906,1.00194,2.09791e-05,0.927472,1,0
0.712891,0.107422,1.00185,2.17962e-05,0.92747,1,0
0.732422,0.0878906,1.00194,2.33016e-05,0.925518,1,0
0.732422,0.107422,1.00185,2.4536e-05,0.925515,1,0
0.712891,0.126953,1.00175,2.18694e-05,0.927467,1,0
0.712891,0.146484,1.00164,2.20661e-05,0.927464,1,0
0.732422,0.126953,1.00175,2.49424e-05,0.925513,1,0
0.732422,0.146484,1.00164,2.55057e-05,0.92551,1,0
0.751953,0.0878906,1.00194,2.54326e-05,0.923563,1,0
0.751953,0.107422,1.00185,2.70541e-05,0.923561,1,0
0.771484,0.0878906,1.00194,2.73839e-05,0.921609,1,0
0.771484,0.107422,1.00185,2.93642e-05,0.921607,1,0
0.751953,0.126953,1.00175,2.77699e-05,0.923559,1,0
0.751953,0.146484,1.00164,2.86727e-05,0.923556,1,0
0.771484,0.126953,1.00175,3.03676e-05,0.921605,1,0
0.771484,0.146484,1.00164,3.15853e-05,0.921603,1,0
0.634766,0.166016,1.0015,3.62375e-06,0.935278,1,0
0.634766,0.185547,1.00133,1.85045e-06,0.935273,1,0
0.654297,0.166016,1.0015,8.78169e-06,0.933323,1,0
0.654297,0.185547,1.00133,7.44479e-06,0.933319,1,0
0.634766,0.205078,1.00108,1.23634e-07,0.935268,1,0
0.634766,0.224609,1.00071,-1.80102e-06,0.935262,1,0
0.654297,0.205078,1.00108,6.10665e-06,0.933314,1,0
0.654297,0.224609,1.00071,4.54762e-06,0.933308,1,0
0.673828,0.166016,1.0015,1.35523e-05,0.931369,1,0
0.673828,0.185547,1.00133,1.26154e-05,0.931364,1,0
0.693359,0.166016,1.0015,1.79594e-05,0.929414,1,0
0.693359,0.185547,1.00133,1.73896e-05,0.92941,1,0
0.673828,0.205078,1.00109,1.16301e-05,0.93136,1,0
0.673828,0.224609,1.00072,1.04022e-05,0.931355,1,0
0.693359,0.205078,1.00109,1.67252e-05,0.929406,1,0
0.693359,0.224609,1.00072,1.57979e-05,0.929401,1,0
0.634766,0.244141,1.0001,-3.71988e-06,0.935256,1,0
0.634766,0.263672,0.999023,-5.85129e-06,0.935249,1,0
0.654297,0.244141,1.0001,2.94302e-06,0.933302,1,0
0.654297,0.263672,0.999025,1.08731e-06,0.933296,1,0
0.634766,0.283203,0.997093,-8.10615e-06,0.935242,1,0
0.634766,0.302734,0.993622,-1.07026e-05,0.935235,1,0
0.654297,0.283203,0.997095,-9.57407e-07,0.93329,1,0
0.654297,0.302734,0.993624,-3.40327e-06,0.933284,1,0
0.673828,0.244141,1.0001,9.07936e-06,0.931349,1,0
0.673828,0.263672,0.999027,7.46896e-06,0.931344,1,0
0.693359,0.244141,1.0001,1.47285e-05,0.929397,1,0
0.693359,0.263672,0.999029,1.33373e-05,0.929392,1,0
0.673828,0.283203,0.997097,5.60861e-06,0.931338,1,0
0.673828,0.302734,0.993627,3.28978e-06,0.931332,1,0
0.693359,0.283203,0.997099,1.16392e-05,0.929386,1,0
0.693359,0.302734,0.99363,9.42893e-06,0.929381,1,0
0.712891,0.166016,1.0015,2.2026e-05,0.92746,1,0
0.712891,0.185547,1.00133,2.17938e-05,0.927457,1,0
0.732422,0.166016,1.0015,2.57745e-05,0.925507,1,0
0.732422,0.185547,1.00133,2.5853e-05,0.925503,1,0
0.712891,0.205078,1.00109,2.14218e-05,0.927453,1,0
0.712891,0.224609,1.00072,2.0768e-05,0.927449,1,0
0.732422,0.205078,1.00109,2.57481e-05,0.9255,1,0
0.732422,0.224609,1.00072,2.53439e-05,0.925496,1,0
0.751953,0.166016,1.0015,2.92261e-05,0.923553,1,0
0.751953,0.185547,1.00133,2.95914e-05,0.92355,1,0
0.771484,0.166016,1.0015,3.24013e-05,0.9216,1,0
0.771484,0.185547,1.00133,3.30316e-05,0.921597,1,0
0.751953,0.205078,1.00109,2.97308e-05,0.923547,1,0
0.751953,0.224609,1.00072,2.95553e-05,0.923543,1,0
0.771484,0.205078,1.00109,3.33955e-05,0.921594,1,0
0.771484,0.224609,1.00072,3.34298e-05,0.921591,1,0
0.712891,0.244141,1.0001,1.99275e-05,0.927444,1,0
0.712891,0.263672,0.99903,1.87325e-05,0.927439,1,0
0.732422,0.244141,1.0001,2.47107e-05,0.925492,1,0
0.732422,0.263672,0.999031,2.36921e-05,0.925488,1,0
0.712891,0.283203,0.997101,1.71779e-05,0.927435,1,0
0.712891,0.302734,0.993632,1.50615e-05,0.92743,1,0
0.732422,0.283203,0.997103,2.22656e-05,0.925483,1,0
0.732422,0.302734,0.993635,2.02307e-05,0.925479,1,0
0.751953,0.244141,1.00011,2.91103e-05,0.92354,1,0
0.751953,0.263672,0.999032,2.82513e-05,0.923536,1,0
0.771484,0.244141,1.00011,3.31565e-05,0.921588,1,0
0.771484,0.263672,0.999033,3.24422e-05,0.921584,1,0
0.751953,0.283203,0.997105,2.69396e-05,0.923532,1,0
0.751953,0.302734,0.993637,2.49761e-05,0.923528,1,0
0.771484,0.283203,0.997106,3.1234e-05,0.92158,1,0
0.771484,0.302734,0.993639,2.93333e-05,0.921577,1,0
0.791016,0.00976562,1.00228,1.43289e-05,0.91966,1,0
0.791016,0.0292969,1.00222,2.41546e-05,0.919659,1,0
0.810547,0.00976562,1.00227,1.46102e-05,0.917706,1,0
0.810547,0.0292969,1.00222,2.47964e-05,0.917705,1,0
0.791016,0.0488281,1.00212,2.445e-05,0.919658,1,0
0.791016,0.0683594,1.00202,2.8217e-05,0.919657,1,0
0.810547,0.0488281,1.00211,2.54669e-05,0.917705,1,0
0.810547,0.0683594,1.00202,2.95658e-05,0.917703,1,0
0.830078,0.00976562,1.00226,1.4833e-05,0.915752,1,0
0.830078,0.0292969,1.00221,2.53415e-05,0.915751,1,0
0.849609,0.00976562,1.00225,1.50021e-05,0.913799,1,0
0.849609,0.0292969,1.00221,2.57974e-05,0.913798,1,0
0.830078,0.0488281,1.00211,2.63768e-05,0.915751,1,0
0.830078,0.0683594,1.00202,3.07815e-05,0.91575,1,0
0.849609,0.0488281,1.00211,2.71871e-05,0.913798,1,0
0.849609,0.0683594,1.00201,3.18738e-05,0.913797,1,0
0.791016,0.0878906,1.00194,2.91667e-05,0.919656,1,0
0.791016,0.107422,1.00185,3.14796e-05,0.919654,1,0
0.810547,0.0878906,1.00193,3.07921e-05,0.917702,1,0
0.810547,0.107422,1.00185,3.34132e-05,0.9177,1,0
0.791016,0.126953,1.00175,3.27508e-05,0.919652,1,0
0.791016,0.146484,1.00164,3.4261e-05,0.91965,1,0
0.810547,0.126953,1.00175,3.49347e-05,0.917699,1,0
0.810547,0.146484,1.00164,3.67166e-05,0.917697,1,0
0.830078,0.0878906,1.00193,3.22707e-05,0.915749,1,0
0.830078,0.107422,1.00184,3.51776e-05,0.915747,1,0
0.849609,0.0878906,1.00193,3.36132e-05,0.913796,1,0
0.849609,0.107422,1.00184,3.67852e-05,0.913794,1,0
0.830078,0.126953,1.00175,3.69334e-05,0.915746,1,0
0.830078,0.146484,1.00164,3.8968e-05,0.915744,1,0
0.849609,0.126953,1.00174,3.87608e-05,0.913793,1,0
0.849609,0.146484,1.00163,4.10306e-05,0.913791,1,0
0.869141,0.00976562,1.00224,1.51228e-05,0.911846,1,0
0.869141,0.0292969,1.0022,2.61725e-05,0.911845,1,0
0.888672,0.00976562,1.00223,1.51999e-05,0.909893,1,0
0.888672,0.0292969,1.0022,2.64744e-05,0.909892,1,0
0.869141,0.0488281,1.0021,2.79057e-05,0.911845,1,0
0.869141,0.0683594,1.00201,3.28521e-05,0.911844,1,0
0.888672,0.0488281,1.0021,2.854e-05,0.909892,1,0
0.888672,0.0683594,1.00201,3.37258e-05,0.909891,1,0
0.908203,0.00976562,1.00222,1.5238e-05,0.90794,1,0
0.908203,0.0292969,1.00219,2.67104e-05,0.907939,1,0
0.927734,0.00976562,1.00221,1.52412e-05,0.905988,1,0
0.927734,0.0292969,1.00218,2.6887e-05,0.905987,1,0
0.908203,0.0488281,1.0021,2.90973e-05,0.907939,1,0
0.908203,0.0683594,1.002,3.45037e-05,0.907939,1,0
0.927734,0.0488281,1.00209,2.95839e-05,0.905987,1,0
0.927734,0.0683594,1.002,3.51936e-05,0.905986,1,0
0.869141,0.0878906,1.00193,3.48301e-05,0.911843,1,0
0.869141,0.107422,1.00184,3.82477e-05,0.911842,1,0
0.888672,0.0878906,1.00192,3.59313e-05,0.90989,1,0
0.888672,0.107422,1.00184,3.95763e-05,0.909889,1,0
0.869141,0.126953,1.00174,4.04298e-05,0.911841,1,0
0.869141,0.146484,1.00163,4.29183e-05,0.911839,1,0
0.888672,0.126953,1.00174,4.19525e-05,0.909888,1,0
0.888672,0.146484,1.00163,4.46447e-05,0.909887,1,0
0.908203,0.0878906,1.00192,3.69259e-05,0.907938,1,0
0.908203,0.107422,1.00183,4.07816e-05,0.907937,1,0
0.927734,0.0878906,1.00192,3.78228e-05,0.905986,1,0
0.927734,0.107422,1.00183,4.18735e-05,0.905985,1,0
0.908203,0.126953,1.00174,4.33406e-05,0.907936,1,0
0.908203,0.146484,1.00163,4.62226e-05,0.907935,1,0
0.927734,0.126953,1.00173,4.46051e-05,0.905984,1,0
0.927734,0.146484,1.00162,4.76639e-05,0.905983,1,0
0.791016,0.166016,1.0015,3.532e-05,0.919647,1,0
0.791016,0.185547,1.00133,3.61955e-05,0.919645,1,0
0.810547,0.166016,1.0015,3.80007e-05,0.917694,1,0
0.810547,0.185547,1.00133,3.91037e-05,0.917692,1,0
0.791016,0.205078,1.00109,3.6766e-05,0.919642,1,0
0.791016,0.224609,1.00072,3.69933e-05,0.919639,1,0
0.810547,0.205078,1.00109,3.98647e-05,0.91769,1,0
0.810547,0.224609,1.00072,4.02697e-05,0.917687,1,0
0.830078,0.166016,1.0015,4.04614e-05,0.915742,1,0
0.830078,0.185547,1.00133,4.17755e-05,0.91574,1,0
0.849609,0.166016,1.0015,4.27185e-05,0.91379,1,0
0.849609,0.185547,1.00133,4.4229e-05,0.913788,1,0
0.830078,0.205078,1.00109,4.27124e-05,0.915737,1,0
0.830078,0.224609,1.00072,4.32817e-05,0.915735,1,0
0.849609,0.205078,1.00109,4.53286e-05,0.913785,1,0
0.849609,0.224609,1.00072,4.60498e-05,0.913783,1,0
0.791016,0.244141,1.00011,3.68768e-05,0.919636,1,0
0.791016,0.263672,0.999034,3.62944e-05,0.919632,1,0
0.810547,0.244141,1.00011,4.02971e-05,0.917684,1,0
0.810547,0.263672,0.999035,3.98351e-05,0.917681,1,0
0.791016,0.283203,0.997108,3.51797e-05,0.919629,1,0
0.791016,0.302734,0.993642,3.33348e-05,0.919626,1,0
0.810547,0.283203,0.997109,3.88052e-05,0.917678,1,0
0.810547,0.302734,0.993644,3.701e-05,0.917675,1,0
0.830078,0.244141,1.00011,4.34412e-05,0.915732,1,0
0.830078,0.263672,0.999036,4.30896e-05,0.91573,1,0
0.849609,0.244141,1.00011,4.63311e-05,0.913781,1,0
0.849609,0.263672,0.999036,4.6081e-05,0.913778,1,0
0.830078,0.283203,0.997111,4.21369e-05,0.915727,1,0
0.830078,0.302734,0.993646,4.03856e-05,0.915724,1,0
0.849609,0.283203,0.997112,4.51989e-05,0.913776,1,0
0.849609,0.302734,0.993649,4.34868e-05,0.913773,1,0
0.869141,0.166016,1.0015,4.47878e-05,0.911837,1,0
0.869141,0.185547,1.00132,4.64809e-05,0.911836,1,0
0.888672,0.166016,1.0015,4.66838e-05,0.909885,1,0
0.888672,0.185547,1.00132,4.8547e-05,0.909884,1,0
0.869141,0.205078,1.00108,4.77315e-05,0.911834,1,0
0.869141,0.224609,1.00072,4.85936e-05,0.911832,1,0
0.888672,0.205078,1.00108,4.99379e-05,0.909882,1,0
0.888672,0.224609,1.00072,5.09309e-05,0.90988,1,0
0.908203,0.166016,1.00149,4.84202e-05,0.907933,1,0
0.908203,0.185547,1.00132,5.0442e-05,0.907932,1,0
0.927734,0.166016,1.00149,5.001e-05,0.905982,1,0
0.927734,0.185547,1.00132,5.21797e-05,0.90598,1,0
0.908203,0.205078,1.00108,5.19635e-05,0.90793,1,0
0.908203,0.224609,1.00072,5.30785e-05,0.907929,1,0
0.927734,0.205078,1.00108,5.38231e-05,0.905979,1,0
0.927734,0.224609,1.00071,5.50519e-05,0.905977,1,0
0.869141,0.244141,1.00011,4.89874e-05,0.911829,1,0
0.869141,0.263672,0.999037,4.88309e-05,0.911827,1,0
0.888672,0.244141,1.00011,5.14289e-05,0.909878,1,0
0.888672,0.263672,0.999037,5.13589e-05,0.909876,1,0
0.869141,0.283203,0.997113,4.80133e-05,0.911825,1,0
0.869141,0.302734,0.993651,4.63368e-05,0.911822,1,0
0.888672,0.283203,0.997114,5.06005e-05,0.909874,1,0
0.888672,0.302734,0.993653,4.89563e-05,0.909872,1,0
0.908203,0.244141,1.00011,5.36732e-05,0.907927,1,0
0.908203,0.263672,0.999038,5.36834e-05,0.907925,1,0
0.927734,0.244141,1.00011,5.57366e-05,0.905976,1,0
0.927734,0.263672,0.999038,5.58213e-05,0.905974,1,0
0.908203,0.283203,0.997116,5.29796e-05,0.907923,1,0
0.908203,0.302734,0.993655,5.1365e-05,0.907921,1,0
0.927734,0.283203,0.997117,5.51681e-05,0.905972,1,0
0.927734,0.302734,0.993658,5.35808e-05,0.90597,1,0
0.634766,0.322266,0.987464,-1.38032e-05,0.935228,1,0
0.634766,0.341797,0.976788,-1.76924e-05,0.935221,1,0
0.654297,0.322266,0.987467,-6.43978e-06,0.933277,1,0
0.654297,0.341797,0.976792,-1.03682e-05,0.933271,1,0
0.634766,0.361328,0.958788,-2.29654e-05,0.935214,1,0
0.634766,0.380859,0.929358,-2.99831e-05,0.935208,1,0
0.654297,0.361328,0.958794,-1.57923e-05,0.933265,1,0
0.654297,0.380859,0.929366,-2.31257e-05,0.933259,1,0
0.673828,0.322266,0.987471,3.0178e-07,0.931326,1,0
0.673828,0.341797,0.976797,-3.67252e-06,0.931321,1,0
0.693359,0.322266,0.987474,6.4783e-06,0.929376,1,0
0.693359,0.341797,0.976802,2.45305e-06,0.92937,1,0
0.673828,0.361328,0.958801,-9.24315e-06,0.931315,1,0
0.673828,0.380859,0.929375,-1.68679e-05,0.93131,1,0
0.693359,0.361328,0.958807,-3.25887e-06,0.929365,1,0
0.693359,0.380859,0.929383,-1.11512e-05,0.92936,1,0
0.634766,0.400391,0.88274,-3.88835e-05,0.935202,1,0
0.634766,0.419922,0.811183,-4.71302e-05,0.935197,1,0
0.654297,0.400391,0.882749,-3.24619e-05,0.933254,1,0
0.654297,0.419922,0.811187,-4.12695e-05,0.933249,1,0
0.634766,0.439453,0.704591,-4.53592e-05,0.935194,1,0
0.634766,0.458984,0.550404,-2.28242e-05,0.935191,1,0
0.654297,0.439453,0.70458,-4.03682e-05,0.933246,1,0
0.654297,0.458984,0.55038,-1.98722e-05,0.933244,1,0
0.673828,0.400391,0.882759,-2.66012e-05,0.931305,1,0
0.673828,0.419922,0.811191,-3.59026e-05,0.931301,1,0
0.693359,0.400391,0.882768,-2.12452e-05,0.929356,1,0
0.693359,0.419922,0.811196,-3.09831e-05,0.929352,1,0
0.673828,0.439453,0.70457,-3.57961e-05,0.931298,1,0
0.673828,0.458984,0.550359,-1.72093e-05,0.931296,1,0
0.693359,0.439453,0.704561,-3.16053e-05,0.92935,1,0
0.693359,0.458984,0.55034,-1.48164e-05,0.929348,1,0
0.712891,0.322266,0.987478,1.21406e-05,0.927425,1,0
0.712891,0.341797,0.976807,8.0626e-06,0.92742,1,0
0.732422,0.322266,0.987481,1.73329e-05,0.925474,1,0
0.732422,0.341797,0.976812,1.32031e-05,0.92547,1,0
0.712891,0.361328,0.958814,2.21349e-06,0.927415,1,0
0.712891,0.380859,0.929393,-5.92507e-06,0.927411,1,0
0.732422,0.361328,0.958821,7.22247e-06,0.925466,1,0
0.732422,0.380859,0.929402,-1.14379e-06,0.925462,1,0
0.751953,0.322266,0.987485,2.20955e-05,0.923524,1,0
0.751953,0.341797,0.976817,1.79152e-05,0.92352,1,0
0.771484,0.322266,0.987488,2.64659e-05,0.921573,1,0
0.771484,0.341797,0.976822,2.22365e-05,0.921569,1,0
0.751953,0.361328,0.958829,1.18122e-05,0.923516,1,0
0.751953,0.380859,0.929412,3.23475e-06,0.923512,1,0
0.771484,0.361328,0.958836,1.60183e-05,0.921566,1,0
0.771484,0.380859,0.929422,7.24616e-06,0.921562,1,0
0.712891,0.400391,0.882778,-1.63452e-05,0.927407,1,0
0.712891,0.419922,0.811201,-2.64703e-05,0.927404,1,0
0.732422,0.400391,0.882789,-1.18581e-05,0.925458,1,0
0.732422,0.419922,0.811207,-2.23279e-05,0.925455,1,0
0.712891,0.439453,0.704554,-2.77641e-05,0.927401,1,0
0.712891,0.458984,0.550323,-1.26744e-05,0.9274,1,0
0.732422,0.439453,0.704548,-2.42438e-05,0.925453,1,0
0.732422,0.458984,0.550308,-1.07578e-05,0.925451,1,0
0.751953,0.400391,0.8828,-7.74708e-06,0.923509,1,0
0.751953,0.419922,0.811214,-1.8522e-05,0.923506,1,0
0.771484,0.400391,0.882811,-3.97488e-06,0.921559,1,0
0.771484,0.419922,0.811221,-1.50199e-05,0.921557,1,0
0.751953,0.439453,0.704542,-2.10166e-05,0.923504,1,0
0.751953,0.458984,0.550295,-9.03956e-06,0.923503,1,0
0.771484,0.439453,0.704538,-1.80549e-05,0.921555,1,0
0.771484,0.458984,0.550284,-7.49187e-06,0.921554,1,0
0.634766,0.478516,0.334223,5.55815e-06,0.935191,1,0
0.634766,0.498047,0.0407148,-2.45637e-06,0.93519,0.6,0
0.654297,0.478516,0.334214,5.05983e-06,0.933243,1,0
0.654297,0.498047,0.0407177,-2.47053e-06,0.933243,0.6,0
0.673828,0.478516,0.334205,4.6135e-06,0.931296,1,0
0.673828,0.498047,0.0407201,-2.44492e-06,0.931295,0.6,0
0.693359,0.478516,0.334198,4.21136e-06,0.929348,1,0
0.693359,0.498047,0.0407222,-2.39566e-06,0.929347,0.6,0
0.712891,0.478516,0.334192,3.84797e-06,0.927399,1,0
0.712891,0.498047,0.0407241,-2.33301e-06,0.927399,0.6,0
0.732422,0.478516,0.334187,3.51968e-06,0.925451,1,0
0.732422,0.498047,0.0407256,-2.26302e-06,0.925451,0.6,0
0.751953,0.478516,0.334183,3.22385e-06,0.923503,1,0
0.751953,0.498047,0.0407269,-2.18868e-06,0.923502,0.6,0
0.771484,0.478516,0.334179,2.95955e-06,0.921554,1,0
0.771484,0.498047,0.0407281,-2.1107e-06,0.921554,0.6,0
0.791016,0.322266,0.987492,3.04774e-05,0.919622,1,0
0.791016,0.341797,0.976827,2.61988e-05,0.919619,1,0
0.810547,0.322266,0.987496,3.4159e-05,0.917672,1,0
0.810547,0.341797,0.976833,2.98335e-05,0.917669,1,0
0.791016,0.361328,0.958844,1.98731e-05,0.919616,1,0
0.791016,0.380859,0.929432,1.0926e-05,0.919613,1,0
0.810547,0.361328,0.958851,2.34113e-05,0.917666,1,0
0.810547,0.380859,0.929442,1.4307e-05,0.917663,1,0
0.830078,0.322266,0.987499,3.75389e-05,0.915721,1,0
0.830078,0.341797,0.976838,3.31714e-05,0.915718,1,0
0.849609,0.322266,0.987503,4.06433e-05,0.913771,1,0
0.849609,0.341797,0.976844,3.62354e-05,0.913768,1,0
0.830078,0.361328,0.958859,2.66598e-05,0.915716,1,0
0.830078,0.380859,0.929452,1.74118e-05,0.915713,1,0
0.849609,0.361328,0.958867,2.9637e-05,0.913766,1,0
0.849609,0.380859,0.929463,2.02537e-05,0.913763,1,0
0.791016,0.400391,0.882822,-5.09237e-07,0.91961,1,0
0.791016,0.419922,0.811228,-1.17947e-05,0.919608,1,0
0.810547,0.400391,0.882833,2.67638e-06,0.91766,1,0
0.810547,0.419922,0.811235,-8.82612e-06,0.917658,1,0
0.791016,0.439453,0.704535,-1.5333e-05,0.919606,1,0
0.791016,0.458984,0.550275,-6.09394e-06,0.919605,1,0
0.810547,0.439453,0.704532,-1.28327e-05,0.917657,1,0
0.810547,0.458984,0.550266,-4.83047e-06,0.917656,1,0
0.830078,0.400391,0.882845,5.60538e-06,0.915711,1,0
0.830078,0.419922,0.811243,-6.09213e-06,0.915709,1,0
0.849609,0.400391,0.882857,8.28954e-06,0.913761,1,0
0.849609,0.419922,0.811252,-3.57841e-06,0.913759,1,0
0.830078,0.439453,0.704531,-1.0533e-05,0.915708,1,0
0.830078,0.458984,0.550259,-3.68167e-06,0.915707,1,0
0.849609,0.439453,0.70453,-8.43422e-06,0.913758,1,0
0.849609,0.458984,0.550253,-2.68063e-06,0.913758,1,0
0.869141,0.322266,0.987506,4.34949e-05,0.91182,1,0
0.869141,0.341797,0.976849,3.90469e-05,0.911818,1,0
0.888672,0.322266,0.98751,4.61151e-05,0.90987,1,0
0.888672,0.341797,0.976855,4.16284e-05,0.909867,1,0
0.869141,0.361328,0.958875,3.23641e-05,0.911816,1,0
0.869141,0.380859,0.929474,2.28536e-05,0.911813,1,0
0.888672,0.361328,0.958883,3.48663e-05,0.909865,1,0
0.888672,0.380859,0.929485,2.52426e-05,0.909863,1,0
0.908203,0.322266,0.987514,4.85238e-05,0.907919,1,0
0.908203,0.341797,0.97686,4.40004e-05,0.907917,1,0
0.927734,0.322266,0.987517,5.07388e-05,0.905969,1,0
0.927734,0.341797,0.976866,4.61809e-05,0.905967,1,0
0.908203,0.361328,0.958891,3.71658e-05,0.907915,1,0
0.908203,0.380859,0.929496,2.74444e-05,0.907913,1,0
0.927734,0.361328,0.9589,3.92804e-05,0.905965,1,0
0.927734,0.380859,0.929507,2.94712e-05,0.905963,1,0
0.869141,0.400391,0.882869,1.07491e-05,0.911812,1,0
0.869141,0.419922,0.81126,-1.26569e-06,0.91181,1,0
0.888672,0.400391,0.882881,1.30189e-05,0.909862,1,0
0.888672,0.419922,0.811269,8.80385e-07,0.90986,1,0
0.869141,0.439453,0.70453,-6.51918e-06,0.911809,1,0
0.869141,0.458984,0.550249,-1.80803e-06,0.911808,1,0
0.888672,0.439453,0.704531,-4.73575e-06,0.909859,1,0
0.888672,0.458984,0.550245,-9.84913e-07,0.909859,1,0
0.908203,0.400391,0.882893,1.512e-05,0.907912,1,0
0.908203,0.419922,0.811278,2.87927e-06,0.907911,1,0
0.927734,0.400391,0.882905,1.70521e-05,0.905962,1,0
0.927734,0.419922,0.811287,4.71237e-06,0.905961,1,0
0.908203,0.439453,0.704532,-3.06388e-06,0.90791,1,0
0.908203,0.458984,0.550242,-2.11733e-07,0.907909,1,0
0.927734,0.439453,0.704534,-1.53561e-06,0.90596,1,0
0.927734,0.458984,0.55024,4.98551e-07,0.90596,1,0
0.791016,0.478516,0.334177,2.72294e-06,0.919605,1,0
0.791016,0.498047,0.040729,-2.02884e-06,0.919605,0.6,0
0.810547,0.478516,0.334175,2.51547e-06,0.917656,1,0
0.810547,0.498047,0.0407299,-1.94093e-06,0.917656,0.6,0
0.830078,0.478516,0.334173,2.32887e-06,0.915707,1,0
0.830078,0.498047,0.0407306,-1.84301e-06,0.915707,0.6,0
0.849609,0.478516,0.334173,2.14777e-06,0.913757,1,0
0.849609,0.498047,0.0407312,-1.73628e-06,0.913757,0.6,0
0.869141,0.478516,0.334172,1.97807e-06,0.911808,1,0
0.869141,0.498047,0.0407318,-1.6935e-06,0.911808,0.6,0
0.888672,0.478516,0.334172,1.82299e-06,0.909859,1,0
0.888672,0.498047,0.0407322,-1.65696e-06,0.909859,0.6,0
0.908203,0.478516,0.334172,1.70189e-06,0.907909,1,0
0.908203,0.498047,0.0407325,-1.55391e-06,0.907909,0.6,0
0.927734,0.478516,0.334173,1.65144e-06,0.905959,1,0
0.927734,0.498047,0.0407329,-1.48344e-06,0.905959,0.6,0
0.947266,0.00976562,1.0022,1.52135e-05,0.904035,1,0
0.947266,0.0292969,1.00218,2.70102e-05,0.904035,1,0
0.966797,0.00976562,1.00218,1.5159e-05,0.902083,1,0
0.966797,0.0292969,1.00217,2.7086e-05,0.902083,1,0
0.947266,0.0488281,1.00209,3.00058e-05,0.904035,1,0
0.947266,0.0683594,1.002,3.58033e-05,0.904034,1,0
0.966797,0.0488281,1.00208,3.03687e-05,0.902083,1,0
0.966797,0.0683594,1.00199,3.63398e-05,0.902082,1,0
0.986328,0.00976562,1.00217,1.50814e-05,0.900131,1,0
0.986328,0.0292969,1.00216,2.71201e-05,0.900131,1,0
1.00586,0.00976562,1.00216,1.4984e-05,0.898179,1,0
1.00586,0.0292969,1.00215,2.71176e-05,0.898179,1,0
0.986328,0.0488281,1.00208,3.06781e-05,0.900131,1,0
0.986328,0.0683594,1.00199,3.68101e-05,0.90013,1,0
1.00586,0.0488281,1.00207,3.09392e-05,0.898179,1,0
1.00586,0.0683594,1.00198,3.72204e-05,0.898178,1,0
0.947266,0.0878906,1.00191,3.86301e-05,0.904034,1,0
0.947266,0.107422,1.00183,4.28616e-05,0.904033,1,0
0.966797,0.0878906,1.00191,3.93556e-05,0.902082,1,0
0.966797,0.107422,1.00182,4.37548e-05,0.902081,1,0
0.947266,0.126953,1.00173,4.57562e-05,0.904032,1,0
0.947266,0.146484,1.00162,4.89798e-05,0.904031,1,0
0.966797,0.126953,1.00173,4.68037e-05,0.90208,1,0
0.966797,0.146484,1.00162,5.01809e-05,0.902079,1,0
0.986328,0.0878906,1.0019,4.00066e-05,0.90013,1,0
0.986328,0.107422,1.00182,4.45616e-05,0.900129,1,0
1.00586,0.0878906,1.0019,4.059e-05,0.898178,1,0
1.00586,0.107422,1.00182,4.52896e-05,0.898178,1,0
0.986328,0.126953,1.00172,4.77565e-05,0.900129,1,0
0.986328,0.146484,1.00162,5.12769e-05,0.900128,1,0
1.00586,0.126953,1.00172,4.86229e-05,0.898177,1,0
1.00586,0.146484,1.00161,5.22768e-05,0.898176,1,0
1.02539,0.00976562,1.00215,1.48701e-05,0.896228,1,0
1.02539,0.0292969,1.00215,2.70835e-05,0.896227,1,0
1.04492,0.00976562,1.00214,1.47424e-05,0.894276,1,0
1.04492,0.0292969,1.00214,2.70224e-05,0.894275,1,0
1.02539,0.0488281,1.00207,3.11571e-05,0.896227,1,0
1.02539,0.0683594,1.00198,3.7577e-05,0.896227,1,0
1.04492,0.0488281,1.00206,3.13365e-05,0.894276,1,0
1.04492,0.0683594,1.00197,3.78854e-05,0.894275,1,0
1.06445,0.00976562,1.00213,1.46039e-05,0.892324,1,0
1.06445,0.0292969,1.00213,2.69385e-05,0.892324,1,0
1.08398,0.00976562,1.00212,1.44571e-05,0.890373,1,0
1.08398,0.0292969,1.00212,2.68359e-05,0.890373,1,0
1.06445,0.0488281,1.00205,3.14819e-05,0.892324,1,0
1.06445,0.0683594,1.00197,3.81509e-05,0.892324,1,0
1.08398,0.0488281,1.00205,3.15973e-05,0.890373,1,0
1.08398,0.0683594,1.00196,3.83786e-05,0.890373,1,0
1.02539,0.0878906,1.0019,4.11121e-05,0.896227,1,0
1.02539,0.107422,1.00181,4.5946e-05,0.896226,1,0
1.04492,0.0878906,1.00189,4.15788e-05,0.894275,1,0
1.04492,0.107422,1.00181,4.65373e-05,0.894275,1,0
1.02539,0.126953,1.00172,4.94105e-05,0.896226,1,0
1.02539,0.146484,1.00161,5.3189e-05,0.896225,1,0
1.04492,0.126953,1.00171,5.01264e-05,0.894274,1,0
1.04492,0.146484,1.00161,5.40212e-05,0.894274,1,0
1.06445,0.0878906,1.00189,4.19954e-05,0.892324,1,0
1.06445,0.107422,1.0018,4.70698e-05,0.892323,1,0
1.08398,0.0878906,1.00188,4.23672e-05,0.890373,1,0
1.08398,0.107422,1.0018,4.75492e-05,0.890372,1,0
1.06445,0.126953,1.00171,5.07771e-05,0.892323,1,0
1.06445,0.146484,1.0016,5.47808e-05,0.892322,1,0
1.08398,0.126953,1.00171,5.13689e-05,0.890372,1,0
1.08398,0.146484,1.0016,5.54743e-05,0.890371,1,0
0.947266,0.166016,1.00149,5.14651e-05,0.90403,1,0
0.947266,0.185547,1.00132,5.3773e-05,0.904029,1,0
0.966797,0.166016,1.00149,5.2797e-05,0.902078,1,0
0.966797,0.185547,1.00132,5.52338e-05,0.902077,1,0
0.947266,0.205078,1.00108,5.55304e-05,0.904027,1,0
0.947266,0.224609,1.00071,5.68654e-05,0.904026,1,0
0.966797,0.205078,1.00108,5.7098e-05,0.902076,1,0
0.966797,0.224609,1.00071,5.85325e-05,0.902075,1,0
0.986328,0.166016,1.00148,5.40159e-05,0.900127,1,0
0.986328,0.185547,1.00131,5.65735e-05,0.900126,1,0
1.00586,0.166016,1.00148,5.51315e-05,0.898175,1,0
1.00586,0.185547,1.00131,5.78022e-05,0.898175,1,0
0.986328,0.205078,1.00108,5.85378e-05,0.900125,1,0
0.986328,0.224609,1.00071,6.00655e-05,0.900124,1,0
1.00586,0.205078,1.00107,5.98606e-05,0.898174,1,0
1.00586,0.224609,1.00071,6.14758e-05,0.898173,1,0
0.947266,0.244141,1.00011,5.76342e-05,0.904024,1,0
0.947266,0.263672,0.999038,5.77885e-05,0.904023,1,0
0.966797,0.244141,1.00011,5.938e-05,0.902073,1,0
0.966797,0.263672,0.999038,5.95993e-05,0.902072,1,0
0.947266,0.283203,0.997118,5.71822e-05,0.904021,1,0
0.947266,0.302734,0.99366,5.56202e-05,0.90402,1,0
0.966797,0.283203,0.997119,5.90369e-05,0.902071,1,0
0.966797,0.302734,0.993662,5.74983e-05,0.902069,1,0
0.986328,0.244141,1.0001,6.09867e-05,0.900122,1,0
0.986328,0.263672,0.999039,6.1267e-05,0.900121,1,0
1.00586,0.244141,1.0001,6.24661e-05,0.898171,1,0
1.00586,0.263672,0.999039,6.28036e-05,0.89817,1,0
0.986328,0.283203,0.99712,6.07456e-05,0.90012,1,0
0.986328,0.302734,0.993664,5.92288e-05,0.900118,1,0
1.00586,0.283203,0.997121,6.23206e-05,0.898169,1,0
1.00586,0.302734,0.993666,6.08241e-05,0.898168,1,0
1.02539,0.166016,1.00148,5.61529e-05,0.896224,1,0
1.02539,0.185547,1.00131,5.89295e-05,0.896223,1,0
1.04492,0.166016,1.00147,5.70884e-05,0.894273,1,0
1.04492,0.185547,1.00131,5.99644e-05,0.894272,1,0
1.02539,0.205078,1.00107,6.10765e-05,0.896223,1,0
1.02539,0.224609,1.00071,6.27738e-05,0.896222,1,0
1.04492,0.205078,1.00107,6.21949e-05,0.894271,1,0
1.04492,0.224609,1.00071,6.39692e-05,0.894271,1,0
1.06445,0.166016,1.00147,5.79457e-05,0.892322,1,0
1.06445,0.185547,1.0013,6.09151e-05,0.892321,1,0
1.08398,0.166016,1.00147,5.87319e-05,0.890371,1,0
1.08398,0.185547,1.0013,6.1789e-05,0.89037,1,0
1.06445,0.205078,1.00107,6.32244e-05,0.892321,1,0
1.06445,0.224609,1.00071,6.50712e-05,0.89232,1,0
1.08398,0.205078,1.00107,6.41728e-05,0.89037,1,0
1.08398,0.224609,1.0007,6.60879e-05,0.890369,1,0
1.02539,0.244141,1.0001,6.3829e-05,0.896221,1,0
1.02539,0.263672,0.999039,6.42201e-05,0.896219,1,0
1.04492,0.244141,1.0001,6.50855e-05,0.89427,1,0
1.04492,0.263672,0.999039,6.55271e-05,0.894269,1,0
1.02539,0.283203,0.997122,6.37732e-05,0.896218,1,0
1.02539,0.302734,0.993669,6.22956e-05,0.896217,1,0
1.04492,0.283203,0.997123,6.51139e-05,0.894268,1,0
1.04492,0.302734,0.993671,6.36539e-05,0.894267,1,0
1.06445,0.244141,1.0001,6.6245e-05,0.892319,1,0
1.06445,0.263672,0.999039,6.67341e-05,0.892318,1,0
1.08398,0.244141,1.0001,6.7316e-05,0.890368,1,0
1.08398,0.263672,0.999039,6.78499e-05,0.890367,1,0
1.06445,0.283203,0.997124,6.63525e-05,0.892317,1,0
1.06445,0.302734,0.993673,6.4909e-05,0.892316,1,0
1.08398,0.283203,0.997125,6.74982e-05,0.890367,1,0
1.08398,0.302734,0.993675,6.60704e-05,0.890366,1,0
1.10352,0.00976562,1.00211,1.43046e-05,0.888422,1,0
1.10352,0.0292969,1.00211,2.67184e-05,0.888421,1,0
1.12305,0.00976562,1.00209,1.41484e-05,0.886471,1,0
1.12305,0.0292969,1.0021,2.65891e-05,0.88647,1,0
1.10352,0.0488281,1.00204,3.16865e-05,0.888422,1,0
1.10352,0.0683594,1.00196,3.85727e-05,0.888421,1,0
1.12305,0.0488281,1.00204,3.17529e-05,0.886471,1,0
1.12305,0.0683594,1.00195,3.87376e-05,0.88647,1,0
1.14258,0.00976562,1.00208,1.39907e-05,0.88452,1,0
1.14258,0.0292969,1.0021,2.64512e-05,0.884519,1,0
1.16211,0.00976562,1.00207,1.38331e-05,0.882569,1,0
1.16211,0.0292969,1.00209,2.63073e-05,0.882568,1,0
1.14258,0.0488281,1.00203,3.17995e-05,0.88452,1,0
1.14258,0.0683594,1.00195,3.8877e-05,0.884519,1,0
1.16211,0.0488281,1.00202,3.18294e-05,0.882569,1,0
1.16211,0.0683594,1.00194,3.89945e-05,0.882568,1,0
1.10352,0.0878906,1.00188,4.26989e-05,0.888421,1,0
1.10352,0.107422,1.00179,4.7981e-05,0.888421,1,0
1.12305,0.0878906,1.00187,4.29949e-05,0.88647,1,0
1.12305,0.107422,1.00179,4.83703e-05,0.88647,1,0
1.10352,0.126953,1.0017,5.19075e-05,0.888421,1,0
1.10352,0.146484,1.00159,5.61082e-05,0.88842,1,0
1.12305,0.126953,1.0017,5.23983e-05,0.88647,1,0
1.12305,0.146484,1.00159,5.66882e-05,0.886469,1,0
1.14258,0.0878906,1.00187,4.32593e-05,0.884519,1,0
1.14258,0.107422,1.00178,4.87217e-05,0.884519,1,0
1.16211,0.0878906,1.00186,4.34959e-05,0.882568,1,0
1.16211,0.107422,1.00178,4.90394e-05,0.882568,1,0
1.14258,0.126953,1.00169,5.28462e-05,0.884519,1,0
1.14258,0.146484,1.00159,5.72196e-05,0.884518,1,0
1.16211,0.126953,1.00169,5.32556e-05,0.882568,1,0
1.16211,0.146484,1.00158,5.77072e-05,0.882568,1,0
1.18164,0.00976562,1.00206,1.36772e-05,0.880618,1,0
1.18164,0.0292969,1.00208,2.61599e-05,0.880617,1,0
1.20117,0.00976562,1.00205,1.35244e-05,0.878667,1,0
1.20117,0.0292969,1.00207,2.60113e-05,0.878666,1,0
1.18164,0.0488281,1.00202,3.18453e-05,0.880618,1,0
1.18164,0.0683594,1.00194,3.90933e-05,0.880617,1,0
1.20117,0.0488281,1.00201,3.18496e-05,0.878667,1,0
1.20117,0.0683594,1.00193,3.91761e-05,0.878667,1,0
1.2207,0.00976562,1.00204,1.33761e-05,0.876716,1,0
1.2207,0.0292969,1.00206,2.58635e-05,0.876716,1,0
1.24023,0.00976562,1.00203,1.32332e-05,0.874765,1,0
1.24023,0.0292969,1.00205,2.57182e-05,0.874765,1,0
1.2207,0.0488281,1.002,3.18445e-05,0.876716,1,0
1.2207,0.0683594,1.00193,3.92458e-05,0.876716,1,0
1.24023,0.0488281,1.002,3.1832e-05,0.874765,1,0
1.24023,0.0683594,1.00192,3.93046e-05,0.874765,1,0
1.18164,0.0878906,1.00186,4.37079e-05,0.880617,1,0
1.18164,0.107422,1.00178,4.93273e-05,0.880617,1,0
1.20117,0.0878906,1.00185,4.38985e-05,0.878667,1,0
1.20117,0.107422,1.00177,4.95889e-05,0.878666,1,0
1.18164,0.126953,1.00168,5.36307e-05,0.880617,1,0
1.18164,0.146484,1.00158,5.81556e-05,0.880617,1,0
1.20117,0.126953,1.00168,5.39752e-05,0.878666,1,0
1.20117,0.146484,1.00158,5.85686e-05,0.878666,1,0
1.2207,0.0878906,1.00185,4.40704e-05,0.876716,1,0
1.2207,0.107422,1.00177,4.98274e-05,0.876716,1,0
1.24023,0.0878906,1.00184,4.42261e-05,0.874765,1,0
1.24023,0.107422,1.00176,5.00457e-05,0.874765,1,0
1.2207,0.126953,1.00168,5.42923e-05,0.876716,1,0
1.2207,0.146484,1.00157,5.895e-05,0.876715,1,0
1.24023,0.126953,1.00167,5.4585e-05,0.874765,1,0
1.24023,0.146484,1.00157,5.93029e-05,0.874765,1,0
1.10352,0.166016,1.00147,5.94536e-05,0.88842,1,0
1.10352,0.185547,1.0013,6.25933e-05,0.888419,1,0
1.12305,0.166016,1.00146,6.0117e-05,0.886469,1,0
1.12305,0.185547,1.0013,6.33341e-05,0.886468,1,0
1.10352,0.205078,1.00106,6.50474e-05,0.888419,1,0
1.10352,0.224609,1.0007,6.70269e-05,0.888418,1,0
1.12305,0.205078,1.00106,6.5855e-05,0.886468,1,0
1.12305,0.224609,1.0007,6.78951e-05,0.886467,1,0
1.14258,0.166016,1.00146,6.07274e-05,0.884518,1,0
1.14258,0.185547,1.00129,6.40174e-05,0.884518,1,0
1.16211,0.166016,1.00146,6.129e-05,0.882567,1,0
1.16211,0.185547,1.00129,6.46485e-05,0.882567,1,0
1.14258,0.205078,1.00106,6.66014e-05,0.884517,1,0
1.14258,0.224609,1.0007,6.86989e-05,0.884517,1,0
1.16211,0.205078,1.00106,6.72923e-05,0.882566,1,0
1.16211,0.224609,1.0007,6.94438e-05,0.882566,1,0
1.10352,0.244141,1.0001,6.83064e-05,0.888417,1,0
1.10352,0.263672,0.999039,6.88827e-05,0.888417,1,0
1.12305,0.244141,1.0001,6.92234e-05,0.886467,1,0
1.12305,0.263672,0.999038,6.98398e-05,0.886466,1,0
1.10352,0.283203,0.997126,6.85594e-05,0.888416,1,0
1.10352,0.302734,0.993677,6.71466e-05,0.888415,1,0
1.12305,0.283203,0.997126,6.95434e-05,0.886465,1,0
1.12305,0.302734,0.993679,6.81452e-05,0.886465,1,0
1.14258,0.244141,1.0001,7.00733e-05,0.884516,1,0
1.14258,0.263672,0.999038,7.07277e-05,0.884516,1,0
1.16211,0.244141,1.0001,7.0862e-05,0.882565,1,0
1.16211,0.263672,0.999038,7.15524e-05,0.882565,1,0
1.14258,0.283203,0.997127,7.0457e-05,0.884515,1,0
1.14258,0.302734,0.993681,6.90726e-05,0.884514,1,0
1.16211,0.283203,0.997128,7.13059e-05,0.882564,1,0
1.16211,0.302734,0.993684,6.99346e-05,0.882564,1,0
1.18164,0.166016,1.00145,6.18095e-05,0.880617,1,0
1.18164,0.185547,1.00129,6.52323e-05,0.880616,1,0
1.20117,0.166016,1.00145,6.22899e-05,0.878666,1,0
1.20117,0.185547,1.00128,6.57732e-05,0.878666,1,0
1.18164,0.205078,1.00105,6.79327e-05,0.880616,1,0
1.18164,0.224609,1.0007,7.01353e-05,0.880615,1,0
1.20117,0.205078,1.00105,6.85273e-05,0.878665,1,0
1.20117,0.224609,1.00069,7.0778e-05,0.878665,1,0
1.2207,0.166016,1.00144,6.27351e-05,0.876715,1,0
1.2207,0.185547,1.00128,6.62753e-05,0.876715,1,0
1.24023,0.166016,1.00144,6.31487e-05,0.874765,1,0
1.24023,0.185547,1.00128,6.67424e-05,0.874764,1,0
1.2207,0.205078,1.00105,6.90804e-05,0.876715,1,0
1.2207,0.224609,1.00069,7.13765e-05,0.876714,1,0
1.24023,0.205078,1.00105,6.95959e-05,0.874764,1,0
1.24023,0.224609,1.00069,7.19349e-05,0.874764,1,0
1.18164,0.244141,1.0001,7.15948e-05,0.880615,1,0
1.18164,0.263672,0.999038,7.23192e-05,0.880614,1,0
1.20117,0.244141,1.00009,7.22768e-05,0.878664,1,0
1.20117,0.263672,0.999038,7.30332e-05,0.878664,1,0
1.18164,0.283203,0.997129,7.20956e-05,0.880614,1,0
1.18164,0.302734,0.993686,7.07365e-05,0.880613,1,0
1.20117,0.283203,0.99713,7.28311e-05,0.878663,1,0
1.20117,0.302734,0.993688,7.1483e-05,0.878663,1,0
1.2207,0.244141,1.00009,7.29124e-05,0.876714,1,0
1.2207,0.263672,0.999037,7.3699e-05,0.876713,1,0
1.24023,0.244141,1.00009,7.3506e-05,0.874763,1,0
1.24023,0.263672,0.999037,7.4321e-05,0.874763,1,0
1.2207,0.283203,0.99713,7.3517e-05,0.876713,1,0
1.2207,0.302734,0.99369,7.21792e-05,0.876713,1,0
1.24023,0.283203,0.997131,7.41579e-05,0.874763,1,0
1.24023,0.302734,0.993692,7.28294e-05,0.874762,1,0
0.947266,0.322266,0.987521,5.27766e-05,0.904018,1,0
0.947266,0.341797,0.976872,4.81866e-05,0.904016,1,0
0.966797,0.322266,0.987525,5.46528e-05,0.902068,1,0
0.966797,0.341797,0.976878,5.00334e-05,0.902066,1,0
0.947266,0.361328,0.958908,4.12256e-05,0.904015,1,0
0.947266,0.380859,0.929518,3.13323e-05,0.904013,1,0
0.966797,0.361328,0.958917,4.30158e-05,0.902065,1,0
0.966797,0.380859,0.929529,3.3043e-05,0.902063,1,0
0.986328,0.322266,0.987529,5.63816e-05,0.900117,1,0
0.986328,0.341797,0.976883,5.17349e-05,0.900116,1,0
1.00586,0.322266,0.987532,5.79751e-05,0.898167,1,0
1.00586,0.341797,0.976889,5.3302e-05,0.898165,1,0
0.986328,0.361328,0.958925,4.46629e-05,0.900114,1,0
0.986328,0.380859,0.92954,3.46196e-05,0.900113,1,0
1.00586,0.361328,0.958934,4.61782e-05,0.898164,1,0
1.00586,0.380859,0.929552,3.60739e-05,0.898163,1,0
0.947266,0.400391,0.882918,1.88222e-05,0.904012,1,0
0.947266,0.419922,0.811296,6.38983e-06,0.904011,1,0
0.966797,0.400391,0.88293,2.04586e-05,0.902062,1,0
0.966797,0.419922,0.811306,7.95943e-06,0.902061,1,0
0.947266,0.439453,0.704536,-1.47132e-07,0.90401,1,0
0.947266,0.458984,0.550239,1.14414e-06,0.90401,1,0
0.966797,0.439453,0.704539,1.15112e-06,0.90206,1,0
0.966797,0.458984,0.550239,1.72468e-06,0.90206,1,0
0.986328,0.400391,0.882943,2.19789e-05,0.900112,1,0
0.986328,0.419922,0.811316,9.43005e-06,0.900111,1,0
1.00586,0.400391,0.882955,2.33855e-05,0.898162,1,0
1.00586,0.419922,0.811326,1.07877e-05,0.898161,1,0
0.986328,0.439453,0.704542,2.36131e-06,0.900111,1,0
0.986328,0.458984,0.550239,2.24923e-06,0.90011,1,0
1.00586,0.439453,0.704546,3.46923e-06,0.898161,1,0
1.00586,0.458984,0.550239,2.72729e-06,0.898161,1,0
1.02539,0.322266,0.987536,5.94444e-05,0.896216,1,0
1.02539,0.341797,0.976895,5.47456e-05,0.896215,1,0
1.04492,0.322266,0.98754,6.08004e-05,0.894266,1,0
1.04492,0.341797,0.976901,5.60773e-05,0.894265,1,0
1.02539,0.361328,0.958942,4.7574e-05,0.896214,1,0
1.02539,0.380859,0.929563,3.74151e-05,0.896213,1,0
1.04492,0.361328,0.958951,4.88624e-05,0.894264,1,0
1.04492,0.380859,0.929575,3.86534e-05,0.894263,1,0
1.06445,0.322266,0.987544,6.20533e-05,0.892315,1,0
1.06445,0.341797,0.976907,5.73079e-05,0.892314,1,0
1.08398,0.322266,0.987547,6.32126e-05,0.890365,1,0
1.08398,0.341797,0.976913,5.84473e-05,0.890364,1,0
1.06445,0.361328,0.95896,5.0054e-05,0.892313,1,0
1.06445,0.380859,0.929586,3.97992e-05,0.892313,1,0
1.08398,0.361328,0.958969,5.11575e-05,0.890363,1,0
1.08398,0.380859,0.929598,4.08623e-05,0.890362,1,0
1.02539,0.400391,0.882968,2.46813e-05,0.896212,1,0
1.02539,0.419922,0.811336,1.20311e-05,0.896211,1,0
1.04492,0.400391,0.882981,2.58778e-05,0.894262,1,0
1.04492,0.419922,0.811346,1.31771e-05,0.894261,1,0
1.02539,0.439453,0.704551,4.4649e-06,0.896211,1,0
1.02539,0.458984,0.550241,3.10108e-06,0.896211,1,0
1.04492,0.439453,0.704555,5.36721e-06,0.894261,1,0
1.04492,0.458984,0.550243,3.3879e-06,0.894261,1,0
1.06445,0.400391,0.882994,2.69903e-05,0.892312,1,0
1.06445,0.419922,0.811356,1.42488e-05,0.892311,1,0
1.08398,0.400391,0.883006,2.80298e-05,0.890362,1,0
1.08398,0.419922,0.811367,1.52575e-05,0.890361,1,0
1.06445,0.439453,0.70456,6.21214e-06,0.892311,1,0
1.06445,0.458984,0.550245,3.68186e-06,0.892311,1,0
1.08398,0.439453,0.704566,7.01124e-06,0.890361,1,0
1.08398,0.458984,0.550248,3.99465e-06,0.890361,1,0
0.947266,0.478516,0.334174,1.61745e-06,0.90401,1,0
0.947266,0.498047,0.0407332,-1.46409e-06,0.90401,0.6,0
0.966797,0.478516,0.334175,1.543e-06,0.90206,1,0
0.966797,0.498047,0.0407335,-1.41463e-06,0.90206,0.6,0
0.986328,0.478516,0.334177,1.48067e-06,0.90011,1,0
0.986328,0.498047,0.0407338,-1.30877e-06,0.90011,0.6,0
1.00586,0.478516,0.334179,1.44551e-06,0.89816,1,0
1.00586,0.498047,0.0407341,-1.23445e-06,0.898161,0.6,0
1.02539,0.478516,0.334181,1.34671e-06,0.896211,1,0
1.02539,0.498047,0.0407345,-1.20599e-06,0.896211,0.6,0
1.04492,0.478516,0.334183,1.20485e-06,0.894261,1,0
1.04492,0.498047,0.0407347,-1.25063e-06,0.894261,0.6,0
1.06445,0.478516,0.334185,1.10146e-06,0.892311,1,0
1.06445,0.498047,0.0407348,-1.34333e-06,0.892311,0.6,0
1.08398,0.478516,0.334188,1.04177e-06,0.890361,1,0
1.08398,0.498047,0.0407347,-1.36182e-06,0.890361,0.6,0
1.10352,0.322266,0.987551,6.42872e-05,0.888414,1,0
1.10352,0.341797,0.976919,5.95037e-05,0.888414,1,0
1.12305,0.322266,0.987555,6.52847e-05,0.886464,1,0
1.12305,0.341797,0.976925,6.04842e-05,0.886463,1,0
1.10352,0.361328,0.958977,5.21807e-05,0.888413,1,0
1.10352,0.380859,0.929609,4.18509e-05,0.888412,1,0
1.12305,0.361328,0.958986,5.31307e-05,0.886463,1,0
1.12305,0.380859,0.929621,4.27717e-05,0.886462,1,0
1.14258,0.322266,0.987559,6.62112e-05,0.884514,1,0
1.14258,0.341797,0.976931,6.13948e-05,0.884513,1,0
1.16211,0.322266,0.987563,6.70722e-05,0.882563,1,0
1.16211,0.341797,0.976937,6.22407e-05,0.882563,1,0
1.14258,0.361328,0.958995,5.40133e-05,0.884512,1,0
1.14258,0.380859,0.929632,4.363e-05,0.884512,1,0
1.16211,0.361328,0.959004,5.48334e-05,0.882562,1,0
1.16211,0.380859,0.929644,4.44297e-05,0.882562,1,0
1.10352,0.400391,0.883019,2.90023e-05,0.888412,1,0
1.10352,0.419922,0.811377,1.62086e-05,0.888411,1,0
1.12305,0.400391,0.883032,2.99129e-05,0.886461,1,0
1.12305,0.419922,0.811388,1.71065e-05,0.886461,1,0
1.10352,0.439453,0.704572,7.7684e-06,0.888411,1,0
1.10352,0.458984,0.550251,4.30894e-06,0.888411,1,0
1.12305,0.439453,0.704578,8.48442e-06,0.886461,1,0
1.12305,0.458984,0.550254,4.6099e-06,0.886461,1,0
1.14258,0.400391,0.883045,3.07661e-05,0.884511,1,0
1.14258,0.419922,0.811399,1.79529e-05,0.884511,1,0
1.16211,0.400391,0.883058,3.1565e-05,0.882561,1,0
1.16211,0.419922,0.81141,1.87475e-05,0.882561,1,0
1.14258,0.439453,0.704584,9.15691e-06,0.884511,1,0
1.14258,0.458984,0.550258,4.89299e-06,0.88451,1,0
1.16211,0.439453,0.704591,9.78373e-06,0.88256,1,0
1.16211,0.458984,0.550263,5.15622e-06,0.88256,1,0
1.18164,0.322266,0.987567,6.78726e-05,0.880613,1,0
1.18164,0.341797,0.976944,6.30265e-05,0.880612,1,0
1.20117,0.322266,0.98757,6.86172e-05,0.878663,1,0
1.20117,0.341797,0.97695,6.37571e-05,0.878662,1,0
1.18164,0.361328,0.959013,5.55953e-05,0.880612,1,0
1.18164,0.380859,0.929656,4.51742e-05,0.880611,1,0
1.20117,0.361328,0.959022,5.63034e-05,0.878662,1,0
1.20117,0.380859,0.929667,4.58674e-05,0.878661,1,0
1.2207,0.322266,0.987574,6.9311e-05,0.876712,1,0
1.2207,0.341797,0.976956,6.44373e-05,0.876712,1,0
1.24023,0.322266,0.987578,6.99586e-05,0.874762,1,0
1.24023,0.341797,0.976962,6.50717e-05,0.874761,1,0
1.2207,0.361328,0.959031,5.69622e-05,0.876711,1,0
1.2207,0.380859,0.929679,4.65136e-05,0.876711,1,0
1.24023,0.361328,0.95904,5.75761e-05,0.874761,1,0
1.24023,0.380859,0.929691,4.7117e-05,0.874761,1,0
1.18164,0.400391,0.88307,3.23114e-05,0.880611,1,0
1.18164,0.419922,0.81142,1.9491e-05,0.880611,1,0
1.20117,0.400391,0.883083,3.30084e-05,0.878661,1,0
1.20117,0.419922,0.811432,2.01864e-05,0.87866,1,0
1.18164,0.439453,0.704598,1.03653e-05,0.88061,1,0
1.18164,0.458984,0.550267,5.39683e-06,0.88061,1,0
1.20117,0.439453,0.704605,1.0904e-05,0.87866,1,0
1.20117,0.458984,0.550272,5.61441e-06,0.87866,1,0
1.2207,0.400391,0.883096,3.36598e-05,0.876711,1,0
1.2207,0.419922,0.811443,2.08377e-05,0.87671,1,0
1.24023,0.400391,0.883109,3.42697e-05,0.87476,1,0
1.24023,0.419922,0.811454,2.14476e-05,0.87476,1,0
1.2207,0.439453,0.704612,1.14034e-05,0.87671,1,0
1.2207,0.458984,0.550277,5.80955e-06,0.87671,1,0
1.24023,0.439453,0.70462,1.18674e-05,0.87476,1,0
1.24023,0.458984,0.550282,5.98323e-06,0.87476,1,0
1.10352,0.478516,0.33419,1.02904e-06,0.888411,1,0
1.10352,0.498047,0.0407345,-1.32784e-06,0.888411,0.6,0
1.12305,0.478516,0.334193,1.04599e-06,0.886461,1,0
1.12305,0.498047,0.0407345,-1.30032e-06,0.886461,0.6,0
1.14258,0.478516,0.334196,1.07239e-06,0.88451,1,0
1.14258,0.498047,0.0407344,-1.28527e-06,0.884511,0.6,0
1.16211,0.478516,0.334199,1.09074e-06,0.88256,1,0
1.16211,0.498047,0.0407344,-1.27374e-06,0.88256,0.6,0
1.18164,0.478516,0.334202,1.09133e-06,0.88061,1,0
1.18164,0.498047,0.0407344,-1.2588e-06,0.88061,0.6,0
1.20117,0.478516,0.334205,1.07539e-06,0.87866,1,0
1.20117,0.498047,0.0407344,-1.23893e-06,0.87866,0.6,0
1.2207,0.478516,0.334209,1.05195e-06,0.87671,1,0
1.2207,0.498047,0.0407344,-1.21817e-06,0.87671,0.6,0
1.24023,0.478516,0.334212,1.03056e-06,0.87476,1,0
1.24023,0.498047,0.0407344,-1.20227e-06,0.87476,0.6,0
1.25977,0.00976562,1.00202,1.30966e-05,0.872815,1,0
1.25977,0.0292969,1.00204,2.55766e-05,0.872814,1,0
1.2793,0.00976562,1.00201,1.29666e-05,0.870864,1,0
1.2793,0.0292969,1.00203,2.54396e-05,0.870864,1,0
1.25977,0.0488281,1.00199,3.18138e-05,0.872815,1,0
1.25977,0.0683594,1.00191,3.93544e-05,0.872814,1,0
1.2793,0.0488281,1.00198,3.17911e-05,0.870864,1,0
1.2793,0.0683594,1.00191,3.9397e-05,0.870864,1,0
1.29883,0.00976562,1.002,1.28434e-05,0.868913,1,0
1.29883,0.0292969,1.00202,2.53076e-05,0.868913,1,0
1.31836,0.00976562,1.00199,1.27269e-05,0.866963,1,0
1.31836,0.0292969,1.00202,2.51809e-05,0.866962,1,0
1.29883,0.0488281,1.00197,3.17649e-05,0.868913,1,0
1.29883,0.0683594,1.0019,3.94335e-05,0.868913,1,0
1.31836,0.0488281,1.00197,3.17362e-05,0.866963,1,0
1.31836,0.0683594,1.00189,3.94651e-05,0.866963,1,0
1.25977,0.0878906,1.00184,4.43678e-05,0.872815,1,0
1.25977,0.107422,1.00176,5.02461e-05,0.872814,1,0
1.2793,0.0878906,1.00183,4.44973e-05,0.870864,1,0
1.2793,0.107422,1.00175,5.04309e-05,0.870864,1,0
1.25977,0.126953,1.00167,5.4856e-05,0.872814,1,0
1.25977,0.146484,1.00156,5.96304e-05,0.872814,1,0
1.2793,0.126953,1.00166,5.51077e-05,0.870864,1,0
1.2793,0.146484,1.00156,5.99351e-05,0.870864,1,0
1.29883,0.0878906,1.00182,4.46163e-05,0.868913,1,0
1.29883,0.107422,1.00174,5.0602e-05,0.868913,1,0
1.31836,0.0878906,1.00182,4.4726e-05,0.866963,1,0
1.31836,0.107422,1.00174,5.07611e-05,0.866963,1,0
1.29883,0.126953,1.00166,5.53422e-05,0.868913,1,0
1.29883,0.146484,1.00155,6.02196e-05,0.868913,1,0
1.31836,0.126953,1.00165,5.55615e-05,0.866963,1,0
1.31836,0.146484,1.00155,6.0486e-05,0.866962,1,0
1.33789,0.00976562,1.00197,1.26171e-05,0.865012,1,0
1.33789,0.0292969,1.00201,2.50596e-05,0.865012,1,0
1.35742,0.00976562,1.00196,1.2514e-05,0.863062,1,0
1.35742,0.0292969,1.002,2.49442e-05,0.863061,1,0
1.33789,0.0488281,1.00196,3.17057e-05,0.865012,1,0
1.33789,0.0683594,1.00189,3.94927e-05,0.865012,1,0
1.35742,0.0488281,1.00195,3.16742e-05,0.863062,1,0
1.35742,0.0683594,1.00188,3.95173e-05,0.863062,1,0
1.37695,0.00976562,1.00195,1.24178e-05,0.861111,1,0
1.37695,0.0292969,1.00199,2.4835e-05,0.861111,1,0
1.39648,0.00976562,1.00194,1.23288e-05,0.859161,1,0
1.39648,0.0292969,1.00198,2.47327e-05,0.859161,1,0
1.37695,0.0488281,1.00194,3.16423e-05,0.861111,1,0
1.37695,0.0683594,1.00188,3.95397e-05,0.861111,1,0
1.39648,0.0488281,1.00194,3.16108e-05,0.859161,1,0
1.39648,0.0683594,1.00187,3.95609e-05,0.859161,1,0
1.33789,0.0878906,1.00181,4.48277e-05,0.865012,1,0
1.33789,0.107422,1.00173,5.09098e-05,0.865012,1,0
1.35742,0.0878906,1.00181,4.49226e-05,0.863062,1,0
1.35742,0.107422,1.00173,5.10494e-05,0.863062,1,0
1.33789,0.126953,1.00165,5.57674e-05,0.865012,1,0
1.33789,0.146484,1.00154,6.07365e-05,0.865012,1,0
1.35742,0.126953,1.00164,5.59614e-05,0.863062,1,0
1.35742,0.146484,1.00154,6.09726e-05,0.863062,1,0
1.37695,0.0878906,1.0018,4.50118e-05,0.861111,1,0
1.37695,0.107422,1.00172,5.11813e-05,0.861111,1,0
1.39648,0.0878906,1.0018,4.50963e-05,0.859161,1,0
1.39648,0.107422,1.00172,5.13066e-05,0.859161,1,0
1.37695,0.126953,1.00164,5.6145e-05,0.861111,1,0
1.37695,0.146484,1.00154,6.11961e-05,0.861111,1,0
1.39648,0.126953,1.00163,5.63193e-05,0.859161,1,0
1.39648,0.146484,1.00153,6.14083e-05,0.859161,1,0
1.25977,0.166016,1.00144,6.35337e-05,0.872814,1,0
1.25977,0.185547,1.00127,6.71779e-05,0.872814,1,0
1.2793,0.166016,1.00143,6.38931e-05,0.870863,1,0
1.2793,0.185547,1.00127,6.75849e-05,0.870863,1,0
1.25977,0.205078,1.00104,7.00774e-05,0.872813,1,0
1.25977,0.224609,1.00069,7.24568e-05,0.872813,1,0
1.2793,0.205078,1.00104,7.05281e-05,0.870863,1,0
1.2793,0.224609,1.00069,7.29457e-05,0.870863,1,0
1.29883,0.166016,1.00143,6.42296e-05,0.868913,1,0
1.29883,0.185547,1.00127,6.79663e-05,0.868913,1,0
1.31836,0.166016,1.00143,6.45455e-05,0.866962,1,0
1.31836,0.185547,1.00126,6.83246e-05,0.866962,1,0
1.29883,0.205078,1.00104,7.0951e-05,0.868912,1,0
1.29883,0.224609,1.00068,7.34046e-05,0.868912,1,0
1.31836,0.205078,1.00104,7.13486e-05,0.866962,1,0
1.31836,0.224609,1.00068,7.38362e-05,0.866962,1,0
1.25977,0.244141,1.00009,7.40612e-05,0.872813,1,0
1.25977,0.263672,0.999037,7.4903e-05,0.872813,1,0
1.2793,0.244141,1.00009,7.45817e-05,0.870862,1,0
1.2793,0.263672,0.999036,7.54487e-05,0.870862,1,0
1.25977,0.283203,0.997132,7.47576e-05,0.872812,1,0
1.25977,0.302734,0.993694,7.34377e-05,0.872812,1,0
1.2793,0.283203,0.997133,7.53198e-05,0.870862,1,0
1.2793,0.302734,0.993696,7.40077e-05,0.870862,1,0
1.29883,0.244141,1.00009,7.50704e-05,0.868912,1,0
1.29883,0.263672,0.999036,7.59611e-05,0.868912,1,0
1.31836,0.244141,1.00009,7.55302e-05,0.866962,1,0
1.31836,0.263672,0.999035,7.64431e-05,0.866961,1,0
1.29883,0.283203,0.997133,7.58476e-05,0.868911,1,0
1.29883,0.302734,0.993698,7.45423e-05,0.868911,1,0
1.31836,0.283203,0.997134,7.63438e-05,0.866961,1,0
1.31836,0.302734,0.9937,7.50445e-05,0.866961,1,0
1.33789,0.166016,1.00142,6.4843e-05,0.865012,1,0
1.33789,0.185547,1.00126,6.86621e-05,0.865012,1,0
1.35742,0.166016,1.00142,6.51239e-05,0.863061,1,0
1.35742,0.185547,1.00126,6.89808e-05,0.863061,1,0
1.33789,0.205078,1.00103,7.17235e-05,0.865012,1,0
1.33789,0.224609,1.00068,7.42431e-05,0.865011,1,0
1.35742,0.205078,1.00103,7.20776e-05,0.863061,1,0
1.35742,0.224609,1.00068,7.46274e-05,0.863061,1,0
1.37695,0.166016,1.00141,6.53899e-05,0.861111,1,0
1.37695,0.185547,1.00125,6.92825e-05,0.861111,1,0
1.39648,0.166016,1.00141,6.56425e-05,0.859161,1,0
1.39648,0.185547,1.00125,6.95687e-05,0.859161,1,0
1.37695,0.205078,1.00103,7.2413e-05,0.861111,1,0
1.37695,0.224609,1.00068,7.49913e-05,0.861111,1,0
1.39648,0.205078,1.00102,7.27312e-05,0.85916,1,0
1.39648,0.224609,1.00067,7.53364e-05,0.85916,1,0
1.33789,0.244141,1.00009,7.59638e-05,0.865011,1,0
1.33789,0.263672,0.999035,7.68974e-05,0.865011,1,0
1.35742,0.244141,1.00008,7.63733e-05,0.863061,1,0
1.35742,0.263672,0.999035,7.73263e-05,0.863061,1,0
1.33789,0.283203,0.997135,7.68112e-05,0.865011,1,0
1.33789,0.302734,0.993702,7.55171e-05,0.865011,1,0
1.35742,0.283203,0.997135,7.72522e-05,0.86306,1,0
1.35742,0.302734,0.993705,7.59626e-05,0.86306,1,0
1.37695,0.244141,1.00008,7.67609e-05,0.86111,1,0
1.37695,0.263672,0.999034,7.77321e-05,0.86111,1,0
1.39648,0.244141,1.00008,7.71285e-05,0.85916,1,0
1.39648,0.263672,0.999034,7.81167e-05,0.85916,1,0
1.37695,0.283203,0.997136,7.76692e-05,0.86111,1,0
1.37695,0.302734,0.993707,7.63833e-05,0.86111,1,0
1.39648,0.283203,0.997137,7.80641e-05,0.85916,1,0
1.39648,0.302734,0.993709,7.67813e-05,0.85916,1,0
1.41602,0.00976562,1.00193,1.22471e-05,0.857211,1,0
1.41602,0.0292969,1.00197,2.46375e-05,0.85721,1,0
1.43555,0.00976562,1.00192,1.21726e-05,0.85526,1,0
1.43555,0.0292969,1.00196,2.45497e-05,0.85526,1,0
1.41602,0.0488281,1.00193,3.15805e-05,0.857211,1,0
1.41602,0.0683594,1.00186,3.95816e-05,0.85721,1,0
1.43555,0.0488281,1.00192,3.15518e-05,0.85526,1,0
1.43555,0.0683594,1.00186,3.96023e-05,0.85526,1,0
1.45508,0.00976562,1.00191,1.21051e-05,0.85331,1,0
1.45508,0.0292969,1.00195,2.44691e-05,0.853309,1,0
1.47461,0.00976562,1.0019,1.20441e-05,0.851359,1,0
1.47461,0.0292969,1.00194,2.43953e-05,0.851359,1,0
1.45508,0.0488281,1.00191,3.1525e-05,0.85331,1,0
1.45508,0.0683594,1.00185,3.96234e-05,0.85331,1,0
1.47461,0.0488281,1.00191,3.15002e-05,0.851359,1,0
1.47461,0.0683594,1.00184,3.96452e-05,0.851359,1,0
1.41602,0.0878906,1.00179,4.51769e-05,0.85721,1,0
1.41602,0.107422,1.00171,5.14262e-05,0.85721,1,0
1.43555,0.0878906,1.00178,4.52543e-05,0.85526,1,0
1.43555,0.107422,1.00171,5.1541e-05,0.85526,1,0
1.41602,0.126953,1.00163,5.64855e-05,0.85721,1,0
1.41602,0.146484,1.00153,6.16103e-05,0.85721,1,0
1.43555,0.126953,1.00162,5.66445e-05,0.85526,1,0
1.43555,0.146484,1.00152,6.18033e-05,0.85526,1,0
1.45508,0.0878906,1.00178,4.53291e-05,0.85331,1,0
1.45508,0.107422,1.0017,5.16517e-05,0.85331,1,0
1.47461,0.0878906,1.00177,4.54016e-05,0.851359,1,0
1.47461,0.107422,1.0017,5.17586e-05,0.851359,1,0
1.45508,0.126953,1.00162,5.67969e-05,0.85331,1,0
1.45508,0.146484,1.00152,6.19879e-05,0.85331,1,0
1.47461,0.126953,1.00161,5.69435e-05,0.851359,1,0
1.47461,0.146484,1.00151,6.21651e-05,0.851359,1,0
1.49414,0.00976562,1.00189,1.19889e-05,0.849409,1,0
1.49414,0.0292969,1.00193,2.43275e-05,0.849409,1,0
1.51367,0.00976562,1.00188,1.19391e-05,0.847459,1,0
1.51367,0.0292969,1.00192,2.42653e-05,0.847458,1,0
1.49414,0.0488281,1.0019,3.14773e-05,0.849409,1,0
1.49414,0.0683594,1.00184,3.96675e-05,0.849409,1,0
1.51367,0.0488281,1.00189,3.14561e-05,0.847459,1,0
1.51367,0.0683594,1.00183,3.96904e-05,0.847459,1,0
1.5332,0.00976562,1.00187,1.18942e-05,0.845509,1,0
1.5332,0.0292969,1.00191,2.42082e-05,0.845508,1,0
1.55273,0.00976562,1.00186,1.18539e-05,0.843558,1,0
1.55273,0.0292969,1.0019,2.4156e-05,0.843558,1,0
1.5332,0.0488281,1.00188,3.14367e-05,0.845508,1,0
1.5332,0.0683594,1.00182,3.97137e-05,0.845508,1,0
1.55273,0.0488281,1.00187,3.14188e-05,0.843558,1,0
1.55273,0.0683594,1.00181,3.97374e-05,0.843558,1,0
1.49414,0.0878906,1.00176,4.54721e-05,0.849409,1,0
1.49414,0.107422,1.00169,5.18622e-05,0.849409,1,0
1.51367,0.0878906,1.00176,4.55408e-05,0.847459,1,0
1.51367,0.107422,1.00168,5.19628e-05,0.847459,1,0
1.49414,0.126953,1.00161,5.70846e-05,0.849409,1,0
1.49414,0.146484,1.00151,6.23354e-05,0.849409,1,0
1.51367,0.126953,1.0016,5.72209e-05,0.847459,1,0
1.51367,0.146484,1.0015,6.24995e-05,0.847459,1,0
1.5332,0.0878906,1.00175,4.56077e-05,0.845508,1,0
1.5332,0.107422,1.00168,5.20607e-05,0.845508,1,0
1.55273,0.0878906,1.00175,4.5673e-05,0.843558,1,0
1.55273,0.107422,1.00167,5.21559e-05,0.843558,1,0
1.5332,0.126953,1.00159,5.73526e-05,0.845508,1,0
1.5332,0.146484,1.0015,6.26579e-05,0.845508,1,0
1.55273,0.126953,1.00159,5.74802e-05,0.843558,1,0
1.55273,0.146484,1.00149,6.2811e-05,0.843558,1,0
1.41602,0.166016,1.0014,6.58829e-05,0.85721,1,0
1.41602,0.185547,1.00125,6.9841e-05,0.85721,1,0
1.43555,0.166016,1.0014,6.61123e-05,0.85526,1,0
1.43555,0.185547,1.00124,7.01006e-05,0.85526,1,0
1.41602,0.205078,1.00102,7.30339e-05,0.85721,1,0
1.41602,0.224609,1.00067,7.56645e-05,0.85721,1,0
1.43555,0.205078,1.00102,7.33223e-05,0.85526,1,0
1.43555,0.224609,1.00067,7.59769e-05,0.85526,1,0
1.45508,0.166016,1.0014,6.63316e-05,0.85331,1,0
1.45508,0.185547,1.00124,7.03485e-05,0.853309,1,0
1.47461,0.166016,1.00139,6.65417e-05,0.851359,1,0
1.47461,0.185547,1.00124,7.05857e-05,0.851359,1,0
1.45508,0.205078,1.00102,7.35976e-05,0.853309,1,0
1.45508,0.224609,1.00067,7.6275e-05,0.853309,1,0
1.47461,0.205078,1.00101,7.38611e-05,0.851359,1,0
1.47461,0.224609,1.00066,7.65599e-05,0.851359,1,0
1.41602,0.244141,1.00008,7.74778e-05,0.85721,1,0
1.41602,0.263672,0.999033,7.84819e-05,0.85721,1,0
1.43555,0.244141,1.00008,7.78104e-05,0.85526,1,0
1.43555,0.263672,0.999033,7.88293e-05,0.855259,1,0
1.41602,0.283203,0.997137,7.84388e-05,0.85721,1,0
1.41602,0.302734,0.993711,7.71583e-05,0.857209,1,0
1.43555,0.283203,0.997138,7.87947e-05,0.855259,1,0
1.43555,0.302734,0.993713,7.75159e-05,0.855259,1,0
1.45508,0.244141,1.00008,7.81275e-05,0.853309,1,0
1.45508,0.263672,0.999032,7.91602e-05,0.853309,1,0
1.47461,0.244141,1.00008,7.84303e-05,0.851359,1,0
1.47461,0.263672,0.999032,7.94759e-05,0.851359,1,0
1.45508,0.283203,0.997139,7.91333e-05,0.853309,1,0
1.45508,0.302734,0.993715,7.78554e-05,0.853309,1,0
1.47461,0.283203,0.997139,7.94559e-05,0.851359,1,0
1.47461,0.302734,0.993717,7.81782e-05,0.851359,1,0
1.49414,0.166016,1.00139,6.67434e-05,0.849409,1,0
1.49414,0.185547,1.00123,7.08133e-05,0.849409,1,0
1.51367,0.166016,1.00138,6.69373e-05,0.847459,1,0
1.51367,0.185547,1.00123,7.10318e-05,0.847459,1,0
1.49414,0.205078,1.00101,7.41135e-05,0.849409,1,0
1.49414,0.224609,1.00066,7.68327e-05,0.849409,1,0
1.51367,0.205078,1.00101,7.43558e-05,0.847459,1,0
1.51367,0.224609,1.00066,7.70942e-05,0.847458,1,0
1.5332,0.166016,1.00138,6.71242e-05,0.845508,1,0
1.5332,0.185547,1.00122,7.12422e-05,0.845508,1,0
1.55273,0.166016,1.00138,6.73046e-05,0.843558,1,0
1.55273,0.185547,1.00122,7.14449e-05,0.843558,1,0
1.5332,0.205078,1.001,7.45887e-05,0.845508,1,0
1.5332,0.224609,1.00066,7.73453e-05,0.845508,1,0
1.55273,0.205078,1.001,7.48129e-05,0.843558,1,0
1.55273,0.224609,1.00066,7.75867e-05,0.843558,1,0
1.49414,0.244141,1.00007,7.872e-05,0.849409,1,0
1.49414,0.263672,0.999031,7.97775e-05,0.849409,1,0
1.51367,0.244141,1.00007,7.89975e-05,0.847458,1,0
1.51367,0.263672,0.999031,8.0066e-05,0.847458,1,0
1.49414,0.283203,0.99714,7.97637e-05,0.849408,1,0
1.49414,0.302734,0.993719,7.84856e-05,0.849408,1,0
1.51367,0.283203,0.997141,8.00577e-05,0.847458,1,0
1.51367,0.302734,0.993721,7.87788e-05,0.847458,1,0
1.5332,0.244141,1.00007,7.92637e-05,0.845508,1,0
1.5332,0.263672,0.99903,8.03424e-05,0.845508,1,0
1.55273,0.244141,1.00007,7.95192e-05,0.843558,1,0
1.55273,0.263672,0.99903,8.06073e-05,0.843558,1,0
1.5332,0.283203,0.997141,8.03389e-05,0.845508,1,0
1.5332,0.302734,0.993723,7.90587e-05,0.845508,1,0
1.55273,0.283203,0.997142,8.0608e-05,0.843558,1,0
1.55273,0.302734,0.993726,7.9326e-05,0.843558,1,0
1.25977,0.322266,0.987582,7.05639e-05,0.872811,1,0
1.25977,0.341797,0.976968,6.56642e-05,0.872811,1,0
1.2793,0.322266,0.987586,7.11305e-05,0.870861,1,0
1.2793,0.341797,0.976975,6.62181e-05,0.870861,1,0
1.25977,0.361328,0.959049,5.8149e-05,0.872811,1,0
1.25977,0.380859,0.929702,4.76809e-05,0.87281,1,0
1.2793,0.361328,0.959058,5.86842e-05,0.870861,1,0
1.2793,0.380859,0.929714,4.82085e-05,0.87086,1,0
1.29883,0.322266,0.98759,7.16613e-05,0.868911,1,0
1.29883,0.341797,0.976981,6.67363e-05,0.868911,1,0
1.31836,0.322266,0.987594,7.21593e-05,0.866961,1,0
1.31836,0.341797,0.976987,6.72219e-05,0.86696,1,0
1.29883,0.361328,0.959067,5.91848e-05,0.86891,1,0
1.29883,0.380859,0.929726,4.87025e-05,0.86891,1,0
1.31836,0.361328,0.959076,5.96535e-05,0.86696,1,0
1.31836,0.380859,0.929737,4.91657e-05,0.86696,1,0
1.25977,0.400391,0.883122,3.48416e-05,0.87281,1,0
1.25977,0.419922,0.811465,2.2019e-05,0.87281,1,0
1.2793,0.400391,0.883135,3.53786e-05,0.87086,1,0
1.2793,0.419922,0.811476,2.25547e-05,0.87086,1,0
1.25977,0.439453,0.704628,1.22998e-05,0.87281,1,0
1.25977,0.458984,0.550288,6.13702e-06,0.87281,1,0
1.2793,0.439453,0.704636,1.27041e-05,0.87086,1,0
1.2793,0.458984,0.550293,6.27525e-06,0.87086,1,0
1.29883,0.400391,0.883148,3.58836e-05,0.86891,1,0
1.29883,0.419922,0.811488,2.30589e-05,0.86891,1,0
1.31836,0.400391,0.88316,3.63595e-05,0.86696,1,0
1.31836,0.419922,0.811499,2.35351e-05,0.866959,1,0
1.29883,0.439453,0.704644,1.30833e-05,0.868909,1,0
1.29883,0.458984,0.550299,6.40373e-06,0.868909,1,0
1.31836,0.439453,0.704653,1.34399e-05,0.866959,1,0
1.31836,0.458984,0.550305,6.52817e-06,0.866959,1,0
1.33789,0.322266,0.987598,7.26272e-05,0.86501,1,0
1.33789,0.341797,0.976993,6.76775e-05,0.86501,1,0
1.35742,0.322266,0.987602,7.30677e-05,0.86306,1,0
1.35742,0.341797,0.977,6.81056e-05,0.86306,1,0
1.33789,0.361328,0.959085,6.0093e-05,0.86501,1,0
1.33789,0.380859,0.929749,4.96008e-05,0.86501,1,0
1.35742,0.361328,0.959094,6.05057e-05,0.86306,1,0
1.35742,0.380859,0.92976,5.00104e-05,0.863059,1,0
1.37695,0.322266,0.987606,7.34831e-05,0.86111,1,0
1.37695,0.341797,0.977006,6.85086e-05,0.86111,1,0
1.39648,0.322266,0.98761,7.38753e-05,0.859159,1,0
1.39648,0.341797,0.977012,6.88884e-05,0.859159,1,0
1.37695,0.361328,0.959103,6.08938e-05,0.861109,1,0
1.37695,0.380859,0.929772,5.03969e-05,0.861109,1,0
1.39648,0.361328,0.959112,6.12592e-05,0.859159,1,0
1.39648,0.380859,0.929784,5.07619e-05,0.859159,1,0
1.33789,0.400391,0.883173,3.68089e-05,0.865009,1,0
1.33789,0.419922,0.811511,2.39863e-05,0.865009,1,0
1.35742,0.400391,0.883186,3.72343e-05,0.863059,1,0
1.35742,0.419922,0.811522,2.44142e-05,0.863059,1,0
1.33789,0.439453,0.704661,1.37761e-05,0.865009,1,0
1.33789,0.458984,0.550312,6.65132e-06,0.865009,1,0
1.35742,0.439453,0.70467,1.40935e-05,0.863059,1,0
1.35742,0.458984,0.550318,6.773e-06,0.863059,1,0
1.37695,0.400391,0.883199,3.76371e-05,0.861109,1,0
1.37695,0.419922,0.811534,2.48203e-05,0.861109,1,0
1.39648,0.400391,0.883212,3.80185e-05,0.859159,1,0
1.39648,0.419922,0.811545,2.52051e-05,0.859159,1,0
1.37695,0.439453,0.704679,1.43933e-05,0.861109,1,0
1.37695,0.458984,0.550325,6.89077e-06,0.861109,1,0
1.39648,0.439453,0.704688,1.46764e-05,0.859159,1,0
1.39648,0.458984,0.550331,7.00236e-06,0.859159,1,0
1.25977,0.478516,0.334216,1.01702e-06,0.87281,1,0
1.25977,0.498047,0.0407344,-1.19452e-06,0.87281,0.6,0
1.2793,0.478516,0.334219,1.01246e-06,0.87086,1,0
1.2793,0.498047,0.0407344,-1.19456e-06,0.87086,0.6,0
1.29883,0.478516,0.334223,1.01535e-06,0.86891,1,0
1.29883,0.498047,0.0407344,-1.19942e-06,0.86891,0.6,0
1.31836,0.478516,0.334227,1.023e-06,0.866959,1,0
1.31836,0.498047,0.0407344,-1.20568e-06,0.866959,0.6,0
1.33789,0.478516,0.334231,1.03294e-06,0.865009,1,0
1.33789,0.498047,0.0407344,-1.21083e-06,0.865009,0.6,0
1.35742,0.478516,0.334235,1.04321e-06,0.863059,1,0
1.35742,0.498047,0.0407344,-1.21405e-06,0.863059,0.6,0
1.37695,0.478516,0.334239,1.05285e-06,0.861109,1,0
1.37695,0.498047,0.0407344,-1.21574e-06,0.861109,0.6,0
1.39648,0.478516,0.334243,1.0616e-06,0.859159,1,0
1.39648,0.498047,0.0407344,-1.21697e-06,0.859159,0.6,0
1.41602,0.322266,0.987613,7.4246e-05,0.857209,1,0
1.41602,0.341797,0.977018,6.92466e-05,0.857209,1,0
1.43555,0.322266,0.987617,7.45968e-05,0.855259,1,0
1.43555,0.341797,0.977025,6.95849e-05,0.855259,1,0
1.41602,0.361328,0.959121,6.16036e-05,0.857209,1,0
1.41602,0.380859,0.929795,5.11068e-05,0.857209,1,0
1.43555,0.361328,0.95913,6.19285e-05,0.855259,1,0
1.43555,0.380859,0.929807,5.14328e-05,0.855258,1,0
1.45508,0.322266,0.987621,7.49291e-05,0.853309,1,0
1.45508,0.341797,0.977031,6.99047e-05,0.853309,1,0
1.47461,0.322266,0.987625,7.52444e-05,0.851358,1,0
1.47461,0.341797,0.977037,7.02076e-05,0.851358,1,0
1.45508,0.361328,0.959139,6.22355e-05,0.853308,1,0
1.45508,0.380859,0.929819,5.17412e-05,0.853308,1,0
1.47461,0.361328,0.959148,6.25259e-05,0.851358,1,0
1.47461,0.380859,0.92983,5.20333e-05,0.851358,1,0
1.41602,0.400391,0.883224,3.83797e-05,0.857209,1,0
1.41602,0.419922,0.811557,2.55699e-05,0.857208,1,0
1.43555,0.400391,0.883237,3.8722e-05,0.855258,1,0
1.43555,0.419922,0.811569,2.59156e-05,0.855258,1,0
1.41602,0.439453,0.704697,1.49435e-05,0.857208,1,0
1.41602,0.458984,0.550338,7.10639e-06,0.857208,1,0
1.43555,0.439453,0.704706,1.51957e-05,0.855258,1,0
1.43555,0.458984,0.550345,7.20326e-06,0.855258,1,0
1.45508,0.400391,0.88325,3.90468e-05,0.853308,1,0
1.45508,0.419922,0.811581,2.62438e-05,0.853308,1,0
1.47461,0.400391,0.883263,3.93557e-05,0.851358,1,0
1.47461,0.419922,0.811592,2.65555e-05,0.851358,1,0
1.45508,0.439453,0.704716,1.54339e-05,0.853308,1,0
1.45508,0.458984,0.550352,7.29402e-06,0.853308,1,0
1.47461,0.439453,0.704725,1.56594e-05,0.851358,1,0
1.47461,0.458984,0.550359,7.38034e-06,0.851358,1,0
1.49414,0.322266,0.987629,7.5544e-05,0.849408,1,0
1.49414,0.341797,0.977044,7.04948e-05,0.849408,1,0
1.51367,0.322266,0.987633,7.58292e-05,0.847458,1,0
1.51367,0.341797,0.97705,7.07675e-05,0.847458,1,0
1.49414,0.361328,0.959157,6.28009e-05,0.849408,1,0
1.49414,0.380859,0.929842,5.23105e-05,0.849408,1,0
1.51367,0.361328,0.959166,6.30616e-05,0.847458,1,0
1.51367,0.380859,0.929853,5.25737e-05,0.847458,1,0
1.5332,0.322266,0.987637,7.61008e-05,0.845508,1,0
1.5332,0.341797,0.977057,7.10265e-05,0.845508,1,0
1.55273,0.322266,0.987641,7.63594e-05,0.843558,1,0
1.55273,0.341797,0.977063,7.12724e-05,0.843557,1,0
1.5332,0.361328,0.959175,6.33088e-05,0.845508,1,0
1.5332,0.380859,0.929865,5.28239e-05,0.845508,1,0
1.55273,0.361328,0.959185,6.35433e-05,0.843557,1,0
1.55273,0.380859,0.929876,5.30616e-05,0.843557,1,0
1.49414,0.400391,0.883275,3.96497e-05,0.849408,1,0
1.49414,0.419922,0.811604,2.68522e-05,0.849408,1,0
1.51367,0.400391,0.883288,3.99301e-05,0.847458,1,0
1.51367,0.419922,0.811616,2.71348e-05,0.847458,1,0
1.49414,0.439453,0.704735,1.58732e-05,0.849408,1,0
1.49414,0.458984,0.550367,7.46335e-06,0.849408,1,0
1.51367,0.439453,0.704745,1.60761e-05,0.847458,1,0
1.51367,0.458984,0.550374,7.54404e-06,0.847458,1,0
1.5332,0.400391,0.883301,4.01973e-05,0.845507,1,0
1.5332,0.419922,0.811628,2.7404e-05,0.845507,1,0
1.55273,0.400391,0.883313,4.04519e-05,0.843557,1,0
1.55273,0.419922,0.81164,2.766e-05,0.843557,1,0
1.5332,0.439453,0.704755,1.62688e-05,0.845507,1,0
1.5332,0.458984,0.550382,7.62261e-06,0.845507,1,0
1.55273,0.439453,0.704765,1.64516e-05,0.843557,1,0
1.55273,0.458984,0.550389,7.69902e-06,0.843557,1,0
1.41602,0.478516,0.334247,1.06992e-06,0.857209,1,0
1.41602,0.498047,0.0407344,-1.21869e-06,0.857209,0.6,0
1.43555,0.478516,0.334251,1.0784e-06,0.855258,1,0
1.43555,0.498047,0.0407345,-1.22152e-06,0.855258,0.6,0
1.45508,0.478516,0.334255,1.08773e-06,0.853308,1,0
1.45508,0.498047,0.0407345,-1.22549e-06,0.853308,0.6,0
1.47461,0.478516,0.334259,1.09834e-06,0.851358,1,0
1.47461,0.498047,0.0407345,-1.23038e-06,0.851358,0.6,0
1.49414,0.478516,0.334263,1.11055e-06,0.849408,1,0
1.49414,0.498047,0.0407346,-1.23561e-06,0.849408,0.6,0
1.51367,0.478516,0.334268,1.12432e-06,0.847458,1,0
1.51367,0.498047,0.0407346,-1.2406e-06,0.847458,0.6,0
1.5332,0.478516,0.334272,1.13946e-06,0.845508,1,0
1.5332,0.498047,0.0407347,-1.24467e-06,0.845508,0.6,0
1.55273,0.478516,0.334276,1.15531e-06,0.843557,1,0
1.55273,0.498047,0.0407347,-1.24729e-06,0.843557,0.6,0
1.57227,0.00976562,1.00185,1.1818e-05,0.841608,1,0
1.57227,0.0292969,1.00189,2.41084e-05,0.841608,1,0
1.5918,0.00976562,1.00184,1.17864e-05,0.839658,1,0
1.5918,0.0292969,1.00188,2.40652e-05,0.839657,1,0
1.57227,0.0488281,1.00187,3.14023e-05,0.841608,1,0
1.57227,0.0683594,1.00181,3.97614e-05,0.841608,1,0
1.5918,0.0488281,1.00186,3.13872e-05,0.839658,1,0
1.5918,0.0683594,1.0018,3.97856e-05,0.839657,1,0
1.61133,0.00976562,1.00183,1.17586e-05,0.837707,1,0
1.61133,0.0292969,1.00187,2.4026e-05,0.837707,1,0
1.63086,0.00976562,1.00182,1.17343e-05,0.835757,1,0
1.63086,0.0292969,1.00186,2.39904e-05,0.835757,1,0
1.61133,0.0488281,1.00185,3.13734e-05,0.837707,1,0
1.61133,0.0683594,1.00179,3.981e-05,0.837707,1,0
1.63086,0.0488281,1.00184,3.13608e-05,0.835757,1,0
1.63086,0.0683594,1.00179,3.98344e-05,0.835757,1,0
1.57227,0.0878906,1.00174,4.57366e-05,0.841608,1,0
1.57227,0.107422,1.00167,5.22487e-05,0.841608,1,0
1.5918,0.0878906,1.00173,4.57987e-05,0.839658,1,0
1.5918,0.107422,1.00166,5.23391e-05,0.839658,1,0
1.57227,0.126953,1.00158,5.76038e-05,0.841608,1,0
1.57227,0.146484,1.00149,6.29593e-05,0.841608,1,0
1.5918,0.126953,1.00158,5.77238e-05,0.839658,1,0
1.5918,0.146484,1.00148,6.3103e-05,0.839658,1,0
1.61133,0.0878906,1.00173,4.58593e-05,0.837707,1,0
1.61133,0.107422,1.00165,5.24274e-05,0.837707,1,0
1.63086,0.0878906,1.00172,4.59184e-05,0.835757,1,0
1.63086,0.107422,1.00165,5.25135e-05,0.835757,1,0
1.61133,0.126953,1.00157,5.78403e-05,0.837707,1,0
1.61133,0.146484,1.00148,6.32423e-05,0.837707,1,0
1.63086,0.126953,1.00157,5.79534e-05,0.835757,1,0
1.63086,0.146484,1.00147,6.33775e-05,0.835757,1,0
1.65039,0.00976562,1.00181,1.17128e-05,0.833807,1,0
1.65039,0.0292969,1.00186,2.39578e-05,0.833807,1,0
1.66992,0.00976562,1.0018,1.16935e-05,0.831857,1,0
1.66992,0.0292969,1.00185,2.39275e-05,0.831856,1,0
1.65039,0.0488281,1.00183,3.1349e-05,0.833807,1,0
1.65039,0.0683594,1.00178,3.98586e-05,0.833807,1,0
1.66992,0.0488281,1.00182,3.13379e-05,0.831857,1,0
1.66992,0.0683594,1.00177,3.98825e-05,0.831856,1,0
1.68945,0.00976562,1.00179,1.16761e-05,0.829907,1,0
1.68945,0.0292969,1.00184,2.3899e-05,0.829906,1,0
1.70898,0.00976562,1.00178,1.16598e-05,0.827956,1,0
1.70898,0.0292969,1.00183,2.38716e-05,0.827956,1,0
1.68945,0.0488281,1.00182,3.13273e-05,0.829906,1,0
1.68945,0.0683594,1.00176,3.99058e-05,0.829906,1,0
1.70898,0.0488281,1.00181,3.13169e-05,0.827956,1,0
1.70898,0.0683594,1.00176,3.99282e-05,0.827956,1,0
1.65039,0.0878906,1.00171,4.59759e-05,0.833807,1,0
1.65039,0.107422,1.00164,5.25974e-05,0.833807,1,0
1.66992,0.0878906,1.00171,4.60318e-05,0.831857,1,0
1.66992,0.107422,1.00164,5.26791e-05,0.831857,1,0
1.65039,0.126953,1.00156,5.80632e-05,0.833807,1,0
1.65039,0.146484,1.00147,6.35086e-05,0.833807,1,0
1.66992,0.126953,1.00156,5.81697e-05,0.831857,1,0
1.66992,0.146484,1.00146,6.36357e-05,0.831857,1,0
1.68945,0.0878906,1.0017,4.6086e-05,0.829906,1,0
1.68945,0.107422,1.00163,5.27585e-05,0.829906,1,0
1.70898,0.0878906,1.00169,4.61384e-05,0.827956,1,0
1.70898,0.107422,1.00162,5.28355e-05,0.827956,1,0
1.68945,0.126953,1.00155,5.82729e-05,0.829906,1,0
1.68945,0.146484,1.00146,6.37587e-05,0.829906,1,0
1.70898,0.126953,1.00155,5.83728e-05,0.827956,1,0
1.70898,0.146484,1.00145,6.38778e-05,0.827956,1,0
1.57227,0.166016,1.00137,6.74788e-05,0.841608,1,0
1.57227,0.185547,1.00122,7.16404e-05,0.841608,1,0
1.5918,0.166016,1.00137,6.76473e-05,0.839658,1,0
1.5918,0.185547,1.00121,7.18293e-05,0.839657,1,0
1.57227,0.205078,1.001,7.50289e-05,0.841608,1,0
1.57227,0.224609,1.00065,7.78189e-05,0.841608,1,0
1.5918,0.205078,1.00099,7.52371e-05,0.839657,1,0
1.5918,0.224609,1.00065,7.80425e-05,0.839657,1,0
1.61133,0.166016,1.00136,6.78103e-05,0.837707,1,0
1.61133,0.185547,1.00121,7.20117e-05,0.837707,1,0
1.63086,0.166016,1.00136,6.79681e-05,0.835757,1,0
1.63086,0.185547,1.00121,7.2188e-05,0.835757,1,0
1.61133,0.205078,1.00099,7.5438e-05,0.837707,1,0
1.61133,0.224609,1.00065,7.8258e-05,0.837707,1,0
1.63086,0.205078,1.00099,7.56319e-05,0.835757,1,0
1.63086,0.224609,1.00065,7.84657e-05,0.835757,1,0
1.57227,0.244141,1.00007,7.97648e-05,0.841608,1,0
1.57227,0.263672,0.999029,8.08615e-05,0.841608,1,0
1.5918,0.244141,1.00007,8.00009e-05,0.839657,1,0
1.5918,0.263672,0.999029,8.11056e-05,0.839657,1,0
1.57227,0.283203,0.997143,8.08658e-05,0.841607,1,0
1.57227,0.302734,0.993728,7.95814e-05,0.841607,1,0
1.5918,0.283203,0.997143,8.11128e-05,0.839657,1,0
1.5918,0.302734,0.99373,7.98255e-05,0.839657,1,0
1.61133,0.244141,1.00007,8.02281e-05,0.837707,1,0
1.61133,0.263672,0.999028,8.134e-05,0.837707,1,0
1.63086,0.244141,1.00006,8.04468e-05,0.835757,1,0
1.63086,0.263672,0.999027,8.15653e-05,0.835757,1,0
1.61133,0.283203,0.997144,8.13495e-05,0.837707,1,0
1.61133,0.302734,0.993732,8.00587e-05,0.837707,1,0
1.63086,0.283203,0.997144,8.15765e-05,0.835757,1,0
1.63086,0.302734,0.993734,8.02815e-05,0.835757,1,0
1.65039,0.166016,1.00135,6.81208e-05,0.833807,1,0
1.65039,0.185547,1.0012,7.23585e-05,0.833807,1,0
1.66992,0.166016,1.00135,6.82685e-05,0.831857,1,0
1.66992,0.185547,1.0012,7.25233e-05,0.831857,1,0
1.65039,0.205078,1.00099,7.58191e-05,0.833807,1,0
1.65039,0.224609,1.00064,7.86659e-05,0.833807,1,0
1.66992,0.205078,1.00098,7.59999e-05,0.831857,1,0
1.66992,0.224609,1.00064,7.8859e-05,0.831856,1,0
1.68945,0.166016,1.00134,6.84113e-05,0.829906,1,0
1.68945,0.185547,1.00119,7.26825e-05,0.829906,1,0
1.70898,0.166016,1.00134,6.85494e-05,0.827956,1,0
1.70898,0.185547,1.00119,7.28363e-05,0.827956,1,0
1.68945,0.205078,1.00098,7.61743e-05,0.829906,1,0
1.68945,0.224609,1.00064,7.90451e-05,0.829906,1,0
1.70898,0.205078,1.00098,7.63426e-05,0.827956,1,0
1.70898,0.224609,1.00064,7.92245e-05,0.827956,1,0
1.65039,0.244141,1.00006,8.06573e-05,0.833807,1,0
1.65039,0.263672,0.999027,8.17817e-05,0.833807,1,0
1.66992,0.244141,1.00006,8.086e-05,0.831856,1,0
1.66992,0.263672,0.999026,8.19897e-05,0.831856,1,0
1.65039,0.283203,0.997145,8.1794e-05,0.833807,1,0
1.65039,0.302734,0.993736,8.04944e-05,0.833807,1,0
1.66992,0.283203,0.997146,8.20024e-05,0.831856,1,0
1.66992,0.302734,0.993738,8.06977e-05,0.831856,1,0
1.68945,0.244141,1.00006,8.10551e-05,0.829906,1,0
1.68945,0.263672,0.999026,8.21894e-05,0.829906,1,0
1.70898,0.244141,1.00006,8.12427e-05,0.827956,1,0
1.70898,0.263672,0.999025,8.2381e-05,0.827956,1,0
1.68945,0.283203,0.997146,8.2202e-05,0.829906,1,0
1.68945,0.302734,0.993741,8.08916e-05,0.829906,1,0
1.70898,0.283203,0.997147,8.2393e-05,0.827956,1,0
1.70898,0.302734,0.993743,8.10765e-05,0.827956,1,0
1.72852,0.00976562,1.00177,1.16445e-05,0.826006,1,0
1.72852,0.0292969,1.00182,2.38451e-05,0.826006,1,0
1.74805,0.00976562,1.00176,1.16298e-05,0.824056,1,0
1.74805,0.0292969,1.00181,2.38191e-05,0.824055,1,0
1.72852,0.0488281,1.0018,3.13064e-05,0.826006,1,0
1.72852,0.0683594,1.00175,3.99496e-05,0.826006,1,0
1.74805,0.0488281,1.00179,3.12956e-05,0.824056,1,0
1.74805,0.0683594,1.00174,3.99697e-05,0.824056,1,0
1.76758,0.00976562,1.00175,1.16156e-05,0.822106,1,0
1.76758,0.0292969,1.0018,2.37934e-05,0.822105,1,0
1.78711,0.00976562,1.00174,1.16018e-05,0.820155,1,0
1.78711,0.0292969,1.00179,2.3768e-05,0.820155,1,0
1.76758,0.0488281,1.00178,3.12844e-05,0.822106,1,0
1.76758,0.0683594,1.00174,3.99884e-05,0.822105,1,0
1.78711,0.0488281,1.00178,3.12727e-05,0.820155,1,0
1.78711,0.0683594,1.00173,4.00056e-05,0.820155,1,0
1.72852,0.0878906,1.00169,4.61888e-05,0.826006,1,0
1.72852,0.107422,1.00162,5.291e-05,0.826006,1,0
1.74805,0.0878906,1.00168,4.62372e-05,0.824056,1,0
1.74805,0.107422,1.00161,5.29818e-05,0.824056,1,0
1.72852,0.126953,1.00154,5.84693e-05,0.826006,1,0
1.72852,0.146484,1.00145,6.3993e-05,0.826006,1,0
1.74805,0.126953,1.00153,5.85624e-05,0.824056,1,0
1.74805,0.146484,1.00144,6.41041e-05,0.824056,1,0
1.76758,0.0878906,1.00167,4.62833e-05,0.822105,1,0
1.76758,0.107422,1.00161,5.30509e-05,0.822105,1,0
1.78711,0.0878906,1.00167,4.63272e-05,0.820155,1,0
1.78711,0.107422,1.0016,5.31172e-05,0.820155,1,0
1.76758,0.126953,1.00153,5.86521e-05,0.822105,1,0
1.76758,0.146484,1.00144,6.42114e-05,0.822105,1,0
1.78711,0.126953,1.00152,5.87383e-05,0.820155,1,0
1.78711,0.146484,1.00143,6.43147e-05,0.820155,1,0
1.80664,0.00976562,1.00173,1.15883e-05,0.818205,1,0
1.80664,0.0292969,1.00178,2.37426e-05,0.818205,1,0
1.82617,0.00976562,1.00172,1.15751e-05,0.816255,1,0
1.82617,0.0292969,1.00177,2.37173e-05,0.816255,1,0
1.80664,0.0488281,1.00177,3.12603e-05,0.818205,1,0
1.80664,0.0683594,1.00172,4.0021e-05,0.818205,1,0
1.82617,0.0488281,1.00176,3.1247e-05,0.816255,1,0
1.82617,0.0683594,1.00171,4.00346e-05,0.816255,1,0
1.8457,0.00976562,1.00171,1.1562e-05,0.814305,1,0
1.8457,0.0292969,1.00176,2.36918e-05,0.814304,1,0
1.86523,0.00976562,1.0017,1.15489e-05,0.812355,1,0
1.86523,0.0292969,1.00175,2.36659e-05,0.812354,1,0
1.8457,0.0488281,1.00175,3.12328e-05,0.814305,1,0
1.8457,0.0683594,1.00171,4.00462e-05,0.814304,1,0
1.86523,0.0488281,1.00174,3.12174e-05,0.812354,1,0
1.86523,0.0683594,1.0017,4.00557e-05,0.812354,1,0
1.80664,0.0878906,1.00166,4.63686e-05,0.818205,1,0
1.80664,0.107422,1.00159,5.31806e-05,0.818205,1,0
1.82617,0.0878906,1.00165,4.64075e-05,0.816255,1,0
1.82617,0.107422,1.00159,5.32411e-05,0.816255,1,0
1.80664,0.126953,1.00152,5.8821e-05,0.818205,1,0
1.80664,0.146484,1.00143,6.44141e-05,0.818205,1,0
1.82617,0.126953,1.00151,5.89003e-05,0.816255,1,0
1.82617,0.146484,1.00142,6.45096e-05,0.816255,1,0
1.8457,0.0878906,1.00165,4.64439e-05,0.814305,1,0
1.8457,0.107422,1.00158,5.32985e-05,0.814305,1,0
1.86523,0.0878906,1.00164,4.64776e-05,0.812354,1,0
1.86523,0.107422,1.00158,5.3353e-05,0.812354,1,0
1.8457,0.126953,1.00151,5.8976e-05,0.814305,1,0
1.8457,0.146484,1.00142,6.46011e-05,0.814305,1,0
1.86523,0.126953,1.0015,5.90483e-05,0.812354,1,0
1.86523,0.146484,1.00141,6.46889e-05,0.812354,1,0
1.72852,0.166016,1.00134,6.86828e-05,0.826006,1,0
1.72852,0.185547,1.00119,7.29848e-05,0.826006,1,0
1.74805,0.166016,1.00133,6.88114e-05,0.824056,1,0
1.74805,0.185547,1.00118,7.3128e-05,0.824056,1,0
1.72852,0.205078,1.00097,7.6505e-05,0.826006,1,0
1.72852,0.224609,1.00063,7.93973e-05,0.826006,1,0
1.74805,0.205078,1.00097,7.66615e-05,0.824056,1,0
1.74805,0.224609,1.00063,7.95637e-05,0.824056,1,0
1.76758,0.166016,1.00133,6.89356e-05,0.822105,1,0
1.76758,0.185547,1.00118,7.32662e-05,0.822105,1,0
1.78711,0.166016,1.00132,6.90551e-05,0.820155,1,0
1.78711,0.185547,1.00117,7.33993e-05,0.820155,1,0
1.76758,0.205078,1.00097,7.68123e-05,0.822105,1,0
1.76758,0.224609,1.00063,7.97238e-05,0.822105,1,0
1.78711,0.205078,1.00096,7.69574e-05,0.820155,1,0
1.78711,0.224609,1.00063,7.98778e-05,0.820155,1,0
1.72852,0.244141,1.00006,8.14232e-05,0.826006,1,0
1.72852,0.263672,0.999025,8.2565e-05,0.826006,1,0
1.74805,0.244141,1.00005,8.15967e-05,0.824056,1,0
1.74805,0.263672,0.999024,8.27413e-05,0.824056,1,0
1.72852,0.283203,0.997148,8.25757e-05,0.826006,1,0
1.72852,0.302734,0.993745,8.12526e-05,0.826006,1,0
1.74805,0.283203,0.997148,8.27503e-05,0.824056,1,0
1.74805,0.302734,0.993747,8.14201e-05,0.824056,1,0
1.76758,0.244141,1.00005,8.17634e-05,0.822105,1,0
1.76758,0.263672,0.999023,8.29104e-05,0.822105,1,0
1.78711,0.244141,1.00005,8.19235e-05,0.820155,1,0
1.78711,0.263672,0.999023,8.30724e-05,0.820155,1,0
1.76758,0.283203,0.997149,8.29172e-05,0.822105,1,0
1.76758,0.302734,0.993749,8.15794e-05,0.822105,1,0
1.78711,0.283203,0.99715,8.30764e-05,0.820155,1,0
1.78711,0.302734,0.993752,8.17306e-05,0.820155,1,0
1.80664,0.166016,1.00132,6.91702e-05,0.818205,1,0
1.80664,0.185547,1.00117,7.35275e-05,0.818205,1,0
1.82617,0.166016,1.00131,6.92808e-05,0.816255,1,0
1.82617,0.185547,1.00117,7.36507e-05,0.816255,1,0
1.80664,0.205078,1.00096,7.70971e-05,0.818205,1,0
1.80664,0.224609,1.00062,8.00259e-05,0.818205,1,0
1.82617,0.205078,1.00096,7.72313e-05,0.816255,1,0
1.82617,0.224609,1.00062,8.0168e-05,0.816255,1,0
1.8457,0.166016,1.00131,6.9387e-05,0.814305,1,0
1.8457,0.185547,1.00116,7.37691e-05,0.814305,1,0
1.86523,0.166016,1.0013,6.94888e-05,0.812354,1,0
1.86523,0.185547,1.00116,7.38826e-05,0.812354,1,0
1.8457,0.205078,1.00095,7.73602e-05,0.814305,1,0
1.8457,0.224609,1.00062,8.03043e-05,0.814305,1,0
1.86523,0.205078,1.00095,7.74837e-05,0.812354,1,0
1.86523,0.224609,1.00062,8.04349e-05,0.812354,1,0
1.80664,0.244141,1.00005,8.2077e-05,0.818205,1,0
1.80664,0.263672,0.999022,8.32274e-05,0.818205,1,0
1.82617,0.244141,1.00005,8.22242e-05,0.816255,1,0
1.82617,0.263672,0.999022,8.33756e-05,0.816255,1,0
1.80664,0.283203,0.99715,8.32283e-05,0.818205,1,0
1.80664,0.302734,0.993754,8.1874e-05,0.818205,1,0
1.82617,0.283203,0.997151,8.33729e-05,0.816255,1,0
1.82617,0.302734,0.993756,8.20097e-05,0.816255,1,0
1.8457,0.244141,1.00005,8.23651e-05,0.814305,1,0
1.8457,0.263672,0.999021,8.3517e-05,0.814305,1,0
1.86523,0.244141,1.00005,8.24999e-05,0.812354,1,0
1.86523,0.263672,0.999021,8.36519e-05,0.812354,1,0
1.8457,0.283203,0.997152,8.35103e-05,0.814305,1,0
1.8457,0.302734,0.993758,8.21378e-05,0.814305,1,0
1.86523,0.283203,0.997152,8.36407e-05,0.812355,1,0
1.86523,0.302734,0.993761,8.22586e-05,0.812355,1,0
1.57227,0.322266,0.987645,7.66058e-05,0.841607,1,0
1.57227,0.341797,0.977069,7.15059e-05,0.841607,1,0
1.5918,0.322266,0.987649,7.68403e-05,0.839657,1,0
1.5918,0.341797,0.977076,7.17273e-05,0.839657,1,0
1.57227,0.361328,0.959194,6.37654e-05,0.841607,1,0
1.57227,0.380859,0.929888,5.32872e-05,0.841607,1,0
1.5918,0.361328,0.959203,6.39758e-05,0.839657,1,0
1.5918,0.380859,0.929899,5.3501e-05,0.839657,1,0
1.61133,0.322266,0.987654,7.70636e-05,0.837707,1,0
1.61133,0.341797,0.977082,7.19373e-05,0.837707,1,0
1.63086,0.322266,0.987658,7.72761e-05,0.835757,1,0
1.63086,0.341797,0.977089,7.21364e-05,0.835757,1,0
1.61133,0.361328,0.959212,6.41748e-05,0.837707,1,0
1.61133,0.380859,0.929911,5.37035e-05,0.837707,1,0
1.63086,0.361328,0.959221,6.43628e-05,0.835757,1,0
1.63086,0.380859,0.929922,5.38949e-05,0.835757,1,0
1.57227,0.400391,0.883326,4.0694e-05,0.841607,1,0
1.57227,0.419922,0.811652,2.79033e-05,0.841607,1,0
1.5918,0.400391,0.883339,4.09238e-05,0.839657,1,0
1.5918,0.419922,0.811664,2.81336e-05,0.839657,1,0
1.57227,0.439453,0.704775,1.66246e-05,0.841607,1,0
1.57227,0.458984,0.550397,7.77251e-06,0.841607,1,0
1.5918,0.439453,0.704785,1.67876e-05,0.839657,1,0
1.5918,0.458984,0.550405,7.84222e-06,0.839657,1,0
1.61133,0.400391,0.883352,4.11415e-05,0.837707,1,0
1.61133,0.419922,0.811676,2.83511e-05,0.837707,1,0
1.63086,0.400391,0.883364,4.13472e-05,0.835757,1,0
1.63086,0.419922,0.811688,2.85558e-05,0.835757,1,0
1.61133,0.439453,0.704795,1.69404e-05,0.837707,1,0
1.61133,0.458984,0.550412,7.90675e-06,0.837707,1,0
1.63086,0.439453,0.704805,1.70835e-05,0.835757,1,0
1.63086,0.458984,0.55042,7.96528e-06,0.835757,1,0
1.65039,0.322266,0.987662,7.74783e-05,0.833807,1,0
1.65039,0.341797,0.977095,7.23249e-05,0.833806,1,0
1.66992,0.322266,0.987666,7.76705e-05,0.831856,1,0
1.66992,0.341797,0.977102,7.25034e-05,0.831856,1,0
1.65039,0.361328,0.95923,6.45404e-05,0.833806,1,0
1.65039,0.380859,0.929934,5.40756e-05,0.833806,1,0
1.66992,0.361328,0.959239,6.47078e-05,0.831856,1,0
1.66992,0.380859,0.929945,5.42458e-05,0.831856,1,0
1.68945,0.322266,0.98767,7.78531e-05,0.829906,1,0
1.68945,0.341797,0.977108,7.2672e-05,0.829906,1,0
1.70898,0.322266,0.987674,7.80263e-05,0.827956,1,0
1.70898,0.341797,0.977115,7.28309e-05,0.827956,1,0
1.68945,0.361328,0.959248,6.48654e-05,0.829906,1,0
1.68945,0.380859,0.929957,5.44061e-05,0.829906,1,0
1.70898,0.361328,0.959258,6.50134e-05,0.827956,1,0
1.70898,0.380859,0.929968,5.4557e-05,0.827956,1,0
1.65039,0.400391,0.883377,4.15414e-05,0.833806,1,0
1.65039,0.419922,0.8117,2.87487e-05,0.833806,1,0
1.66992,0.400391,0.88339,4.17249e-05,0.831856,1,0
1.66992,0.419922,0.811712,2.89305e-05,0.831856,1,0
1.65039,0.439453,0.704816,1.72174e-05,0.833806,1,0
1.65039,0.458984,0.550428,8.01734e-06,0.833807,1,0
1.66992,0.439453,0.704826,1.73432e-05,0.831856,1,0
1.66992,0.458984,0.550436,8.06272e-06,0.831856,1,0
1.68945,0.400391,0.883402,4.18986e-05,0.829906,1,0
1.68945,0.419922,0.811725,2.91031e-05,0.829906,1,0
1.70898,0.400391,0.883415,4.20633e-05,0.827956,1,0
1.70898,0.419922,0.811737,2.92683e-05,0.827956,1,0
1.68945,0.439453,0.704837,1.74638e-05,0.829906,1,0
1.68945,0.458984,0.550444,8.10986e-06,0.829906,1,0
1.70898,0.439453,0.704847,1.75819e-05,0.827956,1,0
1.70898,0.458984,0.550452,8.16978e-06,0.827956,1,0
1.57227,0.478516,0.334281,1.17102e-06,0.841607,1,0
1.57227,0.498047,0.0407348,-1.24813e-06,0.841607,0.6,0
1.5918,0.478516,0.334285,1.18542e-06,0.839657,1,0
1.5918,0.498047,0.0407349,-1.24736e-06,0.839657,0.6,0
1.61133,0.478516,0.33429,1.19748e-06,0.837707,1,0
1.61133,0.498047,0.040735,-1.24571e-06,0.837707,0.6,0
1.63086,0.478516,0.334294,1.20678e-06,0.835757,1,0
1.63086,0.498047,0.0407351,-1.24482e-06,0.835757,0.6,0
1.65039,0.478516,0.334299,1.21428e-06,0.833807,1,0
1.65039,0.498047,0.0407353,-1.24715e-06,0.833807,0.6,0
1.66992,0.478516,0.334303,1.22253e-06,0.831856,1,0
1.66992,0.498047,0.0407354,-1.25448e-06,0.831857,0.6,0
1.68945,0.478516,0.334308,1.23756e-06,0.829906,1,0
1.68945,0.498047,0.0407355,-1.26711e-06,0.829906,0.6,0
1.70898,0.478516,0.334313,1.259e-06,0.827956,1,0
1.70898,0.498047,0.0407357,-1.27309e-06,0.827956,0.6,0
1.72852,0.322266,0.987678,7.81902e-05,0.826006,1,0
1.72852,0.341797,0.977121,7.29805e-05,0.826006,1,0
1.74805,0.322266,0.987682,7.83453e-05,0.824056,1,0
1.74805,0.341797,0.977128,7.31208e-05,0.824056,1,0
1.72852,0.361328,0.959267,6.5152e-05,0.826006,1,0
1.72852,0.380859,0.92998,5.46984e-05,0.826006,1,0
1.74805,0.361328,0.959276,6.52812e-05,0.824056,1,0
1.74805,0.380859,0.929991,5.48303e-05,0.824056,1,0
1.76758,0.322266,0.987686,7.84916e-05,0.822105,1,0
1.76758,0.341797,0.977134,7.32521e-05,0.822105,1,0
1.78711,0.322266,0.987691,7.86295e-05,0.820155,1,0
1.78711,0.341797,0.977141,7.33747e-05,0.820155,1,0
1.76758,0.361328,0.959285,6.54013e-05,0.822105,1,0
1.76758,0.380859,0.930003,5.49528e-05,0.822105,1,0
1.78711,0.361328,0.959294,6.55125e-05,0.820155,1,0
1.78711,0.380859,0.930014,5.50663e-05,0.820155,1,0
1.72852,0.400391,0.883428,4.22184e-05,0.826006,1,0
1.72852,0.419922,0.811749,2.9425e-05,0.826006,1,0
1.74805,0.400391,0.88344,4.23632e-05,0.824056,1,0
1.74805,0.419922,0.811761,2.95708e-05,0.824056,1,0
1.72852,0.439453,0.704858,1.76934e-05,0.826006,1,0
1.72852,0.458984,0.550461,8.22949e-06,0.826006,1,0
1.74805,0.439453,0.704868,1.77945e-05,0.824056,1,0
1.74805,0.458984,0.550469,8.27578e-06,0.824056,1,0
1.76758,0.400391,0.883453,4.24979e-05,0.822105,1,0
1.76758,0.419922,0.811774,2.97054e-05,0.822105,1,0
1.78711,0.400391,0.883465,4.26231e-05,0.820155,1,0
1.78711,0.419922,0.811786,2.98298e-05,0.820155,1,0
1.76758,0.439453,0.704879,1.78864e-05,0.822105,1,0
1.76758,0.458984,0.550477,8.3131e-06,0.822106,1,0
1.78711,0.439453,0.70489,1.79703e-05,0.820155,1,0
1.78711,0.458984,0.550485,8.34549e-06,0.820155,1,0
1.80664,0.322266,0.987695,7.87592e-05,0.818205,1,0
1.80664,0.341797,0.977147,7.34888e-05,0.818205,1,0
1.82617,0.322266,0.987699,7.88809e-05,0.816255,1,0
1.82617,0.341797,0.977154,7.35949e-05,0.816255,1,0
1.80664,0.361328,0.959303,6.56153e-05,0.818205,1,0
1.80664,0.380859,0.930026,5.51712e-05,0.818205,1,0
1.82617,0.361328,0.959313,6.571e-05,0.816255,1,0
1.82617,0.380859,0.930037,5.52677e-05,0.816255,1,0
1.8457,0.322266,0.987703,7.89949e-05,0.814305,1,0
1.8457,0.341797,0.97716,7.3693e-05,0.814305,1,0
1.86523,0.322266,0.987707,7.91012e-05,0.812355,1,0
1.86523,0.341797,0.977167,7.37836e-05,0.812355,1,0
1.8457,0.361328,0.959322,6.57969e-05,0.814305,1,0
1.8457,0.380859,0.930048,5.53563e-05,0.814305,1,0
1.86523,0.361328,0.959331,6.58762e-05,0.812355,1,0
1.86523,0.380859,0.93006,5.54372e-05,0.812355,1,0
1.80664,0.400391,0.883478,4.27391e-05,0.818205,1,0
1.80664,0.419922,0.811798,2.99447e-05,0.818205,1,0
1.82617,0.400391,0.883491,4.28466e-05,0.816255,1,0
1.82617,0.419922,0.811811,3.00509e-05,0.816255,1,0
1.80664,0.439453,0.704901,1.80471e-05,0.818205,1,0
1.80664,0.458984,0.550494,8.37435e-06,0.818205,1,0
1.82617,0.439453,0.704911,1.81176e-05,0.816255,1,0
1.82617,0.458984,0.550502,8.40084e-06,0.816255,1,0
1.8457,0.400391,0.883503,4.29457e-05,0.814305,1,0
1.8457,0.419922,0.811823,3.0149e-05,0.814305,1,0
1.86523,0.400391,0.883516,4.30369e-05,0.812355,1,0
1.86523,0.419922,0.811835,3.02395e-05,0.812355,1,0
1.8457,0.439453,0.704922,1.81824e-05,0.814305,1,0
1.8457,0.458984,0.55051,8.42535e-06,0.814305,1,0
1.86523,0.439453,0.704933,1.82417e-05,0.812355,1,0
1.86523,0.458984,0.550519,8.44823e-06,0.812355,1,0
1.72852,0.478516,0.334317,1.27748e-06,0.826006,1,0
1.72852,0.498047,0.0407358,-1.263e-06,0.826006,0.6,0
1.74805,0.478516,0.334322,1.28977e-06,0.824056,1,0
1.74805,0.498047,0.040736,-1.25164e-06,0.824056,0.6,0
1.76758,0.478516,0.334327,1.2987e-06,0.822106,1,0
1.76758,0.498047,0.0407362,-1.24772e-06,0.822106,0.6,0
1.78711,0.478516,0.334331,1.30613e-06,0.820155,1,0
1.78711,0.498047,0.0407364,-1.24616e-06,0.820156,0.6,0
1.80664,0.478516,0.334336,1.31319e-06,0.818205,1,0
1.80664,0.498047,0.0407366,-1.24539e-06,0.818205,0.6,0
1.82617,0.478516,0.334341,1.32011e-06,0.816255,1,0
1.82617,0.498047,0.0407368,-1.24508e-06,0.816255,0.6,0
1.8457,0.478516,0.334346,1.32703e-06,0.814305,1,0
1.8457,0.498047,0.0407371,-1.24481e-06,0.814305,0.6,0
1.86523,0.478516,0.33435,1.33391e-06,0.812355,1,0
1.86523,0.498047,0.0407373,-1.2445e-06,0.812355,0.6,0
1.88477,0.00976562,1.00169,1.15355e-05,0.810404,1,0
1.88477,0.0292969,1.00174,2.36393e-05,0.810404,1,0
1.9043,0.00976562,1.00168,1.15216e-05,0.808454,1,0
1.9043,0.0292969,1.00173,2.36117e-05,0.808454,1,0
1.88477,0.0488281,1.00173,3.12008e-05,0.810404,1,0
1.88477,0.0683594,1.00169,4.00631e-05,0.810404,1,0
1.9043,0.0488281,1.00172,3.11829e-05,0.808454,1,0
1.9043,0.0683594,1.00168,4.00682e-05,0.808454,1,0
1.92383,0.00976562,1.00167,1.15069e-05,0.806504,1,0
1.92383,0.0292969,1.00172,2.35829e-05,0.806503,1,0
1.94336,0.00976562,1.00166,1.14913e-05,0.804554,1,0
1.94336,0.0292969,1.00171,2.35527e-05,0.804553,1,0
1.92383,0.0488281,1.00172,3.11634e-05,0.806504,1,0
1.92383,0.0683594,1.00168,4.00709e-05,0.806504,1,0
1.94336,0.0488281,1.00171,3.11424e-05,0.804554,1,0
1.94336,0.0683594,1.00167,4.00711e-05,0.804553,1,0
1.88477,0.0878906,1.00163,4.65087e-05,0.810404,1,0
1.88477,0.107422,1.00157,5.34043e-05,0.810404,1,0
1.9043,0.0878906,1.00163,4.6537e-05,0.808454,1,0
1.9043,0.107422,1.00156,5.34526e-05,0.808454,1,0
1.88477,0.126953,1.00149,5.91171e-05,0.810404,1,0
1.88477,0.146484,1.00141,6.47727e-05,0.810404,1,0
1.9043,0.126953,1.00149,5.91824e-05,0.808454,1,0
1.9043,0.146484,1.0014,6.48525e-05,0.808454,1,0
1.92383,0.0878906,1.00162,4.65626e-05,0.806504,1,0
1.92383,0.107422,1.00156,5.34977e-05,0.806504,1,0
1.94336,0.0878906,1.00161,4.65854e-05,0.804554,1,0
1.94336,0.107422,1.00155,5.35395e-05,0.804553,1,0
1.92383,0.126953,1.00148,5.92441e-05,0.806504,1,0
1.92383,0.146484,1.0014,6.49284e-05,0.806504,1,0
1.94336,0.126953,1.00148,5.93021e-05,0.804554,1,0
1.94336,0.146484,1.00139,6.50003e-05,0.804554,1,0
1.96289,0.00976562,1.00165,1.14746e-05,0.802603,1,0
1.96289,0.0292969,1.0017,2.3521e-05,0.802603,1,0
1.98242,0.00976562,1.00164,1.14569e-05,0.800653,1,0
1.98242,0.0292969,1.00169,2.34878e-05,0.800653,1,0
1.96289,0.0488281,1.0017,3.11198e-05,0.802603,1,0
1.96289,0.0683594,1.00166,4.00689e-05,0.802603,1,0
1.98242,0.0488281,1.00169,3.10954e-05,0.800653,1,0
1.98242,0.0683594,1.00165,4.00641e-05,0.800653,1,0
2.00195,0.00976562,1.00163,1.1438e-05,0.798703,1,0
2.00195,0.0292969,1.00168,2.34529e-05,0.798703,1,0
2.02148,0.00976562,1.00162,1.14181e-05,0.796753,1,0
2.02148,0.0292969,1.00167,2.34165e-05,0.796752,1,0
2.00195,0.0488281,1.00168,3.10694e-05,0.798703,1,0
2.00195,0.0683594,1.00165,4.00566e-05,0.798703,1,0
2.02148,0.0488281,1.00167,3.10414e-05,0.796753,1,0
2.02148,0.0683594,1.00164,4.00465e-05,0.796753,1,0
1.96289,0.0878906,1.00161,4.66052e-05,0.802603,1,0
1.96289,0.107422,1.00154,5.3578e-05,0.802603,1,0
1.98242,0.0878906,1.0016,4.66221e-05,0.800653,1,0
1.98242,0.107422,1.00154,5.3613e-05,0.800653,1,0
1.96289,0.126953,1.00147,5.93564e-05,0.802603,1,0
1.96289,0.146484,1.00139,6.5068e-05,0.802603,1,0
1.98242,0.126953,1.00147,5.94069e-05,0.800653,1,0
1.98242,0.146484,1.00138,6.51316e-05,0.800653,1,0
2.00195,0.0878906,1.00159,4.6636e-05,0.798703,1,0
2.00195,0.107422,1.00153,5.36446e-05,0.798703,1,0
2.02148,0.0878906,1.00159,4.66467e-05,0.796753,1,0
2.02148,0.107422,1.00153,5.36726e-05,0.796753,1,0
2.00195,0.126953,1.00146,5.94536e-05,0.798703,1,0
2.00195,0.146484,1.00138,6.51911e-05,0.798703,1,0
2.02148,0.126953,1.00145,5.94964e-05,0.796753,1,0
2.02148,0.146484,1.00137,6.52463e-05,0.796753,1,0
1.88477,0.166016,1.0013,6.95863e-05,0.810404,1,0
1.88477,0.185547,1.00115,7.39914e-05,0.810404,1,0
1.9043,0.166016,1.00129,6.96793e-05,0.808454,1,0
1.9043,0.185547,1.00115,7.40953e-05,0.808454,1,0
1.88477,0.205078,1.00095,7.7602e-05,0.810404,1,0
1.88477,0.224609,1.00061,8.05598e-05,0.810404,1,0
1.9043,0.205078,1.00094,7.7715e-05,0.808454,1,0
1.9043,0.224609,1.00061,8.0679e-05,0.808454,1,0
1.92383,0.166016,1.00129,6.97679e-05,0.806504,1,0
1.92383,0.185547,1.00115,7.41944e-05,0.806504,1,0
1.94336,0.166016,1.00128,6.9852e-05,0.804554,1,0
1.94336,0.185547,1.00114,7.42887e-05,0.804554,1,0
1.92383,0.205078,1.00094,7.78228e-05,0.806504,1,0
1.92383,0.224609,1.00061,8.07927e-05,0.806504,1,0
1.94336,0.205078,1.00094,7.79254e-05,0.804554,1,0
1.94336,0.224609,1.00061,8.09008e-05,0.804554,1,0
1.88477,0.244141,1.00004,8.26285e-05,0.810404,1,0
1.88477,0.263672,0.99902,8.37802e-05,0.810404,1,0
1.9043,0.244141,1.00004,8.2751e-05,0.808454,1,0
1.9043,0.263672,0.999019,8.39021e-05,0.808454,1,0
1.88477,0.283203,0.997153,8.37641e-05,0.810404,1,0
1.88477,0.302734,0.993763,8.23721e-05,0.810404,1,0
1.9043,0.283203,0.997154,8.38808e-05,0.808454,1,0
1.9043,0.302734,0.993765,8.24786e-05,0.808454,1,0
1.92383,0.244141,1.00004,8.28676e-05,0.806504,1,0
1.92383,0.263672,0.999019,8.40176e-05,0.806504,1,0
1.94336,0.244141,1.00004,8.29782e-05,0.804554,1,0
1.94336,0.263672,0.999018,8.41268e-05,0.804554,1,0
1.92383,0.283203,0.997154,8.39908e-05,0.806504,1,0
1.92383,0.302734,0.993767,8.25781e-05,0.806504,1,0
1.94336,0.283203,0.997155,8.40942e-05,0.804554,1,0
1.94336,0.302734,0.99377,8.26708e-05,0.804554,1,0
1.96289,0.166016,1.00128,6.99317e-05,0.802603,1,0
1.96289,0.185547,1.00114,7.43782e-05,0.802603,1,0
1.98242,0.166016,1.00128,7.00068e-05,0.800653,1,0
1.98242,0.185547,1.00113,7.44628e-05,0.800653,1,0
1.96289,0.205078,1.00093,7.80228e-05,0.802603,1,0
1.96289,0.224609,1.0006,8.10033e-05,0.802603,1,0
1.98242,0.205078,1.00093,7.8115e-05,0.800653,1,0
1.98242,0.224609,1.0006,8.11003e-05,0.800653,1,0
2.00195,0.166016,1.00127,7.00775e-05,0.798703,1,0
2.00195,0.185547,1.00113,7.45426e-05,0.798703,1,0
2.02148,0.166016,1.00127,7.01435e-05,0.796753,1,0
2.02148,0.185547,1.00113,7.46175e-05,0.796753,1,0
2.00195,0.205078,1.00093,7.82019e-05,0.798703,1,0
2.00195,0.224609,1.0006,8.11917e-05,0.798703,1,0
2.02148,0.205078,1.00092,7.82837e-05,0.796753,1,0
2.02148,0.224609,1.0006,8.12776e-05,0.796753,1,0
1.96289,0.244141,1.00004,8.30829e-05,0.802604,1,0
1.96289,0.263672,0.999018,8.42298e-05,0.802604,1,0
1.98242,0.244141,1.00004,8.31818e-05,0.800653,1,0
1.98242,0.263672,0.999017,8.43267e-05,0.800653,1,0
1.96289,0.283203,0.997156,8.41912e-05,0.802604,1,0
1.96289,0.302734,0.993772,8.27568e-05,0.802604,1,0
1.98242,0.283203,0.997157,8.42817e-05,0.800653,1,0
1.98242,0.302734,0.993774,8.28362e-05,0.800653,1,0
2.00195,0.244141,1.00003,8.32748e-05,0.798703,1,0
2.00195,0.263672,0.999017,8.44175e-05,0.798703,1,0
2.02148,0.244141,1.00003,8.33619e-05,0.796753,1,0
2.02148,0.263672,0.999016,8.45021e-05,0.796753,1,0
2.00195,0.283203,0.997157,8.43658e-05,0.798703,1,0
2.00195,0.302734,0.993777,8.2909e-05,0.798703,1,0
2.02148,0.283203,0.997158,8.44437e-05,0.796753,1,0
2.02148,0.302734,0.993779,8.29753e-05,0.796753,1,0
2.04102,0.00976562,1.00161,1.13972e-05,0.794803,1,0
2.04102,0.0292969,1.00166,2.33784e-05,0.794802,1,0
2.06055,0.00976562,1.0016,1.13751e-05,0.792852,1,0
2.06055,0.0292969,1.00165,2.33387e-05,0.792852,1,0
2.04102,0.0488281,1.00166,3.10116e-05,0.794803,1,0
2.04102,0.0683594,1.00163,4.00335e-05,0.794802,1,0
2.06055,0.0488281,1.00166,3.09798e-05,0.792852,1,0
2.06055,0.0683594,1.00162,4.00177e-05,0.792852,1,0
2.08008,0.00976562,1.00159,1.1352e-05,0.790902,1,0
2.08008,0.0292969,1.00165,2.32973e-05,0.790902,1,0
2.09961,0.00976562,1.00158,1.13279e-05,0.788952,1,0
2.09961,0.0292969,1.00164,2.32543e-05,0.788952,1,0
2.08008,0.0488281,1.00165,3.09461e-05,0.790902,1,0
2.08008,0.0683594,1.00162,3.99992e-05,0.790902,1,0
2.09961,0.0488281,1.00164,3.09103e-05,0.788952,1,0
2.09961,0.0683594,1.00161,3.99778e-05,0.788952,1,0
2.04102,0.0878906,1.00158,4.66543e-05,0.794802,1,0
2.04102,0.107422,1.00152,5.3697e-05,0.794802,1,0
2.06055,0.0878906,1.00157,4.66587e-05,0.792852,1,0
2.06055,0.107422,1.00151,5.37178e-05,0.792852,1,0
2.04102,0.126953,1.00145,5.95354e-05,0.794803,1,0
2.04102,0.146484,1.00136,6.52973e-05,0.794803,1,0
2.06055,0.126953,1.00144,5.95705e-05,0.792852,1,0
2.06055,0.146484,1.00136,6.53441e-05,0.792852,1,0
2.08008,0.0878906,1.00157,4.666e-05,0.790902,1,0
2.08008,0.107422,1.00151,5.3735e-05,0.790902,1,0
2.09961,0.0878906,1.00156,4.66581e-05,0.788952,1,0
2.09961,0.107422,1.0015,5.37486e-05,0.788952,1,0
2.08008,0.126953,1.00144,5.96017e-05,0.790902,1,0
2.08008,0.146484,1.00135,6.53867e-05,0.790902,1,0
2.09961,0.126953,1.00143,5.9629e-05,0.788952,1,0
2.09961,0.146484,1.00135,6.54251e-05,0.788952,1,0
2.11914,0.00976562,1.00157,1.13028e-05,0.787002,1,0
2.11914,0.0292969,1.00163,2.32098e-05,0.787001,1,0
2.13867,0.00976562,1.00156,1.12769e-05,0.785051,1,0
2.13867,0.0292969,1.00162,2.31637e-05,0.785051,1,0
2.11914,0.0488281,1.00163,3.08726e-05,0.787002,1,0
2.11914,0.0683594,1.0016,3.99537e-05,0.787001,1,0
2.13867,0.0488281,1.00162,3.0833e-05,0.785051,1,0
2.13867,0.0683594,1.00159,3.99268e-05,0.785051,1,0
2.1582,0.00976562,1.00155,1.12501e-05,0.783101,1,0
2.1582,0.0292969,1.00161,2.31163e-05,0.783101,1,0
2.17773,0.00976562,1.00154,1.12225e-05,0.781151,1,0
2.17773,0.0292969,1.0016,2.30675e-05,0.781151,1,0
2.1582,0.0488281,1.00161,3.07915e-05,0.783101,1,0
2.1582,0.0683594,1.00158,3.98973e-05,0.783101,1,0
2.17773,0.0488281,1.0016,3.07481e-05,0.781151,1,0
2.17773,0.0683594,1.00158,3.9865e-05,0.781151,1,0
2.11914,0.0878906,1.00155,4.66531e-05,0.787002,1,0
2.11914,0.107422,1.00149,5.37587e-05,0.787002,1,0
2.13867,0.0878906,1.00154,4.66449e-05,0.785051,1,0
2.13867,0.107422,1.00149,5.37652e-05,0.785051,1,0
2.11914,0.126953,1.00142,5.96525e-05,0.787002,1,0
2.11914,0.146484,1.00134,6.54593e-05,0.787002,1,0
2.13867,0.126953,1.00142,5.96721e-05,0.785051,1,0
2.13867,0.146484,1.00134,6.54891e-05,0.785051,1,0
2.1582,0.0878906,1.00154,4.66336e-05,0.783101,1,0
2.1582,0.107422,1.00148,5.37681e-05,0.783101,1,0
2.17773,0.0878906,1.00153,4.66191e-05,0.781151,1,0
2.17773,0.107422,1.00147,5.37673e-05,0.781151,1,0
2.1582,0.126953,1.00141,5.96877e-05,0.783101,1,0
2.1582,0.146484,1.00133,6.55147e-05,0.783101,1,0
2.17773,0.126953,1.00141,5.96994e-05,0.781151,1,0
2.17773,0.146484,1.00133,6.55358e-05,0.781151,1,0
2.04102,0.166016,1.00126,7.02051e-05,0.794803,1,0
2.04102,0.185547,1.00112,7.46875e-05,0.794803,1,0
2.06055,0.166016,1.00126,7.02621e-05,0.792852,1,0
2.06055,0.185547,1.00112,7.47526e-05,0.792852,1,0
2.04102,0.205078,1.00092,7.83602e-05,0.794803,1,0
2.04102,0.224609,1.00059,8.13581e-05,0.794803,1,0
2.06055,0.205078,1.00092,7.84316e-05,0.792852,1,0
2.06055,0.224609,1.00059,8.14331e-05,0.792852,1,0
2.08008,0.166016,1.00125,7.03146e-05,0.790902,1,0
2.08008,0.185547,1.00111,7.48129e-05,0.790902,1,0
2.09961,0.166016,1.00125,7.03625e-05,0.788952,1,0
2.09961,0.185547,1.00111,7.48684e-05,0.788952,1,0
2.08008,0.205078,1.00091,7.84978e-05,0.790902,1,0
2.08008,0.224609,1.00059,8.15025e-05,0.790902,1,0
2.09961,0.205078,1.00091,7.85588e-05,0.788952,1,0
2.09961,0.224609,1.00059,8.15665e-05,0.788952,1,0
2.04102,0.244141,1.00003,8.34433e-05,0.794803,1,0
2.04102,0.263672,0.999016,8.45807e-05,0.794803,1,0
2.06055,0.244141,1.00003,8.3519e-05,0.792853,1,0
2.06055,0.263672,0.999015,8.46533e-05,0.792853,1,0
2.04102,0.283203,0.997159,8.45152e-05,0.794803,1,0
2.04102,0.302734,0.993781,8.30352e-05,0.794803,1,0
2.06055,0.283203,0.99716,8.45805e-05,0.792853,1,0
2.06055,0.302734,0.993784,8.30885e-05,0.792853,1,0
2.08008,0.244141,1.00003,8.35889e-05,0.790902,1,0
2.08008,0.263672,0.999015,8.47199e-05,0.790902,1,0
2.09961,0.244141,1.00003,8.36529e-05,0.788952,1,0
2.09961,0.263672,0.999014,8.47803e-05,0.788952,1,0
2.08008,0.283203,0.997161,8.46394e-05,0.790902,1,0
2.08008,0.302734,0.993786,8.31353e-05,0.790902,1,0
2.09961,0.283203,0.997161,8.4692e-05,0.788952,1,0
2.09961,0.302734,0.993789,8.31755e-05,0.788952,1,0
2.11914,0.166016,1.00124,7.04059e-05,0.787002,1,0
2.11914,0.185547,1.00111,7.49189e-05,0.787002,1,0
2.13867,0.166016,1.00124,7.04446e-05,0.785052,1,0
2.13867,0.185547,1.0011,7.49645e-05,0.785052,1,0
2.11914,0.205078,1.00091,7.86146e-05,0.787002,1,0
2.11914,0.224609,1.00058,8.1625e-05,0.787002,1,0
2.13867,0.205078,1.0009,7.86652e-05,0.785052,1,0
2.13867,0.224609,1.00058,8.16779e-05,0.785052,1,0
2.1582,0.166016,1.00123,7.04787e-05,0.783101,1,0
2.1582,0.185547,1.0011,7.50051e-05,0.783101,1,0
2.17773,0.166016,1.00123,7.05081e-05,0.781151,1,0
2.17773,0.185547,1.00109,7.50406e-05,0.781151,1,0
2.1582,0.205078,1.0009,7.87104e-05,0.783101,1,0
2.1582,0.224609,1.00058,8.17252e-05,0.783101,1,0
2.17773,0.205078,1.0009,7.87502e-05,0.781151,1,0
2.17773,0.224609,1.00058,8.17667e-05,0.781151,1,0
2.11914,0.244141,1.00002,8.37112e-05,0.787002,1,0
2.11914,0.263672,0.999013,8.48347e-05,0.787002,1,0
2.13867,0.244141,1.00002,8.37635e-05,0.785052,1,0
2.13867,0.263672,0.999013,8.48828e-05,0.785052,1,0
2.11914,0.283203,0.997162,8.47382e-05,0.787002,1,0
2.11914,0.302734,0.993791,8.32091e-05,0.787002,1,0
2.13867,0.283203,0.997163,8.47779e-05,0.785052,1,0
2.13867,0.302734,0.993794,8.32361e-05,0.785052,1,0
2.1582,0.244141,1.00002,8.38099e-05,0.783102,1,0
2.1582,0.263672,0.999012,8.49247e-05,0.783102,1,0
2.17773,0.244141,1.00002,8.38504e-05,0.781151,1,0
2.17773,0.263672,0.999012,8.49604e-05,0.781151,1,0
2.1582,0.283203,0.997164,8.48112e-05,0.783102,1,0
2.1582,0.302734,0.993796,8.32564e-05,0.783102,1,0
2.17773,0.283203,0.997165,8.4838e-05,0.781151,1,0
2.17773,0.302734,0.993799,8.327e-05,0.781152,1,0
1.88477,0.322266,0.987712,7.92001e-05,0.810404,1,0
1.88477,0.341797,0.977174,7.38666e-05,0.810404,1,0
1.9043,0.322266,0.987716,7.92918e-05,0.808454,1,0
1.9043,0.341797,0.97718,7.39424e-05,0.808454,1,0
1.88477,0.361328,0.95934,6.59482e-05,0.810404,1,0
1.88477,0.380859,0.930071,5.55106e-05,0.810404,1,0
1.9043,0.361328,0.959349,6.6013e-05,0.808454,1,0
1.9043,0.380859,0.930083,5.55769e-05,0.808454,1,0
1.92383,0.322266,0.98772,7.93764e-05,0.806504,1,0
1.92383,0.341797,0.977187,7.40112e-05,0.806504,1,0
1.94336,0.322266,0.987724,7.94541e-05,0.804554,1,0
1.94336,0.341797,0.977194,7.40729e-05,0.804554,1,0
1.92383,0.361328,0.959358,6.60708e-05,0.806504,1,0
1.92383,0.380859,0.930094,5.56361e-05,0.806504,1,0
1.94336,0.361328,0.959368,6.61217e-05,0.804554,1,0
1.94336,0.380859,0.930105,5.56884e-05,0.804554,1,0
1.88477,0.400391,0.883529,4.31205e-05,0.810404,1,0
1.88477,0.419922,0.811848,3.03227e-05,0.810405,1,0
1.9043,0.400391,0.883541,4.31968e-05,0.808454,1,0
1.9043,0.419922,0.81186,3.03989e-05,0.808454,1,0
1.88477,0.439453,0.704944,1.82961e-05,0.810405,1,0
1.88477,0.458984,0.550527,8.46941e-06,0.810405,1,0
1.9043,0.439453,0.704955,1.83456e-05,0.808454,1,0
1.9043,0.458984,0.550536,8.48898e-06,0.808455,1,0
1.92383,0.400391,0.883554,4.32658e-05,0.806504,1,0
1.92383,0.419922,0.811873,3.04683e-05,0.806504,1,0
1.94336,0.400391,0.883566,4.33279e-05,0.804554,1,0
1.94336,0.419922,0.811885,3.05311e-05,0.804554,1,0
1.92383,0.439453,0.704966,1.83904e-05,0.806504,1,0
1.92383,0.458984,0.550544,8.50678e-06,0.806504,1,0
1.94336,0.439453,0.704977,1.84306e-05,0.804554,1,0
1.94336,0.458984,0.550553,8.52285e-06,0.804554,1,0
1.96289,0.322266,0.987729,7.9525e-05,0.802604,1,0
1.96289,0.341797,0.9772,7.41278e-05,0.802604,1,0
1.98242,0.322266,0.987733,7.95891e-05,0.800653,1,0
1.98242,0.341797,0.977207,7.41759e-05,0.800654,1,0
1.96289,0.361328,0.959377,6.61659e-05,0.802604,1,0
1.96289,0.380859,0.930117,5.57339e-05,0.802604,1,0
1.98242,0.361328,0.959386,6.62034e-05,0.800654,1,0
1.98242,0.380859,0.930128,5.57728e-05,0.800654,1,0
2.00195,0.322266,0.987737,7.96465e-05,0.798703,1,0
2.00195,0.341797,0.977214,7.42174e-05,0.798703,1,0
2.02148,0.322266,0.987742,7.96973e-05,0.796753,1,0
2.02148,0.341797,0.97722,7.42523e-05,0.796753,1,0
2.00195,0.361328,0.959395,6.62343e-05,0.798703,1,0
2.00195,0.380859,0.93014,5.5805e-05,0.798703,1,0
2.02148,0.361328,0.959404,6.62588e-05,0.796753,1,0
2.02148,0.380859,0.930151,5.58308e-05,0.796753,1,0
1.96289,0.400391,0.883579,4.33831e-05,0.802604,1,0
1.96289,0.419922,0.811897,3.05873e-05,0.802604,1,0
1.98242,0.400391,0.883592,4.34314e-05,0.800654,1,0
1.98242,0.419922,0.81191,3.06371e-05,0.800654,1,0
1.96289,0.439453,0.704988,1.84664e-05,0.802604,1,0
1.96289,0.458984,0.550561,8.53704e-06,0.802604,1,0
1.98242,0.439453,0.704999,1.84976e-05,0.800654,1,0
1.98242,0.458984,0.55057,8.54945e-06,0.800654,1,0
2.00195,0.400391,0.883604,4.34731e-05,0.798704,1,0
2.00195,0.419922,0.811922,3.06806e-05,0.798704,1,0
2.02148,0.400391,0.883617,4.3508e-05,0.796753,1,0
2.02148,0.419922,0.811935,3.07178e-05,0.796753,1,0
2.00195,0.439453,0.70501,1.85246e-05,0.798704,1,0
2.00195,0.458984,0.550578,8.55999e-06,0.798704,1,0
2.02148,0.439453,0.705021,1.85472e-05,0.796753,1,0
2.02148,0.458984,0.550587,8.5688e-06,0.796754,1,0
1.88477,0.478516,0.334355,1.34076e-06,0.810405,1,0
1.88477,0.498047,0.0407375,-1.24404e-06,0.810405,0.6,0
1.9043,0.478516,0.33436,1.34747e-06,0.808455,1,0
1.9043,0.498047,0.0407378,-1.24341e-06,0.808455,0.6,0
1.92383,0.478516,0.334365,1.35404e-06,0.806504,1,0
1.92383,0.498047,0.040738,-1.24257e-06,0.806505,0.6,0
1.94336,0.478516,0.334369,1.36041e-06,0.804554,1,0
1.94336,0.498047,0.0407383,-1.24152e-06,0.804554,0.6,0
1.96289,0.478516,0.334374,1.3666e-06,0.802604,1,0
1.96289,0.498047,0.0407386,-1.24024e-06,0.802604,0.6,0
1.98242,0.478516,0.334379,1.37257e-06,0.800654,1,0
1.98242,0.498047,0.0407388,-1.23873e-06,0.800654,0.6,0
2.00195,0.478516,0.334384,1.37836e-06,0.798704,1,0
2.00195,0.498047,0.0407391,-1.23698e-06,0.798704,0.6,0
2.02148,0.478516,0.334389,1.38394e-06,0.796754,1,0
2.02148,0.498047,0.0407394,-1.23498e-06,0.796754,0.6,0
2.04102,0.322266,0.987746,7.97416e-05,0.794803,1,0
2.04102,0.341797,0.977227,7.42806e-05,0.794803,1,0
2.06055,0.322266,0.987751,7.97792e-05,0.792853,1,0
2.06055,0.341797,0.977234,7.43023e-05,0.792853,1,0
2.04102,0.361328,0.959414,6.62767e-05,0.794803,1,0
2.04102,0.380859,0.930162,5.58499e-05,0.794803,1,0
2.06055,0.361328,0.959423,6.6288e-05,0.792853,1,0
2.06055,0.380859,0.930174,5.58625e-05,0.792853,1,0
2.08008,0.322266,0.987755,7.98102e-05,0.790903,1,0
2.08008,0.341797,0.977241,7.43173e-05,0.790903,1,0
2.09961,0.322266,0.987759,7.98345e-05,0.788952,1,0
2.09961,0.341797,0.977247,7.43256e-05,0.788952,1,0
2.08008,0.361328,0.959432,6.62928e-05,0.790903,1,0
2.08008,0.380859,0.930185,5.58685e-05,0.790903,1,0
2.09961,0.361328,0.959441,6.6291e-05,0.788953,1,0
2.09961,0.380859,0.930196,5.58679e-05,0.788953,1,0
2.04102,0.400391,0.883629,4.35362e-05,0.794803,1,0
2.04102,0.419922,0.811947,3.07489e-05,0.794803,1,0
2.06055,0.400391,0.883642,4.35578e-05,0.792853,1,0
2.06055,0.419922,0.81196,3.0774e-05,0.792853,1,0
2.04102,0.439453,0.705033,1.85656e-05,0.794803,1,0
2.04102,0.458984,0.550595,8.57582e-06,0.794803,1,0
2.06055,0.439453,0.705044,1.85799e-05,0.792853,1,0
2.06055,0.458984,0.550604,8.58123e-06,0.792853,1,0
2.08008,0.400391,0.883654,4.35729e-05,0.790903,1,0
2.08008,0.419922,0.811972,3.07931e-05,0.790903,1,0
2.09961,0.400391,0.883667,4.35814e-05,0.788953,1,0
2.09961,0.419922,0.811985,3.08064e-05,0.788953,1,0
2.08008,0.439453,0.705055,1.85902e-05,0.790903,1,0
2.08008,0.458984,0.550612,8.58494e-06,0.790903,1,0
2.09961,0.439453,0.705066,1.85966e-05,0.788953,1,0
2.09961,0.458984,0.550621,8.58711e-06,0.788953,1,0
2.11914,0.322266,0.987764,7.9852e-05,0.787002,1,0
2.11914,0.341797,0.977254,7.43272e-05,0.787002,1,0
2.13867,0.322266,0.987768,7.98628e-05,0.785052,1,0
2.13867,0.341797,0.977261,7.43221e-05,0.785052,1,0
2.11914,0.361328,0.959451,6.62826e-05,0.787002,1,0
2.11914,0.380859,0.930208,5.58607e-05,0.787002,1,0
2.13867,0.361328,0.95946,6.62675e-05,0.785052,1,0
2.13867,0.380859,0.930219,5.5847e-05,0.785052,1,0
2.1582,0.322266,0.987773,7.98669e-05,0.783102,1,0
2.1582,0.341797,0.977268,7.43103e-05,0.783102,1,0
2.17773,0.322266,0.987777,7.98642e-05,0.781152,1,0
2.17773,0.341797,0.977274,7.42917e-05,0.781152,1,0
2.1582,0.361328,0.959469,6.62459e-05,0.783102,1,0
2.1582,0.380859,0.93023,5.58268e-05,0.783102,1,0
2.17773,0.361328,0.959478,6.62176e-05,0.781152,1,0
2.17773,0.380859,0.930242,5.58e-05,0.781152,1,0
2.11914,0.400391,0.883679,4.35835e-05,0.787002,1,0
2.11914,0.419922,0.811997,3.0814e-05,0.787003,1,0
2.13867,0.400391,0.883692,4.35792e-05,0.785052,1,0
2.13867,0.419922,0.81201,3.08158e-05,0.785052,1,0
2.11914,0.439453,0.705077,1.85991e-05,0.787003,1,0
2.11914,0.458984,0.550629,8.58766e-06,0.787003,1,0
2.13867,0.439453,0.705088,1.85979e-05,0.785052,1,0
2.13867,0.458984,0.550638,8.5867e-06,0.785053,1,0
2.1582,0.400391,0.883704,4.35686e-05,0.783102,1,0
2.1582,0.419922,0.812022,3.0812e-05,0.783102,1,0
2.17773,0.400391,0.883717,4.35517e-05,0.781152,1,0
2.17773,0.419922,0.812035,3.08026e-05,0.781152,1,0
2.1582,0.439453,0.705099,1.85929e-05,0.783102,1,0
2.1582,0.458984,0.550646,8.58416e-06,0.783102,1,0
2.17773,0.439453,0.70511,1.85843e-05,0.781152,1,0
2.17773,0.458984,0.550655,8.58013e-06,0.781152,1,0
2.04102,0.478516,0.334394,1.38936e-06,0.794803,1,0
2.04102,0.498047,0.0407397,-1.23272e-06,0.794804,0.6,0
2.06055,0.478516,0.334398,1.39458e-06,0.792853,1,0
2.06055,0.498047,0.04074,-1.2302e-06,0.792853,0.6,0
2.08008,0.478516,0.334403,1.39967e-06,0.790903,1,0
2.08008,0.498047,0.0407403,-1.2274e-06,0.790903,0.6,0
2.09961,0.478516,0.334408,1.4046e-06,0.788953,1,0
2.09961,0.498047,0.0407406,-1.22432e-06,0.788953,0.6,0
2.11914,0.478516,0.334413,1.40944e-06,0.787003,1,0
2.11914,0.498047,0.0407409,-1.22095e-06,0.787003,0.6,0
2.13867,0.478516,0.334418,1.41414e-06,0.785053,1,0
2.13867,0.498047,0.0407413,-1.21731e-06,0.785053,0.6,0
2.1582,0.478516,0.334423,1.41879e-06,0.783102,1,0
2.1582,0.498047,0.0407416,-1.21335e-06,0.783103,0.6,0
2.17773,0.478516,0.334427,1.42335e-06,0.781152,1,0
2.17773,0.498047,0.0407419,-1.20911e-06,0.781152,0.6,0
2.19727,0.00976562,1.00153,1.11941e-05,0.779201,1,0
2.19727,0.0292969,1.00159,2.30173e-05,0.7792,1,0
2.2168,0.00976562,1.00152,1.11649e-05,0.777251,1,0
2.2168,0.0292969,1.00158,2.29655e-05,0.77725,1,0
2.19727,0.0488281,1.0016,3.07027e-05,0.779201,1,0
2.19727,0.0683594,1.00157,3.983e-05,0.779201,1,0
2.2168,0.0488281,1.00159,3.06554e-05,0.77725,1,0
2.2168,0.0683594,1.00156,3.97921e-05,0.77725,1,0
2.23633,0.00976562,1.00151,1.11347e-05,0.7753,1,0
2.23633,0.0292969,1.00157,2.29121e-05,0.7753,1,0
2.25586,0.00976562,1.0015,1.11035e-05,0.77335,1,0
2.25586,0.0292969,1.00156,2.28569e-05,0.77335,1,0
2.23633,0.0488281,1.00158,3.0606e-05,0.7753,1,0
2.23633,0.0683594,1.00155,3.97514e-05,0.7753,1,0
2.25586,0.0488281,1.00157,3.05544e-05,0.77335,1,0
2.25586,0.0683594,1.00155,3.97077e-05,0.77335,1,0
2.19727,0.0878906,1.00152,4.66014e-05,0.779201,1,0
2.19727,0.107422,1.00147,5.37627e-05,0.779201,1,0
2.2168,0.0878906,1.00152,4.65803e-05,0.77725,1,0
2.2168,0.107422,1.00146,5.37543e-05,0.77725,1,0
2.19727,0.126953,1.0014,5.97069e-05,0.779201,1,0
2.19727,0.146484,1.00132,6.55525e-05,0.779201,1,0
2.2168,0.126953,1.0014,5.97103e-05,0.777251,1,0
2.2168,0.146484,1.00132,6.55647e-05,0.777251,1,0
2.23633,0.0878906,1.00151,4.65559e-05,0.7753,1,0
2.23633,0.107422,1.00145,5.37421e-05,0.7753,1,0
2.25586,0.0878906,1.0015,4.6528e-05,0.77335,1,0
2.25586,0.107422,1.00145,5.37258e-05,0.77335,1,0
2.23633,0.126953,1.00139,5.97094e-05,0.7753,1,0
2.23633,0.146484,1.00131,6.55722e-05,0.7753,1,0
2.25586,0.126953,1.00138,5.97042e-05,0.77335,1,0
2.25586,0.146484,1.00131,6.5575e-05,0.77335,1,0
2.27539,0.00976562,1.00149,1.10711e-05,0.7714,1,0
2.27539,0.0292969,1.00155,2.27999e-05,0.771399,1,0
2.29492,0.00976562,1.00148,1.10376e-05,0.76945,1,0
2.29492,0.0292969,1.00154,2.27409e-05,0.769449,1,0
2.27539,0.0488281,1.00156,3.05005e-05,0.7714,1,0
2.27539,0.0683594,1.00154,3.96609e-05,0.7714,1,0
2.29492,0.0488281,1.00155,3.04443e-05,0.769449,1,0
2.29492,0.0683594,1.00153,3.9611e-05,0.769449,1,0
2.31445,0.00976562,1.00147,1.1003e-05,0.767499,1,0
2.31445,0.0292969,1.00153,2.26801e-05,0.767499,1,0
2.33398,0.00976562,1.00146,1.09674e-05,0.765549,1,0
2.33398,0.0292969,1.00152,2.26173e-05,0.765549,1,0
2.31445,0.0488281,1.00154,3.03858e-05,0.767499,1,0
2.31445,0.0683594,1.00152,3.95579e-05,0.767499,1,0
2.33398,0.0488281,1.00154,3.0325e-05,0.765549,1,0
2.33398,0.0683594,1.00151,3.95017e-05,0.765549,1,0
2.27539,0.0878906,1.0015,4.64965e-05,0.7714,1,0
2.27539,0.107422,1.00144,5.37056e-05,0.7714,1,0
2.29492,0.0878906,1.00149,4.64615e-05,0.76945,1,0
2.29492,0.107422,1.00143,5.36812e-05,0.769449,1,0
2.27539,0.126953,1.00138,5.96946e-05,0.7714,1,0
2.27539,0.146484,1.0013,6.5573e-05,0.7714,1,0
2.29492,0.126953,1.00137,5.96806e-05,0.76945,1,0
2.29492,0.146484,1.0013,6.55663e-05,0.76945,1,0
2.31445,0.0878906,1.00148,4.64229e-05,0.767499,1,0
2.31445,0.107422,1.00143,5.36527e-05,0.767499,1,0
2.33398,0.0878906,1.00147,4.63806e-05,0.765549,1,0
2.33398,0.107422,1.00142,5.36201e-05,0.765549,1,0
2.31445,0.126953,1.00137,5.96621e-05,0.767499,1,0
2.31445,0.146484,1.00129,6.55545e-05,0.767499,1,0
2.33398,0.126953,1.00136,5.96391e-05,0.765549,1,0
2.33398,0.146484,1.00128,6.55378e-05,0.765549,1,0
2.19727,0.166016,1.00122,7.05327e-05,0.779201,1,0
2.19727,0.185547,1.00109,7.5071e-05,0.779201,1,0
2.2168,0.166016,1.00122,7.05524e-05,0.777251,1,0
2.2168,0.185547,1.00109,7.50962e-05,0.777251,1,0
2.19727,0.205078,1.00089,7.87846e-05,0.779201,1,0
2.19727,0.224609,1.00057,8.18025e-05,0.779201,1,0
2.2168,0.205078,1.00089,7.88134e-05,0.777251,1,0
2.2168,0.224609,1.00057,8.18325e-05,0.777251,1,0
2.23633,0.166016,1.00121,7.05671e-05,0.7753,1,0
2.23633,0.185547,1.00108,7.5116e-05,0.7753,1,0
2.25586,0.166016,1.00121,7.05769e-05,0.77335,1,0
2.25586,0.185547,1.00108,7.51305e-05,0.77335,1,0
2.23633,0.205078,1.00089,7.88366e-05,0.775301,1,0
2.23633,0.224609,1.00057,8.18566e-05,0.775301,1,0
2.25586,0.205078,1.00088,7.88542e-05,0.77335,1,0
2.25586,0.224609,1.00057,8.18746e-05,0.77335,1,0
2.19727,0.244141,1.00002,8.38848e-05,0.779201,1,0
2.19727,0.263672,0.999011,8.49898e-05,0.779201,1,0
2.2168,0.244141,1.00002,8.3913e-05,0.777251,1,0
2.2168,0.263672,0.999011,8.50127e-05,0.777251,1,0
2.19727,0.283203,0.997165,8.48583e-05,0.779201,1,0
2.19727,0.302734,0.993801,8.32769e-05,0.779201,1,0
2.2168,0.283203,0.997166,8.48719e-05,0.777251,1,0
2.2168,0.302734,0.993804,8.3277e-05,0.777251,1,0
2.23633,0.244141,1.00001,8.39351e-05,0.775301,1,0
2.23633,0.263672,0.999011,8.50292e-05,0.775301,1,0
2.25586,0.244141,1.00001,8.39508e-05,0.77335,1,0
2.25586,0.263672,0.99901,8.50391e-05,0.773351,1,0
2.23633,0.283203,0.997167,8.48788e-05,0.775301,1,0
2.23633,0.302734,0.993806,8.32701e-05,0.775301,1,0
2.25586,0.283203,0.997168,8.48788e-05,0.773351,1,0
2.25586,0.302734,0.993809,8.32563e-05,0.773351,1,0
2.27539,0.166016,1.0012,7.05815e-05,0.7714,1,0
2.27539,0.185547,1.00107,7.51396e-05,0.7714,1,0
2.29492,0.166016,1.0012,7.05809e-05,0.76945,1,0
2.29492,0.185547,1.00107,7.5143e-05,0.76945,1,0
2.27539,0.205078,1.00088,7.88659e-05,0.7714,1,0
2.27539,0.224609,1.00056,8.18865e-05,0.7714,1,0
2.29492,0.205078,1.00088,7.88717e-05,0.76945,1,0
2.29492,0.224609,1.00056,8.18921e-05,0.76945,1,0
2.31445,0.166016,1.00119,7.0575e-05,0.767499,1,0
2.31445,0.185547,1.00107,7.51408e-05,0.7675,1,0
2.33398,0.166016,1.00119,7.05637e-05,0.765549,1,0
2.33398,0.185547,1.00106,7.51328e-05,0.765549,1,0
2.31445,0.205078,1.00087,7.88714e-05,0.7675,1,0
2.31445,0.224609,1.00056,8.18914e-05,0.7675,1,0
2.33398,0.205078,1.00087,7.8865e-05,0.765549,1,0
2.33398,0.224609,1.00056,8.18841e-05,0.765549,1,0
2.27539,0.244141,1.00001,8.39601e-05,0.7714,1,0
2.27539,0.263672,0.99901,8.50422e-05,0.7714,1,0
2.29492,0.244141,1.00001,8.39628e-05,0.76945,1,0
2.29492,0.263672,0.999009,8.50385e-05,0.76945,1,0
2.27539,0.283203,0.997169,8.48718e-05,0.7714,1,0
2.27539,0.302734,0.993811,8.32352e-05,0.7714,1,0
2.29492,0.283203,0.99717,8.48577e-05,0.76945,1,0
2.29492,0.302734,0.993814,8.32069e-05,0.76945,1,0
2.31445,0.244141,1.00001,8.39588e-05,0.7675,1,0
2.31445,0.263672,0.999009,8.50277e-05,0.7675,1,0
2.33398,0.244141,1.00001,8.39479e-05,0.76555,1,0
2.33398,0.263672,0.999008,8.50098e-05,0.76555,1,0
2.31445,0.283203,0.997171,8.48363e-05,0.7675,1,0
2.31445,0.302734,0.993816,8.3171e-05,0.7675,1,0
2.33398,0.283203,0.997172,8.48075e-05,0.76555,1,0
2.33398,0.302734,0.993819,8.31275e-05,0.76555,1,0
2.35352,0.00976562,1.00145,1.09308e-05,0.763599,1,0
2.35352,0.0292969,1.00151,2.25529e-05,0.763598,1,0
2.37305,0.00976562,1.00144,1.08933e-05,0.761649,1,0
2.37305,0.0292969,1.0015,2.24867e-05,0.761648,1,0
2.35352,0.0488281,1.00153,3.02617e-05,0.763599,1,0
2.35352,0.0683594,1.00151,3.94423e-05,0.763599,1,0
2.37305,0.0488281,1.00152,3.01962e-05,0.761648,1,0
2.37305,0.0683594,1.0015,3.93798e-05,0.761648,1,0
2.39258,0.00976562,1.00143,1.0855e-05,0.759698,1,0
2.39258,0.0292969,1.00149,2.24189e-05,0.759698,1,0
2.41211,0.00976562,1.00142,1.0816e-05,0.757748,1,0
2.41211,0.0292969,1.00148,2.23494e-05,0.757748,1,0
2.39258,0.0488281,1.00151,3.01283e-05,0.759698,1,0
2.39258,0.0683594,1.00149,3.9314e-05,0.759698,1,0
2.41211,0.0488281,1.0015,3.00579e-05,0.757748,1,0
2.41211,0.0683594,1.00148,3.92449e-05,0.757748,1,0
2.35352,0.0878906,1.00147,4.63346e-05,0.763599,1,0
2.35352,0.107422,1.00142,5.35832e-05,0.763599,1,0
2.37305,0.0878906,1.00146,4.62848e-05,0.761648,1,0
2.37305,0.107422,1.00141,5.35419e-05,0.761648,1,0
2.35352,0.126953,1.00135,5.96114e-05,0.763599,1,0
2.35352,0.146484,1.00128,6.5516e-05,0.763599,1,0
2.37305,0.126953,1.00135,5.95789e-05,0.761649,1,0
2.37305,0.146484,1.00127,6.5489e-05,0.761649,1,0
2.39258,0.0878906,1.00145,4.62313e-05,0.759698,1,0
2.39258,0.107422,1.0014,5.34963e-05,0.759698,1,0
2.41211,0.0878906,1.00144,4.61738e-05,0.757748,1,0
2.41211,0.107422,1.0014,5.34462e-05,0.757748,1,0
2.39258,0.126953,1.00134,5.95416e-05,0.759698,1,0
2.39258,0.146484,1.00127,6.54566e-05,0.759698,1,0
2.41211,0.126953,1.00134,5.94994e-05,0.757748,1,0
2.41211,0.146484,1.00126,6.54189e-05,0.757748,1,0
2.43164,0.00976562,1.00141,1.0776e-05,0.755798,1,0
2.43164,0.0292969,1.00148,2.22781e-05,0.755797,1,0
2.45117,0.00976562,1.0014,1.07352e-05,0.753847,1,0
2.45117,0.0292969,1.00147,2.22051e-05,0.753847,1,0
2.43164,0.0488281,1.00149,2.99852e-05,0.755798,1,0
2.43164,0.0683594,1.00147,3.91725e-05,0.755798,1,0
2.45117,0.0488281,1.00148,2.99099e-05,0.753847,1,0
2.45117,0.0683594,1.00147,3.90967e-05,0.753847,1,0
2.4707,0.00976562,1.00139,1.06933e-05,0.751897,1,0
2.4707,0.0292969,1.00146,2.21301e-05,0.751897,1,0
2.49023,0.00976562,1.00138,1.06504e-05,0.749947,1,0
2.49023,0.0292969,1.00145,2.2053e-05,0.749946,1,0
2.4707,0.0488281,1.00147,2.98319e-05,0.751897,1,0
2.4707,0.0683594,1.00146,3.90174e-05,0.751897,1,0
2.49023,0.0488281,1.00147,2.97513e-05,0.749947,1,0
2.49023,0.0683594,1.00145,3.89344e-05,0.749947,1,0
2.43164,0.0878906,1.00144,4.61123e-05,0.755798,1,0
2.43164,0.107422,1.00139,5.33914e-05,0.755798,1,0
2.45117,0.0878906,1.00143,4.60468e-05,0.753847,1,0
2.45117,0.107422,1.00138,5.3332e-05,0.753847,1,0
2.43164,0.126953,1.00133,5.9452e-05,0.755798,1,0
2.43164,0.146484,1.00126,6.53755e-05,0.755798,1,0
2.45117,0.126953,1.00132,5.93995e-05,0.753848,1,0
2.45117,0.146484,1.00125,6.53265e-05,0.753848,1,0
2.4707,0.0878906,1.00142,4.59771e-05,0.751897,1,0
2.4707,0.107422,1.00138,5.32678e-05,0.751897,1,0
2.49023,0.0878906,1.00142,4.59032e-05,0.749947,1,0
2.49023,0.107422,1.00137,5.31986e-05,0.749947,1,0
2.4707,0.126953,1.00132,5.93417e-05,0.751897,1,0
2.4707,0.146484,1.00125,6.52716e-05,0.751897,1,0
2.49023,0.126953,1.00131,5.92784e-05,0.749947,1,0
2.49023,0.146484,1.00124,6.52107e-05,0.749947,1,0
2.35352,0.166016,1.00118,7.05469e-05,0.763599,1,0
2.35352,0.185547,1.00106,7.51188e-05,0.763599,1,0
2.37305,0.166016,1.00118,7.05245e-05,0.761649,1,0
2.37305,0.185547,1.00105,7.50989e-05,0.761649,1,0
2.35352,0.205078,1.00087,7.88524e-05,0.763599,1,0
2.35352,0.224609,1.00055,8.18702e-05,0.763599,1,0
2.37305,0.205078,1.00086,7.88332e-05,0.761649,1,0
2.37305,0.224609,1.00055,8.18494e-05,0.761649,1,0
2.39258,0.166016,1.00118,7.04964e-05,0.759698,1,0
2.39258,0.185547,1.00105,7.50727e-05,0.759699,1,0
2.41211,0.166016,1.00117,7.04624e-05,0.757748,1,0
2.41211,0.185547,1.00104,7.50402e-05,0.757748,1,0
2.39258,0.205078,1.00086,7.88075e-05,0.759699,1,0
2.39258,0.224609,1.00055,8.18216e-05,0.759699,1,0
2.41211,0.205078,1.00086,7.8775e-05,0.757748,1,0
2.41211,0.224609,1.00055,8.17866e-05,0.757748,1,0
2.35352,0.244141,1.00001,8.393e-05,0.763599,1,0
2.35352,0.263672,0.999008,8.49845e-05,0.763599,1,0
2.37305,0.244141,1,8.39049e-05,0.761649,1,0
2.37305,0.263672,0.999007,8.49516e-05,0.761649,1,0
2.35352,0.283203,0.997173,8.4771e-05,0.763599,1,0
2.35352,0.302734,0.993822,8.30761e-05,0.7636,1,0
2.37305,0.283203,0.997174,8.47266e-05,0.761649,1,0
2.37305,0.302734,0.993824,8.30166e-05,0.761649,1,0
2.39258,0.244141,1,8.38724e-05,0.759699,1,0
2.39258,0.263672,0.999007,8.4911e-05,0.759699,1,0
2.41211,0.244141,1,8.38324e-05,0.757749,1,0
2.41211,0.263672,0.999007,8.48625e-05,0.757749,1,0
2.39258,0.283203,0.997175,8.46742e-05,0.759699,1,0
2.39258,0.302734,0.993827,8.29489e-05,0.759699,1,0
2.41211,0.283203,0.997176,8.46136e-05,0.757749,1,0
2.41211,0.302734,0.993829,8.28725e-05,0.757749,1,0
2.43164,0.166016,1.00117,7.04224e-05,0.755798,1,0
2.43164,0.185547,1.00104,7.50012e-05,0.755798,1,0
2.45117,0.166016,1.00116,7.03762e-05,0.753848,1,0
2.45117,0.185547,1.00104,7.49556e-05,0.753848,1,0
2.43164,0.205078,1.00085,7.87356e-05,0.755798,1,0
2.43164,0.224609,1.00054,8.17443e-05,0.755798,1,0
2.45117,0.205078,1.00085,7.86891e-05,0.753848,1,0
2.45117,0.224609,1.00054,8.16944e-05,0.753848,1,0
2.4707,0.166016,1.00116,7.03237e-05,0.751897,1,0
2.4707,0.185547,1.00103,7.49032e-05,0.751897,1,0
2.49023,0.166016,1.00115,7.02647e-05,0.749947,1,0
2.49023,0.185547,1.00103,7.48438e-05,0.749947,1,0
2.4707,0.205078,1.00085,7.86353e-05,0.751898,1,0
2.4707,0.224609,1.00054,8.16368e-05,0.751898,1,0
2.49023,0.205078,1.00084,7.85741e-05,0.749947,1,0
2.49023,0.224609,1.00054,8.15713e-05,0.749947,1,0
2.43164,0.244141,0.999999,8.37845e-05,0.755798,1,0
2.43164,0.263672,0.999006,8.48057e-05,0.755798,1,0
2.45117,0.244141,0.999997,8.37287e-05,0.753848,1,0
2.45117,0.263672,0.999006,8.47407e-05,0.753848,1,0
2.43164,0.283203,0.997177,8.45444e-05,0.755798,1,0
2.43164,0.302734,0.993832,8.27874e-05,0.755799,1,0
2.45117,0.283203,0.997178,8.44665e-05,0.753848,1,0
2.45117,0.302734,0.993835,8.26933e-05,0.753848,1,0
2.4707,0.244141,0.999996,8.36647e-05,0.751898,1,0
2.4707,0.263672,0.999006,8.4667e-05,0.751898,1,0
2.49023,0.244141,0.999994,8.35924e-05,0.749947,1,0
2.49023,0.263672,0.999005,8.45846e-05,0.749948,1,0
2.4707,0.283203,0.997179,8.43796e-05,0.751898,1,0
2.4707,0.302734,0.993838,8.259e-05,0.751898,1,0
2.49023,0.283203,0.99718,8.42836e-05,0.749948,1,0
2.49023,0.302734,0.99384,8.24773e-05,0.749948,1,0
2.19727,0.322266,0.987782,7.98547e-05,0.779201,1,0
2.19727,0.341797,0.977281,7.42663e-05,0.779201,1,0
2.2168,0.322266,0.987786,7.98383e-05,0.777251,1,0
2.2168,0.341797,0.977288,7.42342e-05,0.777251,1,0
2.19727,0.361328,0.959488,6.61827e-05,0.779202,1,0
2.19727,0.380859,0.930253,5.57668e-05,0.779202,1,0
2.2168,0.361328,0.959497,6.61411e-05,0.777251,1,0
2.2168,0.380859,0.930264,5.5727e-05,0.777251,1,0
2.23633,0.322266,0.987791,7.98149e-05,0.775301,1,0
2.23633,0.341797,0.977295,7.4195e-05,0.775301,1,0
2.25586,0.322266,0.987795,7.97845e-05,0.773351,1,0
2.25586,0.341797,0.977302,7.41489e-05,0.773351,1,0
2.23633,0.361328,0.959506,6.60927e-05,0.775301,1,0
2.23633,0.380859,0.930276,5.56805e-05,0.775301,1,0
2.25586,0.361328,0.959515,6.60374e-05,0.773351,1,0
2.25586,0.380859,0.930287,5.56272e-05,0.773351,1,0
2.19727,0.400391,0.883729,4.35284e-05,0.779202,1,0
2.19727,0.419922,0.812047,3.07877e-05,0.779202,1,0
2.2168,0.400391,0.883742,4.34988e-05,0.777252,1,0
2.2168,0.419922,0.812059,3.07671e-05,0.777252,1,0
2.19727,0.439453,0.705122,1.8572e-05,0.779202,1,0
2.19727,0.458984,0.550664,8.57454e-06,0.779202,1,0
2.2168,0.439453,0.705133,1.85561e-05,0.777252,1,0
2.2168,0.458984,0.550672,8.56747e-06,0.777252,1,0
2.23633,0.400391,0.883754,4.34627e-05,0.775301,1,0
2.23633,0.419922,0.812072,3.0741e-05,0.775301,1,0
2.25586,0.400391,0.883767,4.34201e-05,0.773351,1,0
2.25586,0.419922,0.812084,3.07093e-05,0.773351,1,0
2.23633,0.439453,0.705144,1.85366e-05,0.775302,1,0
2.23633,0.458984,0.550681,8.55883e-06,0.775302,1,0
2.25586,0.439453,0.705155,1.85135e-05,0.773351,1,0
2.25586,0.458984,0.550689,8.54868e-06,0.773351,1,0
2.27539,0.322266,0.9878,7.97467e-05,0.771401,1,0
2.27539,0.341797,0.977309,7.40955e-05,0.771401,1,0
2.29492,0.322266,0.987804,7.97016e-05,0.76945,1,0
2.29492,0.341797,0.977316,7.40347e-05,0.76945,1,0
2.27539,0.361328,0.959525,6.59751e-05,0.771401,1,0
2.27539,0.380859,0.930298,5.5567e-05,0.771401,1,0
2.29492,0.361328,0.959534,6.59055e-05,0.769451,1,0
2.29492,0.380859,0.93031,5.54997e-05,0.769451,1,0
2.31445,0.322266,0.987809,7.96489e-05,0.7675,1,0
2.31445,0.341797,0.977323,7.39665e-05,0.7675,1,0
2.33398,0.322266,0.987814,7.95884e-05,0.76555,1,0
2.33398,0.341797,0.977329,7.38905e-05,0.76555,1,0
2.31445,0.361328,0.959543,6.58286e-05,0.7675,1,0
2.31445,0.380859,0.930321,5.54251e-05,0.7675,1,0
2.33398,0.361328,0.959552,6.5744e-05,0.76555,1,0
2.33398,0.380859,0.930332,5.53431e-05,0.76555,1,0
2.27539,0.400391,0.883779,4.33708e-05,0.771401,1,0
2.27539,0.419922,0.812097,3.06719e-05,0.771401,1,0
2.29492,0.400391,0.883792,4.33148e-05,0.769451,1,0
2.29492,0.419922,0.812109,3.06288e-05,0.769451,1,0
2.27539,0.439453,0.705166,1.84867e-05,0.771401,1,0
2.27539,0.458984,0.550698,8.53691e-06,0.771401,1,0
2.29492,0.439453,0.705177,1.84561e-05,0.769451,1,0
2.29492,0.458984,0.550706,8.52356e-06,0.769451,1,0
2.31445,0.400391,0.883804,4.32518e-05,0.767501,1,0
2.31445,0.419922,0.812122,3.05799e-05,0.767501,1,0
2.33398,0.400391,0.883817,4.31819e-05,0.76555,1,0
2.33398,0.419922,0.812134,3.05251e-05,0.76555,1,0
2.31445,0.439453,0.705188,1.84218e-05,0.767501,1,0
2.31445,0.458984,0.550715,8.50849e-06,0.767501,1,0
2.33398,0.439453,0.705199,1.83835e-05,0.765551,1,0
2.33398,0.458984,0.550723,8.49173e-06,0.765551,1,0
2.19727,0.478516,0.334432,1.42787e-06,0.779202,1,0
2.19727,0.498047,0.0407423,-1.20455e-06,0.779202,0.6,0
2.2168,0.478516,0.334437,1.43233e-06,0.777252,1,0
2.2168,0.498047,0.0407426,-1.19967e-06,0.777252,0.6,0
2.23633,0.478516,0.334442,1.43678e-06,0.775302,1,0
2.23633,0.498047,0.040743,-1.19444e-06,0.775302,0.6,0
2.25586,0.478516,0.334447,1.44117e-06,0.773351,1,0
2.25586,0.498047,0.0407434,-1.18887e-06,0.773352,0.6,0
2.27539,0.478516,0.334451,1.44555e-06,0.771401,1,0
2.27539,0.498047,0.0407438,-1.18291e-06,0.771401,0.6,0
2.29492,0.478516,0.334456,1.44986e-06,0.769451,1,0
2.29492,0.498047,0.0407441,-1.17656e-06,0.769451,0.6,0
2.31445,0.478516,0.334461,1.45414e-06,0.767501,1,0
2.31445,0.498047,0.0407445,-1.16978e-06,0.767501,0.6,0
2.33398,0.478516,0.334466,1.45832e-06,0.765551,1,0
2.33398,0.498047,0.0407449,-1.16256e-06,0.765551,0.6,0
2.35352,0.322266,0.987818,7.952e-05,0.7636,1,0
2.35352,0.341797,0.977336,7.38065e-05,0.7636,1,0
2.37305,0.322266,0.987823,7.94433e-05,0.761649,1,0
2.37305,0.341797,0.977343,7.37143e-05,0.76165,1,0
2.35352,0.361328,0.959562,6.56515e-05,0.7636,1,0
2.35352,0.380859,0.930343,5.52534e-05,0.7636,1,0
2.37305,0.361328,0.959571,6.5551e-05,0.76165,1,0
2.37305,0.380859,0.930355,5.51558e-05,0.76165,1,0
2.39258,0.322266,0.987828,7.93582e-05,0.759699,1,0
2.39258,0.341797,0.97735,7.36137e-05,0.759699,1,0
2.41211,0.322266,0.987832,7.92644e-05,0.757749,1,0
2.41211,0.341797,0.977357,7.35044e-05,0.757749,1,0
2.39258,0.361328,0.95958,6.54421e-05,0.759699,1,0
2.39258,0.380859,0.930366,5.50501e-05,0.7597,1,0
2.41211,0.361328,0.95959,6.53247e-05,0.757749,1,0
2.41211,0.380859,0.930377,5.49361e-05,0.757749,1,0
2.35352,0.400391,0.883829,4.31048e-05,0.7636,1,0
2.35352,0.419922,0.812146,3.04642e-05,0.7636,1,0
2.37305,0.400391,0.883842,4.30203e-05,0.76165,1,0
2.37305,0.419922,0.812159,3.03972e-05,0.76165,1,0
2.35352,0.439453,0.70521,1.83412e-05,0.7636,1,0
2.35352,0.458984,0.550731,8.4731e-06,0.7636,1,0
2.37305,0.439453,0.705221,1.82947e-05,0.76165,1,0
2.37305,0.458984,0.55074,8.45261e-06,0.76165,1,0
2.39258,0.400391,0.883854,4.29283e-05,0.7597,1,0
2.39258,0.419922,0.812171,3.03238e-05,0.7597,1,0
2.41211,0.400391,0.883866,4.28285e-05,0.757749,1,0
2.41211,0.419922,0.812183,3.02439e-05,0.75775,1,0
2.39258,0.439453,0.705232,1.82439e-05,0.7597,1,0
2.39258,0.458984,0.550748,8.43008e-06,0.7597,1,0
2.41211,0.439453,0.705243,1.81886e-05,0.75775,1,0
2.41211,0.458984,0.550756,8.40548e-06,0.75775,1,0
2.43164,0.322266,0.987837,7.91617e-05,0.755799,1,0
2.43164,0.341797,0.977364,7.33861e-05,0.755799,1,0
2.45117,0.322266,0.987842,7.90499e-05,0.753848,1,0
2.45117,0.341797,0.977371,7.32587e-05,0.753849,1,0
2.43164,0.361328,0.959599,6.51984e-05,0.755799,1,0
2.43164,0.380859,0.930388,5.48136e-05,0.755799,1,0
2.45117,0.361328,0.959608,6.50631e-05,0.753849,1,0
2.45117,0.380859,0.9304,5.46822e-05,0.753849,1,0
2.4707,0.322266,0.987846,7.89286e-05,0.751898,1,0
2.4707,0.341797,0.977378,7.31218e-05,0.751898,1,0
2.49023,0.322266,0.987851,7.87977e-05,0.749948,1,0
2.49023,0.341797,0.977385,7.29753e-05,0.749948,1,0
2.4707,0.361328,0.959617,6.49184e-05,0.751898,1,0
2.4707,0.380859,0.930411,5.45417e-05,0.751899,1,0
2.49023,0.361328,0.959627,6.47641e-05,0.749948,1,0
2.49023,0.380859,0.930422,5.43917e-05,0.749948,1,0
2.43164,0.400391,0.883879,4.27206e-05,0.755799,1,0
2.43164,0.419922,0.812196,3.01572e-05,0.755799,1,0
2.45117,0.400391,0.883891,4.26045e-05,0.753849,1,0
2.45117,0.419922,0.812208,3.00635e-05,0.753849,1,0
2.43164,0.439453,0.705254,1.81286e-05,0.755799,1,0
2.43164,0.458984,0.550765,8.37861e-06,0.7558,1,0
2.45117,0.439453,0.705265,1.80639e-05,0.753849,1,0
2.45117,0.458984,0.550773,8.34941e-06,0.753849,1,0
2.4707,0.400391,0.883903,4.24799e-05,0.751899,1,0
2.4707,0.419922,0.81222,2.99626e-05,0.751899,1,0
2.49023,0.400391,0.883916,4.23464e-05,0.749948,1,0
2.49023,0.419922,0.812232,2.98542e-05,0.749949,1,0
2.4707,0.439453,0.705276,1.7994e-05,0.751899,1,0
2.4707,0.458984,0.550781,8.31765e-06,0.751899,1,0
2.49023,0.439453,0.705287,1.79189e-05,0.749949,1,0
2.49023,0.458984,0.550789,8.28328e-06,0.749949,1,0
2.35352,0.478516,0.33447,1.46243e-06,0.7636,1,0
2.35352,0.498047,0.0407454,-1.15485e-06,0.763601,0.6,0
2.37305,0.478516,0.334475,1.4664e-06,0.76165,1,0
2.37305,0.498047,0.0407458,-1.14666e-06,0.76165,0.6,0
2.39258,0.478516,0.33448,1.47023e-06,0.7597,1,0
2.39258,0.498047,0.0407462,-1.13792e-06,0.7597,0.6,0
2.41211,0.478516,0.334485,1.47384e-06,0.75775,1,0
2.41211,0.498047,0.0407467,-1.12863e-06,0.75775,0.6,0
2.43164,0.478516,0.334489,1.47724e-06,0.7558,1,0
2.43164,0.498047,0.0407471,-1.11875e-06,0.7558,0.6,0
2.45117,0.478516,0.334494,1.48033e-06,0.753849,1,0
2.45117,0.498047,0.0407476,-1.10828e-06,0.753849,0.6,0
2.4707,0.478516,0.334499,1.4831e-06,0.751899,1,0
2.4707,0.498047,0.0407481,-1.09716e-06,0.751899,0.6,0
2.49023,0.478516,0.334503,1.48545e-06,0.749949,1,0
2.49023,0.498047,0.0407486,-1.0854e-06,0.749949,0.6,0
2.50977,0.00976562,1.00137,1.06064e-05,0.747997,1,0
2.50977,0.0292969,1.00144,2.19737e-05,0.747996,1,0
2.5293,0.00976562,1.00136,1.05612e-05,0.746046,1,0
2.5293,0.0292969,1.00143,2.18922e-05,0.746046,1,0
2.50977,0.0488281,1.00146,2.96679e-05,0.747996,1,0
2.50977,0.0683594,1.00144,3.88478e-05,0.747996,1,0
2.5293,0.0488281,1.00145,2.95815e-05,0.746046,1,0
2.5293,0.0683594,1.00144,3.87573e-05,0.746046,1,0
2.54883,0.00976562,1.00135,1.05147e-05,0.744096,1,0
2.54883,0.0292969,1.00142,2.18083e-05,0.744096,1,0
2.56836,0.00976562,1.00134,1.0467e-05,0.742146,1,0
2.56836,0.0292969,1.00141,2.17221e-05,0.742145,1,0
2.54883,0.0488281,1.00144,2.94922e-05,0.744096,1,0
2.54883,0.0683594,1.00143,3.86629e-05,0.744096,1,0
2.56836,0.0488281,1.00143,2.93999e-05,0.742146,1,0
2.56836,0.0683594,1.00142,3.85645e-05,0.742145,1,0
2.50977,0.0878906,1.00141,4.58248e-05,0.747997,1,0
2.50977,0.107422,1.00136,5.31244e-05,0.747997,1,0
2.5293,0.0878906,1.0014,4.5742e-05,0.746046,1,0
2.5293,0.107422,1.00136,5.3045e-05,0.746046,1,0
2.50977,0.126953,1.00131,5.92096e-05,0.747997,1,0
2.50977,0.146484,1.00124,6.51437e-05,0.747997,1,0
2.5293,0.126953,1.0013,5.9135e-05,0.746046,1,0
2.5293,0.146484,1.00123,6.50705e-05,0.746046,1,0
2.54883,0.0878906,1.00139,4.56546e-05,0.744096,1,0
2.54883,0.107422,1.00135,5.29604e-05,0.744096,1,0
2.56836,0.0878906,1.00139,4.55625e-05,0.742146,1,0
2.56836,0.107422,1.00134,5.28704e-05,0.742146,1,0
2.54883,0.126953,1.00129,5.90547e-05,0.744096,1,0
2.54883,0.146484,1.00122,6.49909e-05,0.744096,1,0
2.56836,0.126953,1.00129,5.89684e-05,0.742146,1,0
2.56836,0.146484,1.00122,6.49047e-05,0.742146,1,0
2.58789,0.00976562,1.00134,1.04181e-05,0.740195,1,0
2.58789,0.0292969,1.0014,2.16335e-05,0.740195,1,0
2.60742,0.00976562,1.00133,1.03679e-05,0.738245,1,0
2.60742,0.0292969,1.00139,2.15425e-05,0.738245,1,0
2.58789,0.0488281,1.00142,2.93045e-05,0.740195,1,0
2.58789,0.0683594,1.00141,3.8462e-05,0.740195,1,0
2.60742,0.0488281,1.00141,2.9206e-05,0.738245,1,0
2.60742,0.0683594,1.0014,3.83555e-05,0.738245,1,0
2.62695,0.00976562,1.00132,1.03165e-05,0.736295,1,0
2.62695,0.0292969,1.00138,2.14491e-05,0.736294,1,0
2.64648,0.00976562,1.00131,1.0264e-05,0.734344,1,0
2.64648,0.0292969,1.00137,2.13534e-05,0.734344,1,0
2.62695,0.0488281,1.00141,2.91043e-05,0.736295,1,0
2.62695,0.0683594,1.0014,3.82448e-05,0.736294,1,0
2.64648,0.0488281,1.0014,2.89994e-05,0.734344,1,0
2.64648,0.0683594,1.00139,3.81299e-05,0.734344,1,0
2.58789,0.0878906,1.00138,4.54657e-05,0.740195,1,0
2.58789,0.107422,1.00134,5.2775e-05,0.740195,1,0
2.60742,0.0878906,1.00137,4.53641e-05,0.738245,1,0
2.60742,0.107422,1.00133,5.2674e-05,0.738245,1,0
2.58789,0.126953,1.00128,5.88762e-05,0.740195,1,0
2.58789,0.146484,1.00121,6.4812e-05,0.740195,1,0
2.60742,0.126953,1.00127,5.87778e-05,0.738245,1,0
2.60742,0.146484,1.00121,6.47125e-05,0.738245,1,0
2.62695,0.0878906,1.00137,4.52576e-05,0.736295,1,0
2.62695,0.107422,1.00132,5.25674e-05,0.736295,1,0
2.64648,0.0878906,1.00136,4.51461e-05,0.734344,1,0
2.64648,0.107422,1.00132,5.24551e-05,0.734344,1,0
2.62695,0.126953,1.00127,5.86731e-05,0.736295,1,0
2.62695,0.146484,1.0012,6.46062e-05,0.736295,1,0
2.64648,0.126953,1.00126,5.85622e-05,0.734344,1,0
2.64648,0.146484,1.0012,6.44929e-05,0.734344,1,0
2.50977,0.166016,1.00115,7.01991e-05,0.747997,1,0
2.50977,0.185547,1.00102,7.47772e-05,0.747997,1,0
2.5293,0.166016,1.00114,7.01267e-05,0.746046,1,0
2.5293,0.185547,1.00102,7.47034e-05,0.746047,1,0
2.50977,0.205078,1.00084,7.85053e-05,0.747997,1,0
2.50977,0.224609,1.00053,8.14977e-05,0.747997,1,0
2.5293,0.205078,1.00084,7.84286e-05,0.746047,1,0
2.5293,0.224609,1.00053,8.14158e-05,0.746047,1,0
2.54883,0.166016,1.00114,7.00474e-05,0.744096,1,0
2.54883,0.185547,1.00102,7.46221e-05,0.744096,1,0
2.56836,0.166016,1.00113,6.99611e-05,0.742146,1,0
2.56836,0.185547,1.00101,7.45332e-05,0.742146,1,0
2.54883,0.205078,1.00083,7.8344e-05,0.744096,1,0
2.54883,0.224609,1.00053,8.13254e-05,0.744096,1,0
2.56836,0.205078,1.00083,7.82513e-05,0.742146,1,0
2.56836,0.224609,1.00053,8.12263e-05,0.742146,1,0
2.50977,0.244141,0.999993,8.35115e-05,0.747997,1,0
2.50977,0.263672,0.999005,8.44931e-05,0.747997,1,0
2.5293,0.244141,0.999991,8.34219e-05,0.746047,1,0
2.5293,0.263672,0.999004,8.43925e-05,0.746047,1,0
2.50977,0.283203,0.997181,8.41782e-05,0.747997,1,0
2.50977,0.302734,0.993843,8.23548e-05,0.747998,1,0
2.5293,0.283203,0.997182,8.40632e-05,0.746047,1,0
2.5293,0.302734,0.993846,8.22224e-05,0.746047,1,0
2.54883,0.244141,0.99999,8.33232e-05,0.744097,1,0
2.54883,0.263672,0.999004,8.42824e-05,0.744097,1,0
2.56836,0.244141,0.999988,8.32154e-05,0.742146,1,0
2.56836,0.263672,0.999004,8.41626e-05,0.742146,1,0
2.54883,0.283203,0.997183,8.39383e-05,0.744097,1,0
2.54883,0.302734,0.993849,8.20796e-05,0.744097,1,0
2.56836,0.283203,0.997184,8.38033e-05,0.742147,1,0
2.56836,0.302734,0.993851,8.19264e-05,0.742147,1,0
2.58789,0.166016,1.00113,6.98676e-05,0.740196,1,0
2.58789,0.185547,1.00101,7.44366e-05,0.740196,1,0
2.60742,0.166016,1.00112,6.97668e-05,0.738245,1,0
2.60742,0.185547,1.001,7.43321e-05,0.738245,1,0
2.58789,0.205078,1.00083,7.81503e-05,0.740196,1,0
2.58789,0.224609,1.00052,8.11184e-05,0.740196,1,0
2.60742,0.205078,1.00082,7.80408e-05,0.738245,1,0
2.60742,0.224609,1.00052,8.10015e-05,0.738246,1,0
2.62695,0.166016,1.00112,6.96586e-05,0.736295,1,0
2.62695,0.185547,1.001,7.42196e-05,0.736295,1,0
2.64648,0.166016,1.00111,6.95429e-05,0.734345,1,0
2.64648,0.185547,1.00099,7.4099e-05,0.734345,1,0
2.62695,0.205078,1.00082,7.79228e-05,0.736295,1,0
2.62695,0.224609,1.00052,8.08755e-05,0.736295,1,0
2.64648,0.205078,1.00082,7.7796e-05,0.734345,1,0
2.64648,0.224609,1.00052,8.07401e-05,0.734345,1,0
2.58789,0.244141,0.999987,8.30983e-05,0.740196,1,0
2.58789,0.263672,0.999004,8.40329e-05,0.740196,1,0
2.60742,0.244141,0.999985,8.29715e-05,0.738246,1,0
2.60742,0.263672,0.999003,8.38931e-05,0.738246,1,0
2.58789,0.283203,0.997185,8.36579e-05,0.740196,1,0
2.58789,0.302734,0.993854,8.17623e-05,0.740196,1,0
2.60742,0.283203,0.997186,8.35018e-05,0.738246,1,0
2.60742,0.302734,0.993857,8.15871e-05,0.738246,1,0
2.62695,0.244141,0.999984,8.28351e-05,0.736295,1,0
2.62695,0.263672,0.999003,8.3743e-05,0.736296,1,0
2.64648,0.244141,0.999983,8.26887e-05,0.734345,1,0
2.64648,0.263672,0.999003,8.35824e-05,0.734345,1,0
2.62695,0.283203,0.997187,8.33349e-05,0.736296,1,0
2.62695,0.302734,0.99386,8.14006e-05,0.736296,1,0
2.64648,0.283203,0.997189,8.31569e-05,0.734345,1,0
2.64648,0.302734,0.993863,8.12025e-05,0.734345,1,0
2.66602,0.00976562,1.0013,1.02103e-05,0.732394,1,0
2.66602,0.0292969,1.00136,2.12552e-05,0.732394,1,0
2.68555,0.00976562,1.00129,1.01553e-05,0.730443,1,0
2.68555,0.0292969,1.00136,2.11546e-05,0.730443,1,0
2.66602,0.0488281,1.00139,2.88914e-05,0.732394,1,0
2.66602,0.0683594,1.00138,3.80108e-05,0.732394,1,0
2.68555,0.0488281,1.00138,2.878e-05,0.730443,1,0
2.68555,0.0683594,1.00137,3.78873e-05,0.730443,1,0
2.70508,0.00976562,1.00128,1.00992e-05,0.728493,1,0
2.70508,0.0292969,1.00135,2.10516e-05,0.728493,1,0
2.72461,0.00976562,1.00127,1.00419e-05,0.726543,1,0
2.72461,0.0292969,1.00134,2.09461e-05,0.726542,1,0
2.70508,0.0488281,1.00137,2.86654e-05,0.728493,1,0
2.70508,0.0683594,1.00136,3.77595e-05,0.728493,1,0
2.72461,0.0488281,1.00136,2.85474e-05,0.726543,1,0
2.72461,0.0683594,1.00136,3.76273e-05,0.726543,1,0
2.66602,0.0878906,1.00135,4.50297e-05,0.732394,1,0
2.66602,0.107422,1.00131,5.2337e-05,0.732394,1,0
2.68555,0.0878906,1.00134,4.49081e-05,0.730444,1,0
2.68555,0.107422,1.0013,5.2213e-05,0.730444,1,0
2.66602,0.126953,1.00126,5.84449e-05,0.732394,1,0
2.66602,0.146484,1.00119,6.43726e-05,0.732394,1,0
2.68555,0.126953,1.00125,5.8321e-05,0.730444,1,0
2.68555,0.146484,1.00119,6.42451e-05,0.730444,1,0
2.70508,0.0878906,1.00134,4.47815e-05,0.728493,1,0
2.70508,0.107422,1.0013,5.20831e-05,0.728493,1,0
2.72461,0.0878906,1.00133,4.46496e-05,0.726543,1,0
2.72461,0.107422,1.00129,5.19473e-05,0.726543,1,0
2.70508,0.126953,1.00124,5.81906e-05,0.728493,1,0
2.70508,0.146484,1.00118,6.41104e-05,0.728493,1,0
2.72461,0.126953,1.00124,5.80535e-05,0.726543,1,0
2.72461,0.146484,1.00118,6.39684e-05,0.726543,1,0
2.74414,0.00976562,1.00126,9.98323e-06,0.724592,1,0
2.74414,0.0292969,1.00133,2.0838e-05,0.724592,1,0
2.76367,0.00976562,1.00125,9.9233e-06,0.722642,1,0
2.76367,0.0292969,1.00132,2.07274e-05,0.722642,1,0
2.74414,0.0488281,1.00135,2.84261e-05,0.724592,1,0
2.74414,0.0683594,1.00135,3.74907e-05,0.724592,1,0
2.76367,0.0488281,1.00135,2.83013e-05,0.722642,1,0
2.76367,0.0683594,1.00134,3.73496e-05,0.722642,1,0
2.7832,0.00976562,1.00124,9.86205e-06,0.720691,1,0
2.7832,0.0292969,1.00131,2.06141e-05,0.720691,1,0
2.80273,0.00976562,1.00124,9.79948e-06,0.718741,1,0
2.80273,0.0292969,1.0013,2.04982e-05,0.718741,1,0
2.7832,0.0488281,1.00134,2.81731e-05,0.720691,1,0
2.7832,0.0683594,1.00133,3.7204e-05,0.720691,1,0
2.80273,0.0488281,1.00133,2.80415e-05,0.718741,1,0
2.80273,0.0683594,1.00132,3.70539e-05,0.718741,1,0
2.74414,0.0878906,1.00132,4.45126e-05,0.724592,1,0
2.74414,0.107422,1.00128,5.18054e-05,0.724592,1,0
2.76367,0.0878906,1.00131,4.43702e-05,0.722642,1,0
2.76367,0.107422,1.00128,5.16574e-05,0.722642,1,0
2.74414,0.126953,1.00123,5.79098e-05,0.724593,1,0
2.74414,0.146484,1.00117,6.3819e-05,0.724593,1,0
2.76367,0.126953,1.00123,5.77593e-05,0.722642,1,0
2.76367,0.146484,1.00116,6.36622e-05,0.722642,1,0
2.7832,0.0878906,1.00131,4.42226e-05,0.720692,1,0
2.7832,0.107422,1.00127,5.15034e-05,0.720692,1,0
2.80273,0.0878906,1.0013,4.40697e-05,0.718741,1,0
2.80273,0.107422,1.00126,5.13432e-05,0.718741,1,0
2.7832,0.126953,1.00122,5.76021e-05,0.720692,1,0
2.7832,0.146484,1.00116,6.34979e-05,0.720692,1,0
2.80273,0.126953,1.00121,5.74381e-05,0.718741,1,0
2.80273,0.146484,1.00115,6.33262e-05,0.718741,1,0
2.66602,0.166016,1.00111,6.94195e-05,0.732394,1,0
2.66602,0.185547,1.00099,7.397e-05,0.732394,1,0
2.68555,0.166016,1.0011,6.92884e-05,0.730444,1,0
2.68555,0.185547,1.00099,7.38327e-05,0.730444,1,0
2.66602,0.205078,1.00081,7.76604e-05,0.732394,1,0
2.66602,0.224609,1.00051,8.05952e-05,0.732395,1,0
2.68555,0.205078,1.00081,7.75158e-05,0.730444,1,0
2.68555,0.224609,1.00051,8.04408e-05,0.730444,1,0
2.70508,0.166016,1.0011,6.91494e-05,0.728493,1,0
2.70508,0.185547,1.00098,7.3687e-05,0.728494,1,0
2.72461,0.166016,1.00109,6.90024e-05,0.726543,1,0
2.72461,0.185547,1.00098,7.35326e-05,0.726543,1,0
2.70508,0.205078,1.00081,7.73621e-05,0.728494,1,0
2.70508,0.224609,1.00051,8.02766e-05,0.728494,1,0
2.72461,0.205078,1.0008,7.71992e-05,0.726543,1,0
2.72461,0.224609,1.00051,8.01026e-05,0.726543,1,0
2.66602,0.244141,0.999981,8.25322e-05,0.732395,1,0
2.66602,0.263672,0.999003,8.34112e-05,0.732395,1,0
2.68555,0.244141,0.99998,8.23656e-05,0.730444,1,0
2.68555,0.263672,0.999002,8.32291e-05,0.730445,1,0
2.66602,0.283203,0.99719,8.29677e-05,0.732395,1,0
2.66602,0.302734,0.993866,8.09927e-05,0.732395,1,0
2.68555,0.283203,0.997191,8.27671e-05,0.730445,1,0
2.68555,0.302734,0.993869,8.07711e-05,0.730445,1,0
2.70508,0.244141,0.999978,8.21886e-05,0.728494,1,0
2.70508,0.263672,0.999002,8.30361e-05,0.728494,1,0
2.72461,0.244141,0.999977,8.20012e-05,0.726544,1,0
2.72461,0.263672,0.999002,8.2832e-05,0.726544,1,0
2.70508,0.283203,0.997192,8.25551e-05,0.728494,1,0
2.70508,0.302734,0.993872,8.05375e-05,0.728494,1,0
2.72461,0.283203,0.997194,8.23314e-05,0.726544,1,0
2.72461,0.302734,0.993875,8.02917e-05,0.726544,1,0
2.74414,0.166016,1.00109,6.88475e-05,0.724593,1,0
2.74414,0.185547,1.00097,7.33696e-05,0.724593,1,0
2.76367,0.166016,1.00108,6.86845e-05,0.722642,1,0
2.76367,0.185547,1.00097,7.31979e-05,0.722642,1,0
2.74414,0.205078,1.0008,7.7027e-05,0.724593,1,0
2.74414,0.224609,1.0005,7.99187e-05,0.724593,1,0
2.76367,0.205078,1.0008,7.68455e-05,0.722643,1,0
2.76367,0.224609,1.0005,7.97248e-05,0.722643,1,0
2.7832,0.166016,1.00108,6.85134e-05,0.720692,1,0
2.7832,0.185547,1.00097,7.30174e-05,0.720692,1,0
2.80273,0.166016,1.00107,6.83343e-05,0.718742,1,0
2.80273,0.185547,1.00096,7.28282e-05,0.718742,1,0
2.7832,0.205078,1.00079,7.66546e-05,0.720692,1,0
2.7832,0.224609,1.0005,7.95209e-05,0.720692,1,0
2.80273,0.205078,1.00079,7.64543e-05,0.718742,1,0
2.80273,0.224609,1.0005,7.9307e-05,0.718742,1,0
2.74414,0.244141,0.999976,8.18032e-05,0.724593,1,0
2.74414,0.263672,0.999002,8.26168e-05,0.724593,1,0
2.76367,0.244141,0.999974,8.15946e-05,0.722643,1,0
2.76367,0.263672,0.999002,8.23904e-05,0.722643,1,0
2.74414,0.283203,0.997195,8.2096e-05,0.724594,1,0
2.74414,0.302734,0.993878,8.00337e-05,0.724594,1,0
2.76367,0.283203,0.997196,8.18488e-05,0.722643,1,0
2.76367,0.302734,0.993881,7.97634e-05,0.722643,1,0
2.7832,0.244141,0.999973,8.13754e-05,0.720693,1,0
2.7832,0.263672,0.999002,8.21528e-05,0.720693,1,0
2.80273,0.244141,0.999972,8.11456e-05,0.718742,1,0
2.80273,0.263672,0.999002,8.19038e-05,0.718742,1,0
2.7832,0.283203,0.997197,8.15898e-05,0.720693,1,0
2.7832,0.302734,0.993884,7.94806e-05,0.720693,1,0
2.80273,0.283203,0.997199,8.13188e-05,0.718742,1,0
2.80273,0.302734,0.993887,7.91853e-05,0.718743,1,0
2.50977,0.322266,0.987856,7.86569e-05,0.747998,1,0
2.50977,0.341797,0.977392,7.28187e-05,0.747998,1,0
2.5293,0.322266,0.987861,7.85059e-05,0.746047,1,0
2.5293,0.341797,0.977399,7.26517e-05,0.746048,1,0
2.50977,0.361328,0.959636,6.45998e-05,0.747998,1,0
2.50977,0.380859,0.930433,5.4232e-05,0.747998,1,0
2.5293,0.361328,0.959645,6.44252e-05,0.746048,1,0
2.5293,0.380859,0.930444,5.40622e-05,0.746048,1,0
2.54883,0.322266,0.987865,7.83443e-05,0.744097,1,0
2.54883,0.341797,0.977406,7.24741e-05,0.744097,1,0
2.56836,0.322266,0.98787,7.81718e-05,0.742147,1,0
2.56836,0.341797,0.977413,7.22855e-05,0.742147,1,0
2.54883,0.361328,0.959655,6.42399e-05,0.744097,1,0
2.54883,0.380859,0.930456,5.3882e-05,0.744098,1,0
2.56836,0.361328,0.959664,6.40437e-05,0.742147,1,0
2.56836,0.380859,0.930467,5.36909e-05,0.742147,1,0
2.50977,0.400391,0.883928,4.22037e-05,0.747998,1,0
2.50977,0.419922,0.812245,2.9738e-05,0.747998,1,0
2.5293,0.400391,0.88394,4.20516e-05,0.746048,1,0
2.5293,0.419922,0.812257,2.96138e-05,0.746048,1,0
2.50977,0.439453,0.705298,1.78382e-05,0.747998,1,0
2.50977,0.458984,0.550798,8.24604e-06,0.747999,1,0
2.5293,0.439453,0.705308,1.77519e-05,0.746048,1,0
2.5293,0.458984,0.550806,8.20585e-06,0.746048,1,0
2.54883,0.400391,0.883952,4.18897e-05,0.744098,1,0
2.54883,0.419922,0.812269,2.94813e-05,0.744098,1,0
2.56836,0.400391,0.883964,4.17178e-05,0.742147,1,0
2.56836,0.419922,0.812281,2.93401e-05,0.742148,1,0
2.54883,0.439453,0.705319,1.76595e-05,0.744098,1,0
2.54883,0.458984,0.550814,8.16247e-06,0.744098,1,0
2.56836,0.439453,0.70533,1.7561e-05,0.742148,1,0
2.56836,0.458984,0.550822,8.11581e-06,0.742148,1,0
2.58789,0.322266,0.987875,7.79883e-05,0.740197,1,0
2.58789,0.341797,0.97742,7.20855e-05,0.740197,1,0
2.60742,0.322266,0.98788,7.77932e-05,0.738246,1,0
2.60742,0.341797,0.977427,7.1874e-05,0.738246,1,0
2.58789,0.361328,0.959673,6.38361e-05,0.740197,1,0
2.58789,0.380859,0.930478,5.34888e-05,0.740197,1,0
2.60742,0.361328,0.959682,6.36169e-05,0.738247,1,0
2.60742,0.380859,0.930489,5.32754e-05,0.738247,1,0
2.62695,0.322266,0.987885,7.75866e-05,0.736296,1,0
2.62695,0.341797,0.977435,7.16505e-05,0.736296,1,0
2.64648,0.322266,0.98789,7.7368e-05,0.734346,1,0
2.64648,0.341797,0.977442,7.1415e-05,0.734346,1,0
2.62695,0.361328,0.959692,6.33858e-05,0.736296,1,0
2.62695,0.380859,0.9305,5.30503e-05,0.736296,1,0
2.64648,0.361328,0.959701,6.31425e-05,0.734346,1,0
2.64648,0.380859,0.930511,5.28133e-05,0.734346,1,0
2.58789,0.400391,0.883977,4.15355e-05,0.740197,1,0
2.58789,0.419922,0.812293,2.91901e-05,0.740197,1,0
2.60742,0.400391,0.883989,4.13426e-05,0.738247,1,0
2.60742,0.419922,0.812305,2.90309e-05,0.738247,1,0
2.58789,0.439453,0.70534,1.7456e-05,0.740197,1,0
2.58789,0.458984,0.55083,8.06562e-06,0.740198,1,0
2.60742,0.439453,0.705351,1.73443e-05,0.738247,1,0
2.60742,0.458984,0.550838,8.01183e-06,0.738247,1,0
2.62695,0.400391,0.884001,4.11387e-05,0.736297,1,0
2.62695,0.419922,0.812317,2.88623e-05,0.736297,1,0
2.64648,0.400391,0.884013,4.09237e-05,0.734346,1,0
2.64648,0.419922,0.812329,2.8684e-05,0.734346,1,0
2.62695,0.439453,0.705361,1.72259e-05,0.736297,1,0
2.62695,0.458984,0.550846,7.95422e-06,0.736297,1,0
2.64648,0.439453,0.705372,1.71003e-05,0.734347,1,0
2.64648,0.458984,0.550853,7.89273e-06,0.734347,1,0
2.50977,0.478516,0.334508,1.48737e-06,0.747999,1,0
2.50977,0.498047,0.0407491,-1.07297e-06,0.747999,0.6,0
2.5293,0.478516,0.334512,1.48875e-06,0.746048,1,0
2.5293,0.498047,0.0407496,-1.05986e-06,0.746049,0.6,0
2.54883,0.478516,0.334517,1.48956e-06,0.744098,1,0
2.54883,0.498047,0.0407501,-1.04607e-06,0.744098,0.6,0
2.56836,0.478516,0.334521,1.48971e-06,0.742148,1,0
2.56836,0.498047,0.0407506,-1.03159e-06,0.742148,0.6,0
2.58789,0.478516,0.334526,1.48916e-06,0.740198,1,0
2.58789,0.498047,0.0407512,-1.01642e-06,0.740198,0.6,0
2.60742,0.478516,0.33453,1.48782e-06,0.738247,1,0
2.60742,0.498047,0.0407517,-1.00058e-06,0.738247,0.6,0
2.62695,0.478516,0.334535,1.48565e-06,0.736297,1,0
2.62695,0.498047,0.0407523,-9.84077e-07,0.736297,0.6,0
2.64648,0.478516,0.334539,1.48258e-06,0.734347,1,0
2.64648,0.498047,0.0407529,-9.6694e-07,0.734347,0.6,0
2.66602,0.322266,0.987895,7.71373e-05,0.732395,1,0
2.66602,0.341797,0.977449,7.11671e-05,0.732396,1,0
2.68555,0.322266,0.9879,7.68943e-05,0.730445,1,0
2.68555,0.341797,0.977456,7.09067e-05,0.730445,1,0
2.66602,0.361328,0.95971,6.2887e-05,0.732396,1,0
2.66602,0.380859,0.930522,5.25642e-05,0.732396,1,0
2.68555,0.361328,0.95972,6.26189e-05,0.730445,1,0
2.68555,0.380859,0.930533,5.23028e-05,0.730446,1,0
2.70508,0.322266,0.987904,7.6639e-05,0.728495,1,0
2.70508,0.341797,0.977463,7.06337e-05,0.728495,1,0
2.72461,0.322266,0.987909,7.63711e-05,0.726544,1,0
2.72461,0.341797,0.97747,7.03479e-05,0.726545,1,0
2.70508,0.361328,0.959729,6.2338e-05,0.728495,1,0
2.70508,0.380859,0.930545,5.20287e-05,0.728495,1,0
2.72461,0.361328,0.959738,6.20443e-05,0.726545,1,0
2.72461,0.380859,0.930556,5.17419e-05,0.726545,1,0
2.66602,0.400391,0.884025,4.06973e-05,0.732396,1,0
2.66602,0.419922,0.812341,2.84959e-05,0.732396,1,0
2.68555,0.400391,0.884037,4.04592e-05,0.730446,1,0
2.68555,0.419922,0.812353,2.82977e-05,0.730446,1,0
2.66602,0.439453,0.705382,1.69676e-05,0.732396,1,0
2.66602,0.458984,0.550861,7.82718e-06,0.732396,1,0
2.68555,0.439453,0.705393,1.68275e-05,0.730446,1,0
2.68555,0.458984,0.550869,7.75754e-06,0.730446,1,0
2.70508,0.400391,0.884049,4.02092e-05,0.728495,1,0
2.70508,0.419922,0.812364,2.80894e-05,0.728496,1,0
2.72461,0.400391,0.884061,3.99473e-05,0.726545,1,0
2.72461,0.419922,0.812376,2.78707e-05,0.726545,1,0
2.70508,0.439453,0.705403,1.668e-05,0.728496,1,0
2.70508,0.458984,0.550876,7.68367e-06,0.728496,1,0
2.72461,0.439453,0.705413,1.6525e-05,0.726545,1,0
2.72461,0.458984,0.550884,7.6056e-06,0.726545,1,0
2.74414,0.322266,0.987914,7.60906e-05,0.724594,1,0
2.74414,0.341797,0.977477,7.00491e-05,0.724594,1,0
2.76367,0.322266,0.987919,7.57972e-05,0.722644,1,0
2.76367,0.341797,0.977485,6.97372e-05,0.722644,1,0
2.74414,0.361328,0.959748,6.17375e-05,0.724594,1,0
2.74414,0.380859,0.930567,5.14423e-05,0.724595,1,0
2.76367,0.361328,0.959757,6.14175e-05,0.722644,1,0
2.76367,0.380859,0.930578,5.11296e-05,0.722644,1,0
2.7832,0.322266,0.987924,7.54911e-05,0.720693,1,0
2.7832,0.341797,0.977492,6.94121e-05,0.720693,1,0
2.80273,0.322266,0.987929,7.5172e-05,0.718743,1,0
2.80273,0.341797,0.977499,6.90739e-05,0.718743,1,0
2.7832,0.361328,0.959766,6.10842e-05,0.720694,1,0
2.7832,0.380859,0.930589,5.08039e-05,0.720694,1,0
2.80273,0.361328,0.959776,6.07377e-05,0.718743,1,0
2.80273,0.380859,0.9306,5.04652e-05,0.718743,1,0
2.74414,0.400391,0.884073,3.96733e-05,0.724595,1,0
2.74414,0.419922,0.812388,2.76417e-05,0.724595,1,0
2.76367,0.400391,0.884085,3.93871e-05,0.722644,1,0
2.76367,0.419922,0.812399,2.74023e-05,0.722645,1,0
2.74414,0.439453,0.705423,1.63624e-05,0.724595,1,0
2.74414,0.458984,0.550891,7.52325e-06,0.724595,1,0
2.76367,0.439453,0.705433,1.61923e-05,0.722645,1,0
2.76367,0.458984,0.550899,7.43668e-06,0.722645,1,0
2.7832,0.400391,0.884097,3.90888e-05,0.720694,1,0
2.7832,0.419922,0.812411,2.71526e-05,0.720694,1,0
2.80273,0.400391,0.884109,3.87784e-05,0.718744,1,0
2.80273,0.419922,0.812422,2.68926e-05,0.718744,1,0
2.7832,0.439453,0.705443,1.60148e-05,0.720694,1,0
2.7832,0.458984,0.550906,7.34588e-06,0.720694,1,0
2.80273,0.439453,0.705453,1.58298e-05,0.718744,1,0
2.80273,0.458984,0.550913,7.25099e-06,0.718744,1,0
2.66602,0.478516,0.334543,1.47857e-06,0.732396,1,0
2.66602,0.498047,0.0407535,-9.49177e-07,0.732397,0.6,0
2.68555,0.478516,0.334548,1.47355e-06,0.730446,1,0
2.68555,0.498047,0.0407541,-9.30842e-07,0.730446,0.6,0
2.70508,0.478516,0.334552,1.46751e-06,0.728496,1,0
2.70508,0.498047,0.0407547,-9.11952e-07,0.728496,0.6,0
2.72461,0.478516,0.334556,1.46038e-06,0.726545,1,0
2.72461,0.498047,0.0407553,-8.9257e-07,0.726546,0.6,0
2.74414,0.478516,0.33456,1.45217e-06,0.724595,1,0
2.74414,0.498047,0.0407559,-8.72723e-07,0.724595,0.6,0
2.76367,0.478516,0.334565,1.44283e-06,0.722645,1,0
2.76367,0.498047,0.0407566,-8.52482e-07,0.722645,0.6,0
2.7832,0.478516,0.334569,1.43238e-06,0.720694,1,0
2.7832,0.498047,0.0407572,-8.31884e-07,0.720695,0.6,0
2.80273,0.478516,0.334573,1.4208e-06,0.718744,1,0
2.80273,0.498047,0.0407578,-8.11004e-07,0.718744,0.6,0
2.82227,0.00976562,1.00123,9.73562e-06,0.716791,1,0
2.82227,0.0292969,1.00129,2.03797e-05,0.71679,1,0
2.8418,0.00976562,1.00122,9.6705e-06,0.71484,1,0
2.8418,0.0292969,1.00128,2.02586e-05,0.71484,1,0
2.82227,0.0488281,1.00132,2.79064e-05,0.716791,1,0
2.82227,0.0683594,1.00132,3.68992e-05,0.716791,1,0
2.8418,0.0488281,1.00131,2.77679e-05,0.71484,1,0
2.8418,0.0683594,1.00131,3.674e-05,0.71484,1,0
2.86133,0.00976562,1.00121,9.60418e-06,0.71289,1,0
2.86133,0.0292969,1.00128,2.01351e-05,0.712889,1,0
2.88086,0.00976562,1.0012,9.5367e-06,0.710939,1,0
2.88086,0.0292969,1.00127,2.00091e-05,0.710939,1,0
2.86133,0.0488281,1.0013,2.76259e-05,0.71289,1,0
2.86133,0.0683594,1.0013,3.65763e-05,0.71289,1,0
2.88086,0.0488281,1.00129,2.74807e-05,0.710939,1,0
2.88086,0.0683594,1.00129,3.64082e-05,0.710939,1,0
2.82227,0.0878906,1.00129,4.39114e-05,0.716791,1,0
2.82227,0.107422,1.00126,5.11768e-05,0.716791,1,0
2.8418,0.0878906,1.00129,4.37478e-05,0.71484,1,0
2.8418,0.107422,1.00125,5.10044e-05,0.71484,1,0
2.82227,0.126953,1.00121,5.72672e-05,0.716791,1,0
2.82227,0.146484,1.00115,6.3147e-05,0.716791,1,0
2.8418,0.126953,1.0012,5.70896e-05,0.71484,1,0
2.8418,0.146484,1.00114,6.29603e-05,0.714841,1,0
2.86133,0.0878906,1.00128,4.35789e-05,0.71289,1,0
2.86133,0.107422,1.00124,5.08258e-05,0.71289,1,0
2.88086,0.0878906,1.00127,4.34048e-05,0.710939,1,0
2.88086,0.107422,1.00124,5.06411e-05,0.710939,1,0
2.86133,0.126953,1.0012,5.69052e-05,0.71289,1,0
2.86133,0.146484,1.00114,6.27661e-05,0.71289,1,0
2.88086,0.126953,1.00119,5.6714e-05,0.71094,1,0
2.88086,0.146484,1.00113,6.25645e-05,0.71094,1,0
2.90039,0.00976562,1.00119,9.46811e-06,0.708989,1,0
2.90039,0.0292969,1.00126,1.98808e-05,0.708989,1,0
2.91992,0.00976562,1.00118,9.39844e-06,0.707038,1,0
2.91992,0.0292969,1.00125,1.97501e-05,0.707038,1,0
2.90039,0.0488281,1.00129,2.73321e-05,0.708989,1,0
2.90039,0.0683594,1.00128,3.62357e-05,0.708989,1,0
2.91992,0.0488281,1.00128,2.71802e-05,0.707038,1,0
2.91992,0.0683594,1.00128,3.60588e-05,0.707038,1,0
2.93945,0.00976562,1.00118,9.32771e-06,0.705088,1,0
2.93945,0.0292969,1.00124,1.96172e-05,0.705088,1,0
2.95898,0.00976562,1.00117,9.25594e-06,0.703137,1,0
2.95898,0.0292969,1.00123,1.9482e-05,0.703137,1,0
2.93945,0.0488281,1.00127,2.7025e-05,0.705088,1,0
2.93945,0.0683594,1.00127,3.58776e-05,0.705088,1,0
2.95898,0.0488281,1.00126,2.68667e-05,0.703137,1,0
2.95898,0.0683594,1.00126,3.56921e-05,0.703137,1,0
2.90039,0.0878906,1.00126,4.32254e-05,0.708989,1,0
2.90039,0.107422,1.00123,5.04504e-05,0.708989,1,0
2.91992,0.0878906,1.00126,4.30408e-05,0.707038,1,0
2.91992,0.107422,1.00122,5.02536e-05,0.707038,1,0
2.90039,0.126953,1.00118,5.65161e-05,0.708989,1,0
2.90039,0.146484,1.00113,6.23555e-05,0.708989,1,0
2.91992,0.126953,1.00118,5.63115e-05,0.707039,1,0
2.91992,0.146484,1.00112,6.21391e-05,0.707039,1,0
2.93945,0.0878906,1.00125,4.28511e-05,0.705088,1,0
2.93945,0.107422,1.00122,5.00509e-05,0.705088,1,0
2.95898,0.0878906,1.00124,4.26563e-05,0.703137,1,0
2.95898,0.107422,1.00121,4.98422e-05,0.703138,1,0
2.93945,0.126953,1.00117,5.61003e-05,0.705088,1,0
2.93945,0.146484,1.00112,6.19154e-05,0.705088,1,0
2.95898,0.126953,1.00117,5.58824e-05,0.703138,1,0
2.95898,0.146484,1.00111,6.16845e-05,0.703138,1,0
2.82227,0.166016,1.00107,6.8147e-05,0.716791,1,0
2.82227,0.185547,1.00096,7.26302e-05,0.716791,1,0
2.8418,0.166016,1.00106,6.79515e-05,0.714841,1,0
2.8418,0.185547,1.00095,7.24235e-05,0.714841,1,0
2.82227,0.205078,1.00079,7.62446e-05,0.716791,1,0
2.82227,0.224609,1.00049,7.9083e-05,0.716792,1,0
2.8418,0.205078,1.00078,7.60255e-05,0.714841,1,0
2.8418,0.224609,1.00049,7.88489e-05,0.714841,1,0
2.86133,0.166016,1.00106,6.7748e-05,0.71289,1,0
2.86133,0.185547,1.00095,7.2208e-05,0.71289,1,0
2.88086,0.166016,1.00106,6.75365e-05,0.71094,1,0
2.88086,0.185547,1.00095,7.19838e-05,0.71094,1,0
2.86133,0.205078,1.00078,7.5797e-05,0.712891,1,0
2.86133,0.224609,1.00049,7.86048e-05,0.712891,1,0
2.88086,0.205078,1.00078,7.55592e-05,0.71094,1,0
2.88086,0.224609,1.00049,7.83508e-05,0.71094,1,0
2.82227,0.244141,0.99997,8.0905e-05,0.716792,1,0
2.82227,0.263672,0.999001,8.16434e-05,0.716792,1,0
2.8418,0.244141,0.999969,8.06537e-05,0.714841,1,0
2.8418,0.263672,0.999001,8.13718e-05,0.714841,1,0
2.82227,0.283203,0.9972,8.10358e-05,0.716792,1,0
2.82227,0.302734,0.99389,7.88776e-05,0.716792,1,0
2.8418,0.283203,0.997202,8.0741e-05,0.714842,1,0
2.8418,0.302734,0.993893,7.85574e-05,0.714842,1,0
2.86133,0.244141,0.999968,8.03918e-05,0.712891,1,0
2.86133,0.263672,0.999001,8.10888e-05,0.712891,1,0
2.88086,0.244141,0.999967,8.01192e-05,0.71094,1,0
2.88086,0.263672,0.999001,8.07947e-05,0.710941,1,0
2.86133,0.283203,0.997203,8.04343e-05,0.712891,1,0
2.86133,0.302734,0.993896,7.82249e-05,0.712891,1,0
2.88086,0.283203,0.997204,8.01158e-05,0.710941,1,0
2.88086,0.302734,0.993899,7.788e-05,0.710941,1,0
2.90039,0.166016,1.00105,6.73168e-05,0.708989,1,0
2.90039,0.185547,1.00094,7.17509e-05,0.708989,1,0
2.91992,0.166016,1.00105,6.70893e-05,0.707039,1,0
2.91992,0.185547,1.00094,7.15094e-05,0.707039,1,0
2.90039,0.205078,1.00077,7.5312e-05,0.70899,1,0
2.90039,0.224609,1.00048,7.80868e-05,0.70899,1,0
2.91992,0.205078,1.00077,7.50557e-05,0.707039,1,0
2.91992,0.224609,1.00048,7.78131e-05,0.707039,1,0
2.93945,0.166016,1.00104,6.68538e-05,0.705088,1,0
2.93945,0.185547,1.00093,7.12594e-05,0.705089,1,0
2.95898,0.166016,1.00104,6.66104e-05,0.703138,1,0
2.95898,0.185547,1.00093,7.10009e-05,0.703138,1,0
2.93945,0.205078,1.00077,7.47903e-05,0.705089,1,0
2.93945,0.224609,1.00048,7.75296e-05,0.705089,1,0
2.95898,0.205078,1.00076,7.45159e-05,0.703138,1,0
2.95898,0.224609,1.00048,7.72366e-05,0.703138,1,0
2.90039,0.244141,0.999965,7.98362e-05,0.70899,1,0
2.90039,0.263672,0.999001,8.04894e-05,0.70899,1,0
2.91992,0.244141,0.999964,7.95428e-05,0.70704,1,0
2.91992,0.263672,0.999001,8.01732e-05,0.70704,1,0
2.90039,0.283203,0.997206,7.97856e-05,0.70899,1,0
2.90039,0.302734,0.993902,7.7523e-05,0.708991,1,0
2.91992,0.283203,0.997207,7.94439e-05,0.70704,1,0
2.91992,0.302734,0.993906,7.7154e-05,0.70704,1,0
2.93945,0.244141,0.999963,7.92391e-05,0.705089,1,0
2.93945,0.263672,0.999001,7.98462e-05,0.705089,1,0
2.95898,0.244141,0.999962,7.89253e-05,0.703139,1,0
2.95898,0.263672,0.999002,7.95085e-05,0.703139,1,0
2.93945,0.283203,0.997209,7.9091e-05,0.705089,1,0
2.93945,0.302734,0.993909,7.67734e-05,0.70509,1,0
2.95898,0.283203,0.99721,7.87269e-05,0.703139,1,0
2.95898,0.302734,0.993912,7.63813e-05,0.703139,1,0
2.97852,0.00976562,1.00116,9.18313e-06,0.701187,1,0
2.97852,0.0292969,1.00122,1.93445e-05,0.701187,1,0
2.99805,0.00976562,1.00115,9.10929e-06,0.699236,1,0
2.99805,0.0292969,1.00121,1.92048e-05,0.699236,1,0
2.97852,0.0488281,1.00125,2.67051e-05,0.701187,1,0
2.97852,0.0683594,1.00125,3.55023e-05,0.701187,1,0
2.99805,0.0488281,1.00124,2.65404e-05,0.699236,1,0
2.99805,0.0683594,1.00125,3.53083e-05,0.699236,1,0
3.01758,0.00976562,1.00114,9.03444e-06,0.697286,1,0
3.01758,0.0292969,1.00121,1.9063e-05,0.697286,1,0
3.03711,0.00976562,1.00113,8.9586e-06,0.695335,1,0
3.03711,0.0292969,1.0012,1.89189e-05,0.695335,1,0
3.01758,0.0488281,1.00124,2.63725e-05,0.697286,1,0
3.01758,0.0683594,1.00124,3.51102e-05,0.697286,1,0
3.03711,0.0488281,1.00123,2.62016e-05,0.695335,1,0
3.03711,0.0683594,1.00123,3.49079e-05,0.695335,1,0
2.97852,0.0878906,1.00124,4.24563e-05,0.701187,1,0
2.97852,0.107422,1.0012,4.96277e-05,0.701187,1,0
2.99805,0.0878906,1.00123,4.22513e-05,0.699236,1,0
2.99805,0.107422,1.0012,4.94073e-05,0.699236,1,0
2.97852,0.126953,1.00116,5.56581e-05,0.701187,1,0
2.97852,0.146484,1.00111,6.14464e-05,0.701187,1,0
2.99805,0.126953,1.00115,5.54273e-05,0.699237,1,0
2.99805,0.146484,1.0011,6.12012e-05,0.699237,1,0
3.01758,0.0878906,1.00122,4.20414e-05,0.697286,1,0
3.01758,0.107422,1.00119,4.91812e-05,0.697286,1,0
3.03711,0.0878906,1.00121,4.18265e-05,0.695335,1,0
3.03711,0.107422,1.00118,4.89494e-05,0.695335,1,0
3.01758,0.126953,1.00115,5.51901e-05,0.697286,1,0
3.01758,0.146484,1.00109,6.09491e-05,0.697286,1,0
3.03711,0.126953,1.00114,5.49467e-05,0.695336,1,0
3.03711,0.146484,1.00109,6.06901e-05,0.695336,1,0
3.05664,0.00976562,1.00113,8.88179e-06,0.693385,1,0
3.05664,0.0292969,1.00119,1.87728e-05,0.693384,1,0
3.07617,0.00976562,1.00112,8.80405e-06,0.691434,1,0
3.07617,0.0292969,1.00118,1.86246e-05,0.691434,1,0
3.05664,0.0488281,1.00122,2.60276e-05,0.693385,1,0
3.05664,0.0683594,1.00122,3.47015e-05,0.693385,1,0
3.07617,0.0488281,1.00121,2.58507e-05,0.691434,1,0
3.07617,0.0683594,1.00122,3.44912e-05,0.691434,1,0
3.0957,0.00976562,1.00111,8.72542e-06,0.689484,1,0
3.0957,0.0292969,1.00117,1.84744e-05,0.689483,1,0
3.11523,0.00976562,1.0011,8.64592e-06,0.687533,1,0
3.11523,0.0292969,1.00116,1.83222e-05,0.687533,1,0
3.0957,0.0488281,1.0012,2.56708e-05,0.689484,1,0
3.0957,0.0683594,1.00121,3.42769e-05,0.689483,1,0
3.11523,0.0488281,1.0012,2.54881e-05,0.687533,1,0
3.11523,0.0683594,1.0012,3.40587e-05,0.687533,1,0
3.05664,0.0878906,1.00121,4.16068e-05,0.693385,1,0
3.05664,0.107422,1.00118,4.8712e-05,0.693385,1,0
3.07617,0.0878906,1.0012,4.13823e-05,0.691434,1,0
3.07617,0.107422,1.00117,4.84691e-05,0.691434,1,0
3.05664,0.126953,1.00114,5.4697e-05,0.693385,1,0
3.05664,0.146484,1.00108,6.04243e-05,0.693385,1,0
3.07617,0.126953,1.00113,5.44412e-05,0.691434,1,0
3.07617,0.146484,1.00108,6.01519e-05,0.691435,1,0
3.0957,0.0878906,1.00119,4.11531e-05,0.689484,1,0
3.0957,0.107422,1.00116,4.82208e-05,0.689484,1,0
3.11523,0.0878906,1.00119,4.09192e-05,0.687533,1,0
3.11523,0.107422,1.00116,4.79671e-05,0.687533,1,0
3.0957,0.126953,1.00112,5.41795e-05,0.689484,1,0
3.0957,0.146484,1.00107,5.98729e-05,0.689484,1,0
3.11523,0.126953,1.00112,5.39118e-05,0.687533,1,0
3.11523,0.146484,1.00107,5.95876e-05,0.687533,1,0
2.97852,0.166016,1.00103,6.63593e-05,0.701187,1,0
2.97852,0.185547,1.00093,7.07342e-05,0.701188,1,0
2.99805,0.166016,1.00103,6.61006e-05,0.699237,1,0
2.99805,0.185547,1.00092,7.04593e-05,0.699237,1,0
2.97852,0.205078,1.00076,7.42326e-05,0.701188,1,0
2.97852,0.224609,1.00048,7.69342e-05,0.701188,1,0
2.99805,0.205078,1.00076,7.39406e-05,0.699237,1,0
2.99805,0.224609,1.00047,7.66225e-05,0.699237,1,0
3.01758,0.166016,1.00102,6.58344e-05,0.697286,1,0
3.01758,0.185547,1.00092,7.01763e-05,0.697286,1,0
3.03711,0.166016,1.00102,6.55608e-05,0.695336,1,0
3.03711,0.185547,1.00091,6.98854e-05,0.695336,1,0
3.01758,0.205078,1.00075,7.36401e-05,0.697287,1,0
3.01758,0.224609,1.00047,7.63019e-05,0.697287,1,0
3.03711,0.205078,1.00075,7.33313e-05,0.695336,1,0
3.03711,0.224609,1.00047,7.59724e-05,0.695336,1,0
2.97852,0.244141,0.999961,7.86016e-05,0.701188,1,0
2.97852,0.263672,0.999002,7.91605e-05,0.701188,1,0
2.99805,0.244141,0.99996,7.82682e-05,0.699238,1,0
2.99805,0.263672,0.999002,7.88023e-05,0.699238,1,0
2.97852,0.283203,0.997212,7.83521e-05,0.701188,1,0
2.97852,0.302734,0.993915,7.5978e-05,0.701189,1,0
2.99805,0.283203,0.997214,7.79667e-05,0.699238,1,0
2.99805,0.302734,0.993919,7.55638e-05,0.699238,1,0
3.01758,0.244141,0.999959,7.79253e-05,0.697287,1,0
3.01758,0.263672,0.999002,7.84342e-05,0.697287,1,0
3.03711,0.244141,0.999957,7.75733e-05,0.695336,1,0
3.03711,0.263672,0.999002,7.80565e-05,0.695337,1,0
3.01758,0.283203,0.997215,7.75711e-05,0.697287,1,0
3.01758,0.302734,0.993922,7.51392e-05,0.697288,1,0
3.03711,0.283203,0.997217,7.71655e-05,0.695337,1,0
3.03711,0.302734,0.993925,7.47044e-05,0.695337,1,0
3.05664,0.166016,1.00101,6.528e-05,0.693385,1,0
3.05664,0.185547,1.00091,6.95868e-05,0.693385,1,0
3.07617,0.166016,1.00101,6.4992e-05,0.691435,1,0
3.07617,0.185547,1.00091,6.92806e-05,0.691435,1,0
3.05664,0.205078,1.00075,7.30142e-05,0.693386,1,0
3.05664,0.224609,1.00047,7.56344e-05,0.693386,1,0
3.07617,0.205078,1.00074,7.26891e-05,0.691435,1,0
3.07617,0.224609,1.00047,7.52879e-05,0.691435,1,0
3.0957,0.166016,1.001,6.4697e-05,0.689484,1,0
3.0957,0.185547,1.0009,6.89669e-05,0.689484,1,0
3.11523,0.166016,1.001,6.43951e-05,0.687534,1,0
3.11523,0.185547,1.0009,6.8646e-05,0.687534,1,0
3.0957,0.205078,1.00074,7.23562e-05,0.689484,1,0
3.0957,0.224609,1.00046,7.49332e-05,0.689485,1,0
3.11523,0.205078,1.00074,7.20157e-05,0.687534,1,0
3.11523,0.224609,1.00046,7.45706e-05,0.687534,1,0
3.05664,0.244141,0.999956,7.72122e-05,0.693386,1,0
3.05664,0.263672,0.999002,7.76695e-05,0.693386,1,0
3.07617,0.244141,0.999955,7.68424e-05,0.691435,1,0
3.07617,0.263672,0.999003,7.72734e-05,0.691436,1,0
3.05664,0.283203,0.997219,7.67504e-05,0.693386,1,0
3.05664,0.302734,0.993929,7.42598e-05,0.693387,1,0
3.07617,0.283203,0.99722,7.63259e-05,0.691436,1,0
3.07617,0.302734,0.993932,7.38057e-05,0.691436,1,0
3.0957,0.244141,0.999954,7.6464e-05,0.689485,1,0
3.0957,0.263672,0.999003,7.68686e-05,0.689485,1,0
3.11523,0.244141,0.999954,7.60774e-05,0.687534,1,0
3.11523,0.263672,0.999003,7.64552e-05,0.687534,1,0
3.0957,0.283203,0.997222,7.58924e-05,0.689485,1,0
3.0957,0.302734,0.993936,7.33425e-05,0.689485,1,0
3.11523,0.283203,0.997224,7.54502e-05,0.687535,1,0
3.11523,0.302734,0.993939,7.28705e-05,0.687535,1,0
2.82227,0.322266,0.987935,7.484e-05,0.716792,1,0
2.82227,0.341797,0.977506,6.87224e-05,0.716793,1,0
2.8418,0.322266,0.98794,7.44951e-05,0.714842,1,0
2.8418,0.341797,0.977513,6.83578e-05,0.714842,1,0
2.82227,0.361328,0.959785,6.03779e-05,0.716793,1,0
2.82227,0.380859,0.930611,5.01135e-05,0.716793,1,0
2.8418,0.361328,0.959794,6.00049e-05,0.714842,1,0
2.8418,0.380859,0.930622,4.9749e-05,0.714843,1,0
2.86133,0.322266,0.987945,7.41374e-05,0.712892,1,0
2.86133,0.341797,0.977521,6.79802e-05,0.712892,1,0
2.88086,0.322266,0.98795,7.37671e-05,0.710941,1,0
2.88086,0.341797,0.977528,6.75897e-05,0.710941,1,0
2.86133,0.361328,0.959803,5.96189e-05,0.712892,1,0
2.86133,0.380859,0.930632,4.93718e-05,0.712892,1,0
2.88086,0.361328,0.959813,5.92201e-05,0.710942,1,0
2.88086,0.380859,0.930643,4.89822e-05,0.710942,1,0
2.82227,0.400391,0.88412,3.8456e-05,0.716793,1,0
2.82227,0.419922,0.812434,2.66225e-05,0.716793,1,0
2.8418,0.400391,0.884132,3.81218e-05,0.714843,1,0
2.8418,0.419922,0.812445,2.63424e-05,0.714843,1,0
2.82227,0.439453,0.705463,1.56376e-05,0.716794,1,0
2.82227,0.458984,0.55092,7.15205e-06,0.716794,1,0
2.8418,0.439453,0.705473,1.54384e-05,0.714843,1,0
2.8418,0.458984,0.550927,7.04927e-06,0.714843,1,0
2.86133,0.400391,0.884144,3.77761e-05,0.712892,1,0
2.86133,0.419922,0.812456,2.60526e-05,0.712893,1,0
2.88086,0.400391,0.884155,3.7419e-05,0.710942,1,0
2.88086,0.419922,0.812468,2.57534e-05,0.710942,1,0
2.86133,0.439453,0.705482,1.52324e-05,0.712893,1,0
2.86133,0.458984,0.550934,6.94274e-06,0.712893,1,0
2.88086,0.439453,0.705492,1.50199e-05,0.710942,1,0
2.88086,0.458984,0.550941,6.83274e-06,0.710942,1,0
2.90039,0.322266,0.987955,7.33842e-05,0.708991,1,0
2.90039,0.341797,0.977535,6.71865e-05,0.708991,1,0
2.91992,0.322266,0.98796,7.29892e-05,0.70704,1,0
2.91992,0.341797,0.977542,6.67709e-05,0.707041,1,0
2.90039,0.361328,0.959822,5.88087e-05,0.708991,1,0
2.90039,0.380859,0.930654,4.85805e-05,0.708991,1,0
2.91992,0.361328,0.959831,5.8385e-05,0.707041,1,0
2.91992,0.380859,0.930665,4.8167e-05,0.707041,1,0
2.93945,0.322266,0.987965,7.25821e-05,0.70509,1,0
2.93945,0.341797,0.97755,6.63432e-05,0.70509,1,0
2.95898,0.322266,0.987971,7.21633e-05,0.703139,1,0
2.95898,0.341797,0.977557,6.59037e-05,0.70314,1,0
2.93945,0.361328,0.959841,5.79493e-05,0.70509,1,0
2.93945,0.380859,0.930676,4.7742e-05,0.705091,1,0
2.95898,0.361328,0.95985,5.75021e-05,0.70314,1,0
2.95898,0.380859,0.930687,4.73061e-05,0.70314,1,0
2.90039,0.400391,0.884167,3.70508e-05,0.708992,1,0
2.90039,0.419922,0.812479,2.54452e-05,0.708992,1,0
2.91992,0.400391,0.884179,3.66721e-05,0.707041,1,0
2.91992,0.419922,0.81249,2.51282e-05,0.707041,1,0
2.90039,0.439453,0.705501,1.48012e-05,0.708992,1,0
2.90039,0.458984,0.550948,6.71942e-06,0.708992,1,0
2.91992,0.439453,0.70551,1.45767e-05,0.707042,1,0
2.91992,0.458984,0.550955,6.60308e-06,0.707042,1,0
2.93945,0.400391,0.88419,3.62831e-05,0.705091,1,0
2.93945,0.419922,0.812501,2.4803e-05,0.705091,1,0
2.95898,0.400391,0.884202,3.58844e-05,0.70314,1,0
2.95898,0.419922,0.812512,2.44701e-05,0.70314,1,0
2.93945,0.439453,0.70552,1.43467e-05,0.705091,1,0
2.93945,0.458984,0.550961,6.48396e-06,0.705091,1,0
2.95898,0.439453,0.705529,1.41117e-05,0.703141,1,0
2.95898,0.458984,0.550968,6.36238e-06,0.703141,1,0
2.82227,0.478516,0.334577,1.40812e-06,0.716794,1,0
2.82227,0.498047,0.0407585,-7.89883e-07,0.716794,0.6,0
2.8418,0.478516,0.33458,1.39433e-06,0.714843,1,0
2.8418,0.498047,0.0407591,-7.68601e-07,0.714843,0.6,0
2.86133,0.478516,0.334584,1.37949e-06,0.712893,1,0
2.86133,0.498047,0.0407598,-7.47199e-07,0.712893,0.6,0
2.88086,0.478516,0.334588,1.36361e-06,0.710943,1,0
2.88086,0.498047,0.0407605,-7.25757e-07,0.710943,0.6,0
2.90039,0.478516,0.334592,1.34676e-06,0.708992,1,0
2.90039,0.498047,0.0407611,-7.04316e-07,0.708992,0.6,0
2.91992,0.478516,0.334595,1.32898e-06,0.707042,1,0
2.91992,0.498047,0.0407618,-6.8295e-07,0.707042,0.6,0
2.93945,0.478516,0.334599,1.31033e-06,0.705091,1,0
2.93945,0.498047,0.0407625,-6.61698e-07,0.705091,0.6,0
2.95898,0.478516,0.334602,1.29086e-06,0.703141,1,0
2.95898,0.498047,0.0407631,-6.40628e-07,0.703141,0.6,0
2.97852,0.322266,0.987976,7.17331e-05,0.701189,1,0
2.97852,0.341797,0.977564,6.54529e-05,0.701189,1,0
2.99805,0.322266,0.987981,7.1292e-05,0.699238,1,0
2.99805,0.341797,0.977572,6.4991e-05,0.699239,1,0
2.97852,0.361328,0.959859,5.70438e-05,0.701189,1,0
2.97852,0.380859,0.930698,4.68596e-05,0.70119,1,0
2.99805,0.361328,0.959869,5.65747e-05,0.699239,1,0
2.99805,0.380859,0.930708,4.6403e-05,0.699239,1,0
3.01758,0.322266,0.987986,7.08402e-05,0.697288,1,0
3.01758,0.341797,0.977579,6.45185e-05,0.697288,1,0
3.03711,0.322266,0.987992,7.03781e-05,0.695337,1,0
3.03711,0.341797,0.977587,6.40359e-05,0.695338,1,0
3.01758,0.361328,0.959878,5.60953e-05,0.697288,1,0
3.01758,0.380859,0.930719,4.59368e-05,0.697289,1,0
3.03711,0.361328,0.959887,5.56062e-05,0.695338,1,0
3.03711,0.380859,0.93073,4.54616e-05,0.695338,1,0
2.97852,0.400391,0.884213,3.54763e-05,0.70119,1,0
2.97852,0.419922,0.812523,2.41299e-05,0.70119,1,0
2.99805,0.400391,0.884224,3.50595e-05,0.699239,1,0
2.99805,0.419922,0.812533,2.37829e-05,0.69924,1,0
2.97852,0.439453,0.705538,1.38722e-05,0.70119,1,0
2.97852,0.458984,0.550974,6.2386e-06,0.70119,1,0
2.99805,0.439453,0.705547,1.36287e-05,0.69924,1,0
2.99805,0.458984,0.55098,6.11298e-06,0.69924,1,0
3.01758,0.400391,0.884236,3.46345e-05,0.697289,1,0
3.01758,0.419922,0.812544,2.34298e-05,0.697289,1,0
3.03711,0.400391,0.884247,3.42018e-05,0.695338,1,0
3.03711,0.419922,0.812555,2.30711e-05,0.695338,1,0
3.01758,0.439453,0.705556,1.33816e-05,0.697289,1,0
3.01758,0.458984,0.550986,5.98579e-06,0.697289,1,0
3.03711,0.439453,0.705564,1.31314e-05,0.695339,1,0
3.03711,0.458984,0.550992,5.8574e-06,0.695339,1,0
3.05664,0.322266,0.987997,6.99062e-05,0.693387,1,0
3.05664,0.341797,0.977594,6.35435e-05,0.693387,1,0
3.07617,0.322266,0.988003,6.94248e-05,0.691436,1,0
3.07617,0.341797,0.977601,6.30418e-05,0.691436,1,0
3.05664,0.361328,0.959896,5.51077e-05,0.693387,1,0
3.05664,0.380859,0.93074,4.49779e-05,0.693388,1,0
3.07617,0.361328,0.959906,5.46004e-05,0.691437,1,0
3.07617,0.380859,0.930751,4.44862e-05,0.691437,1,0
3.0957,0.322266,0.988008,6.89343e-05,0.689486,1,0
3.0957,0.341797,0.977609,6.25313e-05,0.689486,1,0
3.11523,0.322266,0.988013,6.84352e-05,0.687535,1,0
3.11523,0.341797,0.977616,6.20124e-05,0.687535,1,0
3.0957,0.361328,0.959915,5.40848e-05,0.689486,1,0
3.0957,0.380859,0.930762,4.39872e-05,0.689486,1,0
3.11523,0.361328,0.959924,5.35614e-05,0.687536,1,0
3.11523,0.380859,0.930772,4.34814e-05,0.687536,1,0
3.05664,0.400391,0.884258,3.37621e-05,0.693388,1,0
3.05664,0.419922,0.812565,2.27075e-05,0.693388,1,0
3.07617,0.400391,0.884269,3.3316e-05,0.691437,1,0
3.07617,0.419922,0.812575,2.23395e-05,0.691437,1,0
3.05664,0.439453,0.705573,1.28787e-05,0.693388,1,0
3.05664,0.458984,0.550998,5.7281e-06,0.693388,1,0
3.07617,0.439453,0.705581,1.2624e-05,0.691438,1,0
3.07617,0.458984,0.551004,5.59823e-06,0.691438,1,0
3.0957,0.400391,0.88428,3.28641e-05,0.689487,1,0
3.0957,0.419922,0.812586,2.19678e-05,0.689487,1,0
3.11523,0.400391,0.884291,3.2407e-05,0.687536,1,0
3.11523,0.419922,0.812596,2.1593e-05,0.687536,1,0
3.0957,0.439453,0.70559,1.23678e-05,0.689487,1,0
3.0957,0.458984,0.551009,5.46808e-06,0.689487,1,0
3.11523,0.439453,0.705598,1.21105e-05,0.687536,1,0
3.11523,0.458984,0.551015,5.33796e-06,0.687536,1,0
2.97852,0.478516,0.334606,1.27067e-06,0.70119,1,0
2.97852,0.498047,0.0407638,-6.1977e-07,0.70119,0.6,0
2.99805,0.478516,0.334609,1.2498e-06,0.69924,1,0
2.99805,0.498047,0.0407644,-5.99187e-07,0.69924,0.6,0
3.01758,0.478516,0.334612,1.22834e-06,0.697289,1,0
3.01758,0.498047,0.0407651,-5.78901e-07,0.697289,0.6,0
3.03711,0.478516,0.334616,1.20637e-06,0.695339,1,0
3.03711,0.498047,0.0407657,-5.58964e-07,0.695339,0.6,0
3.05664,0.478516,0.334619,1.18396e-06,0.693388,1,0
3.05664,0.498047,0.0407664,-5.39391e-07,0.693388,0.6,0
3.07617,0.478516,0.334622,1.16118e-06,0.691438,1,0
3.07617,0.498047,0.040767,-5.20225e-07,0.691438,0.6,0
3.0957,0.478516,0.334625,1.13813e-06,0.689487,1,0
3.0957,0.498047,0.0407677,-5.01472e-07,0.689487,0.6,0
3.11523,0.478516,0.334628,1.11485e-06,0.687536,1,0
3.11523,0.498047,0.0407683,-4.83166e-07,0.687537,0.6,0
3.13477,0.00976562,1.00109,8.56559e-06,0.685582,1,0
3.13477,0.0292969,1.00116,1.81682e-05,0.685582,1,0
3.1543,0.00976562,1.00109,8.48443e-06,0.683632,1,0
3.1543,0.0292969,1.00115,1.80122e-05,0.683631,1,0
3.13477,0.0488281,1.00119,2.53025e-05,0.685582,1,0
3.13477,0.0683594,1.00119,3.38367e-05,0.685582,1,0
3.1543,0.0488281,1.00118,2.51141e-05,0.683632,1,0
3.1543,0.0683594,1.00118,3.36109e-05,0.683632,1,0
3.17383,0.00976562,1.00108,8.40247e-06,0.681681,1,0
3.17383,0.0292969,1.00114,1.78545e-05,0.681681,1,0
3.19336,0.00976562,1.00107,8.31971e-06,0.67973,1,0
3.19336,0.0292969,1.00113,1.76949e-05,0.67973,1,0
3.17383,0.0488281,1.00117,2.4923e-05,0.681681,1,0
3.17383,0.0683594,1.00118,3.33815e-05,0.681681,1,0
3.19336,0.0488281,1.00116,2.47292e-05,0.67973,1,0
3.19336,0.0683594,1.00117,3.31484e-05,0.67973,1,0
3.13477,0.0878906,1.00118,4.06808e-05,0.685582,1,0
3.13477,0.107422,1.00115,4.77081e-05,0.685583,1,0
3.1543,0.0878906,1.00117,4.04379e-05,0.683632,1,0
3.1543,0.107422,1.00114,4.74439e-05,0.683632,1,0
3.13477,0.126953,1.00111,5.36384e-05,0.685583,1,0
3.13477,0.146484,1.00106,5.92959e-05,0.685583,1,0
3.1543,0.126953,1.00111,5.33592e-05,0.683632,1,0
3.1543,0.146484,1.00106,5.8998e-05,0.683632,1,0
3.17383,0.0878906,1.00116,4.01905e-05,0.681681,1,0
3.17383,0.107422,1.00114,4.71746e-05,0.681681,1,0
3.19336,0.0878906,1.00116,3.99387e-05,0.679731,1,0
3.19336,0.107422,1.00113,4.69003e-05,0.679731,1,0
3.17383,0.126953,1.0011,5.30744e-05,0.681681,1,0
3.17383,0.146484,1.00105,5.86941e-05,0.681682,1,0
3.19336,0.126953,1.0011,5.2784e-05,0.679731,1,0
3.19336,0.146484,1.00105,5.83841e-05,0.679731,1,0
3.21289,0.00976562,1.00106,8.23616e-06,0.67778,1,0
3.21289,0.0292969,1.00112,1.75335e-05,0.67778,1,0
3.23242,0.00976562,1.00106,8.15181e-06,0.675829,1,0
3.23242,0.0292969,1.00112,1.73703e-05,0.675829,1,0
3.21289,0.0488281,1.00116,2.45327e-05,0.67778,1,0
3.21289,0.0683594,1.00116,3.29116e-05,0.67778,1,0
3.23242,0.0488281,1.00115,2.43336e-05,0.675829,1,0
3.23242,0.0683594,1.00115,3.26713e-05,0.675829,1,0
3.25195,0.00976562,1.00105,8.06666e-06,0.673878,1,0
3.25195,0.0292969,1.00111,1.72054e-05,0.673878,1,0
3.27148,0.00976562,1.00104,7.98073e-06,0.671928,1,0
3.27148,0.0292969,1.0011,1.70387e-05,0.671928,1,0
3.25195,0.0488281,1.00114,2.41319e-05,0.673878,1,0
3.25195,0.0683594,1.00115,3.24274e-05,0.673878,1,0
3.27148,0.0488281,1.00113,2.39276e-05,0.671928,1,0
3.27148,0.0683594,1.00114,3.218e-05,0.671928,1,0
3.21289,0.0878906,1.00115,3.96825e-05,0.67778,1,0
3.21289,0.107422,1.00113,4.6621e-05,0.67778,1,0
3.23242,0.0878906,1.00114,3.94221e-05,0.675829,1,0
3.23242,0.107422,1.00112,4.63367e-05,0.675829,1,0
3.21289,0.126953,1.00109,5.24882e-05,0.67778,1,0
3.21289,0.146484,1.00104,5.80683e-05,0.67778,1,0
3.23242,0.126953,1.00108,5.2187e-05,0.675829,1,0
3.23242,0.146484,1.00104,5.77467e-05,0.67583,1,0
3.25195,0.0878906,1.00114,3.91574e-05,0.673879,1,0
3.25195,0.107422,1.00111,4.60476e-05,0.673879,1,0
3.27148,0.0878906,1.00113,3.88885e-05,0.671928,1,0
3.27148,0.107422,1.00111,4.57537e-05,0.671928,1,0
3.25195,0.126953,1.00108,5.18804e-05,0.673879,1,0
3.25195,0.146484,1.00103,5.74194e-05,0.673879,1,0
3.27148,0.126953,1.00107,5.15687e-05,0.671928,1,0
3.27148,0.146484,1.00103,5.70864e-05,0.671928,1,0
3.13477,0.166016,1.00099,6.40866e-05,0.685583,1,0
3.13477,0.185547,1.0009,6.8318e-05,0.685583,1,0
3.1543,0.166016,1.00099,6.37714e-05,0.683632,1,0
3.1543,0.185547,1.00089,6.7983e-05,0.683632,1,0
3.13477,0.205078,1.00074,7.16677e-05,0.685583,1,0
3.13477,0.224609,1.00046,7.42002e-05,0.685583,1,0
3.1543,0.205078,1.00073,7.13125e-05,0.683633,1,0
3.1543,0.224609,1.00046,7.38223e-05,0.683633,1,0
3.17383,0.166016,1.00099,6.34499e-05,0.681682,1,0
3.17383,0.185547,1.00089,6.76413e-05,0.681682,1,0
3.19336,0.166016,1.00098,6.31219e-05,0.679731,1,0
3.19336,0.185547,1.00088,6.72929e-05,0.679731,1,0
3.17383,0.205078,1.00073,7.09502e-05,0.681682,1,0
3.17383,0.224609,1.00046,7.34371e-05,0.681682,1,0
3.19336,0.205078,1.00073,7.0581e-05,0.679731,1,0
3.19336,0.224609,1.00045,7.30447e-05,0.679732,1,0
3.13477,0.244141,0.999953,7.56828e-05,0.685584,1,0
3.13477,0.263672,0.999004,7.60336e-05,0.685584,1,0
3.1543,0.244141,0.999952,7.52804e-05,0.683633,1,0
3.1543,0.263672,0.999004,7.5604e-05,0.683633,1,0
3.13477,0.283203,0.997226,7.49997e-05,0.685584,1,0
3.13477,0.302734,0.993943,7.23901e-05,0.685584,1,0
3.1543,0.283203,0.997227,7.45411e-05,0.683633,1,0
3.1543,0.302734,0.993946,7.19017e-05,0.683634,1,0
3.17383,0.244141,0.999951,7.48705e-05,0.681682,1,0
3.17383,0.263672,0.999004,7.51667e-05,0.681683,1,0
3.19336,0.244141,0.99995,7.44533e-05,0.679732,1,0
3.19336,0.263672,0.999005,7.47221e-05,0.679732,1,0
3.17383,0.283203,0.997229,7.40748e-05,0.681683,1,0
3.17383,0.302734,0.99395,7.14057e-05,0.681683,1,0
3.19336,0.283203,0.997231,7.3601e-05,0.679732,1,0
3.19336,0.302734,0.993953,7.09022e-05,0.679732,1,0
3.21289,0.166016,1.00098,6.27878e-05,0.67778,1,0
3.21289,0.185547,1.00088,6.6938e-05,0.677781,1,0
3.23242,0.166016,1.00097,6.24475e-05,0.67583,1,0
3.23242,0.185547,1.00088,6.65767e-05,0.67583,1,0
3.21289,0.205078,1.00072,7.0205e-05,0.677781,1,0
3.21289,0.224609,1.00045,7.26453e-05,0.677781,1,0
3.23242,0.205078,1.00072,6.98225e-05,0.67583,1,0
3.23242,0.224609,1.00045,7.22393e-05,0.67583,1,0
3.25195,0.166016,1.00097,6.21013e-05,0.673879,1,0
3.25195,0.185547,1.00087,6.62091e-05,0.673879,1,0
3.27148,0.166016,1.00096,6.17491e-05,0.671928,1,0
3.27148,0.185547,1.00087,6.58355e-05,0.671929,1,0
3.25195,0.205078,1.00072,6.94335e-05,0.673879,1,0
3.25195,0.224609,1.00045,7.18266e-05,0.67388,1,0
3.27148,0.205078,1.00072,6.90383e-05,0.671929,1,0
3.27148,0.224609,1.00045,7.14076e-05,0.671929,1,0
3.21289,0.244141,0.999949,7.4029e-05,0.677781,1,0
3.21289,0.263672,0.999005,7.42703e-05,0.677781,1,0
3.23242,0.244141,0.999948,7.35979e-05,0.67583,1,0
3.23242,0.263672,0.999006,7.38116e-05,0.675831,1,0
3.21289,0.283203,0.997233,7.31201e-05,0.677782,1,0
3.21289,0.302734,0.993957,7.03919e-05,0.677782,1,0
3.23242,0.283203,0.997235,7.26324e-05,0.675831,1,0
3.23242,0.302734,0.993961,6.98748e-05,0.675831,1,0
3.25195,0.244141,0.999948,7.31601e-05,0.67388,1,0
3.25195,0.263672,0.999006,7.33462e-05,0.67388,1,0
3.27148,0.244141,0.999947,7.27159e-05,0.671929,1,0
3.27148,0.263672,0.999007,7.28744e-05,0.671929,1,0
3.25195,0.283203,0.997237,7.21382e-05,0.67388,1,0
3.25195,0.302734,0.993964,6.93515e-05,0.67388,1,0
3.27148,0.283203,0.997239,7.16376e-05,0.671929,1,0
3.27148,0.302734,0.993968,6.88221e-05,0.67193,1,0
3.29102,0.00976562,1.00103,7.89402e-06,0.669977,1,0
3.29102,0.0292969,1.00109,1.68702e-05,0.669977,1,0
3.31055,0.00976562,1.00103,7.80654e-06,0.668026,1,0
3.31055,0.0292969,1.00109,1.67001e-05,0.668026,1,0
3.29102,0.0488281,1.00112,2.37207e-05,0.669977,1,0
3.29102,0.0683594,1.00113,3.19292e-05,0.669977,1,0
3.31055,0.0488281,1.00112,2.35113e-05,0.668026,1,0
3.31055,0.0683594,1.00113,3.16749e-05,0.668026,1,0
3.33008,0.00976562,1.00102,7.7183e-06,0.666076,1,0
3.33008,0.0292969,1.00108,1.65282e-05,0.666075,1,0
3.34961,0.00976562,1.00101,7.6293e-06,0.664125,1,0
3.34961,0.0292969,1.00107,1.63546e-05,0.664125,1,0
3.33008,0.0488281,1.00111,2.32994e-05,0.666076,1,0
3.33008,0.0683594,1.00112,3.14171e-05,0.666076,1,0
3.34961,0.0488281,1.0011,2.3085e-05,0.664125,1,0
3.34961,0.0683594,1.00111,3.1156e-05,0.664125,1,0
3.29102,0.0878906,1.00112,3.86155e-05,0.669977,1,0
3.29102,0.107422,1.0011,4.5455e-05,0.669977,1,0
3.31055,0.0878906,1.00112,3.83384e-05,0.668026,1,0
3.31055,0.107422,1.00109,4.51515e-05,0.668027,1,0
3.29102,0.126953,1.00107,5.12517e-05,0.669977,1,0
3.29102,0.146484,1.00102,5.67479e-05,0.669978,1,0
3.31055,0.126953,1.00106,5.09296e-05,0.668027,1,0
3.31055,0.146484,1.00102,5.64039e-05,0.668027,1,0
3.33008,0.0878906,1.00111,3.80571e-05,0.666076,1,0
3.33008,0.107422,1.00109,4.48434e-05,0.666076,1,0
3.34961,0.0878906,1.0011,3.77718e-05,0.664125,1,0
3.34961,0.107422,1.00108,4.45306e-05,0.664125,1,0
3.33008,0.126953,1.00106,5.06023e-05,0.666076,1,0
3.33008,0.146484,1.00101,5.60545e-05,0.666076,1,0
3.34961,0.126953,1.00105,5.027e-05,0.664125,1,0
3.34961,0.146484,1.00101,5.56997e-05,0.664125,1,0
3.36914,0.00976562,1.00101,7.53956e-06,0.662174,1,0
3.36914,0.0292969,1.00106,1.61794e-05,0.662174,1,0
3.38867,0.00976562,1.001,7.44908e-06,0.660223,1,0
3.38867,0.0292969,1.00106,1.60025e-05,0.660223,1,0
3.36914,0.0488281,1.00109,2.28681e-05,0.662174,1,0
3.36914,0.0683594,1.0011,3.08915e-05,0.662174,1,0
3.38867,0.0488281,1.00109,2.26488e-05,0.660223,1,0
3.38867,0.0683594,1.0011,3.06237e-05,0.660223,1,0
3.4082,0.00976562,1.00099,7.35785e-06,0.658273,1,0
3.4082,0.0292969,1.00105,1.5824e-05,0.658272,1,0
3.42773,0.00976562,1.00099,7.26588e-06,0.656322,1,0
3.42773,0.0292969,1.00104,1.56438e-05,0.656322,1,0
3.4082,0.0488281,1.00108,2.2427e-05,0.658273,1,0
3.4082,0.0683594,1.00109,3.03524e-05,0.658273,1,0
3.42773,0.0488281,1.00107,2.22027e-05,0.656322,1,0
3.42773,0.0683594,1.00108,3.00779e-05,0.656322,1,0
3.36914,0.0878906,1.0011,3.74824e-05,0.662174,1,0
3.36914,0.107422,1.00108,4.42132e-05,0.662174,1,0
3.38867,0.0878906,1.00109,3.71889e-05,0.660224,1,0
3.38867,0.107422,1.00107,4.38912e-05,0.660224,1,0
3.36914,0.126953,1.00104,4.99327e-05,0.662174,1,0
3.36914,0.146484,1.001,5.53395e-05,0.662175,1,0
3.38867,0.126953,1.00104,4.95903e-05,0.660224,1,0
3.38867,0.146484,1.001,5.4974e-05,0.660224,1,0
3.4082,0.0878906,1.00108,3.68915e-05,0.658273,1,0
3.4082,0.107422,1.00106,4.35645e-05,0.658273,1,0
3.42773,0.0878906,1.00108,3.659e-05,0.656322,1,0
3.42773,0.107422,1.00106,4.32332e-05,0.656322,1,0
3.4082,0.126953,1.00103,4.9243e-05,0.658273,1,0
3.4082,0.146484,1.00099,5.46032e-05,0.658273,1,0
3.42773,0.126953,1.00103,4.88906e-05,0.656322,1,0
3.42773,0.146484,1.00099,5.42271e-05,0.656322,1,0
3.29102,0.166016,1.00096,6.13912e-05,0.669978,1,0
3.29102,0.185547,1.00087,6.54557e-05,0.669978,1,0
3.31055,0.166016,1.00095,6.10275e-05,0.668027,1,0
3.31055,0.185547,1.00086,6.50701e-05,0.668027,1,0
3.29102,0.205078,1.00071,6.86368e-05,0.669978,1,0
3.29102,0.224609,1.00044,7.09823e-05,0.669978,1,0
3.31055,0.205078,1.00071,6.82293e-05,0.668027,1,0
3.31055,0.224609,1.00044,7.05508e-05,0.668027,1,0
3.33008,0.166016,1.00095,6.06581e-05,0.666076,1,0
3.33008,0.185547,1.00086,6.46786e-05,0.666076,1,0
3.34961,0.166016,1.00095,6.02831e-05,0.664125,1,0
3.34961,0.185547,1.00085,6.42814e-05,0.664126,1,0
3.33008,0.205078,1.00071,6.78159e-05,0.666077,1,0
3.33008,0.224609,1.00044,7.01135e-05,0.666077,1,0
3.34961,0.205078,1.0007,6.73966e-05,0.664126,1,0
3.34961,0.224609,1.00044,6.96702e-05,0.664126,1,0
3.29102,0.244141,0.999946,7.22654e-05,0.669978,1,0
3.29102,0.263672,0.999007,7.23965e-05,0.669979,1,0
3.31055,0.244141,0.999945,7.18088e-05,0.668028,1,0
3.31055,0.263672,0.999008,7.19125e-05,0.668028,1,0
3.29102,0.283203,0.997241,7.1131e-05,0.669979,1,0
3.29102,0.302734,0.993972,6.8287e-05,0.669979,1,0
3.31055,0.283203,0.997243,7.06187e-05,0.668028,1,0
3.31055,0.302734,0.993976,6.77464e-05,0.668028,1,0
3.33008,0.244141,0.999945,7.13462e-05,0.666077,1,0
3.33008,0.263672,0.999008,7.14227e-05,0.666077,1,0
3.34961,0.244141,0.999944,7.08779e-05,0.664126,1,0
3.34961,0.263672,0.999009,7.09272e-05,0.664126,1,0
3.33008,0.283203,0.997245,7.01007e-05,0.666077,1,0
3.33008,0.302734,0.993979,6.72007e-05,0.666078,1,0
3.34961,0.283203,0.997247,6.95773e-05,0.664127,1,0
3.34961,0.302734,0.993983,6.66499e-05,0.664127,1,0
3.36914,0.166016,1.00094,5.99026e-05,0.662175,1,0
3.36914,0.185547,1.00085,6.38785e-05,0.662175,1,0
3.38867,0.166016,1.00094,5.95165e-05,0.660224,1,0
3.38867,0.185547,1.00085,6.34699e-05,0.660224,1,0
3.36914,0.205078,1.0007,6.69716e-05,0.662175,1,0
3.36914,0.224609,1.00044,6.92212e-05,0.662175,1,0
3.38867,0.205078,1.0007,6.65409e-05,0.660224,1,0
3.38867,0.224609,1.00044,6.87665e-05,0.660224,1,0
3.4082,0.166016,1.00093,5.91249e-05,0.658273,1,0
3.4082,0.185547,1.00084,6.30557e-05,0.658273,1,0
3.42773,0.166016,1.00093,5.87279e-05,0.656322,1,0
3.42773,0.185547,1.00084,6.26359e-05,0.656323,1,0
3.4082,0.205078,1.0007,6.61045e-05,0.658274,1,0
3.4082,0.224609,1.00043,6.83062e-05,0.658274,1,0
3.42773,0.205078,1.00069,6.56625e-05,0.656323,1,0
3.42773,0.224609,1.00043,6.78403e-05,0.656323,1,0
3.36914,0.244141,0.999943,7.04039e-05,0.662175,1,0
3.36914,0.263672,0.99901,7.04263e-05,0.662176,1,0
3.38867,0.244141,0.999943,6.99243e-05,0.660225,1,0
3.38867,0.263672,0.99901,6.99199e-05,0.660225,1,0
3.36914,0.283203,0.99725,6.90487e-05,0.662176,1,0
3.36914,0.302734,0.993987,6.60944e-05,0.662176,1,0
3.38867,0.283203,0.997252,6.85151e-05,0.660225,1,0
3.38867,0.302734,0.993991,6.55343e-05,0.660225,1,0
3.4082,0.244141,0.999942,6.94392e-05,0.658274,1,0
3.4082,0.263672,0.999011,6.94083e-05,0.658274,1,0
3.42773,0.244141,0.999942,6.89487e-05,0.656323,1,0
3.42773,0.263672,0.999012,6.88915e-05,0.656323,1,0
3.4082,0.283203,0.997254,6.79765e-05,0.658274,1,0
3.4082,0.302734,0.993995,6.49697e-05,0.658275,1,0
3.42773,0.283203,0.997256,6.74331e-05,0.656323,1,0
3.42773,0.302734,0.993999,6.44008e-05,0.656324,1,0
3.13477,0.322266,0.988019,6.79278e-05,0.685585,1,0
3.13477,0.341797,0.977624,6.14855e-05,0.685585,1,0
3.1543,0.322266,0.988024,6.74125e-05,0.683634,1,0
3.1543,0.341797,0.977631,6.09513e-05,0.683634,1,0
3.13477,0.361328,0.959934,5.30308e-05,0.685585,1,0
3.13477,0.380859,0.930783,4.29693e-05,0.685585,1,0
3.1543,0.361328,0.959943,5.24934e-05,0.683634,1,0
3.1543,0.380859,0.930793,4.24517e-05,0.683635,1,0
3.17383,0.322266,0.98803,6.68898e-05,0.681683,1,0
3.17383,0.341797,0.977639,6.041e-05,0.681684,1,0
3.19336,0.322266,0.988035,6.63601e-05,0.679733,1,0
3.19336,0.341797,0.977646,5.98622e-05,0.679733,1,0
3.17383,0.361328,0.959952,5.19498e-05,0.681684,1,0
3.17383,0.380859,0.930804,4.1929e-05,0.681684,1,0
3.19336,0.361328,0.959961,5.14004e-05,0.679733,1,0
3.19336,0.380859,0.930814,4.14018e-05,0.679733,1,0
3.13477,0.400391,0.884302,3.19453e-05,0.685585,1,0
3.13477,0.419922,0.812606,2.12156e-05,0.685586,1,0
3.1543,0.400391,0.884313,3.14796e-05,0.683635,1,0
3.1543,0.419922,0.812616,2.08363e-05,0.683635,1,0
3.13477,0.439453,0.705606,1.18528e-05,0.685586,1,0
3.13477,0.458984,0.55102,5.20814e-06,0.685586,1,0
3.1543,0.439453,0.705614,1.1595e-05,0.683635,1,0
3.1543,0.458984,0.551026,5.07891e-06,0.683635,1,0
3.17383,0.400391,0.884324,3.10106e-05,0.681684,1,0
3.17383,0.419922,0.812626,2.04557e-05,0.681684,1,0
3.19336,0.400391,0.884334,3.05389e-05,0.679734,1,0
3.19336,0.419922,0.812636,2.00742e-05,0.679734,1,0
3.17383,0.439453,0.705622,1.13376e-05,0.681685,1,0
3.17383,0.458984,0.551031,4.95049e-06,0.681685,1,0
3.19336,0.439453,0.705629,1.10811e-05,0.679734,1,0
3.19336,0.458984,0.551036,4.82314e-06,0.679734,1,0
3.21289,0.322266,0.988041,6.58237e-05,0.677782,1,0
3.21289,0.341797,0.977653,5.93083e-05,0.677782,1,0
3.23242,0.322266,0.988046,6.5281e-05,0.675831,1,0
3.23242,0.341797,0.977661,5.87487e-05,0.675832,1,0
3.21289,0.361328,0.959971,5.08459e-05,0.677782,1,0
3.21289,0.380859,0.930825,4.08707e-05,0.677783,1,0
3.23242,0.361328,0.95998,5.02867e-05,0.675832,1,0
3.23242,0.380859,0.930835,4.03362e-05,0.675832,1,0
3.25195,0.322266,0.988052,6.47325e-05,0.673881,1,0
3.25195,0.341797,0.977668,5.81839e-05,0.673881,1,0
3.27148,0.322266,0.988057,6.41783e-05,0.67193,1,0
3.27148,0.341797,0.977676,5.76142e-05,0.67193,1,0
3.25195,0.361328,0.959989,4.97232e-05,0.673881,1,0
3.25195,0.380859,0.930845,3.97988e-05,0.673881,1,0
3.27148,0.361328,0.959998,4.91559e-05,0.67193,1,0
3.27148,0.380859,0.930856,3.92589e-05,0.671931,1,0
3.21289,0.400391,0.884345,3.00649e-05,0.677783,1,0
3.21289,0.419922,0.812645,1.96925e-05,0.677783,1,0
3.23242,0.400391,0.884356,2.95892e-05,0.675832,1,0
3.23242,0.419922,0.812655,1.9311e-05,0.675832,1,0
3.21289,0.439453,0.705637,1.08257e-05,0.677783,1,0
3.21289,0.458984,0.551041,4.69703e-06,0.677783,1,0
3.23242,0.439453,0.705644,1.0572e-05,0.675833,1,0
3.23242,0.458984,0.551046,4.57238e-06,0.675833,1,0
3.25195,0.400391,0.884366,2.91124e-05,0.673882,1,0
3.25195,0.419922,0.812664,1.89302e-05,0.673882,1,0
3.27148,0.400391,0.884376,2.86349e-05,0.671931,1,0
3.27148,0.419922,0.812674,1.85505e-05,0.671931,1,0
3.25195,0.439453,0.705652,1.03201e-05,0.673882,1,0
3.25195,0.458984,0.55105,4.44932e-06,0.673882,1,0
3.27148,0.439453,0.705659,1.00705e-05,0.671931,1,0
3.27148,0.458984,0.551055,4.32802e-06,0.671931,1,0
3.13477,0.478516,0.33463,1.09144e-06,0.685586,1,0
3.13477,0.498047,0.0407689,-4.65304e-07,0.685586,0.6,0
3.1543,0.478516,0.334633,1.06794e-06,0.683635,1,0
3.1543,0.498047,0.0407695,-4.47913e-07,0.683635,0.6,0
3.17383,0.478516,0.334636,1.04444e-06,0.681685,1,0
3.17383,0.498047,0.0407701,-4.30981e-07,0.681685,0.6,0
3.19336,0.478516,0.334639,1.02098e-06,0.679734,1,0
3.19336,0.498047,0.0407707,-4.14529e-07,0.679734,0.6,0
3.21289,0.478516,0.334641,9.97627e-07,0.677783,1,0
3.21289,0.498047,0.0407713,-3.9854e-07,0.677783,0.6,0
3.23242,0.478516,0.334644,9.74415e-07,0.675833,1,0
3.23242,0.498047,0.0407719,-3.83029e-07,0.675833,0.6,0
3.25195,0.478516,0.334646,9.51401e-07,0.673882,1,0
3.25195,0.498047,0.0407725,-3.67975e-07,0.673882,0.6,0
3.27148,0.478516,0.334648,9.28612e-07,0.671931,1,0
3.27148,0.498047,0.040773,-3.53388e-07,0.671931,0.6,0
3.29102,0.322266,0.988063,6.3619e-05,0.669979,1,0
3.29102,0.341797,0.977683,5.70401e-05,0.669979,1,0
3.31055,0.322266,0.988069,6.30547e-05,0.668029,1,0
3.31055,0.341797,0.977691,5.64618e-05,0.668029,1,0
3.29102,0.361328,0.960007,4.85851e-05,0.66998,1,0
3.29102,0.380859,0.930866,3.8717e-05,0.66998,1,0
3.31055,0.361328,0.960016,4.80113e-05,0.668029,1,0
3.31055,0.380859,0.930876,3.81736e-05,0.668029,1,0
3.33008,0.322266,0.988074,6.24858e-05,0.666078,1,0
3.33008,0.341797,0.977699,5.58798e-05,0.666078,1,0
3.34961,0.322266,0.98808,6.19126e-05,0.664127,1,0
3.34961,0.341797,0.977706,5.52942e-05,0.664127,1,0
3.33008,0.361328,0.960026,4.74349e-05,0.666078,1,0
3.33008,0.380859,0.930886,3.76289e-05,0.666078,1,0
3.34961,0.361328,0.960035,4.6856e-05,0.664128,1,0
3.34961,0.380859,0.930896,3.70833e-05,0.664128,1,0
3.29102,0.400391,0.884387,2.81571e-05,0.66998,1,0
3.29102,0.419922,0.812683,1.81723e-05,0.66998,1,0
3.31055,0.400391,0.884397,2.76795e-05,0.668029,1,0
3.31055,0.419922,0.812692,1.7796e-05,0.66803,1,0
3.29102,0.439453,0.705666,9.82331e-06,0.66998,1,0
3.29102,0.458984,0.551059,4.20855e-06,0.669981,1,0
3.31055,0.439453,0.705673,9.57885e-06,0.66803,1,0
3.31055,0.458984,0.551064,4.09106e-06,0.66803,1,0
3.33008,0.400391,0.884407,2.72024e-05,0.666079,1,0
3.33008,0.419922,0.812701,1.74219e-05,0.666079,1,0
3.34961,0.400391,0.884417,2.67262e-05,0.664128,1,0
3.34961,0.419922,0.81271,1.70502e-05,0.664128,1,0
3.33008,0.439453,0.70568,9.33729e-06,0.666079,1,0
3.33008,0.458984,0.551068,3.97558e-06,0.666079,1,0
3.34961,0.439453,0.705686,9.0988e-06,0.664128,1,0
3.34961,0.458984,0.551072,3.86219e-06,0.664128,1,0
3.36914,0.322266,0.988086,6.13352e-05,0.662176,1,0
3.36914,0.341797,0.977714,5.47053e-05,0.662177,1,0
3.38867,0.322266,0.988091,6.07539e-05,0.660226,1,0
3.38867,0.341797,0.977721,5.41135e-05,0.660226,1,0
3.36914,0.361328,0.960044,4.62751e-05,0.662177,1,0
3.36914,0.380859,0.930906,3.65371e-05,0.662177,1,0
3.38867,0.361328,0.960053,4.56924e-05,0.660226,1,0
3.38867,0.380859,0.930916,3.59907e-05,0.660226,1,0
3.4082,0.322266,0.988097,6.01688e-05,0.658275,1,0
3.4082,0.341797,0.977729,5.35188e-05,0.658275,1,0
3.42773,0.322266,0.988103,5.95801e-05,0.656324,1,0
3.42773,0.341797,0.977736,5.29214e-05,0.656324,1,0
3.4082,0.361328,0.960062,4.51081e-05,0.658275,1,0
3.4082,0.380859,0.930926,3.54442e-05,0.658275,1,0
3.42773,0.361328,0.960071,4.45224e-05,0.656324,1,0
3.42773,0.380859,0.930936,3.48979e-05,0.656325,1,0
3.36914,0.400391,0.884427,2.62512e-05,0.662177,1,0
3.36914,0.419922,0.812718,1.66813e-05,0.662177,1,0
3.38867,0.400391,0.884437,2.57776e-05,0.660226,1,0
3.38867,0.419922,0.812727,1.63153e-05,0.660227,1,0
3.36914,0.439453,0.705693,8.86351e-06,0.662177,1,0
3.36914,0.458984,0.551076,3.75091e-06,0.662178,1,0
3.38867,0.439453,0.705699,8.63152e-06,0.660227,1,0
3.38867,0.458984,0.55108,3.64178e-06,0.660227,1,0
3.4082,0.400391,0.884447,2.53057e-05,0.658276,1,0
3.4082,0.419922,0.812736,1.59524e-05,0.658276,1,0
3.42773,0.400391,0.884457,2.48357e-05,0.656325,1,0
3.42773,0.419922,0.812744,1.55929e-05,0.656325,1,0
3.4082,0.439453,0.705706,8.40292e-06,0.658276,1,0
3.4082,0.458984,0.551084,3.53479e-06,0.658276,1,0
3.42773,0.439453,0.705712,8.17775e-06,0.656325,1,0
3.42773,0.458984,0.551088,3.42997e-06,0.656325,1,0
3.29102,0.478516,0.334651,9.06091e-07,0.669981,1,0
3.29102,0.498047,0.0407736,-3.39244e-07,0.669981,0.6,0
3.31055,0.478516,0.334653,8.83858e-07,0.66803,1,0
3.31055,0.498047,0.0407741,-3.25551e-07,0.66803,0.6,0
3.33008,0.478516,0.334655,8.61943e-07,0.666079,1,0
3.33008,0.498047,0.0407747,-3.12282e-07,0.666079,0.6,0
3.34961,0.478516,0.334657,8.40358e-07,0.664128,1,0
3.34961,0.498047,0.0407752,-2.99446e-07,0.664128,0.6,0
3.36914,0.478516,0.334659,8.19124e-07,0.662178,1,0
3.36914,0.498047,0.0407757,-2.87013e-07,0.662178,0.6,0
3.38867,0.478516,0.334661,7.98245e-07,0.660227,1,0
3.38867,0.498047,0.0407762,-2.74991e-07,0.660227,0.6,0
3.4082,0.478516,0.334663,7.77735e-07,0.658276,1,0
3.4082,0.498047,0.0407767,-2.63352e-07,0.658276,0.6,0
3.42773,0.478516,0.334665,7.57591e-07,0.656325,1,0
3.42773,0.498047,0.0407772,-2.52103e-07,0.656325,0.6,0
3.44727,0.00976562,1.00098,7.17317e-06,0.654371,1,0
3.44727,0.0292969,1.00103,1.54619e-05,0.654371,1,0
3.4668,0.00976562,1.00097,7.07972e-06,0.65242,1,0
3.4668,0.0292969,1.00103,1.52784e-05,0.65242,1,0
3.44727,0.0488281,1.00106,2.1976e-05,0.654371,1,0
3.44727,0.0683594,1.00108,2.97999e-05,0.654371,1,0
3.4668,0.0488281,1.00106,2.17469e-05,0.65242,1,0
3.4668,0.0683594,1.00107,2.95187e-05,0.65242,1,0
3.48633,0.00976562,1.00097,6.98554e-06,0.650469,1,0
3.48633,0.0292969,1.00102,1.50933e-05,0.650469,1,0
3.50586,0.00976562,1.00096,6.89062e-06,0.648519,1,0
3.50586,0.0292969,1.00101,1.49065e-05,0.648518,1,0
3.48633,0.0488281,1.00105,2.15153e-05,0.650469,1,0
3.48633,0.0683594,1.00106,2.9234e-05,0.650469,1,0
3.50586,0.0488281,1.00104,2.12813e-05,0.648519,1,0
3.50586,0.0683594,1.00105,2.89461e-05,0.648519,1,0
3.44727,0.0878906,1.00107,3.62844e-05,0.654371,1,0
3.44727,0.107422,1.00105,4.28974e-05,0.654371,1,0
3.4668,0.0878906,1.00106,3.59749e-05,0.65242,1,0
3.4668,0.107422,1.00105,4.25568e-05,0.65242,1,0
3.44727,0.126953,1.00102,4.85332e-05,0.654371,1,0
3.44727,0.146484,1.00098,5.38456e-05,0.654371,1,0
3.4668,0.126953,1.00102,4.81708e-05,0.652421,1,0
3.4668,0.146484,1.00098,5.34589e-05,0.652421,1,0
3.48633,0.0878906,1.00106,3.56613e-05,0.65047,1,0
3.48633,0.107422,1.00104,4.22117e-05,0.65047,1,0
3.50586,0.0878906,1.00105,3.53436e-05,0.648519,1,0
3.50586,0.107422,1.00103,4.18618e-05,0.648519,1,0
3.48633,0.126953,1.00101,4.78033e-05,0.65047,1,0
3.48633,0.146484,1.00097,5.30668e-05,0.65047,1,0
3.50586,0.126953,1.00101,4.74308e-05,0.648519,1,0
3.50586,0.146484,1.00097,5.26693e-05,0.648519,1,0
3.52539,0.00976562,1.00095,6.79498e-06,0.646568,1,0
3.52539,0.0292969,1.001,1.47181e-05,0.646568,1,0
3.54492,0.00976562,1.00095,6.69862e-06,0.644617,1,0
3.54492,0.0292969,1.001,1.45281e-05,0.644617,1,0
3.52539,0.0488281,1.00104,2.10449e-05,0.646568,1,0
3.52539,0.0683594,1.00105,2.86547e-05,0.646568,1,0
3.54492,0.0488281,1.00103,2.0806e-05,0.644617,1,0
3.54492,0.0683594,1.00104,2.836e-05,0.644617,1,0
3.56445,0.00976562,1.00094,6.60154e-06,0.642666,1,0
3.56445,0.0292969,1.00099,1.43364e-05,0.642666,1,0
3.58398,0.00976562,1.00093,6.50376e-06,0.640715,1,0
3.58398,0.0292969,1.00098,1.41432e-05,0.640715,1,0
3.56445,0.0488281,1.00102,2.05647e-05,0.642666,1,0
3.56445,0.0683594,1.00103,2.80618e-05,0.642666,1,0
3.58398,0.0488281,1.00101,2.0321e-05,0.640715,1,0
3.58398,0.0683594,1.00103,2.77603e-05,0.640715,1,0
3.52539,0.0878906,1.00104,3.50218e-05,0.646568,1,0
3.52539,0.107422,1.00103,4.15073e-05,0.646568,1,0
3.54492,0.0878906,1.00104,3.46959e-05,0.644617,1,0
3.54492,0.107422,1.00102,4.1148e-05,0.644617,1,0
3.52539,0.126953,1.001,4.70532e-05,0.646568,1,0
3.52539,0.146484,1.00096,5.22665e-05,0.646568,1,0
3.54492,0.126953,1.001,4.66704e-05,0.644617,1,0
3.54492,0.146484,1.00096,5.18582e-05,0.644617,1,0
3.56445,0.0878906,1.00103,3.43659e-05,0.642666,1,0
3.56445,0.107422,1.00102,4.0784e-05,0.642666,1,0
3.58398,0.0878906,1.00102,3.40318e-05,0.640715,1,0
3.58398,0.107422,1.00101,4.04152e-05,0.640715,1,0
3.56445,0.126953,1.00099,4.62824e-05,0.642666,1,0
3.56445,0.146484,1.00095,5.14443e-05,0.642666,1,0
3.58398,0.126953,1.00098,4.58892e-05,0.640715,1,0
3.58398,0.146484,1.00095,5.1025e-05,0.640716,1,0
3.44727,0.166016,1.00092,5.83254e-05,0.654372,1,0
3.44727,0.185547,1.00084,6.22105e-05,0.654372,1,0
3.4668,0.166016,1.00092,5.79173e-05,0.652421,1,0
3.4668,0.185547,1.00083,6.17795e-05,0.652421,1,0
3.44727,0.205078,1.00069,6.52149e-05,0.654372,1,0
3.44727,0.224609,1.00043,6.73689e-05,0.654372,1,0
3.4668,0.205078,1.00069,6.47618e-05,0.652421,1,0
3.4668,0.224609,1.00043,6.6892e-05,0.652421,1,0
3.48633,0.166016,1.00092,5.75038e-05,0.65047,1,0
3.48633,0.185547,1.00083,6.1343e-05,0.65047,1,0
3.50586,0.166016,1.00091,5.70847e-05,0.648519,1,0
3.50586,0.185547,1.00083,6.09007e-05,0.648519,1,0
3.48633,0.205078,1.00069,6.4303e-05,0.65047,1,0
3.48633,0.224609,1.00043,6.64096e-05,0.65047,1,0
3.50586,0.205078,1.00068,6.38386e-05,0.648519,1,0
3.50586,0.224609,1.00043,6.59216e-05,0.64852,1,0
3.44727,0.244141,0.999941,6.84528e-05,0.654372,1,0
3.44727,0.263672,0.999013,6.83695e-05,0.654372,1,0
3.4668,0.244141,0.999941,6.79516e-05,0.652421,1,0
3.4668,0.263672,0.999013,6.78425e-05,0.652422,1,0
3.44727,0.283203,0.997258,6.68849e-05,0.654373,1,0
3.44727,0.302734,0.994003,6.38276e-05,0.654373,1,0
3.4668,0.283203,0.997261,6.6332e-05,0.652422,1,0
3.4668,0.302734,0.994007,6.32504e-05,0.652422,1,0
3.48633,0.244141,0.99994,6.7445e-05,0.650471,1,0
3.48633,0.263672,0.999014,6.73104e-05,0.650471,1,0
3.50586,0.244141,0.99994,6.69331e-05,0.64852,1,0
3.50586,0.263672,0.999015,6.67733e-05,0.64852,1,0
3.48633,0.283203,0.997263,6.57745e-05,0.650471,1,0
3.48633,0.302734,0.994011,6.2669e-05,0.650471,1,0
3.50586,0.283203,0.997265,6.52123e-05,0.64852,1,0
3.50586,0.302734,0.994015,6.20836e-05,0.64852,1,0
3.52539,0.166016,1.00091,5.66601e-05,0.646568,1,0
3.52539,0.185547,1.00082,6.04529e-05,0.646568,1,0
3.54492,0.166016,1.0009,5.62298e-05,0.644617,1,0
3.54492,0.185547,1.00082,5.99993e-05,0.644618,1,0
3.52539,0.205078,1.00068,6.33685e-05,0.646569,1,0
3.52539,0.224609,1.00042,6.54281e-05,0.646569,1,0
3.54492,0.205078,1.00068,6.28928e-05,0.644618,1,0
3.54492,0.224609,1.00042,6.4929e-05,0.644618,1,0
3.56445,0.166016,1.0009,5.57939e-05,0.642667,1,0
3.56445,0.185547,1.00082,5.954e-05,0.642667,1,0
3.58398,0.166016,1.0009,5.53522e-05,0.640716,1,0
3.58398,0.185547,1.00081,5.90749e-05,0.640716,1,0
3.56445,0.205078,1.00068,6.24114e-05,0.642667,1,0
3.56445,0.224609,1.00042,6.44243e-05,0.642667,1,0
3.58398,0.205078,1.00067,6.19241e-05,0.640716,1,0
3.58398,0.224609,1.00042,6.3914e-05,0.640716,1,0
3.52539,0.244141,0.999939,6.64158e-05,0.646569,1,0
3.52539,0.263672,0.999016,6.62311e-05,0.646569,1,0
3.54492,0.244141,0.999939,6.58932e-05,0.644618,1,0
3.54492,0.263672,0.999017,6.56838e-05,0.644618,1,0
3.52539,0.283203,0.997268,6.46455e-05,0.646569,1,0
3.52539,0.302734,0.994019,6.14942e-05,0.64657,1,0
3.54492,0.283203,0.99727,6.40742e-05,0.644618,1,0
3.54492,0.302734,0.994023,6.09008e-05,0.644619,1,0
3.56445,0.244141,0.999939,6.53652e-05,0.642667,1,0
3.56445,0.263672,0.999018,6.51315e-05,0.642667,1,0
3.58398,0.244141,0.999938,6.48317e-05,0.640716,1,0
3.58398,0.263672,0.999019,6.4574e-05,0.640717,1,0
3.56445,0.283203,0.997273,6.34982e-05,0.642668,1,0
3.56445,0.302734,0.994027,6.03034e-05,0.642668,1,0
3.58398,0.283203,0.997275,6.29175e-05,0.640717,1,0
3.58398,0.302734,0.994031,5.97021e-05,0.640717,1,0
3.60352,0.00976562,1.00093,6.40528e-06,0.638764,1,0
3.60352,0.0292969,1.00098,1.39483e-05,0.638764,1,0
3.62305,0.00976562,1.00092,6.30612e-06,0.636813,1,0
3.62305,0.0292969,1.00097,1.37519e-05,0.636813,1,0
3.60352,0.0488281,1.00101,2.00748e-05,0.638764,1,0
3.60352,0.0683594,1.00102,2.74554e-05,0.638764,1,0
3.62305,0.0488281,1.001,1.98262e-05,0.636813,1,0
3.62305,0.0683594,1.00101,2.7147e-05,0.636813,1,0
3.64258,0.00976562,1.00092,6.20627e-06,0.634862,1,0
3.64258,0.0292969,1.00096,1.35538e-05,0.634862,1,0
3.66211,0.00976562,1.00091,6.10576e-06,0.632912,1,0
3.66211,0.0292969,1.00096,1.33542e-05,0.632911,1,0
3.64258,0.0488281,1.00099,1.95751e-05,0.634862,1,0
3.64258,0.0683594,1.00101,2.68353e-05,0.634862,1,0
3.66211,0.0488281,1.00099,1.93216e-05,0.632912,1,0
3.66211,0.0683594,1.001,2.652e-05,0.632912,1,0
3.60352,0.0878906,1.00102,3.36935e-05,0.638764,1,0
3.60352,0.107422,1.001,4.00416e-05,0.638764,1,0
3.62305,0.0878906,1.00101,3.33509e-05,0.636814,1,0
3.62305,0.107422,1.001,3.9663e-05,0.636814,1,0
3.60352,0.126953,1.00098,4.54908e-05,0.638765,1,0
3.60352,0.146484,1.00094,5.06e-05,0.638765,1,0
3.62305,0.126953,1.00097,4.50869e-05,0.636814,1,0
3.62305,0.146484,1.00094,5.01693e-05,0.636814,1,0
3.64258,0.0878906,1.001,3.30041e-05,0.634863,1,0
3.64258,0.107422,1.00099,3.92795e-05,0.634863,1,0
3.66211,0.0878906,1.001,3.26531e-05,0.632912,1,0
3.66211,0.107422,1.00099,3.88911e-05,0.632912,1,0
3.64258,0.126953,1.00097,4.46777e-05,0.634863,1,0
3.64258,0.146484,1.00093,4.97329e-05,0.634863,1,0
3.66211,0.126953,1.00096,4.42629e-05,0.632912,1,0
3.66211,0.146484,1.00093,4.92907e-05,0.632912,1,0
3.68164,0.00976562,1.0009,6.00458e-06,0.630961,1,0
3.68164,0.0292969,1.00095,1.31531e-05,0.63096,1,0
3.70117,0.00976562,1.0009,5.90276e-06,0.62901,1,0
3.70117,0.0292969,1.00094,1.29504e-05,0.629009,1,0
3.68164,0.0488281,1.00098,1.90657e-05,0.630961,1,0
3.68164,0.0683594,1.00099,2.62013e-05,0.630961,1,0
3.70117,0.0488281,1.00097,1.88073e-05,0.62901,1,0
3.70117,0.0683594,1.00099,2.58791e-05,0.62901,1,0
3.7207,0.00976562,1.00089,5.80032e-06,0.627059,1,0
3.7207,0.0292969,1.00094,1.27462e-05,0.627059,1,0
3.74023,0.00976562,1.00089,5.69726e-06,0.625108,1,0
3.74023,0.0292969,1.00093,1.25405e-05,0.625108,1,0
3.7207,0.0488281,1.00097,1.85464e-05,0.627059,1,0
3.7207,0.0683594,1.00098,2.55534e-05,0.627059,1,0
3.74023,0.0488281,1.00096,1.82831e-05,0.625108,1,0
3.74023,0.0683594,1.00097,2.52241e-05,0.625108,1,0
3.68164,0.0878906,1.00099,3.22977e-05,0.630961,1,0
3.68164,0.107422,1.00098,3.84976e-05,0.630961,1,0
3.70117,0.0878906,1.00099,3.1938e-05,0.62901,1,0
3.70117,0.107422,1.00097,3.8099e-05,0.62901,1,0
3.68164,0.126953,1.00096,4.38426e-05,0.630961,1,0
3.68164,0.146484,1.00093,4.88425e-05,0.630961,1,0
3.70117,0.126953,1.00095,4.34167e-05,0.62901,1,0
3.70117,0.146484,1.00092,4.83883e-05,0.62901,1,0
3.7207,0.0878906,1.00098,3.15738e-05,0.627059,1,0
3.7207,0.107422,1.00097,3.76952e-05,0.627059,1,0
3.74023,0.0878906,1.00097,3.12053e-05,0.625108,1,0
3.74023,0.107422,1.00096,3.72862e-05,0.625108,1,0
3.7207,0.126953,1.00095,4.29851e-05,0.627059,1,0
3.7207,0.146484,1.00092,4.79279e-05,0.627059,1,0
3.74023,0.126953,1.00094,4.25476e-05,0.625108,1,0
3.74023,0.146484,1.00091,4.74614e-05,0.625108,1,0
3.60352,0.166016,1.00089,5.49047e-05,0.638765,1,0
3.60352,0.185547,1.00081,5.86039e-05,0.638765,1,0
3.62305,0.166016,1.00089,5.44514e-05,0.636814,1,0
3.62305,0.185547,1.00081,5.8127e-05,0.636814,1,0
3.60352,0.205078,1.00067,6.14311e-05,0.638765,1,0
3.60352,0.224609,1.00042,6.33979e-05,0.638765,1,0
3.62305,0.205078,1.00067,6.09321e-05,0.636814,1,0
3.62305,0.224609,1.00042,6.2876e-05,0.636814,1,0
3.64258,0.166016,1.00088,5.39921e-05,0.634863,1,0
3.64258,0.185547,1.0008,5.7644e-05,0.634863,1,0
3.66211,0.166016,1.00088,5.35268e-05,0.632912,1,0
3.66211,0.185547,1.0008,5.71549e-05,0.632912,1,0
3.64258,0.205078,1.00067,6.04271e-05,0.634863,1,0
3.64258,0.224609,1.00042,6.23483e-05,0.634863,1,0
3.66211,0.205078,1.00066,5.9916e-05,0.632912,1,0
3.66211,0.224609,1.00041,6.18146e-05,0.632913,1,0
3.60352,0.244141,0.999938,6.42927e-05,0.638765,1,0
3.60352,0.263672,0.99902,6.40115e-05,0.638766,1,0
3.62305,0.244141,0.999938,6.37482e-05,0.636815,1,0
3.62305,0.263672,0.999021,6.34437e-05,0.636815,1,0
3.60352,0.283203,0.997277,6.23323e-05,0.638766,1,0
3.60352,0.302734,0.994035,5.90968e-05,0.638766,1,0
3.62305,0.283203,0.99728,6.17423e-05,0.636815,1,0
3.62305,0.302734,0.994039,5.84874e-05,0.636815,1,0
3.64258,0.244141,0.999937,6.3198e-05,0.634864,1,0
3.64258,0.263672,0.999022,6.28707e-05,0.634864,1,0
3.66211,0.244141,0.999937,6.26422e-05,0.632913,1,0
3.66211,0.263672,0.999023,6.22923e-05,0.632913,1,0
3.64258,0.283203,0.997282,6.11476e-05,0.634864,1,0
3.64258,0.302734,0.994043,5.7874e-05,0.634864,1,0
3.66211,0.283203,0.997285,6.0548e-05,0.632913,1,0
3.66211,0.302734,0.994047,5.72565e-05,0.632913,1,0
3.68164,0.166016,1.00088,5.30553e-05,0.630961,1,0
3.68164,0.185547,1.0008,5.66595e-05,0.630961,1,0
3.70117,0.166016,1.00087,5.25776e-05,0.62901,1,0
3.70117,0.185547,1.00079,5.61578e-05,0.62901,1,0
3.68164,0.205078,1.00066,5.93987e-05,0.630961,1,0
3.68164,0.224609,1.00041,6.12748e-05,0.630962,1,0
3.70117,0.205078,1.00066,5.8875e-05,0.629011,1,0
3.70117,0.224609,1.00041,6.07288e-05,0.629011,1,0
3.7207,0.166016,1.00087,5.20935e-05,0.627059,1,0
3.7207,0.185547,1.00079,5.56497e-05,0.627059,1,0
3.74023,0.166016,1.00086,5.1603e-05,0.625108,1,0
3.74023,0.185547,1.00079,5.51349e-05,0.625108,1,0
3.7207,0.205078,1.00066,5.83449e-05,0.62706,1,0
3.7207,0.224609,1.00041,6.01765e-05,0.62706,1,0
3.74023,0.205078,1.00066,5.78082e-05,0.625109,1,0
3.74023,0.224609,1.00041,5.96177e-05,0.625109,1,0
3.68164,0.244141,0.999937,6.20805e-05,0.630962,1,0
3.68164,0.263672,0.999024,6.17085e-05,0.630962,1,0
3.70117,0.244141,0.999937,6.15129e-05,0.629011,1,0
3.70117,0.263672,0.999025,6.11191e-05,0.629011,1,0
3.68164,0.283203,0.997287,5.99435e-05,0.630962,1,0
3.68164,0.302734,0.994051,5.66347e-05,0.630962,1,0
3.70117,0.283203,0.99729,5.9334e-05,0.629011,1,0
3.70117,0.302734,0.994056,5.60087e-05,0.629011,1,0
3.7207,0.244141,0.999937,6.09392e-05,0.62706,1,0
3.7207,0.263672,0.999026,6.0524e-05,0.62706,1,0
3.74023,0.244141,0.999936,6.03592e-05,0.625109,1,0
3.74023,0.263672,0.999027,5.9923e-05,0.625109,1,0
3.7207,0.283203,0.997292,5.87193e-05,0.62706,1,0
3.7207,0.302734,0.99406,5.53782e-05,0.62706,1,0
3.74023,0.283203,0.997295,5.80993e-05,0.625109,1,0
3.74023,0.302734,0.994064,5.47432e-05,0.625109,1,0
3.44727,0.322266,0.988109,5.89879e-05,0.654373,1,0
3.44727,0.341797,0.977744,5.23216e-05,0.654373,1,0
3.4668,0.322266,0.988114,5.83923e-05,0.652422,1,0
3.4668,0.341797,0.977751,5.17194e-05,0.652423,1,0
3.44727,0.361328,0.96008,4.39354e-05,0.654374,1,0
3.44727,0.380859,0.930946,3.4352e-05,0.654374,1,0
3.4668,0.361328,0.960089,4.33474e-05,0.652423,1,0
3.4668,0.380859,0.930956,3.38067e-05,0.652423,1,0
3.48633,0.322266,0.98812,5.77934e-05,0.650471,1,0
3.48633,0.341797,0.977759,5.11149e-05,0.650472,1,0
3.50586,0.322266,0.988126,5.71912e-05,0.648521,1,0
3.50586,0.341797,0.977766,5.05082e-05,0.648521,1,0
3.48633,0.361328,0.960098,4.27585e-05,0.650472,1,0
3.48633,0.380859,0.930965,3.3262e-05,0.650472,1,0
3.50586,0.361328,0.960107,4.21688e-05,0.648521,1,0
3.50586,0.380859,0.930975,3.27182e-05,0.648521,1,0
3.44727,0.400391,0.884466,2.43678e-05,0.654374,1,0
3.44727,0.419922,0.812752,1.52367e-05,0.654374,1,0
3.4668,0.400391,0.884476,2.39021e-05,0.652423,1,0
3.4668,0.419922,0.81276,1.4884e-05,0.652423,1,0
3.44727,0.439453,0.705718,7.95606e-06,0.654374,1,0
3.44727,0.458984,0.551092,3.32725e-06,0.654374,1,0
3.4668,0.439453,0.705724,7.73786e-06,0.652423,1,0
3.4668,0.458984,0.551095,3.22667e-06,0.652423,1,0
3.48633,0.400391,0.884485,2.34388e-05,0.650472,1,0
3.48633,0.419922,0.812768,1.45349e-05,0.650472,1,0
3.50586,0.400391,0.884494,2.2978e-05,0.648521,1,0
3.50586,0.419922,0.812776,1.41894e-05,0.648522,1,0
3.48633,0.439453,0.705729,7.52315e-06,0.650473,1,0
3.48633,0.458984,0.551099,3.12814e-06,0.650473,1,0
3.50586,0.439453,0.705735,7.3119e-06,0.648522,1,0
3.50586,0.458984,0.551102,3.03168e-06,0.648522,1,0
3.52539,0.322266,0.988132,5.65859e-05,0.64657,1,0
3.52539,0.341797,0.977774,4.98994e-05,0.64657,1,0
3.54492,0.322266,0.988138,5.59775e-05,0.644619,1,0
3.54492,0.341797,0.977781,4.92887e-05,0.644619,1,0
3.52539,0.361328,0.960116,4.15783e-05,0.64657,1,0
3.52539,0.380859,0.930985,3.21753e-05,0.64657,1,0
3.54492,0.361328,0.960125,4.09872e-05,0.644619,1,0
3.54492,0.380859,0.930994,3.16334e-05,0.64462,1,0
3.56445,0.322266,0.988143,5.53659e-05,0.642668,1,0
3.56445,0.341797,0.977789,4.86759e-05,0.642668,1,0
3.58398,0.322266,0.988149,5.47512e-05,0.640717,1,0
3.58398,0.341797,0.977796,4.80612e-05,0.640717,1,0
3.56445,0.361328,0.960133,4.03956e-05,0.642668,1,0
3.56445,0.380859,0.931003,3.10925e-05,0.642669,1,0
3.58398,0.361328,0.960142,3.98034e-05,0.640718,1,0
3.58398,0.380859,0.931013,3.05529e-05,0.640718,1,0
3.52539,0.400391,0.884504,2.25198e-05,0.646571,1,0
3.52539,0.419922,0.812784,1.38477e-05,0.646571,1,0
3.54492,0.400391,0.884513,2.20641e-05,0.64462,1,0
3.54492,0.419922,0.812792,1.35095e-05,0.64462,1,0
3.52539,0.439453,0.705741,7.1041e-06,0.646571,1,0
3.52539,0.458984,0.551105,2.93722e-06,0.646571,1,0
3.54492,0.439453,0.705746,6.8997e-06,0.64462,1,0
3.54492,0.458984,0.551108,2.84473e-06,0.64462,1,0
3.56445,0.400391,0.884522,2.16112e-05,0.642669,1,0
3.56445,0.419922,0.812799,1.31752e-05,0.642669,1,0
3.58398,0.400391,0.884531,2.1161e-05,0.640718,1,0
3.58398,0.419922,0.812807,1.28444e-05,0.640718,1,0
3.56445,0.439453,0.705751,6.69868e-06,0.642669,1,0
3.56445,0.458984,0.551111,2.75416e-06,0.642669,1,0
3.58398,0.439453,0.705756,6.50096e-06,0.640718,1,0
3.58398,0.458984,0.551114,2.66549e-06,0.640718,1,0
3.44727,0.478516,0.334667,7.3782e-07,0.654374,1,0
3.44727,0.498047,0.0407777,-2.41218e-07,0.654374,0.6,0
3.4668,0.478516,0.334668,7.18416e-07,0.652423,1,0
3.4668,0.498047,0.0407781,-2.30704e-07,0.652424,0.6,0
3.48633,0.478516,0.33467,6.9938e-07,0.650473,1,0
3.48633,0.498047,0.0407786,-2.20535e-07,0.650473,0.6,0
3.50586,0.478516,0.334672,6.80704e-07,0.648522,1,0
3.50586,0.498047,0.0407791,-2.1072e-07,0.648522,0.6,0
3.52539,0.478516,0.334673,6.62387e-07,0.646571,1,0
3.52539,0.498047,0.0407795,-2.01231e-07,0.646571,0.6,0
3.54492,0.478516,0.334675,6.44417e-07,0.64462,1,0
3.54492,0.498047,0.0407799,-1.92079e-07,0.64462,0.6,0
3.56445,0.478516,0.334676,6.26793e-07,0.642669,1,0
3.56445,0.498047,0.0407804,-1.83239e-07,0.642669,0.6,0
3.58398,0.478516,0.334678,6.09502e-07,0.640718,1,0
3.58398,0.498047,0.0407808,-1.7472e-07,0.640718,0.6,0
3.60352,0.322266,0.988155,5.41335e-05,0.638766,1,0
3.60352,0.341797,0.977804,4.74445e-05,0.638766,1,0
3.62305,0.322266,0.988161,5.35126e-05,0.636815,1,0
3.62305,0.341797,0.977811,4.68259e-05,0.636816,1,0
3.60352,0.361328,0.960151,3.92107e-05,0.638767,1,0
3.60352,0.380859,0.931022,3.00144e-05,0.638767,1,0
3.62305,0.361328,0.96016,3.86175e-05,0.636816,1,0
3.62305,0.380859,0.931031,2.9477e-05,0.636816,1,0
3.64258,0.322266,0.988167,5.28886e-05,0.634864,1,0
3.64258,0.341797,0.977819,4.62053e-05,0.634865,1,0
3.66211,0.322266,0.988173,5.22613e-05,0.632913,1,0
3.66211,0.341797,0.977826,4.55828e-05,0.632914,1,0
3.64258,0.361328,0.960168,3.80238e-05,0.634865,1,0
3.64258,0.380859,0.93104,2.89409e-05,0.634865,1,0
3.66211,0.361328,0.960177,3.74297e-05,0.632914,1,0
3.66211,0.380859,0.931049,2.8406e-05,0.632914,1,0
3.60352,0.400391,0.884539,2.07135e-05,0.638767,1,0
3.60352,0.419922,0.812814,1.25174e-05,0.638767,1,0
3.62305,0.400391,0.884548,2.02689e-05,0.636816,1,0
3.62305,0.419922,0.812821,1.21941e-05,0.636816,1,0
3.60352,0.439453,0.705761,6.30652e-06,0.638767,1,0
3.60352,0.458984,0.551117,2.57865e-06,0.638767,1,0
3.62305,0.439453,0.705766,6.11528e-06,0.636816,1,0
3.62305,0.458984,0.55112,2.49364e-06,0.636816,1,0
3.64258,0.400391,0.884557,1.98269e-05,0.634865,1,0
3.64258,0.419922,0.812828,1.18743e-05,0.634865,1,0
3.66211,0.400391,0.884565,1.93878e-05,0.632914,1,0
3.66211,0.419922,0.812835,1.15582e-05,0.632914,1,0
3.64258,0.439453,0.705771,5.9272e-06,0.634865,1,0
3.64258,0.458984,0.551123,2.41038e-06,0.634865,1,0
3.66211,0.439453,0.705776,5.74222e-06,0.632914,1,0
3.66211,0.458984,0.551125,2.32886e-06,0.632914,1,0
3.68164,0.322266,0.988178,5.16308e-05,0.630963,1,0
3.68164,0.341797,0.977833,4.49582e-05,0.630963,1,0
3.70117,0.322266,0.988184,5.09969e-05,0.629012,1,0
3.70117,0.341797,0.977841,4.43315e-05,0.629012,1,0
3.68164,0.361328,0.960185,3.6835e-05,0.630963,1,0
3.68164,0.380859,0.931058,2.78724e-05,0.630963,1,0
3.70117,0.361328,0.960194,3.62397e-05,0.629012,1,0
3.70117,0.380859,0.931067,2.73399e-05,0.629012,1,0
3.7207,0.322266,0.98819,5.03596e-05,0.627061,1,0
3.7207,0.341797,0.977848,4.37026e-05,0.627061,1,0
3.74023,0.322266,0.988196,4.97188e-05,0.62511,1,0
3.74023,0.341797,0.977855,4.30715e-05,0.62511,1,0
3.7207,0.361328,0.960202,3.56439e-05,0.627061,1,0
3.7207,0.380859,0.931076,2.68086e-05,0.627061,1,0
3.74023,0.361328,0.960211,3.50475e-05,0.62511,1,0
3.74023,0.380859,0.931085,2.62785e-05,0.62511,1,0
3.68164,0.400391,0.884574,1.89514e-05,0.630963,1,0
3.68164,0.419922,0.812842,1.12456e-05,0.630963,1,0
3.70117,0.400391,0.884582,1.85178e-05,0.629012,1,0
3.70117,0.419922,0.812848,1.09365e-05,0.629012,1,0
3.68164,0.439453,0.70578,5.56031e-06,0.630963,1,0
3.68164,0.458984,0.551128,2.24905e-06,0.630964,1,0
3.70117,0.439453,0.705785,5.3814e-06,0.629013,1,0
3.70117,0.458984,0.55113,2.17092e-06,0.629013,1,0
3.7207,0.400391,0.88459,1.80869e-05,0.627061,1,0
3.7207,0.419922,0.812855,1.0631e-05,0.627061,1,0
3.74023,0.400391,0.884598,1.76587e-05,0.62511,1,0
3.74023,0.419922,0.812861,1.03289e-05,0.62511,1,0
3.7207,0.439453,0.705789,5.20546e-06,0.627062,1,0
3.7207,0.458984,0.551133,2.09442e-06,0.627062,1,0
3.74023,0.439453,0.705793,5.03244e-06,0.625111,1,0
3.74023,0.458984,0.551135,2.01957e-06,0.625111,1,0
3.60352,0.478516,0.334679,5.92541e-07,0.638767,1,0
3.60352,0.498047,0.0407812,-1.66499e-07,0.638767,0.6,0
3.62305,0.478516,0.33468,5.75899e-07,0.636816,1,0
3.62305,0.498047,0.0407816,-1.58586e-07,0.636816,0.6,0
3.64258,0.478516,0.334682,5.59572e-07,0.634865,1,0
3.64258,0.498047,0.040782,-1.50958e-07,0.634865,0.6,0
3.66211,0.478516,0.334683,5.4355e-07,0.632914,1,0
3.66211,0.498047,0.0407823,-1.43625e-07,0.632915,0.6,0
3.68164,0.478516,0.334684,5.27829e-07,0.630964,1,0
3.68164,0.498047,0.0407827,-1.36564e-07,0.630964,0.6,0
3.70117,0.478516,0.334685,5.12401e-07,0.629013,1,0
3.70117,0.498047,0.0407831,-1.29787e-07,0.629013,0.6,0
3.7207,0.478516,0.334686,4.97262e-07,0.627062,1,0
3.7207,0.498047,0.0407834,-1.23268e-07,0.627062,0.6,0
3.74023,0.478516,0.334687,4.82405e-07,0.625111,1,0
3.74023,0.498047,0.0407838,-1.17021e-07,0.625111,0.6,0
3.75977,0.00976562,1.00088,5.59361e-06,0.623157,1,0
3.75977,0.0292969,1.00093,1.23333e-05,0.623157,1,0
3.7793,0.00976562,1.00088,5.4894e-06,0.621206,1,0
3.7793,0.0292969,1.00092,1.21246e-05,0.621206,1,0
3.75977,0.0488281,1.00095,1.80174e-05,0.623157,1,0
3.75977,0.0683594,1.00097,2.48914e-05,0.623157,1,0
3.7793,0.0488281,1.00095,1.77493e-05,0.621206,1,0
3.7793,0.0683594,1.00096,2.45551e-05,0.621206,1,0
3.79883,0.00976562,1.00087,5.38465e-06,0.619255,1,0
3.79883,0.0292969,1.00091,1.19145e-05,0.619255,1,0
3.81836,0.00976562,1.00087,5.27937e-06,0.617304,1,0
3.81836,0.0292969,1.00091,1.17031e-05,0.617304,1,0
3.79883,0.0488281,1.00094,1.74788e-05,0.619255,1,0
3.79883,0.0683594,1.00096,2.42152e-05,0.619255,1,0
3.81836,0.0488281,1.00094,1.72058e-05,0.617304,1,0
3.81836,0.0683594,1.00095,2.38718e-05,0.617304,1,0
3.75977,0.0878906,1.00097,3.08322e-05,0.623157,1,0
3.75977,0.107422,1.00096,3.68718e-05,0.623157,1,0
3.7793,0.0878906,1.00096,3.04547e-05,0.621206,1,0
3.7793,0.107422,1.00095,3.64522e-05,0.621206,1,0
3.75977,0.126953,1.00094,4.21042e-05,0.623157,1,0
3.75977,0.146484,1.00091,4.69884e-05,0.623157,1,0
3.7793,0.126953,1.00093,4.16549e-05,0.621206,1,0
3.7793,0.146484,1.0009,4.65091e-05,0.621206,1,0
3.79883,0.0878906,1.00096,3.00726e-05,0.619255,1,0
3.79883,0.107422,1.00095,3.60271e-05,0.619255,1,0
3.81836,0.0878906,1.00095,2.96859e-05,0.617304,1,0
3.81836,0.107422,1.00094,3.55965e-05,0.617304,1,0
3.79883,0.126953,1.00093,4.11994e-05,0.619255,1,0
3.79883,0.146484,1.0009,4.60231e-05,0.619255,1,0
3.81836,0.126953,1.00092,4.07378e-05,0.617304,1,0
3.81836,0.146484,1.00089,4.55305e-05,0.617304,1,0
3.83789,0.00976562,1.00086,5.17361e-06,0.615353,1,0
3.83789,0.0292969,1.0009,1.14903e-05,0.615353,1,0
3.85742,0.00976562,1.00086,5.06738e-06,0.613402,1,0
3.85742,0.0292969,1.0009,1.12762e-05,0.613402,1,0
3.83789,0.0488281,1.00093,1.69305e-05,0.615353,1,0
3.83789,0.0683594,1.00094,2.35249e-05,0.615353,1,0
3.85742,0.0488281,1.00092,1.66529e-05,0.613402,1,0
3.85742,0.0683594,1.00094,2.31743e-05,0.613402,1,0
3.87695,0.00976562,1.00085,4.96073e-06,0.611451,1,0
3.87695,0.0292969,1.00089,1.10608e-05,0.611451,1,0
3.89648,0.00976562,1.00085,4.85368e-06,0.6095,1,0
3.89648,0.0292969,1.00089,1.08442e-05,0.6095,1,0
3.87695,0.0488281,1.00092,1.63729e-05,0.611451,1,0
3.87695,0.0683594,1.00093,2.28203e-05,0.611451,1,0
3.89648,0.0488281,1.00091,1.60906e-05,0.6095,1,0
3.89648,0.0683594,1.00092,2.24627e-05,0.6095,1,0
3.83789,0.0878906,1.00094,2.92945e-05,0.615353,1,0
3.83789,0.107422,1.00094,3.51603e-05,0.615353,1,0
3.85742,0.0878906,1.00094,2.88986e-05,0.613402,1,0
3.85742,0.107422,1.00093,3.47185e-05,0.613402,1,0
3.83789,0.126953,1.00092,4.02699e-05,0.615353,1,0
3.83789,0.146484,1.00089,4.50311e-05,0.615353,1,0
3.85742,0.126953,1.00091,3.97956e-05,0.613402,1,0
3.85742,0.146484,1.00089,4.45247e-05,0.613402,1,0
3.87695,0.0878906,1.00093,2.84979e-05,0.611451,1,0
3.87695,0.107422,1.00092,3.4271e-05,0.611451,1,0
3.89648,0.0878906,1.00093,2.80925e-05,0.6095,1,0
3.89648,0.107422,1.00092,3.38178e-05,0.6095,1,0
3.87695,0.126953,1.00091,3.93149e-05,0.611451,1,0
3.87695,0.146484,1.00088,4.40112e-05,0.611451,1,0
3.89648,0.126953,1.0009,3.88276e-05,0.6095,1,0
3.89648,0.146484,1.00088,4.34907e-05,0.6095,1,0
3.75977,0.166016,1.00086,5.11058e-05,0.623157,1,0
3.75977,0.185547,1.00079,5.46134e-05,0.623157,1,0
3.7793,0.166016,1.00086,5.06019e-05,0.621206,1,0
3.7793,0.185547,1.00078,5.40849e-05,0.621207,1,0
3.75977,0.205078,1.00065,5.72648e-05,0.623158,1,0
3.75977,0.224609,1.00041,5.90523e-05,0.623158,1,0
3.7793,0.205078,1.00065,5.67144e-05,0.621207,1,0
3.7793,0.224609,1.00041,5.84801e-05,0.621207,1,0
3.79883,0.166016,1.00085,5.00911e-05,0.619255,1,0
3.79883,0.185547,1.00078,5.35495e-05,0.619256,1,0
3.81836,0.166016,1.00085,4.95733e-05,0.617304,1,0
3.81836,0.185547,1.00078,5.30068e-05,0.617305,1,0
3.79883,0.205078,1.00065,5.6157e-05,0.619256,1,0
3.79883,0.224609,1.0004,5.79009e-05,0.619256,1,0
3.81836,0.205078,1.00065,5.55924e-05,0.617305,1,0
3.81836,0.224609,1.0004,5.73146e-05,0.617305,1,0
3.75977,0.244141,0.999936,5.97729e-05,0.623158,1,0
3.75977,0.263672,0.999028,5.93161e-05,0.623158,1,0
3.7793,0.244141,0.999936,5.918e-05,0.621207,1,0
3.7793,0.263672,0.999029,5.8703e-05,0.621207,1,0
3.75977,0.283203,0.997298,5.74739e-05,0.623158,1,0
3.75977,0.302734,0.994068,5.41035e-05,0.623158,1,0
3.7793,0.283203,0.9973,5.6843e-05,0.621207,1,0
3.7793,0.302734,0.994072,5.3459e-05,0.621207,1,0
3.79883,0.244141,0.999936,5.85805e-05,0.619256,1,0
3.79883,0.263672,0.999031,5.80837e-05,0.619256,1,0
3.81836,0.244141,0.999936,5.79741e-05,0.617305,1,0
3.81836,0.263672,0.999032,5.74579e-05,0.617305,1,0
3.79883,0.283203,0.997303,5.62063e-05,0.619256,1,0
3.79883,0.302734,0.994077,5.28096e-05,0.619256,1,0
3.81836,0.283203,0.997306,5.55637e-05,0.617305,1,0
3.81836,0.302734,0.994081,5.21552e-05,0.617305,1,0
3.83789,0.166016,1.00085,4.90483e-05,0.615353,1,0
3.83789,0.185547,1.00077,5.24568e-05,0.615354,1,0
3.85742,0.166016,1.00084,4.8516e-05,0.613402,1,0
3.85742,0.185547,1.00077,5.18993e-05,0.613402,1,0
3.83789,0.205078,1.00064,5.50204e-05,0.615354,1,0
3.83789,0.224609,1.0004,5.67211e-05,0.615354,1,0
3.85742,0.205078,1.00064,5.44408e-05,0.613403,1,0
3.85742,0.224609,1.0004,5.61201e-05,0.613403,1,0
3.87695,0.166016,1.00084,4.79763e-05,0.611451,1,0
3.87695,0.185547,1.00077,5.13341e-05,0.611451,1,0
3.89648,0.166016,1.00083,4.7429e-05,0.6095,1,0
3.89648,0.185547,1.00076,5.07611e-05,0.6095,1,0
3.87695,0.205078,1.00064,5.38535e-05,0.611452,1,0
3.87695,0.224609,1.0004,5.55115e-05,0.611452,1,0
3.89648,0.205078,1.00064,5.32583e-05,0.609501,1,0
3.89648,0.224609,1.0004,5.4895e-05,0.609501,1,0
3.83789,0.244141,0.999936,5.73606e-05,0.615354,1,0
3.83789,0.263672,0.999033,5.68254e-05,0.615354,1,0
3.85742,0.244141,0.999936,5.674e-05,0.613403,1,0
3.85742,0.263672,0.999034,5.61863e-05,0.613403,1,0
3.83789,0.283203,0.997308,5.49152e-05,0.615354,1,0
3.83789,0.302734,0.994085,5.14957e-05,0.615354,1,0
3.85742,0.283203,0.997311,5.42605e-05,0.613403,1,0
3.85742,0.302734,0.994089,5.0831e-05,0.613403,1,0
3.87695,0.244141,0.999936,5.6112e-05,0.611452,1,0
3.87695,0.263672,0.999035,5.55401e-05,0.611452,1,0
3.89648,0.244141,0.999936,5.54765e-05,0.609501,1,0
3.89648,0.263672,0.999037,5.4887e-05,0.609501,1,0
3.87695,0.283203,0.997314,5.35996e-05,0.611452,1,0
3.87695,0.302734,0.994094,5.01608e-05,0.611452,1,0
3.89648,0.283203,0.997316,5.29322e-05,0.609501,1,0
3.89648,0.302734,0.994098,4.94852e-05,0.609501,1,0
3.91602,0.00976562,1.00084,4.74626e-06,0.607549,1,0
3.91602,0.0292969,1.00088,1.06265e-05,0.607549,1,0
3.93555,0.00976562,1.00084,4.63852e-06,0.605598,1,0
3.93555,0.0292969,1.00087,1.04076e-05,0.605598,1,0
3.91602,0.0488281,1.00091,1.58061e-05,0.607549,1,0
3.91602,0.0683594,1.00092,2.21015e-05,0.607549,1,0
3.93555,0.0488281,1.0009,1.55193e-05,0.605598,1,0
3.93555,0.0683594,1.00091,2.17369e-05,0.605598,1,0
3.95508,0.00976562,1.00083,4.5305e-06,0.603647,1,0
3.95508,0.0292969,1.00087,1.01877e-05,0.603646,1,0
3.97461,0.00976562,1.00083,4.42223e-06,0.601696,1,0
3.97461,0.0292969,1.00086,9.96681e-06,0.601695,1,0
3.95508,0.0488281,1.00089,1.52303e-05,0.603647,1,0
3.95508,0.0683594,1.00091,2.13687e-05,0.603647,1,0
3.97461,0.0488281,1.00089,1.49392e-05,0.601696,1,0
3.97461,0.0683594,1.0009,2.09971e-05,0.601696,1,0
3.91602,0.0878906,1.00092,2.76824e-05,0.607549,1,0
3.91602,0.107422,1.00091,3.33588e-05,0.607549,1,0
3.93555,0.0878906,1.00092,2.72675e-05,0.605598,1,0
3.93555,0.107422,1.00091,3.28939e-05,0.605598,1,0
3.91602,0.126953,1.0009,3.83336e-05,0.607549,1,0
3.91602,0.146484,1.00087,4.29628e-05,0.607549,1,0
3.93555,0.126953,1.00089,3.7833e-05,0.605598,1,0
3.93555,0.146484,1.00087,4.24274e-05,0.605598,1,0
3.95508,0.0878906,1.00091,2.68479e-05,0.603647,1,0
3.95508,0.107422,1.0009,3.24232e-05,0.603647,1,0
3.97461,0.0878906,1.0009,2.64235e-05,0.601696,1,0
3.97461,0.107422,1.0009,3.19464e-05,0.601696,1,0
3.95508,0.126953,1.00089,3.73254e-05,0.603647,1,0
3.95508,0.146484,1.00086,4.18846e-05,0.603647,1,0
3.97461,0.126953,1.00088,3.6811e-05,0.601696,1,0
3.97461,0.146484,1.00086,4.13341e-05,0.601696,1,0
3.99414,0.00976562,1.00083,4.31376e-06,0.599744,1,0
3.99414,0.0292969,1.00086,9.74498e-06,0.599744,1,0
4.01367,0.00976562,1.00082,4.20513e-06,0.597793,1,0
4.01367,0.0292969,1.00085,9.52229e-06,0.597793,1,0
3.99414,0.0488281,1.00088,1.4646e-05,0.599744,1,0
3.99414,0.0683594,1.0009,2.0622e-05,0.599744,1,0
4.01367,0.0488281,1.00088,1.43507e-05,0.597793,1,0
4.01367,0.0683594,1.00089,2.02435e-05,0.597793,1,0
4.0332,0.00976562,1.00082,4.09639e-06,0.595842,1,0
4.0332,0.0292969,1.00085,9.29882e-06,0.595842,1,0
4.05273,0.00976562,1.00081,3.98759e-06,0.593891,1,0
4.05273,0.0292969,1.00084,9.07466e-06,0.593891,1,0
4.0332,0.0488281,1.00087,1.40535e-05,0.595842,1,0
4.0332,0.0683594,1.00088,1.98617e-05,0.595842,1,0
4.05273,0.0488281,1.00087,1.37543e-05,0.593891,1,0
4.05273,0.0683594,1.00088,1.94765e-05,0.593891,1,0
3.99414,0.0878906,1.0009,2.59942e-05,0.599745,1,0
3.99414,0.107422,1.00089,3.14637e-05,0.599745,1,0
4.01367,0.0878906,1.00089,2.55602e-05,0.597794,1,0
4.01367,0.107422,1.00089,3.09748e-05,0.597794,1,0
3.99414,0.126953,1.00088,3.62895e-05,0.599745,1,0
3.99414,0.146484,1.00086,4.07757e-05,0.599745,1,0
4.01367,0.126953,1.00087,3.57609e-05,0.597794,1,0
4.01367,0.146484,1.00085,4.02095e-05,0.597794,1,0
4.0332,0.0878906,1.00089,2.51213e-05,0.595842,1,0
4.0332,0.107422,1.00088,3.04799e-05,0.595842,1,0
4.05273,0.0878906,1.00088,2.46777e-05,0.593891,1,0
4.05273,0.107422,1.00088,2.99789e-05,0.593891,1,0
4.0332,0.126953,1.00087,3.52251e-05,0.595843,1,0
4.0332,0.146484,1.00085,3.96352e-05,0.595843,1,0
4.05273,0.126953,1.00087,3.46821e-05,0.593891,1,0
4.05273,0.146484,1.00084,3.90528e-05,0.593892,1,0
3.91602,0.166016,1.00083,4.6874e-05,0.607549,1,0
3.91602,0.185547,1.00076,5.01801e-05,0.607549,1,0
3.93555,0.166016,1.00083,4.63111e-05,0.605598,1,0
3.93555,0.185547,1.00076,4.9591e-05,0.605598,1,0
3.91602,0.205078,1.00064,5.2655e-05,0.60755,1,0
3.91602,0.224609,1.0004,5.42706e-05,0.60755,1,0
3.93555,0.205078,1.00063,5.20435e-05,0.605598,1,0
3.93555,0.224609,1.0004,5.36381e-05,0.605599,1,0
3.95508,0.166016,1.00082,4.57401e-05,0.603647,1,0
3.95508,0.185547,1.00076,4.89935e-05,0.603647,1,0
3.97461,0.166016,1.00082,4.5161e-05,0.601696,1,0
3.97461,0.185547,1.00075,4.83875e-05,0.601696,1,0
3.95508,0.205078,1.00063,5.14236e-05,0.603647,1,0
3.95508,0.224609,1.0004,5.29972e-05,0.603648,1,0
3.97461,0.205078,1.00063,5.0795e-05,0.601696,1,0
3.97461,0.224609,1.00039,5.23477e-05,0.601696,1,0
3.91602,0.244141,0.999936,5.48332e-05,0.60755,1,0
3.91602,0.263672,0.999038,5.42265e-05,0.60755,1,0
3.93555,0.244141,0.999936,5.41821e-05,0.605599,1,0
3.93555,0.263672,0.999039,5.35587e-05,0.605599,1,0
3.91602,0.283203,0.997319,5.22583e-05,0.60755,1,0
3.91602,0.302734,0.994102,4.8804e-05,0.60755,1,0
3.93555,0.283203,0.997322,5.15777e-05,0.605599,1,0
3.93555,0.302734,0.994106,4.8117e-05,0.605599,1,0
3.95508,0.244141,0.999936,5.35229e-05,0.603648,1,0
3.95508,0.263672,0.999041,5.28833e-05,0.603648,1,0
3.97461,0.244141,0.999936,5.28554e-05,0.601697,1,0
3.97461,0.263672,0.999042,5.22e-05,0.601697,1,0
3.95508,0.283203,0.997324,5.08902e-05,0.603648,1,0
3.95508,0.302734,0.99411,4.74241e-05,0.603648,1,0
3.97461,0.283203,0.997327,5.01956e-05,0.601697,1,0
3.97461,0.302734,0.994115,4.67252e-05,0.601697,1,0
3.99414,0.166016,1.00082,4.45735e-05,0.599745,1,0
3.99414,0.185547,1.00075,4.77728e-05,0.599745,1,0
4.01367,0.166016,1.00081,4.39775e-05,0.597794,1,0
4.01367,0.185547,1.00075,4.71493e-05,0.597794,1,0
3.99414,0.205078,1.00063,5.01577e-05,0.599745,1,0
3.99414,0.224609,1.00039,5.16895e-05,0.599745,1,0
4.01367,0.205078,1.00063,4.95113e-05,0.597794,1,0
4.01367,0.224609,1.00039,5.10224e-05,0.597794,1,0
4.0332,0.166016,1.00081,4.33728e-05,0.595843,1,0
4.0332,0.185547,1.00074,4.65167e-05,0.595843,1,0
4.05273,0.166016,1.00081,4.27594e-05,0.593892,1,0
4.05273,0.185547,1.00074,4.58749e-05,0.593892,1,0
4.0332,0.205078,1.00062,4.88557e-05,0.595843,1,0
4.0332,0.224609,1.00039,5.03461e-05,0.595843,1,0
4.05273,0.205078,1.00062,4.81906e-05,0.593892,1,0
4.05273,0.224609,1.00039,4.96603e-05,0.593892,1,0
3.99414,0.244141,0.999936,5.21795e-05,0.599746,1,0
3.99414,0.263672,0.999043,5.15088e-05,0.599746,1,0
4.01367,0.244141,0.999936,5.14948e-05,0.597794,1,0
4.01367,0.263672,0.999045,5.08094e-05,0.597795,1,0
3.99414,0.283203,0.99733,4.94938e-05,0.599746,1,0
3.99414,0.302734,0.994119,4.602e-05,0.599746,1,0
4.01367,0.283203,0.997333,4.87845e-05,0.597795,1,0
4.01367,0.302734,0.994123,4.53085e-05,0.597795,1,0
4.0332,0.244141,0.999936,5.08013e-05,0.595843,1,0
4.0332,0.263672,0.999046,5.01016e-05,0.595843,1,0
4.05273,0.244141,0.999936,5.00986e-05,0.593892,1,0
4.05273,0.263672,0.999047,4.93852e-05,0.593892,1,0
4.0332,0.283203,0.997335,4.80676e-05,0.595844,1,0
4.0332,0.302734,0.994127,4.45905e-05,0.595844,1,0
4.05273,0.283203,0.997338,4.73429e-05,0.593892,1,0
4.05273,0.302734,0.994132,4.38658e-05,0.593893,1,0
3.75977,0.322266,0.988202,4.90743e-05,0.623159,1,0
3.75977,0.341797,0.977863,4.24382e-05,0.623159,1,0
3.7793,0.322266,0.988208,4.84261e-05,0.621208,1,0
3.7793,0.341797,0.97787,4.18025e-05,0.621208,1,0
3.75977,0.361328,0.960219,3.44505e-05,0.623159,1,0
3.75977,0.380859,0.931094,2.57497e-05,0.623159,1,0
3.7793,0.361328,0.960228,3.38528e-05,0.621208,1,0
3.7793,0.380859,0.931102,2.52219e-05,0.621208,1,0
3.79883,0.322266,0.988213,4.77741e-05,0.619257,1,0
3.79883,0.341797,0.977877,4.11644e-05,0.619257,1,0
3.81836,0.322266,0.988219,4.71182e-05,0.617306,1,0
3.81836,0.341797,0.977885,4.05239e-05,0.617306,1,0
3.79883,0.361328,0.960236,3.32544e-05,0.619257,1,0
3.79883,0.380859,0.931111,2.46954e-05,0.619257,1,0
3.81836,0.361328,0.960244,3.26553e-05,0.617306,1,0
3.81836,0.380859,0.931119,2.417e-05,0.617306,1,0
3.75977,0.400391,0.884606,1.72333e-05,0.623159,1,0
3.75977,0.419922,0.812867,1.00303e-05,0.623159,1,0
3.7793,0.400391,0.884614,1.68105e-05,0.621208,1,0
3.7793,0.419922,0.812873,9.73501e-06,0.621208,1,0
3.75977,0.439453,0.705798,4.86233e-06,0.62316,1,0
3.75977,0.458984,0.551137,1.94631e-06,0.62316,1,0
3.7793,0.439453,0.705801,4.69507e-06,0.621209,1,0
3.7793,0.458984,0.551139,1.87466e-06,0.621209,1,0
3.79883,0.400391,0.884621,1.63905e-05,0.619257,1,0
3.79883,0.419922,0.812879,9.44317e-06,0.619257,1,0
3.81836,0.400391,0.884629,1.59732e-05,0.617306,1,0
3.81836,0.419922,0.812885,9.15468e-06,0.617306,1,0
3.79883,0.439453,0.705805,4.53066e-06,0.619258,1,0
3.79883,0.458984,0.551141,1.80457e-06,0.619258,1,0
3.81836,0.439453,0.705809,4.36906e-06,0.617307,1,0
3.81836,0.458984,0.551143,1.73606e-06,0.617307,1,0
3.83789,0.322266,0.988225,4.64583e-05,0.615355,1,0
3.83789,0.341797,0.977892,3.98808e-05,0.615355,1,0
3.85742,0.322266,0.988231,4.57943e-05,0.613404,1,0
3.85742,0.341797,0.977899,3.92353e-05,0.613404,1,0
3.83789,0.361328,0.960252,3.20555e-05,0.615355,1,0
3.83789,0.380859,0.931127,2.36458e-05,0.615355,1,0
3.85742,0.361328,0.96026,3.14549e-05,0.613404,1,0
3.85742,0.380859,0.931135,2.31227e-05,0.613404,1,0
3.87695,0.322266,0.988237,4.51262e-05,0.611453,1,0
3.87695,0.341797,0.977906,3.85871e-05,0.611453,1,0
3.89648,0.322266,0.988242,4.44538e-05,0.609502,1,0
3.89648,0.341797,0.977913,3.79362e-05,0.609502,1,0
3.87695,0.361328,0.960268,3.08536e-05,0.611453,1,0
3.87695,0.380859,0.931144,2.26008e-05,0.611453,1,0
3.89648,0.361328,0.960276,3.02514e-05,0.609502,1,0
3.89648,0.380859,0.931152,2.208e-05,0.609502,1,0
3.83789,0.400391,0.884636,1.55585e-05,0.615355,1,0
3.83789,0.419922,0.812891,8.86957e-06,0.615355,1,0
3.85742,0.400391,0.884644,1.51466e-05,0.613404,1,0
3.85742,0.419922,0.812897,8.58779e-06,0.613404,1,0
3.83789,0.439453,0.705813,4.21028e-06,0.615355,1,0
3.83789,0.458984,0.551145,1.6691e-06,0.615356,1,0
3.85742,0.439453,0.705816,4.05428e-06,0.613404,1,0
3.85742,0.458984,0.551147,1.60369e-06,0.613404,1,0
3.87695,0.400391,0.884651,1.47373e-05,0.611453,1,0
3.87695,0.419922,0.812902,8.30937e-06,0.611453,1,0
3.89648,0.400391,0.884658,1.43307e-05,0.609502,1,0
3.89648,0.419922,0.812907,8.03429e-06,0.609502,1,0
3.87695,0.439453,0.70582,3.90107e-06,0.611453,1,0
3.87695,0.458984,0.551149,1.53981e-06,0.611453,1,0
3.89648,0.439453,0.705823,3.75065e-06,0.609502,1,0
3.89648,0.458984,0.551151,1.47747e-06,0.609502,1,0
3.75977,0.478516,0.334688,4.67828e-07,0.62316,1,0
3.75977,0.498047,0.0407841,-1.11022e-07,0.62316,0.6,0
3.7793,0.478516,0.334689,4.53524e-07,0.621209,1,0
3.7793,0.498047,0.0407844,-1.0528e-07,0.621209,0.6,0
3.79883,0.478516,0.33469,4.39492e-07,0.619258,1,0
3.79883,0.498047,0.0407847,-9.97721e-08,0.619258,0.6,0
3.81836,0.478516,0.334691,4.25728e-07,0.617307,1,0
3.81836,0.498047,0.0407851,-9.45075e-08,0.617307,0.6,0
3.83789,0.478516,0.334692,4.12229e-07,0.615356,1,0
3.83789,0.498047,0.0407854,-8.94612e-08,0.615356,0.6,0
3.85742,0.478516,0.334693,3.98993e-07,0.613404,1,0
3.85742,0.498047,0.0407857,-8.46437e-08,0.613404,0.6,0
3.87695,0.478516,0.334694,3.86016e-07,0.611453,1,0
3.87695,0.498047,0.0407859,-8.00322e-08,0.611453,0.6,0
3.89648,0.478516,0.334695,3.73297e-07,0.609502,1,0
3.89648,0.498047,0.0407862,-7.56369e-08,0.609502,0.6,0
3.91602,0.322266,0.988248,4.37771e-05,0.60755,1,0
3.91602,0.341797,0.97792,3.72826e-05,0.607551,1,0
3.93555,0.322266,0.988254,4.30959e-05,0.605599,1,0
3.93555,0.341797,0.977927,3.66261e-05,0.6056,1,0
3.91602,0.361328,0.960284,2.96484e-05,0.607551,1,0
3.91602,0.380859,0.931159,2.15603e-05,0.607551,1,0
3.93555,0.361328,0.960292,2.90444e-05,0.6056,1,0
3.93555,0.380859,0.931167,2.10417e-05,0.6056,1,0
3.95508,0.322266,0.98826,4.24101e-05,0.603648,1,0
3.95508,0.341797,0.977934,3.59668e-05,0.603649,1,0
3.97461,0.322266,0.988265,4.17196e-05,0.601697,1,0
3.97461,0.341797,0.977941,3.53045e-05,0.601697,1,0
3.95508,0.361328,0.9603,2.84396e-05,0.603649,1,0
3.95508,0.380859,0.931175,2.05243e-05,0.603649,1,0
3.97461,0.361328,0.960307,2.78338e-05,0.601698,1,0
3.97461,0.380859,0.931183,2.0008e-05,0.601698,1,0
3.91602,0.400391,0.884665,1.39268e-05,0.607551,1,0
3.91602,0.419922,0.812913,7.76257e-06,0.607551,1,0
3.93555,0.400391,0.884672,1.35257e-05,0.6056,1,0
3.93555,0.419922,0.812918,7.49421e-06,0.6056,1,0
3.91602,0.439453,0.705826,3.60301e-06,0.607551,1,0
3.91602,0.458984,0.551152,1.41665e-06,0.607551,1,0
3.93555,0.439453,0.705829,3.45816e-06,0.6056,1,0
3.93555,0.458984,0.551154,1.35735e-06,0.6056,1,0
3.95508,0.400391,0.884679,1.31272e-05,0.603649,1,0
3.95508,0.419922,0.812923,7.22923e-06,0.603649,1,0
3.97461,0.400391,0.884685,1.27316e-05,0.601698,1,0
3.97461,0.419922,0.812928,6.96766e-06,0.601698,1,0
3.95508,0.439453,0.705833,3.31611e-06,0.603649,1,0
3.95508,0.458984,0.551155,1.29957e-06,0.603649,1,0
3.97461,0.439453,0.705835,3.17686e-06,0.601698,1,0
3.97461,0.458984,0.551157,1.2433e-06,0.601698,1,0
3.99414,0.322266,0.988271,4.10243e-05,0.599746,1,0
3.99414,0.341797,0.977948,3.46392e-05,0.599746,1,0
4.01367,0.322266,0.988277,4.03241e-05,0.597795,1,0
4.01367,0.341797,0.977955,3.39707e-05,0.597795,1,0
3.99414,0.361328,0.960315,2.72271e-05,0.599746,1,0
3.99414,0.380859,0.93119,1.94929e-05,0.599747,1,0
4.01367,0.361328,0.960323,2.66194e-05,0.597795,1,0
4.01367,0.380859,0.931197,1.89789e-05,0.597796,1,0
4.0332,0.322266,0.988282,3.96189e-05,0.595844,1,0
4.0332,0.341797,0.977962,3.32991e-05,0.595844,1,0
4.05273,0.322266,0.988288,3.89084e-05,0.593893,1,0
4.05273,0.341797,0.977969,3.26242e-05,0.593893,1,0
4.0332,0.361328,0.96033,2.60106e-05,0.595844,1,0
4.0332,0.380859,0.931205,1.84662e-05,0.595844,1,0
4.05273,0.361328,0.960337,2.54009e-05,0.593893,1,0
4.05273,0.380859,0.931212,1.79547e-05,0.593893,1,0
3.99414,0.400391,0.884692,1.23387e-05,0.599747,1,0
3.99414,0.419922,0.812932,6.70952e-06,0.599747,1,0
4.01367,0.400391,0.884698,1.19487e-05,0.597796,1,0
4.01367,0.419922,0.812937,6.45485e-06,0.597796,1,0
3.99414,0.439453,0.705838,3.04044e-06,0.599747,1,0
3.99414,0.458984,0.551158,1.18853e-06,0.599747,1,0
4.01367,0.439453,0.705841,2.90684e-06,0.597796,1,0
4.01367,0.458984,0.55116,1.13525e-06,0.597796,1,0
4.0332,0.400391,0.884704,1.15615e-05,0.595845,1,0
4.0332,0.419922,0.812941,6.20369e-06,0.595845,1,0
4.05273,0.400391,0.88471,1.11773e-05,0.593893,1,0
4.05273,0.419922,0.812946,5.95608e-06,0.593893,1,0
4.0332,0.439453,0.705844,2.7761e-06,0.595845,1,0
4.0332,0.458984,0.551161,1.08347e-06,0.595845,1,0
4.05273,0.439453,0.705846,2.64823e-06,0.593894,1,0
4.05273,0.458984,0.551162,1.03317e-06,0.593894,1,0
3.91602,0.478516,0.334695,3.60832e-07,0.607551,1,0
3.91602,0.498047,0.0407865,-7.14319e-08,0.607551,0.6,0
3.93555,0.478516,0.334696,3.4862e-07,0.6056,1,0
3.93555,0.498047,0.0407868,-6.74238e-08,0.6056,0.6,0
3.95508,0.478516,0.334697,3.36657e-07,0.603649,1,0
3.95508,0.498047,0.040787,-6.35874e-08,0.603649,0.6,0
3.97461,0.478516,0.334697,3.24944e-07,0.601698,1,0
3.97461,0.498047,0.0407873,-5.99326e-08,0.601698,0.6,0
3.99414,0.478516,0.334698,3.13473e-07,0.599747,1,0
3.99414,0.498047,0.0407875,-5.64375e-08,0.599747,0.6,0
4.01367,0.478516,0.334699,3.02246e-07,0.597796,1,0
4.01367,0.498047,0.0407877,-5.31094e-08,0.597796,0.6,0
4.0332,0.478516,0.334699,2.91255e-07,0.595845,1,0
4.0332,0.498047,0.040788,-4.99218e-08,0.595845,0.6,0
4.05273,0.478516,0.3347,2.80503e-07,0.593894,1,0
4.05273,0.498047,0.0407882,-4.68791e-08,0.593894,0.6,0
4.07227,0.00976562,1.00081,3.87879e-06,0.59194,1,0
4.07227,0.0292969,1.00084,8.84987e-06,0.59194,1,0
4.0918,0.00976562,1.00081,3.77003e-06,0.589989,1,0
4.0918,0.0292969,1.00083,8.62455e-06,0.589989,1,0
4.07227,0.0488281,1.00086,1.34533e-05,0.59194,1,0
4.07227,0.0683594,1.00087,1.9088e-05,0.59194,1,0
4.0918,0.0488281,1.00086,1.31506e-05,0.589989,1,0
4.0918,0.0683594,1.00087,1.86964e-05,0.589989,1,0
4.11133,0.00976562,1.0008,3.66137e-06,0.588038,1,0
4.11133,0.0292969,1.00083,8.39879e-06,0.588038,1,0
4.13086,0.00976562,1.0008,3.55286e-06,0.586087,1,0
4.13086,0.0292969,1.00083,8.17269e-06,0.586087,1,0
4.11133,0.0488281,1.00085,1.28461e-05,0.588038,1,0
4.11133,0.0683594,1.00086,1.83015e-05,0.588038,1,0
4.13086,0.0488281,1.00085,1.25401e-05,0.586087,1,0
4.13086,0.0683594,1.00086,1.79036e-05,0.586087,1,0
4.07227,0.0878906,1.00088,2.42292e-05,0.59194,1,0
4.07227,0.107422,1.00087,2.94716e-05,0.59194,1,0
4.0918,0.0878906,1.00087,2.3776e-05,0.589989,1,0
4.0918,0.107422,1.00087,2.89582e-05,0.589989,1,0
4.07227,0.126953,1.00086,3.41317e-05,0.59194,1,0
4.07227,0.146484,1.00084,3.8462e-05,0.59194,1,0
4.0918,0.126953,1.00086,3.35739e-05,0.589989,1,0
4.0918,0.146484,1.00084,3.78629e-05,0.589989,1,0
4.11133,0.0878906,1.00087,2.33181e-05,0.588038,1,0
4.11133,0.107422,1.00086,2.84386e-05,0.588038,1,0
4.13086,0.0878906,1.00086,2.28554e-05,0.586087,1,0
4.13086,0.107422,1.00086,2.79127e-05,0.586087,1,0
4.11133,0.126953,1.00085,3.30085e-05,0.588038,1,0
4.11133,0.146484,1.00083,3.72552e-05,0.588038,1,0
4.13086,0.126953,1.00085,3.24357e-05,0.586087,1,0
4.13086,0.146484,1.00083,3.66389e-05,0.586087,1,0
4.15039,0.00976562,1.00079,3.44457e-06,0.584136,1,0
4.15039,0.0292969,1.00082,7.94635e-06,0.584135,1,0
4.16992,0.00976562,1.00079,3.33656e-06,0.582184,1,0
4.16992,0.0292969,1.00082,7.71987e-06,0.582184,1,0
4.15039,0.0488281,1.00084,1.22325e-05,0.584136,1,0
4.15039,0.0683594,1.00085,1.75028e-05,0.584136,1,0
4.16992,0.0488281,1.00084,1.19236e-05,0.582184,1,0
4.16992,0.0683594,1.00085,1.7099e-05,0.582184,1,0
4.18945,0.00976562,1.00079,3.2289e-06,0.580233,1,0
4.18945,0.0292969,1.00081,7.49337e-06,0.580233,1,0
4.20898,0.00976562,1.00078,3.12164e-06,0.578282,1,0
4.20898,0.0292969,1.00081,7.26697e-06,0.578282,1,0
4.18945,0.0488281,1.00083,1.16133e-05,0.580233,1,0
4.18945,0.0683594,1.00084,1.66924e-05,0.580233,1,0
4.20898,0.0488281,1.00083,1.13019e-05,0.578282,1,0
4.20898,0.0683594,1.00084,1.62831e-05,0.578282,1,0
4.15039,0.0878906,1.00086,2.2388e-05,0.584136,1,0
4.15039,0.107422,1.00085,2.73807e-05,0.584136,1,0
4.16992,0.0878906,1.00085,2.1916e-05,0.582185,1,0
4.16992,0.107422,1.00085,2.68424e-05,0.582185,1,0
4.15039,0.126953,1.00084,3.18552e-05,0.584136,1,0
4.15039,0.146484,1.00082,3.60139e-05,0.584136,1,0
4.16992,0.126953,1.00084,3.1267e-05,0.582185,1,0
4.16992,0.146484,1.00082,3.53801e-05,0.582185,1,0
4.18945,0.0878906,1.00085,2.14395e-05,0.580233,1,0
4.18945,0.107422,1.00084,2.62978e-05,0.580233,1,0
4.20898,0.0878906,1.00084,2.09584e-05,0.578282,1,0
4.20898,0.107422,1.00084,2.57471e-05,0.578282,1,0
4.18945,0.126953,1.00083,3.06711e-05,0.580234,1,0
4.18945,0.146484,1.00082,3.47374e-05,0.580234,1,0
4.20898,0.126953,1.00083,3.00675e-05,0.578282,1,0
4.20898,0.146484,1.00081,3.40856e-05,0.578282,1,0
4.07227,0.166016,1.0008,4.21369e-05,0.591941,1,0
4.07227,0.185547,1.00074,4.52237e-05,0.591941,1,0
4.0918,0.166016,1.0008,4.15054e-05,0.589989,1,0
4.0918,0.185547,1.00074,4.45628e-05,0.58999,1,0
4.07227,0.205078,1.00062,4.7516e-05,0.591941,1,0
4.07227,0.224609,1.00039,4.8965e-05,0.591941,1,0
4.0918,0.205078,1.00062,4.68315e-05,0.58999,1,0
4.0918,0.224609,1.00039,4.82599e-05,0.58999,1,0
4.11133,0.166016,1.0008,4.08645e-05,0.588038,1,0
4.11133,0.185547,1.00073,4.38922e-05,0.588038,1,0
4.13086,0.166016,1.00079,4.02142e-05,0.586087,1,0
4.13086,0.185547,1.00073,4.32116e-05,0.586087,1,0
4.11133,0.205078,1.00062,4.61369e-05,0.588039,1,0
4.11133,0.224609,1.00039,4.75447e-05,0.588039,1,0
4.13086,0.205078,1.00061,4.54321e-05,0.586087,1,0
4.13086,0.224609,1.00039,4.68192e-05,0.586088,1,0
4.07227,0.244141,0.999936,4.93866e-05,0.591941,1,0
4.07227,0.263672,0.999049,4.86599e-05,0.591941,1,0
4.0918,0.244141,0.999937,4.8665e-05,0.58999,1,0
4.0918,0.263672,0.99905,4.79256e-05,0.58999,1,0
4.07227,0.283203,0.997341,4.66101e-05,0.591941,1,0
4.07227,0.302734,0.994136,4.31342e-05,0.591942,1,0
4.0918,0.283203,0.997344,4.58692e-05,0.58999,1,0
4.0918,0.302734,0.99414,4.23957e-05,0.58999,1,0
4.11133,0.244141,0.999937,4.79336e-05,0.588039,1,0
4.11133,0.263672,0.999052,4.71821e-05,0.588039,1,0
4.13086,0.244141,0.999937,4.71923e-05,0.586088,1,0
4.13086,0.263672,0.999053,4.64292e-05,0.586088,1,0
4.11133,0.283203,0.997346,4.512e-05,0.588039,1,0
4.11133,0.302734,0.994144,4.16501e-05,0.588039,1,0
4.13086,0.283203,0.997349,4.43621e-05,0.586088,1,0
4.13086,0.302734,0.994148,4.08972e-05,0.586088,1,0
4.15039,0.166016,1.00079,3.95543e-05,0.584136,1,0
4.15039,0.185547,1.00073,4.25209e-05,0.584136,1,0
4.16992,0.166016,1.00079,3.88847e-05,0.582185,1,0
4.16992,0.185547,1.00073,4.18198e-05,0.582185,1,0
4.15039,0.205078,1.00061,4.47169e-05,0.584136,1,0
4.15039,0.224609,1.00039,4.60833e-05,0.584136,1,0
4.16992,0.205078,1.00061,4.3991e-05,0.582185,1,0
4.16992,0.224609,1.00039,4.53367e-05,0.582185,1,0
4.18945,0.166016,1.00078,3.82053e-05,0.580234,1,0
4.18945,0.185547,1.00072,4.11082e-05,0.580234,1,0
4.20898,0.166016,1.00078,3.75158e-05,0.578283,1,0
4.20898,0.185547,1.00072,4.0386e-05,0.578283,1,0
4.18945,0.205078,1.00061,4.32543e-05,0.580234,1,0
4.18945,0.224609,1.00038,4.45792e-05,0.580234,1,0
4.20898,0.205078,1.00061,4.25065e-05,0.578283,1,0
4.20898,0.224609,1.00038,4.38105e-05,0.578283,1,0
4.15039,0.244141,0.999937,4.64407e-05,0.584137,1,0
4.15039,0.263672,0.999054,4.56666e-05,0.584137,1,0
4.16992,0.244141,0.999937,4.56787e-05,0.582185,1,0
4.16992,0.263672,0.999056,4.48941e-05,0.582185,1,0
4.15039,0.283203,0.997352,4.35956e-05,0.584137,1,0
4.15039,0.302734,0.994153,4.01369e-05,0.584137,1,0
4.16992,0.283203,0.997355,4.28202e-05,0.582186,1,0
4.16992,0.302734,0.994157,3.9369e-05,0.582186,1,0
4.18945,0.244141,0.999938,4.4906e-05,0.580234,1,0
4.18945,0.263672,0.999057,4.41116e-05,0.580234,1,0
4.20898,0.244141,0.999938,4.41225e-05,0.578283,1,0
4.20898,0.263672,0.999059,4.33189e-05,0.578283,1,0
4.18945,0.283203,0.997357,4.20356e-05,0.580234,1,0
4.18945,0.302734,0.994161,3.85935e-05,0.580235,1,0
4.20898,0.283203,0.99736,4.12418e-05,0.578283,1,0
4.20898,0.302734,0.994165,3.78101e-05,0.578283,1,0
4.22852,0.00976562,1.00078,3.01485e-06,0.576331,1,0
4.22852,0.0292969,1.0008,7.04078e-06,0.576331,1,0
4.24805,0.00976562,1.00078,2.90862e-06,0.57438,1,0
4.24805,0.0292969,1.0008,6.81494e-06,0.57438,1,0
4.22852,0.0488281,1.00082,1.09895e-05,0.576331,1,0
4.22852,0.0683594,1.00083,1.58712e-05,0.576331,1,0
4.24805,0.0488281,1.00082,1.06762e-05,0.57438,1,0
4.24805,0.0683594,1.00083,1.54569e-05,0.57438,1,0
4.26758,0.00976562,1.00078,2.803e-06,0.572428,1,0
4.26758,0.0292969,1.0008,6.58957e-06,0.572428,1,0
4.28711,0.00976562,1.00077,2.69808e-06,0.570477,1,0
4.28711,0.0292969,1.00079,6.36482e-06,0.570477,1,0
4.26758,0.0488281,1.00081,1.0362e-05,0.572429,1,0
4.26758,0.0683594,1.00082,1.50402e-05,0.572429,1,0
4.28711,0.0488281,1.00081,1.00473e-05,0.570477,1,0
4.28711,0.0683594,1.00082,1.46214e-05,0.570477,1,0
4.22852,0.0878906,1.00084,2.0473e-05,0.576331,1,0
4.22852,0.107422,1.00084,2.51903e-05,0.576331,1,0
4.24805,0.0878906,1.00083,1.99832e-05,0.57438,1,0
4.24805,0.107422,1.00083,2.46273e-05,0.57438,1,0
4.22852,0.126953,1.00083,2.94562e-05,0.576331,1,0
4.22852,0.146484,1.00081,3.34248e-05,0.576331,1,0
4.24805,0.126953,1.00082,2.8837e-05,0.57438,1,0
4.24805,0.146484,1.0008,3.27548e-05,0.57438,1,0
4.26758,0.0878906,1.00083,1.94892e-05,0.572429,1,0
4.26758,0.107422,1.00083,2.40583e-05,0.572429,1,0
4.28711,0.0878906,1.00082,1.8991e-05,0.570477,1,0
4.28711,0.107422,1.00082,2.34833e-05,0.570478,1,0
4.26758,0.126953,1.00082,2.82101e-05,0.572429,1,0
4.26758,0.146484,1.0008,3.20757e-05,0.572429,1,0
4.28711,0.126953,1.00081,2.75754e-05,0.570478,1,0
4.28711,0.146484,1.0008,3.13873e-05,0.570478,1,0
4.30664,0.00976562,1.00077,2.59394e-06,0.568526,1,0
4.30664,0.0292969,1.00079,6.14084e-06,0.568526,1,0
4.32617,0.00976562,1.00077,2.49064e-06,0.566575,1,0
4.32617,0.0292969,1.00079,5.91776e-06,0.566575,1,0
4.30664,0.0488281,1.00081,9.73213e-06,0.568526,1,0
4.30664,0.0683594,1.00082,1.42007e-05,0.568526,1,0
4.32617,0.0488281,1.0008,9.41667e-06,0.566575,1,0
4.32617,0.0683594,1.00081,1.37781e-05,0.566575,1,0
4.3457,0.00976562,1.00077,2.38828e-06,0.564624,1,0
4.3457,0.0292969,1.00078,5.69575e-06,0.564624,1,0
4.36523,0.00976562,1.00076,2.28693e-06,0.562672,1,0
4.36523,0.0292969,1.00078,5.47498e-06,0.562672,1,0
4.3457,0.0488281,1.0008,9.10111e-06,0.564624,1,0
4.3457,0.0683594,1.00081,1.33539e-05,0.564624,1,0
4.36523,0.0488281,1.00079,8.78565e-06,0.562673,1,0
4.36523,0.0683594,1.0008,1.29283e-05,0.562673,1,0
4.30664,0.0878906,1.00082,1.84889e-05,0.568526,1,0
4.30664,0.107422,1.00082,2.29024e-05,0.568526,1,0
4.32617,0.0878906,1.00082,1.7983e-05,0.566575,1,0
4.32617,0.107422,1.00081,2.23158e-05,0.566575,1,0
4.30664,0.126953,1.00081,2.69331e-05,0.568526,1,0
4.30664,0.146484,1.00079,3.06896e-05,0.568526,1,0
4.32617,0.126953,1.00081,2.6283e-05,0.566575,1,0
4.32617,0.146484,1.00079,2.99826e-05,0.566575,1,0
4.3457,0.0878906,1.00081,1.74734e-05,0.564624,1,0
4.3457,0.107422,1.00081,2.17235e-05,0.564624,1,0
4.36523,0.0878906,1.00081,1.69604e-05,0.562673,1,0
4.36523,0.107422,1.00081,2.11257e-05,0.562673,1,0
4.3457,0.126953,1.0008,2.56253e-05,0.564624,1,0
4.3457,0.146484,1.00079,2.92663e-05,0.564624,1,0
4.36523,0.126953,1.0008,2.49601e-05,0.562673,1,0
4.36523,0.146484,1.00078,2.85408e-05,0.562673,1,0
4.22852,0.166016,1.00078,3.68163e-05,0.576331,1,0
4.22852,0.185547,1.00072,3.96529e-05,0.576331,1,0
4.24805,0.166016,1.00077,3.61065e-05,0.57438,1,0
4.24805,0.185547,1.00072,3.89089e-05,0.57438,1,0
4.22852,0.205078,1.00061,4.17474e-05,0.576332,1,0
4.22852,0.224609,1.00038,4.30306e-05,0.576332,1,0
4.24805,0.205078,1.0006,4.09769e-05,0.57438,1,0
4.24805,0.224609,1.00038,4.2239e-05,0.57438,1,0
4.26758,0.166016,1.00077,3.53863e-05,0.572429,1,0
4.26758,0.185547,1.00071,3.81536e-05,0.572429,1,0
4.28711,0.166016,1.00077,3.46557e-05,0.570478,1,0
4.28711,0.185547,1.00071,3.73871e-05,0.570478,1,0
4.26758,0.205078,1.0006,4.01948e-05,0.572429,1,0
4.26758,0.224609,1.00038,4.14357e-05,0.572429,1,0
4.28711,0.205078,1.0006,3.94008e-05,0.570478,1,0
4.28711,0.224609,1.00038,4.06204e-05,0.570478,1,0
4.22852,0.244141,0.999938,4.33279e-05,0.576332,1,0
4.22852,0.263672,0.99906,4.25156e-05,0.576332,1,0
4.24805,0.244141,0.999938,4.2522e-05,0.574381,1,0
4.24805,0.263672,0.999062,4.17017e-05,0.574381,1,0
4.22852,0.283203,0.997363,4.04385e-05,0.576332,1,0
4.22852,0.302734,0.994169,3.70188e-05,0.576332,1,0
4.24805,0.283203,0.997366,3.96256e-05,0.574381,1,0
4.24805,0.302734,0.994173,3.62194e-05,0.574381,1,0
4.26758,0.244141,0.999939,4.17045e-05,0.572429,1,0
4.26758,0.263672,0.999063,4.08768e-05,0.57243,1,0
4.28711,0.244141,0.999939,4.08752e-05,0.570478,1,0
4.28711,0.263672,0.999064,4.00408e-05,0.570478,1,0
4.26758,0.283203,0.997368,3.88028e-05,0.57243,1,0
4.26758,0.302734,0.994177,3.54117e-05,0.57243,1,0
4.28711,0.283203,0.997371,3.797e-05,0.570478,1,0
4.28711,0.302734,0.994181,3.45955e-05,0.570479,1,0
4.30664,0.166016,1.00076,3.39146e-05,0.568527,1,0
4.30664,0.185547,1.00071,3.6609e-05,0.568527,1,0
4.32617,0.166016,1.00076,3.31628e-05,0.566575,1,0
4.32617,0.185547,1.00071,3.58194e-05,0.566575,1,0
4.30664,0.205078,1.0006,3.85948e-05,0.568527,1,0
4.30664,0.224609,1.00038,3.97928e-05,0.568527,1,0
4.32617,0.205078,1.0006,3.77765e-05,0.566576,1,0
4.32617,0.224609,1.00038,3.89529e-05,0.566576,1,0
4.3457,0.166016,1.00076,3.24003e-05,0.564624,1,0
4.3457,0.185547,1.0007,3.50181e-05,0.564624,1,0
4.36523,0.166016,1.00076,3.16272e-05,0.562673,1,0
4.36523,0.185547,1.0007,3.4205e-05,0.562673,1,0
4.3457,0.205078,1.0006,3.69459e-05,0.564624,1,0
4.3457,0.224609,1.00038,3.81003e-05,0.564624,1,0
4.36523,0.205078,1.00059,3.61028e-05,0.562673,1,0
4.36523,0.224609,1.00038,3.72349e-05,0.562673,1,0
4.30664,0.244141,0.999939,4.00339e-05,0.568527,1,0
4.30664,0.263672,0.999066,3.91934e-05,0.568527,1,0
4.32617,0.244141,0.99994,3.91803e-05,0.566576,1,0
4.32617,0.263672,0.999067,3.83344e-05,0.566576,1,0
4.30664,0.283203,0.997374,3.7127e-05,0.568527,1,0
4.30664,0.302734,0.994185,3.37709e-05,0.568527,1,0
4.32617,0.283203,0.997377,3.62735e-05,0.566576,1,0
4.32617,0.302734,0.994189,3.29376e-05,0.566576,1,0
4.3457,0.244141,0.99994,3.83144e-05,0.564625,1,0
4.3457,0.263672,0.999069,3.74636e-05,0.564625,1,0
4.36523,0.244141,0.99994,3.74358e-05,0.562673,1,0
4.36523,0.263672,0.99907,3.65809e-05,0.562673,1,0
4.3457,0.283203,0.997379,3.54095e-05,0.564625,1,0
4.3457,0.302734,0.994193,3.20956e-05,0.564625,1,0
4.36523,0.283203,0.997382,3.45347e-05,0.562674,1,0
4.36523,0.302734,0.994197,3.12447e-05,0.562674,1,0
4.07227,0.322266,0.988294,3.81927e-05,0.591942,1,0
4.07227,0.341797,0.977976,3.19461e-05,0.591942,1,0
4.0918,0.322266,0.988299,3.74717e-05,0.589991,1,0
4.0918,0.341797,0.977982,3.12647e-05,0.589991,1,0
4.07227,0.361328,0.960345,2.47902e-05,0.591942,1,0
4.07227,0.380859,0.931219,1.74445e-05,0.591942,1,0
4.0918,0.361328,0.960352,2.41785e-05,0.589991,1,0
4.0918,0.380859,0.931226,1.69356e-05,0.589991,1,0
4.11133,0.322266,0.988305,3.67452e-05,0.588039,1,0
4.11133,0.341797,0.977989,3.05799e-05,0.58804,1,0
4.13086,0.322266,0.98831,3.60131e-05,0.586088,1,0
4.13086,0.341797,0.977995,2.98917e-05,0.586088,1,0
4.11133,0.361328,0.960359,2.35659e-05,0.58804,1,0
4.11133,0.380859,0.931233,1.64282e-05,0.58804,1,0
4.13086,0.361328,0.960366,2.29524e-05,0.586089,1,0
4.13086,0.380859,0.931239,1.59222e-05,0.586089,1,0
4.07227,0.400391,0.884716,1.07961e-05,0.591942,1,0
4.07227,0.419922,0.81295,5.71207e-06,0.591942,1,0
4.0918,0.400391,0.884722,1.0418e-05,0.589991,1,0
4.0918,0.419922,0.812954,5.47173e-06,0.589991,1,0
4.07227,0.439453,0.705848,2.52325e-06,0.591942,1,0
4.07227,0.458984,0.551163,9.84335e-07,0.591942,1,0
4.0918,0.439453,0.705851,2.40118e-06,0.589991,1,0
4.0918,0.458984,0.551164,9.36966e-07,0.589991,1,0
4.11133,0.400391,0.884728,1.0043e-05,0.58804,1,0
4.11133,0.419922,0.812958,5.23511e-06,0.58804,1,0
4.13086,0.400391,0.884733,9.67119e-06,0.586089,1,0
4.13086,0.419922,0.812962,5.00228e-06,0.586089,1,0
4.11133,0.439453,0.705853,2.28205e-06,0.58804,1,0
4.11133,0.458984,0.551165,8.91042e-07,0.58804,1,0
4.13086,0.439453,0.705855,2.16587e-06,0.586089,1,0
4.13086,0.458984,0.551166,8.46552e-07,0.586089,1,0
4.15039,0.322266,0.988316,3.52755e-05,0.584137,1,0
4.15039,0.341797,0.978002,2.92001e-05,0.584137,1,0
4.16992,0.322266,0.988321,3.45321e-05,0.582186,1,0
4.16992,0.341797,0.978008,2.85051e-05,0.582186,1,0
4.15039,0.361328,0.960373,2.23379e-05,0.584137,1,0
4.15039,0.380859,0.931246,1.54178e-05,0.584138,1,0
4.16992,0.361328,0.96038,2.17226e-05,0.582186,1,0
4.16992,0.380859,0.931252,1.4915e-05,0.582186,1,0
4.18945,0.322266,0.988327,3.37829e-05,0.580235,1,0
4.18945,0.341797,0.978015,2.78067e-05,0.580235,1,0
4.20898,0.322266,0.988332,3.30278e-05,0.578284,1,0
4.20898,0.341797,0.978021,2.71048e-05,0.578284,1,0
4.18945,0.361328,0.960387,2.11065e-05,0.580235,1,0
4.18945,0.380859,0.931259,1.4414e-05,0.580235,1,0
4.20898,0.361328,0.960393,2.04896e-05,0.578284,1,0
4.20898,0.380859,0.931265,1.39148e-05,0.578284,1,0
4.15039,0.400391,0.884739,9.30276e-06,0.584138,1,0
4.15039,0.419922,0.812965,4.77331e-06,0.584138,1,0
4.16992,0.400391,0.884744,8.93775e-06,0.582186,1,0
4.16992,0.419922,0.812969,4.54828e-06,0.582187,1,0
4.15039,0.439453,0.705857,2.05267e-06,0.584138,1,0
4.15039,0.458984,0.551167,8.03477e-07,0.584138,1,0
4.16992,0.439453,0.705859,1.94247e-06,0.582187,1,0
4.16992,0.458984,0.551168,7.61802e-07,0.582187,1,0
4.18945,0.400391,0.884749,8.57629e-06,0.580235,1,0
4.18945,0.419922,0.812972,4.32728e-06,0.580235,1,0
4.20898,0.400391,0.884754,8.21851e-06,0.578284,1,0
4.20898,0.419922,0.812976,4.11038e-06,0.578284,1,0
4.18945,0.439453,0.705861,1.8353e-06,0.580235,1,0
4.18945,0.458984,0.551169,7.21508e-07,0.580235,1,0
4.20898,0.439453,0.705863,1.73116e-06,0.578284,1,0
4.20898,0.458984,0.55117,6.82576e-07,0.578284,1,0
4.07227,0.478516,0.3347,2.69982e-07,0.591942,1,0
4.07227,0.498047,0.0407884,-4.3957e-08,0.591942,0.6,0
4.0918,0.478516,0.334701,2.59695e-07,0.589991,1,0
4.0918,0.498047,0.0407886,-4.11648e-08,0.589991,0.6,0
4.11133,0.478516,0.334701,2.49629e-07,0.58804,1,0
4.11133,0.498047,0.0407888,-3.84839e-08,0.58804,0.6,0
4.13086,0.478516,0.334702,2.39786e-07,0.586089,1,0
4.13086,0.498047,0.040789,-3.59248e-08,0.586089,0.6,0
4.15039,0.478516,0.334702,2.30154e-07,0.584138,1,0
4.15039,0.498047,0.0407892,-3.34655e-08,0.584138,0.6,0
4.16992,0.478516,0.334703,2.20736e-07,0.582187,1,0
4.16992,0.498047,0.0407893,-3.11065e-08,0.582187,0.6,0
4.18945,0.478516,0.334703,2.11522e-07,0.580235,1,0
4.18945,0.498047,0.0407895,-2.88203e-08,0.580235,0.6,0
4.20898,0.478516,0.334703,2.02518e-07,0.578284,1,0
4.20898,0.498047,0.0407897,-2.66122e-08,0.578284,0.6,0
4.22852,0.322266,0.988337,3.22668e-05,0.576332,1,0
4.22852,0.341797,0.978027,2.63994e-05,0.576333,1,0
4.24805,0.322266,0.988343,3.14997e-05,0.574381,1,0
4.24805,0.341797,0.978033,2.56905e-05,0.574381,1,0
4.22852,0.361328,0.9604,1.98721e-05,0.576333,1,0
4.22852,0.380859,0.931271,1.34177e-05,0.576333,1,0
4.24805,0.361328,0.960406,1.92539e-05,0.574381,1,0
4.24805,0.380859,0.931277,1.29226e-05,0.574382,1,0
4.26758,0.322266,0.988348,3.07264e-05,0.57243,1,0
4.26758,0.341797,0.978039,2.49781e-05,0.57243,1,0
4.28711,0.322266,0.988353,2.9947e-05,0.570479,1,0
4.28711,0.341797,0.978045,2.42624e-05,0.570479,1,0
4.26758,0.361328,0.960413,1.86353e-05,0.57243,1,0
4.26758,0.380859,0.931283,1.24298e-05,0.57243,1,0
4.28711,0.361328,0.960419,1.80162e-05,0.570479,1,0
4.28711,0.380859,0.931288,1.19394e-05,0.570479,1,0
4.22852,0.400391,0.884759,7.86452e-06,0.576333,1,0
4.22852,0.419922,0.812979,3.89769e-06,0.576333,1,0
4.24805,0.400391,0.884763,7.51448e-06,0.574382,1,0
4.24805,0.419922,0.812982,3.68929e-06,0.574382,1,0
4.22852,0.439453,0.705864,1.63009e-06,0.576333,1,0
4.22852,0.458984,0.551171,6.44979e-07,0.576333,1,0
4.24805,0.439453,0.705866,1.5321e-06,0.574382,1,0
4.24805,0.458984,0.551171,6.08694e-07,0.574382,1,0
4.26758,0.400391,0.884768,7.16854e-06,0.57243,1,0
4.26758,0.419922,0.812985,3.4853e-06,0.57243,1,0
4.28711,0.400391,0.884772,6.82689e-06,0.570479,1,0
4.28711,0.419922,0.812988,3.2858e-06,0.570479,1,0
4.26758,0.439453,0.705868,1.43721e-06,0.57243,1,0
4.26758,0.458984,0.551172,5.73688e-07,0.572431,1,0
4.28711,0.439453,0.705869,1.34542e-06,0.570479,1,0
4.28711,0.458984,0.551172,5.39933e-07,0.570479,1,0
4.30664,0.322266,0.988358,2.91614e-05,0.568528,1,0
4.30664,0.341797,0.978051,2.35432e-05,0.568528,1,0
4.32617,0.322266,0.988363,2.83694e-05,0.566576,1,0
4.32617,0.341797,0.978057,2.28207e-05,0.566576,1,0
4.30664,0.361328,0.960425,1.73969e-05,0.568528,1,0
4.30664,0.380859,0.931294,1.14517e-05,0.568528,1,0
4.32617,0.361328,0.960431,1.67775e-05,0.566577,1,0
4.32617,0.380859,0.931299,1.09667e-05,0.566577,1,0
4.3457,0.322266,0.988368,2.75712e-05,0.564625,1,0
4.3457,0.341797,0.978063,2.2095e-05,0.564625,1,0
4.36523,0.322266,0.988373,2.67668e-05,0.562674,1,0
4.36523,0.341797,0.978069,2.13661e-05,0.562674,1,0
4.3457,0.361328,0.960437,1.61582e-05,0.564625,1,0
4.3457,0.380859,0.931305,1.04849e-05,0.564625,1,0
4.36523,0.361328,0.960442,1.55391e-05,0.562674,1,0
4.36523,0.380859,0.93131,1.00063e-05,0.562674,1,0
4.30664,0.400391,0.884777,6.48968e-06,0.568528,1,0
4.30664,0.419922,0.81299,3.09092e-06,0.568528,1,0
4.32617,0.400391,0.884781,6.15713e-06,0.566577,1,0
4.32617,0.419922,0.812993,2.90077e-06,0.566577,1,0
4.30664,0.439453,0.70587,1.25675e-06,0.568528,1,0
4.30664,0.458984,0.551173,5.07399e-07,0.568528,1,0
4.32617,0.439453,0.705872,1.1712e-06,0.566577,1,0
4.32617,0.458984,0.551174,4.76055e-07,0.566577,1,0
4.3457,0.400391,0.884785,5.82943e-06,0.564625,1,0
4.3457,0.419922,0.812995,2.71547e-06,0.564626,1,0
4.36523,0.400391,0.884789,5.50682e-06,0.562674,1,0
4.36523,0.419922,0.812998,2.53512e-06,0.562674,1,0
4.3457,0.439453,0.705873,1.08878e-06,0.564626,1,0
4.3457,0.458984,0.551174,4.45868e-07,0.564626,1,0
4.36523,0.439453,0.705874,1.0095e-06,0.562674,1,0
4.36523,0.458984,0.551174,4.16805e-07,0.562674,1,0
4.22852,0.478516,0.334704,1.9371e-07,0.576333,1,0
4.22852,0.498047,0.0407898,-2.44688e-08,0.576333,0.6,0
4.24805,0.478516,0.334704,1.85098e-07,0.574382,1,0
4.24805,0.498047,0.04079,-2.24055e-08,0.574382,0.6,0
4.26758,0.478516,0.334704,1.76666e-07,0.57243,1,0
4.26758,0.498047,0.0407901,-2.04098e-08,0.572431,0.6,0
4.28711,0.478516,0.334705,1.68414e-07,0.570479,1,0
4.28711,0.498047,0.0407902,-1.84894e-08,0.570479,0.6,0
4.30664,0.478516,0.334705,1.60329e-07,0.568528,1,0
4.30664,0.498047,0.0407904,-1.66237e-08,0.568528,0.6,0
4.32617,0.478516,0.334705,1.52415e-07,0.566577,1,0
4.32617,0.498047,0.0407905,-1.48134e-08,0.566577,0.6,0
4.3457,0.478516,0.334705,1.44662e-07,0.564626,1,0
4.3457,0.498047,0.0407906,-1.30419e-08,0.564626,0.6,0
4.36523,0.478516,0.334706,1.37073e-07,0.562674,1,0
4.36523,0.498047,0.0407907,-1.13201e-08,0.562674,0.6,0
4.38477,0.00976562,1.00076,2.18668e-06,0.560721,1,0
4.38477,0.0292969,1.00078,5.25561e-06,0.560721,1,0
4.4043,0.00976562,1.00076,2.08762e-06,0.55877,1,0
4.4043,0.0292969,1.00077,5.03781e-06,0.55877,1,0
4.38477,0.0488281,1.00079,8.47048e-06,0.560721,1,0
4.38477,0.0683594,1.0008,1.25015e-05,0.560721,1,0
4.4043,0.0488281,1.00079,8.15583e-06,0.55877,1,0
4.4043,0.0683594,1.00079,1.20738e-05,0.55877,1,0
4.42383,0.00976562,1.00076,1.98984e-06,0.556819,1,0
4.42383,0.0292969,1.00077,4.82177e-06,0.556819,1,0
4.44336,0.00976562,1.00075,1.89342e-06,0.554867,1,0
4.44336,0.0292969,1.00077,4.60767e-06,0.554867,1,0
4.42383,0.0488281,1.00078,7.84193e-06,0.556819,1,0
4.42383,0.0683594,1.00079,1.16454e-05,0.556819,1,0
4.44336,0.0488281,1.00078,7.52903e-06,0.554868,1,0
4.44336,0.0683594,1.00079,1.12167e-05,0.554868,1,0
4.38477,0.0878906,1.0008,1.64441e-05,0.560721,1,0
4.38477,0.107422,1.0008,2.05225e-05,0.560721,1,0
4.4043,0.0878906,1.0008,1.59248e-05,0.55877,1,0
4.4043,0.107422,1.0008,1.99143e-05,0.55877,1,0
4.38477,0.126953,1.00079,2.42875e-05,0.560721,1,0
4.38477,0.146484,1.00078,2.78061e-05,0.560722,1,0
4.4043,0.126953,1.00079,2.36076e-05,0.55877,1,0
4.4043,0.146484,1.00078,2.70622e-05,0.55877,1,0
4.42383,0.0878906,1.00079,1.54028e-05,0.556819,1,0
4.42383,0.107422,1.00079,1.93011e-05,0.556819,1,0
4.44336,0.0878906,1.00079,1.48782e-05,0.554868,1,0
4.44336,0.107422,1.00079,1.86834e-05,0.554868,1,0
4.42383,0.126953,1.00079,2.29206e-05,0.556819,1,0
4.42383,0.146484,1.00077,2.63093e-05,0.556819,1,0
4.44336,0.126953,1.00078,2.22268e-05,0.554868,1,0
4.44336,0.146484,1.00077,2.55476e-05,0.554868,1,0
4.46289,0.00976562,1.00075,1.79845e-06,0.552916,1,0
4.46289,0.0292969,1.00077,4.39572e-06,0.552916,1,0
4.48242,0.00976562,1.00075,1.70503e-06,0.550965,1,0
4.48242,0.0292969,1.00076,4.1861e-06,0.550965,1,0
4.46289,0.0488281,1.00078,7.21738e-06,0.552916,1,0
4.46289,0.0683594,1.00078,1.07879e-05,0.552916,1,0
4.48242,0.0488281,1.00077,6.90726e-06,0.550965,1,0
4.48242,0.0683594,1.00078,1.03594e-05,0.550965,1,0
4.50195,0.00976562,1.00075,1.61326e-06,0.549014,1,0
4.50195,0.0292969,1.00076,3.97904e-06,0.549014,1,0
4.52148,0.00976562,1.00075,1.52323e-06,0.547062,1,0
4.52148,0.0292969,1.00076,3.77475e-06,0.547062,1,0
4.50195,0.0488281,1.00077,6.59895e-06,0.549014,1,0
4.50195,0.0683594,1.00078,9.93158e-06,0.549014,1,0
4.52148,0.0488281,1.00077,6.29278e-06,0.547062,1,0
4.52148,0.0683594,1.00077,9.50477e-06,0.547063,1,0
4.46289,0.0878906,1.00079,1.43516e-05,0.552916,1,0
4.46289,0.107422,1.00079,1.80613e-05,0.552916,1,0
4.48242,0.0878906,1.00078,1.38231e-05,0.550965,1,0
4.48242,0.107422,1.00078,1.74352e-05,0.550965,1,0
4.46289,0.126953,1.00078,2.15263e-05,0.552916,1,0
4.46289,0.146484,1.00077,2.47772e-05,0.552917,1,0
4.48242,0.126953,1.00078,2.08196e-05,0.550965,1,0
4.48242,0.146484,1.00076,2.39983e-05,0.550965,1,0
4.50195,0.0878906,1.00078,1.32932e-05,0.549014,1,0
4.50195,0.107422,1.00078,1.68055e-05,0.549014,1,0
4.52148,0.0878906,1.00078,1.27623e-05,0.547063,1,0
4.52148,0.107422,1.00078,1.61727e-05,0.547063,1,0
4.50195,0.126953,1.00077,2.01068e-05,0.549014,1,0
4.50195,0.146484,1.00076,2.32114e-05,0.549014,1,0
4.52148,0.126953,1.00077,1.93885e-05,0.547063,1,0
4.52148,0.146484,1.00076,2.24165e-05,0.547063,1,0
4.38477,0.166016,1.00075,3.08432e-05,0.560722,1,0
4.38477,0.185547,1.0007,3.338e-05,0.560722,1,0
4.4043,0.166016,1.00075,3.00486e-05,0.55877,1,0
4.4043,0.185547,1.0007,3.25431e-05,0.55877,1,0
4.38477,0.205078,1.00059,3.52471e-05,0.560722,1,0
4.38477,0.224609,1.00038,3.63566e-05,0.560722,1,0
4.4043,0.205078,1.00059,3.43786e-05,0.558771,1,0
4.4043,0.224609,1.00038,3.54651e-05,0.558771,1,0
4.42383,0.166016,1.00075,2.92433e-05,0.556819,1,0
4.42383,0.185547,1.0007,3.16942e-05,0.556819,1,0
4.44336,0.166016,1.00075,2.84273e-05,0.554868,1,0
4.44336,0.185547,1.00069,3.08333e-05,0.554868,1,0
4.42383,0.205078,1.00059,3.34972e-05,0.556819,1,0
4.42383,0.224609,1.00038,3.45604e-05,0.556819,1,0
4.44336,0.205078,1.00059,3.2603e-05,0.554868,1,0
4.44336,0.224609,1.00038,3.36424e-05,0.554868,1,0
4.38477,0.244141,0.999941,3.65443e-05,0.560722,1,0
4.38477,0.263672,0.999072,3.56861e-05,0.560722,1,0
4.4043,0.244141,0.999941,3.56399e-05,0.558771,1,0
4.4043,0.263672,0.999073,3.47789e-05,0.558771,1,0
4.38477,0.283203,0.997385,3.36491e-05,0.560722,1,0
4.38477,0.302734,0.994201,3.03849e-05,0.560722,1,0
4.4043,0.283203,0.997387,3.27525e-05,0.558771,1,0
4.4043,0.302734,0.994205,2.95162e-05,0.558771,1,0
4.42383,0.244141,0.999941,3.47224e-05,0.55682,1,0
4.42383,0.263672,0.999075,3.38594e-05,0.55682,1,0
4.44336,0.244141,0.999942,3.37916e-05,0.554868,1,0
4.44336,0.263672,0.999076,3.29272e-05,0.554868,1,0
4.42383,0.283203,0.99739,3.18448e-05,0.55682,1,0
4.42383,0.302734,0.994209,2.86384e-05,0.55682,1,0
4.44336,0.283203,0.997392,3.0926e-05,0.554869,1,0
4.44336,0.302734,0.994212,2.77517e-05,0.554869,1,0
4.46289,0.166016,1.00074,2.76009e-05,0.552917,1,0
4.46289,0.185547,1.00069,2.99606e-05,0.552917,1,0
4.48242,0.166016,1.00074,2.67642e-05,0.550965,1,0
4.48242,0.185547,1.00069,2.9076e-05,0.550965,1,0
4.46289,0.205078,1.00059,3.16958e-05,0.552917,1,0
4.46289,0.224609,1.00037,3.27109e-05,0.552917,1,0
4.48242,0.205078,1.00059,3.07758e-05,0.550966,1,0
4.48242,0.224609,1.00037,3.1766e-05,0.550966,1,0
4.50195,0.166016,1.00074,2.59173e-05,0.549014,1,0
4.50195,0.185547,1.00069,2.81797e-05,0.549014,1,0
4.52148,0.166016,1.00073,2.50605e-05,0.547063,1,0
4.52148,0.185547,1.00069,2.7272e-05,0.547063,1,0
4.50195,0.205078,1.00059,2.98429e-05,0.549014,1,0
4.50195,0.224609,1.00037,3.08077e-05,0.549014,1,0
4.52148,0.205078,1.00058,2.88972e-05,0.547063,1,0
4.52148,0.224609,1.00037,2.98359e-05,0.547063,1,0
4.46289,0.244141,0.999942,3.28474e-05,0.552917,1,0
4.46289,0.263672,0.999077,3.19824e-05,0.552917,1,0
4.48242,0.244141,0.999942,3.18898e-05,0.550966,1,0
4.48242,0.263672,0.999079,3.10249e-05,0.550966,1,0
4.46289,0.283203,0.997395,2.99959e-05,0.552917,1,0
4.46289,0.302734,0.994216,2.6856e-05,0.552917,1,0
4.48242,0.283203,0.997398,2.90546e-05,0.550966,1,0
4.48242,0.302734,0.99422,2.59513e-05,0.550966,1,0
4.50195,0.244141,0.999943,3.09188e-05,0.549014,1,0
4.50195,0.263672,0.99908,3.00546e-05,0.549015,1,0
4.52148,0.244141,0.999943,2.99342e-05,0.547063,1,0
4.52148,0.263672,0.999082,2.90715e-05,0.547063,1,0
4.50195,0.283203,0.9974,2.81019e-05,0.549015,1,0
4.50195,0.302734,0.994223,2.50378e-05,0.549015,1,0
4.52148,0.283203,0.997403,2.71381e-05,0.547063,1,0
4.52148,0.302734,0.994227,2.41155e-05,0.547063,1,0
4.54102,0.00976562,1.00075,1.43503e-06,0.545111,1,0
4.54102,0.0292969,1.00076,3.57345e-06,0.545111,1,0
4.56055,0.00976562,1.00074,1.34876e-06,0.54316,1,0
4.56055,0.0292969,1.00075,3.37536e-06,0.54316,1,0
4.54102,0.0488281,1.00076,5.98906e-06,0.545111,1,0
4.54102,0.0683594,1.00077,9.07941e-06,0.545111,1,0
4.56055,0.0488281,1.00076,5.68813e-06,0.54316,1,0
4.56055,0.0683594,1.00077,8.65596e-06,0.54316,1,0
4.58008,0.00976562,1.00074,1.26453e-06,0.541209,1,0
4.58008,0.0292969,1.00075,3.18074e-06,0.541209,1,0
4.59961,0.00976562,1.00074,1.18242e-06,0.539257,1,0
4.59961,0.0292969,1.00075,2.98981e-06,0.539257,1,0
4.58008,0.0488281,1.00076,5.39036e-06,0.541209,1,0
4.58008,0.0683594,1.00076,8.23489e-06,0.541209,1,0
4.59961,0.0488281,1.00076,5.09612e-06,0.539257,1,0
4.59961,0.0683594,1.00076,7.81672e-06,0.539257,1,0
4.54102,0.0878906,1.00077,1.2231e-05,0.545111,1,0
4.54102,0.107422,1.00077,1.55372e-05,0.545111,1,0
4.56055,0.0878906,1.00077,1.16996e-05,0.54316,1,0
4.56055,0.107422,1.00077,1.48995e-05,0.54316,1,0
4.54102,0.126953,1.00077,1.86651e-05,0.545111,1,0
4.54102,0.146484,1.00076,2.16143e-05,0.545111,1,0
4.56055,0.126953,1.00076,1.7937e-05,0.54316,1,0
4.56055,0.146484,1.00075,2.08052e-05,0.54316,1,0
4.58008,0.0878906,1.00077,1.11688e-05,0.541209,1,0
4.58008,0.107422,1.00077,1.42603e-05,0.541209,1,0
4.59961,0.0878906,1.00076,1.06391e-05,0.539257,1,0
4.59961,0.107422,1.00076,1.36201e-05,0.539257,1,0
4.58008,0.126953,1.00076,1.7205e-05,0.541209,1,0
4.58008,0.146484,1.00075,1.99896e-05,0.541209,1,0
4.59961,0.126953,1.00076,1.64695e-05,0.539257,1,0
4.59961,0.146484,1.00075,1.91682e-05,0.539258,1,0
4.61914,0.00976562,1.00074,1.10254e-06,0.537306,1,0
4.61914,0.0292969,1.00075,2.80282e-06,0.537306,1,0
4.63867,0.00976562,1.00074,1.02497e-06,0.535355,1,0
4.63867,0.0292969,1.00075,2.62e-06,0.535355,1,0
4.61914,0.0488281,1.00075,4.80579e-06,0.537306,1,0
4.61914,0.0683594,1.00076,7.40197e-06,0.537306,1,0
4.63867,0.0488281,1.00075,4.51976e-06,0.535355,1,0
4.63867,0.0683594,1.00076,6.99119e-06,0.535355,1,0
4.6582,0.00976562,1.00074,9.49799e-07,0.533403,1,0
4.6582,0.0292969,1.00074,2.44159e-06,0.533403,1,0
4.67773,0.00976562,1.00074,8.77114e-07,0.531452,1,0
4.67773,0.0292969,1.00074,2.26781e-06,0.531452,1,0
4.6582,0.0488281,1.00075,4.23843e-06,0.533403,1,0
4.6582,0.0683594,1.00075,6.58494e-06,0.533403,1,0
4.67773,0.0488281,1.00075,3.96218e-06,0.531452,1,0
4.67773,0.0683594,1.00075,6.18377e-06,0.531452,1,0
4.61914,0.0878906,1.00076,1.01112e-05,0.537306,1,0
4.61914,0.107422,1.00076,1.29798e-05,0.537306,1,0
4.63867,0.0878906,1.00076,9.58568e-06,0.535355,1,0
4.63867,0.107422,1.00076,1.23399e-05,0.535355,1,0
4.61914,0.126953,1.00076,1.57313e-05,0.537306,1,0
4.61914,0.146484,1.00075,1.83417e-05,0.537306,1,0
4.63867,0.126953,1.00075,1.49913e-05,0.535355,1,0
4.63867,0.146484,1.00074,1.75108e-05,0.535355,1,0
4.6582,0.0878906,1.00076,9.06332e-06,0.533403,1,0
4.6582,0.107422,1.00076,1.17013e-05,0.533403,1,0
4.67773,0.0878906,1.00075,8.54477e-06,0.531452,1,0
4.67773,0.107422,1.00075,1.10648e-05,0.531452,1,0
4.6582,0.126953,1.00075,1.42501e-05,0.533404,1,0
4.6582,0.146484,1.00074,1.66763e-05,0.533404,1,0
4.67773,0.126953,1.00075,1.35086e-05,0.531452,1,0
4.67773,0.146484,1.00074,1.58391e-05,0.531452,1,0
4.54102,0.166016,1.00073,2.41943e-05,0.545112,1,0
4.54102,0.185547,1.00068,2.63529e-05,0.545112,1,0
4.56055,0.166016,1.00073,2.33189e-05,0.54316,1,0
4.56055,0.185547,1.00068,2.54229e-05,0.54316,1,0
4.54102,0.205078,1.00058,2.7939e-05,0.545112,1,0
4.54102,0.224609,1.00037,2.88508e-05,0.545112,1,0
4.56055,0.205078,1.00058,2.69685e-05,0.54316,1,0
4.56055,0.224609,1.00037,2.78525e-05,0.54316,1,0
4.58008,0.166016,1.00073,2.24348e-05,0.541209,1,0
4.58008,0.185547,1.00068,2.44823e-05,0.541209,1,0
4.59961,0.166016,1.00073,2.15426e-05,0.539258,1,0
4.59961,0.185547,1.00068,2.35316e-05,0.539258,1,0
4.58008,0.205078,1.00058,2.59858e-05,0.541209,1,0
4.58008,0.224609,1.00037,2.68413e-05,0.541209,1,0
4.59961,0.205078,1.00058,2.49915e-05,0.539258,1,0
4.59961,0.224609,1.00037,2.58173e-05,0.539258,1,0
4.54102,0.244141,0.999943,2.89363e-05,0.545112,1,0
4.54102,0.263672,0.999083,2.80757e-05,0.545112,1,0
4.56055,0.244141,0.999944,2.7925e-05,0.543161,1,0
4.56055,0.263672,0.999084,2.70673e-05,0.543161,1,0
4.54102,0.283203,0.997405,2.61631e-05,0.545112,1,0
4.54102,0.302734,0.99423,2.31847e-05,0.545112,1,0
4.56055,0.283203,0.997408,2.51771e-05,0.543161,1,0
4.56055,0.302734,0.994234,2.22454e-05,0.543161,1,0
4.58008,0.244141,0.999944,2.69006e-05,0.541209,1,0
4.58008,0.263672,0.999086,2.60463e-05,0.541209,1,0
4.59961,0.244141,0.999945,2.58631e-05,0.539258,1,0
4.59961,0.263672,0.999087,2.5013e-05,0.539258,1,0
4.58008,0.283203,0.99741,2.41802e-05,0.541209,1,0
4.58008,0.302734,0.994237,2.12981e-05,0.54121,1,0
4.59961,0.283203,0.997412,2.31726e-05,0.539258,1,0
4.59961,0.302734,0.99424,2.03429e-05,0.539258,1,0
4.61914,0.166016,1.00072,2.06429e-05,0.537306,1,0
4.61914,0.185547,1.00068,2.25713e-05,0.537306,1,0
4.63867,0.166016,1.00072,1.97363e-05,0.535355,1,0
4.63867,0.185547,1.00067,2.16019e-05,0.535355,1,0
4.61914,0.205078,1.00058,2.39858e-05,0.537306,1,0
4.61914,0.224609,1.00037,2.4781e-05,0.537307,1,0
4.63867,0.205078,1.00058,2.29693e-05,0.535355,1,0
4.63867,0.224609,1.00037,2.37327e-05,0.535355,1,0
4.6582,0.166016,1.00072,1.88236e-05,0.533404,1,0
4.6582,0.185547,1.00067,2.06242e-05,0.533404,1,0
4.67773,0.166016,1.00072,1.79055e-05,0.531452,1,0
4.67773,0.185547,1.00067,1.96387e-05,0.531452,1,0
4.6582,0.205078,1.00058,2.19426e-05,0.533404,1,0
4.6582,0.224609,1.00037,2.26728e-05,0.533404,1,0
4.67773,0.205078,1.00057,2.09061e-05,0.531452,1,0
4.67773,0.224609,1.00037,2.16018e-05,0.531453,1,0
4.61914,0.244141,0.999945,2.4813e-05,0.537307,1,0
4.61914,0.263672,0.999089,2.39675e-05,0.537307,1,0
4.63867,0.244141,0.999945,2.37504e-05,0.535355,1,0
4.63867,0.263672,0.99909,2.29102e-05,0.535355,1,0
4.61914,0.283203,0.997415,2.21546e-05,0.537307,1,0
4.61914,0.302734,0.994244,1.93803e-05,0.537307,1,0
4.63867,0.283203,0.997417,2.11266e-05,0.535355,1,0
4.63867,0.302734,0.994247,1.84106e-05,0.535356,1,0
4.6582,0.244141,0.999946,2.26758e-05,0.533404,1,0
4.6582,0.263672,0.999091,2.18414e-05,0.533404,1,0
4.67773,0.244141,0.999946,2.15894e-05,0.531453,1,0
4.67773,0.263672,0.999092,2.07615e-05,0.531453,1,0
4.6582,0.283203,0.997419,2.00888e-05,0.533404,1,0
4.6582,0.302734,0.99425,1.74345e-05,0.533404,1,0
4.67773,0.283203,0.997421,1.90417e-05,0.531453,1,0
4.67773,0.302734,0.994253,1.64525e-05,0.531453,1,0
4.38477,0.322266,0.988378,2.5956e-05,0.560723,1,0
4.38477,0.341797,0.978074,2.06343e-05,0.560723,1,0
4.4043,0.322266,0.988383,2.51391e-05,0.558771,1,0
4.4043,0.341797,0.97808,1.98996e-05,0.558771,1,0
4.38477,0.361328,0.960448,1.49206e-05,0.560723,1,0
4.38477,0.380859,0.931315,9.53136e-06,0.560723,1,0
4.4043,0.361328,0.960454,1.43028e-05,0.558772,1,0
4.4043,0.380859,0.931319,9.06026e-06,0.558772,1,0
4.42383,0.322266,0.988388,2.4316e-05,0.55682,1,0
4.42383,0.341797,0.978085,1.91622e-05,0.55682,1,0
4.44336,0.322266,0.988392,2.34868e-05,0.554869,1,0
4.44336,0.341797,0.97809,1.84224e-05,0.554869,1,0
4.42383,0.361328,0.960459,1.3686e-05,0.55682,1,0
4.42383,0.380859,0.931324,8.59334e-06,0.55682,1,0
4.44336,0.361328,0.960464,1.30705e-05,0.554869,1,0
4.44336,0.380859,0.931329,8.13097e-06,0.554869,1,0
4.38477,0.400391,0.884792,5.18952e-06,0.560723,1,0
4.38477,0.419922,0.813,2.35987e-06,0.560723,1,0
4.4043,0.400391,0.884796,4.8778e-06,0.558772,1,0
4.4043,0.419922,0.813002,2.18982e-06,0.558772,1,0
4.38477,0.439453,0.705875,9.33334e-07,0.560723,1,0
4.38477,0.458984,0.551175,3.88827e-07,0.560723,1,0
4.4043,0.439453,0.705876,8.60282e-07,0.558772,1,0
4.4043,0.458984,0.551175,3.61896e-07,0.558772,1,0
4.42383,0.400391,0.884799,4.5719e-06,0.55682,1,0
4.42383,0.419922,0.813004,2.0251e-06,0.55682,1,0
4.44336,0.400391,0.884802,4.27212e-06,0.554869,1,0
4.44336,0.419922,0.813006,1.86584e-06,0.554869,1,0
4.42383,0.439453,0.705877,7.90327e-07,0.55682,1,0
4.42383,0.458984,0.551176,3.35976e-07,0.55682,1,0
4.44336,0.439453,0.705877,7.23446e-07,0.554869,1,0
4.44336,0.458984,0.551176,3.11028e-07,0.554869,1,0
4.46289,0.322266,0.988397,2.26518e-05,0.552917,1,0
4.46289,0.341797,0.978095,1.76804e-05,0.552918,1,0
4.48242,0.322266,0.988402,2.18109e-05,0.550966,1,0
4.48242,0.341797,0.978101,1.69364e-05,0.550966,1,0
4.46289,0.361328,0.960469,1.24567e-05,0.552918,1,0
4.46289,0.380859,0.931333,7.67352e-06,0.552918,1,0
4.48242,0.361328,0.960474,1.1845e-05,0.550966,1,0
4.48242,0.380859,0.931337,7.22139e-06,0.550966,1,0
4.50195,0.322266,0.988406,2.09645e-05,0.549015,1,0
4.50195,0.341797,0.978105,1.61909e-05,0.549015,1,0
4.52148,0.322266,0.988411,2.01128e-05,0.547064,1,0
4.52148,0.341797,0.97811,1.54441e-05,0.547064,1,0
4.50195,0.361328,0.960479,1.12358e-05,0.549015,1,0
4.50195,0.380859,0.931341,6.77505e-06,0.549015,1,0
4.52148,0.361328,0.960484,1.06296e-05,0.547064,1,0
4.52148,0.380859,0.931345,6.33496e-06,0.547064,1,0
4.46289,0.400391,0.884805,3.97875e-06,0.552918,1,0
4.46289,0.419922,0.813007,1.71217e-06,0.552918,1,0
4.48242,0.400391,0.884808,3.69212e-06,0.550967,1,0
4.48242,0.419922,0.813009,1.56419e-06,0.550967,1,0
4.46289,0.439453,0.705878,6.59615e-07,0.552918,1,0
4.46289,0.458984,0.551176,2.87019e-07,0.552918,1,0
4.48242,0.439453,0.705879,5.98795e-07,0.550967,1,0
4.48242,0.458984,0.551176,2.63909e-07,0.550967,1,0
4.50195,0.400391,0.884811,3.41255e-06,0.549015,1,0
4.50195,0.419922,0.81301,1.42203e-06,0.549015,1,0
4.52148,0.400391,0.884814,3.14039e-06,0.547064,1,0
4.52148,0.419922,0.813012,1.28581e-06,0.547064,1,0
4.50195,0.439453,0.705879,5.40949e-07,0.549015,1,0
4.50195,0.458984,0.551177,2.41664e-07,0.549015,1,0
4.52148,0.439453,0.70588,4.86027e-07,0.547064,1,0
4.52148,0.458984,0.551177,2.20246e-07,0.547064,1,0
4.38477,0.478516,0.334706,1.29631e-07,0.560723,1,0
4.38477,0.498047,0.0407909,-9.64323e-09,0.560723,0.6,0
4.4043,0.478516,0.334706,1.22336e-07,0.558772,1,0
4.4043,0.498047,0.040791,-8.02565e-09,0.558772,0.6,0
4.42383,0.478516,0.334706,1.15173e-07,0.55682,1,0
4.42383,0.498047,0.0407911,-6.46519e-09,0.55682,0.6,0
4.44336,0.478516,0.334706,1.08146e-07,0.554869,1,0
4.44336,0.498047,0.0407911,-4.96562e-09,0.554869,0.6,0
4.46289,0.478516,0.334706,1.01244e-07,0.552918,1,0
4.46289,0.498047,0.0407912,-3.50848e-09,0.552918,0.6,0
4.48242,0.478516,0.334707,9.44699e-08,0.550967,1,0
4.48242,0.498047,0.0407913,-2.10094e-09,0.550967,0.6,0
4.50195,0.478516,0.334707,8.78056e-08,0.549015,1,0
4.50195,0.498047,0.0407914,-7.51383e-10,0.549015,0.6,0
4.52148,0.478516,0.334707,8.12573e-08,0.547064,1,0
4.52148,0.498047,0.0407915,5.27662e-10,0.547064,0.6,0
4.54102,0.322266,0.988415,1.9256e-05,0.545112,1,0
4.54102,0.341797,0.978115,1.46965e-05,0.545112,1,0
4.56055,0.322266,0.988419,1.83945e-05,0.543161,1,0
4.56055,0.341797,0.978119,1.39487e-05,0.543161,1,0
4.54102,0.361328,0.960488,1.00269e-05,0.545112,1,0
4.54102,0.380859,0.931349,5.90166e-06,0.545113,1,0
4.56055,0.361328,0.960492,9.42834e-06,0.543161,1,0
4.56055,0.380859,0.931352,5.47572e-06,0.543161,1,0
4.58008,0.322266,0.988423,1.75287e-05,0.54121,1,0
4.58008,0.341797,0.978124,1.32011e-05,0.54121,1,0
4.59961,0.322266,0.988427,1.66591e-05,0.539258,1,0
4.59961,0.341797,0.978128,1.24543e-05,0.539258,1,0
4.58008,0.361328,0.960496,8.8345e-06,0.54121,1,0
4.58008,0.380859,0.931355,5.05776e-06,0.54121,1,0
4.59961,0.361328,0.9605,8.24615e-06,0.539258,1,0
4.59961,0.380859,0.931358,4.64846e-06,0.539259,1,0
4.54102,0.400391,0.884816,2.87601e-06,0.545113,1,0
4.54102,0.419922,0.813013,1.15562e-06,0.545113,1,0
4.56055,0.400391,0.884818,2.61981e-06,0.543161,1,0
4.56055,0.419922,0.813014,1.03156e-06,0.543161,1,0
4.54102,0.439453,0.705881,4.33982e-07,0.545113,1,0
4.54102,0.458984,0.551177,1.99631e-07,0.545113,1,0
4.56055,0.439453,0.705881,3.84752e-07,0.543161,1,0
4.56055,0.458984,0.551177,1.79793e-07,0.543161,1,0
4.58008,0.400391,0.88482,2.37219e-06,0.54121,1,0
4.58008,0.419922,0.813015,9.13727e-07,0.54121,1,0
4.59961,0.400391,0.884822,2.13357e-06,0.539259,1,0
4.59961,0.419922,0.813016,8.02181e-07,0.539259,1,0
4.58008,0.439453,0.705881,3.3828e-07,0.54121,1,0
4.58008,0.458984,0.551177,1.60716e-07,0.54121,1,0
4.59961,0.439453,0.705882,2.94503e-07,0.539259,1,0
4.59961,0.458984,0.551178,1.42368e-07,0.539259,1,0
4.61914,0.322266,0.988431,1.57861e-05,0.537307,1,0
4.61914,0.341797,0.978132,1.17091e-05,0.537307,1,0
4.63867,0.322266,0.988435,1.49103e-05,0.535356,1,0
4.63867,0.341797,0.978136,1.09663e-05,0.535356,1,0
4.61914,0.361328,0.960504,7.66413e-06,0.537307,1,0
4.61914,0.380859,0.931361,4.2486e-06,0.537307,1,0
4.63867,0.361328,0.960508,7.0894e-06,0.535356,1,0
4.63867,0.380859,0.931364,3.859e-06,0.535356,1,0
4.6582,0.322266,0.988438,1.40327e-05,0.533404,1,0
4.6582,0.341797,0.97814,1.02269e-05,0.533404,1,0
4.67773,0.322266,0.988442,1.31541e-05,0.531453,1,0
4.67773,0.341797,0.978144,9.49224e-06,0.531453,1,0
4.6582,0.361328,0.960511,6.52308e-06,0.533404,1,0
4.6582,0.380859,0.931367,3.48057e-06,0.533404,1,0
4.67773,0.361328,0.960515,5.96643e-06,0.531453,1,0
4.67773,0.380859,0.931369,3.11428e-06,0.531453,1,0
4.61914,0.400391,0.884824,1.9044e-06,0.537307,1,0
4.61914,0.419922,0.813017,6.96977e-07,0.537307,1,0
4.63867,0.400391,0.884826,1.68512e-06,0.535356,1,0
4.63867,0.419922,0.813018,5.98149e-07,0.535356,1,0
4.61914,0.439453,0.705882,2.53361e-07,0.537307,1,0
4.61914,0.458984,0.551178,1.24726e-07,0.537307,1,0
4.63867,0.439453,0.705882,2.14783e-07,0.535356,1,0
4.63867,0.458984,0.551178,1.07763e-07,0.535356,1,0
4.6582,0.400391,0.884828,1.47616e-06,0.533405,1,0
4.6582,0.419922,0.813019,5.05711e-07,0.533405,1,0
4.67773,0.400391,0.884829,1.27794e-06,0.531453,1,0
4.67773,0.419922,0.813019,4.19668e-07,0.531453,1,0
4.6582,0.439453,0.705883,1.78693e-07,0.533405,1,0
4.6582,0.458984,0.551178,9.1478e-08,0.533405,1,0
4.67773,0.439453,0.705883,1.45003e-07,0.531453,1,0
4.67773,0.458984,0.551178,7.58746e-08,0.531453,1,0
4.54102,0.478516,0.334707,7.48165e-08,0.545113,1,0
4.54102,0.498047,0.0407915,1.74811e-09,0.545113,0.6,0
4.56055,0.478516,0.334707,6.84953e-08,0.543161,1,0
4.56055,0.498047,0.0407916,2.91292e-09,0.543161,0.6,0
4.58008,0.478516,0.334707,6.22844e-08,0.54121,1,0
4.58008,0.498047,0.0407917,4.01686e-09,0.54121,0.6,0
4.59961,0.478516,0.334707,5.61972e-08,0.539259,1,0
4.59961,0.498047,0.0407917,5.04123e-09,0.539259,0.6,0
4.61914,0.478516,0.334707,5.02297e-08,0.537307,1,0
4.61914,0.498047,0.0407918,5.97138e-09,0.537307,0.6,0
4.63867,0.478516,0.334707,4.43997e-08,0.535356,1,0
4.63867,0.498047,0.0407918,6.79783e-09,0.535356,0.6,0
4.6582,0.478516,0.334707,3.86997e-08,0.533405,1,0
4.6582,0.498047,0.0407919,7.512e-09,0.533405,0.6,0
4.67773,0.478516,0.334707,3.31506e-08,0.531453,1,0
4.67773,0.498047,0.0407919,8.12245e-09,0.531453,0.6,0
4.69727,0.00976562,1.00074,8.06986e-07,0.529501,1,0
4.69727,0.0292969,1.00074,2.09887e-06,0.529501,1,0
4.7168,0.00976562,1.00073,7.39481e-07,0.527549,1,0
4.7168,0.0292969,1.00074,1.93496e-06,0.527549,1,0
4.69727,0.0488281,1.00075,3.69138e-06,0.529501,1,0
4.69727,0.0683594,1.00075,5.78823e-06,0.529501,1,0
4.7168,0.0488281,1.00074,3.42639e-06,0.527549,1,0
4.7168,0.0683594,1.00075,5.39887e-06,0.527549,1,0
4.73633,0.00976562,1.00073,6.74661e-07,0.525598,1,0
4.73633,0.0292969,1.00074,1.77627e-06,0.525598,1,0
4.75586,0.00976562,1.00073,6.12587e-07,0.523647,1,0
4.75586,0.0292969,1.00074,1.62299e-06,0.523647,1,0
4.73633,0.0488281,1.00074,3.16756e-06,0.525598,1,0
4.73633,0.0683594,1.00075,5.01623e-06,0.525598,1,0
4.75586,0.0488281,1.00074,2.91523e-06,0.523647,1,0
4.75586,0.0683594,1.00074,4.64086e-06,0.523647,1,0
4.69727,0.0878906,1.00075,8.03075e-06,0.529501,1,0
4.69727,0.107422,1.00075,1.04313e-05,0.529501,1,0
4.7168,0.0878906,1.00075,7.52195e-06,0.527549,1,0
4.7168,0.107422,1.00075,9.80142e-06,0.52755,1,0
4.69727,0.126953,1.00075,1.27678e-05,0.529501,1,0
4.69727,0.146484,1.00074,1.5e-05,0.529501,1,0
4.7168,0.126953,1.00074,1.20285e-05,0.52755,1,0
4.7168,0.146484,1.00073,1.416e-05,0.52755,1,0
4.73633,0.0878906,1.00075,7.01909e-06,0.525598,1,0
4.73633,0.107422,1.00075,9.1762e-06,0.525598,1,0
4.75586,0.0878906,1.00074,6.52294e-06,0.523647,1,0
4.75586,0.107422,1.00074,8.55654e-06,0.523647,1,0
4.73633,0.126953,1.00074,1.12917e-05,0.525598,1,0
4.73633,0.146484,1.00073,1.33202e-05,0.525598,1,0
4.75586,0.126953,1.00074,1.05585e-05,0.523647,1,0
4.75586,0.146484,1.00073,1.24817e-05,0.523647,1,0
4.77539,0.00976562,1.00073,5.53324e-07,0.521695,1,0
4.77539,0.0292969,1.00074,1.4753e-06,0.521695,1,0
4.79492,0.00976562,1.00073,4.96952e-07,0.519744,1,0
4.79492,0.0292969,1.00073,1.33344e-06,0.519744,1,0
4.77539,0.0488281,1.00074,2.6698e-06,0.521695,1,0
4.77539,0.0683594,1.00074,4.27338e-06,0.521695,1,0
4.79492,0.0488281,1.00074,2.43172e-06,0.519744,1,0
4.79492,0.0683594,1.00074,3.91452e-06,0.519744,1,0
4.81445,0.00976562,1.00073,4.4357e-07,0.517793,1,0
4.81445,0.0292969,1.00073,1.19771e-06,0.517793,1,0
4.83398,0.00976562,1.00073,3.93307e-07,0.515841,1,0
4.83398,0.0292969,1.00073,1.0685e-06,0.515841,1,0
4.81445,0.0488281,1.00074,2.20155e-06,0.517793,1,0
4.81445,0.0683594,1.00074,3.56519e-06,0.517793,1,0
4.83398,0.0488281,1.00074,1.98002e-06,0.515841,1,0
4.83398,0.0683594,1.00074,3.22653e-06,0.515841,1,0
4.77539,0.0878906,1.00074,6.03434e-06,0.521695,1,0
4.77539,0.107422,1.00074,7.9435e-06,0.521695,1,0
4.79492,0.0878906,1.00074,5.5543e-06,0.519744,1,0
4.79492,0.107422,1.00074,7.33836e-06,0.519744,1,0
4.77539,0.126953,1.00074,9.83016e-06,0.521696,1,0
4.77539,0.146484,1.00073,1.16458e-05,0.521696,1,0
4.79492,0.126953,1.00074,9.10814e-06,0.519744,1,0
4.79492,0.146484,1.00073,1.08142e-05,0.519744,1,0
4.81445,0.0878906,1.00074,5.08407e-06,0.517793,1,0
4.81445,0.107422,1.00074,6.7427e-06,0.517793,1,0
4.83398,0.0878906,1.00074,4.62524e-06,0.515841,1,0
4.83398,0.107422,1.00074,6.15852e-06,0.515841,1,0
4.81445,0.126953,1.00073,8.39431e-06,0.517793,1,0
4.81445,0.146484,1.00073,9.9891e-06,0.517793,1,0
4.83398,0.126953,1.00073,7.69105e-06,0.515841,1,0
4.83398,0.146484,1.00072,9.17308e-06,0.515842,1,0
4.69727,0.166016,1.00072,1.69831e-05,0.529501,1,0
4.69727,0.185547,1.00067,1.86464e-05,0.529501,1,0
4.7168,0.166016,1.00071,1.60571e-05,0.52755,1,0
4.7168,0.185547,1.00067,1.76481e-05,0.52755,1,0
4.69727,0.205078,1.00057,1.98607e-05,0.529501,1,0
4.69727,0.224609,1.00037,2.05203e-05,0.529501,1,0
4.7168,0.205078,1.00057,1.8807e-05,0.52755,1,0
4.7168,0.224609,1.00037,1.9429e-05,0.52755,1,0
4.73633,0.166016,1.00071,1.51286e-05,0.525598,1,0
4.73633,0.185547,1.00067,1.66448e-05,0.525598,1,0
4.75586,0.166016,1.00071,1.41988e-05,0.523647,1,0
4.75586,0.185547,1.00067,1.56376e-05,0.523647,1,0
4.73633,0.205078,1.00057,1.77461e-05,0.525598,1,0
4.73633,0.224609,1.00037,1.83287e-05,0.525598,1,0
4.75586,0.205078,1.00057,1.66789e-05,0.523647,1,0
4.75586,0.224609,1.00037,1.72206e-05,0.523647,1,0
4.69727,0.244141,0.999947,2.0492e-05,0.529501,1,0
4.69727,0.263672,0.999094,1.96709e-05,0.529501,1,0
4.7168,0.244141,0.999947,1.9384e-05,0.52755,1,0
4.7168,0.263672,0.999095,1.85705e-05,0.52755,1,0
4.69727,0.283203,0.997423,1.79861e-05,0.529501,1,0
4.69727,0.302734,0.994256,1.54656e-05,0.529502,1,0
4.7168,0.283203,0.997425,1.69229e-05,0.52755,1,0
4.7168,0.302734,0.994258,1.44752e-05,0.52755,1,0
4.73633,0.244141,0.999948,1.82664e-05,0.525599,1,0
4.73633,0.263672,0.999096,1.74611e-05,0.525599,1,0
4.75586,0.244141,0.999948,1.71403e-05,0.523647,1,0
4.75586,0.263672,0.999097,1.63441e-05,0.523647,1,0
4.73633,0.283203,0.997427,1.58531e-05,0.525599,1,0
4.73633,0.302734,0.994261,1.34825e-05,0.525599,1,0
4.75586,0.283203,0.997429,1.47783e-05,0.523647,1,0
4.75586,0.302734,0.994264,1.24893e-05,0.523647,1,0
4.77539,0.166016,1.00071,1.32691e-05,0.521696,1,0
4.77539,0.185547,1.00067,1.46279e-05,0.521696,1,0
4.79492,0.166016,1.00071,1.23413e-05,0.519744,1,0
4.79492,0.185547,1.00066,1.36177e-05,0.519744,1,0
4.77539,0.205078,1.00057,1.5607e-05,0.521696,1,0
4.77539,0.224609,1.00037,1.6106e-05,0.521696,1,0
4.79492,0.205078,1.00057,1.45323e-05,0.519744,1,0
4.79492,0.224609,1.00037,1.4987e-05,0.519744,1,0
4.81445,0.166016,1.00071,1.14177e-05,0.517793,1,0
4.81445,0.185547,1.00066,1.26094e-05,0.517793,1,0
4.83398,0.166016,1.0007,1.05012e-05,0.515842,1,0
4.83398,0.185547,1.00066,1.1606e-05,0.515842,1,0
4.81445,0.205078,1.00057,1.34572e-05,0.517793,1,0
4.81445,0.224609,1.00037,1.38661e-05,0.517793,1,0
4.83398,0.205078,1.00057,1.23852e-05,0.515842,1,0
4.83398,0.224609,1.00037,1.2747e-05,0.515842,1,0
4.77539,0.244141,0.999948,1.60072e-05,0.521696,1,0
4.77539,0.263672,0.999099,1.52209e-05,0.521696,1,0
4.79492,0.244141,0.999949,1.4869e-05,0.519744,1,0
4.79492,0.263672,0.9991,1.40938e-05,0.519745,1,0
4.77539,0.283203,0.997431,1.37003e-05,0.521696,1,0
4.77539,0.302734,0.994266,1.14975e-05,0.521696,1,0
4.79492,0.283203,0.997433,1.26213e-05,0.519745,1,0
4.79492,0.302734,0.994269,1.05099e-05,0.519745,1,0
4.81445,0.244141,0.999949,1.37286e-05,0.517793,1,0
4.81445,0.263672,0.999101,1.29658e-05,0.517793,1,0
4.83398,0.244141,0.99995,1.259e-05,0.515842,1,0
4.83398,0.263672,0.999102,1.18411e-05,0.515842,1,0
4.81445,0.283203,0.997435,1.15446e-05,0.517793,1,0
4.81445,0.302734,0.994271,9.52977e-06,0.517793,1,0
4.83398,0.283203,0.997437,1.04749e-05,0.515842,1,0
4.83398,0.302734,0.994273,8.56212e-06,0.515842,1,0
4.85352,0.00976562,1.00073,3.46327e-07,0.51389,1,0
4.85352,0.0292969,1.00073,9.46293e-07,0.51389,1,0
4.87305,0.00976562,1.00073,3.0282e-07,0.511939,1,0
4.87305,0.0292969,1.00073,8.31692e-07,0.511939,1,0
4.85352,0.0488281,1.00073,1.76806e-06,0.51389,1,0
4.85352,0.0683594,1.00074,2.90002e-06,0.51389,1,0
4.87305,0.0488281,1.00073,1.56682e-06,0.511939,1,0
4.87305,0.0683594,1.00073,2.58747e-06,0.511939,1,0
4.89258,0.00976562,1.00073,2.62999e-07,0.509987,1,0
4.89258,0.0292969,1.00073,7.25388e-07,0.509987,1,0
4.91211,0.00976562,1.00073,2.27075e-07,0.508036,1,0
4.91211,0.0292969,1.00073,6.28118e-07,0.508036,1,0
4.89258,0.0488281,1.00073,1.37764e-06,0.509987,1,0
4.89258,0.0683594,1.00073,2.29103e-06,0.509987,1,0
4.91211,0.0488281,1.00073,1.20203e-06,0.508036,1,0
4.91211,0.0683594,1.00073,2.0131e-06,0.508036,1,0
4.85352,0.0878906,1.00074,4.17982e-06,0.51389,1,0
4.85352,0.107422,1.00074,5.58839e-06,0.51389,1,0
4.87305,0.0878906,1.00074,3.75033e-06,0.511939,1,0
4.87305,0.107422,1.00073,5.03545e-06,0.511939,1,0
4.85352,0.126953,1.00073,7.00139e-06,0.51389,1,0
4.85352,0.146484,1.00072,8.36961e-06,0.51389,1,0
4.87305,0.126953,1.00073,6.32908e-06,0.511939,1,0
4.87305,0.146484,1.00072,7.58294e-06,0.511939,1,0
4.89258,0.0878906,1.00073,3.33972e-06,0.509987,1,0
4.89258,0.107422,1.00073,4.50347e-06,0.509987,1,0
4.91211,0.0878906,1.00073,2.95135e-06,0.508036,1,0
4.91211,0.107422,1.00073,3.99673e-06,0.508036,1,0
4.89258,0.126953,1.00073,5.67859e-06,0.509987,1,0
4.89258,0.146484,1.00072,6.81822e-06,0.509987,1,0
4.91211,0.126953,1.00073,5.05506e-06,0.508036,1,0
4.91211,0.146484,1.00072,6.08138e-06,0.508036,1,0
4.93164,0.00976562,1.00073,1.95232e-07,0.506085,1,0
4.93164,0.0292969,1.00073,5.40596e-07,0.506085,1,0
4.95117,0.00976562,1.00073,1.6759e-07,0.504133,1,0
4.95117,0.0292969,1.00073,4.6342e-07,0.504133,1,0
4.93164,0.0488281,1.00073,1.04149e-06,0.506085,1,0
4.93164,0.0683594,1.00073,1.75618e-06,0.506085,1,0
4.95117,0.0488281,1.00073,8.97423e-07,0.504133,1,0
4.95117,0.0683594,1.00073,1.52267e-06,0.504133,1,0
4.9707,0.00976562,1.00073,1.44172e-07,0.502182,1,0
4.9707,0.0292969,1.00073,3.96968e-07,0.502182,1,0
4.99023,0.00976562,1.00073,1.24874e-07,0.50023,1,0
4.99023,0.0292969,1.00073,3.41301e-07,0.50023,1,0
4.9707,0.0488281,1.00073,7.70928e-07,0.502182,1,0
4.9707,0.0683594,1.00073,1.31457e-06,0.502182,1,0
4.99023,0.0488281,1.00073,6.62609e-07,0.50023,1,0
4.99023,0.0683594,1.00073,1.13323e-06,0.50023,1,0
4.93164,0.0878906,1.00073,2.58877e-06,0.506085,1,0
4.93164,0.107422,1.00073,3.51983e-06,0.506085,1,0
4.95117,0.0878906,1.00073,2.25548e-06,0.504133,1,0
4.95117,0.107422,1.00073,3.07737e-06,0.504133,1,0
4.93164,0.126953,1.00073,4.4641e-06,0.506085,1,0
4.93164,0.146484,1.00072,5.37891e-06,0.506085,1,0
4.95117,0.126953,1.00073,3.91139e-06,0.504133,1,0
4.95117,0.146484,1.00072,4.71757e-06,0.504133,1,0
4.9707,0.0878906,1.00073,1.95455e-06,0.502182,1,0
4.9707,0.107422,1.00073,2.67357e-06,0.502182,1,0
4.99023,0.0878906,1.00073,1.68832e-06,0.50023,1,0
4.99023,0.107422,1.00073,2.31183e-06,0.50023,1,0
4.9707,0.126953,1.00073,3.40231e-06,0.502182,1,0
4.9707,0.146484,1.00072,4.10386e-06,0.502182,1,0
4.99023,0.126953,1.00072,2.94144e-06,0.50023,1,0
4.99023,0.146484,1.00072,3.54355e-06,0.500231,1,0
4.85352,0.166016,1.0007,9.59562e-06,0.51389,1,0
4.85352,0.185547,1.00066,1.06117e-05,0.51389,1,0
4.87305,0.166016,1.0007,8.70565e-06,0.511939,1,0
4.87305,0.185547,1.00066,9.63169e-06,0.511939,1,0
4.85352,0.205078,1.00057,1.13206e-05,0.51389,1,0
4.85352,0.224609,1.00037,1.16345e-05,0.51389,1,0
4.87305,0.205078,1.00057,1.0269e-05,0.511939,1,0
4.87305,0.224609,1.00037,1.05345e-05,0.511939,1,0
4.89258,0.166016,1.0007,7.83703e-06,0.509987,1,0
4.89258,0.185547,1.00066,8.67221e-06,0.509987,1,0
4.91211,0.166016,1.0007,6.99642e-06,0.508036,1,0
4.91211,0.185547,1.00066,7.74058e-06,0.508036,1,0
4.89258,0.205078,1.00057,9.23731e-06,0.509988,1,0
4.89258,0.224609,1.00037,9.45433e-06,0.509988,1,0
4.91211,0.205078,1.00057,8.23341e-06,0.508036,1,0
4.91211,0.224609,1.00037,8.40261e-06,0.508036,1,0
4.85352,0.244141,0.99995,1.14581e-05,0.51389,1,0
4.85352,0.263672,0.999103,1.07254e-05,0.51389,1,0
4.87305,0.244141,0.999951,1.03396e-05,0.511939,1,0
4.87305,0.263672,0.999104,9.62541e-06,0.511939,1,0
4.85352,0.283203,0.997438,9.41816e-06,0.51389,1,0
4.85352,0.302734,0.994275,7.61309e-06,0.513891,1,0
4.87305,0.283203,0.99744,8.38169e-06,0.511939,1,0
4.87305,0.302734,0.994277,6.68997e-06,0.511939,1,0
4.89258,0.244141,0.999951,9.24221e-06,0.509988,1,0
4.89258,0.263672,0.999105,8.54954e-06,0.509988,1,0
4.91211,0.244141,0.999952,8.175e-06,0.508036,1,0
4.91211,0.263672,0.999106,7.50709e-06,0.508036,1,0
4.89258,0.283203,0.997441,7.37388e-06,0.509988,1,0
4.89258,0.302734,0.994279,5.80092e-06,0.509988,1,0
4.91211,0.283203,0.997442,6.40395e-06,0.508036,1,0
4.91211,0.302734,0.99428,4.9546e-06,0.508036,1,0
4.93164,0.166016,1.0007,6.19117e-06,0.506085,1,0
4.93164,0.185547,1.00066,6.84496e-06,0.506085,1,0
4.95117,0.166016,1.0007,5.429e-06,0.504133,1,0
4.95117,0.185547,1.00066,5.99398e-06,0.504133,1,0
4.93164,0.205078,1.00057,7.26619e-06,0.506085,1,0
4.93164,0.224609,1.00037,7.38881e-06,0.506085,1,0
4.95117,0.205078,1.00057,6.34511e-06,0.504133,1,0
4.95117,0.224609,1.00037,6.42306e-06,0.504133,1,0
4.9707,0.166016,1.0007,4.71754e-06,0.502182,1,0
4.9707,0.185547,1.00066,5.1963e-06,0.502182,1,0
4.99023,0.166016,1.0007,4.06372e-06,0.500231,1,0
4.99023,0.185547,1.00066,4.45998e-06,0.500231,1,0
4.9707,0.205078,1.00057,5.47972e-06,0.502182,1,0
4.9707,0.224609,1.00037,5.5156e-06,0.502182,1,0
4.99023,0.205078,1.00057,4.67907e-06,0.500231,1,0
4.99023,0.224609,1.00037,4.6762e-06,0.500231,1,0
4.93164,0.244141,0.999952,7.14792e-06,0.506085,1,0
4.93164,0.263672,0.999107,6.50813e-06,0.506085,1,0
4.95117,0.244141,0.999952,6.17147e-06,0.504133,1,0
4.95117,0.263672,0.999107,5.56303e-06,0.504133,1,0
4.93164,0.283203,0.997444,5.48158e-06,0.506085,1,0
4.93164,0.302734,0.994282,4.15971e-06,0.506085,1,0
4.95117,0.283203,0.997445,4.61665e-06,0.504133,1,0
4.95117,0.302734,0.994283,3.42468e-06,0.504134,1,0
4.9707,0.244141,0.999953,5.25621e-06,0.502182,1,0
4.9707,0.263672,0.999108,4.68216e-06,0.502182,1,0
4.99023,0.244141,0.999953,4.41211e-06,0.500231,1,0
4.99023,0.263672,0.999109,3.87524e-06,0.500231,1,0
4.9707,0.283203,0.997446,3.81868e-06,0.502182,1,0
4.9707,0.302734,0.994284,2.75675e-06,0.502182,1,0
4.99023,0.283203,0.997447,3.09586e-06,0.500231,1,0
4.99023,0.302734,0.994285,2.16128e-06,0.500231,1,0
4.69727,0.322266,0.988445,1.22758e-05,0.529502,1,0
4.69727,0.341797,0.978147,8.76365e-06,0.529502,1,0
4.7168,0.322266,0.988449,1.13993e-05,0.52755,1,0
4.7168,0.341797,0.978151,8.04293e-06,0.52755,1,0
4.69727,0.361328,0.960518,5.42094e-06,0.529502,1,0
4.69727,0.380859,0.931372,2.76112e-06,0.529502,1,0
4.7168,0.361328,0.960521,4.8882e-06,0.52755,1,0
4.7168,0.380859,0.931374,2.42195e-06,0.52755,1,0
4.73633,0.322266,0.988452,1.05264e-05,0.525599,1,0
4.73633,0.341797,0.978154,7.33203e-06,0.525599,1,0
4.75586,0.322266,0.988455,9.65896e-06,0.523647,1,0
4.75586,0.341797,0.978157,6.63291e-06,0.523648,1,0
4.73633,0.361328,0.960523,4.36964e-06,0.525599,1,0
4.73633,0.380859,0.931375,2.09777e-06,0.525599,1,0
4.75586,0.361328,0.960526,3.86666e-06,0.523648,1,0
4.75586,0.380859,0.931377,1.7901e-06,0.523648,1,0
4.69727,0.400391,0.88483,1.09087e-06,0.529502,1,0
4.69727,0.419922,0.81302,3.39986e-07,0.529502,1,0
4.7168,0.400391,0.884831,9.15341e-07,0.52755,1,0
4.7168,0.419922,0.81302,2.66649e-07,0.52755,1,0
4.69727,0.439453,0.705883,1.1364e-07,0.529502,1,0
4.69727,0.458984,0.551178,6.09822e-08,0.529502,1,0
4.7168,0.439453,0.705883,8.45052e-08,0.52755,1,0
4.7168,0.458984,0.551178,4.6795e-08,0.52755,1,0
4.73633,0.400391,0.884832,7.51994e-07,0.525599,1,0
4.73633,0.419922,0.81302,1.99515e-07,0.525599,1,0
4.75586,0.400391,0.884833,6.01344e-07,0.523648,1,0
4.75586,0.419922,0.813021,1.38268e-07,0.523648,1,0
4.73633,0.439453,0.705883,5.74643e-08,0.525599,1,0
4.73633,0.458984,0.551178,3.33373e-08,0.525599,1,0
4.75586,0.439453,0.705883,3.24829e-08,0.523648,1,0
4.75586,0.458984,0.551178,2.06286e-08,0.523648,1,0
4.77539,0.322266,0.988458,8.79927e-06,0.521696,1,0
4.77539,0.341797,0.97816,5.94746e-06,0.521696,1,0
4.79492,0.322266,0.98846,7.94991e-06,0.519745,1,0
4.79492,0.341797,0.978162,5.27804e-06,0.519745,1,0
4.77539,0.361328,0.960528,3.38117e-06,0.521696,1,0
4.77539,0.380859,0.931379,1.50063e-06,0.521696,1,0
4.79492,0.361328,0.96053,2.91577e-06,0.519745,1,0
4.79492,0.380859,0.93138,1.23052e-06,0.519745,1,0
4.81445,0.322266,0.988463,7.11434e-06,0.517793,1,0
4.81445,0.341797,0.978165,4.62818e-06,0.517793,1,0
4.83398,0.322266,0.988465,6.29737e-06,0.515842,1,0
4.83398,0.341797,0.978167,4.00244e-06,0.515842,1,0
4.81445,0.361328,0.960532,2.47342e-06,0.517793,1,0
4.81445,0.380859,0.931381,9.80393e-07,0.517793,1,0
4.83398,0.361328,0.960534,2.05669e-06,0.515842,1,0
4.83398,0.380859,0.931382,7.50343e-07,0.515842,1,0
4.77539,0.400391,0.884834,4.63143e-07,0.521696,1,0
4.77539,0.419922,0.813021,8.25236e-08,0.521696,1,0
4.79492,0.400391,0.884835,3.36516e-07,0.519745,1,0
4.79492,0.419922,0.813021,3.18969e-08,0.519745,1,0
4.77539,0.439453,0.705883,9.52972e-09,0.521696,1,0
4.77539,0.458984,0.551178,8.74685e-09,0.521696,1,0
4.79492,0.439453,0.705883,-1.12791e-08,0.519745,1,0
4.79492,0.458984,0.551178,-2.03665e-09,0.519745,1,0
4.81445,0.400391,0.884835,2.21407e-07,0.517793,1,0
4.81445,0.419922,0.813021,-1.31286e-08,0.517793,1,0
4.83398,0.400391,0.884836,1.18553e-07,0.515842,1,0
4.83398,0.419922,0.813022,-5.16842e-08,0.515842,1,0
4.81445,0.439453,0.705883,-2.97654e-08,0.517793,1,0
4.81445,0.458984,0.551178,-1.18407e-08,0.517793,1,0
4.83398,0.439453,0.705883,-4.5979e-08,0.515842,1,0
4.83398,0.458984,0.551178,-2.09129e-08,0.515842,1,0
4.69727,0.478516,0.334707,2.77617e-08,0.529502,1,0
4.69727,0.498047,0.0407919,8.62823e-09,0.529502,0.6,0
4.7168,0.478516,0.334707,2.25718e-08,0.52755,1,0
4.7168,0.498047,0.040792,8.98401e-09,0.52755,0.6,0
4.73633,0.478516,0.334707,1.75367e-08,0.525599,1,0
4.73633,0.498047,0.040792,9.10277e-09,0.525599,0.6,0
4.75586,0.478516,0.334707,1.26139e-08,0.523648,1,0
4.75586,0.498047,0.040792,8.92816e-09,0.523648,0.6,0
4.77539,0.478516,0.334707,7.94168e-09,0.521696,1,0
4.77539,0.498047,0.040792,8.53949e-09,0.521696,0.6,0
4.79492,0.478516,0.334707,3.71274e-09,0.519745,1,0
4.79492,0.498047,0.040792,8.07366e-09,0.519745,0.6,0
4.81445,0.478516,0.334707,-2.4294e-10,0.517793,1,0
4.81445,0.498047,0.040792,7.48459e-09,0.517793,0.6,0
4.83398,0.478516,0.334707,-3.9828e-09,0.515842,1,0
4.83398,0.498047,0.040792,6.81375e-09,0.515842,0.6,0
4.85352,0.322266,0.988467,5.50503e-06,0.513891,1,0
4.85352,0.341797,0.978169,3.40564e-06,0.513891,1,0
4.87305,0.322266,0.988469,4.74419e-06,0.511939,1,0
4.87305,0.341797,0.978171,2.84286e-06,0.511939,1,0
4.85352,0.361328,0.960536,1.66786e-06,0.513891,1,0
4.85352,0.380859,0.931383,5.40586e-07,0.513891,1,0
4.87305,0.361328,0.960537,1.30973e-06,0.511939,1,0
4.87305,0.380859,0.931384,3.52639e-07,0.511939,1,0
4.89258,0.322266,0.988471,4.02199e-06,0.509988,1,0
4.89258,0.341797,0.978172,2.31908e-06,0.509988,1,0
4.91211,0.322266,0.988473,3.34541e-06,0.508036,1,0
4.91211,0.341797,0.978174,1.83924e-06,0.508036,1,0
4.89258,0.361328,0.960538,9.85301e-07,0.509988,1,0
4.89258,0.380859,0.931385,1.88634e-07,0.509988,1,0
4.91211,0.361328,0.960539,6.97206e-07,0.508036,1,0
4.91211,0.380859,0.931385,5.00326e-08,0.508036,1,0
4.85352,0.400391,0.884836,2.82528e-08,0.513891,1,0
4.85352,0.419922,0.813022,-8.39259e-08,0.513891,1,0
4.87305,0.400391,0.884836,-4.88764e-08,0.511939,1,0
4.87305,0.419922,0.813022,-1.10367e-07,0.511939,1,0
4.85352,0.439453,0.705883,-5.9952e-08,0.513891,1,0
4.85352,0.458984,0.551178,-2.89213e-08,0.513891,1,0
4.87305,0.439453,0.705883,-7.18141e-08,0.511939,1,0
4.87305,0.458984,0.551178,-3.5686e-08,0.511939,1,0
4.89258,0.400391,0.884837,-1.11971e-07,0.509988,1,0
4.89258,0.419922,0.813022,-1.31205e-07,0.509988,1,0
4.91211,0.400391,0.884837,-1.61091e-07,0.508036,1,0
4.91211,0.419922,0.813022,-1.46743e-07,0.508036,1,0
4.89258,0.439453,0.705883,-8.15237e-08,0.509988,1,0
4.89258,0.458984,0.551178,-4.12589e-08,0.509988,1,0
4.91211,0.439453,0.705883,-8.88317e-08,0.508036,1,0
4.91211,0.458984,0.551178,-4.56515e-08,0.508036,1,0
4.93164,0.322266,0.988474,2.7212e-06,0.506085,1,0
4.93164,0.341797,0.978175,1.40794e-06,0.506085,1,0
4.95117,0.322266,0.988476,2.15537e-06,0.504134,1,0
4.95117,0.341797,0.978176,1.02854e-06,0.504134,1,0
4.93164,0.361328,0.96054,4.47396e-07,0.506085,1,0
4.93164,0.380859,0.931385,-6.2742e-08,0.506085,1,0
4.95117,0.361328,0.96054,2.36854e-07,0.504134,1,0
4.95117,0.380859,0.931386,-1.50421e-07,0.504134,1,0
4.9707,0.322266,0.988477,1.65245e-06,0.502182,1,0
4.9707,0.341797,0.978177,7.02572e-07,0.502182,1,0
4.99023,0.322266,0.988478,1.21513e-06,0.500231,1,0
4.99023,0.341797,0.978178,4.29622e-07,0.500231,1,0
4.9707,0.361328,0.960541,6.54341e-08,0.502182,1,0
4.9707,0.380859,0.931386,-2.14606e-07,0.502182,1,0
4.99023,0.361328,0.960541,-6.85467e-08,0.500231,1,0
4.99023,0.380859,0.931386,-2.57571e-07,0.500231,1,0
4.93164,0.400391,0.884837,-1.97042e-07,0.506085,1,0
4.93164,0.419922,0.813022,-1.57434e-07,0.506085,1,0
4.95117,0.400391,0.884837,-2.21128e-07,0.504134,1,0
4.95117,0.419922,0.813021,-1.63551e-07,0.504134,1,0
4.93164,0.439453,0.705883,-9.37598e-08,0.506085,1,0
4.93164,0.458984,0.551178,-4.88465e-08,0.506085,1,0
4.95117,0.439453,0.705883,-9.64596e-08,0.504134,1,0
4.95117,0.458984,0.551178,-5.08456e-08,0.504134,1,0
4.9707,0.400391,0.884837,-2.35057e-07,0.502182,1,0
4.9707,0.419922,0.813021,-1.65406e-07,0.502182,1,0
4.99023,0.400391,0.884837,-2.40431e-07,0.500231,1,0
4.99023,0.419922,0.813021,-1.635e-07,0.500231,1,0
4.9707,0.439453,0.705883,-9.70879e-08,0.502182,1,0
4.9707,0.458984,0.551178,-5.16624e-08,0.502182,1,0
4.99023,0.439453,0.705883,-9.58615e-08,0.500231,1,0
4.99023,0.458984,0.551178,-5.13931e-08,0.500231,1,0
4.85352,0.478516,0.334707,-7.33753e-09,0.513891,1,0
4.85352,0.498047,0.040792,6.10882e-09,0.513891,0.6,0
4.87305,0.478516,0.334707,-1.02601e-08,0.511939,1,0
4.87305,0.498047,0.040792,5.30428e-09,0.511939,0.6,0
4.89258,0.478516,0.334707,-1.27475e-08,0.509988,1,0
4.89258,0.498047,0.040792,4.43871e-09,0.509988,0.6,0
4.91211,0.478516,0.334707,-1.47558e-08,0.508036,1,0
4.91211,0.498047,0.040792,3.58135e-09,0.508036,0.6,0
4.93164,0.478516,0.334707,-1.62805e-08,0.506085,1,0
4.93164,0.498047,0.040792,2.75643e-09,0.506085,0.6,0
4.95117,0.478516,0.334707,-1.73191e-08,0.504134,1,0
4.95117,0.498047,0.040792,1.99198e-09,0.504134,0.6,0
4.9707,0.478516,0.334707,-1.78883e-08,0.502182,1,0
4.9707,0.498047,0.040792,1.31228e-09,0.502182,0.6,0
4.99023,0.478516,0.334707,-1.80134e-08,0.500231,1,0
4.99023,0.498047,0.040792,7.32406e-10,0.500231,0.6,0
5.00977,0.00976562,1.00073,1.09447e-07,0.498279,1,0
5.00977,0.0292969,1.00073,2.96093e-07,0.498279,1,0
5.0293,0.00976562,1.00073,9.74927e-08,0.496328,1,0
5.0293,0.0292969,1.00073,2.60594e-07,0.496328,1,0
5.00977,0.0488281,1.00073,5.72431e-07,0.498279,1,0
5.00977,0.0683594,1.00073,9.791e-07,0.498279,1,0
5.0293,0.0488281,1.00073,4.9962e-07,0.496328,1,0
5.0293,0.0683594,1.00073,8.51558e-07,0.496328,1,0
5.04883,0.00976562,1.00073,8.84852e-08,0.494376,1,0
5.04883,0.0292969,1.00073,2.33646e-07,0.494376,1,0
5.06836,0.00976562,1.00073,8.18027e-08,0.492425,1,0
5.06836,0.0292969,1.00073,2.13761e-07,0.492425,1,0
5.04883,0.0488281,1.00073,4.42652e-07,0.494376,1,0
5.04883,0.0683594,1.00073,7.48838e-07,0.494376,1,0
5.06836,0.0488281,1.00073,3.99329e-07,0.492425,1,0
5.06836,0.0683594,1.00073,6.68122e-07,0.492425,1,0
5.00977,0.0878906,1.00073,1.45798e-06,0.498279,1,0
5.00977,0.107422,1.00073,1.9943e-06,0.498279,1,0
5.0293,0.0878906,1.00073,1.26339e-06,0.496328,1,0
5.0293,0.107422,1.00073,1.72154e-06,0.496328,1,0
5.00977,0.126953,1.00072,2.53202e-06,0.498279,1,0
5.00977,0.146484,1.00072,3.04107e-06,0.498279,1,0
5.0293,0.126953,1.00072,2.17556e-06,0.496328,1,0
5.0293,0.146484,1.00072,2.59902e-06,0.496328,1,0
5.04883,0.0878906,1.00073,1.10292e-06,0.494376,1,0
5.04883,0.107422,1.00073,1.49233e-06,0.494376,1,0
5.06836,0.0878906,1.00073,9.73492e-07,0.492425,1,0
5.06836,0.107422,1.00073,1.30367e-06,0.492425,1,0
5.04883,0.126953,1.00072,1.87157e-06,0.494376,1,0
5.04883,0.146484,1.00072,2.21782e-06,0.494376,1,0
5.06836,0.126953,1.00072,1.61748e-06,0.492425,1,0
5.06836,0.146484,1.00071,1.89558e-06,0.492425,1,0
5.08789,0.00976562,1.00073,7.67805e-08,0.490474,1,0
5.08789,0.0292969,1.00073,1.99234e-07,0.490474,1,0
5.10742,0.00976562,1.00073,7.27686e-08,0.488522,1,0
5.10742,0.0292969,1.00073,1.883e-07,0.488522,1,0
5.08789,0.0488281,1.00073,3.66954e-07,0.490474,1,0
5.08789,0.0683594,1.00073,6.0575e-07,0.490474,1,0
5.10742,0.0488281,1.00073,3.42576e-07,0.488522,1,0
5.10742,0.0683594,1.00073,5.57549e-07,0.488522,1,0
5.12695,0.00976562,1.00073,6.91888e-08,0.486571,1,0
5.12695,0.0292969,1.00073,1.79296e-07,0.486571,1,0
5.14648,0.00976562,1.00073,6.55821e-08,0.484619,1,0
5.14648,0.0292969,1.00073,1.70808e-07,0.484619,1,0
5.12695,0.0488281,1.00073,3.23263e-07,0.486571,1,0
5.12695,0.0683594,1.00073,5.19225e-07,0.486571,1,0
5.14648,0.0488281,1.00073,3.06376e-07,0.484619,1,0
5.14648,0.0683594,1.00073,4.86767e-07,0.484619,1,0
5.08789,0.0878906,1.00073,8.70842e-07,0.490474,1,0
5.08789,0.107422,1.00073,1.15099e-06,0.490474,1,0
5.10742,0.0878906,1.00073,7.89862e-07,0.488522,1,0
5.10742,0.107422,1.00073,1.02857e-06,0.488522,1,0
5.08789,0.126953,1.00072,1.40882e-06,0.490474,1,0
5.08789,0.146484,1.00071,1.62819e-06,0.490474,1,0
5.10742,0.126953,1.00072,1.23961e-06,0.488522,1,0
5.10742,0.146484,1.00071,1.4097e-06,0.488522,1,0
5.12695,0.0878906,1.00073,7.25105e-07,0.486571,1,0
5.12695,0.107422,1.00073,9.30071e-07,0.486571,1,0
5.14648,0.0878906,1.00073,6.71291e-07,0.484619,1,0
5.14648,0.107422,1.00073,8.49101e-07,0.484619,1,0
5.12695,0.126953,1.00072,1.10294e-06,0.486571,1,0
5.12695,0.146484,1.00071,1.23291e-06,0.486571,1,0
5.14648,0.126953,1.00072,9.91574e-07,0.484619,1,0
5.14648,0.146484,1.00071,1.08992e-06,0.484619,1,0
5.00977,0.166016,1.0007,3.4732e-06,0.498279,1,0
5.00977,0.185547,1.00066,3.79182e-06,0.498279,1,0
5.0293,0.166016,1.0007,2.94975e-06,0.496328,1,0
5.0293,0.185547,1.00066,3.1967e-06,0.496328,1,0
5.00977,0.205078,1.00057,3.95096e-06,0.498279,1,0
5.00977,0.224609,1.00037,3.91334e-06,0.498279,1,0
5.0293,0.205078,1.00057,3.30123e-06,0.496328,1,0
5.0293,0.224609,1.00037,3.23337e-06,0.496328,1,0
5.04883,0.166016,1.0007,2.4948e-06,0.494376,1,0
5.04883,0.185547,1.00066,2.67704e-06,0.494376,1,0
5.06836,0.166016,1.0007,2.10726e-06,0.492425,1,0
5.06836,0.185547,1.00066,2.23252e-06,0.492425,1,0
5.04883,0.205078,1.00057,2.73306e-06,0.494376,1,0
5.04883,0.224609,1.00037,2.63984e-06,0.494376,1,0
5.06836,0.205078,1.00057,2.24665e-06,0.492425,1,0
5.06836,0.224609,1.00037,2.13322e-06,0.492425,1,0
5.00977,0.244141,0.999954,3.64785e-06,0.498279,1,0
5.00977,0.263672,0.999109,3.15037e-06,0.498279,1,0
5.0293,0.244141,0.999954,2.96985e-06,0.496328,1,0
5.0293,0.263672,0.99911,2.51295e-06,0.496328,1,0
5.00977,0.283203,0.997448,2.45415e-06,0.498279,1,0
5.00977,0.302734,0.994286,1.64171e-06,0.498279,1,0
5.0293,0.283203,0.997448,1.89695e-06,0.496328,1,0
5.0293,0.302734,0.994287,1.19969e-06,0.496328,1,0
5.04883,0.244141,0.999954,2.38156e-06,0.494376,1,0
5.04883,0.263672,0.999111,1.96522e-06,0.494376,1,0
5.06836,0.244141,0.999955,1.88302e-06,0.492425,1,0
5.06836,0.263672,0.999111,1.50636e-06,0.492425,1,0
5.04883,0.283203,0.997449,1.42525e-06,0.494376,1,0
5.04883,0.302734,0.994288,8.3493e-07,0.494376,1,0
5.06836,0.283203,0.997449,1.03757e-06,0.492425,1,0
5.06836,0.302734,0.994288,5.44502e-07,0.492425,1,0
5.08789,0.166016,1.0007,1.78356e-06,0.490474,1,0
5.08789,0.185547,1.00066,1.8601e-06,0.490474,1,0
5.10742,0.166016,1.0007,1.51799e-06,0.488522,1,0
5.10742,0.185547,1.00066,1.5543e-06,0.488522,1,0
5.08789,0.205078,1.00057,1.83932e-06,0.490474,1,0
5.08789,0.224609,1.00037,1.71088e-06,0.490474,1,0
5.10742,0.205078,1.00057,1.50574e-06,0.488522,1,0
5.10742,0.224609,1.00037,1.36731e-06,0.488522,1,0
5.12695,0.166016,1.0007,1.3032e-06,0.486571,1,0
5.12695,0.185547,1.00066,1.3077e-06,0.486571,1,0
5.14648,0.166016,1.0007,1.13085e-06,0.484619,1,0
5.14648,0.185547,1.00066,1.11158e-06,0.484619,1,0
5.12695,0.205078,1.00057,1.23835e-06,0.486571,1,0
5.12695,0.224609,1.00037,1.09463e-06,0.486571,1,0
5.14648,0.205078,1.00057,1.02807e-06,0.484619,1,0
5.14648,0.224609,1.00037,8.83375e-07,0.484619,1,0
5.08789,0.244141,0.999955,1.47105e-06,0.490474,1,0
5.08789,0.263672,0.999111,1.13264e-06,0.490474,1,0
5.10742,0.244141,0.999955,1.1397e-06,0.488522,1,0
5.10742,0.263672,0.999112,8.37728e-07,0.488522,1,0
5.08789,0.283203,0.99745,7.29608e-07,0.490474,1,0
5.08789,0.302734,0.994288,3.22582e-07,0.490474,1,0
5.10742,0.283203,0.99745,4.9408e-07,0.488522,1,0
5.10742,0.302734,0.994289,1.61012e-07,0.488522,1,0
5.12695,0.244141,0.999956,8.80767e-07,0.486571,1,0
5.12695,0.263672,0.999112,6.12816e-07,0.486571,1,0
5.14648,0.244141,0.999956,6.84222e-07,0.484619,1,0
5.14648,0.263672,0.999112,4.47355e-07,0.484619,1,0
5.12695,0.283203,0.99745,3.2136e-07,0.486571,1,0
5.12695,0.302734,0.994289,5.03903e-08,0.486571,1,0
5.14648,0.283203,0.997451,2.00732e-07,0.484619,1,0
5.14648,0.302734,0.994289,-1.92187e-08,0.484619,1,0
5.16602,0.00976562,1.00073,6.1639e-08,0.482668,1,0
5.16602,0.0292969,1.00073,1.6178e-07,0.482668,1,0
5.18555,0.00976562,1.00073,5.72093e-08,0.480717,1,0
5.18555,0.0292969,1.00073,1.51578e-07,0.480717,1,0
5.16602,0.0488281,1.00073,2.89794e-07,0.482668,1,0
5.16602,0.0683594,1.00073,4.56796e-07,0.482668,1,0
5.18555,0.0488281,1.00073,2.72056e-07,0.480717,1,0
5.18555,0.0683594,1.00073,4.26809e-07,0.480717,1,0
5.20508,0.00976562,1.00073,5.22897e-08,0.478765,1,0
5.20508,0.0292969,1.00073,1.39982e-07,0.478765,1,0
5.22461,0.00976562,1.00073,4.69953e-08,0.476814,1,0
5.22461,0.0292969,1.00073,1.27134e-07,0.476814,1,0
5.20508,0.0488281,1.00073,2.52411e-07,0.478765,1,0
5.20508,0.0683594,1.00073,3.953e-07,0.478765,1,0
5.22461,0.0488281,1.00073,2.30771e-07,0.476814,1,0
5.22461,0.0683594,1.00073,3.61727e-07,0.476814,1,0
5.16602,0.0878906,1.00073,6.23773e-07,0.482668,1,0
5.16602,0.107422,1.00073,7.79818e-07,0.482668,1,0
5.18555,0.0878906,1.00073,5.78892e-07,0.480717,1,0
5.18555,0.107422,1.00073,7.17366e-07,0.480717,1,0
5.16602,0.126953,1.00072,8.98613e-07,0.482668,1,0
5.16602,0.146484,1.00071,9.72937e-07,0.482668,1,0
5.18555,0.126953,1.00072,8.18028e-07,0.480717,1,0
5.18555,0.146484,1.00071,8.74804e-07,0.480717,1,0
5.20508,0.0878906,1.00073,5.34176e-07,0.478765,1,0
5.20508,0.107422,1.00073,6.58171e-07,0.478765,1,0
5.22461,0.0878906,1.00073,4.88367e-07,0.476814,1,0
5.22461,0.107422,1.00073,6.00036e-07,0.476814,1,0
5.20508,0.126953,1.00072,7.45054e-07,0.478765,1,0
5.20508,0.146484,1.00071,7.89542e-07,0.478765,1,0
5.22461,0.126953,1.00072,6.76379e-07,0.476814,1,0
5.22461,0.146484,1.00071,7.12616e-07,0.476814,1,0
5.24414,0.00976562,1.00073,4.15186e-08,0.474862,1,0
5.24414,0.0292969,1.00073,1.13447e-07,0.474862,1,0
5.26367,0.00976562,1.00073,3.60847e-08,0.472911,1,0
5.26367,0.0292969,1.00073,9.94835e-08,0.472911,1,0
5.24414,0.0488281,1.00073,2.07573e-07,0.474862,1,0
5.24414,0.0683594,1.00073,3.26367e-07,0.474862,1,0
5.26367,0.0488281,1.00073,1.83611e-07,0.472911,1,0
5.26367,0.0683594,1.00073,2.9008e-07,0.472911,1,0
5.2832,0.00976562,1.00073,3.09111e-08,0.47096,1,0
5.2832,0.0292969,1.00073,8.5841e-08,0.47096,1,0
5.30273,0.00976562,1.00073,2.61758e-08,0.469008,1,0
5.30273,0.0292969,1.00073,7.3056e-08,0.469008,1,0
5.2832,0.0488281,1.00073,1.59828e-07,0.47096,1,0
5.2832,0.0683594,1.00073,2.54043e-07,0.47096,1,0
5.30273,0.0488281,1.00073,1.37146e-07,0.469008,1,0
5.30273,0.0683594,1.00073,2.19485e-07,0.469008,1,0
5.24414,0.0878906,1.00073,4.41283e-07,0.474862,1,0
5.24414,0.107422,1.00073,5.42051e-07,0.474862,1,0
5.26367,0.0878906,1.00073,3.93567e-07,0.472911,1,0
5.26367,0.107422,1.00072,4.84354e-07,0.472911,1,0
5.24414,0.126953,1.00072,6.10121e-07,0.474862,1,0
5.24414,0.146484,1.00071,6.41013e-07,0.474862,1,0
5.26367,0.126953,1.00072,5.45633e-07,0.472911,1,0
5.26367,0.146484,1.00071,5.73097e-07,0.472911,1,0
5.2832,0.0878906,1.00073,3.46369e-07,0.47096,1,0
5.2832,0.107422,1.00072,4.27789e-07,0.47096,1,0
5.30273,0.0878906,1.00073,3.01022e-07,0.469008,1,0
5.30273,0.107422,1.00072,3.73553e-07,0.469008,1,0
5.2832,0.126953,1.00072,4.83176e-07,0.47096,1,0
5.2832,0.146484,1.00071,5.08344e-07,0.47096,1,0
5.30273,0.126953,1.00072,4.23561e-07,0.469008,1,0
5.30273,0.146484,1.00071,4.46977e-07,0.469008,1,0
5.16602,0.166016,1.0007,9.92336e-07,0.482668,1,0
5.16602,0.185547,1.00066,9.56627e-07,0.482668,1,0
5.18555,0.166016,1.0007,8.7947e-07,0.480717,1,0
5.18555,0.185547,1.00066,8.33726e-07,0.480717,1,0
5.16602,0.205078,1.00057,8.64982e-07,0.482668,1,0
5.16602,0.224609,1.00037,7.22984e-07,0.482668,1,0
5.18555,0.205078,1.00057,7.39095e-07,0.480717,1,0
5.18555,0.224609,1.00037,6.02805e-07,0.480717,1,0
5.20508,0.166016,1.0007,7.85076e-07,0.478765,1,0
5.20508,0.185547,1.00066,7.34579e-07,0.478765,1,0
5.22461,0.166016,1.0007,7.03376e-07,0.476814,1,0
5.22461,0.185547,1.00066,6.52222e-07,0.476814,1,0
5.20508,0.205078,1.00057,6.41131e-07,0.478765,1,0
5.20508,0.224609,1.00037,5.12932e-07,0.478765,1,0
5.22461,0.205078,1.00057,5.63135e-07,0.476814,1,0
5.22461,0.224609,1.00037,4.44738e-07,0.476814,1,0
5.16602,0.244141,0.999956,5.39077e-07,0.482668,1,0
5.16602,0.263672,0.999113,3.30254e-07,0.482668,1,0
5.18555,0.244141,0.999956,4.34441e-07,0.480717,1,0
5.18555,0.263672,0.999113,2.50664e-07,0.480717,1,0
5.16602,0.283203,0.997451,1.21406e-07,0.482668,1,0
5.16602,0.302734,0.994289,-5.76408e-08,0.482668,1,0
5.18555,0.283203,0.997451,7.31211e-08,0.480717,1,0
5.18555,0.302734,0.99429,-7.39091e-08,0.480717,1,0
5.20508,0.244141,0.999956,3.6015e-07,0.478765,1,0
5.20508,0.263672,0.999113,1.98524e-07,0.478765,1,0
5.22461,0.244141,0.999956,3.07246e-07,0.476814,1,0
5.22461,0.263672,0.999113,1.65088e-07,0.476814,1,0
5.20508,0.283203,0.997451,4.6632e-08,0.478765,1,0
5.20508,0.302734,0.99429,-7.58092e-08,0.478765,1,0
5.22461,0.283203,0.997451,3.41087e-08,0.476814,1,0
5.22461,0.302734,0.99429,-6.96279e-08,0.476814,1,0
5.24414,0.166016,1.0007,6.30153e-07,0.474862,1,0
5.24414,0.185547,1.00066,5.81282e-07,0.474862,1,0
5.26367,0.166016,1.0007,5.62695e-07,0.472911,1,0
5.26367,0.185547,1.00066,5.17995e-07,0.472911,1,0
5.24414,0.205078,1.00057,4.98763e-07,0.474862,1,0
5.24414,0.224609,1.00037,3.91184e-07,0.474862,1,0
5.26367,0.205078,1.00057,4.43349e-07,0.472911,1,0
5.26367,0.224609,1.00037,3.4696e-07,0.472911,1,0
5.2832,0.166016,1.0007,4.99569e-07,0.47096,1,0
5.2832,0.185547,1.00066,4.60024e-07,0.47096,1,0
5.30273,0.166016,1.0007,4.40293e-07,0.469008,1,0
5.30273,0.185547,1.00066,4.06172e-07,0.469008,1,0
5.2832,0.205078,1.00057,3.93781e-07,0.47096,1,0
5.2832,0.224609,1.00037,3.08402e-07,0.47096,1,0
5.30273,0.205078,1.00057,3.4824e-07,0.469008,1,0
5.30273,0.224609,1.00037,2.73261e-07,0.469008,1,0
5.24414,0.244141,0.999957,2.68378e-07,0.474862,1,0
5.24414,0.263672,0.999113,1.43274e-07,0.474862,1,0
5.26367,0.244141,0.999957,2.37967e-07,0.472911,1,0
5.26367,0.263672,0.999113,1.27787e-07,0.472911,1,0
5.24414,0.283203,0.997452,2.93842e-08,0.474862,1,0
5.24414,0.302734,0.99429,-6.00682e-08,0.474862,1,0
5.26367,0.283203,0.997452,2.80065e-08,0.472911,1,0
5.26367,0.302734,0.99429,-5.03206e-08,0.472911,1,0
5.2832,0.244141,0.999957,2.12149e-07,0.47096,1,0
5.2832,0.263672,0.999113,1.15045e-07,0.47096,1,0
5.30273,0.244141,0.999957,1.88563e-07,0.469008,1,0
5.30273,0.263672,0.999113,1.02943e-07,0.469008,1,0
5.2832,0.283203,0.997452,2.71069e-08,0.47096,1,0
5.2832,0.302734,0.99429,-4.22587e-08,0.47096,1,0
5.30273,0.283203,0.997452,2.51354e-08,0.469008,1,0
5.30273,0.302734,0.99429,-3.67153e-08,0.469008,1,0
5.00977,0.322266,0.988479,8.4435e-07,0.498279,1,0
5.00977,0.341797,0.978178,2.08108e-07,0.498279,1,0
5.0293,0.322266,0.988479,5.3927e-07,0.496328,1,0
5.0293,0.341797,0.978179,3.56326e-08,0.496328,1,0
5.00977,0.361328,0.960542,-1.6805e-07,0.498279,1,0
5.00977,0.380859,0.931386,-2.82411e-07,0.498279,1,0
5.0293,0.361328,0.960542,-2.36655e-07,0.496328,1,0
5.0293,0.380859,0.931386,-2.92657e-07,0.496328,1,0
5.04883,0.322266,0.98848,2.97147e-07,0.494376,1,0
5.04883,0.341797,0.978179,-9.15821e-08,0.494377,1,0
5.06836,0.322266,0.98848,1.1359e-07,0.492425,1,0
5.06836,0.341797,0.978179,-1.78626e-07,0.492425,1,0
5.04883,0.361328,0.960542,-2.78473e-07,0.494377,1,0
5.04883,0.380859,0.931386,-2.91447e-07,0.494377,1,0
5.06836,0.361328,0.960542,-2.98223e-07,0.492425,1,0
5.06836,0.380859,0.931386,-2.81447e-07,0.492425,1,0
5.00977,0.400391,0.884837,-2.38727e-07,0.498279,1,0
5.00977,0.419922,0.813021,-1.58563e-07,0.498279,1,0
5.0293,0.400391,0.884837,-2.31485e-07,0.496328,1,0
5.0293,0.419922,0.813021,-1.51376e-07,0.496328,1,0
5.00977,0.439453,0.705883,-9.30805e-08,0.498279,1,0
5.00977,0.458984,0.551178,-5.01873e-08,0.498279,1,0
5.0293,0.439453,0.705883,-8.9077e-08,0.496328,1,0
5.0293,0.458984,0.551178,-4.8235e-08,0.496328,1,0
5.04883,0.400391,0.884836,-2.20113e-07,0.494377,1,0
5.04883,0.419922,0.813021,-1.42595e-07,0.494377,1,0
5.06836,0.400391,0.884836,-2.05859e-07,0.492425,1,0
5.06836,0.419922,0.813021,-1.3273e-07,0.492425,1,0
5.04883,0.439453,0.705883,-8.41543e-08,0.494377,1,0
5.04883,0.458984,0.551178,-4.57003e-08,0.494377,1,0
5.06836,0.439453,0.705883,-7.85805e-08,0.492425,1,0
5.06836,0.458984,0.551178,-4.27461e-08,0.492425,1,0
5.08789,0.322266,0.98848,-1.75192e-08,0.490474,1,0
5.08789,0.341797,0.978179,-2.31405e-07,0.490474,1,0
5.10742,0.322266,0.988481,-1.03921e-07,0.488522,1,0
5.10742,0.341797,0.978179,-2.5646e-07,0.488522,1,0
5.08789,0.361328,0.960542,-3.00695e-07,0.490474,1,0
5.08789,0.380859,0.931386,-2.65039e-07,0.490474,1,0
5.10742,0.361328,0.960542,-2.90267e-07,0.488522,1,0
5.10742,0.380859,0.931386,-2.44349e-07,0.488522,1,0
5.12695,0.322266,0.988481,-1.54112e-07,0.486571,1,0
5.12695,0.341797,0.97818,-2.60556e-07,0.486571,1,0
5.14648,0.322266,0.988481,-1.7661e-07,0.484619,1,0
5.14648,0.341797,0.97818,-2.50033e-07,0.484619,1,0
5.12695,0.361328,0.960542,-2.70974e-07,0.486571,1,0
5.12695,0.380859,0.931386,-2.21332e-07,0.486571,1,0
5.14648,0.361328,0.960542,-2.4645e-07,0.484619,1,0
5.14648,0.380859,0.931386,-1.97711e-07,0.484619,1,0
5.08789,0.400391,0.884836,-1.89788e-07,0.490474,1,0
5.08789,0.419922,0.813021,-1.22215e-07,0.490474,1,0
5.10742,0.400391,0.884836,-1.72782e-07,0.488522,1,0
5.10742,0.419922,0.813021,-1.11425e-07,0.488522,1,0
5.08789,0.439453,0.705883,-7.25958e-08,0.490474,1,0
5.08789,0.458984,0.551178,-3.95036e-08,0.490474,1,0
5.10742,0.439453,0.705883,-6.64166e-08,0.488522,1,0
5.10742,0.458984,0.551178,-3.61123e-08,0.488522,1,0
5.12695,0.400391,0.884836,-1.5562e-07,0.486571,1,0
5.12695,0.419922,0.813021,-1.00732e-07,0.486571,1,0
5.14648,0.400391,0.884836,-1.39009e-07,0.484619,1,0
5.14648,0.419922,0.813021,-9.04713e-08,0.484619,1,0
5.12695,0.439453,0.705883,-6.02514e-08,0.486571,1,0
5.12695,0.458984,0.551177,-3.26857e-08,0.486571,1,0
5.14648,0.439453,0.705883,-5.42937e-08,0.484619,1,0
5.14648,0.458984,0.551177,-2.93495e-08,0.484619,1,0
5.00977,0.478516,0.334707,-1.77533e-08,0.498279,1,0
5.00977,0.498047,0.0407919,2.55849e-10,0.498279,0.6,0
5.0293,0.478516,0.334707,-1.71659e-08,0.496328,1,0
5.0293,0.498047,0.0407919,-1.19108e-10,0.496328,0.6,0
5.04883,0.478516,0.334707,-1.63231e-08,0.494377,1,0
5.04883,0.498047,0.0407919,-3.9822e-10,0.494377,0.6,0
5.06836,0.478516,0.334707,-1.52802e-08,0.492425,1,0
5.06836,0.498047,0.0407919,-5.87642e-10,0.492425,0.6,0
5.08789,0.478516,0.334707,-1.41028e-08,0.490474,1,0
5.08789,0.498047,0.0407919,-6.96848e-10,0.490474,0.6,0
5.10742,0.478516,0.334707,-1.28373e-08,0.488522,1,0
5.10742,0.498047,0.0407919,-7.347e-10,0.488522,0.6,0
5.12695,0.478516,0.334707,-1.15432e-08,0.486571,1,0
5.12695,0.498047,0.0407919,-7.1426e-10,0.486571,0.6,0
5.14648,0.478516,0.334707,-1.02588e-08,0.484619,1,0
5.14648,0.498047,0.0407918,-6.46709e-10,0.484619,0.6,0
5.16602,0.322266,0.988481,-1.7947e-07,0.482668,1,0
5.16602,0.341797,0.97818,-2.30435e-07,0.482668,1,0
5.18555,0.322266,0.988481,-1.69787e-07,0.480717,1,0
5.18555,0.341797,0.97818,-2.06351e-07,0.480717,1,0
5.16602,0.361328,0.960542,-2.19784e-07,0.482668,1,0
5.16602,0.380859,0.931386,-1.74886e-07,0.482668,1,0
5.18555,0.361328,0.960542,-1.934e-07,0.480717,1,0
5.18555,0.380859,0.931386,-1.53873e-07,0.480717,1,0
5.20508,0.322266,0.988481,-1.53319e-07,0.478765,1,0
5.20508,0.341797,0.97818,-1.81274e-07,0.478765,1,0
5.22461,0.322266,0.988481,-1.34386e-07,0.476814,1,0
5.22461,0.341797,0.97818,-1.57599e-07,0.476814,1,0
5.20508,0.361328,0.960542,-1.68981e-07,0.478765,1,0
5.20508,0.380859,0.931386,-1.35292e-07,0.478765,1,0
5.22461,0.361328,0.960542,-1.47505e-07,0.476814,1,0
5.22461,0.380859,0.931386,-1.19392e-07,0.476814,1,0
5.16602,0.400391,0.884836,-1.23519e-07,0.482668,1,0
5.16602,0.419922,0.813021,-8.0937e-08,0.482668,1,0
5.18555,0.400391,0.884836,-1.09561e-07,0.480717,1,0
5.18555,0.419922,0.813021,-7.23243e-08,0.480717,1,0
5.16602,0.439453,0.705883,-4.87093e-08,0.482668,1,0
5.16602,0.458984,0.551177,-2.61891e-08,0.482668,1,0
5.18555,0.439453,0.705883,-4.3619e-08,0.480717,1,0
5.18555,0.458984,0.551177,-2.32909e-08,0.480717,1,0
5.20508,0.400391,0.884836,-9.73456e-08,0.478765,1,0
5.20508,0.419922,0.813021,-6.47517e-08,0.478765,1,0
5.22461,0.400391,0.884836,-8.69257e-08,0.476814,1,0
5.22461,0.419922,0.813021,-5.82342e-08,0.476814,1,0
5.20508,0.439453,0.705882,-3.90971e-08,0.478765,1,0
5.20508,0.458984,0.551177,-2.06878e-08,0.478765,1,0
5.22461,0.439453,0.705882,-3.51673e-08,0.476814,1,0
5.22461,0.458984,0.551177,-1.84151e-08,0.476814,1,0
5.24414,0.322266,0.988481,-1.15958e-07,0.474862,1,0
5.24414,0.341797,0.97818,-1.36752e-07,0.474862,1,0
5.26367,0.322266,0.988481,-9.98319e-08,0.472911,1,0
5.26367,0.341797,0.97818,-1.1939e-07,0.472911,1,0
5.24414,0.361328,0.960542,-1.29376e-07,0.474862,1,0
5.24414,0.380859,0.931386,-1.06153e-07,0.474862,1,0
5.26367,0.361328,0.960542,-1.14584e-07,0.472911,1,0
5.26367,0.380859,0.931386,-9.537e-08,0.472911,1,0
5.2832,0.322266,0.988481,-8.68583e-08,0.47096,1,0
5.2832,0.341797,0.97818,-1.05598e-07,0.47096,1,0
5.30273,0.322266,0.988481,-7.71917e-08,0.469008,1,0
5.30273,0.341797,0.97818,-9.50912e-08,0.469008,1,0
5.2832,0.361328,0.960542,-1.02854e-07,0.47096,1,0
5.2832,0.380859,0.931386,-8.67485e-08,0.47096,1,0
5.30273,0.361328,0.960542,-9.37687e-08,0.469008,1,0
5.30273,0.380859,0.931386,-7.99515e-08,0.469008,1,0
5.24414,0.400391,0.884836,-7.82142e-08,0.474862,1,0
5.24414,0.419922,0.813021,-5.27404e-08,0.474862,1,0
5.26367,0.400391,0.884836,-7.1063e-08,0.472911,1,0
5.26367,0.419922,0.813021,-4.81773e-08,0.472911,1,0
5.24414,0.439453,0.705882,-3.18201e-08,0.474862,1,0
5.24414,0.458984,0.551177,-1.64569e-08,0.474862,1,0
5.26367,0.439453,0.705882,-2.90152e-08,0.472911,1,0
5.26367,0.458984,0.551177,-1.48128e-08,0.472911,1,0
5.2832,0.400391,0.884836,-6.52701e-08,0.47096,1,0
5.2832,0.419922,0.813021,-4.44493e-08,0.47096,1,0
5.30273,0.400391,0.884836,-6.06383e-08,0.469008,1,0
5.30273,0.419922,0.813021,-4.14291e-08,0.469008,1,0
5.2832,0.439453,0.705882,-2.6701e-08,0.47096,1,0
5.2832,0.458984,0.551177,-1.34391e-08,0.47096,1,0
5.30273,0.439453,0.705882,-2.48121e-08,0.469008,1,0
5.30273,0.458984,0.551177,-1.23206e-08,0.469008,1,0
5.16602,0.478516,0.334707,-9.03368e-09,0.482668,1,0
5.16602,0.498047,0.0407918,-5.46999e-10,0.482668,0.6,0
5.18555,0.478516,0.334707,-7.8899e-09,0.480717,1,0
5.18555,0.498047,0.0407918,-4.25226e-10,0.480717,0.6,0
5.20508,0.478516,0.334707,-6.85834e-09,0.478765,1,0
5.20508,0.498047,0.0407918,-2.94465e-10,0.478765,0.6,0
5.22461,0.478516,0.334707,-5.94022e-09,0.476814,1,0
5.22461,0.498047,0.0407918,-1.6048e-10,0.476814,0.6,0
5.24414,0.478516,0.334707,-5.1485e-09,0.474862,1,0
5.24414,0.498047,0.0407918,-3.25808e-11,0.474862,0.6,0
5.26367,0.478516,0.334707,-4.46874e-09,0.472911,1,0
5.26367,0.498047,0.0407918,8.82202e-11,0.472911,0.6,0
5.2832,0.478516,0.334707,-3.9033e-09,0.47096,1,0
5.2832,0.498047,0.0407918,1.95819e-10,0.47096,0.6,0
5.30273,0.478516,0.334707,-3.42984e-09,0.469008,1,0
5.30273,0.498047,0.0407918,2.9279e-10,0.469008,0.6,0
5.32227,0.00976562,1.00073,2.19986e-08,0.467057,1,0
5.32227,0.0292969,1.00073,6.1534e-08,0.467057,1,0
5.3418,0.00976562,1.00073,1.84355e-08,0.465106,1,0
5.3418,0.0292969,1.00073,5.15168e-08,0.465106,1,0
5.32227,0.0488281,1.00073,1.16323e-07,0.467057,1,0
5.32227,0.0683594,1.00073,1.87476e-07,0.467057,1,0
5.3418,0.0488281,1.00073,9.78718e-08,0.465106,1,0
5.3418,0.0683594,1.00073,1.5879e-07,0.465106,1,0
5.36133,0.00976562,1.00073,1.54841e-08,0.463154,1,0
5.36133,0.0292969,1.00073,4.30825e-08,0.463154,1,0
5.38086,0.00976562,1.00073,1.30967e-08,0.461203,1,0
5.38086,0.0292969,1.00073,3.61705e-08,0.461203,1,0
5.36133,0.0488281,1.00073,8.20385e-08,0.463154,1,0
5.36133,0.0683594,1.00073,1.33845e-07,0.463154,1,0
5.38086,0.0488281,1.00073,6.88205e-08,0.461203,1,0
5.38086,0.0683594,1.00073,1.12713e-07,0.461203,1,0
5.32227,0.0878906,1.00073,2.58767e-07,0.467057,1,0
5.32227,0.107422,1.00072,3.22869e-07,0.467057,1,0
5.3418,0.0878906,1.00073,2.20557e-07,0.465106,1,0
5.3418,0.107422,1.00072,2.76743e-07,0.465106,1,0
5.32227,0.126953,1.00072,3.67791e-07,0.467057,1,0
5.32227,0.146484,1.00071,3.89609e-07,0.467057,1,0
5.3418,0.126953,1.00072,3.16777e-07,0.465106,1,0
5.3418,0.146484,1.00071,3.36932e-07,0.465106,1,0
5.36133,0.0878906,1.00073,1.86956e-07,0.463154,1,0
5.36133,0.107422,1.00072,2.35815e-07,0.463154,1,0
5.38086,0.0878906,1.00073,1.58125e-07,0.461203,1,0
5.38086,0.107422,1.00072,2.00315e-07,0.461203,1,0
5.36133,0.126953,1.00072,2.71154e-07,0.463154,1,0
5.36133,0.146484,1.00071,2.89492e-07,0.463154,1,0
5.38086,0.126953,1.00072,2.31193e-07,0.461203,1,0
5.38086,0.146484,1.00071,2.47565e-07,0.461203,1,0
5.40039,0.00976562,1.00073,1.11964e-08,0.459251,1,0
5.40039,0.0292969,1.00073,3.06209e-08,0.459251,1,0
5.41992,0.00976562,1.00073,9.69451e-09,0.4573,1,0
5.41992,0.0292969,1.00073,2.62195e-08,0.4573,1,0
5.40039,0.0488281,1.00073,5.80244e-08,0.459251,1,0
5.40039,0.0683594,1.00073,9.51833e-08,0.459251,1,0
5.41992,0.0488281,1.00073,4.93351e-08,0.4573,1,0
5.41992,0.0683594,1.00073,8.08555e-08,0.4573,1,0
5.43945,0.00976562,1.00073,8.50335e-09,0.455349,1,0
5.43945,0.0292969,1.00073,2.27373e-08,0.455349,1,0
5.45898,0.00976562,1.00073,7.54584e-09,0.453397,1,0
5.45898,0.0292969,1.00073,1.99608e-08,0.453397,1,0
5.43945,0.0488281,1.00073,4.23851e-08,0.455349,1,0
5.43945,0.0683594,1.00073,6.9231e-08,0.455349,1,0
5.45898,0.0488281,1.00073,3.68104e-08,0.453397,1,0
5.45898,0.0683594,1.00073,5.97962e-08,0.453397,1,0
5.40039,0.0878906,1.00073,1.33879e-07,0.459251,1,0
5.40039,0.107422,1.00072,1.701e-07,0.459251,1,0
5.41992,0.0878906,1.00073,1.13783e-07,0.4573,1,0
5.41992,0.107422,1.00072,1.44746e-07,0.4573,1,0
5.40039,0.126953,1.00072,1.9681e-07,0.459251,1,0
5.40039,0.146484,1.00071,2.11122e-07,0.459251,1,0
5.41992,0.126953,1.00072,1.67629e-07,0.4573,1,0
5.41992,0.146484,1.00071,1.79869e-07,0.4573,1,0
5.43945,0.0878906,1.00073,9.72613e-08,0.455349,1,0
5.43945,0.107422,1.00072,1.23651e-07,0.455349,1,0
5.45898,0.0878906,1.00073,8.36981e-08,0.453397,1,0
5.45898,0.107422,1.00072,1.06148e-07,0.453397,1,0
5.43945,0.126953,1.00072,1.43086e-07,0.455349,1,0
5.43945,0.146484,1.00071,1.53318e-07,0.455349,1,0
5.45898,0.126953,1.00072,1.22525e-07,0.453397,1,0
5.45898,0.146484,1.00071,1.30875e-07,0.453397,1,0
5.32227,0.166016,1.0007,3.84983e-07,0.467057,1,0
5.32227,0.185547,1.00066,3.56038e-07,0.467057,1,0
5.3418,0.166016,1.0007,3.34027e-07,0.465106,1,0
5.3418,0.185547,1.00066,3.09677e-07,0.465106,1,0
5.32227,0.205078,1.00057,3.0587e-07,0.467057,1,0
5.32227,0.224609,1.00037,2.40392e-07,0.467057,1,0
5.3418,0.205078,1.00057,2.66443e-07,0.465106,1,0
5.3418,0.224609,1.00037,2.09414e-07,0.465106,1,0
5.36133,0.166016,1.0007,2.87824e-07,0.463154,1,0
5.36133,0.185547,1.00066,2.67325e-07,0.463154,1,0
5.38086,0.166016,1.0007,2.46626e-07,0.461203,1,0
5.38086,0.185547,1.00066,2.29197e-07,0.461203,1,0
5.36133,0.205078,1.00057,2.30063e-07,0.463154,1,0
5.36133,0.224609,1.00037,1.80394e-07,0.463154,1,0
5.38086,0.205078,1.00057,1.96944e-07,0.461203,1,0
5.38086,0.224609,1.00037,1.53586e-07,0.461203,1,0
5.32227,0.244141,0.999957,1.66031e-07,0.467057,1,0
5.32227,0.263672,0.999114,9.05209e-08,0.467057,1,0
5.3418,0.244141,0.999957,1.44195e-07,0.465106,1,0
5.3418,0.263672,0.999114,7.75891e-08,0.465106,1,0
5.32227,0.283203,0.997452,2.15255e-08,0.467057,1,0
5.32227,0.302734,0.99429,-3.37876e-08,0.467057,1,0
5.3418,0.283203,0.997452,1.63507e-08,0.465106,1,0
5.3418,0.302734,0.99429,-3.31245e-08,0.465106,1,0
5.36133,0.244141,0.999957,1.23183e-07,0.463154,1,0
5.36133,0.263672,0.999114,6.43921e-08,0.463154,1,0
5.38086,0.244141,0.999957,1.03307e-07,0.461203,1,0
5.38086,0.263672,0.999114,5.13464e-08,0.461203,1,0
5.36133,0.283203,0.997452,1.0025e-08,0.463154,1,0
5.36133,0.302734,0.99429,-3.41667e-08,0.463154,1,0
5.38086,0.283203,0.997452,3.07581e-09,0.461203,1,0
5.38086,0.302734,0.99429,-3.63234e-08,0.461203,1,0
5.40039,0.166016,1.0007,2.10459e-07,0.459251,1,0
5.40039,0.185547,1.00066,1.95381e-07,0.459251,1,0
5.41992,0.166016,1.0007,1.79125e-07,0.4573,1,0
5.41992,0.185547,1.00066,1.65796e-07,0.4573,1,0
5.40039,0.205078,1.00057,1.67253e-07,0.459251,1,0
5.40039,0.224609,1.00037,1.29221e-07,0.459251,1,0
5.41992,0.205078,1.00057,1.41008e-07,0.4573,1,0
5.41992,0.224609,1.00037,1.07415e-07,0.4573,1,0
5.43945,0.166016,1.0007,1.52251e-07,0.455349,1,0
5.43945,0.185547,1.00066,1.40189e-07,0.455349,1,0
5.45898,0.166016,1.0007,1.29343e-07,0.453397,1,0
5.45898,0.185547,1.00066,1.18189e-07,0.453397,1,0
5.43945,0.205078,1.00057,1.18074e-07,0.455349,1,0
5.43945,0.224609,1.00037,8.81525e-08,0.455349,1,0
5.45898,0.205078,1.00057,9.81934e-08,0.453397,1,0
5.45898,0.224609,1.00037,7.12884e-08,0.453397,1,0
5.40039,0.244141,0.999957,8.48838e-08,0.459251,1,0
5.40039,0.263672,0.999114,3.88733e-08,0.459251,1,0
5.41992,0.244141,0.999957,6.81444e-08,0.4573,1,0
5.41992,0.263672,0.999114,2.72885e-08,0.4573,1,0
5.40039,0.283203,0.997452,-4.00834e-09,0.459251,1,0
5.40039,0.302734,0.99429,-3.90832e-08,0.459251,1,0
5.41992,0.283203,0.997452,-1.0859e-08,0.4573,1,0
5.41992,0.302734,0.99429,-4.20622e-08,0.4573,1,0
5.43945,0.244141,0.999957,5.31756e-08,0.455349,1,0
5.43945,0.263672,0.999114,1.67627e-08,0.455349,1,0
5.45898,0.244141,0.999957,3.99372e-08,0.453397,1,0
5.45898,0.263672,0.999114,7.35014e-09,0.453397,1,0
5.43945,0.283203,0.997452,-1.72424e-08,0.455349,1,0
5.43945,0.302734,0.99429,-4.5006e-08,0.455349,1,0
5.45898,0.283203,0.997452,-2.30385e-08,0.453397,1,0
5.45898,0.302734,0.99429,-4.77689e-08,0.453397,1,0
5.47852,0.00976562,1.00073,6.76005e-09,0.451446,1,0
5.47852,0.0292969,1.00073,1.77102e-08,0.451446,1,0
5.49805,0.00976562,1.00073,6.09994e-09,0.449494,1,0
5.49805,0.0292969,1.00073,1.58458e-08,0.449494,1,0
5.47852,0.0488281,1.00073,3.22891e-08,0.451446,1,0
5.47852,0.0683594,1.00073,5.20803e-08,0.451446,1,0
5.49805,0.0488281,1.00073,2.85597e-08,0.449494,1,0
5.49805,0.0683594,1.00073,4.56889e-08,0.449494,1,0
5.51758,0.00976562,1.00073,5.53362e-09,0.447543,1,0
5.51758,0.0292969,1.00073,1.42674e-08,0.447543,1,0
5.53711,0.00976562,1.00073,5.0402e-09,0.445592,1,0
5.53711,0.0292969,1.00073,1.29069e-08,0.445592,1,0
5.51758,0.0488281,1.00073,2.54254e-08,0.447543,1,0
5.51758,0.0683594,1.00073,4.03144e-08,0.447543,1,0
5.53711,0.0488281,1.00073,2.27472e-08,0.445592,1,0
5.53711,0.0683594,1.00073,3.57313e-08,0.445592,1,0
5.47852,0.0878906,1.00073,7.25089e-08,0.451446,1,0
5.47852,0.107422,1.00072,9.15856e-08,0.451446,1,0
5.49805,0.0878906,1.00073,6.31889e-08,0.449494,1,0
5.49805,0.107422,1.00072,7.93829e-08,0.449494,1,0
5.47852,0.126953,1.00072,1.05283e-07,0.451446,1,0
5.47852,0.146484,1.00071,1.11919e-07,0.451446,1,0
5.49805,0.126953,1.00072,9.07539e-08,0.449494,1,0
5.49805,0.146484,1.00071,9.58555e-08,0.449494,1,0
5.51758,0.0878906,1.00073,5.53321e-08,0.447543,1,0
5.51758,0.107422,1.00072,6.906e-08,0.447543,1,0
5.53711,0.0878906,1.00073,4.8631e-08,0.445592,1,0
5.53711,0.107422,1.00072,6.02426e-08,0.445592,1,0
5.51758,0.126953,1.00072,7.84171e-08,0.447543,1,0
5.51758,0.146484,1.00071,8.21642e-08,0.447543,1,0
5.53711,0.126953,1.00072,6.78565e-08,0.445592,1,0
5.53711,0.146484,1.00071,7.04181e-08,0.445592,1,0
5.55664,0.00976562,1.00073,4.60645e-09,0.44364,1,0
5.55664,0.0292969,1.00073,1.17208e-08,0.44364,1,0
5.57617,0.00976562,1.00073,4.22373e-09,0.441689,1,0
5.57617,0.0292969,1.00073,1.06806e-08,0.441689,1,0
5.55664,0.0488281,1.00073,2.04313e-08,0.44364,1,0
5.55664,0.0683594,1.00073,3.17813e-08,0.44364,1,0
5.57617,0.0488281,1.00073,1.84149e-08,0.441689,1,0
5.57617,0.0683594,1.00073,2.83549e-08,0.441689,1,0
5.5957,0.00976562,1.00073,3.88565e-09,0.439737,1,0
5.5957,0.0292969,1.00073,9.76662e-09,0.439737,1,0
5.61523,0.00976562,1.00073,3.58667e-09,0.437786,1,0
5.61523,0.0292969,1.00073,8.96286e-09,0.437786,1,0
5.5957,0.0488281,1.00073,1.66544e-08,0.439737,1,0
5.5957,0.0683594,1.00073,2.53735e-08,0.439737,1,0
5.61523,0.0488281,1.00073,1.51155e-08,0.437786,1,0
5.61523,0.0683594,1.00073,2.27756e-08,0.437786,1,0
5.55664,0.0878906,1.00073,4.28629e-08,0.44364,1,0
5.55664,0.107422,1.00072,5.26515e-08,0.44364,1,0
5.57617,0.0878906,1.00073,3.78687e-08,0.441689,1,0
5.57617,0.107422,1.00072,4.60821e-08,0.441689,1,0
5.55664,0.126953,1.00072,5.87555e-08,0.44364,1,0
5.55664,0.146484,1.00071,6.02847e-08,0.44364,1,0
5.57617,0.126953,1.00072,5.08775e-08,0.441689,1,0
5.57617,0.146484,1.00071,5.15081e-08,0.441689,1,0
5.5957,0.0878906,1.00073,3.35317e-08,0.439737,1,0
5.5957,0.107422,1.00072,4.03808e-08,0.439737,1,0
5.61523,0.0878906,1.00073,2.97599e-08,0.437786,1,0
5.61523,0.107422,1.00072,3.54252e-08,0.437786,1,0
5.5957,0.126953,1.00072,4.40418e-08,0.439737,1,0
5.5957,0.146484,1.00071,4.38863e-08,0.439737,1,0
5.61523,0.126953,1.00072,3.81006e-08,0.437786,1,0
5.61523,0.146484,1.00071,3.7254e-08,0.437786,1,0
5.47852,0.166016,1.0007,1.09863e-07,0.451446,1,0
5.47852,0.185547,1.00066,9.93488e-08,0.451446,1,0
5.49805,0.166016,1.0007,9.32696e-08,0.449494,1,0
5.49805,0.185547,1.00066,8.32071e-08,0.449494,1,0
5.47852,0.205078,1.00057,8.10252e-08,0.451446,1,0
5.47852,0.224609,1.00037,5.66054e-08,0.451446,1,0
5.49805,0.205078,1.00057,6.62179e-08,0.449494,1,0
5.49805,0.224609,1.00037,4.38715e-08,0.449494,1,0
5.51758,0.166016,1.0007,7.90759e-08,0.447543,1,0
5.51758,0.185547,1.00066,6.934e-08,0.447543,1,0
5.53711,0.166016,1.0007,6.6871e-08,0.445592,1,0
5.53711,0.185547,1.00066,5.73818e-08,0.445592,1,0
5.51758,0.205078,1.00057,5.34449e-08,0.447543,1,0
5.51758,0.224609,1.00037,3.28509e-08,0.447543,1,0
5.53711,0.205078,1.00057,4.241e-08,0.445592,1,0
5.53711,0.224609,1.00037,2.33114e-08,0.445592,1,0
5.47852,0.244141,0.999957,2.83229e-08,0.451446,1,0
5.47852,0.263672,0.999114,-9.73467e-10,0.451446,1,0
5.49805,0.244141,0.999957,1.81919e-08,0.449494,1,0
5.49805,0.263672,0.999114,-8.28255e-09,0.449494,1,0
5.47852,0.283203,0.997452,-2.82146e-08,0.451446,1,0
5.47852,0.302734,0.99429,-5.02875e-08,0.451446,1,0
5.49805,0.283203,0.997452,-3.27969e-08,0.449494,1,0
5.49805,0.302734,0.99429,-5.25522e-08,0.449494,1,0
5.51758,0.244141,0.999957,9.38365e-09,0.447543,1,0
5.51758,0.263672,0.999114,-1.46761e-08,0.447543,1,0
5.53711,0.244141,0.999957,1.73093e-09,0.445592,1,0
5.53711,0.263672,0.999114,-2.02603e-08,0.445592,1,0
5.51758,0.283203,0.997452,-3.68386e-08,0.447543,1,0
5.51758,0.302734,0.99429,-5.4578e-08,0.447543,1,0
5.53711,0.283203,0.997452,-4.03972e-08,0.445592,1,0
5.53711,0.302734,0.99429,-5.63846e-08,0.445592,1,0
5.55664,0.166016,1.0007,5.6324e-08,0.44364,1,0
5.55664,0.185547,1.00066,4.70289e-08,0.44364,1,0
5.57617,0.166016,1.0007,4.71731e-08,0.441689,1,0
5.57617,0.185547,1.00066,3.80322e-08,0.441689,1,0
5.55664,0.205078,1.00057,3.28501e-08,0.44364,1,0
5.55664,0.224609,1.00037,1.50349e-08,0.44364,1,0
5.57617,0.205078,1.00057,2.45385e-08,0.441689,1,0
5.57617,0.224609,1.00037,7.83151e-09,0.441689,1,0
5.5957,0.166016,1.0007,3.92092e-08,0.439737,1,0
5.5957,0.185547,1.00066,3.01926e-08,0.439737,1,0
5.61523,0.166016,1.0007,3.22673e-08,0.437786,1,0
5.61523,0.185547,1.00066,2.3355e-08,0.437786,1,0
5.5957,0.205078,1.00057,1.72922e-08,0.439737,1,0
5.5957,0.224609,1.00037,1.54613e-09,0.439737,1,0
5.61523,0.205078,1.00057,1.09662e-08,0.437786,1,0
5.61523,0.224609,1.00037,-3.9473e-09,0.437786,1,0
5.55664,0.244141,0.999957,-4.92652e-09,0.44364,1,0
5.55664,0.263672,0.999114,-2.51369e-08,0.44364,1,0
5.57617,0.244141,0.999957,-1.07295e-08,0.441689,1,0
5.57617,0.263672,0.999114,-2.93976e-08,0.441689,1,0
5.55664,0.283203,0.997452,-4.35249e-08,0.44364,1,0
5.55664,0.302734,0.99429,-5.79881e-08,0.44364,1,0
5.57617,0.283203,0.997452,-4.62682e-08,0.441689,1,0
5.57617,0.302734,0.99429,-5.94024e-08,0.441689,1,0
5.5957,0.244141,0.999957,-1.57967e-08,0.439737,1,0
5.5957,0.263672,0.999114,-3.31231e-08,0.439738,1,0
5.61523,0.244141,0.999957,-2.02288e-08,0.437786,1,0
5.61523,0.263672,0.999114,-3.63839e-08,0.437786,1,0
5.5957,0.283203,0.997452,-4.86705e-08,0.439738,1,0
5.5957,0.302734,0.99429,-6.06423e-08,0.439738,1,0
5.61523,0.283203,0.997452,-5.0773e-08,0.437786,1,0
5.61523,0.302734,0.99429,-6.17251e-08,0.437786,1,0
5.32227,0.322266,0.988481,-7.05361e-08,0.467057,1,0
5.32227,0.341797,0.97818,-8.73778e-08,0.467057,1,0
5.3418,0.322266,0.988481,-6.63566e-08,0.465106,1,0
5.3418,0.341797,0.97818,-8.18922e-08,0.465106,1,0
5.32227,0.361328,0.960542,-8.68591e-08,0.467057,1,0
5.32227,0.380859,0.931386,-7.46482e-08,0.467057,1,0
5.3418,0.361328,0.960542,-8.1665e-08,0.465106,1,0
5.3418,0.380859,0.931386,-7.0529e-08,0.465106,1,0
5.36133,0.322266,0.988481,-6.40421e-08,0.463154,1,0
5.36133,0.341797,0.97818,-7.80839e-08,0.463154,1,0
5.38086,0.322266,0.988482,-6.30192e-08,0.461203,1,0
5.38086,0.341797,0.97818,-7.5474e-08,0.461203,1,0
5.36133,0.361328,0.960542,-7.77742e-08,0.463154,1,0
5.36133,0.380859,0.931386,-6.73276e-08,0.463154,1,0
5.38086,0.361328,0.960542,-7.48423e-08,0.461203,1,0
5.38086,0.380859,0.931386,-6.48176e-08,0.461203,1,0
5.32227,0.400391,0.884836,-5.69574e-08,0.467057,1,0
5.32227,0.419922,0.813021,-3.90118e-08,0.467057,1,0
5.3418,0.400391,0.884836,-5.40508e-08,0.465106,1,0
5.3418,0.419922,0.813021,-3.70756e-08,0.465106,1,0
5.32227,0.439453,0.705882,-2.32867e-08,0.467057,1,0
5.32227,0.458984,0.551177,-1.14042e-08,0.467057,1,0
5.3418,0.439453,0.705882,-2.20592e-08,0.465106,1,0
5.3418,0.458984,0.551177,-1.0674e-08,0.465106,1,0
5.36133,0.400391,0.884836,-5.17445e-08,0.463154,1,0
5.36133,0.419922,0.813021,-3.55347e-08,0.463154,1,0
5.38086,0.400391,0.884836,-4.99101e-08,0.461203,1,0
5.38086,0.419922,0.813021,-3.42915e-08,0.461203,1,0
5.36133,0.439453,0.705882,-2.10756e-08,0.463154,1,0
5.36133,0.458984,0.551177,-1.00783e-08,0.463154,1,0
5.38086,0.439453,0.705882,-2.02823e-08,0.461203,1,0
5.38086,0.458984,0.551177,-9.60852e-09,0.461203,1,0
5.40039,0.322266,0.988482,-6.28146e-08,0.459251,1,0
5.40039,0.341797,0.97818,-7.3681e-08,0.459251,1,0
5.41992,0.322266,0.988482,-6.30761e-08,0.4573,1,0
5.41992,0.341797,0.97818,-7.24224e-08,0.4573,1,0
5.40039,0.361328,0.960542,-7.25974e-08,0.459251,1,0
5.40039,0.380859,0.931385,-6.28229e-08,0.459251,1,0
5.41992,0.361328,0.960542,-7.0836e-08,0.4573,1,0
5.41992,0.380859,0.931385,-6.12042e-08,0.4573,1,0
5.43945,0.322266,0.988482,-6.35649e-08,0.455349,1,0
5.43945,0.341797,0.97818,-7.15034e-08,0.455349,1,0
5.45898,0.322266,0.988482,-6.41362e-08,0.453397,1,0
5.45898,0.341797,0.97818,-7.08004e-08,0.453397,1,0
5.43945,0.361328,0.960542,-6.94141e-08,0.455349,1,0
5.43945,0.380859,0.931385,-5.98649e-08,0.455349,1,0
5.45898,0.361328,0.960542,-6.82361e-08,0.453397,1,0
5.45898,0.380859,0.931385,-5.87332e-08,0.453397,1,0
5.40039,0.400391,0.884836,-4.8424e-08,0.459251,1,0
5.40039,0.419922,0.813021,-3.32896e-08,0.459251,1,0
5.41992,0.400391,0.884836,-4.72097e-08,0.4573,1,0
5.41992,0.419922,0.813021,-3.24594e-08,0.4573,1,0
5.40039,0.439453,0.705882,-1.96407e-08,0.459251,1,0
5.40039,0.458984,0.551177,-9.21955e-09,0.459251,1,0
5.41992,0.439453,0.705882,-1.91125e-08,0.4573,1,0
5.41992,0.458984,0.551177,-8.91236e-09,0.4573,1,0
5.43945,0.400391,0.884836,-4.619e-08,0.455349,1,0
5.43945,0.419922,0.81302,-3.17728e-08,0.455349,1,0
5.45898,0.400391,0.884836,-4.53301e-08,0.453397,1,0
5.45898,0.419922,0.81302,-3.11834e-08,0.453397,1,0
5.43945,0.439453,0.705882,-1.8675e-08,0.455349,1,0
5.43945,0.458984,0.551177,-8.64909e-09,0.455349,1,0
5.45898,0.439453,0.705882,-1.83035e-08,0.453397,1,0
5.45898,0.458984,0.551177,-8.43978e-09,0.453397,1,0
5.32227,0.478516,0.334707,-3.04711e-09,0.467057,1,0
5.32227,0.498047,0.0407918,3.74947e-10,0.467057,0.6,0
5.3418,0.478516,0.334707,-2.73068e-09,0.465106,1,0
5.3418,0.498047,0.0407918,4.47083e-10,0.465106,0.6,0
5.36133,0.478516,0.334707,-2.48019e-09,0.463154,1,0
5.36133,0.498047,0.0407918,5.05752e-10,0.463154,0.6,0
5.38086,0.478516,0.334707,-2.27243e-09,0.461203,1,0
5.38086,0.498047,0.0407918,5.5688e-10,0.461203,0.6,0
5.40039,0.478516,0.334707,-2.11012e-09,0.459251,1,0
5.40039,0.498047,0.0407918,5.96944e-10,0.459251,0.6,0
5.41992,0.478516,0.334707,-1.9725e-09,0.4573,1,0
5.41992,0.498047,0.0407918,6.32317e-10,0.4573,0.6,0
5.43945,0.478516,0.334707,-1.86593e-09,0.455349,1,0
5.43945,0.498047,0.0407918,6.5893e-10,0.455349,0.6,0
5.45898,0.478516,0.334707,-1.77201e-09,0.453397,1,0
5.45898,0.498047,0.0407918,6.83261e-10,0.453397,0.6,0
5.47852,0.322266,0.988482,-6.47162e-08,0.451446,1,0
5.47852,0.341797,0.97818,-7.02428e-08,0.451446,1,0
5.49805,0.322266,0.988482,-6.52757e-08,0.449494,1,0
5.49805,0.341797,0.97818,-6.9793e-08,0.449494,1,0
5.47852,0.361328,0.960542,-6.72421e-08,0.451446,1,0
5.47852,0.380859,0.931385,-5.77664e-08,0.451446,1,0
5.49805,0.361328,0.960542,-6.63954e-08,0.449494,1,0
5.49805,0.380859,0.931385,-5.69304e-08,0.449494,1,0
5.51758,0.322266,0.988482,-6.5806e-08,0.447543,1,0
5.51758,0.341797,0.97818,-6.94285e-08,0.447543,1,0
5.53711,0.322266,0.988482,-6.6302e-08,0.445592,1,0
5.53711,0.341797,0.97818,-6.91311e-08,0.445592,1,0
5.51758,0.361328,0.960542,-6.56701e-08,0.447543,1,0
5.51758,0.380859,0.931385,-5.62056e-08,0.447543,1,0
5.53711,0.361328,0.960542,-6.50443e-08,0.445592,1,0
5.53711,0.380859,0.931385,-5.5569e-08,0.445592,1,0
5.47852,0.400391,0.884836,-4.45847e-08,0.451446,1,0
5.47852,0.419922,0.81302,-3.06837e-08,0.451446,1,0
5.49805,0.400391,0.884836,-4.39434e-08,0.449494,1,0
5.49805,0.419922,0.81302,-3.02409e-08,0.449494,1,0
5.47852,0.439453,0.705882,-1.79873e-08,0.451446,1,0
5.47852,0.458984,0.551177,-8.25194e-09,0.451446,1,0
5.49805,0.439453,0.705882,-1.77103e-08,0.449494,1,0
5.49805,0.458984,0.551177,-8.10221e-09,0.449494,1,0
5.51758,0.400391,0.884836,-4.33748e-08,0.447543,1,0
5.51758,0.419922,0.81302,-2.98584e-08,0.447543,1,0
5.53711,0.400391,0.884836,-4.28781e-08,0.445592,1,0
5.53711,0.419922,0.81302,-2.95092e-08,0.445592,1,0
5.51758,0.439453,0.705882,-1.74689e-08,0.447543,1,0
5.51758,0.458984,0.551177,-7.96079e-09,0.447543,1,0
5.53711,0.439453,0.705882,-1.72511e-08,0.445592,1,0
5.53711,0.458984,0.551177,-7.84849e-09,0.445592,1,0
5.55664,0.322266,0.988482,-6.67568e-08,0.44364,1,0
5.55664,0.341797,0.97818,-6.88823e-08,0.44364,1,0
5.57617,0.322266,0.988482,-6.71634e-08,0.441689,1,0
5.57617,0.341797,0.97818,-6.86658e-08,0.441689,1,0
5.55664,0.361328,0.960542,-6.44978e-08,0.44364,1,0
5.55664,0.380859,0.931385,-5.50067e-08,0.44364,1,0
5.57617,0.361328,0.960542,-6.40126e-08,0.441689,1,0
5.57617,0.380859,0.931385,-5.45005e-08,0.441689,1,0
5.5957,0.322266,0.988482,-6.7518e-08,0.439738,1,0
5.5957,0.341797,0.97818,-6.84689e-08,0.439738,1,0
5.61523,0.322266,0.988482,-6.78212e-08,0.437786,1,0
5.61523,0.341797,0.97818,-6.82838e-08,0.437786,1,0
5.5957,0.361328,0.960542,-6.35746e-08,0.439738,1,0
5.5957,0.380859,0.931385,-5.40422e-08,0.439738,1,0
5.61523,0.361328,0.960542,-6.31738e-08,0.437786,1,0
5.61523,0.380859,0.931385,-5.36193e-08,0.437786,1,0
5.55664,0.400391,0.884836,-4.24261e-08,0.44364,1,0
5.55664,0.419922,0.81302,-2.9202e-08,0.44364,1,0
5.57617,0.400391,0.884836,-4.20233e-08,0.441689,1,0
5.57617,0.419922,0.81302,-2.89122e-08,0.441689,1,0
5.55664,0.439453,0.705882,-1.7057e-08,0.44364,1,0
5.55664,0.458984,0.551177,-7.73631e-09,0.44364,1,0
5.57617,0.439453,0.705882,-1.68766e-08,0.441689,1,0
5.57617,0.458984,0.551177,-7.64794e-09,0.441689,1,0
5.5957,0.400391,0.884836,-4.1646e-08,0.439738,1,0
5.5957,0.419922,0.81302,-2.86526e-08,0.439738,1,0
5.61523,0.400391,0.884836,-4.13035e-08,0.437786,1,0
5.61523,0.419922,0.81302,-2.84004e-08,0.437786,1,0
5.5957,0.439453,0.705882,-1.67123e-08,0.439738,1,0
5.5957,0.458984,0.551177,-7.55433e-09,0.439738,1,0
5.61523,0.439453,0.705882,-1.65556e-08,0.437786,1,0
5.61523,0.458984,0.551177,-7.4815e-09,0.437786,1,0
5.47852,0.478516,0.334707,-1.70021e-09,0.451446,1,0
5.47852,0.498047,0.0407918,7.0053e-10,0.451446,0.6,0
5.49805,0.478516,0.334707,-1.63366e-09,0.449494,1,0
5.49805,0.498047,0.0407918,7.17253e-10,0.449494,0.6,0
5.51758,0.478516,0.334707,-1.58404e-09,0.447543,1,0
5.51758,0.498047,0.0407918,7.27993e-10,0.447543,0.6,0
5.53711,0.478516,0.334707,-1.53511e-09,0.445592,1,0
5.53711,0.498047,0.0407918,7.39389e-10,0.445592,0.6,0
5.55664,0.478516,0.334707,-1.50002e-09,0.44364,1,0
5.55664,0.498047,0.0407918,7.4545e-10,0.44364,0.6,0
5.57617,0.478516,0.334707,-1.46266e-09,0.441689,1,0
5.57617,0.498047,0.0407918,7.53019e-10,0.441689,0.6,0
5.5957,0.478516,0.334707,-1.43732e-09,0.439738,1,0
5.5957,0.498047,0.0407918,7.5563e-10,0.439738,0.6,0
5.61523,0.478516,0.334707,-1.40771e-09,0.437786,1,0
5.61523,0.498047,0.0407918,7.60371e-10,0.437786,0.6,0
5.63477,0.00976562,1.00073,3.32157e-09,0.435835,1,0
5.63477,0.0292969,1.00073,8.25489e-09,0.435835,1,0
5.6543,0.00976562,1.00073,3.08548e-09,0.433883,1,0
5.6543,0.0292969,1.00073,7.62922e-09,0.433883,1,0
5.63477,0.0488281,1.00073,1.37688e-08,0.435835,1,0
5.63477,0.0683594,1.00073,2.05094e-08,0.435835,1,0
5.6543,0.0488281,1.00073,1.25874e-08,0.433883,1,0
5.6543,0.0683594,1.00073,1.85283e-08,0.433883,1,0
5.67383,0.00976562,1.00073,2.87394e-09,0.431932,1,0
5.67383,0.0292969,1.00073,7.0734e-09,0.431932,1,0
5.69336,0.00976562,1.00073,2.68304e-09,0.429981,1,0
5.69336,0.0292969,1.00073,6.57622e-09,0.429981,1,0
5.67383,0.0488281,1.00073,1.15469e-08,0.431932,1,0
5.67383,0.0683594,1.00073,1.67906e-08,0.431932,1,0
5.69336,0.0488281,1.00073,1.06251e-08,0.429981,1,0
5.69336,0.0683594,1.00073,1.52591e-08,0.429981,1,0
5.63477,0.0878906,1.00073,2.64749e-08,0.435835,1,0
5.63477,0.107422,1.00072,3.1111e-08,0.435835,1,0
5.6543,0.0878906,1.00073,2.36079e-08,0.433883,1,0
5.6543,0.107422,1.00072,2.73482e-08,0.433883,1,0
5.63477,0.126953,1.00072,3.29288e-08,0.435835,1,0
5.63477,0.146484,1.00071,3.14746e-08,0.435835,1,0
5.6543,0.126953,1.00072,2.84183e-08,0.433883,1,0
5.6543,0.146484,1.00071,2.64307e-08,0.433883,1,0
5.67383,0.0878906,1.00073,2.10984e-08,0.431932,1,0
5.67383,0.107422,1.00072,2.40579e-08,0.431932,1,0
5.69336,0.0878906,1.00073,1.88931e-08,0.429981,1,0
5.69336,0.107422,1.00072,2.11698e-08,0.429981,1,0
5.67383,0.126953,1.00072,2.44736e-08,0.431932,1,0
5.67383,0.146484,1.00071,2.20181e-08,0.431932,1,0
5.69336,0.126953,1.00072,2.10103e-08,0.429981,1,0
5.69336,0.146484,1.00071,1.8144e-08,0.429981,1,0
5.71289,0.00976562,1.00073,2.50933e-09,0.428029,1,0
5.71289,0.0292969,1.00073,6.12779e-09,0.428029,1,0
5.73242,0.00976562,1.00073,2.34991e-09,0.426078,1,0
5.73242,0.0292969,1.00073,5.71959e-09,0.426078,1,0
5.71289,0.0488281,1.00073,9.80262e-09,0.428029,1,0
5.71289,0.0683594,1.00073,1.39006e-08,0.428029,1,0
5.73242,0.0488281,1.00073,9.06213e-09,0.426078,1,0
5.73242,0.0683594,1.00073,1.26861e-08,0.426078,1,0
5.75195,0.00976562,1.00073,2.20242e-09,0.424126,1,0
5.75195,0.0292969,1.00073,5.34454e-09,0.424126,1,0
5.77148,0.00976562,1.00073,2.06507e-09,0.422175,1,0
5.77148,0.0292969,1.00073,4.99711e-09,0.422175,1,0
5.75195,0.0488281,1.00073,8.38903e-09,0.424126,1,0
5.75195,0.0683594,1.00073,1.15906e-08,0.424126,1,0
5.77148,0.0488281,1.00073,7.7716e-09,0.422175,1,0
5.77148,0.0683594,1.00073,1.0594e-08,0.422175,1,0
5.71289,0.0878906,1.00073,1.69445e-08,0.428029,1,0
5.71289,0.107422,1.00072,1.86212e-08,0.428029,1,0
5.73242,0.0878906,1.00073,1.52105e-08,0.426078,1,0
5.73242,0.107422,1.00072,1.63574e-08,0.426078,1,0
5.71289,0.126953,1.00072,1.7954e-08,0.428029,1,0
5.71289,0.146484,1.00071,1.47266e-08,0.428029,1,0
5.73242,0.126953,1.00072,1.52417e-08,0.426078,1,0
5.73242,0.146484,1.00071,1.16963e-08,0.426078,1,0
5.75195,0.0878906,1.00073,1.3655e-08,0.424126,1,0
5.75195,0.107422,1.00072,1.43324e-08,0.424126,1,0
5.77148,0.0878906,1.00073,1.22486e-08,0.422175,1,0
5.77148,0.107422,1.00072,1.25085e-08,0.422175,1,0
5.75195,0.126953,1.00072,1.28206e-08,0.424126,1,0
5.75195,0.146484,1.00071,8.99446e-09,0.424126,1,0
5.77148,0.126953,1.00072,1.06465e-08,0.422175,1,0
5.77148,0.146484,1.00071,6.57145e-09,0.422175,1,0
5.63477,0.166016,1.0007,2.62136e-08,0.435835,1,0
5.63477,0.185547,1.00066,1.73907e-08,0.435835,1,0
5.6543,0.166016,1.0007,2.0931e-08,0.433883,1,0
5.6543,0.185547,1.00066,1.21849e-08,0.433883,1,0
5.63477,0.205078,1.00057,5.44051e-09,0.435835,1,0
5.63477,0.224609,1.00037,-8.75364e-09,0.435835,1,0
5.6543,0.205078,1.00057,6.09499e-10,0.433883,1,0
5.6543,0.224609,1.00037,-1.29636e-08,0.433883,1,0
5.67383,0.166016,1.0007,1.63124e-08,0.431932,1,0
5.67383,0.185547,1.00066,7.63095e-09,0.431932,1,0
5.69336,0.166016,1.0007,1.2259e-08,0.429981,1,0
5.69336,0.185547,1.00066,3.63193e-09,0.429981,1,0
5.67383,0.205078,1.00057,-3.62292e-09,0.431932,1,0
5.67383,0.224609,1.00037,-1.66578e-08,0.431932,1,0
5.69336,0.205078,1.00057,-7.3434e-09,0.429981,1,0
5.69336,0.224609,1.00037,-1.99091e-08,0.429981,1,0
5.63477,0.244141,0.999958,-2.41112e-08,0.435835,1,0
5.63477,0.263672,0.999114,-3.92421e-08,0.435835,1,0
5.6543,0.244141,0.999958,-2.75172e-08,0.433883,1,0
5.6543,0.263672,0.999114,-4.17513e-08,0.433883,1,0
5.63477,0.283203,0.997452,-5.26144e-08,0.435835,1,0
5.63477,0.302734,0.99429,-6.26694e-08,0.435835,1,0
5.6543,0.283203,0.997452,-5.42296e-08,0.433883,1,0
5.6543,0.302734,0.99429,-6.34932e-08,0.433883,1,0
5.67383,0.244141,0.999958,-3.05107e-08,0.431932,1,0
5.67383,0.263672,0.999114,-4.39581e-08,0.431932,1,0
5.69336,0.244141,0.999958,-3.31484e-08,0.429981,1,0
5.69336,0.263672,0.999114,-4.5904e-08,0.429981,1,0
5.67383,0.283203,0.997452,-5.56491e-08,0.431932,1,0
5.67383,0.302734,0.99429,-6.42132e-08,0.431932,1,0
5.69336,0.283203,0.997452,-5.69001e-08,0.429981,1,0
5.69336,0.302734,0.99429,-6.48444e-08,0.429981,1,0
5.71289,0.166016,1.0007,8.68396e-09,0.428029,1,0
5.71289,0.185547,1.00066,1.02933e-10,0.428029,1,0
5.73242,0.166016,1.0007,5.51364e-09,0.426078,1,0
5.73242,0.185547,1.00066,-3.02844e-09,0.426078,1,0
5.71289,0.205078,1.00057,-1.06287e-08,0.428029,1,0
5.71289,0.224609,1.00037,-2.27825e-08,0.428029,1,0
5.73242,0.205078,1.00057,-1.35454e-08,0.426078,1,0
5.73242,0.224609,1.00037,-2.53354e-08,0.426078,1,0
5.75195,0.166016,1.0007,2.68623e-09,0.424126,1,0
5.75195,0.185547,1.00066,-5.82299e-09,0.424126,1,0
5.77148,0.166016,1.0007,1.50161e-10,0.422175,1,0
5.77148,0.185547,1.00066,-8.33127e-09,0.422175,1,0
5.75195,0.205078,1.00057,-1.61502e-08,0.424126,1,0
5.75195,0.224609,1.00037,-2.7617e-08,0.424126,1,0
5.77148,0.205078,1.00057,-1.849e-08,0.422175,1,0
5.77148,0.224609,1.00037,-2.96682e-08,0.422175,1,0
5.71289,0.244141,0.999958,-3.54816e-08,0.428029,1,0
5.71289,0.263672,0.999114,-4.76266e-08,0.428029,1,0
5.73242,0.244141,0.999958,-3.75563e-08,0.426078,1,0
5.73242,0.263672,0.999114,-4.91593e-08,0.426078,1,0
5.71289,0.283203,0.997452,-5.80071e-08,0.428029,1,0
5.71289,0.302734,0.99429,-6.54e-08,0.428029,1,0
5.73242,0.283203,0.997452,-5.89917e-08,0.426078,1,0
5.73242,0.302734,0.99429,-6.58914e-08,0.426078,1,0
5.75195,0.244141,0.999958,-3.94119e-08,0.424126,1,0
5.75195,0.263672,0.999114,-5.05311e-08,0.424126,1,0
5.77148,0.244141,0.999958,-4.10814e-08,0.422175,1,0
5.77148,0.263672,0.999114,-5.17661e-08,0.422175,1,0
5.75195,0.283203,0.997452,-5.98726e-08,0.424126,1,0
5.75195,0.302734,0.99429,-6.63285e-08,0.424126,1,0
5.77148,0.283203,0.997452,-6.06651e-08,0.422175,1,0
5.77148,0.302734,0.99429,-6.67187e-08,0.422175,1,0
5.79102,0.00976562,1.00073,1.93663e-09,0.420224,1,0
5.79102,0.0292969,1.00073,4.6733e-09,0.420224,1,0
5.81055,0.00976562,1.00073,1.81629e-09,0.418272,1,0
5.81055,0.0292969,1.00073,4.37032e-09,0.418272,1,0
5.79102,0.0488281,1.00073,7.20107e-09,0.420224,1,0
5.79102,0.0683594,1.00073,9.68074e-09,0.420224,1,0
5.81055,0.0488281,1.00073,6.67105e-09,0.418272,1,0
5.81055,0.0683594,1.00073,8.83852e-09,0.418272,1,0
5.83008,0.00976562,1.00073,1.7035e-09,0.416321,1,0
5.83008,0.0292969,1.00073,4.08633e-09,0.416321,1,0
5.84961,0.00976562,1.00073,1.59792e-09,0.41437,1,0
5.84961,0.0292969,1.00073,3.82012e-09,0.41437,1,0
5.83008,0.0488281,1.00073,6.17687e-09,0.416321,1,0
5.83008,0.0683594,1.00073,8.0583e-09,0.416321,1,0
5.84961,0.0488281,1.00073,5.71517e-09,0.41437,1,0
5.84961,0.0683594,1.00073,7.33358e-09,0.41437,1,0
5.79102,0.0878906,1.00073,1.09676e-08,0.420224,1,0
5.79102,0.107422,1.00072,1.08551e-08,0.420224,1,0
5.81055,0.0878906,1.00073,9.79365e-09,0.418272,1,0
5.81055,0.107422,1.00072,9.34811e-09,0.418272,1,0
5.79102,0.126953,1.00072,8.6828e-09,0.420224,1,0
5.79102,0.146484,1.00071,4.38574e-09,0.420224,1,0
5.81055,0.126953,1.00072,6.89893e-09,0.418272,1,0
5.81055,0.146484,1.00071,2.40274e-09,0.418272,1,0
5.83008,0.0878906,1.00073,8.71309e-09,0.416321,1,0
5.83008,0.107422,1.00072,7.96778e-09,0.416321,1,0
5.84961,0.0878906,1.00073,7.71492e-09,0.41437,1,0
5.84961,0.107422,1.00072,6.69753e-09,0.41437,1,0
5.83008,0.126953,1.00072,5.26949e-09,0.416321,1,0
5.83008,0.146484,1.00071,5.94066e-10,0.416321,1,0
5.84961,0.126953,1.00072,3.77375e-09,0.41437,1,0
5.84961,0.146484,1.00071,-1.06303e-09,0.41437,1,0
5.86914,0.00976562,1.00073,1.49931e-09,0.412418,1,0
5.86914,0.0292969,1.00073,3.57087e-09,0.412418,1,0
5.88867,0.00976562,1.00073,1.40744e-09,0.410467,1,0
5.88867,0.0292969,1.00073,3.33786e-09,0.410467,1,0
5.86914,0.0488281,1.00073,5.28365e-09,0.412418,1,0
5.86914,0.0683594,1.00073,6.65925e-09,0.412418,1,0
5.88867,0.0488281,1.00073,4.88031e-09,0.410467,1,0
5.88867,0.0683594,1.00073,6.03087e-09,0.410467,1,0
5.9082,0.00976562,1.00073,1.322e-09,0.408515,1,0
5.9082,0.0292969,1.00073,3.12022e-09,0.408515,1,0
5.92773,0.00976562,1.00073,1.24267e-09,0.406564,1,0
5.92773,0.0292969,1.00073,2.91716e-09,0.406564,1,0
5.9082,0.0488281,1.00073,4.50334e-09,0.408515,1,0
5.9082,0.0683594,1.00073,5.44503e-09,0.408515,1,0
5.92773,0.0488281,1.00073,4.15137e-09,0.406564,1,0
5.92773,0.0683594,1.00073,4.89916e-09,0.406564,1,0
5.86914,0.0878906,1.00073,6.78983e-09,0.412418,1,0
5.86914,0.107422,1.00072,5.52391e-09,0.412418,1,0
5.88867,0.0878906,1.00073,5.9304e-09,0.410467,1,0
5.88867,0.107422,1.00072,4.43674e-09,0.410467,1,0
5.86914,0.126953,1.00072,2.39548e-09,0.412418,1,0
5.86914,0.146484,1.00071,-2.58651e-09,0.412418,1,0
5.88867,0.126953,1.00072,1.12225e-09,0.410467,1,0
5.88867,0.146484,1.00071,-3.99054e-09,0.410467,1,0
5.9082,0.0878906,1.00073,5.13119e-09,0.408515,1,0
5.9082,0.107422,1.00072,3.42851e-09,0.408515,1,0
5.92773,0.0878906,1.00073,4.3882e-09,0.406564,1,0
5.92773,0.107422,1.00072,2.49365e-09,0.406564,1,0
5.9082,0.126953,1.00072,-5.54446e-11,0.408515,1,0
5.9082,0.146484,1.00071,-5.2864e-09,0.408515,1,0
5.92773,0.126953,1.00072,-1.14508e-09,0.406564,1,0
5.92773,0.146484,1.00071,-6.48325e-09,0.406564,1,0
5.79102,0.166016,1.0007,-2.13752e-09,0.420224,1,0
5.79102,0.185547,1.00066,-1.0595e-08,0.420224,1,0
5.81055,0.166016,1.0007,-4.2123e-09,0.418272,1,0
5.81055,0.185547,1.00066,-1.26485e-08,0.418272,1,0
5.79102,0.205078,1.00057,-2.06033e-08,0.420224,1,0
5.79102,0.224609,1.00037,-3.15223e-08,0.420224,1,0
5.81055,0.205078,1.00057,-2.25212e-08,0.418272,1,0
5.81055,0.224609,1.00037,-3.3206e-08,0.418272,1,0
5.83008,0.166016,1.0007,-6.10308e-09,0.416321,1,0
5.83008,0.185547,1.00066,-1.45193e-08,0.416321,1,0
5.84961,0.166016,1.0007,-7.83311e-09,0.41437,1,0
5.84961,0.185547,1.00066,-1.62298e-08,0.41437,1,0
5.83008,0.205078,1.00057,-2.42687e-08,0.416321,1,0
5.83008,0.224609,1.00037,-3.47404e-08,0.416321,1,0
5.84961,0.205078,1.00057,-2.58659e-08,0.41437,1,0
5.84961,0.224609,1.00037,-3.61426e-08,0.41437,1,0
5.79102,0.244141,0.999958,-4.25917e-08,0.420224,1,0
5.79102,0.263672,0.999114,-5.28836e-08,0.420224,1,0
5.81055,0.244141,0.999958,-4.39639e-08,0.418272,1,0
5.81055,0.263672,0.999114,-5.38988e-08,0.418272,1,0
5.79102,0.283203,0.997452,-6.13812e-08,0.420224,1,0
5.79102,0.302734,0.99429,-6.70677e-08,0.420224,1,0
5.81055,0.283203,0.997452,-6.20299e-08,0.418272,1,0
5.81055,0.302734,0.99429,-6.73792e-08,0.418272,1,0
5.83008,0.244141,0.999958,-4.52145e-08,0.416321,1,0
5.83008,0.263672,0.999114,-5.4823e-08,0.416321,1,0
5.84961,0.244141,0.999958,-4.63565e-08,0.41437,1,0
5.84961,0.263672,0.999114,-5.56652e-08,0.41437,1,0
5.83008,0.283203,0.997452,-6.26176e-08,0.416321,1,0
5.83008,0.302734,0.99429,-6.76554e-08,0.416321,1,0
5.84961,0.283203,0.997452,-6.31492e-08,0.41437,1,0
5.84961,0.302734,0.99429,-6.78979e-08,0.41437,1,0
5.86914,0.166016,1.0007,-9.42097e-09,0.412418,1,0
5.86914,0.185547,1.00066,-1.7798e-08,0.412418,1,0
5.88867,0.166016,1.0007,-1.08817e-08,0.410467,1,0
5.88867,0.185547,1.00066,-1.92386e-08,0.410467,1,0
5.86914,0.205078,1.00057,-2.73292e-08,0.412418,1,0
5.86914,0.224609,1.00037,-3.74262e-08,0.412418,1,0
5.88867,0.205078,1.00057,-2.86719e-08,0.410467,1,0
5.88867,0.224609,1.00037,-3.86024e-08,0.410467,1,0
5.9082,0.166016,1.0007,-1.22274e-08,0.408515,1,0
5.9082,0.185547,1.00066,-2.05639e-08,0.408515,1,0
5.92773,0.166016,1.0007,-1.34684e-08,0.406564,1,0
5.92773,0.185547,1.00066,-2.17839e-08,0.406564,1,0
5.9082,0.205078,1.00057,-2.99051e-08,0.408515,1,0
5.9082,0.224609,1.00037,-3.96805e-08,0.408515,1,0
5.92773,0.205078,1.00057,-3.10381e-08,0.406564,1,0
5.92773,0.224609,1.00037,-4.06681e-08,0.406564,1,0
5.86914,0.244141,0.999958,-4.74005e-08,0.412418,1,0
5.86914,0.263672,0.999114,-5.64321e-08,0.412418,1,0
5.88867,0.244141,0.999958,-4.83547e-08,0.410467,1,0
5.88867,0.263672,0.999114,-5.71293e-08,0.410467,1,0
5.86914,0.283203,0.997452,-6.36282e-08,0.412418,1,0
5.86914,0.302734,0.99429,-6.81072e-08,0.412418,1,0
5.88867,0.283203,0.997452,-6.40571e-08,0.410467,1,0
5.88867,0.302734,0.99429,-6.82838e-08,0.410467,1,0
5.9082,0.244141,0.999958,-4.92261e-08,0.408515,1,0
5.9082,0.263672,0.999114,-5.77609e-08,0.408515,1,0
5.92773,0.244141,0.999958,-5.00203e-08,0.406564,1,0
5.92773,0.263672,0.999114,-5.83307e-08,0.406564,1,0
5.9082,0.283203,0.997452,-6.44379e-08,0.408515,1,0
5.9082,0.302734,0.99429,-6.84277e-08,0.408515,1,0
5.92773,0.283203,0.997452,-6.47723e-08,0.406564,1,0
5.92773,0.302734,0.99429,-6.8539e-08,0.406564,1,0
5.63477,0.322266,0.988482,-6.80773e-08,0.435835,1,0
5.63477,0.341797,0.97818,-6.81068e-08,0.435835,1,0
5.6543,0.322266,0.988482,-6.82921e-08,0.433883,1,0
5.6543,0.341797,0.97818,-6.79364e-08,0.433883,1,0
5.63477,0.361328,0.960542,-6.28036e-08,0.435835,1,0
5.63477,0.380859,0.931385,-5.32291e-08,0.435835,1,0
5.6543,0.361328,0.960542,-6.24591e-08,0.433883,1,0
5.6543,0.380859,0.931385,-5.28625e-08,0.433883,1,0
5.67383,0.322266,0.988482,-6.84717e-08,0.431932,1,0
5.67383,0.341797,0.97818,-6.77717e-08,0.431932,1,0
5.69336,0.322266,0.988482,-6.86215e-08,0.429981,1,0
5.69336,0.341797,0.97818,-6.76123e-08,0.429981,1,0
5.67383,0.361328,0.960542,-6.21365e-08,0.431932,1,0
5.67383,0.380859,0.931385,-5.25195e-08,0.431932,1,0
5.69336,0.361328,0.960542,-6.18324e-08,0.429981,1,0
5.69336,0.380859,0.931385,-5.21918e-08,0.429981,1,0
5.63477,0.400391,0.884836,-4.09746e-08,0.435835,1,0
5.63477,0.419922,0.81302,-2.81713e-08,0.435835,1,0
5.6543,0.400391,0.884836,-4.06721e-08,0.433883,1,0
5.6543,0.419922,0.81302,-2.79431e-08,0.433883,1,0
5.63477,0.439453,0.705882,-1.64104e-08,0.435835,1,0
5.63477,0.458984,0.551177,-7.39988e-09,0.435835,1,0
5.6543,0.439453,0.705882,-1.62689e-08,0.433883,1,0
5.6543,0.458984,0.551177,-7.33742e-09,0.433883,1,0
5.67383,0.400391,0.884836,-4.03754e-08,0.431932,1,0
5.67383,0.419922,0.81302,-2.77338e-08,0.431932,1,0
5.69336,0.400391,0.884836,-4.00994e-08,0.429981,1,0
5.69336,0.419922,0.81302,-2.75211e-08,0.429981,1,0
5.67383,0.439453,0.705882,-1.61362e-08,0.431932,1,0
5.67383,0.458984,0.551177,-7.26369e-09,0.431932,1,0
5.69336,0.439453,0.705882,-1.60046e-08,0.429981,1,0
5.69336,0.458984,0.551177,-7.20832e-09,0.429981,1,0
5.71289,0.322266,0.988482,-6.87462e-08,0.428029,1,0
5.71289,0.341797,0.97818,-6.74574e-08,0.428029,1,0
5.73242,0.322266,0.988482,-6.88496e-08,0.426078,1,0
5.73242,0.341797,0.97818,-6.73059e-08,0.426078,1,0
5.71289,0.361328,0.960542,-6.15437e-08,0.428029,1,0
5.71289,0.380859,0.931385,-5.18806e-08,0.428029,1,0
5.73242,0.361328,0.960542,-6.12672e-08,0.426078,1,0
5.73242,0.380859,0.931385,-5.15784e-08,0.426078,1,0
5.75195,0.322266,0.988482,-6.89347e-08,0.424126,1,0
5.75195,0.341797,0.97818,-6.71567e-08,0.424126,1,0
5.77148,0.322266,0.988482,-6.90033e-08,0.422175,1,0
5.77148,0.341797,0.97818,-6.70081e-08,0.422175,1,0
5.75195,0.361328,0.960542,-6.10002e-08,0.424126,1,0
5.75195,0.380859,0.931385,-5.12869e-08,0.424126,1,0
5.77148,0.361328,0.960542,-6.07396e-08,0.422175,1,0
5.77148,0.380859,0.931385,-5.0999e-08,0.422175,1,0
5.71289,0.400391,0.884836,-3.98235e-08,0.428029,1,0
5.71289,0.419922,0.81302,-2.73245e-08,0.428029,1,0
5.73242,0.400391,0.884836,-3.95642e-08,0.426078,1,0
5.73242,0.419922,0.81302,-2.71212e-08,0.426078,1,0
5.71289,0.439453,0.705882,-1.588e-08,0.428029,1,0
5.71289,0.458984,0.551177,-7.1398e-09,0.428029,1,0
5.73242,0.439453,0.705882,-1.57548e-08,0.426078,1,0
5.73242,0.458984,0.551177,-7.0893e-09,0.426078,1,0
5.75195,0.400391,0.884836,-3.93006e-08,0.424126,1,0
5.75195,0.419922,0.81302,-2.69322e-08,0.424126,1,0
5.77148,0.400391,0.884836,-3.90505e-08,0.422175,1,0
5.77148,0.419922,0.81302,-2.6734e-08,0.422175,1,0
5.75195,0.439453,0.705882,-1.56354e-08,0.424126,1,0
5.75195,0.458984,0.551177,-7.02413e-09,0.424126,1,0
5.77148,0.439453,0.705882,-1.5514e-08,0.422175,1,0
5.77148,0.458984,0.551177,-6.97693e-09,0.422175,1,0
5.63477,0.478516,0.334707,-1.38908e-09,0.435835,1,0
5.63477,0.498047,0.0407918,7.60346e-10,0.435835,0.6,0
5.6543,0.478516,0.334707,-1.36479e-09,0.433883,1,0
5.6543,0.498047,0.0407918,7.62923e-10,0.433883,0.6,0
5.67383,0.478516,0.334707,-1.35091e-09,0.431932,1,0
5.67383,0.498047,0.0407918,7.60808e-10,0.431932,0.6,0
5.69336,0.478516,0.334707,-1.33035e-09,0.429981,1,0
5.69336,0.498047,0.0407918,7.61678e-10,0.429981,0.6,0
5.71289,0.478516,0.334707,-1.3199e-09,0.428029,1,0
5.71289,0.498047,0.0407918,7.57863e-10,0.428029,0.6,0
5.73242,0.478516,0.334707,-1.30196e-09,0.426078,1,0
5.73242,0.498047,0.0407918,7.57361e-10,0.426078,0.6,0
5.75195,0.478516,0.334707,-1.29401e-09,0.424126,1,0
5.75195,0.498047,0.0407918,7.52146e-10,0.424126,0.6,0
5.77148,0.478516,0.334707,-1.27788e-09,0.422175,1,0
5.77148,0.498047,0.0407918,7.50544e-10,0.422175,0.6,0
5.79102,0.322266,0.988482,-6.90561e-08,0.420224,1,0
5.79102,0.341797,0.97818,-6.68582e-08,0.420224,1,0
5.81055,0.322266,0.988482,-6.90931e-08,0.418272,1,0
5.81055,0.341797,0.97818,-6.6705e-08,0.418272,1,0
5.79102,0.361328,0.960542,-6.0483e-08,0.420224,1,0
5.79102,0.380859,0.931385,-5.07173e-08,0.420224,1,0
5.81055,0.361328,0.960542,-6.02279e-08,0.418272,1,0
5.81055,0.380859,0.931385,-5.04348e-08,0.418272,1,0
5.83008,0.322266,0.988482,-6.91137e-08,0.416321,1,0
5.83008,0.341797,0.97818,-6.65464e-08,0.416321,1,0
5.84961,0.322266,0.988482,-6.9117e-08,0.41437,1,0
5.84961,0.341797,0.97818,-6.63803e-08,0.41437,1,0
5.83008,0.361328,0.960542,-5.99718e-08,0.416321,1,0
5.83008,0.380859,0.931385,-5.0155e-08,0.416321,1,0
5.84961,0.361328,0.960542,-5.97129e-08,0.41437,1,0
5.84961,0.380859,0.931385,-4.98712e-08,0.41437,1,0
5.79102,0.400391,0.884836,-3.87925e-08,0.420224,1,0
5.79102,0.419922,0.81302,-2.6549e-08,0.420224,1,0
5.81055,0.400391,0.884836,-3.8546e-08,0.418272,1,0
5.81055,0.419922,0.81302,-2.63527e-08,0.418272,1,0
5.79102,0.439453,0.705882,-1.53977e-08,0.420224,1,0
5.79102,0.458984,0.551177,-6.91376e-09,0.420224,1,0
5.81055,0.439453,0.705882,-1.52783e-08,0.418272,1,0
5.81055,0.458984,0.551177,-6.86872e-09,0.418272,1,0
5.83008,0.400391,0.884836,-3.8289e-08,0.416321,1,0
5.83008,0.419922,0.81302,-2.6169e-08,0.416321,1,0
5.84961,0.400391,0.884835,-3.80421e-08,0.41437,1,0
5.84961,0.419922,0.81302,-2.59726e-08,0.41437,1,0
5.83008,0.439453,0.705882,-1.51634e-08,0.416321,1,0
5.83008,0.458984,0.551177,-6.80657e-09,0.416321,1,0
5.84961,0.439453,0.705882,-1.50448e-08,0.41437,1,0
5.84961,0.458984,0.551177,-6.76286e-09,0.41437,1,0
5.86914,0.322266,0.988482,-6.91017e-08,0.412418,1,0
5.86914,0.341797,0.97818,-6.62049e-08,0.412418,1,0
5.88867,0.322266,0.988482,-6.9067e-08,0.410467,1,0
5.88867,0.341797,0.97818,-6.60185e-08,0.410467,1,0
5.86914,0.361328,0.960542,-5.94493e-08,0.412418,1,0
5.86914,0.380859,0.931385,-4.95875e-08,0.412418,1,0
5.88867,0.361328,0.960542,-5.91795e-08,0.410467,1,0
5.88867,0.380859,0.931385,-4.92974e-08,0.410467,1,0
5.9082,0.322266,0.988482,-6.90116e-08,0.408515,1,0
5.9082,0.341797,0.97818,-6.58198e-08,0.408515,1,0
5.92773,0.322266,0.988482,-6.89347e-08,0.406564,1,0
5.92773,0.341797,0.97818,-6.56076e-08,0.406564,1,0
5.9082,0.361328,0.960542,-5.89024e-08,0.408515,1,0
5.9082,0.380859,0.931385,-4.90059e-08,0.408515,1,0
5.92773,0.361328,0.960542,-5.86171e-08,0.406564,1,0
5.92773,0.380859,0.931385,-4.87066e-08,0.406564,1,0
5.86914,0.400391,0.884835,-3.77826e-08,0.412418,1,0
5.86914,0.419922,0.81302,-2.57885e-08,0.412418,1,0
5.88867,0.400391,0.884835,-3.75326e-08,0.410467,1,0
5.88867,0.419922,0.81302,-2.55905e-08,0.410467,1,0
5.86914,0.439453,0.705882,-1.49304e-08,0.412418,1,0
5.86914,0.458984,0.551177,-6.70104e-09,0.412418,1,0
5.88867,0.439453,0.705882,-1.48116e-08,0.410467,1,0
5.88867,0.458984,0.551177,-6.65808e-09,0.410467,1,0
5.9082,0.400391,0.884835,-3.72687e-08,0.408515,1,0
5.9082,0.419922,0.81302,-2.54049e-08,0.408515,1,0
5.92773,0.400391,0.884835,-3.70141e-08,0.406564,1,0
5.92773,0.419922,0.81302,-2.52046e-08,0.406564,1,0
5.9082,0.439453,0.705882,-1.4697e-08,0.408515,1,0
5.9082,0.458984,0.551177,-6.59609e-09,0.408515,1,0
5.92773,0.439453,0.705882,-1.45776e-08,0.406564,1,0
5.92773,0.458984,0.551177,-6.55351e-09,0.406564,1,0
5.79102,0.478516,0.334707,-1.27174e-09,0.420224,1,0
5.79102,0.498047,0.0407918,7.44176e-10,0.420224,0.6,0
5.81055,0.478516,0.334707,-1.25682e-09,0.418272,1,0
5.81055,0.498047,0.0407918,7.41704e-10,0.418272,0.6,0
5.83008,0.478516,0.334707,-1.25196e-09,0.416321,1,0
5.83008,0.498047,0.0407918,7.34398e-10,0.416321,0.6,0
5.84961,0.478516,0.334707,-1.23779e-09,0.41437,1,0
5.84961,0.498047,0.0407918,7.31256e-10,0.41437,0.6,0
5.86914,0.478516,0.334707,-1.23382e-09,0.412418,1,0
5.86914,0.498047,0.0407918,7.23196e-10,0.412418,0.6,0
5.88867,0.478516,0.334707,-1.22005e-09,0.410467,1,0
5.88867,0.498047,0.0407918,7.19552e-10,0.410467,0.6,0
5.9082,0.478516,0.334707,-1.21666e-09,0.408515,1,0
5.9082,0.498047,0.0407918,7.10891e-10,0.408515,0.6,0
5.92773,0.478516,0.334707,-1.20303e-09,0.406564,1,0
5.92773,0.498047,0.0407918,7.06886e-10,0.406564,0.6,0
5.94727,0.00976562,1.00073,1.16919e-09,0.404613,1,0
5.94727,0.0292969,1.00073,2.72814e-09,0.404613,1,0
5.9668,0.00976562,1.00073,1.10138e-09,0.402661,1,0
5.9668,0.0292969,1.00073,2.55248e-09,0.402661,1,0
5.94727,0.0488281,1.00073,3.82321e-09,0.404613,1,0
5.94727,0.0683594,1.00073,4.39122e-09,0.404613,1,0
5.9668,0.0488281,1.00073,3.51762e-09,0.402661,1,0
5.9668,0.0683594,1.00073,3.92007e-09,0.402661,1,0
5.98633,0.00976562,1.00073,1.039e-09,0.40071,1,0
5.98633,0.0292969,1.00073,2.38937e-09,0.40071,1,0
6.00586,0.00976562,1.00073,9.81854e-10,0.398759,1,0
6.00586,0.0292969,1.00073,2.23898e-09,0.398759,1,0
5.98633,0.0488281,1.00073,3.23425e-09,0.40071,1,0
5.98633,0.0683594,1.00073,3.48513e-09,0.40071,1,0
6.00586,0.0488281,1.00073,2.97328e-09,0.398759,1,0
6.00586,0.0683594,1.00073,3.08418e-09,0.398759,1,0
5.94727,0.0878906,1.00073,3.69871e-09,0.404613,1,0
5.94727,0.107422,1.00072,1.62796e-09,0.404613,1,0
5.9668,0.0878906,1.00073,3.06084e-09,0.402661,1,0
5.9668,0.107422,1.00072,8.27509e-10,0.402661,1,0
5.94727,0.126953,1.00072,-2.15284e-09,0.404613,1,0
5.94727,0.146484,1.00071,-7.5888e-09,0.404613,1,0
5.9668,0.126953,1.00072,-3.08428e-09,0.402661,1,0
5.9668,0.146484,1.00071,-8.60968e-09,0.402661,1,0
5.98633,0.0878906,1.00073,2.47182e-09,0.40071,1,0
5.98633,0.107422,1.00072,8.7906e-11,0.40071,1,0
6.00586,0.0878906,1.00073,1.92738e-09,0.398759,1,0
6.00586,0.107422,1.00072,-5.9535e-10,0.398759,1,0
5.98633,0.126953,1.00072,-3.9446e-09,0.40071,1,0
5.98633,0.146484,1.00071,-9.55146e-09,0.40071,1,0
6.00586,0.126953,1.00072,-4.73821e-09,0.398759,1,0
6.00586,0.146484,1.00071,-1.04185e-08,0.398759,1,0
6.02539,0.00976562,1.00073,9.3009e-10,0.396807,1,0
6.02539,0.0292969,1.00073,2.10192e-09,0.396807,1,0
6.04492,0.00976562,1.00073,8.83598e-10,0.394856,1,0
6.04492,0.0292969,1.00073,1.97721e-09,0.394856,1,0
6.02539,0.0488281,1.00073,2.73335e-09,0.396807,1,0
6.02539,0.0683594,1.00073,2.71327e-09,0.396807,1,0
6.04492,0.0488281,1.00073,2.51179e-09,0.394856,1,0
6.04492,0.0683594,1.00073,2.36934e-09,0.394856,1,0
6.06445,0.00976562,1.00073,8.41582e-10,0.392904,1,0
6.06445,0.0292969,1.00073,1.86301e-09,0.392904,1,0
6.08398,0.00976562,1.00073,8.03486e-10,0.390953,1,0
6.08398,0.0292969,1.00073,1.7585e-09,0.390953,1,0
6.06445,0.0488281,1.00073,2.30694e-09,0.392904,1,0
6.06445,0.0683594,1.00073,2.05139e-09,0.392904,1,0
6.08398,0.0488281,1.00073,2.11877e-09,0.390953,1,0
6.08398,0.0683594,1.00073,1.75991e-09,0.390953,1,0
6.02539,0.0878906,1.00073,1.42343e-09,0.396807,1,0
6.02539,0.107422,1.00072,-1.22596e-09,0.396807,1,0
6.04492,0.0878906,1.00073,9.57414e-10,0.394856,1,0
6.04492,0.107422,1.00072,-1.80652e-09,0.394856,1,0
6.02539,0.126953,1.00072,-5.46854e-09,0.396807,1,0
6.02539,0.146484,1.00071,-1.1214e-08,0.396807,1,0
6.04492,0.126953,1.00072,-6.13825e-09,0.394856,1,0
6.04492,0.146484,1.00071,-1.19409e-08,0.394856,1,0
6.06445,0.0878906,1.00073,5.28323e-10,0.392904,1,0
6.06445,0.107422,1.00072,-2.33859e-09,0.392904,1,0
6.08398,0.0878906,1.00073,1.36163e-10,0.390953,1,0
6.08398,0.107422,1.00072,-2.82304e-09,0.390953,1,0
6.06445,0.126953,1.00072,-6.74944e-09,0.392904,1,0
6.06445,0.146484,1.00071,-1.26016e-08,0.392904,1,0
6.08398,0.126953,1.00072,-7.3038e-09,0.390953,1,0
6.08398,0.146484,1.00071,-1.31983e-08,0.390953,1,0
5.94727,0.166016,1.0007,-1.4613e-08,0.404613,1,0
5.94727,0.185547,1.00066,-2.29072e-08,0.404613,1,0
5.9668,0.166016,1.0007,-1.56684e-08,0.402661,1,0
5.9668,0.185547,1.00066,-2.39406e-08,0.402661,1,0
5.94727,0.205078,1.00057,-3.20787e-08,0.404613,1,0
5.94727,0.224609,1.00037,-4.15716e-08,0.404613,1,0
5.9668,0.205078,1.00057,-3.3033e-08,0.402661,1,0
5.9668,0.224609,1.00037,-4.23962e-08,0.402661,1,0
5.98633,0.166016,1.0007,-1.66402e-08,0.40071,1,0
5.98633,0.185547,1.00066,-2.48896e-08,0.40071,1,0
6.00586,0.166016,1.0007,-1.75327e-08,0.398759,1,0
6.00586,0.185547,1.00066,-2.57583e-08,0.398759,1,0
5.98633,0.205078,1.00057,-3.39059e-08,0.40071,1,0
5.98633,0.224609,1.00037,-4.31457e-08,0.40071,1,0
6.00586,0.205078,1.00057,-3.47012e-08,0.398759,1,0
6.00586,0.224609,1.00037,-4.38234e-08,0.398759,1,0
5.94727,0.244141,0.999958,-5.0742e-08,0.404613,1,0
5.94727,0.263672,0.999114,-5.88414e-08,0.404613,1,0
5.9668,0.244141,0.999958,-5.1395e-08,0.402661,1,0
5.9668,0.263672,0.999114,-5.92954e-08,0.402661,1,0
5.94727,0.283203,0.997452,-6.50614e-08,0.404613,1,0
5.94727,0.302734,0.99429,-6.86177e-08,0.404613,1,0
5.9668,0.283203,0.997452,-6.53062e-08,0.402661,1,0
5.9668,0.302734,0.99429,-6.86637e-08,0.402661,1,0
5.98633,0.244141,0.999958,-5.19822e-08,0.40071,1,0
5.98633,0.263672,0.999114,-5.96943e-08,0.40071,1,0
6.00586,0.244141,0.999958,-5.25057e-08,0.398759,1,0
6.00586,0.263672,0.999114,-6.00396e-08,0.398759,1,0
5.98633,0.283203,0.997452,-6.55074e-08,0.40071,1,0
5.98633,0.302734,0.99429,-6.86771e-08,0.40071,1,0
6.00586,0.283203,0.997452,-6.56656e-08,0.398759,1,0
6.00586,0.302734,0.99429,-6.86578e-08,0.398759,1,0
6.02539,0.166016,1.0007,-1.83491e-08,0.396807,1,0
6.02539,0.185547,1.00066,-2.65498e-08,0.396807,1,0
6.04492,0.166016,1.0007,-1.90922e-08,0.394856,1,0
6.04492,0.185547,1.00066,-2.72669e-08,0.394856,1,0
6.02539,0.205078,1.00057,-3.54216e-08,0.396807,1,0
6.02539,0.224609,1.00037,-4.44315e-08,0.396807,1,0
6.04492,0.205078,1.00057,-3.60697e-08,0.394856,1,0
6.04492,0.224609,1.00037,-4.49721e-08,0.394856,1,0
6.06445,0.166016,1.0007,-1.97647e-08,0.392904,1,0
6.06445,0.185547,1.00066,-2.7912e-08,0.392904,1,0
6.08398,0.166016,1.0007,-2.03689e-08,0.390953,1,0
6.08398,0.185547,1.00066,-2.84876e-08,0.390953,1,0
6.06445,0.205078,1.00057,-3.66476e-08,0.392904,1,0
6.06445,0.224609,1.00037,-4.54472e-08,0.392904,1,0
6.08398,0.205078,1.00057,-3.71577e-08,0.390953,1,0
6.08398,0.224609,1.00037,-4.58586e-08,0.390953,1,0
6.02539,0.244141,0.999958,-5.29674e-08,0.396807,1,0
6.02539,0.263672,0.999114,-6.03323e-08,0.396807,1,0
6.04492,0.244141,0.999958,-5.33688e-08,0.394856,1,0
6.04492,0.263672,0.999114,-6.05735e-08,0.394856,1,0
6.02539,0.283203,0.997452,-6.57813e-08,0.396807,1,0
6.02539,0.302734,0.99429,-6.86058e-08,0.396807,1,0
6.04492,0.283203,0.997452,-6.58551e-08,0.394856,1,0
6.04492,0.302734,0.99429,-6.85216e-08,0.394856,1,0
6.06445,0.244141,0.999958,-5.37115e-08,0.392904,1,0
6.06445,0.263672,0.999114,-6.07643e-08,0.392904,1,0
6.08398,0.244141,0.999958,-5.39969e-08,0.390953,1,0
6.08398,0.263672,0.999114,-6.09058e-08,0.390953,1,0
6.06445,0.283203,0.997452,-6.58876e-08,0.392904,1,0
6.06445,0.302734,0.99429,-6.84056e-08,0.392904,1,0
6.08398,0.283203,0.997452,-6.588e-08,0.390953,1,0
6.08398,0.302734,0.99429,-6.82584e-08,0.390953,1,0
6.10352,0.00976562,1.00073,7.69389e-10,0.389002,1,0
6.10352,0.0292969,1.00073,1.66407e-09,0.389002,1,0
6.12305,0.00976562,1.00073,7.39508e-10,0.38705,1,0
6.12305,0.0292969,1.00073,1.58043e-09,0.38705,1,0
6.10352,0.0488281,1.00073,1.94822e-09,0.389002,1,0
6.10352,0.0683594,1.00073,1.49589e-09,0.389002,1,0
6.12305,0.0488281,1.00073,1.79624e-09,0.38705,1,0
6.12305,0.0683594,1.00073,1.26009e-09,0.38705,1,0
6.14258,0.00976562,1.00073,7.13954e-10,0.385099,1,0
6.14258,0.0292969,1.00073,1.50804e-09,0.385099,1,0
6.16211,0.00976562,1.00073,6.92697e-10,0.383148,1,0
6.16211,0.0292969,1.00073,1.44664e-09,0.383148,1,0
6.14258,0.0488281,1.00073,1.6632e-09,0.385099,1,0
6.14258,0.0683594,1.00073,1.05247e-09,0.385099,1,0
6.16211,0.0488281,1.00073,1.54854e-09,0.383148,1,0
6.16211,0.0683594,1.00073,8.72316e-10,0.383148,1,0
6.10352,0.0878906,1.00073,-2.18684e-10,0.389002,1,0
6.10352,0.107422,1.00072,-3.2604e-09,0.389002,1,0
6.12305,0.0878906,1.00073,-5.36038e-10,0.38705,1,0
6.12305,0.107422,1.00072,-3.65122e-09,0.38705,1,0
6.10352,0.126953,1.00072,-7.80273e-09,0.389002,1,0
6.10352,0.146484,1.00071,-1.37331e-08,0.389002,1,0
6.12305,0.126953,1.00072,-8.24756e-09,0.38705,1,0
6.12305,0.146484,1.00071,-1.42079e-08,0.38705,1,0
6.14258,0.0878906,1.00073,-8.16244e-10,0.385099,1,0
6.14258,0.107422,1.00072,-3.99642e-09,0.385099,1,0
6.16211,0.0878906,1.00073,-1.0603e-09,0.383148,1,0
6.16211,0.107422,1.00072,-4.29745e-09,0.383148,1,0
6.14258,0.126953,1.00072,-8.63982e-09,0.385099,1,0
6.14258,0.146484,1.00071,-1.46248e-08,0.385099,1,0
6.16211,0.126953,1.00072,-8.98145e-09,0.383148,1,0
6.16211,0.146484,1.00071,-1.49862e-08,0.383148,1,0
6.18164,0.00976562,1.00073,6.75369e-10,0.381196,1,0
6.18164,0.0292969,1.00073,1.39539e-09,0.381196,1,0
6.20117,0.00976562,1.00073,6.61519e-10,0.379245,1,0
6.20117,0.0292969,1.00073,1.35338e-09,0.379245,1,0
6.18164,0.0488281,1.00073,1.45123e-09,0.381196,1,0
6.18164,0.0683594,1.00073,7.18383e-10,0.381196,1,0
6.20117,0.0488281,1.00073,1.37008e-09,0.379245,1,0
6.20117,0.0683594,1.00073,5.8887e-10,0.379245,1,0
6.2207,0.00976562,1.00073,6.50877e-10,0.377293,1,0
6.2207,0.0292969,1.00073,1.31984e-09,0.377293,1,0
6.24023,0.00976562,1.00073,6.43189e-10,0.375342,1,0
6.24023,0.0292969,1.00073,1.29391e-09,0.375342,1,0
6.2207,0.0488281,1.00073,1.30361e-09,0.377293,1,0
6.2207,0.0683594,1.00073,4.81582e-10,0.377293,1,0
6.24023,0.0488281,1.00073,1.25019e-09,0.375342,1,0
6.24023,0.0683594,1.00073,3.94174e-10,0.375342,1,0
6.18164,0.0878906,1.00073,-1.26989e-09,0.381196,1,0
6.18164,0.107422,1.00072,-4.55643e-09,0.381196,1,0
6.20117,0.0878906,1.00073,-1.44732e-09,0.379245,1,0
6.20117,0.107422,1.00072,-4.776e-09,0.379245,1,0
6.18164,0.126953,1.00072,-9.27486e-09,0.381196,1,0
6.18164,0.146484,1.00071,-1.52947e-08,0.381196,1,0
6.20117,0.126953,1.00072,-9.52296e-09,0.379245,1,0
6.20117,0.146484,1.00071,-1.55535e-08,0.379245,1,0
6.2207,0.0878906,1.00073,-1.59528e-09,0.377293,1,0
6.2207,0.107422,1.00072,-4.95919e-09,0.377293,1,0
6.24023,0.0878906,1.00073,-1.71662e-09,0.375342,1,0
6.24023,0.107422,1.00072,-5.10924e-09,0.375342,1,0
6.2207,0.126953,1.00072,-9.72901e-09,0.377293,1,0
6.2207,0.146484,1.00071,-1.57661e-08,0.377293,1,0
6.24023,0.126953,1.00072,-9.89655e-09,0.375342,1,0
6.24023,0.146484,1.00071,-1.5936e-08,0.375342,1,0
6.10352,0.166016,1.0007,-2.09074e-08,0.389002,1,0
6.10352,0.185547,1.00066,-2.89961e-08,0.389002,1,0
6.12305,0.166016,1.0007,-2.13824e-08,0.38705,1,0
6.12305,0.185547,1.00066,-2.94402e-08,0.38705,1,0
6.10352,0.205078,1.00057,-3.76024e-08,0.389002,1,0
6.10352,0.224609,1.00037,-4.62086e-08,0.389002,1,0
6.12305,0.205078,1.00057,-3.79839e-08,0.38705,1,0
6.12305,0.224609,1.00037,-4.64993e-08,0.38705,1,0
6.14258,0.166016,1.0007,-2.17963e-08,0.385099,1,0
6.14258,0.185547,1.00066,-2.98223e-08,0.385099,1,0
6.16211,0.166016,1.0007,-2.21518e-08,0.383148,1,0
6.16211,0.185547,1.00066,-3.01452e-08,0.383148,1,0
6.14258,0.205078,1.00057,-3.8305e-08,0.385099,1,0
6.14258,0.224609,1.00037,-4.67333e-08,0.385099,1,0
6.16211,0.205078,1.00057,-3.85685e-08,0.383148,1,0
6.16211,0.224609,1.00037,-4.6913e-08,0.383148,1,0
6.10352,0.244141,0.999958,-5.42269e-08,0.389002,1,0
6.10352,0.263672,0.999114,-6.09997e-08,0.389002,1,0
6.12305,0.244141,0.999958,-5.44036e-08,0.38705,1,0
6.12305,0.263672,0.999114,-6.10475e-08,0.38705,1,0
6.10352,0.283203,0.997452,-6.58332e-08,0.389002,1,0
6.10352,0.302734,0.99429,-6.80809e-08,0.389002,1,0
6.12305,0.283203,0.997452,-6.57487e-08,0.38705,1,0
6.12305,0.302734,0.99429,-6.78745e-08,0.38705,1,0
6.14258,0.244141,0.999958,-5.4529e-08,0.385099,1,0
6.14258,0.263672,0.999114,-6.10512e-08,0.385099,1,0
6.16211,0.244141,0.999958,-5.46057e-08,0.383148,1,0
6.16211,0.263672,0.999114,-6.1013e-08,0.383148,1,0
6.14258,0.283203,0.997452,-6.56282e-08,0.385099,1,0
6.14258,0.302734,0.99429,-6.76404e-08,0.385099,1,0
6.16211,0.283203,0.997452,-6.54736e-08,0.383148,1,0
6.16211,0.302734,0.99429,-6.73801e-08,0.383148,1,0
6.18164,0.166016,1.0007,-2.24519e-08,0.381196,1,0
6.18164,0.185547,1.00066,-3.04119e-08,0.381196,1,0
6.20117,0.166016,1.0007,-2.26996e-08,0.379245,1,0
6.20117,0.185547,1.00066,-3.06258e-08,0.379245,1,0
6.18164,0.205078,1.00057,-3.87772e-08,0.381196,1,0
6.18164,0.224609,1.00037,-4.70415e-08,0.381196,1,0
6.20117,0.205078,1.00057,-3.89345e-08,0.379245,1,0
6.20117,0.224609,1.00037,-4.71219e-08,0.379245,1,0
6.2207,0.166016,1.0007,-2.28987e-08,0.377293,1,0
6.2207,0.185547,1.00066,-3.07905e-08,0.377293,1,0
6.24023,0.166016,1.0007,-2.30529e-08,0.375342,1,0
6.24023,0.185547,1.00066,-3.09097e-08,0.375342,1,0
6.2207,0.205078,1.00057,-3.90439e-08,0.377293,1,0
6.2207,0.224609,1.00037,-4.71574e-08,0.377293,1,0
6.24023,0.205078,1.00057,-3.9109e-08,0.375342,1,0
6.24023,0.224609,1.00037,-4.71515e-08,0.375342,1,0
6.18164,0.244141,0.999958,-5.46363e-08,0.381196,1,0
6.18164,0.263672,0.999114,-6.09353e-08,0.381196,1,0
6.20117,0.244141,0.999958,-5.46237e-08,0.379245,1,0
6.20117,0.263672,0.999114,-6.08205e-08,0.379245,1,0
6.18164,0.283203,0.997452,-6.52867e-08,0.381196,1,0
6.18164,0.302734,0.99429,-6.70954e-08,0.381196,1,0
6.20117,0.283203,0.997452,-6.50699e-08,0.379245,1,0
6.20117,0.302734,0.99429,-6.67879e-08,0.379245,1,0
6.2207,0.244141,0.999958,-5.45708e-08,0.377293,1,0
6.2207,0.263672,0.999114,-6.06713e-08,0.377293,1,0
6.24023,0.244141,0.999958,-5.44808e-08,0.375342,1,0
6.24023,0.263672,0.999114,-6.04904e-08,0.375342,1,0
6.2207,0.283203,0.997452,-6.48253e-08,0.377293,1,0
6.2207,0.302734,0.99429,-6.64595e-08,0.377293,1,0
6.24023,0.283203,0.997452,-6.45552e-08,0.375342,1,0
6.24023,0.302734,0.99429,-6.61118e-08,0.375342,1,0
5.94727,0.322266,0.988482,-6.88357e-08,0.404613,1,0
5.94727,0.341797,0.97818,-6.5381e-08,0.404613,1,0
5.9668,0.322266,0.988482,-6.87139e-08,0.402661,1,0
5.9668,0.341797,0.97818,-6.51392e-08,0.402661,1,0
5.94727,0.361328,0.960542,-5.83227e-08,0.404613,1,0
5.94727,0.380859,0.931385,-4.8405e-08,0.404613,1,0
5.9668,0.361328,0.960542,-5.80189e-08,0.402661,1,0
5.9668,0.380859,0.931385,-4.80949e-08,0.402661,1,0
5.98633,0.322266,0.988482,-6.85689e-08,0.40071,1,0
5.98633,0.341797,0.97818,-6.4882e-08,0.40071,1,0
6.00586,0.322266,0.988482,-6.84005e-08,0.398759,1,0
6.00586,0.341797,0.97818,-6.46089e-08,0.398759,1,0
5.98633,0.361328,0.960542,-5.77054e-08,0.40071,1,0
5.98633,0.380859,0.931385,-4.77823e-08,0.40071,1,0
6.00586,0.361328,0.960542,-5.7382e-08,0.398759,1,0
6.00586,0.380859,0.931385,-4.7461e-08,0.398759,1,0
5.94727,0.400391,0.884835,-3.67447e-08,0.404613,1,0
5.94727,0.419922,0.81302,-2.5017e-08,0.404613,1,0
5.9668,0.400391,0.884835,-3.64848e-08,0.402661,1,0
5.9668,0.419922,0.81302,-2.4814e-08,0.402661,1,0
5.94727,0.439453,0.705882,-1.44624e-08,0.404613,1,0
5.94727,0.458984,0.551177,-6.49105e-09,0.404613,1,0
5.9668,0.439453,0.705882,-1.43422e-08,0.402661,1,0
5.9668,0.458984,0.551177,-6.4486e-09,0.402661,1,0
5.98633,0.400391,0.884835,-3.62096e-08,0.40071,1,0
5.98633,0.419922,0.81302,-2.46243e-08,0.40071,1,0
6.00586,0.400391,0.884835,-3.59444e-08,0.398759,1,0
6.00586,0.419922,0.81302,-2.44188e-08,0.398759,1,0
5.98633,0.439453,0.705882,-1.42263e-08,0.40071,1,0
5.98633,0.458984,0.551177,-6.38549e-09,0.40071,1,0
6.00586,0.439453,0.705882,-1.41051e-08,0.398759,1,0
6.00586,0.458984,0.551177,-6.34307e-09,0.398759,1,0
6.02539,0.322266,0.988482,-6.82085e-08,0.396807,1,0
6.02539,0.341797,0.97818,-6.43199e-08,0.396807,1,0
6.04492,0.322266,0.988482,-6.79931e-08,0.394856,1,0
6.04492,0.341797,0.97818,-6.40151e-08,0.394856,1,0
6.02539,0.361328,0.960542,-5.70487e-08,0.396807,1,0
6.02539,0.380859,0.931385,-4.71374e-08,0.396807,1,0
6.04492,0.361328,0.960542,-5.67057e-08,0.394856,1,0
6.04492,0.380859,0.931385,-4.68052e-08,0.394856,1,0
6.06445,0.322266,0.988482,-6.77546e-08,0.392904,1,0
6.06445,0.341797,0.97818,-6.36949e-08,0.392904,1,0
6.08398,0.322266,0.988482,-6.74937e-08,0.390953,1,0
6.08398,0.341797,0.97818,-6.33597e-08,0.390953,1,0
6.06445,0.361328,0.960542,-5.63533e-08,0.392904,1,0
6.06445,0.380859,0.931385,-4.64714e-08,0.392904,1,0
6.08398,0.361328,0.960542,-5.5992e-08,0.390953,1,0
6.08398,0.380859,0.931385,-4.61295e-08,0.390953,1,0
6.02539,0.400391,0.884835,-3.56637e-08,0.396807,1,0
6.02539,0.419922,0.81302,-2.42272e-08,0.396807,1,0
6.04492,0.400391,0.884835,-3.53937e-08,0.394856,1,0
6.04492,0.419922,0.81302,-2.40193e-08,0.394856,1,0
6.02539,0.439453,0.705882,-1.39885e-08,0.396807,1,0
6.02539,0.458984,0.551177,-6.27927e-09,0.396807,1,0
6.04492,0.439453,0.705882,-1.38665e-08,0.394856,1,0
6.04492,0.458984,0.551177,-6.23687e-09,0.394856,1,0
6.06445,0.400391,0.884835,-3.51079e-08,0.392904,1,0
6.06445,0.419922,0.81302,-2.38261e-08,0.392904,1,0
6.08398,0.400391,0.884835,-3.48339e-08,0.390953,1,0
6.08398,0.419922,0.81302,-2.36163e-08,0.390953,1,0
6.06445,0.439453,0.705882,-1.37494e-08,0.392904,1,0
6.06445,0.458984,0.551177,-6.17238e-09,0.392904,1,0
6.08398,0.439453,0.705882,-1.36267e-08,0.390953,1,0
6.08398,0.458984,0.551177,-6.13008e-09,0.390953,1,0
5.94727,0.478516,0.334707,-1.20001e-09,0.404613,1,0
5.94727,0.498047,0.0407918,6.97748e-10,0.404613,0.6,0
5.9668,0.478516,0.334707,-1.18633e-09,0.402661,1,0
5.9668,0.498047,0.0407918,6.93492e-10,0.402661,0.6,0
5.98633,0.478516,0.334707,-1.18354e-09,0.40071,1,0
5.98633,0.498047,0.0407918,6.83975e-10,0.40071,0.6,0
6.00586,0.478516,0.334707,-1.1697e-09,0.398759,1,0
6.00586,0.498047,0.0407918,6.79557e-10,0.398759,0.6,0
6.02539,0.478516,0.334707,-1.16704e-09,0.396807,1,0
6.02539,0.498047,0.0407918,6.69737e-10,0.396807,0.6,0
6.04492,0.478516,0.334707,-1.15297e-09,0.394856,1,0
6.04492,0.498047,0.0407918,6.65226e-10,0.394856,0.6,0
6.06445,0.478516,0.334707,-1.15042e-09,0.392904,1,0
6.06445,0.498047,0.0407918,6.55164e-10,0.392904,0.6,0
6.08398,0.478516,0.334707,-1.13612e-09,0.390953,1,0
6.08398,0.498047,0.0407918,6.50616e-10,0.390953,0.6,0
6.10352,0.322266,0.988482,-6.7211e-08,0.389002,1,0
6.10352,0.341797,0.97818,-6.30102e-08,0.389002,1,0
6.12305,0.322266,0.988482,-6.69074e-08,0.38705,1,0
6.12305,0.341797,0.97818,-6.2647e-08,0.38705,1,0
6.10352,0.361328,0.960542,-5.56222e-08,0.389002,1,0
6.10352,0.380859,0.931385,-4.57867e-08,0.389002,1,0
6.12305,0.361328,0.960542,-5.52445e-08,0.38705,1,0
6.12305,0.380859,0.931385,-4.54365e-08,0.38705,1,0
6.14258,0.322266,0.988482,-6.65842e-08,0.385099,1,0
6.14258,0.341797,0.97818,-6.22711e-08,0.385099,1,0
6.16211,0.322266,0.988482,-6.62425e-08,0.383148,1,0
6.16211,0.341797,0.97818,-6.18834e-08,0.383148,1,0
6.14258,0.361328,0.960542,-5.48595e-08,0.385099,1,0
6.14258,0.380859,0.931385,-4.50863e-08,0.385099,1,0
6.16211,0.361328,0.960542,-5.44678e-08,0.383148,1,0
6.16211,0.380859,0.931385,-4.47293e-08,0.383148,1,0
6.10352,0.400391,0.884835,-3.4544e-08,0.389002,1,0
6.10352,0.419922,0.81302,-2.3422e-08,0.389002,1,0
6.12305,0.400391,0.884835,-3.42667e-08,0.38705,1,0
6.12305,0.419922,0.81302,-2.32108e-08,0.38705,1,0
6.10352,0.439453,0.705882,-1.35092e-08,0.389002,1,0
6.10352,0.458984,0.551177,-6.065e-09,0.389002,1,0
6.12305,0.439453,0.705882,-1.33862e-08,0.38705,1,0
6.12305,0.458984,0.551177,-6.02291e-09,0.38705,1,0
6.14258,0.400391,0.884835,-3.39736e-08,0.385099,1,0
6.14258,0.419922,0.81302,-2.30159e-08,0.385099,1,0
6.16211,0.400391,0.884835,-3.36942e-08,0.383148,1,0
6.16211,0.419922,0.81302,-2.28039e-08,0.383148,1,0
6.14258,0.439453,0.705882,-1.32686e-08,0.385099,1,0
6.14258,0.458984,0.551177,-5.95735e-09,0.385099,1,0
6.16211,0.439453,0.705882,-1.31454e-08,0.383148,1,0
6.16211,0.458984,0.551177,-5.91561e-09,0.383148,1,0
6.18164,0.322266,0.988482,-6.58837e-08,0.381196,1,0
6.18164,0.341797,0.97818,-6.14848e-08,0.381196,1,0
6.20117,0.322266,0.988482,-6.5509e-08,0.379245,1,0
6.20117,0.341797,0.97818,-6.10764e-08,0.379245,1,0
6.18164,0.361328,0.960542,-5.40702e-08,0.381196,1,0
6.18164,0.380859,0.931385,-4.43734e-08,0.381196,1,0
6.20117,0.361328,0.960542,-5.36673e-08,0.379245,1,0
6.20117,0.380859,0.931385,-4.40114e-08,0.379245,1,0
6.2207,0.322266,0.988482,-6.51198e-08,0.377293,1,0
6.2207,0.341797,0.97818,-6.06589e-08,0.377293,1,0
6.24023,0.322266,0.988482,-6.47174e-08,0.375342,1,0
6.24023,0.341797,0.97818,-6.02334e-08,0.375342,1,0
6.2207,0.361328,0.960542,-5.32596e-08,0.377293,1,0
6.2207,0.380859,0.931385,-4.36513e-08,0.377293,1,0
6.24023,0.361328,0.960542,-5.28478e-08,0.375342,1,0
6.24023,0.380859,0.931385,-4.32857e-08,0.375342,1,0
6.18164,0.400391,0.884835,-3.33989e-08,0.381196,1,0
6.18164,0.419922,0.81302,-2.2609e-08,0.381196,1,0
6.20117,0.400391,0.884835,-3.31183e-08,0.379245,1,0
6.20117,0.419922,0.81302,-2.23966e-08,0.379245,1,0
6.18164,0.439453,0.705882,-1.30281e-08,0.381196,1,0
6.18164,0.458984,0.551177,-5.84971e-09,0.381196,1,0
6.20117,0.439453,0.705882,-1.2905e-08,0.379245,1,0
6.20117,0.458984,0.551177,-5.80843e-09,0.379245,1,0
6.2207,0.400391,0.884835,-3.28217e-08,0.377293,1,0
6.2207,0.419922,0.81302,-2.22022e-08,0.377293,1,0
6.24023,0.400391,0.884835,-3.25406e-08,0.375342,1,0
6.24023,0.419922,0.81302,-2.19899e-08,0.375342,1,0
6.2207,0.439453,0.705882,-1.27881e-08,0.377293,1,0
6.2207,0.458984,0.551177,-5.74229e-09,0.377293,1,0
6.24023,0.439453,0.705882,-1.26654e-08,0.375342,1,0
6.24023,0.458984,0.551177,-5.70158e-09,0.375342,1,0
6.10352,0.478516,0.334707,-1.13368e-09,0.389002,1,0
6.10352,0.498047,0.0407918,6.40363e-10,0.389002,0.6,0
6.12305,0.478516,0.334707,-1.11915e-09,0.38705,1,0
6.12305,0.498047,0.0407918,6.35825e-10,0.38705,0.6,0
6.14258,0.478516,0.334707,-1.11685e-09,0.385099,1,0
6.14258,0.498047,0.0407918,6.25421e-10,0.385099,0.6,0
6.16211,0.478516,0.334707,-1.10211e-09,0.383148,1,0
6.16211,0.498047,0.0407918,6.20933e-10,0.383148,0.6,0
6.18164,0.478516,0.334707,-1.09998e-09,0.381196,1,0
6.18164,0.498047,0.0407918,6.10411e-10,0.381196,0.6,0
6.20117,0.478516,0.334707,-1.08506e-09,0.379245,1,0
6.20117,0.498047,0.0407918,6.06002e-10,0.379245,0.6,0
6.2207,0.478516,0.334707,-1.08311e-09,0.377293,1,0
6.2207,0.498047,0.0407918,5.95384e-10,0.377293,0.6,0
6.24023,0.478516,0.334707,-1.06802e-09,0.375342,1,0
6.24023,0.498047,0.0407918,5.91075e-10,0.375342,0.6,0
6.25977,0.00976562,1.00073,6.38133e-10,0.373391,1,0
6.25977,0.0292969,1.00073,1.27465e-09,0.373391,1,0
6.2793,0.00976562,1.00073,6.35374e-10,0.371439,1,0
6.2793,0.0292969,1.00073,1.26113e-09,0.371439,1,0
6.25977,0.0488281,1.00073,1.20817e-09,0.373391,1,0
6.25977,0.0683594,1.00073,3.24343e-10,0.373391,1,0
6.2793,0.0488281,1.00073,1.17604e-09,0.371439,1,0
6.2793,0.0683594,1.00073,2.6993e-10,0.371439,1,0
6.29883,0.00976562,1.00073,6.34576e-10,0.369488,1,0
6.29883,0.0292969,1.00073,1.25253e-09,0.369488,1,0
6.31836,0.00976562,1.00073,6.35387e-10,0.367537,1,0
6.31836,0.0292969,1.00073,1.24806e-09,0.367537,1,0
6.29883,0.0488281,1.00073,1.15246e-09,0.369488,1,0
6.29883,0.0683594,1.00073,2.28978e-10,0.369488,1,0
6.31836,0.0488281,1.00073,1.13627e-09,0.367537,1,0
6.31836,0.0683594,1.00073,1.99738e-10,0.367537,1,0
6.25977,0.0878906,1.00073,-1.8142e-09,0.373391,1,0
6.25977,0.107422,1.00072,-5.22947e-09,0.373391,1,0
6.2793,0.0878906,1.00073,-1.89074e-09,0.371439,1,0
6.2793,0.107422,1.00072,-5.32312e-09,0.371439,1,0
6.25977,0.126953,1.00072,-1.00292e-08,0.373391,1,0
6.25977,0.146484,1.00071,-1.60673e-08,0.373391,1,0
6.2793,0.126953,1.00072,-1.01306e-08,0.371439,1,0
6.2793,0.146484,1.00071,-1.61637e-08,0.371439,1,0
6.29883,0.0878906,1.00073,-1.94879e-09,0.369488,1,0
6.29883,0.107422,1.00072,-5.39325e-09,0.369488,1,0
6.31836,0.0878906,1.00073,-1.99065e-09,0.367537,1,0
6.31836,0.107422,1.00072,-5.44265e-09,0.367537,1,0
6.29883,0.126953,1.00072,-1.02042e-08,0.369488,1,0
6.29883,0.146484,1.00071,-1.62289e-08,0.369488,1,0
6.31836,0.126953,1.00072,-1.02532e-08,0.367537,1,0
6.31836,0.146484,1.00071,-1.62665e-08,0.367537,1,0
6.33789,0.00976562,1.00073,6.37437e-10,0.365585,1,0
6.33789,0.0292969,1.00073,1.24701e-09,0.365585,1,0
6.35742,0.00976562,1.00073,6.40371e-10,0.363634,1,0
6.35742,0.0292969,1.00073,1.24871e-09,0.363634,1,0
6.33789,0.0488281,1.00073,1.12643e-09,0.365585,1,0
6.33789,0.0683594,1.00073,1.8069e-10,0.365585,1,0
6.35742,0.0488281,1.00073,1.12211e-09,0.363634,1,0
6.35742,0.0683594,1.00073,1.70553e-10,0.363634,1,0
6.37695,0.00976562,1.00073,6.43898e-10,0.361682,1,0
6.37695,0.0292969,1.00073,1.25265e-09,0.361682,1,0
6.39648,0.00976562,1.00073,6.4783e-10,0.359731,1,0
6.39648,0.0292969,1.00073,1.25846e-09,0.359731,1,0
6.37695,0.0488281,1.00073,1.12259e-09,0.361682,1,0
6.37695,0.0683594,1.00073,1.68289e-10,0.361682,1,0
6.39648,0.0488281,1.00073,1.12737e-09,0.359731,1,0
6.39648,0.0683594,1.00073,1.73092e-10,0.359731,1,0
6.33789,0.0878906,1.00073,-2.01828e-09,0.365585,1,0
6.33789,0.107422,1.00072,-5.47377e-09,0.365585,1,0
6.35742,0.0878906,1.00073,-2.03338e-09,0.363634,1,0
6.35742,0.107422,1.00072,-5.48869e-09,0.363634,1,0
6.33789,0.126953,1.00072,-1.02804e-08,0.365585,1,0
6.33789,0.146484,1.00071,-1.62793e-08,0.365585,1,0
6.35742,0.126953,1.00072,-1.02881e-08,0.363634,1,0
6.35742,0.146484,1.00071,-1.62701e-08,0.363634,1,0
6.37695,0.0878906,1.00073,-2.03729e-09,0.361682,1,0
6.37695,0.107422,1.00072,-5.48909e-09,0.361682,1,0
6.39648,0.0878906,1.00073,-2.03109e-09,0.359731,1,0
6.39648,0.107422,1.00072,-5.47636e-09,0.359731,1,0
6.37695,0.126953,1.00072,-1.02783e-08,0.361682,1,0
6.37695,0.146484,1.00071,-1.6241e-08,0.361682,1,0
6.39648,0.126953,1.00072,-1.02527e-08,0.359731,1,0
6.39648,0.146484,1.00071,-1.61937e-08,0.359731,1,0
6.25977,0.166016,1.0007,-2.31662e-08,0.373391,1,0
6.25977,0.185547,1.00066,-3.09873e-08,0.373391,1,0
6.2793,0.166016,1.0007,-2.32424e-08,0.371439,1,0
6.2793,0.185547,1.00066,-3.10273e-08,0.371439,1,0
6.25977,0.205078,1.00057,-3.91336e-08,0.373391,1,0
6.25977,0.224609,1.00037,-4.71076e-08,0.373391,1,0
6.2793,0.205078,1.00057,-3.91213e-08,0.371439,1,0
6.2793,0.224609,1.00037,-4.70292e-08,0.371439,1,0
6.29883,0.166016,1.0007,-2.32855e-08,0.369488,1,0
6.29883,0.185547,1.00066,-3.10333e-08,0.369488,1,0
6.31836,0.166016,1.0007,-2.32989e-08,0.367537,1,0
6.31836,0.185547,1.00066,-3.10089e-08,0.367537,1,0
6.29883,0.205078,1.00057,-3.90759e-08,0.369488,1,0
6.29883,0.224609,1.00037,-4.69195e-08,0.369488,1,0
6.31836,0.205078,1.00057,-3.90004e-08,0.367537,1,0
6.31836,0.224609,1.00037,-4.67815e-08,0.367537,1,0
6.25977,0.244141,0.999958,-5.43568e-08,0.373391,1,0
6.25977,0.263672,0.999114,-6.02805e-08,0.373391,1,0
6.2793,0.244141,0.999958,-5.42018e-08,0.371439,1,0
6.2793,0.263672,0.999114,-6.00442e-08,0.371439,1,0
6.25977,0.283203,0.997452,-6.42617e-08,0.373391,1,0
6.25977,0.302734,0.99429,-6.57468e-08,0.373391,1,0
6.2793,0.283203,0.997452,-6.39469e-08,0.371439,1,0
6.2793,0.302734,0.99429,-6.53659e-08,0.371439,1,0
6.29883,0.244141,0.999958,-5.40187e-08,0.369488,1,0
6.29883,0.263672,0.999114,-5.97838e-08,0.369488,1,0
6.31836,0.244141,0.999958,-5.38102e-08,0.367537,1,0
6.31836,0.263672,0.999114,-5.95017e-08,0.367537,1,0
6.29883,0.283203,0.997452,-6.3613e-08,0.369488,1,0
6.29883,0.302734,0.99429,-6.49706e-08,0.369488,1,0
6.31836,0.283203,0.997452,-6.32615e-08,0.367537,1,0
6.31836,0.302734,0.99429,-6.45625e-08,0.367537,1,0
6.33789,0.166016,1.0007,-2.32857e-08,0.365585,1,0
6.33789,0.185547,1.00066,-3.0957e-08,0.365585,1,0
6.35742,0.166016,1.0007,-2.32486e-08,0.363634,1,0
6.35742,0.185547,1.00066,-3.08806e-08,0.363634,1,0
6.33789,0.205078,1.00057,-3.88979e-08,0.365585,1,0
6.33789,0.224609,1.00037,-4.6618e-08,0.365585,1,0
6.35742,0.205078,1.00057,-3.8771e-08,0.363634,1,0
6.35742,0.224609,1.00037,-4.64313e-08,0.363634,1,0
6.37695,0.166016,1.0007,-2.319e-08,0.361682,1,0
6.37695,0.185547,1.00066,-3.07817e-08,0.361682,1,0
6.39648,0.166016,1.0007,-2.31117e-08,0.359731,1,0
6.39648,0.185547,1.00066,-3.06624e-08,0.359731,1,0
6.37695,0.205078,1.00057,-3.86219e-08,0.361682,1,0
6.37695,0.224609,1.00037,-4.62235e-08,0.361682,1,0
6.39648,0.205078,1.00057,-3.84524e-08,0.359731,1,0
6.39648,0.224609,1.00037,-4.59963e-08,0.359731,1,0
6.33789,0.244141,0.999958,-5.35786e-08,0.365585,1,0
6.33789,0.263672,0.999114,-5.91999e-08,0.365585,1,0
6.35742,0.244141,0.999958,-5.3326e-08,0.363634,1,0
6.35742,0.263672,0.999114,-5.88801e-08,0.363634,1,0
6.33789,0.283203,0.997452,-6.28943e-08,0.365585,1,0
6.33789,0.302734,0.99429,-6.41426e-08,0.365585,1,0
6.35742,0.283203,0.997452,-6.25126e-08,0.363634,1,0
6.35742,0.302734,0.99429,-6.37122e-08,0.363634,1,0
6.37695,0.244141,0.999958,-5.30543e-08,0.361682,1,0
6.37695,0.263672,0.999114,-5.8544e-08,0.361682,1,0
6.39648,0.244141,0.999958,-5.27651e-08,0.359731,1,0
6.39648,0.263672,0.999114,-5.8193e-08,0.359731,1,0
6.37695,0.283203,0.997452,-6.2118e-08,0.361682,1,0
6.37695,0.302734,0.99429,-6.32722e-08,0.361682,1,0
6.39648,0.283203,0.997452,-6.17114e-08,0.359731,1,0
6.39648,0.302734,0.99429,-6.28236e-08,0.359731,1,0
6.41602,0.00976562,1.00073,6.52096e-10,0.35778,1,0
6.41602,0.0292969,1.00073,1.26597e-09,0.35778,1,0
6.43555,0.00976562,1.00073,6.56738e-10,0.355828,1,0
6.43555,0.0292969,1.00073,1.27511e-09,0.355828,1,0
6.41602,0.0488281,1.00073,1.13604e-09,0.35778,1,0
6.41602,0.0683594,1.00073,1.8435e-10,0.35778,1,0
6.43555,0.0488281,1.00073,1.14836e-09,0.355828,1,0
6.43555,0.0683594,1.00073,2.0159e-10,0.355828,1,0
6.45508,0.00976562,1.00073,6.61868e-10,0.353877,1,0
6.45508,0.0292969,1.00073,1.28595e-09,0.353877,1,0
6.47461,0.00976562,1.00073,6.67612e-10,0.351926,1,0
6.47461,0.0292969,1.00073,1.29851e-09,0.351926,1,0
6.45508,0.0488281,1.00073,1.16408e-09,0.353877,1,0
6.45508,0.0683594,1.00073,2.24414e-10,0.353877,1,0
6.47461,0.0488281,1.00073,1.183e-09,0.351926,1,0
6.47461,0.0683594,1.00073,2.52426e-10,0.351926,1,0
6.41602,0.0878906,1.00073,-2.01564e-09,0.35778,1,0
6.41602,0.107422,1.00072,-5.45161e-09,0.35778,1,0
6.43555,0.0878906,1.00073,-1.99163e-09,0.355828,1,0
6.43555,0.107422,1.00072,-5.41575e-09,0.355828,1,0
6.41602,0.126953,1.00072,-1.02126e-08,0.35778,1,0
6.41602,0.146484,1.00071,-1.61299e-08,0.35778,1,0
6.43555,0.126953,1.00072,-1.0159e-08,0.355828,1,0
6.43555,0.146484,1.00071,-1.60507e-08,0.355828,1,0
6.45508,0.0878906,1.00073,-1.95967e-09,0.353877,1,0
6.45508,0.107422,1.00072,-5.36961e-09,0.353877,1,0
6.47461,0.0878906,1.00073,-1.92038e-09,0.351926,1,0
6.47461,0.107422,1.00072,-5.314e-09,0.351926,1,0
6.45508,0.126953,1.00072,-1.0093e-08,0.353877,1,0
6.45508,0.146484,1.00071,-1.59575e-08,0.353877,1,0
6.47461,0.126953,1.00072,-1.00157e-08,0.351926,1,0
6.47461,0.146484,1.00071,-1.58513e-08,0.351926,1,0
6.49414,0.00976562,1.00073,6.74048e-10,0.349974,1,0
6.49414,0.0292969,1.00073,1.31279e-09,0.349974,1,0
6.51367,0.00976562,1.00073,6.81162e-10,0.348023,1,0
6.51367,0.0292969,1.00073,1.32862e-09,0.348023,1,0
6.49414,0.0488281,1.00073,1.20485e-09,0.349974,1,0
6.49414,0.0683594,1.00073,2.85181e-10,0.349974,1,0
6.51367,0.0488281,1.00073,1.22929e-09,0.348023,1,0
6.51367,0.0683594,1.00073,3.22147e-10,0.348023,1,0
6.5332,0.00976562,1.00073,6.88829e-10,0.346072,1,0
6.5332,0.0292969,1.00073,1.34573e-09,0.346072,1,0
6.55273,0.00976562,1.00073,6.96855e-10,0.34412,1,0
6.55273,0.0292969,1.00073,1.36377e-09,0.34412,1,0
6.5332,0.0488281,1.00073,1.25592e-09,0.346072,1,0
6.5332,0.0683594,1.00073,3.627e-10,0.346072,1,0
6.55273,0.0488281,1.00073,1.28424e-09,0.34412,1,0
6.55273,0.0683594,1.00073,4.06114e-10,0.34412,1,0
6.49414,0.0878906,1.00073,-1.87442e-09,0.349974,1,0
6.49414,0.107422,1.00072,-5.24979e-09,0.349974,1,0
6.51367,0.0878906,1.00073,-1.82255e-09,0.348023,1,0
6.51367,0.107422,1.00072,-5.17791e-09,0.348023,1,0
6.49414,0.126953,1.00072,-9.92797e-09,0.349974,1,0
6.49414,0.146484,1.00071,-1.57333e-08,0.349974,1,0
6.51367,0.126953,1.00072,-9.83105e-09,0.348023,1,0
6.51367,0.146484,1.00071,-1.56049e-08,0.348023,1,0
6.5332,0.0878906,1.00073,-1.7656e-09,0.346072,1,0
6.5332,0.107422,1.00072,-5.09941e-09,0.346072,1,0
6.55273,0.0878906,1.00073,-1.70448e-09,0.34412,1,0
6.55273,0.107422,1.00072,-5.01537e-09,0.34412,1,0
6.5332,0.126953,1.00072,-9.72611e-09,0.346072,1,0
6.5332,0.146484,1.00071,-1.54673e-08,0.346072,1,0
6.55273,0.126953,1.00072,-9.6144e-09,0.34412,1,0
6.55273,0.146484,1.00071,-1.53219e-08,0.34412,1,0
6.41602,0.166016,1.0007,-2.30154e-08,0.35778,1,0
6.41602,0.185547,1.00066,-3.05244e-08,0.35778,1,0
6.43555,0.166016,1.0007,-2.29025e-08,0.355828,1,0
6.43555,0.185547,1.00066,-3.03692e-08,0.355828,1,0
6.41602,0.205078,1.00057,-3.82644e-08,0.35778,1,0
6.41602,0.224609,1.00037,-4.57515e-08,0.35778,1,0
6.43555,0.205078,1.00057,-3.80592e-08,0.355828,1,0
6.43555,0.224609,1.00037,-4.54905e-08,0.355828,1,0
6.45508,0.166016,1.0007,-2.27743e-08,0.353877,1,0
6.45508,0.185547,1.00066,-3.01981e-08,0.353877,1,0
6.47461,0.166016,1.0007,-2.26321e-08,0.351926,1,0
6.47461,0.185547,1.00066,-3.00125e-08,0.351926,1,0
6.45508,0.205078,1.00057,-3.78383e-08,0.353877,1,0
6.45508,0.224609,1.00037,-4.52146e-08,0.353877,1,0
6.47461,0.205078,1.00057,-3.76032e-08,0.351926,1,0
6.47461,0.224609,1.00037,-4.49252e-08,0.351926,1,0
6.41602,0.244141,0.999958,-5.246e-08,0.35778,1,0
6.41602,0.263672,0.999114,-5.78283e-08,0.35778,1,0
6.43555,0.244141,0.999958,-5.21402e-08,0.355828,1,0
6.43555,0.263672,0.999114,-5.74513e-08,0.355828,1,0
6.41602,0.283203,0.997452,-6.1294e-08,0.35778,1,0
6.41602,0.302734,0.99429,-6.23672e-08,0.35778,1,0
6.43555,0.283203,0.997452,-6.08669e-08,0.355828,1,0
6.43555,0.302734,0.99429,-6.19039e-08,0.355828,1,0
6.45508,0.244141,0.999958,-5.18071e-08,0.353877,1,0
6.45508,0.263672,0.999114,-5.70629e-08,0.353877,1,0
6.47461,0.244141,0.999958,-5.14619e-08,0.351926,1,0
6.47461,0.263672,0.999114,-5.66645e-08,0.351926,1,0
6.45508,0.283203,0.997452,-6.0431e-08,0.353877,1,0
6.45508,0.302734,0.99429,-6.14345e-08,0.353877,1,0
6.47461,0.283203,0.997452,-5.99873e-08,0.351926,1,0
6.47461,0.302734,0.99429,-6.09598e-08,0.351926,1,0
6.49414,0.166016,1.0007,-2.24772e-08,0.349974,1,0
6.49414,0.185547,1.00066,-2.98138e-08,0.349974,1,0
6.51367,0.166016,1.0007,-2.2311e-08,0.348023,1,0
6.51367,0.185547,1.00066,-2.96035e-08,0.348023,1,0
6.49414,0.205078,1.00057,-3.7355e-08,0.349974,1,0
6.49414,0.224609,1.00037,-4.46236e-08,0.349974,1,0
6.51367,0.205078,1.00057,-3.70954e-08,0.348023,1,0
6.51367,0.224609,1.00037,-4.43112e-08,0.348023,1,0
6.5332,0.166016,1.0007,-2.21348e-08,0.346072,1,0
6.5332,0.185547,1.00066,-2.93828e-08,0.346072,1,0
6.55273,0.166016,1.0007,-2.19502e-08,0.34412,1,0
6.55273,0.185547,1.00066,-2.91534e-08,0.34412,1,0
6.5332,0.205078,1.00057,-3.68257e-08,0.346072,1,0
6.5332,0.224609,1.00037,-4.39894e-08,0.346072,1,0
6.55273,0.205078,1.00057,-3.65473e-08,0.34412,1,0
6.55273,0.224609,1.00037,-4.36596e-08,0.34412,1,0
6.49414,0.244141,0.999958,-5.11059e-08,0.349974,1,0
6.49414,0.263672,0.999114,-5.6257e-08,0.349974,1,0
6.51367,0.244141,0.999958,-5.07403e-08,0.348023,1,0
6.51367,0.263672,0.999114,-5.58417e-08,0.348023,1,0
6.49414,0.283203,0.997452,-5.95368e-08,0.349974,1,0
6.49414,0.302734,0.99429,-6.04805e-08,0.349974,1,0
6.51367,0.283203,0.997452,-5.90804e-08,0.348023,1,0
6.51367,0.302734,0.99429,-5.99974e-08,0.348023,1,0
6.5332,0.244141,0.999958,-5.03665e-08,0.346072,1,0
6.5332,0.263672,0.999114,-5.54196e-08,0.346072,1,0
6.55273,0.244141,0.999958,-4.99856e-08,0.34412,1,0
6.55273,0.263672,0.999114,-5.49918e-08,0.34412,1,0
6.5332,0.283203,0.997452,-5.8619e-08,0.346072,1,0
6.5332,0.302734,0.99429,-5.95112e-08,0.346072,1,0
6.55273,0.283203,0.997452,-5.81535e-08,0.34412,1,0
6.55273,0.302734,0.99429,-5.90226e-08,0.34412,1,0
6.25977,0.322266,0.988482,-6.43032e-08,0.373391,1,0
6.25977,0.341797,0.97818,-5.98008e-08,0.373391,1,0
6.2793,0.322266,0.988482,-6.38782e-08,0.371439,1,0
6.2793,0.341797,0.97818,-5.93618e-08,0.371439,1,0
6.25977,0.361328,0.960541,-5.24324e-08,0.373391,1,0
6.25977,0.380859,0.931385,-4.29228e-08,0.373391,1,0
6.2793,0.361328,0.960541,-5.20139e-08,0.371439,1,0
6.2793,0.380859,0.931385,-4.2555e-08,0.371439,1,0
6.29883,0.322266,0.988482,-6.34435e-08,0.369488,1,0
6.29883,0.341797,0.97818,-5.89171e-08,0.369488,1,0
6.31836,0.322266,0.988482,-6.30002e-08,0.367537,1,0
6.31836,0.341797,0.97818,-5.84675e-08,0.367537,1,0
6.29883,0.361328,0.960541,-5.15928e-08,0.369488,1,0
6.29883,0.380859,0.931385,-4.21905e-08,0.369488,1,0
6.31836,0.361328,0.960541,-5.11696e-08,0.367537,1,0
6.31836,0.380859,0.931385,-4.18215e-08,0.367537,1,0
6.25977,0.400391,0.884835,-3.22434e-08,0.373391,1,0
6.25977,0.419922,0.81302,-2.17963e-08,0.373391,1,0
6.2793,0.400391,0.884835,-3.19627e-08,0.371439,1,0
6.2793,0.419922,0.81302,-2.15845e-08,0.371439,1,0
6.25977,0.439453,0.705882,-1.25492e-08,0.373391,1,0
6.25977,0.458984,0.551177,-5.63527e-09,0.373391,1,0
6.2793,0.439453,0.705882,-1.2427e-08,0.371439,1,0
6.2793,0.458984,0.551177,-5.59521e-09,0.371439,1,0
6.29883,0.400391,0.884835,-3.16657e-08,0.369488,1,0
6.29883,0.419922,0.81302,-2.13921e-08,0.369488,1,0
6.31836,0.400391,0.884835,-3.13859e-08,0.367537,1,0
6.31836,0.419922,0.81302,-2.1181e-08,0.367537,1,0
6.29883,0.439453,0.705882,-1.23116e-08,0.369488,1,0
6.29883,0.458984,0.551177,-5.5288e-09,0.369488,1,0
6.31836,0.439453,0.705882,-1.219e-08,0.367537,1,0
6.31836,0.458984,0.551177,-5.48945e-09,0.367537,1,0
6.33789,0.322266,0.988482,-6.25492e-08,0.365585,1,0
6.33789,0.341797,0.978179,-5.80136e-08,0.365585,1,0
6.35742,0.322266,0.988482,-6.20913e-08,0.363634,1,0
6.35742,0.341797,0.978179,-5.75558e-08,0.363634,1,0
6.33789,0.361328,0.960541,-5.07445e-08,0.365585,1,0
6.33789,0.380859,0.931385,-4.14565e-08,0.365585,1,0
6.35742,0.361328,0.960541,-5.0318e-08,0.363634,1,0
6.35742,0.380859,0.931385,-4.10872e-08,0.363634,1,0
6.37695,0.322266,0.988482,-6.16272e-08,0.361682,1,0
6.37695,0.341797,0.978179,-5.70948e-08,0.361682,1,0
6.39648,0.322266,0.988482,-6.11576e-08,0.359731,1,0
6.39648,0.341797,0.978179,-5.66311e-08,0.359731,1,0
6.37695,0.361328,0.960541,-4.98905e-08,0.361682,1,0
6.37695,0.380859,0.931385,-4.07225e-08,0.361682,1,0
6.39648,0.361328,0.960541,-4.94621e-08,0.359731,1,0
6.39648,0.380859,0.931385,-4.03538e-08,0.359731,1,0
6.33789,0.400391,0.884835,-3.10895e-08,0.365585,1,0
6.33789,0.419922,0.81302,-2.09901e-08,0.365585,1,0
6.35742,0.400391,0.884835,-3.08112e-08,0.363634,1,0
6.35742,0.419922,0.81302,-2.07801e-08,0.363634,1,0
6.33789,0.439453,0.705882,-1.20755e-08,0.365585,1,0
6.33789,0.458984,0.551177,-5.42299e-09,0.365585,1,0
6.35742,0.439453,0.705882,-1.19548e-08,0.363634,1,0
6.35742,0.458984,0.551177,-5.38441e-09,0.363634,1,0
6.37695,0.400391,0.884835,-3.05159e-08,0.361682,1,0
6.37695,0.419922,0.81302,-2.05909e-08,0.361682,1,0
6.39648,0.400391,0.884835,-3.02394e-08,0.359731,1,0
6.39648,0.419922,0.81302,-2.0382e-08,0.359731,1,0
6.37695,0.439453,0.705882,-1.18413e-08,0.361682,1,0
6.37695,0.458984,0.551177,-5.31795e-09,0.361682,1,0
6.39648,0.439453,0.705882,-1.17214e-08,0.359731,1,0
6.39648,0.458984,0.551177,-5.2802e-09,0.359731,1,0
6.25977,0.478516,0.334707,-1.06626e-09,0.373391,1,0
6.25977,0.498047,0.0407918,5.80374e-10,0.373391,0.6,0
6.2793,0.478516,0.334707,-1.051e-09,0.371439,1,0
6.2793,0.498047,0.0407918,5.76176e-10,0.371439,0.6,0
6.29883,0.478516,0.334707,-1.04945e-09,0.369488,1,0
6.29883,0.498047,0.0407918,5.654e-10,0.369488,0.6,0
6.31836,0.478516,0.334707,-1.03403e-09,0.367537,1,0
6.31836,0.498047,0.0407918,5.61319e-10,0.367537,0.6,0
6.33789,0.478516,0.334707,-1.03269e-09,0.365585,1,0
6.33789,0.498047,0.0407918,5.5047e-10,0.365585,0.6,0
6.35742,0.478516,0.334707,-1.01711e-09,0.363634,1,0
6.35742,0.498047,0.0407918,5.46511e-10,0.363634,0.6,0
6.37695,0.478516,0.334707,-1.01601e-09,0.361682,1,0
6.37695,0.498047,0.0407918,5.35592e-10,0.361682,0.6,0
6.39648,0.478516,0.334707,-1.00031e-09,0.359731,1,0
6.39648,0.498047,0.0407918,5.31762e-10,0.359731,0.6,0
6.41602,0.322266,0.988482,-6.06832e-08,0.35778,1,0
6.41602,0.341797,0.978179,-5.6165e-08,0.35778,1,0
6.43555,0.322266,0.988482,-6.02046e-08,0.355828,1,0
6.43555,0.341797,0.978179,-5.5697e-08,0.355828,1,0
6.41602,0.361328,0.960541,-4.90333e-08,0.35778,1,0
6.41602,0.380859,0.931385,-3.99901e-08,0.35778,1,0
6.43555,0.361328,0.960541,-4.86042e-08,0.355828,1,0
6.43555,0.380859,0.931385,-3.96226e-08,0.355828,1,0
6.45508,0.322266,0.988482,-5.97224e-08,0.353877,1,0
6.45508,0.341797,0.978179,-5.52276e-08,0.353877,1,0
6.47461,0.322266,0.988482,-5.92373e-08,0.351926,1,0
6.47461,0.341797,0.978179,-5.47572e-08,0.351926,1,0
6.45508,0.361328,0.960541,-4.81752e-08,0.353877,1,0
6.45508,0.380859,0.931385,-3.92605e-08,0.353877,1,0
6.47461,0.361328,0.960541,-4.77465e-08,0.351926,1,0
6.47461,0.380859,0.931385,-3.88948e-08,0.351926,1,0
6.41602,0.400391,0.884835,-2.99455e-08,0.35778,1,0
6.41602,0.419922,0.81302,-2.01947e-08,0.35778,1,0
6.43555,0.400391,0.884835,-2.96712e-08,0.355828,1,0
6.43555,0.419922,0.81302,-1.99872e-08,0.355828,1,0
6.41602,0.439453,0.705882,-1.1609e-08,0.35778,1,0
6.41602,0.458984,0.551177,-5.21379e-09,0.35778,1,0
6.43555,0.439453,0.705882,-1.14901e-08,0.355828,1,0
6.43555,0.458984,0.551177,-5.17693e-09,0.355828,1,0
6.45508,0.400391,0.884835,-2.93791e-08,0.353877,1,0
6.45508,0.419922,0.81302,-1.9802e-08,0.353877,1,0
6.47461,0.400391,0.884835,-2.91073e-08,0.351926,1,0
6.47461,0.419922,0.81302,-1.9596e-08,0.351926,1,0
6.45508,0.439453,0.705882,-1.1379e-08,0.353877,1,0
6.45508,0.458984,0.551177,-5.11063e-09,0.353877,1,0
6.47461,0.439453,0.705882,-1.12612e-08,0.351926,1,0
6.47461,0.458984,0.551177,-5.07472e-09,0.351926,1,0
6.49414,0.322266,0.988482,-5.87497e-08,0.349974,1,0
6.49414,0.341797,0.978179,-5.4286e-08,0.349974,1,0
6.51367,0.322266,0.988482,-5.82602e-08,0.348023,1,0
6.51367,0.341797,0.978179,-5.38146e-08,0.348023,1,0
6.49414,0.361328,0.960541,-4.73183e-08,0.349974,1,0
6.49414,0.380859,0.931385,-3.85349e-08,0.349974,1,0
6.51367,0.361328,0.960541,-4.68909e-08,0.348023,1,0
6.51367,0.380859,0.931385,-3.81714e-08,0.348023,1,0
6.5332,0.322266,0.988482,-5.77694e-08,0.346072,1,0
6.5332,0.341797,0.978179,-5.33432e-08,0.346072,1,0
6.55273,0.322266,0.988482,-5.72777e-08,0.34412,1,0
6.55273,0.341797,0.978179,-5.28721e-08,0.34412,1,0
6.5332,0.361328,0.960541,-4.64644e-08,0.346072,1,0
6.5332,0.380859,0.931385,-3.78141e-08,0.346072,1,0
6.55273,0.361328,0.960541,-4.60389e-08,0.34412,1,0
6.55273,0.380859,0.931385,-3.74532e-08,0.34412,1,0
6.49414,0.400391,0.884835,-2.88172e-08,0.349974,1,0
6.49414,0.419922,0.81302,-1.94129e-08,0.349974,1,0
6.51367,0.400391,0.884835,-2.85481e-08,0.348023,1,0
6.51367,0.419922,0.81302,-1.92085e-08,0.348023,1,0
6.49414,0.439453,0.705882,-1.11513e-08,0.349974,1,0
6.49414,0.458984,0.551177,-5.00856e-09,0.349974,1,0
6.51367,0.439453,0.705882,-1.10346e-08,0.348023,1,0
6.51367,0.458984,0.551177,-4.97364e-09,0.348023,1,0
6.5332,0.400391,0.884835,-2.82602e-08,0.346072,1,0
6.5332,0.419922,0.81302,-1.90277e-08,0.346072,1,0
6.55273,0.400391,0.884835,-2.7994e-08,0.34412,1,0
6.55273,0.419922,0.81302,-1.8825e-08,0.34412,1,0
6.5332,0.439453,0.705882,-1.09261e-08,0.346072,1,0
6.5332,0.458984,0.551177,-4.90763e-09,0.346072,1,0
6.55273,0.439453,0.705882,-1.08105e-08,0.34412,1,0
6.55273,0.458984,0.551177,-4.87371e-09,0.34412,1,0
6.41602,0.478516,0.334707,-9.99473e-10,0.35778,1,0
6.41602,0.498047,0.0407917,5.20779e-10,0.35778,0.6,0
6.43555,0.478516,0.334707,-9.83663e-10,0.355828,1,0
6.43555,0.498047,0.0407917,5.17088e-10,0.355828,0.6,0
6.45508,0.478516,0.334707,-9.83117e-10,0.353877,1,0
6.45508,0.498047,0.0407917,5.0605e-10,0.353877,0.6,0
6.47461,0.478516,0.334707,-9.67217e-10,0.351926,1,0
6.47461,0.498047,0.0407917,5.02508e-10,0.351926,0.6,0
6.49414,0.478516,0.334707,-9.6698e-10,0.349974,1,0
6.49414,0.498047,0.0407917,4.91423e-10,0.349974,0.6,0
6.51367,0.478516,0.334707,-9.50996e-10,0.348023,1,0
6.51367,0.498047,0.0407917,4.8804e-10,0.348023,0.6,0
6.5332,0.478516,0.334707,-9.5107e-10,0.346072,1,0
6.5332,0.498047,0.0407917,4.76912e-10,0.346072,0.6,0
6.55273,0.478516,0.334707,-9.34995e-10,0.34412,1,0
6.55273,0.498047,0.0407917,4.73694e-10,0.34412,0.6,0
6.57227,0.00976562,1.00073,7.05017e-10,0.342169,1,0
6.57227,0.0292969,1.00073,1.38228e-09,0.342169,1,0
6.5918,0.00976562,1.00073,7.12985e-10,0.340217,1,0
6.5918,0.0292969,1.00073,1.40068e-09,0.340217,1,0
6.57227,0.0488281,1.00073,1.31367e-09,0.342169,1,0
6.57227,0.0683594,1.00073,4.51616e-10,0.342169,1,0
6.5918,0.0488281,1.00073,1.34364e-09,0.340217,1,0
6.5918,0.0683594,1.00073,4.98486e-10,0.340217,1,0
6.61133,0.00976562,1.00073,7.20414e-10,0.338266,1,0
6.61133,0.0292969,1.00073,1.4185e-09,0.338266,1,0
6.63086,0.00976562,1.00073,7.27253e-10,0.336315,1,0
6.63086,0.0292969,1.00073,1.43561e-09,0.336315,1,0
6.61133,0.0488281,1.00073,1.37372e-09,0.338266,1,0
6.61133,0.0683594,1.00073,5.46056e-10,0.338266,1,0
6.63086,0.0488281,1.00073,1.4036e-09,0.336315,1,0
6.63086,0.0683594,1.00073,5.93756e-10,0.336315,1,0
6.57227,0.0878906,1.00073,-1.64013e-09,0.342169,1,0
6.57227,0.107422,1.00072,-4.92693e-09,0.342169,1,0
6.5918,0.0878906,1.00073,-1.57346e-09,0.340217,1,0
6.5918,0.107422,1.00072,-4.83516e-09,0.340217,1,0
6.57227,0.126953,1.00072,-9.49719e-09,0.342169,1,0
6.57227,0.146484,1.00071,-1.51701e-08,0.342169,1,0
6.5918,0.126953,1.00072,-9.37569e-09,0.340217,1,0
6.5918,0.146484,1.00071,-1.50132e-08,0.340217,1,0
6.61133,0.0878906,1.00073,-1.50531e-09,0.338266,1,0
6.61133,0.107422,1.00072,-4.74106e-09,0.338266,1,0
6.63086,0.0878906,1.00073,-1.43638e-09,0.336315,1,0
6.63086,0.107422,1.00072,-4.64548e-09,0.336315,1,0
6.61133,0.126953,1.00072,-9.25102e-09,0.338266,1,0
6.61133,0.146484,1.00071,-1.48524e-08,0.338266,1,0
6.63086,0.126953,1.00072,-9.12412e-09,0.336315,1,0
6.63086,0.146484,1.00071,-1.46887e-08,0.336315,1,0
6.65039,0.00976562,1.00073,7.33671e-10,0.334363,1,0
6.65039,0.0292969,1.00073,1.4521e-09,0.334363,1,0
6.66992,0.00976562,1.00073,7.39833e-10,0.332412,1,0
6.66992,0.0292969,1.00073,1.46808e-09,0.332412,1,0
6.65039,0.0488281,1.00073,1.43301e-09,0.334363,1,0
6.65039,0.0683594,1.00073,6.41212e-10,0.334363,1,0
6.66992,0.0488281,1.00073,1.46184e-09,0.332412,1,0
6.66992,0.0683594,1.00073,6.88234e-10,0.332412,1,0
6.68945,0.00976562,1.00073,7.45848e-10,0.330461,1,0
6.68945,0.0292969,1.00073,1.48365e-09,0.330461,1,0
6.70898,0.00976562,1.00073,7.51754e-10,0.328509,1,0
6.70898,0.0292969,1.00073,1.49886e-09,0.328509,1,0
6.68945,0.0488281,1.00073,1.49009e-09,0.330461,1,0
6.68945,0.0683594,1.00073,7.34746e-10,0.330461,1,0
6.70898,0.0488281,1.00073,1.5178e-09,0.328509,1,0
6.70898,0.0683594,1.00073,7.80745e-10,0.328509,1,0
6.65039,0.0878906,1.00073,-1.36718e-09,0.334363,1,0
6.65039,0.107422,1.00072,-4.54906e-09,0.334363,1,0
6.66992,0.0878906,1.00073,-1.29805e-09,0.332412,1,0
6.66992,0.107422,1.00072,-4.45226e-09,0.332412,1,0
6.65039,0.126953,1.00072,-8.99573e-09,0.334363,1,0
6.65039,0.146484,1.00071,-1.45229e-08,0.334363,1,0
6.66992,0.126953,1.00072,-8.86641e-09,0.332412,1,0
6.66992,0.146484,1.00071,-1.43556e-08,0.332412,1,0
6.68945,0.0878906,1.00073,-1.22917e-09,0.330461,1,0
6.68945,0.107422,1.00072,-4.35533e-09,0.330461,1,0
6.70898,0.0878906,1.00073,-1.16061e-09,0.328509,1,0
6.70898,0.107422,1.00072,-4.25842e-09,0.328509,1,0
6.68945,0.126953,1.00072,-8.7365e-09,0.330461,1,0
6.68945,0.146484,1.00071,-1.41872e-08,0.330461,1,0
6.70898,0.126953,1.00072,-8.60617e-09,0.328509,1,0
6.70898,0.146484,1.00071,-1.4018e-08,0.328509,1,0
6.57227,0.166016,1.0007,-2.17585e-08,0.342169,1,0
6.57227,0.185547,1.00066,-2.89167e-08,0.342169,1,0
6.5918,0.166016,1.0007,-2.15611e-08,0.340217,1,0
6.5918,0.185547,1.00066,-2.86739e-08,0.340217,1,0
6.57227,0.205078,1.00057,-3.62616e-08,0.342169,1,0
6.57227,0.224609,1.00037,-4.33229e-08,0.342169,1,0
6.5918,0.205078,1.00057,-3.597e-08,0.340217,1,0
6.5918,0.224609,1.00037,-4.29807e-08,0.340217,1,0
6.61133,0.166016,1.0007,-2.13592e-08,0.338266,1,0
6.61133,0.185547,1.00066,-2.84263e-08,0.338266,1,0
6.63086,0.166016,1.0007,-2.11539e-08,0.336315,1,0
6.63086,0.185547,1.00066,-2.8175e-08,0.336315,1,0
6.61133,0.205078,1.00057,-3.56735e-08,0.338266,1,0
6.61133,0.224609,1.00037,-4.26339e-08,0.338266,1,0
6.63086,0.205078,1.00057,-3.53732e-08,0.336315,1,0
6.63086,0.224609,1.00037,-4.22834e-08,0.336315,1,0
6.57227,0.244141,0.999958,-4.95987e-08,0.342169,1,0
6.57227,0.263672,0.999114,-5.45593e-08,0.342169,1,0
6.5918,0.244141,0.999958,-4.9207e-08,0.340217,1,0
6.5918,0.263672,0.999114,-5.41229e-08,0.340217,1,0
6.57227,0.283203,0.997452,-5.76847e-08,0.342169,1,0
6.57227,0.302734,0.99429,-5.85321e-08,0.342169,1,0
6.5918,0.283203,0.997452,-5.72132e-08,0.340217,1,0
6.5918,0.302734,0.99429,-5.80402e-08,0.340217,1,0
6.61133,0.244141,0.999958,-4.88113e-08,0.338266,1,0
6.61133,0.263672,0.999114,-5.36834e-08,0.338266,1,0
6.63086,0.244141,0.999958,-4.84125e-08,0.336315,1,0
6.63086,0.263672,0.999114,-5.32415e-08,0.336315,1,0
6.61133,0.283203,0.997452,-5.67398e-08,0.338266,1,0
6.61133,0.302734,0.99429,-5.75475e-08,0.338266,1,0
6.63086,0.283203,0.997452,-5.62648e-08,0.336315,1,0
6.63086,0.302734,0.99429,-5.70542e-08,0.336315,1,0
6.65039,0.166016,1.0007,-2.0946e-08,0.334363,1,0
6.65039,0.185547,1.00066,-2.79207e-08,0.334363,1,0
6.66992,0.166016,1.0007,-2.07361e-08,0.332412,1,0
6.66992,0.185547,1.00066,-2.76641e-08,0.332412,1,0
6.65039,0.205078,1.00057,-3.50698e-08,0.334363,1,0
6.65039,0.224609,1.00037,-4.193e-08,0.334363,1,0
6.66992,0.205078,1.00057,-3.4764e-08,0.332412,1,0
6.66992,0.224609,1.00037,-4.15742e-08,0.332412,1,0
6.68945,0.166016,1.0007,-2.05247e-08,0.330461,1,0
6.68945,0.185547,1.00066,-2.74057e-08,0.330461,1,0
6.70898,0.166016,1.0007,-2.0312e-08,0.328509,1,0
6.70898,0.185547,1.00066,-2.71456e-08,0.328509,1,0
6.68945,0.205078,1.00057,-3.44561e-08,0.330461,1,0
6.68945,0.224609,1.00037,-4.12164e-08,0.330461,1,0
6.70898,0.205078,1.00057,-3.41464e-08,0.328509,1,0
6.70898,0.224609,1.00037,-4.08569e-08,0.328509,1,0
6.65039,0.244141,0.999958,-4.80111e-08,0.334363,1,0
6.65039,0.263672,0.999114,-5.27977e-08,0.334363,1,0
6.66992,0.244141,0.999958,-4.76076e-08,0.332412,1,0
6.66992,0.263672,0.999114,-5.23524e-08,0.332412,1,0
6.65039,0.283203,0.997452,-5.57886e-08,0.334363,1,0
6.65039,0.302734,0.99429,-5.65606e-08,0.334363,1,0
6.66992,0.283203,0.997452,-5.53116e-08,0.332412,1,0
6.66992,0.302734,0.99429,-5.60669e-08,0.332412,1,0
6.68945,0.244141,0.999958,-4.72024e-08,0.330461,1,0
6.68945,0.263672,0.999114,-5.19057e-08,0.330461,1,0
6.70898,0.244141,0.999958,-4.67956e-08,0.328509,1,0
6.70898,0.263672,0.999114,-5.1458e-08,0.328509,1,0
6.68945,0.283203,0.997452,-5.4834e-08,0.330461,1,0
6.68945,0.302734,0.99429,-5.55734e-08,0.330461,1,0
6.70898,0.283203,0.997452,-5.43559e-08,0.328509,1,0
6.70898,0.302734,0.99429,-5.508e-08,0.328509,1,0
6.72852,0.00976562,1.00073,7.57525e-10,0.326558,1,0
6.72852,0.0292969,1.00073,1.51372e-09,0.326558,1,0
6.74805,0.00976562,1.00073,7.63091e-10,0.324607,1,0
6.74805,0.0292969,1.00073,1.52818e-09,0.324607,1,0
6.72852,0.0488281,1.00073,1.54502e-09,0.326558,1,0
6.72852,0.0683594,1.00073,8.26271e-10,0.326558,1,0
6.74805,0.0488281,1.00073,1.57179e-09,0.324607,1,0
6.74805,0.0683594,1.00073,8.71383e-10,0.324607,1,0
6.76758,0.00976562,1.00073,7.68384e-10,0.322655,1,0
6.76758,0.0292969,1.00073,1.54218e-09,0.322655,1,0
6.78711,0.00976562,1.00073,7.73367e-10,0.320704,1,0
6.78711,0.0292969,1.00073,1.55571e-09,0.320704,1,0
6.76758,0.0488281,1.00073,1.59816e-09,0.322655,1,0
6.76758,0.0683594,1.00073,9.16142e-10,0.322655,1,0
6.78711,0.0488281,1.00073,1.62415e-09,0.320704,1,0
6.78711,0.0683594,1.00073,9.60601e-10,0.320704,1,0
6.72852,0.0878906,1.00073,-1.09236e-09,0.326558,1,0
6.72852,0.107422,1.00072,-4.16153e-09,0.326558,1,0
6.74805,0.0878906,1.00073,-1.02435e-09,0.324607,1,0
6.74805,0.107422,1.00072,-4.06459e-09,0.324607,1,0
6.72852,0.126953,1.00072,-8.47548e-09,0.326558,1,0
6.72852,0.146484,1.00071,-1.3848e-08,0.326558,1,0
6.74805,0.126953,1.00072,-8.34438e-09,0.324607,1,0
6.74805,0.146484,1.00071,-1.36772e-08,0.324607,1,0
6.76758,0.0878906,1.00073,-9.56486e-10,0.322655,1,0
6.76758,0.107422,1.00072,-3.96753e-09,0.322655,1,0
6.78711,0.0878906,1.00073,-8.88694e-10,0.320704,1,0
6.78711,0.107422,1.00072,-3.87027e-09,0.320704,1,0
6.76758,0.126953,1.00072,-8.21281e-09,0.322655,1,0
6.76758,0.146484,1.00071,-1.35056e-08,0.322655,1,0
6.78711,0.126953,1.00072,-8.08071e-09,0.320704,1,0
6.78711,0.146484,1.00071,-1.33331e-08,0.320704,1,0
6.80664,0.00976562,1.00073,7.78042e-10,0.318752,1,0
6.80664,0.0292969,1.00073,1.56878e-09,0.318752,1,0
6.82617,0.00976562,1.00073,7.82438e-10,0.316801,1,0
6.82617,0.0292969,1.00073,1.58141e-09,0.316801,1,0
6.80664,0.0488281,1.00073,1.64977e-09,0.318752,1,0
6.80664,0.0683594,1.00073,1.00479e-09,0.318752,1,0
6.82617,0.0488281,1.00073,1.67502e-09,0.316801,1,0
6.82617,0.0683594,1.00073,1.04868e-09,0.316801,1,0
6.8457,0.00976562,1.00073,7.86586e-10,0.31485,1,0
6.8457,0.0292969,1.00073,1.59361e-09,0.31485,1,0
6.86523,0.00976562,1.00073,7.90492e-10,0.312898,1,0
6.86523,0.0292969,1.00073,1.60537e-09,0.312898,1,0
6.8457,0.0488281,1.00073,1.69986e-09,0.31485,1,0
6.8457,0.0683594,1.00073,1.09221e-09,0.31485,1,0
6.86523,0.0488281,1.00073,1.72418e-09,0.312898,1,0
6.86523,0.0683594,1.00073,1.13525e-09,0.312898,1,0
6.80664,0.0878906,1.00073,-8.20945e-10,0.318752,1,0
6.80664,0.107422,1.00072,-3.77279e-09,0.318752,1,0
6.82617,0.0878906,1.00073,-7.5327e-10,0.316801,1,0
6.82617,0.107422,1.00072,-3.67515e-09,0.316801,1,0
6.80664,0.126953,1.00072,-7.94807e-09,0.318752,1,0
6.80664,0.146484,1.00071,-1.31598e-08,0.318752,1,0
6.82617,0.126953,1.00072,-7.81498e-09,0.316801,1,0
6.82617,0.146484,1.00071,-1.29858e-08,0.316801,1,0
6.8457,0.0878906,1.00073,-6.85772e-10,0.31485,1,0
6.8457,0.107422,1.00072,-3.57747e-09,0.31485,1,0
6.86523,0.0878906,1.00073,-6.18629e-10,0.312898,1,0
6.86523,0.107422,1.00072,-3.47999e-09,0.312898,1,0
6.8457,0.126953,1.00072,-7.68161e-09,0.31485,1,0
6.8457,0.146484,1.00071,-1.28113e-08,0.31485,1,0
6.86523,0.126953,1.00072,-7.54821e-09,0.312898,1,0
6.86523,0.146484,1.00071,-1.26365e-08,0.312898,1,0
6.72852,0.166016,1.0007,-2.00982e-08,0.326558,1,0
6.72852,0.185547,1.00066,-2.68841e-08,0.326558,1,0
6.74805,0.166016,1.0007,-1.98831e-08,0.324607,1,0
6.74805,0.185547,1.00066,-2.66211e-08,0.324607,1,0
6.72852,0.205078,1.00057,-3.38351e-08,0.326558,1,0
6.72852,0.224609,1.00037,-4.04957e-08,0.326558,1,0
6.74805,0.205078,1.00057,-3.35222e-08,0.324607,1,0
6.74805,0.224609,1.00037,-4.0133e-08,0.324607,1,0
6.76758,0.166016,1.0007,-1.9667e-08,0.322655,1,0
6.76758,0.185547,1.00066,-2.63567e-08,0.322655,1,0
6.78711,0.166016,1.0007,-1.94496e-08,0.320704,1,0
6.78711,0.185547,1.00066,-2.6091e-08,0.320704,1,0
6.76758,0.205078,1.00057,-3.32078e-08,0.322655,1,0
6.76758,0.224609,1.00037,-3.97689e-08,0.322655,1,0
6.78711,0.205078,1.00057,-3.28921e-08,0.320704,1,0
6.78711,0.224609,1.00037,-3.94035e-08,0.320704,1,0
6.72852,0.244141,0.999958,-4.63875e-08,0.326558,1,0
6.72852,0.263672,0.999114,-5.10093e-08,0.326558,1,0
6.74805,0.244141,0.999958,-4.59781e-08,0.324607,1,0
6.74805,0.263672,0.999114,-5.05598e-08,0.324607,1,0
6.72852,0.283203,0.997452,-5.38774e-08,0.326558,1,0
6.72852,0.302734,0.99429,-5.45869e-08,0.326558,1,0
6.74805,0.283203,0.997452,-5.33987e-08,0.324607,1,0
6.74805,0.302734,0.99429,-5.40942e-08,0.324607,1,0
6.76758,0.244141,0.999958,-4.55676e-08,0.322655,1,0
6.76758,0.263672,0.999114,-5.01096e-08,0.322655,1,0
6.78711,0.244141,0.999958,-4.5156e-08,0.320704,1,0
6.78711,0.263672,0.999114,-4.96588e-08,0.320704,1,0
6.76758,0.283203,0.997452,-5.29198e-08,0.322655,1,0
6.76758,0.302734,0.99429,-5.3602e-08,0.322655,1,0
6.78711,0.283203,0.997452,-5.2441e-08,0.320704,1,0
6.78711,0.302734,0.99429,-5.31105e-08,0.320704,1,0
6.80664,0.166016,1.0007,-1.92312e-08,0.318752,1,0
6.80664,0.185547,1.00066,-2.58241e-08,0.318752,1,0
6.82617,0.166016,1.0007,-1.90119e-08,0.316801,1,0
6.82617,0.185547,1.00066,-2.55561e-08,0.316801,1,0
6.80664,0.205078,1.00057,-3.2575e-08,0.318752,1,0
6.80664,0.224609,1.00037,-3.9037e-08,0.318752,1,0
6.82617,0.205078,1.00057,-3.22569e-08,0.316801,1,0
6.82617,0.224609,1.00037,-3.86695e-08,0.316801,1,0
6.8457,0.166016,1.0007,-1.87918e-08,0.31485,1,0
6.8457,0.185547,1.00066,-2.52872e-08,0.31485,1,0
6.86523,0.166016,1.0007,-1.85714e-08,0.312898,1,0
6.86523,0.185547,1.00066,-2.5018e-08,0.312898,1,0
6.8457,0.205078,1.00057,-3.1938e-08,0.31485,1,0
6.8457,0.224609,1.00037,-3.83014e-08,0.31485,1,0
6.86523,0.205078,1.00057,-3.16186e-08,0.312898,1,0
6.86523,0.224609,1.00037,-3.79331e-08,0.312898,1,0
6.80664,0.244141,0.999958,-4.47436e-08,0.318752,1,0
6.80664,0.263672,0.999114,-4.92076e-08,0.318752,1,0
6.82617,0.244141,0.999958,-4.43306e-08,0.316801,1,0
6.82617,0.263672,0.999114,-4.87563e-08,0.316801,1,0
6.80664,0.283203,0.997453,-5.19624e-08,0.318752,1,0
6.80664,0.302734,0.99429,-5.26198e-08,0.318752,1,0
6.82617,0.283203,0.997453,-5.14842e-08,0.316801,1,0
6.82617,0.302734,0.99429,-5.21301e-08,0.316801,1,0
6.8457,0.244141,0.999958,-4.39173e-08,0.31485,1,0
6.8457,0.263672,0.999114,-4.83052e-08,0.31485,1,0
6.86523,0.244141,0.999958,-4.3504e-08,0.312898,1,0
6.86523,0.263672,0.999114,-4.78545e-08,0.312898,1,0
6.8457,0.283203,0.997453,-5.10067e-08,0.31485,1,0
6.8457,0.302734,0.99429,-5.16417e-08,0.31485,1,0
6.86523,0.283203,0.997453,-5.05301e-08,0.312898,1,0
6.86523,0.302734,0.99429,-5.11547e-08,0.312898,1,0
6.57227,0.322266,0.988482,-5.67854e-08,0.342169,1,0
6.57227,0.341797,0.978179,-5.24015e-08,0.342169,1,0
6.5918,0.322266,0.988482,-5.6293e-08,0.340217,1,0
6.5918,0.341797,0.978179,-5.19317e-08,0.340217,1,0
6.57227,0.361328,0.960541,-4.56146e-08,0.342169,1,0
6.57227,0.380859,0.931385,-3.70988e-08,0.342169,1,0
6.5918,0.361328,0.960541,-4.51917e-08,0.340217,1,0
6.5918,0.380859,0.931385,-3.67407e-08,0.340217,1,0
6.61133,0.322266,0.988482,-5.58007e-08,0.338266,1,0
6.61133,0.341797,0.978179,-5.14629e-08,0.338266,1,0
6.63086,0.322266,0.988482,-5.53088e-08,0.336315,1,0
6.63086,0.341797,0.978179,-5.0995e-08,0.336315,1,0
6.61133,0.361328,0.960541,-4.47702e-08,0.338266,1,0
6.61133,0.380859,0.931385,-3.63895e-08,0.338266,1,0
6.63086,0.361328,0.960541,-4.43501e-08,0.336315,1,0
6.63086,0.380859,0.931385,-3.60344e-08,0.336315,1,0
6.57227,0.400391,0.884835,-2.77085e-08,0.342169,1,0
6.57227,0.419922,0.81302,-1.86466e-08,0.342169,1,0
6.5918,0.400391,0.884835,-2.74452e-08,0.340217,1,0
6.5918,0.419922,0.81302,-1.84456e-08,0.340217,1,0
6.57227,0.439453,0.705882,-1.07033e-08,0.342169,1,0
6.57227,0.458984,0.551177,-4.80785e-09,0.342169,1,0
6.5918,0.439453,0.705882,-1.05888e-08,0.340217,1,0
6.5918,0.458984,0.551177,-4.77493e-09,0.340217,1,0
6.61133,0.400391,0.884835,-2.71621e-08,0.338266,1,0
6.61133,0.419922,0.81302,-1.82695e-08,0.338266,1,0
6.63086,0.400391,0.884835,-2.69018e-08,0.336315,1,0
6.63086,0.419922,0.81302,-1.80703e-08,0.336315,1,0
6.61133,0.439453,0.705882,-1.04831e-08,0.338266,1,0
6.61133,0.458984,0.551177,-4.7092e-09,0.338266,1,0
6.63086,0.439453,0.705882,-1.03698e-08,0.336315,1,0
6.63086,0.458984,0.551177,-4.67729e-09,0.336315,1,0
6.65039,0.322266,0.988481,-5.48174e-08,0.334363,1,0
6.65039,0.341797,0.978179,-5.05283e-08,0.334363,1,0
6.66992,0.322266,0.988481,-5.43266e-08,0.332412,1,0
6.66992,0.341797,0.978179,-5.00629e-08,0.332412,1,0
6.65039,0.361328,0.960541,-4.39315e-08,0.334363,1,0
6.65039,0.380859,0.931385,-3.56863e-08,0.334363,1,0
6.66992,0.361328,0.960541,-4.35145e-08,0.332412,1,0
6.66992,0.380859,0.931385,-3.53343e-08,0.332412,1,0
6.68945,0.322266,0.988481,-5.38366e-08,0.330461,1,0
6.68945,0.341797,0.978179,-4.95987e-08,0.330461,1,0
6.70898,0.322266,0.988481,-5.33475e-08,0.328509,1,0
6.70898,0.341797,0.978179,-4.9136e-08,0.328509,1,0
6.68945,0.361328,0.960541,-4.30991e-08,0.330461,1,0
6.68945,0.380859,0.931385,-3.49896e-08,0.330461,1,0
6.70898,0.361328,0.960541,-4.26853e-08,0.328509,1,0
6.70898,0.380859,0.931385,-3.46408e-08,0.328509,1,0
6.65039,0.400391,0.884835,-2.66212e-08,0.334363,1,0
6.65039,0.419922,0.81302,-1.78966e-08,0.334363,1,0
6.66992,0.400391,0.884835,-2.6364e-08,0.332412,1,0
6.66992,0.419922,0.81302,-1.76991e-08,0.332412,1,0
6.65039,0.439453,0.705882,-1.02654e-08,0.334363,1,0
6.65039,0.458984,0.551177,-4.61169e-09,0.334363,1,0
6.66992,0.439453,0.705882,-1.01532e-08,0.332412,1,0
6.66992,0.458984,0.551177,-4.58078e-09,0.332412,1,0
6.68945,0.400391,0.884835,-2.6086e-08,0.330461,1,0
6.68945,0.419922,0.81302,-1.75279e-08,0.330461,1,0
6.70898,0.400391,0.884835,-2.5832e-08,0.328509,1,0
6.70898,0.419922,0.81302,-1.73321e-08,0.328509,1,0
6.68945,0.439453,0.705882,-1.00502e-08,0.330461,1,0
6.68945,0.458984,0.551177,-4.51531e-09,0.330461,1,0
6.70898,0.439453,0.705882,-9.93915e-09,0.328509,1,0
6.70898,0.458984,0.551177,-4.48544e-09,0.328509,1,0
6.57227,0.478516,0.334707,-9.35373e-10,0.342169,1,0
6.57227,0.498047,0.0407917,4.62524e-10,0.342169,0.6,0
6.5918,0.478516,0.334707,-9.19192e-10,0.340217,1,0
6.5918,0.498047,0.0407917,4.59472e-10,0.340217,0.6,0
6.61133,0.478516,0.334707,-9.19866e-10,0.338266,1,0
6.61133,0.498047,0.0407917,4.48257e-10,0.338266,0.6,0
6.63086,0.478516,0.334707,-9.03567e-10,0.336315,1,0
6.63086,0.498047,0.0407917,4.4537e-10,0.336315,0.6,0
6.65039,0.478516,0.334707,-9.04534e-10,0.334363,1,0
6.65039,0.498047,0.0407917,4.34108e-10,0.334363,0.6,0
6.66992,0.478516,0.334707,-8.88116e-10,0.332412,1,0
6.66992,0.498047,0.0407917,4.31387e-10,0.332412,0.6,0
6.68945,0.478516,0.334707,-8.89387e-10,0.330461,1,0
6.68945,0.498047,0.0407917,4.20079e-10,0.330461,0.6,0
6.70898,0.478516,0.334707,-8.7286e-10,0.328509,1,0
6.70898,0.498047,0.0407917,4.17531e-10,0.328509,0.6,0
6.72852,0.322266,0.988481,-5.28593e-08,0.326558,1,0
6.72852,0.341797,0.978179,-4.86746e-08,0.326558,1,0
6.74805,0.322266,0.988481,-5.2372e-08,0.324607,1,0
6.74805,0.341797,0.978179,-4.82147e-08,0.324607,1,0
6.72852,0.361328,0.960541,-4.22732e-08,0.326558,1,0
6.72852,0.380859,0.931385,-3.42995e-08,0.326558,1,0
6.74805,0.361328,0.960541,-4.18629e-08,0.324607,1,0
6.74805,0.380859,0.931385,-3.39541e-08,0.324607,1,0
6.76758,0.322266,0.988481,-5.1886e-08,0.322655,1,0
6.76758,0.341797,0.978179,-4.77564e-08,0.322655,1,0
6.78711,0.322266,0.988481,-5.14011e-08,0.320704,1,0
6.78711,0.341797,0.978179,-4.72998e-08,0.320704,1,0
6.76758,0.361328,0.960541,-4.14543e-08,0.322655,1,0
6.76758,0.380859,0.931385,-3.36164e-08,0.322655,1,0
6.78711,0.361328,0.960541,-4.10476e-08,0.320704,1,0
6.78711,0.380859,0.931385,-3.32744e-08,0.320704,1,0
6.72852,0.400391,0.884835,-2.55565e-08,0.326558,1,0
6.72852,0.419922,0.81302,-1.71634e-08,0.326558,1,0
6.74805,0.400391,0.884835,-2.53057e-08,0.324607,1,0
6.74805,0.419922,0.81302,-1.69695e-08,0.324607,1,0
6.72852,0.439453,0.705882,-9.83756e-09,0.326558,1,0
6.72852,0.458984,0.551177,-4.42012e-09,0.326558,1,0
6.74805,0.439453,0.705882,-9.72775e-09,0.324607,1,0
6.74805,0.458984,0.551177,-4.39133e-09,0.324607,1,0
6.76758,0.400391,0.884835,-2.50329e-08,0.322655,1,0
6.76758,0.419922,0.81302,-1.68033e-08,0.322655,1,0
6.78711,0.400391,0.884835,-2.47854e-08,0.320704,1,0
6.78711,0.419922,0.81302,-1.66112e-08,0.320704,1,0
6.76758,0.439453,0.705882,-9.62763e-09,0.322655,1,0
6.76758,0.458984,0.551177,-4.3262e-09,0.322655,1,0
6.78711,0.439453,0.705882,-9.51908e-09,0.320704,1,0
6.78711,0.458984,0.551177,-4.29853e-09,0.320704,1,0
6.80664,0.322266,0.988481,-5.09176e-08,0.318752,1,0
6.80664,0.341797,0.978179,-4.68449e-08,0.318752,1,0
6.82617,0.322266,0.988481,-5.04357e-08,0.316801,1,0
6.82617,0.341797,0.978179,-4.6392e-08,0.316801,1,0
6.80664,0.361328,0.960541,-4.06429e-08,0.318752,1,0
6.80664,0.380859,0.931385,-3.29404e-08,0.318752,1,0
6.82617,0.361328,0.960541,-4.02402e-08,0.316801,1,0
6.82617,0.380859,0.931385,-3.26022e-08,0.316801,1,0
6.8457,0.322266,0.988481,-4.99555e-08,0.31485,1,0
6.8457,0.341797,0.978179,-4.5941e-08,0.31485,1,0
6.86523,0.322266,0.988481,-4.94771e-08,0.312898,1,0
6.86523,0.341797,0.978179,-4.54922e-08,0.312898,1,0
6.8457,0.361328,0.960541,-3.98395e-08,0.31485,1,0
6.8457,0.380859,0.931385,-3.22721e-08,0.31485,1,0
6.86523,0.361328,0.960541,-3.94411e-08,0.312898,1,0
6.86523,0.380859,0.931385,-3.19377e-08,0.312898,1,0
6.80664,0.400391,0.884835,-2.45153e-08,0.318752,1,0
6.80664,0.419922,0.81302,-1.64476e-08,0.318752,1,0
6.82617,0.400391,0.884835,-2.42714e-08,0.316801,1,0
6.82617,0.419922,0.81302,-1.62575e-08,0.316801,1,0
6.80664,0.439453,0.705882,-9.42048e-09,0.318752,1,0
6.80664,0.458984,0.551177,-4.23363e-09,0.318752,1,0
6.82617,0.439453,0.705882,-9.31324e-09,0.316801,1,0
6.82617,0.458984,0.551177,-4.20712e-09,0.316801,1,0
6.8457,0.400391,0.884835,-2.40042e-08,0.31485,1,0
6.8457,0.419922,0.81302,-1.60966e-08,0.31485,1,0
6.86523,0.400391,0.884835,-2.37638e-08,0.312898,1,0
6.86523,0.419922,0.81302,-1.59086e-08,0.312898,1,0
6.8457,0.439453,0.705882,-9.21622e-09,0.31485,1,0
6.8457,0.458984,0.551177,-4.14247e-09,0.31485,1,0
6.86523,0.439453,0.705882,-9.11033e-09,0.312898,1,0
6.86523,0.458984,0.551177,-4.11716e-09,0.312898,1,0
6.72852,0.478516,0.334707,-8.74455e-10,0.326558,1,0
6.72852,0.498047,0.0407917,4.06183e-10,0.326558,0.6,0
6.74805,0.478516,0.334707,-8.5784e-10,0.324607,1,0
6.74805,0.498047,0.0407917,4.03818e-10,0.324607,0.6,0
6.76758,0.478516,0.334707,-8.59784e-10,0.322655,1,0
6.76758,0.498047,0.0407917,3.92439e-10,0.322655,0.6,0
6.78711,0.478516,0.334707,-8.43098e-10,0.320704,1,0
6.78711,0.498047,0.0407917,3.90271e-10,0.320704,0.6,0
6.80664,0.478516,0.334707,-8.45411e-10,0.318752,1,0
6.80664,0.498047,0.0407917,3.7887e-10,0.318752,0.6,0
6.82617,0.478516,0.334707,-8.28659e-10,0.316801,1,0
6.82617,0.498047,0.0407917,3.76912e-10,0.316801,0.6,0
6.8457,0.478516,0.334707,-8.31338e-10,0.31485,1,0
6.8457,0.498047,0.0407917,3.65522e-10,0.31485,0.6,0
6.86523,0.478516,0.334707,-8.1453e-10,0.312898,1,0
6.86523,0.498047,0.0407917,3.63741e-10,0.312898,0.6,0
6.88477,0.00976562,1.00073,7.94133e-10,0.310947,1,0
6.88477,0.0292969,1.00073,1.6166e-09,0.310947,1,0
6.9043,0.00976562,1.00073,7.97463e-10,0.308996,1,0
6.9043,0.0292969,1.00073,1.62719e-09,0.308996,1,0
6.88477,0.0488281,1.00073,1.74789e-09,0.310947,1,0
6.88477,0.0683594,1.00073,1.17762e-09,0.310947,1,0
6.9043,0.0488281,1.00073,1.77081e-09,0.308996,1,0
6.9043,0.0683594,1.00073,1.2191e-09,0.308996,1,0
6.92383,0.00976562,1.00073,8.0042e-10,0.307044,1,0
6.92383,0.0292969,1.00073,1.63704e-09,0.307044,1,0
6.94336,0.00976562,1.00073,8.02952e-10,0.305093,1,0
6.94336,0.0292969,1.00073,1.64602e-09,0.305093,1,0
6.92383,0.0488281,1.00073,1.79279e-09,0.307044,1,0
6.92383,0.0683594,1.00073,1.25946e-09,0.307044,1,0
6.94336,0.0488281,1.00073,1.81367e-09,0.305093,1,0
6.94336,0.0683594,1.00073,1.29848e-09,0.305093,1,0
6.88477,0.0878906,1.00073,-5.52078e-10,0.310947,1,0
6.88477,0.107422,1.00072,-3.38298e-09,0.310947,1,0
6.9043,0.0878906,1.00073,-4.86398e-10,0.308996,1,0
6.9043,0.107422,1.00072,-3.28679e-09,0.308996,1,0
6.88477,0.126953,1.00072,-7.41512e-09,0.310947,1,0
6.88477,0.146484,1.00071,-1.24619e-08,0.310947,1,0
6.9043,0.126953,1.00072,-7.28273e-09,0.308996,1,0
6.9043,0.146484,1.00071,-1.22879e-08,0.308996,1,0
6.92383,0.0878906,1.00073,-4.21884e-10,0.307044,1,0
6.92383,0.107422,1.00072,-3.19177e-09,0.307044,1,0
6.94336,0.0878906,1.00073,-3.58822e-10,0.305093,1,0
6.94336,0.107422,1.00072,-3.09826e-09,0.305093,1,0
6.92383,0.126953,1.00072,-7.15144e-09,0.307044,1,0
6.92383,0.146484,1.00071,-1.21149e-08,0.307044,1,0
6.94336,0.126953,1.00072,-7.02163e-09,0.305093,1,0
6.94336,0.146484,1.00071,-1.19433e-08,0.305093,1,0
6.96289,0.00976562,1.00073,8.05019e-10,0.303142,1,0
6.96289,0.0292969,1.00073,1.65405e-09,0.303142,1,0
6.98242,0.00976562,1.00073,8.06603e-10,0.30119,1,0
6.98242,0.0292969,1.00073,1.66108e-09,0.30119,1,0
6.96289,0.0488281,1.00073,1.83333e-09,0.303142,1,0
6.96289,0.0683594,1.00073,1.33596e-09,0.303142,1,0
6.98242,0.0488281,1.00073,1.85166e-09,0.30119,1,0
6.98242,0.0683594,1.00073,1.37175e-09,0.30119,1,0
7.00195,0.00976562,1.00073,8.077e-10,0.299239,1,0
7.00195,0.0292969,1.00073,1.66707e-09,0.299239,1,0
7.02148,0.00976562,1.00073,8.08319e-10,0.297288,1,0
7.02148,0.0292969,1.00073,1.67204e-09,0.297288,1,0
7.00195,0.0488281,1.00073,1.8686e-09,0.299239,1,0
7.00195,0.0683594,1.00073,1.40574e-09,0.299239,1,0
7.02148,0.0488281,1.00073,1.88412e-09,0.297288,1,0
7.02148,0.0683594,1.00073,1.43789e-09,0.297288,1,0
6.96289,0.0878906,1.00073,-2.97465e-10,0.303142,1,0
6.96289,0.107422,1.00072,-3.00657e-09,0.303142,1,0
6.98242,0.0878906,1.00073,-2.38017e-10,0.30119,1,0
6.98242,0.107422,1.00072,-2.91695e-09,0.30119,1,0
6.96289,0.126953,1.00072,-6.89367e-09,0.303142,1,0
6.96289,0.146484,1.00071,-1.17735e-08,0.303142,1,0
6.98242,0.126953,1.00072,-6.76784e-09,0.30119,1,0
6.98242,0.146484,1.00071,-1.16059e-08,0.30119,1,0
7.00195,0.0878906,1.00073,-1.8062e-10,0.299239,1,0
7.00195,0.107422,1.00072,-2.82959e-09,0.299239,1,0
7.02148,0.0878906,1.00073,-1.25358e-10,0.297288,1,0
7.02148,0.107422,1.00072,-2.7446e-09,0.297288,1,0
7.00195,0.126953,1.00072,-6.64435e-09,0.299239,1,0
7.00195,0.146484,1.00071,-1.14407e-08,0.299239,1,0
7.02148,0.126953,1.00072,-6.52335e-09,0.297288,1,0
7.02148,0.146484,1.00071,-1.12781e-08,0.297288,1,0
6.88477,0.166016,1.0007,-1.8351e-08,0.310947,1,0
6.88477,0.185547,1.00066,-2.47487e-08,0.310947,1,0
6.9043,0.166016,1.0007,-1.8131e-08,0.308996,1,0
6.9043,0.185547,1.00066,-2.44798e-08,0.308996,1,0
6.88477,0.205078,1.00057,-3.12993e-08,0.310947,1,0
6.88477,0.224609,1.00037,-3.75649e-08,0.310947,1,0
6.9043,0.205078,1.00057,-3.09804e-08,0.308996,1,0
6.9043,0.224609,1.00037,-3.71973e-08,0.308996,1,0
6.92383,0.166016,1.0007,-1.7912e-08,0.307044,1,0
6.92383,0.185547,1.00066,-2.42118e-08,0.307044,1,0
6.94336,0.166016,1.0007,-1.76944e-08,0.305093,1,0
6.94336,0.185547,1.00066,-2.39451e-08,0.305093,1,0
6.92383,0.205078,1.00057,-3.06625e-08,0.307044,1,0
6.92383,0.224609,1.00037,-3.68307e-08,0.307044,1,0
6.94336,0.205078,1.00057,-3.03458e-08,0.305093,1,0
6.94336,0.224609,1.00037,-3.64656e-08,0.305093,1,0
6.88477,0.244141,0.999958,-4.30912e-08,0.310947,1,0
6.88477,0.263672,0.999114,-4.74047e-08,0.310947,1,0
6.9043,0.244141,0.999958,-4.26792e-08,0.308996,1,0
6.9043,0.263672,0.999114,-4.69559e-08,0.308996,1,0
6.88477,0.283203,0.997453,-5.00548e-08,0.310947,1,0
6.88477,0.302734,0.99429,-5.06693e-08,0.310947,1,0
6.9043,0.283203,0.997453,-4.9581e-08,0.308996,1,0
6.9043,0.302734,0.99429,-5.0186e-08,0.308996,1,0
6.92383,0.244141,0.999958,-4.22684e-08,0.307044,1,0
6.92383,0.263672,0.999114,-4.65088e-08,0.307044,1,0
6.94336,0.244141,0.999958,-4.18592e-08,0.305093,1,0
6.94336,0.263672,0.999114,-4.60634e-08,0.305093,1,0
6.92383,0.283203,0.997453,-4.91091e-08,0.307044,1,0
6.92383,0.302734,0.99429,-4.97047e-08,0.307044,1,0
6.94336,0.283203,0.997453,-4.86392e-08,0.305093,1,0
6.94336,0.302734,0.99429,-4.92258e-08,0.305093,1,0
6.96289,0.166016,1.0007,-1.74785e-08,0.303142,1,0
6.96289,0.185547,1.00066,-2.36802e-08,0.303142,1,0
6.98242,0.166016,1.0007,-1.72648e-08,0.30119,1,0
6.98242,0.185547,1.00066,-2.34174e-08,0.30119,1,0
6.96289,0.205078,1.00057,-3.0031e-08,0.303142,1,0
6.96289,0.224609,1.00037,-3.61023e-08,0.303142,1,0
6.98242,0.205078,1.00057,-2.97182e-08,0.30119,1,0
6.98242,0.224609,1.00037,-3.57411e-08,0.30119,1,0
7.00195,0.166016,1.0007,-1.70534e-08,0.299239,1,0
7.00195,0.185547,1.00066,-2.31569e-08,0.299239,1,0
7.02148,0.166016,1.0007,-1.68446e-08,0.297288,1,0
7.02148,0.185547,1.00066,-2.28989e-08,0.297288,1,0
7.00195,0.205078,1.00057,-2.94077e-08,0.299239,1,0
7.00195,0.224609,1.00037,-3.53822e-08,0.299239,1,0
7.02148,0.205078,1.00057,-2.90998e-08,0.297288,1,0
7.02148,0.224609,1.00037,-3.50259e-08,0.297288,1,0
6.96289,0.244141,0.999958,-4.1452e-08,0.303142,1,0
6.96289,0.263672,0.999114,-4.56201e-08,0.303142,1,0
6.98242,0.244141,0.999958,-4.10469e-08,0.30119,1,0
6.98242,0.263672,0.999114,-4.51792e-08,0.30119,1,0
6.96289,0.283203,0.997453,-4.81717e-08,0.303142,1,0
6.96289,0.302734,0.99429,-4.87495e-08,0.303142,1,0
6.98242,0.283203,0.997453,-4.77067e-08,0.30119,1,0
6.98242,0.302734,0.99429,-4.82758e-08,0.30119,1,0
7.00195,0.244141,0.999958,-4.06443e-08,0.299239,1,0
7.00195,0.263672,0.999114,-4.47409e-08,0.299239,1,0
7.02148,0.244141,0.999958,-4.02443e-08,0.297288,1,0
7.02148,0.263672,0.999114,-4.43052e-08,0.297288,1,0
7.00195,0.283203,0.997453,-4.72444e-08,0.299239,1,0
7.00195,0.302734,0.99429,-4.78049e-08,0.299239,1,0
7.02148,0.283203,0.997453,-4.6785e-08,0.297288,1,0
7.02148,0.302734,0.99429,-4.7337e-08,0.297288,1,0
7.04102,0.00976562,1.00073,8.08469e-10,0.295336,1,0
7.04102,0.0292969,1.00073,1.67599e-09,0.295336,1,0
7.06055,0.00976562,1.00073,8.08159e-10,0.293385,1,0
7.06055,0.0292969,1.00073,1.67894e-09,0.293385,1,0
7.04102,0.0488281,1.00073,1.89824e-09,0.295336,1,0
7.04102,0.0683594,1.00073,1.46819e-09,0.295336,1,0
7.06055,0.0488281,1.00073,1.91095e-09,0.293385,1,0
7.06055,0.0683594,1.00073,1.49664e-09,0.293385,1,0
7.08008,0.00976562,1.00073,8.07394e-10,0.291433,1,0
7.08008,0.0292969,1.00073,1.68091e-09,0.291433,1,0
7.09961,0.00976562,1.00073,8.06176e-10,0.289482,1,0
7.09961,0.0292969,1.00073,1.68192e-09,0.289482,1,0
7.08008,0.0488281,1.00073,1.92231e-09,0.291433,1,0
7.08008,0.0683594,1.00073,1.5233e-09,0.291433,1,0
7.09961,0.0488281,1.00073,1.93233e-09,0.289482,1,0
7.09961,0.0683594,1.00073,1.54819e-09,0.289482,1,0
7.04102,0.0878906,1.00073,-7.22599e-11,0.295336,1,0
7.04102,0.107422,1.00072,-2.66202e-09,0.295336,1,0
7.06055,0.0878906,1.00073,-2.13141e-11,0.293385,1,0
7.06055,0.107422,1.00072,-2.58185e-09,0.293385,1,0
7.04102,0.126953,1.00072,-6.40491e-09,0.295336,1,0
7.04102,0.146484,1.00071,-1.1118e-08,0.295336,1,0
7.06055,0.126953,1.00072,-6.28903e-09,0.293385,1,0
7.06055,0.146484,1.00071,-1.09607e-08,0.293385,1,0
7.08008,0.0878906,1.00073,2.7517e-11,0.291433,1,0
7.08008,0.107422,1.00072,-2.50408e-09,0.291433,1,0
7.09961,0.0878906,1.00073,7.42784e-11,0.289482,1,0
7.09961,0.107422,1.00072,-2.42864e-09,0.289482,1,0
7.08008,0.126953,1.00072,-6.17572e-09,0.291434,1,0
7.08008,0.146484,1.00071,-1.0806e-08,0.291434,1,0
7.09961,0.126953,1.00072,-6.06492e-09,0.289482,1,0
7.09961,0.146484,1.00071,-1.06539e-08,0.289482,1,0
7.11914,0.00976562,1.00073,8.04503e-10,0.287531,1,0
7.11914,0.0292969,1.00073,1.68198e-09,0.287531,1,0
7.13867,0.00976562,1.00073,8.02374e-10,0.285579,1,0
7.13867,0.0292969,1.00073,1.68107e-09,0.285579,1,0
7.11914,0.0488281,1.00073,1.94105e-09,0.287531,1,0
7.11914,0.0683594,1.00073,1.57135e-09,0.287531,1,0
7.13867,0.0488281,1.00073,1.94846e-09,0.285579,1,0
7.13867,0.0683594,1.00073,1.59279e-09,0.285579,1,0
7.1582,0.00976562,1.00073,7.99782e-10,0.283628,1,0
7.1582,0.0292969,1.00073,1.6792e-09,0.283628,1,0
7.17773,0.00976562,1.00073,7.96717e-10,0.281677,1,0
7.17773,0.0292969,1.00073,1.67632e-09,0.281677,1,0
7.1582,0.0488281,1.00073,1.95455e-09,0.283628,1,0
7.1582,0.0683594,1.00073,1.61249e-09,0.283628,1,0
7.17773,0.0488281,1.00073,1.95928e-09,0.281677,1,0
7.17773,0.0683594,1.00073,1.6304e-09,0.281677,1,0
7.11914,0.0878906,1.00073,1.19005e-10,0.287531,1,0
7.11914,0.107422,1.00072,-2.35552e-09,0.287531,1,0
7.13867,0.0878906,1.00073,1.61708e-10,0.285579,1,0
7.13867,0.107422,1.00072,-2.28471e-09,0.285579,1,0
7.11914,0.126953,1.00072,-5.95663e-09,0.287531,1,0
7.11914,0.146484,1.00071,-1.05045e-08,0.287531,1,0
7.13867,0.126953,1.00072,-5.85085e-09,0.285579,1,0
7.13867,0.146484,1.00071,-1.03578e-08,0.285579,1,0
7.1582,0.0878906,1.00073,2.02361e-10,0.283628,1,0
7.1582,0.107422,1.00072,-2.21624e-09,0.283628,1,0
7.17773,0.0878906,1.00073,2.40899e-10,0.281677,1,0
7.17773,0.107422,1.00072,-2.1502e-09,0.281677,1,0
7.1582,0.126953,1.00072,-5.74763e-09,0.283628,1,0
7.1582,0.146484,1.00071,-1.02139e-08,0.283628,1,0
7.17773,0.126953,1.00072,-5.64707e-09,0.281677,1,0
7.17773,0.146484,1.00071,-1.00728e-08,0.281677,1,0
7.04102,0.166016,1.0007,-1.66384e-08,0.295336,1,0
7.04102,0.185547,1.00066,-2.26436e-08,0.295336,1,0
7.06055,0.166016,1.0007,-1.6435e-08,0.293385,1,0
7.06055,0.185547,1.00066,-2.23911e-08,0.293385,1,0
7.04102,0.205078,1.00057,-2.87945e-08,0.295336,1,0
7.04102,0.224609,1.00037,-3.46723e-08,0.295336,1,0
7.06055,0.205078,1.00057,-2.8492e-08,0.293385,1,0
7.06055,0.224609,1.00037,-3.43215e-08,0.293385,1,0
7.08008,0.166016,1.0007,-1.62342e-08,0.291434,1,0
7.08008,0.185547,1.00066,-2.21413e-08,0.291434,1,0
7.09961,0.166016,1.0007,-1.60362e-08,0.289482,1,0
7.09961,0.185547,1.00066,-2.18943e-08,0.289482,1,0
7.08008,0.205078,1.00057,-2.81922e-08,0.291434,1,0
7.08008,0.224609,1.00037,-3.39735e-08,0.291434,1,0
7.09961,0.205078,1.00057,-2.78954e-08,0.289482,1,0
7.09961,0.224609,1.00037,-3.36284e-08,0.289482,1,0
7.04102,0.244141,0.999958,-3.98471e-08,0.295336,1,0
7.04102,0.263672,0.999114,-4.38724e-08,0.295336,1,0
7.06055,0.244141,0.999958,-3.94527e-08,0.293385,1,0
7.06055,0.263672,0.999114,-4.34425e-08,0.293385,1,0
7.04102,0.283203,0.997453,-4.63284e-08,0.295336,1,0
7.04102,0.302734,0.99429,-4.68721e-08,0.295336,1,0
7.06055,0.283203,0.997453,-4.5875e-08,0.293385,1,0
7.06055,0.302734,0.99429,-4.64104e-08,0.293385,1,0
7.08008,0.244141,0.999958,-3.90612e-08,0.291434,1,0
7.08008,0.263672,0.999114,-4.30157e-08,0.291434,1,0
7.09961,0.244141,0.999958,-3.86727e-08,0.289482,1,0
7.09961,0.263672,0.999114,-4.25921e-08,0.289482,1,0
7.08008,0.283203,0.997453,-4.54247e-08,0.291434,1,0
7.08008,0.302734,0.99429,-4.5952e-08,0.291434,1,0
7.09961,0.283203,0.997453,-4.49777e-08,0.289482,1,0
7.09961,0.302734,0.99429,-4.5497e-08,0.289482,1,0
7.11914,0.166016,1.0007,-1.5841e-08,0.287531,1,0
7.11914,0.185547,1.00066,-2.16501e-08,0.287531,1,0
7.13867,0.166016,1.0007,-1.56485e-08,0.285579,1,0
7.13867,0.185547,1.00066,-2.14089e-08,0.285579,1,0
7.11914,0.205078,1.00057,-2.76014e-08,0.287531,1,0
7.11914,0.224609,1.00037,-3.32864e-08,0.287531,1,0
7.13867,0.205078,1.00057,-2.73104e-08,0.285579,1,0
7.13867,0.224609,1.00037,-3.29475e-08,0.285579,1,0
7.1582,0.166016,1.0007,-1.5459e-08,0.283628,1,0
7.1582,0.185547,1.00066,-2.11706e-08,0.283628,1,0
7.17773,0.166016,1.0007,-1.52724e-08,0.281677,1,0
7.17773,0.185547,1.00066,-2.09356e-08,0.281677,1,0
7.1582,0.205078,1.00057,-2.70226e-08,0.283628,1,0
7.1582,0.224609,1.00037,-3.26119e-08,0.283628,1,0
7.17773,0.205078,1.00057,-2.67381e-08,0.281677,1,0
7.17773,0.224609,1.00037,-3.22797e-08,0.281677,1,0
7.11914,0.244141,0.999958,-3.82874e-08,0.287531,1,0
7.11914,0.263672,0.999114,-4.21717e-08,0.287531,1,0
7.13867,0.244141,0.999958,-3.79054e-08,0.285579,1,0
7.13867,0.263672,0.999114,-4.17548e-08,0.285579,1,0
7.11914,0.283203,0.997453,-4.45341e-08,0.287531,1,0
7.11914,0.302734,0.99429,-4.50455e-08,0.287531,1,0
7.13867,0.283203,0.997453,-4.40942e-08,0.285579,1,0
7.13867,0.302734,0.99429,-4.45977e-08,0.285579,1,0
7.1582,0.244141,0.999958,-3.75268e-08,0.283628,1,0
7.1582,0.263672,0.999114,-4.13414e-08,0.283628,1,0
7.17773,0.244141,0.999958,-3.71519e-08,0.281677,1,0
7.17773,0.263672,0.999114,-4.09319e-08,0.281677,1,0
7.1582,0.283203,0.997453,-4.3658e-08,0.283628,1,0
7.1582,0.302734,0.99429,-4.41539e-08,0.283628,1,0
7.17773,0.283203,0.997453,-4.32257e-08,0.281677,1,0
7.17773,0.302734,0.99429,-4.37141e-08,0.281677,1,0
6.88477,0.322266,0.988481,-4.90008e-08,0.310947,1,0
6.88477,0.341797,0.978179,-4.50456e-08,0.310947,1,0
6.9043,0.322266,0.988481,-4.85267e-08,0.308996,1,0
6.9043,0.341797,0.978179,-4.46014e-08,0.308996,1,0
6.88477,0.361328,0.960541,-3.90448e-08,0.310947,1,0
6.88477,0.380859,0.931385,-3.16117e-08,0.310947,1,0
6.9043,0.361328,0.960541,-3.86509e-08,0.308996,1,0
6.9043,0.380859,0.931385,-3.12813e-08,0.308996,1,0
6.92383,0.322266,0.988481,-4.8055e-08,0.307044,1,0
6.92383,0.341797,0.978179,-4.41596e-08,0.307044,1,0
6.94336,0.322266,0.988481,-4.75858e-08,0.305093,1,0
6.94336,0.341797,0.978179,-4.37205e-08,0.305093,1,0
6.92383,0.361328,0.960541,-3.82594e-08,0.307044,1,0
6.92383,0.380859,0.931385,-3.09597e-08,0.307044,1,0
6.94336,0.361328,0.960541,-3.78704e-08,0.305093,1,0
6.94336,0.380859,0.931385,-3.06335e-08,0.305093,1,0
6.88477,0.400391,0.884835,-2.34996e-08,0.310947,1,0
6.88477,0.419922,0.81302,-1.57505e-08,0.310947,1,0
6.9043,0.400391,0.884835,-2.32628e-08,0.308996,1,0
6.9043,0.419922,0.81302,-1.55645e-08,0.308996,1,0
6.88477,0.439453,0.705882,-9.01493e-09,0.310947,1,0
6.88477,0.458984,0.551177,-4.05278e-09,0.310947,1,0
6.9043,0.439453,0.705882,-8.91044e-09,0.308996,1,0
6.9043,0.458984,0.551177,-4.02867e-09,0.308996,1,0
6.92383,0.400391,0.884835,-2.30017e-08,0.307044,1,0
6.92383,0.419922,0.81302,-1.54092e-08,0.307044,1,0
6.94336,0.400391,0.884835,-2.27688e-08,0.305093,1,0
6.94336,0.419922,0.81302,-1.52255e-08,0.305093,1,0
6.92383,0.439453,0.705882,-8.8167e-09,0.307044,1,0
6.92383,0.458984,0.551177,-3.96456e-09,0.307044,1,0
6.94336,0.439453,0.705882,-8.71364e-09,0.305093,1,0
6.94336,0.458984,0.551177,-3.94167e-09,0.305093,1,0
6.96289,0.322266,0.988481,-4.71192e-08,0.303142,1,0
6.96289,0.341797,0.978179,-4.3284e-08,0.303142,1,0
6.98242,0.322266,0.988481,-4.66555e-08,0.30119,1,0
6.98242,0.341797,0.978179,-4.28503e-08,0.30119,1,0
6.96289,0.361328,0.960541,-3.74839e-08,0.303142,1,0
6.96289,0.380859,0.931385,-3.03164e-08,0.303142,1,0
6.98242,0.361328,0.960541,-3.71e-08,0.30119,1,0
6.98242,0.380859,0.931385,-2.99947e-08,0.30119,1,0
7.00195,0.322266,0.988481,-4.61946e-08,0.299239,1,0
7.00195,0.341797,0.978179,-4.24194e-08,0.299239,1,0
7.02148,0.322266,0.988481,-4.57367e-08,0.297288,1,0
7.02148,0.341797,0.978179,-4.19915e-08,0.297288,1,0
7.00195,0.361328,0.960541,-3.67188e-08,0.299239,1,0
7.00195,0.380859,0.931385,-2.96823e-08,0.299239,1,0
7.02148,0.361328,0.960541,-3.63404e-08,0.297288,1,0
7.02148,0.380859,0.931385,-2.93654e-08,0.297288,1,0
6.96289,0.400391,0.884835,-2.2511e-08,0.303142,1,0
6.96289,0.419922,0.81302,-1.50732e-08,0.303142,1,0
6.98242,0.400391,0.884835,-2.22821e-08,0.30119,1,0
6.98242,0.419922,0.81302,-1.48917e-08,0.30119,1,0
6.96289,0.439453,0.705882,-8.62163e-09,0.303142,1,0
6.96289,0.458984,0.551177,-3.87782e-09,0.303142,1,0
6.98242,0.439453,0.705882,-8.5201e-09,0.30119,1,0
6.98242,0.458984,0.551177,-3.85618e-09,0.30119,1,0
7.00195,0.400391,0.884835,-2.20277e-08,0.299239,1,0
7.00195,0.419922,0.81302,-1.47425e-08,0.299239,1,0
7.02148,0.400391,0.884835,-2.1803e-08,0.297288,1,0
7.02148,0.419922,0.81302,-1.45635e-08,0.297288,1,0
7.00195,0.439453,0.705882,-8.42993e-09,0.299239,1,0
7.00195,0.458984,0.551177,-3.79262e-09,0.299239,1,0
7.02148,0.439453,0.705882,-8.33007e-09,0.297288,1,0
7.02148,0.458984,0.551177,-3.7723e-09,0.297288,1,0
6.88477,0.478516,0.334707,-8.17572e-10,0.310947,1,0
6.88477,0.498047,0.0407917,3.52346e-10,0.310947,0.6,0
6.9043,0.478516,0.334707,-8.00695e-10,0.308996,1,0
6.9043,0.498047,0.0407917,3.50725e-10,0.308996,0.6,0
6.92383,0.478516,0.334707,-8.04093e-10,0.307044,1,0
6.92383,0.498047,0.0407917,3.39287e-10,0.307044,0.6,0
6.94336,0.478516,0.334707,-7.87106e-10,0.305093,1,0
6.94336,0.498047,0.0407917,3.37866e-10,0.305093,0.6,0
6.96289,0.478516,0.334707,-7.90833e-10,0.303142,1,0
6.96289,0.498047,0.0407917,3.26407e-10,0.303142,0.6,0
6.98242,0.478516,0.334707,-7.73715e-10,0.30119,1,0
6.98242,0.498047,0.0407917,3.25221e-10,0.30119,0.6,0
7.00195,0.478516,0.334707,-7.77769e-10,0.299239,1,0
7.00195,0.498047,0.0407917,3.13797e-10,0.299239,0.6,0
7.02148,0.478516,0.334707,-7.60532e-10,0.297288,1,0
7.02148,0.498047,0.0407917,3.12922e-10,0.297288,0.6,0
7.04102,0.322266,0.988481,-4.5282e-08,0.295336,1,0
7.04102,0.341797,0.978179,-4.15666e-08,0.295336,1,0
7.06055,0.322266,0.988481,-4.48304e-08,0.293385,1,0
7.06055,0.341797,0.978179,-4.11449e-08,0.293385,1,0
7.04102,0.361328,0.960541,-3.59648e-08,0.295336,1,0
7.04102,0.380859,0.931385,-2.9058e-08,0.295336,1,0
7.06055,0.361328,0.960541,-3.55922e-08,0.293385,1,0
7.06055,0.380859,0.931385,-2.87461e-08,0.293385,1,0
7.08008,0.322266,0.988481,-4.43822e-08,0.291434,1,0
7.08008,0.341797,0.978179,-4.07265e-08,0.291434,1,0
7.09961,0.322266,0.988481,-4.39374e-08,0.289482,1,0
7.09961,0.341797,0.978179,-4.03115e-08,0.289482,1,0
7.08008,0.361328,0.960541,-3.52226e-08,0.291434,1,0
7.08008,0.380859,0.931385,-2.84442e-08,0.291434,1,0
7.09961,0.361328,0.960541,-3.48563e-08,0.289482,1,0
7.09961,0.380859,0.931385,-2.81379e-08,0.289482,1,0
7.04102,0.400391,0.884835,-2.15523e-08,0.295336,1,0
7.04102,0.419922,0.81302,-1.44177e-08,0.295336,1,0
7.06055,0.400391,0.884835,-2.13322e-08,0.293385,1,0
7.06055,0.419922,0.81302,-1.42415e-08,0.293385,1,0
7.04102,0.439453,0.705882,-8.24194e-09,0.295336,1,0
7.04102,0.458984,0.551177,-3.70916e-09,0.295336,1,0
7.06055,0.439453,0.705882,-8.14401e-09,0.293385,1,0
7.06055,0.458984,0.551177,-3.69034e-09,0.293385,1,0
7.08008,0.400391,0.884835,-2.10857e-08,0.291434,1,0
7.08008,0.419922,0.81302,-1.40994e-08,0.291434,1,0
7.09961,0.400391,0.884835,-2.08706e-08,0.289482,1,0
7.09961,0.419922,0.81302,-1.39264e-08,0.289482,1,0
7.08008,0.439453,0.705882,-8.05824e-09,0.291434,1,0
7.08008,0.458984,0.551177,-3.62783e-09,0.291434,1,0
7.09961,0.439453,0.705882,-7.9626e-09,0.289482,1,0
7.09961,0.458984,0.551177,-3.61079e-09,0.289482,1,0
7.11914,0.322266,0.988481,-4.34963e-08,0.287531,1,0
7.11914,0.341797,0.978179,-3.99e-08,0.287531,1,0
7.13867,0.322266,0.988481,-4.30589e-08,0.285579,1,0
7.13867,0.341797,0.978179,-3.94922e-08,0.285579,1,0
7.11914,0.361328,0.960541,-3.44933e-08,0.287531,1,0
7.11914,0.380859,0.931385,-2.78419e-08,0.287531,1,0
7.13867,0.361328,0.960541,-3.41339e-08,0.285579,1,0
7.13867,0.380859,0.931385,-2.75416e-08,0.285579,1,0
7.1582,0.322266,0.988481,-4.26254e-08,0.283628,1,0
7.1582,0.341797,0.978179,-3.90884e-08,0.283628,1,0
7.17773,0.322266,0.988481,-4.21961e-08,0.281677,1,0
7.17773,0.341797,0.978179,-3.86886e-08,0.281677,1,0
7.1582,0.361328,0.960541,-3.37781e-08,0.283628,1,0
7.1582,0.380859,0.931385,-2.72523e-08,0.283628,1,0
7.17773,0.361328,0.960541,-3.34262e-08,0.281677,1,0
7.17773,0.380859,0.931385,-2.69587e-08,0.281677,1,0
7.11914,0.400391,0.884835,-2.06286e-08,0.287531,1,0
7.11914,0.419922,0.81302,-1.37885e-08,0.287531,1,0
7.13867,0.400391,0.884835,-2.04191e-08,0.285579,1,0
7.13867,0.419922,0.81302,-1.36192e-08,0.285579,1,0
7.11914,0.439453,0.705882,-7.87963e-09,0.287531,1,0
7.11914,0.458984,0.551177,-3.54926e-09,0.287531,1,0
7.13867,0.439453,0.705882,-7.78677e-09,0.285579,1,0
7.13867,0.458984,0.551177,-3.53444e-09,0.285579,1,0
7.1582,0.400391,0.884835,-2.01823e-08,0.283628,1,0
7.1582,0.419922,0.81302,-1.34861e-08,0.283628,1,0
7.17773,0.400391,0.884835,-1.9979e-08,0.281677,1,0
7.17773,0.419922,0.81302,-1.33212e-08,0.281677,1,0
7.1582,0.439453,0.705882,-7.7071e-09,0.283628,1,0
7.1582,0.458984,0.551177,-3.47434e-09,0.283628,1,0
7.17773,0.439453,0.705882,-7.61754e-09,0.281677,1,0
7.17773,0.458984,0.551177,-3.46221e-09,0.281677,1,0
7.04102,0.478516,0.334707,-7.6496e-10,0.295336,1,0
7.04102,0.498047,0.0407917,3.01629e-10,0.295336,0.6,0
7.06055,0.478516,0.334707,-7.47683e-10,0.293385,1,0
7.06055,0.498047,0.0407917,3.01179e-10,0.293385,0.6,0
7.08008,0.478516,0.334707,-7.52606e-10,0.291434,1,0
7.08008,0.498047,0.0407917,2.9014e-10,0.291434,0.6,0
7.09961,0.478516,0.334707,-7.35445e-10,0.289482,1,0
7.09961,0.498047,0.0407917,2.9024e-10,0.289482,0.6,0
7.11914,0.478516,0.334707,-7.4106e-10,0.287531,1,0
7.11914,0.498047,0.0407917,2.79557e-10,0.287531,0.6,0
7.13867,0.478516,0.334707,-7.24233e-10,0.285579,1,0
7.13867,0.498047,0.0407917,2.80291e-10,0.285579,0.6,0
7.1582,0.478516,0.334707,-7.30778e-10,0.283628,1,0
7.1582,0.498047,0.0407917,2.70006e-10,0.283628,0.6,0
7.17773,0.478516,0.334707,-7.14501e-10,0.281677,1,0
7.17773,0.498047,0.0407917,2.71413e-10,0.281677,0.6,0
7.19727,0.00976562,1.00073,7.93161e-10,0.279725,1,0
7.19727,0.0292969,1.00073,1.6724e-09,0.279725,1,0
7.2168,0.00976562,1.00073,7.89087e-10,0.277774,1,0
7.2168,0.0292969,1.00073,1.66737e-09,0.277774,1,0
7.19727,0.0488281,1.00073,1.96257e-09,0.279725,1,0
7.19727,0.0683594,1.00073,1.64642e-09,0.279725,1,0
7.2168,0.0488281,1.00073,1.96435e-09,0.277774,1,0
7.2168,0.0683594,1.00073,1.66045e-09,0.277774,1,0
7.23633,0.00976562,1.00073,7.84462e-10,0.275823,1,0
7.23633,0.0292969,1.00073,1.66115e-09,0.275823,1,0
7.25586,0.00976562,1.00073,7.79246e-10,0.273871,1,0
7.25586,0.0292969,1.00073,1.65365e-09,0.273871,1,0
7.23633,0.0488281,1.00073,1.96449e-09,0.275823,1,0
7.23633,0.0683594,1.00073,1.67234e-09,0.275823,1,0
7.25586,0.0488281,1.00073,1.96288e-09,0.273871,1,0
7.25586,0.0683594,1.00073,1.68192e-09,0.273871,1,0
7.19727,0.0878906,1.00073,2.77216e-10,0.279725,1,0
7.19727,0.107422,1.00072,-2.08671e-09,0.279725,1,0
7.2168,0.0878906,1.00073,3.11166e-10,0.277774,1,0
7.2168,0.107422,1.00072,-2.02594e-09,0.277774,1,0
7.19727,0.126953,1.00072,-5.54931e-09,0.279725,1,0
7.19727,0.146484,1.00071,-9.93469e-09,0.279725,1,0
7.2168,0.126953,1.00072,-5.45455e-09,0.277774,1,0
7.2168,0.146484,1.00071,-9.79987e-09,0.277774,1,0
7.23633,0.0878906,1.00073,3.42578e-10,0.275823,1,0
7.23633,0.107422,1.00072,-1.96809e-09,0.275823,1,0
7.25586,0.0878906,1.00073,3.71273e-10,0.273871,1,0
7.25586,0.107422,1.00072,-1.91338e-09,0.273871,1,0
7.23633,0.126953,1.00072,-5.36302e-09,0.275823,1,0
7.23633,0.146484,1.00071,-9.66854e-09,0.275823,1,0
7.25586,0.126953,1.00072,-5.27498e-09,0.273871,1,0
7.25586,0.146484,1.00071,-9.541e-09,0.273871,1,0
7.27539,0.00976562,1.00073,7.7339e-10,0.27192,1,0
7.27539,0.0292969,1.00073,1.64477e-09,0.27192,1,0
7.29492,0.00976562,1.00073,7.6684e-10,0.269969,1,0
7.29492,0.0292969,1.00073,1.63438e-09,0.269969,1,0
7.27539,0.0488281,1.00073,1.95939e-09,0.27192,1,0
7.27539,0.0683594,1.00073,1.68906e-09,0.27192,1,0
7.29492,0.0488281,1.00073,1.95387e-09,0.269969,1,0
7.29492,0.0683594,1.00073,1.69362e-09,0.269969,1,0
7.31445,0.00976562,1.00073,7.59554e-10,0.268017,1,0
7.31445,0.0292969,1.00073,1.62239e-09,0.268017,1,0
7.33398,0.00976562,1.00073,7.51526e-10,0.266066,1,0
7.33398,0.0292969,1.00073,1.60881e-09,0.266066,1,0
7.31445,0.0488281,1.00073,1.94627e-09,0.268017,1,0
7.31445,0.0683594,1.00073,1.69546e-09,0.268017,1,0
7.33398,0.0488281,1.00073,1.9365e-09,0.266066,1,0
7.33398,0.0683594,1.00073,1.69437e-09,0.266066,1,0
7.27539,0.0878906,1.00073,3.97074e-10,0.27192,1,0
7.27539,0.107422,1.00072,-1.86203e-09,0.27192,1,0
7.29492,0.0878906,1.00073,4.198e-10,0.269969,1,0
7.29492,0.107422,1.00072,-1.8143e-09,0.269969,1,0
7.27539,0.126953,1.00072,-5.19069e-09,0.27192,1,0
7.27539,0.146484,1.00071,-9.41755e-09,0.27192,1,0
7.29492,0.126953,1.00072,-5.11043e-09,0.269969,1,0
7.29492,0.146484,1.00071,-9.29849e-09,0.269969,1,0
7.31445,0.0878906,1.00073,4.3921e-10,0.268017,1,0
7.31445,0.107422,1.00072,-1.77045e-09,0.268017,1,0
7.33398,0.0878906,1.00073,4.54981e-10,0.266066,1,0
7.33398,0.107422,1.00072,-1.7308e-09,0.266066,1,0
7.31445,0.126953,1.00072,-5.0345e-09,0.268017,1,0
7.31445,0.146484,1.00071,-9.18411e-09,0.268017,1,0
7.33398,0.126953,1.00072,-4.96317e-09,0.266066,1,0
7.33398,0.146484,1.00071,-9.07467e-09,0.266066,1,0
7.19727,0.166016,1.0007,-1.50891e-08,0.279725,1,0
7.19727,0.185547,1.00066,-2.07039e-08,0.279725,1,0
7.2168,0.166016,1.0007,-1.49092e-08,0.277774,1,0
7.2168,0.185547,1.00066,-2.04758e-08,0.277774,1,0
7.19727,0.205078,1.00057,-2.64572e-08,0.279725,1,0
7.19727,0.224609,1.00037,-3.19513e-08,0.279725,1,0
7.2168,0.205078,1.00057,-2.618e-08,0.277774,1,0
7.2168,0.224609,1.00037,-3.16268e-08,0.277774,1,0
7.23633,0.166016,1.0007,-1.47331e-08,0.275823,1,0
7.23633,0.185547,1.00066,-2.02517e-08,0.275823,1,0
7.25586,0.166016,1.0007,-1.45609e-08,0.273871,1,0
7.25586,0.185547,1.00066,-2.00318e-08,0.273871,1,0
7.23633,0.205078,1.00057,-2.5907e-08,0.275823,1,0
7.23633,0.224609,1.00037,-3.13066e-08,0.275823,1,0
7.25586,0.205078,1.00057,-2.56383e-08,0.273871,1,0
7.25586,0.224609,1.00037,-3.0991e-08,0.273871,1,0
7.19727,0.244141,0.999958,-3.67808e-08,0.279725,1,0
7.19727,0.263672,0.999114,-4.05264e-08,0.279725,1,0
7.2168,0.244141,0.999958,-3.64138e-08,0.277774,1,0
7.2168,0.263672,0.999114,-4.01253e-08,0.277774,1,0
7.19727,0.283203,0.997453,-4.27977e-08,0.279725,1,0
7.19727,0.302734,0.99429,-4.32787e-08,0.279725,1,0
7.2168,0.283203,0.997453,-4.23742e-08,0.277774,1,0
7.2168,0.302734,0.99429,-4.28479e-08,0.277774,1,0
7.23633,0.244141,0.999958,-3.60514e-08,0.275823,1,0
7.23633,0.263672,0.999114,-3.97288e-08,0.275823,1,0
7.25586,0.244141,0.999958,-3.56936e-08,0.273871,1,0
7.25586,0.263672,0.999114,-3.93371e-08,0.273871,1,0
7.23633,0.283203,0.997453,-4.19554e-08,0.275823,1,0
7.23633,0.302734,0.99429,-4.24218e-08,0.275823,1,0
7.25586,0.283203,0.997453,-4.15416e-08,0.273871,1,0
7.25586,0.302734,0.99429,-4.20009e-08,0.273871,1,0
7.27539,0.166016,1.0007,-1.43931e-08,0.27192,1,0
7.27539,0.185547,1.00066,-1.98164e-08,0.27192,1,0
7.29492,0.166016,1.0007,-1.423e-08,0.269969,1,0
7.29492,0.185547,1.00066,-1.9606e-08,0.269969,1,0
7.27539,0.205078,1.00057,-2.53744e-08,0.27192,1,0
7.27539,0.224609,1.00037,-3.06802e-08,0.27192,1,0
7.29492,0.205078,1.00057,-2.51156e-08,0.269969,1,0
7.29492,0.224609,1.00037,-3.03748e-08,0.269969,1,0
7.31445,0.166016,1.0007,-1.40718e-08,0.268017,1,0
7.31445,0.185547,1.00066,-1.94007e-08,0.268017,1,0
7.33398,0.166016,1.0007,-1.39189e-08,0.266066,1,0
7.33398,0.185547,1.00066,-1.92009e-08,0.266066,1,0
7.31445,0.205078,1.00057,-2.48621e-08,0.268017,1,0
7.31445,0.224609,1.00037,-3.00749e-08,0.268017,1,0
7.33398,0.205078,1.00057,-2.46144e-08,0.266066,1,0
7.33398,0.224609,1.00037,-2.97808e-08,0.266066,1,0
7.27539,0.244141,0.999958,-3.53409e-08,0.27192,1,0
7.27539,0.263672,0.999114,-3.89507e-08,0.27192,1,0
7.29492,0.244141,0.999958,-3.49936e-08,0.269969,1,0
7.29492,0.263672,0.999114,-3.85698e-08,0.269969,1,0
7.27539,0.283203,0.997453,-4.11332e-08,0.27192,1,0
7.27539,0.302734,0.99429,-4.15854e-08,0.27192,1,0
7.29492,0.283203,0.997453,-4.07304e-08,0.269969,1,0
7.29492,0.302734,0.99429,-4.11755e-08,0.269969,1,0
7.31445,0.244141,0.999958,-3.46521e-08,0.268017,1,0
7.31445,0.263672,0.999114,-3.81947e-08,0.268017,1,0
7.33398,0.244141,0.999958,-3.43166e-08,0.266066,1,0
7.33398,0.263672,0.999114,-3.78259e-08,0.266066,1,0
7.31445,0.283203,0.997453,-4.03335e-08,0.268017,1,0
7.31445,0.302734,0.99429,-4.07716e-08,0.268017,1,0
7.33398,0.283203,0.997453,-3.99429e-08,0.266066,1,0
7.33398,0.302734,0.99429,-4.0374e-08,0.266066,1,0
7.35352,0.00976562,1.00073,7.42748e-10,0.264115,1,0
7.35352,0.0292969,1.00073,1.59362e-09,0.264115,1,0
7.37305,0.00976562,1.00073,7.33134e-10,0.262163,1,0
7.37305,0.0292969,1.00073,1.57667e-09,0.262163,1,0
7.35352,0.0488281,1.00073,1.92445e-09,0.264115,1,0
7.35352,0.0683594,1.00073,1.69e-09,0.264115,1,0
7.37305,0.0488281,1.00073,1.90982e-09,0.262163,1,0
7.37305,0.0683594,1.00073,1.68204e-09,0.262163,1,0
7.39258,0.00976562,1.00073,7.22509e-10,0.260212,1,0
7.39258,0.0292969,1.00073,1.55763e-09,0.260212,1,0
7.41211,0.00976562,1.00073,7.10722e-10,0.258261,1,0
7.41211,0.0292969,1.00073,1.53623e-09,0.258261,1,0
7.39258,0.0488281,1.00073,1.89233e-09,0.260212,1,0
7.39258,0.0683594,1.00073,1.67037e-09,0.260212,1,0
7.41211,0.0488281,1.00073,1.8719e-09,0.258261,1,0
7.41211,0.0683594,1.00073,1.65501e-09,0.258261,1,0
7.35352,0.0878906,1.00073,4.66786e-10,0.264115,1,0
7.35352,0.107422,1.00072,-1.6956e-09,0.264115,1,0
7.37305,0.0878906,1.00073,4.74421e-10,0.262163,1,0
7.37305,0.107422,1.00072,-1.66506e-09,0.262163,1,0
7.35352,0.126953,1.00072,-4.89666e-09,0.264115,1,0
7.35352,0.146484,1.00071,-8.9704e-09,0.264115,1,0
7.37305,0.126953,1.00072,-4.83519e-09,0.262163,1,0
7.37305,0.146484,1.00071,-8.87157e-09,0.262163,1,0
7.39258,0.0878906,1.00073,4.77825e-10,0.260212,1,0
7.39258,0.107422,1.00072,-1.6393e-09,0.260212,1,0
7.41211,0.0878906,1.00073,4.76954e-10,0.258261,1,0
7.41211,0.107422,1.00072,-1.61851e-09,0.258261,1,0
7.39258,0.126953,1.00072,-4.779e-09,0.260212,1,0
7.39258,0.146484,1.00071,-8.77844e-09,0.260212,1,0
7.41211,0.126953,1.00072,-4.72833e-09,0.258261,1,0
7.41211,0.146484,1.00071,-8.69135e-09,0.258261,1,0
7.43164,0.00976562,1.00073,6.97762e-10,0.256309,1,0
7.43164,0.0292969,1.00073,1.51247e-09,0.256309,1,0
7.45117,0.00976562,1.00073,6.83711e-10,0.254358,1,0
7.45117,0.0292969,1.00073,1.48644e-09,0.254358,1,0
7.43164,0.0488281,1.00073,1.84855e-09,0.256309,1,0
7.43164,0.0683594,1.00073,1.63596e-09,0.256309,1,0
7.45117,0.0488281,1.00073,1.82226e-09,0.254358,1,0
7.45117,0.0683594,1.00073,1.61311e-09,0.254358,1,0
7.4707,0.00976562,1.00073,6.68607e-10,0.252407,1,0
7.4707,0.0292969,1.00073,1.45813e-09,0.252407,1,0
7.49023,0.00976562,1.00073,6.5239e-10,0.250455,1,0
7.49023,0.0292969,1.00073,1.42741e-09,0.250455,1,0
7.4707,0.0488281,1.00073,1.79292e-09,0.252407,1,0
7.4707,0.0683594,1.00073,1.5862e-09,0.252407,1,0
7.49023,0.0488281,1.00073,1.76025e-09,0.250455,1,0
7.49023,0.0683594,1.00073,1.55489e-09,0.250455,1,0
7.43164,0.0878906,1.00073,4.71696e-10,0.256309,1,0
7.43164,0.107422,1.00072,-1.60288e-09,0.256309,1,0
7.45117,0.0878906,1.00073,4.61842e-10,0.254358,1,0
7.45117,0.107422,1.00072,-1.59269e-09,0.254358,1,0
7.43164,0.126953,1.00072,-4.68348e-09,0.256309,1,0
7.43164,0.146484,1.00071,-8.61063e-09,0.256309,1,0
7.45117,0.126953,1.00072,-4.64475e-09,0.254358,1,0
7.45117,0.146484,1.00071,-8.53667e-09,0.254358,1,0
7.4707,0.0878906,1.00073,4.47081e-10,0.252407,1,0
7.4707,0.107422,1.00072,-1.58826e-09,0.252407,1,0
7.49023,0.0878906,1.00073,4.27035e-10,0.250455,1,0
7.49023,0.107422,1.00072,-1.59e-09,0.250455,1,0
7.4707,0.126953,1.00072,-4.61253e-09,0.252407,1,0
7.4707,0.146484,1.00071,-8.46988e-09,0.252407,1,0
7.49023,0.126953,1.00072,-4.58725e-09,0.250455,1,0
7.49023,0.146484,1.00071,-8.41075e-09,0.250455,1,0
7.35352,0.166016,1.0007,-1.37714e-08,0.264115,1,0
7.35352,0.185547,1.00066,-1.90069e-08,0.264115,1,0
7.37305,0.166016,1.0007,-1.36297e-08,0.262163,1,0
7.37305,0.185547,1.00066,-1.88189e-08,0.262163,1,0
7.35352,0.205078,1.00057,-2.43726e-08,0.264115,1,0
7.35352,0.224609,1.00037,-2.9493e-08,0.264115,1,0
7.37305,0.205078,1.00057,-2.41372e-08,0.262163,1,0
7.37305,0.224609,1.00037,-2.92118e-08,0.262163,1,0
7.39258,0.166016,1.0007,-1.34941e-08,0.260212,1,0
7.39258,0.185547,1.00066,-1.86374e-08,0.260212,1,0
7.41211,0.166016,1.0007,-1.33649e-08,0.258261,1,0
7.41211,0.185547,1.00066,-1.84627e-08,0.258261,1,0
7.39258,0.205078,1.00057,-2.39085e-08,0.260212,1,0
7.39258,0.224609,1.00037,-2.89376e-08,0.260212,1,0
7.41211,0.205078,1.00057,-2.3687e-08,0.258261,1,0
7.41211,0.224609,1.00037,-2.86707e-08,0.258261,1,0
7.35352,0.244141,0.999958,-3.39875e-08,0.264115,1,0
7.35352,0.263672,0.999114,-3.74636e-08,0.264115,1,0
7.37305,0.244141,0.999958,-3.36652e-08,0.262163,1,0
7.37305,0.263672,0.999114,-3.71082e-08,0.262163,1,0
7.35352,0.283203,0.997453,-3.95589e-08,0.264115,1,0
7.35352,0.302734,0.99429,-3.9983e-08,0.264115,1,0
7.37305,0.283203,0.997453,-3.9182e-08,0.262163,1,0
7.37305,0.302734,0.99429,-3.95991e-08,0.262163,1,0
7.39258,0.244141,0.999958,-3.335e-08,0.260212,1,0
7.39258,0.263672,0.999114,-3.67602e-08,0.260212,1,0
7.41211,0.244141,0.999958,-3.30425e-08,0.258261,1,0
7.41211,0.263672,0.999114,-3.642e-08,0.258261,1,0
7.39258,0.283203,0.997453,-3.88126e-08,0.260212,1,0
7.39258,0.302734,0.99429,-3.92228e-08,0.260212,1,0
7.41211,0.283203,0.997453,-3.84511e-08,0.258261,1,0
7.41211,0.302734,0.99429,-3.88543e-08,0.258261,1,0
7.43164,0.166016,1.0007,-1.32426e-08,0.256309,1,0
7.43164,0.185547,1.00066,-1.82952e-08,0.256309,1,0
7.45117,0.166016,1.0007,-1.31275e-08,0.254358,1,0
7.45117,0.185547,1.00066,-1.81355e-08,0.254358,1,0
7.43164,0.205078,1.00057,-2.3473e-08,0.256309,1,0
7.43164,0.224609,1.00037,-2.84118e-08,0.256309,1,0
7.45117,0.205078,1.00057,-2.32671e-08,0.254358,1,0
7.45117,0.224609,1.00037,-2.81612e-08,0.254358,1,0
7.4707,0.166016,1.0007,-1.30202e-08,0.252407,1,0
7.4707,0.185547,1.00066,-1.79839e-08,0.252407,1,0
7.49023,0.166016,1.0007,-1.29212e-08,0.250455,1,0
7.49023,0.185547,1.00066,-1.78412e-08,0.250455,1,0
7.4707,0.205078,1.00057,-2.30699e-08,0.252407,1,0
7.4707,0.224609,1.00037,-2.79197e-08,0.252407,1,0
7.49023,0.205078,1.00057,-2.2882e-08,0.250455,1,0
7.49023,0.224609,1.00037,-2.76879e-08,0.250455,1,0
7.43164,0.244141,0.999958,-3.27431e-08,0.256309,1,0
7.43164,0.263672,0.999114,-3.60881e-08,0.256309,1,0
7.45117,0.244141,0.999958,-3.24525e-08,0.254358,1,0
7.45117,0.263672,0.999114,-3.57652e-08,0.254358,1,0
7.43164,0.283203,0.997453,-3.8098e-08,0.256309,1,0
7.43164,0.302734,0.99429,-3.84944e-08,0.256309,1,0
7.45117,0.283203,0.997453,-3.77541e-08,0.254358,1,0
7.45117,0.302734,0.99429,-3.81437e-08,0.254358,1,0
7.4707,0.244141,0.999958,-3.21712e-08,0.252407,1,0
7.4707,0.263672,0.999114,-3.54519e-08,0.252407,1,0
7.49023,0.244141,0.999958,-3.18999e-08,0.250455,1,0
7.49023,0.263672,0.999114,-3.5149e-08,0.250455,1,0
7.4707,0.283203,0.997453,-3.74199e-08,0.252407,1,0
7.4707,0.302734,0.99429,-3.78028e-08,0.252407,1,0
7.49023,0.283203,0.997453,-3.70963e-08,0.250455,1,0
7.49023,0.302734,0.99429,-3.74725e-08,0.250455,1,0
7.19727,0.322266,0.988481,-4.17712e-08,0.279725,1,0
7.19727,0.341797,0.978179,-3.8293e-08,0.279725,1,0
7.2168,0.322266,0.988481,-4.13508e-08,0.277774,1,0
7.2168,0.341797,0.978179,-3.7902e-08,0.277774,1,0
7.19727,0.361328,0.960541,-3.30783e-08,0.279725,1,0
7.19727,0.380859,0.931385,-2.66766e-08,0.279725,1,0
7.2168,0.361328,0.960541,-3.27346e-08,0.277774,1,0
7.2168,0.380859,0.931385,-2.63905e-08,0.277774,1,0
7.23633,0.322266,0.988481,-4.09353e-08,0.275823,1,0
7.23633,0.341797,0.978179,-3.75157e-08,0.275823,1,0
7.25586,0.322266,0.988481,-4.05249e-08,0.273871,1,0
7.25586,0.341797,0.978179,-3.71342e-08,0.273871,1,0
7.23633,0.361328,0.960541,-3.23954e-08,0.275823,1,0
7.23633,0.380859,0.931385,-2.61163e-08,0.275823,1,0
7.25586,0.361328,0.960541,-3.20609e-08,0.273871,1,0
7.25586,0.380859,0.931385,-2.58384e-08,0.273871,1,0
7.19727,0.400391,0.884835,-1.9748e-08,0.279725,1,0
7.19727,0.419922,0.81302,-1.31935e-08,0.279725,1,0
7.2168,0.400391,0.884835,-1.95516e-08,0.277774,1,0
7.2168,0.419922,0.81302,-1.30334e-08,0.277774,1,0
7.19727,0.439453,0.705882,-7.54171e-09,0.279725,1,0
7.19727,0.458984,0.551177,-3.40401e-09,0.279725,1,0
7.2168,0.439453,0.705882,-7.45596e-09,0.277774,1,0
7.2168,0.458984,0.551177,-3.39503e-09,0.277774,1,0
7.23633,0.400391,0.884835,-1.9327e-08,0.275823,1,0
7.23633,0.419922,0.81302,-1.29117e-08,0.275823,1,0
7.25586,0.400391,0.884835,-1.91381e-08,0.273871,1,0
7.25586,0.419922,0.81302,-1.27572e-08,0.273871,1,0
7.23633,0.439453,0.705882,-7.38445e-09,0.275823,1,0
7.23633,0.458984,0.551177,-3.33913e-09,0.275823,1,0
7.25586,0.439453,0.705882,-7.30298e-09,0.273871,1,0
7.25586,0.458984,0.551177,-3.33362e-09,0.273871,1,0
7.27539,0.322266,0.988481,-4.01198e-08,0.27192,1,0
7.27539,0.341797,0.978179,-3.6758e-08,0.27192,1,0
7.29492,0.322266,0.988481,-3.97203e-08,0.269969,1,0
7.29492,0.341797,0.978179,-3.63872e-08,0.269969,1,0
7.27539,0.361328,0.960541,-3.17312e-08,0.27192,1,0
7.27539,0.380859,0.931385,-2.5573e-08,0.27192,1,0
7.29492,0.361328,0.960541,-3.14066e-08,0.269969,1,0
7.29492,0.380859,0.931385,-2.53041e-08,0.269969,1,0
7.31445,0.322266,0.988481,-3.93267e-08,0.268017,1,0
7.31445,0.341797,0.978179,-3.60222e-08,0.268017,1,0
7.33398,0.322266,0.988481,-3.89393e-08,0.266066,1,0
7.33398,0.341797,0.978179,-3.56631e-08,0.266066,1,0
7.31445,0.361328,0.960541,-3.10875e-08,0.268017,1,0
7.31445,0.380859,0.931385,-2.50483e-08,0.268017,1,0
7.33398,0.361328,0.960541,-3.0774e-08,0.266066,1,0
7.33398,0.380859,0.931385,-2.47894e-08,0.266066,1,0
7.27539,0.400391,0.884835,-1.89208e-08,0.27192,1,0
7.27539,0.419922,0.81302,-1.26421e-08,0.27192,1,0
7.29492,0.400391,0.884835,-1.87401e-08,0.269969,1,0
7.29492,0.419922,0.81302,-1.24938e-08,0.269969,1,0
7.27539,0.439453,0.705882,-7.23623e-09,0.27192,1,0
7.27539,0.458984,0.551177,-3.28025e-09,0.27192,1,0
7.29492,0.439453,0.705882,-7.15945e-09,0.269969,1,0
7.29492,0.458984,0.551177,-3.27842e-09,0.269969,1,0
7.31445,0.400391,0.884835,-1.85307e-08,0.268017,1,0
7.31445,0.419922,0.81302,-1.23859e-08,0.268017,1,0
7.33398,0.400391,0.884835,-1.83591e-08,0.266066,1,0
7.33398,0.419922,0.81302,-1.22443e-08,0.266066,1,0
7.31445,0.439453,0.705882,-7.09788e-09,0.268017,1,0
7.31445,0.458984,0.551177,-3.22775e-09,0.268017,1,0
7.33398,0.439453,0.705882,-7.02625e-09,0.266066,1,0
7.33398,0.458984,0.551177,-3.22975e-09,0.266066,1,0
7.19727,0.478516,0.334707,-7.22232e-10,0.279725,1,0
7.19727,0.498047,0.0407917,2.61378e-10,0.279725,0.6,0
7.2168,0.478516,0.334707,-7.0672e-10,0.277774,1,0
7.2168,0.498047,0.0407917,2.63277e-10,0.277774,0.6,0
7.23633,0.478516,0.334707,-7.15749e-10,0.275823,1,0
7.23633,0.498047,0.0407917,2.53422e-10,0.275823,0.6,0
7.25586,0.478516,0.334707,-7.01065e-10,0.273871,1,0
7.25586,0.498047,0.0407917,2.5571e-10,0.273871,0.6,0
7.27539,0.478516,0.334707,-7.11412e-10,0.27192,1,0
7.27539,0.498047,0.0407917,2.45944e-10,0.27192,0.6,0
7.29492,0.478516,0.334707,-6.97547e-10,0.269969,1,0
7.29492,0.498047,0.0407917,2.4858e-10,0.269969,0.6,0
7.31445,0.478516,0.334707,-7.09214e-10,0.268017,1,0
7.31445,0.498047,0.0407917,2.38923e-10,0.268017,0.6,0
7.33398,0.478516,0.334707,-6.96204e-10,0.266066,1,0
7.33398,0.498047,0.0407917,2.41993e-10,0.266066,0.6,0
7.35352,0.322266,0.988481,-3.85585e-08,0.264115,1,0
7.35352,0.341797,0.978179,-3.53104e-08,0.264115,1,0
7.37305,0.322266,0.988481,-3.81847e-08,0.262163,1,0
7.37305,0.341797,0.978179,-3.49645e-08,0.262163,1,0
7.35352,0.361328,0.960541,-3.04664e-08,0.264115,1,0
7.35352,0.380859,0.931385,-2.45444e-08,0.264115,1,0
7.37305,0.361328,0.960541,-3.01653e-08,0.262163,1,0
7.37305,0.380859,0.931385,-2.42966e-08,0.262163,1,0
7.39258,0.322266,0.988481,-3.78183e-08,0.260212,1,0
7.39258,0.341797,0.978179,-3.46257e-08,0.260212,1,0
7.41211,0.322266,0.988481,-3.74598e-08,0.258261,1,0
7.41211,0.341797,0.978179,-3.42946e-08,0.258261,1,0
7.39258,0.361328,0.960541,-2.98709e-08,0.260212,1,0
7.39258,0.380859,0.931385,-2.40636e-08,0.260212,1,0
7.41211,0.361328,0.960541,-2.95837e-08,0.258261,1,0
7.41211,0.380859,0.931385,-2.38285e-08,0.258261,1,0
7.35352,0.400391,0.884835,-1.81586e-08,0.264115,1,0
7.35352,0.419922,0.81302,-1.21444e-08,0.264115,1,0
7.37305,0.400391,0.884835,-1.79971e-08,0.262163,1,0
7.37305,0.419922,0.81302,-1.20105e-08,0.262163,1,0
7.35352,0.439453,0.705882,-6.9704e-09,0.264115,1,0
7.35352,0.458984,0.551177,-3.18197e-09,0.264115,1,0
7.37305,0.439453,0.705882,-6.90453e-09,0.262163,1,0
7.37305,0.458984,0.551177,-3.18807e-09,0.262163,1,0
7.39258,0.400391,0.884835,-1.78067e-08,0.260212,1,0
7.39258,0.419922,0.81302,-1.19195e-08,0.260212,1,0
7.41211,0.400391,0.884835,-1.76568e-08,0.258261,1,0
7.41211,0.419922,0.81302,-1.17943e-08,0.258261,1,0
7.39258,0.439453,0.705882,-6.85509e-09,0.260212,1,0
7.39258,0.458984,0.551177,-3.14353e-09,0.260212,1,0
7.41211,0.439453,0.705881,-6.79582e-09,0.258261,1,0
7.41211,0.458984,0.551177,-3.15424e-09,0.258261,1,0
7.43164,0.322266,0.988481,-3.71097e-08,0.256309,1,0
7.43164,0.341797,0.978179,-3.39717e-08,0.256309,1,0
7.45117,0.322266,0.988481,-3.67686e-08,0.254358,1,0
7.45117,0.341797,0.978179,-3.36576e-08,0.254358,1,0
7.43164,0.361328,0.960541,-2.93043e-08,0.256309,1,0
7.43164,0.380859,0.931384,-2.36094e-08,0.256309,1,0
7.45117,0.361328,0.960541,-2.90332e-08,0.254358,1,0
7.45117,0.380859,0.931384,-2.33889e-08,0.254358,1,0
7.4707,0.322266,0.988481,-3.64373e-08,0.252407,1,0
7.4707,0.341797,0.978179,-3.33529e-08,0.252407,1,0
7.49023,0.322266,0.988481,-3.61165e-08,0.250455,1,0
7.49023,0.341797,0.978179,-3.30585e-08,0.250455,1,0
7.4707,0.361328,0.960541,-2.87711e-08,0.252407,1,0
7.4707,0.380859,0.931384,-2.31857e-08,0.252407,1,0
7.49023,0.361328,0.960541,-2.85187e-08,0.250455,1,0
7.49023,0.380859,0.931384,-2.29824e-08,0.250455,1,0
7.43164,0.400391,0.884835,-1.74779e-08,0.256309,1,0
7.43164,0.419922,0.81302,-1.17136e-08,0.256309,1,0
7.45117,0.400391,0.884835,-1.73413e-08,0.254358,1,0
7.45117,0.419922,0.81302,-1.15986e-08,0.254358,1,0
7.43164,0.439453,0.705881,-6.7538e-09,0.256309,1,0
7.43164,0.458984,0.551177,-3.11363e-09,0.256309,1,0
7.45117,0.439453,0.705881,-6.7023e-09,0.254358,1,0
7.45117,0.458984,0.551177,-3.12985e-09,0.254358,1,0
7.4707,0.400391,0.884835,-1.7176e-08,0.252407,1,0
7.4707,0.419922,0.81302,-1.15299e-08,0.252407,1,0
7.49023,0.400391,0.884835,-1.70549e-08,0.250455,1,0
7.49023,0.419922,0.81302,-1.1427e-08,0.250455,1,0
7.4707,0.439453,0.705881,-6.66907e-09,0.252407,1,0
7.4707,0.458984,0.551177,-3.0942e-09,0.252407,1,0
7.49023,0.439453,0.705881,-6.62688e-09,0.250455,1,0
7.49023,0.458984,0.551177,-3.11709e-09,0.250455,1,0
7.35352,0.478516,0.334707,-7.09289e-10,0.264115,1,0
7.35352,0.498047,0.0407917,2.32602e-10,0.264115,0.6,0
7.37305,0.478516,0.334707,-6.97299e-10,0.262163,1,0
7.37305,0.498047,0.0407917,2.36306e-10,0.262163,0.6,0
7.39258,0.478516,0.334707,-7.12034e-10,0.260212,1,0
7.39258,0.498047,0.0407917,2.27414e-10,0.260212,0.6,0
7.41211,0.478516,0.334707,-7.0134e-10,0.258261,1,0
7.41211,0.498047,0.0407917,2.31983e-10,0.258261,0.6,0
7.43164,0.478516,0.334707,-7.18041e-10,0.256309,1,0
7.43164,0.498047,0.0407917,2.23806e-10,0.256309,0.6,0
7.45117,0.478516,0.334707,-7.08979e-10,0.254358,1,0
7.45117,0.498047,0.0407917,2.2946e-10,0.254358,0.6,0
7.4707,0.478516,0.334707,-7.28035e-10,0.252407,1,0
7.4707,0.498047,0.0407917,2.2213e-10,0.252407,0.6,0
7.49023,0.478516,0.334707,-7.21e-10,0.250455,1,0
7.49023,0.498047,0.0407917,2.29039e-10,0.250455,0.6,0
7.50977,0.00976562,1.00073,6.34936e-10,0.248504,1,0
7.50977,0.0292969,1.00073,1.39401e-09,0.248504,1,0
7.5293,0.00976562,1.00073,6.16066e-10,0.246553,1,0
7.5293,0.0292969,1.00073,1.35758e-09,0.246553,1,0
7.50977,0.0488281,1.00073,1.72393e-09,0.248504,1,0
7.50977,0.0683594,1.00073,1.51879e-09,0.248504,1,0
7.5293,0.0488281,1.00073,1.6836e-09,0.246553,1,0
7.5293,0.0683594,1.00073,1.47747e-09,0.246553,1,0
7.54883,0.00976562,1.00073,5.9559e-10,0.244601,1,0
7.54883,0.0292969,1.00073,1.3178e-09,0.244601,1,0
7.56836,0.00976562,1.00073,5.73315e-10,0.24265,1,0
7.56836,0.0292969,1.00073,1.27428e-09,0.24265,1,0
7.54883,0.0488281,1.00073,1.63888e-09,0.244601,1,0
7.54883,0.0683594,1.00073,1.4304e-09,0.244601,1,0
7.56836,0.0488281,1.00073,1.58932e-09,0.24265,1,0
7.56836,0.0683594,1.00073,1.37701e-09,0.24265,1,0
7.50977,0.0878906,1.00073,4.01269e-10,0.248504,1,0
7.50977,0.107422,1.00072,-1.59842e-09,0.248504,1,0
7.5293,0.0878906,1.00073,3.69261e-10,0.246553,1,0
7.5293,0.107422,1.00072,-1.61409e-09,0.246553,1,0
7.50977,0.126953,1.00072,-4.56947e-09,0.248504,1,0
7.50977,0.146484,1.00071,-8.35989e-09,0.248504,1,0
7.5293,0.126953,1.00072,-4.55983e-09,0.246553,1,0
7.5293,0.146484,1.00071,-8.31798e-09,0.246553,1,0
7.54883,0.0878906,1.00073,3.30425e-10,0.244601,1,0
7.54883,0.107422,1.00072,-1.63767e-09,0.244601,1,0
7.56836,0.0878906,1.00073,2.84117e-10,0.24265,1,0
7.56836,0.107422,1.00072,-1.66991e-09,0.24265,1,0
7.54883,0.126953,1.00072,-4.55905e-09,0.244601,1,0
7.54883,0.146484,1.00071,-8.28584e-09,0.244601,1,0
7.56836,0.126953,1.00072,-4.56796e-09,0.24265,1,0
7.56836,0.146484,1.00071,-8.26435e-09,0.24265,1,0
7.58789,0.00976562,1.00073,5.49037e-10,0.240699,1,0
7.58789,0.0292969,1.00073,1.22663e-09,0.240699,1,0
7.60742,0.00976562,1.00073,5.22543e-10,0.238747,1,0
7.60742,0.0292969,1.00073,1.17442e-09,0.238747,1,0
7.58789,0.0488281,1.00073,1.53441e-09,0.240699,1,0
7.58789,0.0683594,1.00073,1.31672e-09,0.240699,1,0
7.60742,0.0488281,1.00073,1.47367e-09,0.238747,1,0
7.60742,0.0683594,1.00073,1.24885e-09,0.238747,1,0
7.62695,0.00976562,1.00073,4.93629e-10,0.236796,1,0
7.62695,0.0292969,1.00073,1.11725e-09,0.236796,1,0
7.64648,0.00976562,1.00073,4.6208e-10,0.234845,1,0
7.64648,0.0292969,1.00073,1.05465e-09,0.234845,1,0
7.62695,0.0488281,1.00073,1.40654e-09,0.236796,1,0
7.62695,0.0683594,1.00073,1.17268e-09,0.236796,1,0
7.64648,0.0488281,1.00073,1.33243e-09,0.234845,1,0
7.64648,0.0683594,1.00073,1.08745e-09,0.234845,1,0
7.58789,0.0878906,1.00073,2.29628e-10,0.240699,1,0
7.58789,0.107422,1.00072,-1.71163e-09,0.240699,1,0
7.60742,0.0878906,1.00073,1.66175e-10,0.238747,1,0
7.60742,0.107422,1.00072,-1.76375e-09,0.238747,1,0
7.58789,0.126953,1.00072,-4.58748e-09,0.240699,1,0
7.58789,0.146484,1.00071,-8.25454e-09,0.240699,1,0
7.60742,0.126953,1.00072,-4.61863e-09,0.238747,1,0
7.60742,0.146484,1.00071,-8.2575e-09,0.238747,1,0
7.62695,0.0878906,1.00073,9.29106e-11,0.236796,1,0
7.62695,0.107422,1.00072,-1.82723e-09,0.236796,1,0
7.64648,0.0878906,1.00073,8.91602e-12,0.234845,1,0
7.64648,0.107422,1.00072,-1.90315e-09,0.234845,1,0
7.62695,0.126953,1.00072,-4.6625e-09,0.236796,1,0
7.62695,0.146484,1.00071,-8.27446e-09,0.236796,1,0
7.64648,0.126953,1.00072,-4.7203e-09,0.234845,1,0
7.64648,0.146484,1.00071,-8.30674e-09,0.234845,1,0
7.50977,0.166016,1.0007,-1.28311e-08,0.248504,1,0
7.50977,0.185547,1.00066,-1.77081e-08,0.248504,1,0
7.5293,0.166016,1.0007,-1.27507e-08,0.246553,1,0
7.5293,0.185547,1.00066,-1.75852e-08,0.246553,1,0
7.50977,0.205078,1.00057,-2.27041e-08,0.248504,1,0
7.50977,0.224609,1.00037,-2.74667e-08,0.248504,1,0
7.5293,0.205078,1.00057,-2.25372e-08,0.246553,1,0
7.5293,0.224609,1.00037,-2.72568e-08,0.246553,1,0
7.54883,0.166016,1.0007,-1.26808e-08,0.244601,1,0
7.54883,0.185547,1.00066,-1.74737e-08,0.244601,1,0
7.56836,0.166016,1.0007,-1.26224e-08,0.24265,1,0
7.56836,0.185547,1.00066,-1.73744e-08,0.24265,1,0
7.54883,0.205078,1.00057,-2.23821e-08,0.244601,1,0
7.54883,0.224609,1.00037,-2.70594e-08,0.244601,1,0
7.56836,0.205078,1.00057,-2.224e-08,0.24265,1,0
7.56836,0.224609,1.00037,-2.68755e-08,0.24265,1,0
7.50977,0.244141,0.999958,-3.16396e-08,0.248504,1,0
7.50977,0.263672,0.999114,-3.48572e-08,0.248504,1,0
7.5293,0.244141,0.999958,-3.13911e-08,0.246553,1,0
7.5293,0.263672,0.999114,-3.45776e-08,0.246553,1,0
7.50977,0.283203,0.997453,-3.67841e-08,0.248504,1,0
7.50977,0.302734,0.99429,-3.71536e-08,0.248504,1,0
7.5293,0.283203,0.997453,-3.64842e-08,0.246553,1,0
7.5293,0.302734,0.99429,-3.68471e-08,0.246553,1,0
7.54883,0.244141,0.999958,-3.11554e-08,0.244601,1,0
7.54883,0.263672,0.999114,-3.43112e-08,0.244601,1,0
7.56836,0.244141,0.999958,-3.09338e-08,0.24265,1,0
7.56836,0.263672,0.999114,-3.40591e-08,0.24265,1,0
7.54883,0.283203,0.997453,-3.61977e-08,0.244601,1,0
7.54883,0.302734,0.99429,-3.65541e-08,0.244601,1,0
7.56836,0.283203,0.997453,-3.59258e-08,0.24265,1,0
7.56836,0.302734,0.99429,-3.62758e-08,0.24265,1,0
7.58789,0.166016,1.0007,-1.25767e-08,0.240699,1,0
7.58789,0.185547,1.00066,-1.72886e-08,0.240699,1,0
7.60742,0.166016,1.0007,-1.25447e-08,0.238747,1,0
7.60742,0.185547,1.00066,-1.72174e-08,0.238747,1,0
7.58789,0.205078,1.00057,-2.2112e-08,0.240699,1,0
7.58789,0.224609,1.00037,-2.67063e-08,0.240699,1,0
7.60742,0.205078,1.00057,-2.19995e-08,0.238747,1,0
7.60742,0.224609,1.00037,-2.65534e-08,0.238747,1,0
7.62695,0.166016,1.0007,-1.25279e-08,0.236796,1,0
7.62695,0.185547,1.00066,-1.71624e-08,0.236796,1,0
7.64648,0.166016,1.0007,-1.25276e-08,0.234845,1,0
7.64648,0.185547,1.00066,-1.71249e-08,0.234845,1,0
7.62695,0.205078,1.00057,-2.1904e-08,0.236796,1,0
7.62695,0.224609,1.00037,-2.6418e-08,0.236796,1,0
7.64648,0.205078,1.00057,-2.1827e-08,0.234845,1,0
7.64648,0.224609,1.00037,-2.63021e-08,0.234845,1,0
7.58789,0.244141,0.999958,-3.07274e-08,0.240699,1,0
7.58789,0.263672,0.999115,-3.38227e-08,0.240699,1,0
7.60742,0.244141,0.999958,-3.05377e-08,0.238747,1,0
7.60742,0.263672,0.999115,-3.36034e-08,0.238747,1,0
7.58789,0.283203,0.997453,-3.56698e-08,0.240699,1,0
7.58789,0.302734,0.99429,-3.60134e-08,0.240699,1,0
7.60742,0.283203,0.997453,-3.54311e-08,0.238747,1,0
7.60742,0.302734,0.99429,-3.57683e-08,0.238747,1,0
7.62695,0.244141,0.999958,-3.03663e-08,0.236796,1,0
7.62695,0.263672,0.999115,-3.34028e-08,0.236796,1,0
7.64648,0.244141,0.999958,-3.02148e-08,0.234845,1,0
7.64648,0.263672,0.999115,-3.32225e-08,0.234845,1,0
7.62695,0.283203,0.997453,-3.52113e-08,0.236796,1,0
7.62695,0.302734,0.99429,-3.55422e-08,0.236796,1,0
7.64648,0.283203,0.997453,-3.50122e-08,0.234845,1,0
7.64648,0.302734,0.99429,-3.53368e-08,0.234845,1,0
7.66602,0.00976562,1.00073,4.27665e-10,0.232893,1,0
7.66602,0.0292969,1.00073,9.86142e-10,0.232893,1,0
7.68555,0.00976562,1.00073,3.90138e-10,0.230942,1,0
7.68555,0.0292969,1.00073,9.11211e-10,0.230942,1,0
7.66602,0.0488281,1.00073,1.2507e-09,0.232893,1,0
7.66602,0.0683594,1.00073,9.92321e-10,0.232893,1,0
7.68555,0.0488281,1.00073,1.16066e-09,0.230942,1,0
7.68555,0.0683594,1.00073,8.86392e-10,0.230942,1,0
7.70508,0.00976562,1.00073,3.49223e-10,0.228991,1,0
7.70508,0.0292969,1.00073,8.29279e-10,0.228991,1,0
7.72461,0.00976562,1.00073,3.04619e-10,0.227039,1,0
7.72461,0.0292969,1.00073,7.39717e-10,0.227039,1,0
7.70508,0.0488281,1.00073,1.06157e-09,0.228991,1,0
7.70508,0.0683594,1.00073,7.68689e-10,0.228991,1,0
7.72461,0.0488281,1.00073,9.52605e-10,0.227039,1,0
7.72461,0.0683594,1.00073,6.38147e-10,0.227039,1,0
7.66602,0.0878906,1.00073,-8.68007e-11,0.232893,1,0
7.66602,0.107422,1.00072,-1.99267e-09,0.232893,1,0
7.68555,0.0878906,1.00073,-1.95311e-10,0.230942,1,0
7.68555,0.107422,1.00072,-2.09704e-09,0.230942,1,0
7.66602,0.126953,1.00072,-4.79332e-09,0.232893,1,0
7.66602,0.146484,1.00071,-8.35576e-09,0.232893,1,0
7.68555,0.126953,1.00072,-4.88299e-09,0.230942,1,0
7.68555,0.146484,1.00071,-8.42311e-09,0.230942,1,0
7.70508,0.0878906,1.00073,-3.17777e-10,0.228991,1,0
7.70508,0.107422,1.00072,-2.21762e-09,0.228991,1,0
7.72461,0.0878906,1.00073,-4.55477e-10,0.227039,1,0
7.72461,0.107422,1.00072,-2.3559e-09,0.227039,1,0
7.70508,0.126953,1.00072,-4.99083e-09,0.228991,1,0
7.70508,0.146484,1.00071,-8.51048e-09,0.228991,1,0
7.72461,0.126953,1.00072,-5.11853e-09,0.227039,1,0
7.72461,0.146484,1.00071,-8.61973e-09,0.227039,1,0
7.74414,0.00976562,1.00073,2.55996e-10,0.225088,1,0
7.74414,0.0292969,1.00073,6.4184e-10,0.225088,1,0
7.76367,0.00976562,1.00073,2.02983e-10,0.223137,1,0
7.76367,0.0292969,1.00073,5.34877e-10,0.223137,1,0
7.74414,0.0488281,1.00073,8.32873e-10,0.225088,1,0
7.74414,0.0683594,1.00073,4.93589e-10,0.225088,1,0
7.76367,0.0488281,1.00073,7.0137e-10,0.223137,1,0
7.76367,0.0683594,1.00073,3.33715e-10,0.223137,1,0
7.7832,0.00976562,1.00073,1.45156e-10,0.221185,1,0
7.7832,0.0292969,1.00073,4.17957e-10,0.221185,1,0
7.80273,0.00976562,1.00073,8.205e-11,0.219234,1,0
7.80273,0.0292969,1.00073,2.9012e-10,0.219234,1,0
7.7832,0.0488281,1.00073,5.56987e-10,0.221185,1,0
7.7832,0.0683594,1.00073,1.57097e-10,0.221185,1,0
7.80273,0.0488281,1.00073,3.98503e-10,0.219234,1,0
7.80273,0.0683594,1.00073,-3.784e-11,0.219234,1,0
7.74414,0.0878906,1.00073,-6.0981e-10,0.225088,1,0
7.74414,0.107422,1.00072,-2.51352e-09,0.225088,1,0
7.76367,0.0878906,1.00073,-7.82314e-10,0.223137,1,0
7.76367,0.107422,1.00072,-2.69226e-09,0.223137,1,0
7.74414,0.126953,1.00072,-5.26794e-09,0.225088,1,0
7.74414,0.146484,1.00071,-8.75291e-09,0.225088,1,0
7.76367,0.126953,1.00072,-5.44106e-09,0.223137,1,0
7.76367,0.146484,1.00071,-8.91226e-09,0.223137,1,0
7.7832,0.0878906,1.00073,-9.74683e-10,0.221185,1,0
7.7832,0.107422,1.00072,-2.89411e-09,0.221185,1,0
7.80273,0.0878906,1.00073,-1.18879e-09,0.219234,1,0
7.80273,0.107422,1.00072,-3.12124e-09,0.219234,1,0
7.7832,0.126953,1.00072,-5.64013e-09,0.221185,1,0
7.7832,0.146484,1.00071,-9.10023e-09,0.221185,1,0
7.80273,0.126953,1.00072,-5.86761e-09,0.219234,1,0
7.80273,0.146484,1.00071,-9.31955e-09,0.219234,1,0
7.66602,0.166016,1.0007,-1.25453e-08,0.232893,1,0
7.66602,0.185547,1.00066,-1.71068e-08,0.232893,1,0
7.68555,0.166016,1.0007,-1.25829e-08,0.230942,1,0
7.68555,0.185547,1.00066,-1.71097e-08,0.230942,1,0
7.66602,0.205078,1.00057,-2.17703e-08,0.232893,1,0
7.66602,0.224609,1.00037,-2.62072e-08,0.232893,1,0
7.68555,0.205078,1.00057,-2.17359e-08,0.230942,1,0
7.68555,0.224609,1.00037,-2.61355e-08,0.230942,1,0
7.70508,0.166016,1.0007,-1.26421e-08,0.228991,1,0
7.70508,0.185547,1.00066,-1.71358e-08,0.228991,1,0
7.72461,0.166016,1.0007,-1.27249e-08,0.227039,1,0
7.72461,0.185547,1.00066,-1.7187e-08,0.227039,1,0
7.70508,0.205078,1.00057,-2.17257e-08,0.228991,1,0
7.70508,0.224609,1.00037,-2.60891e-08,0.228991,1,0
7.72461,0.205078,1.00057,-2.17421e-08,0.227039,1,0
7.72461,0.224609,1.00037,-2.60704e-08,0.227039,1,0
7.66602,0.244141,0.999958,-3.00851e-08,0.232893,1,0
7.66602,0.263672,0.999115,-3.30646e-08,0.232893,1,0
7.68555,0.244141,0.999958,-2.99793e-08,0.230942,1,0
7.68555,0.263672,0.999115,-3.2931e-08,0.230942,1,0
7.66602,0.283203,0.997453,-3.48356e-08,0.232893,1,0
7.66602,0.302734,0.99429,-3.51539e-08,0.232893,1,0
7.68555,0.283203,0.997453,-3.46837e-08,0.230942,1,0
7.68555,0.302734,0.99429,-3.49958e-08,0.230942,1,0
7.70508,0.244141,0.999958,-2.98996e-08,0.228991,1,0
7.70508,0.263672,0.999115,-3.28241e-08,0.228991,1,0
7.72461,0.244141,0.999958,-2.98485e-08,0.227039,1,0
7.72461,0.263672,0.999115,-3.27464e-08,0.227039,1,0
7.70508,0.283203,0.997453,-3.45588e-08,0.228991,1,0
7.70508,0.302734,0.99429,-3.48646e-08,0.228991,1,0
7.72461,0.283203,0.997453,-3.44633e-08,0.227039,1,0
7.72461,0.302734,0.99429,-3.47628e-08,0.227039,1,0
7.74414,0.166016,1.0007,-1.28337e-08,0.225088,1,0
7.74414,0.185547,1.00066,-1.72659e-08,0.225088,1,0
7.76367,0.166016,1.0007,-1.29708e-08,0.223137,1,0
7.76367,0.185547,1.00066,-1.73751e-08,0.223137,1,0
7.74414,0.205078,1.00057,-2.17876e-08,0.225088,1,0
7.74414,0.224609,1.00037,-2.60821e-08,0.225088,1,0
7.76367,0.205078,1.00057,-2.1865e-08,0.223137,1,0
7.76367,0.224609,1.00037,-2.6127e-08,0.223137,1,0
7.7832,0.166016,1.0007,-1.31388e-08,0.221185,1,0
7.7832,0.185547,1.00066,-1.75173e-08,0.221185,1,0
7.80273,0.166016,1.0007,-1.33408e-08,0.219234,1,0
7.80273,0.185547,1.00066,-1.76957e-08,0.219234,1,0
7.7832,0.205078,1.00057,-2.19772e-08,0.221185,1,0
7.7832,0.224609,1.00037,-2.62082e-08,0.221185,1,0
7.80273,0.205078,1.00057,-2.21277e-08,0.219234,1,0
7.80273,0.224609,1.00037,-2.63292e-08,0.219234,1,0
7.74414,0.244141,0.999958,-2.98286e-08,0.225088,1,0
7.74414,0.263672,0.999115,-3.27006e-08,0.225088,1,0
7.76367,0.244141,0.999958,-2.9843e-08,0.223137,1,0
7.76367,0.263672,0.999115,-3.26898e-08,0.223137,1,0
7.74414,0.283203,0.997453,-3.44002e-08,0.225088,1,0
7.74414,0.302734,0.99429,-3.46933e-08,0.225088,1,0
7.76367,0.283203,0.997453,-3.43723e-08,0.223137,1,0
7.76367,0.302734,0.99429,-3.46591e-08,0.223137,1,0
7.7832,0.244141,0.999958,-2.98949e-08,0.221185,1,0
7.7832,0.263672,0.999115,-3.27172e-08,0.221185,1,0
7.80273,0.244141,0.999958,-2.99879e-08,0.219234,1,0
7.80273,0.263672,0.999115,-3.27866e-08,0.219234,1,0
7.7832,0.283203,0.997453,-3.43831e-08,0.221185,1,0
7.7832,0.302734,0.99429,-3.46635e-08,0.221185,1,0
7.80273,0.283203,0.997453,-3.44362e-08,0.219234,1,0
7.80273,0.302734,0.99429,-3.47102e-08,0.219234,1,0
7.50977,0.322266,0.988481,-3.58071e-08,0.248504,1,0
7.50977,0.341797,0.978179,-3.27751e-08,0.248504,1,0
7.5293,0.322266,0.988481,-3.55099e-08,0.246553,1,0
7.5293,0.341797,0.978179,-3.25036e-08,0.246553,1,0
7.50977,0.361328,0.960541,-2.82767e-08,0.248504,1,0
7.50977,0.380859,0.931384,-2.27979e-08,0.248504,1,0
7.5293,0.361328,0.960541,-2.80461e-08,0.246553,1,0
7.5293,0.380859,0.931384,-2.26146e-08,0.246553,1,0
7.54883,0.322266,0.988481,-3.52261e-08,0.244601,1,0
7.54883,0.341797,0.978179,-3.22451e-08,0.244601,1,0
7.56836,0.322266,0.988481,-3.49568e-08,0.24265,1,0
7.56836,0.341797,0.978179,-3.20008e-08,0.24265,1,0
7.54883,0.361328,0.960541,-2.78279e-08,0.244601,1,0
7.54883,0.380859,0.931384,-2.24521e-08,0.244601,1,0
7.56836,0.361328,0.960541,-2.76231e-08,0.24265,1,0
7.56836,0.380859,0.931384,-2.22925e-08,0.24265,1,0
7.50977,0.400391,0.884835,-1.69057e-08,0.248504,1,0
7.50977,0.419922,0.81302,-1.13725e-08,0.248504,1,0
7.5293,0.400391,0.884835,-1.68028e-08,0.246553,1,0
7.5293,0.419922,0.813019,-1.12841e-08,0.246553,1,0
7.50977,0.439453,0.705881,-6.60417e-09,0.248504,1,0
7.50977,0.458984,0.551177,-3.08765e-09,0.248504,1,0
7.5293,0.439453,0.705881,-6.5732e-09,0.246553,1,0
7.5293,0.458984,0.551177,-3.11852e-09,0.246553,1,0
7.54883,0.400391,0.884835,-1.66727e-08,0.244601,1,0
7.54883,0.419922,0.813019,-1.12463e-08,0.244601,1,0
7.56836,0.400391,0.884835,-1.65913e-08,0.24265,1,0
7.56836,0.419922,0.813019,-1.11754e-08,0.24265,1,0
7.54883,0.439453,0.705881,-6.56307e-09,0.244601,1,0
7.54883,0.458984,0.551177,-3.09666e-09,0.244601,1,0
7.56836,0.439453,0.705881,-6.54558e-09,0.24265,1,0
7.56836,0.458984,0.551177,-3.13701e-09,0.24265,1,0
7.58789,0.322266,0.988481,-3.47032e-08,0.240699,1,0
7.58789,0.341797,0.978179,-3.17718e-08,0.240699,1,0
7.60742,0.322266,0.988481,-3.44668e-08,0.238747,1,0
7.60742,0.341797,0.978179,-3.15594e-08,0.238747,1,0
7.58789,0.361328,0.960541,-2.74329e-08,0.240699,1,0
7.58789,0.380859,0.931384,-2.21561e-08,0.240699,1,0
7.60742,0.361328,0.960541,-2.72586e-08,0.238747,1,0
7.60742,0.380859,0.931384,-2.20247e-08,0.238747,1,0
7.62695,0.322266,0.988481,-3.42492e-08,0.236796,1,0
7.62695,0.341797,0.978179,-3.13653e-08,0.236796,1,0
7.64648,0.322266,0.988481,-3.4052e-08,0.234845,1,0
7.64648,0.341797,0.978179,-3.11911e-08,0.234845,1,0
7.62695,0.361328,0.960541,-2.71017e-08,0.236796,1,0
7.62695,0.380859,0.931384,-2.19192e-08,0.236796,1,0
7.64648,0.361328,0.960541,-2.69636e-08,0.234845,1,0
7.64648,0.380859,0.931384,-2.18212e-08,0.234845,1,0
7.58789,0.400391,0.884835,-1.64838e-08,0.240699,1,0
7.58789,0.419922,0.813019,-1.11574e-08,0.240699,1,0
7.60742,0.400391,0.884835,-1.6428e-08,0.238747,1,0
7.60742,0.419922,0.813019,-1.11073e-08,0.238747,1,0
7.58789,0.439453,0.705881,-6.55051e-09,0.240699,1,0
7.58789,0.458984,0.551177,-3.12437e-09,0.240699,1,0
7.60742,0.439453,0.705881,-6.5492e-09,0.238747,1,0
7.60742,0.458984,0.551177,-3.176e-09,0.238747,1,0
7.62695,0.400391,0.884835,-1.63476e-08,0.236796,1,0
7.62695,0.419922,0.813019,-1.1113e-08,0.236796,1,0
7.64648,0.400391,0.884835,-1.63222e-08,0.234845,1,0
7.64648,0.419922,0.813019,-1.10879e-08,0.234845,1,0
7.62695,0.439453,0.705881,-6.57215e-09,0.236796,1,0
7.62695,0.458984,0.551177,-3.17457e-09,0.236796,1,0
7.64648,0.439453,0.705881,-6.59025e-09,0.234845,1,0
7.64648,0.458984,0.551177,-3.23962e-09,0.234845,1,0
7.50977,0.478516,0.334707,-7.42863e-10,0.248504,1,0
7.50977,0.498047,0.0407917,2.22675e-10,0.248504,0.6,0
7.5293,0.478516,0.334707,-7.38334e-10,0.246553,1,0
7.5293,0.498047,0.0407917,2.30979e-10,0.246553,0.6,0
7.54883,0.478516,0.334707,-7.63506e-10,0.244601,1,0
7.54883,0.498047,0.0407917,2.25803e-10,0.244601,0.6,0
7.56836,0.478516,0.334707,-7.6204e-10,0.24265,1,0
7.56836,0.498047,0.0407917,2.35739e-10,0.24265,0.6,0
7.58789,0.478516,0.334707,-7.91147e-10,0.240699,1,0
7.58789,0.498047,0.0407917,2.32007e-10,0.240699,0.6,0
7.60742,0.478516,0.334707,-7.93414e-10,0.238747,1,0
7.60742,0.498047,0.0407917,2.43912e-10,0.238747,0.6,0
7.62695,0.478516,0.334707,-8.27152e-10,0.236796,1,0
7.62695,0.498047,0.0407917,2.42151e-10,0.236796,0.6,0
7.64648,0.478516,0.334707,-8.34116e-10,0.234845,1,0
7.64648,0.498047,0.0407917,2.5611e-10,0.234845,0.6,0
7.66602,0.322266,0.988481,-3.3877e-08,0.232893,1,0
7.66602,0.341797,0.978179,-3.10385e-08,0.232893,1,0
7.68555,0.322266,0.988481,-3.37265e-08,0.230942,1,0
7.68555,0.341797,0.978179,-3.09096e-08,0.230942,1,0
7.66602,0.361328,0.960541,-2.68462e-08,0.232893,1,0
7.66602,0.380859,0.931384,-2.17525e-08,0.232893,1,0
7.68555,0.361328,0.960541,-2.67514e-08,0.230942,1,0
7.68555,0.380859,0.931384,-2.16946e-08,0.230942,1,0
7.70508,0.322266,0.988481,-3.36025e-08,0.228991,1,0
7.70508,0.341797,0.978179,-3.08066e-08,0.228991,1,0
7.72461,0.322266,0.988481,-3.35076e-08,0.227039,1,0
7.72461,0.341797,0.978179,-3.07318e-08,0.227039,1,0
7.70508,0.361328,0.960541,-2.66811e-08,0.228991,1,0
7.70508,0.380859,0.931384,-2.16697e-08,0.228991,1,0
7.72461,0.361328,0.960541,-2.66378e-08,0.227039,1,0
7.72461,0.380859,0.931384,-2.16596e-08,0.227039,1,0
7.66602,0.400391,0.884835,-1.62741e-08,0.232893,1,0
7.66602,0.419922,0.813019,-1.11219e-08,0.232893,1,0
7.68555,0.400391,0.884835,-1.62849e-08,0.230942,1,0
7.68555,0.419922,0.813019,-1.11267e-08,0.230942,1,0
7.66602,0.439453,0.705881,-6.6348e-09,0.232893,1,0
7.66602,0.458984,0.551177,-3.25175e-09,0.232893,1,0
7.68555,0.439453,0.705881,-6.67626e-09,0.230942,1,0
7.68555,0.458984,0.551177,-3.3329e-09,0.230942,1,0
7.70508,0.400391,0.884835,-1.62757e-08,0.228991,1,0
7.70508,0.419922,0.813019,-1.11944e-08,0.228991,1,0
7.72461,0.400391,0.884835,-1.63297e-08,0.227039,1,0
7.72461,0.419922,0.813019,-1.12354e-08,0.227039,1,0
7.70508,0.439453,0.705881,-6.74674e-09,0.228991,1,0
7.70508,0.458984,0.551177,-3.36149e-09,0.228991,1,0
7.72461,0.439453,0.705881,-6.81632e-09,0.227039,1,0
7.72461,0.458984,0.551177,-3.46192e-09,0.227039,1,0
7.74414,0.322266,0.988481,-3.34445e-08,0.225088,1,0
7.74414,0.341797,0.978179,-3.06879e-08,0.225088,1,0
7.76367,0.322266,0.988481,-3.34163e-08,0.223137,1,0
7.76367,0.341797,0.978179,-3.06779e-08,0.223137,1,0
7.74414,0.361328,0.960541,-2.66239e-08,0.225088,1,0
7.74414,0.380859,0.931384,-2.16872e-08,0.225088,1,0
7.76367,0.361328,0.960541,-2.66423e-08,0.223137,1,0
7.76367,0.380859,0.931384,-2.17343e-08,0.223137,1,0
7.7832,0.322266,0.988481,-3.34261e-08,0.221185,1,0
7.7832,0.341797,0.978179,-3.07048e-08,0.221185,1,0
7.80273,0.322266,0.988481,-3.34776e-08,0.219234,1,0
7.80273,0.341797,0.978179,-3.07722e-08,0.219234,1,0
7.7832,0.361328,0.960541,-2.66959e-08,0.221185,1,0
7.7832,0.380859,0.931384,-2.18249e-08,0.221185,1,0
7.80273,0.361328,0.960541,-2.67881e-08,0.219234,1,0
7.80273,0.380859,0.931384,-2.19406e-08,0.219234,1,0
7.74414,0.400391,0.884835,-1.6367e-08,0.225088,1,0
7.74414,0.419922,0.813019,-1.13435e-08,0.225088,1,0
7.76367,0.400391,0.884835,-1.64729e-08,0.223137,1,0
7.76367,0.419922,0.813019,-1.14279e-08,0.223137,1,0
7.74414,0.439453,0.705881,-6.91795e-09,0.225088,1,0
7.74414,0.458984,0.551177,-3.51047e-09,0.225088,1,0
7.76367,0.439453,0.705881,-7.0214e-09,0.223137,1,0
7.76367,0.458984,0.551177,-3.63405e-09,0.223137,1,0
7.7832,0.400391,0.884835,-1.65661e-08,0.221185,1,0
7.7832,0.419922,0.813019,-1.15846e-08,0.221185,1,0
7.80273,0.400391,0.884835,-1.67341e-08,0.219234,1,0
7.80273,0.419922,0.813019,-1.17213e-08,0.219234,1,0
7.7832,0.439453,0.705881,-7.16053e-09,0.221185,1,0
7.7832,0.458984,0.551177,-3.70679e-09,0.221185,1,0
7.80273,0.439453,0.705881,-7.3048e-09,0.219234,1,0
7.80273,0.458984,0.551177,-3.85818e-09,0.219234,1,0
7.66602,0.478516,0.334707,-8.73532e-10,0.232893,1,0
7.66602,0.498047,0.0407917,2.56475e-10,0.232893,0.6,0
7.68555,0.478516,0.334707,-8.86165e-10,0.230942,1,0
7.68555,0.498047,0.0407917,2.73098e-10,0.230942,0.6,0
7.70508,0.478516,0.334707,-9.32381e-10,0.228991,1,0
7.70508,0.498047,0.0407917,2.76112e-10,0.228991,0.6,0
7.72461,0.478516,0.334707,-9.51921e-10,0.227039,1,0
7.72461,0.498047,0.0407917,2.95945e-10,0.227039,0.6,0
7.74414,0.478516,0.334707,-1.00631e-09,0.225088,1,0
7.74414,0.498047,0.0407917,3.02198e-10,0.225088,0.6,0
7.76367,0.478516,0.334707,-1.03426e-09,0.223137,1,0
7.76367,0.498047,0.0407917,3.25892e-10,0.223137,0.6,0
7.7832,0.478516,0.334707,-1.09847e-09,0.221185,1,0
7.7832,0.498047,0.0407917,3.36093e-10,0.221185,0.6,0
7.80273,0.478516,0.334707,-1.13663e-09,0.219234,1,0
7.80273,0.498047,0.0407917,3.6443e-10,0.219234,0.6,0
7.82227,0.00976562,1.00073,1.31544e-11,0.217283,1,0
7.82227,0.0292969,1.00073,1.50318e-10,0.217283,1,0
7.8418,0.00976562,1.00073,-6.20944e-11,0.215331,1,0
7.8418,0.0292969,1.00073,-2.61302e-12,0.215331,1,0
7.82227,0.0488281,1.00073,2.24572e-10,0.217283,1,0
7.82227,0.0683594,1.00073,-2.52847e-10,0.217283,1,0
7.8418,0.0488281,1.00073,3.36964e-11,0.215331,1,0
7.8418,0.0683594,1.00073,-4.89864e-10,0.215331,1,0
7.86133,0.00976562,1.00073,-1.44329e-10,0.21338,1,0
7.86133,0.0292969,1.00073,-1.69971e-10,0.21338,1,0
7.88086,0.00976562,1.00073,-2.34251e-10,0.211429,1,0
7.88086,0.0292969,1.00073,-3.53192e-10,0.211429,1,0
7.86133,0.0488281,1.00073,-1.75782e-10,0.21338,1,0
7.86133,0.0683594,1.00073,-7.51034e-10,0.21338,1,0
7.88086,0.0488281,1.00073,-4.05692e-10,0.211429,1,0
7.88086,0.0683594,1.00073,-1.03871e-09,0.211429,1,0
7.82227,0.0878906,1.00073,-1.42671e-09,0.217283,1,0
7.82227,0.107422,1.00072,-3.37606e-09,0.217283,1,0
7.8418,0.0878906,1.00073,-1.69073e-09,0.215331,1,0
7.8418,0.107422,1.00072,-3.66123e-09,0.215331,1,0
7.82227,0.126953,1.00072,-6.12619e-09,0.217283,1,0
7.82227,0.146484,1.00071,-9.5732e-09,0.217283,1,0
7.8418,0.126953,1.00072,-6.41887e-09,0.215331,1,0
7.8418,0.146484,1.00071,-9.86448e-09,0.215331,1,0
7.86133,0.0878906,1.00073,-1.98339e-09,0.21338,1,0
7.86133,0.107422,1.00072,-3.97968e-09,0.21338,1,0
7.88086,0.0878906,1.00073,-2.30745e-09,0.211429,1,0
7.88086,0.107422,1.00072,-4.33464e-09,0.211429,1,0
7.86133,0.126953,1.00072,-6.74892e-09,0.21338,1,0
7.86133,0.146484,1.00071,-1.0197e-08,0.21338,1,0
7.88086,0.126953,1.00072,-7.11996e-09,0.211429,1,0
7.88086,0.146484,1.00071,-1.05748e-08,0.211429,1,0
7.90039,0.00976562,1.00073,-3.32628e-10,0.209477,1,0
7.90039,0.0292969,1.00073,-5.53849e-10,0.209477,1,0
7.91992,0.00976562,1.00073,-4.40292e-10,0.207526,1,0
7.91992,0.0292969,1.00073,-7.73649e-10,0.207526,1,0
7.90039,0.0488281,1.00073,-6.5803e-10,0.209477,1,0
7.90039,0.0683594,1.00073,-1.35547e-09,0.209477,1,0
7.91992,0.0488281,1.00073,-9.34986e-10,0.207526,1,0
7.91992,0.0683594,1.00073,-1.70415e-09,0.207526,1,0
7.93945,0.00976562,1.00073,-5.58145e-10,0.205575,1,0
7.93945,0.0292969,1.00073,-1.01446e-09,0.205575,1,0
7.95898,0.00976562,1.00073,-6.8717e-10,0.203623,1,0
7.95898,0.0292969,1.00073,-1.27831e-09,0.203623,1,0
7.93945,0.0488281,1.00073,-1.23896e-09,0.205575,1,0
7.93945,0.0683594,1.00073,-2.08787e-09,0.205575,1,0
7.95898,0.0488281,1.00073,-1.57258e-09,0.203623,1,0
7.95898,0.0683594,1.00073,-2.51004e-09,0.203623,1,0
7.90039,0.0878906,1.00073,-2.66597e-09,0.209477,1,0
7.90039,0.107422,1.00072,-4.72963e-09,0.209477,1,0
7.91992,0.0878906,1.00073,-3.06231e-09,0.207526,1,0
7.91992,0.107422,1.00072,-5.16858e-09,0.207526,1,0
7.90039,0.126953,1.00072,-7.53597e-09,0.209477,1,0
7.90039,0.146484,1.00071,-1.10022e-08,0.209477,1,0
7.91992,0.126953,1.00072,-8.00134e-09,0.207526,1,0
7.91992,0.146484,1.00071,-1.1484e-08,0.207526,1,0
7.93945,0.0878906,1.00073,-3.50014e-09,0.205575,1,0
7.93945,0.107422,1.00072,-5.65575e-09,0.205575,1,0
7.95898,0.0878906,1.00073,-3.98354e-09,0.203623,1,0
7.95898,0.107422,1.00072,-6.19587e-09,0.203623,1,0
7.93945,0.126953,1.00072,-8.52088e-09,0.205575,1,0
7.93945,0.146484,1.00071,-1.20256e-08,0.205575,1,0
7.95898,0.126953,1.00072,-9.09988e-09,0.203623,1,0
7.95898,0.146484,1.00071,-1.26329e-08,0.203623,1,0
7.82227,0.166016,1.0007,-1.358e-08,0.217283,1,0
7.82227,0.185547,1.00066,-1.79139e-08,0.217283,1,0
7.8418,0.166016,1.0007,-1.38599e-08,0.215331,1,0
7.8418,0.185547,1.00066,-1.81756e-08,0.215331,1,0
7.82227,0.205078,1.00057,-2.232e-08,0.217283,1,0
7.82227,0.224609,1.00037,-2.64939e-08,0.217283,1,0
7.8418,0.205078,1.00057,-2.25582e-08,0.215331,1,0
7.8418,0.224609,1.00037,-2.67063e-08,0.215331,1,0
7.86133,0.166016,1.0007,-1.41845e-08,0.21338,1,0
7.86133,0.185547,1.00066,-1.8485e-08,0.21338,1,0
7.88086,0.166016,1.0007,-1.45581e-08,0.211429,1,0
7.88086,0.185547,1.00066,-1.88467e-08,0.211429,1,0
7.86133,0.205078,1.00057,-2.28467e-08,0.21338,1,0
7.86133,0.224609,1.00037,-2.69712e-08,0.21338,1,0
7.88086,0.205078,1.00057,-2.31903e-08,0.211429,1,0
7.88086,0.224609,1.00037,-2.72936e-08,0.211429,1,0
7.82227,0.244141,0.999958,-3.01258e-08,0.217283,1,0
7.82227,0.263672,0.999115,-3.29019e-08,0.217283,1,0
7.8418,0.244141,0.999958,-3.0313e-08,0.215331,1,0
7.8418,0.263672,0.999115,-3.30675e-08,0.215331,1,0
7.82227,0.283203,0.997453,-3.45357e-08,0.217283,1,0
7.82227,0.302734,0.99429,-3.48032e-08,0.217283,1,0
7.8418,0.283203,0.997453,-3.4686e-08,0.215331,1,0
7.8418,0.302734,0.99429,-3.49469e-08,0.215331,1,0
7.86133,0.244141,0.999958,-3.05543e-08,0.21338,1,0
7.86133,0.263672,0.999115,-3.32882e-08,0.21338,1,0
7.88086,0.244141,0.999958,-3.08548e-08,0.211429,1,0
7.88086,0.263672,0.999115,-3.35693e-08,0.211429,1,0
7.86133,0.283203,0.997453,-3.48919e-08,0.21338,1,0
7.86133,0.302734,0.99429,-3.51461e-08,0.21338,1,0
7.88086,0.283203,0.997453,-3.51589e-08,0.211429,1,0
7.88086,0.302734,0.99429,-3.54063e-08,0.211429,1,0
7.90039,0.166016,1.0007,-1.49854e-08,0.209477,1,0
7.90039,0.185547,1.00066,-1.92659e-08,0.209477,1,0
7.91992,0.166016,1.0007,-1.54717e-08,0.207526,1,0
7.91992,0.185547,1.00066,-1.9748e-08,0.207526,1,0
7.90039,0.205078,1.00057,-2.35944e-08,0.209477,1,0
7.90039,0.224609,1.00037,-2.7679e-08,0.209477,1,0
7.91992,0.205078,1.00057,-2.4065e-08,0.207526,1,0
7.91992,0.224609,1.00037,-2.81336e-08,0.207526,1,0
7.93945,0.166016,1.0007,-1.60227e-08,0.205575,1,0
7.93945,0.185547,1.00066,-2.02992e-08,0.205575,1,0
7.95898,0.166016,1.0007,-1.66448e-08,0.203623,1,0
7.95898,0.185547,1.00066,-2.09263e-08,0.203623,1,0
7.93945,0.205078,1.00057,-2.46083e-08,0.205575,1,0
7.93945,0.224609,1.00037,-2.86641e-08,0.205575,1,0
7.95898,0.205078,1.00057,-2.52317e-08,0.203623,1,0
7.95898,0.224609,1.00037,-2.9278e-08,0.203623,1,0
7.90039,0.244141,0.999958,-3.12203e-08,0.209477,1,0
7.90039,0.263672,0.999115,-3.39168e-08,0.209477,1,0
7.91992,0.244141,0.999958,-3.16571e-08,0.207526,1,0
7.91992,0.263672,0.999115,-3.4337e-08,0.207526,1,0
7.90039,0.283203,0.997453,-3.54927e-08,0.209477,1,0
7.90039,0.302734,0.99429,-3.57334e-08,0.209477,1,0
7.91992,0.283203,0.997453,-3.59001e-08,0.207526,1,0
7.91992,0.302734,0.99429,-3.61338e-08,0.207526,1,0
7.93945,0.244141,0.999958,-3.21722e-08,0.205575,1,0
7.93945,0.263672,0.999115,-3.4837e-08,0.205575,1,0
7.95898,0.244141,0.999958,-3.27732e-08,0.203623,1,0
7.95898,0.263672,0.999115,-3.54246e-08,0.203623,1,0
7.93945,0.283203,0.997453,-3.6388e-08,0.205575,1,0
7.93945,0.302734,0.99429,-3.66146e-08,0.205575,1,0
7.95898,0.283203,0.997453,-3.69644e-08,0.203623,1,0
7.95898,0.302734,0.99429,-3.71838e-08,0.203623,1,0
7.97852,0.00976562,1.00073,-8.28436e-10,0.201672,1,0
7.97852,0.0292969,1.00073,-1.56743e-09,0.201672,1,0
7.99805,0.00976562,1.00073,-9.83123e-10,0.199721,1,0
7.99805,0.0292969,1.00073,-1.88429e-09,0.199721,1,0
7.97852,0.0488281,1.00073,-1.93876e-09,0.201672,1,0
7.97852,0.0683594,1.00073,-2.97443e-09,0.201672,1,0
7.99805,0.0488281,1.00073,-2.34067e-09,0.199721,1,0
7.99805,0.0683594,1.00073,-3.48519e-09,0.199721,1,0
8.01758,0.00976562,1.00073,-1.15255e-09,0.197769,1,0
8.01758,0.0292969,1.00073,-2.23159e-09,0.197769,1,0
8.03711,0.00976562,1.00073,-1.33822e-09,0.195818,1,0
8.03711,0.0292969,1.00073,-2.61239e-09,0.195818,1,0
8.01758,0.0488281,1.00073,-2.78183e-09,0.197769,1,0
8.01758,0.0683594,1.00073,-4.04689e-09,0.197769,1,0
8.03711,0.0488281,1.00073,-3.26614e-09,0.195818,1,0
8.03711,0.0683594,1.00073,-4.66455e-09,0.195818,1,0
7.97852,0.0878906,1.00073,-4.51697e-09,0.201672,1,0
7.97852,0.107422,1.00072,-6.79413e-09,0.201672,1,0
7.99805,0.0878906,1.00073,-5.10535e-09,0.199721,1,0
7.99805,0.107422,1.00072,-7.45625e-09,0.199721,1,0
7.97852,0.126953,1.00072,-9.74417e-09,0.201672,1,0
7.97852,0.146484,1.00071,-1.33122e-08,0.201672,1,0
7.99805,0.126953,1.00072,-1.04602e-08,0.199721,1,0
7.99805,0.146484,1.00071,-1.40706e-08,0.199721,1,0
8.01758,0.0878906,1.00073,-5.75408e-09,0.197769,1,0
8.01758,0.107422,1.00072,-8.18851e-09,0.197769,1,0
8.03711,0.0878906,1.00073,-6.46914e-09,0.195818,1,0
8.03711,0.107422,1.00072,-8.99785e-09,0.195818,1,0
8.01758,0.126953,1.00072,-1.1255e-08,0.197769,1,0
8.01758,0.146484,1.00071,-1.4916e-08,0.197769,1,0
8.03711,0.126953,1.00072,-1.21363e-08,0.195818,1,0
8.03711,0.146484,1.00071,-1.5857e-08,0.195818,1,0
8.05664,0.00976562,1.00073,-1.54176e-09,0.193867,1,0
8.05664,0.0292969,1.00073,-3.03005e-09,0.193867,1,0
8.07617,0.00976562,1.00073,-1.76495e-09,0.191915,1,0
8.07617,0.0292969,1.00073,-3.48823e-09,0.191915,1,0
8.05664,0.0488281,1.00073,-3.79786e-09,0.193867,1,0
8.05664,0.0683594,1.00073,-5.34373e-09,0.193867,1,0
8.07617,0.0488281,1.00073,-4.38171e-09,0.191915,1,0
8.07617,0.0683594,1.00073,-6.09052e-09,0.191915,1,0
8.0957,0.00976562,1.00073,-2.00971e-09,0.189964,1,0
8.0957,0.0292969,1.00073,-3.99091e-09,0.189964,1,0
8.11523,0.00976562,1.00073,-2.27814e-09,0.188013,1,0
8.11523,0.0292969,1.00073,-4.54245e-09,0.188013,1,0
8.0957,0.0488281,1.00073,-5.02284e-09,0.189964,1,0
8.0957,0.0683594,1.00073,-6.91161e-09,0.189964,1,0
8.11523,0.0488281,1.00073,-5.72694e-09,0.188013,1,0
8.11523,0.0683594,1.00073,-7.81439e-09,0.188013,1,0
8.05664,0.0878906,1.00073,-7.25708e-09,0.193867,1,0
8.05664,0.107422,1.00072,-9.89191e-09,0.193867,1,0
8.07617,0.0878906,1.00073,-8.12512e-09,0.191915,1,0
8.07617,0.107422,1.00072,-1.08791e-08,0.191915,1,0
8.05664,0.126953,1.00072,-1.31128e-08,0.193867,1,0
8.05664,0.146484,1.00071,-1.69029e-08,0.193867,1,0
8.07617,0.126953,1.00072,-1.41939e-08,0.191915,1,0
8.07617,0.146484,1.00071,-1.80643e-08,0.191915,1,0
8.0957,0.0878906,1.00073,-9.08121e-09,0.189964,1,0
8.0957,0.107422,1.00072,-1.19686e-08,0.189964,1,0
8.11523,0.0878906,1.00073,-1.01341e-08,0.188013,1,0
8.11523,0.107422,1.00072,-1.31706e-08,0.188013,1,0
8.0957,0.126953,1.00072,-1.539e-08,0.189964,1,0
8.0957,0.146484,1.00071,-1.93526e-08,0.189964,1,0
8.11523,0.126953,1.00072,-1.67125e-08,0.188013,1,0
8.11523,0.146484,1.00071,-2.07805e-08,0.188013,1,0
7.97852,0.166016,1.0007,-1.73449e-08,0.201672,1,0
7.97852,0.185547,1.00066,-2.16368e-08,0.201672,1,0
7.99805,0.166016,1.0007,-1.81307e-08,0.199721,1,0
7.99805,0.185547,1.00066,-2.24388e-08,0.199721,1,0
7.97852,0.205078,1.00057,-2.59429e-08,0.201672,1,0
7.97852,0.224609,1.00037,-2.99833e-08,0.201672,1,0
7.99805,0.205078,1.00057,-2.67506e-08,0.199721,1,0
7.99805,0.224609,1.00037,-3.07892e-08,0.199721,1,0
8.01758,0.166016,1.0007,-1.90107e-08,0.197769,1,0
8.01758,0.185547,1.00066,-2.33414e-08,0.197769,1,0
8.03711,0.166016,1.0007,-1.99941e-08,0.195818,1,0
8.03711,0.185547,1.00066,-2.43545e-08,0.195818,1,0
8.01758,0.205078,1.00057,-2.76643e-08,0.197769,1,0
8.01758,0.224609,1.00037,-3.17056e-08,0.197769,1,0
8.03711,0.205078,1.00057,-2.86944e-08,0.195818,1,0
8.03711,0.224609,1.00037,-3.27434e-08,0.195818,1,0
7.97852,0.244141,0.999958,-3.34685e-08,0.201672,1,0
7.97852,0.263672,0.999115,-3.61085e-08,0.201672,1,0
7.99805,0.244141,0.999958,-3.42674e-08,0.199721,1,0
7.99805,0.263672,0.999115,-3.68981e-08,0.199721,1,0
7.97852,0.283203,0.997453,-3.76379e-08,0.201672,1,0
7.97852,0.302734,0.99429,-3.78501e-08,0.201672,1,0
7.99805,0.283203,0.997453,-3.84182e-08,0.199721,1,0
7.99805,0.302734,0.99429,-3.8623e-08,0.199721,1,0
8.01758,0.244141,0.999958,-3.51802e-08,0.197769,1,0
8.01758,0.263672,0.999115,-3.78039e-08,0.197769,1,0
8.03711,0.244141,0.999958,-3.62181e-08,0.195818,1,0
8.03711,0.263672,0.999115,-3.88373e-08,0.195818,1,0
8.01758,0.283203,0.997453,-3.93157e-08,0.197769,1,0
8.01758,0.302734,0.99429,-3.9513e-08,0.197769,1,0
8.03711,0.283203,0.997453,-4.03421e-08,0.195818,1,0
8.03711,0.302734,0.99429,-4.05318e-08,0.195818,1,0
8.05664,0.166016,1.0007,-2.10913e-08,0.193867,1,0
8.05664,0.185547,1.00066,-2.54891e-08,0.193867,1,0
8.07617,0.166016,1.0007,-2.23135e-08,0.191915,1,0
8.07617,0.185547,1.00066,-2.67572e-08,0.191915,1,0
8.05664,0.205078,1.00057,-2.98526e-08,0.193867,1,0
8.05664,0.224609,1.00037,-3.39146e-08,0.193867,1,0
8.07617,0.205078,1.00057,-3.11516e-08,0.191915,1,0
8.07617,0.224609,1.00037,-3.52324e-08,0.191915,1,0
8.0957,0.166016,1.0007,-2.36732e-08,0.189964,1,0
8.0957,0.185547,1.00066,-2.81722e-08,0.189964,1,0
8.11523,0.166016,1.0007,-2.5184e-08,0.188013,1,0
8.11523,0.185547,1.00066,-2.97486e-08,0.188013,1,0
8.0957,0.205078,1.00057,-3.26054e-08,0.189964,1,0
8.0957,0.224609,1.00037,-3.67116e-08,0.189964,1,0
8.11523,0.205078,1.00057,-3.42293e-08,0.188013,1,0
8.11523,0.224609,1.00037,-3.83681e-08,0.188013,1,0
8.05664,0.244141,0.999958,-3.73935e-08,0.193867,1,0
8.05664,0.263672,0.999115,-4.0011e-08,0.193867,1,0
8.07617,0.244141,0.999958,-3.87201e-08,0.191915,1,0
8.07617,0.263672,0.999115,-4.1339e-08,0.191915,1,0
8.05664,0.283203,0.997453,-4.15103e-08,0.193867,1,0
8.05664,0.302734,0.99429,-4.16921e-08,0.193867,1,0
8.07617,0.283203,0.997453,-4.28341e-08,0.191915,1,0
8.07617,0.302734,0.99429,-4.3008e-08,0.191915,1,0
8.0957,0.244141,0.999958,-4.0213e-08,0.189964,1,0
8.0957,0.263672,0.999115,-4.28365e-08,0.189964,1,0
8.11523,0.244141,0.999958,-4.18887e-08,0.188013,1,0
8.11523,0.263672,0.999115,-4.45206e-08,0.188013,1,0
8.0957,0.283203,0.997453,-4.43292e-08,0.189964,1,0
8.0957,0.302734,0.99429,-4.44949e-08,0.189964,1,0
8.11523,0.283203,0.997453,-4.60127e-08,0.188013,1,0
8.11523,0.302734,0.99429,-4.617e-08,0.188013,1,0
7.82227,0.322266,0.988481,-3.35747e-08,0.217283,1,0
7.82227,0.341797,0.978179,-3.08841e-08,0.217283,1,0
7.8418,0.322266,0.988481,-3.37219e-08,0.215331,1,0
7.8418,0.341797,0.978179,-3.10445e-08,0.215331,1,0
7.82227,0.361328,0.960541,-2.69227e-08,0.217283,1,0
7.82227,0.380859,0.931384,-2.21067e-08,0.217283,1,0
7.8418,0.361328,0.960541,-2.71037e-08,0.215331,1,0
7.8418,0.380859,0.931384,-2.2305e-08,0.215331,1,0
7.86133,0.322266,0.988481,-3.39238e-08,0.21338,1,0
7.86133,0.341797,0.978179,-3.12582e-08,0.21338,1,0
7.88086,0.322266,0.988481,-3.41859e-08,0.211429,1,0
7.88086,0.341797,0.978179,-3.15304e-08,0.211429,1,0
7.86133,0.361328,0.960541,-2.73355e-08,0.21338,1,0
7.86133,0.380859,0.931384,-2.25618e-08,0.21338,1,0
7.88086,0.361328,0.960541,-2.76231e-08,0.211429,1,0
7.88086,0.380859,0.931384,-2.28595e-08,0.211429,1,0
7.82227,0.400391,0.884835,-1.68947e-08,0.217283,1,0
7.82227,0.419922,0.813019,-1.19363e-08,0.217283,1,0
7.8418,0.400391,0.884835,-1.71374e-08,0.215331,1,0
7.8418,0.419922,0.813019,-1.21361e-08,0.215331,1,0
7.82227,0.439453,0.705881,-7.48908e-09,0.217283,1,0
7.82227,0.458984,0.551177,-3.96024e-09,0.217283,1,0
7.8418,0.439453,0.705881,-7.68261e-09,0.215331,1,0
7.8418,0.458984,0.551177,-4.1451e-09,0.215331,1,0
7.86133,0.400391,0.884835,-1.7379e-08,0.21338,1,0
7.86133,0.419922,0.813019,-1.24213e-08,0.21338,1,0
7.88086,0.400391,0.884835,-1.77116e-08,0.211429,1,0
7.88086,0.419922,0.813019,-1.26972e-08,0.211429,1,0
7.86133,0.439453,0.705881,-7.92131e-09,0.21338,1,0
7.86133,0.458984,0.551177,-4.28267e-09,0.21338,1,0
7.88086,0.439453,0.705881,-8.17431e-09,0.211429,1,0
7.88086,0.458984,0.551177,-4.50783e-09,0.211429,1,0
7.90039,0.322266,0.988481,-3.45139e-08,0.209477,1,0
7.90039,0.341797,0.978179,-3.18667e-08,0.209477,1,0
7.91992,0.322266,0.988481,-3.49143e-08,0.207526,1,0
7.91992,0.341797,0.978179,-3.22734e-08,0.207526,1,0
7.90039,0.361328,0.960541,-2.7972e-08,0.209477,1,0
7.90039,0.380859,0.931384,-2.32255e-08,0.209477,1,0
7.91992,0.361328,0.960541,-2.83881e-08,0.207526,1,0
7.91992,0.380859,0.931384,-2.3643e-08,0.207526,1,0
7.93945,0.322266,0.988481,-3.53941e-08,0.205575,1,0
7.93945,0.341797,0.978179,-3.27573e-08,0.205575,1,0
7.95898,0.322266,0.988481,-3.5961e-08,0.203623,1,0
7.95898,0.341797,0.978179,-3.33261e-08,0.203623,1,0
7.93945,0.361328,0.960541,-2.88779e-08,0.205575,1,0
7.93945,0.380859,0.931384,-2.41407e-08,0.205575,1,0
7.95898,0.361328,0.960541,-2.94489e-08,0.203623,1,0
7.95898,0.380859,0.931384,-2.47026e-08,0.203623,1,0
7.90039,0.400391,0.884835,-1.80511e-08,0.209477,1,0
7.90039,0.419922,0.813019,-1.3067e-08,0.209477,1,0
7.91992,0.400391,0.884835,-1.8492e-08,0.207526,1,0
7.91992,0.419922,0.813019,-1.34349e-08,0.207526,1,0
7.90039,0.439453,0.705881,-8.47869e-09,0.209477,1,0
7.90039,0.458984,0.551177,-4.68843e-09,0.209477,1,0
7.91992,0.439453,0.705881,-8.80355e-09,0.207526,1,0
7.91992,0.458984,0.551177,-4.9622e-09,0.207526,1,0
7.93945,0.400391,0.884835,-1.89495e-08,0.205575,1,0
7.93945,0.419922,0.813019,-1.39067e-08,0.205575,1,0
7.95898,0.400391,0.884835,-1.95209e-08,0.203623,1,0
7.95898,0.419922,0.813019,-1.43857e-08,0.203623,1,0
7.93945,0.439453,0.705881,-9.18726e-09,0.205575,1,0
7.93945,0.458984,0.551177,-5.19494e-09,0.205575,1,0
7.95898,0.439453,0.705881,-9.59901e-09,0.203623,1,0
7.95898,0.458984,0.551177,-5.52738e-09,0.203623,1,0
7.82227,0.478516,0.334707,-1.21265e-09,0.217283,1,0
7.82227,0.498047,0.0407917,3.79434e-10,0.217283,0.6,0
7.8418,0.478516,0.334707,-1.2632e-09,0.215331,1,0
7.8418,0.498047,0.0407917,4.13358e-10,0.215331,0.6,0
7.86133,0.478516,0.334707,-1.35344e-09,0.21338,1,0
7.86133,0.498047,0.0407917,4.34199e-10,0.21338,0.6,0
7.88086,0.478516,0.334707,-1.41902e-09,0.211429,1,0
7.88086,0.498047,0.0407917,4.74855e-10,0.211429,0.6,0
7.90039,0.478516,0.334707,-1.52639e-09,0.209477,1,0
7.90039,0.498047,0.0407917,5.02794e-10,0.209477,0.6,0
7.91992,0.478516,0.334707,-1.6102e-09,0.207526,1,0
7.91992,0.498047,0.0407917,5.51579e-10,0.207526,0.6,0
7.93945,0.478516,0.334707,-1.73826e-09,0.205575,1,0
7.93945,0.498047,0.0407917,5.88151e-10,0.205575,0.6,0
7.95898,0.478516,0.334707,-1.84419e-09,0.203623,1,0
7.95898,0.498047,0.0407917,6.46766e-10,0.203623,0.6,0
7.97852,0.322266,0.988481,-3.66238e-08,0.201672,1,0
7.97852,0.341797,0.978179,-3.39881e-08,0.201672,1,0
7.99805,0.322266,0.988481,-3.73917e-08,0.199721,1,0
7.99805,0.341797,0.978179,-3.47524e-08,0.199721,1,0
7.97852,0.361328,0.960541,-3.01089e-08,0.201672,1,0
7.97852,0.380859,0.931384,-2.53592e-08,0.201672,1,0
7.99805,0.361328,0.960541,-3.08667e-08,0.199721,1,0
7.99805,0.380859,0.931384,-2.60955e-08,0.199721,1,0
8.01758,0.322266,0.988481,-3.82752e-08,0.197769,1,0
8.01758,0.341797,0.978179,-3.56293e-08,0.197769,1,0
8.03711,0.322266,0.988481,-3.92858e-08,0.195818,1,0
8.03711,0.341797,0.978179,-3.66299e-08,0.195818,1,0
8.01758,0.361328,0.960541,-3.17321e-08,0.197769,1,0
8.01758,0.380859,0.931384,-2.69441e-08,0.197769,1,0
8.03711,0.361328,0.960541,-3.27157e-08,0.195818,1,0
8.03711,0.380859,0.931384,-2.78911e-08,0.195818,1,0
7.97852,0.400391,0.884835,-2.01211e-08,0.201672,1,0
7.97852,0.419922,0.813019,-1.49807e-08,0.201672,1,0
7.99805,0.400391,0.884835,-2.08503e-08,0.199721,1,0
7.99805,0.419922,0.813019,-1.5594e-08,0.199721,1,0
7.97852,0.439453,0.705881,-1.00786e-08,0.201672,1,0
7.97852,0.458984,0.551177,-5.82332e-09,0.201672,1,0
7.99805,0.439453,0.705881,-1.05955e-08,0.199721,1,0
7.99805,0.458984,0.551177,-6.22663e-09,0.199721,1,0
8.01758,0.400391,0.884835,-2.16228e-08,0.197769,1,0
8.01758,0.419922,0.813019,-1.63379e-08,0.197769,1,0
8.03711,0.400391,0.884835,-2.25425e-08,0.195818,1,0
8.03711,0.419922,0.813019,-1.71138e-08,0.195818,1,0
8.01758,0.439453,0.705881,-1.1191e-08,0.197769,1,0
8.01758,0.458984,0.551177,-6.59917e-09,0.197769,1,0
8.03711,0.439453,0.705881,-1.18351e-08,0.195818,1,0
8.03711,0.458984,0.551177,-7.0881e-09,0.195818,1,0
8.05664,0.322266,0.988481,-4.04361e-08,0.193867,1,0
8.05664,0.341797,0.978179,-3.77664e-08,0.193867,1,0
8.07617,0.322266,0.988481,-4.174e-08,0.191915,1,0
8.07617,0.341797,0.978179,-3.90524e-08,0.191915,1,0
8.05664,0.361328,0.960541,-3.38293e-08,0.193867,1,0
8.05664,0.380859,0.931384,-2.89716e-08,0.193867,1,0
8.07617,0.361328,0.960541,-3.50858e-08,0.191915,1,0
8.07617,0.380859,0.931384,-3.01733e-08,0.191915,1,0
8.0957,0.322266,0.988481,-4.32127e-08,0.189964,1,0
8.0957,0.341797,0.978179,-4.05027e-08,0.189964,1,0
8.11523,0.322266,0.988481,-4.48711e-08,0.188013,1,0
8.11523,0.341797,0.978179,-4.21338e-08,0.188013,1,0
8.0957,0.361328,0.960541,-3.64993e-08,0.189964,1,0
8.0957,0.380859,0.931384,-3.15342e-08,0.189964,1,0
8.11523,0.361328,0.960541,-3.80857e-08,0.188013,1,0
8.11523,0.380859,0.931384,-3.30441e-08,0.188013,1,0
8.05664,0.400391,0.884835,-2.35236e-08,0.193867,1,0
8.05664,0.419922,0.813019,-1.80376e-08,0.193867,1,0
8.07617,0.400391,0.884835,-2.46735e-08,0.191915,1,0
8.07617,0.419922,0.813019,-1.90104e-08,0.191915,1,0
8.05664,0.439453,0.705881,-1.25709e-08,0.193867,1,0
8.05664,0.458984,0.551177,-7.55347e-09,0.193867,1,0
8.07617,0.439453,0.705881,-1.33689e-08,0.191915,1,0
8.07617,0.458984,0.551177,-8.14593e-09,0.191915,1,0
8.0957,0.400391,0.884835,-2.59069e-08,0.189964,1,0
8.0957,0.419922,0.813019,-2.01516e-08,0.189964,1,0
8.11523,0.400391,0.884835,-2.73353e-08,0.188013,1,0
8.11523,0.419922,0.813019,-2.13627e-08,0.188013,1,0
8.0957,0.439453,0.705881,-1.42744e-08,0.189964,1,0
8.0957,0.458984,0.551177,-8.72378e-09,0.189964,1,0
8.11523,0.439453,0.705881,-1.52588e-08,0.188013,1,0
8.11523,0.458984,0.551177,-9.44143e-09,0.188013,1,0
7.97852,0.478516,0.334707,-1.99722e-09,0.201672,1,0
7.97852,0.498047,0.0407917,6.93844e-10,0.201672,0.6,0
7.99805,0.478516,0.334707,-2.12999e-09,0.199721,1,0
7.99805,0.498047,0.0407917,7.64362e-10,0.199721,0.6,0
8.01758,0.478516,0.334707,-2.31319e-09,0.197769,1,0
8.01758,0.498047,0.0407917,8.24225e-10,0.197769,0.6,0
8.03711,0.478516,0.334707,-2.47849e-09,0.195818,1,0
8.03711,0.498047,0.0407917,9.09165e-10,0.195818,0.6,0
8.05664,0.478516,0.334707,-2.69814e-09,0.193867,1,0
8.05664,0.498047,0.0407917,9.84583e-10,0.193867,0.6,0
8.07617,0.478516,0.334707,-2.90287e-09,0.191915,1,0
8.07617,0.498047,0.0407917,1.08701e-09,0.191915,0.6,0
8.0957,0.478516,0.334707,-3.16657e-09,0.189964,1,0
8.0957,0.498047,0.0407917,1.18135e-09,0.189964,0.6,0
8.11523,0.478516,0.334707,-3.41906e-09,0.188013,1,0
8.11523,0.498047,0.0407917,1.30497e-09,0.188013,0.6,0
8.13477,0.00976562,1.00073,-2.57256e-09,0.186061,1,0
8.13477,0.0292969,1.00073,-5.14771e-09,0.186061,1,0
8.1543,0.00976562,1.00073,-2.89558e-09,0.18411,1,0
8.1543,0.0292969,1.00073,-5.81206e-09,0.18411,1,0
8.13477,0.0488281,1.00073,-6.50027e-09,0.186061,1,0
8.13477,0.0683594,1.00073,-8.807e-09,0.186061,1,0
8.1543,0.0488281,1.00073,-7.34976e-09,0.18411,1,0
8.1543,0.0683594,1.00073,-9.8984e-09,0.18411,1,0
8.17383,0.00976562,1.00073,-3.25006e-09,0.182159,1,0
8.17383,0.0292969,1.00073,-6.54142e-09,0.182159,1,0
8.19336,0.00976562,1.00073,-3.63914e-09,0.180207,1,0
8.19336,0.0292969,1.00073,-7.34228e-09,0.180207,1,0
8.17383,0.0488281,1.00073,-8.28302e-09,0.182159,1,0
8.17383,0.0683594,1.00073,-1.10985e-08,0.182159,1,0
8.19336,0.0488281,1.00073,-9.30841e-09,0.180207,1,0
8.19336,0.0683594,1.00073,-1.2418e-08,0.180207,1,0
8.13477,0.0878906,1.00073,-1.12935e-08,0.186061,1,0
8.13477,0.107422,1.00072,-1.44964e-08,0.186061,1,0
8.1543,0.0878906,1.00073,-1.25699e-08,0.18411,1,0
8.1543,0.107422,1.00072,-1.59583e-08,0.18411,1,0
8.13477,0.126953,1.00072,-1.8174e-08,0.186061,1,0
8.13477,0.146484,1.00071,-2.23617e-08,0.186061,1,0
8.1543,0.126953,1.00072,-1.97883e-08,0.18411,1,0
8.1543,0.146484,1.00071,-2.41118e-08,0.18411,1,0
8.17383,0.0878906,1.00073,-1.39751e-08,0.182159,1,0
8.17383,0.107422,1.00072,-1.75698e-08,0.182159,1,0
8.19336,0.0878906,1.00073,-1.55219e-08,0.180207,1,0
8.19336,0.107422,1.00072,-1.93459e-08,0.180207,1,0
8.17383,0.126953,1.00072,-2.15708e-08,0.182159,1,0
8.17383,0.146484,1.00071,-2.60473e-08,0.182159,1,0
8.19336,0.126953,1.00072,-2.35381e-08,0.180207,1,0
8.19336,0.146484,1.00071,-2.8187e-08,0.180207,1,0
8.21289,0.00976562,1.00073,-4.06624e-09,0.178256,1,0
8.21289,0.0292969,1.00073,-8.22172e-09,0.178256,1,0
8.23242,0.00976562,1.00073,-4.53511e-09,0.176305,1,0
8.23242,0.0292969,1.00073,-9.18755e-09,0.176305,1,0
8.21289,0.0488281,1.00073,-1.04351e-08,0.178256,1,0
8.21289,0.0683594,1.00073,-1.38689e-08,0.178256,1,0
8.23242,0.0488281,1.00073,-1.16732e-08,0.176305,1,0
8.23242,0.0683594,1.00073,-1.54644e-08,0.176305,1,0
8.25195,0.00976562,1.00073,-5.04996e-09,0.174353,1,0
8.25195,0.0292969,1.00073,-1.02484e-08,0.174353,1,0
8.27148,0.00976562,1.00073,-5.61541e-09,0.172402,1,0
8.27148,0.0292969,1.00073,-1.14138e-08,0.172402,1,0
8.25195,0.0488281,1.00073,-1.30338e-08,0.174353,1,0
8.25195,0.0683594,1.00073,-1.72188e-08,0.174353,1,0
8.27148,0.0488281,1.00073,-1.45291e-08,0.172402,1,0
8.27148,0.0683594,1.00073,-1.91481e-08,0.172402,1,0
8.21289,0.0878906,1.00073,-1.72244e-08,0.178256,1,0
8.21289,0.107422,1.00072,-2.1303e-08,0.178256,1,0
8.23242,0.0878906,1.00073,-1.90982e-08,0.176305,1,0
8.23242,0.107422,1.00072,-2.34591e-08,0.176305,1,0
8.21289,0.126953,1.00072,-2.57088e-08,0.178256,1,0
8.21289,0.146484,1.00071,-3.0551e-08,0.178256,1,0
8.23242,0.126953,1.00072,-2.81031e-08,0.176305,1,0
8.23242,0.146484,1.00071,-3.3162e-08,0.176305,1,0
8.25195,0.0878906,1.00073,-2.11604e-08,0.174353,1,0
8.25195,0.107422,1.00072,-2.58343e-08,0.174353,1,0
8.27148,0.0878906,1.00073,-2.34299e-08,0.172402,1,0
8.27148,0.107422,1.00072,-2.84504e-08,0.172402,1,0
8.25195,0.126953,1.00072,-3.07434e-08,0.174353,1,0
8.25195,0.146484,1.00071,-3.60445e-08,0.174353,1,0
8.27148,0.126953,1.00072,-3.36543e-08,0.172402,1,0
8.27148,0.146484,1.00071,-3.92257e-08,0.172402,1,0
8.13477,0.166016,1.0007,-2.6861e-08,0.186061,1,0
8.13477,0.185547,1.00066,-3.15025e-08,0.186061,1,0
8.1543,0.166016,1.0007,-2.87208e-08,0.18411,1,0
8.1543,0.185547,1.00066,-3.34517e-08,0.18411,1,0
8.13477,0.205078,1.00057,-3.60403e-08,0.186061,1,0
8.13477,0.224609,1.00037,-4.02196e-08,0.186061,1,0
8.1543,0.205078,1.00057,-3.80572e-08,0.18411,1,0
8.1543,0.224609,1.00037,-4.22856e-08,0.18411,1,0
8.17383,0.166016,1.0007,-3.07815e-08,0.182159,1,0
8.17383,0.185547,1.00066,-3.56155e-08,0.182159,1,0
8.19336,0.166016,1.0007,-3.30633e-08,0.180207,1,0
8.19336,0.185547,1.00066,-3.80155e-08,0.180207,1,0
8.17383,0.205078,1.00057,-4.03004e-08,0.182159,1,0
8.17383,0.224609,1.00037,-4.45875e-08,0.182159,1,0
8.19336,0.205078,1.00057,-4.27925e-08,0.180207,1,0
8.19336,0.224609,1.00037,-4.71487e-08,0.180207,1,0
8.13477,0.244141,0.999958,-4.37654e-08,0.186061,1,0
8.13477,0.263672,0.999115,-4.64098e-08,0.186061,1,0
8.1543,0.244141,0.999958,-4.58632e-08,0.18411,1,0
8.1543,0.263672,0.999115,-4.85246e-08,0.18411,1,0
8.13477,0.283203,0.997453,-4.79032e-08,0.186061,1,0
8.13477,0.302734,0.99429,-4.80519e-08,0.186061,1,0
8.1543,0.283203,0.997453,-5.00214e-08,0.18411,1,0
8.1543,0.302734,0.99429,-5.01613e-08,0.18411,1,0
8.17383,0.244141,0.999958,-4.82041e-08,0.182159,1,0
8.17383,0.263672,0.999115,-5.08874e-08,0.182159,1,0
8.19336,0.244141,0.999958,-5.08125e-08,0.180207,1,0
8.19336,0.263672,0.999115,-5.3523e-08,0.180207,1,0
8.17383,0.283203,0.997453,-5.23902e-08,0.182159,1,0
8.17383,0.302734,0.99429,-5.2521e-08,0.182159,1,0
8.19336,0.283203,0.997453,-5.50344e-08,0.180207,1,0
8.19336,0.302734,0.99429,-5.51559e-08,0.180207,1,0
8.21289,0.166016,1.0007,-3.55882e-08,0.178256,1,0
8.21289,0.185547,1.00066,-4.06752e-08,0.178256,1,0
8.23242,0.166016,1.0007,-3.83805e-08,0.176305,1,0
8.23242,0.185547,1.00066,-4.36206e-08,0.176305,1,0
8.21289,0.205078,1.00057,-4.55583e-08,0.178256,1,0
8.21289,0.224609,1.00037,-4.99954e-08,0.178256,1,0
8.23242,0.205078,1.00057,-4.86254e-08,0.176305,1,0
8.23242,0.224609,1.00037,-5.31559e-08,0.176305,1,0
8.25195,0.166016,1.0007,-4.1467e-08,0.174354,1,0
8.25195,0.185547,1.00066,-4.68802e-08,0.174354,1,0
8.27148,0.166016,1.0007,-4.48771e-08,0.172402,1,0
8.27148,0.185547,1.00066,-5.04856e-08,0.172402,1,0
8.25195,0.205078,1.00057,-5.20238e-08,0.174354,1,0
8.25195,0.224609,1.00037,-5.66617e-08,0.174354,1,0
8.27148,0.205078,1.00057,-5.57866e-08,0.172402,1,0
8.27148,0.224609,1.00037,-6.05475e-08,0.172402,1,0
8.21289,0.244141,0.999958,-5.3715e-08,0.178256,1,0
8.21289,0.263672,0.999115,-5.64589e-08,0.178256,1,0
8.23242,0.244141,0.999958,-5.69411e-08,0.176305,1,0
8.23242,0.263672,0.999115,-5.97249e-08,0.176305,1,0
8.21289,0.283203,0.997453,-5.79818e-08,0.178256,1,0
8.21289,0.302734,0.99429,-5.80936e-08,0.178256,1,0
8.23242,0.283203,0.997453,-6.12626e-08,0.176305,1,0
8.23242,0.302734,0.99429,-6.13644e-08,0.176305,1,0
8.25195,0.244141,0.999958,-6.05232e-08,0.174354,1,0
8.25195,0.263672,0.999115,-6.33541e-08,0.174354,1,0
8.27148,0.244141,0.999958,-6.44971e-08,0.172402,1,0
8.27148,0.263672,0.999115,-6.7383e-08,0.172402,1,0
8.25195,0.283203,0.997453,-6.49102e-08,0.174354,1,0
8.25195,0.302734,0.99429,-6.50018e-08,0.174354,1,0
8.27148,0.283203,0.997453,-6.89614e-08,0.172402,1,0
8.27148,0.302734,0.99429,-6.90424e-08,0.172402,1,0
8.29102,0.00976562,1.00073,-6.23657e-09,0.170451,1,0
8.29102,0.0292969,1.00073,-1.26944e-08,0.170451,1,0
8.31055,0.00976562,1.00073,-6.919e-09,0.1685,1,0
8.31055,0.0292969,1.00073,-1.41015e-08,0.1685,1,0
8.29102,0.0488281,1.00073,-1.61728e-08,0.170451,1,0
8.29102,0.0683594,1.00073,-2.12698e-08,0.170451,1,0
8.31055,0.0488281,1.00073,-1.79797e-08,0.1685,1,0
8.31055,0.0683594,1.00073,-2.36031e-08,0.1685,1,0
8.33008,0.00976562,1.00073,-7.66883e-09,0.166548,1,0
8.33008,0.0292969,1.00073,-1.5648e-08,0.166548,1,0
8.34961,0.00976562,1.00073,-8.49282e-09,0.164597,1,0
8.34961,0.0292969,1.00073,-1.73479e-08,0.164597,1,0
8.33008,0.0488281,1.00073,-1.99661e-08,0.166548,1,0
8.33008,0.0683594,1.00073,-2.61695e-08,0.166548,1,0
8.34961,0.0488281,1.00073,-2.21503e-08,0.164597,1,0
8.34961,0.0683594,1.00073,-2.89922e-08,0.164597,1,0
8.29102,0.0878906,1.00073,-2.59273e-08,0.170451,1,0
8.29102,0.107422,1.00072,-3.13315e-08,0.170451,1,0
8.31055,0.0878906,1.00073,-2.86757e-08,0.1685,1,0
8.31055,0.107422,1.00072,-3.45042e-08,0.1685,1,0
8.29102,0.126953,1.00072,-3.6863e-08,0.170451,1,0
8.29102,0.146484,1.00071,-4.27357e-08,0.170451,1,0
8.31055,0.126953,1.00072,-4.03994e-08,0.1685,1,0
8.31055,0.146484,1.00071,-4.66073e-08,0.1685,1,0
8.33008,0.0878906,1.00073,-3.17002e-08,0.166548,1,0
8.33008,0.107422,1.00072,-3.79979e-08,0.166548,1,0
8.34961,0.0878906,1.00073,-3.50285e-08,0.164597,1,0
8.34961,0.107422,1.00072,-4.18448e-08,0.164597,1,0
8.33008,0.126953,1.00072,-4.42963e-08,0.166548,1,0
8.33008,0.146484,1.00071,-5.0877e-08,0.166548,1,0
8.34961,0.126953,1.00072,-4.859e-08,0.164597,1,0
8.34961,0.146484,1.00071,-5.55847e-08,0.164597,1,0
8.36914,0.00976562,1.00073,-9.39842e-09,0.162646,1,0
8.36914,0.0292969,1.00073,-1.92164e-08,0.162646,1,0
8.38867,0.00976562,1.00073,-1.03939e-08,0.160694,1,0
8.38867,0.0292969,1.00073,-2.12707e-08,0.160694,1,0
8.36914,0.0488281,1.00073,-2.45519e-08,0.162646,1,0
8.36914,0.0683594,1.00073,-3.20972e-08,0.162646,1,0
8.38867,0.0488281,1.00073,-2.7193e-08,0.160694,1,0
8.38867,0.0683594,1.00073,-3.55128e-08,0.160694,1,0
8.4082,0.00976562,1.00073,-1.14882e-08,0.158743,1,0
8.4082,0.0292969,1.00073,-2.35293e-08,0.158743,1,0
8.42773,0.00976562,1.00073,-1.26913e-08,0.156792,1,0
8.42773,0.0292969,1.00073,-2.6013e-08,0.156792,1,0
8.4082,0.0488281,1.00073,-3.00976e-08,0.158743,1,0
8.4082,0.0683594,1.00073,-3.92703e-08,0.158743,1,0
8.42773,0.0488281,1.00073,-3.32922e-08,0.156792,1,0
8.42773,0.0683594,1.00073,-4.34042e-08,0.156792,1,0
8.36914,0.0878906,1.00073,-3.86914e-08,0.162646,1,0
8.36914,0.107422,1.00072,-4.60804e-08,0.162646,1,0
8.38867,0.0878906,1.00073,-4.27224e-08,0.160694,1,0
8.38867,0.107422,1.00072,-5.07441e-08,0.160694,1,0
8.36914,0.126953,1.00072,-5.33204e-08,0.162646,1,0
8.36914,0.146484,1.00071,-6.07746e-08,0.162646,1,0
8.38867,0.126953,1.00072,-5.85317e-08,0.160694,1,0
8.38867,0.146484,1.00071,-6.64953e-08,0.160694,1,0
8.4082,0.0878906,1.00073,-4.71586e-08,0.158743,1,0
8.4082,0.107422,1.00072,-5.58788e-08,0.158743,1,0
8.42773,0.0878906,1.00073,-5.2041e-08,0.156792,1,0
8.42773,0.107422,1.00072,-6.15321e-08,0.156792,1,0
8.4082,0.126953,1.00072,-6.42723e-08,0.158743,1,0
8.4082,0.146484,1.00071,-7.28003e-08,0.158743,1,0
8.42773,0.126953,1.00072,-7.05955e-08,0.156792,1,0
8.42773,0.146484,1.00071,-7.97485e-08,0.156792,1,0
8.29102,0.166016,1.0007,-4.86433e-08,0.170451,1,0
8.29102,0.185547,1.00066,-5.44714e-08,0.170451,1,0
8.31055,0.166016,1.0007,-5.28013e-08,0.1685,1,0
8.31055,0.185547,1.00066,-5.88758e-08,0.1685,1,0
8.29102,0.205078,1.00057,-5.99506e-08,0.170451,1,0
8.29102,0.224609,1.00037,-6.48513e-08,0.170451,1,0
8.31055,0.205078,1.00057,-6.45559e-08,0.1685,1,0
8.31055,0.224609,1.00037,-6.96151e-08,0.1685,1,0
8.33008,0.166016,1.0007,-5.73905e-08,0.166548,1,0
8.33008,0.185547,1.00066,-6.37409e-08,0.166548,1,0
8.34961,0.166016,1.0007,-6.24542e-08,0.164597,1,0
8.34961,0.185547,1.00066,-6.91131e-08,0.164597,1,0
8.33008,0.205078,1.00057,-6.96469e-08,0.166548,1,0
8.33008,0.224609,1.00037,-7.48852e-08,0.166548,1,0
8.34961,0.205078,1.00057,-7.52724e-08,0.164597,1,0
8.34961,0.224609,1.00037,-8.07125e-08,0.164597,1,0
8.29102,0.244141,0.999958,-6.89019e-08,0.170451,1,0
8.29102,0.263672,0.999115,-7.18518e-08,0.170451,1,0
8.31055,0.244141,0.999958,-7.3781e-08,0.1685,1,0
8.31055,0.263672,0.999115,-7.68045e-08,0.1685,1,0
8.29102,0.283203,0.997453,-7.34568e-08,0.170451,1,0
8.29102,0.302734,0.99429,-7.35268e-08,0.170451,1,0
8.31055,0.283203,0.997453,-7.8441e-08,0.1685,1,0
8.31055,0.302734,0.99429,-7.84996e-08,0.1685,1,0
8.33008,0.244141,0.999958,-7.91821e-08,0.166548,1,0
8.33008,0.263672,0.999115,-8.22899e-08,0.166548,1,0
8.34961,0.244141,0.999958,-8.51576e-08,0.164597,1,0
8.34961,0.263672,0.999115,-8.83616e-08,0.164597,1,0
8.33008,0.283203,0.997453,-8.39632e-08,0.166548,1,0
8.33008,0.302734,0.99429,-8.401e-08,0.166548,1,0
8.34961,0.283203,0.997453,-9.00774e-08,0.164597,1,0
8.34961,0.302734,0.99429,-9.0112e-08,0.164597,1,0
8.36914,0.166016,1.0007,-6.80403e-08,0.162646,1,0
8.36914,0.185547,1.00066,-7.50433e-08,0.162646,1,0
8.38867,0.166016,1.0007,-7.42014e-08,0.160694,1,0
8.38867,0.185547,1.00066,-8.15878e-08,0.160694,1,0
8.36914,0.205078,1.00057,-8.14864e-08,0.162646,1,0
8.36914,0.224609,1.00037,-8.71531e-08,0.162646,1,0
8.38867,0.205078,1.00057,-8.83481e-08,0.160694,1,0
8.38867,0.224609,1.00037,-9.42688e-08,0.160694,1,0
8.4082,0.166016,1.0007,-8.09955e-08,0.158743,1,0
8.4082,0.185547,1.00066,-8.88086e-08,0.158743,1,0
8.42773,0.166016,1.0007,-8.84863e-08,0.156792,1,0
8.42773,0.185547,1.00066,-9.67738e-08,0.156792,1,0
8.4082,0.205078,1.00057,-9.59227e-08,0.158743,1,0
8.4082,0.224609,1.00037,-1.02128e-07,0.158743,1,0
8.42773,0.205078,1.00057,-1.04282e-07,0.156792,1,0
8.42773,0.224609,1.00037,-1.10805e-07,0.156792,1,0
8.36914,0.244141,0.999958,-9.17656e-08,0.162646,1,0
8.36914,0.263672,0.999115,-9.50785e-08,0.162646,1,0
8.38867,0.244141,0.999958,-9.90695e-08,0.160694,1,0
8.38867,0.263672,0.999115,-1.02506e-07,0.160694,1,0
8.36914,0.283203,0.997453,-9.68434e-08,0.162646,1,0
8.36914,0.302734,0.99429,-9.68652e-08,0.162646,1,0
8.38867,0.283203,0.997453,-1.04327e-07,0.160694,1,0
8.38867,0.302734,0.99429,-1.04335e-07,0.160694,1,0
8.4082,0.244141,0.999958,-1.0714e-07,0.158743,1,0
8.4082,0.263672,0.999115,-1.10715e-07,0.158743,1,0
8.42773,0.244141,0.999958,-1.16053e-07,0.156792,1,0
8.42773,0.263672,0.999115,-1.19785e-07,0.156792,1,0
8.4082,0.283203,0.997453,-1.126e-07,0.158743,1,0
8.4082,0.302734,0.99429,-1.12594e-07,0.158743,1,0
8.42773,0.283203,0.997453,-1.21742e-07,0.156792,1,0
8.42773,0.302734,0.99429,-1.21722e-07,0.156792,1,0
8.13477,0.322266,0.988481,-4.67336e-08,0.186061,1,0
8.13477,0.341797,0.978179,-4.39637e-08,0.186061,1,0
8.1543,0.322266,0.988481,-4.88207e-08,0.18411,1,0
8.1543,0.341797,0.978179,-4.60121e-08,0.18411,1,0
8.13477,0.361328,0.960541,-3.98621e-08,0.186061,1,0
8.13477,0.380859,0.931384,-3.47441e-08,0.186061,1,0
8.1543,0.361328,0.960541,-4.18476e-08,0.18411,1,0
8.1543,0.380859,0.931384,-3.66268e-08,0.18411,1,0
8.17383,0.322266,0.988481,-5.11548e-08,0.182159,1,0
8.17383,0.341797,0.978179,-4.83011e-08,0.182159,1,0
8.19336,0.322266,0.988481,-5.37606e-08,0.180207,1,0
8.19336,0.341797,0.978179,-5.08545e-08,0.180207,1,0
8.17383,0.361328,0.960541,-4.4063e-08,0.182159,1,0
8.17383,0.380859,0.931384,-3.87373e-08,0.182159,1,0
8.19336,0.361328,0.960541,-4.65313e-08,0.180207,1,0
8.19336,0.380859,0.931384,-4.10713e-08,0.180207,1,0
8.13477,0.400391,0.884835,-2.88741e-08,0.186061,1,0
8.13477,0.419922,0.813019,-2.27672e-08,0.186061,1,0
8.1543,0.400391,0.884835,-3.06394e-08,0.18411,1,0
8.1543,0.419922,0.813019,-2.42667e-08,0.18411,1,0
8.13477,0.439453,0.705881,-1.63697e-08,0.186061,1,0
8.13477,0.458984,0.551177,-1.01556e-08,0.186061,1,0
8.1543,0.439453,0.705881,-1.75797e-08,0.18411,1,0
8.1543,0.458984,0.551177,-1.10247e-08,0.18411,1,0
8.17383,0.400391,0.884835,-3.25478e-08,0.182159,1,0
8.17383,0.419922,0.813019,-2.59897e-08,0.182159,1,0
8.19336,0.400391,0.884835,-3.4721e-08,0.180208,1,0
8.19336,0.419922,0.813019,-2.78387e-08,0.180208,1,0
8.17383,0.439453,0.705881,-1.89393e-08,0.182159,1,0
8.17383,0.458984,0.551177,-1.1904e-08,0.182159,1,0
8.19336,0.439453,0.705881,-2.04227e-08,0.180208,1,0
8.19336,0.458984,0.551177,-1.29564e-08,0.180208,1,0
8.21289,0.322266,0.988481,-5.66653e-08,0.178256,1,0
8.21289,0.341797,0.978179,-5.3699e-08,0.178256,1,0
8.23242,0.322266,0.988481,-5.98989e-08,0.176305,1,0
8.23242,0.341797,0.978179,-5.68637e-08,0.176305,1,0
8.21289,0.361328,0.960541,-4.92781e-08,0.178256,1,0
8.21289,0.380859,0.931384,-4.36785e-08,0.178256,1,0
8.23242,0.361328,0.960541,-5.23311e-08,0.176305,1,0
8.23242,0.380859,0.931384,-4.65589e-08,0.176305,1,0
8.25195,0.322266,0.988481,-6.34943e-08,0.174354,1,0
8.25195,0.341797,0.978179,-6.03807e-08,0.174354,1,0
8.27148,0.322266,0.988481,-6.74878e-08,0.172402,1,0
8.27148,0.341797,0.978179,-6.42855e-08,0.172402,1,0
8.25195,0.361328,0.960541,-5.57211e-08,0.174354,1,0
8.25195,0.380859,0.931384,-4.97678e-08,0.174354,1,0
8.27148,0.361328,0.960541,-5.94821e-08,0.172402,1,0
8.27148,0.380859,0.931384,-5.331e-08,0.172402,1,0
8.21289,0.400391,0.884835,-3.70772e-08,0.178256,1,0
8.21289,0.419922,0.813019,-2.99474e-08,0.178256,1,0
8.23242,0.400391,0.884834,-3.97441e-08,0.176305,1,0
8.23242,0.419922,0.813019,-3.22197e-08,0.176305,1,0
8.21289,0.439453,0.705881,-2.20835e-08,0.178256,1,0
8.21289,0.458984,0.551177,-1.4036e-08,0.178256,1,0
8.23242,0.439453,0.705881,-2.3898e-08,0.176305,1,0
8.23242,0.458984,0.551177,-1.53103e-08,0.176305,1,0
8.25195,0.400391,0.884834,-4.26426e-08,0.174354,1,0
8.25195,0.419922,0.813019,-3.47956e-08,0.174354,1,0
8.27148,0.400391,0.884834,-4.59076e-08,0.172402,1,0
8.27148,0.419922,0.813019,-3.75809e-08,0.172402,1,0
8.25195,0.439453,0.705881,-2.59238e-08,0.174354,1,0
8.25195,0.458984,0.551177,-1.66326e-08,0.174354,1,0
8.27148,0.439453,0.705881,-2.81396e-08,0.172402,1,0
8.27148,0.458984,0.551177,-1.81758e-08,0.172402,1,0
8.13477,0.478516,0.334707,-3.736e-09,0.186061,1,0
8.13477,0.498047,0.0407917,1.42232e-09,0.186061,0.6,0
8.1543,0.478516,0.334707,-4.04635e-09,0.18411,1,0
8.1543,0.498047,0.0407917,1.57165e-09,0.18411,0.6,0
8.17383,0.478516,0.334707,-4.42767e-09,0.182159,1,0
8.17383,0.498047,0.0407917,1.71697e-09,0.182159,0.6,0
8.19336,0.478516,0.334707,-4.80815e-09,0.180208,1,0
8.19336,0.498047,0.0407917,1.8975e-09,0.180208,0.6,0
8.21289,0.478516,0.334707,-5.26736e-09,0.178256,1,0
8.21289,0.498047,0.0407917,2.07682e-09,0.178256,0.6,0
8.23242,0.478516,0.334707,-5.73281e-09,0.176305,1,0
8.23242,0.498047,0.0407917,2.29521e-09,0.176305,0.6,0
8.25195,0.478516,0.334706,-6.28631e-09,0.174354,1,0
8.25195,0.498047,0.0407917,2.51587e-09,0.174354,0.6,0
8.27148,0.478516,0.334706,-6.85477e-09,0.172402,1,0
8.27148,0.498047,0.0407917,2.78022e-09,0.172402,0.6,0
8.29102,0.322266,0.988481,-7.19196e-08,0.170451,1,0
8.29102,0.341797,0.978179,-6.86171e-08,0.170451,1,0
8.31055,0.322266,0.988481,-7.68336e-08,0.1685,1,0
8.31055,0.341797,0.978179,-7.34183e-08,0.1685,1,0
8.29102,0.361328,0.960541,-6.36513e-08,0.170451,1,0
8.29102,0.380859,0.931384,-5.72476e-08,0.170451,1,0
8.31055,0.361328,0.960541,-6.82699e-08,0.1685,1,0
8.31055,0.380859,0.931384,-6.15916e-08,0.1685,1,0
8.33008,0.322266,0.988481,-8.22783e-08,0.166548,1,0
8.33008,0.341797,0.978179,-7.87364e-08,0.166548,1,0
8.34961,0.322266,0.988481,-8.83072e-08,0.164597,1,0
8.34961,0.341797,0.978179,-8.46236e-08,0.164597,1,0
8.33008,0.361328,0.960541,-7.33831e-08,0.166548,1,0
8.33008,0.380859,0.931384,-6.64121e-08,0.166548,1,0
8.34961,0.361328,0.960541,-7.90407e-08,0.164597,1,0
8.34961,0.380859,0.931384,-7.17279e-08,0.164597,1,0
8.29102,0.400391,0.884834,-4.94634e-08,0.170451,1,0
8.29102,0.419922,0.813019,-4.07228e-08,0.170451,1,0
8.31055,0.400391,0.884834,-5.3453e-08,0.1685,1,0
8.31055,0.419922,0.813019,-4.41299e-08,0.1685,1,0
8.29102,0.439453,0.705881,-3.06076e-08,0.170451,1,0
8.29102,0.458984,0.551176,-1.97924e-08,0.170451,1,0
8.31055,0.439453,0.705881,-3.33098e-08,0.1685,1,0
8.31055,0.458984,0.551176,-2.16612e-08,0.1685,1,0
8.33008,0.400391,0.884834,-5.78053e-08,0.166548,1,0
8.33008,0.419922,0.813019,-4.79575e-08,0.166548,1,0
8.34961,0.400391,0.884834,-6.26728e-08,0.164597,1,0
8.34961,0.419922,0.813019,-5.21184e-08,0.164597,1,0
8.33008,0.439453,0.705881,-3.63138e-08,0.166548,1,0
8.33008,0.458984,0.551176,-2.36347e-08,0.166548,1,0
8.34961,0.439453,0.705881,-3.96056e-08,0.164597,1,0
8.34961,0.458984,0.551176,-2.58981e-08,0.164597,1,0
8.36914,0.322266,0.988481,-9.49792e-08,0.162646,1,0
8.36914,0.341797,0.978179,-9.11372e-08,0.162646,1,0
8.38867,0.322266,0.988481,-1.02359e-07,0.160694,1,0
8.38867,0.341797,0.978179,-9.83402e-08,0.160694,1,0
8.36914,0.361328,0.960541,-8.52977e-08,0.162646,1,0
8.36914,0.380859,0.931384,-7.76183e-08,0.162646,1,0
8.38867,0.361328,0.960541,-9.22145e-08,0.160694,1,0
8.38867,0.380859,0.931384,-8.41116e-08,0.160694,1,0
8.4082,0.322266,0.988481,-1.10518e-07,0.158743,1,0
8.4082,0.341797,0.978179,-1.06302e-07,0.158743,1,0
8.42773,0.322266,0.988481,-1.19535e-07,0.156792,1,0
8.42773,0.341797,0.978179,-1.151e-07,0.156792,1,0
8.4082,0.361328,0.960541,-9.98576e-08,0.158743,1,0
8.4082,0.380859,0.931384,-9.12988e-08,0.158743,1,0
8.42773,0.361328,0.960541,-1.083e-07,0.156792,1,0
8.42773,0.380859,0.931384,-9.92194e-08,0.156792,1,0
8.36914,0.400391,0.884834,-6.79905e-08,0.162646,1,0
8.36914,0.419922,0.813019,-5.67771e-08,0.162646,1,0
8.38867,0.400391,0.884834,-7.39222e-08,0.160694,1,0
8.38867,0.419922,0.813019,-6.18517e-08,0.160694,1,0
8.36914,0.439453,0.705881,-4.32592e-08,0.162646,1,0
8.36914,0.458984,0.551176,-2.83042e-08,0.162646,1,0
8.38867,0.439453,0.705881,-4.72659e-08,0.160694,1,0
8.38867,0.458984,0.551176,-3.10457e-08,0.160694,1,0
8.4082,0.400391,0.884834,-8.04102e-08,0.158743,1,0
8.4082,0.419922,0.813019,-6.75179e-08,0.158743,1,0
8.42773,0.400391,0.884834,-8.76316e-08,0.156792,1,0
8.42773,0.419922,0.813019,-7.37003e-08,0.156792,1,0
8.4082,0.439453,0.705881,-5.17069e-08,0.158743,1,0
8.4082,0.458984,0.551176,-3.39765e-08,0.158743,1,0
8.42773,0.439453,0.705881,-5.65801e-08,0.156792,1,0
8.42773,0.458984,0.551176,-3.72974e-08,0.156792,1,0
8.29102,0.478516,0.334706,-7.52242e-09,0.170451,1,0
8.29102,0.498047,0.0407917,3.05114e-09,0.170451,0.6,0
8.31055,0.478516,0.334706,-8.21575e-09,0.1685,1,0
8.31055,0.498047,0.0407916,3.37128e-09,0.1685,0.6,0
8.33008,0.478516,0.334706,-9.02163e-09,0.166548,1,0
8.33008,0.498047,0.0407916,3.70329e-09,0.166548,0.6,0
8.34961,0.478516,0.334706,-9.8663e-09,0.164597,1,0
8.34961,0.498047,0.0407916,4.09118e-09,0.164597,0.6,0
8.36914,0.478516,0.334706,-1.08396e-08,0.162646,1,0
8.36914,0.498047,0.0407916,4.49744e-09,0.162646,0.6,0
8.38867,0.478516,0.334706,-1.18677e-08,0.160694,1,0
8.38867,0.498047,0.0407916,4.96759e-09,0.160694,0.6,0
8.4082,0.478516,0.334706,-1.30437e-08,0.158743,1,0
8.4082,0.498047,0.0407916,5.46407e-09,0.158743,0.6,0
8.42773,0.478516,0.334706,-1.42941e-08,0.156792,1,0
8.42773,0.498047,0.0407916,6.03409e-09,0.156792,0.6,0
8.44727,0.00976562,1.00073,-1.40141e-08,0.15484,1,0
8.44727,0.0292969,1.00073,-2.87441e-08,0.15484,1,0
8.4668,0.00976562,1.00073,-1.54687e-08,0.152889,1,0
8.4668,0.0292969,1.00073,-3.17478e-08,0.152889,1,0
8.44727,0.0488281,1.00073,-3.68062e-08,0.15484,1,0
8.44727,0.0683594,1.00073,-4.79523e-08,0.15484,1,0
8.4668,0.0488281,1.00073,-4.06715e-08,0.152889,1,0
8.4668,0.0683594,1.00073,-5.29564e-08,0.152889,1,0
8.48633,0.00976562,1.00073,-1.70682e-08,0.150938,1,0
8.48633,0.0292969,1.00073,-3.50513e-08,0.150938,1,0
8.50586,0.00976562,1.00073,-1.88274e-08,0.148986,1,0
8.50586,0.0292969,1.00073,-3.8685e-08,0.148986,1,0
8.48633,0.0488281,1.00073,-4.49236e-08,0.150938,1,0
8.48633,0.0683594,1.00073,-5.84624e-08,0.150938,1,0
8.50586,0.0488281,1.00073,-4.96015e-08,0.148986,1,0
8.50586,0.0683594,1.00073,-6.45209e-08,0.148986,1,0
8.44727,0.0878906,1.00073,-5.74145e-08,0.15484,1,0
8.44727,0.107422,1.00072,-6.77562e-08,0.15484,1,0
8.4668,0.0878906,1.00073,-6.33285e-08,0.152889,1,0
8.4668,0.107422,1.00072,-7.46087e-08,0.152889,1,0
8.44727,0.126953,1.00072,-7.756e-08,0.15484,1,0
8.44727,0.146484,1.00071,-8.74046e-08,0.15484,1,0
8.4668,0.126953,1.00072,-8.52304e-08,0.152889,1,0
8.4668,0.146484,1.00071,-9.58401e-08,0.152889,1,0
8.48633,0.0878906,1.00073,-6.98374e-08,0.150938,1,0
8.48633,0.107422,1.00072,-8.21528e-08,0.150938,1,0
8.50586,0.0878906,1.00073,-7.70012e-08,0.148986,1,0
8.50586,0.107422,1.00072,-9.04581e-08,0.148986,1,0
8.48633,0.126953,1.00072,-9.36779e-08,0.150938,1,0
8.48633,0.146484,1.00071,-1.05133e-07,0.150938,1,0
8.50586,0.126953,1.00072,-1.02981e-07,0.148986,1,0
8.50586,0.146484,1.00071,-1.15371e-07,0.148986,1,0
8.52539,0.00976562,1.00073,-2.07622e-08,0.147035,1,0
8.52539,0.0292969,1.00073,-4.2682e-08,0.147035,1,0
8.54492,0.00976562,1.00073,-2.28905e-08,0.145084,1,0
8.54492,0.0292969,1.00073,-4.7079e-08,0.145084,1,0
8.52539,0.0488281,1.00073,-5.4748e-08,0.147035,1,0
8.52539,0.0683594,1.00073,-7.11873e-08,0.147035,1,0
8.54492,0.0488281,1.00073,-6.04103e-08,0.145084,1,0
8.54492,0.0683594,1.00073,-7.85231e-08,0.145084,1,0
8.56445,0.00976562,1.00073,-2.52318e-08,0.143132,1,0
8.56445,0.0292969,1.00073,-5.19164e-08,0.143132,1,0
8.58398,0.00976562,1.00073,-2.78075e-08,0.141181,1,0
8.58398,0.0292969,1.00073,-5.72385e-08,0.141181,1,0
8.56445,0.0488281,1.00073,-6.66403e-08,0.143132,1,0
8.56445,0.0683594,1.00073,-8.65954e-08,0.143132,1,0
8.58398,0.0488281,1.00073,-7.34953e-08,0.141181,1,0
8.58398,0.0683594,1.00073,-9.54785e-08,0.141181,1,0
8.52539,0.0878906,1.00073,-8.48858e-08,0.147035,1,0
8.52539,0.107422,1.00072,-9.96013e-08,0.147035,1,0
8.54492,0.0878906,1.00073,-9.35637e-08,0.145084,1,0
8.54492,0.107422,1.00072,-1.09667e-07,0.145084,1,0
8.52539,0.126953,1.00072,-1.13225e-07,0.147035,1,0
8.52539,0.146484,1.00071,-1.26648e-07,0.147035,1,0
8.54492,0.126953,1.00072,-1.24505e-07,0.145084,1,0
8.54492,0.146484,1.00071,-1.39068e-07,0.145084,1,0
8.56445,0.0878906,1.00073,-1.03115e-07,0.143132,1,0
8.56445,0.107422,1.00072,-1.20747e-07,0.143132,1,0
8.58398,0.0878906,1.00073,-1.13627e-07,0.141181,1,0
8.58398,0.107422,1.00072,-1.32944e-07,0.141181,1,0
8.56445,0.126953,1.00072,-1.36926e-07,0.143132,1,0
8.56445,0.146484,1.00071,-1.52748e-07,0.143132,1,0
8.58398,0.126953,1.00072,-1.50601e-07,0.141181,1,0
8.58398,0.146484,1.00071,-1.67813e-07,0.141181,1,0
8.44727,0.166016,1.0007,-9.67441e-08,0.15484,1,0
8.44727,0.185547,1.00066,-1.05558e-07,0.15484,1,0
8.4668,0.166016,1.0007,-1.05846e-07,0.152889,1,0
8.4668,0.185547,1.00066,-1.15245e-07,0.152889,1,0
8.44727,0.205078,1.00057,-1.13505e-07,0.15484,1,0
8.44727,0.224609,1.00037,-1.20382e-07,0.15484,1,0
8.4668,0.205078,1.00057,-1.2368e-07,0.152889,1,0
8.4668,0.224609,1.00037,-1.3095e-07,0.152889,1,0
8.48633,0.166016,1.0007,-1.15877e-07,0.150938,1,0
8.48633,0.185547,1.00066,-1.25924e-07,0.150938,1,0
8.50586,0.166016,1.0007,-1.26932e-07,0.148986,1,0
8.50586,0.185547,1.00066,-1.37697e-07,0.148986,1,0
8.48633,0.205078,1.00057,-1.34901e-07,0.150938,1,0
8.48633,0.224609,1.00037,-1.4261e-07,0.150938,1,0
8.50586,0.205078,1.00057,-1.47274e-07,0.148986,1,0
8.50586,0.224609,1.00037,-1.55471e-07,0.148986,1,0
8.44727,0.244141,0.999958,-1.25895e-07,0.15484,1,0
8.44727,0.263672,0.999115,-1.29802e-07,0.15484,1,0
8.4668,0.244141,0.999958,-1.36759e-07,0.152889,1,0
8.4668,0.263672,0.999115,-1.40862e-07,0.152889,1,0
8.44727,0.283203,0.997453,-1.31841e-07,0.15484,1,0
8.44727,0.302734,0.99429,-1.31806e-07,0.15484,1,0
8.4668,0.283203,0.997453,-1.42993e-07,0.152889,1,0
8.4668,0.302734,0.99429,-1.42943e-07,0.152889,1,0
8.48633,0.244141,0.999958,-1.48748e-07,0.150938,1,0
8.48633,0.263672,0.999115,-1.5307e-07,0.150938,1,0
8.50586,0.244141,0.999958,-1.61975e-07,0.148986,1,0
8.50586,0.263672,0.999115,-1.66542e-07,0.148987,1,0
8.48633,0.283203,0.997453,-1.55305e-07,0.150938,1,0
8.48633,0.302734,0.99429,-1.55239e-07,0.150938,1,0
8.50586,0.283203,0.997453,-1.68894e-07,0.148987,1,0
8.50586,0.302734,0.99429,-1.6881e-07,0.148987,1,0
8.52539,0.166016,1.0007,-1.39112e-07,0.147035,1,0
8.52539,0.185547,1.00066,-1.50672e-07,0.147035,1,0
8.54492,0.166016,1.0007,-1.52531e-07,0.145084,1,0
8.54492,0.185547,1.00066,-1.64971e-07,0.145084,1,0
8.52539,0.205078,1.00057,-1.60916e-07,0.147035,1,0
8.52539,0.224609,1.00037,-1.69654e-07,0.147035,1,0
8.54492,0.205078,1.00057,-1.75953e-07,0.145084,1,0
8.54492,0.224609,1.00037,-1.85292e-07,0.145084,1,0
8.56445,0.166016,1.0007,-1.67314e-07,0.143133,1,0
8.56445,0.185547,1.00066,-1.80728e-07,0.143133,1,0
8.58398,0.166016,1.0007,-1.83599e-07,0.141181,1,0
8.58398,0.185547,1.00066,-1.98089e-07,0.141181,1,0
8.56445,0.205078,1.00057,-1.92528e-07,0.143133,1,0
8.56445,0.224609,1.00037,-2.02531e-07,0.143133,1,0
8.58398,0.205078,1.00057,-2.10794e-07,0.141181,1,0
8.58398,0.224609,1.00037,-2.21535e-07,0.141181,1,0
8.52539,0.244141,0.999958,-1.76565e-07,0.147035,1,0
8.52539,0.263672,0.999115,-1.81405e-07,0.147035,1,0
8.54492,0.244141,0.999958,-1.92656e-07,0.145084,1,0
8.54492,0.263672,0.999115,-1.97799e-07,0.145084,1,0
8.52539,0.283203,0.997453,-1.83887e-07,0.147035,1,0
8.52539,0.302734,0.99429,-1.83785e-07,0.147035,1,0
8.54492,0.283203,0.997453,-2.00428e-07,0.145084,1,0
8.54492,0.302734,0.99429,-2.00307e-07,0.145084,1,0
8.56445,0.244141,0.999958,-2.10399e-07,0.143133,1,0
8.56445,0.263672,0.999115,-2.15879e-07,0.143133,1,0
8.58398,0.244141,0.999958,-2.2996e-07,0.141181,1,0
8.58398,0.263672,0.999115,-2.35816e-07,0.141181,1,0
8.56445,0.283203,0.997453,-2.18672e-07,0.143133,1,0
8.56445,0.302734,0.99429,-2.18531e-07,0.143133,1,0
8.58398,0.283203,0.997453,-2.3879e-07,0.141181,1,0
8.58398,0.302734,0.99429,-2.38629e-07,0.141181,1,0
8.60352,0.00976562,1.00073,-3.06414e-08,0.13923,1,0
8.60352,0.0292969,1.00073,-6.30941e-08,0.13923,1,0
8.62305,0.00976562,1.00073,-3.37594e-08,0.137278,1,0
8.62305,0.0292969,1.00073,-6.95371e-08,0.137278,1,0
8.60352,0.0488281,1.00073,-8.1038e-08,0.13923,1,0
8.60352,0.0683594,1.00073,-1.05254e-07,0.13923,1,0
8.62305,0.0488281,1.00073,-8.93377e-08,0.137278,1,0
8.62305,0.0683594,1.00073,-1.16012e-07,0.137278,1,0
8.64258,0.00976562,1.00073,-3.719e-08,0.135327,1,0
8.64258,0.0292969,1.00073,-7.66264e-08,0.135327,1,0
8.66211,0.00976562,1.00073,-4.09649e-08,0.133376,1,0
8.66211,0.0292969,1.00073,-8.44272e-08,0.133376,1,0
8.64258,0.0488281,1.00073,-9.84707e-08,0.135327,1,0
8.64258,0.0683594,1.00073,-1.2785e-07,0.135327,1,0
8.66211,0.0488281,1.00073,-1.08521e-07,0.133376,1,0
8.66211,0.0683594,1.00073,-1.40879e-07,0.133376,1,0
8.60352,0.0878906,1.00073,-1.25196e-07,0.13923,1,0
8.60352,0.107422,1.00072,-1.46371e-07,0.13923,1,0
8.62305,0.0878906,1.00073,-1.3793e-07,0.137278,1,0
8.62305,0.107422,1.00072,-1.61152e-07,0.137279,1,0
8.60352,0.126953,1.00072,-1.65659e-07,0.13923,1,0
8.60352,0.146484,1.00071,-1.84404e-07,0.13923,1,0
8.62305,0.126953,1.00072,-1.82236e-07,0.137279,1,0
8.62305,0.146484,1.00071,-2.02673e-07,0.137279,1,0
8.64258,0.0878906,1.00073,-1.51945e-07,0.135327,1,0
8.64258,0.107422,1.00072,-1.77422e-07,0.135327,1,0
8.66211,0.0878906,1.00073,-1.67371e-07,0.133376,1,0
8.66211,0.107422,1.00072,-1.95331e-07,0.133376,1,0
8.64258,0.126953,1.00072,-2.00488e-07,0.135327,1,0
8.64258,0.146484,1.00071,-2.2279e-07,0.135327,1,0
8.66211,0.126953,1.00072,-2.20581e-07,0.133376,1,0
8.66211,0.146484,1.00072,-2.44941e-07,0.133376,1,0
8.68164,0.00976562,1.00073,-4.51186e-08,0.131424,1,0
8.68164,0.0292969,1.00073,-9.3011e-08,0.131424,1,0
8.70117,0.00976562,1.00073,-4.96893e-08,0.129473,1,0
8.70117,0.0292969,1.00073,-1.02457e-07,0.129473,1,0
8.68164,0.0488281,1.00073,-1.1958e-07,0.131424,1,0
8.68164,0.0683594,1.00073,-1.55217e-07,0.131425,1,0
8.70117,0.0488281,1.00073,-1.31751e-07,0.129473,1,0
8.70117,0.0683594,1.00073,-1.70997e-07,0.129473,1,0
8.7207,0.00976562,1.00073,-5.47191e-08,0.127522,1,0
8.7207,0.0292969,1.00073,-1.12851e-07,0.127522,1,0
8.74023,0.00976562,1.00073,-6.02541e-08,0.12557,1,0
8.74023,0.0292969,1.00073,-1.2429e-07,0.12557,1,0
8.7207,0.0488281,1.00073,-1.45144e-07,0.127522,1,0
8.7207,0.0683594,1.00073,-1.88363e-07,0.127522,1,0
8.74023,0.0488281,1.00073,-1.59883e-07,0.125571,1,0
8.74023,0.0683594,1.00073,-2.07475e-07,0.125571,1,0
8.68164,0.0878906,1.00073,-1.84349e-07,0.131425,1,0
8.68164,0.107422,1.00073,-2.15045e-07,0.131425,1,0
8.70117,0.0878906,1.00073,-2.03035e-07,0.129473,1,0
8.70117,0.107422,1.00073,-2.36745e-07,0.129473,1,0
8.68164,0.126953,1.00072,-2.42703e-07,0.131425,1,0
8.68164,0.146484,1.00072,-2.69331e-07,0.131425,1,0
8.70117,0.126953,1.00072,-2.67056e-07,0.129473,1,0
8.70117,0.146484,1.00072,-2.96185e-07,0.129473,1,0
8.7207,0.0878906,1.00073,-2.23602e-07,0.127522,1,0
8.7207,0.107422,1.00073,-2.60631e-07,0.127522,1,0
8.74023,0.0878906,1.00073,-2.46238e-07,0.125571,1,0
8.74023,0.107422,1.00073,-2.86923e-07,0.125571,1,0
8.7207,0.126953,1.00072,-2.93865e-07,0.127522,1,0
8.7207,0.146484,1.00072,-3.25751e-07,0.127522,1,0
8.74023,0.126953,1.00072,-3.23377e-07,0.125571,1,0
8.74023,0.146484,1.00072,-3.58302e-07,0.125571,1,0
8.60352,0.166016,1.0007,-2.01536e-07,0.13923,1,0
8.60352,0.185547,1.00066,-2.17215e-07,0.13923,1,0
8.62305,0.166016,1.0007,-2.21292e-07,0.137279,1,0
8.62305,0.185547,1.00066,-2.38285e-07,0.137279,1,0
8.60352,0.205078,1.00057,-2.30921e-07,0.13923,1,0
8.60352,0.224609,1.00037,-2.42479e-07,0.13923,1,0
8.62305,0.205078,1.00057,-2.53099e-07,0.137279,1,0
8.62305,0.224609,1.00037,-2.6556e-07,0.137279,1,0
8.64258,0.166016,1.0007,-2.4305e-07,0.135327,1,0
8.64258,0.185547,1.00066,-2.61495e-07,0.135327,1,0
8.66211,0.166016,1.0007,-2.67012e-07,0.133376,1,0
8.66211,0.185547,1.00066,-2.87059e-07,0.133376,1,0
8.64258,0.205078,1.00057,-2.77532e-07,0.135327,1,0
8.64258,0.224609,1.00037,-2.90993e-07,0.135327,1,0
8.66211,0.205078,1.00057,-3.04449e-07,0.133376,1,0
8.66211,0.224609,1.00037,-3.19016e-07,0.133376,1,0
8.60352,0.244141,0.999958,-2.51523e-07,0.13923,1,0
8.60352,0.263672,0.999115,-2.57795e-07,0.13923,1,0
8.62305,0.244141,0.999958,-2.75289e-07,0.137279,1,0
8.62305,0.263672,0.999115,-2.82024e-07,0.137279,1,0
8.60352,0.283203,0.997453,-2.60973e-07,0.13923,1,0
8.60352,0.302734,0.99429,-2.60791e-07,0.13923,1,0
8.62305,0.283203,0.997453,-2.85428e-07,0.137279,1,0
8.62305,0.302734,0.99429,-2.85223e-07,0.137279,1,0
8.64258,0.244141,0.999958,-3.01481e-07,0.135327,1,0
8.64258,0.263672,0.999115,-3.08728e-07,0.135327,1,0
8.66211,0.244141,0.999958,-3.30343e-07,0.133376,1,0
8.66211,0.263672,0.999115,-3.38159e-07,0.133376,1,0
8.64258,0.283203,0.997453,-3.12384e-07,0.135327,1,0
8.64258,0.302734,0.99429,-3.12157e-07,0.135327,1,0
8.66211,0.283203,0.997453,-3.42095e-07,0.133376,1,0
8.66211,0.302734,0.99429,-3.41843e-07,0.133376,1,0
8.68164,0.166016,1.0007,-2.934e-07,0.131425,1,0
8.68164,0.185547,1.00066,-3.15216e-07,0.131425,1,0
8.70117,0.166016,1.0007,-3.22457e-07,0.129473,1,0
8.70117,0.185547,1.00066,-3.46226e-07,0.129473,1,0
8.68164,0.205078,1.00057,-3.34099e-07,0.131425,1,0
8.68164,0.224609,1.00037,-3.49888e-07,0.131425,1,0
8.70117,0.205078,1.00057,-3.66759e-07,0.129473,1,0
8.70117,0.224609,1.00037,-3.83898e-07,0.129473,1,0
8.7207,0.166016,1.0007,-3.54453e-07,0.127522,1,0
8.7207,0.185547,1.00066,-3.80376e-07,0.127522,1,0
8.74023,0.166016,1.0007,-3.89684e-07,0.125571,1,0
8.74023,0.185547,1.00066,-4.17984e-07,0.125571,1,0
8.7207,0.205078,1.00057,-4.0273e-07,0.127522,1,0
8.7207,0.224609,1.00037,-4.21362e-07,0.127522,1,0
8.74023,0.205078,1.00057,-4.42347e-07,0.125571,1,0
8.74023,0.224609,1.00037,-4.62626e-07,0.125571,1,0
8.68164,0.244141,0.999958,-3.62145e-07,0.131425,1,0
8.68164,0.263672,0.999115,-3.7059e-07,0.131425,1,0
8.70117,0.244141,0.999958,-3.97183e-07,0.129473,1,0
8.70117,0.263672,0.999115,-4.06325e-07,0.129474,1,0
8.68164,0.283203,0.997453,-3.74837e-07,0.131425,1,0
8.68164,0.302734,0.99429,-3.74561e-07,0.131425,1,0
8.70117,0.283203,0.997453,-4.10917e-07,0.129474,1,0
8.70117,0.302734,0.99429,-4.10615e-07,0.129474,1,0
8.7207,0.244141,0.999958,-4.35782e-07,0.127522,1,0
8.7207,0.263672,0.999115,-4.45696e-07,0.127522,1,0
8.74023,0.244141,0.999958,-4.78303e-07,0.125571,1,0
8.74023,0.263672,0.999115,-4.8907e-07,0.125571,1,0
8.7207,0.283203,0.997453,-4.50672e-07,0.127522,1,0
8.7207,0.302734,0.99429,-4.50344e-07,0.127522,1,0
8.74023,0.283203,0.997453,-4.94472e-07,0.125571,1,0
8.74023,0.302734,0.99429,-4.94117e-07,0.125571,1,0
8.44727,0.322266,0.988481,-1.29496e-07,0.15484,1,0
8.44727,0.341797,0.978179,-1.24818e-07,0.15484,1,0
8.4668,0.322266,0.988481,-1.40497e-07,0.152889,1,0
8.4668,0.341797,0.978179,-1.35548e-07,0.152889,1,0
8.44727,0.361328,0.960541,-1.17624e-07,0.15484,1,0
8.44727,0.380859,0.931384,-1.07978e-07,0.154841,1,0
8.4668,0.361328,0.960541,-1.27916e-07,0.152889,1,0
8.4668,0.380859,0.931384,-1.17629e-07,0.152889,1,0
8.48633,0.322266,0.988481,-1.52642e-07,0.150938,1,0
8.48633,0.341797,0.978179,-1.47393e-07,0.150938,1,0
8.50586,0.322266,0.988481,-1.66047e-07,0.148987,1,0
8.50586,0.341797,0.978179,-1.60466e-07,0.148987,1,0
8.48633,0.361328,0.960541,-1.39276e-07,0.150938,1,0
8.48633,0.380859,0.931384,-1.28293e-07,0.150938,1,0
8.50586,0.361328,0.960541,-1.5181e-07,0.148987,1,0
8.50586,0.380859,0.931384,-1.40042e-07,0.148987,1,0
8.44727,0.400391,0.884834,-9.55384e-08,0.154841,1,0
8.44727,0.419922,0.813019,-8.05876e-08,0.154841,1,0
8.4668,0.400391,0.884834,-1.04323e-07,0.152889,1,0
8.4668,0.419922,0.813019,-8.81132e-08,0.152889,1,0
8.44727,0.439453,0.705881,-6.19758e-08,0.154841,1,0
8.44727,0.458984,0.551176,-4.08643e-08,0.154841,1,0
8.4668,0.439453,0.705881,-6.78997e-08,0.152889,1,0
8.4668,0.458984,0.551176,-4.48875e-08,0.152889,1,0
8.48633,0.400391,0.884834,-1.1395e-07,0.150938,1,0
8.48633,0.419922,0.813019,-9.64809e-08,0.150938,1,0
8.50586,0.400391,0.884834,-1.2463e-07,0.148987,1,0
8.50586,0.419922,0.813019,-1.05635e-07,0.148987,1,0
8.48633,0.439453,0.705881,-7.44527e-08,0.150938,1,0
8.48633,0.458984,0.551176,-4.92257e-08,0.150938,1,0
8.50586,0.439453,0.705881,-8.16506e-08,0.148987,1,0
8.50586,0.458984,0.551176,-5.40999e-08,0.148987,1,0
8.52539,0.322266,0.988481,-1.8084e-07,0.147035,1,0
8.52539,0.341797,0.978179,-1.74891e-07,0.147035,1,0
8.54492,0.322266,0.988481,-1.97159e-07,0.145084,1,0
8.54492,0.341797,0.978179,-1.90803e-07,0.145084,1,0
8.52539,0.361328,0.960541,-1.65638e-07,0.147035,1,0
8.52539,0.380859,0.931384,-1.53016e-07,0.147035,1,0
8.54492,0.361328,0.960541,-1.80891e-07,0.145084,1,0
8.54492,0.380859,0.931384,-1.67307e-07,0.145084,1,0
8.56445,0.322266,0.988481,-2.1516e-07,0.143133,1,0
8.56445,0.341797,0.978179,-2.08354e-07,0.143133,1,0
8.58398,0.322266,0.988481,-2.35012e-07,0.141181,1,0
8.58398,0.341797,0.978179,-2.27708e-07,0.141181,1,0
8.56445,0.361328,0.960541,-1.97711e-07,0.143133,1,0
8.56445,0.380859,0.931384,-1.83081e-07,0.143133,1,0
8.58398,0.361328,0.960541,-2.16259e-07,0.141181,1,0
8.58398,0.380859,0.931384,-2.00455e-07,0.141181,1,0
8.52539,0.400391,0.884834,-1.36343e-07,0.147035,1,0
8.52539,0.419922,0.813019,-1.15797e-07,0.147035,1,0
8.54492,0.400391,0.884834,-1.4932e-07,0.145084,1,0
8.54492,0.419922,0.813019,-1.26926e-07,0.145084,1,0
8.52539,0.439453,0.705881,-8.96068e-08,0.147035,1,0
8.52539,0.458984,0.551176,-5.93733e-08,0.147035,1,0
8.54492,0.439453,0.705881,-9.83493e-08,0.145084,1,0
8.54492,0.458984,0.551176,-6.52792e-08,0.145084,1,0
8.56445,0.400391,0.884834,-1.63562e-07,0.143133,1,0
8.56445,0.419922,0.813019,-1.39265e-07,0.143133,1,0
8.58398,0.400391,0.884834,-1.79325e-07,0.141181,1,0
8.58398,0.419922,0.813019,-1.52788e-07,0.141181,1,0
8.56445,0.439453,0.705881,-1.08007e-07,0.143133,1,0
8.56445,0.458984,0.551176,-7.16866e-08,0.143133,1,0
8.58398,0.439453,0.705881,-1.18622e-07,0.141181,1,0
8.58398,0.458984,0.551176,-7.88431e-08,0.141181,1,0
8.44727,0.478516,0.334706,-1.57157e-08,0.154841,1,0
8.44727,0.498047,0.0407916,6.64018e-09,0.154841,0.6,0
8.4668,0.478516,0.334706,-1.72354e-08,0.152889,1,0
8.4668,0.498047,0.0407916,7.33144e-09,0.152889,0.6,0
8.48633,0.478516,0.334706,-1.89544e-08,0.150938,1,0
8.48633,0.498047,0.0407916,8.07069e-09,0.150938,0.6,0
8.50586,0.478516,0.334706,-2.08007e-08,0.148987,1,0
8.50586,0.498047,0.0407916,8.90915e-09,0.148987,0.6,0
8.52539,0.478516,0.334706,-2.288e-08,0.147035,1,0
8.52539,0.498047,0.0407916,9.81015e-09,0.147035,0.6,0
8.54492,0.478516,0.334706,-2.51219e-08,0.145084,1,0
8.54492,0.498047,0.0407915,1.08273e-08,0.145084,0.6,0
8.56445,0.478516,0.334706,-2.76377e-08,0.143133,1,0
8.56445,0.498047,0.0407915,1.19248e-08,0.143133,0.6,0
8.58398,0.478516,0.334706,-3.03592e-08,0.141181,1,0
8.58398,0.498047,0.0407915,1.3159e-08,0.141181,0.6,0
8.60352,0.322266,0.988481,-2.56902e-07,0.13923,1,0
8.60352,0.341797,0.978179,-2.49049e-07,0.13923,1,0
8.62305,0.322266,0.988481,-2.81035e-07,0.137279,1,0
8.62305,0.341797,0.978179,-2.72576e-07,0.137279,1,0
8.60352,0.361328,0.960541,-2.36707e-07,0.13923,1,0
8.60352,0.380859,0.931384,-2.19624e-07,0.13923,1,0
8.62305,0.361328,0.960541,-2.59249e-07,0.137279,1,0
8.62305,0.380859,0.931384,-2.40736e-07,0.137279,1,0
8.64258,0.322266,0.988481,-3.0764e-07,0.135327,1,0
8.64258,0.341797,0.978179,-2.9851e-07,0.135328,1,0
8.66211,0.322266,0.988481,-3.36964e-07,0.133376,1,0
8.66211,0.341797,0.978179,-3.27096e-07,0.133376,1,0
8.64258,0.361328,0.960541,-2.84096e-07,0.135328,1,0
8.64258,0.380859,0.931384,-2.64022e-07,0.135328,1,0
8.66211,0.361328,0.960541,-3.11481e-07,0.133376,1,0
8.66211,0.380859,0.931384,-2.89666e-07,0.133376,1,0
8.60352,0.400391,0.884834,-1.96633e-07,0.13923,1,0
8.60352,0.419922,0.813019,-1.67765e-07,0.13923,1,0
8.62305,0.400391,0.884834,-2.15774e-07,0.137279,1,0
8.62305,0.419922,0.813019,-1.84193e-07,0.137279,1,0
8.60352,0.439453,0.705881,-1.30343e-07,0.13923,1,0
8.60352,0.458984,0.551176,-8.66255e-08,0.13923,1,0
8.62305,0.439453,0.705881,-1.4323e-07,0.137279,1,0
8.62305,0.458984,0.551176,-9.5298e-08,0.137279,1,0
8.64258,0.400391,0.884834,-2.36799e-07,0.135328,1,0
8.64258,0.419922,0.813019,-2.02369e-07,0.135328,1,0
8.66211,0.400391,0.884834,-2.60036e-07,0.133376,1,0
8.66211,0.419922,0.813019,-2.22317e-07,0.133376,1,0
8.64258,0.439453,0.705881,-1.57452e-07,0.135328,1,0
8.64258,0.458984,0.551176,-1.04748e-07,0.135328,1,0
8.66211,0.439453,0.705881,-1.73093e-07,0.133376,1,0
8.66211,0.458984,0.551176,-1.15258e-07,0.133376,1,0
8.68164,0.322266,0.988481,-3.69283e-07,0.131425,1,0
8.68164,0.341797,0.978179,-3.586e-07,0.131425,1,0
8.70117,0.322266,0.988481,-4.04898e-07,0.129474,1,0
8.70117,0.341797,0.978179,-3.93317e-07,0.129474,1,0
8.68164,0.361328,0.960541,-3.4166e-07,0.131425,1,0
8.68164,0.380859,0.931384,-3.17942e-07,0.131425,1,0
8.70117,0.361328,0.960541,-3.74917e-07,0.129474,1,0
8.70117,0.380859,0.931384,-3.49082e-07,0.129474,1,0
8.7207,0.322266,0.988481,-4.44144e-07,0.127522,1,0
8.7207,0.341797,0.978179,-4.31573e-07,0.127522,1,0
8.74023,0.322266,0.988481,-4.87387e-07,0.125571,1,0
8.74023,0.341797,0.978179,-4.73725e-07,0.125571,1,0
8.7207,0.361328,0.960541,-4.11561e-07,0.127522,1,0
8.7207,0.380859,0.931384,-3.8341e-07,0.127522,1,0
8.74023,0.361328,0.960541,-4.51937e-07,0.125571,1,0
8.74023,0.380859,0.931384,-4.21213e-07,0.125571,1,0
8.68164,0.400391,0.884834,-2.85571e-07,0.131425,1,0
8.68164,0.419922,0.813019,-2.44373e-07,0.131425,1,0
8.70117,0.400391,0.884834,-3.13774e-07,0.129474,1,0
8.70117,0.419922,0.813019,-2.68592e-07,0.129474,1,0
8.68164,0.439453,0.705881,-1.90348e-07,0.131425,1,0
8.68164,0.458984,0.551176,-1.26729e-07,0.131425,1,0
8.70117,0.439453,0.705881,-2.09329e-07,0.129474,1,0
8.70117,0.458984,0.551176,-1.39468e-07,0.129474,1,0
8.7207,0.400391,0.884834,-3.44775e-07,0.127522,1,0
8.7207,0.419922,0.813019,-2.95351e-07,0.127523,1,0
8.74023,0.400391,0.884834,-3.79001e-07,0.125571,1,0
8.74023,0.419922,0.813019,-3.24749e-07,0.125571,1,0
8.7207,0.439453,0.705881,-2.30263e-07,0.127523,1,0
8.7207,0.458984,0.551176,-1.5339e-07,0.127523,1,0
8.74023,0.439453,0.70588,-2.53293e-07,0.125571,1,0
8.74023,0.458984,0.551176,-1.68829e-07,0.125571,1,0
8.60352,0.478516,0.334706,-3.34038e-08,0.13923,1,0
8.60352,0.498047,0.0407915,1.44951e-08,0.13923,0.6,0
8.62305,0.478516,0.334706,-3.67064e-08,0.137279,1,0
8.62305,0.498047,0.0407915,1.59928e-08,0.137279,0.6,0
8.64258,0.478516,0.334706,-4.03916e-08,0.135328,1,0
8.64258,0.498047,0.0407915,1.76187e-08,0.135328,0.6,0
8.66211,0.478516,0.334706,-4.43985e-08,0.133376,1,0
8.66211,0.498047,0.0407914,1.94363e-08,0.133376,0.6,0
8.68164,0.478516,0.334706,-4.88599e-08,0.131425,1,0
8.68164,0.498047,0.0407914,2.14143e-08,0.131425,0.6,0
8.70117,0.478516,0.334706,-5.37201e-08,0.129474,1,0
8.70117,0.498047,0.0407914,2.36204e-08,0.129474,0.6,0
8.7207,0.478516,0.334706,-5.91219e-08,0.127523,1,0
8.7207,0.498047,0.0407914,2.6026e-08,0.127523,0.6,0
8.74023,0.478516,0.334706,-6.50161e-08,0.125571,1,0
8.74023,0.498047,0.0407913,2.87038e-08,0.125571,0.6,0
8.75977,0.00976562,1.00073,-6.63452e-08,0.123619,1,0
8.75977,0.0292969,1.00073,-1.36878e-07,0.123619,1,0
8.7793,0.00976562,1.00073,-7.30485e-08,0.121668,1,0
8.7793,0.0292969,1.00073,-1.5073e-07,0.121668,1,0
8.75977,0.0488281,1.00073,-1.76103e-07,0.123619,1,0
8.75977,0.0683594,1.00073,-2.28508e-07,0.123619,1,0
8.7793,0.0488281,1.00073,-1.93953e-07,0.121668,1,0
8.7793,0.0683594,1.00073,-2.51656e-07,0.121668,1,0
8.79883,0.00976562,1.00073,-8.04253e-08,0.119716,1,0
8.79883,0.0292969,1.00073,-1.65974e-07,0.119716,1,0
8.81836,0.00976562,1.00073,-8.85434e-08,0.117765,1,0
8.81836,0.0292969,1.00073,-1.82749e-07,0.117765,1,0
8.79883,0.0488281,1.00073,-2.13596e-07,0.119716,1,0
8.79883,0.0683594,1.00073,-2.7713e-07,0.119717,1,0
8.81836,0.0488281,1.00073,-2.35211e-07,0.117765,1,0
8.81836,0.0683594,1.00073,-3.05163e-07,0.117765,1,0
8.75977,0.0878906,1.00073,-2.71152e-07,0.123619,1,0
8.75977,0.107422,1.00073,-3.15862e-07,0.123619,1,0
8.7793,0.0878906,1.00073,-2.98571e-07,0.121668,1,0
8.7793,0.107422,1.00073,-3.47715e-07,0.121668,1,0
8.75977,0.126953,1.00072,-3.55864e-07,0.123619,1,0
8.75977,0.146484,1.00072,-3.94137e-07,0.123619,1,0
8.7793,0.126953,1.00072,-3.91625e-07,0.121668,1,0
8.7793,0.146484,1.00072,-4.33588e-07,0.121668,1,0
8.79883,0.0878906,1.00073,-3.28748e-07,0.119717,1,0
8.79883,0.107422,1.00073,-3.82773e-07,0.119717,1,0
8.81836,0.0878906,1.00073,-3.61958e-07,0.117765,1,0
8.81836,0.107422,1.00073,-4.21358e-07,0.117765,1,0
8.79883,0.126953,1.00072,-4.30988e-07,0.119717,1,0
8.79883,0.146484,1.00072,-4.77016e-07,0.119717,1,0
8.81836,0.126953,1.00072,-4.74315e-07,0.117765,1,0
8.81836,0.146484,1.00072,-5.24822e-07,0.117765,1,0
8.83789,0.00976562,1.00073,-9.74771e-08,0.115814,1,0
8.83789,0.0292969,1.00073,-2.01209e-07,0.115814,1,0
8.85742,0.00976562,1.00073,-1.07308e-07,0.113862,1,0
8.85742,0.0292969,1.00073,-2.21523e-07,0.113862,1,0
8.83789,0.0488281,1.00073,-2.58997e-07,0.115814,1,0
8.83789,0.0683594,1.00073,-3.36012e-07,0.115814,1,0
8.85742,0.0488281,1.00073,-2.8517e-07,0.113862,1,0
8.85742,0.0683594,1.00073,-3.69959e-07,0.113862,1,0
8.87695,0.00976562,1.00073,-1.18127e-07,0.111911,1,0
8.87695,0.0292969,1.00073,-2.43874e-07,0.111911,1,0
8.89648,0.00976562,1.00073,-1.30031e-07,0.10996,1,0
8.89648,0.0292969,1.00073,-2.68469e-07,0.10996,1,0
8.87695,0.0488281,1.00073,-3.1397e-07,0.111911,1,0
8.87695,0.0683594,1.00073,-4.07312e-07,0.111911,1,0
8.89648,0.0488281,1.00073,-3.45657e-07,0.10996,1,0
8.89648,0.0683594,1.00073,-4.48411e-07,0.10996,1,0
8.83789,0.0878906,1.00073,-3.98506e-07,0.115814,1,0
8.83789,0.107422,1.00073,-4.63823e-07,0.115814,1,0
8.85742,0.0878906,1.00073,-4.38724e-07,0.113862,1,0
8.85742,0.107422,1.00073,-5.10556e-07,0.113863,1,0
8.83789,0.126953,1.00072,-5.22002e-07,0.115814,1,0
8.83789,0.146484,1.00072,-5.77442e-07,0.115814,1,0
8.85742,0.126953,1.00072,-5.74485e-07,0.113863,1,0
8.85742,0.146484,1.00072,-6.35361e-07,0.113863,1,0
8.87695,0.0878906,1.00073,-4.82981e-07,0.111911,1,0
8.87695,0.107422,1.00073,-5.61984e-07,0.111911,1,0
8.89648,0.0878906,1.00073,-5.31677e-07,0.10996,1,0
8.89648,0.107422,1.00073,-6.18575e-07,0.10996,1,0
8.87695,0.126953,1.00072,-6.32245e-07,0.111911,1,0
8.87695,0.146484,1.00072,-6.99108e-07,0.111911,1,0
8.89648,0.126953,1.00072,-6.95809e-07,0.10996,1,0
8.89648,0.146484,1.00072,-7.69265e-07,0.10996,1,0
8.75977,0.166016,1.0007,-4.28474e-07,0.123619,1,0
8.75977,0.185547,1.00066,-4.59395e-07,0.123619,1,0
8.7793,0.166016,1.0007,-4.71182e-07,0.121668,1,0
8.7793,0.185547,1.00066,-5.04993e-07,0.121668,1,0
8.75977,0.205078,1.00057,-4.85977e-07,0.123619,1,0
8.75977,0.224609,1.00037,-5.08075e-07,0.12362,1,0
8.7793,0.205078,1.00057,-5.34023e-07,0.121668,1,0
8.7793,0.224609,1.00037,-5.5813e-07,0.121668,1,0
8.79883,0.166016,1.0007,-5.182e-07,0.119717,1,0
8.79883,0.185547,1.00066,-5.55199e-07,0.119717,1,0
8.81836,0.166016,1.0007,-5.69962e-07,0.117765,1,0
8.81836,0.185547,1.00066,-6.10475e-07,0.117765,1,0
8.79883,0.205078,1.00057,-5.86929e-07,0.119717,1,0
8.79883,0.224609,1.00037,-6.13253e-07,0.119717,1,0
8.81836,0.205078,1.00057,-6.45184e-07,0.117766,1,0
8.81836,0.224609,1.00037,-6.73954e-07,0.117766,1,0
8.75977,0.244141,0.999958,-5.2514e-07,0.12362,1,0
8.75977,0.263672,0.999115,-5.36851e-07,0.12362,1,0
8.7793,0.244141,0.999958,-5.76727e-07,0.121668,1,0
8.7793,0.263672,0.999115,-5.89483e-07,0.121668,1,0
8.75977,0.283203,0.997453,-5.42725e-07,0.12362,1,0
8.75977,0.302734,0.99429,-5.42343e-07,0.12362,1,0
8.7793,0.283203,0.997453,-5.95881e-07,0.121668,1,0
8.7793,0.302734,0.99429,-5.95472e-07,0.121668,1,0
8.79883,0.244141,0.999958,-6.33544e-07,0.119717,1,0
8.79883,0.263672,0.999115,-6.47455e-07,0.119717,1,0
8.81836,0.244141,0.999958,-6.96116e-07,0.117766,1,0
8.81836,0.263672,0.999115,-7.11304e-07,0.117766,1,0
8.79883,0.283203,0.997453,-6.54433e-07,0.119717,1,0
8.79883,0.302734,0.99429,-6.53998e-07,0.119717,1,0
8.81836,0.283203,0.997453,-7.18927e-07,0.117766,1,0
8.81836,0.302734,0.99429,-7.18466e-07,0.117766,1,0
8.83789,0.166016,1.0007,-6.26943e-07,0.115814,1,0
8.83789,0.185547,1.00066,-6.71331e-07,0.115814,1,0
8.85742,0.166016,1.0007,-6.89666e-07,0.113863,1,0
8.85742,0.185547,1.00066,-7.38326e-07,0.113863,1,0
8.83789,0.205078,1.00057,-7.09325e-07,0.115814,1,0
8.83789,0.224609,1.00037,-7.40796e-07,0.115814,1,0
8.85742,0.205078,1.00057,-7.79943e-07,0.113863,1,0
8.85742,0.224609,1.00037,-8.14393e-07,0.113863,1,0
8.87695,0.166016,1.0007,-7.58707e-07,0.111911,1,0
8.87695,0.185547,1.00066,-8.12075e-07,0.111911,1,0
8.89648,0.166016,1.0007,-8.34698e-07,0.10996,1,0
8.89648,0.185547,1.00066,-8.93255e-07,0.10996,1,0
8.87695,0.205078,1.00057,-8.57688e-07,0.111912,1,0
8.87695,0.224609,1.00037,-8.95426e-07,0.111912,1,0
8.89648,0.205078,1.00057,-9.43274e-07,0.10996,1,0
8.89648,0.224609,1.00037,-9.84641e-07,0.10996,1,0
8.83789,0.244141,0.999958,-7.65022e-07,0.115814,1,0
8.83789,0.263672,0.999115,-7.81623e-07,0.115814,1,0
8.85742,0.244141,0.999958,-8.40901e-07,0.113863,1,0
8.85742,0.263672,0.999115,-8.59063e-07,0.113863,1,0
8.83789,0.283203,0.997453,-7.8996e-07,0.115815,1,0
8.83789,0.302734,0.99429,-7.89475e-07,0.115815,1,0
8.85742,0.283203,0.997453,-8.68193e-07,0.113863,1,0
8.85742,0.302734,0.99429,-8.67686e-07,0.113863,1,0
8.87695,0.244141,0.999958,-9.24453e-07,0.111912,1,0
8.87695,0.263672,0.999115,-9.44342e-07,0.111912,1,0
8.89648,0.244141,0.999958,-1.01645e-06,0.10996,1,0
8.89648,0.263672,0.999115,-1.03825e-06,0.109961,1,0
8.87695,0.283203,0.997453,-9.54351e-07,0.111912,1,0
8.87695,0.302734,0.99429,-9.53826e-07,0.111912,1,0
8.89648,0.283203,0.997453,-1.04923e-06,0.109961,1,0
8.89648,0.302734,0.99429,-1.04869e-06,0.109961,1,0
8.91602,0.00976562,1.00073,-1.43131e-07,0.108008,1,0
8.91602,0.0292969,1.00073,-2.95529e-07,0.108008,1,0
8.93555,0.00976562,1.00073,-1.57544e-07,0.106057,1,0
8.93555,0.0292969,1.00073,-3.253e-07,0.106057,1,0
8.91602,0.0488281,1.00073,-3.80519e-07,0.108008,1,0
8.91602,0.0683594,1.00073,-4.93631e-07,0.108008,1,0
8.93555,0.0488281,1.00073,-4.18874e-07,0.106057,1,0
8.93555,0.0683594,1.00073,-5.4338e-07,0.106057,1,0
8.95508,0.00976562,1.00073,-1.73401e-07,0.104105,1,0
8.95508,0.0292969,1.00073,-3.58052e-07,0.104105,1,0
8.97461,0.00976562,1.00073,-1.90847e-07,0.102154,1,0
8.97461,0.0292969,1.00073,-3.94081e-07,0.102154,1,0
8.95508,0.0488281,1.00073,-4.61066e-07,0.104106,1,0
8.95508,0.0683594,1.00073,-5.98109e-07,0.104106,1,0
8.97461,0.0488281,1.00073,-5.07476e-07,0.102154,1,0
8.97461,0.0683594,1.00073,-6.58311e-07,0.102154,1,0
8.91602,0.0878906,1.00073,-5.85257e-07,0.108008,1,0
8.91602,0.107422,1.00073,-6.80845e-07,0.108008,1,0
8.93555,0.0878906,1.00073,-6.44206e-07,0.106057,1,0
8.93555,0.107422,1.00073,-7.49358e-07,0.106057,1,0
8.91602,0.126953,1.00072,-7.65755e-07,0.108009,1,0
8.91602,0.146484,1.00072,-8.46473e-07,0.108009,1,0
8.93555,0.126953,1.00072,-8.4272e-07,0.106057,1,0
8.93555,0.146484,1.00072,-9.31437e-07,0.106057,1,0
8.95508,0.0878906,1.00073,-7.09058e-07,0.104106,1,0
8.95508,0.107422,1.00073,-8.24737e-07,0.104106,1,0
8.97461,0.0878906,1.00073,-7.80397e-07,0.102154,1,0
8.97461,0.107422,1.00073,-9.07661e-07,0.102154,1,0
8.95508,0.126953,1.00072,-9.27403e-07,0.104106,1,0
8.95508,0.146484,1.00072,-1.02493e-06,0.104106,1,0
8.97461,0.126953,1.00072,-1.02057e-06,0.102154,1,0
8.97461,0.146484,1.00072,-1.12779e-06,0.102155,1,0
8.99414,0.00976562,1.00073,-2.10038e-07,0.100203,1,0
8.99414,0.0292969,1.00073,-4.3371e-07,0.100203,1,0
9.01367,0.00976562,1.00073,-2.31147e-07,0.0982511,1,0
9.01367,0.0292969,1.00073,-4.77295e-07,0.0982512,1,0
8.99414,0.0488281,1.00073,-5.58522e-07,0.100203,1,0
8.99414,0.0683594,1.00073,-7.24527e-07,0.100203,1,0
9.01367,0.0488281,1.00073,-6.14661e-07,0.0982512,1,0
9.01367,0.0683594,1.00073,-7.97353e-07,0.0982513,1,0
9.0332,0.00976562,1.00073,-2.54362e-07,0.0962997,1,0
9.0332,0.0292969,1.00073,-5.25224e-07,0.0962997,1,0
9.05273,0.00976562,1.00073,-2.79891e-07,0.0943482,1,0
9.05273,0.0292969,1.00073,-5.77924e-07,0.0943483,1,0
9.0332,0.0488281,1.00073,-6.76393e-07,0.0962998,1,0
9.0332,0.0683594,1.00073,-8.77437e-07,0.0962999,1,0
9.05273,0.0488281,1.00073,-7.44267e-07,0.0943483,1,0
9.05273,0.0683594,1.00073,-9.65492e-07,0.0943484,1,0
8.99414,0.0878906,1.00073,-8.58867e-07,0.100203,1,0
8.99414,0.107422,1.00073,-9.9888e-07,0.100203,1,0
9.01367,0.0878906,1.00073,-9.45171e-07,0.0982514,1,0
9.01367,0.107422,1.00073,-1.09921e-06,0.0982515,1,0
8.99414,0.126953,1.00072,-1.12307e-06,0.100203,1,0
8.99414,0.146484,1.00072,-1.24097e-06,0.100203,1,0
9.01367,0.126953,1.00072,-1.23581e-06,0.0982516,1,0
9.01367,0.146484,1.00072,-1.36548e-06,0.0982518,1,0
9.0332,0.0878906,1.00073,-1.04008e-06,0.0963,1,0
9.0332,0.107422,1.00073,-1.20956e-06,0.0963001,1,0
9.05273,0.0878906,1.00073,-1.14445e-06,0.0943485,1,0
9.05273,0.107422,1.00073,-1.33091e-06,0.0943486,1,0
9.0332,0.126953,1.00072,-1.35982e-06,0.0963002,1,0
9.0332,0.146484,1.00072,-1.50244e-06,0.0963004,1,0
9.05273,0.126953,1.00072,-1.4962e-06,0.0943488,1,0
9.05273,0.146484,1.00072,-1.65308e-06,0.0943489,1,0
8.91602,0.166016,1.0007,-9.18333e-07,0.108009,1,0
8.91602,0.185547,1.00066,-9.82611e-07,0.108009,1,0
8.93555,0.166016,1.0007,-1.01038e-06,0.106057,1,0
8.93555,0.185547,1.00066,-1.08096e-06,0.106057,1,0
8.91602,0.205078,1.00057,-1.03749e-06,0.108009,1,0
8.91602,0.224609,1.00037,-1.08286e-06,0.108009,1,0
8.93555,0.205078,1.00057,-1.1412e-06,0.106058,1,0
8.93555,0.224609,1.00037,-1.19098e-06,0.106058,1,0
8.95508,0.166016,1.0007,-1.11167e-06,0.104106,1,0
8.95508,0.185547,1.00066,-1.1892e-06,0.104106,1,0
8.97461,0.166016,1.0007,-1.22313e-06,0.102155,1,0
8.97461,0.185547,1.00066,-1.30832e-06,0.102155,1,0
8.95508,0.205078,1.00057,-1.25535e-06,0.104106,1,0
8.95508,0.224609,1.00037,-1.31001e-06,0.104106,1,0
8.97461,0.205078,1.00057,-1.38098e-06,0.102155,1,0
8.97461,0.224609,1.00037,-1.44103e-06,0.102155,1,0
8.91602,0.244141,0.999958,-1.11774e-06,0.108009,1,0
8.91602,0.263672,0.999115,-1.14165e-06,0.108009,1,0
8.93555,0.244141,0.999959,-1.22926e-06,0.106058,1,0
8.93555,0.263672,0.999115,-1.2555e-06,0.106058,1,0
8.91602,0.283203,0.997453,-1.15372e-06,0.108009,1,0
8.91602,0.302734,0.99429,-1.15317e-06,0.108009,1,0
8.93555,0.283203,0.997453,-1.26878e-06,0.106058,1,0
8.93555,0.302734,0.99429,-1.26823e-06,0.106058,1,0
8.95508,0.244141,0.999959,-1.35203e-06,0.104107,1,0
8.95508,0.263672,0.999115,-1.38086e-06,0.104107,1,0
8.97461,0.244141,0.999959,-1.48719e-06,0.102155,1,0
8.97461,0.263672,0.999115,-1.51888e-06,0.102155,1,0
8.95508,0.283203,0.997453,-1.39547e-06,0.104107,1,0
8.95508,0.302734,0.99429,-1.39494e-06,0.104107,1,0
8.97461,0.283203,0.997453,-1.53497e-06,0.102155,1,0
8.97461,0.302734,0.99429,-1.53447e-06,0.102156,1,0
8.99414,0.166016,1.0007,-1.34577e-06,0.100203,1,0
8.99414,0.185547,1.00066,-1.43941e-06,0.100203,1,0
9.01367,0.166016,1.0007,-1.48071e-06,0.0982519,1,0
9.01367,0.185547,1.00066,-1.58365e-06,0.098252,1,0
8.99414,0.205078,1.00057,-1.51926e-06,0.100204,1,0
8.99414,0.224609,1.00037,-1.58524e-06,0.100204,1,0
9.01367,0.205078,1.00057,-1.67143e-06,0.0982522,1,0
9.01367,0.224609,1.00037,-1.74396e-06,0.0982524,1,0
9.0332,0.166016,1.0007,-1.62916e-06,0.0963005,1,0
9.0332,0.185547,1.00066,-1.74236e-06,0.0963007,1,0
9.05273,0.166016,1.0007,-1.79247e-06,0.0943491,1,0
9.05273,0.185547,1.00066,-1.91697e-06,0.0943493,1,0
9.0332,0.205078,1.00057,-1.83888e-06,0.0963009,1,0
9.0332,0.224609,1.00037,-1.91866e-06,0.096301,1,0
9.05273,0.205078,1.00057,-2.02314e-06,0.0943495,1,0
9.05273,0.224609,1.00037,-2.11091e-06,0.0943497,1,0
8.99414,0.244141,0.999959,-1.63598e-06,0.100204,1,0
8.99414,0.263672,0.999115,-1.67083e-06,0.100204,1,0
9.01367,0.244141,0.999959,-1.79976e-06,0.0982526,1,0
9.01367,0.263672,0.999115,-1.83812e-06,0.0982527,1,0
8.99414,0.283203,0.997453,-1.68858e-06,0.100204,1,0
8.99414,0.302734,0.99429,-1.68812e-06,0.100204,1,0
9.01367,0.283203,0.997453,-1.85771e-06,0.0982529,1,0
9.01367,0.302734,0.99429,-1.85732e-06,0.0982531,1,0
9.0332,0.244141,0.999959,-1.98004e-06,0.0963012,1,0
9.0332,0.263672,0.999115,-2.02228e-06,0.0963014,1,0
9.05273,0.244141,0.999959,-2.17847e-06,0.0943499,1,0
9.05273,0.263672,0.999115,-2.22502e-06,0.0943501,1,0
9.0332,0.283203,0.997453,-2.04392e-06,0.0963016,1,0
9.0332,0.302734,0.99429,-2.04363e-06,0.0963018,1,0
9.05273,0.283203,0.997453,-2.24895e-06,0.0943504,1,0
9.05273,0.302734,0.99429,-2.24879e-06,0.0943506,1,0
8.75977,0.322266,0.988481,-5.3503e-07,0.12362,1,0
8.75977,0.341797,0.978179,-5.20166e-07,0.12362,1,0
8.7793,0.322266,0.988481,-5.87518e-07,0.121668,1,0
8.7793,0.341797,0.978179,-5.7133e-07,0.121669,1,0
8.75977,0.361328,0.960541,-4.9642e-07,0.12362,1,0
8.75977,0.380859,0.931384,-4.62879e-07,0.12362,1,0
8.7793,0.361328,0.96054,-5.45427e-07,0.121669,1,0
8.7793,0.380859,0.931384,-5.08762e-07,0.121669,1,0
8.79883,0.322266,0.988481,-6.4534e-07,0.119717,1,0
8.79883,0.341797,0.978179,-6.27695e-07,0.119717,1,0
8.81836,0.322266,0.988481,-7.09034e-07,0.117766,1,0
8.81836,0.341797,0.978179,-6.89787e-07,0.117766,1,0
8.79883,0.361328,0.96054,-5.99415e-07,0.119717,1,0
8.79883,0.380859,0.931384,-5.59326e-07,0.119717,1,0
8.81836,0.361328,0.96054,-6.58888e-07,0.117766,1,0
8.81836,0.380859,0.931384,-6.15008e-07,0.117766,1,0
8.75977,0.400391,0.884834,-4.16633e-07,0.12362,1,0
8.75977,0.419922,0.813019,-3.57213e-07,0.12362,1,0
8.7793,0.400391,0.884834,-4.58161e-07,0.121669,1,0
8.7793,0.419922,0.813018,-3.92891e-07,0.121669,1,0
8.75977,0.439453,0.70588,-2.78688e-07,0.12362,1,0
8.75977,0.458984,0.551175,-1.85724e-07,0.12362,1,0
8.7793,0.439453,0.70588,-3.0663e-07,0.121669,1,0
8.7793,0.458984,0.551175,-2.04438e-07,0.121669,1,0
8.79883,0.400391,0.884834,-5.03834e-07,0.119717,1,0
8.79883,0.419922,0.813018,-4.32274e-07,0.119717,1,0
8.81836,0.400391,0.884834,-5.54219e-07,0.117766,1,0
8.81836,0.419922,0.813018,-4.75569e-07,0.117766,1,0
8.79883,0.439453,0.70588,-3.37434e-07,0.119718,1,0
8.79883,0.458984,0.551175,-2.24936e-07,0.119718,1,0
8.81836,0.439453,0.70588,-3.71333e-07,0.117766,1,0
8.81836,0.458984,0.551175,-2.47621e-07,0.117766,1,0
8.83789,0.322266,0.988481,-7.79195e-07,0.115815,1,0
8.83789,0.341797,0.978179,-7.58183e-07,0.115815,1,0
8.85742,0.322266,0.988481,-8.56476e-07,0.113863,1,0
8.85742,0.341797,0.978179,-8.33523e-07,0.113863,1,0
8.83789,0.361328,0.96054,-7.24402e-07,0.115815,1,0
8.83789,0.380859,0.931384,-6.76363e-07,0.115815,1,0
8.85742,0.361328,0.96054,-7.96566e-07,0.113864,1,0
8.85742,0.380859,0.931384,-7.43928e-07,0.113864,1,0
8.87695,0.322266,0.988481,-9.41595e-07,0.111912,1,0
8.87695,0.341797,0.978179,-9.16507e-07,0.111912,1,0
8.89648,0.322266,0.988481,-1.03535e-06,0.109961,1,0
8.89648,0.341797,0.978179,-1.00791e-06,0.109961,1,0
8.87695,0.361328,0.96054,-8.76055e-07,0.111912,1,0
8.87695,0.380859,0.931383,-8.18371e-07,0.111912,1,0
8.89648,0.361328,0.96054,-9.63611e-07,0.109961,1,0
8.89648,0.380859,0.931383,-9.0035e-07,0.109961,1,0
8.83789,0.400391,0.884834,-6.09643e-07,0.115815,1,0
8.83789,0.419922,0.813018,-5.23342e-07,0.115815,1,0
8.85742,0.400391,0.884834,-6.70771e-07,0.113864,1,0
8.85742,0.419922,0.813018,-5.75877e-07,0.113864,1,0
8.83789,0.439453,0.70588,-4.08697e-07,0.115815,1,0
8.83789,0.458984,0.551175,-2.72488e-07,0.115815,1,0
8.85742,0.439453,0.70588,-4.49821e-07,0.113864,1,0
8.85742,0.458984,0.551175,-2.99988e-07,0.113864,1,0
8.87695,0.400391,0.884833,-7.38025e-07,0.111912,1,0
8.87695,0.419922,0.813018,-6.33829e-07,0.111913,1,0
8.89648,0.400391,0.884833,-8.12183e-07,0.109961,1,0
8.89648,0.419922,0.813018,-6.97572e-07,0.109961,1,0
8.87695,0.439453,0.70588,-4.95144e-07,0.111913,1,0
8.87695,0.458984,0.551175,-3.30156e-07,0.111913,1,0
8.89648,0.439453,0.70588,-5.45033e-07,0.109961,1,0
8.89648,0.458984,0.551174,-3.63495e-07,0.109961,1,0
8.75977,0.478516,0.334705,-7.15571e-08,0.12362,1,0
8.75977,0.498047,0.0407913,3.16287e-08,0.12362,0.6,0
8.7793,0.478516,0.334705,-7.87041e-08,0.121669,1,0
8.7793,0.498047,0.0407912,3.48795e-08,0.121669,0.6,0
8.79883,0.478516,0.334705,-8.66253e-08,0.119718,1,0
8.79883,0.498047,0.0407912,3.84353e-08,0.119718,0.6,0
8.81836,0.478516,0.334705,-9.52905e-08,0.117766,1,0
8.81836,0.498047,0.0407911,4.2382e-08,0.117766,0.6,0
8.83789,0.478516,0.334705,-1.04884e-07,0.115815,1,0
8.83789,0.498047,0.0407911,4.67042e-08,0.115815,0.6,0
8.85742,0.478516,0.334705,-1.15389e-07,0.113864,1,0
8.85742,0.498047,0.040791,5.14964e-08,0.113864,0.6,0
8.87695,0.478516,0.334705,-1.27009e-07,0.111913,1,0
8.87695,0.498047,0.040791,5.67501e-08,0.111913,0.6,0
8.89648,0.478516,0.334704,-1.39744e-07,0.109961,1,0
8.89648,0.498047,0.0407909,6.25697e-08,0.109961,0.6,0
8.91602,0.322266,0.988481,-1.1386e-06,0.10801,1,0
8.91602,0.341797,0.978179,-1.10858e-06,0.10801,1,0
8.93555,0.322266,0.988481,-1.25232e-06,0.106058,1,0
8.93555,0.341797,0.978179,-1.21947e-06,0.106058,1,0
8.91602,0.361328,0.96054,-1.06005e-06,0.10801,1,0
8.91602,0.380859,0.931383,-9.90669e-07,0.10801,1,0
8.93555,0.361328,0.96054,-1.16628e-06,0.106059,1,0
8.93555,0.380859,0.931383,-1.09013e-06,0.106059,1,0
8.95508,0.322266,0.988481,-1.37756e-06,0.104107,1,0
8.95508,0.341797,0.978178,-1.34159e-06,0.104107,1,0
8.97461,0.322266,0.988481,-1.51548e-06,0.102156,1,0
8.97461,0.341797,0.978178,-1.4761e-06,0.102156,1,0
8.95508,0.361328,0.96054,-1.28328e-06,0.104107,1,0
8.95508,0.380859,0.931383,-1.19971e-06,0.104107,1,0
8.97461,0.361328,0.96054,-1.41215e-06,0.102156,1,0
8.97461,0.380859,0.931383,-1.32039e-06,0.102156,1,0
8.91602,0.400391,0.884833,-8.93788e-07,0.10801,1,0
8.91602,0.419922,0.813018,-7.67872e-07,0.10801,1,0
8.93555,0.400391,0.884833,-9.83756e-07,0.106059,1,0
8.93555,0.419922,0.813018,-8.45217e-07,0.106059,1,0
8.91602,0.439453,0.705879,-6.00011e-07,0.10801,1,0
8.91602,0.458984,0.551174,-4.00092e-07,0.10801,1,0
8.93555,0.439453,0.705879,-6.60536e-07,0.106059,1,0
8.93555,0.458984,0.551174,-4.40516e-07,0.106059,1,0
8.95508,0.400391,0.884833,-1.08277e-06,0.104108,1,0
8.95508,0.419922,0.813017,-9.30503e-07,0.104108,1,0
8.97461,0.400391,0.884833,-1.19193e-06,0.102156,1,0
8.97461,0.419922,0.813017,-1.02436e-06,0.102156,1,0
8.95508,0.439453,0.705879,-7.27231e-07,0.104108,1,0
8.95508,0.458984,0.551174,-4.84915e-07,0.104108,1,0
8.97461,0.439453,0.705879,-8.00665e-07,0.102157,1,0
8.97461,0.458984,0.551173,-5.33936e-07,0.102157,1,0
8.99414,0.322266,0.988481,-1.66738e-06,0.100205,1,0
8.99414,0.341797,0.978178,-1.62425e-06,0.100205,1,0
9.01367,0.322266,0.988481,-1.83467e-06,0.0982533,1,0
9.01367,0.341797,0.978178,-1.78741e-06,0.0982535,1,0
8.99414,0.361328,0.96054,-1.55409e-06,0.100205,1,0
8.99414,0.380859,0.931383,-1.45335e-06,0.100205,1,0
9.01367,0.361328,0.96054,-1.71044e-06,0.0982536,1,0
9.01367,0.380859,0.931383,-1.59978e-06,0.0982538,1,0
9.0332,0.322266,0.988481,-2.0189e-06,0.096302,1,0
9.0332,0.341797,0.978178,-1.96712e-06,0.0963022,1,0
9.05273,0.322266,0.988481,-2.22179e-06,0.0943508,1,0
9.05273,0.341797,0.978178,-2.16506e-06,0.094351,1,0
9.0332,0.361328,0.96054,-1.88266e-06,0.0963024,1,0
9.0332,0.380859,0.931383,-1.76111e-06,0.0963026,1,0
9.05273,0.361328,0.96054,-2.07237e-06,0.0943512,1,0
9.05273,0.380859,0.931383,-1.93881e-06,0.0943514,1,0
8.99414,0.400391,0.884833,-1.31209e-06,0.100205,1,0
8.99414,0.419922,0.813017,-1.12783e-06,0.100205,1,0
9.01367,0.400391,0.884833,-1.44453e-06,0.0982539,1,0
9.01367,0.419922,0.813017,-1.24173e-06,0.0982541,1,0
8.99414,0.439453,0.705878,-8.81586e-07,0.100205,1,0
8.99414,0.458984,0.551173,-5.87804e-07,0.100205,1,0
9.01367,0.439453,0.705878,-9.70696e-07,0.0982541,1,0
9.01367,0.458984,0.551173,-6.47264e-07,0.0982542,1,0
9.0332,0.400391,0.884832,-1.59035e-06,0.0963028,1,0
9.0332,0.419922,0.813017,-1.3673e-06,0.0963029,1,0
9.05273,0.400391,0.884832,-1.75109e-06,0.0943516,1,0
9.05273,0.419922,0.813016,-1.50554e-06,0.0943517,1,0
9.0332,0.439453,0.705878,-1.06889e-06,0.096303,1,0
9.0332,0.458984,0.551172,-7.12634e-07,0.096303,1,0
9.05273,0.439453,0.705878,-1.17705e-06,0.0943518,1,0
9.05273,0.458984,0.551172,-7.84775e-07,0.0943519,1,0
8.91602,0.478516,0.334704,-1.53821e-07,0.10801,1,0
8.91602,0.498047,0.0407908,6.89555e-08,0.10801,0.6,0
8.93555,0.478516,0.334704,-1.6926e-07,0.106059,1,0
8.93555,0.498047,0.0407907,7.6024e-08,0.106059,0.6,0
8.95508,0.478516,0.334704,-1.86316e-07,0.104108,1,0
8.95508,0.498047,0.0407906,8.37863e-08,0.104108,0.6,0
8.97461,0.478516,0.334703,-2.05034e-07,0.102157,1,0
8.97461,0.498047,0.0407905,9.23736e-08,0.102157,0.6,0
8.99414,0.478516,0.334703,-2.25703e-07,0.100205,1,0
8.99414,0.498047,0.0407904,1.0181e-07,0.100205,0.6,0
9.01367,0.478516,0.334703,-2.48401e-07,0.0982542,1,0
9.01367,0.498047,0.0407903,1.12246e-07,0.0982542,0.6,0
9.0332,0.478516,0.334702,-2.73457e-07,0.0963031,1,0
9.0332,0.498047,0.0407902,1.2372e-07,0.0963031,0.6,0
9.05273,0.478516,0.334702,-3.00988e-07,0.0943519,1,0
9.05273,0.498047,0.04079,1.36405e-07,0.0943519,0.6,0
9.07227,0.00976562,1.00073,-3.07959e-07,0.0923967,1,0
9.07227,0.0292969,1.00073,-6.35861e-07,0.0923968,1,0
9.0918,0.00976562,1.00073,-3.38816e-07,0.0904452,1,0
9.0918,0.0292969,1.00073,-6.99544e-07,0.0904453,1,0
9.07227,0.0488281,1.00073,-8.18884e-07,0.0923968,1,0
9.07227,0.0683594,1.00073,-1.0623e-06,0.0923969,1,0
9.0918,0.0488281,1.00073,-9.00899e-07,0.0904453,1,0
9.0918,0.0683594,1.00073,-1.16871e-06,0.0904454,1,0
9.11133,0.00976562,1.00073,-3.72731e-07,0.0884936,1,0
9.11133,0.0292969,1.00073,-7.69532e-07,0.0884937,1,0
9.13086,0.00976562,1.00073,-4.10001e-07,0.0865421,1,0
9.13086,0.0292969,1.00073,-8.46433e-07,0.0865422,1,0
9.11133,0.0488281,1.00073,-9.9103e-07,0.0884938,1,0
9.11133,0.0683594,1.00073,-1.28566e-06,0.0884939,1,0
9.13086,0.0488281,1.00073,-1.09006e-06,0.0865422,1,0
9.13086,0.0683594,1.00073,-1.41416e-06,0.0865424,1,0
9.07227,0.0878906,1.00073,-1.25919e-06,0.092397,1,0
9.07227,0.107422,1.00073,-1.46434e-06,0.0923972,1,0
9.0918,0.0878906,1.00073,-1.38532e-06,0.0904456,1,0
9.0918,0.107422,1.00073,-1.61102e-06,0.0904457,1,0
9.07227,0.126953,1.00072,-1.64618e-06,0.0923973,1,0
9.07227,0.146484,1.00072,-1.81876e-06,0.0923975,1,0
9.0918,0.126953,1.00072,-1.81108e-06,0.0904459,1,0
9.0918,0.146484,1.00072,-2.00095e-06,0.0904461,1,0
9.11133,0.0878906,1.00073,-1.52395e-06,0.0884941,1,0
9.11133,0.107422,1.00073,-1.77227e-06,0.0884942,1,0
9.13086,0.0878906,1.00073,-1.67629e-06,0.0865425,1,0
9.13086,0.107422,1.00073,-1.94947e-06,0.0865427,1,0
9.11133,0.126953,1.00072,-1.99237e-06,0.0884944,1,0
9.11133,0.146484,1.00072,-2.20128e-06,0.0884946,1,0
9.13086,0.126953,1.00072,-2.19163e-06,0.0865429,1,0
9.13086,0.146484,1.00072,-2.4215e-06,0.0865431,1,0
9.15039,0.00976562,1.00073,-4.50949e-07,0.0845905,1,0
9.15039,0.0292969,1.00073,-9.30911e-07,0.0845906,1,0
9.16992,0.00976562,1.00073,-4.95928e-07,0.0826388,1,0
9.16992,0.0292969,1.00073,-1.02369e-06,0.082639,1,0
9.15039,0.0488281,1.00073,-1.19885e-06,0.0845907,1,0
9.15039,0.0683594,1.00073,-1.55533e-06,0.0845908,1,0
9.16992,0.0488281,1.00073,-1.31831e-06,0.0826391,1,0
9.16992,0.0683594,1.00073,-1.71038e-06,0.0826392,1,0
9.18945,0.00976562,1.00073,-5.4532e-07,0.0806872,1,0
9.18945,0.0292969,1.00073,-1.12556e-06,0.0806873,1,0
9.20898,0.00976562,1.00073,-5.99544e-07,0.0787355,1,0
9.20898,0.0292969,1.00073,-1.23737e-06,0.0787356,1,0
9.18945,0.0488281,1.00073,-1.44948e-06,0.0806874,1,0
9.18945,0.0683594,1.00073,-1.88062e-06,0.0806876,1,0
9.20898,0.0488281,1.00073,-1.59345e-06,0.0787357,1,0
9.20898,0.0683594,1.00073,-2.06749e-06,0.0787359,1,0
9.15039,0.0878906,1.00073,-1.84366e-06,0.084591,1,0
9.15039,0.107422,1.00073,-2.14419e-06,0.0845912,1,0
9.16992,0.0878906,1.00073,-2.0275e-06,0.0826394,1,0
9.16992,0.107422,1.00073,-2.3581e-06,0.0826396,1,0
9.15039,0.126953,1.00072,-2.41062e-06,0.0845914,1,0
9.15039,0.146484,1.00072,-2.66357e-06,0.0845916,1,0
9.16992,0.126953,1.00072,-2.65123e-06,0.0826399,1,0
9.16992,0.146484,1.00072,-2.9296e-06,0.0826401,1,0
9.18945,0.0878906,1.00073,-2.22938e-06,0.0806878,1,0
9.18945,0.107422,1.00073,-2.59305e-06,0.080688,1,0
9.20898,0.0878906,1.00073,-2.45101e-06,0.0787361,1,0
9.20898,0.107422,1.00073,-2.85101e-06,0.0787364,1,0
9.18945,0.126953,1.00073,-2.91555e-06,0.0806883,1,0
9.18945,0.146484,1.00072,-3.2219e-06,0.0806886,1,0
9.20898,0.126953,1.00073,-3.20583e-06,0.0787367,1,0
9.20898,0.146484,1.00072,-3.543e-06,0.078737,1,0
9.07227,0.166016,1.0007,-1.9721e-06,0.0923977,1,0
9.07227,0.185547,1.00066,-2.10906e-06,0.0923979,1,0
9.0918,0.166016,1.0007,-2.16966e-06,0.0904463,1,0
9.0918,0.185547,1.00066,-2.32037e-06,0.0904465,1,0
9.07227,0.205078,1.00057,-2.22588e-06,0.0923981,1,0
9.07227,0.224609,1.00037,-2.32247e-06,0.0923983,1,0
9.0918,0.205078,1.00057,-2.44893e-06,0.0904467,1,0
9.0918,0.224609,1.00037,-2.55527e-06,0.090447,1,0
9.11133,0.166016,1.0007,-2.38691e-06,0.0884948,1,0
9.11133,0.185547,1.00066,-2.55278e-06,0.0884951,1,0
9.13086,0.166016,1.0007,-2.6258e-06,0.0865434,1,0
9.13086,0.185547,1.00066,-2.80838e-06,0.0865437,1,0
9.11133,0.205078,1.00057,-2.69431e-06,0.0884953,1,0
9.11133,0.224609,1.00037,-2.81143e-06,0.0884956,1,0
9.13086,0.205078,1.00057,-2.96423e-06,0.0865439,1,0
9.13086,0.224609,1.00037,-3.09326e-06,0.0865442,1,0
9.07227,0.244141,0.999959,-2.39688e-06,0.0923986,1,0
9.07227,0.263672,0.999115,-2.44819e-06,0.0923988,1,0
9.0918,0.244141,0.999959,-2.63724e-06,0.0904472,1,0
9.0918,0.263672,0.999115,-2.69386e-06,0.0904475,1,0
9.07227,0.283203,0.997453,-2.47467e-06,0.0923991,1,0
9.07227,0.302734,0.99429,-2.47471e-06,0.0923993,1,0
9.0918,0.283203,0.997453,-2.72319e-06,0.0904478,1,0
9.0918,0.302734,0.99429,-2.72347e-06,0.090448,1,0
9.11133,0.244141,0.999959,-2.90178e-06,0.0884959,1,0
9.11133,0.263672,0.999115,-2.96427e-06,0.0884962,1,0
9.13086,0.244141,0.999959,-3.19289e-06,0.0865446,1,0
9.13086,0.263672,0.999115,-3.26192e-06,0.0865449,1,0
9.11133,0.283203,0.997453,-2.9968e-06,0.0884965,1,0
9.11133,0.302734,0.99429,-2.99739e-06,0.0884968,1,0
9.13086,0.283203,0.997453,-3.29802e-06,0.0865452,1,0
9.13086,0.302734,0.99429,-3.29903e-06,0.0865455,1,0
9.15039,0.166016,1.0007,-2.88843e-06,0.0845919,1,0
9.15039,0.185547,1.00066,-3.08944e-06,0.0845922,1,0
9.16992,0.166016,1.0007,-3.17712e-06,0.0826404,1,0
9.16992,0.185547,1.00066,-3.39847e-06,0.0826408,1,0
9.15039,0.205078,1.00057,-3.2611e-06,0.0845925,1,0
9.15039,0.224609,1.00037,-3.40331e-06,0.0845929,1,0
9.16992,0.205078,1.00057,-3.58759e-06,0.0826411,1,0
9.16992,0.224609,1.00037,-3.74439e-06,0.0826415,1,0
9.18945,0.166016,1.0007,-3.49439e-06,0.0806889,1,0
9.18945,0.185547,1.00066,-3.73819e-06,0.0806893,1,0
9.20898,0.166016,1.0007,-3.84302e-06,0.0787374,1,0
9.20898,0.185547,1.00066,-4.11159e-06,0.0787378,1,0
9.18945,0.205078,1.00057,-3.94661e-06,0.0806897,1,0
9.18945,0.224609,1.00037,-4.11955e-06,0.0806901,1,0
9.20898,0.205078,1.00057,-4.34134e-06,0.0787382,1,0
9.20898,0.224609,1.00037,-4.53216e-06,0.0787386,1,0
9.15039,0.244141,0.999959,-3.51322e-06,0.0845932,1,0
9.15039,0.263672,0.999115,-3.58953e-06,0.0845936,1,0
9.16992,0.244141,0.999959,-3.8657e-06,0.0826418,1,0
9.16992,0.263672,0.999115,-3.9501e-06,0.0826422,1,0
9.15039,0.283203,0.997453,-3.62964e-06,0.0845939,1,0
9.15039,0.302734,0.99429,-3.63118e-06,0.0845943,1,0
9.16992,0.283203,0.997453,-3.99473e-06,0.0826426,1,0
9.16992,0.302734,0.99429,-3.99695e-06,0.082643,1,0
9.18945,0.244141,0.999959,-4.25352e-06,0.0806905,1,0
9.18945,0.263672,0.999115,-4.34695e-06,0.0806909,1,0
9.20898,0.244141,0.999959,-4.6802e-06,0.0787391,1,0
9.20898,0.263672,0.999115,-4.78369e-06,0.0787396,1,0
9.18945,0.283203,0.997453,-4.39666e-06,0.0806913,1,0
9.18945,0.302734,0.99429,-4.39973e-06,0.0806918,1,0
9.20898,0.283203,0.997453,-4.83914e-06,0.07874,1,0
9.20898,0.302734,0.99429,-4.8433e-06,0.0787405,1,0
9.22852,0.00976562,1.00073,-6.59051e-07,0.0767837,1,0
9.22852,0.0292969,1.00073,-1.36005e-06,0.0767839,1,0
9.24805,0.00976562,1.00073,-7.24334e-07,0.0748319,1,0
9.24805,0.0292969,1.00073,-1.49461e-06,0.0748321,1,0
9.22852,0.0488281,1.00073,-1.7514e-06,0.076784,1,0
9.22852,0.0683594,1.00073,-2.27255e-06,0.0767842,1,0
9.24805,0.0488281,1.00073,-1.92465e-06,0.0748322,1,0
9.24805,0.0683594,1.00073,-2.49748e-06,0.0748325,1,0
9.26758,0.00976562,1.00073,-7.95922e-07,0.0728801,1,0
9.26758,0.0292969,1.00073,-1.64213e-06,0.0728803,1,0
9.28711,0.00976562,1.00073,-8.74389e-07,0.0709282,1,0
9.28711,0.0292969,1.00073,-1.80378e-06,0.0709284,1,0
9.26758,0.0488281,1.00073,-2.11457e-06,0.0728804,1,0
9.26758,0.0683594,1.00073,-2.7441e-06,0.0728807,1,0
9.28711,0.0488281,1.00073,-2.32269e-06,0.0709286,1,0
9.28711,0.0683594,1.00073,-3.01439e-06,0.0709288,1,0
9.22852,0.0878906,1.00073,-2.69424e-06,0.0767845,1,0
9.22852,0.107422,1.00073,-3.13418e-06,0.0767847,1,0
9.24805,0.0878906,1.00073,-2.96107e-06,0.0748327,1,0
9.24805,0.107422,1.00073,-3.4449e-06,0.074833,1,0
9.22852,0.126953,1.00073,-3.52455e-06,0.0767851,1,0
9.22852,0.146484,1.00072,-3.89564e-06,0.0767854,1,0
9.24805,0.126953,1.00073,-3.87437e-06,0.0748334,1,0
9.24805,0.146484,1.00072,-4.28282e-06,0.0748338,1,0
9.26758,0.0878906,1.00073,-3.25369e-06,0.072881,1,0
9.26758,0.107422,1.00073,-3.78574e-06,0.0728813,1,0
9.28711,0.0878906,1.00073,-3.57444e-06,0.0709291,1,0
9.28711,0.107422,1.00073,-4.15944e-06,0.0709295,1,0
9.26758,0.126953,1.00073,-4.25821e-06,0.0728817,1,0
9.26758,0.146484,1.00072,-4.70779e-06,0.0728821,1,0
9.28711,0.126953,1.00073,-4.6792e-06,0.07093,1,0
9.28711,0.146484,1.00072,-5.17408e-06,0.0709304,1,0
9.30664,0.00976562,1.00074,-9.60352e-07,0.0689762,1,0
9.30664,0.0292969,1.00073,-1.98083e-06,0.0689765,1,0
9.32617,0.00976562,1.00074,-1.05447e-06,0.0670242,1,0
9.32617,0.0292969,1.00073,-2.17462e-06,0.0670245,1,0
9.30664,0.0488281,1.00073,-2.55061e-06,0.0689766,1,0
9.30664,0.0683594,1.00073,-3.31045e-06,0.0689769,1,0
9.32617,0.0488281,1.00073,-2.80007e-06,0.0670246,1,0
9.32617,0.0683594,1.00073,-3.63455e-06,0.067025,1,0
9.3457,0.00976562,1.00074,-1.15746e-06,0.0650721,1,0
9.3457,0.0292969,1.00074,-2.38659e-06,0.0650724,1,0
9.36523,0.00976562,1.00074,-1.27007e-06,0.0631199,1,0
9.36523,0.0292969,1.00074,-2.61827e-06,0.0631202,1,0
9.3457,0.0488281,1.00074,-3.07292e-06,0.0650726,1,0
9.3457,0.0683594,1.00073,-3.98912e-06,0.065073,1,0
9.36523,0.0488281,1.00074,-3.37114e-06,0.0631204,1,0
9.36523,0.0683594,1.00074,-4.37674e-06,0.0631208,1,0
9.30664,0.0878906,1.00073,-3.92584e-06,0.0689773,1,0
9.30664,0.107422,1.00073,-4.569e-06,0.0689777,1,0
9.32617,0.0878906,1.00073,-4.31063e-06,0.0670253,1,0
9.32617,0.107422,1.00073,-5.01761e-06,0.0670258,1,0
9.30664,0.126953,1.00073,-5.14074e-06,0.0689782,1,0
9.30664,0.146484,1.00072,-5.6855e-06,0.0689787,1,0
9.32617,0.126953,1.00073,-5.64651e-06,0.0670263,1,0
9.32617,0.146484,1.00072,-6.24618e-06,0.0670269,1,0
9.3457,0.0878906,1.00073,-4.73169e-06,0.0650734,1,0
9.3457,0.107422,1.00073,-5.50872e-06,0.0650739,1,0
9.36523,0.0878906,1.00073,-5.19213e-06,0.0631213,1,0
9.36523,0.107422,1.00073,-6.04599e-06,0.0631218,1,0
9.3457,0.126953,1.00073,-6.20042e-06,0.0650744,1,0
9.3457,0.146484,1.00072,-6.86057e-06,0.065075,1,0
9.36523,0.126953,1.00073,-6.80671e-06,0.0631224,1,0
9.36523,0.146484,1.00072,-7.53344e-06,0.0631231,1,0
9.22852,0.166016,1.0007,-4.22601e-06,0.0767858,1,0
9.22852,0.185547,1.00066,-4.52193e-06,0.0767863,1,0
9.24805,0.166016,1.0007,-4.64666e-06,0.0748342,1,0
9.24805,0.185547,1.00066,-4.97277e-06,0.0748347,1,0
9.22852,0.205078,1.00057,-4.77528e-06,0.0767867,1,0
9.22852,0.224609,1.00037,-4.98591e-06,0.0767872,1,0
9.24805,0.205078,1.00057,-5.25223e-06,0.0748352,1,0
9.24805,0.224609,1.00037,-5.48484e-06,0.0748357,1,0
9.26758,0.166016,1.0007,-5.10853e-06,0.0728826,1,0
9.26758,0.185547,1.00066,-5.468e-06,0.0728831,1,0
9.28711,0.166016,1.0007,-5.61552e-06,0.070931,1,0
9.28711,0.185547,1.00066,-6.01186e-06,0.0709315,1,0
9.26758,0.205078,1.00057,-5.77636e-06,0.0728837,1,0
9.26758,0.224609,1.00037,-6.03337e-06,0.0728843,1,0
9.28711,0.205078,1.00057,-6.35222e-06,0.0709321,1,0
9.28711,0.224609,1.00037,-6.63633e-06,0.0709328,1,0
9.22852,0.244141,0.99996,-5.14959e-06,0.0767877,1,0
9.22852,0.263672,0.999115,-5.26433e-06,0.0767882,1,0
9.24805,0.244141,0.99996,-5.66592e-06,0.0748363,1,0
9.24805,0.263672,0.999116,-5.79326e-06,0.0748369,1,0
9.22852,0.283203,0.997453,-5.32627e-06,0.0767887,1,0
9.22852,0.302734,0.99429,-5.33179e-06,0.0767893,1,0
9.24805,0.283203,0.997453,-5.86255e-06,0.0748374,1,0
9.24805,0.302734,0.99429,-5.86978e-06,0.074838,1,0
9.26758,0.244141,0.99996,-6.23383e-06,0.0728849,1,0
9.26758,0.263672,0.999116,-6.37529e-06,0.0728855,1,0
9.28711,0.244141,0.99996,-6.85843e-06,0.0709334,1,0
9.28711,0.263672,0.999116,-7.01574e-06,0.0709341,1,0
9.26758,0.283203,0.997453,-6.45294e-06,0.0728861,1,0
9.26758,0.302734,0.99429,-6.4623e-06,0.0728868,1,0
9.28711,0.283203,0.997453,-7.10291e-06,0.0709348,1,0
9.28711,0.302734,0.99429,-7.11494e-06,0.0709355,1,0
9.30664,0.166016,1.0007,-6.17184e-06,0.0689793,1,0
9.30664,0.185547,1.00066,-6.60893e-06,0.0689799,1,0
9.32617,0.166016,1.0007,-6.78207e-06,0.0670275,1,0
9.32617,0.185547,1.00066,-7.26422e-06,0.0670282,1,0
9.30664,0.205078,1.00057,-6.98477e-06,0.0689805,1,0
9.30664,0.224609,1.00037,-7.29903e-06,0.0689812,1,0
9.32617,0.205078,1.00057,-7.67942e-06,0.0670289,1,0
9.32617,0.224609,1.00038,-8.02722e-06,0.0670297,1,0
9.3457,0.166016,1.0007,-7.45113e-06,0.0650757,1,0
9.3457,0.185547,1.00066,-7.98315e-06,0.0650765,1,0
9.36523,0.166016,1.0007,-8.18436e-06,0.0631239,1,0
9.36523,0.185547,1.00066,-8.77158e-06,0.0631247,1,0
9.3457,0.205078,1.00057,-8.44203e-06,0.0650773,1,0
9.3457,0.224609,1.00038,-8.82721e-06,0.0650781,1,0
9.36523,0.205078,1.00057,-9.27898e-06,0.0631256,1,0
9.36523,0.224609,1.00038,-9.70586e-06,0.0631265,1,0
9.30664,0.244141,0.99996,-7.54528e-06,0.068982,1,0
9.30664,0.263672,0.999116,-7.72041e-06,0.0689827,1,0
9.32617,0.244141,0.99996,-8.30049e-06,0.0670305,1,0
9.32617,0.263672,0.999116,-8.49572e-06,0.0670313,1,0
9.30664,0.283203,0.997453,-7.81846e-06,0.0689835,1,0
9.30664,0.302734,0.99429,-7.83382e-06,0.0689843,1,0
9.32617,0.283203,0.997453,-8.60622e-06,0.0670322,1,0
9.32617,0.302734,0.99429,-8.62573e-06,0.067033,1,0
9.3457,0.244141,0.999961,-9.13075e-06,0.065079,1,0
9.3457,0.263672,0.999116,-9.34867e-06,0.0650799,1,0
9.36523,0.244141,0.999961,-1.00434e-05,0.0631275,1,0
9.36523,0.263672,0.999116,-1.0287e-05,0.0631285,1,0
9.3457,0.283203,0.997453,-9.47349e-06,0.0650808,1,0
9.3457,0.302734,0.99429,-9.49815e-06,0.0650818,1,0
9.36523,0.283203,0.997453,-1.04283e-05,0.0631295,1,0
9.36523,0.302734,0.99429,-1.04594e-05,0.0631305,1,0
9.07227,0.322266,0.988481,-2.44523e-06,0.0923996,1,0
9.07227,0.341797,0.978178,-2.38307e-06,0.0923998,1,0
9.0918,0.322266,0.988481,-2.69132e-06,0.0904483,1,0
9.0918,0.341797,0.978178,-2.62321e-06,0.0904486,1,0
9.07227,0.361328,0.960539,-2.28134e-06,0.0924,1,0
9.07227,0.380859,0.931382,-2.13459e-06,0.0924002,1,0
9.0918,0.361328,0.960539,-2.51154e-06,0.0904488,1,0
9.0918,0.380859,0.931382,-2.35028e-06,0.0904491,1,0
9.11133,0.322266,0.988481,-2.96234e-06,0.0884971,1,0
9.11133,0.341797,0.978178,-2.88773e-06,0.0884974,1,0
9.13086,0.322266,0.988481,-3.26083e-06,0.0865459,1,0
9.13086,0.341797,0.978178,-3.17911e-06,0.0865462,1,0
9.11133,0.361328,0.960539,-2.76516e-06,0.0884976,1,0
9.11133,0.380859,0.931382,-2.58794e-06,0.0884979,1,0
9.13086,0.361328,0.960539,-3.04457e-06,0.0865465,1,0
9.13086,0.380859,0.931382,-2.84979e-06,0.0865468,1,0
9.07227,0.400391,0.884832,-1.92809e-06,0.0924004,1,0
9.07227,0.419922,0.813016,-1.65796e-06,0.0924006,1,0
9.0918,0.400391,0.884832,-2.12321e-06,0.0904493,1,0
9.0918,0.419922,0.813016,-1.8258e-06,0.0904494,1,0
9.07227,0.439453,0.705877,-1.29625e-06,0.0924007,1,0
9.07227,0.458984,0.551172,-8.64124e-07,0.0924008,1,0
9.0918,0.439453,0.705877,-1.42755e-06,0.0904496,1,0
9.0918,0.458984,0.551171,-9.51684e-07,0.0904496,1,0
9.11133,0.400391,0.884831,-2.33811e-06,0.0884981,1,0
9.11133,0.419922,0.813015,-2.01086e-06,0.0884983,1,0
9.13086,0.400391,0.884831,-2.57504e-06,0.086547,1,0
9.13086,0.419922,0.813015,-2.21472e-06,0.0865472,1,0
9.11133,0.439453,0.705876,-1.57229e-06,0.0884985,1,0
9.11133,0.458984,0.551171,-1.04804e-06,0.0884985,1,0
9.13086,0.439453,0.705876,-1.73178e-06,0.0865474,1,0
9.13086,0.458984,0.55117,-1.15436e-06,0.0865475,1,0
9.15039,0.322266,0.98848,-3.5896e-06,0.0845946,1,0
9.15039,0.341797,0.978178,-3.50011e-06,0.084595,1,0
9.16992,0.322266,0.98848,-3.95172e-06,0.0826434,1,0
9.16992,0.341797,0.978178,-3.85375e-06,0.0826438,1,0
9.15039,0.361328,0.960539,-3.35243e-06,0.0845953,1,0
9.15039,0.380859,0.931381,-3.13838e-06,0.0845956,1,0
9.16992,0.361328,0.960539,-3.69167e-06,0.0826442,1,0
9.16992,0.380859,0.931381,-3.4564e-06,0.0826445,1,0
9.18945,0.322266,0.98848,-4.3506e-06,0.0806922,1,0
9.18945,0.341797,0.978177,-4.24338e-06,0.0806926,1,0
9.20898,0.322266,0.98848,-4.78999e-06,0.078741,1,0
9.20898,0.341797,0.978177,-4.67271e-06,0.0787414,1,0
9.18945,0.361328,0.960538,-4.06552e-06,0.080693,1,0
9.18945,0.380859,0.931381,-3.80697e-06,0.0806934,1,0
9.20898,0.361328,0.960538,-4.47756e-06,0.0787419,1,0
9.20898,0.380859,0.931381,-4.1934e-06,0.0787423,1,0
9.15039,0.400391,0.884831,-2.83606e-06,0.0845959,1,0
9.15039,0.419922,0.813014,-2.43951e-06,0.0845961,1,0
9.16992,0.400391,0.88483,-3.12387e-06,0.0826448,1,0
9.16992,0.419922,0.813014,-2.68722e-06,0.0826451,1,0
9.15039,0.439453,0.705875,-1.90761e-06,0.0845963,1,0
9.15039,0.458984,0.551169,-1.27142e-06,0.0845964,1,0
9.16992,0.439453,0.705875,-2.10143e-06,0.0826452,1,0
9.16992,0.458984,0.551168,-1.40062e-06,0.0826454,1,0
9.18945,0.400391,0.88483,-3.44107e-06,0.0806937,1,0
9.18945,0.419922,0.813013,-2.96043e-06,0.080694,1,0
9.20898,0.400391,0.88483,-3.7909e-06,0.0787427,1,0
9.20898,0.419922,0.813013,-3.26162e-06,0.078743,1,0
9.18945,0.439453,0.705874,-2.31518e-06,0.0806942,1,0
9.18945,0.458984,0.551168,-1.54293e-06,0.0806943,1,0
9.20898,0.439453,0.705873,-2.55088e-06,0.0787432,1,0
9.20898,0.458984,0.551167,-1.70004e-06,0.0787434,1,0
9.07227,0.478516,0.334701,-3.31373e-07,0.0924008,1,0
9.07227,0.498047,0.0407898,1.50362e-07,0.0924008,0.6,0
9.0918,0.478516,0.334701,-3.64779e-07,0.0904497,1,0
9.0918,0.498047,0.0407896,1.65788e-07,0.0904497,0.6,0
9.11133,0.478516,0.3347,-4.01647e-07,0.0884986,1,0
9.11133,0.498047,0.0407894,1.82771e-07,0.0884986,0.6,0
9.13086,0.478516,0.3347,-4.42203e-07,0.0865475,1,0
9.13086,0.498047,0.0407892,2.01541e-07,0.0865475,0.6,0
9.15039,0.478516,0.334699,-4.86965e-07,0.0845964,1,0
9.15039,0.498047,0.040789,2.22216e-07,0.0845964,0.6,0
9.16992,0.478516,0.334698,-5.36237e-07,0.0826454,1,0
9.16992,0.498047,0.0407887,2.45068e-07,0.0826454,0.6,0
9.18945,0.478516,0.334697,-5.90631e-07,0.0806944,1,0
9.18945,0.498047,0.0407884,2.70257e-07,0.0806944,0.6,0
9.20898,0.478516,0.334696,-6.50548e-07,0.0787434,1,0
9.20898,0.498047,0.0407881,2.98103e-07,0.0787434,0.6,0
9.22852,0.322266,0.98848,-5.27404e-06,0.0767898,1,0
9.22852,0.341797,0.978177,-5.14582e-06,0.0767903,1,0
9.24805,0.322266,0.98848,-5.80734e-06,0.0748386,1,0
9.24805,0.341797,0.978177,-5.66724e-06,0.0748391,1,0
9.22852,0.361328,0.960538,-4.93175e-06,0.0767908,1,0
9.22852,0.380859,0.93138,-4.6195e-06,0.0767912,1,0
9.24805,0.361328,0.960538,-5.43248e-06,0.0748397,1,0
9.24805,0.380859,0.93138,-5.08936e-06,0.0748402,1,0
9.26758,0.322266,0.98848,-6.39495e-06,0.0728874,1,0
9.26758,0.341797,0.978177,-6.24198e-06,0.072888,1,0
9.28711,0.322266,0.98848,-7.04246e-06,0.0709362,1,0
9.28711,0.341797,0.978177,-6.87559e-06,0.0709369,1,0
9.26758,0.361328,0.960537,-5.9846e-06,0.0728886,1,0
9.26758,0.380859,0.931379,-5.60763e-06,0.0728892,1,0
9.28711,0.361328,0.960537,-6.59351e-06,0.0709375,1,0
9.28711,0.380859,0.931379,-6.1794e-06,0.0709382,1,0
9.22852,0.400391,0.884829,-4.1766e-06,0.0767916,1,0
9.22852,0.419922,0.813012,-3.59393e-06,0.076792,1,0
9.24805,0.400391,0.884829,-4.60214e-06,0.0748406,1,0
9.24805,0.419922,0.813011,-3.96044e-06,0.074841,1,0
9.22852,0.439453,0.705872,-2.81092e-06,0.0767922,1,0
9.22852,0.458984,0.551166,-1.87322e-06,0.0767924,1,0
9.24805,0.439453,0.705871,-3.09782e-06,0.0748413,1,0
9.24805,0.458984,0.551165,-2.06447e-06,0.0748415,1,0
9.26758,0.400391,0.884828,-5.07154e-06,0.0728897,1,0
9.26758,0.419922,0.813011,-4.36501e-06,0.0728901,1,0
9.28711,0.400391,0.884827,-5.58965e-06,0.0709387,1,0
9.28711,0.419922,0.81301,-4.81149e-06,0.0709392,1,0
9.26758,0.439453,0.70587,-3.41453e-06,0.0728904,1,0
9.26758,0.458984,0.551163,-2.27544e-06,0.0728906,1,0
9.28711,0.439453,0.705869,-3.76417e-06,0.0709395,1,0
9.28711,0.458984,0.551162,-2.50856e-06,0.0709397,1,0
9.30664,0.322266,0.98848,-7.75607e-06,0.068985,1,0
9.30664,0.341797,0.978176,-7.57421e-06,0.0689858,1,0
9.32617,0.322266,0.98848,-8.54263e-06,0.0670339,1,0
9.32617,0.341797,0.978176,-8.34468e-06,0.0670347,1,0
9.30664,0.361328,0.960537,-7.26521e-06,0.0689865,1,0
9.30664,0.380859,0.931378,-6.81039e-06,0.0689872,1,0
9.32617,0.361328,0.960536,-8.00634e-06,0.0670355,1,0
9.32617,0.380859,0.931378,-7.50689e-06,0.0670362,1,0
9.3457,0.322266,0.988479,-9.40973e-06,0.0650827,1,0
9.3457,0.341797,0.978176,-9.19455e-06,0.0650836,1,0
9.36523,0.322266,0.988479,-1.03658e-05,0.0631315,1,0
9.36523,0.341797,0.978175,-1.01322e-05,0.0631325,1,0
9.3457,0.361328,0.960536,-8.82432e-06,0.0650845,1,0
9.3457,0.380859,0.931377,-8.27603e-06,0.0650853,1,0
9.36523,0.361328,0.960535,-9.7274e-06,0.0631335,1,0
9.36523,0.380859,0.931376,-9.12564e-06,0.0631344,1,0
9.30664,0.400391,0.884827,-6.16152e-06,0.0689878,1,0
9.30664,0.419922,0.813009,-5.30463e-06,0.0689883,1,0
9.32617,0.400391,0.884826,-6.79313e-06,0.0670369,1,0
9.32617,0.419922,0.813008,-5.84928e-06,0.0670374,1,0
9.30664,0.439453,0.705868,-4.1504e-06,0.0689887,1,0
9.30664,0.458984,0.551161,-2.76596e-06,0.0689889,1,0
9.32617,0.439453,0.705867,-4.57714e-06,0.0670379,1,0
9.32617,0.458984,0.551159,-3.05062e-06,0.0670381,1,0
9.3457,0.400391,0.884825,-7.4908e-06,0.065086,1,0
9.3457,0.419922,0.813007,-6.45132e-06,0.0650866,1,0
9.36523,0.400391,0.884824,-8.26198e-06,0.0631352,1,0
9.36523,0.419922,0.813005,-7.11688e-06,0.0631359,1,0
9.3457,0.439453,0.705865,-5.04896e-06,0.0650871,1,0
9.3457,0.458984,0.551157,-3.36525e-06,0.0650874,1,0
9.36523,0.439453,0.705864,-5.57082e-06,0.0631364,1,0
9.36523,0.458984,0.551155,-3.71358e-06,0.0631367,1,0
9.22852,0.478516,0.334695,-7.16719e-07,0.0767925,1,0
9.22852,0.498047,0.0407877,3.28818e-07,0.0767924,0.6,0
9.24805,0.478516,0.334694,-7.89672e-07,0.0748415,1,0
9.24805,0.498047,0.0407873,3.62783e-07,0.0748415,0.6,0
9.26758,0.478516,0.334693,-8.70286e-07,0.0728906,1,0
9.26758,0.498047,0.0407869,4.00279e-07,0.0728906,0.6,0
9.28711,0.478516,0.334692,-9.5925e-07,0.0709398,1,0
9.28711,0.498047,0.0407864,4.41764e-07,0.0709398,0.6,0
9.30664,0.478516,0.33469,-1.05764e-06,0.068989,1,0
9.30664,0.498047,0.0407859,4.87603e-07,0.0689889,0.6,0
9.32617,0.478516,0.334689,-1.16635e-06,0.0670382,1,0
9.32617,0.498047,0.0407853,5.38357e-07,0.0670382,0.6,0
9.3457,0.478516,0.334687,-1.28671e-06,0.0650875,1,0
9.3457,0.498047,0.0407847,5.94501e-07,0.0650875,0.6,0
9.36523,0.478516,0.334685,-1.4199e-06,0.0631369,1,0
9.36523,0.498047,0.040784,6.56726e-07,0.0631368,0.6,0
9.38477,0.00976562,1.00074,-1.3931e-06,0.0611677,1,0
9.38477,0.0292969,1.00074,-2.87129e-06,0.061168,1,0
9.4043,0.00976562,1.00074,-1.5274e-06,0.0592153,1,0
9.4043,0.0292969,1.00074,-3.14735e-06,0.0592156,1,0
9.38477,0.0488281,1.00074,-3.6968e-06,0.0611682,1,0
9.38477,0.0683594,1.00074,-4.80014e-06,0.0611687,1,0
9.4043,0.0488281,1.00074,-4.05209e-06,0.0592159,1,0
9.4043,0.0683594,1.00074,-5.2622e-06,0.0592164,1,0
9.42383,0.00976562,1.00074,-1.67385e-06,0.0572628,1,0
9.42383,0.0292969,1.00074,-3.44823e-06,0.0572632,1,0
9.44336,0.00976562,1.00074,-1.83338e-06,0.0553102,1,0
9.44336,0.0292969,1.00074,-3.77578e-06,0.0553106,1,0
9.42383,0.0488281,1.00074,-4.43929e-06,0.0572635,1,0
9.42383,0.0683594,1.00074,-5.76593e-06,0.057264,1,0
9.44336,0.0488281,1.00074,-4.86077e-06,0.055311,1,0
9.44336,0.0683594,1.00074,-6.31445e-06,0.0553115,1,0
9.38477,0.0878906,1.00074,-5.69524e-06,0.0611691,1,0
9.38477,0.107422,1.00073,-6.63333e-06,0.0611697,1,0
9.4043,0.0878906,1.00074,-6.24448e-06,0.0592169,1,0
9.4043,0.107422,1.00073,-7.27487e-06,0.0592176,1,0
9.38477,0.126953,1.00073,-7.46987e-06,0.0611704,1,0
9.38477,0.146484,1.00072,-8.26991e-06,0.0611712,1,0
9.4043,0.126953,1.00073,-8.19468e-06,0.0592183,1,0
9.4043,0.146484,1.00072,-9.07544e-06,0.0592191,1,0
9.42383,0.0878906,1.00074,-6.84348e-06,0.0572646,1,0
9.42383,0.107422,1.00074,-7.97496e-06,0.0572653,1,0
9.44336,0.0878906,1.00074,-7.49603e-06,0.0553122,1,0
9.44336,0.107422,1.00074,-8.73813e-06,0.0553129,1,0
9.42383,0.126953,1.00073,-8.98618e-06,0.0572661,1,0
9.42383,0.146484,1.00072,-9.9558e-06,0.057267,1,0
9.44336,0.126953,1.00073,-9.84968e-06,0.0553138,1,0
9.44336,0.146484,1.00073,-1.09171e-05,0.0553148,1,0
9.46289,0.00976562,1.00075,-2.00693e-06,0.0533575,1,0
9.46289,0.0292969,1.00074,-4.13188e-06,0.053358,1,0
9.48242,0.00976562,1.00075,-2.19548e-06,0.0514047,1,0
9.48242,0.0292969,1.00074,-4.51845e-06,0.0514052,1,0
9.46289,0.0488281,1.00074,-5.31895e-06,0.0533583,1,0
9.46289,0.0683594,1.00074,-6.91097e-06,0.0533589,1,0
9.48242,0.0488281,1.00074,-5.81626e-06,0.0514055,1,0
9.48242,0.0683594,1.00074,-7.55873e-06,0.0514062,1,0
9.50195,0.00976562,1.00075,-2.4e-06,0.0494517,1,0
9.50195,0.0292969,1.00075,-4.9374e-06,0.0494522,1,0
9.52148,0.00976562,1.00075,-2.62144e-06,0.0474985,1,0
9.52148,0.0292969,1.00075,-5.39058e-06,0.0474991,1,0
9.50195,0.0488281,1.00075,-6.35515e-06,0.0494526,1,0
9.50195,0.0683594,1.00074,-8.26099e-06,0.0494533,1,0
9.52148,0.0488281,1.00075,-6.93797e-06,0.0474996,1,0
9.52148,0.0683594,1.00075,-9.0209e-06,0.0475003,1,0
9.46289,0.0878906,1.00074,-8.20601e-06,0.0533596,1,0
9.46289,0.107422,1.00074,-9.56911e-06,0.0533604,1,0
9.48242,0.0878906,1.00074,-8.97739e-06,0.0514069,1,0
9.48242,0.107422,1.00074,-1.04727e-05,0.0514078,1,0
9.46289,0.126953,1.00073,-1.07907e-05,0.0533614,1,0
9.46289,0.146484,1.00073,-1.19658e-05,0.0533625,1,0
9.48242,0.126953,1.00074,-1.18149e-05,0.0514089,1,0
9.48242,0.146484,1.00073,-1.31084e-05,0.05141,1,0
9.50195,0.0878906,1.00074,-9.81415e-06,0.0494541,1,0
9.50195,0.107422,1.00074,-1.14537e-05,0.0494551,1,0
9.52148,0.0878906,1.00074,-1.07202e-05,0.0475012,1,0
9.52148,0.107422,1.00074,-1.25171e-05,0.0475023,1,0
9.50195,0.126953,1.00074,-1.29281e-05,0.0494562,1,0
9.50195,0.146484,1.00073,-1.43519e-05,0.0494575,1,0
9.52148,0.126953,1.00074,-1.41361e-05,0.0475035,1,0
9.52148,0.146484,1.00073,-1.57032e-05,0.0475048,1,0
9.38477,0.166016,1.0007,-8.98747e-06,0.061172,1,0
9.38477,0.185547,1.00066,-9.63583e-06,0.0611729,1,0
9.4043,0.166016,1.00071,-9.86658e-06,0.05922,1,0
9.4043,0.185547,1.00066,-1.05827e-05,0.059221,1,0
9.38477,0.205078,1.00057,-1.01972e-05,0.0611738,1,0
9.38477,0.224609,1.00038,-1.06706e-05,0.0611748,1,0
9.4043,0.205078,1.00057,-1.12041e-05,0.059222,1,0
9.4043,0.224609,1.00038,-1.17297e-05,0.0592232,1,0
9.42383,0.166016,1.00071,-1.08282e-05,0.057268,1,0
9.42383,0.185547,1.00067,-1.16195e-05,0.057269,1,0
9.44336,0.166016,1.00071,-1.18794e-05,0.0553158,1,0
9.44336,0.185547,1.00067,-1.2754e-05,0.055317,1,0
9.42383,0.205078,1.00057,-1.23078e-05,0.0572702,1,0
9.42383,0.224609,1.00038,-1.28917e-05,0.0572714,1,0
9.44336,0.205078,1.00058,-1.35168e-05,0.0553183,1,0
9.44336,0.224609,1.00038,-1.41662e-05,0.0553196,1,0
9.38477,0.244141,0.999961,-1.10463e-05,0.0611759,1,0
9.38477,0.263672,0.999117,-1.13191e-05,0.061177,1,0
9.4043,0.244141,0.999962,-1.21483e-05,0.0592243,1,0
9.4043,0.263672,0.999117,-1.24543e-05,0.0592255,1,0
9.38477,0.283203,0.997453,-1.14795e-05,0.0611781,1,0
9.38477,0.302734,0.99429,-1.15185e-05,0.0611793,1,0
9.4043,0.283203,0.997453,-1.26368e-05,0.0592267,1,0
9.4043,0.302734,0.99429,-1.26857e-05,0.059228,1,0
9.42383,0.244141,0.999962,-1.33589e-05,0.0572727,1,0
9.42383,0.263672,0.999117,-1.37026e-05,0.057274,1,0
9.44336,0.244141,0.999962,-1.46883e-05,0.055321,1,0
9.44336,0.263672,0.999117,-1.50753e-05,0.0553225,1,0
9.42383,0.283203,0.997454,-1.39109e-05,0.0572754,1,0
9.42383,0.302734,0.99429,-1.39721e-05,0.0572767,1,0
9.44336,0.283203,0.997454,-1.53136e-05,0.0553239,1,0
9.44336,0.302734,0.99429,-1.53901e-05,0.0553255,1,0
9.46289,0.166016,1.00071,-1.30273e-05,0.0533636,1,0
9.46289,0.185547,1.00067,-1.39944e-05,0.0533649,1,0
9.48242,0.166016,1.00071,-1.42797e-05,0.0514113,1,0
9.48242,0.185547,1.00067,-1.53496e-05,0.0514127,1,0
9.46289,0.205078,1.00058,-1.48405e-05,0.0533663,1,0
9.46289,0.224609,1.00038,-1.55635e-05,0.0533677,1,0
9.48242,0.205078,1.00058,-1.62887e-05,0.0514142,1,0
9.48242,0.224609,1.00038,-1.70945e-05,0.0514158,1,0
9.50195,0.166016,1.00071,-1.56444e-05,0.0494589,1,0
9.50195,0.185547,1.00067,-1.68286e-05,0.0494604,1,0
9.52148,0.166016,1.00071,-1.71298e-05,0.0475063,1,0
9.52148,0.185547,1.00067,-1.8441e-05,0.047508,1,0
9.50195,0.205078,1.00058,-1.78719e-05,0.049462,1,0
9.50195,0.224609,1.00038,-1.8771e-05,0.0494638,1,0
9.52148,0.205078,1.00058,-1.96009e-05,0.0475098,1,0
9.52148,0.224609,1.00038,-2.06055e-05,0.0475117,1,0
9.46289,0.244141,0.999963,-1.61478e-05,0.0533693,1,0
9.46289,0.263672,0.999118,-1.65844e-05,0.0533709,1,0
9.48242,0.244141,0.999963,-1.77494e-05,0.0514175,1,0
9.48242,0.263672,0.999118,-1.82431e-05,0.0514192,1,0
9.46289,0.283203,0.997454,-1.68579e-05,0.0533725,1,0
9.46289,0.302734,0.99429,-1.69533e-05,0.0533742,1,0
9.48242,0.283203,0.997454,-1.85579e-05,0.051421,1,0
9.48242,0.302734,0.99429,-1.86769e-05,0.0514229,1,0
9.50195,0.244141,0.999964,-1.95063e-05,0.0494656,1,0
9.50195,0.263672,0.999118,-2.00658e-05,0.0494675,1,0
9.52148,0.244141,0.999965,-2.14325e-05,0.0475137,1,0
9.52148,0.263672,0.999119,-2.20681e-05,0.0475158,1,0
9.50195,0.283203,0.997454,-2.04294e-05,0.0494695,1,0
9.50195,0.302734,0.99429,-2.05775e-05,0.0494715,1,0
9.52148,0.283203,0.997455,-2.24894e-05,0.047518,1,0
9.52148,0.302734,0.99429,-2.26738e-05,0.0475202,1,0
9.54102,0.00976562,1.00076,-2.86073e-06,0.0455452,1,0
9.54102,0.0292969,1.00075,-5.87976e-06,0.0455458,1,0
9.56055,0.00976562,1.00076,-3.11873e-06,0.0435917,1,0
9.56055,0.0292969,1.00075,-6.40654e-06,0.0435924,1,0
9.54102,0.0488281,1.00075,-7.56695e-06,0.0455463,1,0
9.54102,0.0683594,1.00075,-9.8415e-06,0.0455472,1,0
9.56055,0.0488281,1.00075,-8.24413e-06,0.0435929,1,0
9.56055,0.0683594,1.00075,-1.07256e-05,0.0435938,1,0
9.58008,0.00976562,1.00076,-3.39621e-06,0.041638,1,0
9.58008,0.0292969,1.00075,-6.97229e-06,0.0416387,1,0
9.59961,0.00976562,1.00076,-3.69379e-06,0.0396841,1,0
9.59961,0.0292969,1.00076,-7.57807e-06,0.0396849,1,0
9.58008,0.0488281,1.00075,-8.9712e-06,0.0416393,1,0
9.58008,0.0683594,1.00075,-1.16754e-05,0.0416403,1,0
9.59961,0.0488281,1.00076,-9.74948e-06,0.0396855,1,0
9.59961,0.0683594,1.00075,-1.2693e-05,0.0396865,1,0
9.54102,0.0878906,1.00075,-1.16993e-05,0.0455481,1,0
9.54102,0.107422,1.00074,-1.36675e-05,0.0455492,1,0
9.56055,0.0878906,1.00075,-1.27549e-05,0.0435948,1,0
9.56055,0.107422,1.00075,-1.49093e-05,0.043596,1,0
9.54102,0.126953,1.00074,-1.54447e-05,0.0455505,1,0
9.54102,0.146484,1.00073,-1.71692e-05,0.045552,1,0
9.56055,0.126953,1.00074,-1.68593e-05,0.0435974,1,0
9.56055,0.146484,1.00073,-1.87567e-05,0.043599,1,0
9.58008,0.0878906,1.00075,-1.38901e-05,0.0416413,1,0
9.58008,0.107422,1.00075,-1.62466e-05,0.0416426,1,0
9.59961,0.0878906,1.00075,-1.51073e-05,0.0396876,1,0
9.59961,0.107422,1.00075,-1.76826e-05,0.0396891,1,0
9.58008,0.126953,1.00074,-1.8385e-05,0.0416442,1,0
9.58008,0.146484,1.00074,-2.04722e-05,0.0416459,1,0
9.59961,0.126953,1.00075,-2.00262e-05,0.0396907,1,0
9.59961,0.146484,1.00074,-2.23214e-05,0.0396925,1,0
9.61914,0.00976562,1.00077,-4.01192e-06,0.03773,1,0
9.61914,0.0292969,1.00076,-8.22452e-06,0.0377308,1,0
9.63867,0.00976562,1.00077,-4.35081e-06,0.0357756,1,0
9.63867,0.0292969,1.00076,-8.91174e-06,0.0357765,1,0
9.61914,0.0488281,1.00076,-1.05797e-05,0.0377314,1,0
9.61914,0.0683594,1.00076,-1.37794e-05,0.0377325,1,0
9.63867,0.0488281,1.00076,-1.14619e-05,0.0357771,1,0
9.63867,0.0683594,1.00076,-1.4935e-05,0.0357783,1,0
9.6582,0.00976562,1.00078,-4.71035e-06,0.033821,1,0
9.6582,0.0292969,1.00077,-9.63918e-06,0.0338219,1,0
9.67773,0.00976562,1.00078,-5.0901e-06,0.0318661,1,0
9.67773,0.0292969,1.00077,-1.04055e-05,0.0318671,1,0
9.6582,0.0488281,1.00077,-1.23952e-05,0.0338226,1,0
9.6582,0.0683594,1.00076,-1.61587e-05,0.0338238,1,0
9.67773,0.0488281,1.00077,-1.33777e-05,0.0318678,1,0
9.67773,0.0683594,1.00077,-1.74483e-05,0.0318691,1,0
9.61914,0.0878906,1.00076,-1.64081e-05,0.0377337,1,0
9.61914,0.107422,1.00075,-1.92199e-05,0.0377353,1,0
9.63867,0.0878906,1.00076,-1.77931e-05,0.0357796,1,0
9.63867,0.107422,1.00076,-2.08596e-05,0.0357812,1,0
9.61914,0.126953,1.00075,-2.17865e-05,0.037737,1,0
9.61914,0.146484,1.00074,-2.43093e-05,0.037739,1,0
9.63867,0.126953,1.00075,-2.36681e-05,0.0357831,1,0
9.63867,0.146484,1.00074,-2.64395e-05,0.0357852,1,0
9.6582,0.0878906,1.00076,-1.92616e-05,0.0338252,1,0
9.6582,0.107422,1.00076,-2.26016e-05,0.0338269,1,0
9.67773,0.0878906,1.00077,-2.08111e-05,0.0318705,1,0
9.67773,0.107422,1.00076,-2.44436e-05,0.0318723,1,0
9.6582,0.126953,1.00075,-2.56715e-05,0.0338289,1,0
9.6582,0.146484,1.00075,-2.8714e-05,0.0338311,1,0
9.67773,0.126953,1.00076,-2.77953e-05,0.0318744,1,0
9.67773,0.146484,1.00075,-3.11325e-05,0.0318768,1,0
9.54102,0.166016,1.00071,-1.8744e-05,0.0455536,1,0
9.54102,0.185547,1.00067,-2.01966e-05,0.0455554,1,0
9.56055,0.166016,1.00071,-2.04954e-05,0.0436008,1,0
9.56055,0.185547,1.00067,-2.21053e-05,0.0436028,1,0
9.54102,0.205078,1.00058,-2.14872e-05,0.0455574,1,0
9.54102,0.224609,1.00038,-2.26111e-05,0.0455595,1,0
9.56055,0.205078,1.00058,-2.35427e-05,0.0436049,1,0
9.56055,0.224609,1.00038,-2.48017e-05,0.0436071,1,0
9.58008,0.166016,1.00072,-2.23918e-05,0.0416478,1,0
9.58008,0.185547,1.00067,-2.4177e-05,0.0416499,1,0
9.59961,0.166016,1.00072,-2.44409e-05,0.0396946,1,0
9.59961,0.185547,1.00068,-2.64211e-05,0.0396969,1,0
9.58008,0.205078,1.00058,-2.57792e-05,0.0416522,1,0
9.58008,0.224609,1.00038,-2.71915e-05,0.0416547,1,0
9.59961,0.205078,1.00058,-2.82086e-05,0.0396994,1,0
9.59961,0.224609,1.00039,-2.97952e-05,0.039702,1,0
9.54102,0.244141,0.999966,-2.3543e-05,0.0455617,1,0
9.54102,0.263672,0.999119,-2.4267e-05,0.045564,1,0
9.56055,0.244141,0.999966,-2.58539e-05,0.0436095,1,0
9.56055,0.263672,0.99912,-2.66806e-05,0.0436121,1,0
9.54102,0.283203,0.997455,-2.47567e-05,0.0455664,1,0
9.54102,0.302734,0.99429,-2.49861e-05,0.0455688,1,0
9.56055,0.283203,0.997455,-2.72518e-05,0.0436147,1,0
9.56055,0.302734,0.99429,-2.75371e-05,0.0436174,1,0
9.58008,0.244141,0.999967,-2.83818e-05,0.0416573,1,0
9.58008,0.263672,0.999121,-2.93285e-05,0.0416601,1,0
9.59961,0.244141,0.999969,-3.11445e-05,0.0397049,1,0
9.59961,0.263672,0.999122,-3.22314e-05,0.0397079,1,0
9.58008,0.283203,0.997456,-2.99968e-05,0.0416629,1,0
9.58008,0.302734,0.99429,-3.03516e-05,0.0416659,1,0
9.59961,0.283203,0.997456,-3.30159e-05,0.0397111,1,0
9.59961,0.302734,0.99429,-3.34571e-05,0.0397144,1,0
9.61914,0.166016,1.00072,-2.66493e-05,0.0377412,1,0
9.61914,0.185547,1.00068,-2.88467e-05,0.0377437,1,0
9.63867,0.166016,1.00072,-2.90226e-05,0.0357876,1,0
9.63867,0.185547,1.00068,-3.14616e-05,0.0357902,1,0
9.61914,0.205078,1.00059,-3.08426e-05,0.0377463,1,0
9.61914,0.224609,1.00039,-3.26273e-05,0.0377492,1,0
9.63867,0.205078,1.00059,-3.36918e-05,0.0357931,1,0
9.63867,0.224609,1.00039,-3.57021e-05,0.0357962,1,0
9.6582,0.166016,1.00073,-3.15645e-05,0.0338337,1,0
9.6582,0.185547,1.00068,-3.42721e-05,0.0338365,1,0
9.67773,0.166016,1.00073,-3.42766e-05,0.0318795,1,0
9.67773,0.185547,1.00069,-3.72821e-05,0.0318825,1,0
9.6582,0.205078,1.00059,-3.67658e-05,0.0338396,1,0
9.6582,0.224609,1.00039,-3.9033e-05,0.033843,1,0
9.67773,0.205078,1.00059,-4.00719e-05,0.0318858,1,0
9.67773,0.224609,1.00039,-4.26317e-05,0.0318895,1,0
9.61914,0.244141,0.99997,-3.416e-05,0.0377524,1,0
9.61914,0.263672,0.999123,-3.54112e-05,0.0377557,1,0
9.63867,0.244141,0.999971,-3.74465e-05,0.0357996,1,0
9.63867,0.263672,0.999124,-3.88907e-05,0.0358032,1,0
9.61914,0.283203,0.997457,-3.63349e-05,0.0377591,1,0
9.61914,0.302734,0.99429,-3.68836e-05,0.0377627,1,0
9.63867,0.283203,0.997458,-3.99817e-05,0.035807,1,0
9.63867,0.302734,0.994291,-4.06638e-05,0.035811,1,0
9.6582,0.244141,0.999973,-4.1022e-05,0.0338467,1,0
9.6582,0.263672,0.999125,-4.26933e-05,0.0338506,1,0
9.67773,0.244141,0.999975,-4.49035e-05,0.0318935,1,0
9.67773,0.263672,0.999127,-4.68419e-05,0.0318977,1,0
9.6582,0.283203,0.997459,-4.39854e-05,0.0338548,1,0
9.6582,0.302734,0.994291,-4.48335e-05,0.0338591,1,0
9.67773,0.283203,0.99746,-4.83763e-05,0.0319023,1,0
9.67773,0.302734,0.994292,-4.94306e-05,0.0319071,1,0
9.38477,0.322266,0.988479,-1.14201e-05,0.0611804,1,0
9.38477,0.341797,0.978175,-1.11671e-05,0.0611815,1,0
9.4043,0.322266,0.988479,-1.2583e-05,0.0592292,1,0
9.4043,0.341797,0.978175,-1.23096e-05,0.0592305,1,0
9.38477,0.361328,0.960535,-1.07248e-05,0.0611826,1,0
9.38477,0.380859,0.931376,-1.00646e-05,0.0611836,1,0
9.4043,0.361328,0.960534,-1.18268e-05,0.0592317,1,0
9.4043,0.380859,0.931375,-1.11028e-05,0.0592328,1,0
9.42383,0.322266,0.988479,-1.38661e-05,0.0572781,1,0
9.42383,0.341797,0.978174,-1.35713e-05,0.0572795,1,0
9.44336,0.322266,0.988479,-1.5282e-05,0.055327,1,0
9.44336,0.341797,0.978174,-1.49653e-05,0.0553285,1,0
9.42383,0.361328,0.960534,-1.30448e-05,0.0572808,1,0
9.42383,0.380859,0.931374,-1.22513e-05,0.057282,1,0
9.44336,0.361328,0.960533,-1.43919e-05,0.0553299,1,0
9.44336,0.380859,0.931373,-1.35226e-05,0.0553313,1,0
9.38477,0.400391,0.884823,-9.11461e-06,0.0611845,1,0
9.38477,0.419922,0.813004,-7.85332e-06,0.0611852,1,0
9.4043,0.400391,0.884822,-1.00581e-05,0.0592337,1,0
9.4043,0.419922,0.813002,-8.66845e-06,0.0592346,1,0
9.38477,0.439453,0.705862,-6.14847e-06,0.0611858,1,0
9.38477,0.458984,0.551153,-4.09913e-06,0.0611861,1,0
9.4043,0.439453,0.70586,-6.78823e-06,0.0592352,1,0
9.4043,0.458984,0.551151,-4.52655e-06,0.0592356,1,0
9.42383,0.400391,0.88482,-1.11024e-05,0.0572831,1,0
9.42383,0.419922,0.813001,-9.57157e-06,0.057284,1,0
9.44336,0.400391,0.884819,-1.22596e-05,0.0553325,1,0
9.44336,0.419922,0.812999,-1.05727e-05,0.0553335,1,0
9.42383,0.439453,0.705858,-7.49742e-06,0.0572847,1,0
9.42383,0.458984,0.551148,-5.00045e-06,0.0572851,1,0
9.44336,0.439453,0.705855,-8.28418e-06,0.0553343,1,0
9.44336,0.458984,0.551145,-5.52676e-06,0.0553347,1,0
9.46289,0.322266,0.988478,-1.6845e-05,0.0533758,1,0
9.46289,0.341797,0.978173,-1.65059e-05,0.0533775,1,0
9.48242,0.322266,0.988478,-1.8571e-05,0.0514247,1,0
9.48242,0.341797,0.978173,-1.82096e-05,0.0514265,1,0
9.46289,0.361328,0.960532,-1.58826e-05,0.0533791,1,0
9.46289,0.380859,0.931372,-1.49308e-05,0.0533806,1,0
9.48242,0.361328,0.960531,-1.7533e-05,0.0514283,1,0
9.48242,0.380859,0.931371,-1.64919e-05,0.05143,1,0
9.50195,0.322266,0.988478,-2.04775e-05,0.0494736,1,0
9.50195,0.341797,0.978172,-2.00945e-05,0.0494756,1,0
9.52148,0.322266,0.988478,-2.25841e-05,0.0475224,1,0
9.52148,0.341797,0.978172,-2.2181e-05,0.0475247,1,0
9.50195,0.361328,0.96053,-1.93618e-05,0.0494775,1,0
9.50195,0.380859,0.931369,-1.8224e-05,0.0494794,1,0
9.52148,0.361328,0.960529,-2.13897e-05,0.0475268,1,0
9.52148,0.380859,0.931368,-2.01477e-05,0.0475289,1,0
9.46289,0.400391,0.884817,-1.35424e-05,0.0533819,1,0
9.46289,0.419922,0.812997,-1.16838e-05,0.053383,1,0
9.48242,0.400391,0.884816,-1.49662e-05,0.0514314,1,0
9.48242,0.419922,0.812994,-1.29179e-05,0.0514327,1,0
9.46289,0.439453,0.705853,-9.15796e-06,0.0533839,1,0
9.46289,0.458984,0.551142,-6.11157e-06,0.0533844,1,0
9.48242,0.439453,0.70585,-1.01294e-05,0.0514336,1,0
9.48242,0.458984,0.551138,-6.76257e-06,0.0514342,1,0
9.50195,0.400391,0.884814,-1.65477e-05,0.049481,1,0
9.50195,0.419922,0.812992,-1.42904e-05,0.0494824,1,0
9.52148,0.400391,0.884812,-1.83066e-05,0.0475307,1,0
9.52148,0.419922,0.812989,-1.58186e-05,0.0475322,1,0
9.50195,0.439453,0.705846,-1.12109e-05,0.0494835,1,0
9.50195,0.458984,0.551134,-7.48791e-06,0.0494841,1,0
9.52148,0.439453,0.705843,-1.24165e-05,0.0475334,1,0
9.52148,0.458984,0.55113,-8.29776e-06,0.0475341,1,0
9.38477,0.478516,0.334682,-1.56757e-06,0.0611863,1,0
9.38477,0.498047,0.0407832,7.25653e-07,0.0611862,0.6,0
9.4043,0.478516,0.33468,-1.73129e-06,0.0592357,1,0
9.4043,0.498047,0.0407823,8.02148e-07,0.0592357,0.6,0
9.42383,0.478516,0.334677,-1.91316e-06,0.0572853,1,0
9.42383,0.498047,0.0407814,8.87028e-07,0.0572852,0.6,0
9.44336,0.478516,0.334674,-2.11524e-06,0.0553349,1,0
9.44336,0.498047,0.0407803,9.81392e-07,0.0553348,0.6,0
9.46289,0.478516,0.334671,-2.34028e-06,0.0533846,1,0
9.46289,0.498047,0.0407792,1.08633e-06,0.0533846,0.6,0
9.48242,0.478516,0.334667,-2.59107e-06,0.0514345,1,0
9.48242,0.498047,0.0407779,1.20325e-06,0.0514344,0.6,0
9.50195,0.478516,0.334663,-2.87122e-06,0.0494844,1,0
9.50195,0.498047,0.0407764,1.33363e-06,0.0494843,0.6,0
9.52148,0.478516,0.334659,-3.18458e-06,0.0475344,1,0
9.52148,0.498047,0.0407749,1.47934e-06,0.0475343,0.6,0
9.54102,0.322266,0.988477,-2.4913e-05,0.0455713,1,0
9.54102,0.341797,0.978171,-2.44923e-05,0.0455738,1,0
9.56055,0.322266,0.988477,-2.74884e-05,0.0436201,1,0
9.56055,0.341797,0.978171,-2.70544e-05,0.0436229,1,0
9.54102,0.361328,0.960528,-2.36402e-05,0.0455762,1,0
9.54102,0.380859,0.931366,-2.22864e-05,0.0455784,1,0
9.56055,0.361328,0.960527,-2.61405e-05,0.0436255,1,0
9.56055,0.380859,0.931364,-2.4667e-05,0.043628,1,0
9.58008,0.322266,0.988477,-3.03378e-05,0.0416689,1,0
9.58008,0.341797,0.97817,-2.98965e-05,0.041672,1,0
9.59961,0.322266,0.988477,-3.34917e-05,0.0397177,1,0
9.59961,0.341797,0.978169,-3.30519e-05,0.0397211,1,0
9.58008,0.361328,0.960526,-2.89209e-05,0.0416749,1,0
9.58008,0.380859,0.931362,-2.73206e-05,0.0416777,1,0
9.59961,0.361328,0.960525,-3.20166e-05,0.0397243,1,0
9.59961,0.380859,0.93136,-3.02829e-05,0.0397275,1,0
9.54102,0.400391,0.88481,-2.02652e-05,0.0455805,1,0
9.54102,0.419922,0.812986,-1.75229e-05,0.0455822,1,0
9.56055,0.400391,0.884807,-2.24495e-05,0.0436303,1,0
9.56055,0.419922,0.812983,-1.94266e-05,0.0436322,1,0
9.54102,0.439453,0.705839,-1.37628e-05,0.0455835,1,0
9.54102,0.458984,0.551125,-9.20324e-06,0.0455843,1,0
9.56055,0.439453,0.705834,-1.5269e-05,0.0436337,1,0
9.56055,0.458984,0.55112,-1.02182e-05,0.0436346,1,0
9.58008,0.400391,0.884804,-2.48892e-05,0.0416803,1,0
9.58008,0.419922,0.812979,-2.15571e-05,0.0416824,1,0
9.59961,0.400391,0.884801,-2.76195e-05,0.0397303,1,0
9.59961,0.419922,0.812975,-2.39463e-05,0.0397327,1,0
9.58008,0.439453,0.705829,-1.69577e-05,0.0416841,1,0
9.58008,0.458984,0.551114,-1.13581e-05,0.041685,1,0
9.59961,0.439453,0.705824,-1.88553e-05,0.0397346,1,0
9.59961,0.458984,0.551107,-1.26422e-05,0.0397357,1,0
9.61914,0.322266,0.988476,-3.6984e-05,0.0377664,1,0
9.61914,0.341797,0.978168,-3.65579e-05,0.0377701,1,0
9.63867,0.322266,0.988476,-4.08527e-05,0.0358151,1,0
9.63867,0.341797,0.978168,-4.04572e-05,0.0358192,1,0
9.61914,0.361328,0.960523,-3.54677e-05,0.0377738,1,0
9.61914,0.380859,0.931358,-3.35954e-05,0.0377773,1,0
9.63867,0.361328,0.960522,-3.93203e-05,0.0358233,1,0
9.63867,0.380859,0.931356,-3.73063e-05,0.0358272,1,0
9.6582,0.322266,0.988476,-4.51396e-05,0.0338636,1,0
9.6582,0.341797,0.978167,-4.47977e-05,0.0338682,1,0
9.67773,0.322266,0.988476,-4.98912e-05,0.031912,1,0
9.67773,0.341797,0.978166,-4.96338e-05,0.0319171,1,0
9.6582,0.361328,0.96052,-4.36276e-05,0.0338728,1,0
9.6582,0.380859,0.931353,-4.14722e-05,0.0338771,1,0
9.67773,0.361328,0.960518,-4.84509e-05,0.0319222,1,0
9.67773,0.380859,0.93135,-4.61594e-05,0.0319271,1,0
9.61914,0.400391,0.884798,-3.06808e-05,0.0377805,1,0
9.61914,0.419922,0.81297,-2.66324e-05,0.0377832,1,0
9.63867,0.400391,0.884794,-3.41218e-05,0.0358308,1,0
9.63867,0.419922,0.812965,-2.96601e-05,0.0358338,1,0
9.61914,0.439453,0.705818,-2.09939e-05,0.0377853,1,0
9.61914,0.458984,0.5511,-1.40929e-05,0.0377865,1,0
9.63867,0.439453,0.705811,-2.34113e-05,0.0358362,1,0
9.63867,0.458984,0.551092,-1.5738e-05,0.0358376,1,0
9.6582,0.400391,0.88479,-3.79991e-05,0.0338812,1,0
9.6582,0.419922,0.812959,-3.3084e-05,0.0338846,1,0
9.67773,0.400391,0.884786,-4.2381e-05,0.0319317,1,0
9.67773,0.419922,0.812953,-3.6969e-05,0.0319356,1,0
9.6582,0.439453,0.705804,-2.61539e-05,0.0338873,1,0
9.6582,0.458984,0.551083,-1.76107e-05,0.0338889,1,0
9.67773,0.439453,0.705796,-2.9278e-05,0.0319386,1,0
9.67773,0.458984,0.551073,-1.9753e-05,0.0319404,1,0
9.54102,0.478516,0.334654,-3.53605e-06,0.0455846,1,0
9.54102,0.498047,0.0407731,1.64238e-06,0.0455845,0.6,0
9.56055,0.478516,0.334648,-3.93106e-06,0.043635,1,0
9.56055,0.498047,0.0407712,1.82529e-06,0.0436348,0.6,0
9.58008,0.478516,0.334642,-4.37645e-06,0.0416855,1,0
9.58008,0.498047,0.040769,2.03089e-06,0.0416853,0.6,0
9.59961,0.478516,0.334635,-4.88008e-06,0.0397362,1,0
9.59961,0.498047,0.0407666,2.26271e-06,0.039736,0.6,0
9.61914,0.478516,0.334627,-5.45185e-06,0.0377871,1,0
9.61914,0.498047,0.0407639,2.52482e-06,0.0377869,0.6,0
9.63867,0.478516,0.334619,-6.10355e-06,0.0358382,1,0
9.63867,0.498047,0.0407609,2.82233e-06,0.035838,0.6,0
9.6582,0.478516,0.334609,-6.85012e-06,0.0338896,1,0
9.6582,0.498047,0.0407576,3.16136e-06,0.0338894,0.6,0
9.67773,0.478516,0.334599,-7.71002e-06,0.0319413,1,0
9.67773,0.498047,0.0407538,3.54952e-06,0.031941,0.6,0
9.69727,0.00976562,1.00079,-5.48916e-06,0.0299109,1,0
9.69727,0.0292969,1.00077,-1.12083e-05,0.029912,1,0
9.7168,0.00976562,1.00079,-5.90611e-06,0.0279555,1,0
9.7168,0.0292969,1.00078,-1.20441e-05,0.0279566,1,0
9.69727,0.0488281,1.00077,-1.44063e-05,0.0299127,1,0
9.69727,0.0683594,1.00077,-1.88e-05,0.0299141,1,0
9.7168,0.0488281,1.00078,-1.54761e-05,0.0279573,1,0
9.7168,0.0683594,1.00077,-2.02077e-05,0.0279588,1,0
9.73633,0.00976562,1.0008,-6.33893e-06,0.0259998,1,0
9.73633,0.0292969,1.00078,-1.29083e-05,0.0260009,1,0
9.75586,0.00976562,1.0008,-6.78496e-06,0.0240437,1,0
9.75586,0.0292969,1.00079,-1.37947e-05,0.0240449,1,0
9.73633,0.0488281,1.00078,-1.6581e-05,0.0260017,1,0
9.73633,0.0683594,1.00078,-2.16632e-05,0.0260031,1,0
9.75586,0.0488281,1.00079,-1.77125e-05,0.0240457,1,0
9.75586,0.0683594,1.00078,-2.3156e-05,0.0240472,1,0
9.69727,0.0878906,1.00077,-2.24371e-05,0.0299156,1,0
9.69727,0.107422,1.00077,-2.63811e-05,0.0299175,1,0
9.7168,0.0878906,1.00077,-2.41328e-05,0.0279603,1,0
9.7168,0.107422,1.00077,-2.84068e-05,0.0279623,1,0
9.69727,0.126953,1.00076,-3.00352e-05,0.0299196,1,0
9.69727,0.146484,1.00075,-3.36916e-05,0.0299222,1,0
9.7168,0.126953,1.00076,-3.23838e-05,0.0279646,1,0
9.7168,0.146484,1.00076,-3.63847e-05,0.0279672,1,0
9.73633,0.0878906,1.00078,-2.58885e-05,0.0260047,1,0
9.73633,0.107422,1.00077,-3.05099e-05,0.0260068,1,0
9.75586,0.0878906,1.00078,-2.76916e-05,0.0240488,1,0
9.75586,0.107422,1.00078,-3.26759e-05,0.0240509,1,0
9.73633,0.126953,1.00077,-3.48298e-05,0.0260091,1,0
9.73633,0.146484,1.00076,-3.92004e-05,0.0260119,1,0
9.75586,0.126953,1.00077,-3.73574e-05,0.0240533,1,0
9.75586,0.146484,1.00076,-4.21222e-05,0.0240561,1,0
9.77539,0.00976562,1.00081,-7.24076e-06,0.0220874,1,0
9.77539,0.0292969,1.00079,-1.46955e-05,0.0220886,1,0
9.79492,0.00976562,1.00082,-7.70208e-06,0.0201307,1,0
9.79492,0.0292969,1.0008,-1.56012e-05,0.020132,1,0
9.77539,0.0488281,1.00079,-1.88604e-05,0.0220894,1,0
9.77539,0.0683594,1.00079,-2.46724e-05,0.0220909,1,0
9.79492,0.0488281,1.0008,-2.0012e-05,0.0201327,1,0
9.79492,0.0683594,1.00079,-2.61959e-05,0.0201343,1,0
9.81445,0.00976562,1.00082,-8.16379e-06,0.0181738,1,0
9.81445,0.0292969,1.00081,-1.65007e-05,0.0181751,1,0
9.83398,0.00976562,1.00083,-8.6198e-06,0.0162166,1,0
9.83398,0.0292969,1.00081,-1.73807e-05,0.0162178,1,0
9.81445,0.0488281,1.0008,-2.11524e-05,0.0181758,1,0
9.81445,0.0683594,1.0008,-2.77068e-05,0.0181773,1,0
9.83398,0.0488281,1.00081,-2.22644e-05,0.0162185,1,0
9.83398,0.0683594,1.00081,-2.91824e-05,0.01622,1,0
9.77539,0.0878906,1.00079,-2.95256e-05,0.0220925,1,0
9.77539,0.107422,1.00078,-3.4886e-05,0.0220947,1,0
9.79492,0.0878906,1.00079,-3.13706e-05,0.0201359,1,0
9.79492,0.107422,1.00079,-3.71166e-05,0.020138,1,0
9.77539,0.126953,1.00078,-3.99455e-05,0.0220971,1,0
9.77539,0.146484,1.00077,-4.51276e-05,0.0221,1,0
9.79492,0.126953,1.00078,-4.25673e-05,0.0201405,1,0
9.79492,0.146484,1.00077,-4.81868e-05,0.0201434,1,0
9.81445,0.0878906,1.0008,-3.32026e-05,0.0181789,1,0
9.81445,0.107422,1.00079,-3.93392e-05,0.018181,1,0
9.83398,0.0878906,1.0008,-3.49935e-05,0.0162215,1,0
9.83398,0.107422,1.0008,-4.15201e-05,0.0162236,1,0
9.81445,0.126953,1.00079,-4.51899e-05,0.0181834,1,0
9.81445,0.146484,1.00078,-5.12626e-05,0.0181864,1,0
9.83398,0.126953,1.0008,-4.77736e-05,0.016226,1,0
9.83398,0.146484,1.00079,-5.43093e-05,0.0162288,1,0
9.69727,0.166016,1.00073,-3.71572e-05,0.029925,1,0
9.69727,0.185547,1.00069,-4.04928e-05,0.0299282,1,0
9.7168,0.166016,1.00074,-4.02009e-05,0.0279702,1,0
9.7168,0.185547,1.00069,-4.39009e-05,0.0279736,1,0
9.69727,0.205078,1.0006,-4.36146e-05,0.0299318,1,0
9.69727,0.224609,1.0004,-4.65072e-05,0.0299357,1,0
9.7168,0.205078,1.0006,-4.73944e-05,0.0279773,1,0
9.7168,0.224609,1.0004,-5.06649e-05,0.0279815,1,0
9.73633,0.166016,1.00074,-4.33973e-05,0.026015,1,0
9.73633,0.185547,1.0007,-4.7498e-05,0.0260185,1,0
9.75586,0.166016,1.00074,-4.67302e-05,0.0240594,1,0
9.75586,0.185547,1.0007,-5.12693e-05,0.0240631,1,0
9.73633,0.205078,1.0006,-5.14061e-05,0.0260225,1,0
9.73633,0.224609,1.0004,-5.51048e-05,0.0260269,1,0
9.75586,0.205078,1.00061,-5.56376e-05,0.0240672,1,0
9.75586,0.224609,1.00041,-5.98195e-05,0.0240719,1,0
9.69727,0.244141,0.999977,-4.9106e-05,0.02994,1,0
9.69727,0.263672,0.999129,-5.13591e-05,0.0299446,1,0
9.7168,0.244141,0.99998,-5.36414e-05,0.0279861,1,0
9.7168,0.263672,0.999131,-5.62648e-05,0.0279911,1,0
9.69727,0.283203,0.997461,-5.31852e-05,0.0299495,1,0
9.69727,0.302734,0.994293,-5.44957e-05,0.0299548,1,0
9.7168,0.283203,0.997463,-5.84422e-05,0.0279965,1,0
9.7168,0.302734,0.994294,-6.00704e-05,0.0280022,1,0
9.73633,0.244141,0.999983,-5.85165e-05,0.0260318,1,0
9.73633,0.263672,0.999134,-6.15751e-05,0.0260372,1,0
9.75586,0.244141,0.999986,-6.37312e-05,0.0240771,1,0
9.75586,0.263672,0.999137,-6.73e-05,0.0240829,1,0
9.73633,0.283203,0.997465,-6.41752e-05,0.0260431,1,0
9.73633,0.302734,0.994295,-6.61969e-05,0.0260494,1,0
9.75586,0.283203,0.997468,-7.04073e-05,0.0240892,1,0
9.75586,0.302734,0.994297,-7.29151e-05,0.024096,1,0
9.77539,0.166016,1.00075,-5.0176e-05,0.0221033,1,0
9.77539,0.185547,1.0007,-5.51916e-05,0.0221071,1,0
9.79492,0.166016,1.00075,-5.3703e-05,0.0201468,1,0
9.79492,0.185547,1.00071,-5.92321e-05,0.0201507,1,0
9.77539,0.205078,1.00061,-6.00679e-05,0.0221115,1,0
9.77539,0.224609,1.00041,-6.4792e-05,0.0221164,1,0
9.79492,0.205078,1.00062,-6.46645e-05,0.0201551,1,0
9.79492,0.224609,1.00041,-6.99927e-05,0.0201602,1,0
9.81445,0.166016,1.00076,-5.72699e-05,0.0181897,1,0
9.81445,0.185547,1.00072,-6.33464e-05,0.0181937,1,0
9.83398,0.166016,1.00077,-6.08252e-05,0.0162322,1,0
9.83398,0.185547,1.00072,-6.74773e-05,0.0162361,1,0
9.81445,0.205078,1.00062,-6.93815e-05,0.0181982,1,0
9.81445,0.224609,1.00042,-7.53763e-05,0.0182034,1,0
9.83398,0.205078,1.00063,-7.41571e-05,0.0162406,1,0
9.83398,0.224609,1.00043,-8.08783e-05,0.0162458,1,0
9.77539,0.244141,0.99999,-6.92754e-05,0.0221218,1,0
9.77539,0.263672,0.99914,-7.34398e-05,0.022128,1,0
9.79492,0.244141,0.999995,-7.51255e-05,0.0201659,1,0
9.79492,0.263672,0.999145,-7.99812e-05,0.0201724,1,0
9.77539,0.283203,0.997471,-7.71536e-05,0.0221347,1,0
9.77539,0.302734,0.9943,-8.02597e-05,0.0221422,1,0
9.79492,0.283203,0.997474,-8.44164e-05,0.0201796,1,0
9.79492,0.302734,0.994303,-8.82552e-05,0.0201877,1,0
9.81445,0.244141,1,-8.12402e-05,0.0182093,1,0
9.81445,0.263672,0.99915,-8.68915e-05,0.0182161,1,0
9.83398,0.244141,1.00001,-8.75556e-05,0.0162519,1,0
9.83398,0.263672,0.999155,-9.4113e-05,0.0162589,1,0
9.81445,0.283203,0.997479,-9.21786e-05,0.0182237,1,0
9.81445,0.302734,0.994306,-9.69087e-05,0.0182323,1,0
9.83398,0.283203,0.997484,-0.000100396,0.0162668,1,0
9.83398,0.302734,0.994311,-0.0001062,0.0162759,1,0
9.85352,0.00976562,1.00084,-9.06308e-06,0.014259,1,0
9.85352,0.0292969,1.00082,-1.82263e-05,0.0142603,1,0
9.87305,0.00976562,1.00085,-9.48556e-06,0.0123013,1,0
9.87305,0.0292969,1.00083,-1.90207e-05,0.0123026,1,0
9.85352,0.0488281,1.00081,-2.33285e-05,0.0142609,1,0
9.85352,0.0683594,1.00081,-3.05971e-05,0.0142624,1,0
9.87305,0.0488281,1.00082,-2.43234e-05,0.0123031,1,0
9.87305,0.0683594,1.00082,-3.19225e-05,0.0123045,1,0
9.89258,0.00976562,1.00085,-9.87805e-06,0.0103432,1,0
9.89258,0.0292969,1.00083,-1.97452e-05,0.0103444,1,0
9.91211,0.00976562,1.00086,-1.02294e-05,0.00838569,1,0
9.91211,0.0292969,1.00084,-2.0378e-05,0.00838681,1,0
9.89258,0.0488281,1.00083,-2.52257e-05,0.0103449,1,0
9.89258,0.0683594,1.00083,-3.31285e-05,0.0103461,1,0
9.91211,0.0488281,1.00084,-2.60108e-05,0.00838711,1,0
9.91211,0.0683594,1.00083,-3.41844e-05,0.00838822,1,0
9.85352,0.0878906,1.00081,-3.67117e-05,0.0142638,1,0
9.85352,0.107422,1.00081,-4.36209e-05,0.0142658,1,0
9.87305,0.0878906,1.00082,-3.83225e-05,0.0123058,1,0
9.87305,0.107422,1.00081,-4.55989e-05,0.0123076,1,0
9.85352,0.126953,1.0008,-5.02727e-05,0.014268,1,0
9.85352,0.146484,1.00079,-5.72731e-05,0.0142708,1,0
9.87305,0.126953,1.00081,-5.26357e-05,0.0123097,1,0
9.87305,0.146484,1.0008,-6.00923e-05,0.0123123,1,0
9.89258,0.0878906,1.00082,-3.97887e-05,0.0103473,1,0
9.89258,0.107422,1.00082,-4.74081e-05,0.010349,1,0
9.91211,0.0878906,1.00083,-4.10729e-05,0.00838921,1,0
9.91211,0.107422,1.00083,-4.90023e-05,0.00839067,1,0
9.89258,0.126953,1.00082,-5.48062e-05,0.0103509,1,0
9.89258,0.146484,1.00081,-6.26981e-05,0.0103532,1,0
9.91211,0.126953,1.00083,-5.67267e-05,0.00839231,1,0
9.91211,0.146484,1.00082,-6.50192e-05,0.00839438,1,0
9.93164,0.00976562,1.00087,-1.05274e-05,0.00642644,1,0
9.93164,0.0292969,1.00084,-2.08974e-05,0.00642745,1,0
9.95117,0.00976562,1.00089,-1.07486e-05,0.00447824,1,0
9.95117,0.0292969,1.00086,-2.12648e-05,0.00447907,1,0
9.93164,0.0488281,1.00084,-2.66542e-05,0.0064276,1,0
9.93164,0.0683594,1.00084,-3.5058e-05,0.00642855,1,0
9.95117,0.0488281,1.00086,-2.71294e-05,0.00447907,1,0
9.95117,0.0683594,1.00086,-3.57263e-05,0.00447982,1,0
9.9707,0.00976562,1.00083,-1.08783e-05,0.00252107,1,0
9.9707,0.0292969,1.0008,-2.14766e-05,0.00252165,1,0
9.99023,0.00976562,1.00096,-1.07479e-05,0.000767742,1,0
9.99023,0.0292969,1.00093,-2.13564e-05,0.000767865,1,0
9.9707,0.0488281,1.00079,-2.74254e-05,0.00252152,1,0
9.9707,0.0683594,1.00079,-3.615e-05,0.00252203,1,0
9.99023,0.0488281,1.00092,-2.75043e-05,0.00076762,1,0
9.99023,0.0683594,1.00092,-3.63167e-05,0.000767877,1,0
9.93164,0.0878906,1.00084,-4.21357e-05,0.00642932,1,0
9.93164,0.107422,1.00083,-5.03313e-05,0.00643052,1,0
9.95117,0.0878906,1.00086,-4.29522e-05,0.00448035,1,0
9.95117,0.107422,1.00085,-5.13648e-05,0.00448127,1,0
9.93164,0.126953,1.00083,-5.83344e-05,0.00643186,1,0
9.93164,0.146484,1.00082,-6.69758e-05,0.00643355,1,0
9.95117,0.126953,1.00085,-5.95896e-05,0.00448225,1,0
9.95117,0.146484,1.00084,-6.8516e-05,0.00448353,1,0
9.9707,0.0878906,1.00079,-4.3472e-05,0.0025223,1,0
9.9707,0.107422,1.00079,-5.20314e-05,0.00252288,1,0
9.99023,0.0878906,1.00092,-4.37134e-05,0.000767963,1,0
9.99023,0.107422,1.00092,-5.23466e-05,0.000768257,1,0
9.9707,0.126953,1.00079,-6.04025e-05,0.00252346,1,0
9.9707,0.146484,1.00078,-6.95229e-05,0.00252424,1,0
9.99023,0.126953,1.00092,-6.07956e-05,0.000768523,1,0
9.99023,0.146484,1.00091,-7.00151e-05,0.00076891,1,0
9.85352,0.166016,1.00077,-6.43062e-05,0.014274,1,0
9.85352,0.185547,1.00073,-7.15534e-05,0.0142778,1,0
9.87305,0.166016,1.00078,-6.764e-05,0.0123154,1,0
9.87305,0.185547,1.00074,-7.54889e-05,0.012319,1,0
9.85352,0.205078,1.00063,-7.89111e-05,0.0142823,1,0
9.85352,0.224609,1.00043,-8.64113e-05,0.0142875,1,0
9.87305,0.205078,1.00064,-8.35445e-05,0.0123232,1,0
9.87305,0.224609,1.00044,-9.18628e-05,0.0123283,1,0
9.89258,0.166016,1.00079,-7.07429e-05,0.010356,1,0
9.89258,0.185547,1.00074,-7.91833e-05,0.0103593,1,0
9.91211,0.166016,1.0008,-7.35266e-05,0.00839681,1,0
9.91211,0.185547,1.00075,-8.25273e-05,0.00839976,1,0
9.89258,0.205078,1.00065,-8.79371e-05,0.0103633,1,0
9.89258,0.224609,1.00045,-9.70908e-05,0.010368,1,0
9.91211,0.205078,1.00066,-9.19546e-05,0.0084033,1,0
9.91211,0.224609,1.00046,-0.000101932,0.00840757,1,0
9.85352,0.244141,1.00001,-9.39797e-05,0.0142935,1,0
9.85352,0.263672,0.999162,-0.000101554,0.0143006,1,0
9.87305,0.244141,1.00002,-0.000100388,0.0123342,1,0
9.87305,0.263672,0.999171,-0.000109082,0.0123412,1,0
9.85352,0.283203,0.997491,-0.000108985,0.0143088,1,0
9.85352,0.302734,0.994317,-0.000116066,0.0143183,1,0
9.87305,0.283203,0.997499,-0.000117813,0.0123495,1,0
9.87305,0.302734,0.994325,-0.000126389,0.0123593,1,0
9.89258,0.244141,1.00003,-0.000106616,0.0103737,1,0
9.89258,0.263672,0.999179,-0.00011651,0.0103805,1,0
9.91211,0.244141,1.00004,-0.000112467,0.00841273,1,0
9.91211,0.263672,0.999191,-0.000123608,0.00841902,1,0
9.89258,0.283203,0.997508,-0.000126678,0.0103886,1,0
9.89258,0.302734,0.994334,-0.000136961,0.0103983,1,0
9.91211,0.283203,0.99752,-0.000135314,0.00842669,1,0
9.91211,0.302734,0.994346,-0.000147493,0.0084361,1,0
9.93164,0.166016,1.0008,-7.58901e-05,0.00643556,1,0
9.93164,0.185547,1.00076,-8.53927e-05,0.00643802,1,0
9.95117,0.166016,1.00082,-7.77644e-05,0.00448505,1,0
9.95117,0.185547,1.00078,-8.76879e-05,0.00448692,1,0
9.93164,0.205078,1.00067,-9.54346e-05,0.00644098,1,0
9.93164,0.224609,1.00047,-0.00010618,0.00644461,1,0
9.95117,0.205078,1.00069,-9.82547e-05,0.0044892,1,0
9.95117,0.224609,1.00049,-0.000109674,0.00449202,1,0
9.9707,0.166016,1.00076,-7.9e-05,0.00252517,1,0
9.9707,0.185547,1.00072,-8.9219e-05,0.00252632,1,0
9.99023,0.166016,1.0009,-7.9612e-05,0.000769351,1,0
9.99023,0.185547,1.00086,-8.99872e-05,0.000769911,1,0
9.9707,0.205078,1.00063,-0.000100163,0.00252774,1,0
9.9707,0.224609,1.00043,-0.000112081,0.00252951,1,0
9.99023,0.205078,1.00077,-0.000101133,0.000770595,1,0
9.99023,0.224609,1.00057,-0.000113321,0.000771454,1,0
9.93164,0.244141,1.00005,-0.000117682,0.00644905,1,0
9.93164,0.263672,0.999198,-0.00013005,0.00645455,1,0
9.95117,0.244141,1.00007,-0.000122045,0.00449553,1,0
9.95117,0.263672,0.999226,-0.000135555,0.00449995,1,0
9.93164,0.283203,0.997528,-0.000143322,0.00646139,1,0
9.93164,0.302734,0.994354,-0.000157502,0.00646998,1,0
9.95117,0.283203,0.997556,-0.000150334,0.00450559,1,0
9.95117,0.302734,0.994384,-0.000166521,0.00451284,1,0
9.9707,0.244141,1.00001,-0.000125121,0.00253175,1,0
9.9707,0.263672,0.999166,-0.000139545,0.00253464,1,0
9.99023,0.244141,1.00015,-0.000126725,0.000772536,1,0
9.99023,0.263672,0.999309,-0.000141649,0.000773922,1,0
9.9707,0.283203,0.997498,-0.000155591,0.00253841,1,0
9.9707,0.302734,0.994327,-0.000173553,0.00254342,1,0
9.99023,0.283203,0.997644,-0.000158384,0.000775717,1,0
9.99023,0.302734,0.994476,-0.00017731,0.000778068,1,0
9.69727,0.322266,0.988476,-5.51581e-05,0.0299603,1,0
9.69727,0.341797,0.978165,-5.50266e-05,0.0299659,1,0
9.7168,0.322266,0.988477,-6.09952e-05,0.0280083,1,0
9.7168,0.341797,0.978165,-6.10447e-05,0.0280146,1,0
9.69727,0.361328,0.960517,-5.38609e-05,0.0299716,1,0
9.69727,0.380859,0.931347,-5.14461e-05,0.0299772,1,0
9.7168,0.361328,0.960515,-5.99392e-05,0.028021,1,0
9.7168,0.380859,0.931344,-5.74247e-05,0.0280272,1,0
9.73633,0.322266,0.988477,-6.74609e-05,0.026056,1,0
9.73633,0.341797,0.978164,-6.77641e-05,0.026063,1,0
9.75586,0.322266,0.988478,-7.46153e-05,0.0241034,1,0
9.75586,0.341797,0.978164,-7.52681e-05,0.0241111,1,0
9.73633,0.361328,0.960513,-6.67797e-05,0.0260702,1,0
9.73633,0.380859,0.93134,-6.42049e-05,0.0260772,1,0
9.75586,0.361328,0.960511,-7.44898e-05,0.0241192,1,0
9.75586,0.380859,0.931336,-7.19167e-05,0.0241271,1,0
9.69727,0.400391,0.884781,-4.7349e-05,0.0299823,1,0
9.69727,0.419922,0.812946,-4.13952e-05,0.0299867,1,0
9.7168,0.400391,0.884776,-5.30022e-05,0.0280331,1,0
9.7168,0.419922,0.812939,-4.64605e-05,0.0280381,1,0
9.69727,0.439453,0.705787,-3.28534e-05,0.0299902,1,0
9.69727,0.458984,0.551061,-2.22165e-05,0.0299923,1,0
9.7168,0.439453,0.705776,-3.69674e-05,0.0280421,1,0
9.7168,0.458984,0.551049,-2.50679e-05,0.0280445,1,0
9.73633,0.400391,0.88477,-5.94602e-05,0.0260839,1,0
9.73633,0.419922,0.81293,-5.22873e-05,0.0260897,1,0
9.75586,0.400391,0.884764,-6.68703e-05,0.0241348,1,0
9.75586,0.419922,0.812921,-5.90287e-05,0.0241415,1,0
9.73633,0.439453,0.705765,-4.17308e-05,0.0260943,1,0
9.73633,0.458984,0.551034,-2.83915e-05,0.0260972,1,0
9.75586,0.439453,0.705752,-4.72859e-05,0.0241469,1,0
9.75586,0.458984,0.551018,-3.23008e-05,0.0241502,1,0
9.77539,0.322266,0.98848,-8.2518e-05,0.0221502,1,0
9.77539,0.341797,0.978164,-8.36457e-05,0.0221588,1,0
9.79492,0.322266,0.988482,-9.1223e-05,0.0201965,1,0
9.79492,0.341797,0.978165,-9.29881e-05,0.020206,1,0
9.77539,0.361328,0.96051,-8.31908e-05,0.0221678,1,0
9.77539,0.380859,0.931332,-8.07139e-05,0.0221769,1,0
9.79492,0.361328,0.960508,-9.30175e-05,0.020216,1,0
9.79492,0.380859,0.931329,-9.07774e-05,0.0202263,1,0
9.81445,0.322266,0.988485,-0.000100772,0.0182419,1,0
9.81445,0.341797,0.978166,-0.000103383,0.0182523,1,0
9.83398,0.322266,0.988488,-0.000111182,0.0162862,1,0
9.83398,0.341797,0.978168,-0.000114903,0.0162977,1,0
9.81445,0.361328,0.960507,-0.000104115,0.0182636,1,0
9.81445,0.380859,0.931325,-0.000102316,0.0182753,1,0
9.83398,0.361328,0.960507,-0.00011663,0.0163102,1,0
9.83398,0.380859,0.931321,-0.00011557,0.0163235,1,0
9.77539,0.400391,0.884757,-7.54125e-05,0.0221856,1,0
9.77539,0.419922,0.812911,-6.68791e-05,0.0221934,1,0
9.79492,0.400391,0.88475,-8.53095e-05,0.0202364,1,0
9.79492,0.419922,0.8129,-7.60885e-05,0.0202456,1,0
9.77539,0.439453,0.705738,-5.38173e-05,0.0221998,1,0
9.77539,0.458984,0.551,-3.69423e-05,0.0222037,1,0
9.79492,0.439453,0.705722,-6.15731e-05,0.0202531,1,0
9.79492,0.458984,0.55098,-4.25273e-05,0.0202578,1,0
9.81445,0.400391,0.884742,-9.68333e-05,0.018287,1,0
9.81445,0.419922,0.812887,-8.69768e-05,0.0182977,1,0
9.83398,0.400391,0.884735,-0.000110321,0.0163371,1,0
9.83398,0.419922,0.812874,-9.99683e-05,0.0163498,1,0
9.81445,0.439453,0.705704,-7.08794e-05,0.0183067,1,0
9.81445,0.458984,0.550956,-4.93292e-05,0.0183125,1,0
9.83398,0.439453,0.705684,-8.22009e-05,0.0163607,1,0
9.83398,0.458984,0.550929,-5.77889e-05,0.0163679,1,0
9.69727,0.478516,0.334587,-8.70692e-06,0.0299933,1,0
9.69727,0.498047,0.0407495,3.99674e-06,0.029993,0.6,0
9.7168,0.478516,0.334573,-9.87156e-06,0.0280457,1,0
9.7168,0.498047,0.0407447,4.51461e-06,0.0280454,0.6,0
9.73633,0.478516,0.334558,-1.12434e-05,0.0260985,1,0
9.73633,0.498047,0.0407392,5.12096e-06,0.0260981,0.6,0
9.75586,0.478516,0.334541,-1.28781e-05,0.0241518,1,0
9.75586,0.498047,0.0407329,5.83348e-06,0.0241514,0.6,0
9.77539,0.478516,0.334521,-1.48455e-05,0.0222057,1,0
9.77539,0.498047,0.0407257,6.68924e-06,0.0222052,0.6,0
9.79492,0.478516,0.334498,-1.7259e-05,0.0202602,1,0
9.79492,0.498047,0.0407173,7.71405e-06,0.0202596,0.6,0
9.81445,0.478516,0.334472,-2.02528e-05,0.0183154,1,0
9.81445,0.498047,0.0407074,8.99353e-06,0.0183148,0.6,0
9.83398,0.478516,0.334441,-2.40877e-05,0.0163716,1,0
9.83398,0.498047,0.040696,1.05776e-05,0.0163708,0.6,0
9.85352,0.322266,0.988493,-0.000122431,0.0143293,1,0
9.85352,0.341797,0.978172,-0.000127589,0.0143417,1,0
9.87305,0.322266,0.9885,-0.000134435,0.0123707,1,0
9.87305,0.341797,0.978177,-0.000141424,0.012384,1,0
9.85352,0.361328,0.960508,-0.000130693,0.0143556,1,0
9.85352,0.380859,0.931319,-0.00013079,0.0143706,1,0
9.87305,0.361328,0.960511,-0.000146403,0.0123992,1,0
9.87305,0.380859,0.931317,-0.000148241,0.0124162,1,0
9.89258,0.322266,0.988508,-0.000147004,0.01041,1,0
9.89258,0.341797,0.978183,-0.000156274,0.0104239,1,0
9.91211,0.322266,0.98852,-0.000159846,0.00844765,1,0
9.91211,0.341797,0.978194,-0.000171891,0.00846179,1,0
9.89258,0.361328,0.960515,-0.000163734,0.0104403,1,0
9.89258,0.380859,0.931317,-0.000168092,0.0104591,1,0
9.91211,0.361328,0.960524,-0.000182565,0.00847899,1,0
9.91211,0.380859,0.931322,-0.000190471,0.00849948,1,0
9.85352,0.400391,0.884727,-0.000126166,0.0143864,1,0
9.85352,0.419922,0.812859,-0.000115596,0.0144015,1,0
9.87305,0.400391,0.884719,-0.000144853,0.0124344,1,0
9.87305,0.419922,0.812844,-0.000134593,0.0124525,1,0
9.85352,0.439453,0.705661,-9.61475e-05,0.0144148,1,0
9.85352,0.458984,0.550898,-6.84695e-05,0.0144239,1,0
9.87305,0.439453,0.705636,-0.000113647,0.0124691,1,0
9.87305,0.458984,0.550863,-8.23896e-05,0.0124808,1,0
9.89258,0.400391,0.884713,-0.000166837,0.0104801,1,0
9.89258,0.419922,0.812828,-0.000157802,0.0105018,1,0
9.91211,0.400391,0.88471,-0.000192664,0.0085233,1,0
9.91211,0.419922,0.812816,-0.000186367,0.00854919,1,0
9.89258,0.439453,0.705608,-0.000135915,0.0105225,1,0
9.89258,0.458984,0.550821,-0.000100995,0.010538,1,0
9.91211,0.439453,0.70558,-0.000164669,0.00857544,1,0
9.91211,0.458984,0.550775,-0.000126389,0.00859629,1,0
9.93164,0.322266,0.988528,-0.000172399,0.00648081,1,0
9.93164,0.341797,0.978202,-0.000187656,0.00649449,1,0
9.95117,0.322266,0.988559,-0.000184088,0.00452229,1,0
9.95117,0.341797,0.978233,-0.000202892,0.00453464,1,0
9.93164,0.361328,0.960529,-0.000202287,0.00651173,1,0
9.93164,0.380859,0.931323,-0.000214939,0.00653314,1,0
9.95117,0.361328,0.96056,-0.000222157,0.00455088,1,0
9.95117,0.380859,0.931352,-0.000240787,0.00457199,1,0
9.9707,0.322266,0.988504,-0.000193619,0.00255019,1,0
9.9707,0.341797,0.978179,-0.00021597,0.0025594,1,0
9.99023,0.322266,0.988656,-0.000198729,0.000781187,1,0
9.99023,0.341797,0.978335,-0.000223,0.000785338,1,0
9.9707,0.361328,0.960506,-0.000240247,0.00257211,1,0
9.9707,0.380859,0.931296,-0.000266064,0.00258954,1,0
9.99023,0.361328,0.960665,-0.000249986,0.000790941,1,0
9.99023,0.380859,0.931456,-0.000279765,0.000798386,1,0
9.93164,0.400391,0.884705,-0.000222371,0.00655927,1,0
9.93164,0.419922,0.812797,-0.000221413,0.00658935,1,0
9.95117,0.400391,0.884727,-0.000255399,0.00459923,1,0
9.95117,0.419922,0.812809,-0.000262702,0.00463253,1,0
9.93164,0.439453,0.705543,-0.000202928,0.00662234,1,0
9.93164,0.458984,0.550714,-0.000164895,0.006651,1,0
9.95117,0.439453,0.705534,-0.00025007,0.00467236,1,0
9.95117,0.458984,0.550672,-0.000214069,0.00470954,1,0
9.9707,0.400391,0.884666,-0.000290738,0.00261368,1,0
9.9707,0.419922,0.812737,-0.00031316,0.00264577,1,0
9.99023,0.400391,0.884825,-0.000309851,0.000808584,1,0
9.99023,0.419922,0.812885,-0.000340835,0.000821198,1,0
9.9707,0.439453,0.705441,-0.000319677,0.00269021,1,0
9.9707,0.458984,0.55055,-0.000318306,0.00273975,1,0
9.99023,0.439453,0.705564,-0.000356113,0.000839157,1,0
9.99023,0.458984,0.550601,-0.000370359,0.000853384,1,0
9.85352,0.478516,0.334405,-2.90848e-05,0.0144287,1,0
9.85352,0.498047,0.0406818,1.26137e-05,0.0144279,0.6,0
9.87305,0.478516,0.334362,-3.58414e-05,0.0124874,1,0
9.87305,0.498047,0.0406653,1.54454e-05,0.0124864,0.6,0
9.89258,0.478516,0.334308,-4.56872e-05,0.0105472,1,0
9.89258,0.498047,0.0406435,1.84672e-05,0.0105461,0.6,0
9.91211,0.478516,0.334245,-5.90439e-05,0.00861014,1,0
9.91211,0.498047,0.0406158,2.54175e-05,0.00860843,0.6,0
9.93164,0.478516,0.334155,-8.5631e-05,0.00667371,1,0
9.93164,0.498047,0.040582,2.41525e-05,0.00667294,0.6,0
9.95117,0.478516,0.33406,-0.000112937,0.00474514,1,0
9.95117,0.498047,0.0405064,4.42158e-05,0.00474089,0.6,0
9.9707,0.478516,0.333883,-0.000221213,0.0028097,1,0
9.9707,0.498047,0.0404732,-7.51334e-05,0.00282092,0.6,0
9.99023,0.478516,0.333751,-0.000280759,0.000876989,1,0
9.99023,0.498047,0.0399618,-9.76447e-05,0.000882652,0.6,0
