x,y,ux,uy,p,cs,f
0.00976562,0.00976562,1.0015,-3.25045e-05,0.998581,1,0
0.00976562,0.0292969,1.0013,-7.21019e-05,0.998583,1,0
0.0292969,0.00976562,1.00176,-3.26416e-05,0.996186,1,0
0.0292969,0.0292969,1.00156,-7.20968e-05,0.996188,1,0
0.00976562,0.0488281,1.00117,-0.000100669,0.998582,1,0
0.00976562,0.0683594,1.00104,-0.000136309,0.998583,1,0
0.0292969,0.0488281,1.00143,-0.000100439,0.996187,1,0
0.0292969,0.0683594,1.0013,-0.000136013,0.996187,1,0
0.0488281,0.00976562,1.00174,-3.25766e-05,0.994335,1,0
0.0488281,0.0292969,1.00154,-7.16839e-05,0.994336,1,0
0.0683594,0.00976562,1.0017,-3.23396e-05,0.992454,1,0
0.0683594,0.0292969,1.00151,-7.09123e-05,0.992455,1,0
0.0488281,0.0488281,1.0014,-9.96868e-05,0.994334,1,0
0.0488281,0.0683594,1.00128,-0.000134995,0.994334,1,0
0.0683594,0.0488281,1.00137,-9.84787e-05,0.992453,1,0
0.0683594,0.0683594,1.00125,-0.000133368,0.992452,1,0
0.00976562,0.0878906,1.00092,-0.000169201,0.998583,1,0
0.00976562,0.107422,1.00079,-0.000204939,0.998584,1,0
0.0292969,0.0878906,1.00119,-0.000168766,0.996187,1,0
0.0292969,0.107422,1.00105,-0.000204415,0.996187,1,0
0.00976562,0.126953,1.00063,-0.000240815,0.998584,1,0
0.00976562,0.146484,1.00045,-0.000278582,0.998585,1,0
0.0292969,0.126953,1.0009,-0.000240181,0.996187,1,0
0.0292969,0.146484,1.00071,-0.000277858,0.996186,1,0
0.0488281,0.0878906,1.00116,-0.000167418,0.994333,1,0
0.0488281,0.107422,1.00103,-0.000202782,0.994332,1,0
0.0683594,0.0878906,1.00113,-0.000165318,0.99245,1,0
0.0683594,0.107422,1.001,-0.000200237,0.992449,1,0
0.0488281,0.126953,1.00088,-0.00023824,0.99433,1,0
0.0488281,0.146484,1.0007,-0.000275625,0.994329,1,0
0.0683594,0.126953,1.00085,-0.000235217,0.992446,1,0
0.0683594,0.146484,1.00067,-0.000272126,0.992443,1,0
0.0878906,0.00976562,1.00174,-3.19956e-05,0.990448,1,0
0.0878906,0.0292969,1.00155,-6.98895e-05,0.990449,1,0
0.107422,0.00976562,1.00179,-3.1541e-05,0.988441,1,0
0.107422,0.0292969,1.00159,-6.86177e-05,0.988441,1,0
0.0878906,0.0488281,1.00141,-9.69279e-05,0.990447,1,0
0.0878906,0.0683594,1.00129,-0.000131284,0.990446,1,0
0.107422,0.0488281,1.00146,-9.50427e-05,0.988439,1,0
0.107422,0.0683594,1.00134,-0.000128751,0.988438,1,0
0.126953,0.00976562,1.00182,-3.09602e-05,0.986463,1,0
0.126953,0.0292969,1.00162,-6.70781e-05,0.986463,1,0
0.146484,0.00976562,1.00184,-3.02487e-05,0.984488,1,0
0.146484,0.0292969,1.00165,-6.52749e-05,0.984488,1,0
0.126953,0.0488281,1.00149,-9.28113e-05,0.98646,1,0
0.126953,0.0683594,1.00137,-0.000125754,0.986458,1,0
0.146484,0.0488281,1.00152,-9.02499e-05,0.984485,1,0
0.146484,0.0683594,1.00139,-0.000122318,0.984483,1,0
0.0878906,0.0878906,1.00117,-0.000162647,0.990444,1,0
0.0878906,0.107422,1.00104,-0.000196999,0.990441,1,0
0.107422,0.0878906,1.00122,-0.000159412,0.988435,1,0
0.107422,0.107422,1.00109,-0.000193074,0.988432,1,0
0.0878906,0.126953,1.0009,-0.000231362,0.990438,1,0
0.0878906,0.146484,1.00071,-0.000267641,0.990434,1,0
0.107422,0.126953,1.00095,-0.000226683,0.988428,1,0
0.107422,0.146484,1.00077,-0.000262182,0.988423,1,0
0.126953,0.0878906,1.00125,-0.000155604,0.986455,1,0
0.126953,0.107422,1.00113,-0.000188452,0.986451,1,0
0.146484,0.0878906,1.00128,-0.000151258,0.984479,1,0
0.146484,0.107422,1.00115,-0.000183181,0.984475,1,0
0.126953,0.126953,1.00098,-0.000221172,0.986447,1,0
0.126953,0.146484,1.0008,-0.000255744,0.986441,1,0
0.146484,0.126953,1.00101,-0.000214891,0.984469,1,0
0.146484,0.146484,1.00083,-0.000248399,0.984463,1,0
0.00976562,0.166016,1.0002,-0.000317586,0.998586,1,0
0.00976562,0.185547,0.999866,-0.000358463,0.998587,1,0
0.0292969,0.166016,1.00047,-0.000316777,0.996186,1,0
0.0292969,0.185547,1.00014,-0.0003576,0.996186,1,0
0.00976562,0.205078,0.99937,-0.000401126,0.998588,1,0
0.00976562,0.224609,0.998592,-0.000445865,0.998589,1,0
0.0292969,0.205078,0.999644,-0.000400255,0.996185,1,0
0.0292969,0.224609,0.998868,-0.000445072,0.996185,1,0
0.0488281,0.166016,1.00046,-0.000314258,0.994326,1,0
0.0488281,0.185547,1.00012,-0.000354826,0.994324,1,0
0.0683594,0.166016,1.00043,-0.000310268,0.99244,1,0
0.0683594,0.185547,1.0001,-0.00035035,0.992436,1,0
0.0488281,0.205078,0.999632,-0.00039728,0.994322,1,0
0.0488281,0.224609,0.998858,-0.000441996,0.994319,1,0
0.0683594,0.205078,0.999612,-0.000392328,0.992432,1,0
0.0683594,0.224609,0.99884,-0.000436604,0.992427,1,0
0.00976562,0.244141,0.997322,-0.000492657,0.99859,1,0
0.00976562,0.263672,0.995208,-0.000541622,0.998591,1,0
0.0292969,0.244141,0.9976,-0.000492081,0.996185,1,0
0.0292969,0.263672,0.995487,-0.000541492,0.996185,1,0
0.00976562,0.283203,0.991676,-0.00059246,0.998593,1,0
0.00976562,0.302734,0.985825,-0.000645104,0.998595,1,0
0.0292969,0.283203,0.991957,-0.000593134,0.996186,1,0
0.0292969,0.302734,0.986106,-0.000647147,0.996189,1,0
0.0488281,0.244141,0.997593,-0.000489071,0.994316,1,0
0.0488281,0.263672,0.995483,-0.000538822,0.994313,1,0
0.0683594,0.244141,0.997578,-0.000483303,0.992422,1,0
0.0683594,0.263672,0.995471,-0.000532788,0.992416,1,0
0.0488281,0.283203,0.991955,-0.000591222,0.994311,1,0
0.0488281,0.302734,0.986107,-0.000646634,0.99431,1,0
0.0683594,0.283203,0.991946,-0.000585085,0.99241,1,0
0.0683594,0.302734,0.986102,-0.000640628,0.992404,1,0
0.0878906,0.166016,1.00048,-0.000305113,0.99043,1,0
0.0878906,0.185547,1.00015,-0.000344495,0.990425,1,0
0.107422,0.166016,1.00053,-0.000298811,0.988418,1,0
0.107422,0.185547,1.00021,-0.000337291,0.988412,1,0
0.0878906,0.205078,0.999662,-0.000385732,0.990419,1,0
0.0878906,0.224609,0.998893,-0.000429227,0.990413,1,0
0.107422,0.205078,0.999719,-0.000377548,0.988404,1,0
0.107422,0.224609,0.998952,-0.000419972,0.988396,1,0
0.126953,0.166016,1.00057,-0.000291362,0.986435,1,0
0.126953,0.185547,1.00024,-0.00032875,0.986427,1,0
0.146484,0.166016,1.0006,-0.000282854,0.984456,1,0
0.146484,0.185547,1.00028,-0.000318976,0.984447,1,0
0.126953,0.205078,0.999759,-0.000367802,0.986419,1,0
0.126953,0.224609,0.998995,-0.000408894,0.986409,1,0
0.146484,0.205078,0.999795,-0.000356625,0.984437,1,0
0.146484,0.224609,0.999032,-0.000396148,0.984426,1,0
0.0878906,0.244141,0.997633,-0.000475098,0.990406,1,0
0.0878906,0.263672,0.995529,-0.000523698,0.990397,1,0
0.107422,0.244141,0.997695,-0.000464654,0.988387,1,0
0.107422,0.263672,0.995594,-0.000511919,0.988376,1,0
0.0878906,0.283203,0.992008,-0.000575028,0.990388,1,0
0.0878906,0.302734,0.986166,-0.000629477,0.990378,1,0
0.107422,0.283203,0.992075,-0.000561711,0.988364,1,0
0.107422,0.302734,0.986236,-0.000614356,0.988351,1,0
0.126953,0.244141,0.99774,-0.000452077,0.986398,1,0
0.126953,0.263672,0.995641,-0.000497638,0.986385,1,0
0.146484,0.244141,0.997779,-0.000437553,0.984413,1,0
0.146484,0.263672,0.995683,-0.000481077,0.984398,1,0
0.126953,0.283203,0.992124,-0.000545452,0.986371,1,0
0.126953,0.302734,0.986288,-0.000595779,0.986354,1,0
0.146484,0.283203,0.992169,-0.000526512,0.984382,1,0
0.146484,0.302734,0.986334,-0.000574041,0.984362,1,0
0.166016,0.00976562,1.00187,-2.94088e-05,0.982507,1,0
0.166016,0.0292969,1.00168,-6.32243e-05,0.982507,1,0
0.185547,0.00976562,1.0019,-2.84453e-05,0.980527,1,0
0.185547,0.0292969,1.00171,-6.09445e-05,0.980526,1,0
0.166016,0.0488281,1.00154,-8.73875e-05,0.982504,1,0
0.166016,0.0683594,1.00142,-0.000118484,0.982501,1,0
0.185547,0.0488281,1.00157,-8.42535e-05,0.980523,1,0
0.185547,0.0683594,1.00145,-0.000114292,0.98052,1,0
0.205078,0.00976562,1.00192,-2.73649e-05,0.978548,1,0
0.205078,0.0292969,1.00173,-5.84562e-05,0.978547,1,0
0.224609,0.00976562,1.00195,-2.61766e-05,0.976571,1,0
0.224609,0.0292969,1.00176,-5.57829e-05,0.97657,1,0
0.205078,0.0488281,1.0016,-8.08783e-05,0.978544,1,0
0.205078,0.0683594,1.00148,-0.000109785,0.978541,1,0
0.224609,0.0488281,1.00162,-7.72957e-05,0.976567,1,0
0.224609,0.0683594,1.00151,-0.000105008,0.976563,1,0
0.166016,0.0878906,1.00131,-0.000146432,0.982497,1,0
0.166016,0.107422,1.00119,-0.000177329,0.982492,1,0
0.185547,0.0878906,1.00134,-0.000141178,0.980515,1,0
0.185547,0.107422,1.00122,-0.000170967,0.98051,1,0
0.166016,0.126953,1.00104,-0.000207925,0.982486,1,0
0.166016,0.146484,1.00087,-0.000240255,0.98248,1,0
0.185547,0.126953,1.00107,-0.000200361,0.980504,1,0
0.185547,0.146484,1.0009,-0.000231419,0.980496,1,0
0.205078,0.0878906,1.00137,-0.000135555,0.978536,1,0
0.205078,0.107422,1.00125,-0.000164165,0.97853,1,0
0.224609,0.0878906,1.0014,-0.000129624,0.976558,1,0
0.224609,0.107422,1.00127,-0.000157003,0.976552,1,0
0.205078,0.126953,1.0011,-0.000192291,0.978523,1,0
0.205078,0.146484,1.00093,-0.000222002,0.978515,1,0
0.224609,0.126953,1.00113,-0.000183811,0.976545,1,0
0.224609,0.146484,1.00096,-0.000212125,0.976536,1,0
0.244141,0.00976562,1.00197,-2.48916e-05,0.974595,1,0
0.244141,0.0292969,1.00178,-5.29514e-05,0.974593,1,0
0.263672,0.00976562,1.00199,-2.35225e-05,0.972619,1,0
0.263672,0.0292969,1.00181,-4.99894e-05,0.972618,1,0
0.244141,0.0488281,1.00165,-7.35417e-05,0.97459,1,0
0.244141,0.0683594,1.00153,-0.000100013,0.974586,1,0
0.263672,0.0488281,1.00167,-6.96529e-05,0.972614,1,0
0.263672,0.0683594,1.00156,-9.4848e-05,0.97261,1,0
0.283203,0.00976562,1.00201,-2.20828e-05,0.970645,1,0
0.283203,0.0292969,1.00183,-4.69255e-05,0.970643,1,0
0.302734,0.00976562,1.00203,-2.05867e-05,0.968671,1,0
0.302734,0.0292969,1.00185,-4.37882e-05,0.968669,1,0
0.283203,0.0488281,1.0017,-6.56652e-05,0.970639,1,0
0.283203,0.0683594,1.00158,-8.95623e-05,0.970635,1,0
0.302734,0.0488281,1.00172,-6.16136e-05,0.968666,1,0
0.302734,0.0683594,1.0016,-8.42025e-05,0.968662,1,0
0.244141,0.0878906,1.00142,-0.00012345,0.974581,1,0
0.244141,0.107422,1.0013,-0.000149558,0.974575,1,0
0.263672,0.0878906,1.00145,-0.000117094,0.972605,1,0
0.263672,0.107422,1.00132,-0.000141909,0.972598,1,0
0.244141,0.126953,1.00116,-0.00017502,0.974567,1,0
0.244141,0.146484,1.00099,-0.000201904,0.974558,1,0
0.263672,0.126953,1.00118,-0.000166012,0.972591,1,0
0.263672,0.146484,1.00101,-0.000191456,0.972582,1,0
0.283203,0.0878906,1.00147,-0.000110619,0.97063,1,0
0.283203,0.107422,1.00135,-0.00013413,0.970623,1,0
0.302734,0.0878906,1.00149,-0.000104081,0.968656,1,0
0.302734,0.107422,1.00137,-0.000126292,0.96865,1,0
0.283203,0.126953,1.00121,-0.000156877,0.970615,1,0
0.283203,0.146484,1.00104,-0.000180886,0.970606,1,0
0.302734,0.126953,1.00123,-0.000147699,0.968642,1,0
0.302734,0.146484,1.00106,-0.000170292,0.968633,1,0
0.166016,0.166016,1.00064,-0.000273417,0.982471,1,0
0.166016,0.185547,1.00031,-0.000308128,0.982462,1,0
0.185547,0.166016,1.00067,-0.000263184,0.980487,1,0
0.185547,0.185547,1.00035,-0.000296371,0.980477,1,0
0.166016,0.205078,0.999833,-0.000344206,0.982451,1,0
0.166016,0.224609,0.999072,-0.000381969,0.982439,1,0
0.185547,0.205078,0.99987,-0.000330753,0.980465,1,0
0.185547,0.224609,0.99911,-0.00036662,0.980452,1,0
0.205078,0.166016,1.0007,-0.000252295,0.978506,1,0
0.205078,0.185547,1.00038,-0.000283878,0.978495,1,0
0.224609,0.166016,1.00073,-0.000240893,0.976526,1,0
0.224609,0.185547,1.00041,-0.000270823,0.976515,1,0
0.205078,0.205078,0.999904,-0.000316481,0.978483,1,0
0.205078,0.224609,0.999146,-0.000350369,0.978468,1,0
0.224609,0.205078,0.999936,-0.000301603,0.976502,1,0
0.224609,0.224609,0.999179,-0.000333475,0.976487,1,0
0.166016,0.244141,0.997821,-0.000421372,0.982424,1,0
0.166016,0.263672,0.995726,-0.0004626,0.982408,1,0
0.185547,0.244141,0.997861,-0.000403874,0.980436,1,0
0.185547,0.263672,0.995768,-0.00044265,0.980419,1,0
0.166016,0.283203,0.992214,-0.000505359,0.982389,1,0
0.166016,0.302734,0.986381,-0.000549755,0.982368,1,0
0.185547,0.283203,0.992257,-0.000482577,0.980399,1,0
0.185547,0.302734,0.986424,-0.000523698,0.980376,1,0
0.205078,0.244141,0.997898,-0.000385393,0.978452,1,0
0.205078,0.263672,0.995806,-0.000421651,0.978434,1,0
0.224609,0.244141,0.997932,-0.000366246,0.97647,1,0
0.224609,0.263672,0.995841,-0.000399983,0.976451,1,0
0.205078,0.283203,0.992296,-0.000458701,0.978413,1,0
0.205078,0.302734,0.986464,-0.000496545,0.978389,1,0
0.224609,0.283203,0.992331,-0.000434194,0.97643,1,0
0.224609,0.302734,0.986499,-0.000468845,0.976406,1,0
0.244141,0.166016,1.00076,-0.000229124,0.974548,1,0
0.244141,0.185547,1.00044,-0.000257381,0.974536,1,0
0.263672,0.166016,1.00079,-0.000217122,0.972571,1,0
0.263672,0.185547,1.00047,-0.000243712,0.972559,1,0
0.244141,0.205078,0.999966,-0.000286325,0.974523,1,0
0.244141,0.224609,0.99921,-0.000316185,0.974508,1,0
0.263672,0.205078,0.999995,-0.000270841,0.972546,1,0
0.263672,0.224609,0.99924,-0.000298725,0.972531,1,0
0.283203,0.166016,1.00081,-0.000205016,0.970596,1,0
0.283203,0.185547,1.0005,-0.000229965,0.970584,1,0
0.302734,0.166016,1.00084,-0.000192918,0.968622,1,0
0.302734,0.185547,1.00052,-0.000216271,0.96861,1,0
0.283203,0.205078,1.00002,-0.000255322,0.97057,1,0
0.283203,0.224609,0.999267,-0.000281294,0.970555,1,0
0.302734,0.205078,1.00005,-0.000239918,0.968597,1,0
0.302734,0.224609,0.999292,-0.000264064,0.968582,1,0
0.244141,0.244141,0.997964,-0.000346727,0.974491,1,0
0.244141,0.263672,0.995874,-0.000377997,0.974472,1,0
0.263672,0.244141,0.997994,-0.000327101,0.972513,1,0
0.263672,0.263672,0.995904,-0.000355998,0.972494,1,0
0.244141,0.283203,0.992364,-0.000409464,0.97445,1,0
0.244141,0.302734,0.986532,-0.000441074,0.974426,1,0
0.263672,0.283203,0.992394,-0.000384868,0.972473,1,0
0.263672,0.302734,0.986561,-0.000413639,0.972449,1,0
0.283203,0.244141,0.998021,-0.000307596,0.970538,1,0
0.283203,0.263672,0.995931,-0.000334249,0.970519,1,0
0.302734,0.244141,0.998047,-0.000288404,0.968565,1,0
0.302734,0.263672,0.995957,-0.000312959,0.968547,1,0
0.283203,0.283203,0.992422,-0.000360696,0.970498,1,0
0.283203,0.302734,0.986588,-0.00038686,0.970475,1,0
0.302734,0.283203,0.992447,-0.000337175,0.968526,1,0
0.302734,0.302734,0.986612,-0.000360975,0.968503,1,0
0.00976562,0.322266,0.976288,-0.000698346,0.998598,1,0
0.00976562,0.341797,0.961065,-0.000751942,0.998601,1,0
0.0292969,0.322266,0.976569,-0.000702611,0.996193,1,0
0.0292969,0.341797,0.961343,-0.000759777,0.996201,1,0
0.00976562,0.361328,0.937331,-0.000802152,0.998607,1,0
0.00976562,0.380859,0.901251,-0.000849268,0.998614,1,0
0.0292969,0.361328,0.937603,-0.000815607,0.996214,1,0
0.0292969,0.380859,0.901511,-0.000871709,0.996234,1,0
0.0488281,0.322266,0.976571,-0.000704432,0.99431,1,0
0.0488281,0.341797,0.961347,-0.000765297,0.994312,1,0
0.0683594,0.322266,0.97657,-0.000698833,0.992397,1,0
0.0683594,0.341797,0.961348,-0.000760417,0.99239,1,0
0.0488281,0.361328,0.937605,-0.000826671,0.994317,1,0
0.0488281,0.380859,0.90151,-0.000890856,0.994327,1,0
0.0683594,0.361328,0.93761,-0.00082261,0.992383,1,0
0.0683594,0.380859,0.901516,-0.000887432,0.992375,1,0
0.00976562,0.400391,0.847776,-0.000882361,0.998625,1,0
0.00976562,0.419922,0.770553,-0.000906363,0.99864,1,0
0.0292969,0.400391,0.848018,-0.000918984,0.996265,1,0
0.0292969,0.419922,0.770762,-0.000966434,0.996309,1,0
0.00976562,0.439453,0.661708,-0.000887623,0.998664,1,0
0.00976562,0.458984,0.511922,-0.000852019,0.998689,1,0
0.0292969,0.439453,0.661865,-0.000982845,0.996375,1,0
0.0292969,0.458984,0.511953,-0.0010063,0.996451,1,0
0.0488281,0.400391,0.848009,-0.000948695,0.994344,1,0
0.0488281,0.419922,0.770737,-0.00100926,0.994363,1,0
0.0683594,0.400391,0.848016,-0.000944158,0.992365,1,0
0.0683594,0.419922,0.770738,-0.00100005,0.99235,1,0
0.0488281,0.439453,0.661814,-0.00103446,0.994388,1,0
0.0488281,0.458984,0.511802,-0.00104674,0.994398,1,0
0.0683594,0.439453,0.661792,-0.00101434,0.992331,1,0
0.0683594,0.458984,0.511661,-0.000991629,0.992301,1,0
0.0878906,0.322266,0.976637,-0.000686347,0.990366,1,0
0.0878906,0.341797,0.961419,-0.000746221,0.990352,1,0
0.107422,0.322266,0.976709,-0.000669017,0.988335,1,0
0.107422,0.341797,0.961492,-0.000726166,0.988317,1,0
0.0878906,0.361328,0.937682,-0.000805905,0.990336,1,0
0.0878906,0.380859,0.901588,-0.000867111,0.990317,1,0
0.107422,0.361328,0.937755,-0.000782266,0.988296,1,0
0.107422,0.380859,0.901655,-0.000838792,0.988272,1,0
0.126953,0.322266,0.976763,-0.000647629,0.986335,1,0
0.126953,0.341797,0.961546,-0.000701369,0.986312,1,0
0.146484,0.322266,0.97681,-0.000622513,0.98434,1,0
0.146484,0.341797,0.961593,-0.000672164,0.984314,1,0
0.126953,0.361328,0.937807,-0.000753158,0.986287,1,0
0.126953,0.380859,0.901701,-0.000804064,0.986258,1,0
0.146484,0.361328,0.937852,-0.00071893,0.984285,1,0
0.146484,0.380859,0.901739,-0.000763394,0.984251,1,0
0.0878906,0.400391,0.848082,-0.000918173,0.990295,1,0
0.0878906,0.419922,0.770784,-0.000964661,0.990267,1,0
0.107422,0.400391,0.848138,-0.000883806,0.988244,1,0
0.107422,0.419922,0.770813,-0.000920485,0.988212,1,0
0.0878906,0.439453,0.661793,-0.000968169,0.990236,1,0
0.0878906,0.458984,0.51151,-0.000916382,0.990204,1,0
0.107422,0.439453,0.661765,-0.000913477,0.988177,1,0
0.107422,0.458984,0.511326,-0.00083616,0.988143,1,0
0.126953,0.400391,0.848171,-0.00084223,0.986224,1,0
0.126953,0.419922,0.770818,-0.000868139,0.986187,1,0
0.146484,0.400391,0.848196,-0.00079421,0.984212,1,0
0.146484,0.419922,0.770814,-0.000809634,0.984171,1,0
0.126953,0.439453,0.661712,-0.000849748,0.986145,1,0
0.126953,0.458984,0.51112,-0.000750867,0.986106,1,0
0.146484,0.439453,0.661645,-0.00078109,0.984126,1,0
0.146484,0.458984,0.510906,-0.000666712,0.984087,1,0
0.00976562,0.478516,0.309398,-0.00065435,0.998734,1,0
0.00976562,0.498047,0.0400193,-0.000146219,0.998746,0.6,0
0.0292969,0.478516,0.308984,-0.000820417,0.996557,1,0
0.0292969,0.498047,0.0388994,-0.000223348,0.996584,0.6,0
0.0488281,0.478516,0.308525,-0.00081648,0.994395,1,0
0.0488281,0.498047,0.0381099,-3.13291e-05,0.994393,0.6,0
0.0683594,0.478516,0.308044,-0.000729442,0.992265,1,0
0.0683594,0.498047,0.0374041,6.11085e-05,0.992265,0.6,0
0.0878906,0.478516,0.307564,-0.000630043,0.990171,1,0
0.0878906,0.498047,0.0368557,0.000109167,0.990168,0.6,0
0.107422,0.478516,0.307101,-0.000531446,0.988109,1,0
0.107422,0.498047,0.0364171,0.000131216,0.988104,0.6,0
0.126953,0.478516,0.30667,-0.000436812,0.986072,1,0
0.126953,0.498047,0.0360782,0.000137464,0.986066,0.6,0
0.146484,0.478516,0.306276,-0.000352062,0.984056,1,0
0.146484,0.498047,0.0358218,0.000133365,0.984049,0.6,0
0.166016,0.322266,0.976857,-0.000594494,0.982343,1,0
0.166016,0.341797,0.961639,-0.000639693,0.982315,1,0
0.185547,0.322266,0.976901,-0.00056462,0.98035,1,0
0.185547,0.341797,0.961681,-0.00060536,0.98032,1,0
0.166016,0.361328,0.937895,-0.000681216,0.982283,1,0
0.166016,0.380859,0.901774,-0.000719201,0.982246,1,0
0.185547,0.361328,0.937932,-0.000641853,0.980287,1,0
0.185547,0.380859,0.901802,-0.000673842,0.98025,1,0
0.205078,0.322266,0.97694,-0.000533731,0.978362,1,0
0.205078,0.341797,0.961717,-0.000570193,0.978332,1,0
0.224609,0.322266,0.976974,-0.000502469,0.976379,1,0
0.224609,0.341797,0.961749,-0.000534925,0.976348,1,0
0.205078,0.361328,0.937964,-0.00060203,0.978298,1,0
0.205078,0.380859,0.901824,-0.000628641,0.978261,1,0
0.224609,0.361328,0.93799,-0.00056255,0.976315,1,0
0.224609,0.380859,0.901841,-0.000584462,0.976279,1,0
0.166016,0.400391,0.848216,-0.000743158,0.982206,1,0
0.166016,0.419922,0.770803,-0.000749623,0.982164,1,0
0.185547,0.400391,0.848228,-0.000691811,0.980209,1,0
0.185547,0.419922,0.770784,-0.000690986,0.980168,1,0
0.166016,0.439453,0.66157,-0.00071301,0.98212,1,0
0.166016,0.458984,0.510688,-0.000588477,0.982083,1,0
0.185547,0.439453,0.661486,-0.000648107,0.980126,1,0
0.185547,0.458984,0.510471,-0.000517491,0.980092,1,0
0.205078,0.400391,0.848233,-0.00064149,0.978222,1,0
0.205078,0.419922,0.770758,-0.000634893,0.978182,1,0
0.224609,0.400391,0.848234,-0.00059306,0.976241,1,0
0.224609,0.419922,0.770728,-0.000582113,0.976203,1,0
0.205078,0.439453,0.661397,-0.000587342,0.978143,1,0
0.205078,0.458984,0.510258,-0.000453882,0.978112,1,0
0.224609,0.439453,0.661305,-0.000531369,0.976168,1,0
0.224609,0.458984,0.510053,-0.000397695,0.97614,1,0
0.244141,0.322266,0.977005,-0.000471377,0.974399,1,0
0.244141,0.341797,0.961777,-0.000500175,0.974369,1,0
0.263672,0.322266,0.977033,-0.000440911,0.972422,1,0
0.263672,0.341797,0.961802,-0.000466441,0.972393,1,0
0.244141,0.361328,0.938013,-0.000524082,0.974336,1,0
0.244141,0.380859,0.901854,-0.000542014,0.974302,1,0
0.263672,0.361328,0.938032,-0.000487141,0.972362,1,0
0.263672,0.380859,0.901864,-0.000501788,0.972329,1,0
0.283203,0.322266,0.977058,-0.00041141,0.970449,1,0
0.283203,0.341797,0.961823,-0.00043407,0.970421,1,0
0.302734,0.322266,0.97708,-0.000383113,0.968479,1,0
0.302734,0.341797,0.961842,-0.000403286,0.968453,1,0
0.283203,0.361328,0.938048,-0.000452048,0.970392,1,0
0.283203,0.380859,0.901871,-0.000464042,0.970361,1,0
0.302734,0.361328,0.938062,-0.000418987,0.968425,1,0
0.302734,0.380859,0.901876,-0.000428878,0.968396,1,0
0.244141,0.400391,0.848231,-0.000547207,0.974266,1,0
0.244141,0.419922,0.770695,-0.000533147,0.974231,1,0
0.263672,0.400391,0.848225,-0.000504344,0.972296,1,0
0.263672,0.419922,0.770661,-0.000488216,0.972263,1,0
0.244141,0.439453,0.661213,-0.000480424,0.974198,1,0
0.244141,0.458984,0.509857,-0.000348222,0.974173,1,0
0.263672,0.439453,0.661121,-0.000434569,0.972234,1,0
0.263672,0.458984,0.509672,-0.00030541,0.972212,1,0
0.283203,0.400391,0.848217,-0.000464619,0.97033,1,0
0.283203,0.419922,0.770625,-0.000447249,0.9703,1,0
0.302734,0.400391,0.848208,-0.000428004,0.968367,1,0
0.302734,0.419922,0.770589,-0.000409966,0.96834,1,0
0.283203,0.439453,0.66103,-0.000393438,0.970274,1,0
0.283203,0.458984,0.509497,-0.000268397,0.970255,1,0
0.302734,0.439453,0.660941,-0.000356402,0.968317,1,0
0.302734,0.458984,0.509333,-0.000235559,0.9683,1,0
0.166016,0.478516,0.305923,-0.000279587,0.982056,1,0
0.166016,0.498047,0.0356319,0.000123792,0.982048,0.6,0
0.185547,0.478516,0.305607,-0.000219027,0.980069,1,0
0.185547,0.498047,0.0354944,0.000111652,0.980061,0.6,0
0.205078,0.478516,0.305328,-0.000169266,0.978092,1,0
0.205078,0.498047,0.0353975,9.86392e-05,0.978084,0.6,0
0.224609,0.478516,0.305081,-0.000129128,0.976123,1,0
0.224609,0.498047,0.0353321,8.57764e-05,0.976116,0.6,0
0.244141,0.478516,0.304864,-9.71593e-05,0.974159,1,0
0.244141,0.498047,0.0352895,7.29408e-05,0.974153,0.6,0
0.263672,0.478516,0.304677,-7.18399e-05,0.972201,1,0
0.263672,0.498047,0.0352639,6.47137e-05,0.972194,0.6,0
0.283203,0.478516,0.304505,-5.20098e-05,0.970245,1,0
0.283203,0.498047,0.0352557,5.75402e-05,0.970239,0.6,0
0.302734,0.478516,0.304358,-3.60038e-05,0.968291,1,0
0.302734,0.498047,0.0352551,4.96095e-05,0.968285,0.6,0
0.322266,0.00976562,1.00205,-1.90487e-05,0.966699,1,0
0.322266,0.0292969,1.00187,-4.0605e-05,0.966697,1,0
0.341797,0.00976562,1.00206,-1.74829e-05,0.964728,1,0
0.341797,0.0292969,1.00189,-3.74026e-05,0.964725,1,0
0.322266,0.0488281,1.00174,-5.7531e-05,0.966693,1,0
0.322266,0.0683594,1.00162,-7.88125e-05,0.966689,1,0
0.341797,0.0488281,1.00176,-5.34482e-05,0.964722,1,0
0.341797,0.0683594,1.00164,-7.34326e-05,0.964718,1,0
0.361328,0.00976562,1.00208,-1.59033e-05,0.962757,1,0
0.361328,0.0292969,1.00191,-3.42056e-05,0.962755,1,0
0.380859,0.00976562,1.00209,-1.43229e-05,0.960788,1,0
0.380859,0.0292969,1.00192,-3.10368e-05,0.960785,1,0
0.361328,0.0488281,1.00177,-4.93933e-05,0.962751,1,0
0.361328,0.0683594,1.00166,-6.80994e-05,0.962747,1,0
0.380859,0.0488281,1.00179,-4.53913e-05,0.960782,1,0
0.380859,0.0683594,1.00168,-6.28452e-05,0.960778,1,0
0.322266,0.0878906,1.00151,-9.75341e-05,0.966683,1,0
0.322266,0.107422,1.00139,-0.000118458,0.966677,1,0
0.341797,0.0878906,1.00153,-9.10256e-05,0.964712,1,0
0.341797,0.107422,1.00141,-0.000110686,0.964706,1,0
0.322266,0.126953,1.00125,-0.000138553,0.966669,1,0
0.322266,0.146484,1.00108,-0.000159763,0.96666,1,0
0.341797,0.126953,1.00127,-0.000129506,0.964698,1,0
0.341797,0.146484,1.0011,-0.000149374,0.964689,1,0
0.361328,0.0878906,1.00155,-8.45986e-05,0.962742,1,0
0.361328,0.107422,1.00143,-0.000103025,0.962735,1,0
0.380859,0.0878906,1.00157,-7.82898e-05,0.960772,1,0
0.380859,0.107422,1.00145,-9.55181e-05,0.960766,1,0
0.361328,0.126953,1.00129,-0.000120615,0.962728,1,0
0.361328,0.146484,1.00112,-0.00013919,0.962719,1,0
0.380859,0.126953,1.00131,-0.000111928,0.960759,1,0
0.380859,0.146484,1.00114,-0.000129264,0.96075,1,0
0.400391,0.00976562,1.0021,-1.27539e-05,0.958819,1,0
0.400391,0.0292969,1.00194,-2.79167e-05,0.958817,1,0
0.419922,0.00976562,1.00211,-1.12076e-05,0.956852,1,0
0.419922,0.0292969,1.00195,-2.48634e-05,0.956849,1,0
0.400391,0.0488281,1.0018,-4.14642e-05,0.958814,1,0
0.400391,0.0683594,1.00169,-5.7698e-05,0.95881,1,0
0.419922,0.0488281,1.00182,-3.76309e-05,0.956846,1,0
0.419922,0.0683594,1.00171,-5.26814e-05,0.956842,1,0
0.439453,0.00976562,1.00212,-9.69397e-06,0.954885,1,0
0.439453,0.0292969,1.00196,-2.18927e-05,0.954883,1,0
0.458984,0.00976562,1.00213,-8.22189e-06,0.952919,1,0
0.458984,0.0292969,1.00198,-1.90179e-05,0.952917,1,0
0.439453,0.0488281,1.00183,-3.39073e-05,0.95488,1,0
0.439453,0.0683594,1.00172,-4.78153e-05,0.954876,1,0
0.458984,0.0488281,1.00185,-3.03063e-05,0.952914,1,0
0.458984,0.0683594,1.00173,-4.31153e-05,0.95291,1,0
0.400391,0.0878906,1.00158,-7.21306e-05,0.958804,1,0
0.400391,0.107422,1.00146,-8.8202e-05,0.958798,1,0
0.419922,0.0878906,1.0016,-6.61468e-05,0.956837,1,0
0.419922,0.107422,1.00148,-8.11054e-05,0.956831,1,0
0.400391,0.126953,1.00133,-0.000103485,0.958791,1,0
0.400391,0.146484,1.00116,-0.000119639,0.958783,1,0
0.419922,0.126953,1.00134,-9.53172e-05,0.956824,1,0
0.419922,0.146484,1.00117,-0.000110349,0.956816,1,0
0.439453,0.0878906,1.00161,-6.03591e-05,0.954871,1,0
0.439453,0.107422,1.00149,-7.42514e-05,0.954865,1,0
0.458984,0.0878906,1.00162,-5.47836e-05,0.952906,1,0
0.458984,0.107422,1.0015,-6.76571e-05,0.9529,1,0
0.439453,0.126953,1.00135,-8.74484e-05,0.954859,1,0
0.439453,0.146484,1.00119,-0.000101417,0.954851,1,0
0.458984,0.126953,1.00137,-7.98957e-05,0.952894,1,0
0.458984,0.146484,1.0012,-9.28606e-05,0.952887,1,0
0.322266,0.166016,1.00086,-0.00018093,0.96665,1,0
0.322266,0.185547,1.00054,-0.000202746,0.966638,1,0
0.341797,0.166016,1.00088,-0.000169137,0.964679,1,0
0.341797,0.185547,1.00056,-0.000189483,0.964667,1,0
0.322266,0.205078,1.00007,-0.000224759,0.966625,1,0
0.322266,0.224609,0.999315,-0.000247174,0.96661,1,0
0.341797,0.205078,1.00009,-0.000209948,0.964654,1,0
0.341797,0.224609,0.999337,-0.000230741,0.96464,1,0
0.361328,0.166016,1.0009,-0.000157612,0.962709,1,0
0.361328,0.185547,1.00058,-0.000176563,0.962698,1,0
0.380859,0.166016,1.00092,-0.000146412,0.960741,1,0
0.380859,0.185547,1.0006,-0.000164046,0.96073,1,0
0.361328,0.205078,1.00011,-0.000195571,0.962686,1,0
0.361328,0.224609,0.999357,-0.00021485,0.962672,1,0
0.380859,0.205078,1.00013,-0.000181692,0.960718,1,0
0.380859,0.224609,0.999375,-0.000199569,0.960705,1,0
0.322266,0.244141,0.99807,-0.000269679,0.966594,1,0
0.322266,0.263672,0.99598,-0.000292292,0.966576,1,0
0.341797,0.244141,0.998092,-0.000251541,0.964624,1,0
0.341797,0.263672,0.996002,-0.000272375,0.964607,1,0
0.322266,0.283203,0.99247,-0.000314478,0.966556,1,0
0.322266,0.302734,0.986634,-0.000336159,0.966534,1,0
0.341797,0.283203,0.992491,-0.000292728,0.964588,1,0
0.341797,0.302734,0.986654,-0.000312526,0.964568,1,0
0.361328,0.244141,0.998112,-0.00023408,0.962657,1,0
0.361328,0.263672,0.996021,-0.000253295,0.96264,1,0
0.380859,0.244141,0.99813,-0.00021736,0.96069,1,0
0.380859,0.263672,0.99604,-0.000235109,0.960674,1,0
0.361328,0.283203,0.99251,-0.000272006,0.962622,1,0
0.361328,0.302734,0.986672,-0.000290147,0.962602,1,0
0.380859,0.283203,0.992527,-0.000252358,0.960657,1,0
0.380859,0.302734,0.986688,-0.000269049,0.960639,1,0
0.400391,0.166016,1.00093,-0.000135583,0.958774,1,0
0.400391,0.185547,1.00062,-0.000151979,0.958763,1,0
0.419922,0.166016,1.00095,-0.000125159,0.956807,1,0
0.419922,0.185547,1.00063,-0.000140396,0.956797,1,0
0.400391,0.205078,1.00015,-0.000168357,0.958752,1,0
0.400391,0.224609,0.999392,-0.000184939,0.958739,1,0
0.419922,0.205078,1.00016,-0.000155597,0.956786,1,0
0.419922,0.224609,0.999408,-0.00017099,0.956774,1,0
0.439453,0.166016,1.00096,-0.000115163,0.954842,1,0
0.439453,0.185547,1.00065,-0.000129319,0.954833,1,0
0.458984,0.166016,1.00098,-0.000105611,0.952878,1,0
0.458984,0.185547,1.00066,-0.000118759,0.952869,1,0
0.439453,0.205078,1.00018,-0.000143431,0.954822,1,0
0.439453,0.224609,0.999423,-0.000157731,0.954811,1,0
0.458984,0.205078,1.00019,-0.000131865,0.952859,1,0
0.458984,0.224609,0.999437,-0.000145165,0.952848,1,0
0.400391,0.244141,0.998147,-0.000201419,0.958725,1,0
0.400391,0.263672,0.996056,-0.000217847,0.95871,1,0
0.419922,0.244141,0.998163,-0.000186275,0.956761,1,0
0.419922,0.263672,0.996072,-0.000201516,0.956747,1,0
0.400391,0.283203,0.992544,-0.000233798,0.958694,1,0
0.400391,0.302734,0.986704,-0.000249227,0.958677,1,0
0.419922,0.283203,0.992559,-0.00021632,0.956732,1,0
0.419922,0.302734,0.986718,-0.000230653,0.956716,1,0
0.439453,0.244141,0.998178,-0.000171934,0.954798,1,0
0.439453,0.263672,0.996086,-0.00018611,0.954785,1,0
0.458984,0.244141,0.998191,-0.000158386,0.952837,1,0
0.458984,0.263672,0.9961,-0.000171606,0.952824,1,0
0.439453,0.283203,0.992573,-0.0001999,0.954771,1,0
0.439453,0.302734,0.986731,-0.000213282,0.954756,1,0
0.458984,0.283203,0.992586,-0.0001845,0.952811,1,0
0.458984,0.302734,0.986744,-0.000197057,0.952797,1,0
0.478516,0.00976562,1.00214,-6.79896e-06,0.950954,1,0
0.478516,0.0292969,1.00199,-1.62498e-05,0.950952,1,0
0.498047,0.00976562,1.00214,-5.43153e-06,0.94899,1,0
0.498047,0.0292969,1.002,-1.35973e-05,0.948988,1,0
0.478516,0.0488281,1.00186,-2.68382e-05,0.950949,1,0
0.478516,0.0683594,1.00174,-3.85937e-05,0.950946,1,0
0.498047,0.0488281,1.00187,-2.35109e-05,0.948985,1,0
0.498047,0.0683594,1.00175,-3.42594e-05,0.948982,1,0
0.517578,0.00976562,1.00215,-4.12478e-06,0.947027,1,0
0.517578,0.0292969,1.00201,-1.10668e-05,0.947025,1,0
0.537109,0.00976562,1.00215,-2.88272e-06,0.945064,1,0
0.537109,0.0292969,1.00201,-8.66322e-06,0.945062,1,0
0.517578,0.0488281,1.00188,-2.03298e-05,0.947022,1,0
0.517578,0.0683594,1.00176,-3.01183e-05,0.947019,1,0
0.537109,0.0488281,1.00189,-1.72985e-05,0.94506,1,0
0.537109,0.0683594,1.00177,-2.61741e-05,0.945056,1,0
0.478516,0.0878906,1.00163,-4.94318e-05,0.950941,1,0
0.478516,0.107422,1.00152,-6.13347e-05,0.950936,1,0
0.498047,0.0878906,1.00165,-4.43116e-05,0.948978,1,0
0.498047,0.107422,1.00153,-5.52918e-05,0.948973,1,0
0.478516,0.126953,1.00138,-7.26702e-05,0.95093,1,0
0.478516,0.146484,1.00121,-8.46888e-05,0.950923,1,0
0.498047,0.126953,1.00139,-6.57778e-05,0.948967,1,0
0.498047,0.146484,1.00122,-7.6906e-05,0.94896,1,0
0.517578,0.0878906,1.00166,-3.94275e-05,0.947015,1,0
0.517578,0.107422,1.00154,-4.95322e-05,0.94701,1,0
0.537109,0.0878906,1.00167,-3.47811e-05,0.945053,1,0
0.537109,0.107422,1.00155,-4.40564e-05,0.945048,1,0
0.517578,0.126953,1.0014,-5.92203e-05,0.947004,1,0
0.517578,0.146484,1.00123,-6.95115e-05,0.946998,1,0
0.537109,0.126953,1.00141,-5.29957e-05,0.945043,1,0
0.537109,0.146484,1.00124,-6.25007e-05,0.945037,1,0
0.556641,0.00976562,1.00215,-1.70829e-06,0.943102,1,0
0.556641,0.0292969,1.00202,-6.38933e-06,0.9431,1,0
0.576172,0.00976562,1.00215,-6.03401e-07,0.941141,1,0
0.576172,0.0292969,1.00203,-4.24646e-06,0.941139,1,0
0.556641,0.0488281,1.00189,-1.44186e-05,0.943098,1,0
0.556641,0.0683594,1.00178,-2.24277e-05,0.943095,1,0
0.576172,0.0488281,1.0019,-1.16903e-05,0.941137,1,0
0.576172,0.0683594,1.00179,-1.88784e-05,0.941134,1,0
0.595703,0.00976562,1.00216,4.30966e-07,0.93918,1,0
0.595703,0.0292969,1.00203,-2.23452e-06,0.939178,1,0
0.615234,0.00976562,1.00216,1.39468e-06,0.93722,1,0
0.615234,0.0292969,1.00204,-3.52144e-07,0.937218,1,0
0.595703,0.0488281,1.00191,-9.11228e-06,0.939176,1,0
0.595703,0.0683594,1.0018,-1.55239e-05,0.939174,1,0
0.615234,0.0488281,1.00191,-6.6823e-06,0.937216,1,0
0.615234,0.0683594,1.0018,-1.23602e-05,0.937214,1,0
0.556641,0.0878906,1.00167,-3.03715e-05,0.943091,1,0
0.556641,0.107422,1.00156,-3.8862e-05,0.943087,1,0
0.576172,0.0878906,1.00168,-2.61958e-05,0.94113,1,0
0.576172,0.107422,1.00156,-3.39446e-05,0.941126,1,0
0.556641,0.126953,1.00142,-4.70992e-05,0.943082,1,0
0.556641,0.146484,1.00125,-5.5866e-05,0.943076,1,0
0.576172,0.126953,1.00143,-4.15233e-05,0.941122,1,0
0.576172,0.146484,1.00126,-4.95973e-05,0.941117,1,0
0.595703,0.0878906,1.00169,-2.22493e-05,0.93917,1,0
0.595703,0.107422,1.00157,-2.92978e-05,0.939167,1,0
0.615234,0.0878906,1.0017,-1.85262e-05,0.937211,1,0
0.615234,0.107422,1.00158,-2.49138e-05,0.937207,1,0
0.595703,0.126953,1.00144,-3.62591e-05,0.939162,1,0
0.595703,0.146484,1.00127,-4.36829e-05,0.939157,1,0
0.615234,0.126953,1.00144,-3.1296e-05,0.937203,1,0
0.615234,0.146484,1.00128,-3.81094e-05,0.937198,1,0
0.478516,0.166016,1.00099,-9.65086e-05,0.950915,1,0
0.478516,0.185547,1.00068,-0.00010872,0.950907,1,0
0.498047,0.166016,1.001,-8.78579e-05,0.948953,1,0
0.498047,0.185547,1.00069,-9.91983e-05,0.948945,1,0
0.478516,0.205078,1.0002,-0.000120898,0.950897,1,0
0.478516,0.224609,0.99945,-0.000133282,0.950887,1,0
0.498047,0.205078,1.00021,-0.000110521,0.948936,1,0
0.498047,0.224609,0.999461,-0.000122066,0.948926,1,0
0.517578,0.166016,1.00101,-7.96545e-05,0.946991,1,0
0.517578,0.185547,1.0007,-9.01856e-05,0.946984,1,0
0.537109,0.166016,1.00102,-7.18902e-05,0.94503,1,0
0.537109,0.185547,1.00071,-8.16695e-05,0.945023,1,0
0.517578,0.205078,1.00023,-0.00010072,0.946975,1,0
0.517578,0.224609,0.999473,-0.000111496,0.946966,1,0
0.537109,0.205078,1.00024,-9.14765e-05,0.945015,1,0
0.537109,0.224609,0.999483,-0.000101548,0.945007,1,0
0.478516,0.244141,0.998204,-0.000145612,0.950876,1,0
0.478516,0.263672,0.996113,-0.000157975,0.950864,1,0
0.498047,0.244141,0.998216,-0.000133588,0.948916,1,0
0.498047,0.263672,0.996124,-0.000145181,0.948905,1,0
0.478516,0.283203,0.992598,-0.000170075,0.950852,1,0
0.478516,0.302734,0.986755,-0.000181915,0.950838,1,0
0.498047,0.283203,0.99261,-0.000156576,0.948893,1,0
0.498047,0.302734,0.986767,-0.00016779,0.948881,1,0
0.517578,0.244141,0.998227,-0.000122283,0.946956,1,0
0.517578,0.263672,0.996135,-0.000133183,0.946946,1,0
0.537109,0.244141,0.998238,-0.000111666,0.944998,1,0
0.537109,0.263672,0.996146,-0.00012194,0.944988,1,0
0.517578,0.283203,0.992621,-0.000143951,0.946935,1,0
0.517578,0.302734,0.986777,-0.000154616,0.946924,1,0
0.537109,0.283203,0.992631,-0.000132147,0.944978,1,0
0.537109,0.302734,0.986787,-0.000142328,0.944967,1,0
0.556641,0.166016,1.00103,-6.45537e-05,0.94307,1,0
0.556641,0.185547,1.00072,-7.36342e-05,0.943063,1,0
0.576172,0.166016,1.00104,-5.76313e-05,0.941111,1,0
0.576172,0.185547,1.00073,-6.60619e-05,0.941104,1,0
0.556641,0.205078,1.00025,-8.277e-05,0.943056,1,0
0.556641,0.224609,0.999493,-9.21935e-05,0.943048,1,0
0.576172,0.205078,1.00025,-7.45775e-05,0.941097,1,0
0.576172,0.224609,0.999502,-8.3405e-05,0.94109,1,0
0.595703,0.166016,1.00105,-5.11075e-05,0.939152,1,0
0.595703,0.185547,1.00073,-5.89332e-05,0.939146,1,0
0.615234,0.166016,1.00105,-4.49659e-05,0.937193,1,0
0.615234,0.185547,1.00074,-5.2228e-05,0.937188,1,0
0.595703,0.205078,1.00026,-6.68752e-05,0.939139,1,0
0.595703,0.224609,0.99951,-7.51533e-05,0.939132,1,0
0.615234,0.205078,1.00027,-5.96387e-05,0.937182,1,0
0.615234,0.224609,0.999519,-6.74094e-05,0.937175,1,0
0.556641,0.244141,0.998248,-0.000101703,0.943039,1,0
0.556641,0.263672,0.996156,-0.000111409,0.94303,1,0
0.576172,0.244141,0.998257,-9.23569e-05,0.941082,1,0
0.576172,0.263672,0.996165,-0.000101549,0.941073,1,0
0.556641,0.283203,0.992641,-0.000121113,0.943021,1,0
0.556641,0.302734,0.986797,-0.000130866,0.943011,1,0
0.576172,0.283203,0.992651,-0.000110799,0.941065,1,0
0.576172,0.302734,0.986807,-0.000120171,0.941055,1,0
0.595703,0.244141,0.998266,-8.35947e-05,0.939125,1,0
0.595703,0.263672,0.996174,-9.23177e-05,0.939117,1,0
0.615234,0.244141,0.998274,-7.53816e-05,0.937168,1,0
0.615234,0.263672,0.996183,-8.36761e-05,0.937161,1,0
0.595703,0.283203,0.99266,-0.000101157,0.939109,1,0
0.595703,0.302734,0.986816,-0.000110188,0.9391,1,0
0.615234,0.283203,0.992668,-9.21431e-05,0.937153,1,0
0.615234,0.302734,0.986825,-0.000100867,0.937145,1,0
0.322266,0.322266,0.9771,-0.000356181,0.966511,1,0
0.322266,0.341797,0.961859,-0.000374229,0.966486,1,0
0.341797,0.322266,0.977118,-0.000330713,0.964545,1,0
0.341797,0.341797,0.961874,-0.000346972,0.964522,1,0
0.322266,0.361328,0.938074,-0.000388055,0.96646,1,0
0.322266,0.380859,0.90188,-0.000396326,0.966433,1,0
0.341797,0.361328,0.938084,-0.000359287,0.964498,1,0
0.341797,0.380859,0.901883,-0.000366367,0.964473,1,0
0.361328,0.322266,0.977135,-0.000306758,0.962582,1,0
0.361328,0.341797,0.961888,-0.00032153,0.96256,1,0
0.380859,0.322266,0.97715,-0.000284316,0.960619,1,0
0.380859,0.341797,0.9619,-0.000297866,0.960599,1,0
0.361328,0.361328,0.938093,-0.000332655,0.962537,1,0
0.361328,0.380859,0.901885,-0.00033891,0.962515,1,0
0.380859,0.361328,0.938101,-0.000308076,0.960578,1,0
0.380859,0.380859,0.901886,-0.000313805,0.960558,1,0
0.322266,0.400391,0.848198,-0.000394459,0.966407,1,0
0.322266,0.419922,0.770553,-0.000376235,0.966383,1,0
0.341797,0.400391,0.848188,-0.000363922,0.964449,1,0
0.341797,0.419922,0.770518,-0.000345953,0.964427,1,0
0.322266,0.439453,0.660855,-0.00032338,0.966362,1,0
0.322266,0.458984,0.509179,-0.000207217,0.966347,1,0
0.341797,0.439453,0.660772,-0.000294261,0.964409,1,0
0.341797,0.458984,0.509036,-0.000183352,0.964396,1,0
0.361328,0.400391,0.848177,-0.00033623,0.962493,1,0
0.361328,0.419922,0.770484,-0.000318863,0.962473,1,0
0.380859,0.400391,0.848167,-0.000311156,0.960538,1,0
0.380859,0.419922,0.770451,-0.000294628,0.96052,1,0
0.361328,0.439453,0.660692,-0.000268669,0.962458,1,0
0.361328,0.458984,0.508903,-0.000163289,0.962446,1,0
0.380859,0.439453,0.660616,-0.000246169,0.960506,1,0
0.380859,0.458984,0.508779,-0.000146377,0.960497,1,0
0.400391,0.322266,0.977163,-0.000263355,0.958659,1,0
0.400391,0.341797,0.961911,-0.000275911,0.95864,1,0
0.419922,0.322266,0.977176,-0.000243818,0.956699,1,0
0.419922,0.341797,0.961922,-0.000255572,0.956681,1,0
0.400391,0.361328,0.938109,-0.00028543,0.958621,1,0
0.400391,0.380859,0.901888,-0.000290868,0.958602,1,0
0.419922,0.361328,0.938116,-0.000264581,0.956664,1,0
0.419922,0.380859,0.901889,-0.000269906,0.956646,1,0
0.439453,0.322266,0.977188,-0.000225633,0.95474,1,0
0.439453,0.341797,0.961932,-0.000236742,0.954724,1,0
0.458984,0.322266,0.9772,-0.000208719,0.952782,1,0
0.458984,0.341797,0.961942,-0.00021931,0.952767,1,0
0.439453,0.361328,0.938123,-0.000245384,0.954708,1,0
0.439453,0.380859,0.901891,-0.000250723,0.954692,1,0
0.458984,0.361328,0.93813,-0.000227695,0.952752,1,0
0.458984,0.380859,0.901893,-0.000233135,0.952738,1,0
0.400391,0.400391,0.848158,-0.000288445,0.958584,1,0
0.400391,0.419922,0.770419,-0.000272897,0.958568,1,0
0.419922,0.400391,0.848149,-0.000267841,0.95663,1,0
0.419922,0.419922,0.770389,-0.000253335,0.956616,1,0
0.400391,0.439453,0.660543,-0.000226308,0.958556,1,0
0.400391,0.458984,0.508665,-0.00013199,0.958547,1,0
0.419922,0.439453,0.660474,-0.000208665,0.956605,1,0
0.419922,0.458984,0.508559,-0.000119611,0.956598,1,0
0.439453,0.400391,0.848141,-0.0002491,0.954677,1,0
0.439453,0.419922,0.770361,-0.000235638,0.954664,1,0
0.458984,0.400391,0.848134,-0.000231999,0.952724,1,0
0.458984,0.419922,0.770334,-0.000219547,0.952712,1,0
0.439453,0.439453,0.660409,-0.000192878,0.954655,1,0
0.439453,0.458984,0.508462,-0.000108835,0.954648,1,0
0.458984,0.439453,0.660347,-0.000178653,0.952704,1,0
0.458984,0.458984,0.508371,-9.93503e-05,0.952698,1,0
0.322266,0.478516,0.304228,-2.34724e-05,0.96634,1,0
0.322266,0.498047,0.0352653,4.39457e-05,0.966335,0.6,0
0.341797,0.478516,0.304111,-1.47503e-05,0.964391,1,0
0.341797,0.498047,0.0352793,3.74769e-05,0.964386,0.6,0
0.361328,0.478516,0.304009,-9.14481e-06,0.962443,1,0
0.361328,0.498047,0.0352954,3.09304e-05,0.962438,0.6,0
0.380859,0.478516,0.303918,-5.896e-06,0.960494,1,0
0.380859,0.498047,0.0353101,2.49176e-05,0.96049,0.6,0
0.400391,0.478516,0.303838,-4.15933e-06,0.958545,1,0
0.400391,0.498047,0.035323,2.00173e-05,0.958541,0.6,0
0.419922,0.478516,0.303766,-3.3275e-06,0.956596,1,0
0.419922,0.498047,0.0353336,1.61617e-05,0.956593,0.6,0
0.439453,0.478516,0.303702,-2.98453e-06,0.954646,1,0
0.439453,0.498047,0.0353421,1.32416e-05,0.954643,0.6,0
0.458984,0.478516,0.303644,-2.88786e-06,0.952696,1,0
0.458984,0.498047,0.0353489,1.10582e-05,0.952694,0.6,0
0.478516,0.322266,0.97721,-0.000192993,0.950825,1,0
0.478516,0.341797,0.961951,-0.000203168,0.950811,1,0
0.498047,0.322266,0.977221,-0.000178369,0.948868,1,0
0.498047,0.341797,0.96196,-0.000188208,0.948855,1,0
0.478516,0.361328,0.938137,-0.000211378,0.950797,1,0
0.478516,0.380859,0.901895,-0.000216974,0.950784,1,0
0.498047,0.361328,0.938143,-0.000196305,0.948843,1,0
0.498047,0.380859,0.901898,-0.000202089,0.94883,1,0
0.517578,0.322266,0.977231,-0.000164767,0.946912,1,0
0.517578,0.341797,0.961969,-0.000174334,0.9469,1,0
0.537109,0.322266,0.97724,-0.00015211,0.944956,1,0
0.537109,0.341797,0.961978,-0.000161453,0.944945,1,0
0.517578,0.361328,0.93815,-0.000182362,0.946888,1,0
0.517578,0.380859,0.901901,-0.000188349,0.946877,1,0
0.537109,0.361328,0.938157,-0.000169447,0.944935,1,0
0.537109,0.380859,0.901905,-0.00017564,0.944924,1,0
0.478516,0.400391,0.848127,-0.000216343,0.950772,1,0
0.478516,0.419922,0.770308,-0.000204842,0.950761,1,0
0.498047,0.400391,0.848121,-0.00020196,0.948819,1,0
0.498047,0.419922,0.770284,-0.000191338,0.948809,1,0
0.478516,0.439453,0.660288,-0.000165749,0.950753,1,0
0.478516,0.458984,0.508288,-9.09069e-05,0.950748,1,0
0.498047,0.439453,0.660233,-0.000153971,0.948802,1,0
0.498047,0.458984,0.50821,-8.33135e-05,0.948798,1,0
0.517578,0.400391,0.848116,-0.000188708,0.946867,1,0
0.517578,0.419922,0.77026,-0.000178888,0.946858,1,0
0.537109,0.400391,0.848112,-0.000176464,0.944915,1,0
0.537109,0.419922,0.770238,-0.000167374,0.944906,1,0
0.517578,0.439453,0.66018,-0.000143165,0.946851,1,0
0.517578,0.458984,0.508138,-7.64391e-05,0.946847,1,0
0.537109,0.439453,0.66013,-0.000133213,0.9449,1,0
0.537109,0.458984,0.508071,-7.02052e-05,0.944897,1,0
0.556641,0.322266,0.97725,-0.000140326,0.943001,1,0
0.556641,0.341797,0.961986,-0.000149484,0.942991,1,0
0.576172,0.322266,0.977259,-0.00012935,0.941046,1,0
0.576172,0.341797,0.961995,-0.000138353,0.941037,1,0
0.556641,0.361328,0.938164,-0.000157468,0.942981,1,0
0.556641,0.380859,0.901908,-0.000163865,0.942971,1,0
0.576172,0.361328,0.938172,-0.000146344,0.941027,1,0
0.576172,0.380859,0.901912,-0.000152938,0.941018,1,0
0.595703,0.322266,0.977268,-0.000119119,0.939091,1,0
0.595703,0.341797,0.962003,-0.000127992,0.939083,1,0
0.615234,0.322266,0.977277,-0.000109578,0.937137,1,0
0.615234,0.341797,0.962012,-0.000118341,0.937129,1,0
0.595703,0.361328,0.938179,-0.000136002,0.939074,1,0
0.595703,0.380859,0.901917,-0.000142784,0.939066,1,0
0.615234,0.361328,0.938186,-0.000126379,0.937121,1,0
0.615234,0.380859,0.901921,-0.000133339,0.937113,1,0
0.556641,0.400391,0.848108,-0.000165127,0.942962,1,0
0.556641,0.419922,0.770217,-0.000156704,0.942955,1,0
0.576172,0.400391,0.848104,-0.000154611,0.94101,1,0
0.576172,0.419922,0.770198,-0.000146803,0.941003,1,0
0.556641,0.439453,0.660082,-0.000124032,0.942949,1,0
0.556641,0.458984,0.508009,-6.45628e-05,0.942946,1,0
0.576172,0.439453,0.660037,-0.000115554,0.940998,1,0
0.576172,0.458984,0.507951,-5.94648e-05,0.940995,1,0
0.595703,0.400391,0.848101,-0.00014484,0.939058,1,0
0.595703,0.419922,0.770179,-0.000137603,0.939052,1,0
0.615234,0.400391,0.848099,-0.00013575,0.937106,1,0
0.615234,0.419922,0.770161,-0.000129044,0.9371,1,0
0.595703,0.439453,0.659995,-0.000107724,0.939047,1,0
0.595703,0.458984,0.507897,-5.4856e-05,0.939044,1,0
0.615234,0.439453,0.659954,-0.000100485,0.937096,1,0
0.615234,0.458984,0.507847,-5.06758e-05,0.937093,1,0
0.478516,0.478516,0.303591,-2.89937e-06,0.950746,1,0
0.478516,0.498047,0.0353542,9.43406e-06,0.950744,0.6,0
0.498047,0.478516,0.303543,-2.94603e-06,0.948796,1,0
0.498047,0.498047,0.0353584,8.21422e-06,0.948794,0.6,0
0.517578,0.478516,0.303499,-2.99098e-06,0.946846,1,0
0.517578,0.498047,0.0353617,7.28114e-06,0.946844,0.6,0
0.537109,0.478516,0.303459,-3.02024e-06,0.944895,1,0
0.537109,0.498047,0.0353644,6.54614e-06,0.944894,0.6,0
0.556641,0.478516,0.303422,-3.03133e-06,0.942945,1,0
0.556641,0.498047,0.0353665,5.94683e-06,0.942943,0.6,0
0.576172,0.478516,0.303388,-3.02623e-06,0.940994,1,0
0.576172,0.498047,0.0353682,5.44139e-06,0.940993,0.6,0
0.595703,0.478516,0.303357,-3.00705e-06,0.939044,1,0
0.595703,0.498047,0.0353695,5.0039e-06,0.939042,0.6,0
0.615234,0.478516,0.303328,-2.97578e-06,0.937093,1,0
0.615234,0.498047,0.0353706,4.61858e-06,0.937091,0.6,0
0.634766,0.00976562,1.00216,2.28837e-06,0.93526,1,0
0.634766,0.0292969,1.00204,1.40309e-06,0.935259,1,0
0.654297,0.00976562,1.00215,3.11328e-06,0.933301,1,0
0.654297,0.0292969,1.00205,3.03449e-06,0.9333,1,0
0.634766,0.0488281,1.00192,-4.397e-06,0.935257,1,0
0.634766,0.0683594,1.00181,-9.38255e-06,0.935255,1,0
0.654297,0.0488281,1.00192,-2.25227e-06,0.933298,1,0
0.654297,0.0683594,1.00181,-6.58501e-06,0.933296,1,0
0.673828,0.00976562,1.00215,3.87123e-06,0.931343,1,0
0.673828,0.0292969,1.00205,4.54614e-06,0.931341,1,0
0.693359,0.00976562,1.00215,4.56459e-06,0.929385,1,0
0.693359,0.0292969,1.00205,5.94276e-06,0.929383,1,0
0.673828,0.0488281,1.00193,-2.43395e-07,0.93134,1,0
0.673828,0.0683594,1.00182,-3.9611e-06,0.931338,1,0
0.693359,0.0488281,1.00193,1.63482e-06,0.929382,1,0
0.693359,0.0683594,1.00182,-1.5037e-06,0.92938,1,0
0.634766,0.0878906,1.0017,-1.50193e-05,0.935252,1,0
0.634766,0.107422,1.00158,-2.07836e-05,0.935248,1,0
0.654297,0.0878906,1.00171,-1.17209e-05,0.933293,1,0
0.654297,0.107422,1.00159,-1.68975e-05,0.93329,1,0
0.634766,0.126953,1.00145,-2.66225e-05,0.935244,1,0
0.634766,0.146484,1.00128,-3.28628e-05,0.93524,1,0
0.654297,0.126953,1.00145,-2.22264e-05,0.933286,1,0
0.654297,0.146484,1.00129,-2.79283e-05,0.933282,1,0
0.673828,0.0878906,1.00171,-8.62249e-06,0.931335,1,0
0.673828,0.107422,1.0016,-1.32453e-05,0.931332,1,0
0.693359,0.0878906,1.00172,-5.71513e-06,0.929378,1,0
0.693359,0.107422,1.0016,-9.81615e-06,0.929375,1,0
0.673828,0.126953,1.00146,-1.80948e-05,0.931329,1,0
0.673828,0.146484,1.00129,-2.32909e-05,0.931325,1,0
0.693359,0.126953,1.00146,-1.42151e-05,0.929372,1,0
0.693359,0.146484,1.0013,-1.89356e-05,0.929368,1,0
0.712891,0.00976562,1.00215,5.19608e-06,0.927427,1,0
0.712891,0.0292969,1.00205,7.22944e-06,0.927425,1,0
0.732422,0.00976562,1.00214,5.7683e-06,0.92547,1,0
0.732422,0.0292969,1.00205,8.41122e-06,0.925468,1,0
0.712891,0.0488281,1.00194,3.38795e-06,0.927424,1,0
0.712891,0.0683594,1.00183,7.94715e-07,0.927422,1,0
0.732422,0.0488281,1.00194,5.02174e-06,0.925467,1,0
0.732422,0.0683594,1.00183,2.94156e-06,0.925466,1,0
0.751953,0.00976562,1.00214,6.28356e-06,0.923513,1,0
0.751953,0.0292969,1.00205,9.49278e-06,0.923512,1,0
0.771484,0.00976562,1.00213,6.74417e-06,0.921556,1,0
0.771484,0.0292969,1.00205,1.04783e-05,0.921555,1,0
0.751953,0.0488281,1.00194,6.5414e-06,0.923511,1,0
0.751953,0.0683594,1.00183,4.94374e-06,0.923509,1,0
0.771484,0.0488281,1.00194,7.95171e-06,0.921554,1,0
0.771484,0.0683594,1.00183,6.80841e-06,0.921553,1,0
0.712891,0.0878906,1.00172,-2.98982e-06,0.92742,1,0
0.712891,0.107422,1.0016,-6.59937e-06,0.927418,1,0
0.732422,0.0878906,1.00172,-4.37691e-07,0.925464,1,0
0.732422,0.107422,1.00161,-3.58417e-06,0.925461,1,0
0.712891,0.126953,1.00147,-1.05741e-05,0.927415,1,0
0.712891,0.146484,1.0013,-1.48473e-05,0.927412,1,0
0.732422,0.126953,1.00147,-7.15915e-06,0.925458,1,0
0.732422,0.146484,1.00131,-1.10112e-05,0.925455,1,0
0.751953,0.0878906,1.00173,1.95012e-06,0.923507,1,0
0.751953,0.107422,1.00161,-7.59687e-07,0.923505,1,0
0.771484,0.0878906,1.00173,4.18279e-06,0.921551,1,0
0.771484,0.107422,1.00161,1.88503e-06,0.921549,1,0
0.751953,0.126953,1.00148,-3.95736e-06,0.923502,1,0
0.751953,0.146484,1.00131,-7.41262e-06,0.923499,1,0
0.771484,0.126953,1.00148,-9.56063e-07,0.921547,1,0
0.771484,0.146484,1.00131,-4.03735e-06,0.921544,1,0
0.634766,0.166016,1.00106,-3.9189e-05,0.935235,1,0
0.634766,0.185547,1.00075,-4.59255e-05,0.93523,1,0
0.654297,0.166016,1.00107,-3.37592e-05,0.933278,1,0
0.654297,0.185547,1.00076,-4.0005e-05,0.933273,1,0
0.634766,0.205078,1.00028,-5.28433e-05,0.935224,1,0
0.634766,0.224609,0.999526,-6.01444e-05,0.935218,1,0
0.654297,0.205078,1.00029,-4.64647e-05,0.933268,1,0
0.654297,0.224609,0.999533,-5.33306e-05,0.933262,1,0
0.673828,0.166016,1.00107,-2.86587e-05,0.931321,1,0
0.673828,0.185547,1.00076,-3.44457e-05,0.931316,1,0
0.693359,0.166016,1.00108,-2.38699e-05,0.929364,1,0
0.693359,0.185547,1.00077,-2.92275e-05,0.92936,1,0
0.673828,0.205078,1.00029,-4.04793e-05,0.931311,1,0
0.673828,0.224609,0.99954,-4.69407e-05,0.931306,1,0
0.693359,0.205078,1.0003,-3.48638e-05,0.929355,1,0
0.693359,0.224609,0.999547,-4.09489e-05,0.92935,1,0
0.634766,0.244141,0.998282,-6.76848e-05,0.935212,1,0
0.634766,0.263672,0.996191,-7.55864e-05,0.935205,1,0
0.654297,0.244141,0.99829,-6.04722e-05,0.933256,1,0
0.654297,0.263672,0.996199,-6.80126e-05,0.933249,1,0
0.634766,0.283203,0.992677,-8.37136e-05,0.935198,1,0
0.634766,0.302734,0.986833,-9.21596e-05,0.93519,1,0
0.654297,0.283203,0.992685,-7.58289e-05,0.933243,1,0
0.654297,0.302734,0.986842,-8.40226e-05,0.933236,1,0
0.673828,0.244141,0.998297,-5.37134e-05,0.9313,1,0
0.673828,0.263672,0.996206,-6.09207e-05,0.931294,1,0
0.693359,0.244141,0.998304,-4.73794e-05,0.929345,1,0
0.693359,0.263672,0.996214,-5.42787e-05,0.929339,1,0
0.673828,0.283203,0.992693,-6.84516e-05,0.931288,1,0
0.673828,0.302734,0.98685,-7.64152e-05,0.931282,1,0
0.693359,0.283203,0.9927,-6.15468e-05,0.929334,1,0
0.693359,0.302734,0.986858,-6.92995e-05,0.929328,1,0
0.712891,0.166016,1.00108,-1.93753e-05,0.927408,1,0
0.712891,0.185547,1.00077,-2.43305e-05,0.927404,1,0
0.732422,0.166016,1.00109,-1.5158e-05,0.925452,1,0
0.732422,0.185547,1.00078,-1.97356e-05,0.925448,1,0
0.712891,0.205078,1.0003,-2.9596e-05,0.927399,1,0
0.712891,0.224609,0.999553,-3.533e-05,0.927395,1,0
0.732422,0.205078,1.00031,-2.46544e-05,0.925444,1,0
0.732422,0.224609,0.999558,-3.00604e-05,0.92544,1,0
0.751953,0.166016,1.00109,-1.12012e-05,0.923496,1,0
0.751953,0.185547,1.00078,-1.54242e-05,0.923493,1,0
0.771484,0.166016,1.0011,-7.48902e-06,0.921541,1,0
0.771484,0.185547,1.00079,-1.13785e-05,0.921538,1,0
0.751953,0.205078,1.00031,-2.00183e-05,0.923489,1,0
0.751953,0.224609,0.999564,-2.51173e-05,0.923485,1,0
0.771484,0.205078,1.00032,-1.56681e-05,0.921534,1,0
0.771484,0.224609,0.999569,-2.04794e-05,0.92153,1,0
0.712891,0.244141,0.99831,-4.14426e-05,0.92739,1,0
0.712891,0.263672,0.996221,-4.80562e-05,0.927385,1,0
0.732422,0.244141,0.998316,-3.58768e-05,0.925435,1,0
0.732422,0.263672,0.996227,-4.22248e-05,0.92543,1,0
0.712891,0.283203,0.992708,-5.50816e-05,0.927379,1,0
0.712891,0.302734,0.986866,-6.26403e-05,0.927374,1,0
0.732422,0.283203,0.992715,-4.90254e-05,0.925425,1,0
0.732422,0.302734,0.986873,-5.64049e-05,0.92542,1,0
0.751953,0.244141,0.998322,-3.06574e-05,0.923481,1,0
0.751953,0.263672,0.996234,-3.67578e-05,0.923476,1,0
0.771484,0.244141,0.998328,-2.57608e-05,0.921526,1,0
0.771484,0.263672,0.99624,-3.163e-05,0.921522,1,0
0.751953,0.283203,0.992722,-4.33494e-05,0.923471,1,0
0.751953,0.302734,0.986881,-5.05629e-05,0.923467,1,0
0.771484,0.283203,0.992729,-3.80269e-05,0.921518,1,0
0.771484,0.302734,0.986888,-4.50858e-05,0.921513,1,0
0.791016,0.00976562,1.00213,7.1531e-06,0.9196,1,0
0.791016,0.0292969,1.00205,1.13728e-05,0.919599,1,0
0.810547,0.00976562,1.00212,7.51476e-06,0.917644,1,0
0.810547,0.0292969,1.00205,1.21836e-05,0.917643,1,0
0.791016,0.0488281,1.00194,9.25839e-06,0.919598,1,0
0.791016,0.0683594,1.00184,8.54368e-06,0.919597,1,0
0.810547,0.0488281,1.00194,1.04687e-05,0.917643,1,0
0.810547,0.0683594,1.00184,1.01583e-05,0.917641,1,0
0.830078,0.00976562,1.00212,7.83444e-06,0.915689,1,0
0.830078,0.0292969,1.00205,1.29194e-05,0.915688,1,0
0.849609,0.00976562,1.00211,8.11659e-06,0.913734,1,0
0.849609,0.0292969,1.00205,1.35872e-05,0.913733,1,0
0.830078,0.0488281,1.00194,1.15901e-05,0.915687,1,0
0.830078,0.0683594,1.00184,1.16606e-05,0.915686,1,0
0.849609,0.0488281,1.00195,1.26294e-05,0.913732,1,0
0.849609,0.0683594,1.00184,1.30584e-05,0.913731,1,0
0.791016,0.0878906,1.00173,6.26973e-06,0.919595,1,0
0.791016,0.107422,1.00162,4.36081e-06,0.919593,1,0
0.810547,0.0878906,1.00173,8.22023e-06,0.91764,1,0
0.810547,0.107422,1.00162,6.67802e-06,0.917638,1,0
0.791016,0.126953,1.00148,1.85695e-06,0.919591,1,0
0.791016,0.146484,1.00132,-8.7169e-07,0.919589,1,0
0.810547,0.126953,1.00148,4.49328e-06,0.917636,1,0
0.810547,0.146484,1.00132,2.09737e-06,0.917634,1,0
0.830078,0.0878906,1.00173,1.0043e-05,0.915685,1,0
0.830078,0.107422,1.00162,8.84646e-06,0.915683,1,0
0.849609,0.0878906,1.00173,1.17463e-05,0.91373,1,0
0.849609,0.107422,1.00162,1.08756e-05,0.913728,1,0
0.830078,0.126953,1.00149,6.96402e-06,0.915681,1,0
0.830078,0.146484,1.00132,4.8823e-06,0.915679,1,0
0.849609,0.126953,1.00149,9.27983e-06,0.913727,1,0
0.849609,0.146484,1.00132,7.49505e-06,0.913725,1,0
0.869141,0.00976562,1.00211,8.36408e-06,0.911779,1,0
0.869141,0.0292969,1.00205,1.4192e-05,0.911778,1,0
0.888672,0.00976562,1.0021,8.57919e-06,0.909824,1,0
0.888672,0.0292969,1.00205,1.47378e-05,0.909823,1,0
0.869141,0.0488281,1.00194,1.35918e-05,0.911778,1,0
0.869141,0.0683594,1.00184,1.43585e-05,0.911776,1,0
0.888672,0.0488281,1.00194,1.44822e-05,0.909823,1,0
0.888672,0.0683594,1.00184,1.55676e-05,0.909822,1,0
0.908203,0.00976562,1.0021,8.76457e-06,0.90787,1,0
0.908203,0.0292969,1.00204,1.52289e-05,0.907869,1,0
0.927734,0.00976562,1.00209,8.92331e-06,0.905916,1,0
0.927734,0.0292969,1.00204,1.56703e-05,0.905915,1,0
0.908203,0.0488281,1.00194,1.53055e-05,0.907869,1,0
0.908203,0.0683594,1.00184,1.66921e-05,0.907868,1,0
0.927734,0.0488281,1.00194,1.60666e-05,0.905915,1,0
0.927734,0.0683594,1.00184,1.7738e-05,0.905914,1,0
0.869141,0.0878906,1.00174,1.33378e-05,0.911775,1,0
0.869141,0.107422,1.00162,1.27746e-05,0.911774,1,0
0.888672,0.0878906,1.00174,1.48254e-05,0.909821,1,0
0.888672,0.107422,1.00162,1.45525e-05,0.90982,1,0
0.869141,0.126953,1.00149,1.1451e-05,0.911772,1,0
0.869141,0.146484,1.00133,9.947e-06,0.91177,1,0
0.888672,0.126953,1.00149,1.34874e-05,0.909818,1,0
0.888672,0.146484,1.00133,1.22489e-05,0.909816,1,0
0.908203,0.0878906,1.00174,1.62162e-05,0.907867,1,0
0.908203,0.107422,1.00162,1.62176e-05,0.907866,1,0
0.927734,0.0878906,1.00174,1.75172e-05,0.905913,1,0
0.927734,0.107422,1.00162,1.77779e-05,0.905912,1,0
0.908203,0.126953,1.00149,1.53982e-05,0.907864,1,0
0.908203,0.146484,1.00133,1.44112e-05,0.907862,1,0
0.927734,0.126953,1.00149,1.71924e-05,0.90591,1,0
0.927734,0.146484,1.00133,1.64436e-05,0.905909,1,0
0.791016,0.166016,1.0011,-4.00612e-06,0.919586,1,0
0.791016,0.185547,1.00079,-7.58166e-06,0.919583,1,0
0.810547,0.166016,1.0011,-7.37927e-07,0.917631,1,0
0.810547,0.185547,1.00079,-4.01756e-06,0.917628,1,0
0.791016,0.205078,1.00032,-1.15852e-05,0.91958,1,0
0.791016,0.224609,0.999574,-1.61262e-05,0.919576,1,0
0.810547,0.205078,1.00033,-7.75197e-06,0.917625,1,0
0.810547,0.224609,0.999579,-1.20388e-05,0.917622,1,0
0.830078,0.166016,1.00111,2.32944e-06,0.915677,1,0
0.830078,0.185547,1.0008,-6.7099e-07,0.915674,1,0
0.849609,0.166016,1.00111,5.20921e-06,0.913722,1,0
0.849609,0.185547,1.0008,2.47252e-06,0.91372,1,0
0.830078,0.205078,1.00033,-4.15183e-06,0.915671,1,0
0.830078,0.224609,0.999583,-8.19906e-06,0.915668,1,0
0.849609,0.205078,1.00033,-7.6906e-07,0.913717,1,0
0.849609,0.224609,0.999587,-4.59021e-06,0.913714,1,0
0.791016,0.244141,0.998333,-2.11654e-05,0.919572,1,0
0.791016,0.263672,0.996246,-2.68179e-05,0.919568,1,0
0.810547,0.244141,0.998339,-1.68504e-05,0.917618,1,0
0.810547,0.263672,0.996252,-2.22995e-05,0.917615,1,0
0.791016,0.283203,0.992735,-3.30328e-05,0.919564,1,0
0.791016,0.302734,0.986895,-3.99475e-05,0.91956,1,0
0.810547,0.283203,0.992742,-2.8344e-05,0.917611,1,0
0.810547,0.302734,0.986902,-3.51235e-05,0.917607,1,0
0.830078,0.244141,0.998344,-1.27966e-05,0.915665,1,0
0.830078,0.263672,0.996258,-1.80543e-05,0.915661,1,0
0.849609,0.244141,0.998348,-8.98591e-06,0.913711,1,0
0.849609,0.263672,0.996263,-1.40631e-05,0.913708,1,0
0.830078,0.283203,0.992748,-2.39386e-05,0.915658,1,0
0.830078,0.302734,0.98691,-3.05912e-05,0.915654,1,0
0.849609,0.283203,0.992754,-1.97967e-05,0.913705,1,0
0.849609,0.302734,0.986916,-2.63296e-05,0.913701,1,0
0.869141,0.166016,1.00111,7.91389e-06,0.911768,1,0
0.869141,0.185547,1.0008,5.42666e-06,0.911766,1,0
0.888672,0.166016,1.00111,1.04553e-05,0.909814,1,0
0.888672,0.185547,1.00081,8.20431e-06,0.909812,1,0
0.869141,0.205078,1.00034,2.41114e-06,0.911763,1,0
0.869141,0.224609,0.999591,-1.19635e-06,0.911761,1,0
0.888672,0.205078,1.00034,5.40277e-06,0.90981,1,0
0.888672,0.224609,0.999595,1.99752e-06,0.909807,1,0
0.908203,0.166016,1.00111,1.28448e-05,0.907861,1,0
0.908203,0.185547,1.00081,1.08177e-05,0.907859,1,0
0.927734,0.166016,1.00112,1.5093e-05,0.905907,1,0
0.927734,0.185547,1.00081,1.32782e-05,0.905905,1,0
0.908203,0.205078,1.00034,8.21901e-06,0.907856,1,0
0.908203,0.224609,0.999599,5.00544e-06,0.907854,1,0
0.927734,0.205078,1.00035,1.08721e-05,0.905903,1,0
0.927734,0.224609,0.999602,7.84038e-06,0.905901,1,0
0.869141,0.244141,0.998353,-5.40145e-06,0.911758,1,0
0.869141,0.263672,0.996268,-1.03082e-05,0.911755,1,0
0.888672,0.244141,0.998358,-2.02734e-06,0.909805,1,0
0.888672,0.263672,0.996274,-6.7729e-06,0.909802,1,0
0.869141,0.283203,0.992761,-1.58996e-05,0.911752,1,0
0.869141,0.302734,0.986923,-2.23195e-05,0.911749,1,0
0.888672,0.283203,0.992766,-1.22299e-05,0.909799,1,0
0.888672,0.302734,0.98693,-1.85429e-05,0.909796,1,0
0.908203,0.244141,0.998362,1.15111e-06,0.907852,1,0
0.908203,0.263672,0.996279,-3.44167e-06,0.907849,1,0
0.927734,0.244141,0.998366,4.14775e-06,0.905899,1,0
0.927734,0.263672,0.996283,-3.00047e-07,0.905896,1,0
0.908203,0.283203,0.992772,-8.7714e-06,0.907846,1,0
0.908203,0.302734,0.986937,-1.49829e-05,0.907844,1,0
0.927734,0.283203,0.992778,-5.50894e-06,0.905894,1,0
0.927734,0.302734,0.986943,-1.16239e-05,0.905891,1,0
0.634766,0.322266,0.977285,-0.000100675,0.935183,1,0
0.634766,0.341797,0.96202,-0.000109343,0.935175,1,0
0.654297,0.322266,0.977294,-9.23625e-05,0.933229,1,0
0.654297,0.341797,0.962029,-0.000100947,0.933222,1,0
0.634766,0.361328,0.938194,-0.000117413,0.935168,1,0
0.634766,0.380859,0.901926,-0.00012454,0.935161,1,0
0.654297,0.361328,0.938201,-0.000109054,0.933215,1,0
0.654297,0.380859,0.901931,-0.000116336,0.933208,1,0
0.673828,0.322266,0.977302,-8.45968e-05,0.931275,1,0
0.673828,0.341797,0.962037,-9.31088e-05,0.931269,1,0
0.693359,0.322266,0.977311,-7.73377e-05,0.929322,1,0
0.693359,0.341797,0.962045,-8.57852e-05,0.929315,1,0
0.673828,0.361328,0.938209,-0.000101253,0.931262,1,0
0.673828,0.380859,0.901937,-0.00010868,0.931256,1,0
0.693359,0.361328,0.938217,-9.39683e-05,0.92931,1,0
0.693359,0.380859,0.901942,-0.000101528,0.929304,1,0
0.634766,0.400391,0.848097,-0.00012728,0.935154,1,0
0.634766,0.419922,0.770144,-0.000121072,0.935149,1,0
0.654297,0.400391,0.848095,-0.00011938,0.933203,1,0
0.654297,0.419922,0.770128,-0.000113639,0.933197,1,0
0.634766,0.439453,0.659916,-9.37861e-05,0.935145,1,0
0.634766,0.458984,0.507801,-4.68702e-05,0.935143,1,0
0.654297,0.439453,0.65988,-8.75786e-05,0.933194,1,0
0.654297,0.458984,0.507757,-4.33952e-05,0.933192,1,0
0.673828,0.400391,0.848094,-0.000112004,0.931251,1,0
0.673828,0.419922,0.770112,-0.000106701,0.931246,1,0
0.693359,0.400391,0.848093,-0.000105112,0.929299,1,0
0.693359,0.419922,0.770098,-0.000100218,0.929294,1,0
0.673828,0.439453,0.659846,-8.18187e-05,0.931243,1,0
0.673828,0.458984,0.507717,-4.02166e-05,0.931241,1,0
0.693359,0.439453,0.659813,-7.64677e-05,0.929291,1,0
0.693359,0.458984,0.507679,-3.73044e-05,0.929289,1,0
0.712891,0.322266,0.977319,-7.0548e-05,0.927368,1,0
0.712891,0.341797,0.962054,-7.89381e-05,0.927362,1,0
0.732422,0.322266,0.977327,-6.41934e-05,0.925415,1,0
0.732422,0.341797,0.962062,-7.25318e-05,0.92541,1,0
0.712891,0.361328,0.938225,-8.716e-05,0.927357,1,0
0.712891,0.380859,0.901948,-9.48427e-05,0.927352,1,0
0.732422,0.361328,0.938233,-8.0792e-05,0.925404,1,0
0.732422,0.380859,0.901954,-8.85876e-05,0.9254,1,0
0.751953,0.322266,0.977335,-5.82418e-05,0.923462,1,0
0.751953,0.341797,0.96207,-6.65335e-05,0.923457,1,0
0.771484,0.322266,0.977343,-5.26637e-05,0.921509,1,0
0.771484,0.341797,0.962079,-6.09124e-05,0.921504,1,0
0.751953,0.361328,0.938241,-7.48304e-05,0.923452,1,0
0.751953,0.380859,0.90196,-8.27287e-05,0.923448,1,0
0.771484,0.361328,0.938249,-6.92438e-05,0.9215,1,0
0.771484,0.380859,0.901966,-7.72346e-05,0.921496,1,0
0.712891,0.400391,0.848092,-9.86664e-05,0.927347,1,0
0.712891,0.419922,0.770084,-9.41545e-05,0.927343,1,0
0.732422,0.400391,0.848092,-9.26304e-05,0.925395,1,0
0.732422,0.419922,0.770071,-8.84759e-05,0.925391,1,0
0.712891,0.439453,0.659783,-7.1491e-05,0.92734,1,0
0.712891,0.458984,0.507643,-3.46316e-05,0.927338,1,0
0.732422,0.439453,0.659754,-6.68579e-05,0.925389,1,0
0.732422,0.458984,0.50761,-3.21743e-05,0.925387,1,0
0.751953,0.400391,0.848092,-8.69711e-05,0.923443,1,0
0.751953,0.419922,0.770058,-8.31519e-05,0.92344,1,0
0.771484,0.400391,0.848092,-8.16579e-05,0.921492,1,0
0.771484,0.419922,0.770047,-7.81554e-05,0.921488,1,0
0.751953,0.439453,0.659726,-6.25415e-05,0.923438,1,0
0.751953,0.458984,0.50758,-2.99146e-05,0.923436,1,0
0.771484,0.439453,0.6597,-5.85188e-05,0.921486,1,0
0.771484,0.458984,0.507551,-2.78359e-05,0.921485,1,0
0.634766,0.478516,0.303302,-2.93395e-06,0.935142,1,0
0.634766,0.498047,0.0353714,4.27548e-06,0.935141,0.6,0
0.654297,0.478516,0.303277,-2.88325e-06,0.933191,1,0
0.654297,0.498047,0.035372,3.96737e-06,0.93319,0.6,0
0.673828,0.478516,0.303254,-2.82454e-06,0.93124,1,0
0.673828,0.498047,0.0353724,3.68945e-06,0.931239,0.6,0
0.693359,0.478516,0.303233,-2.75835e-06,0.929289,1,0
0.693359,0.498047,0.0353727,3.43899e-06,0.929288,0.6,0
0.712891,0.478516,0.303213,-2.68293e-06,0.927338,1,0
0.712891,0.498047,0.0353728,3.22124e-06,0.927337,0.6,0
0.732422,0.478516,0.303195,-2.59709e-06,0.925387,1,0
0.732422,0.498047,0.0353729,3.03665e-06,0.925386,0.6,0
0.751953,0.478516,0.303178,-2.50637e-06,0.923436,1,0
0.751953,0.498047,0.0353729,2.86514e-06,0.923435,0.6,0
0.771484,0.478516,0.303162,-2.41666e-06,0.921484,1,0
0.771484,0.498047,0.0353728,2.69119e-06,0.921484,0.6,0
0.791016,0.322266,0.977351,-4.74316e-05,0.919556,1,0
0.791016,0.341797,0.962087,-5.56401e-05,0.919552,1,0
0.810547,0.322266,0.977358,-4.252e-05,0.917603,1,0
0.810547,0.341797,0.962095,-5.06905e-05,0.917599,1,0
0.791016,0.361328,0.938257,-6.40031e-05,0.919548,1,0
0.791016,0.380859,0.901972,-7.20765e-05,0.919544,1,0
0.810547,0.361328,0.938265,-5.9082e-05,0.917595,1,0
0.810547,0.380859,0.901979,-6.72287e-05,0.917592,1,0
0.830078,0.322266,0.977366,-3.79055e-05,0.91565,1,0
0.830078,0.341797,0.962103,-4.60398e-05,0.915647,1,0
0.849609,0.322266,0.977374,-3.35668e-05,0.913698,1,0
0.849609,0.341797,0.962112,-4.16664e-05,0.913694,1,0
0.830078,0.361328,0.938273,-5.44568e-05,0.915643,1,0
0.830078,0.380859,0.901985,-6.26682e-05,0.91564,1,0
0.849609,0.361328,0.938282,-5.01059e-05,0.913691,1,0
0.849609,0.380859,0.901992,-5.83741e-05,0.913688,1,0
0.791016,0.400391,0.848093,-7.66639e-05,0.91954,1,0
0.791016,0.419922,0.770035,-7.34635e-05,0.919537,1,0
0.810547,0.400391,0.848094,-7.19658e-05,0.917588,1,0
0.810547,0.419922,0.770025,-6.90525e-05,0.917586,1,0
0.791016,0.439453,0.659676,-5.47669e-05,0.919535,1,0
0.791016,0.458984,0.507524,-2.59203e-05,0.919534,1,0
0.810547,0.439453,0.659652,-5.12622e-05,0.917584,1,0
0.810547,0.458984,0.507499,-2.41544e-05,0.917582,1,0
0.830078,0.400391,0.848095,-6.75413e-05,0.915637,1,0
0.830078,0.419922,0.770015,-6.48989e-05,0.915634,1,0
0.849609,0.400391,0.848096,-6.33706e-05,0.913685,1,0
0.849609,0.419922,0.770005,-6.09856e-05,0.913683,1,0
0.830078,0.439453,0.659631,-4.79796e-05,0.915632,1,0
0.830078,0.458984,0.507475,-2.25034e-05,0.915631,1,0
0.849609,0.439453,0.65961,-4.49061e-05,0.913681,1,0
0.849609,0.458984,0.507453,-2.09517e-05,0.91368,1,0
0.869141,0.322266,0.977381,-2.94839e-05,0.911745,1,0
0.869141,0.341797,0.96212,-3.75501e-05,0.911742,1,0
0.888672,0.322266,0.977389,-2.56383e-05,0.909793,1,0
0.888672,0.341797,0.962128,-3.36724e-05,0.90979,1,0
0.869141,0.361328,0.93829,-4.60095e-05,0.911739,1,0
0.869141,0.380859,0.901998,-5.43279e-05,0.911736,1,0
0.888672,0.361328,0.938298,-4.21495e-05,0.909787,1,0
0.888672,0.380859,0.902005,-5.05122e-05,0.909784,1,0
0.908203,0.322266,0.977396,-2.20129e-05,0.907841,1,0
0.908203,0.341797,0.962137,-3.00158e-05,0.907838,1,0
0.927734,0.322266,0.977404,-1.85916e-05,0.905889,1,0
0.927734,0.341797,0.962145,-2.65637e-05,0.905886,1,0
0.908203,0.361328,0.938307,-3.85079e-05,0.907835,1,0
0.908203,0.380859,0.902012,-4.69091e-05,0.907833,1,0
0.927734,0.361328,0.938315,-3.50679e-05,0.905883,1,0
0.927734,0.380859,0.902019,-4.35011e-05,0.905881,1,0
0.869141,0.400391,0.848097,-5.94385e-05,0.911733,1,0
0.869141,0.419922,0.769997,-5.73036e-05,0.911731,1,0
0.888672,0.400391,0.848099,-5.57294e-05,0.909782,1,0
0.888672,0.419922,0.769988,-5.3845e-05,0.90978,1,0
0.869141,0.439453,0.65959,-4.20451e-05,0.91173,1,0
0.869141,0.458984,0.507433,-1.95411e-05,0.911729,1,0
0.888672,0.439453,0.659572,-3.93898e-05,0.909778,1,0
0.888672,0.458984,0.507414,-1.82945e-05,0.909777,1,0
0.908203,0.400391,0.8481,-5.22253e-05,0.90783,1,0
0.908203,0.419922,0.76998,-5.05864e-05,0.907828,1,0
0.927734,0.400391,0.848102,-4.89065e-05,0.905879,1,0
0.927734,0.419922,0.769973,-4.75018e-05,0.905877,1,0
0.908203,0.439453,0.659555,-3.69044e-05,0.907827,1,0
0.908203,0.458984,0.507396,-1.71486e-05,0.907826,1,0
0.927734,0.439453,0.659538,-3.45598e-05,0.905876,1,0
0.927734,0.458984,0.507379,-1.60488e-05,0.905875,1,0
0.791016,0.478516,0.303148,-2.33001e-06,0.919533,1,0
0.791016,0.498047,0.0353727,2.5134e-06,0.919533,0.6,0
0.810547,0.478516,0.303134,-2.24961e-06,0.917582,1,0
0.810547,0.498047,0.0353726,2.33857e-06,0.917582,0.6,0
0.830078,0.478516,0.303121,-2.16954e-06,0.915631,1,0
0.830078,0.498047,0.0353723,2.16555e-06,0.91563,0.6,0
0.849609,0.478516,0.303109,-2.06594e-06,0.91368,1,0
0.849609,0.498047,0.035372,2.0488e-06,0.913679,0.6,0
0.869141,0.478516,0.303098,-1.96637e-06,0.911728,1,0
0.869141,0.498047,0.0353718,2.03335e-06,0.911728,0.6,0
0.888672,0.478516,0.303088,-1.91544e-06,0.909777,1,0
0.888672,0.498047,0.0353717,1.94648e-06,0.909777,0.6,0
0.908203,0.478516,0.303078,-1.89549e-06,0.907826,1,0
0.908203,0.498047,0.0353714,1.7109e-06,0.907826,0.6,0
0.927734,0.478516,0.303069,-1.86432e-06,0.905875,1,0
0.927734,0.498047,0.035371,1.50723e-06,0.905874,0.6,0
0.947266,0.00976562,1.00208,9.05849e-06,0.903962,1,0
0.947266,0.0292969,1.00204,1.60666e-05,0.903961,1,0
0.966797,0.00976562,1.00207,9.17288e-06,0.902008,1,0
0.966797,0.0292969,1.00203,1.64224e-05,0.902007,1,0
0.947266,0.0488281,1.00194,1.67699e-05,0.903961,1,0
0.947266,0.0683594,1.00184,1.87113e-05,0.90396,1,0
0.966797,0.0488281,1.00194,1.74201e-05,0.902007,1,0
0.966797,0.0683594,1.00184,1.96175e-05,0.902006,1,0
0.986328,0.00976562,1.00207,9.26902e-06,0.900054,1,0
0.986328,0.0292969,1.00203,1.67417e-05,0.900054,1,0
1.00586,0.00976562,1.00206,9.34928e-06,0.898101,1,0
1.00586,0.0292969,1.00202,1.70285e-05,0.8981,1,0
0.986328,0.0488281,1.00194,1.80214e-05,0.900054,1,0
0.986328,0.0683594,1.00184,2.04621e-05,0.900053,1,0
1.00586,0.0488281,1.00193,1.85782e-05,0.8981,1,0
1.00586,0.0683594,1.00184,2.12501e-05,0.8981,1,0
0.947266,0.0878906,1.00174,1.8735e-05,0.903959,1,0
0.947266,0.107422,1.00162,1.92411e-05,0.903958,1,0
0.966797,0.0878906,1.00174,1.98756e-05,0.902006,1,0
0.966797,0.107422,1.00162,2.06143e-05,0.902005,1,0
0.947266,0.126953,1.00149,1.88784e-05,0.903957,1,0
0.947266,0.146484,1.00133,1.83553e-05,0.903955,1,0
0.966797,0.126953,1.00149,2.0464e-05,0.902003,1,0
0.966797,0.146484,1.00133,2.01552e-05,0.902002,1,0
0.986328,0.0878906,1.00173,2.09449e-05,0.900052,1,0
0.986328,0.107422,1.00162,2.19041e-05,0.900051,1,0
1.00586,0.0878906,1.00173,2.19484e-05,0.898099,1,0
1.00586,0.107422,1.00162,2.31167e-05,0.898098,1,0
0.986328,0.126953,1.00149,2.19566e-05,0.90005,1,0
0.986328,0.146484,1.00133,2.18511e-05,0.900049,1,0
1.00586,0.126953,1.00149,2.33628e-05,0.898097,1,0
1.00586,0.146484,1.00133,2.34505e-05,0.898096,1,0
1.02539,0.00976562,1.00205,9.41581e-06,0.896148,1,0
1.02539,0.0292969,1.00202,1.72866e-05,0.896147,1,0
1.04492,0.00976562,1.00205,9.47048e-06,0.894195,1,0
1.04492,0.0292969,1.00202,1.75192e-05,0.894194,1,0
1.02539,0.0488281,1.00193,1.90947e-05,0.896147,1,0
1.02539,0.0683594,1.00183,2.19865e-05,0.896147,1,0
1.04492,0.0488281,1.00193,1.95745e-05,0.894194,1,0
1.04492,0.0683594,1.00183,2.26756e-05,0.894194,1,0
1.06445,0.00976562,1.00204,9.51488e-06,0.892242,1,0
1.06445,0.0292969,1.00201,1.77291e-05,0.892241,1,0
1.08398,0.00976562,1.00203,9.55051e-06,0.890289,1,0
1.08398,0.0292969,1.00201,1.79186e-05,0.890289,1,0
1.06445,0.0488281,1.00193,2.00206e-05,0.892241,1,0
1.06445,0.0683594,1.00183,2.33212e-05,0.892241,1,0
1.08398,0.0488281,1.00192,2.04359e-05,0.890289,1,0
1.08398,0.0683594,1.00183,2.3927e-05,0.890288,1,0
1.02539,0.0878906,1.00173,2.28912e-05,0.896146,1,0
1.02539,0.107422,1.00162,2.4258e-05,0.896145,1,0
1.04492,0.0878906,1.00173,2.3778e-05,0.894193,1,0
1.04492,0.107422,1.00162,2.53333e-05,0.894192,1,0
1.02539,0.126953,1.00149,2.4689e-05,0.896144,1,0
1.02539,0.146484,1.00133,2.49603e-05,0.896143,1,0
1.04492,0.126953,1.00149,2.5941e-05,0.894191,1,0
1.04492,0.146484,1.00133,2.63871e-05,0.89419,1,0
1.06445,0.0878906,1.00173,2.46132e-05,0.89224,1,0
1.06445,0.107422,1.00162,2.63477e-05,0.89224,1,0
1.08398,0.0878906,1.00173,2.54008e-05,0.890288,1,0
1.08398,0.107422,1.00162,2.73058e-05,0.890287,1,0
1.06445,0.126953,1.00149,2.71244e-05,0.892239,1,0
1.06445,0.146484,1.00133,2.7737e-05,0.892238,1,0
1.08398,0.126953,1.00149,2.82443e-05,0.890286,1,0
1.08398,0.146484,1.00133,2.90157e-05,0.890285,1,0
0.947266,0.166016,1.00112,1.72098e-05,0.903954,1,0
0.947266,0.185547,1.00081,1.55966e-05,0.903952,1,0
0.966797,0.166016,1.00112,1.92048e-05,0.902001,1,0
0.966797,0.185547,1.00081,1.77829e-05,0.901999,1,0
0.947266,0.205078,1.00035,1.33733e-05,0.90395,1,0
0.947266,0.224609,0.999605,1.05144e-05,0.903948,1,0
0.966797,0.205078,1.00035,1.57334e-05,0.901997,1,0
0.966797,0.224609,0.999609,1.30389e-05,0.901995,1,0
0.986328,0.166016,1.00112,2.10864e-05,0.900048,1,0
0.986328,0.185547,1.00082,1.98465e-05,0.900046,1,0
1.00586,0.166016,1.00112,2.28629e-05,0.898095,1,0
1.00586,0.185547,1.00082,2.17962e-05,0.898093,1,0
0.986328,0.205078,1.00035,1.79625e-05,0.900044,1,0
0.986328,0.224609,0.999612,1.54245e-05,0.900043,1,0
1.00586,0.205078,1.00036,2.00699e-05,0.898092,1,0
1.00586,0.224609,0.999614,1.76811e-05,0.89809,1,0
0.947266,0.244141,0.99837,6.97553e-06,0.903946,1,0
0.947266,0.263672,0.996288,2.66545e-06,0.903944,1,0
0.966797,0.244141,0.998374,9.64641e-06,0.901993,1,0
0.966797,0.263672,0.996293,5.46742e-06,0.901991,1,0
0.947266,0.283203,0.992784,-2.42859e-06,0.903941,1,0
0.947266,0.302734,0.98695,-8.45135e-06,0.903939,1,0
0.966797,0.283203,0.992789,4.82681e-07,0.901989,1,0
0.966797,0.302734,0.986956,-5.45203e-06,0.901987,1,0
0.986328,0.244141,0.998378,1.21714e-05,0.900041,1,0
0.986328,0.263672,0.996297,8.11759e-06,0.900039,1,0
1.00586,0.244141,0.998381,1.45608e-05,0.898088,1,0
1.00586,0.263672,0.996302,1.06266e-05,0.898086,1,0
0.986328,0.283203,0.992794,3.23684e-06,0.900037,1,0
0.986328,0.302734,0.986963,-2.61379e-06,0.900035,1,0
1.00586,0.283203,0.9928,5.84505e-06,0.898085,1,0
1.00586,0.302734,0.986969,7.48668e-08,0.898083,1,0
1.02539,0.166016,1.00112,2.45417e-05,0.896142,1,0
1.02539,0.185547,1.00082,2.36401e-05,0.896141,1,0
1.04492,0.166016,1.00112,2.61299e-05,0.894189,1,0
1.04492,0.185547,1.00082,2.53856e-05,0.894188,1,0
1.02539,0.205078,1.00036,2.20642e-05,0.896139,1,0
1.02539,0.224609,0.999617,1.98177e-05,0.896138,1,0
1.04492,0.205078,1.00036,2.39535e-05,0.894187,1,0
1.04492,0.224609,0.99962,2.18428e-05,0.894185,1,0
1.06445,0.166016,1.00112,2.76341e-05,0.892237,1,0
1.06445,0.185547,1.00082,2.704e-05,0.892236,1,0
1.08398,0.166016,1.00112,2.90605e-05,0.890284,1,0
1.08398,0.185547,1.00082,2.86097e-05,0.890283,1,0
1.06445,0.205078,1.00036,2.57453e-05,0.892234,1,0
1.06445,0.224609,0.999622,2.37644e-05,0.892233,1,0
1.08398,0.205078,1.00036,2.74465e-05,0.890282,1,0
1.08398,0.224609,0.999624,2.55899e-05,0.890281,1,0
1.02539,0.244141,0.998385,1.68243e-05,0.896136,1,0
1.02539,0.263672,0.996306,1.30043e-05,0.896134,1,0
1.04492,0.244141,0.998388,1.89707e-05,0.894184,1,0
1.04492,0.263672,0.99631,1.52599e-05,0.894182,1,0
1.02539,0.283203,0.992805,8.31782e-06,0.896132,1,0
1.02539,0.302734,0.986975,2.62442e-06,0.896131,1,0
1.04492,0.283203,0.99281,1.06645e-05,0.89418,1,0
1.04492,0.302734,0.986981,5.04442e-06,0.894179,1,0
1.06445,0.244141,0.998391,2.10084e-05,0.892232,1,0
1.06445,0.263672,0.996314,1.74021e-05,0.89223,1,0
1.08398,0.244141,0.998394,2.2945e-05,0.89028,1,0
1.08398,0.263672,0.996318,1.94387e-05,0.890278,1,0
1.06445,0.283203,0.992815,1.28938e-05,0.892228,1,0
1.06445,0.302734,0.986987,7.34434e-06,0.892227,1,0
1.08398,0.283203,0.99282,1.50141e-05,0.890277,1,0
1.08398,0.302734,0.986993,9.53288e-06,0.890275,1,0
1.10352,0.00976562,1.00202,9.57888e-06,0.888337,1,0
1.10352,0.0292969,1.002,1.80903e-05,0.888336,1,0
1.12305,0.00976562,1.00202,9.60156e-06,0.886384,1,0
1.12305,0.0292969,1.00199,1.82467e-05,0.886384,1,0
1.10352,0.0488281,1.00192,2.0823e-05,0.888336,1,0
1.10352,0.0683594,1.00183,2.44962e-05,0.888336,1,0
1.12305,0.0488281,1.00192,2.11844e-05,0.886384,1,0
1.12305,0.0683594,1.00182,2.50321e-05,0.886383,1,0
1.14258,0.00976562,1.00201,9.62003e-06,0.884432,1,0
1.14258,0.0292969,1.00199,1.839e-05,0.884431,1,0
1.16211,0.00976562,1.002,9.63557e-06,0.88248,1,0
1.16211,0.0292969,1.00198,1.85223e-05,0.882479,1,0
1.14258,0.0488281,1.00191,2.15228e-05,0.884431,1,0
1.14258,0.0683594,1.00182,2.55377e-05,0.884431,1,0
1.16211,0.0488281,1.00191,2.18403e-05,0.882479,1,0
1.16211,0.0683594,1.00182,2.60159e-05,0.882479,1,0
1.10352,0.0878906,1.00173,2.61447e-05,0.888335,1,0
1.10352,0.107422,1.00162,2.82122e-05,0.888335,1,0
1.12305,0.0878906,1.00172,2.68483e-05,0.886383,1,0
1.12305,0.107422,1.00162,2.9071e-05,0.886382,1,0
1.10352,0.126953,1.00149,2.93058e-05,0.888334,1,0
1.10352,0.146484,1.00133,3.02285e-05,0.888333,1,0
1.12305,0.126953,1.00149,3.03131e-05,0.886382,1,0
1.12305,0.146484,1.00133,3.13803e-05,0.886381,1,0
1.14258,0.0878906,1.00172,2.75151e-05,0.884431,1,0
1.14258,0.107422,1.00161,2.98859e-05,0.88443,1,0
1.16211,0.0878906,1.00172,2.8148e-05,0.882478,1,0
1.16211,0.107422,1.00161,3.06606e-05,0.882478,1,0
1.14258,0.126953,1.00149,3.12705e-05,0.884429,1,0
1.14258,0.146484,1.00133,3.24758e-05,0.884429,1,0
1.16211,0.126953,1.00149,3.21818e-05,0.882477,1,0
1.16211,0.146484,1.00133,3.35192e-05,0.882477,1,0
1.18164,0.00976562,1.00199,9.64918e-06,0.880527,1,0
1.18164,0.0292969,1.00198,1.86455e-05,0.880527,1,0
1.20117,0.00976562,1.00198,9.66153e-06,0.878575,1,0
1.20117,0.0292969,1.00197,1.87608e-05,0.878575,1,0
1.18164,0.0488281,1.0019,2.2139e-05,0.880527,1,0
1.18164,0.0683594,1.00181,2.64691e-05,0.880527,1,0
1.20117,0.0488281,1.0019,2.24208e-05,0.878575,1,0
1.20117,0.0683594,1.00181,2.68994e-05,0.878575,1,0
1.2207,0.00976562,1.00198,9.67302e-06,0.876623,1,0
1.2207,0.0292969,1.00197,1.88693e-05,0.876623,1,0
1.24023,0.00976562,1.00197,9.68391e-06,0.874672,1,0
1.24023,0.0292969,1.00196,1.89719e-05,0.874671,1,0
1.2207,0.0488281,1.0019,2.26874e-05,0.876623,1,0
1.2207,0.0683594,1.00181,2.7309e-05,0.876623,1,0
1.24023,0.0488281,1.00189,2.29402e-05,0.874671,1,0
1.24023,0.0683594,1.0018,2.76997e-05,0.874671,1,0
1.18164,0.0878906,1.00172,2.87498e-05,0.880526,1,0
1.18164,0.107422,1.00161,3.13981e-05,0.880526,1,0
1.20117,0.0878906,1.00171,2.9323e-05,0.878574,1,0
1.20117,0.107422,1.00161,3.21014e-05,0.878574,1,0
1.18164,0.126953,1.00149,3.30505e-05,0.880525,1,0
1.18164,0.146484,1.00133,3.45143e-05,0.880525,1,0
1.20117,0.126953,1.00148,3.38799e-05,0.878573,1,0
1.20117,0.146484,1.00133,3.54649e-05,0.878573,1,0
1.2207,0.0878906,1.00171,2.98699e-05,0.876623,1,0
1.2207,0.107422,1.00161,3.27732e-05,0.876622,1,0
1.24023,0.0878906,1.00171,3.03926e-05,0.874671,1,0
1.24023,0.107422,1.0016,3.3416e-05,0.87467,1,0
1.2207,0.126953,1.00148,3.46728e-05,0.876622,1,0
1.2207,0.146484,1.00133,3.6374e-05,0.876621,1,0
1.24023,0.126953,1.00148,3.54321e-05,0.87467,1,0
1.24023,0.146484,1.00133,3.72448e-05,0.874669,1,0
1.10352,0.166016,1.00112,3.04147e-05,0.888332,1,0
1.10352,0.185547,1.00082,3.0101e-05,0.888331,1,0
1.12305,0.166016,1.00112,3.1702e-05,0.88638,1,0
1.12305,0.185547,1.00082,3.15195e-05,0.886379,1,0
1.10352,0.205078,1.00036,2.90637e-05,0.88833,1,0
1.10352,0.224609,0.999627,2.73261e-05,0.888329,1,0
1.12305,0.205078,1.00037,3.06029e-05,0.886378,1,0
1.12305,0.224609,0.999629,2.89793e-05,0.886377,1,0
1.14258,0.166016,1.00112,3.29274e-05,0.884428,1,0
1.14258,0.185547,1.00082,3.28704e-05,0.884427,1,0
1.16211,0.166016,1.00112,3.40954e-05,0.882476,1,0
1.16211,0.185547,1.00082,3.41587e-05,0.882475,1,0
1.14258,0.205078,1.00037,3.20697e-05,0.884426,1,0
1.14258,0.224609,0.999631,3.05555e-05,0.884425,1,0
1.16211,0.205078,1.00037,3.34693e-05,0.882474,1,0
1.16211,0.224609,0.999632,3.206e-05,0.882473,1,0
1.10352,0.244141,0.998397,2.47876e-05,0.888328,1,0
1.10352,0.263672,0.996322,2.13773e-05,0.888326,1,0
1.12305,0.244141,0.9984,2.65429e-05,0.886376,1,0
1.12305,0.263672,0.996326,2.32248e-05,0.886374,1,0
1.10352,0.283203,0.992825,1.7033e-05,0.888325,1,0
1.10352,0.302734,0.986999,1.16175e-05,0.888323,1,0
1.12305,0.283203,0.99283,1.89578e-05,0.886373,1,0
1.12305,0.302734,0.987005,1.36051e-05,0.886372,1,0
1.14258,0.244141,0.998403,2.82171e-05,0.884424,1,0
1.14258,0.263672,0.99633,2.49877e-05,0.884423,1,0
1.16211,0.244141,0.998406,2.98159e-05,0.882472,1,0
1.16211,0.263672,0.996334,2.66717e-05,0.882471,1,0
1.14258,0.283203,0.992835,2.07947e-05,0.884421,1,0
1.14258,0.302734,0.987011,1.55024e-05,0.88442,1,0
1.16211,0.283203,0.992839,2.25496e-05,0.88247,1,0
1.16211,0.302734,0.987017,1.73159e-05,0.882468,1,0
1.18164,0.166016,1.00112,3.52102e-05,0.880524,1,0
1.18164,0.185547,1.00082,3.53889e-05,0.880523,1,0
1.20117,0.166016,1.00112,3.62758e-05,0.878572,1,0
1.20117,0.185547,1.00082,3.65651e-05,0.878571,1,0
1.18164,0.205078,1.00037,3.48063e-05,0.880522,1,0
1.18164,0.224609,0.999634,3.34978e-05,0.880521,1,0
1.20117,0.205078,1.00037,3.60852e-05,0.878571,1,0
1.20117,0.224609,0.999636,3.48736e-05,0.87857,1,0
1.2207,0.166016,1.00112,3.72955e-05,0.87662,1,0
1.2207,0.185547,1.00082,3.76911e-05,0.87662,1,0
1.24023,0.166016,1.00112,3.82727e-05,0.874669,1,0
1.24023,0.185547,1.00082,3.87704e-05,0.874668,1,0
1.2207,0.205078,1.00037,3.73101e-05,0.876619,1,0
1.2207,0.224609,0.999638,3.61917e-05,0.876618,1,0
1.24023,0.205078,1.00037,3.84846e-05,0.874667,1,0
1.24023,0.224609,0.999639,3.74561e-05,0.874667,1,0
1.18164,0.244141,0.998408,3.13444e-05,0.88052,1,0
1.18164,0.263672,0.996337,2.82821e-05,0.880519,1,0
1.20117,0.244141,0.998411,3.28075e-05,0.878569,1,0
1.20117,0.263672,0.996341,2.9824e-05,0.878568,1,0
1.18164,0.283203,0.992844,2.42285e-05,0.880518,1,0
1.18164,0.302734,0.987023,1.90511e-05,0.880517,1,0
1.20117,0.283203,0.992849,2.58365e-05,0.878567,1,0
1.20117,0.302734,0.987029,2.07135e-05,0.878566,1,0
1.2207,0.244141,0.998413,3.42096e-05,0.876617,1,0
1.2207,0.263672,0.996344,3.13022e-05,0.876616,1,0
1.24023,0.244141,0.998416,3.5555e-05,0.874666,1,0
1.24023,0.263672,0.996348,3.27208e-05,0.874665,1,0
1.2207,0.283203,0.992853,2.73784e-05,0.876615,1,0
1.2207,0.302734,0.987034,2.23079e-05,0.876614,1,0
1.24023,0.283203,0.992858,2.88586e-05,0.874664,1,0
1.24023,0.302734,0.98704,2.38386e-05,0.874663,1,0
0.947266,0.322266,0.977411,-1.53593e-05,0.903936,1,0
0.947266,0.341797,0.962153,-2.3301e-05,0.903934,1,0
0.966797,0.322266,0.977419,-1.23027e-05,0.901984,1,0
0.966797,0.341797,0.962161,-2.02139e-05,0.901982,1,0
0.947266,0.361328,0.938324,-3.18138e-05,0.903932,1,0
0.947266,0.380859,0.902026,-4.0273e-05,0.903929,1,0
0.966797,0.361328,0.938332,-2.87323e-05,0.90198,1,0
0.966797,0.380859,0.902033,-3.72116e-05,0.901978,1,0
0.986328,0.322266,0.977426,-9.40898e-06,0.900032,1,0
0.986328,0.341797,0.96217,-1.729e-05,0.90003,1,0
1.00586,0.322266,0.977433,-6.66695e-06,0.898081,1,0
1.00586,0.341797,0.962178,-1.4518e-05,0.898078,1,0
0.986328,0.361328,0.938341,-2.58113e-05,0.900028,1,0
0.986328,0.380859,0.90204,-3.43054e-05,0.900026,1,0
1.00586,0.361328,0.938349,-2.30399e-05,0.898076,1,0
1.00586,0.380859,0.902047,-3.15443e-05,0.898075,1,0
0.947266,0.400391,0.848104,-4.57581e-05,0.903927,1,0
0.947266,0.419922,0.769966,-4.45757e-05,0.903926,1,0
0.966797,0.400391,0.848106,-4.27683e-05,0.901976,1,0
0.966797,0.419922,0.76996,-4.17984e-05,0.901974,1,0
0.947266,0.439453,0.659523,-3.23472e-05,0.903924,1,0
0.947266,0.458984,0.507363,-1.49988e-05,0.903924,1,0
0.966797,0.439453,0.659509,-3.0258e-05,0.901973,1,0
0.966797,0.458984,0.507349,-1.39973e-05,0.901972,1,0
0.986328,0.400391,0.848109,-3.99275e-05,0.900024,1,0
0.986328,0.419922,0.769954,-3.91623e-05,0.900023,1,0
1.00586,0.400391,0.848111,-3.7227e-05,0.898073,1,0
1.00586,0.419922,0.769948,-3.66615e-05,0.898071,1,0
0.986328,0.439453,0.659495,-2.82867e-05,0.900022,1,0
0.986328,0.458984,0.507335,-1.30521e-05,0.900021,1,0
1.00586,0.439453,0.659482,-2.64297e-05,0.898071,1,0
1.00586,0.458984,0.507322,-1.21695e-05,0.89807,1,0
1.02539,0.322266,0.977441,-4.06624e-06,0.896129,1,0
1.02539,0.341797,0.962186,-1.18874e-05,0.896127,1,0
1.04492,0.322266,0.977448,-1.59686e-06,0.894177,1,0
1.04492,0.341797,0.962194,-9.38815e-06,0.894175,1,0
1.02539,0.361328,0.938358,-2.04081e-05,0.896125,1,0
1.02539,0.380859,0.902054,-2.8919e-05,0.896123,1,0
1.04492,0.361328,0.938366,-1.79062e-05,0.894173,1,0
1.04492,0.380859,0.902061,-2.64207e-05,0.894172,1,0
1.06445,0.322266,0.977455,7.5056e-07,0.892225,1,0
1.06445,0.341797,0.962202,-7.01148e-06,0.892223,1,0
1.08398,0.322266,0.977462,2.98453e-06,0.890273,1,0
1.08398,0.341797,0.96221,-4.74903e-06,0.890272,1,0
1.06445,0.361328,0.938375,-1.55253e-05,0.892222,1,0
1.06445,0.380859,0.902069,-2.40408e-05,0.89222,1,0
1.08398,0.361328,0.938383,-1.32569e-05,0.89027,1,0
1.08398,0.380859,0.902076,-2.17712e-05,0.890269,1,0
1.02539,0.400391,0.848114,-3.46587e-05,0.896122,1,0
1.02539,0.419922,0.769943,-3.4289e-05,0.89612,1,0
1.04492,0.400391,0.848117,-3.22139e-05,0.89417,1,0
1.04492,0.419922,0.769938,-3.20377e-05,0.894169,1,0
1.02539,0.439453,0.659471,-2.46811e-05,0.896119,1,0
1.02539,0.458984,0.50731,-1.13503e-05,0.896119,1,0
1.04492,0.439453,0.659459,-2.30335e-05,0.894168,1,0
1.04492,0.458984,0.507299,-1.05914e-05,0.894168,1,0
1.06445,0.400391,0.848119,-2.98844e-05,0.892219,1,0
1.06445,0.419922,0.769934,-2.98998e-05,0.892218,1,0
1.08398,0.400391,0.848122,-2.76621e-05,0.890267,1,0
1.08398,0.419922,0.76993,-2.78672e-05,0.890266,1,0
1.06445,0.439453,0.659449,-2.14788e-05,0.892217,1,0
1.06445,0.458984,0.507289,-9.88641e-06,0.892216,1,0
1.08398,0.439453,0.659439,-2.00095e-05,0.890266,1,0
1.08398,0.458984,0.507279,-9.2256e-06,0.890265,1,0
0.947266,0.478516,0.30306,-1.79702e-06,0.903924,1,0
0.947266,0.498047,0.0353704,1.39076e-06,0.903923,0.6,0
0.966797,0.478516,0.303052,-1.70839e-06,0.901972,1,0
0.966797,0.498047,0.0353699,1.29624e-06,0.901972,0.6,0
0.986328,0.478516,0.303045,-1.62479e-06,0.900021,1,0
0.986328,0.498047,0.0353694,1.20823e-06,0.900021,0.6,0
1.00586,0.478516,0.303038,-1.55952e-06,0.89807,1,0
1.00586,0.498047,0.0353689,1.12826e-06,0.89807,0.6,0
1.02539,0.478516,0.303032,-1.50913e-06,0.896119,1,0
1.02539,0.498047,0.0353683,1.05377e-06,0.896118,0.6,0
1.04492,0.478516,0.303026,-1.46292e-06,0.894167,1,0
1.04492,0.498047,0.0353678,9.79313e-07,0.894167,0.6,0
1.06445,0.478516,0.30302,-1.41199e-06,0.892216,1,0
1.06445,0.498047,0.0353672,9.02084e-07,0.892216,0.6,0
1.08398,0.478516,0.303015,-1.35373e-06,0.890265,1,0
1.08398,0.498047,0.0353667,8.23395e-07,0.890265,0.6,0
1.10352,0.322266,0.977469,5.11264e-06,0.888322,1,0
1.10352,0.341797,0.962218,-2.59272e-06,0.88832,1,0
1.12305,0.322266,0.977476,7.14201e-06,0.88637,1,0
1.12305,0.341797,0.962227,-5.35167e-07,0.886369,1,0
1.10352,0.361328,0.938392,-1.10928e-05,0.888319,1,0
1.10352,0.380859,0.902083,-1.9604e-05,0.888317,1,0
1.12305,0.361328,0.9384,-9.02581e-06,0.886367,1,0
1.12305,0.380859,0.90209,-1.75321e-05,0.886366,1,0
1.14258,0.322266,0.977484,9.08008e-06,0.884419,1,0
1.14258,0.341797,0.962235,1.43044e-06,0.884417,1,0
1.16211,0.322266,0.977491,1.09334e-05,0.882467,1,0
1.16211,0.341797,0.962243,3.31054e-06,0.882466,1,0
1.14258,0.361328,0.938409,-7.04974e-06,0.884416,1,0
1.14258,0.380859,0.902097,-1.55489e-05,0.884415,1,0
1.16211,0.361328,0.938417,-5.15846e-06,0.882465,1,0
1.16211,0.380859,0.902105,-1.36486e-05,0.882464,1,0
1.10352,0.400391,0.848125,-2.55396e-05,0.888316,1,0
1.10352,0.419922,0.769926,-2.59314e-05,0.888315,1,0
1.12305,0.400391,0.848129,-2.35098e-05,0.886365,1,0
1.12305,0.419922,0.769923,-2.4085e-05,0.886364,1,0
1.10352,0.439453,0.65943,-1.86182e-05,0.888315,1,0
1.10352,0.458984,0.50727,-8.59884e-06,0.888314,1,0
1.12305,0.439453,0.659422,-1.7298e-05,0.886363,1,0
1.12305,0.458984,0.507262,-7.99868e-06,0.886363,1,0
1.14258,0.400391,0.848132,-2.15669e-05,0.884414,1,0
1.14258,0.419922,0.76992,-2.23215e-05,0.884413,1,0
1.16211,0.400391,0.848135,-1.97054e-05,0.882463,1,0
1.16211,0.419922,0.769918,-2.06358e-05,0.882462,1,0
1.14258,0.439453,0.659414,-1.60432e-05,0.884412,1,0
1.14258,0.458984,0.507254,-7.42284e-06,0.884412,1,0
1.16211,0.439453,0.659407,-1.4849e-05,0.882461,1,0
1.16211,0.458984,0.507247,-6.87213e-06,0.882461,1,0
1.18164,0.322266,0.977498,1.27072e-05,0.880516,1,0
1.18164,0.341797,0.962251,5.11074e-06,0.880515,1,0
1.20117,0.322266,0.977504,1.44069e-05,0.878564,1,0
1.20117,0.341797,0.962259,6.8356e-06,0.878563,1,0
1.18164,0.361328,0.938426,-3.34618e-06,0.880513,1,0
1.18164,0.380859,0.902112,-1.18259e-05,0.880512,1,0
1.20117,0.361328,0.938434,-1.60819e-06,0.878562,1,0
1.20117,0.380859,0.902119,-1.00755e-05,0.878561,1,0
1.2207,0.322266,0.977511,1.60372e-05,0.876613,1,0
1.2207,0.341797,0.962267,8.4901e-06,0.876612,1,0
1.24023,0.322266,0.977518,1.76021e-05,0.874662,1,0
1.24023,0.341797,0.962275,1.00801e-05,0.874661,1,0
1.2207,0.361328,0.938442,6.05713e-08,0.876611,1,0
1.2207,0.380859,0.902127,-8.3929e-06,0.87661,1,0
1.24023,0.361328,0.938451,1.66538e-06,0.87466,1,0
1.24023,0.380859,0.902134,-6.77428e-06,0.874659,1,0
1.18164,0.400391,0.848139,-1.79205e-05,0.880511,1,0
1.18164,0.419922,0.769915,-1.90232e-05,0.880511,1,0
1.20117,0.400391,0.848143,-1.62068e-05,0.87856,1,0
1.20117,0.419922,0.769914,-1.74796e-05,0.878559,1,0
1.18164,0.439453,0.6594,-1.37117e-05,0.88051,1,0
1.18164,0.458984,0.507241,-6.34831e-06,0.88051,1,0
1.20117,0.439453,0.659394,-1.26279e-05,0.878559,1,0
1.20117,0.458984,0.507235,-5.85143e-06,0.878559,1,0
1.2207,0.400391,0.848146,-1.45603e-05,0.876609,1,0
1.2207,0.419922,0.769912,-1.60011e-05,0.876608,1,0
1.24023,0.400391,0.84815,-1.29765e-05,0.874658,1,0
1.24023,0.419922,0.769911,-1.45843e-05,0.874657,1,0
1.2207,0.439453,0.659389,-1.15947e-05,0.876608,1,0
1.2207,0.458984,0.507229,-5.38044e-06,0.876608,1,0
1.24023,0.439453,0.659384,-1.06094e-05,0.874657,1,0
1.24023,0.458984,0.507224,-4.93315e-06,0.874657,1,0
1.10352,0.478516,0.30301,-1.29043e-06,0.888314,1,0
1.10352,0.498047,0.0353661,7.46832e-07,0.888314,0.6,0
1.12305,0.478516,0.303006,-1.22635e-06,0.886363,1,0
1.12305,0.498047,0.0353655,6.75354e-07,0.886363,0.6,0
1.14258,0.478516,0.303002,-1.16469e-06,0.884412,1,0
1.14258,0.498047,0.035365,6.10071e-07,0.884412,0.6,0
1.16211,0.478516,0.302998,-1.10677e-06,0.882461,1,0
1.16211,0.498047,0.0353644,5.50215e-07,0.882461,0.6,0
1.18164,0.478516,0.302994,-1.05206e-06,0.88051,1,0
1.18164,0.498047,0.0353638,4.94312e-07,0.88051,0.6,0
1.20117,0.478516,0.302991,-9.99498e-07,0.878559,1,0
1.20117,0.498047,0.0353633,4.40924e-07,0.878558,0.6,0
1.2207,0.478516,0.302988,-9.48044e-07,0.876608,1,0
1.2207,0.498047,0.0353627,3.89255e-07,0.876607,0.6,0
1.24023,0.478516,0.302985,-8.97298e-07,0.874657,1,0
1.24023,0.498047,0.0353622,3.38922e-07,0.874657,0.6,0
1.25977,0.00976562,1.00196,9.69444e-06,0.87272,1,0
1.25977,0.0292969,1.00195,1.90694e-05,0.872719,1,0
1.2793,0.00976562,1.00195,9.70493e-06,0.870768,1,0
1.2793,0.0292969,1.00195,1.91624e-05,0.870768,1,0
1.25977,0.0488281,1.00189,2.31806e-05,0.87272,1,0
1.25977,0.0683594,1.0018,2.80732e-05,0.872719,1,0
1.2793,0.0488281,1.00188,2.34098e-05,0.870768,1,0
1.2793,0.0683594,1.0018,2.84308e-05,0.870767,1,0
1.29883,0.00976562,1.00194,9.71571e-06,0.868817,1,0
1.29883,0.0292969,1.00194,1.92516e-05,0.868816,1,0
1.31836,0.00976562,1.00193,9.7271e-06,0.866865,1,0
1.31836,0.0292969,1.00193,1.93376e-05,0.866865,1,0
1.29883,0.0488281,1.00188,2.36286e-05,0.868816,1,0
1.29883,0.0683594,1.00179,2.87739e-05,0.868816,1,0
1.31836,0.0488281,1.00187,2.38379e-05,0.866865,1,0
1.31836,0.0683594,1.00179,2.91033e-05,0.866864,1,0
1.25977,0.0878906,1.00171,3.08931e-05,0.872719,1,0
1.25977,0.107422,1.0016,3.40318e-05,0.872719,1,0
1.2793,0.0878906,1.0017,3.13729e-05,0.870767,1,0
1.2793,0.107422,1.0016,3.46227e-05,0.870767,1,0
1.25977,0.126953,1.00148,3.61599e-05,0.872718,1,0
1.25977,0.146484,1.00132,3.80798e-05,0.872718,1,0
1.2793,0.126953,1.00148,3.68586e-05,0.870767,1,0
1.2793,0.146484,1.00132,3.88815e-05,0.870766,1,0
1.29883,0.0878906,1.0017,3.18337e-05,0.868816,1,0
1.29883,0.107422,1.0016,3.51904e-05,0.868815,1,0
1.31836,0.0878906,1.0017,3.22768e-05,0.866864,1,0
1.31836,0.107422,1.00159,3.57367e-05,0.866864,1,0
1.29883,0.126953,1.00147,3.75302e-05,0.868815,1,0
1.29883,0.146484,1.00132,3.96523e-05,0.868815,1,0
1.31836,0.126953,1.00147,3.81766e-05,0.866864,1,0
1.31836,0.146484,1.00132,4.03943e-05,0.866863,1,0
1.33789,0.00976562,1.00193,9.7393e-06,0.864914,1,0
1.33789,0.0292969,1.00193,1.9421e-05,0.864913,1,0
1.35742,0.00976562,1.00192,9.75243e-06,0.862962,1,0
1.35742,0.0292969,1.00192,1.95019e-05,0.862962,1,0
1.33789,0.0488281,1.00187,2.40383e-05,0.864913,1,0
1.33789,0.0683594,1.00178,2.94203e-05,0.864913,1,0
1.35742,0.0488281,1.00186,2.42306e-05,0.862962,1,0
1.35742,0.0683594,1.00178,2.97255e-05,0.862962,1,0
1.37695,0.00976562,1.00191,9.76656e-06,0.861011,1,0
1.37695,0.0292969,1.00191,1.9581e-05,0.86101,1,0
1.39648,0.00976562,1.0019,9.78177e-06,0.85906,1,0
1.39648,0.0292969,1.0019,1.96584e-05,0.859059,1,0
1.37695,0.0488281,1.00186,2.44156e-05,0.861011,1,0
1.37695,0.0683594,1.00178,3.002e-05,0.86101,1,0
1.39648,0.0488281,1.00185,2.45938e-05,0.859059,1,0
1.39648,0.0683594,1.00177,3.03045e-05,0.859059,1,0
1.33789,0.0878906,1.00169,3.27034e-05,0.864913,1,0
1.33789,0.107422,1.00159,3.62631e-05,0.864912,1,0
1.35742,0.0878906,1.00169,3.31146e-05,0.862961,1,0
1.35742,0.107422,1.00159,3.67709e-05,0.862961,1,0
1.33789,0.126953,1.00147,3.87996e-05,0.864912,1,0
1.33789,0.146484,1.00132,4.11094e-05,0.864912,1,0
1.35742,0.126953,1.00147,3.94007e-05,0.862961,1,0
1.35742,0.146484,1.00132,4.17995e-05,0.86296,1,0
1.37695,0.0878906,1.00169,3.35115e-05,0.86101,1,0
1.37695,0.107422,1.00158,3.72614e-05,0.86101,1,0
1.39648,0.0878906,1.00168,3.3895e-05,0.859059,1,0
1.39648,0.107422,1.00158,3.77357e-05,0.859059,1,0
1.37695,0.126953,1.00146,3.99814e-05,0.861009,1,0
1.37695,0.146484,1.00131,4.24662e-05,0.861009,1,0
1.39648,0.126953,1.00146,4.05429e-05,0.859058,1,0
1.39648,0.146484,1.00131,4.31108e-05,0.859058,1,0
1.25977,0.166016,1.00112,3.92102e-05,0.872717,1,0
1.25977,0.185547,1.00082,3.98061e-05,0.872716,1,0
1.2793,0.166016,1.00112,4.01107e-05,0.870766,1,0
1.2793,0.185547,1.00082,4.08012e-05,0.870765,1,0
1.25977,0.205078,1.00037,3.96122e-05,0.872716,1,0
1.25977,0.224609,0.99964,3.86701e-05,0.872715,1,0
1.2793,0.205078,1.00037,4.06959e-05,0.870764,1,0
1.2793,0.224609,0.999642,3.98372e-05,0.870764,1,0
1.29883,0.166016,1.00112,4.09767e-05,0.868814,1,0
1.29883,0.185547,1.00082,4.17584e-05,0.868813,1,0
1.31836,0.166016,1.00112,4.18105e-05,0.866863,1,0
1.31836,0.185547,1.00082,4.26802e-05,0.866862,1,0
1.29883,0.205078,1.00037,4.17386e-05,0.868813,1,0
1.29883,0.224609,0.999643,4.09603e-05,0.868812,1,0
1.31836,0.205078,1.00037,4.27429e-05,0.866862,1,0
1.31836,0.224609,0.999644,4.20422e-05,0.866861,1,0
1.25977,0.244141,0.998418,3.68473e-05,0.872714,1,0
1.25977,0.263672,0.996351,3.40837e-05,0.872713,1,0
1.2793,0.244141,0.99842,3.80898e-05,0.870763,1,0
1.2793,0.263672,0.996354,3.53943e-05,0.870762,1,0
1.25977,0.283203,0.992862,3.02809e-05,0.872712,1,0
1.25977,0.302734,0.987046,2.53092e-05,0.872712,1,0
1.2793,0.283203,0.992866,3.16487e-05,0.870761,1,0
1.2793,0.302734,0.987051,2.67239e-05,0.87076,1,0
1.29883,0.244141,0.998423,3.92856e-05,0.868811,1,0
1.29883,0.263672,0.996357,3.66559e-05,0.868811,1,0
1.31836,0.244141,0.998425,4.04378e-05,0.86686,1,0
1.31836,0.263672,0.99636,3.78716e-05,0.866859,1,0
1.29883,0.283203,0.992871,3.29654e-05,0.86881,1,0
1.29883,0.302734,0.987057,2.80866e-05,0.868809,1,0
1.31836,0.283203,0.992875,3.42346e-05,0.866859,1,0
1.31836,0.302734,0.987062,2.94e-05,0.866858,1,0
1.33789,0.166016,1.00112,4.26144e-05,0.864911,1,0
1.33789,0.185547,1.00082,4.35689e-05,0.864911,1,0
1.35742,0.166016,1.00111,4.33901e-05,0.86296,1,0
1.35742,0.185547,1.00082,4.44266e-05,0.862959,1,0
1.33789,0.205078,1.00037,4.37113e-05,0.86491,1,0
1.33789,0.224609,0.999645,4.30855e-05,0.86491,1,0
1.35742,0.205078,1.00037,4.46461e-05,0.862959,1,0
1.35742,0.224609,0.999646,4.40927e-05,0.862958,1,0
1.37695,0.166016,1.00111,4.41396e-05,0.861009,1,0
1.37695,0.185547,1.00082,4.52552e-05,0.861008,1,0
1.39648,0.166016,1.00111,4.48644e-05,0.859058,1,0
1.39648,0.185547,1.00082,4.60565e-05,0.859057,1,0
1.37695,0.205078,1.00037,4.55492e-05,0.861008,1,0
1.37695,0.224609,0.999647,4.50659e-05,0.861007,1,0
1.39648,0.205078,1.00037,4.64227e-05,0.859057,1,0
1.39648,0.224609,0.999648,4.60071e-05,0.859056,1,0
1.33789,0.244141,0.998427,4.15492e-05,0.864909,1,0
1.33789,0.263672,0.996364,3.90442e-05,0.864908,1,0
1.35742,0.244141,0.998429,4.26222e-05,0.862958,1,0
1.35742,0.263672,0.996367,4.01765e-05,0.862957,1,0
1.33789,0.283203,0.992879,3.54589e-05,0.864908,1,0
1.33789,0.302734,0.987068,3.06671e-05,0.864907,1,0
1.35742,0.283203,0.992883,3.6641e-05,0.862956,1,0
1.35742,0.302734,0.987073,3.18909e-05,0.862956,1,0
1.37695,0.244141,0.998431,4.3659e-05,0.861007,1,0
1.37695,0.263672,0.996369,4.12706e-05,0.861006,1,0
1.39648,0.244141,0.998433,4.46616e-05,0.859056,1,0
1.39648,0.263672,0.996372,4.23286e-05,0.859055,1,0
1.37695,0.283203,0.992887,3.77834e-05,0.861005,1,0
1.37695,0.302734,0.987078,3.30735e-05,0.861005,1,0
1.39648,0.283203,0.992892,3.8888e-05,0.859054,1,0
1.39648,0.302734,0.987084,3.42167e-05,0.859054,1,0
1.41602,0.00976562,1.00189,9.79815e-06,0.857108,1,0
1.41602,0.0292969,1.0019,1.97346e-05,0.857108,1,0
1.43555,0.00976562,1.00188,9.81573e-06,0.855157,1,0
1.43555,0.0292969,1.00189,1.98098e-05,0.855157,1,0
1.41602,0.0488281,1.00185,2.4766e-05,0.857108,1,0
1.41602,0.0683594,1.00177,3.05798e-05,0.857108,1,0
1.43555,0.0488281,1.00184,2.49326e-05,0.855157,1,0
1.43555,0.0683594,1.00176,3.08464e-05,0.855156,1,0
1.45508,0.00976562,1.00188,9.83447e-06,0.853206,1,0
1.45508,0.0292969,1.00188,1.9884e-05,0.853205,1,0
1.47461,0.00976562,1.00187,9.85417e-06,0.851255,1,0
1.47461,0.0292969,1.00188,1.99573e-05,0.851254,1,0
1.45508,0.0488281,1.00183,2.50939e-05,0.853206,1,0
1.45508,0.0683594,1.00176,3.1105e-05,0.853205,1,0
1.47461,0.0488281,1.00183,2.52504e-05,0.851255,1,0
1.47461,0.0683594,1.00175,3.13559e-05,0.851254,1,0
1.41602,0.0878906,1.00168,3.42661e-05,0.857108,1,0
1.41602,0.107422,1.00158,3.81947e-05,0.857107,1,0
1.43555,0.0878906,1.00167,3.46253e-05,0.855156,1,0
1.43555,0.107422,1.00157,3.86394e-05,0.855156,1,0
1.41602,0.126953,1.00146,4.10863e-05,0.857107,1,0
1.41602,0.146484,1.00131,4.37347e-05,0.857107,1,0
1.43555,0.126953,1.00146,4.16126e-05,0.855156,1,0
1.43555,0.146484,1.00131,4.43391e-05,0.855156,1,0
1.45508,0.0878906,1.00167,3.49735e-05,0.853205,1,0
1.45508,0.107422,1.00157,3.90705e-05,0.853205,1,0
1.47461,0.0878906,1.00167,3.53112e-05,0.851254,1,0
1.47461,0.107422,1.00157,3.94889e-05,0.851254,1,0
1.45508,0.126953,1.00145,4.21229e-05,0.853205,1,0
1.45508,0.146484,1.00131,4.4925e-05,0.853204,1,0
1.47461,0.126953,1.00145,4.2618e-05,0.851254,1,0
1.47461,0.146484,1.0013,4.54934e-05,0.851253,1,0
1.49414,0.00976562,1.00186,9.8746e-06,0.849304,1,0
1.49414,0.0292969,1.00187,2.00294e-05,0.849303,1,0
1.51367,0.00976562,1.00185,9.89547e-06,0.847353,1,0
1.51367,0.0292969,1.00186,2.01001e-05,0.847352,1,0
1.49414,0.0488281,1.00182,2.5402e-05,0.849304,1,0
1.49414,0.0683594,1.00175,3.15994e-05,0.849303,1,0
1.51367,0.0488281,1.00182,2.55491e-05,0.847352,1,0
1.51367,0.0683594,1.00174,3.18359e-05,0.847352,1,0
1.5332,0.00976562,1.00184,9.9166e-06,0.845402,1,0
1.5332,0.0292969,1.00185,2.01693e-05,0.845401,1,0
1.55273,0.00976562,1.00183,9.93784e-06,0.843451,1,0
1.55273,0.0292969,1.00185,2.0237e-05,0.84345,1,0
1.5332,0.0488281,1.00181,2.56916e-05,0.845402,1,0
1.5332,0.0683594,1.00174,3.20655e-05,0.845401,1,0
1.55273,0.0488281,1.0018,2.58299e-05,0.843451,1,0
1.55273,0.0683594,1.00173,3.22885e-05,0.84345,1,0
1.49414,0.0878906,1.00166,3.5639e-05,0.849303,1,0
1.49414,0.107422,1.00156,3.98952e-05,0.849303,1,0
1.51367,0.0878906,1.00166,3.59574e-05,0.847352,1,0
1.51367,0.107422,1.00156,4.02901e-05,0.847352,1,0
1.49414,0.126953,1.00145,4.30987e-05,0.849303,1,0
1.49414,0.146484,1.0013,4.60453e-05,0.849302,1,0
1.51367,0.126953,1.00144,4.35658e-05,0.847352,1,0
1.51367,0.146484,1.0013,4.65816e-05,0.847351,1,0
1.5332,0.0878906,1.00165,3.62666e-05,0.845401,1,0
1.5332,0.107422,1.00156,4.0674e-05,0.845401,1,0
1.55273,0.0878906,1.00165,3.65672e-05,0.84345,1,0
1.55273,0.107422,1.00155,4.10475e-05,0.84345,1,0
1.5332,0.126953,1.00144,4.40199e-05,0.845401,1,0
1.5332,0.146484,1.00129,4.7103e-05,0.845401,1,0
1.55273,0.126953,1.00144,4.44617e-05,0.84345,1,0
1.55273,0.146484,1.00129,4.76103e-05,0.84345,1,0
1.41602,0.166016,1.00111,4.55659e-05,0.857106,1,0
1.41602,0.185547,1.00082,4.6832e-05,0.857106,1,0
1.43555,0.166016,1.00111,4.62454e-05,0.855155,1,0
1.43555,0.185547,1.00082,4.75832e-05,0.855155,1,0
1.41602,0.205078,1.00037,4.72681e-05,0.857105,1,0
1.41602,0.224609,0.999649,4.69179e-05,0.857105,1,0
1.43555,0.205078,1.00037,4.80869e-05,0.855154,1,0
1.43555,0.224609,0.99965,4.78001e-05,0.855154,1,0
1.45508,0.166016,1.00111,4.69041e-05,0.853204,1,0
1.45508,0.185547,1.00082,4.83114e-05,0.853204,1,0
1.47461,0.166016,1.0011,4.75431e-05,0.851253,1,0
1.47461,0.185547,1.00082,4.90178e-05,0.851253,1,0
1.45508,0.205078,1.00037,4.88806e-05,0.853203,1,0
1.45508,0.224609,0.999651,4.86551e-05,0.853203,1,0
1.47461,0.205078,1.00037,4.96505e-05,0.851252,1,0
1.47461,0.224609,0.999651,4.94845e-05,0.851252,1,0
1.41602,0.244141,0.998434,4.5632e-05,0.857104,1,0
1.41602,0.263672,0.996375,4.33523e-05,0.857104,1,0
1.43555,0.244141,0.998436,4.65717e-05,0.855153,1,0
1.43555,0.263672,0.996378,4.43437e-05,0.855153,1,0
1.41602,0.283203,0.992896,3.99568e-05,0.857103,1,0
1.41602,0.302734,0.987089,3.53226e-05,0.857103,1,0
1.43555,0.283203,0.9929,4.09915e-05,0.855152,1,0
1.43555,0.302734,0.987094,3.63931e-05,0.855152,1,0
1.45508,0.244141,0.998438,4.74824e-05,0.853202,1,0
1.45508,0.263672,0.996381,4.53043e-05,0.853202,1,0
1.47461,0.244141,0.998439,4.83656e-05,0.851251,1,0
1.47461,0.263672,0.996384,4.62357e-05,0.851251,1,0
1.45508,0.283203,0.992903,4.1994e-05,0.853201,1,0
1.45508,0.302734,0.9871,3.74298e-05,0.853201,1,0
1.47461,0.283203,0.992907,4.29657e-05,0.85125,1,0
1.47461,0.302734,0.987105,3.84343e-05,0.85125,1,0
1.49414,0.166016,1.0011,4.81635e-05,0.849302,1,0
1.49414,0.185547,1.00082,4.97035e-05,0.849302,1,0
1.51367,0.166016,1.0011,4.87662e-05,0.847351,1,0
1.51367,0.185547,1.00082,5.03697e-05,0.847351,1,0
1.49414,0.205078,1.00037,5.03979e-05,0.849301,1,0
1.49414,0.224609,0.999652,5.02894e-05,0.849301,1,0
1.51367,0.205078,1.00037,5.11239e-05,0.84735,1,0
1.51367,0.224609,0.999653,5.10711e-05,0.84735,1,0
1.5332,0.166016,1.0011,4.93523e-05,0.8454,1,0
1.5332,0.185547,1.00081,5.10173e-05,0.8454,1,0
1.55273,0.166016,1.0011,4.99223e-05,0.843449,1,0
1.55273,0.185547,1.00081,5.16473e-05,0.843449,1,0
1.5332,0.205078,1.00037,5.18295e-05,0.8454,1,0
1.5332,0.224609,0.999653,5.18309e-05,0.845399,1,0
1.55273,0.205078,1.00037,5.25159e-05,0.843449,1,0
1.55273,0.224609,0.999654,5.25698e-05,0.843448,1,0
1.49414,0.244141,0.998441,4.92227e-05,0.849301,1,0
1.49414,0.263672,0.996386,4.71393e-05,0.8493,1,0
1.51367,0.244141,0.998443,5.00549e-05,0.84735,1,0
1.51367,0.263672,0.996389,4.80165e-05,0.847349,1,0
1.49414,0.283203,0.992911,4.3908e-05,0.8493,1,0
1.49414,0.302734,0.98711,3.9408e-05,0.849299,1,0
1.51367,0.283203,0.992915,4.48224e-05,0.847349,1,0
1.51367,0.302734,0.987115,4.03525e-05,0.847348,1,0
1.5332,0.244141,0.998444,5.08636e-05,0.845399,1,0
1.5332,0.263672,0.996391,4.88686e-05,0.845398,1,0
1.55273,0.244141,0.998446,5.165e-05,0.843448,1,0
1.55273,0.263672,0.996394,4.96969e-05,0.843448,1,0
1.5332,0.283203,0.992919,4.57104e-05,0.845398,1,0
1.5332,0.302734,0.98712,4.12693e-05,0.845397,1,0
1.55273,0.283203,0.992923,4.65734e-05,0.843447,1,0
1.55273,0.302734,0.987125,4.216e-05,0.843447,1,0
1.25977,0.322266,0.977525,1.91068e-05,0.872711,1,0
1.25977,0.341797,0.962283,1.16108e-05,0.87271,1,0
1.2793,0.322266,0.977532,2.05557e-05,0.870759,1,0
1.2793,0.341797,0.962291,1.30856e-05,0.870758,1,0
1.25977,0.361328,0.938459,3.21122e-06,0.872709,1,0
1.25977,0.380859,0.902141,-5.21519e-06,0.872708,1,0
1.2793,0.361328,0.938468,4.70149e-06,0.870758,1,0
1.2793,0.380859,0.902149,-3.71192e-06,0.870757,1,0
1.29883,0.322266,0.977539,2.19516e-05,0.868808,1,0
1.29883,0.341797,0.962299,1.45066e-05,0.868807,1,0
1.31836,0.322266,0.977546,2.32969e-05,0.866857,1,0
1.31836,0.341797,0.962306,1.58769e-05,0.866856,1,0
1.29883,0.361328,0.938476,6.13801e-06,0.868806,1,0
1.29883,0.380859,0.902156,-2.26145e-06,0.868806,1,0
1.31836,0.361328,0.938484,7.52365e-06,0.866855,1,0
1.31836,0.380859,0.902163,-8.61206e-07,0.866855,1,0
1.25977,0.400391,0.848154,-1.14527e-05,0.872707,1,0
1.25977,0.419922,0.76991,-1.32263e-05,0.872706,1,0
1.2793,0.400391,0.848158,-9.98523e-06,0.870756,1,0
1.2793,0.419922,0.769909,-1.19234e-05,0.870755,1,0
1.25977,0.439453,0.659379,-9.66954e-06,0.872706,1,0
1.25977,0.458984,0.50722,-4.50766e-06,0.872706,1,0
1.2793,0.439453,0.659375,-8.77172e-06,0.870755,1,0
1.2793,0.458984,0.507216,-4.10143e-06,0.870755,1,0
1.29883,0.400391,0.848162,-8.56958e-06,0.868805,1,0
1.29883,0.419922,0.769908,-1.06713e-05,0.868804,1,0
1.31836,0.400391,0.848166,-7.20304e-06,0.866854,1,0
1.31836,0.419922,0.769908,-9.46675e-06,0.866853,1,0
1.29883,0.439453,0.659371,-7.91213e-06,0.868804,1,0
1.29883,0.458984,0.507212,-3.71224e-06,0.868804,1,0
1.31836,0.439453,0.659368,-7.08789e-06,0.866853,1,0
1.31836,0.458984,0.507208,-3.33812e-06,0.866853,1,0
1.33789,0.322266,0.977552,2.45952e-05,0.864906,1,0
1.33789,0.341797,0.962314,1.71997e-05,0.864905,1,0
1.35742,0.322266,0.977559,2.58492e-05,0.862955,1,0
1.35742,0.341797,0.962322,1.84774e-05,0.862954,1,0
1.33789,0.361328,0.938493,8.86209e-06,0.864904,1,0
1.33789,0.380859,0.902171,4.91208e-07,0.864904,1,0
1.35742,0.361328,0.938501,1.01563e-05,0.862953,1,0
1.35742,0.380859,0.902178,1.79908e-06,0.862953,1,0
1.37695,0.322266,0.977566,2.70607e-05,0.861004,1,0
1.37695,0.341797,0.96233,1.97122e-05,0.861003,1,0
1.39648,0.322266,0.977572,2.82318e-05,0.859053,1,0
1.39648,0.341797,0.962338,2.09064e-05,0.859052,1,0
1.37695,0.361328,0.938509,1.14083e-05,0.861002,1,0
1.37695,0.380859,0.902185,3.06502e-06,0.861002,1,0
1.39648,0.361328,0.938518,1.26195e-05,0.859052,1,0
1.39648,0.380859,0.902193,4.28945e-06,0.859051,1,0
1.33789,0.400391,0.848171,-5.88459e-06,0.864903,1,0
1.33789,0.419922,0.769908,-8.30721e-06,0.864902,1,0
1.35742,0.400391,0.848175,-4.61162e-06,0.862952,1,0
1.35742,0.419922,0.769909,-7.19114e-06,0.862952,1,0
1.33789,0.439453,0.659365,-6.29694e-06,0.864902,1,0
1.33789,0.458984,0.507205,-2.9779e-06,0.864902,1,0
1.35742,0.439453,0.659363,-5.53787e-06,0.862951,1,0
1.35742,0.458984,0.507203,-2.63015e-06,0.862951,1,0
1.37695,0.400391,0.84818,-3.38124e-06,0.861001,1,0
1.37695,0.419922,0.769909,-6.11624e-06,0.861001,1,0
1.39648,0.400391,0.848184,-2.19181e-06,0.85905,1,0
1.39648,0.419922,0.76991,-5.07919e-06,0.85905,1,0
1.37695,0.439453,0.65936,-4.8085e-06,0.861,1,0
1.37695,0.458984,0.507201,-2.29326e-06,0.861,1,0
1.39648,0.439453,0.659359,-4.10596e-06,0.85905,1,0
1.39648,0.458984,0.507199,-1.96525e-06,0.85905,1,0
1.25977,0.478516,0.302983,-8.46995e-07,0.872706,1,0
1.25977,0.498047,0.0353617,2.89853e-07,0.872706,0.6,0
1.2793,0.478516,0.30298,-7.97121e-07,0.870755,1,0
1.2793,0.498047,0.0353611,2.41924e-07,0.870755,0.6,0
1.29883,0.478516,0.302978,-7.47639e-07,0.868804,1,0
1.29883,0.498047,0.0353606,1.95093e-07,0.868804,0.6,0
1.31836,0.478516,0.302976,-6.98769e-07,0.866853,1,0
1.31836,0.498047,0.0353601,1.49301e-07,0.866853,0.6,0
1.33789,0.478516,0.302975,-6.50141e-07,0.864902,1,0
1.33789,0.498047,0.0353596,1.04827e-07,0.864902,0.6,0
1.35742,0.478516,0.302973,-6.00884e-07,0.862951,1,0
1.35742,0.498047,0.0353591,6.22058e-08,0.862951,0.6,0
1.37695,0.478516,0.302972,-5.49634e-07,0.861,1,0
1.37695,0.498047,0.0353586,2.22937e-08,0.861,0.6,0
1.39648,0.478516,0.302971,-4.95976e-07,0.859049,1,0
1.39648,0.498047,0.0353582,-1.40921e-08,0.859049,0.6,0
1.41602,0.322266,0.977579,2.93646e-05,0.857102,1,0
1.41602,0.341797,0.962346,2.20616e-05,0.857101,1,0
1.43555,0.322266,0.977586,3.0461e-05,0.855151,1,0
1.43555,0.341797,0.962353,2.31795e-05,0.85515,1,0
1.41602,0.361328,0.938526,1.37915e-05,0.857101,1,0
1.41602,0.380859,0.9022,5.47354e-06,0.8571,1,0
1.43555,0.361328,0.938534,1.49257e-05,0.85515,1,0
1.43555,0.380859,0.902208,6.61942e-06,0.855149,1,0
1.45508,0.322266,0.977592,3.15226e-05,0.8532,1,0
1.45508,0.341797,0.962361,2.42616e-05,0.8532,1,0
1.47461,0.322266,0.977599,3.25508e-05,0.851249,1,0
1.47461,0.341797,0.962369,2.53092e-05,0.851249,1,0
1.45508,0.361328,0.938543,1.60234e-05,0.853199,1,0
1.45508,0.380859,0.902215,7.72787e-06,0.853198,1,0
1.47461,0.361328,0.938551,1.70856e-05,0.851248,1,0
1.47461,0.380859,0.902223,8.79943e-06,0.851248,1,0
1.41602,0.400391,0.848189,-1.04251e-06,0.8571,1,0
1.41602,0.419922,0.769911,-4.07847e-06,0.857099,1,0
1.43555,0.400391,0.848194,6.77795e-08,0.855149,1,0
1.43555,0.419922,0.769913,-3.11496e-06,0.855148,1,0
1.41602,0.439453,0.659357,-3.42911e-06,0.857099,1,0
1.41602,0.458984,0.507197,-1.64638e-06,0.857099,1,0
1.43555,0.439453,0.659356,-2.77856e-06,0.855148,1,0
1.43555,0.458984,0.507196,-1.33863e-06,0.855148,1,0
1.45508,0.400391,0.848199,1.13955e-06,0.853198,1,0
1.45508,0.419922,0.769914,-2.1881e-06,0.853198,1,0
1.47461,0.400391,0.848204,2.17371e-06,0.851247,1,0
1.47461,0.419922,0.769916,-1.2964e-06,0.851247,1,0
1.45508,0.439453,0.659356,-2.15479e-06,0.853197,1,0
1.45508,0.458984,0.507195,-1.04513e-06,0.853197,1,0
1.47461,0.439453,0.659355,-1.55812e-06,0.851247,1,0
1.47461,0.458984,0.507194,-7.6795e-07,0.851247,1,0
1.49414,0.322266,0.977605,3.3547e-05,0.849298,1,0
1.49414,0.341797,0.962377,2.63236e-05,0.849298,1,0
1.51367,0.322266,0.977612,3.45128e-05,0.847348,1,0
1.51367,0.341797,0.962384,2.73065e-05,0.847347,1,0
1.49414,0.361328,0.938559,1.81139e-05,0.849297,1,0
1.49414,0.380859,0.90223,9.83497e-06,0.849297,1,0
1.51367,0.361328,0.938567,1.91095e-05,0.847347,1,0
1.51367,0.380859,0.902238,1.08359e-05,0.847346,1,0
1.5332,0.322266,0.977618,3.545e-05,0.845397,1,0
1.5332,0.341797,0.962392,2.826e-05,0.845396,1,0
1.55273,0.322266,0.977625,3.63605e-05,0.843446,1,0
1.55273,0.341797,0.9624,2.91867e-05,0.843446,1,0
1.5332,0.361328,0.938576,2.00753e-05,0.845396,1,0
1.5332,0.380859,0.902245,1.18065e-05,0.845395,1,0
1.55273,0.361328,0.938584,2.10146e-05,0.843445,1,0
1.55273,0.380859,0.902253,1.27504e-05,0.843445,1,0
1.49414,0.400391,0.848209,3.16946e-06,0.849296,1,0
1.49414,0.419922,0.769918,-4.42727e-07,0.849296,1,0
1.51367,0.400391,0.848214,4.12724e-06,0.847346,1,0
1.51367,0.419922,0.76992,3.69542e-07,0.847345,1,0
1.49414,0.439453,0.659355,-9.89014e-07,0.849296,1,0
1.49414,0.458984,0.507193,-5.05275e-07,0.849296,1,0
1.51367,0.439453,0.659355,-4.52396e-07,0.847345,1,0
1.51367,0.458984,0.507193,-2.59355e-07,0.847345,1,0
1.5332,0.400391,0.848219,5.05279e-06,0.845395,1,0
1.5332,0.419922,0.769922,1.14844e-06,0.845395,1,0
1.55273,0.400391,0.848225,5.95195e-06,0.843444,1,0
1.55273,0.419922,0.769925,1.90437e-06,0.843444,1,0
1.5332,0.439453,0.659356,5.44749e-08,0.845395,1,0
1.5332,0.458984,0.507193,-3.49352e-08,0.845395,1,0
1.55273,0.439453,0.659356,5.44118e-07,0.843444,1,0
1.55273,0.458984,0.507193,1.74815e-07,0.843444,1,0
1.41602,0.478516,0.30297,-4.40964e-07,0.857099,1,0
1.41602,0.498047,0.0353577,-4.63758e-08,0.857099,0.6,0
1.43555,0.478516,0.302969,-3.86535e-07,0.855148,1,0
1.43555,0.498047,0.0353573,-7.43775e-08,0.855148,0.6,0
1.45508,0.478516,0.302969,-3.33844e-07,0.853197,1,0
1.45508,0.498047,0.0353569,-9.84183e-08,0.853197,0.6,0
1.47461,0.478516,0.302968,-2.84081e-07,0.851247,1,0
1.47461,0.498047,0.0353566,-1.20456e-07,0.851247,0.6,0
1.49414,0.478516,0.302968,-2.3937e-07,0.849296,1,0
1.49414,0.498047,0.0353562,-1.43659e-07,0.849296,0.6,0
1.51367,0.478516,0.302968,-2.05348e-07,0.847345,1,0
1.51367,0.498047,0.0353559,-1.71209e-07,0.847345,0.6,0
1.5332,0.478516,0.302968,-1.8789e-07,0.845395,1,0
1.5332,0.498047,0.0353556,-2.03902e-07,0.845395,0.6,0
1.55273,0.478516,0.302968,-1.75061e-07,0.843444,1,0
1.55273,0.498047,0.0353553,-2.35417e-07,0.843444,0.6,0
1.57227,0.00976562,1.00182,9.95915e-06,0.8415,1,0
1.57227,0.0292969,1.00184,2.03031e-05,0.841499,1,0
1.5918,0.00976562,1.00182,9.98053e-06,0.839549,1,0
1.5918,0.0292969,1.00183,2.03679e-05,0.839549,1,0
1.57227,0.0488281,1.0018,2.5964e-05,0.8415,1,0
1.57227,0.0683594,1.00173,3.25052e-05,0.841499,1,0
1.5918,0.0488281,1.00179,2.60941e-05,0.839549,1,0
1.5918,0.0683594,1.00172,3.27159e-05,0.839549,1,0
1.61133,0.00976562,1.00181,1.0002e-05,0.837598,1,0
1.61133,0.0292969,1.00182,2.04313e-05,0.837598,1,0
1.63086,0.00976562,1.0018,1.00235e-05,0.835647,1,0
1.63086,0.0292969,1.00181,2.04935e-05,0.835647,1,0
1.61133,0.0488281,1.00178,2.62206e-05,0.837598,1,0
1.61133,0.0683594,1.00172,3.29208e-05,0.837598,1,0
1.63086,0.0488281,1.00178,2.63436e-05,0.835647,1,0
1.63086,0.0683594,1.00171,3.31203e-05,0.835647,1,0
1.57227,0.0878906,1.00164,3.68596e-05,0.841499,1,0
1.57227,0.107422,1.00155,4.1411e-05,0.841499,1,0
1.5918,0.0878906,1.00164,3.7144e-05,0.839549,1,0
1.5918,0.107422,1.00154,4.1765e-05,0.839548,1,0
1.57227,0.126953,1.00143,4.48918e-05,0.841499,1,0
1.57227,0.146484,1.00129,4.81042e-05,0.841499,1,0
1.5918,0.126953,1.00143,4.53106e-05,0.839548,1,0
1.5918,0.146484,1.00129,4.85852e-05,0.839548,1,0
1.61133,0.0878906,1.00163,3.74209e-05,0.837598,1,0
1.61133,0.107422,1.00154,4.21099e-05,0.837597,1,0
1.63086,0.0878906,1.00163,3.76905e-05,0.835647,1,0
1.63086,0.107422,1.00154,4.2446e-05,0.835647,1,0
1.61133,0.126953,1.00143,4.57187e-05,0.837597,1,0
1.61133,0.146484,1.00128,4.90539e-05,0.837597,1,0
1.63086,0.126953,1.00142,4.61164e-05,0.835647,1,0
1.63086,0.146484,1.00128,4.95107e-05,0.835646,1,0
1.65039,0.00976562,1.00179,1.0045e-05,0.833697,1,0
1.65039,0.0292969,1.00181,2.05545e-05,0.833696,1,0
1.66992,0.00976562,1.00178,1.00665e-05,0.831746,1,0
1.66992,0.0292969,1.0018,2.06141e-05,0.831745,1,0
1.65039,0.0488281,1.00177,2.64632e-05,0.833696,1,0
1.65039,0.0683594,1.00171,3.33143e-05,0.833696,1,0
1.66992,0.0488281,1.00176,2.65794e-05,0.831746,1,0
1.66992,0.0683594,1.0017,3.35032e-05,0.831745,1,0
1.68945,0.00976562,1.00177,1.00878e-05,0.829795,1,0
1.68945,0.0292969,1.00179,2.06725e-05,0.829795,1,0
1.70898,0.00976562,1.00176,1.01088e-05,0.827844,1,0
1.70898,0.0292969,1.00178,2.07293e-05,0.827844,1,0
1.68945,0.0488281,1.00176,2.66924e-05,0.829795,1,0
1.68945,0.0683594,1.00169,3.3687e-05,0.829795,1,0
1.70898,0.0488281,1.00175,2.68021e-05,0.827844,1,0
1.70898,0.0683594,1.00169,3.38657e-05,0.827844,1,0
1.65039,0.0878906,1.00163,3.79531e-05,0.833696,1,0
1.65039,0.107422,1.00153,4.27737e-05,0.833696,1,0
1.66992,0.0878906,1.00162,3.82089e-05,0.831745,1,0
1.66992,0.107422,1.00153,4.30931e-05,0.831745,1,0
1.65039,0.126953,1.00142,4.65042e-05,0.833696,1,0
1.65039,0.146484,1.00128,4.99562e-05,0.833696,1,0
1.66992,0.126953,1.00142,4.68823e-05,0.831745,1,0
1.66992,0.146484,1.00127,5.03908e-05,0.831745,1,0
1.68945,0.0878906,1.00162,3.8458e-05,0.829795,1,0
1.68945,0.107422,1.00152,4.34045e-05,0.829795,1,0
1.70898,0.0878906,1.00161,3.87006e-05,0.827844,1,0
1.70898,0.107422,1.00152,4.37082e-05,0.827844,1,0
1.68945,0.126953,1.00141,4.72512e-05,0.829794,1,0
1.68945,0.146484,1.00127,5.08147e-05,0.829794,1,0
1.70898,0.126953,1.00141,4.7611e-05,0.827844,1,0
1.70898,0.146484,1.00127,5.12285e-05,0.827844,1,0
1.57227,0.166016,1.00109,5.04773e-05,0.841499,1,0
1.57227,0.185547,1.00081,5.22605e-05,0.841498,1,0
1.5918,0.166016,1.00109,5.10177e-05,0.839548,1,0
1.5918,0.185547,1.00081,5.28576e-05,0.839547,1,0
1.57227,0.205078,1.00037,5.31839e-05,0.841498,1,0
1.57227,0.224609,0.999654,5.32889e-05,0.841498,1,0
1.5918,0.205078,1.00037,5.38344e-05,0.839547,1,0
1.5918,0.224609,0.999654,5.3989e-05,0.839547,1,0
1.61133,0.166016,1.00109,5.15443e-05,0.837597,1,0
1.61133,0.185547,1.00081,5.34394e-05,0.837597,1,0
1.63086,0.166016,1.00109,5.20576e-05,0.835646,1,0
1.63086,0.185547,1.00081,5.40065e-05,0.835646,1,0
1.61133,0.205078,1.00037,5.44682e-05,0.837596,1,0
1.61133,0.224609,0.999655,5.4671e-05,0.837596,1,0
1.63086,0.205078,1.00037,5.50858e-05,0.835646,1,0
1.63086,0.224609,0.999655,5.53357e-05,0.835645,1,0
1.57227,0.244141,0.998447,5.24152e-05,0.841497,1,0
1.57227,0.263672,0.996397,5.05028e-05,0.841497,1,0
1.5918,0.244141,0.998448,5.31601e-05,0.839546,1,0
1.5918,0.263672,0.996399,5.12872e-05,0.839546,1,0
1.57227,0.283203,0.992926,4.74129e-05,0.841496,1,0
1.57227,0.302734,0.98713,4.30263e-05,0.841496,1,0
1.5918,0.283203,0.99293,4.82298e-05,0.839546,1,0
1.5918,0.302734,0.987136,4.38692e-05,0.839545,1,0
1.61133,0.244141,0.99845,5.38856e-05,0.837596,1,0
1.61133,0.263672,0.996401,5.20511e-05,0.837595,1,0
1.63086,0.244141,0.998451,5.45927e-05,0.835645,1,0
1.63086,0.263672,0.996404,5.27953e-05,0.835645,1,0
1.61133,0.283203,0.992934,4.90253e-05,0.837595,1,0
1.61133,0.302734,0.987141,4.46899e-05,0.837595,1,0
1.63086,0.283203,0.992938,4.98002e-05,0.835644,1,0
1.63086,0.302734,0.987146,4.54892e-05,0.835644,1,0
1.65039,0.166016,1.00109,5.25581e-05,0.833695,1,0
1.65039,0.185547,1.00081,5.45595e-05,0.833695,1,0
1.66992,0.166016,1.00108,5.30463e-05,0.831745,1,0
1.66992,0.185547,1.0008,5.50989e-05,0.831744,1,0
1.65039,0.205078,1.00037,5.56881e-05,0.833695,1,0
1.65039,0.224609,0.999655,5.59838e-05,0.833695,1,0
1.66992,0.205078,1.00037,5.62756e-05,0.831744,1,0
1.66992,0.224609,0.999655,5.66159e-05,0.831744,1,0
1.68945,0.166016,1.00108,5.35227e-05,0.829794,1,0
1.68945,0.185547,1.0008,5.56253e-05,0.829794,1,0
1.70898,0.166016,1.00108,5.39876e-05,0.827843,1,0
1.70898,0.185547,1.0008,5.6139e-05,0.827843,1,0
1.68945,0.205078,1.00037,5.68489e-05,0.829794,1,0
1.68945,0.224609,0.999655,5.72326e-05,0.829793,1,0
1.70898,0.205078,1.00037,5.74084e-05,0.827843,1,0
1.70898,0.224609,0.999656,5.78345e-05,0.827843,1,0
1.65039,0.244141,0.998452,5.52819e-05,0.833694,1,0
1.65039,0.263672,0.996406,5.35208e-05,0.833694,1,0
1.66992,0.244141,0.998453,5.59541e-05,0.831744,1,0
1.66992,0.263672,0.996409,5.42281e-05,0.831743,1,0
1.65039,0.283203,0.992941,5.05553e-05,0.833694,1,0
1.65039,0.302734,0.987151,4.62679e-05,0.833693,1,0
1.66992,0.283203,0.992945,5.12914e-05,0.831743,1,0
1.66992,0.302734,0.987156,4.70268e-05,0.831743,1,0
1.68945,0.244141,0.998455,5.66098e-05,0.829793,1,0
1.68945,0.263672,0.996411,5.49179e-05,0.829793,1,0
1.70898,0.244141,0.998456,5.72497e-05,0.827842,1,0
1.70898,0.263672,0.996413,5.55908e-05,0.827842,1,0
1.68945,0.283203,0.992948,5.20091e-05,0.829792,1,0
1.68945,0.302734,0.987161,4.77666e-05,0.829792,1,0
1.70898,0.283203,0.992952,5.27091e-05,0.827842,1,0
1.70898,0.302734,0.987166,4.84878e-05,0.827841,1,0
1.72852,0.00976562,1.00175,1.01294e-05,0.825894,1,0
1.72852,0.0292969,1.00178,2.07846e-05,0.825893,1,0
1.74805,0.00976562,1.00174,1.01494e-05,0.823943,1,0
1.74805,0.0292969,1.00177,2.08381e-05,0.823943,1,0
1.72852,0.0488281,1.00174,2.69085e-05,0.825894,1,0
1.72852,0.0683594,1.00168,3.40395e-05,0.825893,1,0
1.74805,0.0488281,1.00174,2.70118e-05,0.823943,1,0
1.74805,0.0683594,1.00168,3.42083e-05,0.823943,1,0
1.76758,0.00976562,1.00174,1.01688e-05,0.821993,1,0
1.76758,0.0292969,1.00176,2.089e-05,0.821992,1,0
1.78711,0.00976562,1.00173,1.01876e-05,0.820042,1,0
1.78711,0.0292969,1.00175,2.094e-05,0.820041,1,0
1.76758,0.0488281,1.00173,2.71118e-05,0.821992,1,0
1.76758,0.0683594,1.00167,3.43724e-05,0.821992,1,0
1.78711,0.0488281,1.00172,2.72087e-05,0.820042,1,0
1.78711,0.0683594,1.00166,3.45318e-05,0.820041,1,0
1.72852,0.0878906,1.00161,3.89369e-05,0.825893,1,0
1.72852,0.107422,1.00151,4.40044e-05,0.825893,1,0
1.74805,0.0878906,1.0016,3.9167e-05,0.823943,1,0
1.74805,0.107422,1.00151,4.42932e-05,0.823943,1,0
1.72852,0.126953,1.0014,4.79621e-05,0.825893,1,0
1.72852,0.146484,1.00127,5.16323e-05,0.825893,1,0
1.74805,0.126953,1.0014,4.83047e-05,0.823942,1,0
1.74805,0.146484,1.00126,5.20266e-05,0.823942,1,0
1.76758,0.0878906,1.00159,3.9391e-05,0.821992,1,0
1.76758,0.107422,1.00151,4.45749e-05,0.821992,1,0
1.78711,0.0878906,1.00159,3.96092e-05,0.820042,1,0
1.78711,0.107422,1.0015,4.48496e-05,0.820041,1,0
1.76758,0.126953,1.0014,4.86391e-05,0.821992,1,0
1.76758,0.146484,1.00126,5.24116e-05,0.821992,1,0
1.78711,0.126953,1.00139,4.89655e-05,0.820041,1,0
1.78711,0.146484,1.00126,5.27875e-05,0.820041,1,0
1.80664,0.00976562,1.00172,1.02056e-05,0.818091,1,0
1.80664,0.0292969,1.00174,2.09882e-05,0.818091,1,0
1.82617,0.00976562,1.00171,1.02228e-05,0.816141,1,0
1.82617,0.0292969,1.00173,2.10346e-05,0.81614,1,0
1.80664,0.0488281,1.00172,2.73026e-05,0.818091,1,0
1.80664,0.0683594,1.00166,3.46866e-05,0.818091,1,0
1.82617,0.0488281,1.00171,2.73934e-05,0.816141,1,0
1.82617,0.0683594,1.00165,3.48369e-05,0.81614,1,0
1.8457,0.00976562,1.0017,1.02393e-05,0.81419,1,0
1.8457,0.0292969,1.00173,2.10793e-05,0.81419,1,0
1.86523,0.00976562,1.00169,1.02551e-05,0.81224,1,0
1.86523,0.0292969,1.00172,2.11223e-05,0.812239,1,0
1.8457,0.0488281,1.0017,2.74814e-05,0.81419,1,0
1.8457,0.0683594,1.00165,3.49828e-05,0.81419,1,0
1.86523,0.0488281,1.00169,2.75664e-05,0.81224,1,0
1.86523,0.0683594,1.00164,3.51244e-05,0.812239,1,0
1.80664,0.0878906,1.00158,3.98217e-05,0.818091,1,0
1.80664,0.107422,1.0015,4.51174e-05,0.818091,1,0
1.82617,0.0878906,1.00158,4.00285e-05,0.81614,1,0
1.82617,0.107422,1.00149,4.53787e-05,0.81614,1,0
1.80664,0.126953,1.00139,4.9284e-05,0.818091,1,0
1.80664,0.146484,1.00125,5.31545e-05,0.818091,1,0
1.82617,0.126953,1.00138,4.95948e-05,0.81614,1,0
1.82617,0.146484,1.00125,5.35129e-05,0.81614,1,0
1.8457,0.0878906,1.00157,4.02298e-05,0.81419,1,0
1.8457,0.107422,1.00149,4.56333e-05,0.81419,1,0
1.86523,0.0878906,1.00157,4.04258e-05,0.812239,1,0
1.86523,0.107422,1.00148,4.58816e-05,0.812239,1,0
1.8457,0.126953,1.00138,4.98982e-05,0.81419,1,0
1.8457,0.146484,1.00125,5.38627e-05,0.814189,1,0
1.86523,0.126953,1.00138,5.01941e-05,0.812239,1,0
1.86523,0.146484,1.00124,5.42043e-05,0.812239,1,0
1.72852,0.166016,1.00108,5.44415e-05,0.825893,1,0
1.72852,0.185547,1.0008,5.66406e-05,0.825892,1,0
1.74805,0.166016,1.00107,5.48847e-05,0.823942,1,0
1.74805,0.185547,1.0008,5.71304e-05,0.823942,1,0
1.72852,0.205078,1.00037,5.79546e-05,0.825892,1,0
1.72852,0.224609,0.999656,5.8422e-05,0.825892,1,0
1.74805,0.205078,1.00037,5.8488e-05,0.823942,1,0
1.74805,0.224609,0.999656,5.89955e-05,0.823941,1,0
1.76758,0.166016,1.00107,5.53175e-05,0.821992,1,0
1.76758,0.185547,1.0008,5.76087e-05,0.821991,1,0
1.78711,0.166016,1.00107,5.57401e-05,0.820041,1,0
1.78711,0.185547,1.00079,5.80758e-05,0.820041,1,0
1.76758,0.205078,1.00036,5.90088e-05,0.821991,1,0
1.76758,0.224609,0.999656,5.95556e-05,0.821991,1,0
1.78711,0.205078,1.00036,5.95174e-05,0.820041,1,0
1.78711,0.224609,0.999656,6.01025e-05,0.82004,1,0
1.72852,0.244141,0.998457,5.78741e-05,0.825892,1,0
1.72852,0.263672,0.996415,5.62474e-05,0.825891,1,0
1.74805,0.244141,0.998458,5.84837e-05,0.823941,1,0
1.74805,0.263672,0.996418,5.68882e-05,0.823941,1,0
1.72852,0.283203,0.992955,5.33918e-05,0.825891,1,0
1.72852,0.302734,0.98717,4.9191e-05,0.825891,1,0
1.74805,0.283203,0.992959,5.40579e-05,0.823941,1,0
1.74805,0.302734,0.987175,4.98769e-05,0.82394,1,0
1.76758,0.244141,0.998459,5.90787e-05,0.821991,1,0
1.76758,0.263672,0.99642,5.75136e-05,0.82199,1,0
1.78711,0.244141,0.99846,5.96597e-05,0.82004,1,0
1.78711,0.263672,0.996422,5.8124e-05,0.82004,1,0
1.76758,0.283203,0.992963,5.47077e-05,0.82199,1,0
1.76758,0.302734,0.98718,5.05458e-05,0.82199,1,0
1.78711,0.283203,0.992966,5.53419e-05,0.82004,1,0
1.78711,0.302734,0.987185,5.11983e-05,0.820039,1,0
1.80664,0.166016,1.00107,5.61529e-05,0.81809,1,0
1.80664,0.185547,1.00079,5.85321e-05,0.81809,1,0
1.82617,0.166016,1.00106,5.6556e-05,0.81614,1,0
1.82617,0.185547,1.00079,5.89777e-05,0.81614,1,0
1.80664,0.205078,1.00036,6.00143e-05,0.81809,1,0
1.80664,0.224609,0.999655,6.06367e-05,0.81809,1,0
1.82617,0.205078,1.00036,6.04995e-05,0.81614,1,0
1.82617,0.224609,0.999655,6.11583e-05,0.816139,1,0
1.8457,0.166016,1.00106,5.69496e-05,0.814189,1,0
1.8457,0.185547,1.00079,5.9413e-05,0.814189,1,0
1.86523,0.166016,1.00106,5.73341e-05,0.812239,1,0
1.86523,0.185547,1.00079,5.98382e-05,0.812239,1,0
1.8457,0.205078,1.00036,6.09735e-05,0.814189,1,0
1.8457,0.224609,0.999655,6.16679e-05,0.814189,1,0
1.86523,0.205078,1.00036,6.14365e-05,0.812239,1,0
1.86523,0.224609,0.999655,6.21656e-05,0.812238,1,0
1.80664,0.244141,0.998461,6.02271e-05,0.81809,1,0
1.80664,0.263672,0.996424,5.87199e-05,0.818089,1,0
1.82617,0.244141,0.998462,6.07811e-05,0.816139,1,0
1.82617,0.263672,0.996426,5.93016e-05,0.816139,1,0
1.80664,0.283203,0.992969,5.59607e-05,0.818089,1,0
1.80664,0.302734,0.98719,5.18347e-05,0.818089,1,0
1.82617,0.283203,0.992973,5.65645e-05,0.816139,1,0
1.82617,0.302734,0.987195,5.24556e-05,0.816138,1,0
1.8457,0.244141,0.998463,6.13221e-05,0.814189,1,0
1.8457,0.263672,0.996428,5.98695e-05,0.814188,1,0
1.86523,0.244141,0.998464,6.18505e-05,0.812238,1,0
1.86523,0.263672,0.996431,6.0424e-05,0.812238,1,0
1.8457,0.283203,0.992976,5.71539e-05,0.814188,1,0
1.8457,0.302734,0.9872,5.30612e-05,0.814188,1,0
1.86523,0.283203,0.99298,5.77291e-05,0.812238,1,0
1.86523,0.302734,0.987205,5.36521e-05,0.812237,1,0
1.57227,0.322266,0.977631,3.7246e-05,0.841495,1,0
1.57227,0.341797,0.962407,3.00884e-05,0.841495,1,0
1.5918,0.322266,0.977638,3.81078e-05,0.839545,1,0
1.5918,0.341797,0.962415,3.09661e-05,0.839544,1,0
1.57227,0.361328,0.938592,2.19291e-05,0.841495,1,0
1.57227,0.380859,0.90226,1.3669e-05,0.841494,1,0
1.5918,0.361328,0.9386,2.28193e-05,0.839544,1,0
1.5918,0.380859,0.902268,1.45628e-05,0.839543,1,0
1.61133,0.322266,0.977644,3.89468e-05,0.837594,1,0
1.61133,0.341797,0.962423,3.18207e-05,0.837594,1,0
1.63086,0.322266,0.977651,3.97639e-05,0.835643,1,0
1.63086,0.341797,0.96243,3.26529e-05,0.835643,1,0
1.61133,0.361328,0.938608,2.3686e-05,0.837593,1,0
1.61133,0.380859,0.902275,1.54327e-05,0.837593,1,0
1.63086,0.361328,0.938617,2.45301e-05,0.835643,1,0
1.63086,0.380859,0.902283,1.62794e-05,0.835642,1,0
1.57227,0.400391,0.84823,6.8261e-06,0.841494,1,0
1.57227,0.419922,0.769928,2.63942e-06,0.841494,1,0
1.5918,0.400391,0.848236,7.67568e-06,0.839543,1,0
1.5918,0.419922,0.769931,3.35247e-06,0.839543,1,0
1.57227,0.439453,0.659357,1.02227e-06,0.841493,1,0
1.57227,0.458984,0.507194,3.81808e-07,0.841493,1,0
1.5918,0.439453,0.659359,1.48819e-06,0.839543,1,0
1.5918,0.458984,0.507195,5.91691e-07,0.839543,1,0
1.61133,0.400391,0.848241,8.50145e-06,0.837593,1,0
1.61133,0.419922,0.769934,4.04388e-06,0.837592,1,0
1.63086,0.400391,0.848247,9.3039e-06,0.835642,1,0
1.63086,0.419922,0.769937,4.71375e-06,0.835642,1,0
1.61133,0.439453,0.65936,1.94035e-06,0.837592,1,0
1.61133,0.458984,0.507195,8.01834e-07,0.837592,1,0
1.63086,0.439453,0.659362,2.37809e-06,0.835642,1,0
1.63086,0.458984,0.507197,1.00862e-06,0.835642,1,0
1.65039,0.322266,0.977657,4.05598e-05,0.833693,1,0
1.65039,0.341797,0.962438,3.34636e-05,0.833692,1,0
1.66992,0.322266,0.977663,4.13353e-05,0.831742,1,0
1.66992,0.341797,0.962445,3.42535e-05,0.831742,1,0
1.65039,0.361328,0.938625,2.53523e-05,0.833692,1,0
1.65039,0.380859,0.90229,1.71034e-05,0.833692,1,0
1.66992,0.361328,0.938633,2.61532e-05,0.831741,1,0
1.66992,0.380859,0.902298,1.79052e-05,0.831741,1,0
1.68945,0.322266,0.97767,4.20912e-05,0.829792,1,0
1.68945,0.341797,0.962453,3.50231e-05,0.829791,1,0
1.70898,0.322266,0.977676,4.28279e-05,0.827841,1,0
1.70898,0.341797,0.962461,3.57732e-05,0.827841,1,0
1.68945,0.361328,0.938641,2.69334e-05,0.829791,1,0
1.68945,0.380859,0.902306,1.86854e-05,0.829791,1,0
1.70898,0.361328,0.938649,2.76935e-05,0.82784,1,0
1.70898,0.380859,0.902313,1.94444e-05,0.82784,1,0
1.65039,0.400391,0.848253,1.0083e-05,0.833691,1,0
1.65039,0.419922,0.769941,5.36215e-06,0.833691,1,0
1.66992,0.400391,0.848259,1.08392e-05,0.831741,1,0
1.66992,0.419922,0.769945,5.98924e-06,0.831741,1,0
1.65039,0.439453,0.659364,2.80111e-06,0.833691,1,0
1.65039,0.458984,0.507198,1.2091e-06,0.833691,1,0
1.66992,0.439453,0.659366,3.20916e-06,0.831741,1,0
1.66992,0.458984,0.507199,1.40179e-06,0.83174,1,0
1.68945,0.400391,0.848265,1.1573e-05,0.82979,1,0
1.68945,0.419922,0.769949,6.59556e-06,0.82979,1,0
1.70898,0.400391,0.848271,1.22851e-05,0.82784,1,0
1.70898,0.419922,0.769953,7.1816e-06,0.82784,1,0
1.68945,0.439453,0.659368,3.60247e-06,0.82979,1,0
1.68945,0.458984,0.507201,1.58628e-06,0.82979,1,0
1.70898,0.439453,0.659371,3.98143e-06,0.82784,1,0
1.70898,0.458984,0.507203,1.76319e-06,0.82784,1,0
1.57227,0.478516,0.302968,-1.48604e-07,0.841493,1,0
1.57227,0.498047,0.0353549,-2.63433e-07,0.841493,0.6,0
1.5918,0.478516,0.302969,-1.09684e-07,0.839543,1,0
1.5918,0.498047,0.0353546,-2.91318e-07,0.839543,0.6,0
1.61133,0.478516,0.302969,-6.77261e-08,0.837592,1,0
1.61133,0.498047,0.0353543,-3.17833e-07,0.837592,0.6,0
1.63086,0.478516,0.30297,-2.76943e-08,0.835642,1,0
1.63086,0.498047,0.035354,-3.41748e-07,0.835642,0.6,0
1.65039,0.478516,0.302971,9.54155e-09,0.833691,1,0
1.65039,0.498047,0.0353537,-3.63246e-07,0.833691,0.6,0
1.66992,0.478516,0.302971,4.41274e-08,0.831741,1,0
1.66992,0.498047,0.0353534,-3.83284e-07,0.831741,0.6,0
1.68945,0.478516,0.302972,7.6677e-08,0.82979,1,0
1.68945,0.498047,0.0353532,-4.02548e-07,0.82979,0.6,0
1.70898,0.478516,0.302973,1.07655e-07,0.82784,1,0
1.70898,0.498047,0.035353,-4.21272e-07,0.82784,0.6,0
1.72852,0.322266,0.977683,4.35462e-05,0.825891,1,0
1.72852,0.341797,0.962468,3.65043e-05,0.82589,1,0
1.74805,0.322266,0.977689,4.42464e-05,0.82394,1,0
1.74805,0.341797,0.962476,3.72169e-05,0.82394,1,0
1.72852,0.361328,0.938657,2.8434e-05,0.82589,1,0
1.72852,0.380859,0.902321,2.01829e-05,0.82589,1,0
1.74805,0.361328,0.938666,2.91553e-05,0.823939,1,0
1.74805,0.380859,0.902329,2.09013e-05,0.823939,1,0
1.76758,0.322266,0.977695,4.49292e-05,0.821989,1,0
1.76758,0.341797,0.962483,3.79114e-05,0.821989,1,0
1.78711,0.322266,0.977701,4.55949e-05,0.820039,1,0
1.78711,0.341797,0.962491,3.85885e-05,0.820039,1,0
1.76758,0.361328,0.938674,2.98581e-05,0.821989,1,0
1.76758,0.380859,0.902337,2.16001e-05,0.821989,1,0
1.78711,0.361328,0.938682,3.05428e-05,0.820038,1,0
1.78711,0.380859,0.902344,2.22799e-05,0.820038,1,0
1.72852,0.400391,0.848277,1.2976e-05,0.825889,1,0
1.72852,0.419922,0.769957,7.7481e-06,0.825889,1,0
1.74805,0.400391,0.848283,1.36463e-05,0.823939,1,0
1.74805,0.419922,0.769961,8.29564e-06,0.823939,1,0
1.72852,0.439453,0.659374,4.34666e-06,0.825889,1,0
1.72852,0.458984,0.507205,1.93298e-06,0.825889,1,0
1.74805,0.439453,0.659377,4.69877e-06,0.823939,1,0
1.74805,0.458984,0.507207,2.09638e-06,0.823939,1,0
1.76758,0.400391,0.84829,1.42967e-05,0.821988,1,0
1.76758,0.419922,0.769966,8.82506e-06,0.821988,1,0
1.78711,0.400391,0.848296,1.49276e-05,0.820038,1,0
1.78711,0.419922,0.769971,9.33696e-06,0.820038,1,0
1.76758,0.439453,0.65938,5.03839e-06,0.821988,1,0
1.76758,0.458984,0.507209,2.25374e-06,0.821988,1,0
1.78711,0.439453,0.659384,5.36604e-06,0.820038,1,0
1.78711,0.458984,0.507212,2.40558e-06,0.820038,1,0
1.80664,0.322266,0.977708,4.62441e-05,0.818089,1,0
1.80664,0.341797,0.962498,3.92484e-05,0.818088,1,0
1.82617,0.322266,0.977714,4.68771e-05,0.816138,1,0
1.82617,0.341797,0.962506,3.98918e-05,0.816138,1,0
1.80664,0.361328,0.93869,3.12098e-05,0.818088,1,0
1.80664,0.380859,0.902352,2.29412e-05,0.818088,1,0
1.82617,0.361328,0.938698,3.18596e-05,0.816138,1,0
1.82617,0.380859,0.90236,2.35845e-05,0.816137,1,0
1.8457,0.322266,0.97772,4.74945e-05,0.814188,1,0
1.8457,0.341797,0.962513,4.05189e-05,0.814187,1,0
1.86523,0.322266,0.977727,4.80965e-05,0.812237,1,0
1.86523,0.341797,0.962521,4.11303e-05,0.812237,1,0
1.8457,0.361328,0.938706,3.24926e-05,0.814187,1,0
1.8457,0.380859,0.902368,2.42102e-05,0.814187,1,0
1.86523,0.361328,0.938715,3.31094e-05,0.812237,1,0
1.86523,0.380859,0.902376,2.48188e-05,0.812237,1,0
1.80664,0.400391,0.848303,1.55398e-05,0.818088,1,0
1.80664,0.419922,0.769975,9.83208e-06,0.818087,1,0
1.82617,0.400391,0.848309,1.61338e-05,0.816137,1,0
1.82617,0.419922,0.76998,1.03109e-05,0.816137,1,0
1.80664,0.439453,0.659387,5.68224e-06,0.818087,1,0
1.80664,0.458984,0.507215,2.55209e-06,0.818087,1,0
1.82617,0.439453,0.659391,5.98741e-06,0.816137,1,0
1.82617,0.458984,0.507217,2.69362e-06,0.816137,1,0
1.8457,0.400391,0.848316,1.671e-05,0.814187,1,0
1.8457,0.419922,0.769986,1.07741e-05,0.814187,1,0
1.86523,0.400391,0.848323,1.72691e-05,0.812236,1,0
1.86523,0.419922,0.769991,1.12221e-05,0.812236,1,0
1.8457,0.439453,0.659395,6.28199e-06,0.814187,1,0
1.8457,0.458984,0.50722,2.83022e-06,0.814187,1,0
1.86523,0.439453,0.659399,6.5663e-06,0.812236,1,0
1.86523,0.458984,0.507223,2.96214e-06,0.812236,1,0
1.72852,0.478516,0.302975,1.37467e-07,0.825889,1,0
1.72852,0.498047,0.0353527,-4.39483e-07,0.825889,0.6,0
1.74805,0.478516,0.302976,1.66261e-07,0.823939,1,0
1.74805,0.498047,0.0353525,-4.57217e-07,0.823939,0.6,0
1.76758,0.478516,0.302977,1.94231e-07,0.821988,1,0
1.76758,0.498047,0.0353523,-4.74419e-07,0.821988,0.6,0
1.78711,0.478516,0.302978,2.21402e-07,0.820038,1,0
1.78711,0.498047,0.0353521,-4.91086e-07,0.820038,0.6,0
1.80664,0.478516,0.30298,2.47876e-07,0.818087,1,0
1.80664,0.498047,0.035352,-5.07159e-07,0.818087,0.6,0
1.82617,0.478516,0.302981,2.7361e-07,0.816137,1,0
1.82617,0.498047,0.0353518,-5.22646e-07,0.816137,0.6,0
1.8457,0.478516,0.302983,2.98655e-07,0.814187,1,0
1.8457,0.498047,0.0353516,-5.37511e-07,0.814187,0.6,0
1.86523,0.478516,0.302985,3.22937e-07,0.812236,1,0
1.86523,0.498047,0.0353515,-5.5179e-07,0.812236,0.6,0
1.88477,0.00976562,1.00168,1.02702e-05,0.810289,1,0
1.88477,0.0292969,1.00171,2.11636e-05,0.810289,1,0
1.9043,0.00976562,1.00167,1.02846e-05,0.808339,1,0
1.9043,0.0292969,1.0017,2.12032e-05,0.808338,1,0
1.88477,0.0488281,1.00169,2.76486e-05,0.810289,1,0
1.88477,0.0683594,1.00163,3.52617e-05,0.810289,1,0
1.9043,0.0488281,1.00168,2.7728e-05,0.808339,1,0
1.9043,0.0683594,1.00163,3.53949e-05,0.808338,1,0
1.92383,0.00976562,1.00166,1.02983e-05,0.806388,1,0
1.92383,0.0292969,1.00169,2.12412e-05,0.806388,1,0
1.94336,0.00976562,1.00165,1.03113e-05,0.804438,1,0
1.94336,0.0292969,1.00168,2.12776e-05,0.804437,1,0
1.92383,0.0488281,1.00167,2.78046e-05,0.806388,1,0
1.92383,0.0683594,1.00162,3.5524e-05,0.806388,1,0
1.94336,0.0488281,1.00166,2.78785e-05,0.804438,1,0
1.94336,0.0683594,1.00161,3.5649e-05,0.804437,1,0
1.88477,0.0878906,1.00156,4.06164e-05,0.810289,1,0
1.88477,0.107422,1.00148,4.61235e-05,0.810289,1,0
1.9043,0.0878906,1.00156,4.08018e-05,0.808338,1,0
1.9043,0.107422,1.00147,4.63593e-05,0.808338,1,0
1.88477,0.126953,1.00137,5.04829e-05,0.810289,1,0
1.88477,0.146484,1.00124,5.45378e-05,0.810288,1,0
1.9043,0.126953,1.00137,5.07646e-05,0.808338,1,0
1.9043,0.146484,1.00123,5.48633e-05,0.808338,1,0
1.92383,0.0878906,1.00155,4.09821e-05,0.806388,1,0
1.92383,0.107422,1.00147,4.6589e-05,0.806388,1,0
1.94336,0.0878906,1.00155,4.11573e-05,0.804437,1,0
1.94336,0.107422,1.00146,4.68127e-05,0.804437,1,0
1.92383,0.126953,1.00136,5.10393e-05,0.806388,1,0
1.92383,0.146484,1.00123,5.5181e-05,0.806388,1,0
1.94336,0.126953,1.00136,5.13073e-05,0.804437,1,0
1.94336,0.146484,1.00123,5.5491e-05,0.804437,1,0
1.96289,0.00976562,1.00164,1.03236e-05,0.802487,1,0
1.96289,0.0292969,1.00168,2.13122e-05,0.802487,1,0
1.98242,0.00976562,1.00164,1.03351e-05,0.800537,1,0
1.98242,0.0292969,1.00167,2.13451e-05,0.800537,1,0
1.96289,0.0488281,1.00166,2.79496e-05,0.802487,1,0
1.96289,0.0683594,1.00161,3.577e-05,0.802487,1,0
1.98242,0.0488281,1.00165,2.8018e-05,0.800537,1,0
1.98242,0.0683594,1.0016,3.58869e-05,0.800537,1,0
2.00195,0.00976562,1.00163,1.03458e-05,0.798587,1,0
2.00195,0.0292969,1.00166,2.13763e-05,0.798586,1,0
2.02148,0.00976562,1.00162,1.03556e-05,0.796636,1,0
2.02148,0.0292969,1.00165,2.14056e-05,0.796636,1,0
2.00195,0.0488281,1.00164,2.80836e-05,0.798586,1,0
2.00195,0.0683594,1.0016,3.59999e-05,0.798586,1,0
2.02148,0.0488281,1.00163,2.81465e-05,0.796636,1,0
2.02148,0.0683594,1.00159,3.61089e-05,0.796636,1,0
1.96289,0.0878906,1.00154,4.13276e-05,0.802487,1,0
1.96289,0.107422,1.00146,4.70305e-05,0.802487,1,0
1.98242,0.0878906,1.00153,4.14928e-05,0.800537,1,0
1.98242,0.107422,1.00145,4.72424e-05,0.800536,1,0
1.96289,0.126953,1.00135,5.15685e-05,0.802487,1,0
1.96289,0.146484,1.00122,5.57935e-05,0.802487,1,0
1.98242,0.126953,1.00135,5.18231e-05,0.800536,1,0
1.98242,0.146484,1.00122,5.60886e-05,0.800536,1,0
2.00195,0.0878906,1.00153,4.16532e-05,0.798586,1,0
2.00195,0.107422,1.00145,4.74486e-05,0.798586,1,0
2.02148,0.0878906,1.00152,4.18087e-05,0.796636,1,0
2.02148,0.107422,1.00144,4.76491e-05,0.796636,1,0
2.00195,0.126953,1.00135,5.20712e-05,0.798586,1,0
2.00195,0.146484,1.00122,5.63764e-05,0.798586,1,0
2.02148,0.126953,1.00134,5.23128e-05,0.796636,1,0
2.02148,0.146484,1.00121,5.6657e-05,0.796636,1,0
1.88477,0.166016,1.00105,5.77095e-05,0.810288,1,0
1.88477,0.185547,1.00078,6.02535e-05,0.810288,1,0
1.9043,0.166016,1.00105,5.80761e-05,0.808338,1,0
1.9043,0.185547,1.00078,6.06591e-05,0.808338,1,0
1.88477,0.205078,1.00036,6.18888e-05,0.810288,1,0
1.88477,0.224609,0.999655,6.26517e-05,0.810288,1,0
1.9043,0.205078,1.00036,6.23305e-05,0.808338,1,0
1.9043,0.224609,0.999655,6.31265e-05,0.808337,1,0
1.92383,0.166016,1.00105,5.84341e-05,0.806387,1,0
1.92383,0.185547,1.00078,6.10552e-05,0.806387,1,0
1.94336,0.166016,1.00105,5.87836e-05,0.804437,1,0
1.94336,0.185547,1.00078,6.14421e-05,0.804437,1,0
1.92383,0.205078,1.00036,6.2762e-05,0.806387,1,0
1.92383,0.224609,0.999654,6.35903e-05,0.806387,1,0
1.94336,0.205078,1.00035,6.31834e-05,0.804437,1,0
1.94336,0.224609,0.999654,6.40431e-05,0.804437,1,0
1.88477,0.244141,0.998464,6.23664e-05,0.810288,1,0
1.88477,0.263672,0.996433,6.09654e-05,0.810287,1,0
1.9043,0.244141,0.998465,6.28703e-05,0.808337,1,0
1.9043,0.263672,0.996435,6.14939e-05,0.808337,1,0
1.88477,0.283203,0.992983,5.82904e-05,0.810287,1,0
1.88477,0.302734,0.987209,5.42285e-05,0.810287,1,0
1.9043,0.283203,0.992986,5.88382e-05,0.808337,1,0
1.9043,0.302734,0.987214,5.47908e-05,0.808337,1,0
1.92383,0.244141,0.998466,6.33623e-05,0.806387,1,0
1.92383,0.263672,0.996437,6.20098e-05,0.806387,1,0
1.94336,0.244141,0.998467,6.38427e-05,0.804436,1,0
1.94336,0.263672,0.996439,6.25133e-05,0.804436,1,0
1.92383,0.283203,0.99299,5.93728e-05,0.806386,1,0
1.92383,0.302734,0.987219,5.53393e-05,0.806386,1,0
1.94336,0.283203,0.992993,5.98944e-05,0.804436,1,0
1.94336,0.302734,0.987224,5.58743e-05,0.804436,1,0
1.96289,0.166016,1.00104,5.91247e-05,0.802487,1,0
1.96289,0.185547,1.00078,6.18198e-05,0.802487,1,0
1.98242,0.166016,1.00104,5.94577e-05,0.800536,1,0
1.98242,0.185547,1.00077,6.21885e-05,0.800536,1,0
1.96289,0.205078,1.00035,6.35948e-05,0.802486,1,0
1.96289,0.224609,0.999654,6.44853e-05,0.802486,1,0
1.98242,0.205078,1.00035,6.39965e-05,0.800536,1,0
1.98242,0.224609,0.999653,6.4917e-05,0.800536,1,0
2.00195,0.166016,1.00104,5.97826e-05,0.798586,1,0
2.00195,0.185547,1.00077,6.25484e-05,0.798586,1,0
2.02148,0.166016,1.00103,6.00994e-05,0.796635,1,0
2.02148,0.185547,1.00077,6.28995e-05,0.796635,1,0
2.00195,0.205078,1.00035,6.43886e-05,0.798586,1,0
2.00195,0.224609,0.999653,6.53383e-05,0.798585,1,0
2.02148,0.205078,1.00035,6.47713e-05,0.796635,1,0
2.02148,0.224609,0.999652,6.57495e-05,0.796635,1,0
1.96289,0.244141,0.998468,6.43117e-05,0.802486,1,0
1.96289,0.263672,0.996441,6.30048e-05,0.802486,1,0
1.98242,0.244141,0.998468,6.47695e-05,0.800536,1,0
1.98242,0.263672,0.996442,6.34845e-05,0.800536,1,0
1.96289,0.283203,0.992996,6.04034e-05,0.802486,1,0
1.96289,0.302734,0.987228,5.6396e-05,0.802486,1,0
1.98242,0.283203,0.993,6.08998e-05,0.800535,1,0
1.98242,0.302734,0.987233,5.69048e-05,0.800535,1,0
2.00195,0.244141,0.998469,6.52163e-05,0.798585,1,0
2.00195,0.263672,0.996444,6.39524e-05,0.798585,1,0
2.02148,0.244141,0.99847,6.56522e-05,0.796635,1,0
2.02148,0.263672,0.996446,6.44089e-05,0.796635,1,0
2.00195,0.283203,0.993003,6.1384e-05,0.798585,1,0
2.00195,0.302734,0.987238,5.74008e-05,0.798585,1,0
2.02148,0.283203,0.993006,6.18561e-05,0.796635,1,0
2.02148,0.302734,0.987243,5.78842e-05,0.796635,1,0
2.04102,0.00976562,1.00161,1.03645e-05,0.794686,1,0
2.04102,0.0292969,1.00164,2.1433e-05,0.794685,1,0
2.06055,0.00976562,1.0016,1.03726e-05,0.792735,1,0
2.06055,0.0292969,1.00163,2.14587e-05,0.792735,1,0
2.04102,0.0488281,1.00163,2.82067e-05,0.794686,1,0
2.04102,0.0683594,1.00158,3.6214e-05,0.794685,1,0
2.06055,0.0488281,1.00162,2.82642e-05,0.792735,1,0
2.06055,0.0683594,1.00158,3.63152e-05,0.792735,1,0
2.08008,0.00976562,1.00159,1.03798e-05,0.790785,1,0
2.08008,0.0292969,1.00162,2.14825e-05,0.790785,1,0
2.09961,0.00976562,1.00158,1.03861e-05,0.788835,1,0
2.09961,0.0292969,1.00162,2.15045e-05,0.788834,1,0
2.08008,0.0488281,1.00161,2.8319e-05,0.790785,1,0
2.08008,0.0683594,1.00157,3.64125e-05,0.790785,1,0
2.09961,0.0488281,1.0016,2.83711e-05,0.788835,1,0
2.09961,0.0683594,1.00156,3.6506e-05,0.788834,1,0
2.04102,0.0878906,1.00152,4.19593e-05,0.794685,1,0
2.04102,0.107422,1.00144,4.78439e-05,0.794685,1,0
2.06055,0.0878906,1.00151,4.21053e-05,0.792735,1,0
2.06055,0.107422,1.00143,4.80331e-05,0.792735,1,0
2.04102,0.126953,1.00134,5.25481e-05,0.794685,1,0
2.04102,0.146484,1.00121,5.69303e-05,0.794685,1,0
2.06055,0.126953,1.00133,5.27769e-05,0.792735,1,0
2.06055,0.146484,1.0012,5.71966e-05,0.792735,1,0
2.08008,0.0878906,1.00151,4.22464e-05,0.790785,1,0
2.08008,0.107422,1.00143,4.82167e-05,0.790785,1,0
2.09961,0.0878906,1.0015,4.23829e-05,0.788834,1,0
2.09961,0.107422,1.00142,4.83948e-05,0.788834,1,0
2.08008,0.126953,1.00133,5.29995e-05,0.790785,1,0
2.08008,0.146484,1.0012,5.74559e-05,0.790785,1,0
2.09961,0.126953,1.00132,5.32157e-05,0.788834,1,0
2.09961,0.146484,1.0012,5.77081e-05,0.788834,1,0
2.11914,0.00976562,1.00157,1.03916e-05,0.786884,1,0
2.11914,0.0292969,1.00161,2.15248e-05,0.786884,1,0
2.13867,0.00976562,1.00156,1.03964e-05,0.784934,1,0
2.13867,0.0292969,1.0016,2.15434e-05,0.784934,1,0
2.11914,0.0488281,1.0016,2.84205e-05,0.786884,1,0
2.11914,0.0683594,1.00155,3.65957e-05,0.786884,1,0
2.13867,0.0488281,1.00159,2.84673e-05,0.784934,1,0
2.13867,0.0683594,1.00155,3.66816e-05,0.784934,1,0
2.1582,0.00976562,1.00155,1.04003e-05,0.782984,1,0
2.1582,0.0292969,1.00159,2.15602e-05,0.782983,1,0
2.17773,0.00976562,1.00154,1.04034e-05,0.781033,1,0
2.17773,0.0292969,1.00158,2.15752e-05,0.781033,1,0
2.1582,0.0488281,1.00158,2.85115e-05,0.782984,1,0
2.1582,0.0683594,1.00154,3.67637e-05,0.782983,1,0
2.17773,0.0488281,1.00157,2.85529e-05,0.781033,1,0
2.17773,0.0683594,1.00153,3.6842e-05,0.781033,1,0
2.11914,0.0878906,1.00149,4.25146e-05,0.786884,1,0
2.11914,0.107422,1.00142,4.85673e-05,0.786884,1,0
2.13867,0.0878906,1.00149,4.26417e-05,0.784934,1,0
2.13867,0.107422,1.00141,4.87343e-05,0.784934,1,0
2.11914,0.126953,1.00132,5.34258e-05,0.786884,1,0
2.11914,0.146484,1.00119,5.79533e-05,0.786884,1,0
2.13867,0.126953,1.00131,5.36295e-05,0.784934,1,0
2.13867,0.146484,1.00119,5.81916e-05,0.784934,1,0
2.1582,0.0878906,1.00148,4.27641e-05,0.782983,1,0
2.1582,0.107422,1.0014,4.88958e-05,0.782983,1,0
2.17773,0.0878906,1.00147,4.28818e-05,0.781033,1,0
2.17773,0.107422,1.0014,4.90518e-05,0.781033,1,0
2.1582,0.126953,1.00131,5.38271e-05,0.782983,1,0
2.1582,0.146484,1.00118,5.84229e-05,0.782983,1,0
2.17773,0.126953,1.0013,5.40184e-05,0.781033,1,0
2.17773,0.146484,1.00118,5.86473e-05,0.781033,1,0
2.04102,0.166016,1.00103,6.04084e-05,0.794685,1,0
2.04102,0.185547,1.00077,6.3242e-05,0.794685,1,0
2.06055,0.166016,1.00103,6.07096e-05,0.792735,1,0
2.06055,0.185547,1.00076,6.3576e-05,0.792735,1,0
2.04102,0.205078,1.00035,6.51446e-05,0.794685,1,0
2.04102,0.224609,0.999652,6.61506e-05,0.794685,1,0
2.06055,0.205078,1.00035,6.55086e-05,0.792735,1,0
2.06055,0.224609,0.999652,6.65419e-05,0.792734,1,0
2.08008,0.166016,1.00102,6.1003e-05,0.790784,1,0
2.08008,0.185547,1.00076,6.39014e-05,0.790784,1,0
2.09961,0.166016,1.00102,6.12887e-05,0.788834,1,0
2.09961,0.185547,1.00076,6.42185e-05,0.788834,1,0
2.08008,0.205078,1.00034,6.58636e-05,0.790784,1,0
2.08008,0.224609,0.999651,6.69233e-05,0.790784,1,0
2.09961,0.205078,1.00034,6.62094e-05,0.788834,1,0
2.09961,0.224609,0.99965,6.7295e-05,0.788834,1,0
2.04102,0.244141,0.99847,6.60775e-05,0.794685,1,0
2.04102,0.263672,0.996448,6.4854e-05,0.794685,1,0
2.06055,0.244141,0.998471,6.64922e-05,0.792734,1,0
2.06055,0.263672,0.99645,6.5288e-05,0.792734,1,0
2.04102,0.283203,0.993009,6.23164e-05,0.794684,1,0
2.04102,0.302734,0.987247,5.83554e-05,0.794684,1,0
2.06055,0.283203,0.993013,6.2765e-05,0.792734,1,0
2.06055,0.302734,0.987252,5.88144e-05,0.792734,1,0
2.08008,0.244141,0.998472,6.68964e-05,0.790784,1,0
2.08008,0.263672,0.996452,6.57109e-05,0.790784,1,0
2.09961,0.244141,0.998472,6.72903e-05,0.788834,1,0
2.09961,0.263672,0.996454,6.6123e-05,0.788834,1,0
2.08008,0.283203,0.993016,6.3202e-05,0.790784,1,0
2.08008,0.302734,0.987257,5.92614e-05,0.790784,1,0
2.09961,0.283203,0.993019,6.36276e-05,0.788833,1,0
2.09961,0.302734,0.987261,5.96966e-05,0.788833,1,0
2.11914,0.166016,1.00102,6.15667e-05,0.786884,1,0
2.11914,0.185547,1.00076,6.45272e-05,0.786884,1,0
2.13867,0.166016,1.00101,6.18371e-05,0.784934,1,0
2.13867,0.185547,1.00075,6.48276e-05,0.784933,1,0
2.11914,0.205078,1.00034,6.65462e-05,0.786884,1,0
2.11914,0.224609,0.99965,6.7657e-05,0.786884,1,0
2.13867,0.205078,1.00034,6.6874e-05,0.784933,1,0
2.13867,0.224609,0.999649,6.80093e-05,0.784933,1,0
2.1582,0.166016,1.00101,6.20998e-05,0.782983,1,0
2.1582,0.185547,1.00075,6.51197e-05,0.782983,1,0
2.17773,0.166016,1.00101,6.23549e-05,0.781033,1,0
2.17773,0.185547,1.00075,6.54034e-05,0.781033,1,0
2.1582,0.205078,1.00034,6.71928e-05,0.782983,1,0
2.1582,0.224609,0.999649,6.83521e-05,0.782983,1,0
2.17773,0.205078,1.00034,6.75027e-05,0.781033,1,0
2.17773,0.224609,0.999648,6.86853e-05,0.781033,1,0
2.11914,0.244141,0.998473,6.76739e-05,0.786883,1,0
2.11914,0.263672,0.996456,6.65241e-05,0.786883,1,0
2.13867,0.244141,0.998473,6.80472e-05,0.784933,1,0
2.13867,0.263672,0.996457,6.69146e-05,0.784933,1,0
2.11914,0.283203,0.993022,6.40419e-05,0.786883,1,0
2.11914,0.302734,0.987266,6.01201e-05,0.786883,1,0
2.13867,0.283203,0.993026,6.4445e-05,0.784933,1,0
2.13867,0.302734,0.987271,6.05321e-05,0.784933,1,0
2.1582,0.244141,0.998474,6.84104e-05,0.782983,1,0
2.1582,0.263672,0.996459,6.72942e-05,0.782983,1,0
2.17773,0.244141,0.998474,6.87634e-05,0.781033,1,0
2.17773,0.263672,0.996461,6.76632e-05,0.781033,1,0
2.1582,0.283203,0.993029,6.48368e-05,0.782983,1,0
2.1582,0.302734,0.987276,6.09324e-05,0.782983,1,0
2.17773,0.283203,0.993032,6.52175e-05,0.781032,1,0
2.17773,0.302734,0.98728,6.13212e-05,0.781032,1,0
1.88477,0.322266,0.977733,4.86837e-05,0.810287,1,0
1.88477,0.341797,0.962528,4.17262e-05,0.810287,1,0
1.9043,0.322266,0.977739,4.92562e-05,0.808336,1,0
1.9043,0.341797,0.962536,4.23072e-05,0.808336,1,0
1.88477,0.361328,0.938723,3.37101e-05,0.810286,1,0
1.88477,0.380859,0.902384,2.54108e-05,0.810286,1,0
1.9043,0.361328,0.938731,3.42953e-05,0.808336,1,0
1.9043,0.380859,0.902392,2.59864e-05,0.808336,1,0
1.92383,0.322266,0.977745,4.98145e-05,0.806386,1,0
1.92383,0.341797,0.962543,4.28734e-05,0.806386,1,0
1.94336,0.322266,0.977752,5.03588e-05,0.804436,1,0
1.94336,0.341797,0.962551,4.34252e-05,0.804435,1,0
1.92383,0.361328,0.938739,3.48652e-05,0.806386,1,0
1.92383,0.380859,0.9024,2.65461e-05,0.806385,1,0
1.94336,0.361328,0.938747,3.54201e-05,0.804435,1,0
1.94336,0.380859,0.902408,2.70904e-05,0.804435,1,0
1.88477,0.400391,0.84833,1.78114e-05,0.810286,1,0
1.88477,0.419922,0.769996,1.16554e-05,0.810286,1,0
1.9043,0.400391,0.848337,1.83374e-05,0.808336,1,0
1.9043,0.419922,0.770002,1.20744e-05,0.808336,1,0
1.88477,0.439453,0.659403,6.84072e-06,0.810286,1,0
1.88477,0.458984,0.507226,3.08937e-06,0.810286,1,0
1.9043,0.439453,0.659407,7.10553e-06,0.808335,1,0
1.9043,0.458984,0.50723,3.21215e-06,0.808335,1,0
1.92383,0.400391,0.848344,1.88476e-05,0.806385,1,0
1.92383,0.419922,0.770007,1.24797e-05,0.806385,1,0
1.94336,0.400391,0.848351,1.93425e-05,0.804435,1,0
1.94336,0.419922,0.770013,1.28716e-05,0.804435,1,0
1.92383,0.439453,0.659412,7.36106e-06,0.806385,1,0
1.92383,0.458984,0.507233,3.33045e-06,0.806385,1,0
1.94336,0.439453,0.659417,7.60759e-06,0.804435,1,0
1.94336,0.458984,0.507237,3.44452e-06,0.804435,1,0
1.96289,0.322266,0.977758,5.08894e-05,0.802485,1,0
1.96289,0.341797,0.962558,4.39629e-05,0.802485,1,0
1.98242,0.322266,0.977764,5.14066e-05,0.800535,1,0
1.98242,0.341797,0.962566,4.44868e-05,0.800535,1,0
1.96289,0.361328,0.938755,3.59606e-05,0.802485,1,0
1.96289,0.380859,0.902416,2.76195e-05,0.802485,1,0
1.98242,0.361328,0.938764,3.64867e-05,0.800535,1,0
1.98242,0.380859,0.902424,2.81339e-05,0.800534,1,0
2.00195,0.322266,0.97777,5.19107e-05,0.798585,1,0
2.00195,0.341797,0.962573,4.49972e-05,0.798584,1,0
2.02148,0.322266,0.977776,5.24019e-05,0.796634,1,0
2.02148,0.341797,0.962581,4.54944e-05,0.796634,1,0
2.00195,0.361328,0.938772,3.6999e-05,0.798584,1,0
2.00195,0.380859,0.902432,2.8634e-05,0.798584,1,0
2.02148,0.361328,0.93878,3.74977e-05,0.796634,1,0
2.02148,0.380859,0.90244,2.91201e-05,0.796634,1,0
1.96289,0.400391,0.848358,1.98225e-05,0.802485,1,0
1.96289,0.419922,0.770019,1.32507e-05,0.802485,1,0
1.98242,0.400391,0.848365,2.0288e-05,0.800534,1,0
1.98242,0.419922,0.770025,1.36172e-05,0.800534,1,0
1.96289,0.439453,0.659421,7.84545e-06,0.802485,1,0
1.96289,0.458984,0.50724,3.5544e-06,0.802485,1,0
1.98242,0.439453,0.659426,8.07495e-06,0.800534,1,0
1.98242,0.458984,0.507244,3.6604e-06,0.800534,1,0
2.00195,0.400391,0.848372,2.07395e-05,0.798584,1,0
2.00195,0.419922,0.770031,1.39716e-05,0.798584,1,0
2.02148,0.400391,0.84838,2.11773e-05,0.796634,1,0
2.02148,0.419922,0.770038,1.43143e-05,0.796634,1,0
2.00195,0.439453,0.659431,8.29644e-06,0.798584,1,0
2.00195,0.458984,0.507248,3.76263e-06,0.798584,1,0
2.02148,0.439453,0.659436,8.51023e-06,0.796634,1,0
2.02148,0.458984,0.507252,3.86147e-06,0.796634,1,0
1.88477,0.478516,0.302986,3.46492e-07,0.810286,1,0
1.88477,0.498047,0.0353514,-5.65478e-07,0.810286,0.6,0
1.9043,0.478516,0.302988,3.69253e-07,0.808336,1,0
1.9043,0.498047,0.0353512,-5.78647e-07,0.808336,0.6,0
1.92383,0.478516,0.30299,3.91276e-07,0.806385,1,0
1.92383,0.498047,0.0353511,-5.91327e-07,0.806385,0.6,0
1.94336,0.478516,0.302992,4.1254e-07,0.804435,1,0
1.94336,0.498047,0.035351,-6.03615e-07,0.804435,0.6,0
1.96289,0.478516,0.302994,4.33154e-07,0.802485,1,0
1.96289,0.498047,0.0353509,-6.15559e-07,0.802485,0.6,0
1.98242,0.478516,0.302996,4.53157e-07,0.800534,1,0
1.98242,0.498047,0.0353509,-6.27261e-07,0.800534,0.6,0
2.00195,0.478516,0.302998,4.72711e-07,0.798584,1,0
2.00195,0.498047,0.0353508,-6.38748e-07,0.798584,0.6,0
2.02148,0.478516,0.303001,4.91896e-07,0.796634,1,0
2.02148,0.498047,0.0353507,-6.50075e-07,0.796634,0.6,0
2.04102,0.322266,0.977783,5.28804e-05,0.794684,1,0
2.04102,0.341797,0.962588,4.59786e-05,0.794684,1,0
2.06055,0.322266,0.977789,5.33464e-05,0.792734,1,0
2.06055,0.341797,0.962595,4.64501e-05,0.792734,1,0
2.04102,0.361328,0.938788,3.79831e-05,0.794684,1,0
2.04102,0.380859,0.902448,2.95926e-05,0.794684,1,0
2.06055,0.361328,0.938796,3.84554e-05,0.792733,1,0
2.06055,0.380859,0.902457,3.00517e-05,0.792733,1,0
2.08008,0.322266,0.977795,5.38003e-05,0.790783,1,0
2.08008,0.341797,0.962603,4.6909e-05,0.790783,1,0
2.09961,0.322266,0.977801,5.4242e-05,0.788833,1,0
2.09961,0.341797,0.96261,4.73556e-05,0.788833,1,0
2.08008,0.361328,0.938804,3.8915e-05,0.790783,1,0
2.08008,0.380859,0.902465,3.04977e-05,0.790783,1,0
2.09961,0.361328,0.938813,3.93618e-05,0.788833,1,0
2.09961,0.380859,0.902473,3.09308e-05,0.788833,1,0
2.04102,0.400391,0.848387,2.16018e-05,0.794683,1,0
2.04102,0.419922,0.770044,1.46457e-05,0.794683,1,0
2.06055,0.400391,0.848395,2.20134e-05,0.792733,1,0
2.06055,0.419922,0.770051,1.4966e-05,0.792733,1,0
2.04102,0.439453,0.659442,8.71669e-06,0.794683,1,0
2.04102,0.458984,0.507256,3.95708e-06,0.794683,1,0
2.06055,0.439453,0.659447,8.91611e-06,0.792733,1,0
2.06055,0.458984,0.50726,4.04984e-06,0.792733,1,0
2.08008,0.400391,0.848402,2.24123e-05,0.790783,1,0
2.08008,0.419922,0.770057,1.52758e-05,0.790783,1,0
2.09961,0.400391,0.84841,2.27987e-05,0.788833,1,0
2.09961,0.419922,0.770064,1.55751e-05,0.788833,1,0
2.08008,0.439453,0.659453,9.10879e-06,0.790783,1,0
2.08008,0.458984,0.507264,4.13987e-06,0.790783,1,0
2.09961,0.439453,0.659458,9.29493e-06,0.788833,1,0
2.09961,0.458984,0.507269,4.22747e-06,0.788833,1,0
2.11914,0.322266,0.977807,5.46717e-05,0.786883,1,0
2.11914,0.341797,0.962618,4.779e-05,0.786883,1,0
2.13867,0.322266,0.977813,5.50896e-05,0.784933,1,0
2.13867,0.341797,0.962625,4.82123e-05,0.784933,1,0
2.11914,0.361328,0.938821,3.97962e-05,0.786883,1,0
2.11914,0.380859,0.902481,3.13512e-05,0.786883,1,0
2.13867,0.361328,0.938829,4.02182e-05,0.784932,1,0
2.13867,0.380859,0.90249,3.17588e-05,0.784932,1,0
2.1582,0.322266,0.97782,5.54956e-05,0.782982,1,0
2.1582,0.341797,0.962633,4.86224e-05,0.782982,1,0
2.17773,0.322266,0.977826,5.58898e-05,0.781032,1,0
2.17773,0.341797,0.96264,4.90203e-05,0.781032,1,0
2.1582,0.361328,0.938837,4.06277e-05,0.782982,1,0
2.1582,0.380859,0.902498,3.21537e-05,0.782982,1,0
2.17773,0.361328,0.938846,4.10246e-05,0.781032,1,0
2.17773,0.380859,0.902506,3.25359e-05,0.781032,1,0
2.11914,0.400391,0.848418,2.31728e-05,0.786882,1,0
2.11914,0.419922,0.770071,1.58643e-05,0.786882,1,0
2.13867,0.400391,0.848425,2.35347e-05,0.784932,1,0
2.13867,0.419922,0.770078,1.61434e-05,0.784932,1,0
2.11914,0.439453,0.659464,9.47472e-06,0.786882,1,0
2.11914,0.458984,0.507273,4.31262e-06,0.786882,1,0
2.13867,0.439453,0.65947,9.64823e-06,0.784932,1,0
2.13867,0.458984,0.507277,4.39544e-06,0.784932,1,0
2.1582,0.400391,0.848433,2.38845e-05,0.782982,1,0
2.1582,0.419922,0.770085,1.64126e-05,0.782982,1,0
2.17773,0.400391,0.848441,2.42221e-05,0.781032,1,0
2.17773,0.419922,0.770092,1.66718e-05,0.781032,1,0
2.1582,0.439453,0.659476,9.81549e-06,0.782982,1,0
2.1582,0.458984,0.507282,4.4758e-06,0.782982,1,0
2.17773,0.439453,0.659482,9.97646e-06,0.781032,1,0
2.17773,0.458984,0.507287,4.55368e-06,0.781032,1,0
2.04102,0.478516,0.303003,5.10888e-07,0.794683,1,0
2.04102,0.498047,0.0353507,-6.61221e-07,0.794684,0.6,0
2.06055,0.478516,0.303005,5.29759e-07,0.792733,1,0
2.06055,0.498047,0.0353506,-6.72157e-07,0.792733,0.6,0
2.08008,0.478516,0.303008,5.48662e-07,0.790783,1,0
2.08008,0.498047,0.0353506,-6.82769e-07,0.790783,0.6,0
2.09961,0.478516,0.30301,5.67611e-07,0.788833,1,0
2.09961,0.498047,0.0353505,-6.9302e-07,0.788833,0.6,0
2.11914,0.478516,0.303012,5.86666e-07,0.786883,1,0
2.11914,0.498047,0.0353505,-7.02822e-07,0.786883,0.6,0
2.13867,0.478516,0.303015,6.05769e-07,0.784932,1,0
2.13867,0.498047,0.0353505,-7.1208e-07,0.784932,0.6,0
2.1582,0.478516,0.303017,6.24956e-07,0.782982,1,0
2.1582,0.498047,0.0353505,-7.20613e-07,0.782982,0.6,0
2.17773,0.478516,0.30302,6.4415e-07,0.781032,1,0
2.17773,0.498047,0.0353505,-7.28309e-07,0.781032,0.6,0
2.19727,0.00976562,1.00153,1.04057e-05,0.779083,1,0
2.19727,0.0292969,1.00157,2.15885e-05,0.779083,1,0
2.2168,0.00976562,1.00152,1.04071e-05,0.777133,1,0
2.2168,0.0292969,1.00156,2.15998e-05,0.777132,1,0
2.19727,0.0488281,1.00156,2.85917e-05,0.779083,1,0
2.19727,0.0683594,1.00153,3.69165e-05,0.779083,1,0
2.2168,0.0488281,1.00156,2.86278e-05,0.777133,1,0
2.2168,0.0683594,1.00152,3.69871e-05,0.777132,1,0
2.23633,0.00976562,1.00152,1.04076e-05,0.775183,1,0
2.23633,0.0292969,1.00155,2.16093e-05,0.775182,1,0
2.25586,0.00976562,1.00151,1.04071e-05,0.773232,1,0
2.25586,0.0292969,1.00155,2.16168e-05,0.773232,1,0
2.23633,0.0488281,1.00155,2.86611e-05,0.775182,1,0
2.23633,0.0683594,1.00151,3.70539e-05,0.775182,1,0
2.25586,0.0488281,1.00154,2.86916e-05,0.773232,1,0
2.25586,0.0683594,1.00151,3.71168e-05,0.773232,1,0
2.19727,0.0878906,1.00147,4.29949e-05,0.779083,1,0
2.19727,0.107422,1.00139,4.92022e-05,0.779083,1,0
2.2168,0.0878906,1.00146,4.31032e-05,0.777133,1,0
2.2168,0.107422,1.00139,4.93471e-05,0.777132,1,0
2.19727,0.126953,1.0013,5.42035e-05,0.779083,1,0
2.19727,0.146484,1.00118,5.88647e-05,0.779083,1,0
2.2168,0.126953,1.00129,5.43823e-05,0.777132,1,0
2.2168,0.146484,1.00117,5.90751e-05,0.777132,1,0
2.23633,0.0878906,1.00146,4.32067e-05,0.775182,1,0
2.23633,0.107422,1.00138,4.94864e-05,0.775182,1,0
2.25586,0.0878906,1.00145,4.33055e-05,0.773232,1,0
2.25586,0.107422,1.00138,4.96201e-05,0.773232,1,0
2.23633,0.126953,1.00129,5.45548e-05,0.775182,1,0
2.23633,0.146484,1.00117,5.92785e-05,0.775182,1,0
2.25586,0.126953,1.00128,5.47209e-05,0.773232,1,0
2.25586,0.146484,1.00116,5.94748e-05,0.773232,1,0
2.27539,0.00976562,1.0015,1.04056e-05,0.771282,1,0
2.27539,0.0292969,1.00154,2.16222e-05,0.771282,1,0
2.29492,0.00976562,1.00149,1.04031e-05,0.769332,1,0
2.29492,0.0292969,1.00153,2.16255e-05,0.769331,1,0
2.27539,0.0488281,1.00153,2.87193e-05,0.771282,1,0
2.27539,0.0683594,1.0015,3.71757e-05,0.771282,1,0
2.29492,0.0488281,1.00152,2.8744e-05,0.769332,1,0
2.29492,0.0683594,1.00149,3.72306e-05,0.769331,1,0
2.31445,0.00976562,1.00148,1.03996e-05,0.767382,1,0
2.31445,0.0292969,1.00152,2.16267e-05,0.767381,1,0
2.33398,0.00976562,1.00147,1.03951e-05,0.765431,1,0
2.33398,0.0292969,1.00151,2.16258e-05,0.765431,1,0
2.31445,0.0488281,1.00152,2.87658e-05,0.767381,1,0
2.31445,0.0683594,1.00148,3.72814e-05,0.767381,1,0
2.33398,0.0488281,1.00151,2.87846e-05,0.765431,1,0
2.33398,0.0683594,1.00148,3.7328e-05,0.765431,1,0
2.27539,0.0878906,1.00144,4.33994e-05,0.771282,1,0
2.27539,0.107422,1.00137,4.9748e-05,0.771282,1,0
2.29492,0.0878906,1.00144,4.34885e-05,0.769332,1,0
2.29492,0.107422,1.00137,4.98703e-05,0.769331,1,0
2.27539,0.126953,1.00128,5.48806e-05,0.771282,1,0
2.27539,0.146484,1.00116,5.96639e-05,0.771282,1,0
2.29492,0.126953,1.00127,5.50339e-05,0.769331,1,0
2.29492,0.146484,1.00115,5.98459e-05,0.769331,1,0
2.31445,0.0878906,1.00143,4.35726e-05,0.767381,1,0
2.31445,0.107422,1.00136,4.99868e-05,0.767381,1,0
2.33398,0.0878906,1.00142,4.36517e-05,0.765431,1,0
2.33398,0.107422,1.00135,5.00974e-05,0.765431,1,0
2.31445,0.126953,1.00127,5.51807e-05,0.767381,1,0
2.31445,0.146484,1.00115,6.00207e-05,0.767381,1,0
2.33398,0.126953,1.00126,5.5321e-05,0.765431,1,0
2.33398,0.146484,1.00115,6.01883e-05,0.765431,1,0
2.19727,0.166016,1.001,6.26023e-05,0.779083,1,0
2.19727,0.185547,1.00075,6.56788e-05,0.779083,1,0
2.2168,0.166016,1.001,6.28421e-05,0.777132,1,0
2.2168,0.185547,1.00074,6.59458e-05,0.777132,1,0
2.19727,0.205078,1.00033,6.78035e-05,0.779083,1,0
2.19727,0.224609,0.999648,6.90088e-05,0.779082,1,0
2.2168,0.205078,1.00033,6.80953e-05,0.777132,1,0
2.2168,0.224609,0.999647,6.93227e-05,0.777132,1,0
2.23633,0.166016,1.001,6.30741e-05,0.775182,1,0
2.23633,0.185547,1.00074,6.62044e-05,0.775182,1,0
2.25586,0.166016,1.00099,6.32983e-05,0.773232,1,0
2.25586,0.185547,1.00074,6.64545e-05,0.773232,1,0
2.23633,0.205078,1.00033,6.83781e-05,0.775182,1,0
2.23633,0.224609,0.999646,6.96268e-05,0.775182,1,0
2.25586,0.205078,1.00033,6.86517e-05,0.773232,1,0
2.25586,0.224609,0.999645,6.99211e-05,0.773232,1,0
2.19727,0.244141,0.998475,6.91061e-05,0.779082,1,0
2.19727,0.263672,0.996463,6.80213e-05,0.779082,1,0
2.2168,0.244141,0.998475,6.94386e-05,0.777132,1,0
2.2168,0.263672,0.996465,6.83687e-05,0.777132,1,0
2.19727,0.283203,0.993035,6.55869e-05,0.779082,1,0
2.19727,0.302734,0.987285,6.16983e-05,0.779082,1,0
2.2168,0.283203,0.993038,6.5945e-05,0.777132,1,0
2.2168,0.302734,0.98729,6.20636e-05,0.777132,1,0
2.23633,0.244141,0.998476,6.97608e-05,0.775182,1,0
2.23633,0.263672,0.996466,6.87051e-05,0.775182,1,0
2.25586,0.244141,0.998476,7.00725e-05,0.773232,1,0
2.25586,0.263672,0.996468,6.90305e-05,0.773232,1,0
2.23633,0.283203,0.993041,6.62916e-05,0.775182,1,0
2.23633,0.302734,0.987294,6.24171e-05,0.775182,1,0
2.25586,0.283203,0.993045,6.66267e-05,0.773231,1,0
2.25586,0.302734,0.987299,6.27585e-05,0.773231,1,0
2.27539,0.166016,1.00099,6.35147e-05,0.771282,1,0
2.27539,0.185547,1.00074,6.66962e-05,0.771282,1,0
2.29492,0.166016,1.00099,6.37233e-05,0.769331,1,0
2.29492,0.185547,1.00073,6.69292e-05,0.769331,1,0
2.27539,0.205078,1.00033,6.89161e-05,0.771282,1,0
2.27539,0.224609,0.999645,7.02057e-05,0.771281,1,0
2.29492,0.205078,1.00033,6.91713e-05,0.769331,1,0
2.29492,0.224609,0.999644,7.04803e-05,0.769331,1,0
2.31445,0.166016,1.00098,6.3924e-05,0.767381,1,0
2.31445,0.185547,1.00073,6.71537e-05,0.767381,1,0
2.33398,0.166016,1.00098,6.41167e-05,0.765431,1,0
2.33398,0.185547,1.00073,6.73696e-05,0.765431,1,0
2.31445,0.205078,1.00032,6.94173e-05,0.767381,1,0
2.31445,0.224609,0.999643,7.07449e-05,0.767381,1,0
2.33398,0.205078,1.00032,6.96539e-05,0.765431,1,0
2.33398,0.224609,0.999642,7.09996e-05,0.765431,1,0
2.27539,0.244141,0.998477,7.03738e-05,0.771281,1,0
2.27539,0.263672,0.99647,6.93448e-05,0.771281,1,0
2.29492,0.244141,0.998477,7.06645e-05,0.769331,1,0
2.29492,0.263672,0.996471,6.96479e-05,0.769331,1,0
2.27539,0.283203,0.993048,6.69501e-05,0.771281,1,0
2.27539,0.302734,0.987303,6.30879e-05,0.771281,1,0
2.29492,0.283203,0.993051,6.72619e-05,0.769331,1,0
2.29492,0.302734,0.987308,6.34049e-05,0.769331,1,0
2.31445,0.244141,0.998478,7.09446e-05,0.767381,1,0
2.31445,0.263672,0.996473,6.99399e-05,0.767381,1,0
2.33398,0.244141,0.998478,7.1214e-05,0.765431,1,0
2.33398,0.263672,0.996475,7.02205e-05,0.765431,1,0
2.31445,0.283203,0.993054,6.75618e-05,0.767381,1,0
2.31445,0.302734,0.987313,6.37097e-05,0.767381,1,0
2.33398,0.283203,0.993057,6.78498e-05,0.765431,1,0
2.33398,0.302734,0.987317,6.4002e-05,0.765431,1,0
2.35352,0.00976562,1.00146,1.03895e-05,0.763481,1,0
2.35352,0.0292969,1.0015,2.16227e-05,0.763481,1,0
2.37305,0.00976562,1.00145,1.03829e-05,0.761531,1,0
2.37305,0.0292969,1.00149,2.16175e-05,0.76153,1,0
2.35352,0.0488281,1.0015,2.88004e-05,0.763481,1,0
2.35352,0.0683594,1.00147,3.73706e-05,0.763481,1,0
2.37305,0.0488281,1.00149,2.88131e-05,0.761531,1,0
2.37305,0.0683594,1.00146,3.7409e-05,0.76153,1,0
2.39258,0.00976562,1.00144,1.03752e-05,0.759581,1,0
2.39258,0.0292969,1.00148,2.161e-05,0.75958,1,0
2.41211,0.00976562,1.00143,1.03664e-05,0.75763,1,0
2.41211,0.0292969,1.00147,2.16004e-05,0.75763,1,0
2.39258,0.0488281,1.00148,2.88228e-05,0.75958,1,0
2.39258,0.0683594,1.00145,3.74432e-05,0.75958,1,0
2.41211,0.0488281,1.00148,2.88293e-05,0.75763,1,0
2.41211,0.0683594,1.00145,3.74731e-05,0.75763,1,0
2.35352,0.0878906,1.00142,4.37259e-05,0.763481,1,0
2.35352,0.107422,1.00135,5.02022e-05,0.763481,1,0
2.37305,0.0878906,1.00141,4.37949e-05,0.761531,1,0
2.37305,0.107422,1.00134,5.03011e-05,0.761531,1,0
2.35352,0.126953,1.00126,5.54547e-05,0.763481,1,0
2.35352,0.146484,1.00114,6.03485e-05,0.763481,1,0
2.37305,0.126953,1.00125,5.55818e-05,0.761531,1,0
2.37305,0.146484,1.00114,6.05013e-05,0.761531,1,0
2.39258,0.0878906,1.0014,4.38589e-05,0.75958,1,0
2.39258,0.107422,1.00134,5.03941e-05,0.75958,1,0
2.41211,0.0878906,1.0014,4.39178e-05,0.75763,1,0
2.41211,0.107422,1.00133,5.0481e-05,0.75763,1,0
2.39258,0.126953,1.00125,5.57021e-05,0.75958,1,0
2.39258,0.146484,1.00113,6.06467e-05,0.75958,1,0
2.41211,0.126953,1.00124,5.58157e-05,0.75763,1,0
2.41211,0.146484,1.00113,6.07846e-05,0.75763,1,0
2.43164,0.00976562,1.00142,1.03566e-05,0.75568,1,0
2.43164,0.0292969,1.00147,2.15883e-05,0.75568,1,0
2.45117,0.00976562,1.00141,1.03455e-05,0.75373,1,0
2.45117,0.0292969,1.00146,2.15739e-05,0.753729,1,0
2.43164,0.0488281,1.00147,2.88327e-05,0.75568,1,0
2.43164,0.0683594,1.00144,3.74987e-05,0.75568,1,0
2.45117,0.0488281,1.00146,2.88328e-05,0.75373,1,0
2.45117,0.0683594,1.00143,3.75199e-05,0.75373,1,0
2.4707,0.00976562,1.0014,1.03333e-05,0.75178,1,0
2.4707,0.0292969,1.00145,2.15571e-05,0.751779,1,0
2.49023,0.00976562,1.00139,1.03197e-05,0.74983,1,0
2.49023,0.0292969,1.00144,2.15377e-05,0.749829,1,0
2.4707,0.0488281,1.00145,2.88296e-05,0.75178,1,0
2.4707,0.0683594,1.00143,3.75367e-05,0.751779,1,0
2.49023,0.0488281,1.00144,2.88231e-05,0.749829,1,0
2.49023,0.0683594,1.00142,3.75489e-05,0.749829,1,0
2.43164,0.0878906,1.00139,4.39714e-05,0.75568,1,0
2.43164,0.107422,1.00132,5.05618e-05,0.75568,1,0
2.45117,0.0878906,1.00138,4.40197e-05,0.75373,1,0
2.45117,0.107422,1.00132,5.06364e-05,0.75373,1,0
2.43164,0.126953,1.00124,5.59224e-05,0.75568,1,0
2.43164,0.146484,1.00112,6.09149e-05,0.75568,1,0
2.45117,0.126953,1.00123,5.60222e-05,0.75373,1,0
2.45117,0.146484,1.00112,6.10375e-05,0.75373,1,0
2.4707,0.0878906,1.00138,4.40627e-05,0.75178,1,0
2.4707,0.107422,1.00131,5.07048e-05,0.751779,1,0
2.49023,0.0878906,1.00137,4.41003e-05,0.749829,1,0
2.49023,0.107422,1.00131,5.07668e-05,0.749829,1,0
2.4707,0.126953,1.00123,5.6115e-05,0.75178,1,0
2.4707,0.146484,1.00111,6.11523e-05,0.751779,1,0
2.49023,0.126953,1.00122,5.62006e-05,0.749829,1,0
2.49023,0.146484,1.00111,6.12592e-05,0.749829,1,0
2.35352,0.166016,1.00098,6.43014e-05,0.763481,1,0
2.35352,0.185547,1.00072,6.75767e-05,0.763481,1,0
2.37305,0.166016,1.00097,6.44781e-05,0.761531,1,0
2.37305,0.185547,1.00072,6.7775e-05,0.76153,1,0
2.35352,0.205078,1.00032,6.98811e-05,0.763481,1,0
2.35352,0.224609,0.999642,7.12442e-05,0.763481,1,0
2.37305,0.205078,1.00032,7.00988e-05,0.76153,1,0
2.37305,0.224609,0.999641,7.14786e-05,0.76153,1,0
2.39258,0.166016,1.00097,6.46466e-05,0.75958,1,0
2.39258,0.185547,1.00072,6.79645e-05,0.75958,1,0
2.41211,0.166016,1.00096,6.48069e-05,0.75763,1,0
2.41211,0.185547,1.00072,6.81451e-05,0.75763,1,0
2.39258,0.205078,1.00032,7.0307e-05,0.75958,1,0
2.39258,0.224609,0.99964,7.17029e-05,0.75958,1,0
2.41211,0.205078,1.00031,7.05056e-05,0.75763,1,0
2.41211,0.224609,0.999639,7.19169e-05,0.75763,1,0
2.35352,0.244141,0.998478,7.14728e-05,0.763481,1,0
2.35352,0.263672,0.996476,7.04898e-05,0.763481,1,0
2.37305,0.244141,0.998479,7.17207e-05,0.76153,1,0
2.37305,0.263672,0.996478,7.07478e-05,0.76153,1,0
2.35352,0.283203,0.99306,6.8126e-05,0.76348,1,0
2.35352,0.302734,0.987322,6.4282e-05,0.76348,1,0
2.37305,0.283203,0.993063,6.83902e-05,0.76153,1,0
2.37305,0.302734,0.987327,6.45496e-05,0.76153,1,0
2.39258,0.244141,0.998479,7.19578e-05,0.75958,1,0
2.39258,0.263672,0.99648,7.09943e-05,0.75958,1,0
2.41211,0.244141,0.998479,7.21841e-05,0.75763,1,0
2.41211,0.263672,0.996481,7.12293e-05,0.75763,1,0
2.39258,0.283203,0.993066,6.86425e-05,0.75958,1,0
2.39258,0.302734,0.987331,6.48047e-05,0.75958,1,0
2.41211,0.283203,0.993069,6.88828e-05,0.75763,1,0
2.41211,0.302734,0.987336,6.50474e-05,0.75763,1,0
2.43164,0.166016,1.00096,6.49588e-05,0.75568,1,0
2.43164,0.185547,1.00071,6.83166e-05,0.75568,1,0
2.45117,0.166016,1.00096,6.51024e-05,0.75373,1,0
2.45117,0.185547,1.00071,6.8479e-05,0.75373,1,0
2.43164,0.205078,1.00031,7.06945e-05,0.75568,1,0
2.43164,0.224609,0.999638,7.21205e-05,0.75568,1,0
2.45117,0.205078,1.00031,7.08736e-05,0.75373,1,0
2.45117,0.224609,0.999638,7.23137e-05,0.75373,1,0
2.4707,0.166016,1.00095,6.52374e-05,0.751779,1,0
2.4707,0.185547,1.00071,6.86323e-05,0.751779,1,0
2.49023,0.166016,1.00095,6.53639e-05,0.749829,1,0
2.49023,0.185547,1.0007,6.87762e-05,0.749829,1,0
2.4707,0.205078,1.00031,7.10429e-05,0.751779,1,0
2.4707,0.224609,0.999637,7.24963e-05,0.751779,1,0
2.49023,0.205078,1.00031,7.12022e-05,0.749829,1,0
2.49023,0.224609,0.999636,7.26684e-05,0.749829,1,0
2.43164,0.244141,0.99848,7.23993e-05,0.75568,1,0
2.43164,0.263672,0.996483,7.14528e-05,0.75568,1,0
2.45117,0.244141,0.99848,7.26035e-05,0.75373,1,0
2.45117,0.263672,0.996485,7.16646e-05,0.75373,1,0
2.43164,0.283203,0.993072,6.9111e-05,0.75568,1,0
2.43164,0.302734,0.98734,6.52777e-05,0.75568,1,0
2.45117,0.283203,0.993076,6.93272e-05,0.75373,1,0
2.45117,0.302734,0.987345,6.54954e-05,0.75373,1,0
2.4707,0.244141,0.99848,7.27966e-05,0.751779,1,0
2.4707,0.263672,0.996486,7.18648e-05,0.751779,1,0
2.49023,0.244141,0.998481,7.29784e-05,0.749829,1,0
2.49023,0.263672,0.996488,7.20531e-05,0.749829,1,0
2.4707,0.283203,0.993079,6.95311e-05,0.751779,1,0
2.4707,0.302734,0.98735,6.57006e-05,0.751779,1,0
2.49023,0.283203,0.993082,6.97227e-05,0.749829,1,0
2.49023,0.302734,0.987354,6.5893e-05,0.749829,1,0
2.19727,0.322266,0.977832,5.62719e-05,0.779082,1,0
2.19727,0.341797,0.962648,4.94059e-05,0.779082,1,0
2.2168,0.322266,0.977838,5.66419e-05,0.777132,1,0
2.2168,0.341797,0.962655,4.97791e-05,0.777132,1,0
2.19727,0.361328,0.938854,4.14089e-05,0.779082,1,0
2.19727,0.380859,0.902515,3.29053e-05,0.779082,1,0
2.2168,0.361328,0.938862,4.17804e-05,0.777132,1,0
2.2168,0.380859,0.902523,3.32617e-05,0.777131,1,0
2.23633,0.322266,0.977844,5.69997e-05,0.775182,1,0
2.23633,0.341797,0.962662,5.01397e-05,0.775181,1,0
2.25586,0.322266,0.97785,5.7345e-05,0.773231,1,0
2.25586,0.341797,0.96267,5.04874e-05,0.773231,1,0
2.23633,0.361328,0.93887,4.21389e-05,0.775181,1,0
2.23633,0.380859,0.902532,3.3605e-05,0.775181,1,0
2.25586,0.361328,0.938879,4.24842e-05,0.773231,1,0
2.25586,0.380859,0.90254,3.3935e-05,0.773231,1,0
2.19727,0.400391,0.848449,2.45476e-05,0.779082,1,0
2.19727,0.419922,0.770099,1.69211e-05,0.779082,1,0
2.2168,0.400391,0.848457,2.48607e-05,0.777131,1,0
2.2168,0.419922,0.770106,1.71605e-05,0.777131,1,0
2.19727,0.439453,0.659488,1.01311e-05,0.779082,1,0
2.19727,0.458984,0.507291,4.62892e-06,0.779082,1,0
2.2168,0.439453,0.659494,1.02794e-05,0.777131,1,0
2.2168,0.458984,0.507296,4.70157e-06,0.777131,1,0
2.23633,0.400391,0.848465,2.51615e-05,0.775181,1,0
2.23633,0.419922,0.770113,1.73899e-05,0.775181,1,0
2.25586,0.400391,0.848473,2.54498e-05,0.773231,1,0
2.25586,0.419922,0.770121,1.76092e-05,0.773231,1,0
2.23633,0.439453,0.659501,1.0421e-05,0.775181,1,0
2.23633,0.458984,0.507301,4.7722e-06,0.775181,1,0
2.25586,0.439453,0.659507,1.05566e-05,0.773231,1,0
2.25586,0.458984,0.507306,4.84313e-06,0.773231,1,0
2.27539,0.322266,0.977856,5.76778e-05,0.771281,1,0
2.27539,0.341797,0.962677,5.08221e-05,0.771281,1,0
2.29492,0.322266,0.977863,5.79978e-05,0.769331,1,0
2.29492,0.341797,0.962685,5.11436e-05,0.769331,1,0
2.27539,0.361328,0.938887,4.2816e-05,0.771281,1,0
2.27539,0.380859,0.902549,3.42513e-05,0.771281,1,0
2.29492,0.361328,0.938895,4.31341e-05,0.769331,1,0
2.29492,0.380859,0.902557,3.45535e-05,0.769331,1,0
2.31445,0.322266,0.977869,5.83051e-05,0.767381,1,0
2.31445,0.341797,0.962692,5.14519e-05,0.767381,1,0
2.33398,0.322266,0.977875,5.85995e-05,0.765431,1,0
2.33398,0.341797,0.9627,5.17468e-05,0.76543,1,0
2.31445,0.361328,0.938903,4.34385e-05,0.767381,1,0
2.31445,0.380859,0.902566,3.48415e-05,0.767381,1,0
2.33398,0.361328,0.938912,4.37291e-05,0.76543,1,0
2.33398,0.380859,0.902575,3.51155e-05,0.76543,1,0
2.27539,0.400391,0.848482,2.57248e-05,0.771281,1,0
2.27539,0.419922,0.770128,1.78175e-05,0.771281,1,0
2.29492,0.400391,0.84849,2.59863e-05,0.769331,1,0
2.29492,0.419922,0.770136,1.80135e-05,0.769331,1,0
2.27539,0.439453,0.659513,1.06852e-05,0.771281,1,0
2.27539,0.458984,0.507311,4.91071e-06,0.771281,1,0
2.29492,0.439453,0.65952,1.08042e-05,0.769331,1,0
2.29492,0.458984,0.507316,4.9667e-06,0.769331,1,0
2.31445,0.400391,0.848498,2.6234e-05,0.767381,1,0
2.31445,0.419922,0.770143,1.81969e-05,0.767381,1,0
2.33398,0.400391,0.848506,2.64685e-05,0.76543,1,0
2.33398,0.419922,0.770151,1.83688e-05,0.76543,1,0
2.31445,0.439453,0.659526,1.09131e-05,0.767381,1,0
2.31445,0.458984,0.507321,5.01278e-06,0.767381,1,0
2.33398,0.439453,0.659533,1.10139e-05,0.76543,1,0
2.33398,0.458984,0.507326,5.05613e-06,0.76543,1,0
2.19727,0.478516,0.303023,6.6336e-07,0.779082,1,0
2.19727,0.498047,0.0353505,-7.3511e-07,0.779082,0.6,0
2.2168,0.478516,0.303025,6.82369e-07,0.777131,1,0
2.2168,0.498047,0.0353506,-7.40844e-07,0.777132,0.6,0
2.23633,0.478516,0.303028,7.01095e-07,0.775181,1,0
2.23633,0.498047,0.0353506,-7.45842e-07,0.775181,0.6,0
2.25586,0.478516,0.303031,7.19524e-07,0.773231,1,0
2.25586,0.498047,0.0353507,-7.49647e-07,0.773231,0.6,0
2.27539,0.478516,0.303033,7.3665e-07,0.771281,1,0
2.27539,0.498047,0.0353507,-7.49279e-07,0.771281,0.6,0
2.29492,0.478516,0.303036,7.51319e-07,0.769331,1,0
2.29492,0.498047,0.0353508,-7.46716e-07,0.769331,0.6,0
2.31445,0.478516,0.303039,7.64452e-07,0.767381,1,0
2.31445,0.498047,0.0353509,-7.46977e-07,0.767381,0.6,0
2.33398,0.478516,0.303042,7.77486e-07,0.765431,1,0
2.33398,0.498047,0.035351,-7.48754e-07,0.765431,0.6,0
2.35352,0.322266,0.977881,5.88811e-05,0.76348,1,0
2.35352,0.341797,0.962707,5.20284e-05,0.76348,1,0
2.37305,0.322266,0.977887,5.91499e-05,0.76153,1,0
2.37305,0.341797,0.962714,5.22969e-05,0.76153,1,0
2.35352,0.361328,0.93892,4.40061e-05,0.76348,1,0
2.35352,0.380859,0.902583,3.53759e-05,0.76348,1,0
2.37305,0.361328,0.938928,4.42696e-05,0.76153,1,0
2.37305,0.380859,0.902592,3.56226e-05,0.76153,1,0
2.39258,0.322266,0.977893,5.94058e-05,0.75958,1,0
2.39258,0.341797,0.962722,5.25522e-05,0.75958,1,0
2.41211,0.322266,0.977899,5.9649e-05,0.75763,1,0
2.41211,0.341797,0.962729,5.27944e-05,0.75763,1,0
2.39258,0.361328,0.938937,4.45197e-05,0.75958,1,0
2.39258,0.380859,0.902601,3.58561e-05,0.75958,1,0
2.41211,0.361328,0.938945,4.47564e-05,0.75763,1,0
2.41211,0.380859,0.902609,3.60763e-05,0.75763,1,0
2.35352,0.400391,0.848515,2.669e-05,0.76348,1,0
2.35352,0.419922,0.770159,1.85301e-05,0.76348,1,0
2.37305,0.400391,0.848523,2.68988e-05,0.76153,1,0
2.37305,0.419922,0.770167,1.8681e-05,0.76153,1,0
2.35352,0.439453,0.65954,1.11076e-05,0.76348,1,0
2.35352,0.458984,0.507331,5.09831e-06,0.76348,1,0
2.37305,0.439453,0.659546,1.11945e-05,0.76153,1,0
2.37305,0.458984,0.507336,5.13834e-06,0.76153,1,0
2.39258,0.400391,0.848532,2.70953e-05,0.75958,1,0
2.39258,0.419922,0.770174,1.88218e-05,0.75958,1,0
2.41211,0.400391,0.84854,2.72797e-05,0.75763,1,0
2.41211,0.419922,0.770182,1.89526e-05,0.75763,1,0
2.39258,0.439453,0.659553,1.12748e-05,0.75958,1,0
2.39258,0.458984,0.507341,5.17489e-06,0.75958,1,0
2.41211,0.439453,0.65956,1.13486e-05,0.75763,1,0
2.41211,0.458984,0.507346,5.2076e-06,0.75763,1,0
2.43164,0.322266,0.977905,5.98794e-05,0.75568,1,0
2.43164,0.341797,0.962737,5.30236e-05,0.75568,1,0
2.45117,0.322266,0.977912,6.0097e-05,0.75373,1,0
2.45117,0.341797,0.962744,5.32397e-05,0.75373,1,0
2.43164,0.361328,0.938954,4.498e-05,0.75568,1,0
2.43164,0.380859,0.902618,3.62835e-05,0.75568,1,0
2.45117,0.361328,0.938962,4.51904e-05,0.75373,1,0
2.45117,0.380859,0.902627,3.64779e-05,0.75373,1,0
2.4707,0.322266,0.977918,6.03017e-05,0.751779,1,0
2.4707,0.341797,0.962752,5.34426e-05,0.751779,1,0
2.49023,0.322266,0.977924,6.04934e-05,0.749829,1,0
2.49023,0.341797,0.962759,5.36325e-05,0.749829,1,0
2.4707,0.361328,0.93897,4.53877e-05,0.751779,1,0
2.4707,0.380859,0.902636,3.66595e-05,0.751779,1,0
2.49023,0.361328,0.938979,4.55718e-05,0.749829,1,0
2.49023,0.380859,0.902644,3.68283e-05,0.749829,1,0
2.43164,0.400391,0.848549,2.74521e-05,0.75568,1,0
2.43164,0.419922,0.77019,1.90739e-05,0.75568,1,0
2.45117,0.400391,0.848558,2.7613e-05,0.75373,1,0
2.45117,0.419922,0.770198,1.91861e-05,0.75373,1,0
2.43164,0.439453,0.659567,1.14164e-05,0.75568,1,0
2.43164,0.458984,0.507352,5.23721e-06,0.75568,1,0
2.45117,0.439453,0.659574,1.14787e-05,0.75373,1,0
2.45117,0.458984,0.507357,5.26507e-06,0.75373,1,0
2.4707,0.400391,0.848566,2.77624e-05,0.751779,1,0
2.4707,0.419922,0.770206,1.92896e-05,0.751779,1,0
2.49023,0.400391,0.848575,2.79004e-05,0.749829,1,0
2.49023,0.419922,0.770215,1.93842e-05,0.749829,1,0
2.4707,0.439453,0.659581,1.15358e-05,0.751779,1,0
2.4707,0.458984,0.507362,5.29159e-06,0.75178,1,0
2.49023,0.439453,0.659588,1.15878e-05,0.749829,1,0
2.49023,0.458984,0.507367,5.31656e-06,0.749829,1,0
2.35352,0.478516,0.303045,7.9069e-07,0.76348,1,0
2.35352,0.498047,0.0353512,-7.49381e-07,0.76348,0.6,0
2.37305,0.478516,0.303048,8.03528e-07,0.76153,1,0
2.37305,0.498047,0.0353513,-7.48938e-07,0.76153,0.6,0
2.39258,0.478516,0.303051,8.15772e-07,0.75958,1,0
2.39258,0.498047,0.0353514,-7.47834e-07,0.75958,0.6,0
2.41211,0.478516,0.303054,8.27418e-07,0.75763,1,0
2.41211,0.498047,0.0353516,-7.46571e-07,0.75763,0.6,0
2.43164,0.478516,0.303056,8.38456e-07,0.75568,1,0
2.43164,0.498047,0.0353518,-7.4594e-07,0.75568,0.6,0
2.45117,0.478516,0.303059,8.49043e-07,0.75373,1,0
2.45117,0.498047,0.0353519,-7.45895e-07,0.75373,0.6,0
2.4707,0.478516,0.303062,8.59565e-07,0.75178,1,0
2.4707,0.498047,0.0353521,-7.45695e-07,0.75178,0.6,0
2.49023,0.478516,0.303065,8.70057e-07,0.749829,1,0
2.49023,0.498047,0.0353523,-7.45062e-07,0.74983,0.6,0
2.50977,0.00976562,1.00138,1.03049e-05,0.747879,1,0
2.50977,0.0292969,1.00143,2.15157e-05,0.747879,1,0
2.5293,0.00976562,1.00138,1.02888e-05,0.745929,1,0
2.5293,0.0292969,1.00142,2.14911e-05,0.745929,1,0
2.50977,0.0488281,1.00143,2.88131e-05,0.747879,1,0
2.50977,0.0683594,1.00141,3.75566e-05,0.747879,1,0
2.5293,0.0488281,1.00143,2.87996e-05,0.745929,1,0
2.5293,0.0683594,1.0014,3.75595e-05,0.745929,1,0
2.54883,0.00976562,1.00137,1.02714e-05,0.743979,1,0
2.54883,0.0292969,1.00141,2.14638e-05,0.743978,1,0
2.56836,0.00976562,1.00136,1.02526e-05,0.742029,1,0
2.56836,0.0292969,1.0014,2.14337e-05,0.742028,1,0
2.54883,0.0488281,1.00142,2.87825e-05,0.743979,1,0
2.54883,0.0683594,1.0014,3.75576e-05,0.743979,1,0
2.56836,0.0488281,1.00141,2.87618e-05,0.742029,1,0
2.56836,0.0683594,1.00139,3.7551e-05,0.742028,1,0
2.50977,0.0878906,1.00136,4.41323e-05,0.747879,1,0
2.50977,0.107422,1.0013,5.08224e-05,0.747879,1,0
2.5293,0.0878906,1.00136,4.41587e-05,0.745929,1,0
2.5293,0.107422,1.00129,5.08714e-05,0.745929,1,0
2.50977,0.126953,1.00122,5.62791e-05,0.747879,1,0
2.50977,0.146484,1.00111,6.13582e-05,0.747879,1,0
2.5293,0.126953,1.00121,5.63502e-05,0.745929,1,0
2.5293,0.146484,1.0011,6.14491e-05,0.745929,1,0
2.54883,0.0878906,1.00135,4.41794e-05,0.743979,1,0
2.54883,0.107422,1.00129,5.09138e-05,0.743979,1,0
2.56836,0.0878906,1.00134,4.41944e-05,0.742029,1,0
2.56836,0.107422,1.00128,5.09495e-05,0.742028,1,0
2.54883,0.126953,1.00121,5.6414e-05,0.743979,1,0
2.54883,0.146484,1.0011,6.15317e-05,0.743979,1,0
2.56836,0.126953,1.0012,5.64702e-05,0.742029,1,0
2.56836,0.146484,1.00109,6.16061e-05,0.742029,1,0
2.58789,0.00976562,1.00135,1.02324e-05,0.740078,1,0
2.58789,0.0292969,1.00139,2.14008e-05,0.740078,1,0
2.60742,0.00976562,1.00134,1.02107e-05,0.738128,1,0
2.60742,0.0292969,1.00138,2.13651e-05,0.738128,1,0
2.58789,0.0488281,1.0014,2.87373e-05,0.740078,1,0
2.58789,0.0683594,1.00138,3.75394e-05,0.740078,1,0
2.60742,0.0488281,1.00139,2.87091e-05,0.738128,1,0
2.60742,0.0683594,1.00137,3.75228e-05,0.738128,1,0
2.62695,0.00976562,1.00133,1.01877e-05,0.736178,1,0
2.62695,0.0292969,1.00138,2.13265e-05,0.736178,1,0
2.64648,0.00976562,1.00132,1.01631e-05,0.734228,1,0
2.64648,0.0292969,1.00137,2.12848e-05,0.734227,1,0
2.62695,0.0488281,1.00138,2.86771e-05,0.736178,1,0
2.62695,0.0683594,1.00136,3.7501e-05,0.736178,1,0
2.64648,0.0488281,1.00138,2.86411e-05,0.734228,1,0
2.64648,0.0683594,1.00136,3.74741e-05,0.734228,1,0
2.58789,0.0878906,1.00134,4.42035e-05,0.740078,1,0
2.58789,0.107422,1.00128,5.09784e-05,0.740078,1,0
2.60742,0.0878906,1.00133,4.42066e-05,0.738128,1,0
2.60742,0.107422,1.00127,5.10004e-05,0.738128,1,0
2.58789,0.126953,1.0012,5.65187e-05,0.740078,1,0
2.58789,0.146484,1.00109,6.1672e-05,0.740078,1,0
2.60742,0.126953,1.00119,5.65596e-05,0.738128,1,0
2.60742,0.146484,1.00108,6.17293e-05,0.738128,1,0
2.62695,0.0878906,1.00132,4.42037e-05,0.736178,1,0
2.62695,0.107422,1.00126,5.10153e-05,0.736178,1,0
2.64648,0.0878906,1.00132,4.41946e-05,0.734228,1,0
2.64648,0.107422,1.00126,5.1023e-05,0.734228,1,0
2.62695,0.126953,1.00119,5.65925e-05,0.736178,1,0
2.62695,0.146484,1.00108,6.1778e-05,0.736178,1,0
2.64648,0.126953,1.00118,5.66175e-05,0.734228,1,0
2.64648,0.146484,1.00107,6.18178e-05,0.734228,1,0
2.50977,0.166016,1.00095,6.54817e-05,0.747879,1,0
2.50977,0.185547,1.0007,6.89107e-05,0.747879,1,0
2.5293,0.166016,1.00094,6.55907e-05,0.745929,1,0
2.5293,0.185547,1.0007,6.90357e-05,0.745929,1,0
2.50977,0.205078,1.00031,7.13513e-05,0.747879,1,0
2.50977,0.224609,0.999635,7.28296e-05,0.747879,1,0
2.5293,0.205078,1.0003,7.14903e-05,0.745929,1,0
2.5293,0.224609,0.999634,7.298e-05,0.745929,1,0
2.54883,0.166016,1.00094,6.56907e-05,0.743979,1,0
2.54883,0.185547,1.0007,6.9151e-05,0.743979,1,0
2.56836,0.166016,1.00093,6.57817e-05,0.742029,1,0
2.56836,0.185547,1.00069,6.92565e-05,0.742029,1,0
2.54883,0.205078,1.0003,7.16188e-05,0.743979,1,0
2.54883,0.224609,0.999633,7.31193e-05,0.743979,1,0
2.56836,0.205078,1.0003,7.17369e-05,0.742029,1,0
2.56836,0.224609,0.999632,7.32474e-05,0.742029,1,0
2.50977,0.244141,0.998481,7.31488e-05,0.747879,1,0
2.50977,0.263672,0.99649,7.22295e-05,0.747879,1,0
2.5293,0.244141,0.998481,7.33077e-05,0.745929,1,0
2.5293,0.263672,0.996491,7.23938e-05,0.745929,1,0
2.50977,0.283203,0.993085,6.99019e-05,0.747879,1,0
2.50977,0.302734,0.987359,6.60726e-05,0.747879,1,0
2.5293,0.283203,0.993088,7.00686e-05,0.745929,1,0
2.5293,0.302734,0.987363,6.62393e-05,0.745929,1,0
2.54883,0.244141,0.998482,7.34549e-05,0.743979,1,0
2.54883,0.263672,0.996493,7.25458e-05,0.743979,1,0
2.56836,0.244141,0.998482,7.35903e-05,0.742029,1,0
2.56836,0.263672,0.996494,7.26854e-05,0.742029,1,0
2.54883,0.283203,0.993091,7.02225e-05,0.743979,1,0
2.54883,0.302734,0.987368,6.63928e-05,0.743979,1,0
2.56836,0.283203,0.993094,7.03634e-05,0.742029,1,0
2.56836,0.302734,0.987373,6.6533e-05,0.742029,1,0
2.58789,0.166016,1.00093,6.58634e-05,0.740078,1,0
2.58789,0.185547,1.00069,6.93521e-05,0.740078,1,0
2.60742,0.166016,1.00093,6.59359e-05,0.738128,1,0
2.60742,0.185547,1.00069,6.94376e-05,0.738128,1,0
2.58789,0.205078,1.0003,7.18443e-05,0.740078,1,0
2.58789,0.224609,0.999631,7.33642e-05,0.740078,1,0
2.60742,0.205078,1.0003,7.19409e-05,0.738128,1,0
2.60742,0.224609,0.99963,7.34694e-05,0.738128,1,0
2.62695,0.166016,1.00092,6.59988e-05,0.736178,1,0
2.62695,0.185547,1.00068,6.95128e-05,0.736178,1,0
2.64648,0.166016,1.00092,6.60522e-05,0.734228,1,0
2.64648,0.185547,1.00068,6.95776e-05,0.734228,1,0
2.62695,0.205078,1.00029,7.20265e-05,0.736178,1,0
2.62695,0.224609,0.999629,7.35629e-05,0.736178,1,0
2.64648,0.205078,1.00029,7.21009e-05,0.734228,1,0
2.64648,0.224609,0.999628,7.36446e-05,0.734228,1,0
2.58789,0.244141,0.998482,7.37137e-05,0.740078,1,0
2.58789,0.263672,0.996496,7.28124e-05,0.740078,1,0
2.60742,0.244141,0.998482,7.38249e-05,0.738128,1,0
2.60742,0.263672,0.996498,7.29266e-05,0.738128,1,0
2.58789,0.283203,0.993097,7.04912e-05,0.740078,1,0
2.58789,0.302734,0.987377,6.66596e-05,0.740078,1,0
2.60742,0.283203,0.9931,7.06057e-05,0.738128,1,0
2.60742,0.302734,0.987382,6.67724e-05,0.738128,1,0
2.62695,0.244141,0.998483,7.39237e-05,0.736178,1,0
2.62695,0.263672,0.996499,7.30278e-05,0.736178,1,0
2.64648,0.244141,0.998483,7.40099e-05,0.734228,1,0
2.64648,0.263672,0.996501,7.31157e-05,0.734228,1,0
2.62695,0.283203,0.993103,7.07066e-05,0.736178,1,0
2.62695,0.302734,0.987387,6.68712e-05,0.736178,1,0
2.64648,0.283203,0.993106,7.07937e-05,0.734228,1,0
2.64648,0.302734,0.987391,6.69556e-05,0.734228,1,0
2.66602,0.00976562,1.00131,1.01371e-05,0.732278,1,0
2.66602,0.0292969,1.00136,2.12401e-05,0.732277,1,0
2.68555,0.00976562,1.0013,1.01095e-05,0.730327,1,0
2.68555,0.0292969,1.00135,2.11924e-05,0.730327,1,0
2.66602,0.0488281,1.00137,2.86011e-05,0.732278,1,0
2.66602,0.0683594,1.00135,3.7442e-05,0.732277,1,0
2.68555,0.0488281,1.00136,2.85571e-05,0.730327,1,0
2.68555,0.0683594,1.00134,3.74045e-05,0.730327,1,0
2.70508,0.00976562,1.00129,1.00803e-05,0.728377,1,0
2.70508,0.0292969,1.00134,2.11414e-05,0.728377,1,0
2.72461,0.00976562,1.00128,1.00495e-05,0.726427,1,0
2.72461,0.0292969,1.00133,2.10872e-05,0.726427,1,0
2.70508,0.0488281,1.00135,2.85089e-05,0.728377,1,0
2.70508,0.0683594,1.00133,3.73615e-05,0.728377,1,0
2.72461,0.0488281,1.00134,2.84566e-05,0.726427,1,0
2.72461,0.0683594,1.00133,3.73131e-05,0.726427,1,0
2.66602,0.0878906,1.00131,4.41793e-05,0.732278,1,0
2.66602,0.107422,1.00125,5.10235e-05,0.732277,1,0
2.68555,0.0878906,1.0013,4.41577e-05,0.730327,1,0
2.68555,0.107422,1.00125,5.10167e-05,0.730327,1,0
2.66602,0.126953,1.00117,5.66344e-05,0.732278,1,0
2.66602,0.146484,1.00107,6.18487e-05,0.732278,1,0
2.68555,0.126953,1.00117,5.66431e-05,0.730327,1,0
2.68555,0.146484,1.00106,6.18705e-05,0.730327,1,0
2.70508,0.0878906,1.0013,4.41297e-05,0.728377,1,0
2.70508,0.107422,1.00124,5.10024e-05,0.728377,1,0
2.72461,0.0878906,1.00129,4.40951e-05,0.726427,1,0
2.72461,0.107422,1.00123,5.09806e-05,0.726427,1,0
2.70508,0.126953,1.00116,5.66435e-05,0.728377,1,0
2.70508,0.146484,1.00106,6.18831e-05,0.728377,1,0
2.72461,0.126953,1.00116,5.66354e-05,0.726427,1,0
2.72461,0.146484,1.00105,6.18865e-05,0.726427,1,0
2.74414,0.00976562,1.00127,1.00171e-05,0.724477,1,0
2.74414,0.0292969,1.00132,2.10298e-05,0.724476,1,0
2.76367,0.00976562,1.00127,9.983e-06,0.722527,1,0
2.76367,0.0292969,1.00131,2.09691e-05,0.722526,1,0
2.74414,0.0488281,1.00133,2.84e-05,0.724477,1,0
2.74414,0.0683594,1.00132,3.72592e-05,0.724477,1,0
2.76367,0.0488281,1.00133,2.83391e-05,0.722527,1,0
2.76367,0.0683594,1.00131,3.71996e-05,0.722526,1,0
2.7832,0.00976562,1.00126,9.94728e-06,0.720576,1,0
2.7832,0.0292969,1.0013,2.0905e-05,0.720576,1,0
2.80273,0.00976562,1.00125,9.90989e-06,0.718626,1,0
2.80273,0.0292969,1.0013,2.08376e-05,0.718626,1,0
2.7832,0.0488281,1.00132,2.82739e-05,0.720576,1,0
2.7832,0.0683594,1.0013,3.71343e-05,0.720576,1,0
2.80273,0.0488281,1.00131,2.82043e-05,0.718626,1,0
2.80273,0.0683594,1.0013,3.70633e-05,0.718626,1,0
2.74414,0.0878906,1.00128,4.4054e-05,0.724477,1,0
2.74414,0.107422,1.00123,5.09512e-05,0.724477,1,0
2.76367,0.0878906,1.00127,4.40063e-05,0.722527,1,0
2.76367,0.107422,1.00122,5.09141e-05,0.722526,1,0
2.74414,0.126953,1.00115,5.66189e-05,0.724477,1,0
2.74414,0.146484,1.00105,6.18804e-05,0.724477,1,0
2.76367,0.126953,1.00115,5.65937e-05,0.722527,1,0
2.76367,0.146484,1.00104,6.18648e-05,0.722527,1,0
2.7832,0.0878906,1.00127,4.39519e-05,0.720576,1,0
2.7832,0.107422,1.00121,5.08692e-05,0.720576,1,0
2.80273,0.0878906,1.00126,4.38907e-05,0.718626,1,0
2.80273,0.107422,1.00121,5.08164e-05,0.718626,1,0
2.7832,0.126953,1.00114,5.65599e-05,0.720576,1,0
2.7832,0.146484,1.00104,6.18395e-05,0.720576,1,0
2.80273,0.126953,1.00114,5.65172e-05,0.718626,1,0
2.80273,0.146484,1.00104,6.18046e-05,0.718626,1,0
2.66602,0.166016,1.00092,6.60958e-05,0.732278,1,0
2.66602,0.185547,1.00068,6.96319e-05,0.732278,1,0
2.68555,0.166016,1.00091,6.61296e-05,0.730327,1,0
2.68555,0.185547,1.00067,6.96756e-05,0.730327,1,0
2.66602,0.205078,1.00029,7.21641e-05,0.732278,1,0
2.66602,0.224609,0.999627,7.37142e-05,0.732278,1,0
2.68555,0.205078,1.00029,7.22158e-05,0.730328,1,0
2.68555,0.224609,0.999627,7.37715e-05,0.730328,1,0
2.70508,0.166016,1.00091,6.61534e-05,0.728377,1,0
2.70508,0.185547,1.00067,6.97084e-05,0.728377,1,0
2.72461,0.166016,1.0009,6.6167e-05,0.726427,1,0
2.72461,0.185547,1.00067,6.97302e-05,0.726427,1,0
2.70508,0.205078,1.00028,7.22558e-05,0.728377,1,0
2.70508,0.224609,0.999626,7.38165e-05,0.728377,1,0
2.72461,0.205078,1.00028,7.22841e-05,0.726427,1,0
2.72461,0.224609,0.999625,7.38489e-05,0.726427,1,0
2.66602,0.244141,0.998483,7.40833e-05,0.732278,1,0
2.66602,0.263672,0.996503,7.31902e-05,0.732278,1,0
2.68555,0.244141,0.998483,7.41438e-05,0.730328,1,0
2.68555,0.263672,0.996504,7.32511e-05,0.730328,1,0
2.66602,0.283203,0.993109,7.08667e-05,0.732278,1,0
2.66602,0.302734,0.987396,6.70255e-05,0.732278,1,0
2.68555,0.283203,0.993112,7.09255e-05,0.730328,1,0
2.68555,0.302734,0.9874,6.70806e-05,0.730328,1,0
2.70508,0.244141,0.998484,7.41912e-05,0.728377,1,0
2.70508,0.263672,0.996506,7.32981e-05,0.728377,1,0
2.72461,0.244141,0.998484,7.42251e-05,0.726427,1,0
2.72461,0.263672,0.996507,7.3331e-05,0.726427,1,0
2.70508,0.283203,0.993116,7.09698e-05,0.728378,1,0
2.70508,0.302734,0.987405,6.71207e-05,0.728378,1,0
2.72461,0.283203,0.993119,7.09993e-05,0.726427,1,0
2.72461,0.302734,0.98741,6.71455e-05,0.726427,1,0
2.74414,0.166016,1.0009,6.61703e-05,0.724477,1,0
2.74414,0.185547,1.00067,6.97409e-05,0.724477,1,0
2.76367,0.166016,1.0009,6.61633e-05,0.722527,1,0
2.76367,0.185547,1.00066,6.97404e-05,0.722527,1,0
2.74414,0.205078,1.00028,7.23004e-05,0.724477,1,0
2.74414,0.224609,0.999624,7.38685e-05,0.724477,1,0
2.76367,0.205078,1.00028,7.23047e-05,0.722527,1,0
2.76367,0.224609,0.999623,7.38752e-05,0.722527,1,0
2.7832,0.166016,1.00089,6.61458e-05,0.720576,1,0
2.7832,0.185547,1.00066,6.97285e-05,0.720577,1,0
2.80273,0.166016,1.00089,6.61177e-05,0.718626,1,0
2.80273,0.185547,1.00066,6.97051e-05,0.718626,1,0
2.7832,0.205078,1.00028,7.22968e-05,0.720577,1,0
2.7832,0.224609,0.999622,7.38689e-05,0.720577,1,0
2.80273,0.205078,1.00027,7.22765e-05,0.718626,1,0
2.80273,0.224609,0.999621,7.38495e-05,0.718626,1,0
2.74414,0.244141,0.998484,7.42456e-05,0.724477,1,0
2.74414,0.263672,0.996509,7.33497e-05,0.724477,1,0
2.76367,0.244141,0.998484,7.42524e-05,0.722527,1,0
2.76367,0.263672,0.996511,7.33539e-05,0.722527,1,0
2.74414,0.283203,0.993122,7.1014e-05,0.724477,1,0
2.74414,0.302734,0.987414,6.71548e-05,0.724477,1,0
2.76367,0.283203,0.993125,7.10135e-05,0.722527,1,0
2.76367,0.302734,0.987419,6.71483e-05,0.722527,1,0
2.7832,0.244141,0.998485,7.42454e-05,0.720577,1,0
2.7832,0.263672,0.996512,7.33436e-05,0.720577,1,0
2.80273,0.244141,0.998485,7.42243e-05,0.718627,1,0
2.80273,0.263672,0.996514,7.33185e-05,0.718627,1,0
2.7832,0.283203,0.993128,7.09978e-05,0.720577,1,0
2.7832,0.302734,0.987424,6.7126e-05,0.720577,1,0
2.80273,0.283203,0.993131,7.09666e-05,0.718627,1,0
2.80273,0.302734,0.987428,6.70876e-05,0.718627,1,0
2.50977,0.322266,0.97793,6.0672e-05,0.747879,1,0
2.50977,0.341797,0.962767,5.3809e-05,0.747879,1,0
2.5293,0.322266,0.977936,6.08374e-05,0.745929,1,0
2.5293,0.341797,0.962774,5.39721e-05,0.745929,1,0
2.50977,0.361328,0.938987,4.57427e-05,0.747879,1,0
2.50977,0.380859,0.902653,3.69844e-05,0.747879,1,0
2.5293,0.361328,0.938996,4.59001e-05,0.745929,1,0
2.5293,0.380859,0.902662,3.71274e-05,0.745929,1,0
2.54883,0.322266,0.977942,6.09893e-05,0.743979,1,0
2.54883,0.341797,0.962781,5.41215e-05,0.743979,1,0
2.56836,0.322266,0.977948,6.11275e-05,0.742029,1,0
2.56836,0.341797,0.962789,5.42571e-05,0.742029,1,0
2.54883,0.361328,0.939004,4.60438e-05,0.743979,1,0
2.54883,0.380859,0.902671,3.72573e-05,0.743979,1,0
2.56836,0.361328,0.939012,4.61737e-05,0.742029,1,0
2.56836,0.380859,0.90268,3.73737e-05,0.742029,1,0
2.50977,0.400391,0.848584,2.8027e-05,0.747879,1,0
2.50977,0.419922,0.770223,1.94701e-05,0.747879,1,0
2.5293,0.400391,0.848593,2.81419e-05,0.745929,1,0
2.5293,0.419922,0.770231,1.9547e-05,0.745929,1,0
2.50977,0.439453,0.659595,1.16344e-05,0.747879,1,0
2.50977,0.458984,0.507373,5.33943e-06,0.747879,1,0
2.5293,0.439453,0.659602,1.16755e-05,0.745929,1,0
2.5293,0.458984,0.507378,5.3599e-06,0.745929,1,0
2.54883,0.400391,0.848601,2.82451e-05,0.743979,1,0
2.54883,0.419922,0.770239,1.96147e-05,0.743979,1,0
2.56836,0.400391,0.84861,2.83363e-05,0.742029,1,0
2.56836,0.419922,0.770247,1.96729e-05,0.742029,1,0
2.54883,0.439453,0.659609,1.17107e-05,0.743979,1,0
2.54883,0.458984,0.507384,5.37765e-06,0.743979,1,0
2.56836,0.439453,0.659617,1.17398e-05,0.742029,1,0
2.56836,0.458984,0.507389,5.39258e-06,0.742029,1,0
2.58789,0.322266,0.977955,6.12519e-05,0.740079,1,0
2.58789,0.341797,0.962796,5.43786e-05,0.740079,1,0
2.60742,0.322266,0.977961,6.13621e-05,0.738128,1,0
2.60742,0.341797,0.962804,5.44857e-05,0.738128,1,0
2.58789,0.361328,0.939021,4.62895e-05,0.740079,1,0
2.58789,0.380859,0.902689,3.74766e-05,0.740079,1,0
2.60742,0.361328,0.939029,4.63908e-05,0.738128,1,0
2.60742,0.380859,0.902698,3.75655e-05,0.738128,1,0
2.62695,0.322266,0.977967,6.14579e-05,0.736178,1,0
2.62695,0.341797,0.962811,5.45781e-05,0.736178,1,0
2.64648,0.322266,0.977973,6.1539e-05,0.734228,1,0
2.64648,0.341797,0.962819,5.46556e-05,0.734228,1,0
2.62695,0.361328,0.939038,4.64775e-05,0.736178,1,0
2.62695,0.380859,0.902707,3.76402e-05,0.736178,1,0
2.64648,0.361328,0.939046,4.65492e-05,0.734228,1,0
2.64648,0.380859,0.902716,3.77004e-05,0.734228,1,0
2.58789,0.400391,0.848619,2.84152e-05,0.740079,1,0
2.58789,0.419922,0.770256,1.97215e-05,0.740079,1,0
2.60742,0.400391,0.848628,2.84816e-05,0.738129,1,0
2.60742,0.419922,0.770264,1.976e-05,0.738129,1,0
2.58789,0.439453,0.659624,1.17625e-05,0.740079,1,0
2.58789,0.458984,0.507394,5.40446e-06,0.740079,1,0
2.60742,0.439453,0.659631,1.17787e-05,0.738129,1,0
2.60742,0.458984,0.5074,5.41322e-06,0.738129,1,0
2.62695,0.400391,0.848637,2.85353e-05,0.736178,1,0
2.62695,0.419922,0.770272,1.97884e-05,0.736178,1,0
2.64648,0.400391,0.848646,2.85759e-05,0.734228,1,0
2.64648,0.419922,0.770281,1.98064e-05,0.734228,1,0
2.62695,0.439453,0.659638,1.17882e-05,0.736179,1,0
2.62695,0.458984,0.507405,5.41865e-06,0.736179,1,0
2.64648,0.439453,0.659645,1.17906e-05,0.734228,1,0
2.64648,0.458984,0.50741,5.42066e-06,0.734228,1,0
2.50977,0.478516,0.303068,8.80464e-07,0.747879,1,0
2.50977,0.498047,0.0353525,-7.43897e-07,0.747879,0.6,0
2.5293,0.478516,0.303071,8.90674e-07,0.745929,1,0
2.5293,0.498047,0.0353528,-7.4219e-07,0.745929,0.6,0
2.54883,0.478516,0.303074,9.00655e-07,0.743979,1,0
2.54883,0.498047,0.035353,-7.39899e-07,0.743979,0.6,0
2.56836,0.478516,0.303077,9.10322e-07,0.742029,1,0
2.56836,0.498047,0.0353532,-7.37029e-07,0.742029,0.6,0
2.58789,0.478516,0.30308,9.19649e-07,0.740079,1,0
2.58789,0.498047,0.0353535,-7.33539e-07,0.740079,0.6,0
2.60742,0.478516,0.303083,9.28554e-07,0.738129,1,0
2.60742,0.498047,0.0353537,-7.29435e-07,0.738129,0.6,0
2.62695,0.478516,0.303086,9.37006e-07,0.736179,1,0
2.62695,0.498047,0.035354,-7.24684e-07,0.736179,0.6,0
2.64648,0.478516,0.30309,9.44922e-07,0.734229,1,0
2.64648,0.498047,0.0353543,-7.19298e-07,0.734229,0.6,0
2.66602,0.322266,0.977979,6.16052e-05,0.732278,1,0
2.66602,0.341797,0.962826,5.47178e-05,0.732278,1,0
2.68555,0.322266,0.977985,6.16561e-05,0.730328,1,0
2.68555,0.341797,0.962834,5.47645e-05,0.730328,1,0
2.66602,0.361328,0.939055,4.66056e-05,0.732278,1,0
2.66602,0.380859,0.902725,3.77458e-05,0.732278,1,0
2.68555,0.361328,0.939063,4.66465e-05,0.730328,1,0
2.68555,0.380859,0.902734,3.77762e-05,0.730328,1,0
2.70508,0.322266,0.977991,6.16915e-05,0.728378,1,0
2.70508,0.341797,0.962841,5.47954e-05,0.728378,1,0
2.72461,0.322266,0.977998,6.17112e-05,0.726427,1,0
2.72461,0.341797,0.962849,5.48102e-05,0.726428,1,0
2.70508,0.361328,0.939072,4.66715e-05,0.728378,1,0
2.70508,0.380859,0.902743,3.77913e-05,0.728378,1,0
2.72461,0.361328,0.93908,4.66804e-05,0.726428,1,0
2.72461,0.380859,0.902752,3.77909e-05,0.726428,1,0
2.66602,0.400391,0.848655,2.86032e-05,0.732278,1,0
2.66602,0.419922,0.770289,1.98136e-05,0.732278,1,0
2.68555,0.400391,0.848664,2.86169e-05,0.730328,1,0
2.68555,0.419922,0.770298,1.98099e-05,0.730328,1,0
2.66602,0.439453,0.659652,1.17859e-05,0.732278,1,0
2.66602,0.458984,0.507416,5.41906e-06,0.732278,1,0
2.68555,0.439453,0.65966,1.17737e-05,0.730328,1,0
2.68555,0.458984,0.507421,5.41378e-06,0.730328,1,0
2.70508,0.400391,0.848673,2.86168e-05,0.728378,1,0
2.70508,0.419922,0.770306,1.9795e-05,0.728378,1,0
2.72461,0.400391,0.848682,2.86027e-05,0.726428,1,0
2.72461,0.419922,0.770314,1.97687e-05,0.726428,1,0
2.70508,0.439453,0.659667,1.17539e-05,0.728378,1,0
2.70508,0.458984,0.507427,5.40462e-06,0.728378,1,0
2.72461,0.439453,0.659674,1.17265e-05,0.726428,1,0
2.72461,0.458984,0.507432,5.39156e-06,0.726428,1,0
2.74414,0.322266,0.978004,6.17149e-05,0.724477,1,0
2.74414,0.341797,0.962856,5.48088e-05,0.724477,1,0
2.76367,0.322266,0.97801,6.17024e-05,0.722527,1,0
2.76367,0.341797,0.962864,5.47907e-05,0.722527,1,0
2.74414,0.361328,0.939089,4.6673e-05,0.724478,1,0
2.74414,0.380859,0.902761,3.77746e-05,0.724478,1,0
2.76367,0.361328,0.939097,4.6649e-05,0.722527,1,0
2.76367,0.380859,0.90277,3.77423e-05,0.722527,1,0
2.7832,0.322266,0.978016,6.16735e-05,0.720577,1,0
2.7832,0.341797,0.962871,5.4756e-05,0.720577,1,0
2.80273,0.322266,0.978022,6.1628e-05,0.718627,1,0
2.80273,0.341797,0.962879,5.47043e-05,0.718627,1,0
2.7832,0.361328,0.939106,4.66082e-05,0.720577,1,0
2.7832,0.380859,0.902779,3.76937e-05,0.720577,1,0
2.80273,0.361328,0.939114,4.65504e-05,0.718627,1,0
2.80273,0.380859,0.902788,3.76289e-05,0.718627,1,0
2.74414,0.400391,0.848691,2.85743e-05,0.724478,1,0
2.74414,0.419922,0.770323,1.97309e-05,0.724478,1,0
2.76367,0.400391,0.8487,2.85314e-05,0.722528,1,0
2.76367,0.419922,0.770331,1.96813e-05,0.722528,1,0
2.74414,0.439453,0.659681,1.16911e-05,0.724478,1,0
2.74414,0.458984,0.507437,5.37441e-06,0.724478,1,0
2.76367,0.439453,0.659689,1.16477e-05,0.722528,1,0
2.76367,0.458984,0.507443,5.35316e-06,0.722528,1,0
2.7832,0.400391,0.848709,2.84739e-05,0.720577,1,0
2.7832,0.419922,0.77034,1.96199e-05,0.720577,1,0
2.80273,0.400391,0.848718,2.84017e-05,0.718627,1,0
2.80273,0.419922,0.770348,1.95466e-05,0.718627,1,0
2.7832,0.439453,0.659696,1.15963e-05,0.720578,1,0
2.7832,0.458984,0.507448,5.3277e-06,0.720578,1,0
2.80273,0.439453,0.659703,1.15367e-05,0.718627,1,0
2.80273,0.458984,0.507453,5.29802e-06,0.718628,1,0
2.66602,0.478516,0.303093,9.52271e-07,0.732278,1,0
2.66602,0.498047,0.0353546,-7.13252e-07,0.732279,0.6,0
2.68555,0.478516,0.303096,9.58971e-07,0.730328,1,0
2.68555,0.498047,0.0353549,-7.06565e-07,0.730328,0.6,0
2.70508,0.478516,0.303099,9.64991e-07,0.728378,1,0
2.70508,0.498047,0.0353552,-6.99221e-07,0.728378,0.6,0
2.72461,0.478516,0.303102,9.70252e-07,0.726428,1,0
2.72461,0.498047,0.0353555,-6.91248e-07,0.726428,0.6,0
2.74414,0.478516,0.303105,9.74726e-07,0.724478,1,0
2.74414,0.498047,0.0353559,-6.82637e-07,0.724478,0.6,0
2.76367,0.478516,0.303108,9.78342e-07,0.722528,1,0
2.76367,0.498047,0.0353562,-6.73426e-07,0.722528,0.6,0
2.7832,0.478516,0.30311,9.81077e-07,0.720578,1,0
2.7832,0.498047,0.0353566,-6.63615e-07,0.720578,0.6,0
2.80273,0.478516,0.303113,9.82871e-07,0.718628,1,0
2.80273,0.498047,0.035357,-6.5325e-07,0.718628,0.6,0
2.82227,0.00976562,1.00124,9.87083e-06,0.716676,1,0
2.82227,0.0292969,1.00129,2.07669e-05,0.716676,1,0
2.8418,0.00976562,1.00123,9.8301e-06,0.714726,1,0
2.8418,0.0292969,1.00128,2.06927e-05,0.714725,1,0
2.82227,0.0488281,1.0013,2.81303e-05,0.716676,1,0
2.82227,0.0683594,1.00129,3.69865e-05,0.716676,1,0
2.8418,0.0488281,1.00129,2.80518e-05,0.714726,1,0
2.8418,0.0683594,1.00128,3.69038e-05,0.714725,1,0
2.86133,0.00976562,1.00122,9.78768e-06,0.712775,1,0
2.86133,0.0292969,1.00127,2.06151e-05,0.712775,1,0
2.88086,0.00976562,1.00121,9.74357e-06,0.710825,1,0
2.88086,0.0292969,1.00126,2.05341e-05,0.710825,1,0
2.86133,0.0488281,1.00128,2.79688e-05,0.712775,1,0
2.86133,0.0683594,1.00127,3.68153e-05,0.712775,1,0
2.88086,0.0488281,1.00128,2.78813e-05,0.710825,1,0
2.88086,0.0683594,1.00127,3.67209e-05,0.710825,1,0
2.82227,0.0878906,1.00125,4.38226e-05,0.716676,1,0
2.82227,0.107422,1.0012,5.07557e-05,0.716676,1,0
2.8418,0.0878906,1.00125,4.37476e-05,0.714726,1,0
2.8418,0.107422,1.0012,5.06869e-05,0.714726,1,0
2.82227,0.126953,1.00113,5.64657e-05,0.716676,1,0
2.82227,0.146484,1.00103,6.17598e-05,0.716676,1,0
2.8418,0.126953,1.00112,5.64052e-05,0.714726,1,0
2.8418,0.146484,1.00103,6.17051e-05,0.714726,1,0
2.86133,0.0878906,1.00124,4.36657e-05,0.712775,1,0
2.86133,0.107422,1.00119,5.06101e-05,0.712775,1,0
2.88086,0.0878906,1.00123,4.35769e-05,0.710825,1,0
2.88086,0.107422,1.00118,5.05252e-05,0.710825,1,0
2.86133,0.126953,1.00112,5.63357e-05,0.712776,1,0
2.86133,0.146484,1.00102,6.16405e-05,0.712776,1,0
2.88086,0.126953,1.00111,5.62571e-05,0.710825,1,0
2.88086,0.146484,1.00102,6.15658e-05,0.710825,1,0
2.90039,0.00976562,1.0012,9.69778e-06,0.708875,1,0
2.90039,0.0292969,1.00125,2.04496e-05,0.708875,1,0
2.91992,0.00976562,1.00119,9.6503e-06,0.706925,1,0
2.91992,0.0292969,1.00124,2.03617e-05,0.706924,1,0
2.90039,0.0488281,1.00127,2.77893e-05,0.708875,1,0
2.90039,0.0683594,1.00126,3.66205e-05,0.708875,1,0
2.91992,0.0488281,1.00126,2.76927e-05,0.706925,1,0
2.91992,0.0683594,1.00125,3.65141e-05,0.706925,1,0
2.93945,0.00976562,1.00119,9.60115e-06,0.704974,1,0
2.93945,0.0292969,1.00123,2.02704e-05,0.704974,1,0
2.95898,0.00976562,1.00118,9.55034e-06,0.703024,1,0
2.95898,0.0292969,1.00123,2.01757e-05,0.703024,1,0
2.93945,0.0488281,1.00125,2.75915e-05,0.704974,1,0
2.93945,0.0683594,1.00124,3.64018e-05,0.704974,1,0
2.95898,0.0488281,1.00124,2.74858e-05,0.703024,1,0
2.95898,0.0683594,1.00123,3.62835e-05,0.703024,1,0
2.90039,0.0878906,1.00123,4.34809e-05,0.708875,1,0
2.90039,0.107422,1.00118,5.04322e-05,0.708875,1,0
2.91992,0.0878906,1.00122,4.3378e-05,0.706925,1,0
2.91992,0.107422,1.00117,5.0331e-05,0.706925,1,0
2.90039,0.126953,1.00111,5.61695e-05,0.708875,1,0
2.90039,0.146484,1.00101,6.14811e-05,0.708875,1,0
2.91992,0.126953,1.0011,5.60728e-05,0.706925,1,0
2.91992,0.146484,1.00101,6.13863e-05,0.706925,1,0
2.93945,0.0878906,1.00121,4.3268e-05,0.704974,1,0
2.93945,0.107422,1.00116,5.02216e-05,0.704974,1,0
2.95898,0.0878906,1.00121,4.3151e-05,0.703024,1,0
2.95898,0.107422,1.00116,5.0104e-05,0.703024,1,0
2.93945,0.126953,1.0011,5.59669e-05,0.704975,1,0
2.93945,0.146484,1.001,6.12815e-05,0.704975,1,0
2.95898,0.126953,1.00109,5.58519e-05,0.703024,1,0
2.95898,0.146484,1.001,6.11666e-05,0.703024,1,0
2.82227,0.166016,1.00088,6.60789e-05,0.716676,1,0
2.82227,0.185547,1.00065,6.96702e-05,0.716676,1,0
2.8418,0.166016,1.00088,6.60293e-05,0.714726,1,0
2.8418,0.185547,1.00065,6.96236e-05,0.714726,1,0
2.82227,0.205078,1.00027,7.22439e-05,0.716676,1,0
2.82227,0.224609,0.99962,7.38167e-05,0.716676,1,0
2.8418,0.205078,1.00027,7.21987e-05,0.714726,1,0
2.8418,0.224609,0.999619,7.37706e-05,0.714726,1,0
2.86133,0.166016,1.00088,6.59689e-05,0.712776,1,0
2.86133,0.185547,1.00065,6.95652e-05,0.712776,1,0
2.88086,0.166016,1.00087,6.58976e-05,0.710825,1,0
2.88086,0.185547,1.00064,6.94951e-05,0.710825,1,0
2.86133,0.205078,1.00027,7.21408e-05,0.712776,1,0
2.86133,0.224609,0.999618,7.3711e-05,0.712776,1,0
2.88086,0.205078,1.00027,7.20704e-05,0.710826,1,0
2.88086,0.224609,0.999617,7.3638e-05,0.710826,1,0
2.82227,0.244141,0.998485,7.41892e-05,0.716676,1,0
2.82227,0.263672,0.996515,7.32785e-05,0.716676,1,0
2.8418,0.244141,0.998486,7.41399e-05,0.714726,1,0
2.8418,0.263672,0.996517,7.32236e-05,0.714726,1,0
2.82227,0.283203,0.993134,7.09199e-05,0.716677,1,0
2.82227,0.302734,0.987433,6.7033e-05,0.716677,1,0
2.8418,0.283203,0.993137,7.08574e-05,0.714726,1,0
2.8418,0.302734,0.987438,6.69621e-05,0.714726,1,0
2.86133,0.244141,0.998486,7.40764e-05,0.712776,1,0
2.86133,0.263672,0.996519,7.31537e-05,0.712776,1,0
2.88086,0.244141,0.998486,7.39985e-05,0.710826,1,0
2.88086,0.263672,0.99652,7.30686e-05,0.710826,1,0
2.86133,0.283203,0.99314,7.07792e-05,0.712776,1,0
2.86133,0.302734,0.987442,6.68748e-05,0.712776,1,0
2.88086,0.283203,0.993144,7.06852e-05,0.710826,1,0
2.88086,0.302734,0.987447,6.6771e-05,0.710826,1,0
2.90039,0.166016,1.00087,6.58153e-05,0.708875,1,0
2.90039,0.185547,1.00064,6.94131e-05,0.708875,1,0
2.91992,0.166016,1.00086,6.57221e-05,0.706925,1,0
2.91992,0.185547,1.00064,6.93193e-05,0.706925,1,0
2.90039,0.205078,1.00026,7.19872e-05,0.708875,1,0
2.90039,0.224609,0.999616,7.35514e-05,0.708875,1,0
2.91992,0.205078,1.00026,7.18914e-05,0.706925,1,0
2.91992,0.224609,0.999615,7.34512e-05,0.706925,1,0
2.93945,0.166016,1.00086,6.56179e-05,0.704975,1,0
2.93945,0.185547,1.00064,6.92137e-05,0.704975,1,0
2.95898,0.166016,1.00086,6.55027e-05,0.703024,1,0
2.95898,0.185547,1.00063,6.90962e-05,0.703025,1,0
2.93945,0.205078,1.00026,7.17828e-05,0.704975,1,0
2.93945,0.224609,0.999614,7.33375e-05,0.704975,1,0
2.95898,0.205078,1.00026,7.16616e-05,0.703025,1,0
2.95898,0.224609,0.999613,7.32102e-05,0.703025,1,0
2.90039,0.244141,0.998486,7.39062e-05,0.708876,1,0
2.90039,0.263672,0.996522,7.29684e-05,0.708876,1,0
2.91992,0.244141,0.998487,7.37996e-05,0.706925,1,0
2.91992,0.263672,0.996524,7.2853e-05,0.706925,1,0
2.90039,0.283203,0.993147,7.05753e-05,0.708876,1,0
2.90039,0.302734,0.987452,6.66508e-05,0.708876,1,0
2.91992,0.283203,0.99315,7.04495e-05,0.706926,1,0
2.91992,0.302734,0.987457,6.6514e-05,0.706926,1,0
2.93945,0.244141,0.998487,7.36786e-05,0.704975,1,0
2.93945,0.263672,0.996525,7.27225e-05,0.704975,1,0
2.95898,0.244141,0.998487,7.35433e-05,0.703025,1,0
2.95898,0.263672,0.996527,7.2577e-05,0.703025,1,0
2.93945,0.283203,0.993153,7.0308e-05,0.704975,1,0
2.93945,0.302734,0.987461,6.63608e-05,0.704975,1,0
2.95898,0.283203,0.993156,7.01507e-05,0.703025,1,0
2.95898,0.302734,0.987466,6.61913e-05,0.703025,1,0
2.97852,0.00976562,1.00117,9.49789e-06,0.701074,1,0
2.97852,0.0292969,1.00122,2.00775e-05,0.701074,1,0
2.99805,0.00976562,1.00116,9.44381e-06,0.699124,1,0
2.99805,0.0292969,1.00121,1.9976e-05,0.699123,1,0
2.97852,0.0488281,1.00123,2.73756e-05,0.701074,1,0
2.97852,0.0683594,1.00123,3.61593e-05,0.701074,1,0
2.99805,0.0488281,1.00123,2.72608e-05,0.699124,1,0
2.99805,0.0683594,1.00122,3.60291e-05,0.699124,1,0
3.01758,0.00976562,1.00115,9.38812e-06,0.697173,1,0
3.01758,0.0292969,1.0012,1.98712e-05,0.697173,1,0
3.03711,0.00976562,1.00114,9.33086e-06,0.695223,1,0
3.03711,0.0292969,1.00119,1.9763e-05,0.695223,1,0
3.01758,0.0488281,1.00122,2.71415e-05,0.697173,1,0
3.01758,0.0683594,1.00121,3.5893e-05,0.697173,1,0
3.03711,0.0488281,1.00121,2.70177e-05,0.695223,1,0
3.03711,0.0683594,1.0012,3.5751e-05,0.695223,1,0
2.97852,0.0878906,1.0012,4.30269e-05,0.701074,1,0
2.97852,0.107422,1.00115,4.99782e-05,0.701074,1,0
2.99805,0.0878906,1.00119,4.28957e-05,0.699124,1,0
2.99805,0.107422,1.00115,4.98444e-05,0.699124,1,0
2.97852,0.126953,1.00109,5.57277e-05,0.701074,1,0
2.97852,0.146484,1.00099,6.10416e-05,0.701074,1,0
2.99805,0.126953,1.00108,5.55945e-05,0.699124,1,0
2.99805,0.146484,1.00099,6.09066e-05,0.699124,1,0
3.01758,0.0878906,1.00118,4.27576e-05,0.697173,1,0
3.01758,0.107422,1.00114,4.97024e-05,0.697173,1,0
3.03711,0.0878906,1.00118,4.26125e-05,0.695223,1,0
3.03711,0.107422,1.00113,4.95523e-05,0.695223,1,0
3.01758,0.126953,1.00107,5.54523e-05,0.697174,1,0
3.01758,0.146484,1.00098,6.07616e-05,0.697174,1,0
3.03711,0.126953,1.00107,5.5301e-05,0.695223,1,0
3.03711,0.146484,1.00098,6.06066e-05,0.695223,1,0
3.05664,0.00976562,1.00113,9.27204e-06,0.693273,1,0
3.05664,0.0292969,1.00118,1.96516e-05,0.693272,1,0
3.07617,0.00976562,1.00113,9.21167e-06,0.691323,1,0
3.07617,0.0292969,1.00117,1.95369e-05,0.691322,1,0
3.05664,0.0488281,1.0012,2.68895e-05,0.693273,1,0
3.05664,0.0683594,1.0012,3.56031e-05,0.693273,1,0
3.07617,0.0488281,1.00119,2.67568e-05,0.691322,1,0
3.07617,0.0683594,1.00119,3.54495e-05,0.691322,1,0
3.0957,0.00976562,1.00112,9.14979e-06,0.689372,1,0
3.0957,0.0292969,1.00117,1.9419e-05,0.689372,1,0
3.11523,0.00976562,1.00111,9.08641e-06,0.687422,1,0
3.11523,0.0292969,1.00116,1.92979e-05,0.687422,1,0
3.0957,0.0488281,1.00119,2.66198e-05,0.689372,1,0
3.0957,0.0683594,1.00118,3.529e-05,0.689372,1,0
3.11523,0.0488281,1.00118,2.64784e-05,0.687422,1,0
3.11523,0.0683594,1.00117,3.51248e-05,0.687422,1,0
3.05664,0.0878906,1.00117,4.24605e-05,0.693273,1,0
3.05664,0.107422,1.00113,4.93941e-05,0.693273,1,0
3.07617,0.0878906,1.00116,4.23016e-05,0.691323,1,0
3.07617,0.107422,1.00112,4.9228e-05,0.691323,1,0
3.05664,0.126953,1.00106,5.51407e-05,0.693273,1,0
3.05664,0.146484,1.00097,6.04418e-05,0.693273,1,0
3.07617,0.126953,1.00106,5.49716e-05,0.691323,1,0
3.07617,0.146484,1.00097,6.02672e-05,0.691323,1,0
3.0957,0.0878906,1.00116,4.21358e-05,0.689372,1,0
3.0957,0.107422,1.00111,4.90539e-05,0.689372,1,0
3.11523,0.0878906,1.00115,4.19632e-05,0.687422,1,0
3.11523,0.107422,1.00111,4.8872e-05,0.687422,1,0
3.0957,0.126953,1.00105,5.47936e-05,0.689372,1,0
3.0957,0.146484,1.00096,6.00829e-05,0.689372,1,0
3.11523,0.126953,1.00105,5.46068e-05,0.687422,1,0
3.11523,0.146484,1.00096,5.98889e-05,0.687422,1,0
2.97852,0.166016,1.00085,6.53767e-05,0.701074,1,0
2.97852,0.185547,1.00063,6.89669e-05,0.701074,1,0
2.99805,0.166016,1.00085,6.52397e-05,0.699124,1,0
2.99805,0.185547,1.00063,6.88258e-05,0.699124,1,0
2.97852,0.205078,1.00026,7.15277e-05,0.701074,1,0
2.97852,0.224609,0.999612,7.30695e-05,0.701075,1,0
2.99805,0.205078,1.00025,7.13812e-05,0.699124,1,0
2.99805,0.224609,0.999611,7.29155e-05,0.699124,1,0
3.01758,0.166016,1.00084,6.50919e-05,0.697174,1,0
3.01758,0.185547,1.00062,6.86731e-05,0.697174,1,0
3.03711,0.166016,1.00084,6.49333e-05,0.695223,1,0
3.03711,0.185547,1.00062,6.85088e-05,0.695224,1,0
3.01758,0.205078,1.00025,7.12223e-05,0.697174,1,0
3.01758,0.224609,0.99961,7.27481e-05,0.697174,1,0
3.03711,0.205078,1.00025,7.10509e-05,0.695224,1,0
3.03711,0.224609,0.999609,7.25676e-05,0.695224,1,0
2.97852,0.244141,0.998488,7.33938e-05,0.701075,1,0
2.97852,0.263672,0.996529,7.24164e-05,0.701075,1,0
2.99805,0.244141,0.998488,7.32301e-05,0.699124,1,0
2.99805,0.263672,0.996531,7.2241e-05,0.699125,1,0
2.97852,0.283203,0.993159,6.99777e-05,0.701075,1,0
2.97852,0.302734,0.987471,6.60055e-05,0.701075,1,0
2.99805,0.283203,0.993163,6.97892e-05,0.699125,1,0
2.99805,0.302734,0.987476,6.58036e-05,0.699125,1,0
3.01758,0.244141,0.998488,7.30523e-05,0.697174,1,0
3.01758,0.263672,0.996532,7.20508e-05,0.697174,1,0
3.03711,0.244141,0.998489,7.28607e-05,0.695224,1,0
3.03711,0.263672,0.996534,7.18461e-05,0.695224,1,0
3.01758,0.283203,0.993166,6.95853e-05,0.697174,1,0
3.01758,0.302734,0.98748,6.55859e-05,0.697175,1,0
3.03711,0.283203,0.993169,6.93662e-05,0.695224,1,0
3.03711,0.302734,0.987485,6.53524e-05,0.695224,1,0
3.05664,0.166016,1.00084,6.4764e-05,0.693273,1,0
3.05664,0.185547,1.00062,6.83329e-05,0.693273,1,0
3.07617,0.166016,1.00083,6.45841e-05,0.691323,1,0
3.07617,0.185547,1.00061,6.81456e-05,0.691323,1,0
3.05664,0.205078,1.00025,7.08672e-05,0.693273,1,0
3.05664,0.224609,0.999608,7.2374e-05,0.693273,1,0
3.07617,0.205078,1.00025,7.06714e-05,0.691323,1,0
3.07617,0.224609,0.999608,7.21675e-05,0.691323,1,0
3.0957,0.166016,1.00083,6.43937e-05,0.689373,1,0
3.0957,0.185547,1.00061,6.7947e-05,0.689373,1,0
3.11523,0.166016,1.00082,6.41929e-05,0.687422,1,0
3.11523,0.185547,1.00061,6.77372e-05,0.687422,1,0
3.0957,0.205078,1.00024,7.04635e-05,0.689373,1,0
3.0957,0.224609,0.999607,7.19482e-05,0.689373,1,0
3.11523,0.205078,1.00024,7.02438e-05,0.687422,1,0
3.11523,0.224609,0.999606,7.17164e-05,0.687423,1,0
3.05664,0.244141,0.998489,7.26553e-05,0.693274,1,0
3.05664,0.263672,0.996536,7.16269e-05,0.693274,1,0
3.07617,0.244141,0.998489,7.24363e-05,0.691323,1,0
3.07617,0.263672,0.996538,7.13936e-05,0.691323,1,0
3.05664,0.283203,0.993172,6.91322e-05,0.693274,1,0
3.05664,0.302734,0.98749,6.51036e-05,0.693274,1,0
3.07617,0.283203,0.993176,6.88835e-05,0.691324,1,0
3.07617,0.302734,0.987495,6.48396e-05,0.691324,1,0
3.0957,0.244141,0.99849,7.2204e-05,0.689373,1,0
3.0957,0.263672,0.996539,7.11463e-05,0.689373,1,0
3.11523,0.244141,0.99849,7.19585e-05,0.687423,1,0
3.11523,0.263672,0.996541,7.08853e-05,0.687423,1,0
3.0957,0.283203,0.993179,6.86203e-05,0.689373,1,0
3.0957,0.302734,0.9875,6.45608e-05,0.689374,1,0
3.11523,0.283203,0.993182,6.83429e-05,0.687423,1,0
3.11523,0.302734,0.987504,6.42675e-05,0.687423,1,0
2.82227,0.322266,0.978029,6.15658e-05,0.716677,1,0
2.82227,0.341797,0.962887,5.46355e-05,0.716677,1,0
2.8418,0.322266,0.978035,6.14868e-05,0.714727,1,0
2.8418,0.341797,0.962894,5.45496e-05,0.714727,1,0
2.82227,0.361328,0.939123,4.64756e-05,0.716677,1,0
2.82227,0.380859,0.902797,3.75475e-05,0.716677,1,0
2.8418,0.361328,0.939131,4.63836e-05,0.714727,1,0
2.8418,0.380859,0.902806,3.74496e-05,0.714727,1,0
2.86133,0.322266,0.978041,6.13909e-05,0.712776,1,0
2.86133,0.341797,0.962902,5.44463e-05,0.712776,1,0
2.88086,0.322266,0.978047,6.12779e-05,0.710826,1,0
2.88086,0.341797,0.962909,5.43258e-05,0.710826,1,0
2.86133,0.361328,0.93914,4.62743e-05,0.712777,1,0
2.86133,0.380859,0.902815,3.7335e-05,0.712777,1,0
2.88086,0.361328,0.939149,4.61477e-05,0.710826,1,0
2.88086,0.380859,0.902824,3.72039e-05,0.710827,1,0
2.82227,0.400391,0.848727,2.83147e-05,0.716677,1,0
2.82227,0.419922,0.770357,1.94613e-05,0.716677,1,0
2.8418,0.400391,0.848736,2.82128e-05,0.714727,1,0
2.8418,0.419922,0.770365,1.93639e-05,0.714727,1,0
2.82227,0.439453,0.65971,1.14689e-05,0.716677,1,0
2.82227,0.458984,0.507458,5.26405e-06,0.716677,1,0
2.8418,0.439453,0.659717,1.13929e-05,0.714727,1,0
2.8418,0.458984,0.507464,5.22584e-06,0.714727,1,0
2.86133,0.400391,0.848745,2.8096e-05,0.712777,1,0
2.86133,0.419922,0.770373,1.92546e-05,0.712777,1,0
2.88086,0.400391,0.848754,2.79644e-05,0.710827,1,0
2.88086,0.419922,0.770382,1.91334e-05,0.710827,1,0
2.86133,0.439453,0.659724,1.13089e-05,0.712777,1,0
2.86133,0.458984,0.507469,5.18337e-06,0.712777,1,0
2.88086,0.439453,0.659731,1.12168e-05,0.710827,1,0
2.88086,0.458984,0.507474,5.13674e-06,0.710827,1,0
2.90039,0.322266,0.978053,6.1148e-05,0.708876,1,0
2.90039,0.341797,0.962917,5.41879e-05,0.708876,1,0
2.91992,0.322266,0.97806,6.10011e-05,0.706926,1,0
2.91992,0.341797,0.962924,5.40327e-05,0.706926,1,0
2.90039,0.361328,0.939157,4.60038e-05,0.708876,1,0
2.90039,0.380859,0.902833,3.70563e-05,0.708876,1,0
2.91992,0.361328,0.939166,4.58428e-05,0.706926,1,0
2.91992,0.380859,0.902842,3.68923e-05,0.706926,1,0
2.93945,0.322266,0.978066,6.08372e-05,0.704976,1,0
2.93945,0.341797,0.962932,5.38603e-05,0.704976,1,0
2.95898,0.322266,0.978072,6.06565e-05,0.703025,1,0
2.95898,0.341797,0.96294,5.36709e-05,0.703026,1,0
2.93945,0.361328,0.939174,4.56647e-05,0.704976,1,0
2.93945,0.380859,0.902852,3.6712e-05,0.704976,1,0
2.95898,0.361328,0.939183,4.54697e-05,0.703026,1,0
2.95898,0.380859,0.902861,3.65158e-05,0.703026,1,0
2.90039,0.400391,0.848763,2.78182e-05,0.708876,1,0
2.90039,0.419922,0.77039,1.90004e-05,0.708877,1,0
2.91992,0.400391,0.848772,2.76574e-05,0.706926,1,0
2.91992,0.419922,0.770398,1.88559e-05,0.706926,1,0
2.90039,0.439453,0.659738,1.11168e-05,0.708877,1,0
2.90039,0.458984,0.507479,5.08598e-06,0.708877,1,0
2.91992,0.439453,0.659745,1.1009e-05,0.706927,1,0
2.91992,0.458984,0.507484,5.03123e-06,0.706927,1,0
2.93945,0.400391,0.848781,2.74823e-05,0.704976,1,0
2.93945,0.419922,0.770407,1.87e-05,0.704976,1,0
2.95898,0.400391,0.84879,2.72931e-05,0.703026,1,0
2.95898,0.419922,0.770415,1.8533e-05,0.703026,1,0
2.93945,0.439453,0.659752,1.08938e-05,0.704976,1,0
2.93945,0.458984,0.507489,4.97258e-06,0.704976,1,0
2.95898,0.439453,0.659759,1.07712e-05,0.703026,1,0
2.95898,0.458984,0.507494,4.91023e-06,0.703026,1,0
2.82227,0.478516,0.303116,9.8371e-07,0.716677,1,0
2.82227,0.498047,0.0353573,-6.42341e-07,0.716678,0.6,0
2.8418,0.478516,0.303119,9.83546e-07,0.714727,1,0
2.8418,0.498047,0.0353577,-6.3094e-07,0.714727,0.6,0
2.86133,0.478516,0.303122,9.82377e-07,0.712777,1,0
2.86133,0.498047,0.0353581,-6.19064e-07,0.712777,0.6,0
2.88086,0.478516,0.303125,9.80172e-07,0.710827,1,0
2.88086,0.498047,0.0353585,-6.06771e-07,0.710827,0.6,0
2.90039,0.478516,0.303128,9.76941e-07,0.708877,1,0
2.90039,0.498047,0.0353589,-5.94085e-07,0.708877,0.6,0
2.91992,0.478516,0.303131,9.72669e-07,0.706927,1,0
2.91992,0.498047,0.0353594,-5.81067e-07,0.706927,0.6,0
2.93945,0.478516,0.303133,9.67382e-07,0.704976,1,0
2.93945,0.498047,0.0353598,-5.67746e-07,0.704977,0.6,0
2.95898,0.478516,0.303136,9.61081e-07,0.703026,1,0
2.95898,0.498047,0.0353602,-5.54185e-07,0.703026,0.6,0
2.97852,0.322266,0.978078,6.04592e-05,0.701075,1,0
2.97852,0.341797,0.962947,5.34646e-05,0.701075,1,0
2.99805,0.322266,0.978085,6.02454e-05,0.699125,1,0
2.99805,0.341797,0.962955,5.32416e-05,0.699125,1,0
2.97852,0.361328,0.939191,4.52581e-05,0.701075,1,0
2.97852,0.380859,0.90287,3.63038e-05,0.701076,1,0
2.99805,0.361328,0.9392,4.50301e-05,0.699125,1,0
2.99805,0.380859,0.902879,3.60765e-05,0.699125,1,0
3.01758,0.322266,0.978091,6.00153e-05,0.697175,1,0
3.01758,0.341797,0.962962,5.30023e-05,0.697175,1,0
3.03711,0.322266,0.978097,5.97692e-05,0.695224,1,0
3.03711,0.341797,0.96297,5.27468e-05,0.695225,1,0
3.01758,0.361328,0.939209,4.4786e-05,0.697175,1,0
3.01758,0.380859,0.902888,3.58341e-05,0.697175,1,0
3.03711,0.361328,0.939217,4.45263e-05,0.695225,1,0
3.03711,0.380859,0.902897,3.55771e-05,0.695225,1,0
2.97852,0.400391,0.848799,2.70902e-05,0.701076,1,0
2.97852,0.419922,0.770423,1.83553e-05,0.701076,1,0
2.99805,0.400391,0.848808,2.6874e-05,0.699126,1,0
2.99805,0.419922,0.770431,1.81673e-05,0.699126,1,0
2.97852,0.439453,0.659766,1.06417e-05,0.701076,1,0
2.97852,0.458984,0.507499,4.8443e-06,0.701076,1,0
2.99805,0.439453,0.659772,1.05055e-05,0.699126,1,0
2.99805,0.458984,0.507503,4.77504e-06,0.699126,1,0
3.01758,0.400391,0.848817,2.66447e-05,0.697175,1,0
3.01758,0.419922,0.77044,1.79692e-05,0.697175,1,0
3.03711,0.400391,0.848826,2.6403e-05,0.695225,1,0
3.03711,0.419922,0.770448,1.77617e-05,0.695225,1,0
3.01758,0.439453,0.659779,1.03631e-05,0.697176,1,0
3.01758,0.458984,0.507508,4.70262e-06,0.697176,1,0
3.03711,0.439453,0.659786,1.02147e-05,0.695225,1,0
3.03711,0.458984,0.507513,4.62732e-06,0.695225,1,0
3.05664,0.322266,0.978104,5.95074e-05,0.693274,1,0
3.05664,0.341797,0.962978,5.24757e-05,0.693274,1,0
3.07617,0.322266,0.97811,5.92303e-05,0.691324,1,0
3.07617,0.341797,0.962985,5.21891e-05,0.691324,1,0
3.05664,0.361328,0.939226,4.42512e-05,0.693275,1,0
3.05664,0.380859,0.902906,3.5306e-05,0.693275,1,0
3.07617,0.361328,0.939234,4.39613e-05,0.691324,1,0
3.07617,0.380859,0.902915,3.50212e-05,0.691324,1,0
3.0957,0.322266,0.978116,5.89381e-05,0.689374,1,0
3.0957,0.341797,0.962993,5.18877e-05,0.689374,1,0
3.11523,0.322266,0.978123,5.86313e-05,0.687423,1,0
3.11523,0.341797,0.963,5.15718e-05,0.687424,1,0
3.0957,0.361328,0.939243,4.3657e-05,0.689374,1,0
3.0957,0.380859,0.902924,3.47233e-05,0.689374,1,0
3.11523,0.361328,0.939251,4.33389e-05,0.687424,1,0
3.11523,0.380859,0.902933,3.44128e-05,0.687424,1,0
3.05664,0.400391,0.848835,2.61492e-05,0.693275,1,0
3.05664,0.419922,0.770456,1.75452e-05,0.693275,1,0
3.07617,0.400391,0.848844,2.58839e-05,0.691325,1,0
3.07617,0.419922,0.770464,1.73202e-05,0.691325,1,0
3.05664,0.439453,0.659792,1.00608e-05,0.693275,1,0
3.05664,0.458984,0.507517,4.54934e-06,0.693275,1,0
3.07617,0.439453,0.659799,9.90182e-06,0.691325,1,0
3.07617,0.458984,0.507522,4.46897e-06,0.691325,1,0
3.0957,0.400391,0.848853,2.56078e-05,0.689374,1,0
3.0957,0.419922,0.770472,1.70872e-05,0.689375,1,0
3.11523,0.400391,0.848861,2.53213e-05,0.687424,1,0
3.11523,0.419922,0.77048,1.68469e-05,0.687424,1,0
3.0957,0.439453,0.659805,9.73827e-06,0.689375,1,0
3.0957,0.458984,0.507526,4.38645e-06,0.689375,1,0
3.11523,0.439453,0.659811,9.57055e-06,0.687424,1,0
3.11523,0.458984,0.507531,4.30207e-06,0.687424,1,0
2.97852,0.478516,0.303139,9.53805e-07,0.701076,1,0
2.97852,0.498047,0.0353606,-5.40413e-07,0.701076,0.6,0
2.99805,0.478516,0.303141,9.45571e-07,0.699126,1,0
2.99805,0.498047,0.0353611,-5.26494e-07,0.699126,0.6,0
3.01758,0.478516,0.303144,9.36432e-07,0.697176,1,0
3.01758,0.498047,0.0353615,-5.12456e-07,0.697176,0.6,0
3.03711,0.478516,0.303147,9.26418e-07,0.695225,1,0
3.03711,0.498047,0.035362,-4.9836e-07,0.695226,0.6,0
3.05664,0.478516,0.303149,9.15592e-07,0.693275,1,0
3.05664,0.498047,0.0353624,-4.84234e-07,0.693275,0.6,0
3.07617,0.478516,0.303151,9.03995e-07,0.691325,1,0
3.07617,0.498047,0.0353628,-4.70134e-07,0.691325,0.6,0
3.0957,0.478516,0.303154,8.91696e-07,0.689375,1,0
3.0957,0.498047,0.0353633,-4.56083e-07,0.689375,0.6,0
3.11523,0.478516,0.303156,8.78747e-07,0.687424,1,0
3.11523,0.498047,0.0353637,-4.42134e-07,0.687425,0.6,0
3.13477,0.00976562,1.0011,9.02155e-06,0.685472,1,0
3.13477,0.0292969,1.00115,1.91737e-05,0.685471,1,0
3.1543,0.00976562,1.00109,8.95524e-06,0.683521,1,0
3.1543,0.0292969,1.00114,1.90464e-05,0.683521,1,0
3.13477,0.0488281,1.00117,2.63327e-05,0.685472,1,0
3.13477,0.0683594,1.00117,3.49539e-05,0.685471,1,0
3.1543,0.0488281,1.00116,2.61827e-05,0.683521,1,0
3.1543,0.0683594,1.00116,3.47774e-05,0.683521,1,0
3.17383,0.00976562,1.00108,8.88749e-06,0.681571,1,0
3.17383,0.0292969,1.00113,1.8916e-05,0.681571,1,0
3.19336,0.00976562,1.00108,8.81833e-06,0.679621,1,0
3.19336,0.0292969,1.00112,1.87826e-05,0.67962,1,0
3.17383,0.0488281,1.00115,2.60284e-05,0.681571,1,0
3.17383,0.0683594,1.00115,3.45952e-05,0.681571,1,0
3.19336,0.0488281,1.00114,2.587e-05,0.679621,1,0
3.19336,0.0683594,1.00114,3.44075e-05,0.67962,1,0
3.13477,0.0878906,1.00114,4.17839e-05,0.685472,1,0
3.13477,0.107422,1.0011,4.86822e-05,0.685472,1,0
3.1543,0.0878906,1.00114,4.15978e-05,0.683521,1,0
3.1543,0.107422,1.0011,4.84846e-05,0.683521,1,0
3.13477,0.126953,1.00104,5.44113e-05,0.685472,1,0
3.13477,0.146484,1.00095,5.96853e-05,0.685472,1,0
3.1543,0.126953,1.00104,5.42072e-05,0.683521,1,0
3.1543,0.146484,1.00095,5.94723e-05,0.683522,1,0
3.17383,0.0878906,1.00113,4.14051e-05,0.681571,1,0
3.17383,0.107422,1.00109,4.82794e-05,0.681571,1,0
3.19336,0.0878906,1.00112,4.12058e-05,0.679621,1,0
3.19336,0.107422,1.00108,4.80665e-05,0.679621,1,0
3.17383,0.126953,1.00103,5.39945e-05,0.681571,1,0
3.17383,0.146484,1.00094,5.92499e-05,0.681571,1,0
3.19336,0.126953,1.00102,5.37733e-05,0.679621,1,0
3.19336,0.146484,1.00094,5.90183e-05,0.679621,1,0
3.21289,0.00976562,1.00107,8.74777e-06,0.67767,1,0
3.21289,0.0292969,1.00112,1.86462e-05,0.67767,1,0
3.23242,0.00976562,1.00106,8.67584e-06,0.67572,1,0
3.23242,0.0292969,1.00111,1.85068e-05,0.675719,1,0
3.21289,0.0488281,1.00114,2.57074e-05,0.67767,1,0
3.21289,0.0683594,1.00114,3.42143e-05,0.67767,1,0
3.23242,0.0488281,1.00113,2.55407e-05,0.67572,1,0
3.23242,0.0683594,1.00113,3.40156e-05,0.67572,1,0
3.25195,0.00976562,1.00105,8.60256e-06,0.673769,1,0
3.25195,0.0292969,1.0011,1.83646e-05,0.673769,1,0
3.27148,0.00976562,1.00104,8.52794e-06,0.671819,1,0
3.27148,0.0292969,1.00109,1.82194e-05,0.671819,1,0
3.25195,0.0488281,1.00112,2.53699e-05,0.673769,1,0
3.25195,0.0683594,1.00112,3.38116e-05,0.673769,1,0
3.27148,0.0488281,1.00111,2.51951e-05,0.671819,1,0
3.27148,0.0683594,1.00111,3.36021e-05,0.671819,1,0
3.21289,0.0878906,1.00111,4.09999e-05,0.67767,1,0
3.21289,0.107422,1.00108,4.78461e-05,0.67767,1,0
3.23242,0.0878906,1.00111,4.07876e-05,0.67572,1,0
3.23242,0.107422,1.00107,4.76181e-05,0.67572,1,0
3.21289,0.126953,1.00102,5.35438e-05,0.67767,1,0
3.21289,0.146484,1.00093,5.87775e-05,0.67767,1,0
3.23242,0.126953,1.00101,5.33061e-05,0.67572,1,0
3.23242,0.146484,1.00093,5.85277e-05,0.67572,1,0
3.25195,0.0878906,1.0011,4.05688e-05,0.673769,1,0
3.25195,0.107422,1.00106,4.73828e-05,0.67377,1,0
3.27148,0.0878906,1.00109,4.03437e-05,0.671819,1,0
3.27148,0.107422,1.00106,4.71402e-05,0.671819,1,0
3.25195,0.126953,1.00101,5.30601e-05,0.67377,1,0
3.25195,0.146484,1.00093,5.8269e-05,0.67377,1,0
3.27148,0.126953,1.001,5.2806e-05,0.671819,1,0
3.27148,0.146484,1.00092,5.80014e-05,0.671819,1,0
3.13477,0.166016,1.00082,6.39817e-05,0.685472,1,0
3.13477,0.185547,1.0006,6.75164e-05,0.685472,1,0
3.1543,0.166016,1.00082,6.37603e-05,0.683522,1,0
3.1543,0.185547,1.0006,6.72847e-05,0.683522,1,0
3.13477,0.205078,1.00024,7.00123e-05,0.685472,1,0
3.13477,0.224609,0.999605,7.14723e-05,0.685472,1,0
3.1543,0.205078,1.00024,6.97693e-05,0.683522,1,0
3.1543,0.224609,0.999604,7.1216e-05,0.683522,1,0
3.17383,0.166016,1.00081,6.35289e-05,0.681571,1,0
3.17383,0.185547,1.0006,6.70422e-05,0.681571,1,0
3.19336,0.166016,1.00081,6.32875e-05,0.679621,1,0
3.19336,0.185547,1.0006,6.67891e-05,0.679621,1,0
3.17383,0.205078,1.00024,6.95149e-05,0.681572,1,0
3.17383,0.224609,0.999603,7.09477e-05,0.681572,1,0
3.19336,0.205078,1.00023,6.92493e-05,0.679621,1,0
3.19336,0.224609,0.999603,7.06677e-05,0.679621,1,0
3.13477,0.244141,0.998491,7.17e-05,0.685472,1,0
3.13477,0.263672,0.996543,7.06108e-05,0.685473,1,0
3.1543,0.244141,0.998491,7.14289e-05,0.683522,1,0
3.1543,0.263672,0.996545,7.03232e-05,0.683522,1,0
3.13477,0.283203,0.993186,6.80517e-05,0.685473,1,0
3.13477,0.302734,0.987509,6.39601e-05,0.685473,1,0
3.1543,0.283203,0.993189,6.7747e-05,0.683522,1,0
3.1543,0.302734,0.987514,6.3639e-05,0.683523,1,0
3.17383,0.244141,0.998491,7.11453e-05,0.681572,1,0
3.17383,0.263672,0.996547,7.00227e-05,0.681572,1,0
3.19336,0.244141,0.998492,7.08495e-05,0.679622,1,0
3.19336,0.263672,0.996548,6.97096e-05,0.679622,1,0
3.17383,0.283203,0.993192,6.74291e-05,0.681572,1,0
3.17383,0.302734,0.987519,6.33044e-05,0.681572,1,0
3.19336,0.283203,0.993196,6.70983e-05,0.679622,1,0
3.19336,0.302734,0.987524,6.29569e-05,0.679622,1,0
3.21289,0.166016,1.0008,6.30363e-05,0.677671,1,0
3.21289,0.185547,1.00059,6.65256e-05,0.677671,1,0
3.23242,0.166016,1.0008,6.27754e-05,0.67572,1,0
3.23242,0.185547,1.00059,6.62518e-05,0.67572,1,0
3.21289,0.205078,1.00023,6.89727e-05,0.677671,1,0
3.21289,0.224609,0.999602,7.03762e-05,0.677671,1,0
3.23242,0.205078,1.00023,6.86853e-05,0.675721,1,0
3.23242,0.224609,0.999601,7.00735e-05,0.675721,1,0
3.25195,0.166016,1.0008,6.2505e-05,0.67377,1,0
3.25195,0.185547,1.00059,6.59678e-05,0.67377,1,0
3.27148,0.166016,1.00079,6.22251e-05,0.671819,1,0
3.27148,0.185547,1.00058,6.5674e-05,0.67182,1,0
3.25195,0.205078,1.00023,6.83873e-05,0.67377,1,0
3.25195,0.224609,0.9996,6.97596e-05,0.67377,1,0
3.27148,0.205078,1.00023,6.80788e-05,0.67182,1,0
3.27148,0.224609,0.999599,6.9435e-05,0.67182,1,0
3.21289,0.244141,0.998492,7.05417e-05,0.677671,1,0
3.21289,0.263672,0.99655,6.93842e-05,0.677671,1,0
3.23242,0.244141,0.998493,7.02223e-05,0.675721,1,0
3.23242,0.263672,0.996552,6.90469e-05,0.675721,1,0
3.21289,0.283203,0.993199,6.6755e-05,0.677671,1,0
3.21289,0.302734,0.987529,6.25968e-05,0.677672,1,0
3.23242,0.283203,0.993202,6.63995e-05,0.675721,1,0
3.23242,0.302734,0.987534,6.22245e-05,0.675721,1,0
3.25195,0.244141,0.998493,6.98915e-05,0.67377,1,0
3.25195,0.263672,0.996554,6.86979e-05,0.673771,1,0
3.27148,0.244141,0.998494,6.95495e-05,0.67182,1,0
3.27148,0.263672,0.996556,6.83375e-05,0.67182,1,0
3.25195,0.283203,0.993206,6.60323e-05,0.673771,1,0
3.25195,0.302734,0.987539,6.18404e-05,0.673771,1,0
3.27148,0.283203,0.993209,6.56536e-05,0.67182,1,0
3.27148,0.302734,0.987544,6.14449e-05,0.671821,1,0
3.29102,0.00976562,1.00104,8.45199e-06,0.669869,1,0
3.29102,0.0292969,1.00108,1.80713e-05,0.669868,1,0
3.31055,0.00976562,1.00103,8.37472e-06,0.667918,1,0
3.31055,0.0292969,1.00107,1.79205e-05,0.667918,1,0
3.29102,0.0488281,1.00111,2.50162e-05,0.669869,1,0
3.29102,0.0683594,1.00111,3.33874e-05,0.669869,1,0
3.31055,0.0488281,1.0011,2.48334e-05,0.667918,1,0
3.31055,0.0683594,1.0011,3.31674e-05,0.667918,1,0
3.33008,0.00976562,1.00102,8.29616e-06,0.665968,1,0
3.33008,0.0292969,1.00107,1.77668e-05,0.665968,1,0
3.34961,0.00976562,1.00101,8.21631e-06,0.664017,1,0
3.34961,0.0292969,1.00106,1.76103e-05,0.664017,1,0
3.33008,0.0488281,1.00109,2.46467e-05,0.665968,1,0
3.33008,0.0683594,1.00109,3.29422e-05,0.665968,1,0
3.34961,0.0488281,1.00108,2.44561e-05,0.664017,1,0
3.34961,0.0683594,1.00108,3.27118e-05,0.664017,1,0
3.29102,0.0878906,1.00109,4.01123e-05,0.669869,1,0
3.29102,0.107422,1.00105,4.68903e-05,0.669869,1,0
3.31055,0.0878906,1.00108,3.98746e-05,0.667918,1,0
3.31055,0.107422,1.00105,4.66332e-05,0.667918,1,0
3.29102,0.126953,1.001,5.25439e-05,0.669869,1,0
3.29102,0.146484,1.00092,5.77252e-05,0.669869,1,0
3.31055,0.126953,1.00099,5.22739e-05,0.667918,1,0
3.31055,0.146484,1.00091,5.74403e-05,0.667919,1,0
3.33008,0.0878906,1.00107,3.96308e-05,0.665968,1,0
3.33008,0.107422,1.00104,4.6369e-05,0.665968,1,0
3.34961,0.0878906,1.00107,3.93808e-05,0.664017,1,0
3.34961,0.107422,1.00103,4.60977e-05,0.664018,1,0
3.33008,0.126953,1.00099,5.1996e-05,0.665968,1,0
3.33008,0.146484,1.00091,5.71469e-05,0.665968,1,0
3.34961,0.126953,1.00098,5.17103e-05,0.664018,1,0
3.34961,0.146484,1.0009,5.68451e-05,0.664018,1,0
3.36914,0.00976562,1.00101,8.13517e-06,0.662067,1,0
3.36914,0.0292969,1.00105,1.74511e-05,0.662067,1,0
3.38867,0.00976562,1.001,8.05275e-06,0.660117,1,0
3.38867,0.0292969,1.00104,1.72891e-05,0.660116,1,0
3.36914,0.0488281,1.00107,2.42616e-05,0.662067,1,0
3.36914,0.0683594,1.00108,3.24763e-05,0.662067,1,0
3.38867,0.0488281,1.00107,2.40632e-05,0.660117,1,0
3.38867,0.0683594,1.00107,3.22356e-05,0.660116,1,0
3.4082,0.00976562,1.00099,7.96907e-06,0.658166,1,0
3.4082,0.0292969,1.00104,1.71244e-05,0.658166,1,0
3.42773,0.00976562,1.00098,7.88413e-06,0.656216,1,0
3.42773,0.0292969,1.00103,1.69569e-05,0.656215,1,0
3.4082,0.0488281,1.00106,2.38611e-05,0.658166,1,0
3.4082,0.0683594,1.00106,3.19899e-05,0.658166,1,0
3.42773,0.0488281,1.00105,2.36551e-05,0.656216,1,0
3.42773,0.0683594,1.00105,3.1739e-05,0.656216,1,0
3.36914,0.0878906,1.00106,3.91247e-05,0.662067,1,0
3.36914,0.107422,1.00103,4.58193e-05,0.662067,1,0
3.38867,0.0878906,1.00105,3.88625e-05,0.660117,1,0
3.38867,0.107422,1.00102,4.5534e-05,0.660117,1,0
3.36914,0.126953,1.00098,5.14169e-05,0.662067,1,0
3.36914,0.146484,1.0009,5.65349e-05,0.662067,1,0
3.38867,0.126953,1.00097,5.11158e-05,0.660117,1,0
3.38867,0.146484,1.00089,5.62165e-05,0.660117,1,0
3.4082,0.0878906,1.00105,3.85942e-05,0.658166,1,0
3.4082,0.107422,1.00101,4.52417e-05,0.658166,1,0
3.42773,0.0878906,1.00104,3.83199e-05,0.656216,1,0
3.42773,0.107422,1.00101,4.49425e-05,0.656216,1,0
3.4082,0.126953,1.00096,5.0807e-05,0.658166,1,0
3.4082,0.146484,1.00089,5.58897e-05,0.658166,1,0
3.42773,0.126953,1.00096,5.04907e-05,0.656216,1,0
3.42773,0.146484,1.00088,5.55548e-05,0.656216,1,0
3.29102,0.166016,1.00079,6.1936e-05,0.669869,1,0
3.29102,0.185547,1.00058,6.53703e-05,0.669869,1,0
3.31055,0.166016,1.00079,6.16377e-05,0.667919,1,0
3.31055,0.185547,1.00058,6.50569e-05,0.667919,1,0
3.29102,0.205078,1.00022,6.77602e-05,0.669869,1,0
3.29102,0.224609,0.999599,6.90997e-05,0.66987,1,0
3.31055,0.205078,1.00022,6.74314e-05,0.667919,1,0
3.31055,0.224609,0.999598,6.8754e-05,0.667919,1,0
3.33008,0.166016,1.00078,6.13304e-05,0.665968,1,0
3.33008,0.185547,1.00058,6.4734e-05,0.665968,1,0
3.34961,0.166016,1.00078,6.10141e-05,0.664018,1,0
3.34961,0.185547,1.00057,6.44017e-05,0.664018,1,0
3.33008,0.205078,1.00022,6.70927e-05,0.665969,1,0
3.33008,0.224609,0.999597,6.8398e-05,0.665969,1,0
3.34961,0.205078,1.00022,6.67442e-05,0.664018,1,0
3.34961,0.224609,0.999597,6.80321e-05,0.664018,1,0
3.29102,0.244141,0.998494,6.91967e-05,0.66987,1,0
3.29102,0.263672,0.996558,6.7966e-05,0.66987,1,0
3.31055,0.244141,0.998495,6.88331e-05,0.667919,1,0
3.31055,0.263672,0.99656,6.75837e-05,0.667919,1,0
3.29102,0.283203,0.993213,6.52637e-05,0.66987,1,0
3.29102,0.302734,0.987549,6.10383e-05,0.66987,1,0
3.31055,0.283203,0.993216,6.4863e-05,0.66792,1,0
3.31055,0.302734,0.987554,6.06211e-05,0.66792,1,0
3.33008,0.244141,0.998496,6.84591e-05,0.665969,1,0
3.33008,0.263672,0.996562,6.71908e-05,0.665969,1,0
3.34961,0.244141,0.998496,6.80749e-05,0.664018,1,0
3.34961,0.263672,0.996564,6.67877e-05,0.664019,1,0
3.33008,0.283203,0.99322,6.44519e-05,0.665969,1,0
3.33008,0.302734,0.987559,6.01936e-05,0.665969,1,0
3.34961,0.283203,0.993223,6.40305e-05,0.664019,1,0
3.34961,0.302734,0.987564,5.97562e-05,0.664019,1,0
3.36914,0.166016,1.00077,6.06889e-05,0.662067,1,0
3.36914,0.185547,1.00057,6.40601e-05,0.662068,1,0
3.38867,0.166016,1.00077,6.0355e-05,0.660117,1,0
3.38867,0.185547,1.00057,6.37094e-05,0.660117,1,0
3.36914,0.205078,1.00022,6.63862e-05,0.662068,1,0
3.36914,0.224609,0.999596,6.76562e-05,0.662068,1,0
3.38867,0.205078,1.00022,6.60186e-05,0.660117,1,0
3.38867,0.224609,0.999595,6.72707e-05,0.660117,1,0
3.4082,0.166016,1.00077,6.00123e-05,0.658167,1,0
3.4082,0.185547,1.00056,6.33495e-05,0.658167,1,0
3.42773,0.166016,1.00076,5.9661e-05,0.656216,1,0
3.42773,0.185547,1.00056,6.29807e-05,0.656216,1,0
3.4082,0.205078,1.00021,6.56417e-05,0.658167,1,0
3.4082,0.224609,0.999595,6.68755e-05,0.658167,1,0
3.42773,0.205078,1.00021,6.52555e-05,0.656216,1,0
3.42773,0.224609,0.999594,6.6471e-05,0.656217,1,0
3.36914,0.244141,0.998497,6.76807e-05,0.662068,1,0
3.36914,0.263672,0.996566,6.63745e-05,0.662068,1,0
3.38867,0.244141,0.998498,6.72766e-05,0.660118,1,0
3.38867,0.263672,0.996568,6.59515e-05,0.660118,1,0
3.36914,0.283203,0.993227,6.35991e-05,0.662068,1,0
3.36914,0.302734,0.987569,5.93091e-05,0.662069,1,0
3.38867,0.283203,0.99323,6.31581e-05,0.660118,1,0
3.38867,0.302734,0.987574,5.88527e-05,0.660118,1,0
3.4082,0.244141,0.998498,6.6863e-05,0.658167,1,0
3.4082,0.263672,0.99657,6.5519e-05,0.658167,1,0
3.42773,0.244141,0.998499,6.64398e-05,0.656217,1,0
3.42773,0.263672,0.996572,6.5077e-05,0.656217,1,0
3.4082,0.283203,0.993234,6.27077e-05,0.658168,1,0
3.4082,0.302734,0.987579,5.83873e-05,0.658168,1,0
3.42773,0.283203,0.993237,6.22482e-05,0.656217,1,0
3.42773,0.302734,0.987584,5.79131e-05,0.656217,1,0
3.13477,0.322266,0.978129,5.83103e-05,0.685473,1,0
3.13477,0.341797,0.963008,5.12418e-05,0.685473,1,0
3.1543,0.322266,0.978135,5.79756e-05,0.683523,1,0
3.1543,0.341797,0.963016,5.08984e-05,0.683523,1,0
3.13477,0.361328,0.93926,4.30074e-05,0.685473,1,0
3.13477,0.380859,0.902942,3.40903e-05,0.685474,1,0
3.1543,0.361328,0.939269,4.26631e-05,0.683523,1,0
3.1543,0.380859,0.902951,3.37564e-05,0.683523,1,0
3.17383,0.322266,0.978142,5.76274e-05,0.681573,1,0
3.17383,0.341797,0.963023,5.05418e-05,0.681573,1,0
3.19336,0.322266,0.978148,5.72664e-05,0.679622,1,0
3.19336,0.341797,0.963031,5.01728e-05,0.679622,1,0
3.17383,0.361328,0.939277,4.23066e-05,0.681573,1,0
3.17383,0.380859,0.90296,3.34118e-05,0.681573,1,0
3.19336,0.361328,0.939286,4.19383e-05,0.679623,1,0
3.19336,0.380859,0.902969,3.3057e-05,0.679623,1,0
3.13477,0.400391,0.84887,2.5025e-05,0.685474,1,0
3.13477,0.419922,0.770487,1.65999e-05,0.685474,1,0
3.1543,0.400391,0.848879,2.47197e-05,0.683524,1,0
3.1543,0.419922,0.770495,1.63466e-05,0.683524,1,0
3.13477,0.439453,0.659818,9.39917e-06,0.685474,1,0
3.13477,0.458984,0.507535,4.21608e-06,0.685474,1,0
3.1543,0.439453,0.659824,9.22457e-06,0.683524,1,0
3.1543,0.458984,0.507539,4.12879e-06,0.683524,1,0
3.17383,0.400391,0.848888,2.4406e-05,0.681573,1,0
3.17383,0.419922,0.770503,1.60878e-05,0.681573,1,0
3.19336,0.400391,0.848896,2.40844e-05,0.679623,1,0
3.19336,0.419922,0.770511,1.58241e-05,0.679623,1,0
3.17383,0.439453,0.65983,9.04725e-06,0.681573,1,0
3.17383,0.458984,0.507543,4.04041e-06,0.681574,1,0
3.19336,0.439453,0.659836,8.86765e-06,0.679623,1,0
3.19336,0.458984,0.507547,3.95124e-06,0.679623,1,0
3.21289,0.322266,0.978154,5.68928e-05,0.677672,1,0
3.21289,0.341797,0.963039,4.97917e-05,0.677672,1,0
3.23242,0.322266,0.978161,5.65073e-05,0.675722,1,0
3.23242,0.341797,0.963046,4.9399e-05,0.675722,1,0
3.21289,0.361328,0.939294,4.1559e-05,0.677672,1,0
3.21289,0.380859,0.902978,3.26927e-05,0.677672,1,0
3.23242,0.361328,0.939303,4.11691e-05,0.675722,1,0
3.23242,0.380859,0.902987,3.23194e-05,0.675722,1,0
3.25195,0.322266,0.978167,5.61103e-05,0.673771,1,0
3.25195,0.341797,0.963054,4.89954e-05,0.673771,1,0
3.27148,0.322266,0.978174,5.57021e-05,0.671821,1,0
3.27148,0.341797,0.963062,4.85813e-05,0.671821,1,0
3.25195,0.361328,0.939311,4.07692e-05,0.673772,1,0
3.25195,0.380859,0.902996,3.19379e-05,0.673772,1,0
3.27148,0.361328,0.93932,4.03599e-05,0.671821,1,0
3.27148,0.380859,0.903004,3.15487e-05,0.671821,1,0
3.21289,0.400391,0.848905,2.37557e-05,0.677673,1,0
3.21289,0.419922,0.770518,1.5556e-05,0.677673,1,0
3.23242,0.400391,0.848913,2.34204e-05,0.675722,1,0
3.23242,0.419922,0.770526,1.52842e-05,0.675722,1,0
3.21289,0.439453,0.659842,8.68624e-06,0.677673,1,0
3.21289,0.458984,0.507551,3.86151e-06,0.677673,1,0
3.23242,0.439453,0.659848,8.50345e-06,0.675722,1,0
3.23242,0.458984,0.507555,3.77147e-06,0.675723,1,0
3.25195,0.400391,0.848922,2.30793e-05,0.673772,1,0
3.25195,0.419922,0.770533,1.50091e-05,0.673772,1,0
3.27148,0.400391,0.84893,2.27329e-05,0.671822,1,0
3.27148,0.419922,0.77054,1.47314e-05,0.671822,1,0
3.25195,0.439453,0.659853,8.31971e-06,0.673772,1,0
3.25195,0.458984,0.507559,3.68133e-06,0.673772,1,0
3.27148,0.439453,0.659859,8.13541e-06,0.671822,1,0
3.27148,0.458984,0.507563,3.59132e-06,0.671822,1,0
3.13477,0.478516,0.303159,8.65219e-07,0.685474,1,0
3.13477,0.498047,0.0353642,-4.28303e-07,0.685474,0.6,0
3.1543,0.478516,0.303161,8.51168e-07,0.683524,1,0
3.1543,0.498047,0.0353646,-4.14637e-07,0.683524,0.6,0
3.17383,0.478516,0.303163,8.36666e-07,0.681574,1,0
3.17383,0.498047,0.0353651,-4.01147e-07,0.681574,0.6,0
3.19336,0.478516,0.303165,8.2177e-07,0.679623,1,0
3.19336,0.498047,0.0353655,-3.87874e-07,0.679623,0.6,0
3.21289,0.478516,0.303167,8.06551e-07,0.677673,1,0
3.21289,0.498047,0.0353659,-3.74823e-07,0.677673,0.6,0
3.23242,0.478516,0.303169,7.91062e-07,0.675723,1,0
3.23242,0.498047,0.0353664,-3.62028e-07,0.675723,0.6,0
3.25195,0.478516,0.303171,7.75369e-07,0.673772,1,0
3.25195,0.498047,0.0353668,-3.49488e-07,0.673772,0.6,0
3.27148,0.478516,0.303173,7.59521e-07,0.671822,1,0
3.27148,0.498047,0.0353672,-3.37232e-07,0.671822,0.6,0
3.29102,0.322266,0.97818,5.52832e-05,0.66987,1,0
3.29102,0.341797,0.963069,4.81571e-05,0.669871,1,0
3.31055,0.322266,0.978187,5.4854e-05,0.66792,1,0
3.31055,0.341797,0.963077,4.77234e-05,0.66792,1,0
3.29102,0.361328,0.939328,3.99418e-05,0.669871,1,0
3.29102,0.380859,0.903013,3.11525e-05,0.669871,1,0
3.31055,0.361328,0.939337,3.95153e-05,0.66792,1,0
3.31055,0.380859,0.903022,3.07497e-05,0.667921,1,0
3.33008,0.322266,0.978193,5.4415e-05,0.66597,1,0
3.33008,0.341797,0.963085,4.72806e-05,0.66597,1,0
3.34961,0.322266,0.978199,5.39666e-05,0.664019,1,0
3.34961,0.341797,0.963092,4.68292e-05,0.664019,1,0
3.33008,0.361328,0.939345,3.90811e-05,0.66597,1,0
3.33008,0.380859,0.903031,3.0341e-05,0.66597,1,0
3.34961,0.361328,0.939354,3.86395e-05,0.66402,1,0
3.34961,0.380859,0.903039,2.99269e-05,0.66402,1,0
3.29102,0.400391,0.848939,2.23819e-05,0.669871,1,0
3.29102,0.419922,0.770548,1.44517e-05,0.669871,1,0
3.31055,0.400391,0.848947,2.20267e-05,0.667921,1,0
3.31055,0.419922,0.770555,1.41703e-05,0.667921,1,0
3.29102,0.439453,0.659865,7.95093e-06,0.669871,1,0
3.29102,0.458984,0.507566,3.5016e-06,0.669871,1,0
3.31055,0.439453,0.65987,7.76662e-06,0.667921,1,0
3.31055,0.458984,0.50757,3.41239e-06,0.667921,1,0
3.33008,0.400391,0.848955,2.16681e-05,0.66597,1,0
3.33008,0.419922,0.770562,1.38879e-05,0.66597,1,0
3.34961,0.400391,0.848964,2.13064e-05,0.66402,1,0
3.34961,0.419922,0.770569,1.36048e-05,0.66402,1,0
3.33008,0.439453,0.659875,7.58281e-06,0.665971,1,0
3.33008,0.458984,0.507573,3.32382e-06,0.665971,1,0
3.34961,0.439453,0.659881,7.39978e-06,0.66402,1,0
3.34961,0.458984,0.507577,3.23605e-06,0.66402,1,0
3.36914,0.322266,0.978206,5.3509e-05,0.662069,1,0
3.36914,0.341797,0.9631,4.63696e-05,0.662069,1,0
3.38867,0.322266,0.978212,5.30428e-05,0.660118,1,0
3.38867,0.341797,0.963108,4.59022e-05,0.660119,1,0
3.36914,0.361328,0.939362,3.81911e-05,0.662069,1,0
3.36914,0.380859,0.903048,2.9508e-05,0.662069,1,0
3.38867,0.361328,0.939371,3.77364e-05,0.660119,1,0
3.38867,0.380859,0.903057,2.90846e-05,0.660119,1,0
3.4082,0.322266,0.978219,5.25681e-05,0.658168,1,0
3.4082,0.341797,0.963115,4.54274e-05,0.658168,1,0
3.42773,0.322266,0.978225,5.20854e-05,0.656217,1,0
3.42773,0.341797,0.963123,4.49457e-05,0.656218,1,0
3.4082,0.361328,0.939379,3.72757e-05,0.658168,1,0
3.4082,0.380859,0.903065,2.86574e-05,0.658168,1,0
3.42773,0.361328,0.939388,3.68096e-05,0.656218,1,0
3.42773,0.380859,0.903074,2.82266e-05,0.656218,1,0
3.36914,0.400391,0.848972,2.09422e-05,0.66207,1,0
3.36914,0.419922,0.770576,1.33214e-05,0.66207,1,0
3.38867,0.400391,0.84898,2.0576e-05,0.660119,1,0
3.38867,0.419922,0.770583,1.30382e-05,0.660119,1,0
3.36914,0.439453,0.659886,7.21781e-06,0.66207,1,0
3.36914,0.458984,0.50758,3.14919e-06,0.66207,1,0
3.38867,0.439453,0.659891,7.03713e-06,0.660119,1,0
3.38867,0.458984,0.507583,3.06338e-06,0.660119,1,0
3.4082,0.400391,0.848988,2.02083e-05,0.658169,1,0
3.4082,0.419922,0.770589,1.27555e-05,0.658169,1,0
3.42773,0.400391,0.848996,1.98393e-05,0.656218,1,0
3.42773,0.419922,0.770596,1.24736e-05,0.656218,1,0
3.4082,0.439453,0.659896,6.85796e-06,0.658169,1,0
3.4082,0.458984,0.507586,2.97867e-06,0.658169,1,0
3.42773,0.439453,0.659901,6.68048e-06,0.656218,1,0
3.42773,0.458984,0.507589,2.89518e-06,0.656218,1,0
3.29102,0.478516,0.303175,7.43578e-07,0.669871,1,0
3.29102,0.498047,0.0353676,-3.25254e-07,0.669872,0.6,0
3.31055,0.478516,0.303177,7.27582e-07,0.667921,1,0
3.31055,0.498047,0.035368,-3.13578e-07,0.667921,0.6,0
3.33008,0.478516,0.303179,7.11584e-07,0.665971,1,0
3.33008,0.498047,0.0353684,-3.02191e-07,0.665971,0.6,0
3.34961,0.478516,0.303181,6.9562e-07,0.66402,1,0
3.34961,0.498047,0.0353688,-2.91115e-07,0.66402,0.6,0
3.36914,0.478516,0.303182,6.7973e-07,0.66207,1,0
3.36914,0.498047,0.0353692,-2.80332e-07,0.66207,0.6,0
3.38867,0.478516,0.303184,6.63944e-07,0.660119,1,0
3.38867,0.498047,0.0353696,-2.69862e-07,0.660119,0.6,0
3.4082,0.478516,0.303186,6.48293e-07,0.658169,1,0
3.4082,0.498047,0.03537,-2.59683e-07,0.658169,0.6,0
3.42773,0.478516,0.303187,6.32799e-07,0.656218,1,0
3.42773,0.498047,0.0353704,-2.49812e-07,0.656218,0.6,0
3.44727,0.00976562,1.00098,7.79793e-06,0.654265,1,0
3.44727,0.0292969,1.00102,1.67867e-05,0.654265,1,0
3.4668,0.00976562,1.00097,7.71048e-06,0.652315,1,0
3.4668,0.0292969,1.00101,1.66139e-05,0.652314,1,0
3.44727,0.0488281,1.00104,2.34453e-05,0.654265,1,0
3.44727,0.0683594,1.00105,3.14831e-05,0.654265,1,0
3.4668,0.0488281,1.00104,2.32317e-05,0.652315,1,0
3.4668,0.0683594,1.00104,3.12222e-05,0.652315,1,0
3.48633,0.00976562,1.00096,7.62179e-06,0.650364,1,0
3.48633,0.0292969,1.00101,1.64383e-05,0.650364,1,0
3.50586,0.00976562,1.00095,7.53185e-06,0.648414,1,0
3.50586,0.0292969,1.001,1.62601e-05,0.648413,1,0
3.48633,0.0488281,1.00103,2.30144e-05,0.650364,1,0
3.48633,0.0683594,1.00103,3.09562e-05,0.650364,1,0
3.50586,0.0488281,1.00102,2.27933e-05,0.648414,1,0
3.50586,0.0683594,1.00103,3.06852e-05,0.648414,1,0
3.44727,0.0878906,1.00103,3.80396e-05,0.654265,1,0
3.44727,0.107422,1.001,4.46364e-05,0.654265,1,0
3.4668,0.0878906,1.00103,3.77533e-05,0.652315,1,0
3.4668,0.107422,1.001,4.43234e-05,0.652315,1,0
3.44727,0.126953,1.00095,5.01668e-05,0.654265,1,0
3.44727,0.146484,1.00088,5.52118e-05,0.654265,1,0
3.4668,0.126953,1.00095,4.98353e-05,0.652315,1,0
3.4668,0.146484,1.00087,5.48606e-05,0.652315,1,0
3.48633,0.0878906,1.00102,3.7461e-05,0.650364,1,0
3.48633,0.107422,1.00099,4.40035e-05,0.650364,1,0
3.50586,0.0878906,1.00101,3.71627e-05,0.648414,1,0
3.50586,0.107422,1.00098,4.36768e-05,0.648414,1,0
3.48633,0.126953,1.00094,4.94963e-05,0.650364,1,0
3.48633,0.146484,1.00087,5.45014e-05,0.650364,1,0
3.50586,0.126953,1.00094,4.91498e-05,0.648414,1,0
3.50586,0.146484,1.00087,5.41341e-05,0.648414,1,0
3.52539,0.00976562,1.00095,7.44067e-06,0.646463,1,0
3.52539,0.0292969,1.00099,1.60792e-05,0.646463,1,0
3.54492,0.00976562,1.00094,7.34826e-06,0.644513,1,0
3.54492,0.0292969,1.00098,1.58956e-05,0.644512,1,0
3.52539,0.0488281,1.00101,2.25684e-05,0.646463,1,0
3.52539,0.0683594,1.00102,3.04092e-05,0.646463,1,0
3.54492,0.0488281,1.00101,2.23398e-05,0.644513,1,0
3.54492,0.0683594,1.00101,3.01281e-05,0.644513,1,0
3.56445,0.00976562,1.00093,7.25462e-06,0.642562,1,0
3.56445,0.0292969,1.00098,1.57093e-05,0.642562,1,0
3.58398,0.00976562,1.00093,7.15976e-06,0.640611,1,0
3.58398,0.0292969,1.00097,1.55205e-05,0.640611,1,0
3.56445,0.0488281,1.001,2.21075e-05,0.642562,1,0
3.56445,0.0683594,1.001,2.98421e-05,0.642562,1,0
3.58398,0.0488281,1.00099,2.18714e-05,0.640611,1,0
3.58398,0.0683594,1.001,2.9551e-05,0.640611,1,0
3.52539,0.0878906,1.00101,3.68585e-05,0.646463,1,0
3.52539,0.107422,1.00098,4.33432e-05,0.646463,1,0
3.54492,0.0878906,1.001,3.65483e-05,0.644513,1,0
3.54492,0.107422,1.00097,4.30028e-05,0.644513,1,0
3.52539,0.126953,1.00093,4.87958e-05,0.646463,1,0
3.52539,0.146484,1.00086,5.37587e-05,0.646463,1,0
3.54492,0.126953,1.00093,4.84342e-05,0.644513,1,0
3.54492,0.146484,1.00086,5.33753e-05,0.644513,1,0
3.56445,0.0878906,1.00099,3.62321e-05,0.642562,1,0
3.56445,0.107422,1.00097,4.26554e-05,0.642562,1,0
3.58398,0.0878906,1.00099,3.59099e-05,0.640612,1,0
3.58398,0.107422,1.00096,4.23012e-05,0.640612,1,0
3.56445,0.126953,1.00092,4.80652e-05,0.642562,1,0
3.56445,0.146484,1.00085,5.29839e-05,0.642562,1,0
3.58398,0.126953,1.00092,4.76886e-05,0.640612,1,0
3.58398,0.146484,1.00085,5.25844e-05,0.640612,1,0
3.44727,0.166016,1.00076,5.93012e-05,0.654266,1,0
3.44727,0.185547,1.00056,6.26029e-05,0.654266,1,0
3.4668,0.166016,1.00076,5.89328e-05,0.652315,1,0
3.4668,0.185547,1.00056,6.22163e-05,0.652315,1,0
3.44727,0.205078,1.00021,6.48602e-05,0.654266,1,0
3.44727,0.224609,0.999594,6.60572e-05,0.654266,1,0
3.4668,0.205078,1.00021,6.44558e-05,0.652315,1,0
3.4668,0.224609,0.999593,6.56342e-05,0.652316,1,0
3.48633,0.166016,1.00075,5.8556e-05,0.650365,1,0
3.48633,0.185547,1.00055,6.18209e-05,0.650365,1,0
3.50586,0.166016,1.00075,5.81707e-05,0.648414,1,0
3.50586,0.185547,1.00055,6.14167e-05,0.648414,1,0
3.48633,0.205078,1.00021,6.40424e-05,0.650365,1,0
3.48633,0.224609,0.999592,6.5202e-05,0.650365,1,0
3.50586,0.205078,1.0002,6.36201e-05,0.648414,1,0
3.50586,0.224609,0.999592,6.47609e-05,0.648415,1,0
3.44727,0.244141,0.9985,6.60073e-05,0.654266,1,0
3.44727,0.263672,0.996574,6.46257e-05,0.654266,1,0
3.4668,0.244141,0.9985,6.55657e-05,0.652316,1,0
3.4668,0.263672,0.996577,6.41655e-05,0.652316,1,0
3.44727,0.283203,0.993241,6.17796e-05,0.654267,1,0
3.44727,0.302734,0.987589,5.74304e-05,0.654267,1,0
3.4668,0.283203,0.993245,6.13024e-05,0.652316,1,0
3.4668,0.302734,0.987594,5.69395e-05,0.652316,1,0
3.48633,0.244141,0.998501,6.51149e-05,0.650365,1,0
3.48633,0.263672,0.996579,6.36963e-05,0.650365,1,0
3.50586,0.244141,0.998502,6.46552e-05,0.648415,1,0
3.50586,0.263672,0.996581,6.32184e-05,0.648415,1,0
3.48633,0.283203,0.993248,6.08165e-05,0.650366,1,0
3.48633,0.302734,0.987599,5.64406e-05,0.650366,1,0
3.50586,0.283203,0.993252,6.03223e-05,0.648415,1,0
3.50586,0.302734,0.987604,5.59338e-05,0.648415,1,0
3.52539,0.166016,1.00074,5.77769e-05,0.646464,1,0
3.52539,0.185547,1.00055,6.10038e-05,0.646464,1,0
3.54492,0.166016,1.00074,5.73748e-05,0.644513,1,0
3.54492,0.185547,1.00054,6.05823e-05,0.644513,1,0
3.52539,0.205078,1.0002,6.31889e-05,0.646464,1,0
3.52539,0.224609,0.999591,6.43109e-05,0.646464,1,0
3.54492,0.205078,1.0002,6.27488e-05,0.644513,1,0
3.54492,0.224609,0.999591,6.38519e-05,0.644514,1,0
3.56445,0.166016,1.00074,5.69642e-05,0.642563,1,0
3.56445,0.185547,1.00054,6.0152e-05,0.642563,1,0
3.58398,0.166016,1.00073,5.65451e-05,0.640612,1,0
3.58398,0.185547,1.00054,5.9713e-05,0.640612,1,0
3.56445,0.205078,1.0002,6.23e-05,0.642563,1,0
3.56445,0.224609,0.99959,6.33841e-05,0.642563,1,0
3.58398,0.205078,1.0002,6.18423e-05,0.640612,1,0
3.58398,0.224609,0.99959,6.29075e-05,0.640612,1,0
3.52539,0.244141,0.998503,6.41867e-05,0.646464,1,0
3.52539,0.263672,0.996583,6.27318e-05,0.646464,1,0
3.54492,0.244141,0.998503,6.37093e-05,0.644514,1,0
3.54492,0.263672,0.996585,6.22366e-05,0.644514,1,0
3.52539,0.283203,0.993255,5.98198e-05,0.646465,1,0
3.52539,0.302734,0.987609,5.54194e-05,0.646465,1,0
3.54492,0.283203,0.993259,5.93091e-05,0.644514,1,0
3.54492,0.302734,0.987615,5.48974e-05,0.644514,1,0
3.56445,0.244141,0.998504,6.32232e-05,0.642563,1,0
3.56445,0.263672,0.996587,6.1733e-05,0.642563,1,0
3.58398,0.244141,0.998505,6.27285e-05,0.640613,1,0
3.58398,0.263672,0.99659,6.1221e-05,0.640613,1,0
3.56445,0.283203,0.993263,5.87904e-05,0.642564,1,0
3.56445,0.302734,0.98762,5.43681e-05,0.642564,1,0
3.58398,0.283203,0.993266,5.82638e-05,0.640613,1,0
3.58398,0.302734,0.987625,5.38316e-05,0.640613,1,0
3.60352,0.00976562,1.00092,7.06368e-06,0.638661,1,0
3.60352,0.0292969,1.00096,1.53289e-05,0.638661,1,0
3.62305,0.00976562,1.00091,6.96639e-06,0.63671,1,0
3.62305,0.0292969,1.00095,1.51348e-05,0.63671,1,0
3.60352,0.0488281,1.00098,2.16316e-05,0.638661,1,0
3.60352,0.0683594,1.00099,2.9255e-05,0.638661,1,0
3.62305,0.0488281,1.00098,2.1388e-05,0.63671,1,0
3.62305,0.0683594,1.00098,2.89539e-05,0.63671,1,0
3.64258,0.00976562,1.00091,6.8679e-06,0.63476,1,0
3.64258,0.0292969,1.00095,1.4938e-05,0.63476,1,0
3.66211,0.00976562,1.0009,6.76822e-06,0.632809,1,0
3.66211,0.0292969,1.00094,1.47386e-05,0.632809,1,0
3.64258,0.0488281,1.00097,2.11407e-05,0.63476,1,0
3.64258,0.0683594,1.00098,2.86477e-05,0.63476,1,0
3.66211,0.0488281,1.00096,2.08897e-05,0.632809,1,0
3.66211,0.0683594,1.00097,2.83365e-05,0.632809,1,0
3.60352,0.0878906,1.00098,3.55817e-05,0.638661,1,0
3.60352,0.107422,1.00096,4.19401e-05,0.638661,1,0
3.62305,0.0878906,1.00097,3.52475e-05,0.63671,1,0
3.62305,0.107422,1.00095,4.15721e-05,0.636711,1,0
3.60352,0.126953,1.00091,4.73045e-05,0.638661,1,0
3.60352,0.146484,1.00084,5.21767e-05,0.638661,1,0
3.62305,0.126953,1.00091,4.69127e-05,0.636711,1,0
3.62305,0.146484,1.00084,5.1761e-05,0.636711,1,0
3.64258,0.0878906,1.00097,3.49073e-05,0.63476,1,0
3.64258,0.107422,1.00094,4.11971e-05,0.63476,1,0
3.66211,0.0878906,1.00096,3.4561e-05,0.632809,1,0
3.66211,0.107422,1.00094,4.08151e-05,0.632809,1,0
3.64258,0.126953,1.0009,4.65133e-05,0.63476,1,0
3.64258,0.146484,1.00083,5.13371e-05,0.63476,1,0
3.66211,0.126953,1.0009,4.61063e-05,0.632809,1,0
3.66211,0.146484,1.00083,5.09049e-05,0.63281,1,0
3.68164,0.00976562,1.00089,6.66736e-06,0.630859,1,0
3.68164,0.0292969,1.00093,1.45366e-05,0.630858,1,0
3.70117,0.00976562,1.00089,6.56532e-06,0.628908,1,0
3.70117,0.0292969,1.00093,1.4332e-05,0.628908,1,0
3.68164,0.0488281,1.00096,2.0635e-05,0.630859,1,0
3.68164,0.0683594,1.00096,2.80203e-05,0.630859,1,0
3.70117,0.0488281,1.00095,2.03765e-05,0.628908,1,0
3.70117,0.0683594,1.00096,2.7699e-05,0.628908,1,0
3.7207,0.00976562,1.00088,6.46213e-06,0.626957,1,0
3.7207,0.0292969,1.00092,1.41249e-05,0.626957,1,0
3.74023,0.00976562,1.00088,6.35779e-06,0.625007,1,0
3.74023,0.0292969,1.00091,1.39152e-05,0.625007,1,0
3.7207,0.0488281,1.00094,2.01143e-05,0.626957,1,0
3.7207,0.0683594,1.00095,2.73727e-05,0.626957,1,0
3.74023,0.0488281,1.00094,1.98484e-05,0.625007,1,0
3.74023,0.0683594,1.00094,2.70412e-05,0.625007,1,0
3.68164,0.0878906,1.00096,3.42086e-05,0.630859,1,0
3.68164,0.107422,1.00093,4.04261e-05,0.630859,1,0
3.70117,0.0878906,1.00095,3.38501e-05,0.628908,1,0
3.70117,0.107422,1.00093,4.003e-05,0.628908,1,0
3.68164,0.126953,1.00089,4.56915e-05,0.630859,1,0
3.68164,0.146484,1.00083,5.04645e-05,0.630859,1,0
3.70117,0.126953,1.00089,4.52689e-05,0.628908,1,0
3.70117,0.146484,1.00082,5.00157e-05,0.628908,1,0
3.7207,0.0878906,1.00094,3.34855e-05,0.626958,1,0
3.7207,0.107422,1.00092,3.96268e-05,0.626958,1,0
3.74023,0.0878906,1.00094,3.31146e-05,0.625007,1,0
3.74023,0.107422,1.00092,3.92164e-05,0.625007,1,0
3.7207,0.126953,1.00088,4.48385e-05,0.626958,1,0
3.7207,0.146484,1.00082,4.95585e-05,0.626958,1,0
3.74023,0.126953,1.00088,4.44002e-05,0.625007,1,0
3.74023,0.146484,1.00081,4.90928e-05,0.625007,1,0
3.60352,0.166016,1.00073,5.61177e-05,0.638661,1,0
3.60352,0.185547,1.00054,5.92654e-05,0.638662,1,0
3.62305,0.166016,1.00073,5.56817e-05,0.636711,1,0
3.62305,0.185547,1.00053,5.8809e-05,0.636711,1,0
3.60352,0.205078,1.0002,6.13757e-05,0.638662,1,0
3.60352,0.224609,0.99959,6.24221e-05,0.638662,1,0
3.62305,0.205078,1.0002,6.09004e-05,0.636711,1,0
3.62305,0.224609,0.999589,6.19278e-05,0.636711,1,0
3.64258,0.166016,1.00072,5.52372e-05,0.63476,1,0
3.64258,0.185547,1.00053,5.83438e-05,0.63476,1,0
3.66211,0.166016,1.00072,5.4784e-05,0.63281,1,0
3.66211,0.185547,1.00053,5.78698e-05,0.63281,1,0
3.64258,0.205078,1.00019,6.04161e-05,0.634761,1,0
3.64258,0.224609,0.999589,6.14247e-05,0.634761,1,0
3.66211,0.205078,1.00019,5.9923e-05,0.63281,1,0
3.66211,0.224609,0.999588,6.09127e-05,0.63281,1,0
3.60352,0.244141,0.998506,6.2225e-05,0.638662,1,0
3.60352,0.263672,0.996592,6.07006e-05,0.638662,1,0
3.62305,0.244141,0.998507,6.17129e-05,0.636711,1,0
3.62305,0.263672,0.996594,6.01719e-05,0.636712,1,0
3.60352,0.283203,0.99327,5.77293e-05,0.638662,1,0
3.60352,0.302734,0.98763,5.32879e-05,0.638663,1,0
3.62305,0.283203,0.993274,5.7187e-05,0.636712,1,0
3.62305,0.302734,0.987635,5.27371e-05,0.636712,1,0
3.64258,0.244141,0.998508,6.11921e-05,0.634761,1,0
3.64258,0.263672,0.996596,5.96348e-05,0.634761,1,0
3.66211,0.244141,0.998509,6.06627e-05,0.63281,1,0
3.66211,0.263672,0.996599,5.90894e-05,0.63281,1,0
3.64258,0.283203,0.993278,5.66369e-05,0.634761,1,0
3.64258,0.302734,0.98764,5.21794e-05,0.634761,1,0
3.66211,0.283203,0.993281,5.6079e-05,0.632811,1,0
3.66211,0.302734,0.987646,5.16147e-05,0.632811,1,0
3.68164,0.166016,1.00072,5.43223e-05,0.630859,1,0
3.68164,0.185547,1.00053,5.73869e-05,0.630859,1,0
3.70117,0.166016,1.00071,5.38518e-05,0.628909,1,0
3.70117,0.185547,1.00052,5.6895e-05,0.628909,1,0
3.68164,0.205078,1.00019,5.94209e-05,0.630859,1,0
3.68164,0.224609,0.999588,6.03918e-05,0.63086,1,0
3.70117,0.205078,1.00019,5.89097e-05,0.628909,1,0
3.70117,0.224609,0.999588,5.9862e-05,0.628909,1,0
3.7207,0.166016,1.00071,5.33725e-05,0.626958,1,0
3.7207,0.185547,1.00052,5.63942e-05,0.626958,1,0
3.74023,0.166016,1.00071,5.28844e-05,0.625007,1,0
3.74023,0.185547,1.00052,5.58842e-05,0.625007,1,0
3.7207,0.205078,1.00019,5.83895e-05,0.626958,1,0
3.7207,0.224609,0.999587,5.93231e-05,0.626958,1,0
3.74023,0.205078,1.00019,5.786e-05,0.625008,1,0
3.74023,0.224609,0.999587,5.8775e-05,0.625008,1,0
3.68164,0.244141,0.998509,6.01245e-05,0.63086,1,0
3.68164,0.263672,0.996601,5.85357e-05,0.63086,1,0
3.70117,0.244141,0.99851,5.95776e-05,0.628909,1,0
3.70117,0.263672,0.996603,5.79737e-05,0.628909,1,0
3.68164,0.283203,0.993285,5.55134e-05,0.63086,1,0
3.68164,0.302734,0.987651,5.1043e-05,0.63086,1,0
3.70117,0.283203,0.993289,5.49401e-05,0.628909,1,0
3.70117,0.302734,0.987656,5.04645e-05,0.62891,1,0
3.7207,0.244141,0.998511,5.90219e-05,0.626958,1,0
3.7207,0.263672,0.996606,5.74032e-05,0.626959,1,0
3.74023,0.244141,0.998512,5.84573e-05,0.625008,1,0
3.74023,0.263672,0.996608,5.68244e-05,0.625008,1,0
3.7207,0.283203,0.993293,5.4359e-05,0.626959,1,0
3.7207,0.302734,0.987661,4.98791e-05,0.626959,1,0
3.74023,0.283203,0.993296,5.37701e-05,0.625008,1,0
3.74023,0.302734,0.987666,4.92868e-05,0.625008,1,0
3.44727,0.322266,0.978232,5.15949e-05,0.654267,1,0
3.44727,0.341797,0.963131,4.44572e-05,0.654267,1,0
3.4668,0.322266,0.978238,5.1097e-05,0.652316,1,0
3.4668,0.341797,0.963138,4.39624e-05,0.652317,1,0
3.44727,0.361328,0.939396,3.63383e-05,0.654267,1,0
3.44727,0.380859,0.903082,2.77927e-05,0.654268,1,0
3.4668,0.361328,0.939404,3.58622e-05,0.652317,1,0
3.4668,0.380859,0.903091,2.73562e-05,0.652317,1,0
3.48633,0.322266,0.978245,5.05918e-05,0.650366,1,0
3.48633,0.341797,0.963146,4.34615e-05,0.650366,1,0
3.50586,0.322266,0.978251,5.00797e-05,0.648415,1,0
3.50586,0.341797,0.963153,4.29549e-05,0.648416,1,0
3.48633,0.361328,0.939412,3.53818e-05,0.650366,1,0
3.48633,0.380859,0.903099,2.69172e-05,0.650367,1,0
3.50586,0.361328,0.939421,3.48972e-05,0.648416,1,0
3.50586,0.380859,0.903107,2.64762e-05,0.648416,1,0
3.44727,0.400391,0.849003,1.94695e-05,0.654268,1,0
3.44727,0.419922,0.770602,1.21929e-05,0.654268,1,0
3.4668,0.400391,0.849011,1.90993e-05,0.652317,1,0
3.4668,0.419922,0.770609,1.19135e-05,0.652317,1,0
3.44727,0.439453,0.659905,6.50485e-06,0.654268,1,0
3.44727,0.458984,0.507592,2.81294e-06,0.654268,1,0
3.4668,0.439453,0.65991,6.3312e-06,0.652317,1,0
3.4668,0.458984,0.507595,2.73202e-06,0.652317,1,0
3.48633,0.400391,0.849019,1.87289e-05,0.650367,1,0
3.48633,0.419922,0.770615,1.16356e-05,0.650367,1,0
3.50586,0.400391,0.849027,1.83587e-05,0.648416,1,0
3.50586,0.419922,0.770621,1.13596e-05,0.648416,1,0
3.48633,0.439453,0.659915,6.15964e-06,0.650367,1,0
3.48633,0.458984,0.507598,2.65245e-06,0.650367,1,0
3.50586,0.439453,0.659919,5.99026e-06,0.648416,1,0
3.50586,0.458984,0.507601,2.57428e-06,0.648416,1,0
3.52539,0.322266,0.978258,4.95607e-05,0.646465,1,0
3.52539,0.341797,0.963161,4.24427e-05,0.646465,1,0
3.54492,0.322266,0.978264,4.90352e-05,0.644514,1,0
3.54492,0.341797,0.963169,4.19253e-05,0.644515,1,0
3.52539,0.361328,0.939429,3.44087e-05,0.646465,1,0
3.52539,0.380859,0.903115,2.60335e-05,0.646466,1,0
3.54492,0.361328,0.939437,3.39167e-05,0.644515,1,0
3.54492,0.380859,0.903124,2.55892e-05,0.644515,1,0
3.56445,0.322266,0.978271,4.85033e-05,0.642564,1,0
3.56445,0.341797,0.963176,4.14027e-05,0.642564,1,0
3.58398,0.322266,0.978277,4.79651e-05,0.640613,1,0
3.58398,0.341797,0.963184,4.08753e-05,0.640614,1,0
3.56445,0.361328,0.939445,3.34213e-05,0.642564,1,0
3.56445,0.380859,0.903132,2.51437e-05,0.642564,1,0
3.58398,0.361328,0.939453,3.29227e-05,0.640614,1,0
3.58398,0.380859,0.90314,2.46971e-05,0.640614,1,0
3.52539,0.400391,0.849034,1.79888e-05,0.646466,1,0
3.52539,0.419922,0.770627,1.10855e-05,0.646466,1,0
3.54492,0.400391,0.849041,1.76196e-05,0.644515,1,0
3.54492,0.419922,0.770633,1.08136e-05,0.644515,1,0
3.52539,0.439453,0.659923,5.82314e-06,0.646466,1,0
3.52539,0.458984,0.507603,2.49749e-06,0.646466,1,0
3.54492,0.439453,0.659928,5.65832e-06,0.644515,1,0
3.54492,0.458984,0.507606,2.42212e-06,0.644515,1,0
3.56445,0.400391,0.849049,1.72511e-05,0.642565,1,0
3.56445,0.419922,0.770639,1.05438e-05,0.642565,1,0
3.58398,0.400391,0.849056,1.68836e-05,0.640614,1,0
3.58398,0.419922,0.770645,1.02764e-05,0.640614,1,0
3.56445,0.439453,0.659932,5.49585e-06,0.642565,1,0
3.56445,0.458984,0.507608,2.34816e-06,0.642565,1,0
3.58398,0.439453,0.659936,5.33574e-06,0.640614,1,0
3.58398,0.458984,0.507611,2.27562e-06,0.640614,1,0
3.44727,0.478516,0.303189,6.17486e-07,0.654268,1,0
3.44727,0.498047,0.0353707,-2.40226e-07,0.654268,0.6,0
3.4668,0.478516,0.30319,6.02366e-07,0.652317,1,0
3.4668,0.498047,0.0353711,-2.3094e-07,0.652317,0.6,0
3.48633,0.478516,0.303192,5.87458e-07,0.650367,1,0
3.48633,0.498047,0.0353714,-2.21929e-07,0.650367,0.6,0
3.50586,0.478516,0.303193,5.72769e-07,0.648416,1,0
3.50586,0.498047,0.0353718,-2.13207e-07,0.648416,0.6,0
3.52539,0.478516,0.303195,5.5831e-07,0.646466,1,0
3.52539,0.498047,0.0353721,-2.0475e-07,0.646466,0.6,0
3.54492,0.478516,0.303196,5.44083e-07,0.644515,1,0
3.54492,0.498047,0.0353725,-1.96568e-07,0.644515,0.6,0
3.56445,0.478516,0.303197,5.30095e-07,0.642565,1,0
3.56445,0.498047,0.0353728,-1.88639e-07,0.642565,0.6,0
3.58398,0.478516,0.303198,5.16345e-07,0.640614,1,0
3.58398,0.498047,0.0353731,-1.80974e-07,0.640614,0.6,0
3.60352,0.322266,0.978284,4.74208e-05,0.638663,1,0
3.60352,0.341797,0.963191,4.03431e-05,0.638663,1,0
3.62305,0.322266,0.97829,4.68705e-05,0.636712,1,0
3.62305,0.341797,0.963199,3.98063e-05,0.636712,1,0
3.60352,0.361328,0.939461,3.24212e-05,0.638663,1,0
3.60352,0.380859,0.903148,2.42497e-05,0.638663,1,0
3.62305,0.361328,0.93947,3.19169e-05,0.636713,1,0
3.62305,0.380859,0.903156,2.38015e-05,0.636713,1,0
3.64258,0.322266,0.978297,4.63142e-05,0.634762,1,0
3.64258,0.341797,0.963206,3.9265e-05,0.634762,1,0
3.66211,0.322266,0.978303,4.57521e-05,0.632811,1,0
3.66211,0.341797,0.963214,3.87193e-05,0.632811,1,0
3.64258,0.361328,0.939477,3.141e-05,0.634762,1,0
3.64258,0.380859,0.903163,2.33529e-05,0.634762,1,0
3.66211,0.361328,0.939485,3.09005e-05,0.632811,1,0
3.66211,0.380859,0.903171,2.29038e-05,0.632812,1,0
3.60352,0.400391,0.849063,1.65173e-05,0.638663,1,0
3.60352,0.419922,0.770651,1.00114e-05,0.638664,1,0
3.62305,0.400391,0.84907,1.61522e-05,0.636713,1,0
3.62305,0.419922,0.770657,9.74881e-06,0.636713,1,0
3.60352,0.439453,0.65994,5.17802e-06,0.638664,1,0
3.60352,0.458984,0.507613,2.20448e-06,0.638664,1,0
3.62305,0.439453,0.659944,5.02269e-06,0.636713,1,0
3.62305,0.458984,0.507616,2.13474e-06,0.636713,1,0
3.64258,0.400391,0.849077,1.57885e-05,0.634762,1,0
3.64258,0.419922,0.770662,9.48879e-06,0.634762,1,0
3.66211,0.400391,0.849084,1.54263e-05,0.632812,1,0
3.66211,0.419922,0.770667,9.23133e-06,0.632812,1,0
3.64258,0.439453,0.659947,4.86975e-06,0.634762,1,0
3.64258,0.458984,0.507618,2.06636e-06,0.634762,1,0
3.66211,0.439453,0.659951,4.71919e-06,0.632812,1,0
3.66211,0.458984,0.50762,1.99936e-06,0.632812,1,0
3.68164,0.322266,0.97831,4.51842e-05,0.63086,1,0
3.68164,0.341797,0.963221,3.81694e-05,0.630861,1,0
3.70117,0.322266,0.978316,4.46107e-05,0.62891,1,0
3.70117,0.341797,0.963228,3.76153e-05,0.62891,1,0
3.68164,0.361328,0.939493,3.03887e-05,0.630861,1,0
3.68164,0.380859,0.903179,2.24544e-05,0.630861,1,0
3.70117,0.361328,0.939501,2.98746e-05,0.62891,1,0
3.70117,0.380859,0.903187,2.20049e-05,0.62891,1,0
3.7207,0.322266,0.978322,4.40314e-05,0.626959,1,0
3.7207,0.341797,0.963236,3.70571e-05,0.626959,1,0
3.74023,0.322266,0.978329,4.34465e-05,0.625009,1,0
3.74023,0.341797,0.963243,3.64949e-05,0.625009,1,0
3.7207,0.361328,0.939509,2.93583e-05,0.62696,1,0
3.7207,0.380859,0.903194,2.15553e-05,0.62696,1,0
3.74023,0.361328,0.939517,2.884e-05,0.625009,1,0
3.74023,0.380859,0.903202,2.11057e-05,0.625009,1,0
3.68164,0.400391,0.849091,1.50657e-05,0.630861,1,0
3.68164,0.419922,0.770673,8.97649e-06,0.630861,1,0
3.70117,0.400391,0.849098,1.47068e-05,0.62891,1,0
3.70117,0.419922,0.770678,8.72426e-06,0.628911,1,0
3.68164,0.439453,0.659955,4.571e-06,0.630861,1,0
3.68164,0.458984,0.507622,1.9337e-06,0.630861,1,0
3.70117,0.439453,0.659958,4.42516e-06,0.628911,1,0
3.70117,0.458984,0.507624,1.86938e-06,0.628911,1,0
3.7207,0.400391,0.849104,1.43495e-05,0.62696,1,0
3.7207,0.419922,0.770683,8.47468e-06,0.62696,1,0
3.74023,0.400391,0.849111,1.39941e-05,0.625009,1,0
3.74023,0.419922,0.770688,8.22776e-06,0.625009,1,0
3.7207,0.439453,0.659961,4.28167e-06,0.62696,1,0
3.7207,0.458984,0.507626,1.80636e-06,0.62696,1,0
3.74023,0.439453,0.659965,4.1405e-06,0.625009,1,0
3.74023,0.458984,0.507628,1.74465e-06,0.625009,1,0
3.60352,0.478516,0.3032,5.02834e-07,0.638664,1,0
3.60352,0.498047,0.0353734,-1.73549e-07,0.638664,0.6,0
3.62305,0.478516,0.303201,4.89561e-07,0.636713,1,0
3.62305,0.498047,0.0353737,-1.66375e-07,0.636713,0.6,0
3.64258,0.478516,0.303202,4.76523e-07,0.634762,1,0
3.64258,0.498047,0.035374,-1.59429e-07,0.634763,0.6,0
3.66211,0.478516,0.303203,4.63719e-07,0.632812,1,0
3.66211,0.498047,0.0353743,-1.52722e-07,0.632812,0.6,0
3.68164,0.478516,0.303204,4.51144e-07,0.630861,1,0
3.68164,0.498047,0.0353746,-1.46231e-07,0.630861,0.6,0
3.70117,0.478516,0.303205,4.38795e-07,0.628911,1,0
3.70117,0.498047,0.0353749,-1.39967e-07,0.628911,0.6,0
3.7207,0.478516,0.303206,4.26667e-07,0.62696,1,0
3.7207,0.498047,0.0353752,-1.33907e-07,0.62696,0.6,0
3.74023,0.478516,0.303207,4.14758e-07,0.625009,1,0
3.74023,0.498047,0.0353755,-1.28064e-07,0.625009,0.6,0
3.75977,0.00976562,1.00087,6.25233e-06,0.623056,1,0
3.75977,0.0292969,1.00091,1.37029e-05,0.623056,1,0
3.7793,0.00976562,1.00086,6.14576e-06,0.621105,1,0
3.7793,0.0292969,1.0009,1.34882e-05,0.621105,1,0
3.75977,0.0488281,1.00093,1.95788e-05,0.623056,1,0
3.75977,0.0683594,1.00094,2.67047e-05,0.623056,1,0
3.7793,0.0488281,1.00092,1.93055e-05,0.621105,1,0
3.7793,0.0683594,1.00093,2.63631e-05,0.621105,1,0
3.79883,0.00976562,1.00086,6.03811e-06,0.619155,1,0
3.79883,0.0292969,1.00089,1.3271e-05,0.619155,1,0
3.81836,0.00976562,1.00085,5.9294e-06,0.617204,1,0
3.81836,0.0292969,1.00089,1.30513e-05,0.617204,1,0
3.79883,0.0488281,1.00092,1.90286e-05,0.619155,1,0
3.79883,0.0683594,1.00092,2.60163e-05,0.619155,1,0
3.81836,0.0488281,1.00091,1.87479e-05,0.617204,1,0
3.81836,0.0683594,1.00092,2.56645e-05,0.617204,1,0
3.75977,0.0878906,1.00093,3.27376e-05,0.623056,1,0
3.75977,0.107422,1.00091,3.87987e-05,0.623056,1,0
3.7793,0.0878906,1.00092,3.23544e-05,0.621106,1,0
3.7793,0.107422,1.0009,3.83739e-05,0.621106,1,0
3.75977,0.126953,1.00087,4.39539e-05,0.623056,1,0
3.75977,0.146484,1.00081,4.86186e-05,0.623057,1,0
3.7793,0.126953,1.00087,4.34995e-05,0.621106,1,0
3.7793,0.146484,1.0008,4.81357e-05,0.621106,1,0
3.79883,0.0878906,1.00092,3.19649e-05,0.619155,1,0
3.79883,0.107422,1.0009,3.79417e-05,0.619155,1,0
3.81836,0.0878906,1.00091,3.15691e-05,0.617204,1,0
3.81836,0.107422,1.00089,3.75021e-05,0.617204,1,0
3.79883,0.126953,1.00086,4.30371e-05,0.619155,1,0
3.79883,0.146484,1.0008,4.76441e-05,0.619155,1,0
3.81836,0.126953,1.00086,4.25665e-05,0.617204,1,0
3.81836,0.146484,1.0008,4.71436e-05,0.617205,1,0
3.83789,0.00976562,1.00085,5.81966e-06,0.615253,1,0
3.83789,0.0292969,1.00088,1.28293e-05,0.615253,1,0
3.85742,0.00976562,1.00084,5.70891e-06,0.613303,1,0
3.85742,0.0292969,1.00088,1.26049e-05,0.613303,1,0
3.83789,0.0488281,1.0009,1.84636e-05,0.615253,1,0
3.83789,0.0683594,1.00091,2.53076e-05,0.615253,1,0
3.85742,0.0488281,1.0009,1.81757e-05,0.613303,1,0
3.85742,0.0683594,1.00091,2.49457e-05,0.613303,1,0
3.87695,0.00976562,1.00084,5.59719e-06,0.611352,1,0
3.87695,0.0292969,1.00087,1.23782e-05,0.611352,1,0
3.89648,0.00976562,1.00083,5.48453e-06,0.609401,1,0
3.89648,0.0292969,1.00086,1.21492e-05,0.609401,1,0
3.87695,0.0488281,1.00089,1.78843e-05,0.611352,1,0
3.87695,0.0683594,1.0009,2.45786e-05,0.611352,1,0
3.89648,0.0488281,1.00088,1.75892e-05,0.609401,1,0
3.89648,0.0683594,1.00089,2.42066e-05,0.609401,1,0
3.83789,0.0878906,1.00091,3.1167e-05,0.615254,1,0
3.83789,0.107422,1.00089,3.70552e-05,0.615254,1,0
3.85742,0.0878906,1.0009,3.07586e-05,0.613303,1,0
3.85742,0.107422,1.00088,3.66008e-05,0.613303,1,0
3.83789,0.126953,1.00085,4.20876e-05,0.615254,1,0
3.83789,0.146484,1.00079,4.66343e-05,0.615254,1,0
3.85742,0.126953,1.00085,4.16004e-05,0.613303,1,0
3.85742,0.146484,1.00079,4.6116e-05,0.613303,1,0
3.87695,0.0878906,1.00089,3.03439e-05,0.611352,1,0
3.87695,0.107422,1.00088,3.61389e-05,0.611352,1,0
3.89648,0.0878906,1.00089,2.99228e-05,0.609402,1,0
3.89648,0.107422,1.00087,3.56695e-05,0.609402,1,0
3.87695,0.126953,1.00084,4.11049e-05,0.611352,1,0
3.87695,0.146484,1.00078,4.55885e-05,0.611353,1,0
3.89648,0.126953,1.00084,4.06008e-05,0.609402,1,0
3.89648,0.146484,1.00078,4.50519e-05,0.609402,1,0
3.75977,0.166016,1.0007,5.23873e-05,0.623057,1,0
3.75977,0.185547,1.00052,5.5365e-05,0.623057,1,0
3.7793,0.166016,1.0007,5.18811e-05,0.621106,1,0
3.7793,0.185547,1.00051,5.48365e-05,0.621106,1,0
3.75977,0.205078,1.00018,5.73213e-05,0.623057,1,0
3.75977,0.224609,0.999587,5.82178e-05,0.623057,1,0
3.7793,0.205078,1.00018,5.67732e-05,0.621106,1,0
3.7793,0.224609,0.999587,5.76514e-05,0.621106,1,0
3.79883,0.166016,1.0007,5.13659e-05,0.619155,1,0
3.79883,0.185547,1.00051,5.42987e-05,0.619155,1,0
3.81836,0.166016,1.00069,5.08413e-05,0.617205,1,0
3.81836,0.185547,1.00051,5.37513e-05,0.617205,1,0
3.79883,0.205078,1.00018,5.62157e-05,0.619156,1,0
3.79883,0.224609,0.999586,5.70755e-05,0.619156,1,0
3.81836,0.205078,1.00018,5.56486e-05,0.617205,1,0
3.81836,0.224609,0.999586,5.64902e-05,0.617205,1,0
3.75977,0.244141,0.998513,5.78838e-05,0.623057,1,0
3.75977,0.263672,0.99661,5.6237e-05,0.623057,1,0
3.7793,0.244141,0.998514,5.73013e-05,0.621107,1,0
3.7793,0.263672,0.996613,5.56411e-05,0.621107,1,0
3.75977,0.283203,0.9933,5.31734e-05,0.623058,1,0
3.75977,0.302734,0.987671,4.86877e-05,0.623058,1,0
3.7793,0.283203,0.993304,5.25688e-05,0.621107,1,0
3.7793,0.302734,0.987677,4.80816e-05,0.621107,1,0
3.79883,0.244141,0.998515,5.67097e-05,0.619156,1,0
3.79883,0.263672,0.996615,5.50365e-05,0.619156,1,0
3.81836,0.244141,0.998516,5.61089e-05,0.617205,1,0
3.81836,0.263672,0.996617,5.44233e-05,0.617205,1,0
3.79883,0.283203,0.993308,5.19563e-05,0.619156,1,0
3.79883,0.302734,0.987682,4.74687e-05,0.619156,1,0
3.81836,0.283203,0.993311,5.13358e-05,0.617206,1,0
3.81836,0.302734,0.987687,4.68487e-05,0.617206,1,0
3.83789,0.166016,1.00069,5.03075e-05,0.615254,1,0
3.83789,0.185547,1.00051,5.31944e-05,0.615254,1,0
3.85742,0.166016,1.00069,4.97641e-05,0.613303,1,0
3.85742,0.185547,1.0005,5.26277e-05,0.613303,1,0
3.83789,0.205078,1.00018,5.50718e-05,0.615254,1,0
3.83789,0.224609,0.999586,5.58953e-05,0.615254,1,0
3.85742,0.205078,1.00018,5.44852e-05,0.613304,1,0
3.85742,0.224609,0.999586,5.52907e-05,0.613304,1,0
3.87695,0.166016,1.00068,4.92113e-05,0.611353,1,0
3.87695,0.185547,1.0005,5.20512e-05,0.611353,1,0
3.89648,0.166016,1.00068,4.86487e-05,0.609402,1,0
3.89648,0.185547,1.0005,5.14647e-05,0.609402,1,0
3.87695,0.205078,1.00018,5.38887e-05,0.611353,1,0
3.87695,0.224609,0.999585,5.46763e-05,0.611353,1,0
3.89648,0.205078,1.00018,5.32821e-05,0.609402,1,0
3.89648,0.224609,0.999585,5.40519e-05,0.609402,1,0
3.83789,0.244141,0.998517,5.54988e-05,0.615255,1,0
3.83789,0.263672,0.99662,5.38013e-05,0.615255,1,0
3.85742,0.244141,0.998518,5.48793e-05,0.613304,1,0
3.85742,0.263672,0.996622,5.31704e-05,0.613304,1,0
3.83789,0.283203,0.993315,5.07073e-05,0.615255,1,0
3.83789,0.302734,0.987692,4.62218e-05,0.615255,1,0
3.85742,0.283203,0.993319,5.00708e-05,0.613304,1,0
3.85742,0.302734,0.987697,4.55879e-05,0.613304,1,0
3.87695,0.244141,0.998519,5.42503e-05,0.611353,1,0
3.87695,0.263672,0.996625,5.25305e-05,0.611353,1,0
3.89648,0.244141,0.998521,5.36116e-05,0.609402,1,0
3.89648,0.263672,0.996627,5.18816e-05,0.609403,1,0
3.87695,0.283203,0.993323,4.9426e-05,0.611354,1,0
3.87695,0.302734,0.987702,4.4947e-05,0.611354,1,0
3.89648,0.283203,0.993327,4.8773e-05,0.609403,1,0
3.89648,0.302734,0.987707,4.42989e-05,0.609403,1,0
3.91602,0.00976562,1.00083,5.37097e-06,0.607451,1,0
3.91602,0.0292969,1.00086,1.1918e-05,0.607451,1,0
3.93555,0.00976562,1.00082,5.25655e-06,0.6055,1,0
3.93555,0.0292969,1.00085,1.16847e-05,0.6055,1,0
3.91602,0.0488281,1.00088,1.72907e-05,0.607451,1,0
3.91602,0.0683594,1.00089,2.38295e-05,0.607451,1,0
3.93555,0.0488281,1.00087,1.69887e-05,0.6055,1,0
3.93555,0.0683594,1.00088,2.34474e-05,0.6055,1,0
3.95508,0.00976562,1.00082,5.14131e-06,0.603549,1,0
3.95508,0.0292969,1.00085,1.14493e-05,0.603549,1,0
3.97461,0.00976562,1.00081,5.0253e-06,0.601599,1,0
3.97461,0.0292969,1.00084,1.12119e-05,0.601598,1,0
3.95508,0.0488281,1.00087,1.66833e-05,0.603549,1,0
3.95508,0.0683594,1.00088,2.30603e-05,0.603549,1,0
3.97461,0.0488281,1.00086,1.63745e-05,0.601599,1,0
3.97461,0.0683594,1.00087,2.26683e-05,0.601599,1,0
3.91602,0.0878906,1.00088,2.94954e-05,0.607451,1,0
3.91602,0.107422,1.00087,3.51925e-05,0.607451,1,0
3.93555,0.0878906,1.00088,2.90616e-05,0.6055,1,0
3.93555,0.107422,1.00086,3.47079e-05,0.6055,1,0
3.91602,0.126953,1.00083,4.00883e-05,0.607451,1,0
3.91602,0.146484,1.00078,4.45061e-05,0.607451,1,0
3.93555,0.126953,1.00083,3.95672e-05,0.6055,1,0
3.93555,0.146484,1.00077,4.39508e-05,0.6055,1,0
3.95508,0.0878906,1.00087,2.86215e-05,0.603549,1,0
3.95508,0.107422,1.00086,3.42157e-05,0.603549,1,0
3.97461,0.0878906,1.00087,2.8175e-05,0.601599,1,0
3.97461,0.107422,1.00085,3.37158e-05,0.601599,1,0
3.95508,0.126953,1.00082,3.90374e-05,0.60355,1,0
3.95508,0.146484,1.00077,4.33862e-05,0.60355,1,0
3.97461,0.126953,1.00082,3.84989e-05,0.601599,1,0
3.97461,0.146484,1.00076,4.28119e-05,0.601599,1,0
3.99414,0.00976562,1.00081,4.90857e-06,0.599648,1,0
3.99414,0.0292969,1.00084,1.09725e-05,0.599648,1,0
4.01367,0.00976562,1.0008,4.79117e-06,0.597697,1,0
4.01367,0.0292969,1.00083,1.07314e-05,0.597697,1,0
3.99414,0.0488281,1.00085,1.60625e-05,0.599648,1,0
3.99414,0.0683594,1.00086,2.22715e-05,0.599648,1,0
4.01367,0.0488281,1.00085,1.57472e-05,0.597697,1,0
4.01367,0.0683594,1.00086,2.18698e-05,0.597697,1,0
4.0332,0.00976562,1.0008,4.67317e-06,0.595746,1,0
4.0332,0.0292969,1.00082,1.04885e-05,0.595746,1,0
4.05273,0.00976562,1.00079,4.55461e-06,0.593795,1,0
4.05273,0.0292969,1.00082,1.02439e-05,0.593795,1,0
4.0332,0.0488281,1.00084,1.54288e-05,0.595746,1,0
4.0332,0.0683594,1.00085,2.14634e-05,0.595746,1,0
4.05273,0.0488281,1.00084,1.51074e-05,0.593796,1,0
4.05273,0.0683594,1.00085,2.10522e-05,0.593796,1,0
3.99414,0.0878906,1.00086,2.77222e-05,0.599648,1,0
3.99414,0.107422,1.00085,3.32082e-05,0.599648,1,0
4.01367,0.0878906,1.00086,2.7263e-05,0.597697,1,0
4.01367,0.107422,1.00084,3.2693e-05,0.597697,1,0
3.99414,0.126953,1.00082,3.79516e-05,0.599648,1,0
3.99414,0.146484,1.00076,4.22281e-05,0.599648,1,0
4.01367,0.126953,1.00081,3.73955e-05,0.597697,1,0
4.01367,0.146484,1.00076,4.16345e-05,0.597697,1,0
4.0332,0.0878906,1.00085,2.67976e-05,0.595746,1,0
4.0332,0.107422,1.00084,3.217e-05,0.595746,1,0
4.05273,0.0878906,1.00084,2.63259e-05,0.593796,1,0
4.05273,0.107422,1.00083,3.16393e-05,0.593796,1,0
4.0332,0.126953,1.00081,3.68306e-05,0.595747,1,0
4.0332,0.146484,1.00075,4.10312e-05,0.595747,1,0
4.05273,0.126953,1.0008,3.62567e-05,0.593796,1,0
4.05273,0.146484,1.00075,4.0418e-05,0.593796,1,0
3.91602,0.166016,1.00068,4.80764e-05,0.607451,1,0
3.91602,0.185547,1.0005,5.08681e-05,0.607451,1,0
3.93555,0.166016,1.00067,4.74942e-05,0.605501,1,0
3.93555,0.185547,1.00049,5.02613e-05,0.605501,1,0
3.91602,0.205078,1.00017,5.26654e-05,0.607451,1,0
3.91602,0.224609,0.999585,5.34175e-05,0.607452,1,0
3.93555,0.205078,1.00017,5.20383e-05,0.605501,1,0
3.93555,0.224609,0.999585,5.27728e-05,0.605501,1,0
3.95508,0.166016,1.00067,4.6902e-05,0.60355,1,0
3.95508,0.185547,1.00049,4.96442e-05,0.60355,1,0
3.97461,0.166016,1.00067,4.62997e-05,0.601599,1,0
3.97461,0.185547,1.00049,4.90167e-05,0.601599,1,0
3.95508,0.205078,1.00017,5.14008e-05,0.60355,1,0
3.95508,0.224609,0.999585,5.21179e-05,0.60355,1,0
3.97461,0.205078,1.00017,5.07528e-05,0.601599,1,0
3.97461,0.224609,0.999585,5.14525e-05,0.601599,1,0
3.91602,0.244141,0.998522,5.29633e-05,0.607452,1,0
3.91602,0.263672,0.996629,5.12235e-05,0.607452,1,0
3.93555,0.244141,0.998523,5.23051e-05,0.605501,1,0
3.93555,0.263672,0.996632,5.05561e-05,0.605501,1,0
3.91602,0.283203,0.99333,4.81117e-05,0.607452,1,0
3.91602,0.302734,0.987712,4.36437e-05,0.607452,1,0
3.93555,0.283203,0.993334,4.7442e-05,0.605501,1,0
3.93555,0.302734,0.987717,4.29814e-05,0.605502,1,0
3.95508,0.244141,0.998524,5.16369e-05,0.60355,1,0
3.95508,0.263672,0.996634,4.98794e-05,0.60355,1,0
3.97461,0.244141,0.998525,5.09586e-05,0.6016,1,0
3.97461,0.263672,0.996637,4.91932e-05,0.6016,1,0
3.95508,0.283203,0.993338,4.67639e-05,0.603551,1,0
3.95508,0.302734,0.987723,4.23118e-05,0.603551,1,0
3.97461,0.283203,0.993342,4.60772e-05,0.6016,1,0
3.97461,0.302734,0.987728,4.1635e-05,0.6016,1,0
3.99414,0.166016,1.00066,4.56871e-05,0.599648,1,0
3.99414,0.185547,1.00049,4.83785e-05,0.599648,1,0
4.01367,0.166016,1.00066,4.50642e-05,0.597698,1,0
4.01367,0.185547,1.00049,4.77296e-05,0.597698,1,0
3.99414,0.205078,1.00017,5.0094e-05,0.599649,1,0
3.99414,0.224609,0.999585,5.07765e-05,0.599649,1,0
4.01367,0.205078,1.00017,4.94244e-05,0.597698,1,0
4.01367,0.224609,0.999585,5.00897e-05,0.597698,1,0
4.0332,0.166016,1.00066,4.44309e-05,0.595747,1,0
4.0332,0.185547,1.00048,4.70699e-05,0.595747,1,0
4.05273,0.166016,1.00065,4.37871e-05,0.593796,1,0
4.05273,0.185547,1.00048,4.63993e-05,0.593796,1,0
4.0332,0.205078,1.00017,4.87438e-05,0.595747,1,0
4.0332,0.224609,0.999584,4.93921e-05,0.595747,1,0
4.05273,0.205078,1.00017,4.80521e-05,0.593796,1,0
4.05273,0.224609,0.999584,4.86835e-05,0.593796,1,0
3.99414,0.244141,0.998526,5.02701e-05,0.599649,1,0
3.99414,0.263672,0.996639,4.84974e-05,0.599649,1,0
4.01367,0.244141,0.998527,4.95712e-05,0.597698,1,0
4.01367,0.263672,0.996642,4.7792e-05,0.597698,1,0
3.99414,0.283203,0.993346,4.53819e-05,0.599649,1,0
3.99414,0.302734,0.987733,4.0951e-05,0.599649,1,0
4.01367,0.283203,0.993349,4.46779e-05,0.597698,1,0
4.01367,0.302734,0.987738,4.02596e-05,0.597699,1,0
4.0332,0.244141,0.998528,4.88619e-05,0.595747,1,0
4.0332,0.263672,0.996644,4.70767e-05,0.595747,1,0
4.05273,0.244141,0.99853,4.81419e-05,0.593797,1,0
4.05273,0.263672,0.996647,4.63516e-05,0.593797,1,0
4.0332,0.283203,0.993353,4.39652e-05,0.595748,1,0
4.0332,0.302734,0.987743,3.95608e-05,0.595748,1,0
4.05273,0.283203,0.993357,4.32436e-05,0.593797,1,0
4.05273,0.302734,0.987748,3.88546e-05,0.593797,1,0
3.75977,0.322266,0.978335,4.28559e-05,0.623058,1,0
3.75977,0.341797,0.96325,3.59287e-05,0.623058,1,0
3.7793,0.322266,0.978342,4.22598e-05,0.621107,1,0
3.7793,0.341797,0.963258,3.53585e-05,0.621107,1,0
3.75977,0.361328,0.939524,2.83196e-05,0.623058,1,0
3.75977,0.380859,0.903209,2.06563e-05,0.623058,1,0
3.7793,0.361328,0.939532,2.77974e-05,0.621108,1,0
3.7793,0.380859,0.903216,2.0207e-05,0.621108,1,0
3.79883,0.322266,0.978348,4.1658e-05,0.619157,1,0
3.79883,0.341797,0.963265,3.47845e-05,0.619157,1,0
3.81836,0.322266,0.978354,4.10507e-05,0.617206,1,0
3.81836,0.341797,0.963272,3.42067e-05,0.617206,1,0
3.79883,0.361328,0.939539,2.72732e-05,0.619157,1,0
3.79883,0.380859,0.903223,1.9758e-05,0.619157,1,0
3.81836,0.361328,0.939547,2.67473e-05,0.617206,1,0
3.81836,0.380859,0.903231,1.93094e-05,0.617206,1,0
3.75977,0.400391,0.849117,1.36405e-05,0.623059,1,0
3.75977,0.419922,0.770693,7.98351e-06,0.623059,1,0
3.7793,0.400391,0.849123,1.32889e-05,0.621108,1,0
3.7793,0.419922,0.770698,7.74195e-06,0.621108,1,0
3.75977,0.439453,0.659968,4.00165e-06,0.623059,1,0
3.75977,0.458984,0.50763,1.68421e-06,0.623059,1,0
3.7793,0.439453,0.659971,3.86508e-06,0.621108,1,0
3.7793,0.458984,0.507631,1.62503e-06,0.621108,1,0
3.79883,0.400391,0.84913,1.29391e-05,0.619157,1,0
3.79883,0.419922,0.770702,7.50309e-06,0.619157,1,0
3.81836,0.400391,0.849136,1.25914e-05,0.617207,1,0
3.81836,0.419922,0.770707,7.26692e-06,0.617207,1,0
3.79883,0.439453,0.659974,3.73081e-06,0.619157,1,0
3.79883,0.458984,0.507633,1.56711e-06,0.619157,1,0
3.81836,0.439453,0.659977,3.5988e-06,0.617207,1,0
3.81836,0.458984,0.507635,1.51042e-06,0.617207,1,0
3.83789,0.322266,0.978361,4.04378e-05,0.615255,1,0
3.83789,0.341797,0.963279,3.3625e-05,0.615255,1,0
3.85742,0.322266,0.978367,3.98194e-05,0.613305,1,0
3.85742,0.341797,0.963286,3.30396e-05,0.613305,1,0
3.83789,0.361328,0.939554,2.62197e-05,0.615256,1,0
3.83789,0.380859,0.903238,1.88611e-05,0.615256,1,0
3.85742,0.361328,0.939562,2.56905e-05,0.613305,1,0
3.85742,0.380859,0.903245,1.84134e-05,0.613305,1,0
3.87695,0.322266,0.978373,3.91954e-05,0.611354,1,0
3.87695,0.341797,0.963293,3.24505e-05,0.611354,1,0
3.89648,0.322266,0.978379,3.85658e-05,0.609403,1,0
3.89648,0.341797,0.9633,3.18578e-05,0.609403,1,0
3.87695,0.361328,0.939569,2.51597e-05,0.611354,1,0
3.87695,0.380859,0.903251,1.79662e-05,0.611354,1,0
3.89648,0.361328,0.939576,2.46273e-05,0.609403,1,0
3.89648,0.380859,0.903258,1.75196e-05,0.609404,1,0
3.83789,0.400391,0.849142,1.22457e-05,0.615256,1,0
3.83789,0.419922,0.770711,7.03349e-06,0.615256,1,0
3.85742,0.400391,0.849148,1.19022e-05,0.613305,1,0
3.85742,0.419922,0.770716,6.80279e-06,0.613305,1,0
3.83789,0.439453,0.65998,3.46906e-06,0.615256,1,0
3.83789,0.458984,0.507636,1.45496e-06,0.615256,1,0
3.85742,0.439453,0.659983,3.34158e-06,0.613305,1,0
3.85742,0.458984,0.507638,1.40071e-06,0.613305,1,0
3.87695,0.400391,0.849153,1.15607e-05,0.611354,1,0
3.87695,0.419922,0.77072,6.57485e-06,0.611355,1,0
3.89648,0.400391,0.849159,1.12215e-05,0.609404,1,0
3.89648,0.419922,0.770724,6.34969e-06,0.609404,1,0
3.87695,0.439453,0.659985,3.21636e-06,0.611355,1,0
3.87695,0.458984,0.507639,1.34767e-06,0.611355,1,0
3.89648,0.439453,0.659988,3.0934e-06,0.609404,1,0
3.89648,0.458984,0.507641,1.29583e-06,0.609404,1,0
3.75977,0.478516,0.303208,4.03061e-07,0.623059,1,0
3.75977,0.498047,0.0353757,-1.22415e-07,0.623059,0.6,0
3.7793,0.478516,0.303209,3.91576e-07,0.621108,1,0
3.7793,0.498047,0.035376,-1.16971e-07,0.621108,0.6,0
3.79883,0.478516,0.30321,3.80294e-07,0.619157,1,0
3.79883,0.498047,0.0353763,-1.11711e-07,0.619157,0.6,0
3.81836,0.478516,0.30321,3.69217e-07,0.617207,1,0
3.81836,0.498047,0.0353765,-1.06645e-07,0.617207,0.6,0
3.83789,0.478516,0.303211,3.58336e-07,0.615256,1,0
3.83789,0.498047,0.0353768,-1.01752e-07,0.615256,0.6,0
3.85742,0.478516,0.303212,3.47653e-07,0.613305,1,0
3.85742,0.498047,0.035377,-9.70418e-08,0.613305,0.6,0
3.87695,0.478516,0.303213,3.37161e-07,0.611355,1,0
3.87695,0.498047,0.0353772,-9.24934e-08,0.611355,0.6,0
3.89648,0.478516,0.303213,3.26861e-07,0.609404,1,0
3.89648,0.498047,0.0353774,-8.81181e-08,0.609404,0.6,0
3.91602,0.322266,0.978386,3.79306e-05,0.607452,1,0
3.91602,0.341797,0.963307,3.12613e-05,0.607453,1,0
3.93555,0.322266,0.978392,3.72898e-05,0.605502,1,0
3.93555,0.341797,0.963314,3.06613e-05,0.605502,1,0
3.91602,0.361328,0.939583,2.40936e-05,0.607453,1,0
3.91602,0.380859,0.903265,1.70737e-05,0.607453,1,0
3.93555,0.361328,0.93959,2.35584e-05,0.605502,1,0
3.93555,0.380859,0.903271,1.66286e-05,0.605502,1,0
3.95508,0.322266,0.978398,3.66435e-05,0.603551,1,0
3.95508,0.341797,0.963321,3.00578e-05,0.603551,1,0
3.97461,0.322266,0.978404,3.59916e-05,0.6016,1,0
3.97461,0.341797,0.963328,2.94507e-05,0.6016,1,0
3.95508,0.361328,0.939597,2.3022e-05,0.603551,1,0
3.95508,0.380859,0.903278,1.61843e-05,0.603551,1,0
3.97461,0.361328,0.939604,2.24843e-05,0.601601,1,0
3.97461,0.380859,0.903284,1.5741e-05,0.601601,1,0
3.91602,0.400391,0.849164,1.08845e-05,0.607453,1,0
3.91602,0.419922,0.770728,6.12734e-06,0.607453,1,0
3.93555,0.400391,0.84917,1.05499e-05,0.605502,1,0
3.93555,0.419922,0.770732,5.90783e-06,0.605502,1,0
3.91602,0.439453,0.65999,2.9727e-06,0.607453,1,0
3.91602,0.458984,0.507642,1.24517e-06,0.607453,1,0
3.93555,0.439453,0.659993,2.85426e-06,0.605502,1,0
3.93555,0.458984,0.507643,1.1957e-06,0.605502,1,0
3.95508,0.400391,0.849175,1.02176e-05,0.603552,1,0
3.95508,0.419922,0.770736,5.69119e-06,0.603552,1,0
3.97461,0.400391,0.84918,9.88778e-06,0.601601,1,0
3.97461,0.419922,0.770739,5.47747e-06,0.601601,1,0
3.95508,0.439453,0.659995,2.73811e-06,0.603552,1,0
3.95508,0.458984,0.507645,1.14741e-06,0.603552,1,0
3.97461,0.439453,0.659997,2.62424e-06,0.601601,1,0
3.97461,0.458984,0.507646,1.10028e-06,0.601601,1,0
3.99414,0.322266,0.97841,3.53342e-05,0.599649,1,0
3.99414,0.341797,0.963334,2.88402e-05,0.59965,1,0
4.01367,0.322266,0.978416,3.46712e-05,0.597699,1,0
4.01367,0.341797,0.963341,2.82263e-05,0.597699,1,0
3.99414,0.361328,0.939611,2.19455e-05,0.59965,1,0
3.99414,0.380859,0.90329,1.52987e-05,0.59965,1,0
4.01367,0.361328,0.939618,2.14056e-05,0.597699,1,0
4.01367,0.380859,0.903297,1.48575e-05,0.597699,1,0
4.0332,0.322266,0.978422,3.40027e-05,0.595748,1,0
4.0332,0.341797,0.963348,2.7609e-05,0.595748,1,0
4.05273,0.322266,0.978428,3.33286e-05,0.593797,1,0
4.05273,0.341797,0.963354,2.69885e-05,0.593797,1,0
4.0332,0.361328,0.939624,2.08648e-05,0.595748,1,0
4.0332,0.380859,0.903303,1.44176e-05,0.595748,1,0
4.05273,0.361328,0.939631,2.03231e-05,0.593797,1,0
4.05273,0.380859,0.903308,1.3979e-05,0.593798,1,0
3.99414,0.400391,0.849185,9.56049e-06,0.59965,1,0
3.99414,0.419922,0.770743,5.2667e-06,0.59965,1,0
4.01367,0.400391,0.84919,9.23581e-06,0.597699,1,0
4.01367,0.419922,0.770746,5.05894e-06,0.597699,1,0
3.99414,0.439453,0.659999,2.51267e-06,0.59965,1,0
3.99414,0.458984,0.507647,1.05432e-06,0.59965,1,0
4.01367,0.439453,0.660002,2.40341e-06,0.597699,1,0
4.01367,0.458984,0.507648,1.00952e-06,0.597699,1,0
4.0332,0.400391,0.849195,8.91383e-06,0.595748,1,0
4.0332,0.419922,0.77075,4.85424e-06,0.595749,1,0
4.05273,0.400391,0.8492,8.59465e-06,0.593798,1,0
4.05273,0.419922,0.770753,4.65266e-06,0.593798,1,0
4.0332,0.439453,0.660004,2.29648e-06,0.595749,1,0
4.0332,0.458984,0.507649,9.65869e-07,0.595749,1,0
4.05273,0.439453,0.660005,2.1919e-06,0.593798,1,0
4.05273,0.458984,0.50765,9.23364e-07,0.593798,1,0
3.91602,0.478516,0.303214,3.16745e-07,0.607453,1,0
3.91602,0.498047,0.0353777,-8.38938e-08,0.607453,0.6,0
3.93555,0.478516,0.303215,3.06818e-07,0.605502,1,0
3.93555,0.498047,0.0353779,-7.98306e-08,0.605502,0.6,0
3.95508,0.478516,0.303215,2.97069e-07,0.603552,1,0
3.95508,0.498047,0.0353781,-7.5906e-08,0.603552,0.6,0
3.97461,0.478516,0.303216,2.87504e-07,0.601601,1,0
3.97461,0.498047,0.0353783,-7.21313e-08,0.601601,0.6,0
3.99414,0.478516,0.303216,2.78112e-07,0.59965,1,0
3.99414,0.498047,0.0353785,-6.84856e-08,0.59965,0.6,0
4.01367,0.478516,0.303217,2.68898e-07,0.597699,1,0
4.01367,0.498047,0.0353787,-6.49793e-08,0.597699,0.6,0
4.0332,0.478516,0.303217,2.59852e-07,0.595749,1,0
4.0332,0.498047,0.0353789,-6.15892e-08,0.595749,0.6,0
4.05273,0.478516,0.303218,2.5098e-07,0.593798,1,0
4.05273,0.498047,0.035379,-5.83231e-08,0.593798,0.6,0
4.07227,0.00976562,1.00079,4.43556e-06,0.591845,1,0
4.07227,0.0292969,1.00081,9.99783e-06,0.591845,1,0
4.0918,0.00976562,1.00078,4.31609e-06,0.589894,1,0
4.0918,0.0292969,1.00081,9.75032e-06,0.589894,1,0
4.07227,0.0488281,1.00083,1.4783e-05,0.591845,1,0
4.07227,0.0683594,1.00084,2.06365e-05,0.591845,1,0
4.0918,0.0488281,1.00083,1.44557e-05,0.589894,1,0
4.0918,0.0683594,1.00084,2.02163e-05,0.589894,1,0
4.11133,0.00976562,1.00078,4.19628e-06,0.587943,1,0
4.11133,0.0292969,1.0008,9.5015e-06,0.587943,1,0
4.13086,0.00976562,1.00077,4.07618e-06,0.585992,1,0
4.13086,0.0292969,1.0008,9.25151e-06,0.585992,1,0
4.11133,0.0488281,1.00082,1.41257e-05,0.587943,1,0
4.11133,0.0683594,1.00083,1.97917e-05,0.587943,1,0
4.13086,0.0488281,1.00082,1.37932e-05,0.585992,1,0
4.13086,0.0683594,1.00082,1.93628e-05,0.585992,1,0
4.07227,0.0878906,1.00084,2.5848e-05,0.591845,1,0
4.07227,0.107422,1.00083,3.1101e-05,0.591845,1,0
4.0918,0.0878906,1.00083,2.53639e-05,0.589894,1,0
4.0918,0.107422,1.00082,3.05549e-05,0.589894,1,0
4.07227,0.126953,1.0008,3.56739e-05,0.591845,1,0
4.07227,0.146484,1.00075,3.97949e-05,0.591845,1,0
4.0918,0.126953,1.00079,3.50822e-05,0.589894,1,0
4.0918,0.146484,1.00074,3.91617e-05,0.589894,1,0
4.11133,0.0878906,1.00083,2.48738e-05,0.587943,1,0
4.11133,0.107422,1.00082,3.00013e-05,0.587943,1,0
4.13086,0.0878906,1.00082,2.43777e-05,0.585992,1,0
4.13086,0.107422,1.00081,2.944e-05,0.585993,1,0
4.11133,0.126953,1.00079,3.44814e-05,0.587943,1,0
4.11133,0.146484,1.00074,3.85186e-05,0.587944,1,0
4.13086,0.126953,1.00078,3.38717e-05,0.585993,1,0
4.13086,0.146484,1.00073,3.78653e-05,0.585993,1,0
4.15039,0.00976562,1.00077,3.95589e-06,0.584041,1,0
4.15039,0.0292969,1.00079,9.00048e-06,0.584041,1,0
4.16992,0.00976562,1.00077,3.83547e-06,0.582091,1,0
4.16992,0.0292969,1.00079,8.74855e-06,0.582091,1,0
4.15039,0.0488281,1.00081,1.34581e-05,0.584042,1,0
4.15039,0.0683594,1.00082,1.89298e-05,0.584042,1,0
4.16992,0.0488281,1.00081,1.31207e-05,0.582091,1,0
4.16992,0.0683594,1.00081,1.84927e-05,0.582091,1,0
4.18945,0.00976562,1.00076,3.71503e-06,0.58014,1,0
4.18945,0.0292969,1.00079,8.49587e-06,0.58014,1,0
4.20898,0.00976562,1.00076,3.59464e-06,0.578189,1,0
4.20898,0.0292969,1.00078,8.2426e-06,0.578189,1,0
4.18945,0.0488281,1.0008,1.27811e-05,0.58014,1,0
4.18945,0.0683594,1.00081,1.80517e-05,0.58014,1,0
4.20898,0.0488281,1.0008,1.24395e-05,0.578189,1,0
4.20898,0.0683594,1.0008,1.7607e-05,0.578189,1,0
4.15039,0.0878906,1.00082,2.38756e-05,0.584042,1,0
4.15039,0.107422,1.00081,2.88711e-05,0.584042,1,0
4.16992,0.0878906,1.00081,2.33677e-05,0.582091,1,0
4.16992,0.107422,1.0008,2.82947e-05,0.582091,1,0
4.15039,0.126953,1.00078,3.3253e-05,0.584042,1,0
4.15039,0.146484,1.00073,3.72019e-05,0.584042,1,0
4.16992,0.126953,1.00078,3.26253e-05,0.582091,1,0
4.16992,0.146484,1.00073,3.65284e-05,0.582091,1,0
4.18945,0.0878906,1.00081,2.28541e-05,0.58014,1,0
4.18945,0.107422,1.0008,2.77109e-05,0.58014,1,0
4.20898,0.0878906,1.0008,2.23349e-05,0.578189,1,0
4.20898,0.107422,1.00079,2.71198e-05,0.578189,1,0
4.18945,0.126953,1.00077,3.19887e-05,0.58014,1,0
4.18945,0.146484,1.00072,3.58446e-05,0.58014,1,0
4.20898,0.126953,1.00077,3.13431e-05,0.578189,1,0
4.20898,0.146484,1.00072,3.51507e-05,0.578189,1,0
4.07227,0.166016,1.00065,4.31326e-05,0.591845,1,0
4.07227,0.185547,1.00048,4.57176e-05,0.591845,1,0
4.0918,0.166016,1.00065,4.24674e-05,0.589894,1,0
4.0918,0.185547,1.00048,4.50247e-05,0.589895,1,0
4.07227,0.205078,1.00016,4.73492e-05,0.591845,1,0
4.07227,0.224609,0.999584,4.79638e-05,0.591846,1,0
4.0918,0.205078,1.00016,4.66349e-05,0.589895,1,0
4.0918,0.224609,0.999584,4.72328e-05,0.589895,1,0
4.11133,0.166016,1.00065,4.17914e-05,0.587944,1,0
4.11133,0.185547,1.00048,4.43204e-05,0.587944,1,0
4.13086,0.166016,1.00064,4.11044e-05,0.585993,1,0
4.13086,0.185547,1.00047,4.36048e-05,0.585993,1,0
4.11133,0.205078,1.00016,4.59091e-05,0.587944,1,0
4.11133,0.224609,0.999584,4.64905e-05,0.587944,1,0
4.13086,0.205078,1.00016,4.51717e-05,0.585993,1,0
4.13086,0.224609,0.999584,4.57366e-05,0.585993,1,0
4.07227,0.244141,0.998531,4.74113e-05,0.591846,1,0
4.07227,0.263672,0.996649,4.56164e-05,0.591846,1,0
4.0918,0.244141,0.998532,4.66698e-05,0.589895,1,0
4.0918,0.263672,0.996651,4.48712e-05,0.589895,1,0
4.07227,0.283203,0.993361,4.25131e-05,0.591846,1,0
4.07227,0.302734,0.987753,3.81411e-05,0.591846,1,0
4.0918,0.283203,0.993364,4.17736e-05,0.589895,1,0
4.0918,0.302734,0.987757,3.74201e-05,0.589895,1,0
4.11133,0.244141,0.998533,4.59173e-05,0.587944,1,0
4.11133,0.263672,0.996654,4.41157e-05,0.587944,1,0
4.13086,0.244141,0.998534,4.51537e-05,0.585993,1,0
4.13086,0.263672,0.996656,4.335e-05,0.585993,1,0
4.11133,0.283203,0.993368,4.10251e-05,0.587944,1,0
4.11133,0.302734,0.987762,3.66916e-05,0.587945,1,0
4.13086,0.283203,0.993372,4.02674e-05,0.585994,1,0
4.13086,0.302734,0.987767,3.59556e-05,0.585994,1,0
4.15039,0.166016,1.00064,4.04065e-05,0.584042,1,0
4.15039,0.185547,1.00047,4.28776e-05,0.584042,1,0
4.16992,0.166016,1.00064,3.96976e-05,0.582091,1,0
4.16992,0.185547,1.00047,4.21389e-05,0.582091,1,0
4.15039,0.205078,1.00016,4.44225e-05,0.584042,1,0
4.15039,0.224609,0.999584,4.49711e-05,0.584042,1,0
4.16992,0.205078,1.00016,4.36615e-05,0.582091,1,0
4.16992,0.224609,0.999584,4.41937e-05,0.582092,1,0
4.18945,0.166016,1.00063,3.89775e-05,0.58014,1,0
4.18945,0.185547,1.00047,4.13884e-05,0.58014,1,0
4.20898,0.166016,1.00063,3.82462e-05,0.57819,1,0
4.20898,0.185547,1.00047,4.06261e-05,0.57819,1,0
4.18945,0.205078,1.00016,4.28885e-05,0.580141,1,0
4.18945,0.224609,0.999584,4.34046e-05,0.580141,1,0
4.20898,0.205078,1.00016,4.21034e-05,0.57819,1,0
4.20898,0.224609,0.999585,4.26034e-05,0.57819,1,0
4.15039,0.244141,0.998536,4.4379e-05,0.584043,1,0
4.15039,0.263672,0.996659,4.25739e-05,0.584043,1,0
4.16992,0.244141,0.998537,4.35929e-05,0.582092,1,0
4.16992,0.263672,0.996661,4.17873e-05,0.582092,1,0
4.15039,0.283203,0.993375,3.95006e-05,0.584043,1,0
4.15039,0.302734,0.987772,3.52122e-05,0.584043,1,0
4.16992,0.283203,0.993379,3.87246e-05,0.582092,1,0
4.16992,0.302734,0.987777,3.44613e-05,0.582092,1,0
4.18945,0.244141,0.998538,4.27953e-05,0.580141,1,0
4.18945,0.263672,0.996664,4.09901e-05,0.580141,1,0
4.20898,0.244141,0.998539,4.19863e-05,0.57819,1,0
4.20898,0.263672,0.996666,4.01822e-05,0.57819,1,0
4.18945,0.283203,0.993383,3.79393e-05,0.580141,1,0
4.18945,0.302734,0.987782,3.37028e-05,0.580141,1,0
4.20898,0.283203,0.993386,3.71447e-05,0.57819,1,0
4.20898,0.302734,0.987786,3.29369e-05,0.57819,1,0
4.22852,0.00976562,1.00076,3.47439e-06,0.576238,1,0
4.22852,0.0292969,1.00078,7.98891e-06,0.576238,1,0
4.24805,0.00976562,1.00075,3.35438e-06,0.574287,1,0
4.24805,0.0292969,1.00077,7.73497e-06,0.574287,1,0
4.22852,0.0488281,1.00079,1.20961e-05,0.576238,1,0
4.22852,0.0683594,1.0008,1.71588e-05,0.576238,1,0
4.24805,0.0488281,1.00079,1.1751e-05,0.574287,1,0
4.24805,0.0683594,1.0008,1.67072e-05,0.574287,1,0
4.26758,0.00976562,1.00075,3.23471e-06,0.572336,1,0
4.26758,0.0292969,1.00077,7.48095e-06,0.572336,1,0
4.28711,0.00976562,1.00075,3.11549e-06,0.570386,1,0
4.28711,0.0292969,1.00076,7.22706e-06,0.570386,1,0
4.26758,0.0488281,1.00078,1.14044e-05,0.572337,1,0
4.26758,0.0683594,1.00079,1.62524e-05,0.572337,1,0
4.28711,0.0488281,1.00078,1.10566e-05,0.570386,1,0
4.28711,0.0683594,1.00079,1.57948e-05,0.570386,1,0
4.22852,0.0878906,1.0008,2.18103e-05,0.576238,1,0
4.22852,0.107422,1.00079,2.65214e-05,0.576238,1,0
4.24805,0.0878906,1.00079,2.12803e-05,0.574287,1,0
4.24805,0.107422,1.00078,2.59159e-05,0.574288,1,0
4.22852,0.126953,1.00076,3.06887e-05,0.576238,1,0
4.22852,0.146484,1.00072,3.44465e-05,0.576239,1,0
4.24805,0.126953,1.00076,3.00254e-05,0.574288,1,0
4.24805,0.146484,1.00071,3.37322e-05,0.574288,1,0
4.26758,0.0878906,1.00079,2.07453e-05,0.572337,1,0
4.26758,0.107422,1.00078,2.53033e-05,0.572337,1,0
4.28711,0.0878906,1.00079,2.02053e-05,0.570386,1,0
4.28711,0.107422,1.00078,2.4684e-05,0.570386,1,0
4.26758,0.126953,1.00076,2.93535e-05,0.572337,1,0
4.26758,0.146484,1.00071,3.30077e-05,0.572337,1,0
4.28711,0.126953,1.00075,2.86729e-05,0.570386,1,0
4.28711,0.146484,1.00071,3.22731e-05,0.570386,1,0
4.30664,0.00976562,1.00074,2.9968e-06,0.568435,1,0
4.30664,0.0292969,1.00076,6.97349e-06,0.568435,1,0
4.32617,0.00976562,1.00074,2.87877e-06,0.566484,1,0
4.32617,0.0292969,1.00076,6.72045e-06,0.566484,1,0
4.30664,0.0488281,1.00077,1.07078e-05,0.568435,1,0
4.30664,0.0683594,1.00078,1.53344e-05,0.568435,1,0
4.32617,0.0488281,1.00077,1.03581e-05,0.566484,1,0
4.32617,0.0683594,1.00078,1.48716e-05,0.566484,1,0
4.3457,0.00976562,1.00074,2.76151e-06,0.564533,1,0
4.3457,0.0292969,1.00075,6.46814e-06,0.564533,1,0
4.36523,0.00976562,1.00073,2.64512e-06,0.562582,1,0
4.36523,0.0292969,1.00075,6.2168e-06,0.562582,1,0
4.3457,0.0488281,1.00077,1.00079e-05,0.564533,1,0
4.3457,0.0683594,1.00077,1.44067e-05,0.564533,1,0
4.36523,0.0488281,1.00076,9.65747e-06,0.562582,1,0
4.36523,0.0683594,1.00077,1.39399e-05,0.562582,1,0
4.30664,0.0878906,1.00078,1.96606e-05,0.568435,1,0
4.30664,0.107422,1.00077,2.4058e-05,0.568435,1,0
4.32617,0.0878906,1.00078,1.91115e-05,0.566484,1,0
4.32617,0.107422,1.00077,2.34255e-05,0.566484,1,0
4.30664,0.126953,1.00075,2.79838e-05,0.568435,1,0
4.30664,0.146484,1.0007,3.15285e-05,0.568435,1,0
4.32617,0.126953,1.00074,2.72863e-05,0.566484,1,0
4.32617,0.146484,1.0007,3.07739e-05,0.566484,1,0
4.3457,0.0878906,1.00077,1.85581e-05,0.564533,1,0
4.3457,0.107422,1.00076,2.27867e-05,0.564533,1,0
4.36523,0.0878906,1.00077,1.80007e-05,0.562582,1,0
4.36523,0.107422,1.00076,2.21419e-05,0.562582,1,0
4.3457,0.126953,1.00074,2.65806e-05,0.564533,1,0
4.3457,0.146484,1.0007,3.00095e-05,0.564533,1,0
4.36523,0.126953,1.00074,2.5867e-05,0.562582,1,0
4.36523,0.146484,1.00069,2.92354e-05,0.562582,1,0
4.22852,0.166016,1.00063,3.75038e-05,0.576239,1,0
4.22852,0.185547,1.00046,3.98519e-05,0.576239,1,0
4.24805,0.166016,1.00063,3.67501e-05,0.574288,1,0
4.24805,0.185547,1.00046,3.90658e-05,0.574288,1,0
4.22852,0.205078,1.00016,4.13061e-05,0.576239,1,0
4.22852,0.224609,0.999585,4.179e-05,0.576239,1,0
4.24805,0.205078,1.00015,4.04966e-05,0.574288,1,0
4.24805,0.224609,0.999585,4.09645e-05,0.574288,1,0
4.26758,0.166016,1.00062,3.59851e-05,0.572337,1,0
4.26758,0.185547,1.00046,3.82677e-05,0.572337,1,0
4.28711,0.166016,1.00062,3.52089e-05,0.570386,1,0
4.28711,0.185547,1.00046,3.74576e-05,0.570386,1,0
4.26758,0.205078,1.00015,3.96747e-05,0.572337,1,0
4.26758,0.224609,0.999585,4.01267e-05,0.572337,1,0
4.28711,0.205078,1.00015,3.88404e-05,0.570386,1,0
4.28711,0.224609,0.999585,3.92765e-05,0.570386,1,0
4.22852,0.244141,0.99854,4.11656e-05,0.576239,1,0
4.22852,0.263672,0.996668,3.93636e-05,0.576239,1,0
4.24805,0.244141,0.998542,4.03331e-05,0.574288,1,0
4.24805,0.263672,0.996671,3.85342e-05,0.574288,1,0
4.22852,0.283203,0.99339,3.63407e-05,0.576239,1,0
4.22852,0.302734,0.987791,3.21636e-05,0.57624,1,0
4.24805,0.283203,0.993394,3.55273e-05,0.574289,1,0
4.24805,0.302734,0.987796,3.13828e-05,0.574289,1,0
4.26758,0.244141,0.998543,3.94888e-05,0.572337,1,0
4.26758,0.263672,0.996673,3.76939e-05,0.572338,1,0
4.28711,0.244141,0.998544,3.86327e-05,0.570387,1,0
4.28711,0.263672,0.996676,3.68427e-05,0.570387,1,0
4.26758,0.283203,0.993397,3.47046e-05,0.572338,1,0
4.26758,0.302734,0.9878,3.05947e-05,0.572338,1,0
4.28711,0.283203,0.993401,3.38724e-05,0.570387,1,0
4.28711,0.302734,0.987805,2.97992e-05,0.570387,1,0
4.30664,0.166016,1.00062,3.44214e-05,0.568435,1,0
4.30664,0.185547,1.00046,3.66354e-05,0.568435,1,0
4.32617,0.166016,1.00062,3.36227e-05,0.566484,1,0
4.32617,0.185547,1.00045,3.58011e-05,0.566484,1,0
4.30664,0.205078,1.00015,3.79936e-05,0.568435,1,0
4.30664,0.224609,0.999585,3.84138e-05,0.568436,1,0
4.32617,0.205078,1.00015,3.71342e-05,0.566485,1,0
4.32617,0.224609,0.999585,3.75386e-05,0.566485,1,0
4.3457,0.166016,1.00061,3.28128e-05,0.564533,1,0
4.3457,0.185547,1.00045,3.49548e-05,0.564534,1,0
4.36523,0.166016,1.00061,3.19919e-05,0.562583,1,0
4.36523,0.185547,1.00045,3.40964e-05,0.562583,1,0
4.3457,0.205078,1.00015,3.62624e-05,0.564534,1,0
4.3457,0.224609,0.999585,3.66509e-05,0.564534,1,0
4.36523,0.205078,1.00015,3.5378e-05,0.562583,1,0
4.36523,0.224609,0.999585,3.57506e-05,0.562583,1,0
4.30664,0.244141,0.998545,3.77645e-05,0.568436,1,0
4.30664,0.263672,0.996678,3.59806e-05,0.568436,1,0
4.32617,0.244141,0.998546,3.68844e-05,0.566485,1,0
4.32617,0.263672,0.99668,3.51075e-05,0.566485,1,0
4.30664,0.283203,0.993404,3.30309e-05,0.568436,1,0
4.30664,0.302734,0.987809,2.89965e-05,0.568436,1,0
4.32617,0.283203,0.993408,3.218e-05,0.566485,1,0
4.32617,0.302734,0.987814,2.81866e-05,0.566485,1,0
4.3457,0.244141,0.998548,3.59922e-05,0.564534,1,0
4.3457,0.263672,0.996683,3.42234e-05,0.564534,1,0
4.36523,0.244141,0.998549,3.50879e-05,0.562583,1,0
4.36523,0.263672,0.996685,3.33283e-05,0.562583,1,0
4.3457,0.283203,0.993411,3.13198e-05,0.564534,1,0
4.3457,0.302734,0.987818,2.73697e-05,0.564534,1,0
4.36523,0.283203,0.993415,3.04503e-05,0.562583,1,0
4.36523,0.302734,0.987822,2.65459e-05,0.562583,1,0
4.07227,0.322266,0.978434,3.26491e-05,0.591846,1,0
4.07227,0.341797,0.963361,2.63647e-05,0.591847,1,0
4.0918,0.322266,0.97844,3.19641e-05,0.589896,1,0
4.0918,0.341797,0.963367,2.57379e-05,0.589896,1,0
4.07227,0.361328,0.939637,1.97807e-05,0.591847,1,0
4.07227,0.380859,0.903314,1.35419e-05,0.591847,1,0
4.0918,0.361328,0.939644,1.92376e-05,0.589896,1,0
4.0918,0.380859,0.90332,1.31064e-05,0.589896,1,0
4.11133,0.322266,0.978446,3.12736e-05,0.587945,1,0
4.11133,0.341797,0.963373,2.5108e-05,0.587945,1,0
4.13086,0.322266,0.978451,3.05778e-05,0.585994,1,0
4.13086,0.341797,0.96338,2.44751e-05,0.585994,1,0
4.11133,0.361328,0.93965,1.86941e-05,0.587945,1,0
4.11133,0.380859,0.903326,1.26726e-05,0.587945,1,0
4.13086,0.361328,0.939656,1.81501e-05,0.585994,1,0
4.13086,0.380859,0.903331,1.22407e-05,0.585994,1,0
4.07227,0.400391,0.849205,8.27835e-06,0.591847,1,0
4.07227,0.419922,0.770756,4.45426e-06,0.591847,1,0
4.0918,0.400391,0.849209,7.96506e-06,0.589896,1,0
4.0918,0.419922,0.770759,4.2591e-06,0.589896,1,0
4.07227,0.439453,0.660007,2.08968e-06,0.591847,1,0
4.07227,0.458984,0.507651,8.81997e-07,0.591847,1,0
4.0918,0.439453,0.660009,1.98985e-06,0.589896,1,0
4.0918,0.458984,0.507652,8.4176e-07,0.589896,1,0
4.11133,0.400391,0.849213,7.65489e-06,0.587945,1,0
4.11133,0.419922,0.770762,4.06725e-06,0.587945,1,0
4.13086,0.400391,0.849218,7.34795e-06,0.585994,1,0
4.13086,0.419922,0.770765,3.87878e-06,0.585994,1,0
4.11133,0.439453,0.660011,1.89241e-06,0.587945,1,0
4.11133,0.458984,0.507653,8.02643e-07,0.587945,1,0
4.13086,0.439453,0.660012,1.79739e-06,0.585994,1,0
4.13086,0.458984,0.507654,7.64635e-07,0.585994,1,0
4.15039,0.322266,0.978457,2.98766e-05,0.584043,1,0
4.15039,0.341797,0.963386,2.38394e-05,0.584043,1,0
4.16992,0.322266,0.978463,2.91701e-05,0.582092,1,0
4.16992,0.341797,0.963392,2.3201e-05,0.582092,1,0
4.15039,0.361328,0.939662,1.76059e-05,0.584043,1,0
4.15039,0.380859,0.903336,1.18109e-05,0.584043,1,0
4.16992,0.361328,0.939668,1.70617e-05,0.582093,1,0
4.16992,0.380859,0.903342,1.13832e-05,0.582093,1,0
4.18945,0.322266,0.978468,2.84583e-05,0.580141,1,0
4.18945,0.341797,0.963398,2.25599e-05,0.580142,1,0
4.20898,0.322266,0.978474,2.77415e-05,0.578191,1,0
4.20898,0.341797,0.963404,2.19164e-05,0.578191,1,0
4.18945,0.361328,0.939674,1.65175e-05,0.580142,1,0
4.18945,0.380859,0.903347,1.09578e-05,0.580142,1,0
4.20898,0.361328,0.93968,1.59736e-05,0.578191,1,0
4.20898,0.380859,0.903352,1.05351e-05,0.578191,1,0
4.15039,0.400391,0.849222,7.04437e-06,0.584044,1,0
4.15039,0.419922,0.770768,3.69378e-06,0.584044,1,0
4.16992,0.400391,0.849226,6.7443e-06,0.582093,1,0
4.16992,0.419922,0.77077,3.5123e-06,0.582093,1,0
4.15039,0.439453,0.660014,1.70481e-06,0.584044,1,0
4.15039,0.458984,0.507654,7.27725e-07,0.584044,1,0
4.16992,0.439453,0.660015,1.61468e-06,0.582093,1,0
4.16992,0.458984,0.507655,6.91899e-07,0.582093,1,0
4.18945,0.400391,0.84923,6.44787e-06,0.580142,1,0
4.18945,0.419922,0.770773,3.33445e-06,0.580142,1,0
4.20898,0.400391,0.849233,6.15524e-06,0.578191,1,0
4.20898,0.419922,0.770775,3.16029e-06,0.578191,1,0
4.18945,0.439453,0.660017,1.52702e-06,0.580142,1,0
4.18945,0.458984,0.507656,6.57145e-07,0.580142,1,0
4.20898,0.439453,0.660018,1.44184e-06,0.578191,1,0
4.20898,0.458984,0.507656,6.23445e-07,0.578191,1,0
4.07227,0.478516,0.303218,2.42271e-07,0.591847,1,0
4.07227,0.498047,0.0353792,-5.51592e-08,0.591847,0.6,0
4.0918,0.478516,0.303219,2.3373e-07,0.589896,1,0
4.0918,0.498047,0.0353794,-5.21084e-08,0.589896,0.6,0
4.11133,0.478516,0.303219,2.25346e-07,0.587945,1,0
4.11133,0.498047,0.0353796,-4.91521e-08,0.587945,0.6,0
4.13086,0.478516,0.30322,2.17122e-07,0.585994,1,0
4.13086,0.498047,0.0353797,-4.63002e-08,0.585994,0.6,0
4.15039,0.478516,0.30322,2.09045e-07,0.584044,1,0
4.15039,0.498047,0.0353799,-4.3531e-08,0.584044,0.6,0
4.16992,0.478516,0.30322,2.01123e-07,0.582093,1,0
4.16992,0.498047,0.03538,-4.0852e-08,0.582093,0.6,0
4.18945,0.478516,0.303221,1.93339e-07,0.580142,1,0
4.18945,0.498047,0.0353802,-3.82429e-08,0.580142,0.6,0
4.20898,0.478516,0.303221,1.85702e-07,0.578191,1,0
4.20898,0.498047,0.0353803,-3.57134e-08,0.578191,0.6,0
4.22852,0.322266,0.978479,2.70195e-05,0.57624,1,0
4.22852,0.341797,0.96341,2.12706e-05,0.57624,1,0
4.24805,0.322266,0.978485,2.62926e-05,0.574289,1,0
4.24805,0.341797,0.963415,2.06227e-05,0.574289,1,0
4.22852,0.361328,0.939686,1.54302e-05,0.57624,1,0
4.22852,0.380859,0.903356,1.0115e-05,0.57624,1,0
4.24805,0.361328,0.939691,1.48874e-05,0.574289,1,0
4.24805,0.380859,0.903361,9.69797e-06,0.574289,1,0
4.26758,0.322266,0.97849,2.55608e-05,0.572338,1,0
4.26758,0.341797,0.963421,1.99728e-05,0.572338,1,0
4.28711,0.322266,0.978495,2.48244e-05,0.570387,1,0
4.28711,0.341797,0.963427,1.93211e-05,0.570387,1,0
4.26758,0.361328,0.939696,1.43455e-05,0.572338,1,0
4.26758,0.380859,0.903366,9.28409e-06,0.572338,1,0
4.28711,0.361328,0.939702,1.38048e-05,0.570387,1,0
4.28711,0.380859,0.90337,8.87363e-06,0.570387,1,0
4.22852,0.400391,0.849237,5.86656e-06,0.57624,1,0
4.22852,0.419922,0.770777,2.98992e-06,0.57624,1,0
4.24805,0.400391,0.849241,5.582e-06,0.574289,1,0
4.24805,0.419922,0.77078,2.82341e-06,0.574289,1,0
4.22852,0.439453,0.660019,1.35915e-06,0.57624,1,0
4.22852,0.458984,0.507657,5.90786e-07,0.57624,1,0
4.24805,0.439453,0.66002,1.27896e-06,0.574289,1,0
4.24805,0.458984,0.507658,5.59143e-07,0.574289,1,0
4.26758,0.400391,0.849244,5.30173e-06,0.572338,1,0
4.26758,0.419922,0.770782,2.66086e-06,0.572338,1,0
4.28711,0.400391,0.849247,5.02593e-06,0.570387,1,0
4.28711,0.419922,0.770784,2.50234e-06,0.570388,1,0
4.26758,0.439453,0.660021,1.20129e-06,0.572338,1,0
4.26758,0.458984,0.507658,5.28502e-07,0.572338,1,0
4.28711,0.439453,0.660022,1.12613e-06,0.570388,1,0
4.28711,0.458984,0.507659,4.98836e-07,0.570388,1,0
4.30664,0.322266,0.978501,2.40833e-05,0.568436,1,0
4.30664,0.341797,0.963432,1.86678e-05,0.568436,1,0
4.32617,0.322266,0.978506,2.33379e-05,0.566485,1,0
4.32617,0.341797,0.963438,1.80133e-05,0.566485,1,0
4.30664,0.361328,0.939707,1.32655e-05,0.568436,1,0
4.30664,0.380859,0.903375,8.46685e-06,0.568437,1,0
4.32617,0.361328,0.939712,1.27278e-05,0.566486,1,0
4.32617,0.380859,0.903379,8.06401e-06,0.566486,1,0
4.3457,0.322266,0.978511,2.25882e-05,0.564534,1,0
4.3457,0.341797,0.963443,1.73577e-05,0.564535,1,0
4.36523,0.322266,0.978516,2.18346e-05,0.562583,1,0
4.36523,0.341797,0.963448,1.67013e-05,0.562584,1,0
4.3457,0.361328,0.939717,1.21921e-05,0.564535,1,0
4.3457,0.380859,0.903383,7.66538e-06,0.564535,1,0
4.36523,0.361328,0.939722,1.16587e-05,0.562584,1,0
4.36523,0.380859,0.903387,7.27128e-06,0.562584,1,0
4.30664,0.400391,0.84925,4.75478e-06,0.568437,1,0
4.30664,0.419922,0.770786,2.34795e-06,0.568437,1,0
4.32617,0.400391,0.849253,4.48849e-06,0.566486,1,0
4.32617,0.419922,0.770787,2.19777e-06,0.566486,1,0
4.30664,0.439453,0.660023,1.05348e-06,0.568437,1,0
4.30664,0.458984,0.507659,4.70129e-07,0.568437,1,0
4.32617,0.439453,0.660024,9.83345e-07,0.566486,1,0
4.32617,0.458984,0.507659,4.42351e-07,0.566486,1,0
4.3457,0.400391,0.849256,4.22725e-06,0.564535,1,0
4.3457,0.419922,0.770789,2.05189e-06,0.564535,1,0
4.36523,0.400391,0.849259,3.97127e-06,0.562584,1,0
4.36523,0.419922,0.770791,1.91038e-06,0.562584,1,0
4.3457,0.439453,0.660025,9.1572e-07,0.564535,1,0
4.3457,0.458984,0.50766,4.15484e-07,0.564535,1,0
4.36523,0.439453,0.660026,8.50592e-07,0.562584,1,0
4.36523,0.458984,0.50766,3.89495e-07,0.562584,1,0
4.22852,0.478516,0.303222,1.78195e-07,0.57624,1,0
4.22852,0.498047,0.0353804,-3.32469e-08,0.57624,0.6,0
4.24805,0.478516,0.303222,1.70824e-07,0.574289,1,0
4.24805,0.498047,0.0353806,-3.08532e-08,0.574289,0.6,0
4.26758,0.478516,0.303222,1.63573e-07,0.572338,1,0
4.26758,0.498047,0.0353807,-2.85151e-08,0.572338,0.6,0
4.28711,0.478516,0.303222,1.56447e-07,0.570388,1,0
4.28711,0.498047,0.0353808,-2.62422e-08,0.570388,0.6,0
4.30664,0.478516,0.303223,1.49431e-07,0.568437,1,0
4.30664,0.498047,0.0353809,-2.40195e-08,0.568437,0.6,0
4.32617,0.478516,0.303223,1.42529e-07,0.566486,1,0
4.32617,0.498047,0.035381,-2.18559e-08,0.566486,0.6,0
4.3457,0.478516,0.303223,1.35726e-07,0.564535,1,0
4.3457,0.498047,0.0353811,-1.97373e-08,0.564535,0.6,0
4.36523,0.478516,0.303223,1.29027e-07,0.562584,1,0
4.36523,0.498047,0.0353812,-1.76749e-08,0.562584,0.6,0
4.38477,0.00976562,1.00073,2.52973e-06,0.560631,1,0
4.38477,0.0292969,1.00075,5.96666e-06,0.560631,1,0
4.4043,0.00976562,1.00073,2.41545e-06,0.55868,1,0
4.4043,0.0292969,1.00074,5.71794e-06,0.55868,1,0
4.38477,0.0488281,1.00076,9.30699e-06,0.560631,1,0
4.38477,0.0683594,1.00076,1.34715e-05,0.560631,1,0
4.4043,0.0488281,1.00075,8.95679e-06,0.55868,1,0
4.4043,0.0683594,1.00076,1.30019e-05,0.55868,1,0
4.42383,0.00976562,1.00073,2.30241e-06,0.556729,1,0
4.42383,0.0292969,1.00074,5.47091e-06,0.556729,1,0
4.44336,0.00976562,1.00072,2.19073e-06,0.554778,1,0
4.44336,0.0292969,1.00074,5.22581e-06,0.554778,1,0
4.42383,0.0488281,1.00075,8.60718e-06,0.556729,1,0
4.42383,0.0683594,1.00076,1.25314e-05,0.556729,1,0
4.44336,0.0488281,1.00075,8.25847e-06,0.554778,1,0
4.44336,0.0683594,1.00075,1.20605e-05,0.554779,1,0
4.38477,0.0878906,1.00076,1.74397e-05,0.560631,1,0
4.38477,0.107422,1.00076,2.14914e-05,0.560631,1,0
4.4043,0.0878906,1.00076,1.68754e-05,0.55868,1,0
4.4043,0.107422,1.00075,2.08355e-05,0.55868,1,0
4.38477,0.126953,1.00073,2.51455e-05,0.560631,1,0
4.38477,0.146484,1.00069,2.84517e-05,0.560632,1,0
4.4043,0.126953,1.00073,2.44165e-05,0.558681,1,0
4.4043,0.146484,1.00069,2.76586e-05,0.558681,1,0
4.42383,0.0878906,1.00076,1.63081e-05,0.55673,1,0
4.42383,0.107422,1.00075,2.01744e-05,0.55673,1,0
4.44336,0.0878906,1.00075,1.57382e-05,0.554779,1,0
4.44336,0.107422,1.00074,1.95086e-05,0.554779,1,0
4.42383,0.126953,1.00073,2.36802e-05,0.55673,1,0
4.42383,0.146484,1.00069,2.68565e-05,0.55673,1,0
4.44336,0.126953,1.00072,2.29371e-05,0.554779,1,0
4.44336,0.146484,1.00068,2.60455e-05,0.554779,1,0
4.46289,0.00976562,1.00072,2.08054e-06,0.552828,1,0
4.46289,0.0292969,1.00073,4.98291e-06,0.552827,1,0
4.48242,0.00976562,1.00072,1.97196e-06,0.550877,1,0
4.48242,0.0292969,1.00073,4.74248e-06,0.550877,1,0
4.46289,0.0488281,1.00074,7.91102e-06,0.552828,1,0
4.46289,0.0683594,1.00075,1.15894e-05,0.552828,1,0
4.48242,0.0488281,1.00074,7.56516e-06,0.550877,1,0
4.48242,0.0683594,1.00075,1.11187e-05,0.550877,1,0
4.50195,0.00976562,1.00072,1.86514e-06,0.548926,1,0
4.50195,0.0292969,1.00073,4.50479e-06,0.548926,1,0
4.52148,0.00976562,1.00072,1.76019e-06,0.546975,1,0
4.52148,0.0292969,1.00073,4.27014e-06,0.546975,1,0
4.50195,0.0488281,1.00074,7.22127e-06,0.548926,1,0
4.50195,0.0683594,1.00074,1.06488e-05,0.548926,1,0
4.52148,0.0488281,1.00073,6.87973e-06,0.546975,1,0
4.52148,0.0683594,1.00074,1.01801e-05,0.546975,1,0
4.46289,0.0878906,1.00075,1.51661e-05,0.552828,1,0
4.46289,0.107422,1.00074,1.88385e-05,0.552828,1,0
4.48242,0.0878906,1.00075,1.45923e-05,0.550877,1,0
4.48242,0.107422,1.00074,1.81645e-05,0.550877,1,0
4.46289,0.126953,1.00072,2.21873e-05,0.552828,1,0
4.46289,0.146484,1.00068,2.5226e-05,0.552828,1,0
4.48242,0.126953,1.00072,2.14314e-05,0.550877,1,0
4.48242,0.146484,1.00068,2.43982e-05,0.550877,1,0
4.50195,0.0878906,1.00074,1.40172e-05,0.548926,1,0
4.50195,0.107422,1.00073,1.74871e-05,0.548926,1,0
4.52148,0.0878906,1.00074,1.34415e-05,0.546975,1,0
4.52148,0.107422,1.00073,1.68068e-05,0.546975,1,0
4.50195,0.126953,1.00071,2.06698e-05,0.548926,1,0
4.50195,0.146484,1.00067,2.35627e-05,0.548926,1,0
4.52148,0.126953,1.00071,1.9903e-05,0.546975,1,0
4.52148,0.146484,1.00067,2.27199e-05,0.546975,1,0
4.38477,0.166016,1.00061,3.116e-05,0.560632,1,0
4.38477,0.185547,1.00045,3.3226e-05,0.560632,1,0
4.4043,0.166016,1.00061,3.03172e-05,0.558681,1,0
4.4043,0.185547,1.00045,3.23438e-05,0.558681,1,0
4.38477,0.205078,1.00015,3.4481e-05,0.560632,1,0
4.38477,0.224609,0.999585,3.48377e-05,0.560632,1,0
4.4043,0.205078,1.00015,3.35716e-05,0.558681,1,0
4.4043,0.224609,0.999586,3.39123e-05,0.558681,1,0
4.42383,0.166016,1.0006,2.94638e-05,0.55673,1,0
4.42383,0.185547,1.00045,3.14497e-05,0.55673,1,0
4.44336,0.166016,1.0006,2.85999e-05,0.554779,1,0
4.44336,0.185547,1.00044,3.05441e-05,0.554779,1,0
4.42383,0.205078,1.00015,3.26497e-05,0.55673,1,0
4.42383,0.224609,0.999586,3.29743e-05,0.55673,1,0
4.44336,0.205078,1.00015,3.17155e-05,0.554779,1,0
4.44336,0.224609,0.999586,3.20239e-05,0.554779,1,0
4.38477,0.244141,0.99855,3.41716e-05,0.560632,1,0
4.38477,0.263672,0.996687,3.24223e-05,0.560632,1,0
4.4043,0.244141,0.998551,3.32432e-05,0.558681,1,0
4.4043,0.263672,0.99669,3.15053e-05,0.558681,1,0
4.38477,0.283203,0.993418,2.95716e-05,0.560632,1,0
4.38477,0.302734,0.987827,2.57153e-05,0.560632,1,0
4.4043,0.283203,0.993421,2.86838e-05,0.558681,1,0
4.4043,0.302734,0.987831,2.48782e-05,0.558682,1,0
4.42383,0.244141,0.998552,3.23028e-05,0.55673,1,0
4.42383,0.263672,0.996692,3.05775e-05,0.55673,1,0
4.44336,0.244141,0.998554,3.13505e-05,0.554779,1,0
4.44336,0.263672,0.996694,2.96391e-05,0.554779,1,0
4.42383,0.283203,0.993425,2.77871e-05,0.55673,1,0
4.42383,0.302734,0.987835,2.40347e-05,0.556731,1,0
4.44336,0.283203,0.993428,2.68816e-05,0.55478,1,0
4.44336,0.302734,0.987839,2.31851e-05,0.55478,1,0
4.46289,0.166016,1.0006,2.77258e-05,0.552828,1,0
4.46289,0.185547,1.00044,2.9627e-05,0.552828,1,0
4.48242,0.166016,1.0006,2.68418e-05,0.550877,1,0
4.48242,0.185547,1.00044,2.86986e-05,0.550877,1,0
4.46289,0.205078,1.00015,3.07692e-05,0.552828,1,0
4.46289,0.224609,0.999586,3.10612e-05,0.552828,1,0
4.48242,0.205078,1.00014,2.98108e-05,0.550877,1,0
4.48242,0.224609,0.999586,3.00864e-05,0.550877,1,0
4.50195,0.166016,1.00059,2.59482e-05,0.548926,1,0
4.50195,0.185547,1.00044,2.77594e-05,0.548926,1,0
4.52148,0.166016,1.00059,2.50454e-05,0.546975,1,0
4.52148,0.185547,1.00044,2.68095e-05,0.546975,1,0
4.50195,0.205078,1.00014,2.88407e-05,0.548926,1,0
4.50195,0.224609,0.999587,2.90996e-05,0.548926,1,0
4.52148,0.205078,1.00014,2.78592e-05,0.546975,1,0
4.52148,0.224609,0.999587,2.81011e-05,0.546975,1,0
4.46289,0.244141,0.998555,3.03864e-05,0.552828,1,0
4.46289,0.263672,0.996696,2.869e-05,0.552828,1,0
4.48242,0.244141,0.998556,2.94106e-05,0.550877,1,0
4.48242,0.263672,0.996699,2.77305e-05,0.550878,1,0
4.46289,0.283203,0.993431,2.59676e-05,0.552829,1,0
4.46289,0.302734,0.987843,2.23296e-05,0.552829,1,0
4.48242,0.283203,0.993434,2.50452e-05,0.550878,1,0
4.48242,0.302734,0.987847,2.14687e-05,0.550878,1,0
4.50195,0.244141,0.998557,2.84234e-05,0.548926,1,0
4.50195,0.263672,0.996701,2.67609e-05,0.548927,1,0
4.52148,0.244141,0.998558,2.7425e-05,0.546975,1,0
4.52148,0.263672,0.996703,2.57814e-05,0.546976,1,0
4.50195,0.283203,0.993437,2.41147e-05,0.548927,1,0
4.50195,0.302734,0.987851,2.06026e-05,0.548927,1,0
4.52148,0.283203,0.99344,2.31766e-05,0.546976,1,0
4.52148,0.302734,0.987855,1.97319e-05,0.546976,1,0
4.54102,0.00976562,1.00071,1.65726e-06,0.545024,1,0
4.54102,0.0292969,1.00072,4.03881e-06,0.545024,1,0
4.56055,0.00976562,1.00071,1.55646e-06,0.543073,1,0
4.56055,0.0292969,1.00072,3.8111e-06,0.543073,1,0
4.54102,0.0488281,1.00073,6.54095e-06,0.545024,1,0
4.54102,0.0683594,1.00074,9.71328e-06,0.545024,1,0
4.56055,0.0488281,1.00073,6.20536e-06,0.543073,1,0
4.56055,0.0683594,1.00073,9.24876e-06,0.543073,1,0
4.58008,0.00976562,1.00071,1.45795e-06,0.541122,1,0
4.58008,0.0292969,1.00072,3.58732e-06,0.541122,1,0
4.59961,0.00976562,1.00071,1.36184e-06,0.539171,1,0
4.59961,0.0292969,1.00072,3.36776e-06,0.539171,1,0
4.58008,0.0488281,1.00073,5.87337e-06,0.541122,1,0
4.58008,0.0683594,1.00073,8.78713e-06,0.541122,1,0
4.59961,0.0488281,1.00072,5.54545e-06,0.539171,1,0
4.59961,0.0683594,1.00073,8.329e-06,0.539171,1,0
4.54102,0.0878906,1.00074,1.28655e-05,0.545024,1,0
4.54102,0.107422,1.00073,1.61242e-05,0.545024,1,0
4.56055,0.0878906,1.00073,1.22901e-05,0.543073,1,0
4.56055,0.107422,1.00072,1.54401e-05,0.543073,1,0
4.54102,0.126953,1.00071,1.91316e-05,0.545024,1,0
4.54102,0.146484,1.00067,2.18703e-05,0.545024,1,0
4.56055,0.126953,1.00071,1.83561e-05,0.543073,1,0
4.56055,0.146484,1.00067,2.10145e-05,0.543073,1,0
4.58008,0.0878906,1.00073,1.17157e-05,0.541122,1,0
4.58008,0.107422,1.00072,1.47549e-05,0.541122,1,0
4.59961,0.0878906,1.00073,1.11431e-05,0.539171,1,0
4.59961,0.107422,1.00072,1.40696e-05,0.539171,1,0
4.58008,0.126953,1.0007,1.75774e-05,0.541122,1,0
4.58008,0.146484,1.00066,2.01532e-05,0.541122,1,0
4.59961,0.126953,1.0007,1.67961e-05,0.539171,1,0
4.59961,0.146484,1.00066,1.9287e-05,0.539171,1,0
4.61914,0.00976562,1.00071,1.26827e-06,0.53722,1,0
4.61914,0.0292969,1.00072,3.15274e-06,0.53722,1,0
4.63867,0.00976562,1.00071,1.17736e-06,0.535269,1,0
4.63867,0.0292969,1.00071,2.94256e-06,0.535269,1,0
4.61914,0.0488281,1.00072,5.22204e-06,0.53722,1,0
4.61914,0.0683594,1.00072,7.87497e-06,0.53722,1,0
4.63867,0.0488281,1.00072,4.90363e-06,0.535269,1,0
4.63867,0.0683594,1.00072,7.42569e-06,0.535269,1,0
4.6582,0.00976562,1.00071,1.08924e-06,0.533318,1,0
4.6582,0.0292969,1.00071,2.73752e-06,0.533318,1,0
4.67773,0.00976562,1.0007,1.00403e-06,0.531367,1,0
4.67773,0.0292969,1.00071,2.53792e-06,0.531367,1,0
4.6582,0.0488281,1.00072,4.59068e-06,0.533318,1,0
4.6582,0.0683594,1.00072,6.9818e-06,0.533318,1,0
4.67773,0.0488281,1.00071,4.28367e-06,0.531367,1,0
4.67773,0.0683594,1.00072,6.54399e-06,0.531367,1,0
4.61914,0.0878906,1.00072,1.0573e-05,0.53722,1,0
4.61914,0.107422,1.00072,1.33848e-05,0.53722,1,0
4.63867,0.0878906,1.00072,1.00061e-05,0.535269,1,0
4.63867,0.107422,1.00071,1.27015e-05,0.535269,1,0
4.61914,0.126953,1.0007,1.6013e-05,0.53722,1,0
4.61914,0.146484,1.00066,1.84167e-05,0.53722,1,0
4.63867,0.126953,1.0007,1.5229e-05,0.535269,1,0
4.63867,0.146484,1.00066,1.75433e-05,0.535269,1,0
4.6582,0.0878906,1.00072,9.44333e-06,0.533318,1,0
4.6582,0.107422,1.00071,1.20205e-05,0.533318,1,0
4.67773,0.0878906,1.00072,8.88541e-06,0.531367,1,0
4.67773,0.107422,1.00071,1.13427e-05,0.531367,1,0
4.6582,0.126953,1.00069,1.44451e-05,0.533318,1,0
4.6582,0.146484,1.00066,1.66677e-05,0.533318,1,0
4.67773,0.126953,1.00069,1.36622e-05,0.531367,1,0
4.67773,0.146484,1.00065,1.57908e-05,0.531367,1,0
4.54102,0.166016,1.00059,2.41339e-05,0.545024,1,0
4.54102,0.185547,1.00044,2.58495e-05,0.545024,1,0
4.56055,0.166016,1.00059,2.32142e-05,0.543073,1,0
4.56055,0.185547,1.00044,2.48798e-05,0.543073,1,0
4.54102,0.205078,1.00014,2.68665e-05,0.545024,1,0
4.54102,0.224609,0.999587,2.70912e-05,0.545024,1,0
4.56055,0.205078,1.00014,2.58631e-05,0.543073,1,0
4.56055,0.224609,0.999587,2.60703e-05,0.543073,1,0
4.58008,0.166016,1.00059,2.22869e-05,0.541122,1,0
4.58008,0.185547,1.00043,2.39009e-05,0.541122,1,0
4.59961,0.166016,1.00058,2.13527e-05,0.539171,1,0
4.59961,0.185547,1.00043,2.29134e-05,0.539171,1,0
4.58008,0.205078,1.00014,2.48495e-05,0.541122,1,0
4.58008,0.224609,0.999587,2.50388e-05,0.541122,1,0
4.59961,0.205078,1.00014,2.38262e-05,0.539171,1,0
4.59961,0.224609,0.999588,2.39972e-05,0.539171,1,0
4.54102,0.244141,0.998559,2.64157e-05,0.545025,1,0
4.54102,0.263672,0.996705,2.47923e-05,0.545025,1,0
4.56055,0.244141,0.998561,2.53958e-05,0.543074,1,0
4.56055,0.263672,0.996707,2.37941e-05,0.543074,1,0
4.54102,0.283203,0.993443,2.22311e-05,0.545025,1,0
4.54102,0.302734,0.987859,1.88569e-05,0.545025,1,0
4.56055,0.283203,0.993446,2.12788e-05,0.543074,1,0
4.56055,0.302734,0.987862,1.79783e-05,0.543074,1,0
4.58008,0.244141,0.998562,2.43658e-05,0.541123,1,0
4.58008,0.263672,0.996709,2.27871e-05,0.541123,1,0
4.59961,0.244141,0.998563,2.33262e-05,0.539172,1,0
4.59961,0.263672,0.996711,2.1772e-05,0.539172,1,0
4.58008,0.283203,0.993449,2.03202e-05,0.541123,1,0
4.58008,0.302734,0.987866,1.70967e-05,0.541123,1,0
4.59961,0.283203,0.993452,1.93558e-05,0.539172,1,0
4.59961,0.302734,0.987869,1.62128e-05,0.539172,1,0
4.61914,0.166016,1.00058,2.04123e-05,0.53722,1,0
4.61914,0.185547,1.00043,2.1918e-05,0.53722,1,0
4.63867,0.166016,1.00058,1.94666e-05,0.535269,1,0
4.63867,0.185547,1.00043,2.09155e-05,0.535269,1,0
4.61914,0.205078,1.00014,2.27938e-05,0.53722,1,0
4.61914,0.224609,0.999588,2.29462e-05,0.53722,1,0
4.63867,0.205078,1.00014,2.1753e-05,0.535269,1,0
4.63867,0.224609,0.999588,2.18862e-05,0.53527,1,0
4.6582,0.166016,1.00058,1.85164e-05,0.533318,1,0
4.6582,0.185547,1.00043,1.99067e-05,0.533318,1,0
4.67773,0.166016,1.00058,1.75627e-05,0.531367,1,0
4.67773,0.185547,1.00043,1.88926e-05,0.531367,1,0
4.6582,0.205078,1.00014,2.07047e-05,0.533318,1,0
4.6582,0.224609,0.999589,2.08182e-05,0.533318,1,0
4.67773,0.205078,1.00014,1.96497e-05,0.531367,1,0
4.67773,0.224609,0.999589,1.9743e-05,0.531367,1,0
4.61914,0.244141,0.998564,2.22775e-05,0.537221,1,0
4.61914,0.263672,0.996713,2.07493e-05,0.537221,1,0
4.63867,0.244141,0.998565,2.12205e-05,0.53527,1,0
4.63867,0.263672,0.996715,1.97196e-05,0.53527,1,0
4.61914,0.283203,0.993455,1.83864e-05,0.537221,1,0
4.61914,0.302734,0.987872,1.53274e-05,0.537221,1,0
4.63867,0.283203,0.993457,1.74127e-05,0.53527,1,0
4.63867,0.302734,0.987876,1.44413e-05,0.53527,1,0
4.6582,0.244141,0.998566,2.01557e-05,0.533319,1,0
4.6582,0.263672,0.996717,1.86839e-05,0.533319,1,0
4.67773,0.244141,0.998567,1.90843e-05,0.531368,1,0
4.67773,0.263672,0.996719,1.76431e-05,0.531368,1,0
4.6582,0.283203,0.99346,1.64357e-05,0.533319,1,0
4.6582,0.302734,0.987879,1.35558e-05,0.533319,1,0
4.67773,0.283203,0.993462,1.54565e-05,0.531368,1,0
4.67773,0.302734,0.987882,1.26721e-05,0.531368,1,0
4.38477,0.322266,0.978521,2.10772e-05,0.560633,1,0
4.38477,0.341797,0.963453,1.60445e-05,0.560633,1,0
4.4043,0.322266,0.978525,2.03163e-05,0.558682,1,0
4.4043,0.341797,0.963458,1.53876e-05,0.558682,1,0
4.38477,0.361328,0.939726,1.11279e-05,0.560633,1,0
4.38477,0.380859,0.90339,6.882e-06,0.560633,1,0
4.4043,0.361328,0.939731,1.06002e-05,0.558682,1,0
4.4043,0.380859,0.903394,6.49789e-06,0.558682,1,0
4.42383,0.322266,0.97853,1.95522e-05,0.556731,1,0
4.42383,0.341797,0.963463,1.47309e-05,0.556731,1,0
4.44336,0.322266,0.978535,1.87853e-05,0.55478,1,0
4.44336,0.341797,0.963467,1.40749e-05,0.55478,1,0
4.42383,0.361328,0.939735,1.00759e-05,0.556731,1,0
4.42383,0.380859,0.903398,6.1193e-06,0.556731,1,0
4.44336,0.361328,0.939739,9.55537e-06,0.55478,1,0
4.44336,0.380859,0.903401,5.74659e-06,0.55478,1,0
4.38477,0.400391,0.849261,3.72077e-06,0.560633,1,0
4.38477,0.419922,0.770792,1.77334e-06,0.560633,1,0
4.4043,0.400391,0.849264,3.47596e-06,0.558682,1,0
4.4043,0.419922,0.770794,1.64083e-06,0.558682,1,0
4.38477,0.439453,0.660027,7.87952e-07,0.560633,1,0
4.38477,0.458984,0.507661,3.64366e-07,0.560633,1,0
4.4043,0.439453,0.660027,7.27778e-07,0.558682,1,0
4.4043,0.458984,0.507661,3.40061e-07,0.558682,1,0
4.42383,0.400391,0.849266,3.23708e-06,0.556731,1,0
4.42383,0.419922,0.770795,1.51293e-06,0.556731,1,0
4.44336,0.400391,0.849269,3.00436e-06,0.55478,1,0
4.44336,0.419922,0.770796,1.38971e-06,0.55478,1,0
4.42383,0.439453,0.660028,6.70054e-07,0.556731,1,0
4.42383,0.458984,0.507661,3.16564e-07,0.556731,1,0
4.44336,0.439453,0.660029,6.14752e-07,0.55478,1,0
4.44336,0.458984,0.507661,2.93838e-07,0.55478,1,0
4.46289,0.322266,0.978539,1.80159e-05,0.552829,1,0
4.46289,0.341797,0.963472,1.342e-05,0.552829,1,0
4.48242,0.322266,0.978544,1.72445e-05,0.550878,1,0
4.48242,0.341797,0.963476,1.27667e-05,0.550878,1,0
4.46289,0.361328,0.939743,9.03918e-06,0.552829,1,0
4.46289,0.380859,0.903404,5.38016e-06,0.552829,1,0
4.48242,0.361328,0.939747,8.5278e-06,0.550878,1,0
4.48242,0.380859,0.903407,5.02042e-06,0.550878,1,0
4.50195,0.322266,0.978548,1.64715e-05,0.548927,1,0
4.50195,0.341797,0.963481,1.21156e-05,0.548927,1,0
4.52148,0.322266,0.978552,1.56974e-05,0.546976,1,0
4.52148,0.341797,0.963485,1.14673e-05,0.546976,1,0
4.50195,0.361328,0.939751,8.02176e-06,0.548927,1,0
4.50195,0.380859,0.90341,4.66782e-06,0.548927,1,0
4.52148,0.361328,0.939755,7.52165e-06,0.546976,1,0
4.52148,0.380859,0.903413,4.3228e-06,0.546976,1,0
4.46289,0.400391,0.849271,2.77804e-06,0.552829,1,0
4.46289,0.419922,0.770797,1.27123e-06,0.552829,1,0
4.48242,0.400391,0.849273,2.55836e-06,0.550878,1,0
4.48242,0.419922,0.770798,1.15756e-06,0.550878,1,0
4.46289,0.439453,0.660029,5.61844e-07,0.552829,1,0
4.46289,0.458984,0.507662,2.71868e-07,0.552829,1,0
4.48242,0.439453,0.66003,5.11296e-07,0.550878,1,0
4.48242,0.458984,0.507662,2.50618e-07,0.550878,1,0
4.50195,0.400391,0.849275,2.34557e-06,0.548927,1,0
4.50195,0.419922,0.770799,1.04874e-06,0.548927,1,0
4.52148,0.400391,0.849276,2.13992e-06,0.546976,1,0
4.52148,0.419922,0.7708,9.44816e-07,0.546976,1,0
4.50195,0.439453,0.66003,4.63075e-07,0.548927,1,0
4.50195,0.458984,0.507662,2.30078e-07,0.548927,1,0
4.52148,0.439453,0.66003,4.1714e-07,0.546976,1,0
4.52148,0.458984,0.507662,2.10215e-07,0.546976,1,0
4.38477,0.478516,0.303223,1.22416e-07,0.560633,1,0
4.38477,0.498047,0.0353813,-1.56602e-08,0.560633,0.6,0
4.4043,0.478516,0.303224,1.159e-07,0.558682,1,0
4.4043,0.498047,0.0353814,-1.37054e-08,0.558682,0.6,0
4.42383,0.478516,0.303224,1.09461e-07,0.556731,1,0
4.42383,0.498047,0.0353815,-1.18011e-08,0.556731,0.6,0
4.44336,0.478516,0.303224,1.03108e-07,0.55478,1,0
4.44336,0.498047,0.0353816,-9.95647e-09,0.55478,0.6,0
4.46289,0.478516,0.303224,9.68226e-08,0.552829,1,0
4.46289,0.498047,0.0353817,-8.16526e-09,0.552829,0.6,0
4.48242,0.478516,0.303224,9.06161e-08,0.550878,1,0
4.48242,0.498047,0.0353818,-6.436e-09,0.550878,0.6,0
4.50195,0.478516,0.303224,8.44738e-08,0.548927,1,0
4.50195,0.498047,0.0353818,-4.7615e-09,0.548927,0.6,0
4.52148,0.478516,0.303224,7.84106e-08,0.546976,1,0
4.52148,0.498047,0.0353819,-3.1528e-09,0.546976,0.6,0
4.54102,0.322266,0.978556,1.49229e-05,0.545025,1,0
4.54102,0.341797,0.963489,1.08223e-05,0.545025,1,0
4.56055,0.322266,0.97856,1.41486e-05,0.543074,1,0
4.56055,0.341797,0.963493,1.01814e-05,0.543074,1,0
4.54102,0.361328,0.939758,7.02807e-06,0.545025,1,0
4.54102,0.380859,0.903415,3.98586e-06,0.545025,1,0
4.56055,0.361328,0.939762,6.54172e-06,0.543074,1,0
4.56055,0.380859,0.903418,3.6575e-06,0.543074,1,0
4.58008,0.322266,0.978564,1.33751e-05,0.541123,1,0
4.58008,0.341797,0.963496,9.54536e-06,0.541123,1,0
4.59961,0.322266,0.978568,1.26034e-05,0.539172,1,0
4.59961,0.341797,0.9635,8.9151e-06,0.539172,1,0
4.58008,0.361328,0.939765,6.06333e-06,0.541123,1,0
4.58008,0.380859,0.90342,3.33829e-06,0.541123,1,0
4.59961,0.361328,0.939768,5.59371e-06,0.539172,1,0
4.59961,0.380859,0.903422,3.02878e-06,0.539172,1,0
4.54102,0.400391,0.849278,1.94167e-06,0.545025,1,0
4.54102,0.419922,0.770801,8.45819e-07,0.545025,1,0
4.56055,0.400391,0.849279,1.75107e-06,0.543074,1,0
4.56055,0.419922,0.770802,7.51778e-07,0.543074,1,0
4.54102,0.439453,0.660031,3.73454e-07,0.545025,1,0
4.54102,0.458984,0.507662,1.91021e-07,0.545025,1,0
4.56055,0.439453,0.660031,3.31971e-07,0.543074,1,0
4.56055,0.458984,0.507663,1.72466e-07,0.543074,1,0
4.58008,0.400391,0.849281,1.56838e-06,0.541123,1,0
4.58008,0.419922,0.770803,6.62701e-07,0.541123,1,0
4.59961,0.400391,0.849282,1.39384e-06,0.539172,1,0
4.59961,0.419922,0.770803,5.78596e-07,0.539172,1,0
4.58008,0.439453,0.660031,2.92646e-07,0.541123,1,0
4.58008,0.458984,0.507663,1.54545e-07,0.541123,1,0
4.59961,0.439453,0.660032,2.55432e-07,0.539172,1,0
4.59961,0.458984,0.507663,1.37234e-07,0.539172,1,0
4.61914,0.322266,0.978571,1.18344e-05,0.537221,1,0
4.61914,0.341797,0.963503,8.29157e-06,0.537221,1,0
4.63867,0.322266,0.978575,1.10691e-05,0.53527,1,0
4.63867,0.341797,0.963507,7.67588e-06,0.53527,1,0
4.61914,0.361328,0.939771,5.13375e-06,0.537221,1,0
4.61914,0.380859,0.903424,2.7296e-06,0.537221,1,0
4.63867,0.361328,0.939773,4.68441e-06,0.53527,1,0
4.63867,0.380859,0.903426,2.44137e-06,0.53527,1,0
4.6582,0.322266,0.978578,1.03087e-05,0.533319,1,0
4.6582,0.341797,0.96351,7.06929e-06,0.533319,1,0
4.67773,0.322266,0.978581,9.5547e-06,0.531368,1,0
4.67773,0.341797,0.963513,6.47316e-06,0.531368,1,0
4.6582,0.361328,0.939776,4.24675e-06,0.533319,1,0
4.6582,0.380859,0.903428,2.16473e-06,0.533319,1,0
4.67773,0.361328,0.939778,3.82187e-06,0.531368,1,0
4.67773,0.380859,0.90343,1.90032e-06,0.531368,1,0
4.61914,0.400391,0.849283,1.2277e-06,0.537221,1,0
4.61914,0.419922,0.770804,4.99445e-07,0.537221,1,0
4.63867,0.400391,0.849284,1.07017e-06,0.53527,1,0
4.63867,0.419922,0.770804,4.2523e-07,0.53527,1,0
4.61914,0.439453,0.660032,2.20283e-07,0.537221,1,0
4.61914,0.458984,0.507663,1.20544e-07,0.537221,1,0
4.63867,0.439453,0.660032,1.87159e-07,0.53527,1,0
4.63867,0.458984,0.507663,1.04469e-07,0.53527,1,0
4.6582,0.400391,0.849285,9.21476e-07,0.533319,1,0
4.6582,0.419922,0.770805,3.55918e-07,0.533319,1,0
4.67773,0.400391,0.849286,7.81788e-07,0.531368,1,0
4.67773,0.419922,0.770805,2.9147e-07,0.531368,1,0
4.6582,0.439453,0.660032,1.56026e-07,0.533319,1,0
4.6582,0.458984,0.507663,8.90254e-08,0.533319,1,0
4.67773,0.439453,0.660032,1.26848e-07,0.531368,1,0
4.67773,0.458984,0.507663,7.42076e-08,0.531368,1,0
4.54102,0.478516,0.303225,7.24153e-08,0.545025,1,0
4.54102,0.498047,0.035382,-1.6148e-09,0.545025,0.6,0
4.56055,0.478516,0.303225,6.6505e-08,0.543074,1,0
4.56055,0.498047,0.035382,-1.63739e-10,0.543074,0.6,0
4.58008,0.478516,0.303225,6.06688e-08,0.541123,1,0
4.58008,0.498047,0.0353821,1.19558e-09,0.541123,0.6,0
4.59961,0.478516,0.303225,5.49231e-08,0.539172,1,0
4.59961,0.498047,0.0353821,2.45458e-09,0.539172,0.6,0
4.61914,0.478516,0.303225,4.92577e-08,0.537221,1,0
4.61914,0.498047,0.0353822,3.61246e-09,0.537221,0.6,0
4.63867,0.478516,0.303225,4.36954e-08,0.53527,1,0
4.63867,0.498047,0.0353822,4.66516e-09,0.53527,0.6,0
4.6582,0.478516,0.303225,3.82364e-08,0.533319,1,0
4.6582,0.498047,0.0353823,5.60651e-09,0.533319,0.6,0
4.67773,0.478516,0.303225,3.29171e-08,0.531368,1,0
4.67773,0.498047,0.0353823,6.42253e-09,0.531368,0.6,0
4.69727,0.00976562,1.0007,9.21825e-07,0.529416,1,0
4.69727,0.0292969,1.00071,2.34405e-06,0.529416,1,0
4.7168,0.00976562,1.0007,8.4275e-07,0.527465,1,0
4.7168,0.0292969,1.00071,2.1562e-06,0.527465,1,0
4.69727,0.0488281,1.00071,3.98307e-06,0.529416,1,0
4.69727,0.0683594,1.00071,6.11292e-06,0.529416,1,0
4.7168,0.0488281,1.00071,3.68938e-06,0.527465,1,0
4.7168,0.0683594,1.00071,5.68932e-06,0.527465,1,0
4.73633,0.00976562,1.0007,7.66906e-07,0.525514,1,0
4.73633,0.0292969,1.00071,1.97464e-06,0.525514,1,0
4.75586,0.00976562,1.0007,6.94397e-07,0.523563,1,0
4.75586,0.0292969,1.0007,1.79968e-06,0.523563,1,0
4.73633,0.0488281,1.00071,3.40308e-06,0.525514,1,0
4.73633,0.0683594,1.00071,5.2739e-06,0.525514,1,0
4.75586,0.0488281,1.00071,3.12468e-06,0.523563,1,0
4.75586,0.0683594,1.00071,4.86745e-06,0.523563,1,0
4.69727,0.0878906,1.00071,8.3332e-06,0.529416,1,0
4.69727,0.107422,1.00071,1.06691e-05,0.529416,1,0
4.7168,0.0878906,1.00071,7.78762e-06,0.527465,1,0
4.7168,0.107422,1.0007,1.00008e-05,0.527465,1,0
4.69727,0.126953,1.00069,1.28814e-05,0.529416,1,0
4.69727,0.146484,1.00065,1.49138e-05,0.529416,1,0
4.7168,0.126953,1.00069,1.21039e-05,0.527465,1,0
4.7168,0.146484,1.00065,1.40379e-05,0.527465,1,0
4.73633,0.0878906,1.00071,7.24959e-06,0.525514,1,0
4.73633,0.107422,1.0007,9.33898e-06,0.525514,1,0
4.75586,0.0878906,1.00071,6.72015e-06,0.523563,1,0
4.75586,0.107422,1.0007,8.68477e-06,0.523563,1,0
4.73633,0.126953,1.00068,1.13309e-05,0.525514,1,0
4.73633,0.146484,1.00065,1.31644e-05,0.525514,1,0
4.75586,0.126953,1.00068,1.05638e-05,0.523563,1,0
4.75586,0.146484,1.00065,1.22949e-05,0.523563,1,0
4.77539,0.00976562,1.0007,6.25331e-07,0.521612,1,0
4.77539,0.0292969,1.0007,1.63161e-06,0.521612,1,0
4.79492,0.00976562,1.0007,5.5982e-07,0.519661,1,0
4.79492,0.0292969,1.0007,1.47076e-06,0.519661,1,0
4.77539,0.0488281,1.00071,2.85475e-06,0.521612,1,0
4.77539,0.0683594,1.00071,4.47081e-06,0.521612,1,0
4.79492,0.0488281,1.0007,2.59388e-06,0.519661,1,0
4.79492,0.0683594,1.00071,4.08494e-06,0.519661,1,0
4.81445,0.00976562,1.0007,4.97986e-07,0.51771,1,0
4.81445,0.0292969,1.0007,1.31751e-06,0.51771,1,0
4.83398,0.00976562,1.0007,4.3996e-07,0.515759,1,0
4.83398,0.0292969,1.0007,1.17224e-06,0.515759,1,0
4.81445,0.0488281,1.0007,2.34277e-06,0.51771,1,0
4.81445,0.0683594,1.0007,3.71092e-06,0.51771,1,0
4.83398,0.0488281,1.0007,2.1022e-06,0.515759,1,0
4.83398,0.0683594,1.0007,3.35002e-06,0.515759,1,0
4.77539,0.0878906,1.0007,6.20042e-06,0.521612,1,0
4.77539,0.107422,1.0007,8.03962e-06,0.521612,1,0
4.79492,0.0878906,1.0007,5.69172e-06,0.519661,1,0
4.79492,0.107422,1.0007,7.40515e-06,0.519661,1,0
4.77539,0.126953,1.00068,9.80429e-06,0.521612,1,0
4.77539,0.146484,1.00064,1.14311e-05,0.521612,1,0
4.79492,0.126953,1.00068,9.05422e-06,0.519661,1,0
4.79492,0.146484,1.00064,1.05752e-05,0.519661,1,0
4.81445,0.0878906,1.0007,5.19553e-06,0.51771,1,0
4.81445,0.107422,1.00069,6.78326e-06,0.51771,1,0
4.83398,0.0878906,1.0007,4.71361e-06,0.515759,1,0
4.83398,0.107422,1.00069,6.1762e-06,0.515759,1,0
4.81445,0.126953,1.00068,8.31587e-06,0.51771,1,0
4.81445,0.146484,1.00064,9.72982e-06,0.51771,1,0
4.83398,0.126953,1.00068,7.59193e-06,0.515759,1,0
4.83398,0.146484,1.00064,8.898e-06,0.515759,1,0
4.69727,0.166016,1.00058,1.66067e-05,0.529416,1,0
4.69727,0.185547,1.00043,1.78741e-05,0.529416,1,0
4.7168,0.166016,1.00057,1.56495e-05,0.527465,1,0
4.7168,0.185547,1.00043,1.68527e-05,0.527465,1,0
4.69727,0.205078,1.00014,1.8589e-05,0.529416,1,0
4.69727,0.224609,0.999589,1.86616e-05,0.529416,1,0
4.7168,0.205078,1.00014,1.75239e-05,0.527465,1,0
4.7168,0.224609,0.999589,1.75751e-05,0.527465,1,0
4.73633,0.166016,1.00057,1.46926e-05,0.525514,1,0
4.73633,0.185547,1.00043,1.58295e-05,0.525514,1,0
4.75586,0.166016,1.00057,1.37374e-05,0.523563,1,0
4.75586,0.185547,1.00042,1.48063e-05,0.523563,1,0
4.73633,0.205078,1.00014,1.64557e-05,0.525514,1,0
4.73633,0.224609,0.99959,1.64851e-05,0.525514,1,0
4.75586,0.205078,1.00014,1.53862e-05,0.523563,1,0
4.75586,0.224609,0.99959,1.53934e-05,0.523563,1,0
4.69727,0.244141,0.998568,1.80071e-05,0.529417,1,0
4.69727,0.263672,0.996721,1.65983e-05,0.529417,1,0
4.7168,0.244141,0.998569,1.69254e-05,0.527466,1,0
4.7168,0.263672,0.996722,1.5551e-05,0.527466,1,0
4.69727,0.283203,0.993465,1.44765e-05,0.529417,1,0
4.69727,0.302734,0.987885,1.17917e-05,0.529417,1,0
4.7168,0.283203,0.993467,1.34971e-05,0.527466,1,0
4.7168,0.302734,0.987887,1.09163e-05,0.527466,1,0
4.73633,0.244141,0.99857,1.58409e-05,0.525515,1,0
4.73633,0.263672,0.996724,1.45028e-05,0.525515,1,0
4.75586,0.244141,0.998571,1.47554e-05,0.523563,1,0
4.75586,0.263672,0.996726,1.34558e-05,0.523564,1,0
4.73633,0.283203,0.99347,1.25202e-05,0.525515,1,0
4.73633,0.302734,0.98789,1.0048e-05,0.525515,1,0
4.75586,0.283203,0.993472,1.15482e-05,0.523564,1,0
4.75586,0.302734,0.987893,9.18887e-06,0.523564,1,0
4.77539,0.166016,1.00057,1.27861e-05,0.521612,1,0
4.77539,0.185547,1.00042,1.37852e-05,0.521612,1,0
4.79492,0.166016,1.00057,1.18409e-05,0.519661,1,0
4.79492,0.185547,1.00042,1.27687e-05,0.519661,1,0
4.77539,0.205078,1.00014,1.43176e-05,0.521612,1,0
4.77539,0.224609,0.99959,1.43023e-05,0.521612,1,0
4.79492,0.205078,1.00014,1.32525e-05,0.519661,1,0
4.79492,0.224609,0.999591,1.32146e-05,0.519661,1,0
4.81445,0.166016,1.00057,1.09047e-05,0.51771,1,0
4.81445,0.185547,1.00042,1.17598e-05,0.51771,1,0
4.83398,0.166016,1.00057,9.98085e-06,0.515759,1,0
4.83398,0.185547,1.00042,1.07624e-05,0.515759,1,0
4.81445,0.205078,1.00014,1.21942e-05,0.51771,1,0
4.81445,0.224609,0.999591,1.21339e-05,0.51771,1,0
4.83398,0.205078,1.00014,1.11469e-05,0.515759,1,0
4.83398,0.224609,0.999591,1.10646e-05,0.515759,1,0
4.77539,0.244141,0.998572,1.36714e-05,0.521612,1,0
4.77539,0.263672,0.996727,1.24127e-05,0.521613,1,0
4.79492,0.244141,0.998573,1.2592e-05,0.519661,1,0
4.79492,0.263672,0.996729,1.13768e-05,0.519661,1,0
4.77539,0.283203,0.993474,1.05837e-05,0.521613,1,0
4.77539,0.302734,0.987895,8.34189e-06,0.521613,1,0
4.79492,0.283203,0.993476,9.63019e-06,0.519662,1,0
4.79492,0.302734,0.987897,7.51053e-06,0.519662,1,0
4.81445,0.244141,0.998574,1.1521e-05,0.51771,1,0
4.81445,0.263672,0.99673,1.03522e-05,0.51771,1,0
4.83398,0.244141,0.998575,1.04633e-05,0.515759,1,0
4.83398,0.263672,0.996732,9.34385e-06,0.515759,1,0
4.81445,0.283203,0.993478,8.69207e-06,0.51771,1,0
4.81445,0.302734,0.987899,6.69906e-06,0.517711,1,0
4.83398,0.283203,0.993479,7.7744e-06,0.515759,1,0
4.83398,0.302734,0.987901,5.91229e-06,0.515759,1,0
4.85352,0.00976562,1.0007,3.85884e-07,0.513808,1,0
4.85352,0.0292969,1.0007,1.03543e-06,0.513808,1,0
4.87305,0.00976562,1.0007,3.35902e-07,0.511857,1,0
4.87305,0.0292969,1.0007,9.07551e-07,0.511857,1,0
4.85352,0.0488281,1.0007,1.87306e-06,0.513808,1,0
4.85352,0.0683594,1.0007,3.00367e-06,0.513808,1,0
4.87305,0.0488281,1.0007,1.65635e-06,0.511857,1,0
4.87305,0.0683594,1.0007,2.67351e-06,0.511857,1,0
4.89258,0.00976562,1.0007,2.90154e-07,0.509906,1,0
4.89258,0.0292969,1.0007,7.8912e-07,0.509906,1,0
4.91211,0.00976562,1.0007,2.48759e-07,0.507955,1,0
4.91211,0.0292969,1.0007,6.80629e-07,0.507955,1,0
4.89258,0.0488281,1.0007,1.45314e-06,0.509906,1,0
4.89258,0.0683594,1.0007,2.36132e-06,0.509906,1,0
4.91211,0.0488281,1.0007,1.26451e-06,0.507955,1,0
4.91211,0.0683594,1.0007,2.06895e-06,0.507955,1,0
4.85352,0.0878906,1.0007,4.24798e-06,0.513808,1,0
4.85352,0.107422,1.00069,5.58658e-06,0.513808,1,0
4.87305,0.0878906,1.0007,3.80097e-06,0.511857,1,0
4.87305,0.107422,1.00069,5.01741e-06,0.511857,1,0
4.85352,0.126953,1.00067,6.88558e-06,0.513808,1,0
4.85352,0.146484,1.00064,8.08345e-06,0.513808,1,0
4.87305,0.126953,1.00067,6.2005e-06,0.511857,1,0
4.87305,0.146484,1.00064,7.29047e-06,0.511857,1,0
4.89258,0.0878906,1.0007,3.37514e-06,0.509906,1,0
4.89258,0.107422,1.00069,4.47208e-06,0.509906,1,0
4.91211,0.0878906,1.0007,2.97322e-06,0.507955,1,0
4.91211,0.107422,1.00069,3.95421e-06,0.507955,1,0
4.89258,0.126953,1.00067,5.54085e-06,0.509906,1,0
4.89258,0.146484,1.00064,6.52394e-06,0.509906,1,0
4.91211,0.126953,1.00067,4.91114e-06,0.507955,1,0
4.91211,0.146484,1.00064,5.78923e-06,0.507955,1,0
4.93164,0.00976562,1.0007,2.11802e-07,0.506004,1,0
4.93164,0.0292969,1.0007,5.82509e-07,0.506004,1,0
4.95117,0.00976562,1.0007,1.79307e-07,0.504053,1,0
4.95117,0.0292969,1.0007,4.95076e-07,0.504053,1,0
4.93164,0.0488281,1.0007,1.09153e-06,0.506004,1,0
4.93164,0.0683594,1.0007,1.79826e-06,0.506004,1,0
4.95117,0.0488281,1.0007,9.35096e-07,0.504053,1,0
4.95117,0.0683594,1.0007,1.55092e-06,0.504053,1,0
4.9707,0.00976562,1.0007,1.51227e-07,0.502102,1,0
4.9707,0.0292969,1.0007,4.18471e-07,0.502102,1,0
4.99023,0.00976562,1.0007,1.2742e-07,0.500151,1,0
4.99023,0.0292969,1.0007,3.52609e-07,0.500151,1,0
4.9707,0.0488281,1.0007,7.95857e-07,0.502102,1,0
4.9707,0.0683594,1.0007,1.32828e-06,0.502102,1,0
4.99023,0.0488281,1.0007,6.7412e-07,0.500151,1,0
4.99023,0.0683594,1.0007,1.13122e-06,0.500151,1,0
4.93164,0.0878906,1.00069,2.59796e-06,0.506004,1,0
4.93164,0.107422,1.00069,3.46752e-06,0.506004,1,0
4.95117,0.0878906,1.00069,2.25199e-06,0.504053,1,0
4.95117,0.107422,1.00069,3.01564e-06,0.504053,1,0
4.93164,0.126953,1.00067,4.31608e-06,0.506004,1,0
4.93164,0.146484,1.00064,5.09199e-06,0.506004,1,0
4.95117,0.126953,1.00067,3.76032e-06,0.504053,1,0
4.95117,0.146484,1.00064,4.43788e-06,0.504053,1,0
4.9707,0.0878906,1.00069,1.93754e-06,0.502102,1,0
4.9707,0.107422,1.00069,2.60179e-06,0.502102,1,0
4.99023,0.0878906,1.00069,1.65625e-06,0.500151,1,0
4.99023,0.107422,1.00068,2.2285e-06,0.500151,1,0
4.9707,0.126953,1.00067,3.24813e-06,0.502102,1,0
4.9707,0.146484,1.00063,3.83215e-06,0.502102,1,0
4.99023,0.126953,1.00067,2.78301e-06,0.500151,1,0
4.99023,0.146484,1.00063,3.27934e-06,0.500151,1,0
4.85352,0.166016,1.00057,9.07362e-06,0.513808,1,0
4.85352,0.185547,1.00042,9.78097e-06,0.513808,1,0
4.87305,0.166016,1.00057,8.18783e-06,0.511857,1,0
4.87305,0.185547,1.00042,8.82096e-06,0.511857,1,0
4.85352,0.205078,1.00014,1.01156e-05,0.513808,1,0
4.85352,0.224609,0.999592,1.00122e-05,0.513808,1,0
4.87305,0.205078,1.00014,9.10601e-06,0.511857,1,0
4.87305,0.224609,0.999592,8.98272e-06,0.511857,1,0
4.89258,0.166016,1.00057,7.32905e-06,0.509906,1,0
4.89258,0.185547,1.00042,7.88851e-06,0.509906,1,0
4.91211,0.166016,1.00056,6.50342e-06,0.507955,1,0
4.91211,0.185547,1.00042,6.99043e-06,0.507955,1,0
4.89258,0.205078,1.00014,8.12484e-06,0.509906,1,0
4.89258,0.224609,0.999592,7.98319e-06,0.509906,1,0
4.91211,0.205078,1.00014,7.17945e-06,0.507955,1,0
4.91211,0.224609,0.999593,7.02134e-06,0.507955,1,0
4.85352,0.244141,0.998576,9.42435e-06,0.513808,1,0
4.85352,0.263672,0.996733,8.35755e-06,0.513808,1,0
4.87305,0.244141,0.998577,8.41059e-06,0.511857,1,0
4.87305,0.263672,0.996734,7.39975e-06,0.511857,1,0
4.85352,0.283203,0.993481,6.88287e-06,0.513808,1,0
4.85352,0.302734,0.987903,5.15548e-06,0.513808,1,0
4.87305,0.283203,0.993483,6.02362e-06,0.511857,1,0
4.87305,0.302734,0.987905,4.43419e-06,0.511857,1,0
4.89258,0.244141,0.998577,7.42921e-06,0.509906,1,0
4.89258,0.263672,0.996735,6.4775e-06,0.509906,1,0
4.91211,0.244141,0.998578,6.48802e-06,0.507955,1,0
4.91211,0.263672,0.996736,5.59831e-06,0.507955,1,0
4.89258,0.283203,0.993484,5.20317e-06,0.509906,1,0
4.89258,0.302734,0.987906,3.75415e-06,0.509906,1,0
4.91211,0.283203,0.993485,4.42841e-06,0.507955,1,0
4.91211,0.302734,0.987908,3.12091e-06,0.507955,1,0
4.93164,0.166016,1.00056,5.71744e-06,0.506004,1,0
4.93164,0.185547,1.00042,6.13399e-06,0.506004,1,0
4.95117,0.166016,1.00056,4.97771e-06,0.504053,1,0
4.95117,0.185547,1.00042,5.32656e-06,0.504053,1,0
4.93164,0.205078,1.00014,6.27767e-06,0.506004,1,0
4.93164,0.224609,0.999593,6.10538e-06,0.506004,1,0
4.95117,0.205078,1.00014,5.42751e-06,0.504053,1,0
4.95117,0.224609,0.999593,5.24365e-06,0.504053,1,0
4.9707,0.166016,1.00056,4.29044e-06,0.502102,1,0
4.9707,0.185547,1.00042,4.5752e-06,0.502102,1,0
4.99023,0.166016,1.00056,3.66109e-06,0.500151,1,0
4.99023,0.185547,1.00042,3.88613e-06,0.500151,1,0
4.9707,0.205078,1.00014,4.63662e-06,0.502102,1,0
4.9707,0.224609,0.999594,4.44406e-06,0.502102,1,0
4.99023,0.205078,1.00014,3.91178e-06,0.500151,1,0
4.99023,0.224609,0.999594,3.71349e-06,0.500151,1,0
4.93164,0.244141,0.998579,5.59524e-06,0.506004,1,0
4.93164,0.263672,0.996737,4.76994e-06,0.506004,1,0
4.95117,0.244141,0.998579,4.75908e-06,0.504053,1,0
4.95117,0.263672,0.996738,4.00008e-06,0.504053,1,0
4.93164,0.283203,0.993487,3.70617e-06,0.506004,1,0
4.93164,0.302734,0.987909,2.53939e-06,0.506004,1,0
4.95117,0.283203,0.993488,3.04275e-06,0.504053,1,0
4.95117,0.302734,0.98791,2.01358e-06,0.504053,1,0
4.9707,0.244141,0.99858,3.98727e-06,0.502102,1,0
4.9707,0.263672,0.996739,3.29575e-06,0.502102,1,0
4.99023,0.244141,0.998581,3.28644e-06,0.500151,1,0
4.99023,0.263672,0.99674,2.66254e-06,0.500151,1,0
4.9707,0.283203,0.993489,2.44332e-06,0.502102,1,0
4.9707,0.302734,0.987911,1.54651e-06,0.502102,1,0
4.99023,0.283203,0.993489,1.91155e-06,0.500151,1,0
4.99023,0.302734,0.987912,1.14028e-06,0.500151,1,0
4.69727,0.322266,0.978584,8.80865e-06,0.529417,1,0
4.69727,0.341797,0.963515,5.88901e-06,0.529417,1,0
4.7168,0.322266,0.978587,8.07232e-06,0.527466,1,0
4.7168,0.341797,0.963518,5.31849e-06,0.527466,1,0
4.69727,0.361328,0.939781,3.41097e-06,0.529417,1,0
4.69727,0.380859,0.903431,1.64874e-06,0.529417,1,0
4.7168,0.361328,0.939783,3.01517e-06,0.527466,1,0
4.7168,0.380859,0.903432,1.41051e-06,0.527466,1,0
4.73633,0.322266,0.97859,7.34767e-06,0.525515,1,0
4.73633,0.341797,0.963521,4.7633e-06,0.525515,1,0
4.75586,0.322266,0.978592,6.63694e-06,0.523564,1,0
4.75586,0.341797,0.963523,4.22504e-06,0.523564,1,0
4.73633,0.361328,0.939784,2.63541e-06,0.525515,1,0
4.73633,0.380859,0.903434,1.1863e-06,0.525515,1,0
4.75586,0.361328,0.939786,2.27292e-06,0.523564,1,0
4.75586,0.380859,0.903435,9.77134e-07,0.523564,1,0
4.69727,0.400391,0.849287,6.51249e-07,0.529417,1,0
4.69727,0.419922,0.770805,2.31828e-07,0.529417,1,0
4.7168,0.400391,0.849288,5.30023e-07,0.527466,1,0
4.7168,0.419922,0.770805,1.76959e-07,0.527466,1,0
4.69727,0.439453,0.660032,9.95824e-08,0.529417,1,0
4.69727,0.458984,0.507663,6.00407e-08,0.529417,1,0
4.7168,0.439453,0.660032,7.41755e-08,0.527466,1,0
4.7168,0.458984,0.507663,4.65528e-08,0.527466,1,0
4.73633,0.400391,0.849288,4.18403e-07,0.525515,1,0
4.73633,0.419922,0.770806,1.26748e-07,0.525515,1,0
4.75586,0.400391,0.849289,3.16341e-07,0.523564,1,0
4.75586,0.419922,0.770806,8.09942e-08,0.523564,1,0
4.73633,0.439453,0.660032,5.0585e-08,0.525515,1,0
4.73633,0.458984,0.507663,3.38228e-08,0.525515,1,0
4.75586,0.439453,0.660032,2.87964e-08,0.523564,1,0
4.75586,0.458984,0.507663,2.18577e-08,0.523564,1,0
4.77539,0.322266,0.978595,5.94268e-06,0.521613,1,0
4.77539,0.341797,0.963525,3.7057e-06,0.521613,1,0
4.79492,0.322266,0.978597,5.268e-06,0.519662,1,0
4.79492,0.341797,0.963527,3.20803e-06,0.519662,1,0
4.77539,0.361328,0.939788,1.92951e-06,0.521613,1,0
4.77539,0.380859,0.903436,7.83578e-07,0.521613,1,0
4.79492,0.361328,0.939789,1.60693e-06,0.519662,1,0
4.79492,0.380859,0.903436,6.05481e-07,0.519662,1,0
4.81445,0.322266,0.978599,4.6167e-06,0.517711,1,0
4.81445,0.341797,0.963529,2.73513e-06,0.517711,1,0
4.83398,0.322266,0.978601,3.99312e-06,0.51576,1,0
4.83398,0.341797,0.96353,2.29024e-06,0.51576,1,0
4.81445,0.361328,0.93979,1.30664e-06,0.517711,1,0
4.81445,0.380859,0.903437,4.4277e-07,0.517711,1,0
4.83398,0.361328,0.939791,1.03022e-06,0.51576,1,0
4.83398,0.380859,0.903438,2.96218e-07,0.51576,1,0
4.77539,0.400391,0.849289,2.2318e-07,0.521613,1,0
4.77539,0.419922,0.770806,3.93941e-08,0.521613,1,0
4.79492,0.400391,0.849289,1.38546e-07,0.519662,1,0
4.79492,0.419922,0.770806,1.92778e-09,0.519662,1,0
4.77539,0.439453,0.660033,8.82217e-09,0.521613,1,0
4.77539,0.458984,0.507663,1.07755e-08,0.521613,1,0
4.79492,0.439453,0.660033,-9.23884e-09,0.519662,1,0
4.79492,0.458984,0.507663,7.16868e-10,0.519662,1,0
4.81445,0.400391,0.84929,6.28779e-08,0.517711,1,0
4.81445,0.419922,0.770806,-3.07967e-08,0.517711,1,0
4.83398,0.400391,0.84929,-3.02034e-09,0.51576,1,0
4.83398,0.419922,0.770806,-5.84753e-08,0.51576,1,0
4.81445,0.439453,0.660033,-2.5191e-08,0.517711,1,0
4.81445,0.458984,0.507663,-8.35321e-09,0.517711,1,0
4.83398,0.439453,0.660033,-3.91056e-08,0.51576,1,0
4.83398,0.458984,0.507663,-1.6547e-08,0.51576,1,0
4.69727,0.478516,0.303225,2.77455e-08,0.529417,1,0
4.69727,0.498047,0.0353823,7.08896e-09,0.529417,0.6,0
4.7168,0.478516,0.303225,2.27566e-08,0.527466,1,0
4.7168,0.498047,0.0353824,7.57874e-09,0.527466,0.6,0
4.73633,0.478516,0.303225,1.79171e-08,0.525515,1,0
4.73633,0.498047,0.0353824,7.81109e-09,0.525515,0.6,0
4.75586,0.478516,0.303225,1.3245e-08,0.523564,1,0
4.75586,0.498047,0.0353824,7.78173e-09,0.523564,0.6,0
4.77539,0.478516,0.303225,8.85138e-09,0.521613,1,0
4.77539,0.498047,0.0353824,7.60365e-09,0.521613,0.6,0
4.79492,0.478516,0.303225,4.81446e-09,0.519662,1,0
4.79492,0.498047,0.0353824,7.32247e-09,0.519662,0.6,0
4.81445,0.478516,0.303225,1.07049e-09,0.517711,1,0
4.81445,0.498047,0.0353824,6.924e-09,0.517711,0.6,0
4.83398,0.478516,0.303225,-2.37609e-09,0.51576,1,0
4.83398,0.498047,0.0353824,6.43262e-09,0.51576,0.6,0
4.85352,0.322266,0.978603,3.40182e-06,0.513808,1,0
4.85352,0.341797,0.963532,1.87647e-06,0.513808,1,0
4.87305,0.322266,0.978604,2.84723e-06,0.511857,1,0
4.87305,0.341797,0.963533,1.49661e-06,0.511857,1,0
4.85352,0.361328,0.939792,7.79277e-07,0.513809,1,0
4.85352,0.380859,0.903438,1.67165e-07,0.513809,1,0
4.87305,0.361328,0.939793,5.55046e-07,0.511857,1,0
4.87305,0.380859,0.903438,5.63769e-08,0.511857,1,0
4.89258,0.322266,0.978606,2.33348e-06,0.509906,1,0
4.89258,0.341797,0.963534,1.15307e-06,0.509906,1,0
4.91211,0.322266,0.978607,1.86416e-06,0.507955,1,0
4.91211,0.341797,0.963535,8.47518e-07,0.507955,1,0
4.89258,0.361328,0.939794,3.5836e-07,0.509906,1,0
4.89258,0.380859,0.903439,-3.61588e-08,0.509906,1,0
4.91211,0.361328,0.939794,1.89662e-07,0.507955,1,0
4.91211,0.380859,0.903439,-1.10946e-07,0.507955,1,0
4.85352,0.400391,0.84929,-5.85286e-08,0.513809,1,0
4.85352,0.419922,0.770806,-8.14911e-08,0.513809,1,0
4.87305,0.400391,0.84929,-1.03693e-07,0.511857,1,0
4.87305,0.419922,0.770806,-1.0014e-07,0.511857,1,0
4.85352,0.439453,0.660032,-5.11433e-08,0.513809,1,0
4.85352,0.458984,0.507663,-2.38367e-08,0.513809,1,0
4.87305,0.439453,0.660032,-6.11278e-08,0.511857,1,0
4.87305,0.458984,0.507663,-3.00415e-08,0.511857,1,0
4.89258,0.400391,0.84929,-1.39148e-07,0.509906,1,0
4.89258,0.419922,0.770806,-1.14664e-07,0.509906,1,0
4.91211,0.400391,0.84929,-1.65822e-07,0.507955,1,0
4.91211,0.419922,0.770806,-1.25314e-07,0.507955,1,0
4.89258,0.439453,0.660032,-6.89712e-08,0.509906,1,0
4.89258,0.458984,0.507663,-3.50332e-08,0.509906,1,0
4.91211,0.439453,0.660032,-7.48023e-08,0.507955,1,0
4.91211,0.458984,0.507663,-3.88986e-08,0.507955,1,0
4.93164,0.322266,0.978608,1.44201e-06,0.506004,1,0
4.93164,0.341797,0.963536,5.80593e-07,0.506004,1,0
4.95117,0.322266,0.978609,1.06889e-06,0.504053,1,0
4.95117,0.341797,0.963536,3.52134e-07,0.504053,1,0
4.93164,0.361328,0.939795,4.87467e-08,0.506004,1,0
4.93164,0.380859,0.903439,-1.68953e-07,0.506004,1,0
4.95117,0.361328,0.939795,-6.53766e-08,0.504053,1,0
4.95117,0.380859,0.903439,-2.11533e-07,0.504053,1,0
4.9707,0.322266,0.97861,7.45928e-07,0.502102,1,0
4.9707,0.341797,0.963537,1.6171e-07,0.502102,1,0
4.99023,0.322266,0.97861,4.73351e-07,0.500151,1,0
4.99023,0.341797,0.963537,8.51186e-09,0.500151,1,0
4.9707,0.361328,0.939795,-1.54214e-07,0.502102,1,0
4.9707,0.380859,0.903439,-2.40489e-07,0.502102,1,0
4.99023,0.361328,0.939795,-2.19515e-07,0.500151,1,0
4.99023,0.380859,0.903439,-2.57752e-07,0.500151,1,0
4.93164,0.400391,0.84929,-1.84723e-07,0.506004,1,0
4.93164,0.419922,0.770806,-1.32301e-07,0.506004,1,0
4.95117,0.400391,0.84929,-1.96737e-07,0.504053,1,0
4.95117,0.419922,0.770806,-1.35927e-07,0.504053,1,0
4.93164,0.439453,0.660032,-7.87385e-08,0.506004,1,0
4.93164,0.458984,0.507663,-4.16663e-08,0.506004,1,0
4.95117,0.439453,0.660032,-8.0907e-08,0.504053,1,0
4.95117,0.458984,0.507663,-4.33937e-08,0.504053,1,0
4.9707,0.400391,0.84929,-2.02675e-07,0.502102,1,0
4.9707,0.419922,0.770806,-1.36639e-07,0.502102,1,0
4.99023,0.400391,0.84929,-2.03382e-07,0.500151,1,0
4.99023,0.419922,0.770806,-1.34877e-07,0.500151,1,0
4.9707,0.439453,0.660032,-8.14822e-08,0.502102,1,0
4.9707,0.458984,0.507663,-4.41555e-08,0.502102,1,0
4.99023,0.439453,0.660032,-8.06479e-08,0.500151,1,0
4.99023,0.458984,0.507663,-4.40636e-08,0.500151,1,0
4.85352,0.478516,0.303225,-5.48707e-09,0.513808,1,0
4.85352,0.498047,0.0353824,5.90138e-09,0.513808,0.6,0
4.87305,0.478516,0.303225,-8.18594e-09,0.511857,1,0
4.87305,0.498047,0.0353824,5.29167e-09,0.511857,0.6,0
4.89258,0.478516,0.303225,-1.04456e-08,0.509906,1,0
4.89258,0.498047,0.0353824,4.59385e-09,0.509906,0.6,0
4.91211,0.478516,0.303225,-1.22598e-08,0.507955,1,0
4.91211,0.498047,0.0353824,3.89397e-09,0.507955,0.6,0
4.93164,0.478516,0.303225,-1.36429e-08,0.506004,1,0
4.93164,0.498047,0.0353824,3.21751e-09,0.506004,0.6,0
4.95117,0.478516,0.303225,-1.45995e-08,0.504053,1,0
4.95117,0.498047,0.0353824,2.57962e-09,0.504053,0.6,0
4.9707,0.478516,0.303225,-1.51641e-08,0.502102,1,0
4.9707,0.498047,0.0353824,1.99165e-09,0.502102,0.6,0
4.99023,0.478516,0.303225,-1.53615e-08,0.500151,1,0
4.99023,0.498047,0.0353824,1.46357e-09,0.500151,0.6,0
5.00977,0.00976562,1.0007,1.07645e-07,0.4982,1,0
5.00977,0.0292969,1.0007,2.97141e-07,0.4982,1,0
5.0293,0.00976562,1.0007,9.15622e-08,0.496249,1,0
5.0293,0.0292969,1.0007,2.51436e-07,0.496249,1,0
5.00977,0.0488281,1.0007,5.69748e-07,0.4982,1,0
5.00977,0.0683594,1.00069,9.59956e-07,0.4982,1,0
5.0293,0.0488281,1.0007,4.82115e-07,0.496249,1,0
5.0293,0.0683594,1.00069,8.14001e-07,0.496249,1,0
5.04883,0.00976562,1.0007,7.87444e-08,0.494297,1,0
5.04883,0.0292969,1.0007,2.14598e-07,0.494297,1,0
5.06836,0.00976562,1.0007,6.86973e-08,0.492346,1,0
5.06836,0.0292969,1.0007,1.85501e-07,0.492346,1,0
5.04883,0.0488281,1.0007,4.10098e-07,0.494297,1,0
5.04883,0.0683594,1.00069,6.92085e-07,0.494298,1,0
5.06836,0.0488281,1.0007,3.52118e-07,0.492346,1,0
5.06836,0.0683594,1.00069,5.92217e-07,0.492346,1,0
5.00977,0.0878906,1.00069,1.40896e-06,0.4982,1,0
5.00977,0.107422,1.00068,1.89737e-06,0.4982,1,0
5.0293,0.0878906,1.00069,1.19557e-06,0.496249,1,0
5.0293,0.107422,1.00068,1.60881e-06,0.496249,1,0
5.00977,0.126953,1.00067,2.36743e-06,0.4982,1,0
5.00977,0.146484,1.00063,2.7828e-06,0.4982,1,0
5.0293,0.126953,1.00067,2.00252e-06,0.496249,1,0
5.0293,0.146484,1.00063,2.34441e-06,0.496249,1,0
5.04883,0.0878906,1.00069,1.01491e-06,0.494298,1,0
5.04883,0.107422,1.00068,1.36197e-06,0.494298,1,0
5.06836,0.0878906,1.00069,8.64834e-07,0.492346,1,0
5.06836,0.107422,1.00068,1.15471e-06,0.492346,1,0
5.04883,0.126953,1.00067,1.6879e-06,0.494298,1,0
5.04883,0.146484,1.00063,1.96437e-06,0.494298,1,0
5.06836,0.126953,1.00067,1.42162e-06,0.492346,1,0
5.06836,0.146484,1.00063,1.64107e-06,0.492346,1,0
5.08789,0.00976562,1.00069,6.08899e-08,0.490395,1,0
5.08789,0.0292969,1.0007,1.62862e-07,0.490395,1,0
5.10742,0.00976562,1.00069,5.47896e-08,0.488444,1,0
5.10742,0.0292969,1.00069,1.45326e-07,0.488444,1,0
5.08789,0.0488281,1.00069,3.06238e-07,0.490395,1,0
5.08789,0.0683594,1.00069,5.11795e-07,0.490395,1,0
5.10742,0.0488281,1.00069,2.70295e-07,0.488444,1,0
5.10742,0.0683594,1.00069,4.47784e-07,0.488444,1,0
5.12695,0.00976562,1.00069,4.98969e-08,0.486493,1,0
5.12695,0.0292969,1.00069,1.31562e-07,0.486493,1,0
5.14648,0.00976562,1.00069,4.5777e-08,0.484542,1,0
5.14648,0.0292969,1.00069,1.20355e-07,0.484542,1,0
5.12695,0.0488281,1.00069,2.4206e-07,0.486493,1,0
5.12695,0.0683594,1.00069,3.9695e-07,0.486493,1,0
5.14648,0.0488281,1.00069,2.19403e-07,0.484542,1,0
5.14648,0.0683594,1.00069,3.56102e-07,0.484542,1,0
5.08789,0.0878906,1.00069,7.42282e-07,0.490395,1,0
5.08789,0.107422,1.00068,9.83678e-07,0.490395,1,0
5.10742,0.0878906,1.00069,6.43525e-07,0.488444,1,0
5.10742,0.107422,1.00068,8.44598e-07,0.488444,1,0
5.08789,0.126953,1.00067,1.2003e-06,0.490395,1,0
5.08789,0.146484,1.00063,1.37118e-06,0.490395,1,0
5.10742,0.126953,1.00067,1.01929e-06,0.488444,1,0
5.10742,0.146484,1.00063,1.14984e-06,0.488444,1,0
5.12695,0.0878906,1.00069,5.64437e-07,0.486493,1,0
5.12695,0.107422,1.00068,7.32563e-07,0.486493,1,0
5.14648,0.0878906,1.00069,5.00823e-07,0.484542,1,0
5.14648,0.107422,1.00068,6.42434e-07,0.484542,1,0
5.12695,0.126953,1.00067,8.73076e-07,0.486493,1,0
5.12695,0.146484,1.00063,9.71033e-07,0.486493,1,0
5.14648,0.126953,1.00067,7.55702e-07,0.484542,1,0
5.14648,0.146484,1.00063,8.28112e-07,0.484542,1,0
5.00977,0.166016,1.00056,3.09388e-06,0.4982,1,0
5.00977,0.185547,1.00042,3.26427e-06,0.4982,1,0
5.0293,0.166016,1.00056,2.59141e-06,0.496249,1,0
5.0293,0.185547,1.00042,2.71284e-06,0.496249,1,0
5.00977,0.205078,1.00014,3.25831e-06,0.4982,1,0
5.00977,0.224609,0.999594,3.05726e-06,0.4982,1,0
5.0293,0.205078,1.00014,2.67968e-06,0.496249,1,0
5.0293,0.224609,0.999595,2.47886e-06,0.496249,1,0
5.04883,0.166016,1.00056,2.15447e-06,0.494298,1,0
5.04883,0.185547,1.00042,2.23305e-06,0.494298,1,0
5.06836,0.166016,1.00056,1.78184e-06,0.492347,1,0
5.06836,0.185547,1.00042,1.82398e-06,0.492347,1,0
5.04883,0.205078,1.00014,2.17731e-06,0.494298,1,0
5.04883,0.224609,0.999595,1.97958e-06,0.494298,1,0
5.06836,0.205078,1.00014,1.75039e-06,0.492347,1,0
5.06836,0.224609,0.999595,1.55818e-06,0.492347,1,0
5.00977,0.244141,0.998581,2.66157e-06,0.4982,1,0
5.00977,0.263672,0.99674,2.10403e-06,0.4982,1,0
5.0293,0.244141,0.998582,2.11542e-06,0.496249,1,0
5.0293,0.263672,0.996741,1.62165e-06,0.496249,1,0
5.00977,0.283203,0.99349,1.44959e-06,0.4982,1,0
5.00977,0.302734,0.987912,7.95875e-07,0.4982,1,0
5.0293,0.283203,0.993491,1.05799e-06,0.496249,1,0
5.0293,0.302734,0.987913,5.1242e-07,0.496249,1,0
5.04883,0.244141,0.998582,1.64828e-06,0.494298,1,0
5.04883,0.263672,0.996741,1.2147e-06,0.494298,1,0
5.06836,0.244141,0.998582,1.25801e-06,0.492347,1,0
5.06836,0.263672,0.996742,8.80368e-07,0.492347,1,0
5.04883,0.283203,0.993491,7.35163e-07,0.494298,1,0
5.04883,0.302734,0.987913,2.86796e-07,0.494298,1,0
5.06836,0.283203,0.993492,4.77301e-07,0.492347,1,0
5.06836,0.302734,0.987914,1.14282e-07,0.492347,1,0
5.08789,0.166016,1.00056,1.47032e-06,0.490395,1,0
5.08789,0.185547,1.00042,1.48247e-06,0.490395,1,0
5.10742,0.166016,1.00056,1.21488e-06,0.488444,1,0
5.10742,0.185547,1.00042,1.20333e-06,0.488444,1,0
5.08789,0.205078,1.00014,1.39568e-06,0.490395,1,0
5.08789,0.224609,0.999595,1.2109e-06,0.490395,1,0
5.10742,0.205078,1.00014,1.10771e-06,0.488444,1,0
5.10742,0.224609,0.999596,9.31896e-07,0.488444,1,0
5.12695,0.166016,1.00056,1.00911e-06,0.486493,1,0
5.12695,0.185547,1.00042,9.79781e-07,0.486493,1,0
5.14648,0.166016,1.00056,8.45726e-07,0.484542,1,0
5.14648,0.185547,1.00042,8.04047e-07,0.484542,1,0
5.12695,0.205078,1.00014,8.79315e-07,0.486493,1,0
5.12695,0.224609,0.999596,7.13756e-07,0.486493,1,0
5.14648,0.205078,1.00014,7.02229e-07,0.484542,1,0
5.14648,0.224609,0.999596,5.47932e-07,0.484542,1,0
5.08789,0.244141,0.998583,9.40388e-07,0.490395,1,0
5.08789,0.263672,0.996742,6.1402e-07,0.490396,1,0
5.10742,0.244141,0.998583,6.8943e-07,0.488444,1,0
5.10742,0.263672,0.996743,4.09311e-07,0.488444,1,0
5.08789,0.283203,0.993492,2.78792e-07,0.490396,1,0
5.08789,0.302734,0.987914,-1.09518e-08,0.490396,1,0
5.10742,0.283203,0.993492,1.32741e-07,0.488444,1,0
5.10742,0.302734,0.987914,-9.56843e-08,0.488444,1,0
5.12695,0.244141,0.998583,4.97621e-07,0.486493,1,0
5.12695,0.263672,0.996743,2.58418e-07,0.486493,1,0
5.14648,0.244141,0.998583,3.56288e-07,0.484542,1,0
5.14648,0.263672,0.996743,1.52563e-07,0.484542,1,0
5.12695,0.283203,0.993492,3.14244e-08,0.486493,1,0
5.12695,0.302734,0.987914,-1.47156e-07,0.486493,1,0
5.14648,0.283203,0.993493,-3.34079e-08,0.484542,1,0
5.14648,0.302734,0.987914,-1.72623e-07,0.484542,1,0
5.16602,0.00976562,1.00069,4.2083e-08,0.482591,1,0
5.16602,0.0292969,1.00069,1.10684e-07,0.482591,1,0
5.18555,0.00976562,1.00069,3.85682e-08,0.48064,1,0
5.18555,0.0292969,1.00069,1.01768e-07,0.48064,1,0
5.16602,0.0488281,1.00069,2.0044e-07,0.482591,1,0
5.16602,0.0683594,1.00069,3.22324e-07,0.482591,1,0
5.18555,0.0488281,1.00069,1.83644e-07,0.48064,1,0
5.18555,0.0683594,1.00069,2.93156e-07,0.48064,1,0
5.20508,0.00976562,1.00069,3.5086e-08,0.478689,1,0
5.20508,0.0292969,1.00069,9.30896e-08,0.478689,1,0
5.22461,0.00976562,1.00069,3.15799e-08,0.476738,1,0
5.22461,0.0292969,1.00069,8.43788e-08,0.476738,1,0
5.20508,0.0488281,1.00069,1.67903e-07,0.478689,1,0
5.20508,0.0683594,1.00069,2.66706e-07,0.478689,1,0
5.22461,0.0488281,1.00069,1.5253e-07,0.476738,1,0
5.22461,0.0683594,1.00069,2.41694e-07,0.476738,1,0
5.16602,0.0878906,1.00069,4.48723e-07,0.482591,1,0
5.16602,0.107422,1.00068,5.69226e-07,0.482591,1,0
5.18555,0.0878906,1.00069,4.04676e-07,0.48064,1,0
5.18555,0.107422,1.00068,5.08439e-07,0.48064,1,0
5.16602,0.126953,1.00067,6.6124e-07,0.482591,1,0
5.16602,0.146484,1.00063,7.14276e-07,0.482591,1,0
5.18555,0.126953,1.00067,5.84181e-07,0.48064,1,0
5.18555,0.146484,1.00063,6.23054e-07,0.48064,1,0
5.20508,0.0878906,1.00069,3.65895e-07,0.478689,1,0
5.20508,0.107422,1.00068,4.56303e-07,0.478689,1,0
5.22461,0.0878906,1.00069,3.30352e-07,0.476738,1,0
5.22461,0.107422,1.00068,4.09921e-07,0.476738,1,0
5.20508,0.126953,1.00067,5.19747e-07,0.478689,1,0
5.20508,0.146484,1.00063,5.48676e-07,0.478689,1,0
5.22461,0.126953,1.00067,4.64094e-07,0.476738,1,0
5.22461,0.146484,1.00063,4.86333e-07,0.476738,1,0
5.24414,0.00976562,1.00069,2.80638e-08,0.474787,1,0
5.24414,0.0292969,1.00069,7.55781e-08,0.474787,1,0
5.26367,0.00976562,1.00069,2.45989e-08,0.472836,1,0
5.26367,0.0292969,1.00069,6.67861e-08,0.472836,1,0
5.24414,0.0488281,1.00069,1.37225e-07,0.474787,1,0
5.24414,0.0683594,1.00069,2.17413e-07,0.474787,1,0
5.26367,0.0488281,1.00069,1.21991e-07,0.472836,1,0
5.26367,0.0683594,1.00069,1.93643e-07,0.472836,1,0
5.2832,0.00976562,1.00069,2.12698e-08,0.470885,1,0
5.2832,0.0292969,1.00069,5.8195e-08,0.470885,1,0
5.30273,0.00976562,1.00069,1.81624e-08,0.468934,1,0
5.30273,0.0292969,1.00069,5.00306e-08,0.468934,1,0
5.2832,0.0488281,1.00069,1.07044e-07,0.470885,1,0
5.2832,0.0683594,1.00069,1.70515e-07,0.470885,1,0
5.30273,0.0488281,1.00069,9.27074e-08,0.468934,1,0
5.30273,0.0683594,1.00069,1.48373e-07,0.468934,1,0
5.24414,0.0878906,1.00069,2.96765e-07,0.474787,1,0
5.24414,0.107422,1.00068,3.6729e-07,0.474787,1,0
5.26367,0.0878906,1.00069,2.64517e-07,0.472836,1,0
5.26367,0.107422,1.00068,3.27235e-07,0.472836,1,0
5.24414,0.126953,1.00067,4.14388e-07,0.474787,1,0
5.24414,0.146484,1.00063,4.32307e-07,0.474787,1,0
5.26367,0.126953,1.00067,3.68766e-07,0.472836,1,0
5.26367,0.146484,1.00063,3.83972e-07,0.472836,1,0
5.2832,0.0878906,1.00069,2.33499e-07,0.470885,1,0
5.2832,0.107422,1.00068,2.89255e-07,0.470885,1,0
5.30273,0.0878906,1.00069,2.03946e-07,0.468934,1,0
5.30273,0.107422,1.00068,2.53335e-07,0.468934,1,0
5.2832,0.126953,1.00067,3.26198e-07,0.470885,1,0
5.2832,0.146484,1.00063,3.39682e-07,0.470885,1,0
5.30273,0.126953,1.00067,2.86292e-07,0.468934,1,0
5.30273,0.146484,1.00063,2.98584e-07,0.468934,1,0
5.16602,0.166016,1.00056,7.17198e-07,0.482591,1,0
5.16602,0.185547,1.00042,6.67898e-07,0.482591,1,0
5.18555,0.166016,1.00056,6.16185e-07,0.48064,1,0
5.18555,0.185547,1.00042,5.63217e-07,0.48064,1,0
5.16602,0.205078,1.00014,5.67672e-07,0.482591,1,0
5.16602,0.224609,0.999596,4.25379e-07,0.482591,1,0
5.18555,0.205078,1.00014,4.66995e-07,0.48064,1,0
5.18555,0.224609,0.999596,3.37103e-07,0.48064,1,0
5.20508,0.166016,1.00056,5.35987e-07,0.478689,1,0
5.20508,0.185547,1.00042,4.82517e-07,0.478689,1,0
5.22461,0.166016,1.00056,4.70875e-07,0.476738,1,0
5.22461,0.185547,1.00042,4.19286e-07,0.476738,1,0
5.20508,0.205078,1.00014,3.92132e-07,0.478689,1,0
5.20508,0.224609,0.999596,2.74654e-07,0.478689,1,0
5.22461,0.205078,1.00014,3.35985e-07,0.476738,1,0
5.22461,0.224609,0.999597,2.30608e-07,0.476738,1,0
5.16602,0.244141,0.998584,2.56202e-07,0.482591,1,0
5.16602,0.263672,0.996743,8.26902e-08,0.482591,1,0
5.18555,0.244141,0.998584,1.88195e-07,0.48064,1,0
5.18555,0.263672,0.996743,4.00931e-08,0.48064,1,0
5.16602,0.283203,0.993493,-7.00282e-08,0.482591,1,0
5.16602,0.302734,0.987914,-1.79023e-07,0.482591,1,0
5.18555,0.283203,0.993493,-8.61515e-08,0.48064,1,0
5.18555,0.302734,0.987915,-1.72572e-07,0.48064,1,0
5.20508,0.244141,0.998584,1.43806e-07,0.478689,1,0
5.20508,0.263672,0.996743,1.68933e-08,0.478689,1,0
5.22461,0.244141,0.998584,1.15733e-07,0.476738,1,0
5.22461,0.263672,0.996744,6.4044e-09,0.476738,1,0
5.20508,0.283203,0.993493,-8.85442e-08,0.478689,1,0
5.20508,0.302734,0.987915,-1.58478e-07,0.478689,1,0
5.22461,0.283203,0.993493,-8.27891e-08,0.476738,1,0
5.22461,0.302734,0.987915,-1.4085e-07,0.476738,1,0
5.24414,0.166016,1.00056,4.16272e-07,0.474787,1,0
5.24414,0.185547,1.00042,3.68204e-07,0.474787,1,0
5.26367,0.166016,1.00056,3.68794e-07,0.472836,1,0
5.26367,0.185547,1.00042,3.25227e-07,0.472836,1,0
5.24414,0.205078,1.00014,2.9269e-07,0.474787,1,0
5.24414,0.224609,0.999597,1.98861e-07,0.474787,1,0
5.26367,0.205078,1.00014,2.57734e-07,0.472836,1,0
5.26367,0.224609,0.999597,1.74724e-07,0.472836,1,0
5.2832,0.166016,1.00056,3.26166e-07,0.470885,1,0
5.2832,0.185547,1.00042,2.87529e-07,0.470885,1,0
5.30273,0.166016,1.00056,2.87051e-07,0.468934,1,0
5.30273,0.185547,1.00042,2.53337e-07,0.468934,1,0
5.2832,0.205078,1.00014,2.27905e-07,0.470885,1,0
5.2832,0.224609,0.999597,1.54866e-07,0.470885,1,0
5.30273,0.205078,1.00014,2.01142e-07,0.468934,1,0
5.30273,0.224609,0.999597,1.37155e-07,0.468934,1,0
5.24414,0.244141,0.998584,9.80563e-08,0.474787,1,0
5.24414,0.263672,0.996744,3.32059e-09,0.474787,1,0
5.26367,0.244141,0.998584,8.62916e-08,0.472836,1,0
5.26367,0.263672,0.996744,3.72836e-09,0.472836,1,0
5.24414,0.283203,0.993493,-7.31786e-08,0.474787,1,0
5.24414,0.302734,0.987915,-1.22698e-07,0.474787,1,0
5.26367,0.283203,0.993493,-6.27433e-08,0.472836,1,0
5.26367,0.302734,0.987915,-1.06008e-07,0.472836,1,0
5.2832,0.244141,0.998584,7.73071e-08,0.470885,1,0
5.2832,0.263672,0.996744,4.99137e-09,0.470885,1,0
5.30273,0.244141,0.998584,6.91414e-08,0.468934,1,0
5.30273,0.263672,0.996744,5.5499e-09,0.468934,1,0
5.2832,0.283203,0.993493,-5.33959e-08,0.470885,1,0
5.2832,0.302734,0.987915,-9.18902e-08,0.470885,1,0
5.30273,0.283203,0.993493,-4.61379e-08,0.468934,1,0
5.30273,0.302734,0.987915,-8.07717e-08,0.468934,1,0
5.00977,0.322266,0.978611,2.50272e-07,0.4982,1,0
5.00977,0.341797,0.963537,-1.0929e-07,0.4982,1,0
5.0293,0.322266,0.978611,7.46424e-08,0.496249,1,0
5.0293,0.341797,0.963538,-1.94497e-07,0.496249,1,0
5.00977,0.361328,0.939796,-2.63493e-07,0.4982,1,0
5.00977,0.380859,0.903439,-2.64963e-07,0.4982,1,0
5.0293,0.361328,0.939796,-2.88988e-07,0.496249,1,0
5.0293,0.380859,0.903439,-2.63651e-07,0.496249,1,0
5.04883,0.322266,0.978611,-5.70148e-08,0.494298,1,0
5.04883,0.341797,0.963538,-2.50668e-07,0.494298,1,0
5.06836,0.322266,0.978612,-1.49554e-07,0.492347,1,0
5.06836,0.341797,0.963538,-2.822e-07,0.492347,1,0
5.04883,0.361328,0.939796,-2.99014e-07,0.494298,1,0
5.04883,0.380859,0.903439,-2.55393e-07,0.494298,1,0
5.06836,0.361328,0.939796,-2.96543e-07,0.492347,1,0
5.06836,0.380859,0.903439,-2.41837e-07,0.492347,1,0
5.00977,0.400391,0.84929,-1.99652e-07,0.4982,1,0
5.00977,0.419922,0.770806,-1.31025e-07,0.4982,1,0
5.0293,0.400391,0.84929,-1.92296e-07,0.496249,1,0
5.0293,0.419922,0.770806,-1.25428e-07,0.496249,1,0
5.00977,0.439453,0.660032,-7.85868e-08,0.4982,1,0
5.00977,0.458984,0.507663,-4.32087e-08,0.4982,1,0
5.0293,0.439453,0.660032,-7.54856e-08,0.496249,1,0
5.0293,0.458984,0.507663,-4.17098e-08,0.496249,1,0
5.04883,0.400391,0.84929,-1.82107e-07,0.494298,1,0
5.04883,0.419922,0.770806,-1.18452e-07,0.494298,1,0
5.06836,0.400391,0.84929,-1.69884e-07,0.492347,1,0
5.06836,0.419922,0.770806,-1.10474e-07,0.492347,1,0
5.04883,0.439453,0.660032,-7.15454e-08,0.494298,1,0
5.04883,0.458984,0.507663,-3.96694e-08,0.494298,1,0
5.06836,0.439453,0.660032,-6.69779e-08,0.492347,1,0
5.06836,0.458984,0.507663,-3.72251e-08,0.492347,1,0
5.08789,0.322266,0.978612,-2.08656e-07,0.490396,1,0
5.08789,0.341797,0.963538,-2.9396e-07,0.490396,1,0
5.10742,0.322266,0.978612,-2.40464e-07,0.488444,1,0
5.10742,0.341797,0.963538,-2.90682e-07,0.488444,1,0
5.08789,0.361328,0.939796,-2.84617e-07,0.490396,1,0
5.08789,0.380859,0.903439,-2.24682e-07,0.490396,1,0
5.10742,0.361328,0.939796,-2.66178e-07,0.488444,1,0
5.10742,0.380859,0.903439,-2.0551e-07,0.488444,1,0
5.12695,0.322266,0.978612,-2.51182e-07,0.486493,1,0
5.12695,0.341797,0.963538,-2.76716e-07,0.486493,1,0
5.14648,0.322266,0.978612,-2.4656e-07,0.484542,1,0
5.14648,0.341797,0.963538,-2.55873e-07,0.484542,1,0
5.12695,0.361328,0.939795,-2.4385e-07,0.486493,1,0
5.12695,0.380859,0.903439,-1.85647e-07,0.486493,1,0
5.14648,0.361328,0.939795,-2.19796e-07,0.484542,1,0
5.14648,0.380859,0.903439,-1.66113e-07,0.484542,1,0
5.08789,0.400391,0.84929,-1.56424e-07,0.490396,1,0
5.08789,0.419922,0.770806,-1.01906e-07,0.490396,1,0
5.10742,0.400391,0.84929,-1.42479e-07,0.488444,1,0
5.10742,0.419922,0.770806,-9.31213e-08,0.488444,1,0
5.08789,0.439453,0.660032,-6.20089e-08,0.490396,1,0
5.08789,0.458984,0.507663,-3.44939e-08,0.490396,1,0
5.10742,0.439453,0.660032,-5.68539e-08,0.488444,1,0
5.10742,0.458984,0.507663,-3.16178e-08,0.488444,1,0
5.12695,0.400391,0.84929,-1.28662e-07,0.486493,1,0
5.12695,0.419922,0.770805,-8.44543e-08,0.486493,1,0
5.14648,0.400391,0.84929,-1.15448e-07,0.484542,1,0
5.14648,0.419922,0.770805,-7.61497e-08,0.484542,1,0
5.12695,0.439453,0.660032,-5.17067e-08,0.486493,1,0
5.12695,0.458984,0.507663,-2.86968e-08,0.486493,1,0
5.14648,0.439453,0.660032,-4.6723e-08,0.484542,1,0
5.14648,0.458984,0.507663,-2.58439e-08,0.484542,1,0
5.00977,0.478516,0.303225,-1.5238e-08,0.4982,1,0
5.00977,0.498047,0.0353824,1.00251e-09,0.4982,0.6,0
5.0293,0.478516,0.303225,-1.48262e-08,0.496249,1,0
5.0293,0.498047,0.0353824,6.14619e-10,0.496249,0.6,0
5.04883,0.478516,0.303225,-1.4181e-08,0.494298,1,0
5.04883,0.498047,0.0353823,3.01499e-10,0.494298,0.6,0
5.06836,0.478516,0.303225,-1.33417e-08,0.492347,1,0
5.06836,0.498047,0.0353823,6.33958e-11,0.492347,0.6,0
5.08789,0.478516,0.303225,-1.23708e-08,0.490396,1,0
5.08789,0.498047,0.0353823,-1.05365e-10,0.490396,0.6,0
5.10742,0.478516,0.303225,-1.13091e-08,0.488444,1,0
5.10742,0.498047,0.0353823,-2.10374e-10,0.488444,0.6,0
5.12695,0.478516,0.303225,-1.02152e-08,0.486493,1,0
5.12695,0.498047,0.0353823,-2.62343e-10,0.486493,0.6,0
5.14648,0.478516,0.303225,-9.11873e-09,0.484542,1,0
5.14648,0.498047,0.0353823,-2.68957e-10,0.484542,0.6,0
5.16602,0.322266,0.978612,-2.31672e-07,0.482591,1,0
5.16602,0.341797,0.963538,-2.31342e-07,0.482591,1,0
5.18555,0.322266,0.978612,-2.1083e-07,0.48064,1,0
5.18555,0.341797,0.963538,-2.05679e-07,0.48064,1,0
5.16602,0.361328,0.939795,-1.95689e-07,0.482591,1,0
5.16602,0.380859,0.903439,-1.47647e-07,0.482591,1,0
5.18555,0.361328,0.939795,-1.72758e-07,0.48064,1,0
5.18555,0.380859,0.903439,-1.30746e-07,0.48064,1,0
5.20508,0.322266,0.978612,-1.87489e-07,0.478689,1,0
5.20508,0.341797,0.963538,-1.80796e-07,0.478689,1,0
5.22461,0.322266,0.978612,-1.64232e-07,0.476738,1,0
5.22461,0.341797,0.963538,-1.57998e-07,0.476738,1,0
5.20508,0.361328,0.939795,-1.51838e-07,0.478689,1,0
5.20508,0.380859,0.903439,-1.15709e-07,0.478689,1,0
5.22461,0.361328,0.939795,-1.3342e-07,0.476738,1,0
5.22461,0.380859,0.903439,-1.02666e-07,0.476738,1,0
5.16602,0.400391,0.849289,-1.03157e-07,0.482591,1,0
5.16602,0.419922,0.770805,-6.84045e-08,0.482591,1,0
5.18555,0.400391,0.849289,-9.20139e-08,0.48064,1,0
5.18555,0.419922,0.770805,-6.13371e-08,0.48064,1,0
5.16602,0.439453,0.660032,-4.20268e-08,0.482591,1,0
5.16602,0.458984,0.507663,-2.31197e-08,0.482591,1,0
5.18555,0.439453,0.660032,-3.77034e-08,0.48064,1,0
5.18555,0.458984,0.507663,-2.05992e-08,0.48064,1,0
5.20508,0.400391,0.849289,-8.21295e-08,0.478689,1,0
5.20508,0.419922,0.770805,-5.50353e-08,0.478689,1,0
5.22461,0.400391,0.849289,-7.35534e-08,0.476738,1,0
5.22461,0.419922,0.770805,-4.95188e-08,0.476738,1,0
5.20508,0.439453,0.660032,-3.38123e-08,0.478689,1,0
5.20508,0.458984,0.507663,-1.83028e-08,0.478689,1,0
5.22461,0.439453,0.660032,-3.03783e-08,0.476738,1,0
5.22461,0.458984,0.507663,-1.62713e-08,0.476738,1,0
5.24414,0.322266,0.978612,-1.42812e-07,0.474787,1,0
5.24414,0.341797,0.963538,-1.38051e-07,0.474787,1,0
5.26367,0.322266,0.978612,-1.24245e-07,0.472836,1,0
5.26367,0.341797,0.963538,-1.21275e-07,0.472836,1,0
5.24414,0.361328,0.939795,-1.17702e-07,0.474787,1,0
5.24414,0.380859,0.903439,-9.1615e-08,0.474787,1,0
5.26367,0.361328,0.939795,-1.04656e-07,0.472836,1,0
5.26367,0.380859,0.903439,-8.2444e-08,0.472836,1,0
5.2832,0.322266,0.978612,-1.08949e-07,0.470885,1,0
5.2832,0.341797,0.963538,-1.07639e-07,0.470885,1,0
5.30273,0.322266,0.978612,-9.6896e-08,0.468934,1,0
5.30273,0.341797,0.963538,-9.68793e-08,0.468934,1,0
5.2832,0.361328,0.939795,-9.40849e-08,0.470885,1,0
5.2832,0.380859,0.903439,-7.49749e-08,0.470885,1,0
5.30273,0.361328,0.939795,-8.56925e-08,0.468934,1,0
5.30273,0.380859,0.903439,-6.89831e-08,0.468934,1,0
5.24414,0.400391,0.849289,-6.62507e-08,0.474787,1,0
5.24414,0.419922,0.770805,-4.47915e-08,0.474787,1,0
5.26367,0.400391,0.849289,-6.01534e-08,0.472836,1,0
5.26367,0.419922,0.770805,-4.08013e-08,0.472836,1,0
5.24414,0.439453,0.660032,-2.74083e-08,0.474787,1,0
5.24414,0.458984,0.507663,-1.44911e-08,0.474787,1,0
5.26367,0.439453,0.660032,-2.48818e-08,0.472836,1,0
5.26367,0.458984,0.507663,-1.2977e-08,0.472836,1,0
5.2832,0.400391,0.849289,-5.51367e-08,0.470885,1,0
5.2832,0.419922,0.770805,-3.7498e-08,0.470885,1,0
5.30273,0.400391,0.849289,-5.10755e-08,0.468934,1,0
5.30273,0.419922,0.770805,-3.47907e-08,0.468934,1,0
5.2832,0.439453,0.660032,-2.27705e-08,0.470885,1,0
5.2832,0.458984,0.507663,-1.16922e-08,0.470885,1,0
5.30273,0.439453,0.660032,-2.10282e-08,0.468934,1,0
5.30273,0.458984,0.507663,-1.06366e-08,0.468934,1,0
5.16602,0.478516,0.303225,-8.0652e-09,0.482591,1,0
5.16602,0.498047,0.0353823,-2.42322e-10,0.482591,0.6,0
5.18555,0.478516,0.303225,-7.06843e-09,0.48064,1,0
5.18555,0.498047,0.0353823,-1.89141e-10,0.48064,0.6,0
5.20508,0.478516,0.303225,-6.15927e-09,0.478689,1,0
5.20508,0.498047,0.0353823,-1.20647e-10,0.478689,0.6,0
5.22461,0.478516,0.303225,-5.33631e-09,0.476738,1,0
5.22461,0.498047,0.0353823,-4.0925e-11,0.476738,0.6,0
5.24414,0.478516,0.303225,-4.61773e-09,0.474787,1,0
5.24414,0.498047,0.0353823,4.07281e-11,0.474787,0.6,0
5.26367,0.478516,0.303225,-3.99006e-09,0.472836,1,0
5.26367,0.498047,0.0353823,1.23385e-10,0.472836,0.6,0
5.2832,0.478516,0.303225,-3.46265e-09,0.470885,1,0
5.2832,0.498047,0.0353823,1.99844e-10,0.470885,0.6,0
5.30273,0.478516,0.303225,-3.01441e-09,0.468934,1,0
5.30273,0.498047,0.0353822,2.72079e-10,0.468934,0.6,0
5.32227,0.00976562,1.00069,1.53483e-08,0.466983,1,0
5.32227,0.0292969,1.00069,4.25021e-08,0.466983,1,0
5.3418,0.00976562,1.00069,1.28745e-08,0.465032,1,0
5.3418,0.0292969,1.00069,3.57684e-08,0.465032,1,0
5.32227,0.0488281,1.00069,7.93199e-08,0.466983,1,0
5.32227,0.0683594,1.00069,1.27638e-07,0.466983,1,0
5.3418,0.0488281,1.00069,6.71691e-08,0.465032,1,0
5.3418,0.0683594,1.00069,1.08697e-07,0.465032,1,0
5.36133,0.00976562,1.00069,1.07599e-08,0.463081,1,0
5.36133,0.0292969,1.00069,2.99193e-08,0.463081,1,0
5.38086,0.00976562,1.00069,8.99724e-09,0.46113,1,0
5.38086,0.0292969,1.00069,2.49737e-08,0.46113,1,0
5.36133,0.0488281,1.00069,5.64469e-08,0.463081,1,0
5.36133,0.0683594,1.00069,9.183e-08,0.463081,1,0
5.38086,0.0488281,1.00069,4.72324e-08,0.46113,1,0
5.38086,0.0683594,1.00069,7.71739e-08,0.46113,1,0
5.32227,0.0878906,1.00069,1.76258e-07,0.466983,1,0
5.32227,0.107422,1.00068,2.19743e-07,0.466983,1,0
5.3418,0.0878906,1.00069,1.50855e-07,0.465032,1,0
5.3418,0.107422,1.00068,1.88852e-07,0.465032,1,0
5.32227,0.126953,1.00067,2.49077e-07,0.466983,1,0
5.32227,0.146484,1.00063,2.60389e-07,0.466983,1,0
5.3418,0.126953,1.00067,2.14792e-07,0.465032,1,0
5.3418,0.146484,1.00063,2.25146e-07,0.465032,1,0
5.36133,0.0878906,1.00069,1.28071e-07,0.463081,1,0
5.36133,0.107422,1.00068,1.60993e-07,0.463081,1,0
5.38086,0.0878906,1.00069,1.08087e-07,0.46113,1,0
5.38086,0.107422,1.00068,1.3637e-07,0.46113,1,0
5.36133,0.126953,1.00067,1.83718e-07,0.463081,1,0
5.36133,0.146484,1.00063,1.93044e-07,0.463081,1,0
5.38086,0.126953,1.00067,1.56056e-07,0.46113,1,0
5.38086,0.146484,1.00063,1.64259e-07,0.46113,1,0
5.40039,0.00976562,1.00069,7.55823e-09,0.459178,1,0
5.40039,0.0292969,1.00069,2.08889e-08,0.459178,1,0
5.41992,0.00976562,1.00069,6.40102e-09,0.457227,1,0
5.41992,0.0292969,1.00069,1.75767e-08,0.457227,1,0
5.40039,0.0488281,1.00069,3.94984e-08,0.459178,1,0
5.40039,0.0683594,1.00069,6.47179e-08,0.459178,1,0
5.41992,0.0488281,1.00069,3.3132e-08,0.457227,1,0
5.41992,0.0683594,1.00069,5.43268e-08,0.457227,1,0
5.43945,0.00976562,1.00069,5.4776e-09,0.455276,1,0
5.43945,0.0292969,1.00069,1.49233e-08,0.455276,1,0
5.45898,0.00976562,1.00069,4.74031e-09,0.453325,1,0
5.45898,0.0292969,1.00069,1.28072e-08,0.453325,1,0
5.43945,0.0488281,1.00069,2.79648e-08,0.455276,1,0
5.43945,0.0683594,1.00069,4.57785e-08,0.455276,1,0
5.45898,0.0488281,1.00069,2.38032e-08,0.453325,1,0
5.45898,0.0683594,1.00069,3.88056e-08,0.453325,1,0
5.40039,0.0878906,1.00069,9.09174e-08,0.459178,1,0
5.40039,0.107422,1.00068,1.15018e-07,0.459178,1,0
5.41992,0.0878906,1.00069,7.64236e-08,0.457227,1,0
5.41992,0.107422,1.00068,9.68059e-08,0.457227,1,0
5.40039,0.126953,1.00067,1.31861e-07,0.459178,1,0
5.40039,0.146484,1.00063,1.38864e-07,0.459178,1,0
5.41992,0.126953,1.00067,1.11024e-07,0.457227,1,0
5.41992,0.146484,1.00063,1.16788e-07,0.457227,1,0
5.43945,0.0878906,1.00069,6.43536e-08,0.455276,1,0
5.43945,0.107422,1.00068,8.14742e-08,0.455276,1,0
5.45898,0.0878906,1.00069,5.43904e-08,0.453325,1,0
5.45898,0.107422,1.00068,6.86827e-08,0.453325,1,0
5.43945,0.126953,1.00067,9.33062e-08,0.455276,1,0
5.43945,0.146484,1.00063,9.78355e-08,0.455276,1,0
5.45898,0.126953,1.00067,7.83767e-08,0.453325,1,0
5.45898,0.146484,1.00063,8.1722e-08,0.453325,1,0
5.32227,0.166016,1.00056,2.50816e-07,0.466983,1,0
5.32227,0.185547,1.00042,2.21713e-07,0.466983,1,0
5.3418,0.166016,1.00056,2.17292e-07,0.465032,1,0
5.3418,0.185547,1.00042,1.92299e-07,0.465032,1,0
5.32227,0.205078,1.00014,1.76305e-07,0.466983,1,0
5.32227,0.224609,0.999597,1.20412e-07,0.466983,1,0
5.3418,0.205078,1.00014,1.52922e-07,0.465032,1,0
5.3418,0.224609,0.999597,1.04139e-07,0.465032,1,0
5.36133,0.166016,1.00056,1.86562e-07,0.463081,1,0
5.36133,0.185547,1.00042,1.65089e-07,0.463081,1,0
5.38086,0.166016,1.00056,1.58778e-07,0.46113,1,0
5.38086,0.185547,1.00042,1.40205e-07,0.46113,1,0
5.36133,0.205078,1.00014,1.30916e-07,0.463081,1,0
5.36133,0.224609,0.999597,8.82656e-08,0.463081,1,0
5.38086,0.205078,1.00014,1.10401e-07,0.46113,1,0
5.38086,0.224609,0.999597,7.29847e-08,0.46113,1,0
5.32227,0.244141,0.998584,6.07538e-08,0.466983,1,0
5.32227,0.263672,0.996744,4.6742e-09,0.466983,1,0
5.3418,0.244141,0.998584,5.17587e-08,0.465032,1,0
5.3418,0.263672,0.996744,2.22038e-09,0.465032,1,0
5.32227,0.283203,0.993493,-4.12924e-08,0.466983,1,0
5.32227,0.302734,0.987915,-7.25927e-08,0.466983,1,0
5.3418,0.283203,0.993493,-3.87258e-08,0.465032,1,0
5.3418,0.302734,0.987915,-6.6994e-08,0.465032,1,0
5.36133,0.244141,0.998584,4.22101e-08,0.463081,1,0
5.36133,0.263672,0.996744,-1.58312e-09,0.463081,1,0
5.38086,0.244141,0.998584,3.24183e-08,0.46113,1,0
5.38086,0.263672,0.996744,-6.32231e-09,0.46113,1,0
5.36133,0.283203,0.993493,-3.8043e-08,0.463081,1,0
5.36133,0.302734,0.987915,-6.34748e-08,0.463081,1,0
5.38086,0.283203,0.993493,-3.87493e-08,0.46113,1,0
5.38086,0.302734,0.987915,-6.15135e-08,0.46113,1,0
5.40039,0.166016,1.00056,1.34032e-07,0.459178,1,0
5.40039,0.185547,1.00042,1.17765e-07,0.459178,1,0
5.41992,0.166016,1.00056,1.12306e-07,0.457227,1,0
5.41992,0.185547,1.00042,9.78347e-08,0.457227,1,0
5.40039,0.205078,1.00014,9.15753e-08,0.459178,1,0
5.40039,0.224609,0.999597,5.86039e-08,0.459178,1,0
5.41992,0.205078,1.00014,7.46164e-08,0.457227,1,0
5.41992,0.224609,0.999597,4.5397e-08,0.457227,1,0
5.43945,0.166016,1.00056,9.34783e-08,0.455276,1,0
5.43945,0.185547,1.00042,8.03868e-08,0.455276,1,0
5.45898,0.166016,1.00056,7.73322e-08,0.453325,1,0
5.45898,0.185547,1.00042,6.52871e-08,0.453325,1,0
5.43945,0.205078,1.00014,5.95996e-08,0.455276,1,0
5.43945,0.224609,0.999597,3.35323e-08,0.455276,1,0
5.45898,0.205078,1.00014,4.64872e-08,0.453325,1,0
5.45898,0.224609,0.999597,2.30592e-08,0.453325,1,0
5.40039,0.244141,0.998585,2.27732e-08,0.459178,1,0
5.40039,0.263672,0.996744,-1.15456e-08,0.459178,1,0
5.41992,0.244141,0.998585,1.36225e-08,0.457227,1,0
5.41992,0.263672,0.996744,-1.68554e-08,0.457227,1,0
5.40039,0.283203,0.993493,-4.0362e-08,0.459178,1,0
5.40039,0.302734,0.987915,-6.06411e-08,0.459178,1,0
5.41992,0.283203,0.993493,-4.24708e-08,0.457227,1,0
5.41992,0.302734,0.987915,-6.04721e-08,0.457227,1,0
5.43945,0.244141,0.998585,5.21123e-09,0.455276,1,0
5.43945,0.263672,0.996744,-2.19533e-08,0.455276,1,0
5.45898,0.244141,0.998585,-2.33341e-09,0.453325,1,0
5.45898,0.263672,0.996744,-2.66514e-08,0.453325,1,0
5.43945,0.283203,0.993493,-4.47609e-08,0.455276,1,0
5.43945,0.302734,0.987915,-6.07118e-08,0.455276,1,0
5.45898,0.283203,0.993494,-4.70169e-08,0.453325,1,0
5.45898,0.302734,0.987915,-6.11504e-08,0.453325,1,0
5.47852,0.00976562,1.00069,4.14633e-09,0.451374,1,0
5.47852,0.0292969,1.00069,1.11134e-08,0.451374,1,0
5.49805,0.00976562,1.00069,3.66004e-09,0.449423,1,0
5.49805,0.0292969,1.00069,9.74232e-09,0.449423,1,0
5.47852,0.0488281,1.00069,2.04538e-08,0.451374,1,0
5.47852,0.0683594,1.00069,3.31318e-08,0.451374,1,0
5.49805,0.0488281,1.00069,1.7741e-08,0.449423,1,0
5.49805,0.0683594,1.00069,2.84992e-08,0.449423,1,0
5.51758,0.00976562,1.00069,3.25361e-09,0.447472,1,0
5.51758,0.0292969,1.00069,8.61288e-09,0.447472,1,0
5.53711,0.00976562,1.00069,2.90644e-09,0.445521,1,0
5.53711,0.0292969,1.00069,7.66329e-09,0.445521,1,0
5.51758,0.0488281,1.00069,1.55169e-08,0.447472,1,0
5.51758,0.0683594,1.00069,2.46838e-08,0.447472,1,0
5.53711,0.0488281,1.00069,1.36636e-08,0.445521,1,0
5.53711,0.0683594,1.00069,2.15025e-08,0.445521,1,0
5.47852,0.0878906,1.00069,4.61971e-08,0.451374,1,0
5.47852,0.107422,1.00068,5.80595e-08,0.451374,1,0
5.49805,0.0878906,1.00069,3.94503e-08,0.449423,1,0
5.49805,0.107422,1.00068,4.9239e-08,0.449423,1,0
5.47852,0.126953,1.00067,6.58657e-08,0.451374,1,0
5.47852,0.146484,1.00063,6.81102e-08,0.451374,1,0
5.49805,0.126953,1.00067,5.53992e-08,0.449423,1,0
5.49805,0.146484,1.00063,5.6642e-08,0.449423,1,0
5.51758,0.0878906,1.00069,3.38618e-08,0.447472,1,0
5.51758,0.107422,1.00068,4.1887e-08,0.447472,1,0
5.53711,0.0878906,1.00069,2.91889e-08,0.445521,1,0
5.53711,0.107422,1.00068,3.57143e-08,0.445521,1,0
5.51758,0.126953,1.00067,4.66244e-08,0.447472,1,0
5.51758,0.146484,1.00063,4.69676e-08,0.447472,1,0
5.53711,0.126953,1.00067,3.92275e-08,0.445521,1,0
5.53711,0.146484,1.00063,3.87731e-08,0.445521,1,0
5.55664,0.00976562,1.00069,2.60412e-09,0.44357,1,0
5.55664,0.0292969,1.00069,6.84888e-09,0.44357,1,0
5.57617,0.00976562,1.00069,2.33697e-09,0.441619,1,0
5.57617,0.0292969,1.00069,6.13887e-09,0.441619,1,0
5.55664,0.0488281,1.00069,1.20927e-08,0.44357,1,0
5.55664,0.0683594,1.00069,1.88131e-08,0.44357,1,0
5.57617,0.0488281,1.00069,1.07409e-08,0.441619,1,0
5.57617,0.0683594,1.00069,1.65104e-08,0.441619,1,0
5.5957,0.00976562,1.00069,2.09861e-09,0.439668,1,0
5.5957,0.0292969,1.00069,5.51263e-09,0.439668,1,0
5.61523,0.00976562,1.00069,1.88457e-09,0.437717,1,0
5.61523,0.0292969,1.00069,4.95591e-09,0.437717,1,0
5.5957,0.0488281,1.00069,9.56399e-09,0.439668,1,0
5.5957,0.0683594,1.00069,1.45187e-08,0.439668,1,0
5.61523,0.0488281,1.00069,8.53102e-09,0.437717,1,0
5.61523,0.0683594,1.00069,1.2783e-08,0.437717,1,0
5.55664,0.0878906,1.00069,2.52374e-08,0.44357,1,0
5.55664,0.107422,1.00068,3.04852e-08,0.44357,1,0
5.57617,0.0878906,1.00069,2.18601e-08,0.441619,1,0
5.57617,0.107422,1.00068,2.60167e-08,0.441619,1,0
5.55664,0.126953,1.00067,3.29473e-08,0.44357,1,0
5.55664,0.146484,1.00063,3.17945e-08,0.44357,1,0
5.57617,0.126953,1.00067,2.75754e-08,0.441619,1,0
5.57617,0.146484,1.00063,2.58155e-08,0.441619,1,0
5.5957,0.0878906,1.00069,1.89486e-08,0.439668,1,0
5.5957,0.107422,1.00068,2.21697e-08,0.439668,1,0
5.61523,0.0878906,1.00069,1.64223e-08,0.437717,1,0
5.61523,0.107422,1.00068,1.88367e-08,0.437717,1,0
5.5957,0.126953,1.00067,2.29481e-08,0.439668,1,0
5.5957,0.146484,1.00063,2.06626e-08,0.439668,1,0
5.61523,0.126953,1.00067,1.89383e-08,0.437717,1,0
5.61523,0.146484,1.00063,1.61996e-08,0.437717,1,0
5.47852,0.166016,1.00056,6.35813e-08,0.451374,1,0
5.47852,0.185547,1.00042,5.2323e-08,0.451374,1,0
5.49805,0.166016,1.00056,5.19063e-08,0.449423,1,0
5.49805,0.185547,1.00042,4.1239e-08,0.449423,1,0
5.47852,0.205078,1.00014,3.51482e-08,0.451374,1,0
5.47852,0.224609,0.999597,1.39278e-08,0.451374,1,0
5.49805,0.205078,1.00014,2.53969e-08,0.449423,1,0
5.49805,0.224609,0.999597,6.02774e-09,0.449423,1,0
5.51758,0.166016,1.00056,4.19918e-08,0.447472,1,0
5.51758,0.185547,1.00042,3.17772e-08,0.447472,1,0
5.53711,0.166016,1.00056,3.35557e-08,0.445521,1,0
5.53711,0.185547,1.00042,2.36989e-08,0.445521,1,0
5.51758,0.205078,1.00014,1.70336e-08,0.447472,1,0
5.51758,0.224609,0.999597,-7.78969e-10,0.447472,1,0
5.53711,0.205078,1.00014,9.86504e-09,0.445521,1,0
5.53711,0.224609,0.999597,-6.63656e-09,0.445521,1,0
5.47852,0.244141,0.998585,-8.98215e-09,0.451374,1,0
5.47852,0.263672,0.996744,-3.08596e-08,0.451374,1,0
5.49805,0.244141,0.998585,-1.47728e-08,0.449423,1,0
5.49805,0.263672,0.996744,-3.45593e-08,0.449423,1,0
5.47852,0.283203,0.993494,-4.91111e-08,0.451374,1,0
5.47852,0.302734,0.987915,-6.16525e-08,0.451374,1,0
5.49805,0.283203,0.993494,-5.09851e-08,0.449423,1,0
5.49805,0.302734,0.987915,-6.21421e-08,0.449423,1,0
5.51758,0.244141,0.998585,-1.97836e-08,0.447472,1,0
5.51758,0.263672,0.996744,-3.77781e-08,0.447472,1,0
5.53711,0.244141,0.998585,-2.41108e-08,0.445521,1,0
5.53711,0.263672,0.996744,-4.05672e-08,0.445521,1,0
5.51758,0.283203,0.993494,-5.26283e-08,0.447472,1,0
5.51758,0.302734,0.987915,-6.25852e-08,0.447472,1,0
5.53711,0.283203,0.993494,-5.40567e-08,0.445521,1,0
5.53711,0.302734,0.987915,-6.29733e-08,0.445521,1,0
5.55664,0.166016,1.00056,2.63544e-08,0.44357,1,0
5.55664,0.185547,1.00042,1.67883e-08,0.44357,1,0
5.57617,0.166016,1.00056,2.01806e-08,0.441619,1,0
5.57617,0.185547,1.00042,1.08561e-08,0.441619,1,0
5.55664,0.205078,1.00014,3.71288e-09,0.44357,1,0
5.55664,0.224609,0.999597,-1.16812e-08,0.44357,1,0
5.57617,0.205078,1.00014,-1.58139e-09,0.441619,1,0
5.57617,0.224609,0.999597,-1.60346e-08,0.441619,1,0
5.5957,0.166016,1.00056,1.48617e-08,0.439668,1,0
5.5957,0.185547,1.00042,5.74116e-09,0.439668,1,0
5.61523,0.166016,1.00056,1.0257e-08,0.437717,1,0
5.61523,0.185547,1.00042,1.3106e-09,0.437717,1,0
5.5957,0.205078,1.00014,-6.15375e-09,0.439668,1,0
5.5957,0.224609,0.999597,-1.9802e-08,0.439668,1,0
5.61523,0.205078,1.00014,-1.01178e-08,0.437717,1,0
5.61523,0.224609,0.999597,-2.30725e-08,0.437717,1,0
5.55664,0.244141,0.998585,-2.785e-08,0.44357,1,0
5.55664,0.263672,0.996744,-4.29836e-08,0.44357,1,0
5.57617,0.244141,0.998585,-3.10866e-08,0.441619,1,0
5.57617,0.263672,0.996744,-4.50802e-08,0.441619,1,0
5.55664,0.283203,0.993494,-5.52964e-08,0.44357,1,0
5.55664,0.302734,0.987915,-6.33094e-08,0.44357,1,0
5.57617,0.283203,0.993494,-5.63734e-08,0.441619,1,0
5.57617,0.302734,0.987915,-6.35995e-08,0.441619,1,0
5.5957,0.244141,0.998585,-3.3894e-08,0.439668,1,0
5.5957,0.263672,0.996744,-4.69021e-08,0.439668,1,0
5.61523,0.244141,0.998585,-3.63348e-08,0.437717,1,0
5.61523,0.263672,0.996744,-4.84882e-08,0.437717,1,0
5.5957,0.283203,0.993494,-5.73098e-08,0.439668,1,0
5.5957,0.302734,0.987915,-6.3849e-08,0.439668,1,0
5.61523,0.283203,0.993494,-5.81245e-08,0.437717,1,0
5.61523,0.302734,0.987915,-6.40622e-08,0.437717,1,0
5.32227,0.322266,0.978612,-8.77708e-08,0.466983,1,0
5.32227,0.341797,0.963538,-8.85971e-08,0.466983,1,0
5.3418,0.322266,0.978612,-8.11034e-08,0.465032,1,0
5.3418,0.341797,0.963538,-8.23419e-08,0.465032,1,0
5.32227,0.361328,0.939795,-7.91347e-08,0.466983,1,0
5.32227,0.380859,0.903439,-6.42355e-08,0.466983,1,0
5.3418,0.361328,0.939795,-7.40652e-08,0.465032,1,0
5.3418,0.380859,0.903438,-6.05015e-08,0.465032,1,0
5.36133,0.322266,0.978612,-7.6381e-08,0.463081,1,0
5.36133,0.341797,0.963538,-7.76773e-08,0.463081,1,0
5.38086,0.322266,0.978612,-7.31243e-08,0.46113,1,0
5.38086,0.341797,0.963538,-7.42211e-08,0.46113,1,0
5.36133,0.361328,0.939795,-7.01681e-08,0.463081,1,0
5.36133,0.380859,0.903438,-5.75788e-08,0.463081,1,0
5.38086,0.361328,0.939795,-6.71742e-08,0.46113,1,0
5.38086,0.380859,0.903438,-5.52896e-08,0.46113,1,0
5.32227,0.400391,0.849289,-4.78157e-08,0.466983,1,0
5.32227,0.419922,0.770805,-3.26094e-08,0.466983,1,0
5.3418,0.400391,0.849289,-4.52298e-08,0.465032,1,0
5.3418,0.419922,0.770805,-3.08559e-08,0.465032,1,0
5.32227,0.439453,0.660032,-1.96113e-08,0.466983,1,0
5.32227,0.458984,0.507663,-9.76162e-09,0.466983,1,0
5.3418,0.439453,0.660032,-1.84669e-08,0.465032,1,0
5.3418,0.458984,0.507663,-9.06345e-09,0.465032,1,0
5.36133,0.400391,0.849289,-4.31787e-08,0.463081,1,0
5.36133,0.419922,0.770805,-2.94668e-08,0.463081,1,0
5.38086,0.400391,0.849289,-4.15643e-08,0.46113,1,0
5.38086,0.419922,0.770805,-2.8357e-08,0.46113,1,0
5.36133,0.439453,0.660032,-1.75528e-08,0.463081,1,0
5.36133,0.458984,0.507663,-8.49155e-09,0.463081,1,0
5.38086,0.439453,0.660032,-1.68218e-08,0.46113,1,0
5.38086,0.458984,0.507663,-8.04586e-09,0.46113,1,0
5.40039,0.322266,0.978612,-7.09268e-08,0.459178,1,0
5.40039,0.341797,0.963538,-7.16601e-08,0.459178,1,0
5.41992,0.322266,0.978612,-6.94643e-08,0.457227,1,0
5.41992,0.341797,0.963538,-6.97485e-08,0.457227,1,0
5.40039,0.361328,0.939795,-6.48656e-08,0.459178,1,0
5.40039,0.380859,0.903438,-5.34932e-08,0.459178,1,0
5.41992,0.361328,0.939795,-6.30698e-08,0.457227,1,0
5.41992,0.380859,0.903438,-5.20701e-08,0.457227,1,0
5.43945,0.322266,0.978612,-6.84896e-08,0.455276,1,0
5.43945,0.341797,0.963538,-6.82975e-08,0.455276,1,0
5.45898,0.322266,0.978612,-6.78227e-08,0.453325,1,0
5.45898,0.341797,0.963538,-6.71668e-08,0.453325,1,0
5.43945,0.361328,0.939795,-6.16524e-08,0.455276,1,0
5.43945,0.380859,0.903438,-5.09308e-08,0.455276,1,0
5.45898,0.361328,0.939795,-6.05103e-08,0.453325,1,0
5.45898,0.380859,0.903438,-4.99994e-08,0.453325,1,0
5.40039,0.400391,0.849289,-4.02802e-08,0.459178,1,0
5.40039,0.419922,0.770805,-2.74823e-08,0.459178,1,0
5.41992,0.400391,0.849289,-3.92629e-08,0.457227,1,0
5.41992,0.419922,0.770805,-2.67757e-08,0.457227,1,0
5.40039,0.439453,0.660032,-1.62414e-08,0.459178,1,0
5.40039,0.458984,0.507663,-7.67919e-09,0.459178,1,0
5.41992,0.439453,0.660032,-1.57746e-08,0.457227,1,0
5.41992,0.458984,0.507663,-7.39839e-09,0.457227,1,0
5.43945,0.400391,0.849289,-3.8436e-08,0.455276,1,0
5.43945,0.419922,0.770805,-2.62126e-08,0.455276,1,0
5.45898,0.400391,0.849289,-3.77644e-08,0.453325,1,0
5.45898,0.419922,0.770805,-2.57427e-08,0.453325,1,0
5.43945,0.439453,0.660032,-1.54005e-08,0.455276,1,0
5.43945,0.458984,0.507663,-7.1611e-09,0.455276,1,0
5.45898,0.439453,0.660032,-1.50919e-08,0.453325,1,0
5.45898,0.458984,0.507663,-6.98135e-09,0.453325,1,0
5.32227,0.478516,0.303225,-2.6504e-09,0.466983,1,0
5.32227,0.498047,0.0353822,3.34514e-10,0.466983,0.6,0
5.3418,0.478516,0.303225,-2.34631e-09,0.465032,1,0
5.3418,0.498047,0.0353822,3.91288e-10,0.465032,0.6,0
5.36133,0.478516,0.303225,-2.10681e-09,0.463081,1,0
5.36133,0.498047,0.0353822,4.37696e-10,0.463081,0.6,0
5.38086,0.478516,0.303225,-1.90749e-09,0.46113,1,0
5.38086,0.498047,0.0353822,4.7922e-10,0.46113,0.6,0
5.40039,0.478516,0.303225,-1.75492e-09,0.459178,1,0
5.40039,0.498047,0.0353822,5.11341e-10,0.459178,0.6,0
5.41992,0.478516,0.303225,-1.62608e-09,0.457227,1,0
5.41992,0.498047,0.0353822,5.40267e-10,0.457227,0.6,0
5.43945,0.478516,0.303225,-1.53023e-09,0.455276,1,0
5.43945,0.498047,0.0353822,5.61235e-10,0.455276,0.6,0
5.45898,0.478516,0.303225,-1.44603e-09,0.453325,1,0
5.45898,0.498047,0.0353822,5.80819e-10,0.453325,0.6,0
5.47852,0.322266,0.978612,-6.73405e-08,0.451374,1,0
5.47852,0.341797,0.963538,-6.62557e-08,0.451374,1,0
5.49805,0.322266,0.978612,-6.69659e-08,0.449423,1,0
5.49805,0.341797,0.963538,-6.54968e-08,0.449423,1,0
5.47852,0.361328,0.939795,-5.95674e-08,0.451374,1,0
5.47852,0.380859,0.903438,-4.92245e-08,0.451374,1,0
5.49805,0.361328,0.939795,-5.87698e-08,0.449423,1,0
5.49805,0.380859,0.903438,-4.85628e-08,0.449423,1,0
5.51758,0.322266,0.978612,-6.66554e-08,0.447472,1,0
5.51758,0.341797,0.963538,-6.48473e-08,0.447472,1,0
5.53711,0.322266,0.978612,-6.63871e-08,0.445521,1,0
5.53711,0.341797,0.963538,-6.42811e-08,0.445521,1,0
5.51758,0.361328,0.939795,-5.80813e-08,0.447472,1,0
5.51758,0.380859,0.903438,-4.799e-08,0.447472,1,0
5.53711,0.361328,0.939795,-5.74777e-08,0.445521,1,0
5.53711,0.380859,0.903438,-4.7483e-08,0.445521,1,0
5.47852,0.400391,0.849289,-3.71954e-08,0.451374,1,0
5.47852,0.419922,0.770805,-2.53579e-08,0.451374,1,0
5.49805,0.400391,0.849289,-3.67162e-08,0.449423,1,0
5.49805,0.419922,0.770805,-2.50207e-08,0.449423,1,0
5.47852,0.439453,0.660032,-1.4838e-08,0.451374,1,0
5.47852,0.458984,0.507663,-6.82109e-09,0.451374,1,0
5.49805,0.439453,0.660032,-1.46197e-08,0.449423,1,0
5.49805,0.458984,0.507662,-6.70058e-09,0.449423,1,0
5.51758,0.400391,0.849289,-3.6291e-08,0.447472,1,0
5.51758,0.419922,0.770805,-2.47355e-08,0.447472,1,0
5.53711,0.400391,0.849289,-3.59213e-08,0.445521,1,0
5.53711,0.419922,0.770805,-2.44727e-08,0.445521,1,0
5.51758,0.439453,0.660032,-1.44337e-08,0.447472,1,0
5.51758,0.458984,0.507662,-6.58479e-09,0.447472,1,0
5.53711,0.439453,0.660032,-1.42666e-08,0.445521,1,0
5.53711,0.458984,0.507662,-6.49871e-09,0.445521,1,0
5.55664,0.322266,0.978612,-6.61501e-08,0.44357,1,0
5.55664,0.341797,0.963538,-6.37816e-08,0.44357,1,0
5.57617,0.322266,0.978612,-6.59382e-08,0.441619,1,0
5.57617,0.341797,0.963538,-6.33371e-08,0.441619,1,0
5.55664,0.361328,0.939795,-5.69424e-08,0.44357,1,0
5.55664,0.380859,0.903438,-4.70318e-08,0.44357,1,0
5.57617,0.361328,0.939795,-5.6463e-08,0.441619,1,0
5.57617,0.380859,0.903438,-4.66218e-08,0.441619,1,0
5.5957,0.322266,0.978612,-6.57465e-08,0.439668,1,0
5.5957,0.341797,0.963538,-6.29379e-08,0.439668,1,0
5.61523,0.322266,0.978612,-6.55706e-08,0.437717,1,0
5.61523,0.341797,0.963538,-6.25763e-08,0.437717,1,0
5.5957,0.361328,0.939795,-5.60297e-08,0.439668,1,0
5.5957,0.380859,0.903438,-4.6249e-08,0.439668,1,0
5.61523,0.361328,0.939795,-5.56342e-08,0.437717,1,0
5.61523,0.380859,0.903438,-4.59023e-08,0.437717,1,0
5.55664,0.400391,0.849289,-3.55802e-08,0.44357,1,0
5.55664,0.419922,0.770805,-2.42445e-08,0.44357,1,0
5.57617,0.400391,0.849289,-3.52767e-08,0.441619,1,0
5.57617,0.419922,0.770805,-2.4025e-08,0.441619,1,0
5.55664,0.439453,0.660032,-1.41194e-08,0.44357,1,0
5.55664,0.458984,0.507662,-6.40874e-09,0.44357,1,0
5.57617,0.439453,0.660032,-1.39818e-08,0.441619,1,0
5.57617,0.458984,0.507662,-6.34314e-09,0.441619,1,0
5.5957,0.400391,0.849289,-3.49873e-08,0.439668,1,0
5.5957,0.419922,0.770805,-2.38306e-08,0.439668,1,0
5.61523,0.400391,0.849289,-3.4725e-08,0.437717,1,0
5.61523,0.419922,0.770805,-2.36368e-08,0.437717,1,0
5.5957,0.439453,0.660032,-1.38576e-08,0.439668,1,0
5.5957,0.458984,0.507662,-6.26853e-09,0.439668,1,0
5.61523,0.439453,0.660032,-1.37375e-08,0.437717,1,0
5.61523,0.458984,0.507662,-6.21555e-09,0.437717,1,0
5.47852,0.478516,0.303225,-1.38539e-09,0.451374,1,0
5.47852,0.498047,0.0353822,5.93776e-10,0.451374,0.6,0
5.49805,0.478516,0.303225,-1.32838e-09,0.449423,1,0
5.49805,0.498047,0.0353822,6.06874e-10,0.449423,0.6,0
5.51758,0.478516,0.303225,-1.28913e-09,0.447472,1,0
5.51758,0.498047,0.0353822,6.1431e-10,0.447472,0.6,0
5.53711,0.478516,0.303225,-1.24855e-09,0.445521,1,0
5.53711,0.498047,0.0353822,6.23003e-10,0.445521,0.6,0
5.55664,0.478516,0.303225,-1.22247e-09,0.44357,1,0
5.55664,0.498047,0.0353822,6.26616e-10,0.44357,0.6,0
5.57617,0.478516,0.303225,-1.19206e-09,0.441619,1,0
5.57617,0.498047,0.0353822,6.32259e-10,0.441619,0.6,0
5.5957,0.478516,0.303225,-1.17436e-09,0.439668,1,0
5.5957,0.498047,0.0353822,6.33124e-10,0.439668,0.6,0
5.61523,0.478516,0.303225,-1.15045e-09,0.437717,1,0
5.61523,0.498047,0.0353822,6.36562e-10,0.437717,0.6,0
5.63477,0.00976562,1.00069,1.69135e-09,0.435766,1,0
5.63477,0.0292969,1.00069,4.45801e-09,0.435766,1,0
5.6543,0.00976562,1.00069,1.51592e-09,0.433815,1,0
5.6543,0.0292969,1.00069,4.01003e-09,0.433815,1,0
5.63477,0.0488281,1.00069,7.61861e-09,0.435766,1,0
5.63477,0.0683594,1.00069,1.12614e-08,0.435766,1,0
5.6543,0.0488281,1.00069,6.80777e-09,0.433815,1,0
5.6543,0.0683594,1.00069,9.92004e-09,0.433815,1,0
5.67383,0.00976562,1.00069,1.3556e-09,0.431864,1,0
5.67383,0.0292969,1.00069,3.60424e-09,0.431864,1,0
5.69336,0.00976562,1.00069,1.20807e-09,0.429913,1,0
5.69336,0.0292969,1.00069,3.23392e-09,0.429913,1,0
5.67383,0.0488281,1.00069,6.08241e-09,0.431864,1,0
5.67383,0.0683594,1.00069,8.73039e-09,0.431864,1,0
5.69336,0.0488281,1.00069,5.42874e-09,0.429913,1,0
5.69336,0.0683594,1.00069,7.66782e-09,0.429913,1,0
5.63477,0.0878906,1.00069,1.42185e-08,0.435766,1,0
5.63477,0.107422,1.00068,1.59333e-08,0.435766,1,0
5.6543,0.0878906,1.00069,1.22855e-08,0.433815,1,0
5.6543,0.107422,1.00068,1.33925e-08,0.433815,1,0
5.63477,0.126953,1.00067,1.54479e-08,0.435766,1,0
5.63477,0.146484,1.00063,1.23188e-08,0.435766,1,0
5.6543,0.126953,1.00067,1.23992e-08,0.433815,1,0
5.6543,0.146484,1.00063,8.93309e-09,0.433815,1,0
5.67383,0.0878906,1.00069,1.05806e-08,0.431864,1,0
5.67383,0.107422,1.00068,1.11596e-08,0.431864,1,0
5.69336,0.0878906,1.00069,9.06804e-09,0.429913,1,0
5.69336,0.107422,1.00068,9.18845e-09,0.429913,1,0
5.67383,0.126953,1.00067,9.72776e-09,0.431864,1,0
5.67383,0.146484,1.00063,5.96864e-09,0.431864,1,0
5.69336,0.126953,1.00067,7.37644e-09,0.429913,1,0
5.69336,0.146484,1.00063,3.36118e-09,0.429913,1,0
5.71289,0.00976562,1.00069,1.07144e-09,0.427962,1,0
5.71289,0.0292969,1.00069,2.89349e-09,0.427962,1,0
5.73242,0.00976562,1.00069,9.44207e-10,0.426011,1,0
5.73242,0.0292969,1.00069,2.57854e-09,0.426011,1,0
5.71289,0.0488281,1.00069,4.83509e-09,0.427962,1,0
5.71289,0.0683594,1.00069,6.71174e-09,0.427962,1,0
5.73242,0.0488281,1.00069,4.29187e-09,0.426011,1,0
5.73242,0.0683594,1.00069,5.84493e-09,0.426011,1,0
5.75195,0.00976562,1.00069,8.25198e-10,0.42406,1,0
5.75195,0.0292969,1.00069,2.28546e-09,0.42406,1,0
5.77148,0.00976562,1.00069,7.13315e-10,0.422108,1,0
5.77148,0.0292969,1.00069,2.01075e-09,0.422108,1,0
5.75195,0.0488281,1.00069,3.79087e-09,0.42406,1,0
5.75195,0.0683594,1.00069,5.05278e-09,0.42406,1,0
5.77148,0.0488281,1.00069,3.32516e-09,0.422108,1,0
5.77148,0.0683594,1.00069,4.32397e-09,0.422108,1,0
5.71289,0.0878906,1.00069,7.71766e-09,0.427962,1,0
5.71289,0.107422,1.00068,7.43792e-09,0.427962,1,0
5.73242,0.0878906,1.00069,6.50303e-09,0.426011,1,0
5.73242,0.107422,1.00068,5.87138e-09,0.426011,1,0
5.71289,0.126953,1.00067,5.29415e-09,0.427962,1,0
5.71289,0.146484,1.00063,1.05452e-09,0.427962,1,0
5.73242,0.126953,1.00067,3.43644e-09,0.426011,1,0
5.73242,0.146484,1.00063,-9.99694e-10,0.426011,1,0
5.75195,0.0878906,1.00069,5.40183e-09,0.42406,1,0
5.75195,0.107422,1.00068,4.45809e-09,0.42406,1,0
5.77148,0.0878906,1.00069,4.39643e-09,0.422108,1,0
5.77148,0.107422,1.00068,3.17344e-09,0.422108,1,0
5.75195,0.126953,1.00067,1.76617e-09,0.42406,1,0
5.75195,0.146484,1.00063,-2.84229e-09,0.42406,1,0
5.77148,0.126953,1.00067,2.53339e-10,0.422108,1,0
5.77148,0.146484,1.00063,-4.50696e-09,0.422108,1,0
5.63477,0.166016,1.00056,6.25362e-09,0.435766,1,0
5.63477,0.185547,1.00042,-2.54339e-09,0.435766,1,0
5.6543,0.166016,1.00056,2.75986e-09,0.433815,1,0
5.6543,0.185547,1.00042,-5.90894e-09,0.433815,1,0
5.63477,0.205078,1.00014,-1.3568e-08,0.435766,1,0
5.63477,0.224609,0.999597,-2.59215e-08,0.435766,1,0
5.6543,0.205078,1.00014,-1.65827e-08,0.433815,1,0
5.6543,0.224609,0.999597,-2.84126e-08,0.433815,1,0
5.67383,0.166016,1.00056,-3.0071e-10,0.431864,1,0
5.67383,0.185547,1.00042,-8.85947e-09,0.431864,1,0
5.69336,0.166016,1.00056,-2.9936e-09,0.429913,1,0
5.69336,0.185547,1.00042,-1.14573e-08,0.429913,1,0
5.67383,0.205078,1.00014,-1.92277e-08,0.431864,1,0
5.67383,0.224609,0.999597,-3.05995e-08,0.431864,1,0
5.69336,0.205078,1.00014,-2.15584e-08,0.429913,1,0
5.69336,0.224609,0.999597,-3.2528e-08,0.429913,1,0
5.63477,0.244141,0.998585,-3.84629e-08,0.435766,1,0
5.63477,0.263672,0.996744,-4.98717e-08,0.435766,1,0
5.6543,0.244141,0.998585,-4.03247e-08,0.433815,1,0
5.6543,0.263672,0.996744,-5.10821e-08,0.433815,1,0
5.63477,0.283203,0.993494,-5.88339e-08,0.435766,1,0
5.63477,0.302734,0.987915,-6.42433e-08,0.435766,1,0
5.6543,0.283203,0.993494,-5.94525e-08,0.433815,1,0
5.6543,0.302734,0.987915,-6.4396e-08,0.433815,1,0
5.67383,0.244141,0.998585,-4.19598e-08,0.431864,1,0
5.67383,0.263672,0.996744,-5.21449e-08,0.431864,1,0
5.69336,0.244141,0.998585,-4.34026e-08,0.429913,1,0
5.69336,0.263672,0.996744,-5.30824e-08,0.429913,1,0
5.67383,0.283203,0.993494,-5.99937e-08,0.431864,1,0
5.67383,0.302734,0.987915,-6.4524e-08,0.431864,1,0
5.69336,0.283203,0.993494,-6.04689e-08,0.429913,1,0
5.69336,0.302734,0.987915,-6.46308e-08,0.429913,1,0
5.71289,0.166016,1.00056,-5.37538e-09,0.427962,1,0
5.71289,0.185547,1.00042,-1.37559e-08,0.427962,1,0
5.73242,0.166016,1.00056,-7.49472e-09,0.426011,1,0
5.73242,0.185547,1.00042,-1.58012e-08,0.426011,1,0
5.71289,0.205078,1.00014,-2.3622e-08,0.427962,1,0
5.71289,0.224609,0.999597,-3.42368e-08,0.427962,1,0
5.73242,0.205078,1.00014,-2.54591e-08,0.426011,1,0
5.73242,0.224609,0.999597,-3.57592e-08,0.426011,1,0
5.75195,0.166016,1.00056,-9.3931e-09,0.42406,1,0
5.75195,0.185547,1.00042,-1.76323e-08,0.42406,1,0
5.77148,0.166016,1.00056,-1.11053e-08,0.422108,1,0
5.77148,0.185547,1.00042,-1.92826e-08,0.422108,1,0
5.75195,0.205078,1.00014,-2.71041e-08,0.42406,1,0
5.75195,0.224609,0.999597,-3.71232e-08,0.42406,1,0
5.77148,0.205078,1.00014,-2.85864e-08,0.422108,1,0
5.77148,0.224609,0.999597,-3.83528e-08,0.422108,1,0
5.71289,0.244141,0.998585,-4.46819e-08,0.427962,1,0
5.71289,0.263672,0.996744,-5.39135e-08,0.427962,1,0
5.73242,0.244141,0.998585,-4.58224e-08,0.426011,1,0
5.73242,0.263672,0.996744,-5.46542e-08,0.426011,1,0
5.71289,0.283203,0.993494,-6.0888e-08,0.427962,1,0
5.71289,0.302734,0.987915,-6.47193e-08,0.427962,1,0
5.73242,0.283203,0.993494,-6.12592e-08,0.426011,1,0
5.73242,0.302734,0.987915,-6.47916e-08,0.426011,1,0
5.75195,0.244141,0.998585,-4.68448e-08,0.42406,1,0
5.75195,0.263672,0.996744,-5.53177e-08,0.42406,1,0
5.77148,0.244141,0.998585,-4.77666e-08,0.422108,1,0
5.77148,0.263672,0.996744,-5.59149e-08,0.422108,1,0
5.75195,0.283203,0.993494,-6.15892e-08,0.42406,1,0
5.75195,0.302734,0.987915,-6.48492e-08,0.42406,1,0
5.77148,0.283203,0.993494,-6.1883e-08,0.422108,1,0
5.77148,0.302734,0.987915,-6.48929e-08,0.422108,1,0
5.79102,0.00976562,1.00069,6.07563e-10,0.420157,1,0
5.79102,0.0292969,1.00069,1.7513e-09,0.420157,1,0
5.81055,0.00976562,1.00069,5.07379e-10,0.418206,1,0
5.81055,0.0292969,1.00069,1.50565e-09,0.418206,1,0
5.79102,0.0488281,1.00069,2.8899e-09,0.420157,1,0
5.79102,0.0683594,1.00069,3.65031e-09,0.420157,1,0
5.81055,0.0488281,1.00069,2.48239e-09,0.418206,1,0
5.81055,0.0683594,1.00069,3.02523e-09,0.418206,1,0
5.83008,0.00976562,1.00069,4.12917e-10,0.416255,1,0
5.83008,0.0292969,1.00069,1.27389e-09,0.416255,1,0
5.84961,0.00976562,1.00069,3.24265e-10,0.414304,1,0
5.84961,0.0292969,1.00069,1.05584e-09,0.414304,1,0
5.83008,0.0488281,1.00069,2.10033e-09,0.416255,1,0
5.83008,0.0683594,1.00069,2.44215e-09,0.416255,1,0
5.84961,0.0488281,1.00069,1.74109e-09,0.414304,1,0
5.84961,0.0683594,1.00069,1.89525e-09,0.414304,1,0
5.79102,0.0878906,1.00069,3.47304e-09,0.420157,1,0
5.79102,0.107422,1.00068,1.99823e-09,0.420157,1,0
5.81055,0.0878906,1.00069,2.62019e-09,0.418206,1,0
5.81055,0.107422,1.00068,9.17094e-10,0.418206,1,0
5.79102,0.126953,1.00067,-1.12597e-09,0.420157,1,0
5.79102,0.146484,1.00063,-6.02102e-09,0.420157,1,0
5.81055,0.126953,1.00067,-2.39078e-09,0.418206,1,0
5.81055,0.146484,1.00063,-7.40609e-09,0.418206,1,0
5.83008,0.0878906,1.00069,1.82794e-09,0.416255,1,0
5.83008,0.107422,1.00068,-8.25319e-11,0.416255,1,0
5.84961,0.0878906,1.00069,1.08827e-09,0.414304,1,0
5.84961,0.107422,1.00068,-1.01074e-09,0.414304,1,0
5.83008,0.126953,1.00067,-3.55609e-09,0.416255,1,0
5.83008,0.146484,1.00063,-8.67891e-09,0.416255,1,0
5.84961,0.126953,1.00067,-4.63371e-09,0.414304,1,0
5.84961,0.146484,1.00063,-9.85253e-09,0.414304,1,0
5.86914,0.00976562,1.00069,2.41202e-10,0.412353,1,0
5.86914,0.0292969,1.00069,8.5128e-10,0.412353,1,0
5.88867,0.00976562,1.00069,1.64284e-10,0.410402,1,0
5.88867,0.0292969,1.00069,6.60776e-10,0.410402,1,0
5.86914,0.0488281,1.00069,1.40289e-09,0.412353,1,0
5.86914,0.0683594,1.00069,1.38038e-09,0.412353,1,0
5.88867,0.0488281,1.00069,1.08461e-09,0.410402,1,0
5.88867,0.0683594,1.00069,8.94942e-10,0.410402,1,0
5.9082,0.00976562,1.00069,9.42834e-11,0.408451,1,0
5.9082,0.0292969,1.00069,4.84089e-10,0.408451,1,0
5.92773,0.00976562,1.00069,3.00397e-11,0.4065,1,0
5.92773,0.0292969,1.00069,3.18456e-10,0.4065,1,0
5.9082,0.0488281,1.00069,7.8457e-10,0.408451,1,0
5.9082,0.0683594,1.00069,4.37304e-10,0.408451,1,0
5.92773,0.0488281,1.00069,5.00634e-10,0.4065,1,0
5.92773,0.0683594,1.00069,6.38027e-12,0.4065,1,0
5.86914,0.0878906,1.00069,3.95301e-10,0.412353,1,0
5.86914,0.107422,1.00068,-1.87541e-09,0.412353,1,0
5.88867,0.0878906,1.00069,-2.54985e-10,0.410402,1,0
5.88867,0.107422,1.00068,-2.68252e-09,0.410402,1,0
5.86914,0.126953,1.00067,-5.63308e-09,0.412353,1,0
5.86914,0.146484,1.00063,-1.09374e-08,0.412353,1,0
5.88867,0.126953,1.00067,-6.56173e-09,0.410402,1,0
5.88867,0.146484,1.00063,-1.19419e-08,0.410402,1,0
5.9082,0.0878906,1.00069,-8.65294e-10,0.408451,1,0
5.9082,0.107422,1.00068,-3.43638e-09,0.408451,1,0
5.92773,0.0878906,1.00069,-1.43721e-09,0.4065,1,0
5.92773,0.107422,1.00068,-4.13974e-09,0.4065,1,0
5.9082,0.126953,1.00067,-7.42544e-09,0.408451,1,0
5.9082,0.146484,1.00063,-1.28729e-08,0.408451,1,0
5.92773,0.126953,1.00067,-8.22824e-09,0.4065,1,0
5.92773,0.146484,1.00063,-1.37353e-08,0.4065,1,0
5.79102,0.166016,1.00056,-1.26599e-08,0.420157,1,0
5.79102,0.185547,1.00042,-2.07793e-08,0.420157,1,0
5.81055,0.166016,1.00056,-1.40795e-08,0.418206,1,0
5.81055,0.185547,1.00042,-2.21445e-08,0.418206,1,0
5.79102,0.205078,1.00014,-2.99302e-08,0.420157,1,0
5.79102,0.224609,0.999597,-3.94673e-08,0.420157,1,0
5.81055,0.205078,1.00014,-3.1155e-08,0.418206,1,0
5.81055,0.224609,0.999597,-4.04823e-08,0.418206,1,0
5.83008,0.166016,1.00056,-1.53817e-08,0.416255,1,0
5.83008,0.185547,1.00042,-2.33951e-08,0.416255,1,0
5.84961,0.166016,1.00056,-1.65799e-08,0.414304,1,0
5.84961,0.185547,1.00042,-2.4544e-08,0.414304,1,0
5.83008,0.205078,1.00014,-3.22757e-08,0.416255,1,0
5.83008,0.224609,0.999597,-4.141e-08,0.416255,1,0
5.84961,0.205078,1.00014,-3.33038e-08,0.414304,1,0
5.84961,0.224609,0.999597,-4.22592e-08,0.414304,1,0
5.79102,0.244141,0.998585,-4.86017e-08,0.420157,1,0
5.79102,0.263672,0.996744,-5.64543e-08,0.420157,1,0
5.81055,0.244141,0.998585,-4.93612e-08,0.418206,1,0
5.81055,0.263672,0.996744,-5.69424e-08,0.418206,1,0
5.79102,0.283203,0.993494,-6.21443e-08,0.420157,1,0
5.79102,0.302734,0.987915,-6.49227e-08,0.420157,1,0
5.81055,0.283203,0.993494,-6.23755e-08,0.418206,1,0
5.81055,0.302734,0.987915,-6.49382e-08,0.418206,1,0
5.83008,0.244141,0.998585,-5.00534e-08,0.416255,1,0
5.83008,0.263672,0.996744,-5.73838e-08,0.416255,1,0
5.84961,0.244141,0.998585,-5.06844e-08,0.414304,1,0
5.84961,0.263672,0.996744,-5.77816e-08,0.414304,1,0
5.83008,0.283203,0.993494,-6.25782e-08,0.416255,1,0
5.83008,0.302734,0.987915,-6.49385e-08,0.416255,1,0
5.84961,0.283203,0.993494,-6.27528e-08,0.414304,1,0
5.84961,0.302734,0.987915,-6.49226e-08,0.414304,1,0
5.86914,0.166016,1.00056,-1.76848e-08,0.412353,1,0
5.86914,0.185547,1.00042,-2.56015e-08,0.412353,1,0
5.88867,0.166016,1.00056,-1.87052e-08,0.410402,1,0
5.88867,0.185547,1.00042,-2.65756e-08,0.410402,1,0
5.86914,0.205078,1.00014,-3.42482e-08,0.412353,1,0
5.86914,0.224609,0.999597,-4.30369e-08,0.412353,1,0
5.88867,0.205078,1.00014,-3.51157e-08,0.410402,1,0
5.88867,0.224609,0.999597,-4.37482e-08,0.410402,1,0
5.9082,0.166016,1.00056,-1.96479e-08,0.408451,1,0
5.9082,0.185547,1.00042,-2.74729e-08,0.408451,1,0
5.92773,0.166016,1.00056,-2.05184e-08,0.4065,1,0
5.92773,0.185547,1.00042,-2.82985e-08,0.4065,1,0
5.9082,0.205078,1.00014,-3.59118e-08,0.408451,1,0
5.9082,0.224609,0.999597,-4.43971e-08,0.408451,1,0
5.92773,0.205078,1.00014,-3.66407e-08,0.4065,1,0
5.92773,0.224609,0.999598,-4.49867e-08,0.4065,1,0
5.86914,0.244141,0.998585,-5.12587e-08,0.412353,1,0
5.86914,0.263672,0.996744,-5.8138e-08,0.412353,1,0
5.88867,0.244141,0.998585,-5.17795e-08,0.410402,1,0
5.88867,0.263672,0.996744,-5.8454e-08,0.410402,1,0
5.86914,0.283203,0.993494,-6.28995e-08,0.412353,1,0
5.86914,0.302734,0.987915,-6.48891e-08,0.412353,1,0
5.88867,0.283203,0.993494,-6.30179e-08,0.410402,1,0
5.88867,0.302734,0.987915,-6.48367e-08,0.410402,1,0
5.9082,0.244141,0.998585,-5.2249e-08,0.408451,1,0
5.9082,0.263672,0.996744,-5.87307e-08,0.408451,1,0
5.92773,0.244141,0.998585,-5.26692e-08,0.4065,1,0
5.92773,0.263672,0.996744,-5.89683e-08,0.4065,1,0
5.9082,0.283203,0.993494,-6.31076e-08,0.408451,1,0
5.9082,0.302734,0.987915,-6.47643e-08,0.408451,1,0
5.92773,0.283203,0.993494,-6.31681e-08,0.4065,1,0
5.92773,0.302734,0.987915,-6.46709e-08,0.4065,1,0
5.63477,0.322266,0.978612,-6.54071e-08,0.435766,1,0
5.63477,0.341797,0.963538,-6.22453e-08,0.435766,1,0
5.6543,0.322266,0.978612,-6.52531e-08,0.433815,1,0
5.6543,0.341797,0.963538,-6.19395e-08,0.433815,1,0
5.63477,0.361328,0.939795,-5.52695e-08,0.435766,1,0
5.63477,0.380859,0.903438,-4.55805e-08,0.435766,1,0
5.6543,0.361328,0.939795,-5.49298e-08,0.433815,1,0
5.6543,0.380859,0.903438,-4.52744e-08,0.433815,1,0
5.67383,0.322266,0.978612,-6.51066e-08,0.431864,1,0
5.67383,0.341797,0.963538,-6.16541e-08,0.431864,1,0
5.69336,0.322266,0.978612,-6.49659e-08,0.429913,1,0
5.69336,0.341797,0.963538,-6.1385e-08,0.429913,1,0
5.67383,0.361328,0.939795,-5.46102e-08,0.431864,1,0
5.67383,0.380859,0.903438,-4.49846e-08,0.431864,1,0
5.69336,0.361328,0.939795,-5.43064e-08,0.429913,1,0
5.69336,0.380859,0.903438,-4.47032e-08,0.429913,1,0
5.63477,0.400391,0.849289,-3.44675e-08,0.435766,1,0
5.63477,0.419922,0.770805,-2.34625e-08,0.435766,1,0
5.6543,0.400391,0.849289,-3.42304e-08,0.433815,1,0
5.6543,0.419922,0.770805,-2.32838e-08,0.433815,1,0
5.63477,0.439453,0.660032,-1.3627e-08,0.435766,1,0
5.63477,0.458984,0.507662,-6.15031e-09,0.435766,1,0
5.6543,0.439453,0.660032,-1.35173e-08,0.433815,1,0
5.6543,0.458984,0.507662,-6.1053e-09,0.433815,1,0
5.67383,0.400391,0.849289,-3.39917e-08,0.431864,1,0
5.67383,0.419922,0.770805,-2.31214e-08,0.431864,1,0
5.69336,0.400391,0.849289,-3.37691e-08,0.429913,1,0
5.69336,0.419922,0.770805,-2.29509e-08,0.429913,1,0
5.67383,0.439453,0.660032,-1.3415e-08,0.431864,1,0
5.67383,0.458984,0.507662,-6.04578e-09,0.431864,1,0
5.69336,0.439453,0.660032,-1.33114e-08,0.429913,1,0
5.69336,0.458984,0.507662,-6.00587e-09,0.429913,1,0
5.71289,0.322266,0.978612,-6.48293e-08,0.427962,1,0
5.71289,0.341797,0.963538,-6.11288e-08,0.427962,1,0
5.73242,0.322266,0.978612,-6.46954e-08,0.426011,1,0
5.73242,0.341797,0.963538,-6.08821e-08,0.426011,1,0
5.71289,0.361328,0.939795,-5.40148e-08,0.427962,1,0
5.71289,0.380859,0.903438,-4.44322e-08,0.427962,1,0
5.73242,0.361328,0.939795,-5.37321e-08,0.426011,1,0
5.73242,0.380859,0.903438,-4.41641e-08,0.426011,1,0
5.75195,0.322266,0.978612,-6.45623e-08,0.42406,1,0
5.75195,0.341797,0.963538,-6.0642e-08,0.42406,1,0
5.77148,0.322266,0.978612,-6.44281e-08,0.422108,1,0
5.77148,0.341797,0.963538,-6.04057e-08,0.422108,1,0
5.75195,0.361328,0.939795,-5.34554e-08,0.42406,1,0
5.75195,0.380859,0.903438,-4.3902e-08,0.42406,1,0
5.77148,0.361328,0.939795,-5.31822e-08,0.422108,1,0
5.77148,0.380859,0.903438,-4.3639e-08,0.422108,1,0
5.71289,0.400391,0.849289,-3.35406e-08,0.427962,1,0
5.71289,0.419922,0.770805,-2.27947e-08,0.427962,1,0
5.73242,0.400391,0.849289,-3.33252e-08,0.426011,1,0
5.73242,0.419922,0.770805,-2.26281e-08,0.426011,1,0
5.71289,0.439453,0.660032,-1.32138e-08,0.427962,1,0
5.71289,0.458984,0.507662,-5.94974e-09,0.427962,1,0
5.73242,0.439453,0.660032,-1.31135e-08,0.426011,1,0
5.73242,0.458984,0.507662,-5.91304e-09,0.426011,1,0
5.75195,0.400391,0.849289,-3.31007e-08,0.42406,1,0
5.75195,0.419922,0.770805,-2.24747e-08,0.42406,1,0
5.77148,0.400391,0.849289,-3.28875e-08,0.422108,1,0
5.77148,0.419922,0.770805,-2.23089e-08,0.422108,1,0
5.75195,0.439453,0.660032,-1.30183e-08,0.42406,1,0
5.75195,0.458984,0.507662,-5.85877e-09,0.42406,1,0
5.77148,0.439453,0.660032,-1.29193e-08,0.422108,1,0
5.77148,0.458984,0.507662,-5.82404e-09,0.422108,1,0
5.63477,0.478516,0.303225,-1.13831e-09,0.435766,1,0
5.63477,0.498047,0.0353822,6.35349e-10,0.435766,0.6,0
5.6543,0.478516,0.303225,-1.11867e-09,0.433815,1,0
5.6543,0.498047,0.0353822,6.3712e-10,0.433815,0.6,0
5.67383,0.478516,0.303225,-1.11032e-09,0.431864,1,0
5.67383,0.498047,0.0353822,6.34268e-10,0.431864,0.6,0
5.69336,0.478516,0.303225,-1.09353e-09,0.429913,1,0
5.69336,0.498047,0.0353822,6.34734e-10,0.429913,0.6,0
5.71289,0.478516,0.303225,-1.08779e-09,0.427962,1,0
5.71289,0.498047,0.0353822,6.30553e-10,0.427962,0.6,0
5.73242,0.478516,0.303225,-1.07288e-09,0.426011,1,0
5.73242,0.498047,0.0353822,6.29982e-10,0.426011,0.6,0
5.75195,0.478516,0.303225,-1.06897e-09,0.42406,1,0
5.75195,0.498047,0.0353822,6.24709e-10,0.42406,0.6,0
5.77148,0.478516,0.303225,-1.05526e-09,0.422108,1,0
5.77148,0.498047,0.0353822,6.23316e-10,0.422108,0.6,0
5.79102,0.322266,0.978612,-6.4291e-08,0.420157,1,0
5.79102,0.341797,0.963538,-6.01704e-08,0.420157,1,0
5.81055,0.322266,0.978612,-6.41489e-08,0.418206,1,0
5.81055,0.341797,0.963538,-5.9934e-08,0.418206,1,0
5.79102,0.361328,0.939795,-5.29103e-08,0.420157,1,0
5.79102,0.380859,0.903438,-4.33787e-08,0.420157,1,0
5.81055,0.361328,0.939795,-5.26376e-08,0.418206,1,0
5.81055,0.380859,0.903438,-4.31146e-08,0.418206,1,0
5.83008,0.322266,0.978612,-6.39997e-08,0.416255,1,0
5.83008,0.341797,0.963538,-5.96941e-08,0.416255,1,0
5.84961,0.322266,0.978612,-6.38415e-08,0.414304,1,0
5.84961,0.341797,0.963538,-5.94489e-08,0.414304,1,0
5.83008,0.361328,0.939795,-5.23625e-08,0.416255,1,0
5.83008,0.380859,0.903438,-4.28512e-08,0.416255,1,0
5.84961,0.361328,0.939795,-5.20836e-08,0.414304,1,0
5.84961,0.380859,0.903438,-4.2582e-08,0.414304,1,0
5.79102,0.400391,0.849289,-3.26628e-08,0.420157,1,0
5.79102,0.419922,0.770805,-2.21559e-08,0.420157,1,0
5.81055,0.400391,0.849289,-3.24484e-08,0.418206,1,0
5.81055,0.419922,0.770805,-2.19891e-08,0.418206,1,0
5.79102,0.439453,0.660032,-1.2825e-08,0.420157,1,0
5.79102,0.458984,0.507662,-5.7706e-09,0.420157,1,0
5.81055,0.439453,0.660031,-1.27262e-08,0.418206,1,0
5.81055,0.458984,0.507662,-5.73698e-09,0.418206,1,0
5.83008,0.400391,0.849289,-3.22208e-08,0.416255,1,0
5.83008,0.419922,0.770805,-2.1835e-08,0.416255,1,0
5.84961,0.400391,0.849289,-3.2003e-08,0.414304,1,0
5.84961,0.419922,0.770805,-2.16661e-08,0.414304,1,0
5.83008,0.439453,0.660031,-1.26318e-08,0.416255,1,0
5.83008,0.458984,0.507662,-5.68369e-09,0.416255,1,0
5.84961,0.439453,0.660031,-1.25325e-08,0.414304,1,0
5.84961,0.458984,0.507662,-5.65063e-09,0.414304,1,0
5.86914,0.322266,0.978612,-6.36725e-08,0.412353,1,0
5.86914,0.341797,0.963538,-5.91966e-08,0.412353,1,0
5.88867,0.322266,0.978612,-6.34912e-08,0.410402,1,0
5.88867,0.341797,0.963538,-5.8936e-08,0.410402,1,0
5.86914,0.361328,0.939795,-5.17996e-08,0.412353,1,0
5.86914,0.380859,0.903438,-4.2312e-08,0.412353,1,0
5.88867,0.361328,0.939795,-5.15097e-08,0.410402,1,0
5.88867,0.380859,0.903438,-4.2035e-08,0.410402,1,0
5.9082,0.322266,0.978612,-6.32961e-08,0.408451,1,0
5.9082,0.341797,0.963538,-5.86657e-08,0.408451,1,0
5.92773,0.322266,0.978612,-6.30861e-08,0.4065,1,0
5.92773,0.341797,0.963538,-5.8385e-08,0.4065,1,0
5.9082,0.361328,0.939795,-5.12132e-08,0.408451,1,0
5.9082,0.380859,0.903438,-4.17566e-08,0.408451,1,0
5.92773,0.361328,0.939795,-5.09094e-08,0.4065,1,0
5.92773,0.380859,0.903438,-4.14704e-08,0.4065,1,0
5.86914,0.400391,0.849289,-3.17709e-08,0.412353,1,0
5.86914,0.419922,0.770805,-2.151e-08,0.412353,1,0
5.88867,0.400391,0.849289,-3.15485e-08,0.410402,1,0
5.88867,0.419922,0.770805,-2.13385e-08,0.410402,1,0
5.86914,0.439453,0.660031,-1.24375e-08,0.412353,1,0
5.86914,0.458984,0.507662,-5.59701e-09,0.412353,1,0
5.88867,0.439453,0.660031,-1.23372e-08,0.410402,1,0
5.88867,0.458984,0.507662,-5.56415e-09,0.410402,1,0
5.9082,0.400391,0.849289,-3.13111e-08,0.408451,1,0
5.9082,0.419922,0.770805,-2.118e-08,0.408451,1,0
5.92773,0.400391,0.849289,-3.10837e-08,0.4065,1,0
5.92773,0.419922,0.770805,-2.10055e-08,0.4065,1,0
5.9082,0.439453,0.660031,-1.22413e-08,0.408451,1,0
5.9082,0.458984,0.507662,-5.5099e-09,0.408451,1,0
5.92773,0.439453,0.660031,-1.21398e-08,0.4065,1,0
5.92773,0.458984,0.507662,-5.47701e-09,0.4065,1,0
5.79102,0.478516,0.303225,-1.05261e-09,0.420157,1,0
5.79102,0.498047,0.0353822,6.17145e-10,0.420157,0.6,0
5.81055,0.478516,0.303225,-1.03964e-09,0.418206,1,0
5.81055,0.498047,0.0353822,6.15109e-10,0.418206,0.6,0
5.83008,0.478516,0.303225,-1.03784e-09,0.416255,1,0
5.83008,0.498047,0.0353822,6.08206e-10,0.416255,0.6,0
5.84961,0.478516,0.303225,-1.02524e-09,0.414304,1,0
5.84961,0.498047,0.0353822,6.05679e-10,0.414304,0.6,0
5.86914,0.478516,0.303225,-1.02401e-09,0.412353,1,0
5.86914,0.498047,0.0353822,5.98185e-10,0.412353,0.6,0
5.88867,0.478516,0.303225,-1.01153e-09,0.410402,1,0
5.88867,0.498047,0.0353822,5.95297e-10,0.410402,0.6,0
5.9082,0.478516,0.303225,-1.01064e-09,0.408451,1,0
5.9082,0.498047,0.0353822,5.87327e-10,0.408451,0.6,0
5.92773,0.478516,0.303225,-9.98097e-10,0.4065,1,0
5.92773,0.498047,0.0353822,5.84183e-10,0.4065,0.6,0
5.94727,0.00976562,1.00069,-3.1268e-11,0.404549,1,0
5.94727,0.0292969,1.00069,1.60222e-10,0.404549,1,0
5.9668,0.00976562,1.00069,-9.0578e-11,0.402598,1,0
5.9668,0.0292969,1.00069,9.14505e-12,0.402598,1,0
5.94727,0.0488281,1.00069,2.31901e-10,0.404549,1,0
5.94727,0.0683594,1.00069,-3.97909e-10,0.404549,1,0
5.9668,0.0488281,1.00069,-2.03057e-11,0.402598,1,0
5.9668,0.0683594,1.00069,-7.74622e-10,0.402598,1,0
5.98633,0.00976562,1.00069,-1.45704e-10,0.400647,1,0
5.98633,0.0292969,1.00069,-1.31092e-10,0.400647,1,0
6.00586,0.00976562,1.00069,-1.94224e-10,0.398696,1,0
6.00586,0.0292969,1.00069,-2.57004e-10,0.398696,1,0
5.98633,0.0488281,1.00069,-2.53595e-10,0.400647,1,0
5.98633,0.0683594,1.00069,-1.12266e-09,0.400647,1,0
6.00586,0.0488281,1.00069,-4.66379e-10,0.398696,1,0
6.00586,0.0683594,1.00069,-1.4416e-09,0.398696,1,0
5.94727,0.0878906,1.00069,-1.9712e-09,0.404549,1,0
5.94727,0.107422,1.00068,-4.79411e-09,0.404549,1,0
5.9668,0.0878906,1.00069,-2.46718e-09,0.402598,1,0
5.9668,0.107422,1.00068,-5.40051e-09,0.402598,1,0
5.94727,0.126953,1.00067,-8.97287e-09,0.404549,1,0
5.94727,0.146484,1.00063,-1.45327e-08,0.404549,1,0
5.9668,0.126953,1.00067,-9.66135e-09,0.402598,1,0
5.9668,0.146484,1.00063,-1.5268e-08,0.402598,1,0
5.98633,0.0878906,1.00069,-2.92524e-09,0.400647,1,0
5.98633,0.107422,1.00068,-5.95998e-09,0.400647,1,0
6.00586,0.0878906,1.00069,-3.346e-09,0.398696,1,0
6.00586,0.107422,1.00068,-6.4738e-09,0.398696,1,0
5.98633,0.126953,1.00067,-1.02955e-08,0.400647,1,0
5.98633,0.146484,1.00063,-1.59435e-08,0.400647,1,0
6.00586,0.126953,1.00067,-1.0877e-08,0.398696,1,0
6.00586,0.146484,1.00063,-1.65612e-08,0.398696,1,0
6.02539,0.00976562,1.00069,-2.3578e-10,0.396745,1,0
6.02539,0.0292969,1.00069,-3.68083e-10,0.396745,1,0
6.04492,0.00976562,1.00069,-2.71484e-10,0.394794,1,0
6.04492,0.0292969,1.00069,-4.65883e-10,0.394794,1,0
6.02539,0.0488281,1.00069,-6.58613e-10,0.396745,1,0
6.02539,0.0683594,1.00069,-1.73196e-09,0.396745,1,0
6.04492,0.0488281,1.00069,-8.31274e-10,0.394794,1,0
6.04492,0.0683594,1.00069,-1.99477e-09,0.394794,1,0
6.06445,0.00976562,1.00069,-3.02416e-10,0.392843,1,0
6.06445,0.0292969,1.00069,-5.5205e-10,0.392843,1,0
6.08398,0.00976562,1.00069,-3.29055e-10,0.390892,1,0
6.08398,0.0292969,1.00069,-6.27503e-10,0.390892,1,0
6.06445,0.0488281,1.00069,-9.85551e-10,0.392843,1,0
6.06445,0.0683594,1.00069,-2.23116e-09,0.392843,1,0
6.08398,0.0488281,1.00069,-1.12239e-09,0.390892,1,0
6.08398,0.0683594,1.00069,-2.44206e-09,0.390892,1,0
6.02539,0.0878906,1.00069,-3.73044e-09,0.396745,1,0
6.02539,0.107422,1.00068,-6.94332e-09,0.396745,1,0
6.04492,0.0878906,1.00069,-4.07969e-09,0.394794,1,0
6.04492,0.107422,1.00068,-7.36987e-09,0.394794,1,0
6.02539,0.126953,1.00067,-1.14077e-08,0.396745,1,0
6.02539,0.146484,1.00063,-1.7123e-08,0.396745,1,0
6.04492,0.126953,1.00067,-1.18888e-08,0.394794,1,0
6.04492,0.146484,1.00063,-1.76304e-08,0.394794,1,0
6.06445,0.0878906,1.00069,-4.39482e-09,0.392843,1,0
6.06445,0.107422,1.00068,-7.75465e-09,0.392843,1,0
6.08398,0.0878906,1.00069,-4.67679e-09,0.390892,1,0
6.08398,0.107422,1.00068,-8.09871e-09,0.390892,1,0
6.06445,0.126953,1.00067,-1.23219e-08,0.392843,1,0
6.06445,0.146484,1.00063,-1.80849e-08,0.392843,1,0
6.08398,0.126953,1.00067,-1.27079e-08,0.390892,1,0
6.08398,0.146484,1.00063,-1.84878e-08,0.390892,1,0
5.94727,0.166016,1.00056,-2.13206e-08,0.404549,1,0
5.94727,0.185547,1.00042,-2.90562e-08,0.404549,1,0
5.9668,0.166016,1.00056,-2.20577e-08,0.402598,1,0
5.9668,0.185547,1.00042,-2.97491e-08,0.402598,1,0
5.94727,0.205078,1.00014,-3.73059e-08,0.404549,1,0
5.94727,0.224609,0.999598,-4.55194e-08,0.404549,1,0
5.9668,0.205078,1.00014,-3.79098e-08,0.402598,1,0
5.9668,0.224609,0.999598,-4.5997e-08,0.402598,1,0
5.98633,0.166016,1.00056,-2.27324e-08,0.400647,1,0
5.98633,0.185547,1.00042,-3.03798e-08,0.400647,1,0
6.00586,0.166016,1.00056,-2.33467e-08,0.398696,1,0
6.00586,0.185547,1.00042,-3.09501e-08,0.398696,1,0
5.98633,0.205078,1.00014,-3.84545e-08,0.400647,1,0
5.98633,0.224609,0.999598,-4.64209e-08,0.400647,1,0
6.00586,0.205078,1.00014,-3.89417e-08,0.398696,1,0
6.00586,0.224609,0.999598,-4.67923e-08,0.398696,1,0
5.94727,0.244141,0.998585,-5.30412e-08,0.404549,1,0
5.94727,0.263672,0.996744,-5.91672e-08,0.404549,1,0
5.9668,0.244141,0.998585,-5.3366e-08,0.402598,1,0
5.9668,0.263672,0.996744,-5.93277e-08,0.402598,1,0
5.94727,0.283203,0.993494,-6.3199e-08,0.404549,1,0
5.94727,0.302734,0.987915,-6.45555e-08,0.404549,1,0
5.9668,0.283203,0.993494,-6.31997e-08,0.402598,1,0
5.9668,0.302734,0.987915,-6.44174e-08,0.402598,1,0
5.98633,0.244141,0.998585,-5.36443e-08,0.400647,1,0
5.98633,0.263672,0.996744,-5.94497e-08,0.400647,1,0
6.00586,0.244141,0.998585,-5.38769e-08,0.398696,1,0
6.00586,0.263672,0.996744,-5.95335e-08,0.398696,1,0
5.98633,0.283203,0.993494,-6.317e-08,0.400647,1,0
5.98633,0.302734,0.987915,-6.42563e-08,0.400647,1,0
6.00586,0.283203,0.993494,-6.31098e-08,0.398696,1,0
6.00586,0.302734,0.987915,-6.40717e-08,0.398696,1,0
6.02539,0.166016,1.00056,-2.39024e-08,0.396745,1,0
6.02539,0.185547,1.00042,-3.14619e-08,0.396745,1,0
6.04492,0.166016,1.00056,-2.44013e-08,0.394794,1,0
6.04492,0.185547,1.00042,-3.19166e-08,0.394794,1,0
6.02539,0.205078,1.00014,-3.93728e-08,0.396745,1,0
6.02539,0.224609,0.999598,-4.71123e-08,0.396745,1,0
6.04492,0.205078,1.00014,-3.97492e-08,0.394794,1,0
6.04492,0.224609,0.999598,-4.73818e-08,0.394794,1,0
6.06445,0.166016,1.00056,-2.48447e-08,0.392843,1,0
6.06445,0.185547,1.00042,-3.23157e-08,0.392843,1,0
6.08398,0.166016,1.00056,-2.5234e-08,0.390892,1,0
6.08398,0.185547,1.00042,-3.26603e-08,0.390892,1,0
6.06445,0.205078,1.00014,-4.00719e-08,0.392843,1,0
6.06445,0.224609,0.999598,-4.76019e-08,0.392843,1,0
6.08398,0.205078,1.00014,-4.03422e-08,0.390892,1,0
6.08398,0.224609,0.999598,-4.77735e-08,0.390892,1,0
6.02539,0.244141,0.998585,-5.40644e-08,0.396745,1,0
6.02539,0.263672,0.996744,-5.95793e-08,0.396745,1,0
6.04492,0.244141,0.998585,-5.42073e-08,0.394794,1,0
6.04492,0.263672,0.996744,-5.95876e-08,0.394794,1,0
6.02539,0.283203,0.993494,-6.3019e-08,0.396745,1,0
6.02539,0.302734,0.987915,-6.38638e-08,0.396745,1,0
6.04492,0.283203,0.993494,-6.28979e-08,0.394794,1,0
6.04492,0.302734,0.987915,-6.36325e-08,0.394794,1,0
6.06445,0.244141,0.998585,-5.43064e-08,0.392843,1,0
6.06445,0.263672,0.996744,-5.95587e-08,0.392843,1,0
6.08398,0.244141,0.998585,-5.43626e-08,0.390892,1,0
6.08398,0.263672,0.996744,-5.94936e-08,0.390892,1,0
6.06445,0.283203,0.993494,-6.27469e-08,0.392843,1,0
6.06445,0.302734,0.987915,-6.33783e-08,0.392843,1,0
6.08398,0.283203,0.993494,-6.25666e-08,0.390892,1,0
6.08398,0.302734,0.987915,-6.31018e-08,0.390892,1,0
6.10352,0.00976562,1.00069,-3.51516e-10,0.388941,1,0
6.10352,0.0292969,1.00069,-6.92643e-10,0.388941,1,0
6.12305,0.00976562,1.00069,-3.6989e-10,0.38699,1,0
6.12305,0.0292969,1.00069,-7.4777e-10,0.38699,1,0
6.10352,0.0488281,1.00069,-1.24245e-09,0.388941,1,0
6.10352,0.0683594,1.00069,-2.62826e-09,0.388941,1,0
6.12305,0.0488281,1.00069,-1.34629e-09,0.38699,1,0
6.12305,0.0683594,1.00069,-2.79047e-09,0.38699,1,0
6.14258,0.00976562,1.00069,-3.84361e-10,0.385039,1,0
6.14258,0.0292969,1.00069,-7.93278e-10,0.385039,1,0
6.16211,0.00976562,1.00069,-3.9518e-10,0.383088,1,0
6.16211,0.0292969,1.00069,-8.29675e-10,0.383088,1,0
6.14258,0.0488281,1.00069,-1.43448e-09,0.385039,1,0
6.14258,0.0683594,1.00069,-2.92951e-09,0.385039,1,0
6.16211,0.0488281,1.00069,-1.5077e-09,0.383088,1,0
6.16211,0.0683594,1.00069,-3.04634e-09,0.383088,1,0
6.10352,0.0878906,1.00069,-4.92644e-09,0.388941,1,0
6.10352,0.107422,1.00068,-8.40308e-09,0.388941,1,0
6.12305,0.0878906,1.00069,-5.14469e-09,0.38699,1,0
6.12305,0.107422,1.00068,-8.66884e-09,0.38699,1,0
6.10352,0.126953,1.00067,-1.30483e-08,0.388941,1,0
6.10352,0.146484,1.00063,-1.88405e-08,0.388941,1,0
6.12305,0.126953,1.00067,-1.33442e-08,0.38699,1,0
6.12305,0.146484,1.00063,-1.91443e-08,0.38699,1,0
6.14258,0.0878906,1.00069,-5.33254e-09,0.385039,1,0
6.14258,0.107422,1.00068,-8.89727e-09,0.385039,1,0
6.16211,0.0878906,1.00069,-5.49122e-09,0.383088,1,0
6.16211,0.107422,1.00068,-9.08986e-09,0.383088,1,0
6.14258,0.126953,1.00067,-1.3597e-08,0.385039,1,0
6.14258,0.146484,1.00063,-1.9401e-08,0.385039,1,0
6.16211,0.126953,1.00067,-1.38087e-08,0.383088,1,0
6.16211,0.146484,1.00063,-1.96125e-08,0.383088,1,0
6.18164,0.00976562,1.00069,-4.02625e-10,0.381136,1,0
6.18164,0.0292969,1.00069,-8.57542e-10,0.381136,1,0
6.20117,0.00976562,1.00069,-4.06978e-10,0.379185,1,0
6.20117,0.0292969,1.00069,-8.77519e-10,0.379185,1,0
6.18164,0.0488281,1.00069,-1.56677e-09,0.381136,1,0
6.18164,0.0683594,1.00069,-3.14212e-09,0.381136,1,0
6.20117,0.0488281,1.00069,-1.61265e-09,0.379185,1,0
6.20117,0.0683594,1.00069,-3.21818e-09,0.379185,1,0
6.2207,0.00976562,1.00069,-4.08531e-10,0.377234,1,0
6.2207,0.0292969,1.00069,-8.90293e-10,0.377234,1,0
6.24023,0.00976562,1.00069,-4.07586e-10,0.375283,1,0
6.24023,0.0292969,1.00069,-8.96586e-10,0.375283,1,0
6.2207,0.0488281,1.00069,-1.64638e-09,0.377234,1,0
6.2207,0.0683594,1.00069,-3.27603e-09,0.377234,1,0
6.24023,0.0488281,1.00069,-1.6691e-09,0.375283,1,0
6.24023,0.0683594,1.00069,-3.31727e-09,0.375283,1,0
6.18164,0.0878906,1.00069,-5.62221e-09,0.381136,1,0
6.18164,0.107422,1.00068,-9.24841e-09,0.381136,1,0
6.20117,0.0878906,1.00069,-5.72721e-09,0.379185,1,0
6.20117,0.107422,1.00068,-9.375e-09,0.379185,1,0
6.18164,0.126953,1.00067,-1.39812e-08,0.381136,1,0
6.18164,0.146484,1.00063,-1.97812e-08,0.381136,1,0
6.20117,0.126953,1.00067,-1.41169e-08,0.379185,1,0
6.20117,0.146484,1.00063,-1.99095e-08,0.379185,1,0
6.2207,0.0878906,1.00069,-5.80812e-09,0.377234,1,0
6.2207,0.107422,1.00068,-9.47192e-09,0.377234,1,0
6.24023,0.0878906,1.00069,-5.86699e-09,0.375283,1,0
6.24023,0.107422,1.00068,-9.54163e-09,0.375283,1,0
6.2207,0.126953,1.00067,-1.42184e-08,0.377234,1,0
6.2207,0.146484,1.00063,-2.00004e-08,0.377234,1,0
6.24023,0.126953,1.00067,-1.42885e-08,0.375283,1,0
6.24023,0.146484,1.00063,-2.00569e-08,0.375283,1,0
6.10352,0.166016,1.00056,-2.55706e-08,0.388941,1,0
6.10352,0.185547,1.00042,-3.2952e-08,0.388941,1,0
6.12305,0.166016,1.00056,-2.58561e-08,0.38699,1,0
6.12305,0.185547,1.00042,-3.31924e-08,0.38699,1,0
6.10352,0.205078,1.00014,-4.05616e-08,0.388941,1,0
6.10352,0.224609,0.999598,-4.78979e-08,0.388941,1,0
6.12305,0.205078,1.00014,-4.07315e-08,0.38699,1,0
6.12305,0.224609,0.999598,-4.79767e-08,0.38699,1,0
6.14258,0.166016,1.00056,-2.60924e-08,0.385039,1,0
6.14258,0.185547,1.00042,-3.33833e-08,0.385039,1,0
6.16211,0.166016,1.00056,-2.62814e-08,0.383088,1,0
6.16211,0.185547,1.00042,-3.35269e-08,0.383088,1,0
6.14258,0.205078,1.00014,-4.08538e-08,0.385039,1,0
6.14258,0.224609,0.999598,-4.80115e-08,0.385039,1,0
6.16211,0.205078,1.00014,-4.09307e-08,0.383088,1,0
6.16211,0.224609,0.999598,-4.80045e-08,0.383088,1,0
6.10352,0.244141,0.998585,-5.43771e-08,0.388941,1,0
6.10352,0.263672,0.996744,-5.93931e-08,0.388941,1,0
6.12305,0.244141,0.998585,-5.43511e-08,0.38699,1,0
6.12305,0.263672,0.996744,-5.92585e-08,0.38699,1,0
6.10352,0.283203,0.993494,-6.23579e-08,0.388941,1,0
6.10352,0.302734,0.987915,-6.28038e-08,0.388941,1,0
6.12305,0.283203,0.993494,-6.21219e-08,0.38699,1,0
6.12305,0.302734,0.987915,-6.24852e-08,0.38699,1,0
6.14258,0.244141,0.998585,-5.42864e-08,0.385039,1,0
6.14258,0.263672,0.996744,-5.90912e-08,0.385039,1,0
6.16211,0.244141,0.998585,-5.41848e-08,0.383088,1,0
6.16211,0.263672,0.996744,-5.88931e-08,0.383088,1,0
6.14258,0.283203,0.993494,-6.18599e-08,0.385039,1,0
6.14258,0.302734,0.987915,-6.21472e-08,0.385039,1,0
6.16211,0.283203,0.993494,-6.15734e-08,0.383088,1,0
6.16211,0.302734,0.987915,-6.1791e-08,0.383088,1,0
6.18164,0.166016,1.00056,-2.64256e-08,0.381136,1,0
6.18164,0.185547,1.00042,-3.36257e-08,0.381136,1,0
6.20117,0.166016,1.00056,-2.65277e-08,0.379185,1,0
6.20117,0.185547,1.00042,-3.36824e-08,0.379185,1,0
6.18164,0.205078,1.00014,-4.09645e-08,0.381137,1,0
6.18164,0.224609,0.999598,-4.79579e-08,0.381137,1,0
6.20117,0.205078,1.00014,-4.0958e-08,0.379185,1,0
6.20117,0.224609,0.999598,-4.78743e-08,0.379185,1,0
6.2207,0.166016,1.00056,-2.65908e-08,0.377234,1,0
6.2207,0.185547,1.00042,-3.37001e-08,0.377234,1,0
6.24023,0.166016,1.00056,-2.6618e-08,0.375283,1,0
6.24023,0.185547,1.00042,-3.36817e-08,0.375283,1,0
6.2207,0.205078,1.00014,-4.09142e-08,0.377234,1,0
6.2207,0.224609,0.999598,-4.77564e-08,0.377234,1,0
6.24023,0.205078,1.00014,-4.08359e-08,0.375283,1,0
6.24023,0.224609,0.999598,-4.76071e-08,0.375283,1,0
6.18164,0.244141,0.998585,-5.40484e-08,0.381137,1,0
6.18164,0.263672,0.996744,-5.86659e-08,0.381137,1,0
6.20117,0.244141,0.998585,-5.38796e-08,0.379185,1,0
6.20117,0.263672,0.996744,-5.84117e-08,0.379185,1,0
6.18164,0.283203,0.993494,-6.12641e-08,0.381137,1,0
6.18164,0.302734,0.987915,-6.14181e-08,0.381137,1,0
6.20117,0.283203,0.993494,-6.09336e-08,0.379185,1,0
6.20117,0.302734,0.987915,-6.10298e-08,0.379185,1,0
6.2207,0.244141,0.998585,-5.36809e-08,0.377234,1,0
6.2207,0.263672,0.996744,-5.81328e-08,0.377234,1,0
6.24023,0.244141,0.998585,-5.34548e-08,0.375283,1,0
6.24023,0.263672,0.996744,-5.78313e-08,0.375283,1,0
6.2207,0.283203,0.993494,-6.05839e-08,0.377234,1,0
6.2207,0.302734,0.987915,-6.06277e-08,0.377234,1,0
6.24023,0.283203,0.993494,-6.02168e-08,0.375283,1,0
6.24023,0.302734,0.987915,-6.02131e-08,0.375283,1,0
5.94727,0.322266,0.978612,-6.28602e-08,0.404549,1,0
5.94727,0.341797,0.963538,-5.80932e-08,0.404549,1,0
5.9668,0.322266,0.978612,-6.2618e-08,0.402598,1,0
5.9668,0.341797,0.963538,-5.77898e-08,0.402598,1,0
5.94727,0.361328,0.939795,-5.05981e-08,0.404549,1,0
5.94727,0.380859,0.903438,-4.11827e-08,0.404549,1,0
5.9668,0.361328,0.939795,-5.02791e-08,0.402598,1,0
5.9668,0.380859,0.903438,-4.08871e-08,0.402598,1,0
5.98633,0.322266,0.978612,-6.23588e-08,0.400647,1,0
5.98633,0.341797,0.963538,-5.74746e-08,0.400647,1,0
6.00586,0.322266,0.978612,-6.20826e-08,0.398696,1,0
6.00586,0.341797,0.963538,-5.71476e-08,0.398696,1,0
5.98633,0.361328,0.939795,-4.99525e-08,0.400647,1,0
5.98633,0.380859,0.903438,-4.05901e-08,0.400647,1,0
6.00586,0.361328,0.939795,-4.96182e-08,0.398696,1,0
6.00586,0.380859,0.903438,-4.02853e-08,0.398696,1,0
5.94727,0.400391,0.849289,-3.08407e-08,0.404549,1,0
5.94727,0.419922,0.770805,-2.08447e-08,0.404549,1,0
5.9668,0.400391,0.849289,-3.06083e-08,0.402598,1,0
5.9668,0.419922,0.770805,-2.06673e-08,0.402598,1,0
5.94727,0.439453,0.660031,-1.20428e-08,0.404549,1,0
5.94727,0.458984,0.507662,-5.42198e-09,0.404549,1,0
5.9668,0.439453,0.660031,-1.19401e-08,0.402598,1,0
5.9668,0.458984,0.507662,-5.38895e-09,0.402598,1,0
5.98633,0.400391,0.849289,-3.036e-08,0.400647,1,0
5.98633,0.419922,0.770805,-2.05043e-08,0.400647,1,0
6.00586,0.400391,0.849289,-3.01231e-08,0.398696,1,0
6.00586,0.419922,0.770805,-2.03244e-08,0.398696,1,0
5.98633,0.439453,0.660031,-1.18421e-08,0.400647,1,0
5.98633,0.458984,0.507662,-5.33305e-09,0.400647,1,0
6.00586,0.439453,0.660031,-1.17382e-08,0.398696,1,0
6.00586,0.458984,0.507662,-5.29987e-09,0.398696,1,0
6.02539,0.322266,0.978612,-6.17892e-08,0.396745,1,0
6.02539,0.341797,0.963538,-5.68089e-08,0.396745,1,0
6.04492,0.322266,0.978612,-6.1479e-08,0.394794,1,0
6.04492,0.341797,0.963538,-5.64588e-08,0.394794,1,0
6.02539,0.361328,0.939795,-4.92765e-08,0.396745,1,0
6.02539,0.380859,0.903438,-3.99798e-08,0.396745,1,0
6.04492,0.361328,0.939795,-4.89277e-08,0.394794,1,0
6.04492,0.380859,0.903438,-3.96668e-08,0.394794,1,0
6.06445,0.322266,0.978612,-6.11523e-08,0.392843,1,0
6.06445,0.341797,0.963538,-5.60976e-08,0.392843,1,0
6.08398,0.322266,0.978612,-6.08096e-08,0.390892,1,0
6.08398,0.341797,0.963538,-5.5726e-08,0.390892,1,0
6.06445,0.361328,0.939795,-4.85723e-08,0.392843,1,0
6.06445,0.380859,0.903438,-3.93538e-08,0.392843,1,0
6.08398,0.361328,0.939795,-4.82106e-08,0.390892,1,0
6.08398,0.380859,0.903438,-3.90339e-08,0.390892,1,0
6.02539,0.400391,0.849289,-2.98702e-08,0.396745,1,0
6.02539,0.419922,0.770805,-2.01595e-08,0.396745,1,0
6.04492,0.400391,0.849289,-2.96295e-08,0.394794,1,0
6.04492,0.419922,0.770805,-1.99775e-08,0.394794,1,0
6.02539,0.439453,0.660031,-1.16393e-08,0.396745,1,0
6.02539,0.458984,0.507662,-5.24312e-09,0.396745,1,0
6.04492,0.439453,0.660031,-1.15345e-08,0.394794,1,0
6.04492,0.458984,0.507662,-5.20983e-09,0.394794,1,0
6.06445,0.400391,0.849289,-2.93726e-08,0.392843,1,0
6.06445,0.419922,0.770805,-1.98112e-08,0.392843,1,0
6.08398,0.400391,0.849289,-2.91289e-08,0.390892,1,0
6.08398,0.419922,0.770805,-1.96275e-08,0.390892,1,0
6.06445,0.439453,0.660031,-1.1435e-08,0.392843,1,0
6.06445,0.458984,0.507662,-5.15231e-09,0.392843,1,0
6.08398,0.439453,0.660031,-1.13294e-08,0.390892,1,0
6.08398,0.458984,0.507662,-5.11903e-09,0.390892,1,0
5.94727,0.478516,0.303225,-9.97394e-10,0.404549,1,0
5.94727,0.498047,0.0353822,5.75833e-10,0.404549,0.6,0
5.9668,0.478516,0.303225,-9.8466e-10,0.402598,1,0
5.9668,0.498047,0.0353822,5.72519e-10,0.402598,0.6,0
5.98633,0.478516,0.303225,-9.8405e-10,0.400647,1,0
5.98633,0.498047,0.0353822,5.63862e-10,0.400647,0.6,0
6.00586,0.478516,0.303225,-9.71048e-10,0.398696,1,0
6.00586,0.498047,0.0353822,5.60447e-10,0.398696,0.6,0
6.02539,0.478516,0.303225,-9.70484e-10,0.396745,1,0
6.02539,0.498047,0.0353822,5.51545e-10,0.396745,0.6,0
6.04492,0.478516,0.303225,-9.57185e-10,0.394794,1,0
6.04492,0.498047,0.0353822,5.48084e-10,0.394794,0.6,0
6.06445,0.478516,0.303225,-9.56663e-10,0.392843,1,0
6.06445,0.498047,0.0353822,5.38985e-10,0.392843,0.6,0
6.08398,0.478516,0.303225,-9.43074e-10,0.390892,1,0
6.08398,0.498047,0.0353822,5.35526e-10,0.390892,0.6,0
6.10352,0.322266,0.978612,-6.04517e-08,0.388941,1,0
6.10352,0.341797,0.963538,-5.53445e-08,0.388941,1,0
6.12305,0.322266,0.978612,-6.00794e-08,0.38699,1,0
6.12305,0.341797,0.963538,-5.49538e-08,0.38699,1,0
6.10352,0.361328,0.939795,-4.78432e-08,0.388941,1,0
6.10352,0.380859,0.903438,-3.87147e-08,0.388941,1,0
6.12305,0.361328,0.939795,-4.74705e-08,0.38699,1,0
6.12305,0.380859,0.903438,-3.83893e-08,0.38699,1,0
6.14258,0.322266,0.978612,-5.96937e-08,0.385039,1,0
6.14258,0.341797,0.963538,-5.45547e-08,0.385039,1,0
6.16211,0.322266,0.978612,-5.92957e-08,0.383088,1,0
6.16211,0.341797,0.963537,-5.41481e-08,0.383088,1,0
6.14258,0.361328,0.939795,-4.70933e-08,0.385039,1,0
6.14258,0.380859,0.903438,-3.80656e-08,0.385039,1,0
6.16211,0.361328,0.939795,-4.67121e-08,0.383088,1,0
6.16211,0.380859,0.903438,-3.77362e-08,0.383088,1,0
6.10352,0.400391,0.849289,-2.88691e-08,0.388941,1,0
6.10352,0.419922,0.770805,-1.94605e-08,0.388941,1,0
6.12305,0.400391,0.849289,-2.86234e-08,0.38699,1,0
6.12305,0.419922,0.770805,-1.92757e-08,0.38699,1,0
6.10352,0.439453,0.660031,-1.12296e-08,0.388941,1,0
6.10352,0.458984,0.507662,-5.06086e-09,0.388941,1,0
6.12305,0.439453,0.660031,-1.11236e-08,0.38699,1,0
6.12305,0.458984,0.507662,-5.02773e-09,0.38699,1,0
6.14258,0.400391,0.849289,-2.83615e-08,0.385039,1,0
6.14258,0.419922,0.770805,-1.91084e-08,0.385039,1,0
6.16211,0.400391,0.849289,-2.81148e-08,0.383088,1,0
6.16211,0.419922,0.770805,-1.8923e-08,0.383088,1,0
6.14258,0.439453,0.660031,-1.10237e-08,0.385039,1,0
6.14258,0.458984,0.507662,-4.96905e-09,0.385039,1,0
6.16211,0.439453,0.660031,-1.09176e-08,0.383088,1,0
6.16211,0.458984,0.507662,-4.93623e-09,0.383088,1,0
6.18164,0.322266,0.978612,-5.88863e-08,0.381137,1,0
6.18164,0.341797,0.963537,-5.37346e-08,0.381137,1,0
6.20117,0.322266,0.978612,-5.84668e-08,0.379185,1,0
6.20117,0.341797,0.963537,-5.33152e-08,0.379185,1,0
6.18164,0.361328,0.939795,-4.63273e-08,0.381137,1,0
6.18164,0.380859,0.903438,-3.74094e-08,0.381137,1,0
6.20117,0.361328,0.939795,-4.59396e-08,0.379185,1,0
6.20117,0.380859,0.903438,-3.70775e-08,0.379185,1,0
6.2207,0.322266,0.978612,-5.80383e-08,0.377234,1,0
6.2207,0.341797,0.963537,-5.28906e-08,0.377234,1,0
6.24023,0.322266,0.978612,-5.76017e-08,0.375283,1,0
6.24023,0.341797,0.963537,-5.24615e-08,0.375283,1,0
6.2207,0.361328,0.939795,-4.55495e-08,0.377234,1,0
6.2207,0.380859,0.903438,-3.67489e-08,0.377234,1,0
6.24023,0.361328,0.939795,-4.51574e-08,0.375283,1,0
6.24023,0.380859,0.903438,-3.64157e-08,0.375283,1,0
6.18164,0.400391,0.849289,-2.78518e-08,0.381137,1,0
6.18164,0.419922,0.770805,-1.87559e-08,0.381137,1,0
6.20117,0.400391,0.849289,-2.76048e-08,0.379185,1,0
6.20117,0.419922,0.770805,-1.85705e-08,0.379185,1,0
6.18164,0.439453,0.660031,-1.08179e-08,0.381137,1,0
6.18164,0.458984,0.507662,-4.87718e-09,0.381137,1,0
6.20117,0.439453,0.660031,-1.0712e-08,0.379185,1,0
6.20117,0.458984,0.507662,-4.8448e-09,0.379185,1,0
6.2207,0.400391,0.849289,-2.73415e-08,0.377234,1,0
6.2207,0.419922,0.770805,-1.84042e-08,0.377234,1,0
6.24023,0.400391,0.849289,-2.7095e-08,0.375283,1,0
6.24023,0.419922,0.770805,-1.82191e-08,0.375283,1,0
6.2207,0.439453,0.660031,-1.06127e-08,0.377234,1,0
6.2207,0.458984,0.507662,-4.7855e-09,0.377234,1,0
6.24023,0.439453,0.660031,-1.05072e-08,0.375283,1,0
6.24023,0.458984,0.507662,-4.75367e-09,0.375283,1,0
6.10352,0.478516,0.303225,-9.42616e-10,0.388941,1,0
6.10352,0.498047,0.0353822,5.26272e-10,0.388941,0.6,0
6.12305,0.478516,0.303225,-9.28767e-10,0.38699,1,0
6.12305,0.498047,0.0353822,5.22854e-10,0.38699,0.6,0
6.14258,0.478516,0.303225,-9.28412e-10,0.385039,1,0
6.14258,0.498047,0.0353822,5.13479e-10,0.385039,0.6,0
6.16211,0.478516,0.303225,-9.14337e-10,0.383088,1,0
6.16211,0.498047,0.0353822,5.10132e-10,0.383088,0.6,0
6.18164,0.478516,0.303225,-9.1412e-10,0.381137,1,0
6.18164,0.498047,0.0353822,5.0066e-10,0.381137,0.6,0
6.20117,0.478516,0.303225,-8.99847e-10,0.379185,1,0
6.20117,0.498047,0.0353822,4.97406e-10,0.379185,0.6,0
6.2207,0.478516,0.303225,-8.99798e-10,0.377234,1,0
6.2207,0.498047,0.0353822,4.87852e-10,0.377234,0.6,0
6.24023,0.478516,0.303225,-8.85344e-10,0.375283,1,0
6.24023,0.498047,0.0353822,4.84706e-10,0.375283,0.6,0
6.25977,0.00976562,1.00069,-4.04441e-10,0.373332,1,0
6.25977,0.0292969,1.00069,-8.97129e-10,0.373332,1,0
6.2793,0.00976562,1.00069,-3.99384e-10,0.371381,1,0
6.2793,0.0292969,1.00069,-8.92629e-10,0.371381,1,0
6.25977,0.0488281,1.00069,-1.68195e-09,0.373332,1,0
6.25977,0.0683594,1.00069,-3.34355e-09,0.373332,1,0
6.2793,0.0488281,1.00069,-1.68606e-09,0.371381,1,0
6.2793,0.0683594,1.00069,-3.35652e-09,0.371381,1,0
6.29883,0.00976562,1.00069,-3.92678e-10,0.36943,1,0
6.29883,0.0292969,1.00069,-8.83746e-10,0.36943,1,0
6.31836,0.00976562,1.00069,-3.84562e-10,0.367479,1,0
6.31836,0.0292969,1.00069,-8.71075e-10,0.367479,1,0
6.29883,0.0488281,1.00069,-1.68251e-09,0.36943,1,0
6.29883,0.0683594,1.00069,-3.35772e-09,0.36943,1,0
6.31836,0.0488281,1.00069,-1.67226e-09,0.367479,1,0
6.31836,0.0683594,1.00069,-3.34858e-09,0.367479,1,0
6.25977,0.0878906,1.00069,-5.90594e-09,0.373332,1,0
6.25977,0.107422,1.00068,-9.58667e-09,0.373332,1,0
6.2793,0.0878906,1.00069,-5.92706e-09,0.371381,1,0
6.2793,0.107422,1.00068,-9.60956e-09,0.371381,1,0
6.25977,0.126953,1.00067,-1.43301e-08,0.373332,1,0
6.25977,0.146484,1.00063,-2.0082e-08,0.373332,1,0
6.2793,0.126953,1.00067,-1.43459e-08,0.371381,1,0
6.2793,0.146484,1.00063,-2.00789e-08,0.371381,1,0
6.29883,0.0878906,1.00069,-5.93235e-09,0.36943,1,0
6.29883,0.107422,1.00068,-9.61271e-09,0.36943,1,0
6.31836,0.0878906,1.00069,-5.92366e-09,0.367479,1,0
6.31836,0.107422,1.00068,-9.59836e-09,0.367479,1,0
6.29883,0.126953,1.00067,-1.43389e-08,0.36943,1,0
6.29883,0.146484,1.00063,-2.00505e-08,0.36943,1,0
6.31836,0.126953,1.00067,-1.43114e-08,0.367479,1,0
6.31836,0.146484,1.00063,-1.99994e-08,0.367479,1,0
6.33789,0.00976562,1.00069,-3.7524e-10,0.365528,1,0
6.33789,0.0292969,1.00069,-8.55138e-10,0.365528,1,0
6.35742,0.00976562,1.00069,-3.64891e-10,0.363577,1,0
6.35742,0.0292969,1.00069,-8.36378e-10,0.363577,1,0
6.33789,0.0488281,1.00069,-1.65617e-09,0.365528,1,0
6.33789,0.0683594,1.00069,-3.33038e-09,0.365528,1,0
6.35742,0.0488281,1.00069,-1.63498e-09,0.363577,1,0
6.35742,0.0683594,1.00069,-3.3042e-09,0.363577,1,0
6.37695,0.00976562,1.00069,-3.53661e-10,0.361626,1,0
6.37695,0.0292969,1.00069,-8.15164e-10,0.361626,1,0
6.39648,0.00976562,1.00069,-3.41675e-10,0.359675,1,0
6.39648,0.0292969,1.00069,-7.91804e-10,0.359675,1,0
6.37695,0.0488281,1.00069,-1.60931e-09,0.361626,1,0
6.37695,0.0683594,1.00069,-3.27097e-09,0.361626,1,0
6.39648,0.0488281,1.00069,-1.57967e-09,0.359675,1,0
6.39648,0.0683594,1.00069,-3.23146e-09,0.359675,1,0
6.33789,0.0878906,1.00069,-5.90264e-09,0.365528,1,0
6.33789,0.107422,1.00068,-9.5685e-09,0.365528,1,0
6.35742,0.0878906,1.00069,-5.87073e-09,0.363577,1,0
6.35742,0.107422,1.00068,-9.52489e-09,0.363577,1,0
6.33789,0.126953,1.00067,-1.42657e-08,0.365528,1,0
6.33789,0.146484,1.00063,-1.99282e-08,0.365528,1,0
6.35742,0.126953,1.00067,-1.42039e-08,0.363577,1,0
6.35742,0.146484,1.00063,-1.98391e-08,0.363577,1,0
6.37695,0.0878906,1.00069,-5.82913e-09,0.361626,1,0
6.37695,0.107422,1.00068,-9.46902e-09,0.361626,1,0
6.39648,0.0878906,1.00069,-5.77888e-09,0.359675,1,0
6.39648,0.107422,1.00068,-9.40217e-09,0.359675,1,0
6.37695,0.126953,1.00067,-1.41276e-08,0.361626,1,0
6.37695,0.146484,1.00063,-1.97338e-08,0.361626,1,0
6.39648,0.126953,1.00067,-1.40384e-08,0.359675,1,0
6.39648,0.146484,1.00063,-1.96141e-08,0.359675,1,0
6.25977,0.166016,1.00056,-2.66123e-08,0.373332,1,0
6.25977,0.185547,1.00042,-3.36307e-08,0.373332,1,0
6.2793,0.166016,1.00056,-2.65771e-08,0.371381,1,0
6.2793,0.185547,1.00042,-3.355e-08,0.371381,1,0
6.25977,0.205078,1.00014,-4.07263e-08,0.373332,1,0
6.25977,0.224609,0.999598,-4.74291e-08,0.373332,1,0
6.2793,0.205078,1.00014,-4.05883e-08,0.371381,1,0
6.2793,0.224609,0.999598,-4.72252e-08,0.371381,1,0
6.29883,0.166016,1.00056,-2.65154e-08,0.36943,1,0
6.29883,0.185547,1.00042,-3.34427e-08,0.36943,1,0
6.31836,0.166016,1.00056,-2.64298e-08,0.367479,1,0
6.31836,0.185547,1.00042,-3.33115e-08,0.367479,1,0
6.29883,0.205078,1.00014,-4.04249e-08,0.36943,1,0
6.29883,0.224609,0.999598,-4.69981e-08,0.36943,1,0
6.31836,0.205078,1.00014,-4.02386e-08,0.367479,1,0
6.31836,0.224609,0.999598,-4.675e-08,0.367479,1,0
6.25977,0.244141,0.998585,-5.32038e-08,0.373332,1,0
6.25977,0.263672,0.996744,-5.75093e-08,0.373332,1,0
6.2793,0.244141,0.998585,-5.29303e-08,0.371381,1,0
6.2793,0.263672,0.996744,-5.71689e-08,0.371381,1,0
6.25977,0.283203,0.993494,-5.98339e-08,0.373332,1,0
6.25977,0.302734,0.987915,-5.97874e-08,0.373332,1,0
6.2793,0.283203,0.993494,-5.9437e-08,0.371381,1,0
6.2793,0.302734,0.987915,-5.93518e-08,0.371381,1,0
6.29883,0.244141,0.998585,-5.26366e-08,0.36943,1,0
6.29883,0.263672,0.996744,-5.68121e-08,0.36943,1,0
6.31836,0.244141,0.998585,-5.23249e-08,0.367479,1,0
6.31836,0.263672,0.996744,-5.64406e-08,0.367479,1,0
6.29883,0.283203,0.993494,-5.90276e-08,0.36943,1,0
6.29883,0.302734,0.987915,-5.89077e-08,0.36943,1,0
6.31836,0.283203,0.993494,-5.86071e-08,0.367479,1,0
6.31836,0.302734,0.987915,-5.8456e-08,0.367479,1,0
6.33789,0.166016,1.00056,-2.63231e-08,0.365528,1,0
6.33789,0.185547,1.00042,-3.3159e-08,0.365528,1,0
6.35742,0.166016,1.00056,-2.61974e-08,0.363577,1,0
6.35742,0.185547,1.00042,-3.29874e-08,0.363577,1,0
6.33789,0.205078,1.00014,-4.00318e-08,0.365528,1,0
6.33789,0.224609,0.999598,-4.64833e-08,0.365528,1,0
6.35742,0.205078,1.00014,-3.98067e-08,0.363577,1,0
6.35742,0.224609,0.999598,-4.61999e-08,0.363577,1,0
6.37695,0.166016,1.00056,-2.60546e-08,0.361626,1,0
6.37695,0.185547,1.00042,-3.27986e-08,0.361626,1,0
6.39648,0.166016,1.00056,-2.58965e-08,0.359675,1,0
6.39648,0.185547,1.00042,-3.25943e-08,0.359675,1,0
6.37695,0.205078,1.00014,-3.95651e-08,0.361626,1,0
6.37695,0.224609,0.999598,-4.59014e-08,0.361626,1,0
6.39648,0.205078,1.00014,-3.93087e-08,0.359675,1,0
6.39648,0.224609,0.999598,-4.55893e-08,0.359675,1,0
6.33789,0.244141,0.998585,-5.1997e-08,0.365528,1,0
6.33789,0.263672,0.996744,-5.6056e-08,0.365528,1,0
6.35742,0.244141,0.998585,-5.16547e-08,0.363577,1,0
6.35742,0.263672,0.996744,-5.56597e-08,0.363577,1,0
6.33789,0.283203,0.993494,-5.81768e-08,0.365528,1,0
6.33789,0.302734,0.987915,-5.79977e-08,0.365528,1,0
6.35742,0.283203,0.993494,-5.77379e-08,0.363577,1,0
6.35742,0.302734,0.987915,-5.75336e-08,0.363577,1,0
6.37695,0.244141,0.998585,-5.12994e-08,0.361626,1,0
6.37695,0.263672,0.996744,-5.5253e-08,0.361626,1,0
6.39648,0.244141,0.998585,-5.09324e-08,0.359675,1,0
6.39648,0.263672,0.996744,-5.4837e-08,0.359675,1,0
6.37695,0.283203,0.993494,-5.72913e-08,0.361626,1,0
6.37695,0.302734,0.987915,-5.70646e-08,0.361626,1,0
6.39648,0.283203,0.993494,-5.68379e-08,0.359675,1,0
6.39648,0.302734,0.987915,-5.65913e-08,0.359675,1,0
6.41602,0.00976562,1.00069,-3.29037e-10,0.357724,1,0
6.41602,0.0292969,1.00069,-7.66555e-10,0.357724,1,0
6.43555,0.00976562,1.00069,-3.1584e-10,0.355773,1,0
6.43555,0.0292969,1.00069,-7.39641e-10,0.355773,1,0
6.41602,0.0488281,1.00069,-1.54648e-09,0.357724,1,0
6.41602,0.0683594,1.00069,-3.18633e-09,0.357724,1,0
6.43555,0.0488281,1.00069,-1.51012e-09,0.355773,1,0
6.43555,0.0683594,1.00069,-3.13614e-09,0.355773,1,0
6.45508,0.00976562,1.00069,-3.02166e-10,0.353822,1,0
6.45508,0.0292969,1.00069,-7.11266e-10,0.353822,1,0
6.47461,0.00976562,1.00069,-2.88095e-10,0.351871,1,0
6.47461,0.0292969,1.00069,-6.81628e-10,0.351871,1,0
6.45508,0.0488281,1.00069,-1.47093e-09,0.353822,1,0
6.45508,0.0683594,1.00069,-3.0814e-09,0.353822,1,0
6.47461,0.0488281,1.00069,-1.42925e-09,0.351871,1,0
6.47461,0.0683594,1.00069,-3.02261e-09,0.351871,1,0
6.41602,0.0878906,1.00069,-5.72085e-09,0.357724,1,0
6.41602,0.107422,1.00068,-9.3254e-09,0.357724,1,0
6.43555,0.0878906,1.00069,-5.65578e-09,0.355773,1,0
6.43555,0.107422,1.00068,-9.23966e-09,0.355773,1,0
6.41602,0.126953,1.00067,-1.39374e-08,0.357724,1,0
6.41602,0.146484,1.00063,-1.94813e-08,0.357724,1,0
6.43555,0.126953,1.00067,-1.38258e-08,0.355773,1,0
6.43555,0.146484,1.00063,-1.93366e-08,0.355773,1,0
6.45508,0.0878906,1.00069,-5.58435e-09,0.353822,1,0
6.45508,0.107422,1.00068,-9.14581e-09,0.353822,1,0
6.47461,0.0878906,1.00069,-5.50723e-09,0.351871,1,0
6.47461,0.107422,1.00068,-9.04466e-09,0.351871,1,0
6.45508,0.126953,1.00067,-1.37046e-08,0.353822,1,0
6.45508,0.146484,1.00063,-1.91811e-08,0.353822,1,0
6.47461,0.126953,1.00067,-1.35747e-08,0.351871,1,0
6.47461,0.146484,1.00063,-1.90159e-08,0.351871,1,0
6.49414,0.00976562,1.00069,-2.73707e-10,0.34992,1,0
6.49414,0.0292969,1.00069,-6.50928e-10,0.34992,1,0
6.51367,0.00976562,1.00069,-2.59082e-10,0.347969,1,0
6.51367,0.0292969,1.00069,-6.19371e-10,0.347969,1,0
6.49414,0.0488281,1.00069,-1.3854e-09,0.34992,1,0
6.49414,0.0683594,1.00069,-2.96025e-09,0.34992,1,0
6.51367,0.0488281,1.00069,-1.33973e-09,0.347969,1,0
6.51367,0.0683594,1.00069,-2.89485e-09,0.347969,1,0
6.5332,0.00976562,1.00069,-2.44303e-10,0.346018,1,0
6.5332,0.0292969,1.00069,-5.87172e-10,0.346018,1,0
6.55273,0.00976562,1.00069,-2.29449e-10,0.344067,1,0
6.55273,0.0292969,1.00069,-5.54545e-10,0.344067,1,0
6.5332,0.0488281,1.00069,-1.29259e-09,0.346018,1,0
6.5332,0.0683594,1.00069,-2.82694e-09,0.346018,1,0
6.55273,0.0488281,1.00069,-1.24437e-09,0.344067,1,0
6.55273,0.0683594,1.00069,-2.75705e-09,0.344067,1,0
6.49414,0.0878906,1.00069,-5.42507e-09,0.34992,1,0
6.49414,0.107422,1.00068,-8.93702e-09,0.34992,1,0
6.51367,0.0878906,1.00069,-5.33853e-09,0.347969,1,0
6.51367,0.107422,1.00068,-8.82373e-09,0.347969,1,0
6.49414,0.126953,1.00067,-1.34371e-08,0.34992,1,0
6.49414,0.146484,1.00063,-1.88421e-08,0.34992,1,0
6.51367,0.126953,1.00067,-1.32927e-08,0.347969,1,0
6.51367,0.146484,1.00063,-1.86607e-08,0.347969,1,0
6.5332,0.0878906,1.00069,-5.24831e-09,0.346018,1,0
6.5332,0.107422,1.00068,-8.70562e-09,0.346018,1,0
6.55273,0.0878906,1.00069,-5.15513e-09,0.344067,1,0
6.55273,0.107422,1.00068,-8.58356e-09,0.344067,1,0
6.5332,0.126953,1.00067,-1.31425e-08,0.346018,1,0
6.5332,0.146484,1.00063,-1.84728e-08,0.346018,1,0
6.55273,0.126953,1.00067,-1.29876e-08,0.344067,1,0
6.55273,0.146484,1.00063,-1.82794e-08,0.344067,1,0
6.41602,0.166016,1.00056,-2.57245e-08,0.357724,1,0
6.41602,0.185547,1.00042,-3.2376e-08,0.357724,1,0
6.43555,0.166016,1.00056,-2.554e-08,0.355773,1,0
6.43555,0.185547,1.00042,-3.2145e-08,0.355773,1,0
6.41602,0.205078,1.00014,-3.90388e-08,0.357724,1,0
6.41602,0.224609,0.999598,-4.5265e-08,0.357724,1,0
6.43555,0.205078,1.00014,-3.87567e-08,0.355773,1,0
6.43555,0.224609,0.999598,-4.49297e-08,0.355773,1,0
6.45508,0.166016,1.00056,-2.5344e-08,0.353822,1,0
6.45508,0.185547,1.00042,-3.19026e-08,0.353822,1,0
6.47461,0.166016,1.00056,-2.51378e-08,0.351871,1,0
6.47461,0.185547,1.00042,-3.16499e-08,0.351871,1,0
6.45508,0.205078,1.00014,-3.84637e-08,0.353822,1,0
6.45508,0.224609,0.999598,-4.45846e-08,0.353822,1,0
6.47461,0.205078,1.00014,-3.81609e-08,0.351871,1,0
6.47461,0.224609,0.999598,-4.42307e-08,0.351871,1,0
6.41602,0.244141,0.998585,-5.05551e-08,0.357724,1,0
6.41602,0.263672,0.996744,-5.44127e-08,0.357724,1,0
6.43555,0.244141,0.998585,-5.01684e-08,0.355773,1,0
6.43555,0.263672,0.996744,-5.39811e-08,0.355773,1,0
6.41602,0.283203,0.993494,-5.63786e-08,0.357724,1,0
6.41602,0.302734,0.987915,-5.61143e-08,0.357724,1,0
6.43555,0.283203,0.993494,-5.59141e-08,0.355773,1,0
6.43555,0.302734,0.987915,-5.56343e-08,0.355773,1,0
6.45508,0.244141,0.998585,-4.97733e-08,0.353822,1,0
6.45508,0.263672,0.996744,-5.3543e-08,0.353822,1,0
6.47461,0.244141,0.998585,-4.93709e-08,0.351871,1,0
6.47461,0.263672,0.996744,-5.30993e-08,0.351871,1,0
6.45508,0.283203,0.993494,-5.54452e-08,0.353822,1,0
6.45508,0.302734,0.987915,-5.51518e-08,0.353822,1,0
6.47461,0.283203,0.993494,-5.49726e-08,0.351871,1,0
6.47461,0.302734,0.987915,-5.46674e-08,0.351871,1,0
6.49414,0.166016,1.00056,-2.49225e-08,0.34992,1,0
6.49414,0.185547,1.00042,-3.1388e-08,0.34992,1,0
6.51367,0.166016,1.00056,-2.46991e-08,0.347969,1,0
6.51367,0.185547,1.00042,-3.11181e-08,0.347969,1,0
6.49414,0.205078,1.00014,-3.78495e-08,0.34992,1,0
6.49414,0.224609,0.999598,-4.3869e-08,0.34992,1,0
6.51367,0.205078,1.00014,-3.75304e-08,0.347969,1,0
6.51367,0.224609,0.999598,-4.35006e-08,0.347969,1,0
6.5332,0.166016,1.00056,-2.44688e-08,0.346018,1,0
6.5332,0.185547,1.00042,-3.08412e-08,0.346018,1,0
6.55273,0.166016,1.00056,-2.42327e-08,0.344067,1,0
6.55273,0.185547,1.00042,-3.05586e-08,0.344067,1,0
6.5332,0.205078,1.00014,-3.72048e-08,0.346018,1,0
6.5332,0.224609,0.999598,-4.31265e-08,0.346018,1,0
6.55273,0.205078,1.00014,-3.68739e-08,0.344067,1,0
6.55273,0.224609,0.999598,-4.27477e-08,0.344067,1,0
6.49414,0.244141,0.998585,-4.89621e-08,0.34992,1,0
6.49414,0.263672,0.996744,-5.26509e-08,0.34992,1,0
6.51367,0.244141,0.998585,-4.85479e-08,0.347969,1,0
6.51367,0.263672,0.996744,-5.21984e-08,0.347969,1,0
6.49414,0.283203,0.993494,-5.44969e-08,0.34992,1,0
6.49414,0.302734,0.987915,-5.41815e-08,0.34992,1,0
6.51367,0.283203,0.993494,-5.40188e-08,0.347969,1,0
6.51367,0.302734,0.987915,-5.36947e-08,0.347969,1,0
6.5332,0.244141,0.998585,-4.8129e-08,0.346018,1,0
6.5332,0.263672,0.996744,-5.17428e-08,0.346018,1,0
6.55273,0.244141,0.998585,-4.77065e-08,0.344067,1,0
6.55273,0.263672,0.996744,-5.12846e-08,0.344067,1,0
6.5332,0.283203,0.993494,-5.35389e-08,0.346018,1,0
6.5332,0.302734,0.987915,-5.32074e-08,0.346018,1,0
6.55273,0.283203,0.993494,-5.30577e-08,0.344067,1,0
6.55273,0.302734,0.987915,-5.27201e-08,0.344067,1,0
6.25977,0.322266,0.978612,-5.71581e-08,0.373332,1,0
6.25977,0.341797,0.963537,-5.20287e-08,0.373332,1,0
6.2793,0.322266,0.978612,-5.67084e-08,0.371381,1,0
6.2793,0.341797,0.963537,-5.15927e-08,0.371381,1,0
6.25977,0.361328,0.939795,-4.47639e-08,0.373332,1,0
6.25977,0.380859,0.903438,-3.60866e-08,0.373332,1,0
6.2793,0.361328,0.939795,-4.43692e-08,0.371381,1,0
6.2793,0.380859,0.903438,-3.57532e-08,0.371381,1,0
6.29883,0.322266,0.978612,-5.62535e-08,0.36943,1,0
6.29883,0.341797,0.963537,-5.11542e-08,0.36943,1,0
6.31836,0.322266,0.978612,-5.57941e-08,0.367479,1,0
6.31836,0.341797,0.963537,-5.07136e-08,0.367479,1,0
6.29883,0.361328,0.939795,-4.39738e-08,0.36943,1,0
6.29883,0.380859,0.903438,-3.54245e-08,0.36943,1,0
6.31836,0.361328,0.939795,-4.3578e-08,0.367479,1,0
6.31836,0.380859,0.903438,-3.50918e-08,0.367479,1,0
6.25977,0.400391,0.849289,-2.6832e-08,0.373332,1,0
6.25977,0.419922,0.770805,-1.80539e-08,0.373332,1,0
6.2793,0.400391,0.849289,-2.65867e-08,0.371381,1,0
6.2793,0.419922,0.770805,-1.78695e-08,0.371381,1,0
6.25977,0.439453,0.660031,-1.04086e-08,0.373332,1,0
6.25977,0.458984,0.507662,-4.69421e-09,0.373332,1,0
6.2793,0.439453,0.660031,-1.03036e-08,0.371381,1,0
6.2793,0.458984,0.507662,-4.663e-09,0.371381,1,0
6.29883,0.400391,0.849289,-2.63246e-08,0.36943,1,0
6.29883,0.419922,0.770805,-1.77056e-08,0.36943,1,0
6.31836,0.400391,0.849289,-2.6081e-08,0.367479,1,0
6.31836,0.419922,0.770805,-1.75222e-08,0.367479,1,0
6.29883,0.439453,0.660031,-1.02057e-08,0.36943,1,0
6.29883,0.458984,0.507662,-4.60344e-09,0.36943,1,0
6.31836,0.439453,0.660031,-1.01014e-08,0.367479,1,0
6.31836,0.458984,0.507662,-4.57292e-09,0.367479,1,0
6.33789,0.322266,0.978612,-5.53309e-08,0.365528,1,0
6.33789,0.341797,0.963537,-5.02715e-08,0.365528,1,0
6.35742,0.322266,0.978612,-5.48645e-08,0.363577,1,0
6.35742,0.341797,0.963537,-4.98281e-08,0.363577,1,0
6.33789,0.361328,0.939795,-4.31821e-08,0.365528,1,0
6.33789,0.380859,0.903438,-3.47642e-08,0.365528,1,0
6.35742,0.361328,0.939795,-4.27863e-08,0.363577,1,0
6.35742,0.380859,0.903438,-3.44329e-08,0.363577,1,0
6.37695,0.322266,0.978612,-5.43956e-08,0.361626,1,0
6.37695,0.341797,0.963537,-4.9384e-08,0.361626,1,0
6.39648,0.322266,0.978612,-5.39245e-08,0.359675,1,0
6.39648,0.341797,0.963537,-4.89394e-08,0.359675,1,0
6.37695,0.361328,0.939795,-4.23908e-08,0.361626,1,0
6.37695,0.380859,0.903438,-3.41071e-08,0.361626,1,0
6.39648,0.361328,0.939795,-4.1996e-08,0.359675,1,0
6.39648,0.380859,0.903438,-3.37776e-08,0.359675,1,0
6.33789,0.400391,0.849289,-2.58202e-08,0.365528,1,0
6.33789,0.419922,0.770805,-1.736e-08,0.365528,1,0
6.35742,0.400391,0.849289,-2.55785e-08,0.363577,1,0
6.35742,0.419922,0.770805,-1.71776e-08,0.363577,1,0
6.33789,0.439453,0.660031,-1.00045e-08,0.365528,1,0
6.33789,0.458984,0.507662,-4.5133e-09,0.365528,1,0
6.35742,0.439453,0.660031,-9.90092e-09,0.363577,1,0
6.35742,0.458984,0.507662,-4.48352e-09,0.363577,1,0
6.37695,0.400391,0.849289,-2.53193e-08,0.361626,1,0
6.37695,0.419922,0.770805,-1.70172e-08,0.361626,1,0
6.39648,0.400391,0.849289,-2.508e-08,0.359675,1,0
6.39648,0.419922,0.770805,-1.68362e-08,0.359675,1,0
6.37695,0.439453,0.660031,-9.80503e-09,0.361626,1,0
6.37695,0.458984,0.507662,-4.42388e-09,0.361626,1,0
6.39648,0.439453,0.660031,-9.70228e-09,0.359675,1,0
6.39648,0.458984,0.507662,-4.39491e-09,0.359675,1,0
6.25977,0.478516,0.303225,-8.85476e-10,0.373332,1,0
6.25977,0.498047,0.0353822,4.75081e-10,0.373332,0.6,0
6.2793,0.478516,0.303225,-8.70844e-10,0.371381,1,0
6.2793,0.498047,0.0353822,4.72064e-10,0.371381,0.6,0
6.29883,0.478516,0.303225,-8.71144e-10,0.36943,1,0
6.29883,0.498047,0.0353822,4.62438e-10,0.36943,0.6,0
6.31836,0.478516,0.303225,-8.56381e-10,0.367479,1,0
6.31836,0.498047,0.0353822,4.59461e-10,0.367479,0.6,0
6.33789,0.478516,0.303225,-8.56906e-10,0.365528,1,0
6.33789,0.498047,0.0353822,4.49739e-10,0.365528,0.6,0
6.35742,0.478516,0.303225,-8.42001e-10,0.363577,1,0
6.35742,0.498047,0.0353822,4.46876e-10,0.363577,0.6,0
6.37695,0.478516,0.303225,-8.42767e-10,0.361626,1,0
6.37695,0.498047,0.0353822,4.37075e-10,0.361626,0.6,0
6.39648,0.478516,0.303225,-8.2774e-10,0.359675,1,0
6.39648,0.498047,0.0353822,4.34325e-10,0.359675,0.6,0
6.41602,0.322266,0.978612,-5.34517e-08,0.357724,1,0
6.41602,0.341797,0.963537,-4.84946e-08,0.357724,1,0
6.43555,0.322266,0.978612,-5.29778e-08,0.355773,1,0
6.43555,0.341797,0.963537,-4.805e-08,0.355773,1,0
6.41602,0.361328,0.939795,-4.16019e-08,0.357724,1,0
6.41602,0.380859,0.903438,-3.34541e-08,0.357724,1,0
6.43555,0.361328,0.939795,-4.12088e-08,0.355773,1,0
6.43555,0.380859,0.903438,-3.31269e-08,0.355773,1,0
6.45508,0.322266,0.978612,-5.2503e-08,0.353822,1,0
6.45508,0.341797,0.963537,-4.76058e-08,0.353822,1,0
6.47461,0.322266,0.978612,-5.20278e-08,0.351871,1,0
6.47461,0.341797,0.963537,-4.71622e-08,0.351871,1,0
6.45508,0.361328,0.939795,-4.08167e-08,0.353822,1,0
6.45508,0.380859,0.903438,-3.2806e-08,0.353822,1,0
6.47461,0.361328,0.939795,-4.0426e-08,0.351871,1,0
6.47461,0.380859,0.903438,-3.24815e-08,0.351871,1,0
6.41602,0.400391,0.849289,-2.48227e-08,0.357724,1,0
6.41602,0.419922,0.770805,-1.66777e-08,0.357724,1,0
6.43555,0.400391,0.849289,-2.45859e-08,0.355773,1,0
6.43555,0.419922,0.770805,-1.6498e-08,0.355773,1,0
6.41602,0.439453,0.660031,-9.60746e-09,0.357724,1,0
6.41602,0.458984,0.507662,-4.3353e-09,0.357724,1,0
6.43555,0.439453,0.660031,-9.5056e-09,0.355773,1,0
6.43555,0.458984,0.507662,-4.30717e-09,0.355773,1,0
6.45508,0.400391,0.849289,-2.43306e-08,0.353822,1,0
6.45508,0.419922,0.770805,-1.63415e-08,0.353822,1,0
6.47461,0.400391,0.849289,-2.40964e-08,0.351871,1,0
6.47461,0.419922,0.770805,-1.61632e-08,0.351871,1,0
6.45508,0.439453,0.660031,-9.41189e-09,0.353822,1,0
6.45508,0.458984,0.507662,-4.2476e-09,0.353822,1,0
6.47461,0.439453,0.660031,-9.31092e-09,0.351871,1,0
6.47461,0.458984,0.507662,-4.22031e-09,0.351871,1,0
6.49414,0.322266,0.978612,-5.15525e-08,0.34992,1,0
6.49414,0.341797,0.963537,-4.67195e-08,0.34992,1,0
6.51367,0.322266,0.978612,-5.10775e-08,0.347969,1,0
6.51367,0.341797,0.963537,-4.6278e-08,0.347969,1,0
6.49414,0.361328,0.939795,-4.00366e-08,0.34992,1,0
6.49414,0.380859,0.903438,-3.21635e-08,0.34992,1,0
6.51367,0.361328,0.939795,-3.96487e-08,0.347969,1,0
6.51367,0.380859,0.903438,-3.18419e-08,0.347969,1,0
6.5332,0.322266,0.978612,-5.06031e-08,0.346018,1,0
6.5332,0.341797,0.963537,-4.58377e-08,0.346018,1,0
6.55273,0.322266,0.978612,-5.01295e-08,0.344067,1,0
6.55273,0.341797,0.963537,-4.5399e-08,0.344067,1,0
6.5332,0.361328,0.939795,-3.92624e-08,0.346018,1,0
6.5332,0.380859,0.903438,-3.15271e-08,0.346018,1,0
6.55273,0.361328,0.939795,-3.88779e-08,0.344067,1,0
6.55273,0.380859,0.903438,-3.12086e-08,0.344067,1,0
6.49414,0.400391,0.849289,-2.38434e-08,0.34992,1,0
6.49414,0.419922,0.770805,-1.60088e-08,0.34992,1,0
6.51367,0.400391,0.849289,-2.3612e-08,0.347969,1,0
6.51367,0.419922,0.770805,-1.58319e-08,0.347969,1,0
6.49414,0.439453,0.660031,-9.21831e-09,0.34992,1,0
6.49414,0.458984,0.507662,-4.16073e-09,0.34992,1,0
6.51367,0.439453,0.660031,-9.11819e-09,0.347969,1,0
6.51367,0.458984,0.507662,-4.13417e-09,0.347969,1,0
6.5332,0.400391,0.849289,-2.33612e-08,0.346018,1,0
6.5332,0.419922,0.770805,-1.56796e-08,0.346018,1,0
6.55273,0.400391,0.849289,-2.31327e-08,0.344067,1,0
6.55273,0.419922,0.770805,-1.55042e-08,0.344067,1,0
6.5332,0.439453,0.660031,-9.02658e-09,0.346018,1,0
6.5332,0.458984,0.507662,-4.07433e-09,0.346018,1,0
6.55273,0.439453,0.660031,-8.92725e-09,0.344067,1,0
6.55273,0.458984,0.507662,-4.04825e-09,0.344067,1,0
6.41602,0.478516,0.303225,-8.28772e-10,0.357724,1,0
6.41602,0.498047,0.0353822,4.24437e-10,0.357724,0.6,0
6.43555,0.478516,0.303225,-8.13643e-10,0.355773,1,0
6.43555,0.498047,0.0353822,4.2178e-10,0.355773,0.6,0
6.45508,0.478516,0.303225,-8.1495e-10,0.353822,1,0
6.45508,0.498047,0.0353822,4.11777e-10,0.353822,0.6,0
6.47461,0.478516,0.303225,-7.99704e-10,0.351871,1,0
6.47461,0.498047,0.0353822,4.09152e-10,0.351871,0.6,0
6.49414,0.478516,0.303225,-8.01223e-10,0.34992,1,0
6.49414,0.498047,0.0353822,3.99016e-10,0.34992,0.6,0
6.51367,0.478516,0.303225,-7.85752e-10,0.347969,1,0
6.51367,0.498047,0.0353822,3.96398e-10,0.347969,0.6,0
6.5332,0.478516,0.303225,-7.87237e-10,0.346018,1,0
6.5332,0.498047,0.0353822,3.86463e-10,0.346018,0.6,0
6.55273,0.478516,0.303225,-7.71282e-10,0.344067,1,0
6.55273,0.498047,0.0353822,3.84222e-10,0.344067,0.6,0
6.57227,0.00976562,1.00069,-2.14599e-10,0.342116,1,0
6.57227,0.0292969,1.00069,-5.21697e-10,0.342116,1,0
6.5918,0.00976562,1.00069,-1.99822e-10,0.340165,1,0
6.5918,0.0292969,1.00069,-4.88811e-10,0.340165,1,0
6.57227,0.0488281,1.00069,-1.1954e-09,0.342116,1,0
6.57227,0.0683594,1.00069,-2.68572e-09,0.342116,1,0
6.5918,0.0488281,1.00069,-1.14603e-09,0.340165,1,0
6.5918,0.0683594,1.00069,-2.61348e-09,0.340165,1,0
6.61133,0.00976562,1.00069,-1.85177e-10,0.338214,1,0
6.61133,0.0292969,1.00069,-4.56039e-10,0.338214,1,0
6.63086,0.00976562,1.00069,-1.70776e-10,0.336263,1,0
6.63086,0.0292969,1.00069,-4.23595e-10,0.336263,1,0
6.61133,0.0488281,1.00069,-1.09657e-09,0.338214,1,0
6.61133,0.0683594,1.00069,-2.54081e-09,0.338214,1,0
6.63086,0.0488281,1.00069,-1.04731e-09,0.336263,1,0
6.63086,0.0683594,1.00069,-2.46819e-09,0.336263,1,0
6.57227,0.0878906,1.00069,-5.05968e-09,0.342116,1,0
6.57227,0.107422,1.00068,-8.4584e-09,0.342116,1,0
6.5918,0.0878906,1.00069,-4.96265e-09,0.340165,1,0
6.5918,0.107422,1.00068,-8.33098e-09,0.340165,1,0
6.57227,0.126953,1.00067,-1.28287e-08,0.342116,1,0
6.57227,0.146484,1.00063,-1.80816e-08,0.342116,1,0
6.5918,0.126953,1.00067,-1.2667e-08,0.340165,1,0
6.5918,0.146484,1.00063,-1.78805e-08,0.340165,1,0
6.61133,0.0878906,1.00069,-4.86468e-09,0.338214,1,0
6.61133,0.107422,1.00068,-8.20205e-09,0.338214,1,0
6.63086,0.0878906,1.00069,-4.76634e-09,0.336263,1,0
6.63086,0.107422,1.00068,-8.07229e-09,0.336263,1,0
6.61133,0.126953,1.00067,-1.25032e-08,0.338214,1,0
6.61133,0.146484,1.00063,-1.76768e-08,0.338214,1,0
6.63086,0.126953,1.00067,-1.23381e-08,0.336263,1,0
6.63086,0.146484,1.00063,-1.74715e-08,0.336263,1,0
6.65039,0.00976562,1.00069,-1.56954e-10,0.334312,1,0
6.65039,0.0292969,1.00069,-3.9201e-10,0.334312,1,0
6.66992,0.00976562,1.00069,-1.44177e-10,0.332361,1,0
6.66992,0.0292969,1.00069,-3.61984e-10,0.332361,1,0
6.65039,0.0488281,1.00069,-9.98648e-10,0.334312,1,0
6.65039,0.0683594,1.00069,-2.39597e-09,0.334312,1,0
6.66992,0.0488281,1.00069,-9.50941e-10,0.332361,1,0
6.66992,0.0683594,1.00069,-2.32436e-09,0.332361,1,0
6.68945,0.00976562,1.00069,-1.32391e-10,0.33041,1,0
6.68945,0.0292969,1.00069,-3.33511e-10,0.33041,1,0
6.70898,0.00976562,1.00069,-1.20734e-10,0.328459,1,0
6.70898,0.0292969,1.00069,-3.05548e-10,0.328459,1,0
6.68945,0.0488281,1.00069,-9.04237e-10,0.33041,1,0
6.68945,0.0683594,1.00069,-2.25339e-09,0.33041,1,0
6.70898,0.0488281,1.00069,-8.5822e-10,0.328459,1,0
6.70898,0.0683594,1.00069,-2.18292e-09,0.328459,1,0
6.65039,0.0878906,1.00069,-4.66804e-09,0.334312,1,0
6.65039,0.107422,1.00068,-7.9422e-09,0.334312,1,0
6.66992,0.0878906,1.00069,-4.56996e-09,0.332361,1,0
6.66992,0.107422,1.00068,-7.81203e-09,0.332361,1,0
6.65039,0.126953,1.00067,-1.21723e-08,0.334312,1,0
6.65039,0.146484,1.00063,-1.7265e-08,0.334312,1,0
6.66992,0.126953,1.00067,-1.2006e-08,0.332361,1,0
6.66992,0.146484,1.00063,-1.7058e-08,0.332361,1,0
6.68945,0.0878906,1.00069,-4.47216e-09,0.33041,1,0
6.68945,0.107422,1.00068,-7.68192e-09,0.33041,1,0
6.70898,0.0878906,1.00069,-4.37468e-09,0.328459,1,0
6.70898,0.107422,1.00068,-7.55194e-09,0.328459,1,0
6.68945,0.126953,1.00067,-1.18397e-08,0.33041,1,0
6.68945,0.146484,1.00063,-1.68507e-08,0.33041,1,0
6.70898,0.126953,1.00067,-1.16733e-08,0.328459,1,0
6.70898,0.146484,1.00063,-1.66431e-08,0.328459,1,0
6.57227,0.166016,1.00056,-2.3992e-08,0.342116,1,0
6.57227,0.185547,1.00042,-3.02713e-08,0.342116,1,0
6.5918,0.166016,1.00056,-2.37475e-08,0.340165,1,0
6.5918,0.185547,1.00042,-2.99803e-08,0.340165,1,0
6.57227,0.205078,1.00014,-3.65385e-08,0.342116,1,0
6.57227,0.224609,0.999598,-4.23652e-08,0.342116,1,0
6.5918,0.205078,1.00014,-3.61998e-08,0.340165,1,0
6.5918,0.224609,0.999598,-4.19798e-08,0.340165,1,0
6.61133,0.166016,1.00056,-2.35003e-08,0.338214,1,0
6.61133,0.185547,1.00042,-2.96865e-08,0.338214,1,0
6.63086,0.166016,1.00056,-2.32512e-08,0.336263,1,0
6.63086,0.185547,1.00042,-2.93907e-08,0.336263,1,0
6.61133,0.205078,1.00014,-3.58584e-08,0.338214,1,0
6.61133,0.224609,0.999598,-4.15923e-08,0.338214,1,0
6.63086,0.205078,1.00014,-3.55153e-08,0.336263,1,0
6.63086,0.224609,0.999598,-4.12034e-08,0.336263,1,0
6.57227,0.244141,0.998585,-4.72812e-08,0.342116,1,0
6.57227,0.263672,0.996744,-5.08247e-08,0.342116,1,0
6.5918,0.244141,0.998585,-4.68537e-08,0.340165,1,0
6.5918,0.263672,0.996744,-5.03636e-08,0.340165,1,0
6.57227,0.283203,0.993494,-5.25759e-08,0.342116,1,0
6.57227,0.302734,0.987915,-5.22331e-08,0.342116,1,0
6.5918,0.283203,0.993494,-5.20939e-08,0.340165,1,0
6.5918,0.302734,0.987915,-5.17468e-08,0.340165,1,0
6.61133,0.244141,0.998585,-4.64249e-08,0.338214,1,0
6.61133,0.263672,0.996744,-4.99019e-08,0.338214,1,0
6.63086,0.244141,0.998585,-4.59951e-08,0.336263,1,0
6.63086,0.263672,0.996744,-4.944e-08,0.336263,1,0
6.61133,0.283203,0.993494,-5.16122e-08,0.338214,1,0
6.61133,0.302734,0.987915,-5.12616e-08,0.338214,1,0
6.63086,0.283203,0.993494,-5.1131e-08,0.336263,1,0
6.63086,0.302734,0.987915,-5.07775e-08,0.336263,1,0
6.65039,0.166016,1.00056,-2.30008e-08,0.334312,1,0
6.65039,0.185547,1.00042,-2.90937e-08,0.334312,1,0
6.66992,0.166016,1.00056,-2.27496e-08,0.332361,1,0
6.66992,0.185547,1.00042,-2.87958e-08,0.332361,1,0
6.65039,0.205078,1.00014,-3.5171e-08,0.334312,1,0
6.65039,0.224609,0.999598,-4.08137e-08,0.334312,1,0
6.66992,0.205078,1.00014,-3.4826e-08,0.332361,1,0
6.66992,0.224609,0.999598,-4.04235e-08,0.332361,1,0
6.68945,0.166016,1.00056,-2.24979e-08,0.33041,1,0
6.68945,0.185547,1.00042,-2.84974e-08,0.33041,1,0
6.70898,0.166016,1.00056,-2.22461e-08,0.328459,1,0
6.70898,0.185547,1.00042,-2.81988e-08,0.328459,1,0
6.68945,0.205078,1.00014,-3.44806e-08,0.33041,1,0
6.68945,0.224609,0.999598,-4.00332e-08,0.33041,1,0
6.70898,0.205078,1.00014,-3.41351e-08,0.328459,1,0
6.70898,0.224609,0.999598,-3.9643e-08,0.328459,1,0
6.65039,0.244141,0.998585,-4.55651e-08,0.334312,1,0
6.65039,0.263672,0.996744,-4.89784e-08,0.334312,1,0
6.66992,0.244141,0.998585,-4.5135e-08,0.332361,1,0
6.66992,0.263672,0.996744,-4.85173e-08,0.332361,1,0
6.65039,0.283203,0.993494,-5.06506e-08,0.334312,1,0
6.65039,0.302734,0.987915,-5.02949e-08,0.334312,1,0
6.66992,0.283203,0.993494,-5.01714e-08,0.332361,1,0
6.66992,0.302734,0.987915,-4.98139e-08,0.332361,1,0
6.68945,0.244141,0.998585,-4.47051e-08,0.33041,1,0
6.68945,0.263672,0.996744,-4.80569e-08,0.33041,1,0
6.70898,0.244141,0.998585,-4.42758e-08,0.328459,1,0
6.70898,0.263672,0.996744,-4.75974e-08,0.328459,1,0
6.68945,0.283203,0.993494,-4.96934e-08,0.33041,1,0
6.68945,0.302734,0.987915,-4.93346e-08,0.33041,1,0
6.70898,0.283203,0.993494,-4.92167e-08,0.328459,1,0
6.70898,0.302734,0.987915,-4.88571e-08,0.328459,1,0
6.72852,0.00976562,1.00069,-1.08298e-10,0.326507,1,0
6.72852,0.0292969,1.00069,-2.76931e-10,0.326507,1,0
6.74805,0.00976562,1.00069,-9.49127e-11,0.324556,1,0
6.74805,0.0292969,1.00069,-2.47342e-10,0.324556,1,0
6.72852,0.0488281,1.00069,-8.1248e-10,0.326507,1,0
6.72852,0.0683594,1.00069,-2.11283e-09,0.326507,1,0
6.74805,0.0488281,1.00069,-7.66803e-10,0.324556,1,0
6.74805,0.0683594,1.00069,-2.04308e-09,0.324556,1,0
6.76758,0.00976562,1.00069,-8.1091e-11,0.322605,1,0
6.76758,0.0292969,1.00069,-2.17317e-10,0.322605,1,0
6.78711,0.00976562,1.00069,-6.762e-11,0.320654,1,0
6.78711,0.0292969,1.00069,-1.87737e-10,0.320654,1,0
6.76758,0.0488281,1.00069,-7.21272e-10,0.322605,1,0
6.76758,0.0683594,1.00069,-1.97376e-09,0.322605,1,0
6.78711,0.0488281,1.00069,-6.76071e-10,0.320654,1,0
6.78711,0.0683594,1.00069,-1.90496e-09,0.320654,1,0
6.72852,0.0878906,1.00069,-4.27756e-09,0.326507,1,0
6.72852,0.107422,1.00068,-7.4222e-09,0.326507,1,0
6.74805,0.0878906,1.00069,-4.1809e-09,0.324556,1,0
6.74805,0.107422,1.00068,-7.2928e-09,0.324556,1,0
6.72852,0.126953,1.00067,-1.1507e-08,0.326507,1,0
6.72852,0.146484,1.00063,-1.64356e-08,0.326507,1,0
6.74805,0.126953,1.00067,-1.13409e-08,0.324556,1,0
6.74805,0.146484,1.00063,-1.62283e-08,0.324556,1,0
6.76758,0.0878906,1.00069,-4.08478e-09,0.322605,1,0
6.76758,0.107422,1.00068,-7.16386e-09,0.322605,1,0
6.78711,0.0878906,1.00069,-3.98924e-09,0.320654,1,0
6.78711,0.107422,1.00068,-7.03545e-09,0.320654,1,0
6.76758,0.126953,1.00067,-1.11752e-08,0.322605,1,0
6.76758,0.146484,1.00063,-1.60211e-08,0.322605,1,0
6.78711,0.126953,1.00067,-1.10099e-08,0.320654,1,0
6.78711,0.146484,1.00063,-1.58143e-08,0.320654,1,0
6.80664,0.00976562,1.00069,-5.50028e-11,0.318703,1,0
6.80664,0.0292969,1.00069,-1.59101e-10,0.318703,1,0
6.82617,0.00976562,1.00069,-4.30247e-11,0.316752,1,0
6.82617,0.0292969,1.00069,-1.31135e-10,0.316752,1,0
6.80664,0.0488281,1.00069,-6.31233e-10,0.318703,1,0
6.80664,0.0683594,1.00069,-1.8367e-09,0.318703,1,0
6.82617,0.0488281,1.00069,-5.86712e-10,0.316752,1,0
6.82617,0.0683594,1.00069,-1.769e-09,0.316752,1,0
6.8457,0.00976562,1.00069,-3.12311e-11,0.314801,1,0
6.8457,0.0292969,1.00069,-1.03445e-10,0.314801,1,0
6.86523,0.00976562,1.00069,-1.962e-11,0.31285,1,0
6.86523,0.0292969,1.00069,-7.62174e-11,0.31285,1,0
6.8457,0.0488281,1.00069,-5.42613e-10,0.314801,1,0
6.8457,0.0683594,1.00069,-1.70195e-09,0.314801,1,0
6.86523,0.0488281,1.00069,-4.99229e-10,0.31285,1,0
6.86523,0.0683594,1.00069,-1.63575e-09,0.31285,1,0
6.80664,0.0878906,1.00069,-3.89429e-09,0.318703,1,0
6.80664,0.107422,1.00068,-6.90768e-09,0.318703,1,0
6.82617,0.0878906,1.00069,-3.79998e-09,0.316752,1,0
6.82617,0.107422,1.00068,-6.78063e-09,0.316752,1,0
6.80664,0.126953,1.00067,-1.08452e-08,0.318703,1,0
6.80664,0.146484,1.00063,-1.56079e-08,0.318703,1,0
6.82617,0.126953,1.00067,-1.06812e-08,0.316752,1,0
6.82617,0.146484,1.00063,-1.54022e-08,0.316752,1,0
6.8457,0.0878906,1.00069,-3.70643e-09,0.314801,1,0
6.8457,0.107422,1.00068,-6.65441e-09,0.314801,1,0
6.86523,0.0878906,1.00069,-3.61378e-09,0.31285,1,0
6.86523,0.107422,1.00068,-6.52916e-09,0.31285,1,0
6.8457,0.126953,1.00067,-1.05179e-08,0.314801,1,0
6.8457,0.146484,1.00063,-1.51973e-08,0.314801,1,0
6.86523,0.126953,1.00067,-1.03557e-08,0.31285,1,0
6.86523,0.146484,1.00063,-1.49934e-08,0.31285,1,0
6.72852,0.166016,1.00056,-2.19941e-08,0.326507,1,0
6.72852,0.185547,1.00042,-2.79002e-08,0.326507,1,0
6.74805,0.166016,1.00056,-2.17423e-08,0.324556,1,0
6.74805,0.185547,1.00042,-2.76016e-08,0.324556,1,0
6.72852,0.205078,1.00014,-3.37897e-08,0.326507,1,0
6.72852,0.224609,0.999598,-3.92531e-08,0.326507,1,0
6.74805,0.205078,1.00014,-3.34445e-08,0.324556,1,0
6.74805,0.224609,0.999598,-3.88637e-08,0.324556,1,0
6.76758,0.166016,1.00056,-2.14906e-08,0.322605,1,0
6.76758,0.185547,1.00042,-2.73032e-08,0.322605,1,0
6.78711,0.166016,1.00056,-2.12392e-08,0.320654,1,0
6.78711,0.185547,1.00042,-2.70052e-08,0.320654,1,0
6.76758,0.205078,1.00014,-3.30996e-08,0.322605,1,0
6.76758,0.224609,0.999598,-3.84748e-08,0.322605,1,0
6.78711,0.205078,1.00014,-3.27551e-08,0.320654,1,0
6.78711,0.224609,0.999598,-3.80866e-08,0.320654,1,0
6.72852,0.244141,0.998585,-4.38471e-08,0.326507,1,0
6.72852,0.263672,0.996744,-4.7139e-08,0.326507,1,0
6.74805,0.244141,0.998585,-4.34191e-08,0.324556,1,0
6.74805,0.263672,0.996744,-4.66818e-08,0.324556,1,0
6.72852,0.283203,0.993494,-4.87416e-08,0.326507,1,0
6.72852,0.302734,0.987915,-4.83814e-08,0.326507,1,0
6.74805,0.283203,0.993494,-4.8268e-08,0.324556,1,0
6.74805,0.302734,0.987915,-4.79078e-08,0.324556,1,0
6.76758,0.244141,0.998585,-4.2992e-08,0.322605,1,0
6.76758,0.263672,0.996745,-4.62258e-08,0.322605,1,0
6.78711,0.244141,0.998585,-4.2566e-08,0.320654,1,0
6.78711,0.263672,0.996745,-4.57712e-08,0.320654,1,0
6.76758,0.283203,0.993494,-4.77962e-08,0.322605,1,0
6.76758,0.302734,0.987915,-4.74362e-08,0.322605,1,0
6.78711,0.283203,0.993494,-4.73261e-08,0.320654,1,0
6.78711,0.302734,0.987915,-4.69668e-08,0.320654,1,0
6.80664,0.166016,1.00056,-2.09882e-08,0.318703,1,0
6.80664,0.185547,1.00042,-2.67076e-08,0.318703,1,0
6.82617,0.166016,1.00056,-2.07378e-08,0.316752,1,0
6.82617,0.185547,1.00042,-2.64107e-08,0.316752,1,0
6.80664,0.205078,1.00014,-3.24113e-08,0.318703,1,0
6.80664,0.224609,0.999598,-3.76992e-08,0.318703,1,0
6.82617,0.205078,1.00014,-3.20682e-08,0.316752,1,0
6.82617,0.224609,0.999598,-3.73128e-08,0.316752,1,0
6.8457,0.166016,1.00056,-2.04883e-08,0.314801,1,0
6.8457,0.185547,1.00042,-2.61146e-08,0.314801,1,0
6.86523,0.166016,1.00056,-2.02397e-08,0.31285,1,0
6.86523,0.185547,1.00042,-2.58196e-08,0.31285,1,0
6.8457,0.205078,1.00014,-3.17261e-08,0.314801,1,0
6.8457,0.224609,0.999598,-3.69277e-08,0.314801,1,0
6.86523,0.205078,1.00014,-3.13853e-08,0.31285,1,0
6.86523,0.224609,0.999598,-3.6544e-08,0.31285,1,0
6.80664,0.244141,0.998585,-4.21411e-08,0.318703,1,0
6.80664,0.263672,0.996745,-4.53182e-08,0.318703,1,0
6.82617,0.244141,0.998585,-4.17175e-08,0.316752,1,0
6.82617,0.263672,0.996745,-4.48668e-08,0.316752,1,0
6.80664,0.283203,0.993494,-4.6858e-08,0.318703,1,0
6.80664,0.302734,0.987915,-4.64996e-08,0.318703,1,0
6.82617,0.283203,0.993494,-4.63919e-08,0.316752,1,0
6.82617,0.302734,0.987915,-4.60347e-08,0.316752,1,0
6.8457,0.244141,0.998585,-4.12954e-08,0.314801,1,0
6.8457,0.263672,0.996745,-4.44174e-08,0.314801,1,0
6.86523,0.244141,0.998585,-4.08751e-08,0.31285,1,0
6.86523,0.263672,0.996745,-4.397e-08,0.31285,1,0
6.8457,0.283203,0.993494,-4.5928e-08,0.314801,1,0
6.8457,0.302734,0.987915,-4.55724e-08,0.314801,1,0
6.86523,0.283203,0.993494,-4.54665e-08,0.31285,1,0
6.86523,0.302734,0.987915,-4.51127e-08,0.31285,1,0
6.57227,0.322266,0.978612,-4.96572e-08,0.342116,1,0
6.57227,0.341797,0.963537,-4.49618e-08,0.342116,1,0
6.5918,0.322266,0.978612,-4.91862e-08,0.340165,1,0
6.5918,0.341797,0.963537,-4.45266e-08,0.340165,1,0
6.57227,0.361328,0.939795,-3.84952e-08,0.342116,1,0
6.57227,0.380859,0.903438,-3.08972e-08,0.342116,1,0
6.5918,0.361328,0.939795,-3.81144e-08,0.340165,1,0
6.5918,0.380859,0.903438,-3.05822e-08,0.340165,1,0
6.61133,0.322266,0.978612,-4.87168e-08,0.338214,1,0
6.61133,0.341797,0.963537,-4.40932e-08,0.338214,1,0
6.63086,0.322266,0.978612,-4.82492e-08,0.336263,1,0
6.63086,0.341797,0.963537,-4.36618e-08,0.336263,1,0
6.61133,0.361328,0.939795,-3.77356e-08,0.338214,1,0
6.61133,0.380859,0.903438,-3.02744e-08,0.338214,1,0
6.63086,0.361328,0.939795,-3.73588e-08,0.336263,1,0
6.63086,0.380859,0.903438,-2.9963e-08,0.336263,1,0
6.57227,0.400391,0.849289,-2.28843e-08,0.342116,1,0
6.57227,0.419922,0.770805,-1.53539e-08,0.342116,1,0
6.5918,0.400391,0.849289,-2.26589e-08,0.340165,1,0
6.5918,0.419922,0.770805,-1.51802e-08,0.340165,1,0
6.57227,0.439453,0.660031,-8.83665e-09,0.342116,1,0
6.57227,0.458984,0.507662,-3.98795e-09,0.342116,1,0
6.5918,0.439453,0.660031,-8.73828e-09,0.340165,1,0
6.5918,0.458984,0.507662,-3.96268e-09,0.340165,1,0
6.61133,0.400391,0.849289,-2.24131e-08,0.338214,1,0
6.61133,0.419922,0.770805,-1.50323e-08,0.338214,1,0
6.63086,0.400391,0.849289,-2.2191e-08,0.336263,1,0
6.63086,0.419922,0.770805,-1.48605e-08,0.336263,1,0
6.61133,0.439453,0.660031,-8.64909e-09,0.338214,1,0
6.61133,0.458984,0.507662,-3.90276e-09,0.338214,1,0
6.63086,0.439453,0.660031,-8.55209e-09,0.336263,1,0
6.63086,0.458984,0.507662,-3.87899e-09,0.336263,1,0
6.65039,0.322266,0.978612,-4.77834e-08,0.334312,1,0
6.65039,0.341797,0.963537,-4.32325e-08,0.334312,1,0
6.66992,0.322266,0.978612,-4.73196e-08,0.332361,1,0
6.66992,0.341797,0.963537,-4.28055e-08,0.332361,1,0
6.65039,0.361328,0.939795,-3.69842e-08,0.334312,1,0
6.65039,0.380859,0.903438,-2.96591e-08,0.334312,1,0
6.66992,0.361328,0.939795,-3.66117e-08,0.332361,1,0
6.66992,0.380859,0.903438,-2.93514e-08,0.332361,1,0
6.68945,0.322266,0.978612,-4.68578e-08,0.33041,1,0
6.68945,0.341797,0.963537,-4.23806e-08,0.33041,1,0
6.70898,0.322266,0.978612,-4.63982e-08,0.328459,1,0
6.70898,0.341797,0.963537,-4.1958e-08,0.328459,1,0
6.68945,0.361328,0.939795,-3.62414e-08,0.33041,1,0
6.68945,0.380859,0.903438,-2.90515e-08,0.33041,1,0
6.70898,0.361328,0.939795,-3.58732e-08,0.328459,1,0
6.70898,0.380859,0.903438,-2.87476e-08,0.328459,1,0
6.65039,0.400391,0.849289,-2.1948e-08,0.334312,1,0
6.65039,0.419922,0.770805,-1.47153e-08,0.334312,1,0
6.66992,0.400391,0.849289,-2.17294e-08,0.332361,1,0
6.66992,0.419922,0.770805,-1.45454e-08,0.332361,1,0
6.65039,0.439453,0.660031,-8.46459e-09,0.334312,1,0
6.65039,0.458984,0.507662,-3.81971e-09,0.334312,1,0
6.66992,0.439453,0.660031,-8.36905e-09,0.332361,1,0
6.66992,0.458984,0.507662,-3.79734e-09,0.332361,1,0
6.68945,0.400391,0.849289,-2.14893e-08,0.33041,1,0
6.68945,0.419922,0.770805,-1.44029e-08,0.33041,1,0
6.70898,0.400391,0.849289,-2.12741e-08,0.328459,1,0
6.70898,0.419922,0.770805,-1.42351e-08,0.328459,1,0
6.68945,0.439453,0.660031,-8.2832e-09,0.33041,1,0
6.68945,0.458984,0.507662,-3.73852e-09,0.33041,1,0
6.70898,0.439453,0.660031,-8.18905e-09,0.328459,1,0
6.70898,0.458984,0.507662,-3.71741e-09,0.328459,1,0
6.57227,0.478516,0.303225,-7.72334e-10,0.342116,1,0
6.57227,0.498047,0.0353822,3.7556e-10,0.342116,0.6,0
6.5918,0.478516,0.303225,-7.55986e-10,0.340165,1,0
6.5918,0.498047,0.0353822,3.7348e-10,0.340165,0.6,0
6.61133,0.478516,0.303225,-7.57416e-10,0.338214,1,0
6.61133,0.498047,0.0353822,3.64806e-10,0.338214,0.6,0
6.63086,0.478516,0.303225,-7.41595e-10,0.336263,1,0
6.63086,0.498047,0.0353822,3.62281e-10,0.336263,0.6,0
6.65039,0.478516,0.303225,-7.44023e-10,0.334312,1,0
6.65039,0.498047,0.0353822,3.53195e-10,0.334312,0.6,0
6.66992,0.478516,0.303224,-7.2852e-10,0.332361,1,0
6.66992,0.498047,0.0353822,3.509e-10,0.332361,0.6,0
6.68945,0.478516,0.303224,-7.31486e-10,0.33041,1,0
6.68945,0.498047,0.0353822,3.41732e-10,0.33041,0.6,0
6.70898,0.478516,0.303224,-7.15946e-10,0.328459,1,0
6.70898,0.498047,0.0353822,3.39615e-10,0.328459,0.6,0
6.72852,0.322266,0.978612,-4.59407e-08,0.326507,1,0
6.72852,0.341797,0.963537,-4.15377e-08,0.326507,1,0
6.74805,0.322266,0.978612,-4.54855e-08,0.324556,1,0
6.74805,0.341797,0.963537,-4.11197e-08,0.324556,1,0
6.72852,0.361328,0.939795,-3.55074e-08,0.326507,1,0
6.72852,0.380859,0.903438,-2.84517e-08,0.326507,1,0
6.74805,0.361328,0.939795,-3.51437e-08,0.324556,1,0
6.74805,0.380859,0.903438,-2.81517e-08,0.324556,1,0
6.76758,0.322266,0.978612,-4.50326e-08,0.322605,1,0
6.76758,0.341797,0.963537,-4.07041e-08,0.322605,1,0
6.78711,0.322266,0.978612,-4.45821e-08,0.320654,1,0
6.78711,0.341797,0.963537,-4.0291e-08,0.320654,1,0
6.76758,0.361328,0.939795,-3.47823e-08,0.322605,1,0
6.76758,0.380859,0.903438,-2.78598e-08,0.322605,1,0
6.78711,0.361328,0.939795,-3.44232e-08,0.320654,1,0
6.78711,0.380859,0.903438,-2.75637e-08,0.320654,1,0
6.72852,0.400391,0.849289,-2.10368e-08,0.326507,1,0
6.72852,0.419922,0.770805,-1.40952e-08,0.326507,1,0
6.74805,0.400391,0.849289,-2.08251e-08,0.324556,1,0
6.74805,0.419922,0.770805,-1.39293e-08,0.324556,1,0
6.72852,0.439453,0.660031,-8.10478e-09,0.326507,1,0
6.72852,0.458984,0.507662,-3.65892e-09,0.326507,1,0
6.74805,0.439453,0.660031,-8.01196e-09,0.324556,1,0
6.74805,0.458984,0.507662,-3.63897e-09,0.324556,1,0
6.76758,0.400391,0.849289,-2.05907e-08,0.322605,1,0
6.76758,0.419922,0.770805,-1.3792e-08,0.322605,1,0
6.78711,0.400391,0.849289,-2.03825e-08,0.320654,1,0
6.78711,0.419922,0.770805,-1.36281e-08,0.320654,1,0
6.76758,0.439453,0.660031,-7.92924e-09,0.322605,1,0
6.76758,0.458984,0.507662,-3.58073e-09,0.322605,1,0
6.78711,0.439453,0.660031,-7.83772e-09,0.320654,1,0
6.78711,0.458984,0.507662,-3.5619e-09,0.320654,1,0
6.80664,0.322266,0.978612,-4.4134e-08,0.318703,1,0
6.80664,0.341797,0.963537,-3.98803e-08,0.318703,1,0
6.82617,0.322266,0.978612,-4.36885e-08,0.316752,1,0
6.82617,0.341797,0.963537,-3.94722e-08,0.316752,1,0
6.80664,0.361328,0.939795,-3.40665e-08,0.318703,1,0
6.80664,0.380859,0.903438,-2.72759e-08,0.318703,1,0
6.82617,0.361328,0.939795,-3.37121e-08,0.316752,1,0
6.82617,0.380859,0.903438,-2.69839e-08,0.316752,1,0
6.8457,0.322266,0.978612,-4.32456e-08,0.314801,1,0
6.8457,0.341797,0.963537,-3.90667e-08,0.314801,1,0
6.86523,0.322266,0.978612,-4.28054e-08,0.31285,1,0
6.86523,0.341797,0.963537,-3.86638e-08,0.31285,1,0
6.8457,0.361328,0.939795,-3.33602e-08,0.314801,1,0
6.8457,0.380859,0.903438,-2.67003e-08,0.314801,1,0
6.86523,0.361328,0.939795,-3.30107e-08,0.31285,1,0
6.86523,0.380859,0.903438,-2.64123e-08,0.31285,1,0
6.80664,0.400391,0.849289,-2.01509e-08,0.318703,1,0
6.80664,0.419922,0.770805,-1.34935e-08,0.318703,1,0
6.82617,0.400391,0.849289,-1.99462e-08,0.316752,1,0
6.82617,0.419922,0.770805,-1.33315e-08,0.316752,1,0
6.80664,0.439453,0.660031,-7.75653e-09,0.318703,1,0
6.80664,0.458984,0.507662,-3.50385e-09,0.318703,1,0
6.82617,0.439453,0.660031,-7.6663e-09,0.316752,1,0
6.82617,0.458984,0.507662,-3.48612e-09,0.316752,1,0
6.8457,0.400391,0.849288,-1.97176e-08,0.314801,1,0
6.8457,0.419922,0.770805,-1.31995e-08,0.314801,1,0
6.86523,0.400391,0.849288,-1.95165e-08,0.31285,1,0
6.86523,0.419922,0.770805,-1.30395e-08,0.31285,1,0
6.8457,0.439453,0.660031,-7.58663e-09,0.314801,1,0
6.8457,0.458984,0.507662,-3.42824e-09,0.314801,1,0
6.86523,0.439453,0.660031,-7.49767e-09,0.31285,1,0
6.86523,0.458984,0.507662,-3.4116e-09,0.31285,1,0
6.72852,0.478516,0.303224,-7.19239e-10,0.326507,1,0
6.72852,0.498047,0.0353822,3.30327e-10,0.326507,0.6,0
6.74805,0.478516,0.303224,-7.03577e-10,0.324556,1,0
6.74805,0.498047,0.0353822,3.28347e-10,0.324556,0.6,0
6.76758,0.478516,0.303224,-7.07187e-10,0.322605,1,0
6.76758,0.498047,0.0353822,3.18943e-10,0.322605,0.6,0
6.78711,0.478516,0.303224,-6.91418e-10,0.320654,1,0
6.78711,0.498047,0.0353822,3.17124e-10,0.320654,0.6,0
6.80664,0.478516,0.303224,-6.95368e-10,0.318703,1,0
6.80664,0.498047,0.0353822,3.07638e-10,0.318703,0.6,0
6.82617,0.478516,0.303224,-6.79504e-10,0.316752,1,0
6.82617,0.498047,0.0353822,3.06011e-10,0.316752,0.6,0
6.8457,0.478516,0.303224,-6.83796e-10,0.314801,1,0
6.8457,0.498047,0.0353822,2.96481e-10,0.314801,0.6,0
6.86523,0.478516,0.303224,-6.67834e-10,0.31285,1,0
6.86523,0.498047,0.0353822,2.95067e-10,0.31285,0.6,0
6.88477,0.00976562,1.00069,-8.55584e-12,0.310899,1,0
6.88477,0.0292969,1.00069,-5.00079e-11,0.310899,1,0
6.9043,0.00976562,1.00069,1.7265e-12,0.308948,1,0
6.9043,0.0292969,1.00069,-2.51561e-11,0.308948,1,0
6.88477,0.0488281,1.00069,-4.56897e-10,0.310899,1,0
6.88477,0.0683594,1.00069,-1.57065e-09,0.310899,1,0
6.9043,0.0488281,1.00069,-4.15842e-10,0.308948,1,0
6.9043,0.0683594,1.00069,-1.50686e-09,0.308948,1,0
6.92383,0.00976562,1.00069,1.13108e-11,0.306997,1,0
6.92383,0.0292969,1.00069,-1.59553e-12,0.306997,1,0
6.94336,0.00976562,1.00069,2.04364e-11,0.305046,1,0
6.94336,0.0292969,1.00069,2.09456e-11,0.305046,1,0
6.92383,0.0488281,1.00069,-3.76137e-10,0.306997,1,0
6.92383,0.0683594,1.00069,-1.44454e-09,0.306997,1,0
6.94336,0.0488281,1.00069,-3.37751e-10,0.305046,1,0
6.94336,0.0683594,1.00069,-1.38374e-09,0.305046,1,0
6.88477,0.0878906,1.00069,-3.52222e-09,0.310899,1,0
6.88477,0.107422,1.00068,-6.40502e-09,0.310899,1,0
6.9043,0.0878906,1.00069,-3.43194e-09,0.308948,1,0
6.9043,0.107422,1.00068,-6.28222e-09,0.308948,1,0
6.88477,0.126953,1.00067,-1.01945e-08,0.310899,1,0
6.88477,0.146484,1.00063,-1.47906e-08,0.310899,1,0
6.9043,0.126953,1.00067,-1.00348e-08,0.308948,1,0
6.9043,0.146484,1.00063,-1.45892e-08,0.308948,1,0
6.92383,0.0878906,1.00069,-3.34314e-09,0.306997,1,0
6.92383,0.107422,1.00068,-6.16097e-09,0.306997,1,0
6.94336,0.0878906,1.00069,-3.25598e-09,0.305046,1,0
6.94336,0.107422,1.00068,-6.04147e-09,0.305046,1,0
6.92383,0.126953,1.00067,-9.87659e-09,0.306997,1,0
6.92383,0.146484,1.00063,-1.43895e-08,0.306997,1,0
6.94336,0.126953,1.00067,-9.72026e-09,0.305046,1,0
6.94336,0.146484,1.00063,-1.41918e-08,0.305046,1,0
6.96289,0.00976562,1.00069,2.92782e-11,0.303095,1,0
6.96289,0.0292969,1.00069,4.26833e-11,0.303095,1,0
6.98242,0.00976562,1.00069,3.78595e-11,0.301144,1,0
6.98242,0.0292969,1.00069,6.36644e-11,0.301144,1,0
6.96289,0.0488281,1.00069,-3.00631e-10,0.303095,1,0
6.96289,0.0683594,1.00069,-1.32452e-09,0.303095,1,0
6.98242,0.0488281,1.00069,-2.64757e-10,0.301144,1,0
6.98242,0.0683594,1.00069,-1.26692e-09,0.301144,1,0
7.00195,0.00976562,1.00069,4.60981e-11,0.299193,1,0
7.00195,0.0292969,1.00069,8.38102e-11,0.299193,1,0
7.02148,0.00976562,1.00069,5.39022e-11,0.297242,1,0
7.02148,0.0292969,1.00069,1.03027e-10,0.297242,1,0
7.00195,0.0488281,1.00069,-2.30143e-10,0.299193,1,0
7.00195,0.0683594,1.00069,-1.211e-09,0.299193,1,0
7.02148,0.0488281,1.00069,-1.96806e-10,0.297242,1,0
7.02148,0.0683594,1.00069,-1.1568e-09,0.297242,1,0
6.96289,0.0878906,1.00069,-3.17058e-09,0.303095,1,0
6.96289,0.107422,1.00068,-5.92392e-09,0.303095,1,0
6.98242,0.0878906,1.00069,-3.08709e-09,0.301144,1,0
6.98242,0.107422,1.00068,-5.8085e-09,0.301144,1,0
6.96289,0.126953,1.00067,-9.56602e-09,0.303095,1,0
6.96289,0.146484,1.00063,-1.39963e-08,0.303095,1,0
6.98242,0.126953,1.00067,-9.41406e-09,0.301144,1,0
6.98242,0.146484,1.00063,-1.38032e-08,0.301144,1,0
7.00195,0.0878906,1.00069,-3.00559e-09,0.299193,1,0
7.00195,0.107422,1.00068,-5.69532e-09,0.299193,1,0
7.02148,0.0878906,1.00069,-2.92614e-09,0.297242,1,0
7.02148,0.107422,1.00068,-5.5845e-09,0.297242,1,0
7.00195,0.126953,1.00067,-9.26456e-09,0.299193,1,0
7.00195,0.146484,1.00063,-1.36127e-08,0.299193,1,0
7.02148,0.126953,1.00067,-9.11762e-09,0.297242,1,0
7.02148,0.146484,1.00063,-1.3425e-08,0.297242,1,0
6.88477,0.166016,1.00056,-1.99923e-08,0.310899,1,0
6.88477,0.185547,1.00042,-2.55259e-08,0.310899,1,0
6.9043,0.166016,1.00056,-1.97464e-08,0.308948,1,0
6.9043,0.185547,1.00042,-2.52339e-08,0.308948,1,0
6.88477,0.205078,1.00014,-3.10459e-08,0.310899,1,0
6.88477,0.224609,0.999598,-3.6162e-08,0.310899,1,0
6.9043,0.205078,1.00014,-3.07083e-08,0.308948,1,0
6.9043,0.224609,0.999598,-3.5782e-08,0.308948,1,0
6.92383,0.166016,1.00056,-1.95023e-08,0.306997,1,0
6.92383,0.185547,1.00042,-2.49437e-08,0.306997,1,0
6.94336,0.166016,1.00056,-1.92602e-08,0.305046,1,0
6.94336,0.185547,1.00042,-2.46556e-08,0.305046,1,0
6.92383,0.205078,1.00014,-3.03727e-08,0.306997,1,0
6.92383,0.224609,0.999598,-3.54042e-08,0.306997,1,0
6.94336,0.205078,1.00014,-3.00394e-08,0.305046,1,0
6.94336,0.224609,0.999598,-3.5029e-08,0.305046,1,0
6.88477,0.244141,0.998585,-4.04568e-08,0.310899,1,0
6.88477,0.263672,0.996745,-4.35249e-08,0.310899,1,0
6.9043,0.244141,0.998585,-4.00407e-08,0.308948,1,0
6.9043,0.263672,0.996745,-4.30822e-08,0.308948,1,0
6.88477,0.283203,0.993494,-4.50076e-08,0.310899,1,0
6.88477,0.302734,0.987915,-4.46557e-08,0.310899,1,0
6.9043,0.283203,0.993494,-4.45514e-08,0.308948,1,0
6.9043,0.302734,0.987915,-4.42016e-08,0.308948,1,0
6.92383,0.244141,0.998585,-3.9627e-08,0.306997,1,0
6.92383,0.263672,0.996745,-4.26423e-08,0.306997,1,0
6.94336,0.244141,0.998585,-3.92161e-08,0.305046,1,0
6.94336,0.263672,0.996745,-4.22052e-08,0.305046,1,0
6.92383,0.283203,0.993494,-4.4098e-08,0.306997,1,0
6.92383,0.302734,0.987915,-4.37505e-08,0.306997,1,0
6.94336,0.283203,0.993494,-4.36477e-08,0.305046,1,0
6.94336,0.302734,0.987915,-4.33025e-08,0.305046,1,0
6.96289,0.166016,1.00056,-1.90205e-08,0.303095,1,0
6.96289,0.185547,1.00042,-2.437e-08,0.303095,1,0
6.98242,0.166016,1.00056,-1.87833e-08,0.301144,1,0
6.98242,0.185547,1.00042,-2.40871e-08,0.301144,1,0
6.96289,0.205078,1.00014,-2.97087e-08,0.303095,1,0
6.96289,0.224609,0.999598,-3.46564e-08,0.303095,1,0
6.98242,0.205078,1.00014,-2.93808e-08,0.301144,1,0
6.98242,0.224609,0.999598,-3.42867e-08,0.301144,1,0
7.00195,0.166016,1.00056,-1.85488e-08,0.299193,1,0
7.00195,0.185547,1.00042,-2.3807e-08,0.299193,1,0
7.02148,0.166016,1.00056,-1.83172e-08,0.297242,1,0
7.02148,0.185547,1.00042,-2.353e-08,0.297242,1,0
7.00195,0.205078,1.00014,-2.90559e-08,0.299193,1,0
7.00195,0.224609,0.999598,-3.39202e-08,0.299193,1,0
7.02148,0.205078,1.00014,-2.87341e-08,0.297242,1,0
7.02148,0.224609,0.999598,-3.35569e-08,0.297242,1,0
6.96289,0.244141,0.998585,-3.8808e-08,0.303095,1,0
6.96289,0.263672,0.996745,-4.17712e-08,0.303095,1,0
6.98242,0.244141,0.998585,-3.8403e-08,0.301144,1,0
6.98242,0.263672,0.996745,-4.13403e-08,0.301144,1,0
6.96289,0.283203,0.993494,-4.32006e-08,0.303095,1,0
6.96289,0.302734,0.987915,-4.28577e-08,0.303095,1,0
6.98242,0.283203,0.993494,-4.27567e-08,0.301144,1,0
6.98242,0.302734,0.987915,-4.24162e-08,0.301144,1,0
7.00195,0.244141,0.998585,-3.80012e-08,0.299193,1,0
7.00195,0.263672,0.996745,-4.09129e-08,0.299193,1,0
7.02148,0.244141,0.998585,-3.76027e-08,0.297242,1,0
7.02148,0.263672,0.996745,-4.04888e-08,0.297242,1,0
7.00195,0.283203,0.993494,-4.23163e-08,0.299193,1,0
7.00195,0.302734,0.987915,-4.19781e-08,0.299193,1,0
7.02148,0.283203,0.993494,-4.18793e-08,0.297242,1,0
7.02148,0.302734,0.987915,-4.15435e-08,0.297242,1,0
7.04102,0.00976562,1.00069,6.12378e-11,0.295291,1,0
7.04102,0.0292969,1.00069,1.213e-10,0.295291,1,0
7.06055,0.00976562,1.00069,6.81368e-11,0.29334,1,0
7.06055,0.0292969,1.00069,1.38724e-10,0.29334,1,0
7.04102,0.0488281,1.00069,-1.64713e-10,0.295291,1,0
7.04102,0.0683594,1.00069,-1.10431e-09,0.295291,1,0
7.06055,0.0488281,1.00069,-1.33769e-10,0.29334,1,0
7.06055,0.0683594,1.00069,-1.05347e-09,0.29334,1,0
7.08008,0.00976562,1.00069,7.46533e-11,0.291389,1,0
7.08008,0.0292969,1.00069,1.5543e-10,0.291389,1,0
7.09961,0.00976562,1.00069,8.07868e-11,0.289438,1,0
7.09961,0.0292969,1.00069,1.71271e-10,0.289438,1,0
7.08008,0.0488281,1.00069,-1.03922e-10,0.291389,1,0
7.08008,0.0683594,1.00069,-1.00436e-09,0.291389,1,0
7.09961,0.0488281,1.00069,-7.548e-11,0.289438,1,0
7.09961,0.0683594,1.00069,-9.57186e-10,0.289438,1,0
7.04102,0.0878906,1.00069,-2.84878e-09,0.295291,1,0
7.04102,0.107422,1.00068,-5.47611e-09,0.295291,1,0
7.06055,0.0878906,1.00069,-2.77352e-09,0.29334,1,0
7.06055,0.107422,1.00068,-5.37019e-09,0.29334,1,0
7.04102,0.126953,1.00067,-8.97335e-09,0.295291,1,0
7.04102,0.146484,1.00063,-1.32401e-08,0.295291,1,0
7.06055,0.126953,1.00067,-8.83181e-09,0.29334,1,0
7.06055,0.146484,1.00063,-1.30581e-08,0.29334,1,0
7.08008,0.0878906,1.00069,-2.7004e-09,0.291389,1,0
7.08008,0.107422,1.00068,-5.26678e-09,0.291389,1,0
7.09961,0.0878906,1.00069,-2.62951e-09,0.289438,1,0
7.09961,0.107422,1.00068,-5.16587e-09,0.289438,1,0
7.08008,0.126953,1.00067,-8.69303e-09,0.291389,1,0
7.08008,0.146484,1.00063,-1.28791e-08,0.291389,1,0
7.09961,0.126953,1.00067,-8.55698e-09,0.289438,1,0
7.09961,0.146484,1.00063,-1.27031e-08,0.289438,1,0
7.11914,0.00976562,1.00069,8.61792e-11,0.287487,1,0
7.11914,0.0292969,1.00069,1.85485e-10,0.287487,1,0
7.13867,0.00976562,1.00069,9.03064e-11,0.285536,1,0
7.13867,0.0292969,1.00069,1.97392e-10,0.285536,1,0
7.11914,0.0488281,1.00069,-4.90318e-11,0.287487,1,0
7.11914,0.0683594,1.00069,-9.1219e-10,0.287487,1,0
7.13867,0.0488281,1.00069,-2.47593e-11,0.285536,1,0
7.13867,0.0683594,1.00069,-8.69376e-10,0.285536,1,0
7.1582,0.00976562,1.00069,9.3469e-11,0.283585,1,0
7.1582,0.0292969,1.00069,2.07568e-10,0.283585,1,0
7.17773,0.00976562,1.00069,9.66589e-11,0.281634,1,0
7.17773,0.0292969,1.00069,2.17351e-10,0.281634,1,0
7.1582,0.0488281,1.00069,-2.22241e-12,0.283585,1,0
7.1582,0.0683594,1.00069,-8.28532e-10,0.283585,1,0
7.17773,0.0488281,1.00069,1.91504e-11,0.281634,1,0
7.17773,0.0683594,1.00069,-7.89404e-10,0.281634,1,0
7.11914,0.0878906,1.00069,-2.56087e-09,0.287487,1,0
7.11914,0.107422,1.00068,-5.06742e-09,0.287487,1,0
7.13867,0.0878906,1.00069,-2.49444e-09,0.285536,1,0
7.13867,0.107422,1.00068,-4.97136e-09,0.285536,1,0
7.11914,0.126953,1.00067,-8.42358e-09,0.287487,1,0
7.11914,0.146484,1.00063,-1.25299e-08,0.287487,1,0
7.13867,0.126953,1.00067,-8.2928e-09,0.285536,1,0
7.13867,0.146484,1.00063,-1.23596e-08,0.285536,1,0
7.1582,0.0878906,1.00069,-2.43016e-09,0.283585,1,0
7.1582,0.107422,1.00068,-4.87771e-09,0.283585,1,0
7.17773,0.0878906,1.00069,-2.36804e-09,0.281634,1,0
7.17773,0.107422,1.00068,-4.78659e-09,0.281634,1,0
7.1582,0.126953,1.00067,-8.16469e-09,0.283585,1,0
7.1582,0.146484,1.00063,-1.21923e-08,0.283585,1,0
7.17773,0.126953,1.00067,-8.03939e-09,0.281634,1,0
7.17773,0.146484,1.00063,-1.2028e-08,0.281634,1,0
7.04102,0.166016,1.00056,-1.80886e-08,0.295291,1,0
7.04102,0.185547,1.00042,-2.3256e-08,0.295291,1,0
7.06055,0.166016,1.00056,-1.78631e-08,0.29334,1,0
7.06055,0.185547,1.00042,-2.29853e-08,0.29334,1,0
7.04102,0.205078,1.00014,-2.84155e-08,0.295291,1,0
7.04102,0.224609,0.999598,-3.31969e-08,0.295291,1,0
7.06055,0.205078,1.00014,-2.81002e-08,0.29334,1,0
7.06055,0.224609,0.999598,-3.28404e-08,0.29334,1,0
7.08008,0.166016,1.00056,-1.76407e-08,0.291389,1,0
7.08008,0.185547,1.00042,-2.27178e-08,0.291389,1,0
7.09961,0.166016,1.00056,-1.74214e-08,0.289438,1,0
7.09961,0.185547,1.00042,-2.24535e-08,0.289438,1,0
7.08008,0.205078,1.00014,-2.77883e-08,0.291389,1,0
7.08008,0.224609,0.999598,-3.24873e-08,0.291389,1,0
7.09961,0.205078,1.00014,-2.74798e-08,0.289438,1,0
7.09961,0.224609,0.999598,-3.21378e-08,0.289438,1,0
7.04102,0.244141,0.998585,-3.72077e-08,0.295291,1,0
7.04102,0.263672,0.996745,-4.00683e-08,0.295291,1,0
7.06055,0.244141,0.998585,-3.68162e-08,0.29334,1,0
7.06055,0.263672,0.996745,-3.96513e-08,0.29334,1,0
7.04102,0.283203,0.993494,-4.14459e-08,0.295291,1,0
7.04102,0.302734,0.987915,-4.11124e-08,0.295291,1,0
7.06055,0.283203,0.993494,-4.10161e-08,0.29334,1,0
7.06055,0.302734,0.987915,-4.0685e-08,0.29334,1,0
7.08008,0.244141,0.998585,-3.64283e-08,0.291389,1,0
7.08008,0.263672,0.996745,-3.9238e-08,0.291389,1,0
7.09961,0.244141,0.998585,-3.60441e-08,0.289438,1,0
7.09961,0.263672,0.996745,-3.88285e-08,0.289438,1,0
7.08008,0.283203,0.993494,-4.05901e-08,0.291389,1,0
7.08008,0.302734,0.987915,-4.02612e-08,0.291389,1,0
7.09961,0.283203,0.993494,-4.01678e-08,0.289438,1,0
7.09961,0.302734,0.987915,-3.98411e-08,0.289438,1,0
7.11914,0.166016,1.00056,-1.72052e-08,0.287487,1,0
7.11914,0.185547,1.00042,-2.21926e-08,0.287487,1,0
7.13867,0.166016,1.00056,-1.69921e-08,0.285536,1,0
7.13867,0.185547,1.00042,-2.19349e-08,0.285536,1,0
7.11914,0.205078,1.00014,-2.71748e-08,0.287487,1,0
7.11914,0.224609,0.999598,-3.17918e-08,0.287487,1,0
7.13867,0.205078,1.00014,-2.68732e-08,0.285536,1,0
7.13867,0.224609,0.999598,-3.14496e-08,0.285536,1,0
7.1582,0.166016,1.00056,-1.67822e-08,0.283585,1,0
7.1582,0.185547,1.00042,-2.16807e-08,0.283585,1,0
7.17773,0.166016,1.00056,-1.65755e-08,0.281634,1,0
7.17773,0.185547,1.00042,-2.143e-08,0.281634,1,0
7.1582,0.205078,1.00014,-2.65752e-08,0.283585,1,0
7.1582,0.224609,0.999598,-3.11111e-08,0.283585,1,0
7.17773,0.205078,1.00014,-2.6281e-08,0.281634,1,0
7.17773,0.224609,0.999598,-3.07765e-08,0.281634,1,0
7.11914,0.244141,0.998585,-3.56636e-08,0.287487,1,0
7.11914,0.263672,0.996745,-3.84228e-08,0.287487,1,0
7.13867,0.244141,0.998585,-3.52869e-08,0.285536,1,0
7.13867,0.263672,0.996745,-3.8021e-08,0.285536,1,0
7.11914,0.283203,0.993494,-3.97494e-08,0.287487,1,0
7.11914,0.302734,0.987915,-3.9425e-08,0.287487,1,0
7.13867,0.283203,0.993494,-3.9335e-08,0.285536,1,0
7.13867,0.302734,0.987915,-3.90128e-08,0.285536,1,0
7.1582,0.244141,0.998585,-3.49141e-08,0.283585,1,0
7.1582,0.263672,0.996745,-3.76233e-08,0.283585,1,0
7.17773,0.244141,0.998585,-3.45454e-08,0.281634,1,0
7.17773,0.263672,0.996745,-3.72298e-08,0.281634,1,0
7.1582,0.283203,0.993494,-3.89247e-08,0.283585,1,0
7.1582,0.302734,0.987915,-3.86047e-08,0.283585,1,0
7.17773,0.283203,0.993494,-3.85187e-08,0.281634,1,0
7.17773,0.302734,0.987915,-3.82009e-08,0.281634,1,0
6.88477,0.322266,0.978612,-4.2368e-08,0.310899,1,0
6.88477,0.341797,0.963537,-3.82637e-08,0.310899,1,0
6.9043,0.322266,0.978612,-4.19335e-08,0.308948,1,0
6.9043,0.341797,0.963537,-3.78664e-08,0.308948,1,0
6.88477,0.361328,0.939795,-3.26636e-08,0.310899,1,0
6.88477,0.380859,0.903438,-2.61329e-08,0.310899,1,0
6.9043,0.361328,0.939795,-3.23191e-08,0.308948,1,0
6.9043,0.380859,0.903438,-2.58491e-08,0.308948,1,0
6.92383,0.322266,0.978612,-4.15021e-08,0.306997,1,0
6.92383,0.341797,0.963537,-3.7472e-08,0.306997,1,0
6.94336,0.322266,0.978612,-4.10737e-08,0.305046,1,0
6.94336,0.341797,0.963537,-3.70804e-08,0.305046,1,0
6.92383,0.361328,0.939795,-3.19772e-08,0.306997,1,0
6.92383,0.380859,0.903438,-2.55741e-08,0.306997,1,0
6.94336,0.361328,0.939795,-3.16379e-08,0.305046,1,0
6.94336,0.380859,0.903438,-2.52946e-08,0.305046,1,0
6.88477,0.400391,0.849288,-1.92909e-08,0.310899,1,0
6.88477,0.419922,0.770805,-1.29102e-08,0.310899,1,0
6.9043,0.400391,0.849288,-1.90934e-08,0.308948,1,0
6.9043,0.419922,0.770805,-1.27521e-08,0.308948,1,0
6.88477,0.439453,0.660031,-7.41953e-09,0.310899,1,0
6.88477,0.458984,0.507662,-3.35389e-09,0.310899,1,0
6.9043,0.439453,0.660031,-7.33186e-09,0.308948,1,0
6.9043,0.458984,0.507662,-3.33835e-09,0.308948,1,0
6.92383,0.400391,0.849288,-1.88708e-08,0.306997,1,0
6.92383,0.419922,0.770805,-1.26255e-08,0.306997,1,0
6.94336,0.400391,0.849288,-1.8677e-08,0.305046,1,0
6.94336,0.419922,0.770805,-1.24695e-08,0.305046,1,0
6.92383,0.439453,0.660031,-7.25527e-09,0.306997,1,0
6.92383,0.458984,0.507662,-3.28083e-09,0.306997,1,0
6.94336,0.439453,0.660031,-7.16894e-09,0.305046,1,0
6.94336,0.458984,0.507662,-3.26644e-09,0.305046,1,0
6.96289,0.322266,0.978612,-4.06485e-08,0.303095,1,0
6.96289,0.341797,0.963537,-3.66918e-08,0.303095,1,0
6.98242,0.322266,0.978612,-4.02264e-08,0.301144,1,0
6.98242,0.341797,0.963537,-3.63063e-08,0.301144,1,0
6.96289,0.361328,0.939795,-3.13012e-08,0.303095,1,0
6.96289,0.380859,0.903438,-2.50241e-08,0.303095,1,0
6.98242,0.361328,0.939795,-3.09672e-08,0.301144,1,0
6.98242,0.380859,0.903438,-2.4749e-08,0.301144,1,0
7.00195,0.322266,0.978612,-3.98077e-08,0.299193,1,0
7.00195,0.341797,0.963537,-3.59238e-08,0.299193,1,0
7.02148,0.322266,0.978612,-3.93924e-08,0.297242,1,0
7.02148,0.341797,0.963537,-3.55444e-08,0.297242,1,0
7.00195,0.361328,0.939794,-3.0636e-08,0.299193,1,0
7.00195,0.380859,0.903438,-2.44832e-08,0.299193,1,0
7.02148,0.361328,0.939794,-3.03075e-08,0.297242,1,0
7.02148,0.380859,0.903438,-2.42127e-08,0.297242,1,0
6.96289,0.400391,0.849288,-1.84575e-08,0.303095,1,0
6.96289,0.419922,0.770804,-1.23458e-08,0.303095,1,0
6.98242,0.400391,0.849288,-1.82676e-08,0.301144,1,0
6.98242,0.419922,0.770804,-1.2192e-08,0.301144,1,0
6.96289,0.439453,0.660031,-7.094e-09,0.303095,1,0
6.96289,0.458984,0.507662,-3.20917e-09,0.303095,1,0
6.98242,0.439453,0.660031,-7.00913e-09,0.301144,1,0
6.98242,0.458984,0.507662,-3.19603e-09,0.301144,1,0
7.00195,0.400391,0.849288,-1.80515e-08,0.299193,1,0
7.00195,0.419922,0.770804,-1.20712e-08,0.299193,1,0
7.02148,0.400391,0.849288,-1.78656e-08,0.297242,1,0
7.02148,0.419922,0.770804,-1.19197e-08,0.297242,1,0
7.00195,0.439453,0.660031,-6.93596e-09,0.299193,1,0
7.00195,0.458984,0.507662,-3.13913e-09,0.299193,1,0
7.02148,0.439453,0.660031,-6.85272e-09,0.297242,1,0
7.02148,0.458984,0.507662,-3.12737e-09,0.297242,1,0
6.88477,0.478516,0.303224,-6.72464e-10,0.310899,1,0
6.88477,0.498047,0.0353822,2.85522e-10,0.310899,0.6,0
6.9043,0.478516,0.303224,-6.56399e-10,0.308948,1,0
6.9043,0.498047,0.0353822,2.84338e-10,0.308948,0.6,0
6.92383,0.478516,0.303224,-6.61372e-10,0.306997,1,0
6.92383,0.498047,0.0353822,2.74798e-10,0.306997,0.6,0
6.94336,0.478516,0.303224,-6.4521e-10,0.305046,1,0
6.94336,0.498047,0.0353822,2.73873e-10,0.305046,0.6,0
6.96289,0.478516,0.303224,-6.50556e-10,0.303095,1,0
6.96289,0.498047,0.0353822,2.64342e-10,0.303095,0.6,0
6.98242,0.478516,0.303224,-6.34328e-10,0.301144,1,0
6.98242,0.498047,0.0353822,2.63718e-10,0.301144,0.6,0
7.00195,0.478516,0.303224,-6.40119e-10,0.299193,1,0
7.00195,0.498047,0.0353822,2.54173e-10,0.299193,0.6,0
7.02148,0.478516,0.303224,-6.23888e-10,0.297242,1,0
7.02148,0.498047,0.0353822,2.53908e-10,0.297242,0.6,0
7.04102,0.322266,0.978612,-3.89804e-08,0.295291,1,0
7.04102,0.341797,0.963537,-3.51682e-08,0.295291,1,0
7.06055,0.322266,0.978612,-3.8572e-08,0.29334,1,0
7.06055,0.341797,0.963537,-3.47953e-08,0.29334,1,0
7.04102,0.361328,0.939794,-2.9982e-08,0.295291,1,0
7.04102,0.380859,0.903438,-2.39518e-08,0.295291,1,0
7.06055,0.361328,0.939794,-2.96593e-08,0.29334,1,0
7.06055,0.380859,0.903438,-2.36862e-08,0.29334,1,0
7.08008,0.322266,0.978612,-3.81671e-08,0.291389,1,0
7.08008,0.341797,0.963537,-3.44258e-08,0.291389,1,0
7.09961,0.322266,0.978612,-3.77658e-08,0.289438,1,0
7.09961,0.341797,0.963537,-3.40597e-08,0.289438,1,0
7.08008,0.361328,0.939794,-2.93397e-08,0.291389,1,0
7.08008,0.380859,0.903438,-2.34306e-08,0.291389,1,0
7.09961,0.361328,0.939794,-2.90233e-08,0.289438,1,0
7.09961,0.380859,0.903438,-2.31702e-08,0.289438,1,0
7.04102,0.400391,0.849288,-1.7653e-08,0.295291,1,0
7.04102,0.419922,0.770804,-1.18022e-08,0.295291,1,0
7.06055,0.400391,0.849288,-1.74715e-08,0.29334,1,0
7.06055,0.419922,0.770804,-1.16534e-08,0.29334,1,0
7.04102,0.439453,0.660031,-6.78155e-09,0.295291,1,0
7.04102,0.458984,0.507662,-3.071e-09,0.295291,1,0
7.06055,0.439453,0.660031,-6.70015e-09,0.29334,1,0
7.06055,0.458984,0.507662,-3.06083e-09,0.29334,1,0
7.08008,0.400391,0.849288,-1.72627e-08,0.291389,1,0
7.08008,0.419922,0.770804,-1.15393e-08,0.291389,1,0
7.09961,0.400391,0.849288,-1.70859e-08,0.289438,1,0
7.09961,0.419922,0.770804,-1.13934e-08,0.289438,1,0
7.08008,0.439453,0.660031,-6.63123e-09,0.291389,1,0
7.08008,0.458984,0.507662,-3.0052e-09,0.291389,1,0
7.09961,0.439453,0.660031,-6.55194e-09,0.289438,1,0
7.09961,0.458984,0.507662,-2.99682e-09,0.289438,1,0
7.11914,0.322266,0.978612,-3.73684e-08,0.287487,1,0
7.11914,0.341797,0.963537,-3.36971e-08,0.287487,1,0
7.13867,0.322266,0.978612,-3.69748e-08,0.285536,1,0
7.13867,0.341797,0.963537,-3.33382e-08,0.285536,1,0
7.11914,0.361328,0.939794,-2.871e-08,0.287487,1,0
7.11914,0.380859,0.903438,-2.29201e-08,0.287487,1,0
7.13867,0.361328,0.939794,-2.84e-08,0.285536,1,0
7.13867,0.380859,0.903438,-2.26653e-08,0.285536,1,0
7.1582,0.322266,0.978612,-3.65852e-08,0.283585,1,0
7.1582,0.341797,0.963537,-3.29831e-08,0.283585,1,0
7.17773,0.322266,0.978612,-3.61997e-08,0.281634,1,0
7.17773,0.341797,0.963537,-3.26319e-08,0.281634,1,0
7.1582,0.361328,0.939794,-2.80935e-08,0.283585,1,0
7.1582,0.380859,0.903438,-2.24212e-08,0.283585,1,0
7.17773,0.361328,0.939794,-2.77906e-08,0.281634,1,0
7.17773,0.380859,0.903438,-2.21724e-08,0.281634,1,0
7.11914,0.400391,0.849288,-1.68812e-08,0.287487,1,0
7.11914,0.419922,0.770804,-1.12832e-08,0.287487,1,0
7.13867,0.400391,0.849288,-1.67094e-08,0.285536,1,0
7.13867,0.419922,0.770804,-1.11405e-08,0.285536,1,0
7.11914,0.439453,0.660031,-6.48553e-09,0.287487,1,0
7.11914,0.458984,0.507662,-2.94213e-09,0.287487,1,0
7.13867,0.439453,0.660031,-6.40862e-09,0.285536,1,0
7.13867,0.458984,0.507662,-2.93576e-09,0.285536,1,0
7.1582,0.400391,0.849288,-1.65093e-08,0.283585,1,0
7.1582,0.419922,0.770804,-1.10344e-08,0.283585,1,0
7.17773,0.400391,0.849288,-1.63428e-08,0.281634,1,0
7.17773,0.419922,0.770804,-1.08953e-08,0.281634,1,0
7.1582,0.439453,0.660031,-6.34497e-09,0.283585,1,0
7.1582,0.458984,0.507662,-2.88219e-09,0.283585,1,0
7.17773,0.439453,0.660031,-6.27067e-09,0.281634,1,0
7.17773,0.458984,0.507662,-2.87797e-09,0.281634,1,0
7.04102,0.478516,0.303224,-6.30227e-10,0.295291,1,0
7.04102,0.498047,0.0353822,2.44326e-10,0.295291,0.6,0
7.06055,0.478516,0.303224,-6.14081e-10,0.29334,1,0
7.06055,0.498047,0.0353822,2.4448e-10,0.29334,0.6,0
7.08008,0.478516,0.303224,-6.21083e-10,0.291389,1,0
7.08008,0.498047,0.0353822,2.34827e-10,0.291389,0.6,0
7.09961,0.478516,0.303224,-6.05109e-10,0.289438,1,0
7.09961,0.498047,0.0353822,2.3543e-10,0.289438,0.6,0
7.11914,0.478516,0.303224,-6.12859e-10,0.287487,1,0
7.11914,0.498047,0.0353822,2.25679e-10,0.287487,0.6,0
7.13867,0.478516,0.303224,-5.97112e-10,0.285536,1,0
7.13867,0.498047,0.0353822,2.26713e-10,0.285536,0.6,0
7.1582,0.478516,0.303224,-6.05634e-10,0.283585,1,0
7.1582,0.498047,0.0353822,2.16874e-10,0.283585,0.6,0
7.17773,0.478516,0.303224,-5.90125e-10,0.281634,1,0
7.17773,0.498047,0.0353822,2.18317e-10,0.281634,0.6,0
7.19727,0.00976562,1.00069,1.0036e-10,0.279683,1,0
7.19727,0.0292969,1.00069,2.27382e-10,0.279683,1,0
7.2168,0.00976562,1.00069,1.04212e-10,0.277732,1,0
7.2168,0.0292969,1.00069,2.37249e-10,0.277732,1,0
7.19727,0.0488281,1.00069,3.96396e-11,0.279683,1,0
7.19727,0.0683594,1.00069,-7.51874e-10,0.279683,1,0
7.2168,0.0488281,1.00069,5.91442e-11,0.277732,1,0
7.2168,0.0683594,1.00069,-7.16039e-10,0.277732,1,0
7.23633,0.00976562,1.00069,1.07543e-10,0.275781,1,0
7.23633,0.0292969,1.00069,2.46129e-10,0.275781,1,0
7.25586,0.00976562,1.00069,1.09912e-10,0.27383,1,0
7.25586,0.0292969,1.00069,2.53414e-10,0.27383,1,0
7.23633,0.0488281,1.00069,7.73362e-11,0.275781,1,0
7.23633,0.0683594,1.00069,-6.82151e-10,0.275781,1,0
7.25586,0.0488281,1.00069,9.38708e-11,0.27383,1,0
7.25586,0.0683594,1.00069,-6.50489e-10,0.27383,1,0
7.19727,0.0878906,1.00069,-2.30813e-09,0.279683,1,0
7.19727,0.107422,1.00068,-4.69809e-09,0.279683,1,0
7.2168,0.0878906,1.00069,-2.25054e-09,0.277732,1,0
7.2168,0.107422,1.00068,-4.61239e-09,0.277732,1,0
7.19727,0.126953,1.00067,-7.91706e-09,0.279683,1,0
7.19727,0.146484,1.00063,-1.18669e-08,0.279683,1,0
7.2168,0.126953,1.00067,-7.79788e-09,0.277732,1,0
7.2168,0.146484,1.00063,-1.17094e-08,0.277732,1,0
7.23633,0.0878906,1.00069,-2.19542e-09,0.275781,1,0
7.23633,0.107422,1.00068,-4.52965e-09,0.275781,1,0
7.25586,0.0878906,1.00069,-2.143e-09,0.27383,1,0
7.25586,0.107422,1.00068,-4.45007e-09,0.27383,1,0
7.23633,0.126953,1.00067,-7.68205e-09,0.275781,1,0
7.23633,0.146484,1.00063,-1.15554e-08,0.275781,1,0
7.25586,0.126953,1.00067,-7.56977e-09,0.27383,1,0
7.25586,0.146484,1.00063,-1.14054e-08,0.27383,1,0
7.27539,0.00976562,1.00069,1.11257e-10,0.271879,1,0
7.27539,0.0292969,1.00069,2.58934e-10,0.271879,1,0
7.29492,0.00976562,1.00069,1.11756e-10,0.269928,1,0
7.29492,0.0292969,1.00069,2.6281e-10,0.269928,1,0
7.27539,0.0488281,1.00069,1.08512e-10,0.271879,1,0
7.27539,0.0683594,1.00069,-6.21272e-10,0.271879,1,0
7.29492,0.0488281,1.00069,1.21141e-10,0.269928,1,0
7.29492,0.0683594,1.00069,-5.94648e-10,0.269928,1,0
7.31445,0.00976562,1.00069,1.11611e-10,0.267977,1,0
7.31445,0.0292969,1.00069,2.65217e-10,0.267977,1,0
7.33398,0.00976562,1.00069,1.109e-10,0.266026,1,0
7.33398,0.0292969,1.00069,2.66208e-10,0.266026,1,0
7.31445,0.0488281,1.00069,1.31702e-10,0.267977,1,0
7.31445,0.0683594,1.00069,-5.7073e-10,0.267977,1,0
7.33398,0.0488281,1.00069,1.40133e-10,0.266026,1,0
7.33398,0.0683594,1.00069,-5.49635e-10,0.266026,1,0
7.27539,0.0878906,1.00069,-2.09345e-09,0.271879,1,0
7.27539,0.107422,1.00068,-4.37387e-09,0.271879,1,0
7.29492,0.0878906,1.00069,-2.04697e-09,0.269928,1,0
7.29492,0.107422,1.00068,-4.30125e-09,0.269928,1,0
7.27539,0.126953,1.00067,-7.46128e-09,0.271879,1,0
7.27539,0.146484,1.00063,-1.12596e-08,0.271879,1,0
7.29492,0.126953,1.00067,-7.35678e-09,0.269928,1,0
7.29492,0.146484,1.00063,-1.11181e-08,0.269928,1,0
7.31445,0.0878906,1.00069,-2.00374e-09,0.267977,1,0
7.31445,0.107422,1.00068,-4.2324e-09,0.267977,1,0
7.33398,0.0878906,1.00069,-1.96392e-09,0.266026,1,0
7.33398,0.107422,1.00068,-4.16755e-09,0.266026,1,0
7.31445,0.126953,1.00067,-7.25652e-09,0.267977,1,0
7.31445,0.146484,1.00063,-1.09812e-08,0.267977,1,0
7.33398,0.126953,1.00067,-7.16073e-09,0.266026,1,0
7.33398,0.146484,1.00063,-1.08493e-08,0.266026,1,0
7.19727,0.166016,1.00056,-1.63724e-08,0.279683,1,0
7.19727,0.185547,1.00042,-2.1183e-08,0.279683,1,0
7.2168,0.166016,1.00056,-1.6173e-08,0.277732,1,0
7.2168,0.185547,1.00042,-2.094e-08,0.277732,1,0
7.19727,0.205078,1.00014,-2.59908e-08,0.279683,1,0
7.19727,0.224609,0.999598,-3.04461e-08,0.279683,1,0
7.2168,0.205078,1.00014,-2.57046e-08,0.277732,1,0
7.2168,0.224609,0.999598,-3.012e-08,0.277732,1,0
7.23633,0.166016,1.00056,-1.59776e-08,0.275781,1,0
7.23633,0.185547,1.00042,-2.07011e-08,0.275781,1,0
7.25586,0.166016,1.00056,-1.57863e-08,0.27383,1,0
7.25586,0.185547,1.00042,-2.04667e-08,0.27383,1,0
7.23633,0.205078,1.00014,-2.54229e-08,0.275781,1,0
7.23633,0.224609,0.999598,-2.97984e-08,0.275781,1,0
7.25586,0.205078,1.00014,-2.51458e-08,0.27383,1,0
7.25586,0.224609,0.999598,-2.94817e-08,0.27383,1,0
7.19727,0.244141,0.998585,-3.4181e-08,0.279683,1,0
7.19727,0.263672,0.996745,-3.68407e-08,0.279683,1,0
7.2168,0.244141,0.998585,-3.38211e-08,0.277732,1,0
7.2168,0.263672,0.996745,-3.64562e-08,0.277732,1,0
7.19727,0.283203,0.993494,-3.81172e-08,0.279683,1,0
7.19727,0.302734,0.987915,-3.78016e-08,0.279683,1,0
7.2168,0.283203,0.993494,-3.77203e-08,0.277732,1,0
7.2168,0.302734,0.987915,-3.74068e-08,0.277732,1,0
7.23633,0.244141,0.998585,-3.34659e-08,0.275781,1,0
7.23633,0.263672,0.996745,-3.60765e-08,0.275781,1,0
7.25586,0.244141,0.998585,-3.31157e-08,0.27383,1,0
7.25586,0.263672,0.996745,-3.57019e-08,0.27383,1,0
7.23633,0.283203,0.993494,-3.73282e-08,0.275781,1,0
7.23633,0.302734,0.987915,-3.70169e-08,0.275781,1,0
7.25586,0.283203,0.993494,-3.69414e-08,0.27383,1,0
7.25586,0.302734,0.987915,-3.66322e-08,0.27383,1,0
7.27539,0.166016,1.00056,-1.55994e-08,0.271879,1,0
7.27539,0.185547,1.00042,-2.0237e-08,0.271879,1,0
7.29492,0.166016,1.00056,-1.54173e-08,0.269928,1,0
7.29492,0.185547,1.00042,-2.00122e-08,0.269928,1,0
7.27539,0.205078,1.00014,-2.48736e-08,0.271879,1,0
7.27539,0.224609,0.999598,-2.91701e-08,0.271879,1,0
7.29492,0.205078,1.00014,-2.46066e-08,0.269928,1,0
7.29492,0.224609,0.999598,-2.8864e-08,0.269928,1,0
7.31445,0.166016,1.00056,-1.52402e-08,0.267977,1,0
7.31445,0.185547,1.00042,-1.97928e-08,0.267977,1,0
7.33398,0.166016,1.00056,-1.50683e-08,0.266026,1,0
7.33398,0.185547,1.00042,-1.95789e-08,0.266026,1,0
7.31445,0.205078,1.00014,-2.43452e-08,0.267977,1,0
7.31445,0.224609,0.999598,-2.85636e-08,0.267977,1,0
7.33398,0.205078,1.00014,-2.40896e-08,0.266026,1,0
7.33398,0.224609,0.999598,-2.82692e-08,0.266026,1,0
7.27539,0.244141,0.998585,-3.27707e-08,0.271879,1,0
7.27539,0.263672,0.996745,-3.53327e-08,0.271879,1,0
7.29492,0.244141,0.998585,-3.24314e-08,0.269928,1,0
7.29492,0.263672,0.996745,-3.49692e-08,0.269928,1,0
7.27539,0.283203,0.993494,-3.65599e-08,0.271879,1,0
7.27539,0.302734,0.987915,-3.62527e-08,0.271879,1,0
7.29492,0.283203,0.993494,-3.61842e-08,0.269928,1,0
7.29492,0.302734,0.987915,-3.58789e-08,0.269928,1,0
7.31445,0.244141,0.998585,-3.20979e-08,0.267977,1,0
7.31445,0.263672,0.996745,-3.46116e-08,0.267977,1,0
7.33398,0.244141,0.998585,-3.17706e-08,0.266026,1,0
7.33398,0.263672,0.996745,-3.42604e-08,0.266026,1,0
7.31445,0.283203,0.993494,-3.58144e-08,0.267977,1,0
7.31445,0.302734,0.987915,-3.55111e-08,0.267977,1,0
7.33398,0.283203,0.993494,-3.5451e-08,0.266026,1,0
7.33398,0.302734,0.987915,-3.51495e-08,0.266026,1,0
7.35352,0.00976562,1.00069,1.09557e-10,0.264075,1,0
7.35352,0.0292969,1.00069,2.65679e-10,0.264075,1,0
7.37305,0.00976562,1.00069,1.07433e-10,0.262124,1,0
7.37305,0.0292969,1.00069,2.63429e-10,0.262124,1,0
7.35352,0.0488281,1.00069,1.46335e-10,0.264075,1,0
7.35352,0.0683594,1.00069,-5.31507e-10,0.264075,1,0
7.37305,0.0488281,1.00069,1.50171e-10,0.262124,1,0
7.37305,0.0683594,1.00069,-5.16519e-10,0.262124,1,0
7.39258,0.00976562,1.00069,1.04377e-10,0.260173,1,0
7.39258,0.0292969,1.00069,2.59248e-10,0.260173,1,0
7.41211,0.00976562,1.00069,1.00289e-10,0.258222,1,0
7.41211,0.0292969,1.00069,2.52975e-10,0.258222,1,0
7.39258,0.0488281,1.00069,1.51486e-10,0.260173,1,0
7.39258,0.0683594,1.00069,-5.04858e-10,0.260173,1,0
7.41211,0.0488281,1.00069,1.50121e-10,0.258222,1,0
7.41211,0.0683594,1.00069,-4.96718e-10,0.258222,1,0
7.35352,0.0878906,1.00069,-1.92769e-09,0.264075,1,0
7.35352,0.107422,1.00068,-4.10689e-09,0.264075,1,0
7.37305,0.0878906,1.00069,-1.89525e-09,0.262124,1,0
7.37305,0.107422,1.00068,-4.05064e-09,0.262124,1,0
7.35352,0.126953,1.00067,-7.06966e-09,0.264075,1,0
7.35352,0.146484,1.00063,-1.07225e-08,0.264075,1,0
7.37305,0.126953,1.00067,-6.98354e-09,0.262124,1,0
7.37305,0.146484,1.00063,-1.06012e-08,0.262124,1,0
7.39258,0.0878906,1.00069,-1.86679e-09,0.260173,1,0
7.39258,0.107422,1.00068,-3.99905e-09,0.260173,1,0
7.41211,0.0878906,1.00069,-1.84254e-09,0.258222,1,0
7.41211,0.107422,1.00068,-3.95235e-09,0.258222,1,0
7.39258,0.126953,1.00067,-6.90266e-09,0.260173,1,0
7.39258,0.146484,1.00063,-1.04857e-08,0.260173,1,0
7.41211,0.126953,1.00067,-6.82728e-09,0.258222,1,0
7.41211,0.146484,1.00063,-1.03762e-08,0.258222,1,0
7.43164,0.00976562,1.00069,9.51293e-11,0.256271,1,0
7.43164,0.0292969,1.00069,2.44508e-10,0.256271,1,0
7.45117,0.00976562,1.00069,8.88878e-11,0.25432,1,0
7.45117,0.0292969,1.00069,2.33772e-10,0.25432,1,0
7.43164,0.0488281,1.00069,1.45922e-10,0.256271,1,0
7.43164,0.0683594,1.00069,-4.92296e-10,0.256271,1,0
7.45117,0.0488281,1.00069,1.38729e-10,0.25432,1,0
7.45117,0.0683594,1.00069,-4.91804e-10,0.25432,1,0
7.4707,0.00976562,1.00069,8.15501e-11,0.252369,1,0
7.4707,0.0292969,1.00069,2.20679e-10,0.252369,1,0
7.49023,0.00976562,1.00069,7.30663e-11,0.250418,1,0
7.49023,0.0292969,1.00069,2.05088e-10,0.250418,1,0
7.4707,0.0488281,1.00069,1.28362e-10,0.252369,1,0
7.4707,0.0683594,1.00069,-4.95483e-10,0.252369,1,0
7.49023,0.0488281,1.00069,1.14605e-10,0.250418,1,0
7.49023,0.0683594,1.00069,-5.0362e-10,0.250418,1,0
7.43164,0.0878906,1.00069,-1.82272e-09,0.256271,1,0
7.43164,0.107422,1.00068,-3.91084e-09,0.256271,1,0
7.45117,0.0878906,1.00069,-1.8076e-09,0.25432,1,0
7.45117,0.107422,1.00068,-3.87481e-09,0.25432,1,0
7.43164,0.126953,1.00067,-6.75772e-09,0.256271,1,0
7.43164,0.146484,1.00063,-1.02731e-08,0.256271,1,0
7.45117,0.126953,1.00067,-6.69433e-09,0.25432,1,0
7.45117,0.146484,1.00063,-1.01769e-08,0.25432,1,0
7.4707,0.0878906,1.00069,-1.79748e-09,0.252369,1,0
7.4707,0.107422,1.00068,-3.84461e-09,0.252369,1,0
7.49023,0.0878906,1.00069,-1.7927e-09,0.250418,1,0
7.49023,0.107422,1.00068,-3.82066e-09,0.250418,1,0
7.4707,0.126953,1.00067,-6.63752e-09,0.252369,1,0
7.4707,0.146484,1.00063,-1.00879e-08,0.252369,1,0
7.49023,0.126953,1.00067,-6.58774e-09,0.250418,1,0
7.49023,0.146484,1.00063,-1.00067e-08,0.250418,1,0
7.35352,0.166016,1.00056,-1.4902e-08,0.264075,1,0
7.35352,0.185547,1.00042,-1.9371e-08,0.264075,1,0
7.37305,0.166016,1.00056,-1.47416e-08,0.262124,1,0
7.37305,0.185547,1.00042,-1.91692e-08,0.262124,1,0
7.35352,0.205078,1.00014,-2.38402e-08,0.264075,1,0
7.35352,0.224609,0.999598,-2.79813e-08,0.264075,1,0
7.37305,0.205078,1.00014,-2.35974e-08,0.262124,1,0
7.37305,0.224609,0.999598,-2.77001e-08,0.262124,1,0
7.39258,0.166016,1.00056,-1.45873e-08,0.260173,1,0
7.39258,0.185547,1.00042,-1.89741e-08,0.260173,1,0
7.41211,0.166016,1.00056,-1.44396e-08,0.258222,1,0
7.41211,0.185547,1.00042,-1.8786e-08,0.258222,1,0
7.39258,0.205078,1.00014,-2.33615e-08,0.260173,1,0
7.39258,0.224609,0.999598,-2.74262e-08,0.260173,1,0
7.41211,0.205078,1.00014,-2.31329e-08,0.258222,1,0
7.41211,0.224609,0.999598,-2.71598e-08,0.258222,1,0
7.35352,0.244141,0.998585,-3.145e-08,0.264075,1,0
7.35352,0.263672,0.996745,-3.39159e-08,0.264075,1,0
7.37305,0.244141,0.998585,-3.11363e-08,0.262124,1,0
7.37305,0.263672,0.996745,-3.35785e-08,0.262124,1,0
7.35352,0.283203,0.993494,-3.50944e-08,0.264075,1,0
7.35352,0.302734,0.987915,-3.47946e-08,0.264075,1,0
7.37305,0.283203,0.993494,-3.47449e-08,0.262124,1,0
7.37305,0.302734,0.987915,-3.44467e-08,0.262124,1,0
7.39258,0.244141,0.998585,-3.08301e-08,0.260173,1,0
7.39258,0.263672,0.996745,-3.32487e-08,0.260173,1,0
7.41211,0.244141,0.998585,-3.05317e-08,0.258222,1,0
7.41211,0.263672,0.996745,-3.29268e-08,0.258222,1,0
7.39258,0.283203,0.993494,-3.44029e-08,0.260173,1,0
7.39258,0.302734,0.987915,-3.41064e-08,0.260173,1,0
7.41211,0.283203,0.993494,-3.4069e-08,0.258222,1,0
7.41211,0.302734,0.987915,-3.37741e-08,0.258222,1,0
7.43164,0.166016,1.00056,-1.42989e-08,0.256271,1,0
7.43164,0.185547,1.00042,-1.86052e-08,0.256271,1,0
7.45117,0.166016,1.00056,-1.41656e-08,0.25432,1,0
7.45117,0.185547,1.00042,-1.84324e-08,0.25432,1,0
7.43164,0.205078,1.00014,-2.29121e-08,0.256271,1,0
7.43164,0.224609,0.999598,-2.69017e-08,0.256271,1,0
7.45117,0.205078,1.00014,-2.26996e-08,0.25432,1,0
7.45117,0.224609,0.999598,-2.66521e-08,0.25432,1,0
7.4707,0.166016,1.00056,-1.40401e-08,0.252369,1,0
7.4707,0.185547,1.00042,-1.82679e-08,0.252369,1,0
7.49023,0.166016,1.00056,-1.3923e-08,0.250418,1,0
7.49023,0.185547,1.00042,-1.81125e-08,0.250418,1,0
7.4707,0.205078,1.00014,-2.24961e-08,0.252369,1,0
7.4707,0.224609,0.999598,-2.64119e-08,0.252369,1,0
7.49023,0.205078,1.00014,-2.2302e-08,0.250418,1,0
7.49023,0.224609,0.999598,-2.61816e-08,0.250418,1,0
7.43164,0.244141,0.998585,-3.02417e-08,0.256271,1,0
7.43164,0.263672,0.996745,-3.26135e-08,0.256271,1,0
7.45117,0.244141,0.998585,-2.99606e-08,0.25432,1,0
7.45117,0.263672,0.996745,-3.23093e-08,0.25432,1,0
7.43164,0.283203,0.993494,-3.37438e-08,0.256271,1,0
7.43164,0.302734,0.987915,-3.34503e-08,0.256271,1,0
7.45117,0.283203,0.993494,-3.34277e-08,0.25432,1,0
7.45117,0.302734,0.987915,-3.31356e-08,0.25432,1,0
7.4707,0.244141,0.998585,-2.96891e-08,0.252369,1,0
7.4707,0.263672,0.996745,-3.20149e-08,0.252369,1,0
7.49023,0.244141,0.998585,-2.94279e-08,0.250418,1,0
7.49023,0.263672,0.996745,-3.17311e-08,0.250418,1,0
7.4707,0.283203,0.993494,-3.31215e-08,0.252369,1,0
7.4707,0.302734,0.987915,-3.28308e-08,0.252369,1,0
7.49023,0.283203,0.993494,-3.28259e-08,0.250418,1,0
7.49023,0.302734,0.987915,-3.25365e-08,0.250418,1,0
7.19727,0.322266,0.978612,-3.58186e-08,0.279683,1,0
7.19727,0.341797,0.963537,-3.22848e-08,0.279683,1,0
7.2168,0.322266,0.978612,-3.54419e-08,0.277732,1,0
7.2168,0.341797,0.963537,-3.19419e-08,0.277732,1,0
7.19727,0.361328,0.939794,-2.74914e-08,0.279683,1,0
7.19727,0.380859,0.903438,-2.19348e-08,0.279683,1,0
7.2168,0.361328,0.939794,-2.7196e-08,0.277732,1,0
7.2168,0.380859,0.903438,-2.16926e-08,0.277732,1,0
7.23633,0.322266,0.978612,-3.507e-08,0.275781,1,0
7.23633,0.341797,0.963537,-3.16035e-08,0.275781,1,0
7.25586,0.322266,0.978612,-3.4703e-08,0.27383,1,0
7.25586,0.341797,0.963537,-3.12697e-08,0.27383,1,0
7.23633,0.361328,0.939794,-2.69048e-08,0.275781,1,0
7.23633,0.380859,0.903438,-2.1462e-08,0.275781,1,0
7.25586,0.361328,0.939794,-2.66177e-08,0.27383,1,0
7.25586,0.380859,0.903438,-2.1227e-08,0.27383,1,0
7.19727,0.400391,0.849288,-1.61477e-08,0.279683,1,0
7.19727,0.419922,0.770804,-1.07937e-08,0.279683,1,0
7.2168,0.400391,0.849288,-1.59871e-08,0.277732,1,0
7.2168,0.419922,0.770804,-1.06585e-08,0.277732,1,0
7.19727,0.439453,0.660031,-6.21002e-09,0.279683,1,0
7.19727,0.458984,0.507662,-2.82557e-09,0.279683,1,0
7.2168,0.439453,0.660031,-6.13856e-09,0.277732,1,0
7.2168,0.458984,0.507662,-2.82354e-09,0.277732,1,0
7.23633,0.400391,0.849288,-1.57973e-08,0.275781,1,0
7.23633,0.419922,0.770804,-1.05618e-08,0.275781,1,0
7.25586,0.400391,0.849288,-1.56432e-08,0.27383,1,0
7.25586,0.419922,0.770804,-1.04309e-08,0.27383,1,0
7.23633,0.439453,0.660031,-6.08114e-09,0.275781,1,0
7.23633,0.458984,0.507662,-2.7724e-09,0.275781,1,0
7.25586,0.439453,0.660031,-6.01284e-09,0.27383,1,0
7.25586,0.458984,0.507662,-2.77273e-09,0.27383,1,0
7.27539,0.322266,0.978612,-3.43412e-08,0.271879,1,0
7.27539,0.341797,0.963537,-3.09408e-08,0.271879,1,0
7.29492,0.322266,0.978612,-3.39849e-08,0.269928,1,0
7.29492,0.341797,0.963537,-3.06172e-08,0.269928,1,0
7.27539,0.361328,0.939794,-2.63352e-08,0.271879,1,0
7.27539,0.380859,0.903438,-2.10042e-08,0.271879,1,0
7.29492,0.361328,0.939794,-2.60574e-08,0.269928,1,0
7.29492,0.380859,0.903438,-2.07772e-08,0.269928,1,0
7.31445,0.322266,0.978612,-3.36343e-08,0.267977,1,0
7.31445,0.341797,0.963537,-3.02989e-08,0.267977,1,0
7.33398,0.322266,0.978612,-3.32899e-08,0.266026,1,0
7.33398,0.341797,0.963537,-2.99864e-08,0.266026,1,0
7.31445,0.361328,0.939794,-2.57846e-08,0.267977,1,0
7.31445,0.380859,0.903438,-2.05631e-08,0.267977,1,0
7.33398,0.361328,0.939794,-2.55171e-08,0.266026,1,0
7.33398,0.380859,0.903438,-2.03452e-08,0.266026,1,0
7.27539,0.400391,0.849288,-1.54595e-08,0.271879,1,0
7.27539,0.419922,0.770804,-1.03396e-08,0.271879,1,0
7.29492,0.400391,0.849288,-1.53126e-08,0.269928,1,0
7.29492,0.419922,0.770804,-1.02137e-08,0.269928,1,0
7.27539,0.439453,0.660031,-5.95907e-09,0.271879,1,0
7.27539,0.458984,0.507662,-2.7231e-09,0.271879,1,0
7.29492,0.439453,0.660031,-5.89441e-09,0.269928,1,0
7.29492,0.458984,0.507662,-2.72617e-09,0.269928,1,0
7.31445,0.400391,0.849288,-1.51358e-08,0.267977,1,0
7.31445,0.419922,0.770804,-1.01285e-08,0.267977,1,0
7.33398,0.400391,0.849288,-1.4997e-08,0.266026,1,0
7.33398,0.419922,0.770804,-1.00084e-08,0.266026,1,0
7.31445,0.439453,0.660031,-5.84487e-09,0.267977,1,0
7.31445,0.458984,0.507662,-2.67847e-09,0.267977,1,0
7.33398,0.439453,0.660031,-5.78449e-09,0.266026,1,0
7.33398,0.458984,0.507662,-2.68473e-09,0.266026,1,0
7.19727,0.478516,0.303224,-5.99417e-10,0.279683,1,0
7.19727,0.498047,0.0353822,2.08447e-10,0.279683,0.6,0
7.2168,0.478516,0.303224,-5.8417e-10,0.277732,1,0
7.2168,0.498047,0.0353822,2.10313e-10,0.277732,0.6,0
7.23633,0.478516,0.303224,-5.94279e-10,0.275781,1,0
7.23633,0.498047,0.0353822,2.00493e-10,0.275781,0.6,0
7.25586,0.478516,0.303224,-5.79379e-10,0.27383,1,0
7.25586,0.498047,0.0353822,2.0284e-10,0.27383,0.6,0
7.27539,0.478516,0.303224,-5.90425e-10,0.271879,1,0
7.27539,0.498047,0.0353822,1.93127e-10,0.271879,0.6,0
7.29492,0.478516,0.303224,-5.75997e-10,0.269928,1,0
7.29492,0.498047,0.0353822,1.96037e-10,0.269928,0.6,0
7.31445,0.478516,0.303224,-5.88146e-10,0.267977,1,0
7.31445,0.498047,0.0353822,1.86457e-10,0.267977,0.6,0
7.33398,0.478516,0.303224,-5.74339e-10,0.266026,1,0
7.33398,0.498047,0.0353822,1.90057e-10,0.266026,0.6,0
7.35352,0.322266,0.978612,-3.29519e-08,0.264075,1,0
7.35352,0.341797,0.963537,-2.96801e-08,0.264075,1,0
7.37305,0.322266,0.978612,-3.26207e-08,0.262124,1,0
7.37305,0.341797,0.963537,-2.93803e-08,0.262124,1,0
7.35352,0.361328,0.939794,-2.52553e-08,0.264075,1,0
7.35352,0.380859,0.903438,-2.0141e-08,0.264075,1,0
7.37305,0.361328,0.939794,-2.49996e-08,0.262124,1,0
7.37305,0.380859,0.903438,-1.99335e-08,0.262124,1,0
7.39258,0.322266,0.978612,-3.22969e-08,0.260173,1,0
7.39258,0.341797,0.963537,-2.90875e-08,0.260173,1,0
7.41211,0.322266,0.978612,-3.19808e-08,0.258222,1,0
7.41211,0.341797,0.963537,-2.88021e-08,0.258222,1,0
7.39258,0.361328,0.939794,-2.47502e-08,0.260173,1,0
7.39258,0.380859,0.903438,-1.97405e-08,0.260173,1,0
7.41211,0.361328,0.939794,-2.45078e-08,0.258222,1,0
7.41211,0.380859,0.903438,-1.95449e-08,0.258222,1,0
7.35352,0.400391,0.849288,-1.48282e-08,0.264075,1,0
7.35352,0.419922,0.770804,-9.93026e-09,0.264075,1,0
7.37305,0.400391,0.849288,-1.46986e-08,0.262124,1,0
7.37305,0.419922,0.770804,-9.81691e-09,0.262124,1,0
7.35352,0.439453,0.660031,-5.7399e-09,0.264075,1,0
7.35352,0.458984,0.507662,-2.63946e-09,0.264075,1,0
7.37305,0.439453,0.660031,-5.6846e-09,0.262124,1,0
7.37305,0.458984,0.507662,-2.64944e-09,0.262124,1,0
7.39258,0.400391,0.849288,-1.4539e-08,0.260173,1,0
7.39258,0.419922,0.770804,-9.74696e-09,0.260173,1,0
7.41211,0.400391,0.849288,-1.44202e-08,0.258222,1,0
7.41211,0.419922,0.770804,-9.64161e-09,0.258222,1,0
7.39258,0.439453,0.660031,-5.64582e-09,0.260173,1,0
7.39258,0.458984,0.507662,-2.60717e-09,0.260173,1,0
7.41211,0.439453,0.660031,-5.59653e-09,0.258222,1,0
7.41211,0.458984,0.507662,-2.62147e-09,0.258222,1,0
7.43164,0.322266,0.978612,-3.16731e-08,0.256271,1,0
7.43164,0.341797,0.963537,-2.85246e-08,0.256271,1,0
7.45117,0.322266,0.978612,-3.13744e-08,0.25432,1,0
7.45117,0.341797,0.963537,-2.82557e-08,0.25432,1,0
7.43164,0.361328,0.939794,-2.42728e-08,0.256271,1,0
7.43164,0.380859,0.903438,-1.9365e-08,0.256271,1,0
7.45117,0.361328,0.939794,-2.40458e-08,0.25432,1,0
7.45117,0.380859,0.903438,-1.91832e-08,0.25432,1,0
7.4707,0.322266,0.978612,-3.10852e-08,0.252369,1,0
7.4707,0.341797,0.963537,-2.7996e-08,0.252369,1,0
7.49023,0.322266,0.978612,-3.08064e-08,0.250418,1,0
7.49023,0.341797,0.963537,-2.77463e-08,0.250418,1,0
7.4707,0.361328,0.939794,-2.38274e-08,0.252369,1,0
7.4707,0.380859,0.903438,-1.90184e-08,0.252369,1,0
7.49023,0.361328,0.939794,-2.36183e-08,0.250418,1,0
7.49023,0.380859,0.903438,-1.88528e-08,0.250418,1,0
7.43164,0.400391,0.849288,-1.42714e-08,0.256271,1,0
7.43164,0.419922,0.770804,-9.58116e-09,0.256271,1,0
7.45117,0.400391,0.849288,-1.4165e-08,0.25432,1,0
7.45117,0.419922,0.770804,-9.48526e-09,0.25432,1,0
7.43164,0.439453,0.660031,-5.56461e-09,0.256271,1,0
7.43164,0.458984,0.507662,-2.58287e-09,0.256271,1,0
7.45117,0.439453,0.660031,-5.52245e-09,0.25432,1,0
7.45117,0.458984,0.507662,-2.60221e-09,0.25432,1,0
7.4707,0.400391,0.849288,-1.40289e-08,0.252369,1,0
7.4707,0.419922,0.770804,-9.4359e-09,0.252369,1,0
7.49023,0.400391,0.849288,-1.39369e-08,0.250418,1,0
7.49023,0.419922,0.770804,-9.35119e-09,0.250418,1,0
7.4707,0.439453,0.660031,-5.4986e-09,0.252369,1,0
7.4707,0.458984,0.507662,-2.56807e-09,0.252369,1,0
7.49023,0.439453,0.660031,-5.46491e-09,0.250418,1,0
7.49023,0.458984,0.507662,-2.59331e-09,0.250418,1,0
7.35352,0.478516,0.303224,-5.8779e-10,0.264075,1,0
7.35352,0.498047,0.0353822,1.80619e-10,0.264075,0.6,0
7.37305,0.478516,0.303224,-5.74777e-10,0.262124,1,0
7.37305,0.498047,0.0353822,1.85071e-10,0.262124,0.6,0
7.39258,0.478516,0.303224,-5.89757e-10,0.260173,1,0
7.39258,0.498047,0.0353822,1.75795e-10,0.260173,0.6,0
7.41211,0.478516,0.303224,-5.77739e-10,0.258222,1,0
7.41211,0.498047,0.0353822,1.81275e-10,0.258222,0.6,0
7.43164,0.478516,0.303224,-5.94503e-10,0.256271,1,0
7.43164,0.498047,0.0353822,1.72203e-10,0.256271,0.6,0
7.45117,0.478516,0.303224,-5.83721e-10,0.25432,1,0
7.45117,0.498047,0.0353822,1.78878e-10,0.25432,0.6,0
7.4707,0.478516,0.303224,-6.02564e-10,0.252369,1,0
7.4707,0.498047,0.0353822,1.70073e-10,0.252369,0.6,0
7.49023,0.478516,0.303224,-5.93303e-10,0.250418,1,0
7.49023,0.498047,0.0353822,1.78122e-10,0.250418,0.6,0
7.50977,0.00976562,1.00069,6.33412e-11,0.248467,1,0
7.50977,0.0292969,1.00069,1.86794e-10,0.248467,1,0
7.5293,0.00976562,1.00069,5.22382e-11,0.246516,1,0
7.5293,0.0292969,1.00069,1.65531e-10,0.246516,1,0
7.50977,0.0488281,1.00069,9.71921e-11,0.248467,1,0
7.50977,0.0683594,1.00069,-5.16556e-10,0.248467,1,0
7.5293,0.0488281,1.00069,7.58101e-11,0.246516,1,0
7.5293,0.0683594,1.00069,-5.34694e-10,0.246516,1,0
7.54883,0.00976562,1.00069,3.95947e-11,0.244565,1,0
7.54883,0.0292969,1.00069,1.40989e-10,0.244565,1,0
7.56836,0.00976562,1.00069,2.5236e-11,0.242614,1,0
7.56836,0.0292969,1.00069,1.12827e-10,0.242614,1,0
7.54883,0.0488281,1.00069,5.00961e-11,0.244565,1,0
7.54883,0.0683594,1.00069,-5.58493e-10,0.244565,1,0
7.56836,0.0488281,1.00069,1.96436e-11,0.242614,1,0
7.56836,0.0683594,1.00069,-5.88472e-10,0.242614,1,0
7.50977,0.0878906,1.00069,-1.79368e-09,0.248467,1,0
7.50977,0.107422,1.00068,-3.80343e-09,0.248467,1,0
7.5293,0.0878906,1.00069,-1.80089e-09,0.246516,1,0
7.5293,0.107422,1.00068,-3.79346e-09,0.246516,1,0
7.50977,0.126953,1.00067,-6.54554e-09,0.248467,1,0
7.50977,0.146484,1.00063,-9.93384e-09,0.248467,1,0
7.5293,0.126953,1.00067,-6.51152e-09,0.246516,1,0
7.5293,0.146484,1.00063,-9.87005e-09,0.246516,1,0
7.54883,0.0878906,1.00069,-1.81486e-09,0.244565,1,0
7.54883,0.107422,1.00068,-3.79138e-09,0.244565,1,0
7.56836,0.0878906,1.00069,-1.8362e-09,0.242614,1,0
7.56836,0.107422,1.00068,-3.79787e-09,0.242614,1,0
7.54883,0.126953,1.00067,-6.48637e-09,0.244565,1,0
7.54883,0.146484,1.00063,-9.81607e-09,0.244565,1,0
7.56836,0.126953,1.00067,-6.47088e-09,0.242614,1,0
7.56836,0.146484,1.00063,-9.77274e-09,0.242614,1,0
7.58789,0.00976562,1.00069,8.97883e-12,0.240663,1,0
7.58789,0.0292969,1.00069,8.06805e-11,0.240663,1,0
7.60742,0.00976562,1.00069,-9.35997e-12,0.238712,1,0
7.60742,0.0292969,1.00069,4.41776e-11,0.238712,1,0
7.58789,0.0488281,1.00069,-1.59916e-11,0.240663,1,0
7.58789,0.0683594,1.00069,-6.25196e-10,0.240663,1,0
7.60742,0.0488281,1.00069,-5.72864e-11,0.238712,1,0
7.60742,0.0683594,1.00069,-6.69289e-10,0.238712,1,0
7.62695,0.00976562,1.00069,-2.99556e-11,0.236761,1,0
7.62695,0.0292969,1.00069,2.93256e-12,0.236761,1,0
7.64648,0.00976562,1.00069,-5.30172e-11,0.23481,1,0
7.64648,0.0292969,1.00069,-4.35116e-11,0.23481,1,0
7.62695,0.0488281,1.00069,-1.04768e-10,0.236761,1,0
7.62695,0.0683594,1.00069,-7.21435e-10,0.236761,1,0
7.64648,0.0488281,1.00069,-1.59029e-10,0.23481,1,0
7.64648,0.0683594,1.00069,-7.82377e-10,0.23481,1,0
7.58789,0.0878906,1.00069,-1.86557e-09,0.240663,1,0
7.58789,0.107422,1.00068,-3.81371e-09,0.240663,1,0
7.60742,0.0878906,1.00069,-1.90371e-09,0.238712,1,0
7.60742,0.107422,1.00068,-3.83975e-09,0.238712,1,0
7.58789,0.126953,1.00067,-6.4659e-09,0.240663,1,0
7.58789,0.146484,1.00063,-9.74102e-09,0.240663,1,0
7.60742,0.126953,1.00067,-6.47238e-09,0.238712,1,0
7.60742,0.146484,1.00063,-9.72195e-09,0.238712,1,0
7.62695,0.0878906,1.00069,-1.95143e-09,0.236761,1,0
7.62695,0.107422,1.00068,-3.87691e-09,0.236761,1,0
7.64648,0.0878906,1.00069,-2.00959e-09,0.23481,1,0
7.64648,0.107422,1.00068,-3.92621e-09,0.23481,1,0
7.62695,0.126953,1.00067,-6.49136e-09,0.236761,1,0
7.62695,0.146484,1.00063,-9.71666e-09,0.236761,1,0
7.64648,0.126953,1.00067,-6.52398e-09,0.23481,1,0
7.64648,0.146484,1.00063,-9.72643e-09,0.23481,1,0
7.50977,0.166016,1.00056,-1.38151e-08,0.248467,1,0
7.50977,0.185547,1.00042,-1.79668e-08,0.248467,1,0
7.5293,0.166016,1.00056,-1.37169e-08,0.246516,1,0
7.5293,0.185547,1.00042,-1.78316e-08,0.246516,1,0
7.50977,0.205078,1.00014,-2.21182e-08,0.248467,1,0
7.50977,0.224609,0.999598,-2.5962e-08,0.248467,1,0
7.5293,0.205078,1.00014,-2.19455e-08,0.246516,1,0
7.5293,0.224609,0.999598,-2.57541e-08,0.246516,1,0
7.54883,0.166016,1.00056,-1.36294e-08,0.244565,1,0
7.54883,0.185547,1.00042,-1.77077e-08,0.244565,1,0
7.56836,0.166016,1.00056,-1.35534e-08,0.242614,1,0
7.56836,0.185547,1.00042,-1.75962e-08,0.242614,1,0
7.54883,0.205078,1.00014,-2.17848e-08,0.244565,1,0
7.54883,0.224609,0.999598,-2.55586e-08,0.244565,1,0
7.56836,0.205078,1.00014,-2.16372e-08,0.242614,1,0
7.56836,0.224609,0.999598,-2.53768e-08,0.242614,1,0
7.50977,0.244141,0.998585,-2.91778e-08,0.248467,1,0
7.50977,0.263672,0.996745,-3.14585e-08,0.248467,1,0
7.5293,0.244141,0.998585,-2.89396e-08,0.246516,1,0
7.5293,0.263672,0.996745,-3.11982e-08,0.246516,1,0
7.50977,0.283203,0.993494,-3.25418e-08,0.248467,1,0
7.50977,0.302734,0.987915,-3.22536e-08,0.248467,1,0
7.5293,0.283203,0.993494,-3.227e-08,0.246516,1,0
7.5293,0.302734,0.987915,-3.19831e-08,0.246516,1,0
7.54883,0.244141,0.998585,-2.87144e-08,0.244565,1,0
7.54883,0.263672,0.996745,-3.09511e-08,0.244565,1,0
7.56836,0.244141,0.998585,-2.85033e-08,0.242614,1,0
7.56836,0.263672,0.996745,-3.07184e-08,0.242614,1,0
7.54883,0.283203,0.993494,-3.20115e-08,0.244565,1,0
7.54883,0.302734,0.987915,-3.17258e-08,0.244565,1,0
7.56836,0.283203,0.993494,-3.17676e-08,0.242614,1,0
7.56836,0.302734,0.987915,-3.14829e-08,0.242614,1,0
7.58789,0.166016,1.00056,-1.349e-08,0.240663,1,0
7.58789,0.185547,1.00042,-1.74982e-08,0.240663,1,0
7.60742,0.166016,1.00056,-1.34403e-08,0.238712,1,0
7.60742,0.185547,1.00042,-1.74148e-08,0.238712,1,0
7.58789,0.205078,1.00014,-2.15037e-08,0.240663,1,0
7.58789,0.224609,0.999598,-2.52098e-08,0.240663,1,0
7.60742,0.205078,1.00014,-2.13857e-08,0.238712,1,0
7.60742,0.224609,0.999598,-2.50589e-08,0.238712,1,0
7.62695,0.166016,1.00056,-1.34055e-08,0.236761,1,0
7.62695,0.185547,1.00042,-1.73473e-08,0.236761,1,0
7.64648,0.166016,1.00056,-1.33871e-08,0.23481,1,0
7.64648,0.185547,1.00042,-1.72973e-08,0.23481,1,0
7.62695,0.205078,1.00014,-2.12844e-08,0.236761,1,0
7.62695,0.224609,0.999598,-2.49255e-08,0.236761,1,0
7.64648,0.205078,1.00014,-2.12016e-08,0.23481,1,0
7.64648,0.224609,0.999598,-2.48112e-08,0.23481,1,0
7.58789,0.244141,0.998585,-2.83074e-08,0.240663,1,0
7.58789,0.263672,0.996745,-3.05013e-08,0.240663,1,0
7.60742,0.244141,0.998585,-2.81282e-08,0.238712,1,0
7.60742,0.263672,0.996745,-3.03011e-08,0.238712,1,0
7.58789,0.283203,0.993494,-3.15393e-08,0.240663,1,0
7.58789,0.302734,0.987915,-3.12557e-08,0.240663,1,0
7.60742,0.283203,0.993494,-3.13282e-08,0.238712,1,0
7.60742,0.302734,0.987915,-3.10455e-08,0.238712,1,0
7.62695,0.244141,0.998585,-2.7967e-08,0.236761,1,0
7.62695,0.263672,0.996745,-3.01193e-08,0.236761,1,0
7.64648,0.244141,0.998585,-2.78256e-08,0.23481,1,0
7.64648,0.263672,0.996745,-2.99577e-08,0.23481,1,0
7.62695,0.283203,0.993494,-3.11357e-08,0.236761,1,0
7.62695,0.302734,0.987915,-3.08538e-08,0.236761,1,0
7.64648,0.283203,0.993494,-3.09634e-08,0.23481,1,0
7.64648,0.302734,0.987915,-3.06823e-08,0.23481,1,0
7.66602,0.00976562,1.00069,-7.87942e-11,0.232859,1,0
7.66602,0.0292969,1.00069,-9.56576e-11,0.232859,1,0
7.68555,0.00976562,1.00069,-1.07493e-10,0.230908,1,0
7.68555,0.0292969,1.00069,-1.53941e-10,0.230908,1,0
7.66602,0.0488281,1.00069,-2.20682e-10,0.232859,1,0
7.66602,0.0683594,1.00069,-8.529e-10,0.232859,1,0
7.68555,0.0488281,1.00069,-2.90331e-10,0.230908,1,0
7.68555,0.0683594,1.00069,-9.33845e-10,0.230908,1,0
7.70508,0.00976562,1.00069,-1.39306e-10,0.228957,1,0
7.70508,0.0292969,1.00069,-2.18799e-10,0.228957,1,0
7.72461,0.00976562,1.00069,-1.74521e-10,0.227006,1,0
7.72461,0.0292969,1.00069,-2.90841e-10,0.227006,1,0
7.70508,0.0488281,1.00069,-3.68636e-10,0.228957,1,0
7.70508,0.0683594,1.00069,-1.02613e-09,0.228957,1,0
7.72461,0.0488281,1.00069,-4.56396e-10,0.227006,1,0
7.72461,0.0683594,1.00069,-1.13079e-09,0.227006,1,0
7.66602,0.0878906,1.00069,-2.07915e-09,0.232859,1,0
7.66602,0.107422,1.00068,-3.98874e-09,0.232859,1,0
7.68555,0.0878906,1.00069,-2.16111e-09,0.230908,1,0
7.68555,0.107422,1.00068,-4.06573e-09,0.230908,1,0
7.66602,0.126953,1.00067,-6.57148e-09,0.232859,1,0
7.66602,0.146484,1.00063,-9.7526e-09,0.232859,1,0
7.68555,0.126953,1.00067,-6.63523e-09,0.230908,1,0
7.68555,0.146484,1.00063,-9.79671e-09,0.230908,1,0
7.70508,0.0878906,1.00069,-2.25663e-09,0.228957,1,0
7.70508,0.107422,1.00068,-4.15848e-09,0.228957,1,0
7.72461,0.0878906,1.00069,-2.36692e-09,0.227006,1,0
7.72461,0.107422,1.00068,-4.26846e-09,0.227006,1,0
7.70508,0.126953,1.00067,-6.71671e-09,0.228957,1,0
7.70508,0.146484,1.00063,-9.8604e-09,0.228957,1,0
7.72461,0.126953,1.00067,-6.81758e-09,0.227006,1,0
7.72461,0.146484,1.00063,-9.94547e-09,0.227006,1,0
7.74414,0.00976562,1.00069,-2.13515e-10,0.225055,1,0
7.74414,0.0292969,1.00069,-3.7084e-10,0.225055,1,0
7.76367,0.00976562,1.00069,-2.56695e-10,0.223104,1,0
7.76367,0.0292969,1.00069,-4.59629e-10,0.223104,1,0
7.74414,0.0488281,1.00069,-5.54552e-10,0.225055,1,0
7.74414,0.0683594,1.00069,-1.24901e-09,0.225055,1,0
7.76367,0.0488281,1.00069,-6.64134e-10,0.223104,1,0
7.76367,0.0683594,1.00069,-1.38206e-09,0.223104,1,0
7.7832,0.00976562,1.00069,-3.04481e-10,0.221153,1,0
7.7832,0.0292969,1.00069,-5.58072e-10,0.221153,1,0
7.80273,0.00976562,1.00069,-3.57303e-10,0.219202,1,0
7.80273,0.0292969,1.00069,-6.67066e-10,0.219202,1,0
7.7832,0.0488281,1.00069,-7.86231e-10,0.221153,1,0
7.7832,0.0683594,1.00069,-1.53135e-09,0.221153,1,0
7.80273,0.0488281,1.00069,-9.22012e-10,0.219202,1,0
7.80273,0.0683594,1.00069,-1.69841e-09,0.219202,1,0
7.74414,0.0878906,1.00069,-2.49335e-09,0.225055,1,0
7.74414,0.107422,1.00068,-4.39723e-09,0.225055,1,0
7.76367,0.0878906,1.00069,-2.63744e-09,0.223104,1,0
7.76367,0.107422,1.00068,-4.54654e-09,0.223104,1,0
7.74414,0.126953,1.00067,-6.93959e-09,0.225055,1,0
7.74414,0.146484,1.00063,-1.00539e-08,0.225055,1,0
7.76367,0.126953,1.00067,-7.0847e-09,0.223104,1,0
7.76367,0.146484,1.00063,-1.01878e-08,0.223104,1,0
7.7832,0.0878906,1.00069,-2.80082e-09,0.221153,1,0
7.7832,0.107422,1.00068,-4.7183e-09,0.221153,1,0
7.80273,0.0878906,1.00069,-2.98534e-09,0.219202,1,0
7.80273,0.107422,1.00068,-4.91464e-09,0.219202,1,0
7.7832,0.126953,1.00067,-7.2551e-09,0.221153,1,0
7.7832,0.146484,1.00063,-1.03497e-08,0.221153,1,0
7.80273,0.126953,1.00067,-7.45315e-09,0.219202,1,0
7.80273,0.146484,1.00063,-1.05421e-08,0.219202,1,0
7.66602,0.166016,1.00056,-1.33864e-08,0.232859,1,0
7.66602,0.185547,1.00042,-1.72662e-08,0.232859,1,0
7.68555,0.166016,1.00056,-1.34051e-08,0.230908,1,0
7.68555,0.185547,1.00042,-1.72558e-08,0.230908,1,0
7.66602,0.205078,1.00014,-2.11387e-08,0.232859,1,0
7.66602,0.224609,0.999598,-2.47178e-08,0.232859,1,0
7.68555,0.205078,1.00014,-2.10977e-08,0.230908,1,0
7.68555,0.224609,0.999598,-2.46472e-08,0.230908,1,0
7.70508,0.166016,1.00056,-1.3445e-08,0.228957,1,0
7.70508,0.185547,1.00042,-1.72681e-08,0.228957,1,0
7.72461,0.166016,1.00056,-1.35081e-08,0.227006,1,0
7.72461,0.185547,1.00042,-1.73052e-08,0.227006,1,0
7.70508,0.205078,1.00014,-2.10805e-08,0.228957,1,0
7.70508,0.224609,0.999598,-2.46014e-08,0.228957,1,0
7.72461,0.205078,1.00014,-2.10895e-08,0.227006,1,0
7.72461,0.224609,0.999598,-2.45828e-08,0.227006,1,0
7.66602,0.244141,0.998585,-2.77056e-08,0.232859,1,0
7.66602,0.263672,0.996745,-2.9818e-08,0.232859,1,0
7.68555,0.244141,0.998585,-2.76091e-08,0.230908,1,0
7.68555,0.263672,0.996745,-2.97022e-08,0.230908,1,0
7.66602,0.283203,0.993494,-3.08132e-08,0.232859,1,0
7.66602,0.302734,0.987915,-3.05328e-08,0.232859,1,0
7.68555,0.283203,0.993494,-3.06872e-08,0.230908,1,0
7.68555,0.302734,0.987915,-3.04073e-08,0.230908,1,0
7.70508,0.244141,0.998585,-2.75383e-08,0.228957,1,0
7.70508,0.263672,0.996745,-2.96126e-08,0.228957,1,0
7.72461,0.244141,0.998585,-2.74954e-08,0.227006,1,0
7.72461,0.263672,0.996745,-2.95514e-08,0.227006,1,0
7.70508,0.283203,0.993494,-3.05875e-08,0.228957,1,0
7.70508,0.302734,0.987915,-3.03079e-08,0.228957,1,0
7.72461,0.283203,0.993494,-3.05165e-08,0.227006,1,0
7.72461,0.302734,0.987915,-3.02372e-08,0.227006,1,0
7.74414,0.166016,1.00056,-1.35965e-08,0.225055,1,0
7.74414,0.185547,1.00042,-1.73693e-08,0.225055,1,0
7.76367,0.166016,1.00056,-1.37126e-08,0.223104,1,0
7.76367,0.185547,1.00042,-1.74629e-08,0.223104,1,0
7.74414,0.205078,1.00014,-2.11269e-08,0.225055,1,0
7.74414,0.224609,0.999598,-2.45939e-08,0.225055,1,0
7.76367,0.205078,1.00014,-2.11955e-08,0.223104,1,0
7.76367,0.224609,0.999598,-2.46375e-08,0.223104,1,0
7.7832,0.166016,1.00056,-1.38589e-08,0.221153,1,0
7.7832,0.185547,1.00042,-1.75889e-08,0.221153,1,0
7.80273,0.166016,1.00056,-1.40384e-08,0.219202,1,0
7.80273,0.185547,1.00042,-1.77503e-08,0.219202,1,0
7.7832,0.205078,1.00014,-2.12982e-08,0.221153,1,0
7.7832,0.224609,0.999598,-2.47166e-08,0.221153,1,0
7.80273,0.205078,1.00014,-2.14383e-08,0.219202,1,0
7.80273,0.224609,0.999598,-2.48347e-08,0.219202,1,0
7.74414,0.244141,0.998585,-2.74832e-08,0.225055,1,0
7.74414,0.263672,0.996745,-2.95215e-08,0.225055,1,0
7.76367,0.244141,0.998585,-2.75044e-08,0.223104,1,0
7.76367,0.263672,0.996745,-2.95257e-08,0.223104,1,0
7.74414,0.283203,0.993494,-3.0477e-08,0.225055,1,0
7.74414,0.302734,0.987915,-3.01979e-08,0.225055,1,0
7.76367,0.283203,0.993494,-3.04718e-08,0.223104,1,0
7.76367,0.302734,0.987915,-3.01927e-08,0.223104,1,0
7.7832,0.244141,0.998585,-2.75623e-08,0.221153,1,0
7.7832,0.263672,0.996745,-2.95673e-08,0.221153,1,0
7.80273,0.244141,0.998585,-2.76603e-08,0.219202,1,0
7.80273,0.263672,0.996745,-2.96497e-08,0.219202,1,0
7.7832,0.283203,0.993494,-3.05043e-08,0.221153,1,0
7.7832,0.302734,0.987915,-3.0225e-08,0.221153,1,0
7.80273,0.283203,0.993494,-3.0578e-08,0.219202,1,0
7.80273,0.302734,0.987915,-3.02983e-08,0.219202,1,0
7.50977,0.322266,0.978612,-3.05387e-08,0.248467,1,0
7.50977,0.341797,0.963537,-2.75072e-08,0.248467,1,0
7.5293,0.322266,0.978612,-3.0283e-08,0.246516,1,0
7.5293,0.341797,0.963537,-2.72797e-08,0.246516,1,0
7.50977,0.361328,0.939794,-2.34192e-08,0.248467,1,0
7.50977,0.380859,0.903438,-1.87056e-08,0.248467,1,0
7.5293,0.361328,0.939794,-2.3231e-08,0.246516,1,0
7.5293,0.380859,0.903438,-1.85589e-08,0.246516,1,0
7.54883,0.322266,0.978612,-3.00404e-08,0.244565,1,0
7.54883,0.341797,0.963537,-2.70647e-08,0.244565,1,0
7.56836,0.322266,0.978612,-2.98119e-08,0.242614,1,0
7.56836,0.341797,0.963537,-2.68634e-08,0.242614,1,0
7.54883,0.361328,0.939794,-2.30545e-08,0.244565,1,0
7.54883,0.380859,0.903438,-1.84324e-08,0.244565,1,0
7.56836,0.361328,0.939794,-2.28908e-08,0.242614,1,0
7.56836,0.380859,0.903438,-1.8308e-08,0.242614,1,0
7.50977,0.400391,0.849288,-1.38158e-08,0.248467,1,0
7.50977,0.419922,0.770804,-9.31484e-09,0.248467,1,0
7.5293,0.400391,0.849288,-1.37408e-08,0.246516,1,0
7.5293,0.419922,0.770804,-9.24341e-09,0.246516,1,0
7.50977,0.439453,0.660031,-5.45059e-09,0.248467,1,0
7.50977,0.458984,0.507662,-2.56455e-09,0.248467,1,0
7.5293,0.439453,0.660031,-5.42696e-09,0.246516,1,0
7.5293,0.458984,0.507662,-2.5967e-09,0.246516,1,0
7.54883,0.400391,0.849288,-1.36373e-08,0.244565,1,0
7.54883,0.419922,0.770804,-9.22236e-09,0.244565,1,0
7.56836,0.400391,0.849288,-1.35822e-08,0.242614,1,0
7.56836,0.419922,0.770804,-9.16673e-09,0.242614,1,0
7.54883,0.439453,0.660031,-5.42391e-09,0.244565,1,0
7.54883,0.458984,0.507662,-2.57444e-09,0.244565,1,0
7.56836,0.439453,0.660031,-5.41224e-09,0.242614,1,0
7.56836,0.458984,0.507662,-2.61472e-09,0.242614,1,0
7.58789,0.322266,0.978612,-2.95988e-08,0.240663,1,0
7.58789,0.341797,0.963537,-2.66768e-08,0.240663,1,0
7.60742,0.322266,0.978612,-2.94024e-08,0.238712,1,0
7.60742,0.341797,0.963537,-2.65062e-08,0.238712,1,0
7.58789,0.361328,0.939794,-2.27411e-08,0.240663,1,0
7.58789,0.380859,0.903438,-1.8206e-08,0.240663,1,0
7.60742,0.361328,0.939794,-2.26064e-08,0.238712,1,0
7.60742,0.380859,0.903438,-1.8108e-08,0.238712,1,0
7.62695,0.322266,0.978612,-2.92241e-08,0.236761,1,0
7.62695,0.341797,0.963537,-2.63532e-08,0.236761,1,0
7.64648,0.322266,0.978612,-2.90656e-08,0.23481,1,0
7.64648,0.341797,0.963537,-2.62192e-08,0.23481,1,0
7.62695,0.361328,0.939794,-2.24882e-08,0.236761,1,0
7.62695,0.380859,0.903438,-1.80349e-08,0.236761,1,0
7.64648,0.361328,0.939794,-2.23879e-08,0.23481,1,0
7.64648,0.380859,0.903438,-1.79683e-08,0.23481,1,0
7.58789,0.400391,0.849288,-1.34997e-08,0.240663,1,0
7.58789,0.419922,0.770804,-9.16376e-09,0.240663,1,0
7.60742,0.400391,0.849288,-1.34683e-08,0.238712,1,0
7.60742,0.419922,0.770804,-9.12698e-09,0.238712,1,0
7.58789,0.439453,0.660031,-5.42256e-09,0.240663,1,0
7.58789,0.458984,0.507662,-2.60027e-09,0.240663,1,0
7.60742,0.439453,0.660031,-5.42516e-09,0.238712,1,0
7.60742,0.458984,0.507662,-2.65008e-09,0.238712,1,0
7.62695,0.400391,0.849288,-1.34107e-08,0.236761,1,0
7.62695,0.419922,0.770804,-9.14547e-09,0.236761,1,0
7.64648,0.400391,0.849288,-1.34074e-08,0.23481,1,0
7.64648,0.419922,0.770804,-9.13133e-09,0.23481,1,0
7.62695,0.439453,0.660031,-5.45133e-09,0.236761,1,0
7.62695,0.458984,0.507662,-2.64486e-09,0.236761,1,0
7.64648,0.439453,0.660031,-5.47112e-09,0.23481,1,0
7.64648,0.458984,0.507662,-2.70642e-09,0.23481,1,0
7.50977,0.478516,0.303224,-6.14576e-10,0.248467,1,0
7.50977,0.498047,0.0353822,1.69653e-10,0.248467,0.6,0
7.5293,0.478516,0.303224,-6.07182e-10,0.246516,1,0
7.5293,0.498047,0.0353822,1.79288e-10,0.246516,0.6,0
7.54883,0.478516,0.303224,-6.31301e-10,0.244565,1,0
7.54883,0.498047,0.0353822,1.71248e-10,0.244565,0.6,0
7.56836,0.478516,0.303224,-6.26187e-10,0.242614,1,0
7.56836,0.498047,0.0353822,1.82709e-10,0.242614,0.6,0
7.58789,0.478516,0.303224,-6.53559e-10,0.240663,1,0
7.58789,0.498047,0.0353822,1.75392e-10,0.240663,0.6,0
7.60742,0.478516,0.303224,-6.51313e-10,0.238712,1,0
7.60742,0.498047,0.0353822,1.88853e-10,0.238712,0.6,0
7.62695,0.478516,0.303224,-6.81547e-10,0.236761,1,0
7.62695,0.498047,0.0353822,1.85456e-10,0.236761,0.6,0
7.64648,0.478516,0.303224,-6.83114e-10,0.23481,1,0
7.64648,0.498047,0.0353822,1.994e-10,0.23481,0.6,0
7.66602,0.322266,0.978612,-2.89286e-08,0.232859,1,0
7.66602,0.341797,0.963537,-2.6106e-08,0.232859,1,0
7.68555,0.322266,0.978612,-2.88152e-08,0.230908,1,0
7.68555,0.341797,0.963537,-2.60155e-08,0.230908,1,0
7.66602,0.361328,0.939794,-2.23072e-08,0.232859,1,0
7.66602,0.380859,0.903437,-1.79298e-08,0.232859,1,0
7.68555,0.361328,0.939794,-2.22479e-08,0.230908,1,0
7.68555,0.380859,0.903437,-1.79007e-08,0.230908,1,0
7.70508,0.322266,0.978612,-2.87275e-08,0.228957,1,0
7.70508,0.341797,0.963537,-2.59497e-08,0.228957,1,0
7.72461,0.322266,0.978612,-2.86679e-08,0.227006,1,0
7.72461,0.341797,0.963537,-2.59111e-08,0.227006,1,0
7.70508,0.361328,0.939794,-2.22121e-08,0.228957,1,0
7.70508,0.380859,0.903437,-1.79034e-08,0.228957,1,0
7.72461,0.361328,0.939794,-2.22018e-08,0.227006,1,0
7.72461,0.380859,0.903437,-1.79193e-08,0.227006,1,0
7.66602,0.400391,0.849288,-1.33797e-08,0.232859,1,0
7.66602,0.419922,0.770804,-9.17548e-09,0.232859,1,0
7.68555,0.400391,0.849288,-1.341e-08,0.230908,1,0
7.68555,0.419922,0.770804,-9.18856e-09,0.230908,1,0
7.66602,0.439453,0.660031,-5.51637e-09,0.232859,1,0
7.66602,0.458984,0.507662,-2.71243e-09,0.232859,1,0
7.68555,0.439453,0.660031,-5.55682e-09,0.230908,1,0
7.68555,0.458984,0.507662,-2.78763e-09,0.230908,1,0
7.70508,0.400391,0.849288,-1.34182e-08,0.228957,1,0
7.70508,0.419922,0.770804,-9.26349e-09,0.228957,1,0
7.72461,0.400391,0.849288,-1.34887e-08,0.227006,1,0
7.72461,0.419922,0.770804,-9.30949e-09,0.227006,1,0
7.70508,0.439453,0.660031,-5.62514e-09,0.228957,1,0
7.70508,0.458984,0.507662,-2.80763e-09,0.228957,1,0
7.72461,0.439453,0.660031,-5.69069e-09,0.227006,1,0
7.72461,0.458984,0.507662,-2.89963e-09,0.227006,1,0
7.74414,0.322266,0.978612,-2.8639e-08,0.225055,1,0
7.74414,0.341797,0.963537,-2.59021e-08,0.225055,1,0
7.76367,0.322266,0.978612,-2.86437e-08,0.223104,1,0
7.76367,0.341797,0.963537,-2.59256e-08,0.223104,1,0
7.74414,0.361328,0.939794,-2.22196e-08,0.225055,1,0
7.74414,0.380859,0.903437,-1.79715e-08,0.225055,1,0
7.76367,0.361328,0.939794,-2.2268e-08,0.223104,1,0
7.76367,0.380859,0.903437,-1.80413e-08,0.223104,1,0
7.7832,0.322266,0.978612,-2.86852e-08,0.221153,1,0
7.7832,0.341797,0.963537,-2.59846e-08,0.221153,1,0
7.80273,0.322266,0.978612,-2.87669e-08,0.219202,1,0
7.80273,0.341797,0.963537,-2.60825e-08,0.219202,1,0
7.7832,0.361328,0.939794,-2.23501e-08,0.221153,1,0
7.7832,0.380859,0.903437,-1.81527e-08,0.221153,1,0
7.80273,0.361328,0.939794,-2.24689e-08,0.219202,1,0
7.80273,0.380859,0.903437,-1.82873e-08,0.219202,1,0
7.74414,0.400391,0.849288,-1.35402e-08,0.225055,1,0
7.74414,0.419922,0.770804,-9.42145e-09,0.225055,1,0
7.76367,0.400391,0.849288,-1.36589e-08,0.223104,1,0
7.76367,0.419922,0.770804,-9.50718e-09,0.223104,1,0
7.74414,0.439453,0.660031,-5.7869e-09,0.225055,1,0
7.74414,0.458984,0.507662,-2.9369e-09,0.225055,1,0
7.76367,0.439453,0.660031,-5.8828e-09,0.223104,1,0
7.76367,0.458984,0.507662,-3.04909e-09,0.223104,1,0
7.7832,0.400391,0.849288,-1.37625e-08,0.221153,1,0
7.7832,0.419922,0.770804,-9.66364e-09,0.221153,1,0
7.80273,0.400391,0.849288,-1.39391e-08,0.219202,1,0
7.80273,0.419922,0.770804,-9.79725e-09,0.219202,1,0
7.7832,0.439453,0.660031,-6.01263e-09,0.221153,1,0
7.7832,0.458984,0.507662,-3.10729e-09,0.221153,1,0
7.80273,0.439453,0.660031,-6.14507e-09,0.219202,1,0
7.80273,0.458984,0.507662,-3.24355e-09,0.219202,1,0
7.66602,0.478516,0.303224,-7.17464e-10,0.232859,1,0
7.66602,0.498047,0.0353822,1.99308e-10,0.232859,0.6,0
7.68555,0.478516,0.303224,-7.23175e-10,0.230908,1,0
7.68555,0.498047,0.0353822,2.1558e-10,0.230908,0.6,0
7.70508,0.478516,0.303224,-7.6269e-10,0.228957,1,0
7.70508,0.498047,0.0353822,2.17798e-10,0.228957,0.6,0
7.72461,0.478516,0.303224,-7.73792e-10,0.227006,1,0
7.72461,0.498047,0.0353822,2.36575e-10,0.227006,0.6,0
7.74414,0.478516,0.303224,-8.20096e-10,0.225055,1,0
7.74414,0.498047,0.0353822,2.41122e-10,0.225055,0.6,0
7.76367,0.478516,0.303224,-8.37938e-10,0.223104,1,0
7.76367,0.498047,0.0353822,2.63227e-10,0.223104,0.6,0
7.7832,0.478516,0.303224,-8.92079e-10,0.221153,1,0
7.7832,0.498047,0.0353822,2.71276e-10,0.221153,0.6,0
7.80273,0.478516,0.303224,-9.18068e-10,0.219202,1,0
7.80273,0.498047,0.0353822,2.97048e-10,0.219202,0.6,0
7.82227,0.00976562,1.00069,-4.15608e-10,0.217251,1,0
7.82227,0.0292969,1.00069,-7.87572e-10,0.217251,1,0
7.8418,0.00976562,1.00069,-4.7988e-10,0.2153,1,0
7.8418,0.0292969,1.00069,-9.20642e-10,0.2153,1,0
7.82227,0.0488281,1.00069,-1.07276e-09,0.217251,1,0
7.82227,0.0683594,1.00069,-1.8849e-09,0.217251,1,0
7.8418,0.0488281,1.00069,-1.23987e-09,0.2153,1,0
7.8418,0.0683594,1.00069,-2.09269e-09,0.2153,1,0
7.86133,0.00976562,1.00069,-5.50669e-10,0.213349,1,0
7.86133,0.0292969,1.00069,-1.06746e-09,0.213349,1,0
7.88086,0.00976562,1.00069,-6.28611e-10,0.211398,1,0
7.88086,0.0292969,1.00069,-1.22936e-09,0.211398,1,0
7.86133,0.0488281,1.00069,-1.42493e-09,0.213349,1,0
7.86133,0.0683594,1.00069,-2.32382e-09,0.213349,1,0
7.88086,0.0488281,1.00069,-1.62969e-09,0.211398,1,0
7.88086,0.0683594,1.00069,-2.58057e-09,0.211398,1,0
7.82227,0.0878906,1.00069,-3.19298e-09,0.217251,1,0
7.82227,0.107422,1.00068,-5.13791e-09,0.217251,1,0
7.8418,0.0878906,1.00069,-3.42597e-09,0.2153,1,0
7.8418,0.107422,1.00068,-5.39069e-09,0.2153,1,0
7.82227,0.126953,1.00067,-7.68152e-09,0.217251,1,0
7.82227,0.146484,1.00063,-1.07681e-08,0.217251,1,0
7.8418,0.126953,1.00067,-7.9431e-09,0.2153,1,0
7.8418,0.146484,1.00063,-1.10307e-08,0.2153,1,0
7.86133,0.0878906,1.00069,-3.68677e-09,0.213349,1,0
7.86133,0.107422,1.00068,-5.67583e-09,0.213349,1,0
7.88086,0.0878906,1.00069,-3.97807e-09,0.211398,1,0
7.88086,0.107422,1.00068,-5.99647e-09,0.211398,1,0
7.86133,0.126953,1.00067,-8.2411e-09,0.213349,1,0
7.86133,0.146484,1.00063,-1.13335e-08,0.213349,1,0
7.88086,0.126953,1.00067,-8.57907e-09,0.211398,1,0
7.88086,0.146484,1.00063,-1.16805e-08,0.211398,1,0
7.90039,0.00976562,1.00069,-7.14434e-10,0.209447,1,0
7.90039,0.0292969,1.00069,-1.40788e-09,0.209447,1,0
7.91992,0.00976562,1.00069,-8.08944e-10,0.207496,1,0
7.91992,0.0292969,1.00069,-1.60468e-09,0.207496,1,0
7.90039,0.0488281,1.00069,-1.85609e-09,0.209447,1,0
7.90039,0.0683594,1.00069,-2.86546e-09,0.209447,1,0
7.91992,0.0488281,1.00069,-2.10629e-09,0.207496,1,0
7.91992,0.0683594,1.00069,-3.18127e-09,0.207496,1,0
7.93945,0.00976562,1.00069,-9.13018e-10,0.205545,1,0
7.93945,0.0292969,1.00069,-1.8216e-09,0.205545,1,0
7.95898,0.00976562,1.00069,-1.02762e-09,0.203594,1,0
7.95898,0.0292969,1.00069,-2.06063e-09,0.203594,1,0
7.93945,0.0488281,1.00069,-2.38265e-09,0.205545,1,0
7.93945,0.0683594,1.00069,-3.53105e-09,0.205545,1,0
7.95898,0.0488281,1.00069,-2.68774e-09,0.203594,1,0
7.95898,0.0683594,1.00069,-3.91816e-09,0.203594,1,0
7.90039,0.0878906,1.00069,-4.30287e-09,0.209447,1,0
7.90039,0.107422,1.00068,-6.35608e-09,0.209447,1,0
7.91992,0.0878906,1.00069,-4.66445e-09,0.207496,1,0
7.91992,0.107422,1.00068,-6.75848e-09,0.207496,1,0
7.90039,0.126953,1.00067,-8.96088e-09,0.209447,1,0
7.90039,0.146484,1.00063,-1.20759e-08,0.209447,1,0
7.91992,0.126953,1.00067,-9.39083e-09,0.207496,1,0
7.91992,0.146484,1.00063,-1.25245e-08,0.207496,1,0
7.93945,0.0878906,1.00069,-5.06644e-09,0.205545,1,0
7.93945,0.107422,1.00068,-7.20786e-09,0.205545,1,0
7.95898,0.0878906,1.00069,-5.51281e-09,0.203594,1,0
7.95898,0.107422,1.00068,-7.70884e-09,0.203594,1,0
7.93945,0.126953,1.00067,-9.87363e-09,0.205545,1,0
7.93945,0.146484,1.00063,-1.30314e-08,0.205545,1,0
7.95898,0.126953,1.00067,-1.04145e-08,0.203594,1,0
7.95898,0.146484,1.00063,-1.36025e-08,0.203594,1,0
7.82227,0.166016,1.00056,-1.42542e-08,0.217251,1,0
7.82227,0.185547,1.00042,-1.79505e-08,0.217251,1,0
7.8418,0.166016,1.00056,-1.45097e-08,0.2153,1,0
7.8418,0.185547,1.00042,-1.81932e-08,0.2153,1,0
7.82227,0.205078,1.00014,-2.16193e-08,0.217251,1,0
7.82227,0.224609,0.999598,-2.49954e-08,0.217251,1,0
7.8418,0.205078,1.00014,-2.18451e-08,0.2153,1,0
7.8418,0.224609,0.999598,-2.52028e-08,0.2153,1,0
7.86133,0.166016,1.00056,-1.48089e-08,0.213349,1,0
7.86133,0.185547,1.00042,-1.84825e-08,0.213349,1,0
7.88086,0.166016,1.00056,-1.51559e-08,0.211398,1,0
7.88086,0.185547,1.00042,-1.8823e-08,0.211398,1,0
7.86133,0.205078,1.00014,-2.212e-08,0.213349,1,0
7.86133,0.224609,0.999598,-2.54615e-08,0.213349,1,0
7.88086,0.205078,1.00014,-2.24489e-08,0.211398,1,0
7.88086,0.224609,0.999598,-2.57763e-08,0.211398,1,0
7.82227,0.244141,0.998585,-2.78022e-08,0.217251,1,0
7.82227,0.263672,0.996745,-2.97769e-08,0.217251,1,0
7.8418,0.244141,0.998585,-2.79922e-08,0.2153,1,0
7.8418,0.263672,0.996745,-2.99532e-08,0.2153,1,0
7.82227,0.283203,0.993494,-3.06969e-08,0.217251,1,0
7.82227,0.302734,0.987915,-3.04166e-08,0.217251,1,0
7.8418,0.283203,0.993494,-3.08651e-08,0.2153,1,0
7.8418,0.302734,0.987915,-3.05841e-08,0.2153,1,0
7.86133,0.244141,0.998585,-2.82351e-08,0.213349,1,0
7.86133,0.263672,0.996745,-3.01833e-08,0.213349,1,0
7.88086,0.244141,0.998585,-2.85358e-08,0.211398,1,0
7.88086,0.263672,0.996745,-3.04724e-08,0.211398,1,0
7.86133,0.283203,0.993494,-3.10876e-08,0.213349,1,0
7.86133,0.302734,0.987915,-3.08055e-08,0.213349,1,0
7.88086,0.283203,0.993494,-3.13695e-08,0.211398,1,0
7.88086,0.302734,0.987915,-3.10862e-08,0.211398,1,0
7.90039,0.166016,1.00056,-1.55554e-08,0.209447,1,0
7.90039,0.185547,1.00042,-1.92195e-08,0.209447,1,0
7.91992,0.166016,1.00056,-1.60125e-08,0.207496,1,0
7.91992,0.185547,1.00042,-1.96776e-08,0.207496,1,0
7.90039,0.205078,1.00014,-2.28369e-08,0.209447,1,0
7.90039,0.224609,0.999598,-2.61527e-08,0.209447,1,0
7.91992,0.205078,1.00014,-2.32898e-08,0.207496,1,0
7.91992,0.224609,0.999598,-2.65968e-08,0.207496,1,0
7.93945,0.166016,1.00056,-1.65329e-08,0.205545,1,0
7.93945,0.185547,1.00042,-2.02033e-08,0.205545,1,0
7.95898,0.166016,1.00056,-1.71227e-08,0.203594,1,0
7.95898,0.185547,1.00042,-2.08032e-08,0.203594,1,0
7.93945,0.205078,1.00014,-2.38139e-08,0.205545,1,0
7.93945,0.224609,0.999598,-2.71151e-08,0.205545,1,0
7.95898,0.205078,1.00014,-2.44163e-08,0.203594,1,0
7.95898,0.224609,0.999598,-2.77149e-08,0.203594,1,0
7.90039,0.244141,0.998585,-2.89e-08,0.209447,1,0
7.90039,0.263672,0.996745,-3.08261e-08,0.209447,1,0
7.91992,0.244141,0.998585,-2.93338e-08,0.207496,1,0
7.91992,0.263672,0.996745,-3.12509e-08,0.207496,1,0
7.90039,0.283203,0.993494,-3.17166e-08,0.209447,1,0
7.90039,0.302734,0.987915,-3.14318e-08,0.209447,1,0
7.91992,0.283203,0.993494,-3.21353e-08,0.207496,1,0
7.91992,0.302734,0.987915,-3.18487e-08,0.207496,1,0
7.93945,0.244141,0.998585,-2.98442e-08,0.205545,1,0
7.93945,0.263672,0.996745,-3.17536e-08,0.205545,1,0
7.95898,0.244141,0.998585,-3.04385e-08,0.203594,1,0
7.95898,0.263672,0.996745,-3.23419e-08,0.203594,1,0
7.93945,0.283203,0.993494,-3.26326e-08,0.205545,1,0
7.93945,0.302734,0.987915,-3.23438e-08,0.205545,1,0
7.95898,0.283203,0.993494,-3.32162e-08,0.203594,1,0
7.95898,0.302734,0.987915,-3.29249e-08,0.203594,1,0
7.97852,0.00976562,1.00069,-1.1538e-09,0.201643,1,0
7.97852,0.0292969,1.00069,-2.32398e-09,0.201643,1,0
7.99805,0.00976562,1.00069,-1.29272e-09,0.199692,1,0
7.99805,0.0292969,1.00069,-2.61405e-09,0.199692,1,0
7.97852,0.0488281,1.00069,-3.0244e-09,0.201643,1,0
7.97852,0.0683594,1.00069,-4.34626e-09,0.201643,1,0
7.99805,0.0488281,1.00069,-3.39575e-09,0.199692,1,0
7.99805,0.0683594,1.00069,-4.81941e-09,0.199692,1,0
8.01758,0.00976562,1.00069,-1.44563e-09,0.197741,1,0
8.01758,0.0292969,1.00069,-2.93346e-09,0.197741,1,0
8.03711,0.00976562,1.00069,-1.61386e-09,0.19579,1,0
8.03711,0.0292969,1.00069,-3.28508e-09,0.19579,1,0
8.01758,0.0488281,1.00069,-3.8052e-09,0.197741,1,0
8.01758,0.0683594,1.00069,-5.34204e-09,0.197741,1,0
8.03711,0.0488281,1.00069,-4.2565e-09,0.19579,1,0
8.03711,0.0683594,1.00069,-5.91904e-09,0.19579,1,0
7.97852,0.0878906,1.00069,-6.00792e-09,0.201643,1,0
7.97852,0.107422,1.00068,-8.2665e-09,0.201643,1,0
7.99805,0.0878906,1.00069,-6.55659e-09,0.199692,1,0
7.99805,0.107422,1.00068,-8.88642e-09,0.199692,1,0
7.97852,0.126953,1.00067,-1.1019e-08,0.201643,1,0
7.97852,0.146484,1.00063,-1.42439e-08,0.201643,1,0
7.99805,0.126953,1.00067,-1.16937e-08,0.199692,1,0
7.99805,0.146484,1.00063,-1.49626e-08,0.199692,1,0
8.01758,0.0878906,1.00069,-7.16408e-09,0.197741,1,0
8.01758,0.107422,1.00068,-9.57477e-09,0.197741,1,0
8.03711,0.0878906,1.00069,-7.83623e-09,0.19579,1,0
8.03711,0.107422,1.00068,-1.03383e-08,0.19579,1,0
8.01758,0.126953,1.00067,-1.24453e-08,0.197741,1,0
8.01758,0.146484,1.00063,-1.57663e-08,0.197741,1,0
8.03711,0.126953,1.00067,-1.32815e-08,0.19579,1,0
8.03711,0.146484,1.00063,-1.66635e-08,0.19579,1,0
8.05664,0.00976562,1.00069,-1.79889e-09,0.193839,1,0
8.05664,0.0292969,1.00069,-3.67204e-09,0.193839,1,0
8.07617,0.00976562,1.00069,-2.00235e-09,0.191888,1,0
8.07617,0.0292969,1.00069,-4.0978e-09,0.191888,1,0
8.05664,0.0488281,1.00069,-4.75379e-09,0.193839,1,0
8.05664,0.0683594,1.00069,-6.55576e-09,0.193839,1,0
8.07617,0.0488281,1.00069,-5.30161e-09,0.191888,1,0
8.07617,0.0683594,1.00069,-7.25815e-09,0.191888,1,0
8.0957,0.00976562,1.00069,-2.22604e-09,0.189937,1,0
8.0957,0.0292969,1.00069,-4.5662e-09,0.189937,1,0
8.11523,0.00976562,1.00069,-2.47197e-09,0.187986,1,0
8.11523,0.0292969,1.00069,-5.08149e-09,0.187986,1,0
8.0957,0.0488281,1.00069,-5.90499e-09,0.189937,1,0
8.0957,0.0683594,1.00069,-8.03275e-09,0.189937,1,0
8.11523,0.0488281,1.00069,-6.56949e-09,0.187986,1,0
8.11523,0.0683594,1.00069,-8.88676e-09,0.187986,1,0
8.05664,0.0878906,1.00069,-8.57943e-09,0.193839,1,0
8.05664,0.107422,1.00068,-1.11845e-08,0.193839,1,0
8.07617,0.0878906,1.00069,-9.40075e-09,0.191888,1,0
8.07617,0.107422,1.00068,-1.21216e-08,0.191888,1,0
8.05664,0.126953,1.00067,-1.42106e-08,0.193839,1,0
8.05664,0.146484,1.00063,-1.76634e-08,0.193839,1,0
8.07617,0.126953,1.00067,-1.52421e-08,0.191888,1,0
8.07617,0.146484,1.00063,-1.87762e-08,0.191888,1,0
8.0957,0.0878906,1.00069,-1.0308e-08,0.189937,1,0
8.0957,0.107422,1.00068,-1.31586e-08,0.189937,1,0
8.11523,0.0878906,1.00069,-1.13097e-08,0.187986,1,0
8.11523,0.107422,1.00068,-1.43056e-08,0.187986,1,0
8.0957,0.126953,1.00067,-1.6386e-08,0.189937,1,0
8.0957,0.146484,1.00063,-2.00132e-08,0.189937,1,0
8.11523,0.126953,1.00067,-1.76536e-08,0.187986,1,0
8.11523,0.146484,1.00063,-2.13869e-08,0.187986,1,0
7.97852,0.166016,1.00056,-1.77888e-08,0.201643,1,0
7.97852,0.185547,1.00042,-2.14845e-08,0.201643,1,0
7.99805,0.166016,1.00056,-1.85387e-08,0.199692,1,0
7.99805,0.185547,1.00042,-2.22555e-08,0.199692,1,0
7.97852,0.205078,1.00014,-2.51046e-08,0.201643,1,0
7.97852,0.224609,0.999598,-2.84042e-08,0.201643,1,0
7.99805,0.205078,1.00014,-2.58873e-08,0.199692,1,0
7.99805,0.224609,0.999598,-2.91919e-08,0.199692,1,0
8.01758,0.166016,1.00056,-1.93808e-08,0.197741,1,0
8.01758,0.185547,1.00042,-2.31248e-08,0.197741,1,0
8.03711,0.166016,1.00056,-2.03241e-08,0.19579,1,0
8.03711,0.185547,1.00042,-2.41024e-08,0.19579,1,0
8.01758,0.205078,1.00014,-2.67738e-08,0.197741,1,0
8.01758,0.224609,0.999598,-3.00877e-08,0.197741,1,0
8.03711,0.205078,1.00014,-2.77743e-08,0.19579,1,0
8.03711,0.224609,0.999598,-3.11024e-08,0.19579,1,0
7.97852,0.244141,0.998585,-3.11251e-08,0.201643,1,0
7.97852,0.263672,0.996745,-3.30243e-08,0.201643,1,0
7.99805,0.244141,0.998585,-3.1913e-08,0.199692,1,0
7.99805,0.263672,0.996745,-3.38099e-08,0.199692,1,0
7.97852,0.283203,0.993494,-3.38945e-08,0.201643,1,0
7.97852,0.302734,0.987915,-3.36004e-08,0.201643,1,0
7.99805,0.283203,0.993494,-3.4677e-08,0.199692,1,0
7.99805,0.302734,0.987915,-3.43797e-08,0.199692,1,0
8.01758,0.244141,0.998585,-3.28124e-08,0.197741,1,0
8.01758,0.263672,0.996745,-3.47091e-08,0.197741,1,0
8.03711,0.244141,0.998585,-3.38342e-08,0.19579,1,0
8.03711,0.263672,0.996745,-3.57332e-08,0.19579,1,0
8.01758,0.283203,0.993494,-3.55739e-08,0.197741,1,0
8.01758,0.302734,0.987915,-3.5273e-08,0.197741,1,0
8.03711,0.283203,0.993494,-3.65967e-08,0.19579,1,0
8.03711,0.302734,0.987915,-3.62918e-08,0.19579,1,0
8.05664,0.166016,1.00056,-2.13787e-08,0.193839,1,0
8.05664,0.185547,1.00042,-2.51989e-08,0.193839,1,0
8.07617,0.166016,1.00056,-2.25558e-08,0.191888,1,0
8.07617,0.185547,1.00042,-2.64262e-08,0.191888,1,0
8.05664,0.205078,1.00014,-2.89003e-08,0.193839,1,0
8.05664,0.224609,0.999598,-3.22478e-08,0.193839,1,0
8.07617,0.205078,1.00014,-3.01642e-08,0.191888,1,0
8.07617,0.224609,0.999598,-3.35369e-08,0.191888,1,0
8.0957,0.166016,1.00056,-2.38675e-08,0.189937,1,0
8.0957,0.185547,1.00042,-2.77974e-08,0.189937,1,0
8.11523,0.166016,1.00056,-2.53273e-08,0.187986,1,0
8.11523,0.185547,1.00042,-2.93269e-08,0.187986,1,0
8.0957,0.205078,1.00014,-3.15798e-08,0.189937,1,0
8.0957,0.224609,0.999598,-3.49841e-08,0.189937,1,0
8.11523,0.205078,1.00014,-3.31623e-08,0.187986,1,0
8.11523,0.224609,0.999598,-3.66052e-08,0.187986,1,0
8.05664,0.244141,0.998585,-3.49907e-08,0.193839,1,0
8.05664,0.263672,0.996745,-3.68945e-08,0.193839,1,0
8.07617,0.244141,0.998585,-3.62953e-08,0.191888,1,0
8.07617,0.263672,0.996745,-3.82068e-08,0.191888,1,0
8.05664,0.283203,0.993494,-3.77579e-08,0.193839,1,0
8.05664,0.302734,0.987915,-3.74484e-08,0.193839,1,0
8.07617,0.283203,0.993494,-3.90713e-08,0.191888,1,0
8.07617,0.302734,0.987915,-3.87567e-08,0.191888,1,0
8.0957,0.244141,0.998585,-3.77628e-08,0.189937,1,0
8.0957,0.263672,0.996745,-3.96851e-08,0.189937,1,0
8.11523,0.244141,0.998585,-3.94095e-08,0.187986,1,0
8.11523,0.263672,0.996745,-4.13461e-08,0.187986,1,0
8.0957,0.283203,0.993494,-4.05521e-08,0.189937,1,0
8.0957,0.302734,0.987915,-4.02318e-08,0.189937,1,0
8.11523,0.283203,0.993494,-4.2217e-08,0.187986,1,0
8.11523,0.302734,0.987915,-4.18904e-08,0.187986,1,0
7.82227,0.322266,0.978612,-2.88928e-08,0.217251,1,0
7.82227,0.341797,0.963537,-2.62231e-08,0.217251,1,0
7.8418,0.322266,0.978612,-2.9067e-08,0.2153,1,0
7.8418,0.341797,0.963537,-2.64103e-08,0.2153,1,0
7.82227,0.361328,0.939794,-2.26282e-08,0.217251,1,0
7.82227,0.380859,0.903437,-1.84701e-08,0.217251,1,0
7.8418,0.361328,0.939794,-2.28316e-08,0.2153,1,0
7.8418,0.380859,0.903437,-1.86826e-08,0.2153,1,0
7.86133,0.322266,0.978612,-2.92943e-08,0.213349,1,0
7.86133,0.341797,0.963537,-2.66489e-08,0.213349,1,0
7.88086,0.322266,0.978612,-2.95797e-08,0.211398,1,0
7.88086,0.341797,0.963537,-2.69436e-08,0.211398,1,0
7.86133,0.361328,0.939794,-2.30837e-08,0.213349,1,0
7.86133,0.380859,0.903437,-1.89511e-08,0.213349,1,0
7.88086,0.361328,0.939794,-2.3389e-08,0.211398,1,0
7.88086,0.380859,0.903437,-1.92575e-08,0.211398,1,0
7.82227,0.400391,0.849288,-1.41054e-08,0.217251,1,0
7.82227,0.419922,0.770804,-1.00072e-08,0.217251,1,0
7.8418,0.400391,0.849288,-1.43517e-08,0.2153,1,0
7.8418,0.419922,0.770804,-1.01986e-08,0.2153,1,0
7.82227,0.439453,0.660031,-6.31536e-09,0.217251,1,0
7.82227,0.458984,0.507662,-3.32698e-09,0.217251,1,0
7.8418,0.439453,0.660031,-6.49192e-09,0.2153,1,0
7.8418,0.458984,0.507662,-3.49222e-09,0.2153,1,0
7.86133,0.400391,0.849288,-1.45936e-08,0.213349,1,0
7.86133,0.419922,0.770804,-1.04729e-08,0.213349,1,0
7.88086,0.400391,0.849288,-1.49238e-08,0.211398,1,0
7.88086,0.419922,0.770804,-1.07341e-08,0.211398,1,0
7.86133,0.439453,0.660031,-6.71102e-09,0.213349,1,0
7.86133,0.458984,0.507662,-3.60629e-09,0.213349,1,0
7.88086,0.439453,0.660031,-6.94093e-09,0.211398,1,0
7.88086,0.458984,0.507662,-3.8065e-09,0.211398,1,0
7.90039,0.322266,0.978612,-2.99289e-08,0.209447,1,0
7.90039,0.341797,0.963537,-2.73001e-08,0.209447,1,0
7.91992,0.322266,0.978612,-3.03482e-08,0.207496,1,0
7.91992,0.341797,0.963537,-2.77244e-08,0.207496,1,0
7.90039,0.361328,0.939794,-2.37528e-08,0.209447,1,0
7.90039,0.380859,0.903437,-1.96293e-08,0.209447,1,0
7.91992,0.361328,0.939794,-2.41809e-08,0.207496,1,0
7.91992,0.380859,0.903437,-2.0049e-08,0.207496,1,0
7.93945,0.322266,0.978612,-3.08444e-08,0.205545,1,0
7.93945,0.341797,0.963537,-2.8223e-08,0.205545,1,0
7.95898,0.322266,0.978612,-3.1425e-08,0.203594,1,0
7.95898,0.341797,0.963537,-2.88035e-08,0.203594,1,0
7.93945,0.361328,0.939794,-2.46795e-08,0.205545,1,0
7.93945,0.380859,0.903437,-2.05454e-08,0.205545,1,0
7.95898,0.361328,0.939794,-2.52556e-08,0.203594,1,0
7.95898,0.380859,0.903437,-2.11019e-08,0.203594,1,0
7.90039,0.400391,0.849288,-1.5257e-08,0.209447,1,0
7.90039,0.419922,0.770804,-1.10861e-08,0.209447,1,0
7.91992,0.400391,0.849288,-1.56883e-08,0.207496,1,0
7.91992,0.419922,0.770804,-1.14317e-08,0.207496,1,0
7.90039,0.439453,0.660031,-7.219e-09,0.209447,1,0
7.90039,0.458984,0.507662,-3.95779e-09,0.209447,1,0
7.91992,0.439453,0.660031,-7.51341e-09,0.207496,1,0
7.91992,0.458984,0.507662,-4.2002e-09,0.207496,1,0
7.93945,0.400391,0.849288,-1.61319e-08,0.205545,1,0
7.93945,0.419922,0.770804,-1.18775e-08,0.205545,1,0
7.95898,0.400391,0.849288,-1.66853e-08,0.203594,1,0
7.95898,0.419922,0.770804,-1.23252e-08,0.203594,1,0
7.93945,0.439453,0.660031,-7.86273e-09,0.205545,1,0
7.93945,0.458984,0.507662,-4.39658e-09,0.205545,1,0
7.95898,0.439453,0.660031,-8.23517e-09,0.203594,1,0
7.95898,0.458984,0.507662,-4.68988e-09,0.203594,1,0
7.82227,0.478516,0.303224,-9.81665e-10,0.217251,1,0
7.82227,0.498047,0.0353822,3.09099e-10,0.217251,0.6,0
7.8418,0.478516,0.303224,-1.01754e-09,0.2153,1,0
7.8418,0.498047,0.0353822,3.39562e-10,0.2153,0.6,0
7.86133,0.478516,0.303224,-1.09262e-09,0.213349,1,0
7.86133,0.498047,0.0353822,3.56573e-10,0.213349,0.6,0
7.88086,0.478516,0.303224,-1.14052e-09,0.211398,1,0
7.88086,0.498047,0.0353822,3.92824e-10,0.211398,0.6,0
7.90039,0.478516,0.303224,-1.2294e-09,0.209447,1,0
7.90039,0.498047,0.0353822,4.15896e-10,0.209447,0.6,0
7.91992,0.478516,0.303224,-1.29184e-09,0.207496,1,0
7.91992,0.498047,0.0353822,4.59128e-10,0.207496,0.6,0
7.93945,0.478516,0.303224,-1.39729e-09,0.205545,1,0
7.93945,0.498047,0.0353822,4.89588e-10,0.205545,0.6,0
7.95898,0.478516,0.303224,-1.47733e-09,0.203594,1,0
7.95898,0.498047,0.0353822,5.41295e-10,0.203594,0.6,0
7.97852,0.322266,0.978612,-3.20986e-08,0.201643,1,0
7.97852,0.341797,0.963537,-2.94737e-08,0.201643,1,0
7.99805,0.322266,0.978612,-3.28741e-08,0.199692,1,0
7.99805,0.341797,0.963537,-3.02427e-08,0.199692,1,0
7.97852,0.361328,0.939794,-2.5917e-08,0.201643,1,0
7.97852,0.380859,0.903437,-2.17488e-08,0.201643,1,0
7.99805,0.361328,0.939794,-2.6672e-08,0.199692,1,0
7.99805,0.380859,0.903437,-2.24705e-08,0.199692,1,0
8.01758,0.322266,0.978612,-3.37617e-08,0.197741,1,0
8.01758,0.341797,0.963537,-3.11203e-08,0.197741,1,0
8.03711,0.322266,0.978612,-3.47727e-08,0.19579,1,0
8.03711,0.341797,0.963537,-3.21172e-08,0.19579,1,0
8.01758,0.361328,0.939794,-2.753e-08,0.197741,1,0
8.01758,0.380859,0.903437,-2.32994e-08,0.197741,1,0
8.03711,0.361328,0.939794,-2.85013e-08,0.19579,1,0
8.03711,0.380859,0.903437,-2.4221e-08,0.19579,1,0
7.97852,0.400391,0.849288,-1.72622e-08,0.201643,1,0
7.97852,0.419922,0.770804,-1.28842e-08,0.201643,1,0
7.99805,0.400391,0.849288,-1.79632e-08,0.199692,1,0
7.99805,0.419922,0.770804,-1.34554e-08,0.199692,1,0
7.97852,0.439453,0.660031,-8.67064e-09,0.201643,1,0
7.97852,0.458984,0.507662,-4.94093e-09,0.201643,1,0
7.99805,0.439453,0.660031,-9.13752e-09,0.199692,1,0
7.99805,0.458984,0.507662,-5.29569e-09,0.199692,1,0
8.01758,0.400391,0.849288,-1.87015e-08,0.197741,1,0
8.01758,0.419922,0.770804,-1.41514e-08,0.197741,1,0
8.03711,0.400391,0.849288,-1.95809e-08,0.19579,1,0
8.03711,0.419922,0.770804,-1.48722e-08,0.19579,1,0
8.01758,0.439453,0.660031,-9.67724e-09,0.197741,1,0
8.01758,0.458984,0.507662,-5.61305e-09,0.197741,1,0
8.03711,0.439453,0.660031,-1.02585e-08,0.19579,1,0
8.03711,0.458984,0.507662,-6.04214e-09,0.19579,1,0
8.05664,0.322266,0.978612,-3.59192e-08,0.193839,1,0
8.05664,0.341797,0.963537,-3.32453e-08,0.193839,1,0
8.07617,0.322266,0.978612,-3.72149e-08,0.191888,1,0
8.07617,0.341797,0.963537,-3.45179e-08,0.191888,1,0
8.05664,0.361328,0.939794,-2.95972e-08,0.193839,1,0
8.05664,0.380859,0.903437,-2.52699e-08,0.193839,1,0
8.07617,0.361328,0.939794,-3.083e-08,0.191888,1,0
8.07617,0.380859,0.903437,-2.64333e-08,0.191888,1,0
8.0957,0.322266,0.978612,-3.86746e-08,0.189937,1,0
8.0957,0.341797,0.963537,-3.59493e-08,0.189937,1,0
8.11523,0.322266,0.978612,-4.03147e-08,0.187986,1,0
8.11523,0.341797,0.963537,-3.75554e-08,0.187986,1,0
8.0957,0.361328,0.939794,-3.22137e-08,0.189937,1,0
8.0957,0.380859,0.903437,-2.77486e-08,0.189937,1,0
8.11523,0.361328,0.939794,-3.37632e-08,0.187986,1,0
8.11523,0.380859,0.903437,-2.92048e-08,0.187986,1,0
8.05664,0.400391,0.849288,-2.05145e-08,0.193839,1,0
8.05664,0.419922,0.770804,-1.57339e-08,0.193839,1,0
8.07617,0.400391,0.849288,-2.16098e-08,0.191888,1,0
8.07617,0.419922,0.770804,-1.6636e-08,0.191888,1,0
8.05664,0.439453,0.660031,-1.09244e-08,0.193839,1,0
8.05664,0.458984,0.507662,-6.43997e-09,0.193839,1,0
8.07617,0.439453,0.660031,-1.16443e-08,0.191888,1,0
8.07617,0.458984,0.507662,-6.959e-09,0.191888,1,0
8.0957,0.400391,0.849288,-2.27801e-08,0.189937,1,0
8.0957,0.419922,0.770804,-1.76982e-08,0.189937,1,0
8.11523,0.400391,0.849288,-2.41367e-08,0.187986,1,0
8.11523,0.419922,0.770804,-1.882e-08,0.187986,1,0
8.0957,0.439453,0.660031,-1.24631e-08,0.189937,1,0
8.0957,0.458984,0.507662,-7.45442e-09,0.189937,1,0
8.11523,0.439453,0.660031,-1.33508e-08,0.187986,1,0
8.11523,0.458984,0.507662,-8.0823e-09,0.187986,1,0
7.97852,0.478516,0.303224,-1.60279e-09,0.201643,1,0
7.97852,0.498047,0.0353822,5.80798e-10,0.201643,0.6,0
7.99805,0.478516,0.303224,-1.70423e-09,0.199692,1,0
7.99805,0.498047,0.0353822,6.42808e-10,0.199692,0.6,0
8.01758,0.478516,0.303224,-1.85387e-09,0.197741,1,0
8.01758,0.498047,0.0353822,6.93347e-10,0.197741,0.6,0
8.03711,0.478516,0.303224,-1.98128e-09,0.19579,1,0
8.03711,0.498047,0.0353822,7.67851e-10,0.19579,0.6,0
8.05664,0.478516,0.303224,-2.16013e-09,0.193839,1,0
8.05664,0.498047,0.0353822,8.31826e-10,0.193839,0.6,0
8.07617,0.478516,0.303224,-2.31901e-09,0.191888,1,0
8.07617,0.498047,0.0353822,9.21475e-10,0.191888,0.6,0
8.0957,0.478516,0.303224,-2.53314e-09,0.189937,1,0
8.0957,0.498047,0.0353822,1.0018e-09,0.189937,0.6,0
8.11523,0.478516,0.303224,-2.73018e-09,0.187986,1,0
8.11523,0.498047,0.0353821,1.10983e-09,0.187986,0.6,0
8.13477,0.00976562,1.00069,-2.74238e-09,0.186035,1,0
8.13477,0.0292969,1.00069,-5.64838e-09,0.186035,1,0
8.1543,0.00976562,1.00069,-3.03973e-09,0.184084,1,0
8.1543,0.0292969,1.00069,-6.27204e-09,0.184084,1,0
8.13477,0.0488281,1.00069,-7.30122e-09,0.186035,1,0
8.13477,0.0683594,1.00069,-9.82814e-09,0.186035,1,0
8.1543,0.0488281,1.00069,-8.10693e-09,0.184084,1,0
8.1543,0.0683594,1.00069,-1.08657e-08,0.184084,1,0
8.17383,0.00976562,1.00069,-3.36673e-09,0.182133,1,0
8.17383,0.0292969,1.00069,-6.9582e-09,0.182133,1,0
8.19336,0.00976562,1.00069,-3.72638e-09,0.180182,1,0
8.19336,0.0292969,1.00069,-7.71314e-09,0.180182,1,0
8.17383,0.0488281,1.00069,-8.99404e-09,0.182133,1,0
8.17383,0.0683594,1.00069,-1.20089e-08,0.182133,1,0
8.19336,0.0488281,1.00069,-9.97072e-09,0.180182,1,0
8.19336,0.0683594,1.00069,-1.32686e-08,0.180182,1,0
8.13477,0.0878906,1.00069,-1.24154e-08,0.186035,1,0
8.13477,0.107422,1.00068,-1.55735e-08,0.186035,1,0
8.1543,0.0878906,1.00069,-1.36355e-08,0.184084,1,0
8.1543,0.107422,1.00068,-1.69744e-08,0.184084,1,0
8.13477,0.126953,1.00067,-1.90573e-08,0.186035,1,0
8.13477,0.146484,1.00063,-2.29109e-08,0.186035,1,0
8.1543,0.126953,1.00067,-2.06108e-08,0.184084,1,0
8.1543,0.146484,1.00063,-2.46002e-08,0.184084,1,0
8.17383,0.0878906,1.00069,-1.49815e-08,0.182133,1,0
8.17383,0.107422,1.00068,-1.85218e-08,0.182133,1,0
8.19336,0.0878906,1.00069,-1.64659e-08,0.180182,1,0
8.19336,0.107422,1.00068,-2.02303e-08,0.180182,1,0
8.17383,0.126953,1.00067,-2.2329e-08,0.182133,1,0
8.17383,0.146484,1.00063,-2.64715e-08,0.182133,1,0
8.19336,0.126953,1.00067,-2.42284e-08,0.180182,1,0
8.19336,0.146484,1.00063,-2.85431e-08,0.180182,1,0
8.21289,0.00976562,1.00069,-4.12198e-09,0.178231,1,0
8.21289,0.0292969,1.00069,-8.54379e-09,0.178231,1,0
8.23242,0.00976562,1.00069,-4.55715e-09,0.17628,1,0
8.23242,0.0292969,1.00069,-9.45776e-09,0.17628,1,0
8.21289,0.0488281,1.00069,-1.1046e-08,0.178231,1,0
8.21289,0.0683594,1.00069,-1.46564e-08,0.178231,1,0
8.23242,0.0488281,1.00069,-1.22297e-08,0.17628,1,0
8.23242,0.0683594,1.00069,-1.61851e-08,0.17628,1,0
8.25195,0.00976562,1.00069,-5.03584e-09,0.174329,1,0
8.25195,0.0292969,1.00069,-1.04634e-08,0.174329,1,0
8.27148,0.00976562,1.00069,-5.56242e-09,0.172378,1,0
8.27148,0.0292969,1.00069,-1.157e-08,0.172378,1,0
8.25195,0.0488281,1.00069,-1.35328e-08,0.174329,1,0
8.25195,0.0683594,1.00069,-1.7869e-08,0.174329,1,0
8.27148,0.0488281,1.00069,-1.49674e-08,0.172378,1,0
8.27148,0.0683594,1.00069,-1.97236e-08,0.172378,1,0
8.21289,0.0878906,1.00069,-1.81028e-08,0.178231,1,0
8.21289,0.107422,1.00068,-2.2116e-08,0.178231,1,0
8.23242,0.0878906,1.00069,-1.99073e-08,0.17628,1,0
8.23242,0.107422,1.00068,-2.41969e-08,0.17628,1,0
8.21289,0.126953,1.00067,-2.63274e-08,0.178231,1,0
8.21289,0.146484,1.00063,-3.0835e-08,0.178231,1,0
8.23242,0.126953,1.00067,-2.86459e-08,0.17628,1,0
8.23242,0.146484,1.00063,-3.33693e-08,0.17628,1,0
8.25195,0.0878906,1.00069,-2.18965e-08,0.174329,1,0
8.25195,0.107422,1.00068,-2.64925e-08,0.174329,1,0
8.27148,0.0878906,1.00069,-2.40889e-08,0.172378,1,0
8.27148,0.107422,1.00068,-2.90244e-08,0.172378,1,0
8.25195,0.126953,1.00067,-3.12061e-08,0.174329,1,0
8.25195,0.146484,1.00063,-3.61706e-08,0.174329,1,0
8.27148,0.126953,1.00067,-3.40322e-08,0.172378,1,0
8.27148,0.146484,1.00063,-3.92657e-08,0.172378,1,0
8.13477,0.166016,1.00056,-2.695e-08,0.186035,1,0
8.13477,0.185547,1.00042,-3.10305e-08,0.186035,1,0
8.1543,0.166016,1.00056,-2.8752e-08,0.184084,1,0
8.1543,0.185547,1.00042,-3.29257e-08,0.184084,1,0
8.13477,0.205078,1.00014,-3.49283e-08,0.186035,1,0
8.13477,0.224609,0.999598,-3.84176e-08,0.186035,1,0
8.1543,0.205078,1.00014,-3.68964e-08,0.184084,1,0
8.1543,0.224609,0.999598,-4.04405e-08,0.184084,1,0
8.17383,0.166016,1.00056,-3.07513e-08,0.182133,1,0
8.17383,0.185547,1.00042,-3.50316e-08,0.182133,1,0
8.19336,0.166016,1.00056,-3.29676e-08,0.180182,1,0
8.19336,0.185547,1.00042,-3.73695e-08,0.180182,1,0
8.17383,0.205078,1.00014,-3.90867e-08,0.182133,1,0
8.17383,0.224609,0.999598,-4.26949e-08,0.182133,1,0
8.19336,0.205078,1.00014,-4.15215e-08,0.180182,1,0
8.19336,0.224609,0.999598,-4.52043e-08,0.180182,1,0
8.13477,0.244141,0.998585,-4.12532e-08,0.186035,1,0
8.13477,0.263672,0.996745,-4.3208e-08,0.186035,1,0
8.1543,0.244141,0.998585,-4.33139e-08,0.184084,1,0
8.1543,0.263672,0.996745,-4.5291e-08,0.184084,1,0
8.13477,0.283203,0.993494,-4.40845e-08,0.186035,1,0
8.13477,0.302734,0.987915,-4.37508e-08,0.186035,1,0
8.1543,0.283203,0.993494,-4.61749e-08,0.184084,1,0
8.1543,0.302734,0.987915,-4.58334e-08,0.184084,1,0
8.17383,0.244141,0.998585,-4.56132e-08,0.182133,1,0
8.17383,0.263672,0.996745,-4.76173e-08,0.182133,1,0
8.19336,0.244141,0.998585,-4.81752e-08,0.180182,1,0
8.19336,0.263672,0.996745,-5.02113e-08,0.180182,1,0
8.17383,0.283203,0.993494,-4.85106e-08,0.182133,1,0
8.17383,0.302734,0.987915,-4.81605e-08,0.182133,1,0
8.19336,0.283203,0.993494,-5.11163e-08,0.180182,1,0
8.19336,0.302734,0.987915,-5.07566e-08,0.180182,1,0
8.21289,0.166016,1.00056,-3.54228e-08,0.178231,1,0
8.21289,0.185547,1.00042,-3.99626e-08,0.178231,1,0
8.23242,0.166016,1.00056,-3.81409e-08,0.17628,1,0
8.23242,0.185547,1.00042,-4.28367e-08,0.17628,1,0
8.21289,0.205078,1.00014,-4.42255e-08,0.178231,1,0
8.21289,0.224609,0.999598,-4.79941e-08,0.178231,1,0
8.23242,0.205078,1.00014,-4.72258e-08,0.17628,1,0
8.23242,0.224609,0.999598,-5.10926e-08,0.17628,1,0
8.25195,0.166016,1.00056,-4.11483e-08,0.174329,1,0
8.25195,0.185547,1.00042,-4.60199e-08,0.174329,1,0
8.27148,0.166016,1.00056,-4.44742e-08,0.172378,1,0
8.27148,0.185547,1.00042,-4.95435e-08,0.172378,1,0
8.25195,0.205078,1.00014,-5.0552e-08,0.174329,1,0
8.25195,0.224609,0.999598,-5.45309e-08,0.174329,1,0
8.27148,0.205078,1.00014,-5.42372e-08,0.172378,1,0
8.27148,0.224609,0.999598,-5.83433e-08,0.172378,1,0
8.21289,0.244141,0.998585,-5.10262e-08,0.178231,1,0
8.21289,0.263672,0.996745,-5.31e-08,0.178231,1,0
8.23242,0.244141,0.998585,-5.41953e-08,0.17628,1,0
8.23242,0.263672,0.996745,-5.6313e-08,0.17628,1,0
8.21289,0.283203,0.993494,-5.4019e-08,0.178231,1,0
8.21289,0.302734,0.987915,-5.36488e-08,0.178231,1,0
8.23242,0.283203,0.993494,-5.72488e-08,0.17628,1,0
8.23242,0.302734,0.987915,-5.68669e-08,0.17628,1,0
8.25195,0.244141,0.998585,-5.77146e-08,0.174329,1,0
8.25195,0.263672,0.996745,-5.9883e-08,0.174329,1,0
8.27148,0.244141,0.998585,-6.16194e-08,0.172378,1,0
8.27148,0.263672,0.996745,-6.3846e-08,0.172378,1,0
8.25195,0.283203,0.993494,-6.08385e-08,0.174329,1,0
8.25195,0.302734,0.987915,-6.04438e-08,0.174329,1,0
8.27148,0.283203,0.993494,-6.48245e-08,0.172378,1,0
8.27148,0.302734,0.987915,-6.44158e-08,0.172378,1,0
8.29102,0.00976562,1.00069,-6.14169e-09,0.170427,1,0
8.29102,0.0292969,1.00069,-1.27876e-08,0.170427,1,0
8.31055,0.00976562,1.00069,-6.77892e-09,0.168476,1,0
8.31055,0.0292969,1.00069,-1.41273e-08,0.168476,1,0
8.29102,0.0488281,1.00069,-1.65465e-08,0.170427,1,0
8.29102,0.0683594,1.00069,-2.17661e-08,0.170427,1,0
8.31055,0.0488281,1.00069,-1.82849e-08,0.168476,1,0
8.31055,0.0683594,1.00069,-2.40156e-08,0.168476,1,0
8.33008,0.00976562,1.00069,-7.47997e-09,0.166525,1,0
8.33008,0.0292969,1.00069,-1.56016e-08,0.166525,1,0
8.34961,0.00976562,1.00069,-8.25124e-09,0.164574,1,0
8.34961,0.0292969,1.00069,-1.7224e-08,0.164574,1,0
8.33008,0.0488281,1.00069,-2.01985e-08,0.166525,1,0
8.33008,0.0683594,1.00069,-2.64928e-08,0.166525,1,0
8.34961,0.0488281,1.00069,-2.23052e-08,0.164574,1,0
8.34961,0.0683594,1.00069,-2.92209e-08,0.164574,1,0
8.29102,0.0878906,1.00069,-2.65048e-08,0.170427,1,0
8.29102,0.107422,1.00068,-3.18166e-08,0.170427,1,0
8.31055,0.0878906,1.00069,-2.9167e-08,0.168476,1,0
8.31055,0.107422,1.00068,-3.48951e-08,0.168476,1,0
8.29102,0.126953,1.00067,-3.71512e-08,0.170427,1,0
8.29102,0.146484,1.00063,-4.26842e-08,0.170427,1,0
8.31055,0.126953,1.00067,-4.05924e-08,0.168476,1,0
8.31055,0.146484,1.00063,-4.64587e-08,0.168476,1,0
8.33008,0.0878906,1.00069,-3.21003e-08,0.166525,1,0
8.33008,0.107422,1.00068,-3.8289e-08,0.166525,1,0
8.34961,0.0878906,1.00069,-3.5332e-08,0.164574,1,0
8.34961,0.107422,1.00068,-4.20301e-08,0.164574,1,0
8.33008,0.126953,1.00067,-4.43885e-08,0.166525,1,0
8.33008,0.146484,1.00063,-5.06252e-08,0.166525,1,0
8.34961,0.126953,1.00067,-4.85754e-08,0.164574,1,0
8.34961,0.146484,1.00063,-5.52233e-08,0.164574,1,0
8.36914,0.00976562,1.00069,-9.09984e-09,0.162623,1,0
8.36914,0.0292969,1.00069,-1.90094e-08,0.162623,1,0
8.38867,0.00976562,1.00069,-1.00336e-08,0.160672,1,0
8.38867,0.0292969,1.00069,-2.09743e-08,0.160672,1,0
8.36914,0.0488281,1.00069,-2.46242e-08,0.162623,1,0
8.36914,0.0683594,1.00069,-3.2225e-08,0.162623,1,0
8.38867,0.0488281,1.00069,-2.71773e-08,0.160672,1,0
8.38867,0.0683594,1.00069,-3.55333e-08,0.160672,1,0
8.4082,0.00976562,1.00069,-1.1061e-08,0.158721,1,0
8.4082,0.0292969,1.00069,-2.31368e-08,0.158721,1,0
8.42773,0.00976562,1.00069,-1.21917e-08,0.15677,1,0
8.42773,0.0292969,1.00069,-2.55171e-08,0.15677,1,0
8.4082,0.0488281,1.00069,-2.9988e-08,0.158721,1,0
8.4082,0.0683594,1.00069,-3.91765e-08,0.158721,1,0
8.42773,0.0488281,1.00069,-3.30825e-08,0.15677,1,0
8.42773,0.0683594,1.00069,-4.31884e-08,0.15677,1,0
8.36914,0.0878906,1.00069,-3.88924e-08,0.162623,1,0
8.36914,0.107422,1.00068,-4.61536e-08,0.162623,1,0
8.38867,0.0878906,1.00069,-4.28147e-08,0.160672,1,0
8.38867,0.107422,1.00068,-5.06981e-08,0.160672,1,0
8.36914,0.126953,1.00067,-5.31926e-08,0.162623,1,0
8.36914,0.146484,1.00063,-6.02967e-08,0.162623,1,0
8.38867,0.126953,1.00067,-5.82836e-08,0.160672,1,0
8.38867,0.146484,1.00063,-6.58936e-08,0.160672,1,0
8.4082,0.0878906,1.00069,-4.71355e-08,0.158721,1,0
8.4082,0.107422,1.00068,-5.57063e-08,0.158721,1,0
8.42773,0.0878906,1.00069,-5.18953e-08,0.15677,1,0
8.42773,0.107422,1.00068,-6.12251e-08,0.15677,1,0
8.4082,0.126953,1.00067,-6.38965e-08,0.158721,1,0
8.4082,0.146484,1.00063,-7.20669e-08,0.158721,1,0
8.42773,0.126953,1.00067,-7.00841e-08,0.15677,1,0
8.42773,0.146484,1.00063,-7.8875e-08,0.15677,1,0
8.29102,0.166016,1.00056,-4.81507e-08,0.170427,1,0
8.29102,0.185547,1.00042,-5.34418e-08,0.170427,1,0
8.31055,0.166016,1.00056,-5.22131e-08,0.168476,1,0
8.31055,0.185547,1.00042,-5.77526e-08,0.168476,1,0
8.29102,0.205078,1.00014,-5.83175e-08,0.170427,1,0
8.29102,0.224609,0.999598,-6.25674e-08,0.170427,1,0
8.31055,0.205078,1.00014,-6.28328e-08,0.168476,1,0
8.31055,0.224609,0.999598,-6.72449e-08,0.168476,1,0
8.33008,0.166016,1.00056,-5.67006e-08,0.166525,1,0
8.33008,0.185547,1.00042,-6.25176e-08,0.166525,1,0
8.34961,0.166016,1.00056,-6.1656e-08,0.164574,1,0
8.34961,0.185547,1.00042,-6.77827e-08,0.164574,1,0
8.33008,0.205078,1.00014,-6.7827e-08,0.166525,1,0
8.33008,0.224609,0.999598,-7.24215e-08,0.166525,1,0
8.34961,0.205078,1.00014,-7.33486e-08,0.164574,1,0
8.34961,0.224609,0.999598,-7.81478e-08,0.164574,1,0
8.29102,0.244141,0.998585,-6.59485e-08,0.170427,1,0
8.29102,0.263672,0.996745,-6.82416e-08,0.170427,1,0
8.31055,0.244141,0.998585,-7.07449e-08,0.168476,1,0
8.31055,0.263672,0.996745,-7.31136e-08,0.168476,1,0
8.29102,0.283203,0.993494,-6.92469e-08,0.170427,1,0
8.29102,0.302734,0.987915,-6.88226e-08,0.170427,1,0
8.31055,0.283203,0.993494,-7.41495e-08,0.168476,1,0
8.31055,0.302734,0.987915,-7.37083e-08,0.168476,1,0
8.33008,0.244141,0.998585,-7.60557e-08,0.166525,1,0
8.33008,0.263672,0.996745,-7.85101e-08,0.166525,1,0
8.34961,0.244141,0.998585,-8.19329e-08,0.164574,1,0
8.34961,0.263672,0.996745,-8.44842e-08,0.164574,1,0
8.33008,0.283203,0.993494,-7.95812e-08,0.166525,1,0
8.33008,0.302734,0.987915,-7.91213e-08,0.166525,1,0
8.34961,0.283203,0.993494,-8.55953e-08,0.164574,1,0
8.34961,0.302734,0.987915,-8.51149e-08,0.164574,1,0
8.36914,0.166016,1.00056,-6.71267e-08,0.162623,1,0
8.36914,0.185547,1.00042,-7.35985e-08,0.162623,1,0
8.38867,0.166016,1.00056,-7.31648e-08,0.160672,1,0
8.38867,0.185547,1.00042,-8.00208e-08,0.160672,1,0
8.36914,0.205078,1.00014,-7.9451e-08,0.162623,1,0
8.36914,0.224609,0.999598,-8.44794e-08,0.162623,1,0
8.38867,0.205078,1.00014,-8.61929e-08,0.160672,1,0
8.38867,0.224609,0.999598,-9.14775e-08,0.160672,1,0
8.4082,0.166016,1.00056,-7.98279e-08,0.158721,1,0
8.4082,0.185547,1.00042,-8.7111e-08,0.158721,1,0
8.42773,0.166016,1.00056,-8.71793e-08,0.15677,1,0
8.42773,0.185547,1.00042,-9.49367e-08,0.15677,1,0
8.4082,0.205078,1.00014,-9.36391e-08,0.158721,1,0
8.4082,0.224609,0.999598,-9.92097e-08,0.158721,1,0
8.42773,0.205078,1.00014,-1.01861e-07,0.15677,1,0
8.42773,0.224609,0.999598,-1.0775e-07,0.15677,1,0
8.36914,0.244141,0.998585,-8.8434e-08,0.162623,1,0
8.36914,0.263672,0.996745,-9.10943e-08,0.162623,1,0
8.38867,0.244141,0.998585,-9.56221e-08,0.160672,1,0
8.38867,0.263672,0.996745,-9.84049e-08,0.160672,1,0
8.36914,0.283203,0.993494,-9.22509e-08,0.162623,1,0
8.36914,0.302734,0.987915,-9.1748e-08,0.162623,1,0
8.38867,0.283203,0.993494,-9.96128e-08,0.160672,1,0
8.38867,0.302734,0.987915,-9.90853e-08,0.160672,1,0
8.4082,0.244141,0.998585,-1.03567e-07,0.158721,1,0
8.4082,0.263672,0.996745,-1.06487e-07,0.158721,1,0
8.42773,0.244141,0.998585,-1.12344e-07,0.15677,1,0
8.42773,0.263672,0.996745,-1.15418e-07,0.15677,1,0
8.4082,0.283203,0.993494,-1.07753e-07,0.158721,1,0
8.4082,0.302734,0.987915,-1.07198e-07,0.158721,1,0
8.42773,0.283203,0.993494,-1.16749e-07,0.15677,1,0
8.42773,0.302734,0.987915,-1.16165e-07,0.15677,1,0
8.13477,0.322266,0.978612,-4.21535e-08,0.186035,1,0
8.13477,0.341797,0.963537,-3.93538e-08,0.186035,1,0
8.1543,0.322266,0.978612,-4.42106e-08,0.184084,1,0
8.1543,0.341797,0.963537,-4.13638e-08,0.184084,1,0
8.13477,0.361328,0.939794,-3.54952e-08,0.186035,1,0
8.13477,0.380859,0.903437,-3.08426e-08,0.186035,1,0
8.1543,0.361328,0.939794,-3.74281e-08,0.184084,1,0
8.1543,0.380859,0.903437,-3.26535e-08,0.184084,1,0
8.17383,0.322266,0.978612,-4.65083e-08,0.182133,1,0
8.17383,0.341797,0.963537,-4.36066e-08,0.182133,1,0
8.19336,0.322266,0.978612,-4.90705e-08,0.180182,1,0
8.19336,0.341797,0.963537,-4.61057e-08,0.180182,1,0
8.17383,0.361328,0.939794,-3.95821e-08,0.182133,1,0
8.17383,0.380859,0.903437,-3.46819e-08,0.182133,1,0
8.19336,0.361328,0.939794,-4.19794e-08,0.180182,1,0
8.19336,0.380859,0.903437,-3.69225e-08,0.180182,1,0
8.13477,0.400391,0.849288,-2.55936e-08,0.186035,1,0
8.13477,0.419922,0.770804,-2.01251e-08,0.186035,1,0
8.1543,0.400391,0.849288,-2.72667e-08,0.184084,1,0
8.1543,0.419922,0.770804,-2.15132e-08,0.184084,1,0
8.13477,0.439453,0.660031,-1.43548e-08,0.186035,1,0
8.13477,0.458984,0.507662,-8.6961e-09,0.186035,1,0
8.1543,0.439453,0.660031,-1.54461e-08,0.184084,1,0
8.1543,0.458984,0.507662,-9.45574e-09,0.184084,1,0
8.17383,0.400391,0.849288,-2.9071e-08,0.182133,1,0
8.17383,0.419922,0.770804,-2.31125e-08,0.182133,1,0
8.19336,0.400391,0.849288,-3.11276e-08,0.180182,1,0
8.19336,0.419922,0.770804,-2.48234e-08,0.180182,1,0
8.17383,0.439453,0.660031,-1.66745e-08,0.182133,1,0
8.17383,0.458984,0.507662,-1.02131e-08,0.182133,1,0
8.19336,0.439453,0.660031,-1.80125e-08,0.180182,1,0
8.19336,0.458984,0.507662,-1.11324e-08,0.180182,1,0
8.21289,0.322266,0.978612,-5.1924e-08,0.178231,1,0
8.21289,0.341797,0.963537,-4.8887e-08,0.178231,1,0
8.23242,0.322266,0.978612,-5.50981e-08,0.17628,1,0
8.23242,0.341797,0.963537,-5.19788e-08,0.17628,1,0
8.21289,0.361328,0.939794,-4.46447e-08,0.178231,1,0
8.21289,0.380859,0.903437,-3.94243e-08,0.178231,1,0
8.23242,0.361328,0.939794,-4.76049e-08,0.17628,1,0
8.23242,0.380859,0.903437,-4.21858e-08,0.17628,1,0
8.25195,0.322266,0.978612,-5.86252e-08,0.174329,1,0
8.25195,0.341797,0.963537,-5.54126e-08,0.174329,1,0
8.27148,0.322266,0.978612,-6.25409e-08,0.172378,1,0
8.27148,0.341797,0.963537,-5.92228e-08,0.172378,1,0
8.25195,0.361328,0.939794,-5.08899e-08,0.174329,1,0
8.25195,0.380859,0.903437,-4.52614e-08,0.174329,1,0
8.27148,0.361328,0.939794,-5.45324e-08,0.172378,1,0
8.27148,0.380859,0.903437,-4.86546e-08,0.172378,1,0
8.21289,0.400391,0.849288,-3.33531e-08,0.178231,1,0
8.21289,0.419922,0.770804,-2.67793e-08,0.178231,1,0
8.23242,0.400391,0.849288,-3.58745e-08,0.17628,1,0
8.23242,0.419922,0.770804,-2.88818e-08,0.17628,1,0
8.21289,0.439453,0.660031,-1.9513e-08,0.178231,1,0
8.21289,0.458984,0.507662,-1.2064e-08,0.178231,1,0
8.23242,0.439453,0.660031,-2.11502e-08,0.17628,1,0
8.23242,0.458984,0.507662,-1.31766e-08,0.17628,1,0
8.25195,0.400391,0.849288,-3.86107e-08,0.174329,1,0
8.25195,0.419922,0.770804,-3.127e-08,0.174329,1,0
8.27148,0.400391,0.849288,-4.16956e-08,0.172378,1,0
8.27148,0.419922,0.770804,-3.38473e-08,0.172378,1,0
8.25195,0.439453,0.660031,-2.29806e-08,0.174329,1,0
8.25195,0.458984,0.507662,-1.43197e-08,0.174329,1,0
8.27148,0.439453,0.660031,-2.49808e-08,0.172378,1,0
8.27148,0.458984,0.507662,-1.56667e-08,0.172378,1,0
8.13477,0.478516,0.303224,-2.98699e-09,0.186035,1,0
8.13477,0.498047,0.0353821,1.21007e-09,0.186035,0.6,0
8.1543,0.478516,0.303224,-3.23029e-09,0.184084,1,0
8.1543,0.498047,0.0353821,1.34039e-09,0.184084,0.6,0
8.17383,0.478516,0.303224,-3.53873e-09,0.182133,1,0
8.17383,0.498047,0.0353821,1.46486e-09,0.182133,0.6,0
8.19336,0.478516,0.303224,-3.83816e-09,0.180182,1,0
8.19336,0.498047,0.0353821,1.62226e-09,0.180182,0.6,0
8.21289,0.478516,0.303224,-4.2091e-09,0.178231,1,0
8.21289,0.498047,0.0353821,1.77621e-09,0.178231,0.6,0
8.23242,0.478516,0.303224,-4.57661e-09,0.17628,1,0
8.23242,0.498047,0.0353821,1.96648e-09,0.17628,0.6,0
8.25195,0.478516,0.303224,-5.02325e-09,0.174329,1,0
8.25195,0.498047,0.0353821,2.1563e-09,0.174329,0.6,0
8.27148,0.478516,0.303224,-5.47335e-09,0.172378,1,0
8.27148,0.498047,0.0353821,2.3865e-09,0.172378,0.6,0
8.29102,0.322266,0.978612,-6.68844e-08,0.170427,1,0
8.29102,0.341797,0.963537,-6.34475e-08,0.170427,1,0
8.31055,0.322266,0.978612,-7.16991e-08,0.168476,1,0
8.31055,0.341797,0.963537,-6.81288e-08,0.168476,1,0
8.29102,0.361328,0.939794,-5.85687e-08,0.170427,1,0
8.29102,0.380859,0.903437,-5.24259e-08,0.170427,1,0
8.31055,0.361328,0.939794,-6.30386e-08,0.168476,1,0
8.31055,0.380859,0.903437,-5.65851e-08,0.168476,1,0
8.33008,0.322266,0.978612,-7.70326e-08,0.166525,1,0
8.33008,0.341797,0.963537,-7.33127e-08,0.166525,1,0
8.34961,0.322266,0.978612,-8.29374e-08,0.164574,1,0
8.34961,0.341797,0.963537,-7.90502e-08,0.164574,1,0
8.33008,0.361328,0.939794,-6.7986e-08,0.166525,1,0
8.33008,0.380859,0.903437,-6.12003e-08,0.166525,1,0
8.34961,0.361328,0.939794,-7.34594e-08,0.164574,1,0
8.34961,0.380859,0.903437,-6.62885e-08,0.164574,1,0
8.29102,0.400391,0.849288,-4.50514e-08,0.170427,1,0
8.29102,0.419922,0.770804,-3.67598e-08,0.170427,1,0
8.31055,0.400391,0.849288,-4.88197e-08,0.168476,1,0
8.31055,0.419922,0.770804,-3.99133e-08,0.168476,1,0
8.29102,0.439453,0.660031,-2.72114e-08,0.170427,1,0
8.29102,0.458984,0.507662,-1.70664e-08,0.170427,1,0
8.31055,0.439453,0.660031,-2.96518e-08,0.168476,1,0
8.31055,0.458984,0.507662,-1.86976e-08,0.168476,1,0
8.33008,0.400391,0.849288,-5.29269e-08,0.166525,1,0
8.33008,0.419922,0.770804,-4.34617e-08,0.166525,1,0
8.34961,0.400391,0.849288,-5.75241e-08,0.164574,1,0
8.34961,0.419922,0.770804,-4.73143e-08,0.164574,1,0
8.33008,0.439453,0.660031,-3.23678e-08,0.166525,1,0
8.33008,0.458984,0.507662,-2.04087e-08,0.166525,1,0
8.34961,0.439453,0.660031,-3.53426e-08,0.164574,1,0
8.34961,0.458984,0.507662,-2.23846e-08,0.164574,1,0
8.36914,0.322266,0.978612,-8.94714e-08,0.162623,1,0
8.36914,0.341797,0.963537,-8.53975e-08,0.162623,1,0
8.38867,0.322266,0.978612,-9.66984e-08,0.160672,1,0
8.38867,0.341797,0.963537,-9.24162e-08,0.160672,1,0
8.36914,0.361328,0.939794,-7.9512e-08,0.162623,1,0
8.36914,0.380859,0.903437,-7.19274e-08,0.162623,1,0
8.38867,0.361328,0.939794,-8.62026e-08,0.160672,1,0
8.38867,0.380859,0.903437,-7.81428e-08,0.160672,1,0
8.4082,0.322266,0.978612,-1.04689e-07,0.158721,1,0
8.4082,0.341797,0.963537,-1.00175e-07,0.158721,1,0
8.42773,0.322266,0.978612,-1.13519e-07,0.15677,1,0
8.42773,0.341797,0.963537,-1.08747e-07,0.15677,1,0
8.4082,0.361328,0.939794,-9.3596e-08,0.158721,1,0
8.4082,0.380859,0.903437,-8.50235e-08,0.158721,1,0
8.42773,0.361328,0.939794,-1.01763e-07,0.15677,1,0
8.42773,0.380859,0.903437,-9.26065e-08,0.15677,1,0
8.36914,0.400391,0.849288,-6.25432e-08,0.162623,1,0
8.36914,0.419922,0.770804,-5.1634e-08,0.162623,1,0
8.38867,0.400391,0.849288,-6.81459e-08,0.160672,1,0
8.38867,0.419922,0.770804,-5.6335e-08,0.160672,1,0
8.36914,0.439453,0.660031,-3.86474e-08,0.162623,1,0
8.36914,0.458984,0.507662,-2.44736e-08,0.162623,1,0
8.38867,0.439453,0.660031,-4.22704e-08,0.160672,1,0
8.38867,0.458984,0.507662,-2.68675e-08,0.160672,1,0
8.4082,0.400391,0.849288,-7.42715e-08,0.158721,1,0
8.4082,0.419922,0.770804,-6.15904e-08,0.158721,1,0
8.42773,0.400391,0.849288,-8.10941e-08,0.15677,1,0
8.42773,0.419922,0.770804,-6.73209e-08,0.15677,1,0
8.4082,0.439453,0.660031,-4.62898e-08,0.158721,1,0
8.4082,0.458984,0.507662,-2.94152e-08,0.158721,1,0
8.42773,0.439453,0.660031,-5.06995e-08,0.15677,1,0
8.42773,0.458984,0.507662,-3.23161e-08,0.15677,1,0
8.29102,0.478516,0.303224,-6.0117e-09,0.170427,1,0
8.29102,0.498047,0.0353821,2.61996e-09,0.170427,0.6,0
8.31055,0.478516,0.303224,-6.56202e-09,0.168476,1,0
8.31055,0.498047,0.0353821,2.89867e-09,0.168476,0.6,0
8.33008,0.478516,0.303224,-7.2115e-09,0.166525,1,0
8.33008,0.498047,0.0353821,3.18522e-09,0.166525,0.6,0
8.34961,0.478516,0.303224,-7.88339e-09,0.164574,1,0
8.34961,0.498047,0.0353821,3.52287e-09,0.164574,0.6,0
8.36914,0.478516,0.303224,-8.66755e-09,0.162623,1,0
8.36914,0.498047,0.0353821,3.87398e-09,0.162623,0.6,0
8.38867,0.478516,0.303224,-9.48692e-09,0.160672,1,0
8.38867,0.498047,0.0353821,4.28323e-09,0.160672,0.6,0
8.4082,0.478516,0.303224,-1.04343e-08,0.158721,1,0
8.4082,0.498047,0.0353821,4.71285e-09,0.158721,0.6,0
8.42773,0.478516,0.303224,-1.14325e-08,0.15677,1,0
8.42773,0.498047,0.0353821,5.2091e-09,0.15677,0.6,0
8.44727,0.00976562,1.00069,-1.34361e-08,0.154819,1,0
8.44727,0.0292969,1.00069,-2.8137e-08,0.154819,1,0
8.4668,0.00976562,1.00069,-1.48056e-08,0.152868,1,0
8.4668,0.0292969,1.00069,-3.1021e-08,0.152868,1,0
8.44727,0.0488281,1.00069,-3.64894e-08,0.154819,1,0
8.44727,0.0683594,1.00069,-4.76065e-08,0.154819,1,0
8.4668,0.0488281,1.00069,-4.02404e-08,0.152868,1,0
8.4668,0.0683594,1.00069,-5.24718e-08,0.152868,1,0
8.48633,0.00976562,1.00069,-1.6313e-08,0.150917,1,0
8.48633,0.0292969,1.00069,-3.41956e-08,0.150917,1,0
8.50586,0.00976562,1.00069,-1.79723e-08,0.148966,1,0
8.50586,0.0292969,1.00069,-3.76904e-08,0.148966,1,0
8.48633,0.0488281,1.00069,-4.43703e-08,0.150917,1,0
8.48633,0.0683594,1.00069,-5.78296e-08,0.150917,1,0
8.50586,0.0488281,1.00069,-4.89174e-08,0.148966,1,0
8.50586,0.0683594,1.00069,-6.37298e-08,0.148966,1,0
8.44727,0.0878906,1.00069,-5.71384e-08,0.154819,1,0
8.44727,0.107422,1.00068,-6.73063e-08,0.154819,1,0
8.4668,0.0878906,1.00069,-6.29139e-08,0.152868,1,0
8.4668,0.107422,1.00068,-7.40068e-08,0.152868,1,0
8.44727,0.126953,1.00067,-7.69045e-08,0.154819,1,0
8.44727,0.146484,1.00063,-8.63823e-08,0.154819,1,0
8.4668,0.126953,1.00067,-8.4422e-08,0.152868,1,0
8.4668,0.146484,1.00063,-9.46595e-08,0.152868,1,0
8.48633,0.0878906,1.00069,-6.92755e-08,0.150917,1,0
8.48633,0.107422,1.00068,-8.13893e-08,0.150917,1,0
8.50586,0.0878906,1.00069,-7.62827e-08,0.148966,1,0
8.50586,0.107422,1.00068,-8.95229e-08,0.148966,1,0
8.48633,0.126953,1.00067,-9.27071e-08,0.150917,1,0
8.48633,0.146484,1.00063,-1.03785e-07,0.150917,1,0
8.50586,0.126953,1.00067,-1.01837e-07,0.148966,1,0
8.50586,0.146484,1.00063,-1.13843e-07,0.148966,1,0
8.52539,0.00976562,1.00069,-1.97986e-08,0.147015,1,0
8.52539,0.0292969,1.00069,-4.15376e-08,0.147015,1,0
8.54492,0.00976562,1.00069,-2.18091e-08,0.145064,1,0
8.54492,0.0292969,1.00069,-4.57731e-08,0.145064,1,0
8.52539,0.0488281,1.00069,-5.39241e-08,0.147015,1,0
8.52539,0.0683594,1.00069,-7.02272e-08,0.147015,1,0
8.54492,0.0488281,1.00069,-5.94367e-08,0.145064,1,0
8.54492,0.0683594,1.00069,-7.73823e-08,0.145064,1,0
8.56445,0.00976562,1.00069,-2.40222e-08,0.143113,1,0
8.56445,0.0292969,1.00069,-5.0436e-08,0.143113,1,0
8.58398,0.00976562,1.00069,-2.64586e-08,0.141162,1,0
8.58398,0.0292969,1.00069,-5.55697e-08,0.141162,1,0
8.56445,0.0488281,1.00069,-6.55065e-08,0.143113,1,0
8.56445,0.0683594,1.00069,-8.52617e-08,0.143113,1,0
8.58398,0.0488281,1.00069,-7.219e-08,0.141162,1,0
8.58398,0.0683594,1.00069,-9.39387e-08,0.141162,1,0
8.52539,0.0878906,1.00069,-8.40007e-08,0.147015,1,0
8.52539,0.107422,1.00068,-9.84836e-08,0.147015,1,0
8.54492,0.0878906,1.00069,-9.25016e-08,0.145064,1,0
8.54492,0.107422,1.00068,-1.08355e-07,0.145064,1,0
8.52539,0.126953,1.00067,-1.11899e-07,0.147015,1,0
8.52539,0.146484,1.00063,-1.24931e-07,0.147015,1,0
8.54492,0.126953,1.00067,-1.22985e-07,0.145064,1,0
8.54492,0.146484,1.00063,-1.3715e-07,0.145064,1,0
8.56445,0.0878906,1.00069,-1.01865e-07,0.143113,1,0
8.56445,0.107422,1.00068,-1.1923e-07,0.143113,1,0
8.58398,0.0878906,1.00069,-1.12177e-07,0.141162,1,0
8.58398,0.107422,1.00068,-1.31209e-07,0.141162,1,0
8.56445,0.126953,1.00067,-1.352e-07,0.143113,1,0
8.56445,0.146484,1.00063,-1.50617e-07,0.143113,1,0
8.58398,0.126953,1.00067,-1.48659e-07,0.141162,1,0
8.58398,0.146484,1.00063,-1.65457e-07,0.141162,1,0
8.44727,0.166016,1.00056,-9.52886e-08,0.154819,1,0
8.44727,0.185547,1.00042,-1.03572e-07,0.154819,1,0
8.4668,0.166016,1.00056,-1.04233e-07,0.152868,1,0
8.4668,0.185547,1.00042,-1.131e-07,0.152868,1,0
8.44727,0.205078,1.00014,-1.10937e-07,0.154819,1,0
8.44727,0.224609,0.999598,-1.17181e-07,0.154819,1,0
8.4668,0.205078,1.00014,-1.20954e-07,0.152868,1,0
8.4668,0.224609,0.999598,-1.27593e-07,0.152868,1,0
8.48633,0.166016,1.00056,-1.14096e-07,0.150917,1,0
8.48633,0.185547,1.00042,-1.23611e-07,0.150917,1,0
8.50586,0.166016,1.00056,-1.24972e-07,0.148966,1,0
8.50586,0.185547,1.00042,-1.35203e-07,0.148966,1,0
8.48633,0.205078,1.00014,-1.32007e-07,0.150917,1,0
8.48633,0.224609,0.999598,-1.39084e-07,0.150917,1,0
8.50586,0.205078,1.00014,-1.44201e-07,0.148966,1,0
8.50586,0.224609,0.999598,-1.51765e-07,0.148966,1,0
8.44727,0.244141,0.998585,-1.2204e-07,0.154819,1,0
8.44727,0.263672,0.996745,-1.25285e-07,0.154819,1,0
8.4668,0.244141,0.998585,-1.32746e-07,0.152868,1,0
8.4668,0.263672,0.996745,-1.36183e-07,0.152868,1,0
8.44727,0.283203,0.993494,-1.2669e-07,0.154819,1,0
8.44727,0.302734,0.987915,-1.26073e-07,0.154819,1,0
8.4668,0.283203,0.993494,-1.3767e-07,0.152868,1,0
8.4668,0.302734,0.987915,-1.37017e-07,0.152868,1,0
8.48633,0.244141,0.998585,-1.44565e-07,0.150917,1,0
8.48633,0.263672,0.996745,-1.48216e-07,0.150917,1,0
8.50586,0.244141,0.998585,-1.5761e-07,0.148966,1,0
8.50586,0.263672,0.996745,-1.61498e-07,0.148966,1,0
8.48633,0.283203,0.993494,-1.49794e-07,0.150917,1,0
8.48633,0.302734,0.987915,-1.49103e-07,0.150917,1,0
8.50586,0.283203,0.993494,-1.63179e-07,0.148966,1,0
8.50586,0.302734,0.987915,-1.62446e-07,0.148966,1,0
8.52539,0.166016,1.00056,-1.36962e-07,0.147015,1,0
8.52539,0.185547,1.00042,-1.47987e-07,0.147015,1,0
8.54492,0.166016,1.00056,-1.50181e-07,0.145064,1,0
8.54492,0.185547,1.00042,-1.62083e-07,0.145064,1,0
8.52539,0.205078,1.00014,-1.57652e-07,0.147015,1,0
8.52539,0.224609,0.999598,-1.65755e-07,0.147015,1,0
8.54492,0.205078,1.00014,-1.72487e-07,0.145064,1,0
8.54492,0.224609,0.999598,-1.81188e-07,0.145064,1,0
8.56445,0.166016,1.00056,-1.64751e-07,0.143113,1,0
8.56445,0.185547,1.00042,-1.77625e-07,0.143113,1,0
8.58398,0.166016,1.00056,-1.80811e-07,0.141162,1,0
8.58398,0.185547,1.00042,-1.94758e-07,0.141162,1,0
8.56445,0.205078,1.00014,-1.88846e-07,0.143113,1,0
8.56445,0.224609,0.999598,-1.9821e-07,0.143113,1,0
8.58398,0.205078,1.00014,-2.06883e-07,0.141162,1,0
8.58398,0.224609,0.999598,-2.16982e-07,0.141162,1,0
8.52539,0.244141,0.998585,-1.72005e-07,0.147015,1,0
8.52539,0.263672,0.996745,-1.76157e-07,0.147015,1,0
8.54492,0.244141,0.998585,-1.87887e-07,0.145064,1,0
8.54492,0.263672,0.996745,-1.92333e-07,0.145064,1,0
8.52539,0.283203,0.993494,-1.77953e-07,0.147015,1,0
8.52539,0.302734,0.987915,-1.77173e-07,0.147015,1,0
8.54492,0.283203,0.993494,-1.94256e-07,0.145064,1,0
8.54492,0.302734,0.987915,-1.93425e-07,0.145064,1,0
8.56445,0.244141,0.998585,-2.05406e-07,0.143113,1,0
8.56445,0.263672,0.996745,-2.10179e-07,0.143113,1,0
8.58398,0.244141,0.998585,-2.2473e-07,0.141162,1,0
8.58398,0.263672,0.996745,-2.29864e-07,0.141162,1,0
8.56445,0.283203,0.993494,-2.12244e-07,0.143113,1,0
8.56445,0.302734,0.987915,-2.11357e-07,0.143113,1,0
8.58398,0.283203,0.993494,-2.32088e-07,0.141162,1,0
8.58398,0.302734,0.987915,-2.3114e-07,0.141162,1,0
8.60352,0.00976562,1.00069,-2.91408e-08,0.139211,1,0
8.60352,0.0292969,1.00069,-6.12218e-08,0.139211,1,0
8.62305,0.00976562,1.00069,-3.20938e-08,0.13726,1,0
8.62305,0.0292969,1.00069,-6.74448e-08,0.13726,1,0
8.60352,0.0488281,1.00069,-7.95492e-08,0.139211,1,0
8.60352,0.0683594,1.00069,-1.03494e-07,0.139211,1,0
8.62305,0.0488281,1.00069,-8.76525e-08,0.13726,1,0
8.62305,0.0683594,1.00069,-1.14017e-07,0.13726,1,0
8.64258,0.00976562,1.00069,-3.5345e-08,0.135309,1,0
8.64258,0.0292969,1.00069,-7.42965e-08,0.135309,1,0
8.66211,0.00976562,1.00069,-3.89246e-08,0.133358,1,0
8.66211,0.0292969,1.00069,-8.18407e-08,0.133358,1,0
8.64258,0.0488281,1.00069,-9.65753e-08,0.135309,1,0
8.64258,0.0683594,1.00069,-1.25604e-07,0.135309,1,0
8.66211,0.0488281,1.00069,-1.06401e-07,0.133358,1,0
8.66211,0.0683594,1.00069,-1.38365e-07,0.133358,1,0
8.60352,0.0878906,1.00069,-1.23534e-07,0.139211,1,0
8.60352,0.107422,1.00068,-1.44404e-07,0.139211,1,0
8.62305,0.0878906,1.00069,-1.36043e-07,0.13726,1,0
8.62305,0.107422,1.00068,-1.58939e-07,0.13726,1,0
8.60352,0.126953,1.00067,-1.63486e-07,0.139211,1,0
8.60352,0.146484,1.00063,-1.81809e-07,0.139211,1,0
8.62305,0.126953,1.00067,-1.79821e-07,0.13726,1,0
8.62305,0.146484,1.00063,-1.99827e-07,0.13726,1,0
8.64258,0.0878906,1.00069,-1.4982e-07,0.135309,1,0
8.64258,0.107422,1.00068,-1.74948e-07,0.135309,1,0
8.66211,0.0878906,1.00069,-1.64993e-07,0.133358,1,0
8.66211,0.107422,1.00068,-1.92583e-07,0.133358,1,0
8.64258,0.126953,1.00067,-1.97816e-07,0.135309,1,0
8.64258,0.146484,1.00063,-2.1968e-07,0.135309,1,0
8.66211,0.126953,1.00067,-2.1764e-07,0.133358,1,0
8.66211,0.146484,1.00063,-2.41552e-07,0.133358,1,0
8.68164,0.00976562,1.00069,-4.28659e-08,0.131407,1,0
8.68164,0.0292969,1.00069,-9.01475e-08,0.131407,1,0
8.70117,0.00976562,1.00069,-4.72055e-08,0.129456,1,0
8.70117,0.0292969,1.00069,-9.92941e-08,0.129456,1,0
8.68164,0.0488281,1.00069,-1.1722e-07,0.131407,1,0
8.68164,0.0683594,1.00069,-1.52417e-07,0.131407,1,0
8.70117,0.0488281,1.00069,-1.29133e-07,0.129456,1,0
8.70117,0.0683594,1.00069,-1.67892e-07,0.129456,1,0
8.7207,0.00976562,1.00069,-5.19839e-08,0.127505,1,0
8.7207,0.0292969,1.00069,-1.09366e-07,0.127505,1,0
8.74023,0.00976562,1.00069,-5.72454e-08,0.125554,1,0
8.74023,0.0292969,1.00069,-1.20455e-07,0.125554,1,0
8.7207,0.0488281,1.00069,-1.42251e-07,0.127505,1,0
8.7207,0.0683594,1.00069,-1.84933e-07,0.127505,1,0
8.74023,0.0488281,1.00069,-1.56697e-07,0.125554,1,0
8.74023,0.0683594,1.00069,-2.03699e-07,0.125554,1,0
8.68164,0.0878906,1.00069,-1.81703e-07,0.131407,1,0
8.68164,0.107422,1.00068,-2.12006e-07,0.131407,1,0
8.70117,0.0878906,1.00069,-2.00106e-07,0.129456,1,0
8.70117,0.107422,1.00068,-2.33398e-07,0.129456,1,0
8.68164,0.126953,1.00067,-2.39477e-07,0.131407,1,0
8.68164,0.146484,1.00063,-2.65648e-07,0.131407,1,0
8.70117,0.126953,1.00067,-2.63531e-07,0.129456,1,0
8.70117,0.146484,1.00063,-2.92194e-07,0.129456,1,0
8.7207,0.0878906,1.00069,-2.20373e-07,0.127505,1,0
8.7207,0.107422,1.00068,-2.5696e-07,0.127505,1,0
8.74023,0.0878906,1.00069,-2.42693e-07,0.125554,1,0
8.74023,0.107422,1.00068,-2.8291e-07,0.125554,1,0
8.7207,0.126953,1.00067,-2.90027e-07,0.127505,1,0
8.7207,0.146484,1.00063,-3.21438e-07,0.127505,1,0
8.74023,0.126953,1.00067,-3.19211e-07,0.125554,1,0
8.74023,0.146484,1.00063,-3.53652e-07,0.125554,1,0
8.60352,0.166016,1.00056,-1.9851e-07,0.139211,1,0
8.60352,0.185547,1.00042,-2.13644e-07,0.139211,1,0
8.62305,0.166016,1.00056,-2.18016e-07,0.13726,1,0
8.62305,0.185547,1.00042,-2.3446e-07,0.13726,1,0
8.60352,0.205078,1.00014,-2.26769e-07,0.139211,1,0
8.60352,0.224609,0.999598,-2.37681e-07,0.139211,1,0
8.62305,0.205078,1.00014,-2.48692e-07,0.13726,1,0
8.62305,0.224609,0.999598,-2.60502e-07,0.13726,1,0
8.64258,0.166016,1.00056,-2.3951e-07,0.135309,1,0
8.64258,0.185547,1.00042,-2.57402e-07,0.135309,1,0
8.66211,0.166016,1.00056,-2.63195e-07,0.133358,1,0
8.66211,0.185547,1.00042,-2.82685e-07,0.133358,1,0
8.64258,0.205078,1.00014,-2.72857e-07,0.135309,1,0
8.64258,0.224609,0.999598,-2.85661e-07,0.135309,1,0
8.66211,0.205078,1.00014,-2.99491e-07,0.133358,1,0
8.66211,0.224609,0.999598,-3.13394e-07,0.133358,1,0
8.60352,0.244141,0.998585,-2.4604e-07,0.139211,1,0
8.60352,0.263672,0.996745,-2.51575e-07,0.139211,1,0
8.62305,0.244141,0.998585,-2.69537e-07,0.13726,1,0
8.62305,0.263672,0.996745,-2.75517e-07,0.13726,1,0
8.60352,0.283203,0.993494,-2.53975e-07,0.139211,1,0
8.60352,0.302734,0.987915,-2.5296e-07,0.139211,1,0
8.62305,0.283203,0.993494,-2.78113e-07,0.13726,1,0
8.62305,0.302734,0.987915,-2.77026e-07,0.13726,1,0
8.64258,0.244141,0.998585,-2.95445e-07,0.135309,1,0
8.64258,0.263672,0.996745,-3.01918e-07,0.135309,1,0
8.66211,0.244141,0.998585,-3.24007e-07,0.133358,1,0
8.66211,0.263672,0.996745,-3.31025e-07,0.133358,1,0
8.64258,0.283203,0.993494,-3.04731e-07,0.135309,1,0
8.64258,0.302734,0.987915,-3.03564e-07,0.135309,1,0
8.66211,0.283203,0.993494,-3.3408e-07,0.133358,1,0
8.66211,0.302734,0.987915,-3.32826e-07,0.133358,1,0
8.68164,0.166016,1.00056,-2.89291e-07,0.131407,1,0
8.68164,0.185547,1.00042,-3.10547e-07,0.131407,1,0
8.70117,0.166016,1.00056,-3.18044e-07,0.129456,1,0
8.70117,0.185547,1.00042,-3.41249e-07,0.129456,1,0
8.68164,0.205078,1.00014,-3.28845e-07,0.131407,1,0
8.68164,0.224609,0.999598,-3.43963e-07,0.131407,1,0
8.70117,0.205078,1.00014,-3.61194e-07,0.129456,1,0
8.70117,0.224609,0.999598,-3.77654e-07,0.129456,1,0
8.7207,0.166016,1.00056,-3.49722e-07,0.127505,1,0
8.7207,0.185547,1.00042,-3.75077e-07,0.127505,1,0
8.74023,0.166016,1.00056,-3.84621e-07,0.125554,1,0
8.74023,0.185547,1.00042,-4.12349e-07,0.125554,1,0
8.7207,0.205078,1.00014,-3.96842e-07,0.127505,1,0
8.7207,0.224609,0.999598,-4.14784e-07,0.127505,1,0
8.74023,0.205078,1.00014,-4.36122e-07,0.125554,1,0
8.74023,0.224609,0.999598,-4.55702e-07,0.125554,1,0
8.68164,0.244141,0.998585,-3.55492e-07,0.131407,1,0
8.68164,0.263672,0.996745,-3.63114e-07,0.131407,1,0
8.70117,0.244141,0.998585,-3.90196e-07,0.129456,1,0
8.70117,0.263672,0.996745,-3.98487e-07,0.129456,1,0
8.68164,0.283203,0.993494,-3.66437e-07,0.131407,1,0
8.68164,0.302734,0.987915,-3.65089e-07,0.131407,1,0
8.70117,0.283203,0.993494,-4.02107e-07,0.129456,1,0
8.70117,0.302734,0.987915,-4.00656e-07,0.129456,1,0
8.7207,0.244141,0.998585,-4.28446e-07,0.127505,1,0
8.7207,0.263672,0.996745,-4.37477e-07,0.127505,1,0
8.74023,0.244141,0.998585,-4.70602e-07,0.125554,1,0
8.74023,0.263672,0.996745,-4.8045e-07,0.125554,1,0
8.7207,0.283203,0.993494,-4.41427e-07,0.127505,1,0
8.7207,0.302734,0.987915,-4.39863e-07,0.127505,1,0
8.74023,0.283203,0.993494,-4.84767e-07,0.125554,1,0
8.74023,0.302734,0.987915,-4.8308e-07,0.125555,1,0
8.44727,0.322266,0.978612,-1.23276e-07,0.154819,1,0
8.44727,0.341797,0.963537,-1.18218e-07,0.154819,1,0
8.4668,0.322266,0.978612,-1.34052e-07,0.152868,1,0
8.4668,0.341797,0.963537,-1.28676e-07,0.152868,1,0
8.44727,0.361328,0.939794,-1.10783e-07,0.154819,1,0
8.44727,0.380859,0.903437,-1.00994e-07,0.154819,1,0
8.4668,0.361328,0.939794,-1.20742e-07,0.152868,1,0
8.4668,0.380859,0.903437,-1.10236e-07,0.152868,1,0
8.48633,0.322266,0.978612,-1.45952e-07,0.150917,1,0
8.48633,0.341797,0.963537,-1.40223e-07,0.150917,1,0
8.50586,0.322266,0.978612,-1.59089e-07,0.148966,1,0
8.50586,0.341797,0.963537,-1.52969e-07,0.148966,1,0
8.48633,0.361328,0.939794,-1.31735e-07,0.150917,1,0
8.48633,0.380859,0.903437,-1.20452e-07,0.150917,1,0
8.50586,0.361328,0.939794,-1.43868e-07,0.148966,1,0
8.50586,0.380859,0.903437,-1.31708e-07,0.148966,1,0
8.44727,0.400391,0.849288,-8.85623e-08,0.154819,1,0
8.44727,0.419922,0.770804,-7.37119e-08,0.154819,1,0
8.4668,0.400391,0.849288,-9.68651e-08,0.152868,1,0
8.4668,0.419922,0.770804,-8.06918e-08,0.152868,1,0
8.44727,0.439453,0.660031,-5.55858e-08,0.154819,1,0
8.44727,0.458984,0.507662,-3.54205e-08,0.154819,1,0
8.4668,0.439453,0.660031,-6.09501e-08,0.152868,1,0
8.4668,0.458984,0.507662,-3.89364e-08,0.152868,1,0
8.48633,0.400391,0.849288,-1.05963e-07,0.150917,1,0
8.48633,0.419922,0.770804,-8.84604e-08,0.150917,1,0
8.50586,0.400391,0.849288,-1.16062e-07,0.148966,1,0
8.50586,0.419922,0.770804,-9.69567e-08,0.148966,1,0
8.48633,0.439453,0.660031,-6.68886e-08,0.150917,1,0
8.48633,0.458984,0.507662,-4.27163e-08,0.150917,1,0
8.50586,0.439453,0.660031,-7.34114e-08,0.148966,1,0
8.50586,0.458984,0.507662,-4.69782e-08,0.148966,1,0
8.52539,0.322266,0.978612,-1.73588e-07,0.147015,1,0
8.52539,0.341797,0.963537,-1.67036e-07,0.147015,1,0
8.54492,0.322266,0.978612,-1.89589e-07,0.145064,1,0
8.54492,0.341797,0.963537,-1.82558e-07,0.145064,1,0
8.52539,0.361328,0.939794,-1.57256e-07,0.147015,1,0
8.52539,0.380859,0.903437,-1.44142e-07,0.147015,1,0
8.54492,0.361328,0.939794,-1.72027e-07,0.145064,1,0
8.54492,0.380859,0.903437,-1.57841e-07,0.145064,1,0
8.56445,0.322266,0.978612,-2.07243e-07,0.143113,1,0
8.56445,0.341797,0.963537,-1.99683e-07,0.143113,1,0
8.58398,0.322266,0.978612,-2.26718e-07,0.141162,1,0
8.58398,0.341797,0.963537,-2.18573e-07,0.141162,1,0
8.56445,0.361328,0.939794,-1.88321e-07,0.143113,1,0
8.56445,0.380859,0.903437,-1.72967e-07,0.143113,1,0
8.58398,0.361328,0.939794,-2.06293e-07,0.141162,1,0
8.58398,0.380859,0.903437,-1.89632e-07,0.141162,1,0
8.52539,0.400391,0.849288,-1.27137e-07,0.147015,1,0
8.52539,0.419922,0.770804,-1.06397e-07,0.147015,1,0
8.54492,0.400391,0.849288,-1.39415e-07,0.145064,1,0
8.54492,0.419922,0.770804,-1.16734e-07,0.145064,1,0
8.52539,0.439453,0.660031,-8.06265e-08,0.147015,1,0
8.52539,0.458984,0.507662,-5.1578e-08,0.147015,1,0
8.54492,0.439453,0.660031,-8.85554e-08,0.145064,1,0
8.54492,0.458984,0.507662,-5.6745e-08,0.145064,1,0
8.56445,0.400391,0.849288,-1.5289e-07,0.143113,1,0
8.56445,0.419922,0.770804,-1.28204e-07,0.143113,1,0
8.58398,0.400391,0.849288,-1.67814e-07,0.141162,1,0
8.58398,0.419922,0.770804,-1.40774e-07,0.141162,1,0
8.56445,0.439453,0.660031,-9.73199e-08,0.143113,1,0
8.56445,0.458984,0.507662,-6.23399e-08,0.143113,1,0
8.58398,0.439453,0.66003,-1.06955e-07,0.141162,1,0
8.58398,0.458984,0.507662,-6.86049e-08,0.141162,1,0
8.44727,0.478516,0.303224,-1.25777e-08,0.154819,1,0
8.44727,0.498047,0.0353821,5.73418e-09,0.154819,0.6,0
8.4668,0.478516,0.303224,-1.3793e-08,0.152868,1,0
8.4668,0.498047,0.0353821,6.3361e-09,0.152868,0.6,0
8.48633,0.478516,0.303224,-1.5178e-08,0.150917,1,0
8.48633,0.498047,0.0353821,6.97722e-09,0.150917,0.6,0
8.50586,0.478516,0.303224,-1.66564e-08,0.148966,1,0
8.50586,0.498047,0.0353821,7.70752e-09,0.148966,0.6,0
8.52539,0.478516,0.303224,-1.83321e-08,0.147015,1,0
8.52539,0.498047,0.0353821,8.4897e-09,0.147015,0.6,0
8.54492,0.478516,0.303224,-2.01297e-08,0.145064,1,0
8.54492,0.498047,0.035382,9.37595e-09,0.145064,0.6,0
8.56445,0.478516,0.303224,-2.21579e-08,0.143113,1,0
8.56445,0.498047,0.035382,1.03296e-08,0.143113,0.6,0
8.58398,0.478516,0.303224,-2.43428e-08,0.141162,1,0
8.58398,0.498047,0.035382,1.14053e-08,0.141162,0.6,0
8.60352,0.322266,0.978612,-2.48199e-07,0.139211,1,0
8.60352,0.341797,0.963537,-2.39408e-07,0.139211,1,0
8.62305,0.322266,0.978612,-2.71891e-07,0.13726,1,0
8.62305,0.341797,0.963537,-2.62385e-07,0.13726,1,0
8.60352,0.361328,0.939794,-2.26113e-07,0.139211,1,0
8.60352,0.380859,0.903437,-2.08026e-07,0.139211,1,0
8.62305,0.361328,0.939794,-2.47969e-07,0.13726,1,0
8.62305,0.380859,0.903437,-2.2829e-07,0.13726,1,0
8.64258,0.322266,0.978612,-2.98016e-07,0.135309,1,0
8.64258,0.341797,0.963537,-2.87722e-07,0.135309,1,0
8.66211,0.322266,0.978612,-3.26823e-07,0.133358,1,0
8.66211,0.341797,0.963537,-3.15659e-07,0.133358,1,0
8.64258,0.361328,0.939794,-2.72069e-07,0.135309,1,0
8.64258,0.380859,0.903437,-2.50648e-07,0.135309,1,0
8.66211,0.361328,0.939794,-2.9864e-07,0.133358,1,0
8.66211,0.380859,0.903437,-2.7528e-07,0.133358,1,0
8.60352,0.400391,0.849288,-1.84202e-07,0.139211,1,0
8.60352,0.419922,0.770804,-1.54706e-07,0.139211,1,0
8.62305,0.400391,0.849288,-2.02336e-07,0.13726,1,0
8.62305,0.419922,0.770804,-1.69988e-07,0.13726,1,0
8.60352,0.439453,0.66003,-1.176e-07,0.139211,1,0
8.60352,0.458984,0.507661,-7.54074e-08,0.139211,1,0
8.62305,0.439453,0.66003,-1.29307e-07,0.13726,1,0
8.62305,0.458984,0.507661,-8.30047e-08,0.13726,1,0
8.64258,0.400391,0.849288,-2.2226e-07,0.135309,1,0
8.64258,0.419922,0.770804,-1.86908e-07,0.135309,1,0
8.66211,0.400391,0.849288,-2.4429e-07,0.133359,1,0
8.66211,0.419922,0.770804,-2.05481e-07,0.133359,1,0
8.64258,0.439453,0.66003,-1.42234e-07,0.13531,1,0
8.64258,0.458984,0.507661,-9.12729e-08,0.13531,1,0
8.66211,0.439453,0.66003,-1.56454e-07,0.133359,1,0
8.66211,0.458984,0.507661,-1.00487e-07,0.133359,1,0
8.68164,0.322266,0.978612,-3.58584e-07,0.131407,1,0
8.68164,0.341797,0.963537,-3.46459e-07,0.131407,1,0
8.70117,0.322266,0.978612,-3.93598e-07,0.129456,1,0
8.70117,0.341797,0.963537,-3.80414e-07,0.129457,1,0
8.68164,0.361328,0.939794,-3.27932e-07,0.131408,1,0
8.68164,0.380859,0.903437,-3.02451e-07,0.131408,1,0
8.70117,0.361328,0.939794,-3.60224e-07,0.129457,1,0
8.70117,0.380859,0.903437,-3.32384e-07,0.129457,1,0
8.7207,0.322266,0.978612,-4.32196e-07,0.127506,1,0
8.7207,0.341797,0.963537,-4.17844e-07,0.127506,1,0
8.74023,0.322266,0.978612,-4.74742e-07,0.125555,1,0
8.74023,0.341797,0.963537,-4.59102e-07,0.125555,1,0
8.7207,0.361328,0.939794,-3.9582e-07,0.127506,1,0
8.7207,0.380859,0.903437,-3.65395e-07,0.127506,1,0
8.74023,0.361328,0.939794,-4.35055e-07,0.125555,1,0
8.74023,0.380859,0.903437,-4.01762e-07,0.125555,1,0
8.68164,0.400391,0.849288,-2.68505e-07,0.131408,1,0
8.68164,0.419922,0.770804,-2.26029e-07,0.131408,1,0
8.70117,0.400391,0.849288,-2.95265e-07,0.129457,1,0
8.70117,0.419922,0.770804,-2.48596e-07,0.129457,1,0
8.68164,0.439453,0.66003,-1.72151e-07,0.131408,1,0
8.68164,0.458984,0.507661,-1.10533e-07,0.131408,1,0
8.70117,0.439453,0.66003,-1.89422e-07,0.129457,1,0
8.70117,0.458984,0.507661,-1.21709e-07,0.129457,1,0
8.7207,0.400391,0.849288,-3.24687e-07,0.127506,1,0
8.7207,0.419922,0.770804,-2.73547e-07,0.127506,1,0
8.74023,0.400391,0.849288,-3.57187e-07,0.125555,1,0
8.74023,0.419922,0.770804,-3.00963e-07,0.125555,1,0
8.7207,0.439453,0.66003,-2.08481e-07,0.127506,1,0
8.7207,0.458984,0.507661,-1.33914e-07,0.127506,1,0
8.74023,0.439453,0.66003,-2.29455e-07,0.125555,1,0
8.74023,0.458984,0.507661,-1.47469e-07,0.125555,1,0
8.60352,0.478516,0.303224,-2.67983e-08,0.139211,1,0
8.60352,0.498047,0.035382,1.25673e-08,0.139211,0.6,0
8.62305,0.478516,0.303224,-2.94528e-08,0.13726,1,0
8.62305,0.498047,0.035382,1.38732e-08,0.13726,0.6,0
8.64258,0.478516,0.303224,-3.24265e-08,0.13531,1,0
8.64258,0.498047,0.035382,1.52884e-08,0.13531,0.6,0
8.66211,0.478516,0.303224,-3.56506e-08,0.133359,1,0
8.66211,0.498047,0.035382,1.6874e-08,0.133359,0.6,0
8.68164,0.478516,0.303224,-3.92525e-08,0.131408,1,0
8.68164,0.498047,0.0353819,1.85969e-08,0.131408,0.6,0
8.70117,0.478516,0.303224,-4.31673e-08,0.129457,1,0
8.70117,0.498047,0.0353819,2.05222e-08,0.129457,0.6,0
8.7207,0.478516,0.303224,-4.75308e-08,0.127506,1,0
8.7207,0.498047,0.0353819,2.26192e-08,0.127506,0.6,0
8.74023,0.478516,0.303223,-5.22832e-08,0.125555,1,0
8.74023,0.498047,0.0353819,2.49573e-08,0.125555,0.6,0
8.75977,0.00976562,1.00069,-6.30391e-08,0.123603,1,0
8.75977,0.0292969,1.00069,-1.32667e-07,0.123603,1,0
8.7793,0.00976562,1.00069,-6.94187e-08,0.121652,1,0
8.7793,0.0292969,1.00069,-1.46113e-07,0.121652,1,0
8.75977,0.0488281,1.00069,-1.72603e-07,0.123603,1,0
8.75977,0.0683594,1.00069,-2.24363e-07,0.123603,1,0
8.7793,0.0488281,1.00069,-1.90118e-07,0.121652,1,0
8.7793,0.0683594,1.00069,-2.47118e-07,0.121652,1,0
8.79883,0.00976562,1.00069,-7.64436e-08,0.119701,1,0
8.79883,0.0292969,1.00069,-1.60918e-07,0.119701,1,0
8.81836,0.00976562,1.00069,-8.41789e-08,0.11775,1,0
8.81836,0.0292969,1.00069,-1.77221e-07,0.11775,1,0
8.79883,0.0488281,1.00069,-2.09404e-07,0.119701,1,0
8.79883,0.0683594,1.00069,-2.72175e-07,0.119701,1,0
8.81836,0.0488281,1.00069,-2.3064e-07,0.11775,1,0
8.81836,0.0683594,1.00069,-2.99766e-07,0.11775,1,0
8.75977,0.0878906,1.00069,-2.67273e-07,0.123603,1,0
8.75977,0.107422,1.00068,-3.1149e-07,0.123603,1,0
8.7793,0.0878906,1.00069,-2.94342e-07,0.121652,1,0
8.7793,0.107422,1.00068,-3.42965e-07,0.121652,1,0
8.75977,0.126953,1.00067,-3.51355e-07,0.123603,1,0
8.75977,0.146484,1.00063,-3.89136e-07,0.123603,1,0
8.7793,0.126953,1.00067,-3.86758e-07,0.121652,1,0
8.7793,0.146484,1.00063,-4.28221e-07,0.121652,1,0
8.79883,0.0878906,1.00069,-3.24149e-07,0.119701,1,0
8.79883,0.107422,1.00068,-3.77628e-07,0.119701,1,0
8.81836,0.0878906,1.00069,-3.56972e-07,0.11775,1,0
8.81836,0.107422,1.00068,-4.158e-07,0.11775,1,0
8.79883,0.126953,1.00067,-4.2575e-07,0.119701,1,0
8.79883,0.146484,1.00063,-4.71271e-07,0.119701,1,0
8.81836,0.126953,1.00067,-4.68691e-07,0.11775,1,0
8.81836,0.146484,1.00063,-5.18686e-07,0.11775,1,0
8.83789,0.00976562,1.0007,-9.26962e-08,0.115799,1,0
8.83789,0.0292969,1.00069,-1.9517e-07,0.115799,1,0
8.85742,0.00976562,1.0007,-1.02074e-07,0.113848,1,0
8.85742,0.0292969,1.00069,-2.14934e-07,0.113848,1,0
8.83789,0.0488281,1.00069,-2.54021e-07,0.115799,1,0
8.83789,0.0683594,1.00069,-3.30145e-07,0.115799,1,0
8.85742,0.0488281,1.00069,-2.79764e-07,0.113848,1,0
8.85742,0.0683594,1.00069,-3.63594e-07,0.113848,1,0
8.87695,0.00976562,1.0007,-1.124e-07,0.111897,1,0
8.87695,0.0292969,1.00069,-2.36693e-07,0.111897,1,0
8.89648,0.00976562,1.0007,-1.23769e-07,0.109946,1,0
8.89648,0.0292969,1.00069,-2.60648e-07,0.109946,1,0
8.87695,0.0488281,1.00069,-3.08106e-07,0.111897,1,0
8.87695,0.0683594,1.00069,-4.00421e-07,0.111897,1,0
8.89648,0.0488281,1.00069,-3.39308e-07,0.109946,1,0
8.89648,0.0683594,1.00069,-4.40966e-07,0.109946,1,0
8.83789,0.0878906,1.00069,-3.93114e-07,0.115799,1,0
8.83789,0.107422,1.00068,-4.57834e-07,0.115799,1,0
8.85742,0.0878906,1.00069,-4.3291e-07,0.113848,1,0
8.85742,0.107422,1.00068,-5.04119e-07,0.113848,1,0
8.83789,0.126953,1.00067,-5.15981e-07,0.115799,1,0
8.83789,0.146484,1.00063,-5.70906e-07,0.115799,1,0
8.85742,0.126953,1.00067,-5.68056e-07,0.113848,1,0
8.85742,0.146484,1.00063,-6.28415e-07,0.113848,1,0
8.87695,0.0878906,1.00069,-4.76726e-07,0.111897,1,0
8.87695,0.107422,1.00068,-5.55083e-07,0.111897,1,0
8.89648,0.0878906,1.00069,-5.24966e-07,0.109946,1,0
8.89648,0.107422,1.00068,-6.11196e-07,0.109946,1,0
8.87695,0.126953,1.00067,-6.254e-07,0.111897,1,0
8.87695,0.146484,1.00063,-6.91747e-07,0.111897,1,0
8.89648,0.126953,1.00067,-6.88541e-07,0.109946,1,0
8.89648,0.146484,1.00063,-7.61486e-07,0.109946,1,0
8.75977,0.166016,1.00056,-4.23067e-07,0.123603,1,0
8.75977,0.185547,1.00042,-4.53413e-07,0.123603,1,0
8.7793,0.166016,1.00056,-4.65419e-07,0.121652,1,0
8.7793,0.185547,1.00042,-4.98652e-07,0.121652,1,0
8.75977,0.205078,1.00014,-4.79403e-07,0.123603,1,0
8.75977,0.224609,0.999598,-5.00791e-07,0.123603,1,0
8.7793,0.205078,1.00014,-5.27088e-07,0.121652,1,0
8.7793,0.224609,0.999598,-5.50473e-07,0.121652,1,0
8.79883,0.166016,1.00056,-5.1207e-07,0.119701,1,0
8.79883,0.185547,1.00042,-5.48488e-07,0.119701,1,0
8.81836,0.166016,1.00056,-5.63455e-07,0.11775,1,0
8.81836,0.185547,1.00042,-6.03387e-07,0.11775,1,0
8.79883,0.205078,1.00014,-5.79624e-07,0.119701,1,0
8.79883,0.224609,0.999598,-6.05213e-07,0.119701,1,0
8.81836,0.205078,1.00014,-6.37501e-07,0.11775,1,0
8.81836,0.224609,0.999598,-6.65523e-07,0.11775,1,0
8.75977,0.244141,0.998585,-5.17058e-07,0.123603,1,0
8.75977,0.263672,0.996745,-5.27811e-07,0.123603,1,0
8.7793,0.244141,0.998585,-5.68251e-07,0.121652,1,0
8.7793,0.263672,0.996745,-5.80004e-07,0.121652,1,0
8.75977,0.283203,0.993494,-5.32534e-07,0.123604,1,0
8.75977,0.302734,0.987915,-5.30714e-07,0.123604,1,0
8.7793,0.283203,0.993494,-5.85177e-07,0.121653,1,0
8.7793,0.302734,0.987915,-5.83212e-07,0.121653,1,0
8.79883,0.244141,0.998585,-6.2466e-07,0.119701,1,0
8.79883,0.263672,0.996745,-6.37519e-07,0.119702,1,0
8.81836,0.244141,0.998585,-6.86813e-07,0.11775,1,0
8.81836,0.263672,0.996745,-7.00895e-07,0.117751,1,0
8.79883,0.283203,0.993494,-6.43191e-07,0.119702,1,0
8.79883,0.302734,0.987915,-6.41069e-07,0.119702,1,0
8.81836,0.283203,0.993494,-7.07121e-07,0.117751,1,0
8.81836,0.302734,0.987915,-7.04828e-07,0.117751,1,0
8.83789,0.166016,1.00056,-6.20052e-07,0.115799,1,0
8.83789,0.185547,1.00042,-6.63858e-07,0.115799,1,0
8.85742,0.166016,1.00056,-6.82387e-07,0.113848,1,0
8.85742,0.185547,1.00042,-7.30465e-07,0.113848,1,0
8.83789,0.205078,1.00014,-7.01259e-07,0.115799,1,0
8.83789,0.224609,0.999598,-7.31967e-07,0.115799,1,0
8.85742,0.205078,1.00014,-7.71492e-07,0.113848,1,0
8.85742,0.224609,0.999598,-8.05163e-07,0.113848,1,0
8.87695,0.166016,1.00056,-7.51037e-07,0.111897,1,0
8.87695,0.185547,1.00042,-8.03827e-07,0.111897,1,0
8.89648,0.166016,1.00056,-8.2664e-07,0.109946,1,0
8.89648,0.185547,1.00042,-8.84625e-07,0.109946,1,0
8.87695,0.205078,1.00014,-8.48853e-07,0.111897,1,0
8.87695,0.224609,0.999598,-8.85796e-07,0.111897,1,0
8.89648,0.205078,1.00014,-9.34062e-07,0.109946,1,0
8.89648,0.224609,0.999598,-9.74615e-07,0.109946,1,0
8.83789,0.244141,0.998585,-7.55291e-07,0.1158,1,0
8.83789,0.263672,0.996745,-7.70726e-07,0.1158,1,0
8.85742,0.244141,0.998585,-8.30736e-07,0.113849,1,0
8.85742,0.263672,0.996745,-8.47666e-07,0.113849,1,0
8.83789,0.283203,0.993494,-7.77566e-07,0.1158,1,0
8.83789,0.302734,0.987915,-7.75089e-07,0.1158,1,0
8.85742,0.283203,0.993494,-8.55188e-07,0.113849,1,0
8.85742,0.302734,0.987915,-8.52511e-07,0.113849,1,0
8.87695,0.244141,0.998586,-9.13852e-07,0.111898,1,0
8.87695,0.263672,0.996745,-9.32434e-07,0.111898,1,0
8.89648,0.244141,0.998586,-1.00541e-06,0.109947,1,0
8.89648,0.263672,0.996745,-1.02582e-06,0.109947,1,0
8.87695,0.283203,0.993494,-9.40713e-07,0.111898,1,0
8.87695,0.302734,0.987915,-9.37821e-07,0.111898,1,0
8.89648,0.283203,0.993494,-1.03494e-06,0.109947,1,0
8.89648,0.302734,0.987915,-1.03182e-06,0.109947,1,0
8.91602,0.00976562,1.0007,-1.36285e-07,0.107995,1,0
8.91602,0.0292969,1.0007,-2.8702e-07,0.107995,1,0
8.93555,0.00976562,1.0007,-1.50063e-07,0.106044,1,0
8.93555,0.0292969,1.0007,-3.1605e-07,0.106044,1,0
8.91602,0.0488281,1.00069,-3.73657e-07,0.107995,1,0
8.91602,0.0683594,1.00069,-4.856e-07,0.107995,1,0
8.93555,0.0488281,1.00069,-4.11468e-07,0.106044,1,0
8.93555,0.0683594,1.00069,-5.34734e-07,0.106044,1,0
8.95508,0.00976562,1.0007,-1.65231e-07,0.104093,1,0
8.95508,0.0292969,1.0007,-3.48004e-07,0.104093,1,0
8.97461,0.00976562,1.0007,-1.81926e-07,0.102141,1,0
8.97461,0.0292969,1.0007,-3.83175e-07,0.102142,1,0
8.95508,0.0488281,1.00069,-4.53086e-07,0.104093,1,0
8.95508,0.0683594,1.00069,-5.88817e-07,0.104093,1,0
8.97461,0.0488281,1.00069,-4.98892e-07,0.102142,1,0
8.97461,0.0683594,1.00069,-6.48344e-07,0.102142,1,0
8.91602,0.0878906,1.00069,-5.78075e-07,0.107995,1,0
8.91602,0.107422,1.00068,-6.72975e-07,0.107995,1,0
8.93555,0.0878906,1.00069,-6.36539e-07,0.106044,1,0
8.93555,0.107422,1.00068,-7.40988e-07,0.106044,1,0
8.91602,0.126953,1.00067,-7.58062e-07,0.107995,1,0
8.91602,0.146484,1.00063,-8.38277e-07,0.107995,1,0
8.93555,0.126953,1.00067,-8.34602e-07,0.106044,1,0
8.93555,0.146484,1.00063,-9.22828e-07,0.106044,1,0
8.95508,0.0878906,1.00069,-7.00895e-07,0.104093,1,0
8.95508,0.107422,1.00068,-8.15859e-07,0.104093,1,0
8.97461,0.0878906,1.00069,-7.71731e-07,0.102142,1,0
8.97461,0.107422,1.00068,-8.98273e-07,0.102142,1,0
8.95508,0.126953,1.00067,-9.18867e-07,0.104093,1,0
8.95508,0.146484,1.00063,-1.01592e-06,0.104093,1,0
8.97461,0.126953,1.00067,-1.01163e-06,0.102142,1,0
8.97461,0.146484,1.00063,-1.1184e-06,0.102142,1,0
8.99414,0.00976562,1.0007,-2.00301e-07,0.10019,1,0
8.99414,0.0292969,1.0007,-4.21883e-07,0.10019,1,0
9.01367,0.00976562,1.0007,-2.20524e-07,0.0982393,1,0
9.01367,0.0292969,1.0007,-4.64478e-07,0.0982393,1,0
8.99414,0.0488281,1.0007,-5.49303e-07,0.10019,1,0
8.99414,0.0683594,1.00069,-7.13856e-07,0.100191,1,0
9.01367,0.0488281,1.0007,-6.04776e-07,0.0982394,1,0
9.01367,0.0683594,1.00069,-7.8595e-07,0.0982394,1,0
9.0332,0.00976562,1.0007,-2.42778e-07,0.0962881,1,0
9.0332,0.0292969,1.0007,-5.11347e-07,0.0962882,1,0
9.05273,0.00976562,1.0007,-2.67263e-07,0.094337,1,0
9.05273,0.0292969,1.0007,-5.62912e-07,0.0943371,1,0
9.0332,0.0488281,1.0007,-6.65812e-07,0.0962882,1,0
9.0332,0.0683594,1.00069,-8.65277e-07,0.0962883,1,0
9.05273,0.0488281,1.0007,-7.32962e-07,0.0943371,1,0
9.05273,0.0683594,1.00069,-9.52553e-07,0.0943372,1,0
8.99414,0.0878906,1.00069,-8.49692e-07,0.100191,1,0
8.99414,0.107422,1.00068,-9.88984e-07,0.100191,1,0
9.01367,0.0878906,1.00069,-9.35489e-07,0.0982395,1,0
9.01367,0.107422,1.00068,-1.08882e-06,0.0982396,1,0
8.99414,0.126953,1.00067,-1.11373e-06,0.100191,1,0
8.99414,0.146484,1.00063,-1.23122e-06,0.100191,1,0
9.01367,0.126953,1.00067,-1.22612e-06,0.0982398,1,0
9.01367,0.146484,1.00063,-1.35541e-06,0.0982399,1,0
9.0332,0.0878906,1.00069,-1.0299e-06,0.0962884,1,0
9.0332,0.107422,1.00068,-1.19868e-06,0.0962885,1,0
9.05273,0.0878906,1.00069,-1.13377e-06,0.0943373,1,0
9.05273,0.107422,1.00068,-1.31957e-06,0.0943374,1,0
9.0332,0.126953,1.00067,-1.3498e-06,0.0962887,1,0
9.0332,0.146484,1.00063,-1.4921e-06,0.0962888,1,0
9.05273,0.126953,1.00067,-1.48591e-06,0.0943376,1,0
9.05273,0.146484,1.00063,-1.64253e-06,0.0943377,1,0
8.91602,0.166016,1.00056,-9.09893e-07,0.107995,1,0
8.91602,0.185547,1.00042,-9.73606e-07,0.107995,1,0
8.93555,0.166016,1.00056,-1.00157e-06,0.106044,1,0
8.93555,0.185547,1.00042,-1.0716e-06,0.106044,1,0
8.91602,0.205078,1.00014,-1.02791e-06,0.107995,1,0
8.91602,0.224609,0.999598,-1.07245e-06,0.107995,1,0
8.93555,0.205078,1.00014,-1.13127e-06,0.106044,1,0
8.93555,0.224609,0.999598,-1.18021e-06,0.106045,1,0
8.95508,0.166016,1.00056,-1.10251e-06,0.104093,1,0
8.95508,0.185547,1.00042,-1.1795e-06,0.104093,1,0
8.97461,0.166016,1.00056,-1.21365e-06,0.102142,1,0
8.97461,0.185547,1.00042,-1.29832e-06,0.102142,1,0
8.95508,0.205078,1.00014,-1.2451e-06,0.104093,1,0
8.95508,0.224609,0.999598,-1.29889e-06,0.104094,1,0
8.97461,0.205078,1.00014,-1.37045e-06,0.102142,1,0
8.97461,0.224609,0.999599,-1.4296e-06,0.102143,1,0
8.91602,0.244141,0.998586,-1.10628e-06,0.107996,1,0
8.91602,0.263672,0.996745,-1.12871e-06,0.107996,1,0
8.93555,0.244141,0.998586,-1.21738e-06,0.106045,1,0
8.93555,0.263672,0.996745,-1.24205e-06,0.106045,1,0
8.91602,0.283203,0.993494,-1.13876e-06,0.107996,1,0
8.91602,0.302734,0.987915,-1.13539e-06,0.107996,1,0
8.93555,0.283203,0.993494,-1.25314e-06,0.106045,1,0
8.93555,0.302734,0.987915,-1.2495e-06,0.106045,1,0
8.95508,0.244141,0.998586,-1.33976e-06,0.104094,1,0
8.95508,0.263672,0.996745,-1.36691e-06,0.104094,1,0
8.97461,0.244141,0.998586,-1.47456e-06,0.102143,1,0
8.97461,0.263672,0.996745,-1.50444e-06,0.102143,1,0
8.95508,0.283203,0.993494,-1.37914e-06,0.104094,1,0
8.95508,0.302734,0.987915,-1.37522e-06,0.104094,1,0
8.97461,0.283203,0.993494,-1.51796e-06,0.102143,1,0
8.97461,0.302734,0.987915,-1.51374e-06,0.102143,1,0
8.99414,0.166016,1.00056,-1.336e-06,0.100191,1,0
8.99414,0.185547,1.00042,-1.42914e-06,0.100191,1,0
9.01367,0.166016,1.00056,-1.4707e-06,0.09824,1,0
9.01367,0.185547,1.00042,-1.57318e-06,0.0982402,1,0
8.99414,0.205078,1.00014,-1.50848e-06,0.100191,1,0
8.99414,0.224609,0.999599,-1.57355e-06,0.100192,1,0
9.01367,0.205078,1.00014,-1.66047e-06,0.0982403,1,0
9.01367,0.224609,0.999599,-1.73207e-06,0.0982405,1,0
9.0332,0.166016,1.00056,-1.61898e-06,0.096289,1,0
9.0332,0.185547,1.00042,-1.73175e-06,0.0962891,1,0
9.05273,0.166016,1.00056,-1.78218e-06,0.0943379,1,0
9.05273,0.185547,1.00042,-1.90631e-06,0.0943381,1,0
9.0332,0.205078,1.00014,-1.82782e-06,0.0962893,1,0
9.0332,0.224609,0.999599,-1.90663e-06,0.0962895,1,0
9.05273,0.205078,1.00014,-2.01206e-06,0.0943383,1,0
9.05273,0.224609,0.999599,-2.09885e-06,0.0943385,1,0
8.99414,0.244141,0.998586,-1.62302e-06,0.100192,1,0
8.99414,0.263672,0.996745,-1.65594e-06,0.100192,1,0
9.01367,0.244141,0.998586,-1.78653e-06,0.0982407,1,0
9.01367,0.263672,0.996745,-1.82281e-06,0.0982409,1,0
8.99414,0.283203,0.993494,-1.67088e-06,0.100192,1,0
8.99414,0.302734,0.987915,-1.66634e-06,0.100192,1,0
9.01367,0.283203,0.993494,-1.83934e-06,0.098241,1,0
9.01367,0.302734,0.987915,-1.83447e-06,0.0982412,1,0
9.0332,0.244141,0.998586,-1.96661e-06,0.0962897,1,0
9.0332,0.263672,0.996745,-2.00661e-06,0.0962899,1,0
9.05273,0.244141,0.998586,-2.16492e-06,0.0943387,1,0
9.05273,0.263672,0.996745,-2.20905e-06,0.0943389,1,0
9.0332,0.283203,0.993494,-2.02491e-06,0.0962901,1,0
9.0332,0.302734,0.987915,-2.0197e-06,0.0962903,1,0
9.05273,0.283203,0.993494,-2.22933e-06,0.0943391,1,0
9.05273,0.302734,0.987914,-2.22376e-06,0.0943394,1,0
8.75977,0.322266,0.978612,-5.21637e-07,0.123604,1,0
8.75977,0.341797,0.963537,-5.04578e-07,0.123604,1,0
8.7793,0.322266,0.978612,-5.73322e-07,0.121653,1,0
8.7793,0.341797,0.963537,-5.54699e-07,0.121653,1,0
8.75977,0.361328,0.939794,-4.78299e-07,0.123604,1,0
8.75977,0.380859,0.903437,-4.41863e-07,0.123604,1,0
8.7793,0.361328,0.939794,-5.25961e-07,0.121653,1,0
8.7793,0.380859,0.903437,-4.86039e-07,0.121653,1,0
8.79883,0.322266,0.978612,-6.30285e-07,0.119702,1,0
8.79883,0.341797,0.963537,-6.09938e-07,0.119702,1,0
8.81836,0.322266,0.978612,-6.9306e-07,0.117751,1,0
8.81836,0.341797,0.963537,-6.70815e-07,0.117751,1,0
8.79883,0.361328,0.939794,-5.78489e-07,0.119702,1,0
8.79883,0.380859,0.903437,-5.34744e-07,0.119702,1,0
8.81836,0.361328,0.939794,-6.36378e-07,0.117751,1,0
8.81836,0.380859,0.903437,-5.884e-07,0.117751,1,0
8.75977,0.400391,0.849288,-3.92932e-07,0.123604,1,0
8.75977,0.419922,0.770803,-3.31257e-07,0.123604,1,0
8.7793,0.400391,0.849287,-4.32399e-07,0.121653,1,0
8.7793,0.419922,0.770803,-3.64558e-07,0.121653,1,0
8.75977,0.439453,0.66003,-2.52594e-07,0.123604,1,0
8.75977,0.458984,0.507661,-1.62293e-07,0.123604,1,0
8.7793,0.439453,0.66003,-2.78063e-07,0.121653,1,0
8.7793,0.458984,0.507661,-1.78736e-07,0.121653,1,0
8.79883,0.400391,0.849287,-4.75818e-07,0.119702,1,0
8.79883,0.419922,0.770803,-4.01338e-07,0.119702,1,0
8.81836,0.400391,0.849287,-5.23742e-07,0.117751,1,0
8.81836,0.419922,0.770803,-4.41784e-07,0.117751,1,0
8.79883,0.439453,0.66003,-3.06154e-07,0.119702,1,0
8.79883,0.458984,0.507661,-1.96739e-07,0.119702,1,0
8.81836,0.439453,0.66003,-3.37078e-07,0.117751,1,0
8.81836,0.458984,0.507661,-2.16686e-07,0.117751,1,0
8.83789,0.322266,0.978612,-7.62239e-07,0.1158,1,0
8.83789,0.341797,0.963537,-7.37903e-07,0.1158,1,0
8.85742,0.322266,0.978612,-8.38472e-07,0.113849,1,0
8.85742,0.341797,0.963537,-8.11834e-07,0.113849,1,0
8.83789,0.361328,0.939794,-7.00174e-07,0.1158,1,0
8.83789,0.380859,0.903437,-6.47549e-07,0.1158,1,0
8.85742,0.361328,0.939794,-7.70478e-07,0.113849,1,0
8.85742,0.380859,0.903437,-7.12713e-07,0.113849,1,0
8.87695,0.322266,0.978612,-9.22476e-07,0.111898,1,0
8.87695,0.341797,0.963537,-8.93303e-07,0.111898,1,0
8.89648,0.322266,0.978612,-1.01504e-06,0.109947,1,0
8.89648,0.341797,0.963537,-9.83077e-07,0.109947,1,0
8.87695,0.361328,0.939794,-8.47951e-07,0.111898,1,0
8.87695,0.380859,0.903437,-7.84541e-07,0.111898,1,0
8.89648,0.361328,0.939794,-9.33324e-07,0.109947,1,0
8.89648,0.380859,0.903436,-8.63674e-07,0.109947,1,0
8.83789,0.400391,0.849287,-5.76478e-07,0.1158,1,0
8.83789,0.419922,0.770803,-4.86438e-07,0.1158,1,0
8.85742,0.400391,0.849287,-6.34668e-07,0.113849,1,0
8.85742,0.419922,0.770803,-5.35558e-07,0.113849,1,0
8.83789,0.439453,0.66003,-3.71181e-07,0.1158,1,0
8.83789,0.458984,0.50766,-2.38547e-07,0.1158,1,0
8.85742,0.439453,0.660029,-4.08729e-07,0.113849,1,0
8.85742,0.458984,0.50766,-2.62746e-07,0.113849,1,0
8.87695,0.400391,0.849287,-6.98714e-07,0.111898,1,0
8.87695,0.419922,0.770803,-5.89772e-07,0.111898,1,0
8.89648,0.400391,0.849287,-7.69369e-07,0.109947,1,0
8.89648,0.419922,0.770803,-6.49423e-07,0.109947,1,0
8.87695,0.439453,0.660029,-4.5013e-07,0.111898,1,0
8.87695,0.458984,0.50766,-2.8929e-07,0.111898,1,0
8.89648,0.439453,0.660029,-4.95719e-07,0.109947,1,0
8.89648,0.458984,0.50766,-3.18651e-07,0.109947,1,0
8.75977,0.478516,0.303223,-5.75701e-08,0.123604,1,0
8.75977,0.498047,0.0353818,2.75088e-08,0.123604,0.6,0
8.7793,0.478516,0.303223,-6.33382e-08,0.121653,1,0
8.7793,0.498047,0.0353818,3.03485e-08,0.121653,0.6,0
8.79883,0.478516,0.303223,-6.97447e-08,0.119702,1,0
8.79883,0.498047,0.0353818,3.34523e-08,0.119702,0.6,0
8.81836,0.478516,0.303223,-7.67445e-08,0.117751,1,0
8.81836,0.498047,0.0353817,3.69016e-08,0.117751,0.6,0
8.83789,0.478516,0.303223,-8.45084e-08,0.1158,1,0
8.83789,0.498047,0.0353817,4.0677e-08,0.1158,0.6,0
8.85742,0.478516,0.303223,-9.30019e-08,0.113849,1,0
8.85742,0.498047,0.0353817,4.48672e-08,0.113849,0.6,0
8.87695,0.478516,0.303223,-1.02412e-07,0.111898,1,0
8.87695,0.498047,0.0353816,4.94588e-08,0.111898,0.6,0
8.89648,0.478516,0.303222,-1.12717e-07,0.109947,1,0
8.89648,0.498047,0.0353815,5.45498e-08,0.109947,0.6,0
8.91602,0.322266,0.978611,-1.11703e-06,0.107996,1,0
8.91602,0.341797,0.963536,-1.082e-06,0.107996,1,0
8.93555,0.322266,0.978611,-1.22941e-06,0.106045,1,0
8.93555,0.341797,0.963536,-1.191e-06,0.106045,1,0
8.91602,0.361328,0.939793,-1.0274e-06,0.107996,1,0
8.91602,0.380859,0.903436,-9.50896e-07,0.107996,1,0
8.93555,0.361328,0.939793,-1.13107e-06,0.106045,1,0
8.93555,0.380859,0.903436,-1.04699e-06,0.106045,1,0
8.95508,0.322266,0.978611,-1.35324e-06,0.104094,1,0
8.95508,0.341797,0.963536,-1.31112e-06,0.104094,1,0
8.97461,0.322266,0.978611,-1.48967e-06,0.102143,1,0
8.97461,0.341797,0.963536,-1.44347e-06,0.102143,1,0
8.95508,0.361328,0.939793,-1.2453e-06,0.104094,1,0
8.95508,0.380859,0.903436,-1.15291e-06,0.104095,1,0
8.97461,0.361328,0.939793,-1.37118e-06,0.102144,1,0
8.97461,0.380859,0.903436,-1.2696e-06,0.102144,1,0
8.91602,0.400391,0.849287,-8.4715e-07,0.107996,1,0
8.91602,0.419922,0.770803,-7.15244e-07,0.107997,1,0
8.93555,0.400391,0.849287,-9.32941e-07,0.106046,1,0
8.93555,0.419922,0.770802,-7.87686e-07,0.106046,1,0
8.91602,0.439453,0.660029,-5.45982e-07,0.107997,1,0
8.91602,0.458984,0.50766,-3.5088e-07,0.107997,1,0
8.93555,0.439453,0.660029,-6.01336e-07,0.106046,1,0
8.93555,0.458984,0.50766,-3.86508e-07,0.106046,1,0
8.95508,0.400391,0.849287,-1.0274e-06,0.104095,1,0
8.95508,0.419922,0.770802,-8.67605e-07,0.104095,1,0
8.97461,0.400391,0.849286,-1.13158e-06,0.102144,1,0
8.97461,0.419922,0.770802,-9.55583e-07,0.102144,1,0
8.95508,0.439453,0.660029,-6.62362e-07,0.104095,1,0
8.95508,0.458984,0.507659,-4.2564e-07,0.104095,1,0
8.97461,0.439453,0.660028,-7.29578e-07,0.102144,1,0
8.97461,0.458984,0.507659,-4.68879e-07,0.102144,1,0
8.99414,0.322266,0.978611,-1.64e-06,0.100192,1,0
8.99414,0.341797,0.963536,-1.5893e-06,0.100192,1,0
9.01367,0.322266,0.978611,-1.80563e-06,0.0982414,1,0
9.01367,0.341797,0.963536,-1.75e-06,0.0982416,1,0
8.99414,0.361328,0.939793,-1.5099e-06,0.100193,1,0
8.99414,0.380859,0.903436,-1.39822e-06,0.100193,1,0
9.01367,0.361328,0.939793,-1.66276e-06,0.0982417,1,0
9.01367,0.380859,0.903436,-1.53994e-06,0.0982419,1,0
9.0332,0.322266,0.978611,-1.98812e-06,0.0962905,1,0
9.0332,0.341797,0.963536,-1.92707e-06,0.0962907,1,0
9.05273,0.322266,0.978611,-2.1892e-06,0.0943396,1,0
9.05273,0.341797,0.963536,-2.12219e-06,0.0943398,1,0
9.0332,0.361328,0.939793,-1.83121e-06,0.0962909,1,0
9.0332,0.380859,0.903436,-1.69615e-06,0.096291,1,0
9.05273,0.361328,0.939793,-2.01685e-06,0.09434,1,0
9.05273,0.380859,0.903435,-1.86828e-06,0.0943402,1,0
8.99414,0.400391,0.849286,-1.2463e-06,0.100193,1,0
8.99414,0.419922,0.770802,-1.05263e-06,0.100193,1,0
9.01367,0.400391,0.849286,-1.37282e-06,0.098242,1,0
9.01367,0.419922,0.770802,-1.15949e-06,0.0982421,1,0
8.99414,0.439453,0.660028,-8.0368e-07,0.100193,1,0
8.99414,0.458984,0.507659,-5.16398e-07,0.100193,1,0
9.01367,0.439453,0.660028,-8.85312e-07,0.0982422,1,0
9.01367,0.458984,0.507658,-5.68885e-07,0.0982423,1,0
9.0332,0.400391,0.849286,-1.51216e-06,0.0962912,1,0
9.0332,0.419922,0.770801,-1.27735e-06,0.0962913,1,0
9.05273,0.400391,0.849286,-1.66583e-06,0.0943403,1,0
9.05273,0.419922,0.770801,-1.40716e-06,0.0943404,1,0
9.0332,0.439453,0.660027,-9.75308e-07,0.0962914,1,0
9.0332,0.458984,0.507658,-6.26597e-07,0.0962914,1,0
9.05273,0.439453,0.660027,-1.07447e-06,0.0943405,1,0
9.05273,0.458984,0.507658,-6.90327e-07,0.0943406,1,0
8.91602,0.478516,0.303222,-1.24124e-07,0.107997,1,0
8.91602,0.498047,0.0353815,6.01343e-08,0.107997,0.6,0
8.93555,0.478516,0.303222,-1.36628e-07,0.106046,1,0
8.93555,0.498047,0.0353814,6.63208e-08,0.106046,0.6,0
8.95508,0.478516,0.303222,-1.50458e-07,0.104095,1,0
8.95508,0.498047,0.0353814,7.31129e-08,0.104095,0.6,0
8.97461,0.478516,0.303222,-1.6563e-07,0.102144,1,0
8.97461,0.498047,0.0353813,8.06322e-08,0.102144,0.6,0
8.99414,0.478516,0.303221,-1.82401e-07,0.100193,1,0
8.99414,0.498047,0.0353812,8.8894e-08,0.100193,0.6,0
9.01367,0.478516,0.303221,-2.00813e-07,0.0982423,1,0
9.01367,0.498047,0.0353811,9.80356e-08,0.0982423,0.6,0
9.0332,0.478516,0.303221,-2.21157e-07,0.0962914,1,0
9.0332,0.498047,0.035381,1.08087e-07,0.0962914,0.6,0
9.05273,0.478516,0.30322,-2.43506e-07,0.0943406,1,0
9.05273,0.498047,0.0353809,1.19204e-07,0.0943406,0.6,0
9.07227,0.00976562,1.0007,-2.942e-07,0.0923858,1,0
9.07227,0.0292969,1.0007,-6.19635e-07,0.0923859,1,0
9.0918,0.00976562,1.0007,-3.23829e-07,0.0904346,1,0
9.0918,0.0292969,1.0007,-6.82022e-07,0.0904347,1,0
9.07227,0.0488281,1.0007,-8.06828e-07,0.0923859,1,0
9.07227,0.0683594,1.00069,-1.04856e-06,0.092386,1,0
9.0918,0.0488281,1.0007,-8.88068e-07,0.0904348,1,0
9.0918,0.0683594,1.00069,-1.15416e-06,0.0904349,1,0
9.11133,0.00976562,1.0007,-3.56415e-07,0.0884834,1,0
9.11133,0.0292969,1.0007,-7.50628e-07,0.0884835,1,0
9.13086,0.00976562,1.0007,-3.92246e-07,0.0865322,1,0
9.13086,0.0292969,1.0007,-8.26056e-07,0.0865323,1,0
9.11133,0.0488281,1.0007,-9.77404e-07,0.0884836,1,0
9.11133,0.0683594,1.00069,-1.27029e-06,0.0884837,1,0
9.13086,0.0488281,1.0007,-1.07562e-06,0.0865323,1,0
9.13086,0.0683594,1.0007,-1.39797e-06,0.0865325,1,0
9.07227,0.0878906,1.00069,-1.24805e-06,0.0923862,1,0
9.07227,0.107422,1.00068,-1.45257e-06,0.0923863,1,0
9.0918,0.0878906,1.00069,-1.37374e-06,0.090435,1,0
9.0918,0.107422,1.00068,-1.59888e-06,0.0904352,1,0
9.07227,0.126953,1.00067,-1.63567e-06,0.0923865,1,0
9.07227,0.146484,1.00063,-1.80808e-06,0.0923866,1,0
9.0918,0.126953,1.00067,-1.80044e-06,0.0904353,1,0
9.0918,0.146484,1.00063,-1.99023e-06,0.0904355,1,0
9.11133,0.0878906,1.00069,-1.51198e-06,0.0884838,1,0
9.11133,0.107422,1.00068,-1.75981e-06,0.088484,1,0
9.13086,0.0878906,1.00069,-1.66399e-06,0.0865326,1,0
9.13086,0.107422,1.00068,-1.93678e-06,0.0865328,1,0
9.11133,0.126953,1.00067,-1.98169e-06,0.0884842,1,0
9.11133,0.146484,1.00064,-2.19063e-06,0.0884844,1,0
9.13086,0.126953,1.00067,-2.18103e-06,0.086533,1,0
9.13086,0.146484,1.00064,-2.41109e-06,0.0865332,1,0
9.15039,0.00976562,1.0007,-4.31636e-07,0.0845809,1,0
9.15039,0.0292969,1.0007,-9.08969e-07,0.084581,1,0
9.16992,0.00976562,1.0007,-4.74929e-07,0.0826296,1,0
9.16992,0.0292969,1.0007,-1.00009e-06,0.0826297,1,0
9.15039,0.0488281,1.0007,-1.18359e-06,0.0845811,1,0
9.15039,0.0683594,1.0007,-1.53833e-06,0.0845812,1,0
9.16992,0.0488281,1.0007,-1.30223e-06,0.0826298,1,0
9.16992,0.0683594,1.0007,-1.6926e-06,0.08263,1,0
9.18945,0.00976562,1.0007,-5.225e-07,0.0806783,1,0
9.18945,0.0292969,1.0007,-1.1002e-06,0.0806784,1,0
9.20898,0.00976562,1.0007,-5.74757e-07,0.0787269,1,0
9.20898,0.0292969,1.0007,-1.21015e-06,0.078727,1,0
9.18945,0.0488281,1.0007,-1.43258e-06,0.0806785,1,0
9.18945,0.0683594,1.0007,-1.86209e-06,0.0806787,1,0
9.20898,0.0488281,1.0007,-1.57575e-06,0.0787271,1,0
9.20898,0.0683594,1.0007,-2.04827e-06,0.0787273,1,0
9.15039,0.0878906,1.00069,-1.8311e-06,0.0845814,1,0
9.15039,0.107422,1.00068,-2.13137e-06,0.0845816,1,0
9.16992,0.0878906,1.00069,-2.01478e-06,0.0826301,1,0
9.16992,0.107422,1.00069,-2.34528e-06,0.0826304,1,0
9.15039,0.126953,1.00067,-2.40026e-06,0.0845818,1,0
9.15039,0.146484,1.00064,-2.65355e-06,0.0845821,1,0
9.16992,0.126953,1.00067,-2.64128e-06,0.0826306,1,0
9.16992,0.146484,1.00064,-2.92019e-06,0.0826309,1,0
9.18945,0.0878906,1.00069,-2.21662e-06,0.0806789,1,0
9.18945,0.107422,1.00069,-2.58037e-06,0.0806791,1,0
9.20898,0.0878906,1.00069,-2.43836e-06,0.0787275,1,0
9.20898,0.107422,1.00069,-2.83869e-06,0.0787278,1,0
9.18945,0.126953,1.00067,-2.90623e-06,0.0806794,1,0
9.18945,0.146484,1.00064,-3.21335e-06,0.0806797,1,0
9.20898,0.126953,1.00067,-3.19741e-06,0.0787281,1,0
9.20898,0.146484,1.00064,-3.53561e-06,0.0787284,1,0
9.07227,0.166016,1.00056,-1.9618e-06,0.0923868,1,0
9.07227,0.185547,1.00042,-2.09845e-06,0.092387,1,0
9.0918,0.166016,1.00056,-2.15947e-06,0.0904357,1,0
9.0918,0.185547,1.00042,-2.30993e-06,0.0904359,1,0
9.07227,0.205078,1.00014,-2.21489e-06,0.0923872,1,0
9.07227,0.224609,0.999599,-2.31048e-06,0.0923875,1,0
9.0918,0.205078,1.00014,-2.43818e-06,0.0904362,1,0
9.0918,0.224609,0.999599,-2.5435e-06,0.0904364,1,0
9.11133,0.166016,1.00057,-2.37698e-06,0.0884846,1,0
9.11133,0.185547,1.00042,-2.54268e-06,0.0884849,1,0
9.13086,0.166016,1.00057,-2.61628e-06,0.0865335,1,0
9.13086,0.185547,1.00042,-2.7988e-06,0.0865338,1,0
9.11133,0.205078,1.00014,-2.68395e-06,0.0884851,1,0
9.11133,0.224609,0.999599,-2.80003e-06,0.0884854,1,0
9.13086,0.205078,1.00014,-2.95446e-06,0.086534,1,0
9.13086,0.224609,0.999599,-3.08243e-06,0.0865343,1,0
9.07227,0.244141,0.998586,-2.38331e-06,0.0923877,1,0
9.07227,0.263672,0.996745,-2.43201e-06,0.0923879,1,0
9.0918,0.244141,0.998586,-2.6238e-06,0.0904367,1,0
9.0918,0.263672,0.996745,-2.67757e-06,0.0904369,1,0
9.07227,0.283203,0.993494,-2.45451e-06,0.0923882,1,0
9.07227,0.302734,0.987914,-2.44857e-06,0.0923884,1,0
9.0918,0.283203,0.993494,-2.70255e-06,0.0904372,1,0
9.0918,0.302734,0.987914,-2.69625e-06,0.0904375,1,0
9.11133,0.244141,0.998586,-2.8886e-06,0.0884857,1,0
9.11133,0.263672,0.996745,-2.94802e-06,0.088486,1,0
9.13086,0.244141,0.998586,-3.18017e-06,0.0865347,1,0
9.13086,0.263672,0.996745,-3.24586e-06,0.086535,1,0
9.11133,0.283203,0.993494,-2.97577e-06,0.0884863,1,0
9.11133,0.302734,0.987914,-2.96911e-06,0.0884865,1,0
9.13086,0.283203,0.993494,-3.27672e-06,0.0865353,1,0
9.13086,0.302734,0.987914,-3.26973e-06,0.0865356,1,0
9.15039,0.166016,1.00057,-2.87954e-06,0.0845823,1,0
9.15039,0.185547,1.00042,-3.08061e-06,0.0845826,1,0
9.16992,0.166016,1.00057,-3.1691e-06,0.0826312,1,0
9.16992,0.185547,1.00042,-3.39064e-06,0.0826315,1,0
9.15039,0.205078,1.00014,-3.25216e-06,0.084583,1,0
9.15039,0.224609,0.999599,-3.3933e-06,0.0845833,1,0
9.16992,0.205078,1.00014,-3.57976e-06,0.0826319,1,0
9.16992,0.224609,0.999599,-3.73546e-06,0.0826322,1,0
9.18945,0.166016,1.00057,-3.48754e-06,0.08068,1,0
9.18945,0.185547,1.00042,-3.73168e-06,0.0806804,1,0
9.20898,0.166016,1.00057,-3.83767e-06,0.0787288,1,0
9.20898,0.185547,1.00042,-4.10677e-06,0.0787292,1,0
9.18945,0.205078,1.00014,-3.94022e-06,0.0806807,1,0
9.18945,0.224609,0.9996,-4.11204e-06,0.0806811,1,0
9.20898,0.205078,1.00014,-4.33678e-06,0.0787296,1,0
9.20898,0.224609,0.9996,-4.52647e-06,0.07873,1,0
9.15039,0.244141,0.998586,-3.5012e-06,0.0845836,1,0
9.15039,0.263672,0.996745,-3.57386e-06,0.084584,1,0
9.16992,0.244141,0.998586,-3.85463e-06,0.0826326,1,0
9.16992,0.263672,0.996745,-3.93506e-06,0.082633,1,0
9.15039,0.283203,0.993494,-3.60821e-06,0.0845843,1,0
9.15039,0.302734,0.987914,-3.60093e-06,0.0845847,1,0
9.16992,0.283203,0.993494,-3.97336e-06,0.0826334,1,0
9.16992,0.302734,0.987914,-3.96583e-06,0.0826338,1,0
9.18945,0.244141,0.998586,-4.24373e-06,0.0806816,1,0
9.18945,0.263672,0.996745,-4.33282e-06,0.080682,1,0
9.20898,0.244141,0.998586,-4.67206e-06,0.0787305,1,0
9.20898,0.263672,0.996745,-4.77081e-06,0.078731,1,0
9.18945,0.283203,0.993494,-4.37556e-06,0.0806824,1,0
9.18945,0.302734,0.987914,-4.36786e-06,0.0806828,1,0
9.20898,0.283203,0.993494,-4.81858e-06,0.0787314,1,0
9.20898,0.302734,0.987914,-4.81083e-06,0.0787319,1,0
9.22852,0.00976562,1.0007,-6.32142e-07,0.0767755,1,0
9.22852,0.0292969,1.0007,-1.33087e-06,0.0767756,1,0
9.24805,0.00976562,1.0007,-6.95137e-07,0.074824,1,0
9.24805,0.0292969,1.0007,-1.46338e-06,0.0748242,1,0
9.22852,0.0488281,1.0007,-1.73294e-06,0.0767757,1,0
9.22852,0.0683594,1.0007,-2.25271e-06,0.0767759,1,0
9.24805,0.0488281,1.0007,-1.90547e-06,0.0748243,1,0
9.24805,0.0683594,1.0007,-2.47713e-06,0.0748245,1,0
9.26758,0.00976562,1.0007,-7.64263e-07,0.0728725,1,0
9.26758,0.0292969,1.0007,-1.60876e-06,0.0728727,1,0
9.28711,0.00976562,1.0007,-8.40082e-07,0.0709209,1,0
9.28711,0.0292969,1.0007,-1.76818e-06,0.0709211,1,0
9.26758,0.0488281,1.0007,-2.09476e-06,0.0728728,1,0
9.26758,0.0683594,1.0007,-2.72338e-06,0.0728731,1,0
9.28711,0.0488281,1.0007,-2.30232e-06,0.0709213,1,0
9.28711,0.0683594,1.0007,-2.99345e-06,0.0709215,1,0
9.22852,0.0878906,1.00069,-2.68188e-06,0.0767762,1,0
9.22852,0.107422,1.00069,-3.12244e-06,0.0767765,1,0
9.24805,0.0878906,1.00069,-2.94923e-06,0.0748248,1,0
9.24805,0.107422,1.00069,-3.43402e-06,0.0748251,1,0
9.22852,0.126953,1.00067,-3.51732e-06,0.0767768,1,0
9.22852,0.146484,1.00064,-3.88978e-06,0.0767772,1,0
9.24805,0.126953,1.00067,-3.86872e-06,0.0748255,1,0
9.24805,0.146484,1.00064,-4.2789e-06,0.0748259,1,0
9.26758,0.0878906,1.00069,-3.24264e-06,0.0728733,1,0
9.26758,0.107422,1.00069,-3.77605e-06,0.0728737,1,0
9.28711,0.0878906,1.0007,-3.5645e-06,0.0709219,1,0
9.28711,0.107422,1.00069,-4.15136e-06,0.0709222,1,0
9.26758,0.126953,1.00067,-4.25455e-06,0.0728741,1,0
9.26758,0.146484,1.00064,-4.7063e-06,0.0728745,1,0
9.28711,0.126953,1.00067,-4.67806e-06,0.0709227,1,0
9.28711,0.146484,1.00064,-5.1756e-06,0.0709231,1,0
9.30664,0.00976562,1.0007,-9.23203e-07,0.0689693,1,0
9.30664,0.0292969,1.0007,-1.94291e-06,0.0689695,1,0
9.32617,0.00976562,1.0007,-1.01428e-06,0.0670176,1,0
9.32617,0.0292969,1.0007,-2.13431e-06,0.0670178,1,0
9.30664,0.0488281,1.0007,-2.52983e-06,0.0689697,1,0
9.30664,0.0683594,1.0007,-3.28951e-06,0.06897,1,0
9.32617,0.0488281,1.0007,-2.77904e-06,0.067018,1,0
9.32617,0.0683594,1.0007,-3.61389e-06,0.0670183,1,0
9.3457,0.00976562,1.00071,-1.114e-06,0.0650658,1,0
9.3457,0.0292969,1.0007,-2.34384e-06,0.065066,1,0
9.36523,0.00976562,1.00071,-1.22313e-06,0.0631139,1,0
9.36523,0.0292969,1.0007,-2.57304e-06,0.0631142,1,0
9.3457,0.0488281,1.0007,-3.05184e-06,0.0650663,1,0
9.3457,0.0683594,1.0007,-3.96905e-06,0.0650666,1,0
9.36523,0.0488281,1.0007,-3.35026e-06,0.0631144,1,0
9.36523,0.0683594,1.0007,-4.35766e-06,0.0631148,1,0
9.30664,0.0878906,1.0007,-3.9174e-06,0.0689703,1,0
9.30664,0.107422,1.00069,-4.563e-06,0.0689707,1,0
9.32617,0.0878906,1.0007,-4.30414e-06,0.0670187,1,0
9.32617,0.107422,1.00069,-5.01425e-06,0.0670192,1,0
9.30664,0.126953,1.00067,-5.14273e-06,0.0689712,1,0
9.30664,0.146484,1.00064,-5.69073e-06,0.0689717,1,0
9.32617,0.126953,1.00067,-5.65232e-06,0.0670197,1,0
9.32617,0.146484,1.00064,-6.25591e-06,0.0670202,1,0
9.3457,0.0878906,1.0007,-4.72771e-06,0.065067,1,0
9.3457,0.107422,1.00069,-5.50866e-06,0.0650675,1,0
9.36523,0.0878906,1.0007,-5.19129e-06,0.0631153,1,0
9.36523,0.107422,1.00069,-6.05001e-06,0.0631158,1,0
9.3457,0.126953,1.00067,-6.21088e-06,0.0650681,1,0
9.3457,0.146484,1.00064,-6.87573e-06,0.0650687,1,0
9.36523,0.126953,1.00067,-6.82279e-06,0.0631164,1,0
9.36523,0.146484,1.00064,-7.55512e-06,0.0631171,1,0
9.22852,0.166016,1.00057,-4.22257e-06,0.0767776,1,0
9.22852,0.185547,1.00042,-4.51924e-06,0.076778,1,0
9.24805,0.166016,1.00057,-4.64561e-06,0.0748263,1,0
9.24805,0.185547,1.00042,-4.97272e-06,0.0748268,1,0
9.22852,0.205078,1.00014,-4.77301e-06,0.0767784,1,0
9.22852,0.224609,0.9996,-4.9825e-06,0.0767789,1,0
9.24805,0.205078,1.00014,-5.25278e-06,0.0748273,1,0
9.24805,0.224609,0.9996,-5.48425e-06,0.0748278,1,0
9.26758,0.166016,1.00057,-5.11043e-06,0.072875,1,0
9.26758,0.185547,1.00042,-5.47119e-06,0.0728755,1,0
9.28711,0.166016,1.00057,-5.62102e-06,0.0709237,1,0
9.28711,0.185547,1.00042,-6.01899e-06,0.0709242,1,0
9.26758,0.205078,1.00014,-5.78037e-06,0.0728761,1,0
9.26758,0.224609,0.9996,-6.03622e-06,0.0728767,1,0
9.28711,0.205078,1.00014,-6.36042e-06,0.0709248,1,0
9.28711,0.224609,0.999601,-6.64338e-06,0.0709255,1,0
9.22852,0.244141,0.998587,-5.14354e-06,0.0767794,1,0
9.22852,0.263672,0.996745,-5.2531e-06,0.0767799,1,0
9.24805,0.244141,0.998587,-5.66249e-06,0.0748284,1,0
9.24805,0.263672,0.996745,-5.78414e-06,0.0748289,1,0
9.22852,0.283203,0.993494,-5.30657e-06,0.0767805,1,0
9.22852,0.302734,0.987914,-5.29892e-06,0.076781,1,0
9.24805,0.283203,0.993494,-5.8441e-06,0.0748295,1,0
9.24805,0.302734,0.987914,-5.83674e-06,0.0748301,1,0
9.26758,0.244141,0.998587,-6.23364e-06,0.0728773,1,0
9.26758,0.263672,0.996746,-6.36885e-06,0.0728779,1,0
9.28711,0.244141,0.998587,-6.86218e-06,0.0709262,1,0
9.28711,0.263672,0.996746,-7.01262e-06,0.0709268,1,0
9.26758,0.283203,0.993494,-6.43619e-06,0.0728785,1,0
9.26758,0.302734,0.987914,-6.4294e-06,0.0728792,1,0
9.28711,0.283203,0.993494,-7.08839e-06,0.0709275,1,0
9.28711,0.302734,0.987914,-7.08252e-06,0.0709282,1,0
9.30664,0.166016,1.00057,-6.18172e-06,0.0689723,1,0
9.30664,0.185547,1.00043,-6.62082e-06,0.0689729,1,0
9.32617,0.166016,1.00057,-6.79721e-06,0.0670209,1,0
9.32617,0.185547,1.00043,-7.28183e-06,0.0670216,1,0
9.30664,0.205078,1.00014,-6.99802e-06,0.0689736,1,0
9.30664,0.224609,0.999601,-7.31112e-06,0.0689743,1,0
9.32617,0.205078,1.00014,-7.6987e-06,0.0670223,1,0
9.32617,0.224609,0.999601,-8.04537e-06,0.0670231,1,0
9.3457,0.166016,1.00057,-7.47258e-06,0.0650694,1,0
9.3457,0.185547,1.00043,-8.00759e-06,0.0650702,1,0
9.36523,0.166016,1.00057,-8.21333e-06,0.0631179,1,0
9.36523,0.185547,1.00043,-8.80413e-06,0.0631187,1,0
9.3457,0.205078,1.00014,-8.46851e-06,0.065071,1,0
9.3457,0.224609,0.999601,-8.85258e-06,0.0650718,1,0
9.36523,0.205078,1.00014,-9.31401e-06,0.0631196,1,0
9.36523,0.224609,0.999602,-9.73981e-06,0.0631205,1,0
9.30664,0.244141,0.998587,-7.55382e-06,0.068975,1,0
9.30664,0.263672,0.996746,-7.72139e-06,0.0689758,1,0
9.32617,0.244141,0.998587,-8.31479e-06,0.0670239,1,0
9.32617,0.263672,0.996746,-8.50169e-06,0.0670247,1,0
9.30664,0.283203,0.993494,-7.80682e-06,0.0689765,1,0
9.30664,0.302734,0.987914,-7.80233e-06,0.0689773,1,0
9.32617,0.283203,0.993494,-8.59821e-06,0.0670256,1,0
9.32617,0.302734,0.987914,-8.5957e-06,0.0670264,1,0
9.3457,0.244141,0.998588,-9.15194e-06,0.0650727,1,0
9.3457,0.263672,0.996746,-9.36068e-06,0.0650736,1,0
9.36523,0.244141,0.998588,-1.00728e-05,0.0631215,1,0
9.36523,0.263672,0.996746,-1.03062e-05,0.0631225,1,0
9.3457,0.283203,0.993494,-9.47e-06,0.0650745,1,0
9.3457,0.302734,0.987914,-9.47023e-06,0.0650755,1,0
9.36523,0.283203,0.993494,-1.04304e-05,0.0631235,1,0
9.36523,0.302734,0.987914,-1.04343e-05,0.0631246,1,0
9.07227,0.322266,0.978611,-2.41075e-06,0.0923887,1,0
9.07227,0.341797,0.963536,-2.33721e-06,0.0923889,1,0
9.0918,0.322266,0.978611,-2.65486e-06,0.0904377,1,0
9.0918,0.341797,0.963536,-2.57415e-06,0.090438,1,0
9.07227,0.361328,0.939793,-2.22143e-06,0.0923891,1,0
9.07227,0.380859,0.903435,-2.05802e-06,0.0923893,1,0
9.0918,0.361328,0.939793,-2.4469e-06,0.0904382,1,0
9.0918,0.380859,0.903435,-2.26713e-06,0.0904385,1,0
9.11133,0.322266,0.978611,-2.92384e-06,0.0884868,1,0
9.11133,0.341797,0.963536,-2.83527e-06,0.0884871,1,0
9.13086,0.322266,0.978611,-3.22023e-06,0.0865359,1,0
9.13086,0.341797,0.963536,-3.12304e-06,0.0865362,1,0
9.11133,0.361328,0.939792,-2.69541e-06,0.0884874,1,0
9.11133,0.380859,0.903435,-2.49765e-06,0.0884876,1,0
9.13086,0.361328,0.939792,-2.96932e-06,0.0865365,1,0
9.13086,0.380859,0.903435,-2.75174e-06,0.0865368,1,0
9.07227,0.400391,0.849285,-1.83512e-06,0.0923895,1,0
9.07227,0.419922,0.770801,-1.55034e-06,0.0923896,1,0
9.0918,0.400391,0.849285,-2.02181e-06,0.0904387,1,0
9.0918,0.419922,0.7708,-1.70807e-06,0.0904388,1,0
9.07227,0.439453,0.660027,-1.18379e-06,0.0923897,1,0
9.07227,0.458984,0.507657,-7.60436e-07,0.0923898,1,0
9.0918,0.439453,0.660026,-1.30428e-06,0.0904389,1,0
9.0918,0.458984,0.507657,-8.37845e-07,0.090439,1,0
9.11133,0.400391,0.849285,-2.22752e-06,0.0884878,1,0
9.11133,0.419922,0.7708,-1.88206e-06,0.088488,1,0
9.13086,0.400391,0.849285,-2.4544e-06,0.086537,1,0
9.13086,0.419922,0.7708,-2.07378e-06,0.0865372,1,0
9.11133,0.439453,0.660026,-1.43713e-06,0.0884881,1,0
9.11133,0.458984,0.507656,-9.23043e-07,0.0884882,1,0
9.13086,0.439453,0.660025,-1.58358e-06,0.0865374,1,0
9.13086,0.458984,0.507656,-1.01711e-06,0.0865374,1,0
9.15039,0.322266,0.978611,-3.54684e-06,0.084585,1,0
9.15039,0.341797,0.963535,-3.4402e-06,0.0845854,1,0
9.16992,0.322266,0.978611,-3.90676e-06,0.0826342,1,0
9.16992,0.341797,0.963535,-3.78979e-06,0.0826345,1,0
9.15039,0.361328,0.939792,-3.27126e-06,0.0845857,1,0
9.15039,0.380859,0.903434,-3.03189e-06,0.084586,1,0
9.16992,0.361328,0.939792,-3.60412e-06,0.0826349,1,0
9.16992,0.380859,0.903434,-3.34075e-06,0.0826352,1,0
9.18945,0.322266,0.978611,-4.3034e-06,0.0806833,1,0
9.18945,0.341797,0.963535,-4.17512e-06,0.0806837,1,0
9.20898,0.322266,0.978611,-4.74055e-06,0.0787324,1,0
9.20898,0.341797,0.963535,-4.59992e-06,0.0787328,1,0
9.18945,0.361328,0.939792,-3.9711e-06,0.0806841,1,0
9.18945,0.380859,0.903434,-3.68135e-06,0.0806844,1,0
9.20898,0.361328,0.939791,-4.37574e-06,0.0787333,1,0
9.20898,0.380859,0.903433,-4.05697e-06,0.0787337,1,0
9.15039,0.400391,0.849284,-2.70446e-06,0.0845863,1,0
9.15039,0.419922,0.770799,-2.28529e-06,0.0845865,1,0
9.16992,0.400391,0.849284,-2.9803e-06,0.0826355,1,0
9.16992,0.419922,0.770799,-2.51845e-06,0.0826357,1,0
9.15039,0.439453,0.660025,-1.7451e-06,0.0845866,1,0
9.15039,0.458984,0.507655,-1.1207e-06,0.0845867,1,0
9.16992,0.439453,0.660024,-1.92321e-06,0.0826359,1,0
9.16992,0.458984,0.507654,-1.23508e-06,0.082636,1,0
9.18945,0.400391,0.849283,-3.28442e-06,0.0806847,1,0
9.18945,0.419922,0.770798,-2.77571e-06,0.080685,1,0
9.20898,0.400391,0.849283,-3.61997e-06,0.078734,1,0
9.20898,0.419922,0.770798,-3.05942e-06,0.0787343,1,0
9.18945,0.439453,0.660023,-2.11971e-06,0.0806852,1,0
9.18945,0.458984,0.507653,-1.36111e-06,0.0806853,1,0
9.20898,0.439453,0.660023,-2.33646e-06,0.0787345,1,0
9.20898,0.458984,0.507653,-1.5003e-06,0.0787346,1,0
9.07227,0.478516,0.30322,-2.68193e-07,0.0923898,1,0
9.07227,0.498047,0.0353807,1.31436e-07,0.0923898,0.6,0
9.0918,0.478516,0.303219,-2.95331e-07,0.090439,1,0
9.0918,0.498047,0.0353806,1.44962e-07,0.090439,0.6,0
9.11133,0.478516,0.303219,-3.25305e-07,0.0884882,1,0
9.11133,0.498047,0.0353804,1.59853e-07,0.0884882,0.6,0
9.13086,0.478516,0.303218,-3.58275e-07,0.0865375,1,0
9.13086,0.498047,0.0353803,1.76317e-07,0.0865375,0.6,0
9.15039,0.478516,0.303218,-3.94689e-07,0.0845867,1,0
9.15039,0.498047,0.0353801,1.94455e-07,0.0845867,0.6,0
9.16992,0.478516,0.303217,-4.34773e-07,0.082636,1,0
9.16992,0.498047,0.0353799,2.14509e-07,0.082636,0.6,0
9.18945,0.478516,0.303216,-4.7905e-07,0.0806853,1,0
9.18945,0.498047,0.0353796,2.36616e-07,0.0806853,0.6,0
9.20898,0.478516,0.303215,-5.27826e-07,0.0787347,1,0
9.20898,0.498047,0.0353794,2.61064e-07,0.0787346,0.6,0
9.22852,0.322266,0.978611,-5.22236e-06,0.0767815,1,0
9.22852,0.341797,0.963535,-5.06825e-06,0.076782,1,0
9.24805,0.322266,0.97861,-5.75346e-06,0.0748306,1,0
9.24805,0.341797,0.963535,-5.58465e-06,0.0748312,1,0
9.22852,0.361328,0.939791,-4.82198e-06,0.0767825,1,0
9.22852,0.380859,0.903433,-4.4713e-06,0.0767829,1,0
9.24805,0.361328,0.939791,-5.31415e-06,0.0748317,1,0
9.24805,0.380859,0.903433,-4.92838e-06,0.0748322,1,0
9.26758,0.322266,0.97861,-6.33893e-06,0.0728798,1,0
9.26758,0.341797,0.963534,-6.15412e-06,0.0728804,1,0
9.28711,0.322266,0.97861,-6.98441e-06,0.0709289,1,0
9.28711,0.341797,0.963534,-6.78221e-06,0.0709296,1,0
9.26758,0.361328,0.93979,-5.85707e-06,0.072881,1,0
9.26758,0.380859,0.903432,-5.43277e-06,0.0728815,1,0
9.28711,0.361328,0.93979,-6.45611e-06,0.0709302,1,0
9.28711,0.380859,0.903432,-5.98944e-06,0.0709308,1,0
9.22852,0.400391,0.849282,-3.99006e-06,0.0767833,1,0
9.22852,0.419922,0.770797,-3.37257e-06,0.0767836,1,0
9.24805,0.400391,0.849282,-4.39854e-06,0.0748326,1,0
9.24805,0.419922,0.770796,-3.71806e-06,0.074833,1,0
9.22852,0.439453,0.660022,-2.57569e-06,0.0767838,1,0
9.22852,0.458984,0.507652,-1.65376e-06,0.076784,1,0
9.24805,0.439453,0.660021,-2.83971e-06,0.0748332,1,0
9.24805,0.458984,0.507651,-1.82331e-06,0.0748333,1,0
9.26758,0.400391,0.849281,-4.84929e-06,0.072882,1,0
9.26758,0.419922,0.770795,-4.09958e-06,0.0728823,1,0
9.28711,0.400391,0.84928,-5.34702e-06,0.0709313,1,0
9.28711,0.419922,0.770794,-4.52077e-06,0.0709317,1,0
9.26758,0.439453,0.66002,-3.13126e-06,0.0728826,1,0
9.26758,0.458984,0.50765,-2.0104e-06,0.0728828,1,0
9.28711,0.439453,0.660019,-3.45324e-06,0.070932,1,0
9.28711,0.458984,0.507648,-2.21721e-06,0.0709322,1,0
9.30664,0.322266,0.97861,-7.69614e-06,0.0689781,1,0
9.30664,0.341797,0.963534,-7.47508e-06,0.0689788,1,0
9.32617,0.322266,0.97861,-8.48103e-06,0.0670272,1,0
9.32617,0.341797,0.963534,-8.23956e-06,0.0670281,1,0
9.30664,0.361328,0.93979,-7.1172e-06,0.0689795,1,0
9.30664,0.380859,0.903431,-6.60402e-06,0.0689802,1,0
9.32617,0.361328,0.939789,-7.84695e-06,0.0670288,1,0
9.32617,0.380859,0.90343,-7.28268e-06,0.0670295,1,0
9.3457,0.322266,0.97861,-9.34674e-06,0.0650764,1,0
9.3457,0.341797,0.963533,-9.08323e-06,0.0650773,1,0
9.36523,0.322266,0.978609,-1.03018e-05,0.0631256,1,0
9.36523,0.341797,0.963533,-1.00145e-05,0.0631266,1,0
9.3457,0.361328,0.939789,-8.65271e-06,0.0650782,1,0
9.3457,0.380859,0.90343,-8.03242e-06,0.0650789,1,0
9.36523,0.361328,0.939788,-9.5427e-06,0.0631275,1,0
9.36523,0.380859,0.903429,-8.86094e-06,0.0631284,1,0
9.30664,0.400391,0.84928,-5.89658e-06,0.0689807,1,0
9.30664,0.419922,0.770793,-4.98614e-06,0.0689812,1,0
9.32617,0.400391,0.849279,-6.50379e-06,0.0670302,1,0
9.32617,0.419922,0.770792,-5.5003e-06,0.0670307,1,0
9.30664,0.439453,0.660018,-3.80903e-06,0.0689815,1,0
9.30664,0.458984,0.507647,-2.44561e-06,0.0689817,1,0
9.32617,0.439453,0.660016,-4.20228e-06,0.067031,1,0
9.32617,0.458984,0.507645,-2.69829e-06,0.0670312,1,0
9.3457,0.400391,0.849278,-7.17475e-06,0.0650796,1,0
9.3457,0.419922,0.770791,-6.06883e-06,0.0650802,1,0
9.36523,0.400391,0.849277,-7.91668e-06,0.0631291,1,0
9.36523,0.419922,0.77079,-6.69756e-06,0.0631298,1,0
9.3457,0.439453,0.660015,-4.6372e-06,0.0650806,1,0
9.3457,0.458984,0.507644,-2.97767e-06,0.0650808,1,0
9.36523,0.439453,0.660013,-5.1184e-06,0.0631302,1,0
9.36523,0.458984,0.507642,-3.28706e-06,0.0631305,1,0
9.22852,0.478516,0.303215,-5.81724e-07,0.076784,1,0
9.22852,0.498047,0.0353791,2.88033e-07,0.076784,0.6,0
9.24805,0.478516,0.303214,-6.41151e-07,0.0748334,1,0
9.24805,0.498047,0.0353788,3.17867e-07,0.0748334,0.6,0
9.26758,0.478516,0.303212,-7.06853e-07,0.0728828,1,0
9.26758,0.498047,0.0353785,3.50805e-07,0.0728828,0.6,0
9.28711,0.478516,0.303211,-7.7937e-07,0.0709323,1,0
9.28711,0.498047,0.0353781,3.8726e-07,0.0709322,0.6,0
9.30664,0.478516,0.30321,-8.59607e-07,0.0689818,1,0
9.30664,0.498047,0.0353777,4.27547e-07,0.0689817,0.6,0
9.32617,0.478516,0.303208,-9.48279e-07,0.0670313,1,0
9.32617,0.498047,0.0353773,4.72169e-07,0.0670313,0.6,0
9.3457,0.478516,0.303207,-1.0465e-06,0.0650809,1,0
9.3457,0.498047,0.0353768,5.21537e-07,0.0650809,0.6,0
9.36523,0.478516,0.303205,-1.15521e-06,0.0631306,1,0
9.36523,0.498047,0.0353762,5.76273e-07,0.0631305,0.6,0
9.38477,0.00976562,1.00071,-1.34244e-06,0.061162,1,0
9.38477,0.0292969,1.00071,-2.82357e-06,0.0611623,1,0
9.4043,0.00976562,1.00071,-1.47279e-06,0.0592099,1,0
9.4043,0.0292969,1.00071,-3.09714e-06,0.0592103,1,0
9.38477,0.0488281,1.0007,-3.67643e-06,0.0611625,1,0
9.38477,0.0683594,1.0007,-4.78252e-06,0.061163,1,0
9.4043,0.0488281,1.00071,-4.03261e-06,0.0592105,1,0
9.4043,0.0683594,1.0007,-5.24661e-06,0.059211,1,0
9.42383,0.00976562,1.00071,-1.61504e-06,0.0572577,1,0
9.42383,0.0292969,1.00071,-3.39559e-06,0.0572581,1,0
9.44336,0.00976562,1.00071,-1.77013e-06,0.0553055,1,0
9.44336,0.0292969,1.00071,-3.72079e-06,0.0553059,1,0
9.42383,0.0488281,1.00071,-4.42116e-06,0.0572584,1,0
9.42383,0.0683594,1.0007,-5.75303e-06,0.0572589,1,0
9.44336,0.0488281,1.00071,-4.84452e-06,0.0553062,1,0
9.44336,0.0683594,1.00071,-6.30505e-06,0.0553068,1,0
9.38477,0.0878906,1.0007,-5.69828e-06,0.0611634,1,0
9.38477,0.107422,1.00069,-6.64235e-06,0.061164,1,0
9.4043,0.0878906,1.0007,-6.25229e-06,0.0592115,1,0
9.4043,0.107422,1.00069,-7.28994e-06,0.0592122,1,0
9.38477,0.126953,1.00068,-7.49268e-06,0.0611647,1,0
9.38477,0.146484,1.00064,-8.29938e-06,0.0611655,1,0
9.4043,0.126953,1.00068,-8.22553e-06,0.0592129,1,0
9.4043,0.146484,1.00064,-9.11415e-06,0.0592138,1,0
9.42383,0.0878906,1.0007,-6.85709e-06,0.0572595,1,0
9.42383,0.107422,1.00069,-7.99733e-06,0.0572602,1,0
9.44336,0.0878906,1.0007,-7.51662e-06,0.0553074,1,0
9.44336,0.107422,1.00069,-8.76924e-06,0.0553082,1,0
9.42383,0.126953,1.00068,-9.02658e-06,0.057261,1,0
9.42383,0.146484,1.00064,-1.00055e-05,0.0572619,1,0
9.44336,0.126953,1.00068,-9.90136e-06,0.055309,1,0
9.44336,0.146484,1.00064,-1.09797e-05,0.05531,1,0
9.46289,0.00976562,1.00071,-1.93899e-06,0.0533531,1,0
9.46289,0.0292969,1.00071,-4.07468e-06,0.0533535,1,0
9.48242,0.00976562,1.00072,-2.1226e-06,0.0514005,1,0
9.48242,0.0292969,1.00071,-4.45924e-06,0.051401,1,0
9.46289,0.0488281,1.00071,-5.30522e-06,0.0533539,1,0
9.46289,0.0683594,1.00071,-6.90599e-06,0.0533545,1,0
9.48242,0.0488281,1.00071,-5.80582e-06,0.0514014,1,0
9.48242,0.0683594,1.00071,-7.55928e-06,0.0514021,1,0
9.50195,0.00976562,1.00072,-2.32194e-06,0.0494478,1,0
9.50195,0.0292969,1.00071,-4.87643e-06,0.0494484,1,0
9.52148,0.00976562,1.00072,-2.53797e-06,0.047495,1,0
9.52148,0.0292969,1.00072,-5.32821e-06,0.0474956,1,0
9.50195,0.0488281,1.00071,-6.34887e-06,0.0494488,1,0
9.50195,0.0683594,1.00071,-8.26832e-06,0.0494495,1,0
9.52148,0.0488281,1.00071,-6.93687e-06,0.047496,1,0
9.52148,0.0683594,1.00071,-9.03649e-06,0.0474968,1,0
9.46289,0.0878906,1.0007,-8.23496e-06,0.0533552,1,0
9.46289,0.107422,1.0007,-9.61061e-06,0.053356,1,0
9.48242,0.0878906,1.0007,-9.0163e-06,0.0514028,1,0
9.48242,0.107422,1.0007,-1.05265e-05,0.0514037,1,0
9.46289,0.126953,1.00068,-1.08557e-05,0.053357,1,0
9.46289,0.146484,1.00064,-1.20435e-05,0.053358,1,0
9.48242,0.126953,1.00068,-1.18955e-05,0.0514048,1,0
9.48242,0.146484,1.00065,-1.32039e-05,0.0514059,1,0
9.50195,0.0878906,1.00071,-9.86484e-06,0.0494503,1,0
9.50195,0.107422,1.0007,-1.15221e-05,0.0494513,1,0
9.52148,0.0878906,1.00071,-1.07848e-05,0.0474976,1,0
9.52148,0.107422,1.0007,-1.26025e-05,0.0474987,1,0
9.50195,0.126953,1.00068,-1.30269e-05,0.0494524,1,0
9.50195,0.146484,1.00065,-1.44681e-05,0.0494537,1,0
9.52148,0.126953,1.00068,-1.42562e-05,0.0474999,1,0
9.52148,0.146484,1.00065,-1.58436e-05,0.0475013,1,0
9.38477,0.166016,1.00057,-9.02536e-06,0.0611663,1,0
9.38477,0.185547,1.00043,-9.67799e-06,0.0611672,1,0
9.4043,0.166016,1.00057,-9.91502e-06,0.0592147,1,0
9.4043,0.185547,1.00043,-1.06362e-05,0.0592157,1,0
9.38477,0.205078,1.00014,-1.02423e-05,0.0611682,1,0
9.38477,0.224609,0.999602,-1.07147e-05,0.0611692,1,0
9.4043,0.205078,1.00015,-1.12611e-05,0.0592167,1,0
9.4043,0.224609,0.999603,-1.17857e-05,0.0592178,1,0
9.42383,0.166016,1.00057,-1.08891e-05,0.0572629,1,0
9.42383,0.185547,1.00043,-1.16863e-05,0.057264,1,0
9.44336,0.166016,1.00057,-1.19548e-05,0.0553111,1,0
9.44336,0.185547,1.00043,-1.28365e-05,0.0553123,1,0
9.42383,0.205078,1.00015,-1.23788e-05,0.0572652,1,0
9.42383,0.224609,0.999603,-1.29619e-05,0.0572664,1,0
9.44336,0.205078,1.00015,-1.36043e-05,0.0553136,1,0
9.44336,0.224609,0.999604,-1.4253e-05,0.0553149,1,0
9.38477,0.244141,0.998588,-1.10855e-05,0.0611703,1,0
9.38477,0.263672,0.996746,-1.1347e-05,0.0611714,1,0
9.4043,0.244141,0.998589,-1.2199e-05,0.059219,1,0
9.4043,0.263672,0.996747,-1.24925e-05,0.0592202,1,0
9.38477,0.283203,0.993494,-1.14883e-05,0.0611725,1,0
9.38477,0.302734,0.987914,-1.14972e-05,0.0611736,1,0
9.4043,0.283203,0.993494,-1.26539e-05,0.0592215,1,0
9.4043,0.302734,0.987914,-1.26693e-05,0.0592227,1,0
9.42383,0.244141,0.998589,-1.34232e-05,0.0572677,1,0
9.42383,0.263672,0.996747,-1.37532e-05,0.057269,1,0
9.44336,0.244141,0.998589,-1.47686e-05,0.0553164,1,0
9.44336,0.263672,0.996747,-1.51404e-05,0.0553178,1,0
9.42383,0.283203,0.993494,-1.39379e-05,0.0572704,1,0
9.42383,0.302734,0.987914,-1.39618e-05,0.0572718,1,0
9.44336,0.283203,0.993494,-1.53525e-05,0.0553193,1,0
9.44336,0.302734,0.987914,-1.53875e-05,0.0553208,1,0
9.46289,0.166016,1.00057,-1.31199e-05,0.0533592,1,0
9.46289,0.185547,1.00043,-1.40953e-05,0.0533605,1,0
9.48242,0.166016,1.00057,-1.43922e-05,0.0514072,1,0
9.48242,0.185547,1.00043,-1.54719e-05,0.0514087,1,0
9.46289,0.205078,1.00015,-1.49473e-05,0.0533619,1,0
9.46289,0.224609,0.999604,-1.56696e-05,0.0533634,1,0
9.48242,0.205078,1.00015,-1.64179e-05,0.0514102,1,0
9.48242,0.224609,0.999605,-1.72233e-05,0.0514118,1,0
9.50195,0.166016,1.00058,-1.57803e-05,0.0494551,1,0
9.50195,0.185547,1.00043,-1.69759e-05,0.0494567,1,0
9.52148,0.166016,1.00058,-1.72928e-05,0.0475029,1,0
9.52148,0.185547,1.00043,-1.86174e-05,0.0475046,1,0
9.50195,0.205078,1.00015,-1.80273e-05,0.0494583,1,0
9.50195,0.224609,0.999606,-1.89263e-05,0.0494601,1,0
9.52148,0.205078,1.00015,-1.97868e-05,0.0475064,1,0
9.52148,0.224609,0.999607,-2.07917e-05,0.0475083,1,0
9.46289,0.244141,0.99859,-1.62469e-05,0.053365,1,0
9.46289,0.263672,0.996747,-1.66666e-05,0.0533666,1,0
9.48242,0.244141,0.99859,-1.78706e-05,0.0514135,1,0
9.48242,0.263672,0.996748,-1.83456e-05,0.0514153,1,0
9.46289,0.283203,0.993495,-1.6911e-05,0.0533682,1,0
9.46289,0.302734,0.987913,-1.69602e-05,0.0533699,1,0
9.48242,0.283203,0.993495,-1.8628e-05,0.0514171,1,0
9.48242,0.302734,0.987913,-1.86954e-05,0.0514189,1,0
9.50195,0.244141,0.998591,-1.96534e-05,0.049462,1,0
9.50195,0.263672,0.996748,-2.01921e-05,0.0494639,1,0
9.52148,0.244141,0.998592,-2.16098e-05,0.0475104,1,0
9.52148,0.263672,0.996749,-2.22225e-05,0.0475125,1,0
9.50195,0.283203,0.993495,-2.05196e-05,0.0494659,1,0
9.50195,0.302734,0.987913,-2.06104e-05,0.0494679,1,0
9.52148,0.283203,0.993495,-2.26036e-05,0.0475147,1,0
9.52148,0.302734,0.987913,-2.2724e-05,0.0475169,1,0
9.54102,0.00976562,1.00072,-2.77163e-06,0.0455419,1,0
9.54102,0.0292969,1.00072,-5.8164e-06,0.0455426,1,0
9.56055,0.00976562,1.00073,-3.02379e-06,0.0435887,1,0
9.56055,0.0292969,1.00072,-6.34272e-06,0.0435894,1,0
9.54102,0.0488281,1.00072,-7.57222e-06,0.045543,1,0
9.54102,0.0683594,1.00071,-9.86703e-06,0.0455439,1,0
9.56055,0.0488281,1.00072,-8.25712e-06,0.0435899,1,0
9.56055,0.0683594,1.00072,-1.07629e-05,0.0435908,1,0
9.58008,0.00976562,1.00073,-3.29525e-06,0.0416353,1,0
9.58008,0.0292969,1.00072,-6.90864e-06,0.041636,1,0
9.59961,0.00976562,1.00073,-3.58665e-06,0.0396817,1,0
9.59961,0.0292969,1.00073,-7.51535e-06,0.0396824,1,0
9.58008,0.0488281,1.00072,-8.99345e-06,0.0416366,1,0
9.58008,0.0683594,1.00072,-1.17269e-05,0.0416376,1,0
9.59961,0.0488281,1.00072,-9.78271e-06,0.039683,1,0
9.59961,0.0683594,1.00072,-1.27609e-05,0.0396841,1,0
9.54102,0.0878906,1.00071,-1.17801e-05,0.0455448,1,0
9.54102,0.107422,1.0007,-1.37728e-05,0.045546,1,0
9.56055,0.0878906,1.00071,-1.28547e-05,0.0435918,1,0
9.56055,0.107422,1.0007,-1.50378e-05,0.0435931,1,0
9.54102,0.126953,1.00069,-1.55895e-05,0.0455473,1,0
9.54102,0.146484,1.00065,-1.73377e-05,0.0455488,1,0
9.56055,0.126953,1.00069,-1.70328e-05,0.0435945,1,0
9.56055,0.146484,1.00065,-1.89577e-05,0.0435962,1,0
9.58008,0.0878906,1.00071,-1.40119e-05,0.0416386,1,0
9.58008,0.107422,1.00071,-1.64019e-05,0.04164,1,0
9.59961,0.0878906,1.00072,-1.52545e-05,0.0396852,1,0
9.59961,0.107422,1.00071,-1.78689e-05,0.0396867,1,0
9.58008,0.126953,1.00069,-1.85916e-05,0.0416415,1,0
9.58008,0.146484,1.00065,-2.07107e-05,0.0416433,1,0
9.59961,0.126953,1.00069,-2.0271e-05,0.0396883,1,0
9.59961,0.146484,1.00066,-2.26032e-05,0.0396902,1,0
9.61914,0.00976562,1.00074,-3.89847e-06,0.0377278,1,0
9.61914,0.0292969,1.00073,-8.1636e-06,0.0377286,1,0
9.63867,0.00976562,1.00074,-4.23095e-06,0.0357737,1,0
9.63867,0.0292969,1.00073,-8.85363e-06,0.0357746,1,0
9.61914,0.0488281,1.00073,-1.06259e-05,0.0377292,1,0
9.61914,0.0683594,1.00072,-1.38666e-05,0.0377304,1,0
9.63867,0.0488281,1.00073,-1.15231e-05,0.0357752,1,0
9.63867,0.0683594,1.00073,-1.50444e-05,0.0357764,1,0
9.6582,0.00976562,1.00074,-4.58403e-06,0.0338193,1,0
9.6582,0.0292969,1.00074,-9.58499e-06,0.0338202,1,0
9.67773,0.00976562,1.00075,-4.95729e-06,0.0318646,1,0
9.67773,0.0292969,1.00074,-1.03565e-05,0.0318656,1,0
9.6582,0.0488281,1.00073,-1.24738e-05,0.0338209,1,0
9.6582,0.0683594,1.00073,-1.62937e-05,0.0338222,1,0
9.67773,0.0488281,1.00074,-1.34763e-05,0.0318664,1,0
9.67773,0.0683594,1.00073,-1.76126e-05,0.0318677,1,0
9.61914,0.0878906,1.00072,-1.65845e-05,0.0377316,1,0
9.61914,0.107422,1.00071,-1.94418e-05,0.0377332,1,0
9.63867,0.0878906,1.00072,-1.8003e-05,0.0357777,1,0
9.63867,0.107422,1.00071,-2.11223e-05,0.0357794,1,0
9.61914,0.126953,1.00069,-2.20749e-05,0.0377349,1,0
9.61914,0.146484,1.00066,-2.46407e-05,0.037737,1,0
9.63867,0.126953,1.0007,-2.40064e-05,0.0357813,1,0
9.63867,0.146484,1.00066,-2.68278e-05,0.0357835,1,0
9.6582,0.0878906,1.00073,-1.95095e-05,0.0338236,1,0
9.6582,0.107422,1.00072,-2.29106e-05,0.0338253,1,0
9.67773,0.0878906,1.00073,-2.11019e-05,0.0318692,1,0
9.67773,0.107422,1.00072,-2.48051e-05,0.031871,1,0
9.6582,0.126953,1.0007,-2.60666e-05,0.0338274,1,0
9.6582,0.146484,1.00066,-2.91672e-05,0.0338297,1,0
9.67773,0.126953,1.0007,-2.82547e-05,0.0318731,1,0
9.67773,0.146484,1.00067,-3.16592e-05,0.0318756,1,0
9.54102,0.166016,1.00058,-1.89384e-05,0.0455505,1,0
9.54102,0.185547,1.00043,-2.04068e-05,0.0455523,1,0
9.56055,0.166016,1.00058,-2.07262e-05,0.043598,1,0
9.56055,0.185547,1.00044,-2.23546e-05,0.0436,1,0
9.54102,0.205078,1.00015,-2.17086e-05,0.0455543,1,0
9.54102,0.224609,0.999608,-2.28333e-05,0.0455564,1,0
9.56055,0.205078,1.00015,-2.38052e-05,0.0436021,1,0
9.56055,0.224609,0.999609,-2.50658e-05,0.0436044,1,0
9.58008,0.166016,1.00058,-2.26647e-05,0.0416453,1,0
9.58008,0.185547,1.00044,-2.44715e-05,0.0416474,1,0
9.59961,0.166016,1.00058,-2.47623e-05,0.0396924,1,0
9.59961,0.185547,1.00044,-2.6768e-05,0.0396947,1,0
9.58008,0.205078,1.00015,-2.60894e-05,0.0416498,1,0
9.58008,0.224609,0.99961,-2.75043e-05,0.0416523,1,0
9.59961,0.205078,1.00016,-2.85742e-05,0.0396972,1,0
9.59961,0.224609,0.999611,-3.01645e-05,0.0397,1,0
9.54102,0.244141,0.998592,-2.37556e-05,0.0455587,1,0
9.54102,0.263672,0.996749,-2.44543e-05,0.045561,1,0
9.56055,0.244141,0.998593,-2.61077e-05,0.0436069,1,0
9.56055,0.263672,0.99675,-2.69065e-05,0.0436094,1,0
9.54102,0.283203,0.993495,-2.48993e-05,0.0455634,1,0
9.54102,0.302734,0.987913,-2.50573e-05,0.0455659,1,0
9.56055,0.283203,0.993496,-2.74279e-05,0.0436121,1,0
9.56055,0.302734,0.987913,-2.76337e-05,0.0436148,1,0
9.58008,0.244141,0.998594,-2.86838e-05,0.0416549,1,0
9.58008,0.263672,0.996751,-2.95997e-05,0.0416578,1,0
9.59961,0.244141,0.998595,-3.15026e-05,0.0397029,1,0
9.59961,0.263672,0.996751,-3.25558e-05,0.039706,1,0
9.58008,0.283203,0.993496,-3.02127e-05,0.0416607,1,0
9.58008,0.302734,0.987913,-3.04789e-05,0.0416637,1,0
9.59961,0.283203,0.993497,-3.3279e-05,0.0397092,1,0
9.59961,0.302734,0.987913,-3.36214e-05,0.0397125,1,0
9.61914,0.166016,1.00059,-2.70265e-05,0.0377392,1,0
9.61914,0.185547,1.00044,-2.92539e-05,0.0377418,1,0
9.63867,0.166016,1.00059,-2.94637e-05,0.0357859,1,0
9.63867,0.185547,1.00044,-3.19381e-05,0.0357886,1,0
9.61914,0.205078,1.00016,-3.1272e-05,0.0377445,1,0
9.61914,0.224609,0.999613,-3.30623e-05,0.0377475,1,0
9.63867,0.205078,1.00016,-3.4195e-05,0.0357916,1,0
9.63867,0.224609,0.999614,-3.62133e-05,0.0357948,1,0
9.6582,0.166016,1.00059,-3.20788e-05,0.0338323,1,0
9.6582,0.185547,1.00045,-3.48281e-05,0.0338352,1,0
9.67773,0.166016,1.00059,-3.48741e-05,0.0318784,1,0
9.67773,0.185547,1.00045,-3.79292e-05,0.0318815,1,0
9.6582,0.205078,1.00016,-3.73539e-05,0.0338384,1,0
9.6582,0.224609,0.999616,-3.96323e-05,0.0338419,1,0
9.67773,0.205078,1.00016,-4.07576e-05,0.0318849,1,0
9.67773,0.224609,0.999619,-4.33328e-05,0.0318887,1,0
9.61914,0.244141,0.998597,-3.45835e-05,0.0377507,1,0
9.61914,0.263672,0.996752,-3.57981e-05,0.037754,1,0
9.63867,0.244141,0.998598,-3.79463e-05,0.0357983,1,0
9.63867,0.263672,0.996753,-3.93508e-05,0.0358019,1,0
9.61914,0.283203,0.993497,-3.6654e-05,0.0377576,1,0
9.61914,0.302734,0.987914,-3.70926e-05,0.0377612,1,0
9.63867,0.283203,0.993498,-4.0367e-05,0.0358058,1,0
9.63867,0.302734,0.987914,-4.09267e-05,0.0358098,1,0
9.6582,0.244141,0.9986,-4.16107e-05,0.0338456,1,0
9.6582,0.263672,0.996755,-4.32393e-05,0.0338497,1,0
9.67773,0.244141,0.998602,-4.55956e-05,0.0318928,1,0
9.67773,0.263672,0.996756,-4.74889e-05,0.0318971,1,0
9.6582,0.283203,0.993499,-4.44492e-05,0.0338539,1,0
9.6582,0.302734,0.987914,-4.51615e-05,0.0338583,1,0
9.67773,0.283203,0.9935,-4.89334e-05,0.0319018,1,0
9.67773,0.302734,0.987915,-4.98374e-05,0.0319066,1,0
9.38477,0.322266,0.978609,-1.13555e-05,0.0611748,1,0
9.38477,0.341797,0.963532,-1.10429e-05,0.0611759,1,0
9.4043,0.322266,0.978609,-1.25184e-05,0.059224,1,0
9.4043,0.341797,0.963532,-1.21787e-05,0.0592252,1,0
9.38477,0.361328,0.939787,-1.05261e-05,0.0611769,1,0
9.38477,0.380859,0.903428,-9.77696e-06,0.0611779,1,0
9.4043,0.361328,0.939787,-1.1613e-05,0.0592263,1,0
9.4043,0.380859,0.903427,-1.07902e-05,0.0592274,1,0
9.42383,0.322266,0.978609,-1.38022e-05,0.0572731,1,0
9.42383,0.341797,0.963532,-1.34337e-05,0.0572745,1,0
9.44336,0.322266,0.978608,-1.52197e-05,0.0553223,1,0
9.44336,0.341797,0.963531,-1.48209e-05,0.0553238,1,0
9.42383,0.361328,0.939786,-1.28151e-05,0.0572758,1,0
9.42383,0.380859,0.903426,-1.19115e-05,0.0572769,1,0
9.44336,0.361328,0.939785,-1.41451e-05,0.0553252,1,0
9.44336,0.380859,0.903425,-1.31533e-05,0.0553265,1,0
9.38477,0.400391,0.849276,-8.73728e-06,0.0611787,1,0
9.38477,0.419922,0.770788,-7.39348e-06,0.0611794,1,0
9.4043,0.400391,0.849274,-9.64562e-06,0.0592283,1,0
9.4043,0.419922,0.770787,-8.16402e-06,0.059229,1,0
9.38477,0.439453,0.660011,-5.65122e-06,0.0611799,1,0
9.38477,0.458984,0.50764,-3.62961e-06,0.0611801,1,0
9.4043,0.439453,0.660009,-6.24151e-06,0.0592296,1,0
9.4043,0.458984,0.507637,-4.00949e-06,0.0592299,1,0
9.42383,0.400391,0.849273,-1.06515e-05,0.0572779,1,0
9.42383,0.419922,0.770785,-9.01804e-06,0.0572788,1,0
9.44336,0.400391,0.849272,-1.17664e-05,0.0553277,1,0
9.44336,0.419922,0.770783,-9.96507e-06,0.0553286,1,0
9.42383,0.439453,0.660007,-6.89607e-06,0.0572794,1,0
9.42383,0.458984,0.507635,-4.43081e-06,0.0572797,1,0
9.44336,0.439453,0.660005,-7.62247e-06,0.0553293,1,0
9.44336,0.458984,0.507632,-4.89888e-06,0.0553296,1,0
9.46289,0.322266,0.978608,-1.67855e-05,0.0533716,1,0
9.46289,0.341797,0.96353,-1.6355e-05,0.0533732,1,0
9.48242,0.322266,0.978608,-1.85155e-05,0.0514208,1,0
9.48242,0.341797,0.96353,-1.80523e-05,0.0514226,1,0
9.46289,0.361328,0.939784,-1.56175e-05,0.0533747,1,0
9.46289,0.380859,0.903424,-1.45294e-05,0.0533762,1,0
9.48242,0.361328,0.939783,-1.72485e-05,0.0514243,1,0
9.48242,0.380859,0.903422,-1.60556e-05,0.0514259,1,0
9.50195,0.322266,0.978607,-2.04277e-05,0.04947,1,0
9.50195,0.341797,0.963529,-1.99312e-05,0.049472,1,0
9.52148,0.322266,0.978607,-2.25422e-05,0.0475192,1,0
9.52148,0.341797,0.963528,-2.20125e-05,0.0475214,1,0
9.50195,0.361328,0.939782,-1.90568e-05,0.0494739,1,0
9.50195,0.380859,0.903421,-1.77497e-05,0.0494756,1,0
9.52148,0.361328,0.939781,-2.10629e-05,0.0475235,1,0
9.52148,0.380859,0.903419,-1.9632e-05,0.0475254,1,0
9.46289,0.400391,0.84927,-1.30029e-05,0.0533774,1,0
9.46289,0.419922,0.770781,-1.10165e-05,0.0533784,1,0
9.48242,0.400391,0.849268,-1.43758e-05,0.0514273,1,0
9.48242,0.419922,0.770778,-1.21847e-05,0.0514284,1,0
9.46289,0.439453,0.660002,-8.42948e-06,0.0533792,1,0
9.46289,0.458984,0.507629,-5.41914e-06,0.0533796,1,0
9.48242,0.439453,0.659999,-9.32699e-06,0.0514292,1,0
9.48242,0.458984,0.507626,-5.99851e-06,0.0514297,1,0
9.50195,0.400391,0.849266,-1.59013e-05,0.0494772,1,0
9.50195,0.419922,0.770776,-1.34844e-05,0.0494784,1,0
9.52148,0.400391,0.849264,-1.75988e-05,0.0475272,1,0
9.52148,0.419922,0.770773,-1.49322e-05,0.0475286,1,0
9.50195,0.439453,0.659996,-1.03265e-05,0.0494794,1,0
9.50195,0.458984,0.507622,-6.64425e-06,0.0494799,1,0
9.52148,0.439453,0.659992,-1.14413e-05,0.0475296,1,0
9.52148,0.458984,0.507618,-7.36555e-06,0.0475302,1,0
9.38477,0.478516,0.303203,-1.27579e-06,0.0611803,1,0
9.38477,0.498047,0.0353756,6.36918e-07,0.0611802,0.6,0
9.4043,0.478516,0.303201,-1.40952e-06,0.05923,1,0
9.4043,0.498047,0.035375,7.04247e-07,0.05923,0.6,0
9.42383,0.478516,0.303198,-1.55813e-06,0.0572799,1,0
9.42383,0.498047,0.0353742,7.78978e-07,0.0572798,0.6,0
9.44336,0.478516,0.303196,-1.72332e-06,0.0553298,1,0
9.44336,0.498047,0.0353734,8.62096e-07,0.0553297,0.6,0
9.46289,0.478516,0.303193,-1.90737e-06,0.0533798,1,0
9.46289,0.498047,0.0353726,9.54558e-07,0.0533797,0.6,0
9.48242,0.478516,0.30319,-2.11256e-06,0.0514299,1,0
9.48242,0.498047,0.0353716,1.05764e-06,0.0514298,0.6,0
9.50195,0.478516,0.303186,-2.34191e-06,0.0494801,1,0
9.50195,0.498047,0.0353705,1.17264e-06,0.04948,0.6,0
9.52148,0.478516,0.303182,-2.59858e-06,0.0475305,1,0
9.52148,0.498047,0.0353693,1.30125e-06,0.0475303,0.6,0
9.54102,0.322266,0.978607,-2.48814e-05,0.0455684,1,0
9.54102,0.341797,0.963528,-2.43195e-05,0.0455708,1,0
9.56055,0.322266,0.978606,-2.74703e-05,0.0436175,1,0
9.56055,0.341797,0.963527,-2.68785e-05,0.0436203,1,0
9.54102,0.361328,0.93978,-2.32907e-05,0.0455732,1,0
9.54102,0.380859,0.903417,-2.17259e-05,0.0455753,1,0
9.56055,0.361328,0.939779,-2.57672e-05,0.0436229,1,0
9.56055,0.380859,0.903415,-2.40579e-05,0.0436253,1,0
9.58008,0.322266,0.978606,-3.0337e-05,0.0416667,1,0
9.58008,0.341797,0.963526,-2.97194e-05,0.0416697,1,0
9.59961,0.322266,0.978606,-3.3513e-05,0.0397158,1,0
9.59961,0.341797,0.963525,-3.2876e-05,0.0397192,1,0
9.58008,0.361328,0.939777,-2.8523e-05,0.0416726,1,0
9.58008,0.380859,0.903413,-2.66589e-05,0.0416753,1,0
9.59961,0.361328,0.939776,-3.15936e-05,0.0397224,1,0
9.59961,0.380859,0.903411,-2.95644e-05,0.0397254,1,0
9.54102,0.400391,0.849261,-1.94899e-05,0.0455772,1,0
9.54102,0.419922,0.77077,-1.65475e-05,0.0455788,1,0
9.56055,0.400391,0.849258,-2.15999e-05,0.0436274,1,0
9.56055,0.419922,0.770766,-1.83525e-05,0.0436292,1,0
9.54102,0.439453,0.659988,-1.26866e-05,0.04558,1,0
9.54102,0.458984,0.507613,-8.17238e-06,0.0455806,1,0
9.56055,0.439453,0.659984,-1.40805e-05,0.0436305,1,0
9.56055,0.458984,0.507608,-9.07719e-06,0.0436312,1,0
9.58008,0.400391,0.849255,-2.39579e-05,0.0416777,1,0
9.58008,0.419922,0.770762,-2.03737e-05,0.0416796,1,0
9.59961,0.400391,0.849252,-2.65983e-05,0.0397281,1,0
9.59961,0.419922,0.770758,-2.26417e-05,0.0397303,1,0
9.58008,0.439453,0.659979,-1.5644e-05,0.0416811,1,0
9.58008,0.458984,0.507602,-1.0094e-05,0.0416819,1,0
9.59961,0.439453,0.659973,-1.74022e-05,0.0397319,1,0
9.59961,0.458984,0.507596,-1.12402e-05,0.0397328,1,0
9.61914,0.322266,0.978605,-3.70332e-05,0.0377649,1,0
9.61914,0.341797,0.963524,-3.63866e-05,0.0377686,1,0
9.63867,0.322266,0.978605,-4.09372e-05,0.0358139,1,0
9.63867,0.341797,0.963523,-4.02948e-05,0.035818,1,0
9.61914,0.361328,0.939774,-3.50195e-05,0.0377722,1,0
9.61914,0.380859,0.903408,-3.28158e-05,0.0377756,1,0
9.63867,0.361328,0.939772,-3.88475e-05,0.035822,1,0
9.63867,0.380859,0.903405,-3.64612e-05,0.0358258,1,0
9.6582,0.322266,0.978605,-4.52685e-05,0.0338628,1,0
9.6582,0.341797,0.963522,-4.46502e-05,0.0338674,1,0
9.67773,0.322266,0.978604,-5.00759e-05,0.0319116,1,0
9.67773,0.341797,0.963521,-4.9509e-05,0.0319167,1,0
9.6582,0.361328,0.93977,-4.31316e-05,0.0338719,1,0
9.6582,0.380859,0.903402,-4.05575e-05,0.0338761,1,0
9.67773,0.361328,0.939768,-4.79345e-05,0.0319217,1,0
9.67773,0.380859,0.903399,-4.51714e-05,0.0319265,1,0
9.61914,0.400391,0.849249,-2.95611e-05,0.0377786,1,0
9.61914,0.419922,0.770753,-2.51931e-05,0.037781,1,0
9.63867,0.400391,0.849245,-3.28937e-05,0.0358292,1,0
9.63867,0.419922,0.770748,-2.80713e-05,0.035832,1,0
9.61914,0.439453,0.659967,-1.93849e-05,0.0377829,1,0
9.61914,0.458984,0.507589,-1.2536e-05,0.0377839,1,0
9.63867,0.439453,0.659961,-2.16279e-05,0.035834,1,0
9.63867,0.458984,0.507581,-1.40069e-05,0.0358352,1,0
9.6582,0.400391,0.84924,-3.66523e-05,0.0338799,1,0
9.6582,0.419922,0.770742,-3.13289e-05,0.0338831,1,0
9.67773,0.400391,0.849235,-4.09045e-05,0.0319308,1,0
9.67773,0.419922,0.770735,-3.5029e-05,0.0319343,1,0
9.6582,0.439453,0.659953,-2.41749e-05,0.0338854,1,0
9.6582,0.458984,0.507572,-1.56829e-05,0.0338868,1,0
9.67773,0.439453,0.659945,-2.70794e-05,0.0319371,1,0
9.67773,0.458984,0.507563,-1.76027e-05,0.0319386,1,0
9.54102,0.478516,0.303178,-2.88669e-06,0.0455809,1,0
9.54102,0.498047,0.0353679,1.44526e-06,0.0455808,0.6,0
9.56055,0.478516,0.303173,-3.2107e-06,0.0436315,1,0
9.56055,0.498047,0.0353664,1.60697e-06,0.0436314,0.6,0
9.58008,0.478516,0.303167,-3.5764e-06,0.0416823,1,0
9.58008,0.498047,0.0353648,1.7889e-06,0.0416821,0.6,0
9.59961,0.478516,0.303161,-3.99031e-06,0.0397332,1,0
9.59961,0.498047,0.0353629,1.99428e-06,0.039733,0.6,0
9.61914,0.478516,0.303154,-4.46082e-06,0.0377844,1,0
9.61914,0.498047,0.0353608,2.2268e-06,0.0377842,0.6,0
9.63867,0.478516,0.303147,-4.99782e-06,0.0358357,1,0
9.63867,0.498047,0.0353585,2.49116e-06,0.0358355,0.6,0
9.6582,0.478516,0.303138,-5.61406e-06,0.0338874,1,0
9.6582,0.498047,0.0353559,2.79298e-06,0.0338871,0.6,0
9.67773,0.478516,0.303129,-6.32522e-06,0.0319393,1,0
9.67773,0.498047,0.035353,3.13937e-06,0.031939,0.6,0
9.69727,0.00976562,1.00075,-5.34988e-06,0.0299097,1,0
9.69727,0.0292969,1.00074,-1.11658e-05,0.0299108,1,0
9.7168,0.00976562,1.00076,-5.7604e-06,0.0279544,1,0
9.7168,0.0292969,1.00075,-1.20096e-05,0.0279556,1,0
9.69727,0.0488281,1.00074,-1.45274e-05,0.0299115,1,0
9.69727,0.0683594,1.00074,-1.89973e-05,0.0299129,1,0
9.7168,0.0488281,1.00074,-1.56227e-05,0.0279563,1,0
9.7168,0.0683594,1.00074,-2.0442e-05,0.0279578,1,0
9.73633,0.00976562,1.00076,-6.18687e-06,0.0259989,1,0
9.73633,0.0292969,1.00075,-1.28832e-05,0.0260001,1,0
9.75586,0.00976562,1.00077,-6.62663e-06,0.024043,1,0
9.75586,0.0292969,1.00076,-1.37804e-05,0.0240442,1,0
9.73633,0.0488281,1.00075,-1.67558e-05,0.0260008,1,0
9.73633,0.0683594,1.00075,-2.19387e-05,0.0260024,1,0
9.75586,0.0488281,1.00075,-1.79183e-05,0.024045,1,0
9.75586,0.0683594,1.00075,-2.34767e-05,0.0240466,1,0
9.69727,0.0878906,1.00073,-2.27762e-05,0.0299144,1,0
9.69727,0.107422,1.00072,-2.68016e-05,0.0299164,1,0
9.7168,0.0878906,1.00074,-2.45257e-05,0.0279594,1,0
9.7168,0.107422,1.00073,-2.88933e-05,0.0279614,1,0
9.69727,0.126953,1.00071,-3.0567e-05,0.0299186,1,0
9.69727,0.146484,1.00067,-3.43016e-05,0.0299212,1,0
9.7168,0.126953,1.00071,-3.29967e-05,0.0279638,1,0
9.7168,0.146484,1.00067,-3.70883e-05,0.0279665,1,0
9.73633,0.0878906,1.00074,-2.63411e-05,0.026004,1,0
9.73633,0.107422,1.00073,-3.10697e-05,0.0260061,1,0
9.75586,0.0878906,1.00075,-2.82094e-05,0.0240483,1,0
9.75586,0.107422,1.00074,-3.33164e-05,0.0240504,1,0
9.73633,0.126953,1.00071,-3.55329e-05,0.0260085,1,0
9.73633,0.146484,1.00068,-4.00086e-05,0.0260114,1,0
9.75586,0.126953,1.00072,-3.81601e-05,0.0240529,1,0
9.75586,0.146484,1.00068,-4.30466e-05,0.0240559,1,0
9.77539,0.00976562,1.00078,-7.07623e-06,0.0220868,1,0
9.77539,0.0292969,1.00076,-1.46934e-05,0.0220881,1,0
9.79492,0.00976562,1.00078,-7.5314e-06,0.0201303,1,0
9.79492,0.0292969,1.00077,-1.56126e-05,0.0201316,1,0
9.77539,0.0488281,1.00076,-1.90998e-05,0.0220889,1,0
9.77539,0.0683594,1.00076,-2.50422e-05,0.0220904,1,0
9.79492,0.0488281,1.00077,-2.02874e-05,0.0201324,1,0
9.79492,0.0683594,1.00076,-2.66184e-05,0.020134,1,0
9.81445,0.00976562,1.00079,-7.98696e-06,0.0181735,1,0
9.81445,0.0292969,1.00078,-1.65265e-05,0.0181748,1,0
9.83398,0.00976562,1.0008,-8.43672e-06,0.0162164,1,0
9.83398,0.0292969,1.00078,-1.74214e-05,0.0162177,1,0
9.81445,0.0488281,1.00077,-2.14657e-05,0.0181755,1,0
9.81445,0.0683594,1.00077,-2.81851e-05,0.0181771,1,0
9.83398,0.0488281,1.00078,-2.26168e-05,0.0162184,1,0
9.83398,0.0683594,1.00077,-2.97185e-05,0.0162199,1,0
9.77539,0.0878906,1.00075,-3.01144e-05,0.0220921,1,0
9.77539,0.107422,1.00074,-3.56144e-05,0.0220944,1,0
9.79492,0.0878906,1.00076,-3.20355e-05,0.0201357,1,0
9.79492,0.107422,1.00075,-3.79398e-05,0.0201379,1,0
9.77539,0.126953,1.00072,-4.08573e-05,0.0220969,1,0
9.77539,0.146484,1.00069,-4.618e-05,0.0220999,1,0
9.79492,0.126953,1.00073,-4.35974e-05,0.0201404,1,0
9.79492,0.146484,1.00069,-4.9379e-05,0.0201435,1,0
9.81445,0.0878906,1.00076,-3.3948e-05,0.0181788,1,0
9.81445,0.107422,1.00075,-4.02632e-05,0.018181,1,0
9.83398,0.0878906,1.00077,-3.58229e-05,0.0162215,1,0
9.83398,0.107422,1.00076,-4.25498e-05,0.0162237,1,0
9.81445,0.126953,1.00074,-4.63465e-05,0.0181835,1,0
9.81445,0.146484,1.0007,-5.26055e-05,0.0181866,1,0
9.83398,0.126953,1.00074,-4.90639e-05,0.0162262,1,0
9.83398,0.146484,1.00071,-5.58128e-05,0.0162292,1,0
9.69727,0.166016,1.0006,-3.78492e-05,0.0299242,1,0
9.69727,0.185547,1.00045,-4.12437e-05,0.0299275,1,0
9.7168,0.166016,1.0006,-4.09996e-05,0.0279696,1,0
9.7168,0.185547,1.00046,-4.47697e-05,0.0279731,1,0
9.69727,0.205078,1.00017,-4.44123e-05,0.0299311,1,0
9.69727,0.224609,0.999621,-4.73259e-05,0.0299352,1,0
9.7168,0.205078,1.00017,-4.83201e-05,0.027977,1,0
9.7168,0.224609,0.999624,-5.16192e-05,0.0279813,1,0
9.73633,0.166016,1.00061,-4.4316e-05,0.0260146,1,0
9.73633,0.185547,1.00046,-4.85004e-05,0.0260183,1,0
9.75586,0.166016,1.00061,-4.77829e-05,0.0240592,1,0
9.75586,0.185547,1.00046,-5.24219e-05,0.0240631,1,0
9.73633,0.205078,1.00017,-5.24778e-05,0.0260224,1,0
9.73633,0.224609,0.999628,-5.62148e-05,0.026027,1,0
9.75586,0.205078,1.00018,-5.68751e-05,0.0240674,1,0
9.75586,0.224609,0.999631,-6.1108e-05,0.0240723,1,0
9.69727,0.244141,0.998604,-4.99183e-05,0.0299396,1,0
9.69727,0.263672,0.996758,-5.21245e-05,0.0299443,1,0
9.7168,0.244141,0.998607,-5.45934e-05,0.027986,1,0
9.7168,0.263672,0.99676,-5.71692e-05,0.0279912,1,0
9.69727,0.283203,0.993501,-5.38531e-05,0.0299494,1,0
9.69727,0.302734,0.987915,-5.49977e-05,0.0299547,1,0
9.7168,0.283203,0.993503,-5.9242e-05,0.0279967,1,0
9.7168,0.302734,0.987916,-6.06881e-05,0.0280026,1,0
9.73633,0.244141,0.998609,-5.96307e-05,0.0260321,1,0
9.73633,0.263672,0.996763,-6.26428e-05,0.0260376,1,0
9.75586,0.244141,0.998613,-6.50332e-05,0.0240777,1,0
9.75586,0.263672,0.996766,-6.8559e-05,0.0240836,1,0
9.73633,0.283203,0.993505,-6.51319e-05,0.0260437,1,0
9.73633,0.302734,0.987917,-6.6955e-05,0.0260501,1,0
9.75586,0.283203,0.993507,-7.15509e-05,0.0240901,1,0
9.75586,0.302734,0.987919,-7.38439e-05,0.0240972,1,0
9.77539,0.166016,1.00061,-5.13774e-05,0.0221034,1,0
9.77539,0.185547,1.00047,-5.65123e-05,0.0221074,1,0
9.79492,0.166016,1.00062,-5.5068e-05,0.020147,1,0
9.79492,0.185547,1.00047,-6.07393e-05,0.0201511,1,0
9.77539,0.205078,1.00018,-6.14924e-05,0.0221119,1,0
9.77539,0.224609,0.999636,-6.62841e-05,0.022117,1,0
9.79492,0.205078,1.00019,-6.62989e-05,0.0201558,1,0
9.79492,0.224609,0.999641,-7.1716e-05,0.0201611,1,0
9.81445,0.166016,1.00063,-5.88131e-05,0.0181902,1,0
9.81445,0.185547,1.00048,-6.5059e-05,0.0181943,1,0
9.83398,0.166016,1.00063,-6.25601e-05,0.0162327,1,0
9.83398,0.185547,1.00049,-6.94134e-05,0.0162368,1,0
9.81445,0.205078,1.00019,-7.12496e-05,0.018199,1,0
9.81445,0.224609,0.999646,-7.73604e-05,0.0182045,1,0
9.83398,0.205078,1.0002,-7.62829e-05,0.0162416,1,0
9.83398,0.224609,0.999653,-8.31543e-05,0.0162471,1,0
9.77539,0.244141,0.998617,-7.07943e-05,0.0221227,1,0
9.77539,0.263672,0.996769,-7.49228e-05,0.0221291,1,0
9.79492,0.244141,0.998622,-7.68938e-05,0.0201671,1,0
9.79492,0.263672,0.996773,-8.17259e-05,0.0201738,1,0
9.77539,0.283203,0.99351,-7.85196e-05,0.0221361,1,0
9.77539,0.302734,0.987921,-8.13965e-05,0.0221437,1,0
9.79492,0.283203,0.993514,-8.60471e-05,0.0201813,1,0
9.79492,0.302734,0.987924,-8.96453e-05,0.0201896,1,0
9.81445,0.244141,0.998627,-8.32941e-05,0.0182107,1,0
9.81445,0.263672,0.996778,-8.8941e-05,0.0182178,1,0
9.83398,0.244141,0.998633,-8.99344e-05,0.0162535,1,0
9.83398,0.263672,0.996784,-9.65155e-05,0.0162608,1,0
9.81445,0.283203,0.993518,-9.41237e-05,0.0182257,1,0
9.81445,0.302734,0.987927,-9.86071e-05,0.0182346,1,0
9.83398,0.283203,0.993523,-0.000102713,0.0162692,1,0
9.83398,0.302734,0.987932,-0.000108273,0.0162786,1,0
9.85352,0.00976562,1.00081,-8.87353e-06,0.0142589,1,0
9.85352,0.0292969,1.00079,-1.82821e-05,0.0142602,1,0
9.87305,0.00976562,1.00081,-9.28921e-06,0.0123013,1,0
9.87305,0.0292969,1.0008,-1.90911e-05,0.0123025,1,0
9.85352,0.0488281,1.00078,-2.37204e-05,0.0142609,1,0
9.85352,0.0683594,1.00078,-3.11919e-05,0.0142623,1,0
9.87305,0.0488281,1.00079,-2.47541e-05,0.0123031,1,0
9.87305,0.0683594,1.00079,-3.25756e-05,0.0123045,1,0
9.89258,0.00976562,1.00082,-9.67439e-06,0.0103432,1,0
9.89258,0.0292969,1.0008,-1.9829e-05,0.0103445,1,0
9.91211,0.00976562,1.00083,-1.0018e-05,0.00838564,1,0
9.91211,0.0292969,1.00081,-2.04736e-05,0.00838681,1,0
9.89258,0.0488281,1.0008,-2.56934e-05,0.0103449,1,0
9.89258,0.0683594,1.00079,-3.38376e-05,0.0103462,1,0
9.91211,0.0488281,1.00081,-2.65124e-05,0.00838712,1,0
9.91211,0.0683594,1.0008,-3.49452e-05,0.00838827,1,0
9.85352,0.0878906,1.00078,-3.76269e-05,0.0142639,1,0
9.85352,0.107422,1.00077,-4.47593e-05,0.0142659,1,0
9.87305,0.0878906,1.00078,-3.93234e-05,0.0123059,1,0
9.87305,0.107422,1.00077,-4.68468e-05,0.0123078,1,0
9.85352,0.126953,1.00075,-5.17017e-05,0.0142683,1,0
9.85352,0.146484,1.00071,-5.89448e-05,0.0142712,1,0
9.87305,0.126953,1.00076,-5.42055e-05,0.0123101,1,0
9.87305,0.146484,1.00072,-6.19367e-05,0.0123128,1,0
9.89258,0.0878906,1.00079,-4.08727e-05,0.0103474,1,0
9.89258,0.107422,1.00078,-4.87629e-05,0.0103492,1,0
9.91211,0.0878906,1.0008,-4.22347e-05,0.00838933,1,0
9.91211,0.107422,1.00079,-5.04578e-05,0.00839087,1,0
9.89258,0.126953,1.00076,-5.65151e-05,0.0103512,1,0
9.89258,0.146484,1.00073,-6.47151e-05,0.0103537,1,0
9.91211,0.126953,1.00077,-5.85686e-05,0.00839263,1,0
9.91211,0.146484,1.00074,-6.72033e-05,0.00839483,1,0
9.93164,0.00976562,1.00084,-1.03073e-05,0.00642645,1,0
9.93164,0.0292969,1.00081,-2.10018e-05,0.0064275,1,0
9.95117,0.00976562,1.00086,-1.05211e-05,0.00447803,1,0
9.95117,0.0292969,1.00084,-2.13778e-05,0.00447892,1,0
9.93164,0.0488281,1.00081,-2.71849e-05,0.00642767,1,0
9.93164,0.0683594,1.00081,-3.5864e-05,0.00642865,1,0
9.95117,0.0488281,1.00083,-2.7684e-05,0.00447892,1,0
9.95117,0.0683594,1.00083,-3.65689e-05,0.0044797,1,0
9.9707,0.00976562,1.0008,-1.06378e-05,0.00252104,1,0
9.9707,0.0292969,1.00077,-2.15887e-05,0.00252168,1,0
9.99023,0.00976562,1.00093,-1.05083e-05,0.000768012,1,0
9.99023,0.0292969,1.0009,-2.14823e-05,0.000768209,1,0
9.9707,0.0488281,1.00077,-2.79957e-05,0.00252154,1,0
9.9707,0.0683594,1.00076,-3.70174e-05,0.00252206,1,0
9.99023,0.0488281,1.0009,-2.80869e-05,0.000767961,1,0
9.99023,0.0683594,1.00089,-3.71958e-05,0.000768226,1,0
9.93164,0.0878906,1.0008,-4.33666e-05,0.00642948,1,0
9.93164,0.107422,1.00079,-5.18769e-05,0.00643075,1,0
9.95117,0.0878906,1.00082,-4.42403e-05,0.00448027,1,0
9.95117,0.107422,1.00082,-5.29855e-05,0.00448124,1,0
9.93164,0.126953,1.00078,-6.0297e-05,0.00643218,1,0
9.93164,0.146484,1.00074,-6.93138e-05,0.006434,1,0
9.95117,0.126953,1.0008,-6.16548e-05,0.00448231,1,0
9.95117,0.146484,1.00076,-7.09871e-05,0.0044837,1,0
9.9707,0.0878906,1.00076,-4.48006e-05,0.00252237,1,0
9.9707,0.107422,1.00075,-5.37056e-05,0.00252298,1,0
9.99023,0.0878906,1.00089,-4.5064e-05,0.000768329,1,0
9.99023,0.107422,1.00088,-5.40495e-05,0.000768636,1,0
9.9707,0.126953,1.00074,-6.2543e-05,0.00252361,1,0
9.9707,0.146484,1.0007,-7.20938e-05,0.00252447,1,0
9.99023,0.126953,1.00087,-6.29771e-05,0.000768933,1,0
9.99023,0.146484,1.00084,-7.26405e-05,0.000769351,1,0
9.85352,0.166016,1.00064,-6.62442e-05,0.0142747,1,0
9.85352,0.185547,1.00049,-7.37294e-05,0.0142787,1,0
9.87305,0.166016,1.00065,-6.97891e-05,0.0123161,1,0
9.87305,0.185547,1.0005,-7.7918e-05,0.0123199,1,0
9.85352,0.205078,1.00021,-8.13176e-05,0.0142834,1,0
9.85352,0.224609,0.99966,-8.90103e-05,0.0142889,1,0
9.87305,0.205078,1.00022,-8.62519e-05,0.0123245,1,0
9.87305,0.224609,0.999668,-9.48146e-05,0.0123298,1,0
9.89258,0.166016,1.00066,-7.31063e-05,0.0103567,1,0
9.89258,0.185547,1.00051,-8.18734e-05,0.0103603,1,0
9.91211,0.166016,1.00067,-7.61008e-05,0.00839746,1,0
9.91211,0.185547,1.00052,-8.54789e-05,0.00840064,1,0
9.89258,0.205078,1.00022,-9.09606e-05,0.0103645,1,0
9.89258,0.224609,0.999677,-0.000100421,0.0103696,1,0
9.91211,0.205078,1.00023,-9.53018e-05,0.00840446,1,0
9.91211,0.224609,0.999688,-0.000105658,0.00840909,1,0
9.85352,0.244141,0.99864,-9.67247e-05,0.0142953,1,0
9.85352,0.263672,0.996791,-0.000104363,0.0143028,1,0
9.87305,0.244141,0.998649,-0.000103541,0.0123362,1,0
9.87305,0.263672,0.996799,-0.000112354,0.0123436,1,0
9.85352,0.283203,0.99353,-0.00011174,0.0143115,1,0
9.85352,0.302734,0.987937,-0.000118594,0.0143214,1,0
9.87305,0.283203,0.993537,-0.000121081,0.0123524,1,0
9.87305,0.302734,0.987945,-0.000129465,0.0123627,1,0
9.89258,0.244141,0.998658,-0.000110217,0.0103757,1,0
9.89258,0.263672,0.996808,-0.000120303,0.010383,1,0
9.91211,0.244141,0.998669,-0.000116549,0.0084147,1,0
9.91211,0.263672,0.99682,-0.000127977,0.00842152,1,0
9.89258,0.283203,0.993546,-0.000130539,0.0103917,1,0
9.89258,0.302734,0.987953,-0.000140691,0.010402,1,0
9.91211,0.283203,0.993559,-0.000139853,0.00842984,1,0
9.91211,0.302734,0.987965,-0.000151998,0.00843997,1,0
9.93164,0.166016,1.00067,-7.86623e-05,0.00643618,1,0
9.93164,0.185547,1.00052,-8.85954e-05,0.00643885,1,0
9.95117,0.166016,1.00069,-8.0712e-05,0.00448535,1,0
9.95117,0.185547,1.00055,-9.11186e-05,0.00448741,1,0
9.93164,0.205078,1.00024,-9.91e-05,0.00644209,1,0
9.93164,0.224609,0.999694,-0.000110307,0.00644607,1,0
9.95117,0.205078,1.00026,-0.000102218,0.00448993,1,0
9.95117,0.224609,0.99972,-0.000114188,0.00449307,1,0
9.9707,0.166016,1.00063,-8.20835e-05,0.00252549,1,0
9.9707,0.185547,1.00049,-9.28333e-05,0.00252678,1,0
9.99023,0.166016,1.00077,-8.27699e-05,0.00076984,1,0
9.99023,0.185547,1.00062,-9.37014e-05,0.000770462,1,0
9.9707,0.205078,1.0002,-0.000104377,0.00252837,1,0
9.9707,0.224609,0.999659,-0.000116937,0.00253039,1,0
9.99023,0.205078,1.00034,-0.000105483,0.00077123,1,0
9.99023,0.224609,0.999798,-0.00011836,0.0007722,1,0
9.93164,0.244141,0.998676,-0.000122265,0.00645096,1,0
9.93164,0.263672,0.996828,-0.000135038,0.00645701,1,0
9.95117,0.244141,0.998702,-0.00012713,0.00449701,1,0
9.95117,0.263672,0.996855,-0.000141186,0.00450198,1,0
9.93164,0.283203,0.993567,-0.000148613,0.00646454,1,0
9.93164,0.302734,0.987973,-0.000162898,0.00647395,1,0
9.95117,0.283203,0.993595,-0.000156439,0.00450832,1,0
9.95117,0.302734,0.988003,-0.000172924,0.00451646,1,0
9.9707,0.244141,0.998643,-0.00013067,0.00253298,1,0
9.9707,0.263672,0.996797,-0.000145802,0.00253632,1,0
9.99023,0.244141,0.998784,-0.00013252,0.00077343,1,0
9.99023,0.263672,0.99694,-0.000148231,0.000775008,1,0
9.9707,0.283203,0.993538,-0.000162527,0.00254071,1,0
9.9707,0.302734,0.987947,-0.000181039,0.00254654,1,0
9.99023,0.283203,0.993684,-0.000165747,0.000777051,1,0
9.99023,0.302734,0.988096,-0.000185345,0.000779715,1,0
9.69727,0.322266,0.978604,-5.5413e-05,0.0299603,1,0
9.69727,0.341797,0.96352,-5.4935e-05,0.0299659,1,0
9.7168,0.322266,0.978604,-6.13384e-05,0.0280087,1,0
9.7168,0.341797,0.963519,-6.10001e-05,0.028015,1,0
9.69727,0.361328,0.939766,-5.33289e-05,0.0299715,1,0
9.69727,0.380859,0.903395,-5.03819e-05,0.0299769,1,0
9.7168,0.361328,0.939763,-5.9399e-05,0.0280213,1,0
9.7168,0.380859,0.903391,-5.6283e-05,0.0280273,1,0
9.73633,0.322266,0.978605,-6.79151e-05,0.0260569,1,0
9.73633,0.341797,0.963518,-6.77849e-05,0.0260639,1,0
9.75586,0.322266,0.978605,-7.52093e-05,0.0241046,1,0
9.75586,0.341797,0.963517,-7.53787e-05,0.0241124,1,0
9.73633,0.361328,0.939761,-6.62426e-05,0.0260709,1,0
9.73633,0.380859,0.903387,-6.29868e-05,0.0260778,1,0
9.75586,0.361328,0.939759,-7.39723e-05,0.0241204,1,0
9.75586,0.380859,0.903383,-7.0627e-05,0.0241281,1,0
9.69727,0.400391,0.84923,-4.57313e-05,0.0299818,1,0
9.69727,0.419922,0.770728,-3.92497e-05,0.0299858,1,0
9.7168,0.400391,0.849224,-5.12315e-05,0.0280329,1,0
9.7168,0.419922,0.77072,-4.40868e-05,0.0280375,1,0
9.69727,0.439453,0.659936,-3.04079e-05,0.0299889,1,0
9.69727,0.458984,0.507552,-1.98135e-05,0.0299907,1,0
9.7168,0.439453,0.659925,-3.42438e-05,0.0280411,1,0
9.7168,0.458984,0.507539,-2.2377e-05,0.0280432,1,0
9.73633,0.400391,0.849218,-5.75254e-05,0.0260841,1,0
9.73633,0.419922,0.770711,-4.96604e-05,0.0260895,1,0
9.75586,0.400391,0.849211,-6.47615e-05,0.0241354,1,0
9.75586,0.419922,0.770701,-5.61221e-05,0.0241416,1,0
9.73633,0.439453,0.659914,-3.86934e-05,0.0260936,1,0
9.73633,0.458984,0.507526,-2.53713e-05,0.026096,1,0
9.75586,0.439453,0.659901,-4.38941e-05,0.0241464,1,0
9.75586,0.458984,0.50751,-2.89022e-05,0.0241493,1,0
9.77539,0.322266,0.978606,-8.32882e-05,0.0221519,1,0
9.77539,0.341797,0.963517,-8.38783e-05,0.0221606,1,0
9.79492,0.322266,0.978608,-9.22155e-05,0.0201986,1,0
9.79492,0.341797,0.963517,-9.33857e-05,0.0202082,1,0
9.77539,0.361328,0.939756,-8.2717e-05,0.0221695,1,0
9.77539,0.380859,0.903378,-7.93633e-05,0.0221784,1,0
9.79492,0.361328,0.939754,-9.26219e-05,0.0202182,1,0
9.79492,0.380859,0.903373,-8.93853e-05,0.0202283,1,0
9.81445,0.322266,0.97861,-0.000102045,0.0182444,1,0
9.81445,0.341797,0.963517,-0.000104002,0.0182551,1,0
9.83398,0.322266,0.978613,-0.000112809,0.0162893,1,0
9.83398,0.341797,0.963519,-0.000115819,0.016301,1,0
9.81445,0.361328,0.939752,-0.000103846,0.0182664,1,0
9.81445,0.380859,0.903368,-0.000100915,0.0182779,1,0
9.83398,0.361328,0.939751,-0.000116557,0.0163136,1,0
9.83398,0.380859,0.903363,-0.000114212,0.0163267,1,0
9.77539,0.400391,0.849203,-7.31226e-05,0.0221867,1,0
9.77539,0.419922,0.77069,-6.36651e-05,0.022194,1,0
9.79492,0.400391,0.849195,-8.28372e-05,0.020238,1,0
9.79492,0.419922,0.770678,-7.25394e-05,0.0202465,1,0
9.77539,0.439453,0.659886,-5.00251e-05,0.0221996,1,0
9.77539,0.458984,0.507493,-3.31076e-05,0.022203,1,0
9.79492,0.439453,0.65987,-5.73288e-05,0.0202532,1,0
9.79492,0.458984,0.507473,-3.81861e-05,0.0202573,1,0
9.81445,0.400391,0.849186,-9.41863e-05,0.0182891,1,0
9.81445,0.419922,0.770665,-8.30676e-05,0.0182991,1,0
9.83398,0.400391,0.849177,-0.000107523,0.0163398,1,0
9.83398,0.419922,0.77065,-9.56814e-05,0.0163517,1,0
9.81445,0.439453,0.659851,-6.6126e-05,0.0183072,1,0
9.81445,0.458984,0.50745,-4.43995e-05,0.0183122,1,0
9.83398,0.439453,0.659831,-7.68776e-05,0.0163616,1,0
9.83398,0.458984,0.507424,-5.21683e-05,0.0163679,1,0
9.69727,0.478516,0.303118,-7.15162e-06,0.0299915,1,0
9.69727,0.498047,0.0353497,3.53942e-06,0.0299912,0.6,0
9.7168,0.478516,0.303106,-8.11969e-06,0.0280441,1,0
9.7168,0.498047,0.035346,4.00442e-06,0.0280437,0.6,0
9.73633,0.478516,0.303092,-9.26382e-06,0.0260971,1,0
9.73633,0.498047,0.0353417,4.55053e-06,0.0260967,0.6,0
9.75586,0.478516,0.303077,-1.06324e-05,0.0241506,1,0
9.75586,0.498047,0.0353368,5.19619e-06,0.0241501,0.6,0
9.77539,0.478516,0.303059,-1.22875e-05,0.0222046,1,0
9.77539,0.498047,0.0353311,5.97445e-06,0.022204,0.6,0
9.79492,0.478516,0.303038,-1.43291e-05,0.0202592,1,0
9.79492,0.498047,0.0353246,6.91568e-06,0.0202586,0.6,0
9.81445,0.478516,0.303015,-1.68792e-05,0.0183146,1,0
9.81445,0.498047,0.0353168,8.09756e-06,0.0183139,0.6,0
9.83398,0.478516,0.302987,-2.01747e-05,0.0163709,1,0
9.83398,0.498047,0.0353078,9.57639e-06,0.01637,0.6,0
9.85352,0.322266,0.978617,-0.000124501,0.0143328,1,0
9.85352,0.341797,0.963521,-0.000128898,0.0143455,1,0
9.87305,0.322266,0.978624,-0.000137062,0.0123747,1,0
9.87305,0.341797,0.963525,-0.000143254,0.0123884,1,0
9.85352,0.361328,0.939751,-0.000130911,0.0143596,1,0
9.85352,0.380859,0.903359,-0.000129555,0.0143745,1,0
9.87305,0.361328,0.939752,-0.000147045,0.0124039,1,0
9.87305,0.380859,0.903356,-0.000147251,0.0124209,1,0
9.89258,0.322266,0.978631,-0.000150321,0.0104144,1,0
9.89258,0.341797,0.963531,-0.000158785,0.0104289,1,0
9.91211,0.322266,0.978642,-0.000164018,0.00845232,1,0
9.91211,0.341797,0.963541,-0.000175291,0.00846727,1,0
9.89258,0.361328,0.939754,-0.000164979,0.0104457,1,0
9.89258,0.380859,0.903354,-0.000167524,0.0104647,1,0
9.91211,0.361328,0.939762,-0.000184659,0.00848516,1,0
9.91211,0.380859,0.903357,-0.000190592,0.00850606,1,0
9.85352,0.400391,0.849168,-0.000123264,0.0143898,1,0
9.85352,0.419922,0.770634,-0.000110928,0.0144041,1,0
9.87305,0.400391,0.849159,-0.000141937,0.0124386,1,0
9.87305,0.419922,0.770617,-0.000129572,0.0124559,1,0
9.85352,0.439453,0.659807,-9.01924e-05,0.0144162,1,0
9.85352,0.458984,0.507393,-6.20404e-05,0.0144242,1,0
9.87305,0.439453,0.659781,-0.00010701,0.0124711,1,0
9.87305,0.458984,0.507358,-7.50089e-05,0.0124814,1,0
9.89258,0.400391,0.84915,-0.000164055,0.0104853,1,0
9.89258,0.419922,0.770599,-0.000152502,0.0105061,1,0
9.91211,0.400391,0.849145,-0.000190267,0.00852974,1,0
9.91211,0.419922,0.770584,-0.000180966,0.00855478,1,0
9.89258,0.439453,0.659752,-0.000128564,0.0105253,1,0
9.89258,0.458984,0.507317,-9.24877e-05,0.0105391,1,0
9.91211,0.439453,0.659722,-0.000156658,0.00857931,1,0
9.91211,0.458984,0.507271,-0.000116647,0.00859807,1,0
9.93164,0.322266,0.97865,-0.000177596,0.00648573,1,0
9.93164,0.341797,0.963548,-0.000192179,0.00650042,1,0
9.95117,0.322266,0.97868,-0.000190494,0.00452698,1,0
9.95117,0.341797,0.963578,-0.000208809,0.00454056,1,0
9.93164,0.361328,0.939766,-0.000205532,0.00651862,1,0
9.93164,0.380859,0.903356,-0.000216109,0.00654077,1,0
9.95117,0.361328,0.939795,-0.000226925,0.00455809,1,0
9.95117,0.380859,0.903382,-0.000243471,0.00458036,1,0
9.9707,0.322266,0.978626,-0.000201401,0.00255434,1,0
9.9707,0.341797,0.963523,-0.000223576,0.00256482,1,0
9.99023,0.322266,0.978777,-0.000207203,0.000783215,1,0
9.99023,0.341797,0.963678,-0.000231457,0.000787818,1,0
9.9707,0.361328,0.93974,-0.000247009,0.00257897,1,0
9.9707,0.380859,0.903324,-0.000270975,0.00259789,1,0
9.99023,0.361328,0.939896,-0.000257772,0.000793918,1,0
9.99023,0.380859,0.90348,-0.000285847,0.000801886,1,0
9.93164,0.400391,0.849136,-0.000220745,0.00656709,1,0
9.93164,0.419922,0.770563,-0.000216243,0.00659653,1,0
9.95117,0.400391,0.849156,-0.000255075,0.00460829,1,0
9.95117,0.419922,0.77057,-0.000258277,0.00464142,1,0
9.93164,0.439453,0.659683,-0.000194415,0.00662773,1,0
9.93164,0.458984,0.50721,-0.000153608,0.00665384,1,0
9.95117,0.439453,0.659669,-0.000241496,0.00467961,1,0
9.95117,0.458984,0.507166,-0.000201959,0.00471402,1,0
9.9707,0.400391,0.849092,-0.000292736,0.0026233,1,0
9.9707,0.419922,0.770495,-0.000310755,0.00265607,1,0
9.99023,0.400391,0.849243,-0.000313151,0.0008125,1,0
9.99023,0.419922,0.770633,-0.000339504,0.000825402,1,0
9.9707,0.439453,0.659575,-0.000312467,0.00269964,1,0
9.9707,0.458984,0.507045,-0.000304193,0.00274688,1,0
9.99023,0.439453,0.659685,-0.000349891,0.000842852,1,0
9.99023,0.458984,0.507084,-0.000354617,0.000856957,1,0
9.85352,0.478516,0.302954,-2.45062e-05,0.0144281,1,0
9.85352,0.498047,0.0352965,1.15211e-05,0.0144271,0.6,0
9.87305,0.478516,0.302915,-3.04618e-05,0.0124869,1,0
9.87305,0.498047,0.0352834,1.41734e-05,0.0124857,0.6,0
9.89258,0.478516,0.302866,-3.9199e-05,0.0105469,1,0
9.89258,0.498047,0.0352656,1.74098e-05,0.0105455,0.6,0
9.91211,0.478516,0.302808,-5.14684e-05,0.00860994,1,0
9.91211,0.498047,0.0352437,2.36278e-05,0.00860798,0.6,0
9.93164,0.478516,0.302724,-7.58072e-05,0.00667368,1,0
9.93164,0.498047,0.0352138,2.47058e-05,0.00667233,0.6,0
9.95117,0.478516,0.302635,-0.000102709,0.00474575,1,0
9.95117,0.498047,0.0351531,3.74816e-05,0.00474115,0.6,0
9.9707,0.478516,0.30247,-0.000208432,0.00280934,1,0
9.9707,0.498047,0.0351094,-6.71616e-05,0.00281993,0.6,0
9.99023,0.478516,0.302338,-0.00026482,0.000877839,1,0
9.99023,0.498047,0.034644,-8.26622e-05,0.000883802,0.6,0
