x,y,ux,uy,p,cs,f
0.00976562,0.00976562,0.766596,-3.68471e-05,0.998794,1,0
0.00976562,0.0292969,0.764608,-0.000100596,0.998804,1,0
0.0292969,0.00976562,0.766758,-3.81676e-05,0.996562,1,0
0.0292969,0.0292969,0.764773,-0.000102769,0.996577,1,0
0.00976562,0.0488281,0.760648,-0.000153894,0.998804,1,0
0.00976562,0.0683594,0.7547,-0.00020663,0.998804,1,0
0.0292969,0.0488281,0.760813,-0.000155466,0.996579,1,0
0.0292969,0.0683594,0.754863,-0.00020829,0.99658,1,0
0.0488281,0.00976562,0.766792,-3.91722e-05,0.994616,1,0
0.0488281,0.0292969,0.76481,-0.000104589,0.994631,1,0
0.0683594,0.00976562,0.766816,-3.97652e-05,0.992699,1,0
0.0683594,0.0292969,0.764836,-0.000105656,0.992714,1,0
0.0488281,0.0488281,0.760849,-0.000157027,0.994633,1,0
0.0488281,0.0683594,0.754899,-0.000209943,0.994634,1,0
0.0683594,0.0488281,0.760876,-0.000157854,0.992715,1,0
0.0683594,0.0683594,0.754925,-0.000210636,0.992716,1,0
0.00976562,0.0878906,0.746743,-0.000258474,0.998805,1,0
0.00976562,0.107422,0.736746,-0.000308356,0.998806,1,0
0.0292969,0.0878906,0.746903,-0.000260614,0.996583,1,0
0.0292969,0.107422,0.736903,-0.000311009,0.996587,1,0
0.00976562,0.126953,0.724675,-0.000355769,0.998808,1,0
0.00976562,0.146484,0.710486,-0.000400239,0.998809,1,0
0.0292969,0.126953,0.724827,-0.000358936,0.996592,1,0
0.0292969,0.146484,0.710634,-0.000403941,0.996597,1,0
0.0488281,0.0878906,0.746937,-0.000262632,0.994637,1,0
0.0488281,0.107422,0.736934,-0.000313434,0.994641,1,0
0.0683594,0.0878906,0.746961,-0.000263329,0.992717,1,0
0.0683594,0.107422,0.736957,-0.000314165,0.992719,1,0
0.0488281,0.126953,0.724856,-0.000361774,0.994645,1,0
0.0488281,0.146484,0.710659,-0.00040719,0.99465,1,0
0.0683594,0.126953,0.724877,-0.000362532,0.992722,1,0
0.0683594,0.146484,0.710677,-0.000407943,0.992725,1,0
0.0878906,0.00976562,0.766868,-4.01379e-05,0.990733,1,0
0.0878906,0.0292969,0.764888,-0.00010627,0.990748,1,0
0.107422,0.00976562,0.766926,-4.03399e-05,0.988753,1,0
0.107422,0.0292969,0.764946,-0.000106542,0.988768,1,0
0.0878906,0.0488281,0.760928,-0.000158144,0.990749,1,0
0.0878906,0.0683594,0.754977,-0.000210593,0.990749,1,0
0.107422,0.0488281,0.760987,-0.000158068,0.988769,1,0
0.107422,0.0683594,0.755034,-0.000210096,0.988768,1,0
0.126953,0.00976562,0.76698,-4.03719e-05,0.98678,1,0
0.126953,0.0292969,0.765001,-0.000106453,0.986795,1,0
0.146484,0.00976562,0.767032,-4.0246e-05,0.984811,1,0
0.146484,0.0292969,0.765053,-0.000106001,0.984826,1,0
0.126953,0.0488281,0.761041,-0.000157593,0.986795,1,0
0.126953,0.0683594,0.755088,-0.000209133,0.986795,1,0
0.146484,0.0488281,0.761093,-0.000156673,0.984826,1,0
0.146484,0.0683594,0.755139,-0.000207639,0.984825,1,0
0.0878906,0.0878906,0.747012,-0.000263027,0.990749,1,0
0.0878906,0.107422,0.737006,-0.000313624,0.990751,1,0
0.107422,0.0878906,0.747068,-0.000262127,0.988769,1,0
0.107422,0.107422,0.73706,-0.00031232,0.98877,1,0
0.0878906,0.126953,0.724923,-0.000361735,0.990752,1,0
0.0878906,0.146484,0.71072,-0.000406842,0.990754,1,0
0.107422,0.126953,0.724974,-0.000359997,0.988771,1,0
0.107422,0.146484,0.710768,-0.000404607,0.988772,1,0
0.126953,0.0878906,0.74712,-0.000260643,0.986795,1,0
0.126953,0.107422,0.737109,-0.000310286,0.986795,1,0
0.146484,0.0878906,0.747169,-0.000258506,0.984825,1,0
0.146484,0.107422,0.737157,-0.000307453,0.984825,1,0
0.126953,0.126953,0.725021,-0.000357366,0.986796,1,0
0.126953,0.146484,0.710811,-0.000401301,0.986796,1,0
0.146484,0.126953,0.725065,-0.000353772,0.984824,1,0
0.146484,0.146484,0.710852,-0.000396858,0.984824,1,0
0.00976562,0.166016,0.694132,-0.000441229,0.998811,1,0
0.00976562,0.185547,0.675555,-0.000478162,0.998813,1,0
0.0292969,0.166016,0.694274,-0.000445487,0.996604,1,0
0.0292969,0.185547,0.67569,-0.000482991,0.996611,1,0
0.00976562,0.205078,0.654692,-0.000510421,0.998816,1,0
0.00976562,0.224609,0.631476,-0.000537344,0.998818,1,0
0.0292969,0.205078,0.654821,-0.000515833,0.996619,1,0
0.0292969,0.224609,0.631596,-0.000543341,0.996628,1,0
0.0488281,0.166016,0.694295,-0.000449129,0.994656,1,0
0.0488281,0.185547,0.675706,-0.00048699,0.994662,1,0
0.0683594,0.166016,0.694309,-0.000449818,0.992728,1,0
0.0683594,0.185547,0.675717,-0.000487524,0.992732,1,0
0.0488281,0.205078,0.654831,-0.000520129,0.994669,1,0
0.0488281,0.224609,0.6316,-0.000547842,0.994677,1,0
0.0683594,0.205078,0.654837,-0.000520381,0.992736,1,0
0.0683594,0.224609,0.631601,-0.00054764,0.99274,1,0
0.00976562,0.244141,0.60583,-0.000558219,0.998821,1,0
0.00976562,0.263672,0.577674,-0.000572281,0.998824,1,0
0.0292969,0.244141,0.605941,-0.000564788,0.996638,1,0
0.0292969,0.263672,0.577774,-0.000579385,0.996649,1,0
0.00976562,0.283203,0.546921,-0.000578713,0.998828,1,0
0.00976562,0.302734,0.513476,-0.00057665,0.998831,1,0
0.0292969,0.283203,0.547008,-0.000586275,0.996661,1,0
0.0292969,0.302734,0.51355,-0.000584533,0.996673,1,0
0.0488281,0.244141,0.605937,-0.000569357,0.994686,1,0
0.0488281,0.263672,0.577762,-0.000583821,0.994695,1,0
0.0683594,0.244141,0.605933,-0.000568469,0.992745,1,0
0.0683594,0.263672,0.577751,-0.000581939,0.992749,1,0
0.0488281,0.283203,0.546987,-0.000590292,0.994705,1,0
0.0488281,0.302734,0.513519,-0.000587731,0.994715,1,0
0.0683594,0.283203,0.546969,-0.000587015,0.992754,1,0
0.0683594,0.302734,0.513492,-0.000582551,0.992759,1,0
0.0878906,0.166016,0.694349,-0.000448328,0.990756,1,0
0.0878906,0.185547,0.675752,-0.000485527,0.990758,1,0
0.107422,0.166016,0.694392,-0.000445498,0.988773,1,0
0.107422,0.185547,0.675791,-0.000481965,0.988774,1,0
0.0878906,0.205078,0.654867,-0.000517718,0.99076,1,0
0.0878906,0.224609,0.631625,-0.000544101,0.990762,1,0
0.107422,0.205078,0.654901,-0.000513242,0.988776,1,0
0.107422,0.224609,0.631652,-0.000538483,0.988777,1,0
0.126953,0.166016,0.694431,-0.000441404,0.986797,1,0
0.126953,0.185547,0.675825,-0.000476932,0.986797,1,0
0.146484,0.166016,0.694468,-0.000435991,0.984824,1,0
0.146484,0.185547,0.675857,-0.00047039,0.984823,1,0
0.126953,0.205078,0.654929,-0.000507077,0.986798,1,0
0.126953,0.224609,0.631673,-0.000530949,0.986798,1,0
0.146484,0.205078,0.654954,-0.000499213,0.984823,1,0
0.146484,0.224609,0.631692,-0.000521533,0.984822,1,0
0.0878906,0.244141,0.60595,-0.000563785,0.990765,1,0
0.0878906,0.263672,0.577761,-0.000575771,0.990767,1,0
0.107422,0.244141,0.60597,-0.000556742,0.988778,1,0
0.107422,0.263672,0.577771,-0.000566966,0.988779,1,0
0.0878906,0.283203,0.54697,-0.000578952,0.990769,1,0
0.0878906,0.302734,0.513483,-0.000572116,0.990771,1,0
0.107422,0.283203,0.54697,-0.000568002,0.98878,1,0
0.107422,0.302734,0.513473,-0.000558622,0.988781,1,0
0.126953,0.244141,0.605983,-0.000547557,0.986798,1,0
0.126953,0.263672,0.577776,-0.000555818,0.986798,1,0
0.146484,0.244141,0.605994,-0.000536335,0.984821,1,0
0.146484,0.263672,0.577778,-0.000542525,0.984819,1,0
0.126953,0.283203,0.546965,-0.000554566,0.986798,1,0
0.126953,0.302734,0.513456,-0.000542608,0.986797,1,0
0.146484,0.283203,0.546957,-0.000538964,0.984818,1,0
0.146484,0.302734,0.513436,-0.000524544,0.984816,1,0
0.166016,0.00976562,0.767084,-3.99836e-05,0.982841,1,0
0.166016,0.0292969,0.765105,-0.000105222,0.982856,1,0
0.185547,0.00976562,0.767136,-3.96056e-05,0.980871,1,0
0.185547,0.0292969,0.765157,-0.000104159,0.980885,1,0
0.166016,0.0488281,0.761144,-0.00015533,0.982856,1,0
0.166016,0.0683594,0.755189,-0.000205626,0.982854,1,0
0.185547,0.0488281,0.761196,-0.000153609,0.980885,1,0
0.185547,0.0683594,0.75524,-0.000203147,0.980883,1,0
0.205078,0.00976562,0.767188,-3.91287e-05,0.9789,1,0
0.205078,0.0292969,0.765208,-0.00010285,0.978915,1,0
0.224609,0.00976562,0.767239,-3.85669e-05,0.976931,1,0
0.224609,0.0292969,0.765258,-0.000101328,0.976945,1,0
0.205078,0.0488281,0.761246,-0.000151554,0.978914,1,0
0.205078,0.0683594,0.755289,-0.000200254,0.978912,1,0
0.224609,0.0488281,0.761296,-0.000149205,0.976944,1,0
0.224609,0.0683594,0.755337,-0.000196993,0.976942,1,0
0.166016,0.0878906,0.747218,-0.000255736,0.982854,1,0
0.166016,0.107422,0.737203,-0.000303857,0.982853,1,0
0.185547,0.0878906,0.747267,-0.000252404,0.980882,1,0
0.185547,0.107422,0.73725,-0.000299593,0.980881,1,0
0.166016,0.126953,0.725109,-0.000349276,0.982852,1,0
0.166016,0.146484,0.710892,-0.000391365,0.982851,1,0
0.185547,0.126953,0.725152,-0.000343998,0.98088,1,0
0.185547,0.146484,0.710932,-0.000384972,0.980878,1,0
0.205078,0.0878906,0.747315,-0.000248575,0.978911,1,0
0.205078,0.107422,0.737295,-0.000294744,0.97891,1,0
0.224609,0.0878906,0.747361,-0.000244305,0.97694,1,0
0.224609,0.107422,0.737339,-0.000289383,0.976939,1,0
0.205078,0.126953,0.725195,-0.000338043,0.978908,1,0
0.205078,0.146484,0.71097,-0.000377814,0.978906,1,0
0.224609,0.126953,0.725236,-0.000331505,0.976937,1,0
0.224609,0.146484,0.711007,-0.000370005,0.976934,1,0
0.244141,0.00976562,0.767288,-3.79327e-05,0.974961,1,0
0.244141,0.0292969,0.765308,-9.96228e-05,0.974975,1,0
0.263672,0.00976562,0.767337,-3.72376e-05,0.972992,1,0
0.263672,0.0292969,0.765356,-9.77629e-05,0.973006,1,0
0.244141,0.0488281,0.761345,-0.000146601,0.974974,1,0
0.244141,0.0683594,0.755385,-0.000193413,0.974972,1,0
0.263672,0.0488281,0.761393,-0.000143781,0.973005,1,0
0.263672,0.0683594,0.755431,-0.000189562,0.973002,1,0
0.283203,0.00976562,0.767385,-3.64921e-05,0.971024,1,0
0.283203,0.0292969,0.765404,-9.57751e-05,0.971037,1,0
0.302734,0.00976562,0.767432,-3.57058e-05,0.969055,1,0
0.302734,0.0292969,0.765451,-9.36837e-05,0.969068,1,0
0.283203,0.0488281,0.761439,-0.000140783,0.971036,1,0
0.283203,0.0683594,0.755477,-0.000185488,0.971033,1,0
0.302734,0.0488281,0.761485,-0.000137641,0.969067,1,0
0.302734,0.0683594,0.755521,-0.000181234,0.969064,1,0
0.244141,0.0878906,0.747407,-0.000239655,0.97497,1,0
0.244141,0.107422,0.737382,-0.000283583,0.974968,1,0
0.263672,0.0878906,0.747451,-0.000234684,0.973,1,0
0.263672,0.107422,0.737424,-0.000277418,0.972998,1,0
0.244141,0.126953,0.725275,-0.000324474,0.974966,1,0
0.244141,0.146484,0.711043,-0.000361655,0.974963,1,0
0.263672,0.126953,0.725314,-0.000317039,0.972995,1,0
0.263672,0.146484,0.711077,-0.000352873,0.972992,1,0
0.283203,0.0878906,0.747495,-0.000229451,0.971031,1,0
0.283203,0.107422,0.737465,-0.000270958,0.971028,1,0
0.302734,0.0878906,0.747537,-0.000224009,0.969062,1,0
0.302734,0.107422,0.737504,-0.000264269,0.969059,1,0
0.283203,0.126953,0.725351,-0.000309287,0.971026,1,0
0.283203,0.146484,0.71111,-0.00034376,0.971022,1,0
0.302734,0.126953,0.725386,-0.000301293,0.969056,1,0
0.302734,0.146484,0.711141,-0.000334405,0.969053,1,0
0.166016,0.166016,0.694504,-0.000429376,0.98285,1,0
0.166016,0.185547,0.675887,-0.000462499,0.982849,1,0
0.185547,0.166016,0.694539,-0.000421748,0.980877,1,0
0.185547,0.185547,0.675917,-0.000453491,0.980875,1,0
0.166016,0.205078,0.654979,-0.000489862,0.982847,1,0
0.166016,0.224609,0.63171,-0.000510517,0.982846,1,0
0.185547,0.205078,0.655002,-0.000479309,0.980872,1,0
0.185547,0.224609,0.631726,-0.000498246,0.98087,1,0
0.205078,0.166016,0.694573,-0.000413271,0.978904,1,0
0.205078,0.185547,0.675945,-0.000443564,0.978901,1,0
0.224609,0.166016,0.694605,-0.000404085,0.976931,1,0
0.224609,0.185547,0.675971,-0.000432889,0.976928,1,0
0.205078,0.205078,0.655024,-0.000467793,0.978898,1,0
0.205078,0.224609,0.63174,-0.000485003,0.978895,1,0
0.224609,0.205078,0.655044,-0.000455515,0.976925,1,0
0.224609,0.224609,0.631752,-0.000471024,0.976921,1,0
0.166016,0.244141,0.606003,-0.00052344,0.982844,1,0
0.166016,0.263672,0.577778,-0.000527555,0.982841,1,0
0.185547,0.244141,0.606011,-0.000509287,0.980867,1,0
0.185547,0.263672,0.577776,-0.000511394,0.980864,1,0
0.166016,0.283203,0.546946,-0.00052178,0.982839,1,0
0.166016,0.302734,0.513415,-0.000505127,0.982836,1,0
0.185547,0.283203,0.546934,-0.000503572,0.980861,1,0
0.185547,0.302734,0.513391,-0.000484977,0.980857,1,0
0.205078,0.244141,0.606017,-0.000494205,0.978892,1,0
0.205078,0.263672,0.577773,-0.000494421,0.978888,1,0
0.224609,0.244141,0.606021,-0.000478468,0.976917,1,0
0.224609,0.263672,0.577767,-0.000476941,0.976913,1,0
0.205078,0.283203,0.54692,-0.000484759,0.978884,1,0
0.205078,0.302734,0.513366,-0.000464532,0.97888,1,0
0.224609,0.283203,0.546904,-0.000465665,0.976909,1,0
0.224609,0.302734,0.51334,-0.000444115,0.976905,1,0
0.244141,0.166016,0.694636,-0.000394324,0.97496,1,0
0.244141,0.185547,0.675996,-0.000421624,0.974956,1,0
0.263672,0.166016,0.694665,-0.000384117,0.972989,1,0
0.263672,0.185547,0.67602,-0.000409919,0.972985,1,0
0.244141,0.205078,0.655062,-0.000442662,0.974953,1,0
0.244141,0.224609,0.631763,-0.000456525,0.974949,1,0
0.263672,0.205078,0.655079,-0.000429405,0.972981,1,0
0.263672,0.224609,0.631772,-0.000441697,0.972977,1,0
0.283203,0.166016,0.694693,-0.000373581,0.971019,1,0
0.283203,0.185547,0.676042,-0.000397909,0.971015,1,0
0.302734,0.166016,0.694719,-0.000362819,0.969049,1,0
0.302734,0.185547,0.676062,-0.000385711,0.969045,1,0
0.283203,0.205078,0.655094,-0.000415896,0.97101,1,0
0.283203,0.224609,0.631779,-0.000426703,0.971006,1,0
0.302734,0.205078,0.655107,-0.000402261,0.969041,1,0
0.302734,0.224609,0.631785,-0.000411682,0.969036,1,0
0.244141,0.244141,0.606023,-0.000462316,0.974944,1,0
0.244141,0.263672,0.57776,-0.00045921,0.97494,1,0
0.263672,0.244141,0.606023,-0.000445955,0.972972,1,0
0.263672,0.263672,0.577751,-0.000441446,0.972968,1,0
0.244141,0.283203,0.546887,-0.000446553,0.974935,1,0
0.244141,0.302734,0.513313,-0.000423975,0.974931,1,0
0.263672,0.283203,0.546869,-0.000427633,0.972963,1,0
0.263672,0.302734,0.513285,-0.000404297,0.972958,1,0
0.283203,0.244141,0.606022,-0.000429559,0.971001,1,0
0.283203,0.263672,0.577741,-0.000423818,0.970996,1,0
0.302734,0.244141,0.60602,-0.000413266,0.969031,1,0
0.302734,0.263672,0.577731,-0.000406461,0.969026,1,0
0.283203,0.283203,0.54685,-0.000409064,0.970992,1,0
0.283203,0.302734,0.513257,-0.000385211,0.970987,1,0
0.302734,0.283203,0.54683,-0.000390961,0.969021,1,0
0.302734,0.302734,0.513229,-0.000366801,0.969017,1,0
0.00976562,0.322266,0.477244,-0.00056519,0.998835,1,0
0.00976562,0.341797,0.438119,-0.000543426,0.99884,1,0
0.0292969,0.322266,0.477302,-0.000573174,0.996687,1,0
0.0292969,0.341797,0.43816,-0.000551166,0.996701,1,0
0.00976562,0.361328,0.395994,-0.000510491,0.998844,1,0
0.00976562,0.380859,0.350757,-0.000465643,0.99885,1,0
0.0292969,0.361328,0.396017,-0.000517471,0.996716,1,0
0.0292969,0.380859,0.350759,-0.000471127,0.996732,1,0
0.0488281,0.322266,0.47726,-0.000575008,0.994725,1,0
0.0488281,0.341797,0.438106,-0.000550917,0.994736,1,0
0.0683594,0.322266,0.477224,-0.000567308,0.992764,1,0
0.0683594,0.341797,0.43806,-0.00054,0.992768,1,0
0.0488281,0.361328,0.39595,-0.000514246,0.994747,1,0
0.0488281,0.380859,0.350679,-0.000463896,0.994756,1,0
0.0683594,0.361328,0.395892,-0.000499412,0.992772,1,0
0.0683594,0.380859,0.350608,-0.000444623,0.992774,1,0
0.00976562,0.400391,0.302288,-0.000408433,0.998855,1,0
0.00976562,0.419922,0.250468,-0.00033902,0.998862,1,0
0.0292969,0.400391,0.302269,-0.000411421,0.996747,1,0
0.0292969,0.419922,0.250426,-0.00033828,0.996763,1,0
0.00976562,0.439453,0.195168,-0.000258525,0.998869,1,0
0.00976562,0.458984,0.136257,-0.00016908,0.998877,1,0
0.0292969,0.439453,0.195106,-0.000252749,0.996776,1,0
0.0292969,0.458984,0.136179,-0.000157116,0.996787,1,0
0.0488281,0.400391,0.302176,-0.000399177,0.994765,1,0
0.0488281,0.419922,0.250321,-0.000320386,0.994772,1,0
0.0683594,0.400391,0.302093,-0.00037543,0.992776,1,0
0.0683594,0.419922,0.250228,-0.0002931,0.992775,1,0
0.0488281,0.439453,0.194992,-0.000229592,0.994775,1,0
0.0488281,0.458984,0.136066,-0.000131383,0.994774,1,0
0.0683594,0.439453,0.194894,-0.000201327,0.992771,1,0
0.0683594,0.458984,0.135972,-0.000107096,0.992763,1,0
0.0878906,0.322266,0.477203,-0.00055399,0.990773,1,0
0.0878906,0.341797,0.438026,-0.000523331,0.990774,1,0
0.107422,0.322266,0.47718,-0.000537595,0.988781,1,0
0.107422,0.341797,0.43799,-0.000503827,0.988781,1,0
0.0878906,0.361328,0.395845,-0.000479106,0.990775,1,0
0.0878906,0.380859,0.350547,-0.000420802,0.990775,1,0
0.107422,0.361328,0.395794,-0.000456589,0.988781,1,0
0.107422,0.380859,0.350482,-0.000395892,0.988779,1,0
0.126953,0.322266,0.477151,-0.000518827,0.986796,1,0
0.126953,0.341797,0.437948,-0.000482354,0.986795,1,0
0.146484,0.322266,0.477119,-0.000498311,0.984814,1,0
0.146484,0.341797,0.437903,-0.000459673,0.984811,1,0
0.126953,0.361328,0.395739,-0.000432839,0.986793,1,0
0.126953,0.380859,0.350415,-0.000370833,0.98679,1,0
0.146484,0.361328,0.395682,-0.000408677,0.984808,1,0
0.146484,0.380859,0.350347,-0.000346365,0.984804,1,0
0.0878906,0.400391,0.302018,-0.000348943,0.990774,1,0
0.0878906,0.419922,0.250143,-0.000265869,0.990771,1,0
0.107422,0.400391,0.301942,-0.000323005,0.988777,1,0
0.107422,0.419922,0.250059,-0.000241163,0.988773,1,0
0.0878906,0.439453,0.194805,-0.000176617,0.990765,1,0
0.0878906,0.458984,0.135891,-8.93834e-05,0.990756,1,0
0.107422,0.439453,0.194721,-0.000156194,0.988767,1,0
0.107422,0.458984,0.135817,-7.64927e-05,0.988757,1,0
0.126953,0.400391,0.301865,-0.000298261,0.986787,1,0
0.126953,0.419922,0.249977,-0.000218972,0.986782,1,0
0.146484,0.400391,0.30179,-0.000275164,0.9848,1,0
0.146484,0.419922,0.249899,-0.000199263,0.984795,1,0
0.126953,0.439453,0.194641,-0.000139097,0.986775,1,0
0.126953,0.458984,0.135751,-6.66052e-05,0.986766,1,0
0.146484,0.439453,0.194568,-0.000124726,0.984788,1,0
0.146484,0.458984,0.135691,-5.88241e-05,0.984779,1,0
0.00976562,0.478516,0.0735904,-7.60747e-05,0.998884,1,0
0.00976562,0.498047,0.00699239,-2.04176e-06,0.998873,0.6,0
0.0292969,0.478516,0.0735087,-5.93416e-05,0.996788,1,0
0.0292969,0.498047,0.00694348,6.81311e-06,0.996756,0.6,0
0.0488281,0.478516,0.0734142,-3.81583e-05,0.994761,1,0
0.0488281,0.498047,0.00691,1.19256e-05,0.994718,0.6,0
0.0683594,0.478516,0.0733437,-2.46553e-05,0.992746,1,0
0.0683594,0.498047,0.00689606,1.12951e-05,0.992707,0.6,0
0.0878906,0.478516,0.0732879,-1.78453e-05,0.99074,1,0
0.0878906,0.498047,0.00688986,9.11225e-06,0.990706,0.6,0
0.107422,0.478516,0.0732403,-1.40961e-05,0.988743,1,0
0.107422,0.498047,0.00688571,7.36208e-06,0.988714,0.6,0
0.126953,0.478516,0.0731991,-1.17163e-05,0.986753,1,0
0.126953,0.498047,0.00688235,6.13258e-06,0.986727,0.6,0
0.146484,0.478516,0.0731632,-1.00967e-05,0.984767,1,0
0.146484,0.498047,0.00687948,5.22138e-06,0.984744,0.6,0
0.166016,0.322266,0.477086,-0.000476844,0.982833,1,0
0.166016,0.341797,0.437858,-0.00043663,0.982829,1,0
0.185547,0.322266,0.477051,-0.000455071,0.980853,1,0
0.185547,0.341797,0.437811,-0.000413836,0.980849,1,0
0.166016,0.361328,0.395625,-0.000384904,0.982825,1,0
0.166016,0.380859,0.350281,-0.000323113,0.982821,1,0
0.185547,0.361328,0.395569,-0.000362016,0.980845,1,0
0.185547,0.380859,0.350217,-0.000301362,0.980841,1,0
0.205078,0.322266,0.477015,-0.000433416,0.978876,1,0
0.205078,0.341797,0.437765,-0.000391651,0.978871,1,0
0.224609,0.322266,0.476978,-0.00041217,0.9769,1,0
0.224609,0.341797,0.437718,-0.000370295,0.976896,1,0
0.205078,0.361328,0.395513,-0.000340248,0.978867,1,0
0.205078,0.380859,0.350154,-0.000281171,0.978862,1,0
0.224609,0.361328,0.395458,-0.000319706,0.976891,1,0
0.224609,0.380859,0.350094,-0.000262503,0.976886,1,0
0.166016,0.400391,0.301717,-0.000254018,0.982817,1,0
0.166016,0.419922,0.249826,-0.000181924,0.982811,1,0
0.185547,0.400391,0.301648,-0.00023483,0.980836,1,0
0.185547,0.419922,0.249758,-0.000166676,0.98083,1,0
0.166016,0.439453,0.194501,-0.000112613,0.982804,1,0
0.166016,0.458984,0.135638,-5.25637e-05,0.982796,1,0
0.185547,0.439453,0.194439,-0.00010229,0.980824,1,0
0.185547,0.458984,0.135589,-4.73968e-05,0.980816,1,0
0.205078,0.400391,0.301583,-0.000217454,0.978858,1,0
0.205078,0.419922,0.249694,-0.000153205,0.978852,1,0
0.224609,0.400391,0.301521,-0.000201714,0.976882,1,0
0.224609,0.419922,0.249633,-0.000141243,0.976876,1,0
0.205078,0.439453,0.194382,-9.33848e-05,0.978846,1,0
0.205078,0.458984,0.135545,-4.30297e-05,0.978838,1,0
0.224609,0.439453,0.194329,-8.56177e-05,0.97687,1,0
0.224609,0.458984,0.135504,-3.92783e-05,0.976863,1,0
0.244141,0.322266,0.476941,-0.00039154,0.974926,1,0
0.244141,0.341797,0.437672,-0.0003499,0.974921,1,0
0.263672,0.322266,0.476904,-0.000371664,0.972953,1,0
0.263672,0.341797,0.437627,-0.000330536,0.972949,1,0
0.244141,0.361328,0.395405,-0.000300424,0.974917,1,0
0.244141,0.380859,0.350036,-0.000245283,0.974912,1,0
0.263672,0.361328,0.395354,-0.000282389,0.972944,1,0
0.263672,0.380859,0.349981,-0.000229414,0.97294,1,0
0.283203,0.322266,0.476867,-0.000352624,0.970982,1,0
0.283203,0.341797,0.437583,-0.000312224,0.970977,1,0
0.302734,0.322266,0.476831,-0.000334463,0.969012,1,0
0.302734,0.341797,0.43754,-0.000294957,0.969007,1,0
0.283203,0.361328,0.395304,-0.000265555,0.970973,1,0
0.283203,0.380859,0.349928,-0.000214789,0.970969,1,0
0.302734,0.361328,0.395256,-0.00024986,0.969003,1,0
0.302734,0.380859,0.349878,-0.000201303,0.968999,1,0
0.244141,0.400391,0.301462,-0.000187442,0.974908,1,0
0.244141,0.419922,0.249577,-0.000130568,0.974902,1,0
0.263672,0.400391,0.301406,-0.000174475,0.972935,1,0
0.263672,0.419922,0.249525,-0.000120997,0.97293,1,0
0.244141,0.439453,0.19428,-7.87846e-05,0.974897,1,0
0.244141,0.458984,0.135467,-3.60121e-05,0.97489,1,0
0.263672,0.439453,0.194235,-7.27256e-05,0.972925,1,0
0.263672,0.458984,0.135432,-3.31417e-05,0.972919,1,0
0.283203,0.400391,0.301353,-0.000162667,0.970964,1,0
0.283203,0.419922,0.249475,-0.000112375,0.97096,1,0
0.302734,0.400391,0.301303,-0.00015189,0.968995,1,0
0.302734,0.419922,0.249429,-0.000104578,0.96899,1,0
0.283203,0.439453,0.194192,-6.7319e-05,0.970954,1,0
0.283203,0.458984,0.1354,-3.05964e-05,0.970949,1,0
0.302734,0.439453,0.194153,-6.24664e-05,0.968985,1,0
0.302734,0.458984,0.135371,-2.83258e-05,0.96898,1,0
0.166016,0.478516,0.0731313,-8.92256e-06,0.982785,1,0
0.166016,0.498047,0.00687692,4.53188e-06,0.982765,0.6,0
0.185547,0.478516,0.0731028,-8.00109e-06,0.980806,1,0
0.185547,0.498047,0.00687456,3.99719e-06,0.980788,0.6,0
0.205078,0.478516,0.073077,-7.24038e-06,0.978829,1,0
0.205078,0.498047,0.00687237,3.57241e-06,0.978813,0.6,0
0.224609,0.478516,0.0730535,-6.59137e-06,0.976855,1,0
0.224609,0.498047,0.00687034,3.22131e-06,0.97684,0.6,0
0.244141,0.478516,0.0730321,-6.03009e-06,0.974882,1,0
0.244141,0.498047,0.00686846,2.92636e-06,0.974869,0.6,0
0.263672,0.478516,0.0730124,-5.53701e-06,0.972912,1,0
0.263672,0.498047,0.00686671,2.67199e-06,0.972899,0.6,0
0.283203,0.478516,0.0729943,-5.10178e-06,0.970942,1,0
0.283203,0.498047,0.00686509,2.45165e-06,0.97093,0.6,0
0.302734,0.478516,0.0729775,-4.71356e-06,0.968974,1,0
0.302734,0.498047,0.00686358,2.25696e-06,0.968963,0.6,0
0.322266,0.00976562,0.767478,-3.48871e-05,0.967088,1,0
0.322266,0.0292969,0.765496,-9.15109e-05,0.9671,1,0
0.341797,0.00976562,0.767523,-3.40438e-05,0.96512,1,0
0.341797,0.0292969,0.76554,-8.92763e-05,0.965132,1,0
0.322266,0.0488281,0.761529,-0.000134386,0.967099,1,0
0.322266,0.0683594,0.755564,-0.000176842,0.967096,1,0
0.341797,0.0488281,0.761573,-0.000131047,0.965131,1,0
0.341797,0.0683594,0.755605,-0.000172347,0.965128,1,0
0.361328,0.00976562,0.767567,-3.31828e-05,0.963154,1,0
0.361328,0.0292969,0.765584,-8.69979e-05,0.963165,1,0
0.380859,0.00976562,0.767609,-3.23102e-05,0.961188,1,0
0.380859,0.0292969,0.765626,-8.46913e-05,0.961199,1,0
0.361328,0.0488281,0.761615,-0.000127648,0.963164,1,0
0.361328,0.0683594,0.755646,-0.000167784,0.963161,1,0
0.380859,0.0488281,0.761656,-0.000124214,0.961197,1,0
0.380859,0.0683594,0.755685,-0.00016318,0.961195,1,0
0.322266,0.0878906,0.747577,-0.000218409,0.967094,1,0
0.322266,0.107422,0.737542,-0.000257411,0.967091,1,0
0.341797,0.0878906,0.747617,-0.000212695,0.965126,1,0
0.341797,0.107422,0.737578,-0.000250436,0.965123,1,0
0.322266,0.126953,0.725421,-0.000293127,0.967088,1,0
0.322266,0.146484,0.711172,-0.00032489,0.967084,1,0
0.341797,0.126953,0.725454,-0.000284853,0.96512,1,0
0.341797,0.146484,0.7112,-0.000315285,0.965116,1,0
0.361328,0.0878906,0.747655,-0.000206909,0.963159,1,0
0.361328,0.107422,0.737614,-0.000243393,0.963156,1,0
0.380859,0.0878906,0.747692,-0.000201085,0.961192,1,0
0.380859,0.107422,0.737648,-0.000236323,0.961189,1,0
0.361328,0.126953,0.725486,-0.000276525,0.963153,1,0
0.361328,0.146484,0.711228,-0.000305654,0.963149,1,0
0.380859,0.126953,0.725516,-0.000268191,0.961186,1,0
0.380859,0.146484,0.711254,-0.000296049,0.961182,1,0
0.400391,0.00976562,0.76765,-3.14313e-05,0.959222,1,0
0.400391,0.0292969,0.765667,-8.23704e-05,0.959233,1,0
0.419922,0.00976562,0.767691,-3.05508e-05,0.957257,1,0
0.419922,0.0292969,0.765706,-8.00471e-05,0.957267,1,0
0.400391,0.0488281,0.761696,-0.000120763,0.959231,1,0
0.400391,0.0683594,0.755724,-0.000158563,0.959229,1,0
0.419922,0.0488281,0.761734,-0.000117314,0.957266,1,0
0.419922,0.0683594,0.755761,-0.000153954,0.957263,1,0
0.439453,0.00976562,0.76773,-2.96727e-05,0.955292,1,0
0.439453,0.0292969,0.765745,-7.77319e-05,0.955302,1,0
0.458984,0.00976562,0.767768,-2.88004e-05,0.953328,1,0
0.458984,0.0292969,0.765782,-7.54335e-05,0.953338,1,0
0.439453,0.0488281,0.761772,-0.00011388,0.955301,1,0
0.439453,0.0683594,0.755796,-0.000149372,0.955298,1,0
0.458984,0.0488281,0.761808,-0.000110475,0.953336,1,0
0.458984,0.0683594,0.755831,-0.000144834,0.953334,1,0
0.400391,0.0878906,0.747728,-0.000195256,0.959226,1,0
0.400391,0.107422,0.737681,-0.000229264,0.959223,1,0
0.419922,0.0878906,0.747763,-0.000189448,0.957261,1,0
0.419922,0.107422,0.737713,-0.000222247,0.957258,1,0
0.400391,0.126953,0.725545,-0.000259894,0.95922,1,0
0.400391,0.146484,0.711279,-0.000286516,0.959216,1,0
0.419922,0.126953,0.725573,-0.000251668,0.957255,1,0
0.419922,0.146484,0.711302,-0.000277094,0.957251,1,0
0.439453,0.0878906,0.747796,-0.000183684,0.955296,1,0
0.439453,0.107422,0.737743,-0.000215299,0.955293,1,0
0.458984,0.0878906,0.747829,-0.000177985,0.953331,1,0
0.458984,0.107422,0.737772,-0.000208442,0.953329,1,0
0.439453,0.126953,0.7256,-0.000243542,0.95529,1,0
0.439453,0.146484,0.711325,-0.000267816,0.955286,1,0
0.458984,0.126953,0.725626,-0.000235543,0.953326,1,0
0.458984,0.146484,0.711346,-0.000258707,0.953322,1,0
0.322266,0.166016,0.694744,-0.000351923,0.96708,1,0
0.322266,0.185547,0.676081,-0.000373425,0.967076,1,0
0.341797,0.166016,0.694767,-0.000340972,0.965112,1,0
0.341797,0.185547,0.676099,-0.00036114,0.965108,1,0
0.322266,0.205078,0.65512,-0.000388612,0.967072,1,0
0.322266,0.224609,0.63179,-0.000396745,0.967067,1,0
0.341797,0.205078,0.655131,-0.000375039,0.965104,1,0
0.341797,0.224609,0.631794,-0.000381986,0.965099,1,0
0.361328,0.166016,0.69479,-0.000330036,0.963145,1,0
0.361328,0.185547,0.676115,-0.000348928,0.963141,1,0
0.380859,0.166016,0.694811,-0.000319173,0.961178,1,0
0.380859,0.185547,0.67613,-0.00033685,0.961174,1,0
0.361328,0.205078,0.655141,-0.000361619,0.963136,1,0
0.361328,0.224609,0.631797,-0.00036748,0.963132,1,0
0.380859,0.205078,0.655149,-0.000348413,0.96117,1,0
0.380859,0.224609,0.631798,-0.000353284,0.961165,1,0
0.322266,0.244141,0.606017,-0.000397188,0.967062,1,0
0.322266,0.263672,0.577719,-0.000389477,0.967057,1,0
0.341797,0.244141,0.606013,-0.000381414,0.965094,1,0
0.341797,0.263672,0.577707,-0.000372942,0.965089,1,0
0.322266,0.283203,0.54681,-0.000373407,0.967052,1,0
0.322266,0.302734,0.5132,-0.000349122,0.967048,1,0
0.341797,0.283203,0.54679,-0.00035646,0.965084,1,0
0.341797,0.302734,0.513172,-0.000332201,0.96508,1,0
0.361328,0.244141,0.606008,-0.000366011,0.963127,1,0
0.361328,0.263672,0.577694,-0.000356912,0.963122,1,0
0.380859,0.244141,0.606002,-0.00035103,0.96116,1,0
0.380859,0.263672,0.577681,-0.000341423,0.961156,1,0
0.361328,0.283203,0.54677,-0.000340154,0.963117,1,0
0.361328,0.302734,0.513145,-0.000316051,0.963113,1,0
0.380859,0.283203,0.546749,-0.00032451,0.961151,1,0
0.380859,0.302734,0.513118,-0.000300669,0.961147,1,0
0.400391,0.166016,0.694831,-0.000308432,0.959212,1,0
0.400391,0.185547,0.676144,-0.000324958,0.959208,1,0
0.419922,0.166016,0.694849,-0.000297853,0.957247,1,0
0.419922,0.185547,0.676157,-0.000313292,0.957243,1,0
0.400391,0.205078,0.655157,-0.00033547,0.959204,1,0
0.400391,0.224609,0.631799,-0.000339444,0.959199,1,0
0.419922,0.205078,0.655164,-0.00032283,0.957239,1,0
0.419922,0.224609,0.631799,-0.000325994,0.957234,1,0
0.439453,0.166016,0.694867,-0.000287469,0.955282,1,0
0.439453,0.185547,0.676169,-0.000301884,0.955278,1,0
0.458984,0.166016,0.694883,-0.000277307,0.953318,1,0
0.458984,0.185547,0.67618,-0.00029076,0.953314,1,0
0.439453,0.205078,0.65517,-0.000310522,0.955274,1,0
0.439453,0.224609,0.631799,-0.000312957,0.95527,1,0
0.458984,0.205078,0.655175,-0.000298567,0.95331,1,0
0.458984,0.224609,0.631798,-0.000300349,0.953306,1,0
0.400391,0.244141,0.605996,-0.000336508,0.959195,1,0
0.400391,0.263672,0.577668,-0.000326501,0.95919,1,0
0.419922,0.244141,0.60599,-0.00032247,0.95723,1,0
0.419922,0.263672,0.577654,-0.000312158,0.957225,1,0
0.400391,0.283203,0.546729,-0.000309535,0.959186,1,0
0.400391,0.302734,0.513091,-0.000286041,0.959181,1,0
0.419922,0.283203,0.546709,-0.000295226,0.957221,1,0
0.419922,0.302734,0.513065,-0.000272149,0.957217,1,0
0.439453,0.244141,0.605982,-0.000308931,0.955265,1,0
0.439453,0.263672,0.57764,-0.000298398,0.955261,1,0
0.458984,0.244141,0.605975,-0.000295899,0.953302,1,0
0.458984,0.263672,0.577627,-0.000285218,0.953298,1,0
0.439453,0.283203,0.546689,-0.000281574,0.955257,1,0
0.439453,0.302734,0.513039,-0.000258969,0.955253,1,0
0.458984,0.283203,0.546669,-0.000268564,0.953294,1,0
0.458984,0.302734,0.513015,-0.000246473,0.95329,1,0
0.478516,0.00976562,0.767804,-2.79368e-05,0.951364,1,0
0.478516,0.0292969,0.765819,-7.31595e-05,0.951374,1,0
0.498047,0.00976562,0.76784,-2.70844e-05,0.949401,1,0
0.498047,0.0292969,0.765854,-7.09161e-05,0.94941,1,0
0.478516,0.0488281,0.761843,-0.000107109,0.951372,1,0
0.478516,0.0683594,0.755864,-0.000140354,0.95137,1,0
0.498047,0.0488281,0.761878,-0.000103791,0.949409,1,0
0.498047,0.0683594,0.755897,-0.000135942,0.949406,1,0
0.517578,0.00976562,0.767874,-2.62453e-05,0.947438,1,0
0.517578,0.0292969,0.765888,-6.87085e-05,0.947447,1,0
0.537109,0.00976562,0.767908,-2.54209e-05,0.945476,1,0
0.537109,0.0292969,0.765921,-6.65409e-05,0.945485,1,0
0.517578,0.0488281,0.76191,-0.000100529,0.947446,1,0
0.517578,0.0683594,0.755928,-0.000131609,0.947443,1,0
0.537109,0.0488281,0.761942,-9.73281e-05,0.945483,1,0
0.537109,0.0683594,0.755958,-0.000127361,0.945481,1,0
0.478516,0.0878906,0.74786,-0.000172367,0.951367,1,0
0.478516,0.107422,0.737801,-0.000201695,0.951365,1,0
0.498047,0.0878906,0.74789,-0.000166843,0.949404,1,0
0.498047,0.107422,0.737828,-0.000195073,0.949402,1,0
0.478516,0.126953,0.725651,-0.00022769,0.951362,1,0
0.478516,0.146484,0.711367,-0.000249787,0.951358,1,0
0.498047,0.126953,0.725674,-0.00022,0.949399,1,0
0.498047,0.146484,0.711386,-0.000241075,0.949395,1,0
0.517578,0.0878906,0.747919,-0.000161425,0.947441,1,0
0.517578,0.107422,0.737854,-0.000188589,0.947439,1,0
0.537109,0.0878906,0.747947,-0.00015612,0.945479,1,0
0.537109,0.107422,0.737879,-0.000182252,0.945476,1,0
0.517578,0.126953,0.725697,-0.000212485,0.947436,1,0
0.517578,0.146484,0.711404,-0.000232582,0.947433,1,0
0.537109,0.126953,0.725718,-0.000205155,0.945474,1,0
0.537109,0.146484,0.711422,-0.000224317,0.945471,1,0
0.556641,0.00976562,0.76794,-2.46127e-05,0.943514,1,0
0.556641,0.0292969,0.765953,-6.44166e-05,0.943523,1,0
0.576172,0.00976562,0.767972,-2.38217e-05,0.941553,1,0
0.576172,0.0292969,0.765983,-6.23382e-05,0.941561,1,0
0.556641,0.0488281,0.761973,-9.41935e-05,0.943521,1,0
0.556641,0.0683594,0.755987,-0.000123206,0.943519,1,0
0.576172,0.0488281,0.762003,-9.11287e-05,0.94156,1,0
0.576172,0.0683594,0.756016,-0.000119146,0.941558,1,0
0.595703,0.00976562,0.768002,-2.30487e-05,0.939592,1,0
0.595703,0.0292969,0.766013,-6.03078e-05,0.9396,1,0
0.615234,0.00976562,0.768031,-2.22943e-05,0.937631,1,0
0.615234,0.0292969,0.766042,-5.83268e-05,0.937639,1,0
0.595703,0.0488281,0.762032,-8.81364e-05,0.939599,1,0
0.595703,0.0683594,0.756043,-0.000115186,0.939596,1,0
0.615234,0.0488281,0.76206,-8.52187e-05,0.937638,1,0
0.615234,0.0683594,0.756069,-0.000111328,0.937636,1,0
0.556641,0.0878906,0.747974,-0.000150937,0.943517,1,0
0.556641,0.107422,0.737903,-0.00017607,0.943515,1,0
0.576172,0.0878906,0.747999,-0.00014588,0.941556,1,0
0.576172,0.107422,0.737926,-0.000170047,0.941553,1,0
0.556641,0.126953,0.725739,-0.000198018,0.943512,1,0
0.556641,0.146484,0.711438,-0.000216287,0.943509,1,0
0.576172,0.126953,0.725758,-0.000191077,0.941551,1,0
0.576172,0.146484,0.711454,-0.000208496,0.941548,1,0
0.595703,0.0878906,0.748024,-0.000140952,0.939594,1,0
0.595703,0.107422,0.737948,-0.000164187,0.939592,1,0
0.615234,0.0878906,0.748048,-0.000136157,0.937634,1,0
0.615234,0.107422,0.737969,-0.000158493,0.937632,1,0
0.595703,0.126953,0.725777,-0.000184337,0.93959,1,0
0.595703,0.146484,0.711469,-0.000200944,0.939587,1,0
0.615234,0.126953,0.725795,-0.000177797,0.937629,1,0
0.615234,0.146484,0.711483,-0.000193633,0.937627,1,0
0.478516,0.166016,0.694899,-0.000267387,0.951355,1,0
0.478516,0.185547,0.676191,-0.000279938,0.951351,1,0
0.498047,0.166016,0.694913,-0.000257725,0.949392,1,0
0.498047,0.185547,0.6762,-0.000269432,0.949388,1,0
0.478516,0.205078,0.655179,-0.00028698,0.951347,1,0
0.478516,0.224609,0.631796,-0.00028818,0.951343,1,0
0.498047,0.205078,0.655183,-0.000275772,0.949384,1,0
0.498047,0.224609,0.631794,-0.000276454,0.94938,1,0
0.517578,0.166016,0.694927,-0.000248332,0.947429,1,0
0.517578,0.185547,0.676209,-0.000259249,0.947426,1,0
0.537109,0.166016,0.69494,-0.000239216,0.945467,1,0
0.537109,0.185547,0.676217,-0.000249396,0.945464,1,0
0.517578,0.205078,0.655186,-0.000264946,0.947422,1,0
0.517578,0.224609,0.631792,-0.000265169,0.947418,1,0
0.537109,0.205078,0.655189,-0.000254504,0.94546,1,0
0.537109,0.224609,0.631789,-0.000254323,0.945457,1,0
0.478516,0.244141,0.605967,-0.000283375,0.951339,1,0
0.478516,0.263672,0.577613,-0.00027261,0.951335,1,0
0.498047,0.244141,0.605959,-0.000271356,0.949376,1,0
0.498047,0.263672,0.5776,-0.000260563,0.949373,1,0
0.478516,0.283203,0.54665,-0.000256178,0.951331,1,0
0.478516,0.302734,0.512991,-0.000234632,0.951327,1,0
0.498047,0.283203,0.546631,-0.000244394,0.949369,1,0
0.498047,0.302734,0.512967,-0.000223417,0.949366,1,0
0.517578,0.244141,0.605951,-0.000259836,0.947414,1,0
0.517578,0.263672,0.577586,-0.000249062,0.947411,1,0
0.537109,0.244141,0.605943,-0.000248802,0.945453,1,0
0.537109,0.263672,0.577573,-0.000238088,0.94545,1,0
0.517578,0.283203,0.546613,-0.000233189,0.947407,1,0
0.517578,0.302734,0.512945,-0.000212797,0.947404,1,0
0.537109,0.283203,0.546595,-0.00022254,0.945446,1,0
0.537109,0.302734,0.512923,-0.000202741,0.945443,1,0
0.556641,0.166016,0.694952,-0.000230382,0.943506,1,0
0.556641,0.185547,0.676224,-0.000239874,0.943502,1,0
0.576172,0.166016,0.694964,-0.000221831,0.941545,1,0
0.576172,0.185547,0.676231,-0.000230682,0.941541,1,0
0.556641,0.205078,0.655191,-0.000244444,0.943499,1,0
0.556641,0.224609,0.631786,-0.000243907,0.943495,1,0
0.576172,0.205078,0.655193,-0.000234761,0.941538,1,0
0.576172,0.224609,0.631783,-0.000233913,0.941535,1,0
0.595703,0.166016,0.694974,-0.000213562,0.939584,1,0
0.595703,0.185547,0.676237,-0.000221818,0.939581,1,0
0.615234,0.166016,0.694984,-0.000205575,0.937624,1,0
0.615234,0.185547,0.676243,-0.000213275,0.937621,1,0
0.595703,0.205078,0.655195,-0.000225449,0.939578,1,0
0.595703,0.224609,0.63178,-0.000224331,0.939575,1,0
0.615234,0.205078,0.655196,-0.0002165,0.937618,1,0
0.615234,0.224609,0.631776,-0.000215148,0.937615,1,0
0.556641,0.244141,0.605935,-0.000238244,0.943492,1,0
0.556641,0.263672,0.57756,-0.000227624,0.943489,1,0
0.576172,0.244141,0.605927,-0.000228146,0.941532,1,0
0.576172,0.263672,0.577547,-0.00021765,0.941528,1,0
0.556641,0.283203,0.546578,-0.000212422,0.943486,1,0
0.556641,0.302734,0.512902,-0.000193221,0.943483,1,0
0.576172,0.283203,0.546561,-0.00020281,0.941525,1,0
0.576172,0.302734,0.512881,-0.000184207,0.941523,1,0
0.595703,0.244141,0.605919,-0.000218494,0.939572,1,0
0.595703,0.263672,0.577535,-0.000208146,0.939569,1,0
0.615234,0.244141,0.605911,-0.000209271,0.937612,1,0
0.615234,0.263672,0.577522,-0.000199091,0.937609,1,0
0.595703,0.283203,0.546544,-0.00019368,0.939566,1,0
0.595703,0.302734,0.512861,-0.000175671,0.939563,1,0
0.615234,0.283203,0.546528,-0.000185007,0.937606,1,0
0.615234,0.302734,0.512842,-0.000167586,0.937604,1,0
0.322266,0.322266,0.476795,-0.000317197,0.967043,1,0
0.322266,0.341797,0.437498,-0.000278705,0.967039,1,0
0.341797,0.322266,0.476761,-0.00030082,0.965075,1,0
0.341797,0.341797,0.437458,-0.00026343,0.965071,1,0
0.322266,0.361328,0.39521,-0.000235235,0.967035,1,0
0.322266,0.380859,0.34983,-0.000188855,0.967031,1,0
0.341797,0.361328,0.395166,-0.000221609,0.965067,1,0
0.341797,0.380859,0.349785,-0.000177355,0.965063,1,0
0.361328,0.322266,0.476727,-0.000285315,0.963108,1,0
0.361328,0.341797,0.437419,-0.000249084,0.963104,1,0
0.380859,0.322266,0.476694,-0.000270655,0.961143,1,0
0.380859,0.341797,0.437382,-0.000235618,0.961139,1,0
0.361328,0.361328,0.395124,-0.000208913,0.963101,1,0
0.361328,0.380859,0.349742,-0.000166718,0.963097,1,0
0.380859,0.361328,0.395084,-0.000197078,0.961135,1,0
0.380859,0.380859,0.349701,-0.000156868,0.961131,1,0
0.322266,0.400391,0.301256,-0.000142031,0.967027,1,0
0.322266,0.419922,0.249386,-9.75011e-05,0.967022,1,0
0.341797,0.400391,0.301212,-0.000132992,0.965059,1,0
0.341797,0.419922,0.249345,-9.10563e-05,0.965055,1,0
0.322266,0.439453,0.194116,-5.80909e-05,0.967018,1,0
0.322266,0.458984,0.135344,-2.62875e-05,0.967013,1,0
0.341797,0.439453,0.194082,-5.41283e-05,0.965051,1,0
0.341797,0.458984,0.135318,-2.44503e-05,0.965046,1,0
0.361328,0.400391,0.30117,-0.000124687,0.963093,1,0
0.361328,0.419922,0.249307,-8.51697e-05,0.963089,1,0
0.380859,0.400391,0.30113,-0.000117042,0.961128,1,0
0.380859,0.419922,0.249271,-7.9779e-05,0.961124,1,0
0.361328,0.439453,0.19405,-5.05272e-05,0.963085,1,0
0.361328,0.458984,0.135294,-2.2786e-05,0.963081,1,0
0.380859,0.439453,0.19402,-4.72432e-05,0.96112,1,0
0.380859,0.458984,0.135272,-2.12743e-05,0.961116,1,0
0.400391,0.322266,0.476662,-0.000256807,0.959177,1,0
0.400391,0.341797,0.437346,-0.000222981,0.959174,1,0
0.419922,0.322266,0.476631,-0.000243736,0.957213,1,0
0.419922,0.341797,0.437311,-0.000211124,0.95721,1,0
0.400391,0.361328,0.395045,-0.000186041,0.95917,1,0
0.400391,0.380859,0.349662,-0.000147735,0.959167,1,0
0.419922,0.361328,0.395009,-0.000175743,0.957206,1,0
0.419922,0.380859,0.349625,-0.000139258,0.957203,1,0
0.439453,0.322266,0.476601,-0.000231403,0.955249,1,0
0.439453,0.341797,0.437278,-0.000199996,0.955246,1,0
0.458984,0.322266,0.476572,-0.000219769,0.953286,1,0
0.458984,0.341797,0.437246,-0.000189551,0.953283,1,0
0.439453,0.361328,0.394974,-0.000166129,0.955243,1,0
0.439453,0.380859,0.349589,-0.000131381,0.95524,1,0
0.458984,0.361328,0.39494,-0.000157146,0.95328,1,0
0.458984,0.380859,0.349556,-0.000124053,0.953277,1,0
0.400391,0.400391,0.301093,-0.000109992,0.959163,1,0
0.400391,0.419922,0.249237,-7.48301e-05,0.95916,1,0
0.419922,0.400391,0.301058,-0.000103478,0.9572,1,0
0.419922,0.419922,0.249205,-7.02772e-05,0.957197,1,0
0.400391,0.439453,0.193991,-4.42405e-05,0.959156,1,0
0.400391,0.458984,0.135251,-1.98954e-05,0.959152,1,0
0.419922,0.439453,0.193965,-4.14872e-05,0.957193,1,0
0.419922,0.458984,0.135232,-1.86352e-05,0.957189,1,0
0.439453,0.400391,0.301024,-9.7451e-05,0.955237,1,0
0.439453,0.419922,0.249175,-6.60798e-05,0.955234,1,0
0.458984,0.400391,0.300992,-9.18655e-05,0.953274,1,0
0.458984,0.419922,0.249147,-6.22032e-05,0.953271,1,0
0.439453,0.439453,0.19394,-3.89572e-05,0.95523,1,0
0.439453,0.458984,0.135213,-1.74795e-05,0.955227,1,0
0.458984,0.439453,0.193916,-3.66269e-05,0.953268,1,0
0.458984,0.458984,0.135196,-1.6418e-05,0.953265,1,0
0.322266,0.478516,0.072962,-4.36677e-06,0.967007,1,0
0.322266,0.498047,0.00686218,2.08518e-06,0.966997,0.6,0
0.341797,0.478516,0.0729476,-4.05429e-06,0.965041,1,0
0.341797,0.498047,0.00686087,1.93107e-06,0.965032,0.6,0
0.361328,0.478516,0.0729341,-3.77271e-06,0.963076,1,0
0.361328,0.498047,0.00685964,1.79345e-06,0.963067,0.6,0
0.380859,0.478516,0.0729216,-3.51699e-06,0.961112,1,0
0.380859,0.498047,0.0068585,1.66867e-06,0.961103,0.6,0
0.400391,0.478516,0.0729099,-3.28496e-06,0.959148,1,0
0.400391,0.498047,0.00685743,1.55628e-06,0.95914,0.6,0
0.419922,0.478516,0.072899,-3.07292e-06,0.957185,1,0
0.419922,0.498047,0.00685642,1.45358e-06,0.957178,0.6,0
0.439453,0.478516,0.0728887,-2.87943e-06,0.955223,1,0
0.439453,0.498047,0.00685548,1.36045e-06,0.955216,0.6,0
0.458984,0.478516,0.0728791,-2.70169e-06,0.953261,1,0
0.458984,0.498047,0.00685459,1.27482e-06,0.953255,0.6,0
0.478516,0.322266,0.476544,-0.000208798,0.951324,1,0
0.478516,0.341797,0.437215,-0.000179744,0.951321,1,0
0.498047,0.322266,0.476517,-0.00019845,0.949362,1,0
0.498047,0.341797,0.437186,-0.000170534,0.949359,1,0
0.478516,0.361328,0.394908,-0.000148748,0.951318,1,0
0.478516,0.380859,0.349524,-0.000117229,0.951315,1,0
0.498047,0.361328,0.394878,-0.000140891,0.949357,1,0
0.498047,0.380859,0.349494,-0.000110867,0.949354,1,0
0.517578,0.322266,0.476491,-0.00018869,0.947401,1,0
0.517578,0.341797,0.437157,-0.00016188,0.947398,1,0
0.537109,0.322266,0.476466,-0.000179484,0.94544,1,0
0.537109,0.341797,0.43713,-0.000153745,0.945438,1,0
0.517578,0.361328,0.394848,-0.000133535,0.947396,1,0
0.517578,0.380859,0.349465,-0.00010493,0.947393,1,0
0.537109,0.361328,0.394821,-0.000126643,0.945435,1,0
0.537109,0.380859,0.349438,-9.93843e-05,0.945433,1,0
0.478516,0.400391,0.300962,-8.66822e-05,0.951313,1,0
0.478516,0.419922,0.24912,-5.86166e-05,0.95131,1,0
0.498047,0.400391,0.300934,-8.18655e-05,0.949351,1,0
0.498047,0.419922,0.249095,-5.52931e-05,0.949349,1,0
0.478516,0.439453,0.193894,-3.44768e-05,0.951307,1,0
0.478516,0.458984,0.13518,-1.54402e-05,0.951304,1,0
0.498047,0.439453,0.193873,-3.24889e-05,0.949346,1,0
0.498047,0.458984,0.135165,-1.45383e-05,0.949343,1,0
0.517578,0.400391,0.300907,-7.73839e-05,0.947391,1,0
0.517578,0.419922,0.24907,-5.22086e-05,0.947388,1,0
0.537109,0.400391,0.300881,-7.32089e-05,0.94543,1,0
0.537109,0.419922,0.249048,-4.93422e-05,0.945428,1,0
0.517578,0.439453,0.193853,-3.06482e-05,0.947386,1,0
0.517578,0.458984,0.13515,-1.37043e-05,0.947383,1,0
0.537109,0.439453,0.193835,-2.89409e-05,0.945426,1,0
0.537109,0.458984,0.135137,-1.29324e-05,0.945423,1,0
0.556641,0.322266,0.476442,-0.000170797,0.94348,1,0
0.556641,0.341797,0.437105,-0.000146094,0.943477,1,0
0.576172,0.322266,0.476419,-0.000162598,0.94152,1,0
0.576172,0.341797,0.43708,-0.000138895,0.941518,1,0
0.556641,0.361328,0.394794,-0.000120181,0.943475,1,0
0.556641,0.380859,0.349412,-9.41993e-05,0.943473,1,0
0.576172,0.361328,0.394769,-0.000114118,0.941515,1,0
0.576172,0.380859,0.349387,-8.93469e-05,0.941513,1,0
0.595703,0.322266,0.476396,-0.000154858,0.939561,1,0
0.595703,0.341797,0.437056,-0.000132118,0.939558,1,0
0.615234,0.322266,0.476375,-0.000147548,0.937601,1,0
0.615234,0.341797,0.437033,-0.000125735,0.937599,1,0
0.595703,0.361328,0.394745,-0.000108425,0.939556,1,0
0.595703,0.380859,0.349363,-8.48016e-05,0.939554,1,0
0.615234,0.361328,0.394721,-0.000103075,0.937597,1,0
0.615234,0.380859,0.349341,-8.05401e-05,0.937595,1,0
0.556641,0.400391,0.300857,-6.93152e-05,0.943471,1,0
0.556641,0.419922,0.249026,-4.66744e-05,0.943468,1,0
0.576172,0.400391,0.300833,-6.56795e-05,0.941511,1,0
0.576172,0.419922,0.249006,-4.41887e-05,0.941509,1,0
0.556641,0.439453,0.193817,-2.73551e-05,0.943466,1,0
0.556641,0.458984,0.135124,-1.22162e-05,0.943464,1,0
0.576172,0.439453,0.1938,-2.58799e-05,0.941507,1,0
0.576172,0.458984,0.135112,-1.15512e-05,0.941504,1,0
0.595703,0.400391,0.300811,-6.22813e-05,0.939552,1,0
0.595703,0.419922,0.248986,-4.18696e-05,0.93955,1,0
0.615234,0.400391,0.30079,-5.91016e-05,0.937593,1,0
0.615234,0.419922,0.248968,-3.97035e-05,0.937592,1,0
0.595703,0.439453,0.193784,-2.45059e-05,0.939548,1,0
0.595703,0.458984,0.1351,-1.09325e-05,0.939546,1,0
0.615234,0.439453,0.193769,-2.32244e-05,0.93759,1,0
0.615234,0.458984,0.135089,-1.03563e-05,0.937587,1,0
0.478516,0.478516,0.0728701,-2.53875e-06,0.9513,1,0
0.478516,0.498047,0.00685375,1.19675e-06,0.951294,0.6,0
0.498047,0.478516,0.0728616,-2.38841e-06,0.94934,1,0
0.498047,0.498047,0.00685297,1.1246e-06,0.949334,0.6,0
0.517578,0.478516,0.0728535,-2.25002e-06,0.94738,1,0
0.517578,0.498047,0.00685222,1.05855e-06,0.947374,0.6,0
0.537109,0.478516,0.072846,-2.12186e-06,0.94542,1,0
0.537109,0.498047,0.00685152,9.97231e-07,0.945415,0.6,0
0.556641,0.478516,0.0728388,-2.00348e-06,0.943461,1,0
0.556641,0.498047,0.00685086,9.4088e-07,0.943456,0.6,0
0.576172,0.478516,0.0728321,-1.89347e-06,0.941502,1,0
0.576172,0.498047,0.00685023,8.88377e-07,0.941497,0.6,0
0.595703,0.478516,0.0728257,-1.79152e-06,0.939543,1,0
0.595703,0.498047,0.00684964,8.39967e-07,0.939539,0.6,0
0.615234,0.478516,0.0728197,-1.6965e-06,0.937585,1,0
0.615234,0.498047,0.00684907,7.94712e-07,0.937581,0.6,0
0.634766,0.00976562,0.76806,-2.15588e-05,0.935671,1,0
0.634766,0.0292969,0.76607,-5.63961e-05,0.935679,1,0
0.654297,0.00976562,0.768087,-2.08425e-05,0.933711,1,0
0.654297,0.0292969,0.766097,-5.45163e-05,0.933719,1,0
0.634766,0.0488281,0.762086,-8.23767e-05,0.935677,1,0
0.634766,0.0683594,0.756094,-0.000107573,0.935675,1,0
0.654297,0.0488281,0.762112,-7.96113e-05,0.933717,1,0
0.654297,0.0683594,0.756118,-0.000103922,0.933716,1,0
0.673828,0.00976562,0.768114,-2.01455e-05,0.931752,1,0
0.673828,0.0292969,0.766123,-5.26877e-05,0.931759,1,0
0.693359,0.00976562,0.768139,-1.94679e-05,0.929793,1,0
0.693359,0.0292969,0.766148,-5.09102e-05,0.9298,1,0
0.673828,0.0488281,0.762137,-7.69225e-05,0.931758,1,0
0.673828,0.0683594,0.756142,-0.000100375,0.931756,1,0
0.693359,0.0488281,0.762161,-7.43102e-05,0.929799,1,0
0.693359,0.0683594,0.756164,-9.69318e-05,0.929797,1,0
0.634766,0.0878906,0.748071,-0.000131495,0.935674,1,0
0.634766,0.107422,0.737989,-0.000152964,0.935672,1,0
0.654297,0.0878906,0.748094,-0.000126967,0.933714,1,0
0.654297,0.107422,0.738009,-0.000147602,0.933712,1,0
0.634766,0.126953,0.725812,-0.00017146,0.935669,1,0
0.634766,0.146484,0.711497,-0.000186561,0.935667,1,0
0.654297,0.126953,0.725829,-0.000165322,0.93371,1,0
0.654297,0.146484,0.71151,-0.000179725,0.933707,1,0
0.673828,0.0878906,0.748115,-0.000122572,0.931754,1,0
0.673828,0.107422,0.738028,-0.000142404,0.931752,1,0
0.693359,0.0878906,0.748136,-0.00011831,0.929795,1,0
0.693359,0.107422,0.738046,-0.000137369,0.929793,1,0
0.673828,0.126953,0.725844,-0.000159382,0.93175,1,0
0.673828,0.146484,0.711522,-0.000173121,0.931748,1,0
0.693359,0.126953,0.725859,-0.000153637,0.929791,1,0
0.693359,0.146484,0.711534,-0.000166745,0.929789,1,0
0.712891,0.00976562,0.768164,-1.88094e-05,0.927834,1,0
0.712891,0.0292969,0.766173,-4.91836e-05,0.927841,1,0
0.732422,0.00976562,0.768188,-1.81701e-05,0.925876,1,0
0.732422,0.0292969,0.766196,-4.75073e-05,0.925882,1,0
0.712891,0.0488281,0.762185,-7.17739e-05,0.92784,1,0
0.712891,0.0683594,0.756186,-9.35909e-05,0.927838,1,0
0.732422,0.0488281,0.762207,-6.93127e-05,0.925881,1,0
0.732422,0.0683594,0.756207,-9.03512e-05,0.925879,1,0
0.751953,0.00976562,0.768211,-1.75495e-05,0.923918,1,0
0.751953,0.0292969,0.766219,-4.58808e-05,0.923924,1,0
0.771484,0.00976562,0.768233,-1.69476e-05,0.92196,1,0
0.771484,0.0292969,0.76624,-4.43033e-05,0.921966,1,0
0.751953,0.0488281,0.762229,-6.69257e-05,0.923923,1,0
0.751953,0.0683594,0.756228,-8.72113e-05,0.923921,1,0
0.771484,0.0488281,0.76225,-6.46116e-05,0.921965,1,0
0.771484,0.0683594,0.756247,-8.41694e-05,0.921963,1,0
0.712891,0.0878906,0.748155,-0.000114179,0.927836,1,0
0.712891,0.107422,0.738063,-0.000132495,0.927835,1,0
0.732422,0.0878906,0.748174,-0.000110177,0.925878,1,0
0.732422,0.107422,0.73808,-0.000127779,0.925876,1,0
0.712891,0.126953,0.725874,-0.000148084,0.927833,1,0
0.712891,0.146484,0.711545,-0.000160591,0.927831,1,0
0.732422,0.126953,0.725887,-0.000142718,0.925874,1,0
0.732422,0.146484,0.711555,-0.000154656,0.925872,1,0
0.751953,0.0878906,0.748193,-0.000106302,0.92392,1,0
0.751953,0.107422,0.738096,-0.000123218,0.923918,1,0
0.771484,0.0878906,0.74821,-0.000102551,0.921962,1,0
0.771484,0.107422,0.738111,-0.000118808,0.92196,1,0
0.751953,0.126953,0.725901,-0.000137536,0.923916,1,0
0.751953,0.146484,0.711565,-0.000148931,0.923914,1,0
0.771484,0.126953,0.725913,-0.000132532,0.921959,1,0
0.771484,0.146484,0.711575,-0.000143412,0.921957,1,0
0.634766,0.166016,0.694994,-0.000197865,0.935664,1,0
0.634766,0.185547,0.676248,-0.00020505,0.935661,1,0
0.654297,0.166016,0.695003,-0.000190428,0.933705,1,0
0.654297,0.185547,0.676253,-0.000197133,0.933702,1,0
0.634766,0.205078,0.655196,-0.000207904,0.935658,1,0
0.634766,0.224609,0.631772,-0.000206351,0.935655,1,0
0.654297,0.205078,0.655197,-0.000199652,0.933699,1,0
0.654297,0.224609,0.631769,-0.000197927,0.933696,1,0
0.673828,0.166016,0.695011,-0.000183258,0.931745,1,0
0.673828,0.185547,0.676257,-0.000189518,0.931743,1,0
0.693359,0.166016,0.695019,-0.000176349,0.929787,1,0
0.693359,0.185547,0.676261,-0.000182195,0.929784,1,0
0.673828,0.205078,0.655197,-0.000191732,0.93174,1,0
0.673828,0.224609,0.631765,-0.000189862,0.931738,1,0
0.693359,0.205078,0.655197,-0.000184133,0.929782,1,0
0.693359,0.224609,0.631761,-0.000182142,0.929779,1,0
0.634766,0.244141,0.605903,-0.00020046,0.935653,1,0
0.634766,0.263672,0.57751,-0.000190466,0.93565,1,0
0.654297,0.244141,0.605895,-0.000192045,0.933694,1,0
0.654297,0.263672,0.577499,-0.00018225,0.933691,1,0
0.634766,0.283203,0.546513,-0.000176769,0.935647,1,0
0.634766,0.302734,0.512824,-0.000159927,0.935645,1,0
0.654297,0.283203,0.546498,-0.000168942,0.933689,1,0
0.654297,0.302734,0.512806,-0.00015267,0.933686,1,0
0.673828,0.244141,0.605887,-0.000184009,0.931735,1,0
0.673828,0.263672,0.577487,-0.000174424,0.931733,1,0
0.693359,0.244141,0.605879,-0.000176335,0.929777,1,0
0.693359,0.263672,0.577476,-0.000166968,0.929774,1,0
0.673828,0.283203,0.546483,-0.000161505,0.93173,1,0
0.673828,0.302734,0.512789,-0.000145791,0.931728,1,0
0.693359,0.283203,0.546469,-0.000154438,0.929772,1,0
0.693359,0.302734,0.512773,-0.000139268,0.92977,1,0
0.712891,0.166016,0.695027,-0.000169694,0.927828,1,0
0.712891,0.185547,0.676265,-0.000175155,0.927826,1,0
0.732422,0.166016,0.695034,-0.000163286,0.92587,1,0
0.732422,0.185547,0.676268,-0.000168389,0.925868,1,0
0.712891,0.205078,0.655197,-0.000176844,0.927824,1,0
0.712891,0.224609,0.631757,-0.000174753,0.927821,1,0
0.732422,0.205078,0.655197,-0.000169853,0.925866,1,0
0.732422,0.224609,0.631753,-0.000167682,0.925863,1,0
0.751953,0.166016,0.695041,-0.000157117,0.923912,1,0
0.751953,0.185547,0.676271,-0.000161888,0.92391,1,0
0.771484,0.166016,0.695047,-0.000151179,0.921955,1,0
0.771484,0.185547,0.676274,-0.000155642,0.921953,1,0
0.751953,0.205078,0.655196,-0.000163148,0.923908,1,0
0.751953,0.224609,0.631749,-0.000160914,0.923906,1,0
0.771484,0.205078,0.655196,-0.000156719,0.921951,1,0
0.771484,0.224609,0.631745,-0.000154437,0.921949,1,0
0.712891,0.244141,0.605872,-0.000169007,0.927819,1,0
0.712891,0.263672,0.577465,-0.000159865,0.927817,1,0
0.732422,0.244141,0.605865,-0.000162009,0.925861,1,0
0.732422,0.263672,0.577455,-0.000153096,0.925859,1,0
0.712891,0.283203,0.546455,-0.000147719,0.927815,1,0
0.712891,0.302734,0.512757,-0.000133081,0.927813,1,0
0.732422,0.283203,0.546442,-0.000141329,0.925857,1,0
0.732422,0.302734,0.512742,-0.000127209,0.925855,1,0
0.751953,0.244141,0.605857,-0.000155325,0.923904,1,0
0.751953,0.263672,0.577445,-0.000146644,0.923902,1,0
0.771484,0.244141,0.60585,-0.00014894,0.921947,1,0
0.771484,0.263672,0.577435,-0.000140493,0.921945,1,0
0.751953,0.283203,0.54643,-0.000135252,0.9239,1,0
0.751953,0.302734,0.512727,-0.000121635,0.923898,1,0
0.771484,0.283203,0.546417,-0.000129469,0.921943,1,0
0.771484,0.302734,0.512713,-0.000116341,0.921941,1,0
0.791016,0.00976562,0.768255,-1.63639e-05,0.920002,1,0
0.791016,0.0292969,0.766262,-4.27739e-05,0.920008,1,0
0.810547,0.00976562,0.768276,-1.57981e-05,0.918045,1,0
0.810547,0.0292969,0.766282,-4.12916e-05,0.91805,1,0
0.791016,0.0488281,0.76227,-6.2369e-05,0.920007,1,0
0.791016,0.0683594,0.756266,-8.12234e-05,0.920006,1,0
0.810547,0.0488281,0.76229,-6.01965e-05,0.91805,1,0
0.810547,0.0683594,0.756284,-7.83713e-05,0.918048,1,0
0.830078,0.00976562,0.768296,-1.52498e-05,0.916088,1,0
0.830078,0.0292969,0.766302,-3.98555e-05,0.916093,1,0
0.849609,0.00976562,0.768315,-1.47186e-05,0.914131,1,0
0.849609,0.0292969,0.766321,-3.84645e-05,0.914136,1,0
0.830078,0.0488281,0.762308,-5.80925e-05,0.916092,1,0
0.830078,0.0683594,0.756301,-7.56108e-05,0.916091,1,0
0.849609,0.0488281,0.762326,-5.60554e-05,0.914135,1,0
0.849609,0.0683594,0.756318,-7.29396e-05,0.914134,1,0
0.791016,0.0878906,0.748227,-9.89212e-05,0.920004,1,0
0.791016,0.107422,0.738126,-0.000114546,0.920003,1,0
0.810547,0.0878906,0.748243,-9.54103e-05,0.918047,1,0
0.810547,0.107422,0.73814,-0.000110427,0.918046,1,0
0.791016,0.126953,0.725925,-0.000127701,0.920001,1,0
0.791016,0.146484,0.711584,-0.000138093,0.919999,1,0
0.810547,0.126953,0.725937,-0.000123039,0.918044,1,0
0.810547,0.146484,0.711593,-0.000132966,0.918042,1,0
0.830078,0.0878906,0.748259,-9.2015e-05,0.91609,1,0
0.830078,0.107422,0.738153,-0.000106447,0.916088,1,0
0.849609,0.0878906,0.748274,-8.87322e-05,0.914133,1,0
0.849609,0.107422,0.738166,-0.000102604,0.914132,1,0
0.830078,0.126953,0.725948,-0.000118541,0.916087,1,0
0.830078,0.146484,0.711601,-0.000128026,0.916085,1,0
0.849609,0.126953,0.725958,-0.000114201,0.91413,1,0
0.849609,0.146484,0.711609,-0.000123266,0.914129,1,0
0.869141,0.00976562,0.768334,-1.42042e-05,0.912174,1,0
0.869141,0.0292969,0.766339,-3.71176e-05,0.912179,1,0
0.888672,0.00976562,0.768352,-1.3706e-05,0.910218,1,0
0.888672,0.0292969,0.766357,-3.58135e-05,0.910223,1,0
0.869141,0.0488281,0.762344,-5.40835e-05,0.912179,1,0
0.869141,0.0683594,0.756334,-7.03554e-05,0.912177,1,0
0.888672,0.0488281,0.762361,-5.2175e-05,0.910222,1,0
0.888672,0.0683594,0.75635,-6.78558e-05,0.910221,1,0
0.908203,0.00976562,0.768369,-1.32238e-05,0.908262,1,0
0.908203,0.0292969,0.766374,-3.45512e-05,0.908267,1,0
0.927734,0.00976562,0.768386,-1.2757e-05,0.906306,1,0
0.927734,0.0292969,0.76639,-3.33295e-05,0.90631,1,0
0.908203,0.0488281,0.762377,-5.03284e-05,0.908266,1,0
0.908203,0.0683594,0.756365,-6.54385e-05,0.908265,1,0
0.927734,0.0488281,0.762393,-4.85418e-05,0.90631,1,0
0.927734,0.0683594,0.756379,-6.3101e-05,0.906309,1,0
0.869141,0.0878906,0.748289,-8.55588e-05,0.912176,1,0
0.869141,0.107422,0.738179,-9.88919e-05,0.912175,1,0
0.888672,0.0878906,0.748303,-8.24915e-05,0.91022,1,0
0.888672,0.107422,0.738191,-9.53074e-05,0.910219,1,0
0.869141,0.126953,0.725968,-0.000110014,0.912174,1,0
0.869141,0.146484,0.711616,-0.00011868,0.912172,1,0
0.888672,0.126953,0.725978,-0.000105975,0.910217,1,0
0.888672,0.146484,0.711623,-0.000114262,0.910216,1,0
0.908203,0.0878906,0.748316,-7.95274e-05,0.908264,1,0
0.908203,0.107422,0.738202,-9.18465e-05,0.908263,1,0
0.927734,0.0878906,0.748329,-7.66631e-05,0.906308,1,0
0.927734,0.107422,0.738213,-8.85052e-05,0.906307,1,0
0.908203,0.126953,0.725987,-0.00010208,0.908261,1,0
0.908203,0.146484,0.71163,-0.000110005,0.90826,1,0
0.927734,0.126953,0.725996,-9.83231e-05,0.906306,1,0
0.927734,0.146484,0.711637,-0.000105904,0.906304,1,0
0.791016,0.166016,0.695053,-0.000145464,0.919997,1,0
0.791016,0.185547,0.676277,-0.000149642,0.919996,1,0
0.810547,0.166016,0.695058,-0.000139966,0.91804,1,0
0.810547,0.185547,0.676279,-0.000143877,0.918039,1,0
0.791016,0.205078,0.655195,-0.000150554,0.919994,1,0
0.791016,0.224609,0.631741,-0.000148237,0.919992,1,0
0.810547,0.205078,0.655194,-0.000144641,0.918037,1,0
0.810547,0.224609,0.631737,-0.000142301,0.918035,1,0
0.830078,0.166016,0.695064,-0.000134675,0.916084,1,0
0.830078,0.185547,0.676282,-0.00013834,0.916082,1,0
0.849609,0.166016,0.695069,-0.000129584,0.914127,1,0
0.849609,0.185547,0.676284,-0.00013302,0.914125,1,0
0.830078,0.205078,0.655194,-0.000138971,0.91608,1,0
0.830078,0.224609,0.631734,-0.000136619,0.916078,1,0
0.849609,0.205078,0.655193,-0.000133532,0.914124,1,0
0.849609,0.224609,0.63173,-0.000131177,0.914122,1,0
0.791016,0.244141,0.605843,-0.000142841,0.91999,1,0
0.791016,0.263672,0.577425,-0.000134628,0.919988,1,0
0.810547,0.244141,0.605837,-0.000137012,0.918033,1,0
0.810547,0.263672,0.577416,-0.000129033,0.918031,1,0
0.791016,0.283203,0.546405,-0.000123965,0.919986,1,0
0.791016,0.302734,0.512699,-0.00011131,0.919985,1,0
0.810547,0.283203,0.546394,-0.000118723,0.91803,1,0
0.810547,0.302734,0.512686,-0.000106527,0.918028,1,0
0.830078,0.244141,0.60583,-0.000131441,0.916077,1,0
0.830078,0.263672,0.577407,-0.000123694,0.916075,1,0
0.849609,0.244141,0.605824,-0.000126115,0.91412,1,0
0.849609,0.263672,0.577398,-0.000118598,0.914119,1,0
0.830078,0.283203,0.546383,-0.00011373,0.916073,1,0
0.830078,0.302734,0.512673,-0.000101978,0.916072,1,0
0.849609,0.283203,0.546372,-0.000108971,0.914117,1,0
0.849609,0.302734,0.512661,-9.76488e-05,0.914116,1,0
0.869141,0.166016,0.695073,-0.000124687,0.912171,1,0
0.869141,0.185547,0.676285,-0.000127909,0.912169,1,0
0.888672,0.166016,0.695078,-0.000119975,0.910215,1,0
0.888672,0.185547,0.676287,-0.000122999,0.910213,1,0
0.869141,0.205078,0.655192,-0.000128314,0.912167,1,0
0.869141,0.224609,0.631726,-0.000125966,0.912166,1,0
0.888672,0.205078,0.655191,-0.000123309,0.910212,1,0
0.888672,0.224609,0.631723,-0.000120973,0.91021,1,0
0.908203,0.166016,0.695082,-0.00011544,0.908259,1,0
0.908203,0.185547,0.676289,-0.00011828,0.908257,1,0
0.927734,0.166016,0.695086,-0.000111078,0.906303,1,0
0.927734,0.185547,0.67629,-0.000113746,0.906302,1,0
0.908203,0.205078,0.65519,-0.000118506,0.908256,1,0
0.908203,0.224609,0.631719,-0.000116189,0.908254,1,0
0.927734,0.205078,0.655189,-0.000113897,0.9063,1,0
0.927734,0.224609,0.631716,-0.000111604,0.906299,1,0
0.869141,0.244141,0.605818,-0.000121021,0.912164,1,0
0.869141,0.263672,0.57739,-0.000113733,0.912163,1,0
0.888672,0.244141,0.605812,-0.00011615,0.910209,1,0
0.888672,0.263672,0.577382,-0.000109086,0.910207,1,0
0.869141,0.283203,0.546362,-0.000104434,0.912162,1,0
0.869141,0.302734,0.512649,-9.35274e-05,0.91216,1,0
0.888672,0.283203,0.546352,-0.000100106,0.910206,1,0
0.888672,0.302734,0.512638,-8.96015e-05,0.910205,1,0
0.908203,0.244141,0.605806,-0.000111488,0.908253,1,0
0.908203,0.263672,0.577374,-0.000104645,0.908252,1,0
0.927734,0.244141,0.6058,-0.000107026,0.906297,1,0
0.927734,0.263672,0.577366,-0.000100401,0.906296,1,0
0.908203,0.283203,0.546342,-9.59769e-05,0.90825,1,0
0.908203,0.302734,0.512627,-8.586e-05,0.908249,1,0
0.927734,0.283203,0.546333,-9.20348e-05,0.906295,1,0
0.927734,0.302734,0.512617,-8.22925e-05,0.906294,1,0
0.634766,0.322266,0.476355,-0.00014064,0.935643,1,0
0.634766,0.341797,0.437012,-0.000119718,0.935641,1,0
0.654297,0.322266,0.476335,-0.000134111,0.933684,1,0
0.654297,0.341797,0.436991,-0.000114044,0.933682,1,0
0.634766,0.361328,0.394699,-9.80447e-05,0.935639,1,0
0.634766,0.380859,0.349319,-7.65411e-05,0.935637,1,0
0.654297,0.361328,0.394678,-9.3311e-05,0.93368,1,0
0.654297,0.380859,0.349299,-7.27852e-05,0.933679,1,0
0.673828,0.322266,0.476316,-0.000127937,0.931726,1,0
0.673828,0.341797,0.436971,-0.000108689,0.931724,1,0
0.693359,0.322266,0.476298,-0.000122095,0.929768,1,0
0.693359,0.341797,0.436952,-0.000103634,0.929767,1,0
0.673828,0.361328,0.394658,-8.8853e-05,0.931723,1,0
0.673828,0.380859,0.349279,-6.92545e-05,0.931721,1,0
0.693359,0.361328,0.394639,-8.46516e-05,0.929765,1,0
0.693359,0.380859,0.349261,-6.59328e-05,0.929763,1,0
0.634766,0.400391,0.300771,-5.61233e-05,0.935635,1,0
0.634766,0.419922,0.24895,-3.76778e-05,0.935633,1,0
0.654297,0.400391,0.300752,-5.33309e-05,0.933677,1,0
0.654297,0.419922,0.248934,-3.57816e-05,0.933675,1,0
0.634766,0.439453,0.193755,-2.20278e-05,0.935631,1,0
0.634766,0.458984,0.135079,-9.81867e-06,0.935629,1,0
0.654297,0.439453,0.193742,-2.09089e-05,0.933674,1,0
0.654297,0.458984,0.135069,-9.31676e-06,0.933672,1,0
0.673828,0.400391,0.300733,-5.07103e-05,0.931719,1,0
0.673828,0.419922,0.248918,-3.40044e-05,0.931718,1,0
0.693359,0.400391,0.300716,-4.82484e-05,0.929762,1,0
0.693359,0.419922,0.248903,-3.23371e-05,0.92976,1,0
0.673828,0.439453,0.193729,-1.98617e-05,0.931716,1,0
0.673828,0.458984,0.13506,-8.84726e-06,0.931714,1,0
0.693359,0.439453,0.193716,-1.88802e-05,0.929759,1,0
0.693359,0.458984,0.135051,-8.40786e-06,0.929757,1,0
0.712891,0.322266,0.47628,-0.000116565,0.927811,1,0
0.712891,0.341797,0.436933,-9.8857e-05,0.927809,1,0
0.732422,0.322266,0.476264,-0.000111327,0.925854,1,0
0.732422,0.341797,0.436916,-9.43412e-05,0.925852,1,0
0.712891,0.361328,0.39462,-8.06891e-05,0.927808,1,0
0.712891,0.380859,0.349243,-6.28049e-05,0.927806,1,0
0.732422,0.361328,0.394603,-7.69492e-05,0.92585,1,0
0.732422,0.380859,0.349226,-5.98572e-05,0.925849,1,0
0.751953,0.322266,0.476248,-0.000106364,0.923897,1,0
0.751953,0.341797,0.436899,-9.00691e-05,0.923895,1,0
0.771484,0.322266,0.476232,-0.000101657,0.92194,1,0
0.771484,0.341797,0.436883,-8.60251e-05,0.921938,1,0
0.751953,0.361328,0.394586,-7.34167e-05,0.923894,1,0
0.751953,0.380859,0.34921,-5.70769e-05,0.923892,1,0
0.771484,0.361328,0.39457,-7.00777e-05,0.921937,1,0
0.771484,0.380859,0.349194,-5.44523e-05,0.921936,1,0
0.712891,0.400391,0.3007,-4.59336e-05,0.927805,1,0
0.712891,0.419922,0.248889,-3.07713e-05,0.927803,1,0
0.732422,0.400391,0.300684,-4.37549e-05,0.925848,1,0
0.732422,0.419922,0.248875,-2.92994e-05,0.925846,1,0
0.712891,0.439453,0.193705,-1.79596e-05,0.927802,1,0
0.712891,0.458984,0.135043,-7.99586e-06,0.9278,1,0
0.732422,0.439453,0.193694,-1.70949e-05,0.925845,1,0
0.732422,0.458984,0.135035,-7.60937e-06,0.925843,1,0
0.751953,0.400391,0.300669,-4.17025e-05,0.923891,1,0
0.751953,0.419922,0.248862,-2.79142e-05,0.92389,1,0
0.771484,0.400391,0.300655,-3.97673e-05,0.921935,1,0
0.771484,0.419922,0.24885,-2.66095e-05,0.921933,1,0
0.751953,0.439453,0.193683,-1.6282e-05,0.923888,1,0
0.751953,0.458984,0.135027,-7.24616e-06,0.923887,1,0
0.771484,0.439453,0.193673,-1.55169e-05,0.921932,1,0
0.771484,0.458984,0.13502,-6.90468e-06,0.92193,1,0
0.634766,0.478516,0.072814,-1.60819e-06,0.935627,1,0
0.634766,0.498047,0.00684854,7.5286e-07,0.935623,0.6,0
0.654297,0.478516,0.0728085,-1.52565e-06,0.93367,1,0
0.654297,0.498047,0.00684803,7.13616e-07,0.933666,0.6,0
0.673828,0.478516,0.0728034,-1.44872e-06,0.931712,1,0
0.673828,0.498047,0.00684755,6.77224e-07,0.931709,0.6,0
0.693359,0.478516,0.0727985,-1.37662e-06,0.929755,1,0
0.693359,0.498047,0.00684709,6.43002e-07,0.929752,0.6,0
0.712891,0.478516,0.0727938,-1.30926e-06,0.927798,1,0
0.712891,0.498047,0.00684665,6.11187e-07,0.927795,0.6,0
0.732422,0.478516,0.0727894,-1.24597e-06,0.925842,1,0
0.732422,0.498047,0.00684624,5.81189e-07,0.925839,0.6,0
0.751953,0.478516,0.0727852,-1.18669e-06,0.923885,1,0
0.751953,0.498047,0.00684584,5.53234e-07,0.923882,0.6,0
0.771484,0.478516,0.0727812,-1.13086e-06,0.921929,1,0
0.771484,0.498047,0.00684546,5.26808e-07,0.921926,0.6,0
0.791016,0.322266,0.476217,-9.7193e-05,0.919983,1,0
0.791016,0.341797,0.436867,-8.21945e-05,0.919982,1,0
0.810547,0.322266,0.476203,-9.29552e-05,0.918027,1,0
0.810547,0.341797,0.436853,-7.85637e-05,0.918026,1,0
0.791016,0.361328,0.394554,-6.69192e-05,0.919981,1,0
0.791016,0.380859,0.349179,-5.19727e-05,0.919979,1,0
0.810547,0.361328,0.39454,-6.39294e-05,0.918024,1,0
0.810547,0.380859,0.349165,-4.96283e-05,0.918023,1,0
0.830078,0.322266,0.476189,-8.89305e-05,0.916071,1,0
0.830078,0.341797,0.436838,-7.512e-05,0.91607,1,0
0.849609,0.322266,0.476176,-8.51058e-05,0.914115,1,0
0.849609,0.341797,0.436825,-7.18517e-05,0.914114,1,0
0.830078,0.361328,0.394525,-6.10972e-05,0.916068,1,0
0.830078,0.380859,0.349152,-4.74098e-05,0.916067,1,0
0.849609,0.361328,0.394512,-5.84123e-05,0.914113,1,0
0.849609,0.380859,0.349139,-4.53089e-05,0.914112,1,0
0.791016,0.400391,0.300641,-3.79411e-05,0.919978,1,0
0.791016,0.419922,0.248838,-2.53794e-05,0.919977,1,0
0.810547,0.400391,0.300628,-3.62161e-05,0.918022,1,0
0.810547,0.419922,0.248826,-2.42185e-05,0.918021,1,0
0.791016,0.439453,0.193663,-1.47962e-05,0.919976,1,0
0.791016,0.458984,0.135013,-6.58308e-06,0.919974,1,0
0.810547,0.439453,0.193654,-1.41165e-05,0.91802,1,0
0.810547,0.458984,0.135006,-6.28007e-06,0.918018,1,0
0.830078,0.400391,0.300616,-3.45854e-05,0.916066,1,0
0.830078,0.419922,0.248816,-2.31219e-05,0.916065,1,0
0.849609,0.400391,0.300604,-3.30425e-05,0.914111,1,0
0.849609,0.419922,0.248805,-2.20852e-05,0.914109,1,0
0.830078,0.439453,0.193646,-1.34749e-05,0.916064,1,0
0.830078,0.458984,0.135,-5.99412e-06,0.916063,1,0
0.849609,0.439453,0.193637,-1.28687e-05,0.914108,1,0
0.849609,0.458984,0.134994,-5.72414e-06,0.914107,1,0
0.869141,0.322266,0.476163,-8.14691e-05,0.912159,1,0
0.869141,0.341797,0.436812,-6.87478e-05,0.912158,1,0
0.888672,0.322266,0.476151,-7.80094e-05,0.910204,1,0
0.888672,0.341797,0.436799,-6.57982e-05,0.910202,1,0
0.869141,0.361328,0.394499,-5.58652e-05,0.912157,1,0
0.869141,0.380859,0.349126,-4.33178e-05,0.912156,1,0
0.888672,0.361328,0.394486,-5.34473e-05,0.910202,1,0
0.888672,0.380859,0.349114,-4.14293e-05,0.910201,1,0
0.908203,0.322266,0.47614,-7.4716e-05,0.908248,1,0
0.908203,0.341797,0.436787,-6.29935e-05,0.908247,1,0
0.927734,0.322266,0.476128,-7.15793e-05,0.906293,1,0
0.927734,0.341797,0.436776,-6.03249e-05,0.906292,1,0
0.908203,0.361328,0.394474,-5.11503e-05,0.908246,1,0
0.908203,0.380859,0.349103,-3.96368e-05,0.908245,1,0
0.927734,0.361328,0.394463,-4.89667e-05,0.906291,1,0
0.927734,0.380859,0.349092,-3.79341e-05,0.90629,1,0
0.869141,0.400391,0.300593,-3.15814e-05,0.912155,1,0
0.869141,0.419922,0.248795,-2.11042e-05,0.912154,1,0
0.888672,0.400391,0.300582,-3.01967e-05,0.9102,1,0
0.888672,0.419922,0.248786,-2.0175e-05,0.910199,1,0
0.869141,0.439453,0.193629,-1.22954e-05,0.912153,1,0
0.869141,0.458984,0.134988,-5.46886e-06,0.912152,1,0
0.888672,0.439453,0.193622,-1.17527e-05,0.910198,1,0
0.888672,0.458984,0.134983,-5.22737e-06,0.910197,1,0
0.908203,0.400391,0.300572,-2.88834e-05,0.908244,1,0
0.908203,0.419922,0.248777,-1.92943e-05,0.908244,1,0
0.927734,0.400391,0.300562,-2.76367e-05,0.906289,1,0
0.927734,0.419922,0.248768,-1.84587e-05,0.906289,1,0
0.908203,0.439453,0.193614,-1.12385e-05,0.908243,1,0
0.908203,0.458984,0.134978,-4.99859e-06,0.908242,1,0
0.927734,0.439453,0.193607,-1.07509e-05,0.906288,1,0
0.927734,0.458984,0.134973,-4.78177e-06,0.906287,1,0
0.791016,0.478516,0.0727774,-1.07844e-06,0.919973,1,0
0.791016,0.498047,0.0068451,5.02127e-07,0.91997,0.6,0
0.810547,0.478516,0.0727737,-1.02896e-06,0.918017,1,0
0.810547,0.498047,0.00684476,4.78739e-07,0.918015,0.6,0
0.830078,0.478516,0.0727702,-9.82402e-07,0.916061,1,0
0.830078,0.498047,0.00684443,4.56848e-07,0.916059,0.6,0
0.849609,0.478516,0.0727669,-9.3836e-07,0.914106,1,0
0.849609,0.498047,0.00684411,4.36055e-07,0.914104,0.6,0
0.869141,0.478516,0.0727637,-8.96823e-07,0.912151,1,0
0.869141,0.498047,0.00684381,4.16554e-07,0.912148,0.6,0
0.888672,0.478516,0.0727607,-8.57453e-07,0.910195,1,0
0.888672,0.498047,0.00684353,3.97991e-07,0.910193,0.6,0
0.908203,0.478516,0.0727578,-8.20245e-07,0.90824,1,0
0.908203,0.498047,0.00684325,3.80547e-07,0.908238,0.6,0
0.927734,0.478516,0.072755,-7.8491e-07,0.906286,1,0
0.927734,0.498047,0.00684299,3.63908e-07,0.906284,0.6,0
0.947266,0.00976562,0.768402,-1.23053e-05,0.90435,1,0
0.947266,0.0292969,0.766406,-3.21474e-05,0.904355,1,0
0.966797,0.00976562,0.768418,-1.18681e-05,0.902395,1,0
0.966797,0.0292969,0.766421,-3.10036e-05,0.902399,1,0
0.947266,0.0488281,0.762408,-4.68135e-05,0.904354,1,0
0.947266,0.0683594,0.756393,-6.08411e-05,0.904353,1,0
0.966797,0.0488281,0.762422,-4.51419e-05,0.902398,1,0
0.966797,0.0683594,0.756407,-5.86562e-05,0.902397,1,0
0.986328,0.00976562,0.768433,-1.14452e-05,0.900439,1,0
0.986328,0.0292969,0.766436,-2.98972e-05,0.900443,1,0
1.00586,0.00976562,0.768447,-1.1036e-05,0.898484,1,0
1.00586,0.0292969,0.76645,-2.88269e-05,0.898488,1,0
0.986328,0.0488281,0.762436,-4.35253e-05,0.900443,1,0
0.986328,0.0683594,0.75642,-5.65443e-05,0.900442,1,0
1.00586,0.0488281,0.76245,-4.19621e-05,0.898487,1,0
1.00586,0.0683594,0.756432,-5.45029e-05,0.898487,1,0
0.947266,0.0878906,0.748341,-7.38957e-05,0.904352,1,0
0.947266,0.107422,0.738224,-8.52795e-05,0.904351,1,0
0.966797,0.0878906,0.748353,-7.12221e-05,0.902396,1,0
0.966797,0.107422,0.738234,-8.21655e-05,0.902395,1,0
0.947266,0.126953,0.726005,-9.46997e-05,0.90435,1,0
0.947266,0.146484,0.711643,-0.000101954,0.904349,1,0
0.966797,0.126953,0.726013,-9.12052e-05,0.902394,1,0
0.966797,0.146484,0.711649,-9.81473e-05,0.902393,1,0
0.986328,0.0878906,0.748365,-6.86392e-05,0.900441,1,0
0.986328,0.107422,0.738244,-7.91597e-05,0.90044,1,0
1.00586,0.0878906,0.748376,-6.61442e-05,0.898486,1,0
1.00586,0.107422,0.738253,-7.62582e-05,0.898485,1,0
0.986328,0.126953,0.726021,-8.78348e-05,0.900439,1,0
0.986328,0.146484,0.711655,-9.44799e-05,0.900438,1,0
1.00586,0.126953,0.726028,-8.45843e-05,0.898484,1,0
1.00586,0.146484,0.71166,-9.09463e-05,0.898483,1,0
1.02539,0.00976562,0.768461,-1.06403e-05,0.896529,1,0
1.02539,0.0292969,0.766464,-2.77918e-05,0.896533,1,0
1.04492,0.00976562,0.768475,-1.02575e-05,0.894574,1,0
1.04492,0.0292969,0.766477,-2.67907e-05,0.894578,1,0
1.02539,0.0488281,0.762463,-4.04505e-05,0.896532,1,0
1.02539,0.0683594,0.756444,-5.25299e-05,0.896531,1,0
1.04492,0.0488281,0.762475,-3.89891e-05,0.894577,1,0
1.04492,0.0683594,0.756456,-5.06232e-05,0.894576,1,0
1.06445,0.00976562,0.768488,-9.88727e-06,0.892619,1,0
1.06445,0.0292969,0.76649,-2.58226e-05,0.892623,1,0
1.08398,0.00976562,0.7685,-9.52927e-06,0.890665,1,0
1.08398,0.0292969,0.766502,-2.48865e-05,0.890668,1,0
1.06445,0.0488281,0.762487,-3.75762e-05,0.892622,1,0
1.06445,0.0683594,0.756467,-4.87805e-05,0.892622,1,0
1.08398,0.0488281,0.762499,-3.62104e-05,0.890668,1,0
1.08398,0.0683594,0.756477,-4.69999e-05,0.890667,1,0
1.02539,0.0878906,0.748387,-6.37342e-05,0.896531,1,0
1.02539,0.107422,0.738262,-7.34575e-05,0.89653,1,0
1.04492,0.0878906,0.748397,-6.14063e-05,0.894576,1,0
1.04492,0.107422,0.738271,-7.07541e-05,0.894575,1,0
1.02539,0.126953,0.726035,-8.14493e-05,0.896529,1,0
1.02539,0.146484,0.711665,-8.75414e-05,0.896528,1,0
1.04492,0.126953,0.726042,-7.84257e-05,0.894574,1,0
1.04492,0.146484,0.71167,-8.42604e-05,0.894573,1,0
1.06445,0.0878906,0.748407,-5.91579e-05,0.892621,1,0
1.06445,0.107422,0.738279,-6.81448e-05,0.89262,1,0
1.08398,0.0878906,0.748416,-5.69864e-05,0.890666,1,0
1.08398,0.107422,0.738287,-6.56261e-05,0.890666,1,0
1.06445,0.126953,0.726049,-7.55094e-05,0.892619,1,0
1.06445,0.146484,0.711675,-8.10984e-05,0.892618,1,0
1.08398,0.126953,0.726055,-7.26966e-05,0.890665,1,0
1.08398,0.146484,0.711679,-7.8051e-05,0.890664,1,0
0.947266,0.166016,0.69509,-0.000106879,0.904347,1,0
0.947266,0.185547,0.676292,-0.000109388,0.904346,1,0
0.966797,0.166016,0.695094,-0.000102839,0.902392,1,0
0.966797,0.185547,0.676293,-0.000105199,0.902391,1,0
0.947266,0.205078,0.655188,-0.000109472,0.904345,1,0
0.947266,0.224609,0.631712,-0.000107209,0.904343,1,0
0.966797,0.205078,0.655187,-0.000105225,0.902389,1,0
0.966797,0.224609,0.631709,-0.000102995,0.902388,1,0
0.986328,0.166016,0.695097,-9.89507e-05,0.900437,1,0
0.986328,0.185547,0.676294,-0.000101172,0.900436,1,0
1.00586,0.166016,0.6951,-9.52078e-05,0.898482,1,0
1.00586,0.185547,0.676295,-9.72999e-05,0.89848,1,0
0.986328,0.205078,0.655185,-0.000101146,0.900434,1,0
0.986328,0.224609,0.631706,-9.89525e-05,0.900433,1,0
1.00586,0.205078,0.655184,-9.72288e-05,0.898479,1,0
1.00586,0.224609,0.631702,-9.50749e-05,0.898478,1,0
0.947266,0.244141,0.605795,-0.000102755,0.904342,1,0
0.947266,0.263672,0.577359,-9.63422e-05,0.904341,1,0
0.966797,0.244141,0.605789,-9.86639e-05,0.902387,1,0
0.966797,0.263672,0.577352,-9.24601e-05,0.902386,1,0
0.947266,0.283203,0.546324,-8.82698e-05,0.90434,1,0
0.947266,0.302734,0.512607,-7.88892e-05,0.904339,1,0
0.966797,0.283203,0.546316,-8.46726e-05,0.902385,1,0
0.966797,0.302734,0.512597,-7.5641e-05,0.902384,1,0
0.986328,0.244141,0.605784,-9.4745e-05,0.900432,1,0
0.986328,0.263672,0.577345,-8.87453e-05,0.900431,1,0
1.00586,0.244141,0.605779,-9.09895e-05,0.898477,1,0
1.00586,0.263672,0.577338,-8.51893e-05,0.898476,1,0
0.986328,0.283203,0.546308,-8.12342e-05,0.90043,1,0
0.986328,0.302734,0.512588,-7.25393e-05,0.900429,1,0
1.00586,0.283203,0.5463,-7.79462e-05,0.898475,1,0
1.00586,0.302734,0.512579,-6.95761e-05,0.898474,1,0
1.02539,0.166016,0.695103,-9.16049e-05,0.896527,1,0
1.02539,0.185547,0.676296,-9.35765e-05,0.896526,1,0
1.04492,0.166016,0.695106,-8.81363e-05,0.894572,1,0
1.04492,0.185547,0.676297,-8.99955e-05,0.894571,1,0
1.02539,0.205078,0.655183,-9.34659e-05,0.896525,1,0
1.02539,0.224609,0.631699,-9.1354e-05,0.896523,1,0
1.04492,0.205078,0.655182,-8.98505e-05,0.89457,1,0
1.04492,0.224609,0.631696,-8.77826e-05,0.894569,1,0
1.06445,0.166016,0.695109,-8.47966e-05,0.892617,1,0
1.06445,0.185547,0.676298,-8.65508e-05,0.892616,1,0
1.08398,0.166016,0.695112,-8.15807e-05,0.890663,1,0
1.08398,0.185547,0.676299,-8.32369e-05,0.890662,1,0
1.06445,0.205078,0.655181,-8.63762e-05,0.892615,1,0
1.06445,0.224609,0.631693,-8.43539e-05,0.892614,1,0
1.08398,0.205078,0.65518,-8.30368e-05,0.890661,1,0
1.08398,0.224609,0.631691,-8.10613e-05,0.89066,1,0
1.02539,0.244141,0.605774,-8.73897e-05,0.896522,1,0
1.02539,0.263672,0.577332,-8.17841e-05,0.896521,1,0
1.04492,0.244141,0.605769,-8.39381e-05,0.894568,1,0
1.04492,0.263672,0.577325,-7.85222e-05,0.894567,1,0
1.02539,0.283203,0.546292,-7.48007e-05,0.896521,1,0
1.02539,0.302734,0.51257,-6.6744e-05,0.89652,1,0
1.04492,0.283203,0.546285,-7.17903e-05,0.894566,1,0
1.04492,0.302734,0.512562,-6.40358e-05,0.894565,1,0
1.06445,0.244141,0.605765,-8.06274e-05,0.892613,1,0
1.06445,0.263672,0.57732,-7.53965e-05,0.892613,1,0
1.08398,0.244141,0.60576,-7.74512e-05,0.890659,1,0
1.08398,0.263672,0.577314,-7.24003e-05,0.890658,1,0
1.06445,0.283203,0.546277,-6.89081e-05,0.892612,1,0
1.06445,0.302734,0.512554,-6.14451e-05,0.892611,1,0
1.08398,0.283203,0.546271,-6.61476e-05,0.890657,1,0
1.08398,0.302734,0.512547,-5.89656e-05,0.890657,1,0
1.10352,0.00976562,0.768512,-9.18311e-06,0.88871,1,0
1.10352,0.0292969,0.766514,-2.39815e-05,0.888714,1,0
1.12305,0.00976562,0.768524,-8.84841e-06,0.886756,1,0
1.12305,0.0292969,0.766525,-2.31065e-05,0.886759,1,0
1.10352,0.0488281,0.76251,-3.48901e-05,0.888713,1,0
1.10352,0.0683594,0.756488,-4.52794e-05,0.888712,1,0
1.12305,0.0488281,0.762521,-3.3614e-05,0.886759,1,0
1.12305,0.0683594,0.756498,-4.36169e-05,0.886758,1,0
1.14258,0.00976562,0.768535,-8.52483e-06,0.884802,1,0
1.14258,0.0292969,0.766536,-2.22607e-05,0.884805,1,0
1.16211,0.00976562,0.768546,-8.21201e-06,0.882848,1,0
1.16211,0.0292969,0.766546,-2.14431e-05,0.882851,1,0
1.14258,0.0488281,0.762531,-3.23807e-05,0.884804,1,0
1.14258,0.0683594,0.756507,-4.20107e-05,0.884804,1,0
1.16211,0.0488281,0.762541,-3.11887e-05,0.88285,1,0
1.16211,0.0683594,0.756516,-4.04589e-05,0.882849,1,0
1.10352,0.0878906,0.748425,-5.48891e-05,0.888712,1,0
1.10352,0.107422,0.738295,-6.31951e-05,0.888711,1,0
1.12305,0.0878906,0.748434,-5.28636e-05,0.886757,1,0
1.12305,0.107422,0.738302,-6.08486e-05,0.886757,1,0
1.10352,0.126953,0.726061,-6.99834e-05,0.88871,1,0
1.10352,0.146484,0.711684,-7.51139e-05,0.888709,1,0
1.12305,0.126953,0.726067,-6.73663e-05,0.886756,1,0
1.12305,0.146484,0.711688,-7.22829e-05,0.886755,1,0
1.14258,0.0878906,0.748442,-5.09074e-05,0.884803,1,0
1.14258,0.107422,0.738309,-5.85838e-05,0.884802,1,0
1.16211,0.0878906,0.748451,-4.90184e-05,0.882849,1,0
1.16211,0.107422,0.738316,-5.63977e-05,0.882848,1,0
1.14258,0.126953,0.726073,-6.48419e-05,0.884802,1,0
1.14258,0.146484,0.711692,-6.9554e-05,0.884801,1,0
1.16211,0.126953,0.726078,-6.24067e-05,0.882848,1,0
1.16211,0.146484,0.711696,-6.69233e-05,0.882847,1,0
1.18164,0.00976562,0.768556,-7.90963e-06,0.880894,1,0
1.18164,0.0292969,0.766557,-2.06528e-05,0.880896,1,0
1.20117,0.00976562,0.768567,-7.61735e-06,0.87894,1,0
1.20117,0.0292969,0.766566,-1.98889e-05,0.878942,1,0
1.18164,0.0488281,0.762551,-3.00368e-05,0.880896,1,0
1.18164,0.0683594,0.756525,-3.89597e-05,0.880895,1,0
1.20117,0.0488281,0.76256,-2.89236e-05,0.878942,1,0
1.20117,0.0683594,0.756534,-3.75114e-05,0.878941,1,0
1.2207,0.00976562,0.768576,-7.33486e-06,0.876986,1,0
1.2207,0.0292969,0.766576,-1.91507e-05,0.876989,1,0
1.24023,0.00976562,0.768585,-7.06185e-06,0.875032,1,0
1.24023,0.0292969,0.766585,-1.84373e-05,0.875035,1,0
1.2207,0.0488281,0.762569,-2.78481e-05,0.876988,1,0
1.2207,0.0683594,0.756542,-3.61124e-05,0.876988,1,0
1.24023,0.0488281,0.762578,-2.68088e-05,0.875034,1,0
1.24023,0.0683594,0.75655,-3.4761e-05,0.875034,1,0
1.18164,0.0878906,0.748458,-4.71941e-05,0.880895,1,0
1.18164,0.107422,0.738323,-5.42876e-05,0.880894,1,0
1.20117,0.0878906,0.748466,-4.54324e-05,0.878941,1,0
1.20117,0.107422,0.738329,-5.2251e-05,0.87894,1,0
1.18164,0.126953,0.726083,-6.00575e-05,0.880894,1,0
1.18164,0.146484,0.711699,-6.43872e-05,0.880893,1,0
1.20117,0.126953,0.726088,-5.77913e-05,0.87894,1,0
1.20117,0.146484,0.711703,-6.19421e-05,0.878939,1,0
1.2207,0.0878906,0.748473,-4.37313e-05,0.876987,1,0
1.2207,0.107422,0.738335,-5.02851e-05,0.876987,1,0
1.24023,0.0878906,0.74848,-4.20887e-05,0.875033,1,0
1.24023,0.107422,0.738341,-4.83878e-05,0.875033,1,0
1.2207,0.126953,0.726093,-5.56051e-05,0.876986,1,0
1.2207,0.146484,0.711706,-5.95847e-05,0.876985,1,0
1.24023,0.126953,0.726098,-5.3496e-05,0.875032,1,0
1.24023,0.146484,0.711709,-5.73116e-05,0.875032,1,0
1.10352,0.166016,0.695114,-7.84837e-05,0.888708,1,0
1.10352,0.185547,0.676299,-8.00482e-05,0.888708,1,0
1.12305,0.166016,0.695117,-7.55009e-05,0.886754,1,0
1.12305,0.185547,0.6763,-7.69796e-05,0.886753,1,0
1.10352,0.205078,0.655179,-7.98264e-05,0.888707,1,0
1.10352,0.224609,0.631688,-7.78988e-05,0.888706,1,0
1.12305,0.205078,0.655178,-7.67395e-05,0.886752,1,0
1.12305,0.224609,0.631685,-7.48605e-05,0.886752,1,0
1.14258,0.166016,0.695119,-7.26279e-05,0.8848,1,0
1.14258,0.185547,0.6763,-7.40261e-05,0.884799,1,0
1.16211,0.166016,0.695121,-6.98602e-05,0.882846,1,0
1.16211,0.185547,0.676301,-7.11832e-05,0.882845,1,0
1.14258,0.205078,0.655177,-7.37709e-05,0.884798,1,0
1.14258,0.224609,0.631683,-7.19408e-05,0.884798,1,0
1.16211,0.205078,0.655176,-7.09154e-05,0.882844,1,0
1.16211,0.224609,0.63168,-6.91346e-05,0.882844,1,0
1.10352,0.244141,0.605756,-7.4403e-05,0.888705,1,0
1.10352,0.263672,0.577308,-6.95273e-05,0.888704,1,0
1.12305,0.244141,0.605752,-7.14768e-05,0.886751,1,0
1.12305,0.263672,0.577303,-6.67715e-05,0.88675,1,0
1.10352,0.283203,0.546264,-6.35026e-05,0.888703,1,0
1.10352,0.302734,0.512539,-5.65916e-05,0.888703,1,0
1.12305,0.283203,0.546258,-6.09674e-05,0.886749,1,0
1.12305,0.302734,0.512532,-5.43178e-05,0.886749,1,0
1.14258,0.244141,0.605748,-6.86672e-05,0.884797,1,0
1.14258,0.263672,0.577298,-6.41273e-05,0.884796,1,0
1.16211,0.244141,0.605744,-6.59687e-05,0.882843,1,0
1.16211,0.263672,0.577293,-6.15896e-05,0.882842,1,0
1.14258,0.283203,0.546252,-5.85367e-05,0.884795,1,0
1.14258,0.302734,0.512525,-5.2139e-05,0.884795,1,0
1.16211,0.283203,0.546246,-5.62053e-05,0.882842,1,0
1.16211,0.302734,0.512519,-5.00504e-05,0.882841,1,0
1.18164,0.166016,0.695123,-6.71938e-05,0.880892,1,0
1.18164,0.185547,0.676302,-6.84462e-05,0.880891,1,0
1.20117,0.166016,0.695125,-6.46248e-05,0.878938,1,0
1.20117,0.185547,0.676302,-6.58109e-05,0.878938,1,0
1.18164,0.205078,0.655175,-6.81684e-05,0.880891,1,0
1.18164,0.224609,0.631678,-6.64369e-05,0.88089,1,0
1.20117,0.205078,0.655174,-6.55252e-05,0.878937,1,0
1.20117,0.224609,0.631675,-6.38429e-05,0.878936,1,0
1.2207,0.166016,0.695127,-6.21494e-05,0.876985,1,0
1.2207,0.185547,0.676302,-6.32732e-05,0.876984,1,0
1.24023,0.166016,0.695129,-5.9764e-05,0.875031,1,0
1.24023,0.185547,0.676303,-6.08293e-05,0.87503,1,0
1.2207,0.205078,0.655173,-6.29816e-05,0.876983,1,0
1.2207,0.224609,0.631673,-6.13482e-05,0.876983,1,0
1.24023,0.205078,0.655172,-6.05335e-05,0.87503,1,0
1.24023,0.224609,0.631671,-5.89487e-05,0.875029,1,0
1.18164,0.244141,0.605741,-6.33763e-05,0.880889,1,0
1.18164,0.263672,0.577288,-5.91532e-05,0.880889,1,0
1.20117,0.244141,0.605737,-6.08853e-05,0.878935,1,0
1.20117,0.263672,0.577283,-5.68136e-05,0.878935,1,0
1.18164,0.283203,0.54624,-5.39684e-05,0.880888,1,0
1.18164,0.302734,0.512513,-4.80478e-05,0.880887,1,0
1.20117,0.283203,0.546235,-5.18216e-05,0.878934,1,0
1.20117,0.302734,0.512506,-4.61267e-05,0.878934,1,0
1.2207,0.244141,0.605734,-5.84911e-05,0.876982,1,0
1.2207,0.263672,0.577279,-5.45663e-05,0.876981,1,0
1.24023,0.244141,0.60573,-5.61895e-05,0.875028,1,0
1.24023,0.263672,0.577275,-5.24071e-05,0.875028,1,0
1.2207,0.283203,0.546229,-4.97606e-05,0.876981,1,0
1.2207,0.302734,0.512501,-4.42835e-05,0.87698,1,0
1.24023,0.283203,0.546224,-4.77815e-05,0.875027,1,0
1.24023,0.302734,0.512495,-4.25143e-05,0.875027,1,0
0.947266,0.322266,0.476118,-6.859e-05,0.904338,1,0
0.947266,0.341797,0.436765,-5.77842e-05,0.904337,1,0
0.966797,0.322266,0.476107,-6.57398e-05,0.902383,1,0
0.966797,0.341797,0.436754,-5.53638e-05,0.902382,1,0
0.947266,0.361328,0.394452,-4.68896e-05,0.904336,1,0
0.947266,0.380859,0.349082,-3.63157e-05,0.904335,1,0
0.966797,0.361328,0.394442,-4.49124e-05,0.902381,1,0
0.966797,0.380859,0.349072,-3.47762e-05,0.90238,1,0
0.986328,0.322266,0.476097,-6.30208e-05,0.900428,1,0
0.986328,0.341797,0.436744,-5.30568e-05,0.900427,1,0
1.00586,0.322266,0.476088,-6.04254e-05,0.898473,1,0
1.00586,0.341797,0.436734,-5.08564e-05,0.898473,1,0
0.986328,0.361328,0.394432,-4.30292e-05,0.900427,1,0
0.986328,0.380859,0.349062,-3.33107e-05,0.900426,1,0
1.00586,0.361328,0.394422,-4.12343e-05,0.898472,1,0
1.00586,0.380859,0.349053,-3.19149e-05,0.898471,1,0
0.947266,0.400391,0.300552,-2.64524e-05,0.904334,1,0
0.947266,0.419922,0.24876,-1.76654e-05,0.904334,1,0
0.966797,0.400391,0.300543,-2.53265e-05,0.90238,1,0
0.966797,0.419922,0.248752,-1.69116e-05,0.902379,1,0
0.947266,0.439453,0.193601,-1.02882e-05,0.904333,1,0
0.947266,0.458984,0.134968,-4.57601e-06,0.904332,1,0
0.966797,0.439453,0.193594,-9.84864e-06,0.902378,1,0
0.966797,0.458984,0.134963,-4.38065e-06,0.902377,1,0
0.986328,0.400391,0.300534,-2.42554e-05,0.900425,1,0
0.986328,0.419922,0.248745,-1.61947e-05,0.900424,1,0
1.00586,0.400391,0.300526,-2.32357e-05,0.898471,1,0
1.00586,0.419922,0.248737,-1.55125e-05,0.89847,1,0
0.986328,0.439453,0.193588,-9.43082e-06,0.900423,1,0
0.986328,0.458984,0.134959,-4.19493e-06,0.900423,1,0
1.00586,0.439453,0.193582,-9.03328e-06,0.898469,1,0
1.00586,0.458984,0.134955,-4.01832e-06,0.898468,1,0
1.02539,0.322266,0.476079,-5.79468e-05,0.896519,1,0
1.02539,0.341797,0.436725,-4.87567e-05,0.896518,1,0
1.04492,0.322266,0.47607,-5.55787e-05,0.894565,1,0
1.04492,0.341797,0.436716,-4.67518e-05,0.894564,1,0
1.02539,0.361328,0.394413,-3.95227e-05,0.896517,1,0
1.02539,0.380859,0.349044,-3.05846e-05,0.896517,1,0
1.04492,0.361328,0.394404,-3.78893e-05,0.894563,1,0
1.04492,0.380859,0.349036,-2.93158e-05,0.894563,1,0
1.06445,0.322266,0.476061,-5.33148e-05,0.89261,1,0
1.06445,0.341797,0.436707,-4.48366e-05,0.89261,1,0
1.08398,0.322266,0.476053,-5.11497e-05,0.890656,1,0
1.08398,0.341797,0.436699,-4.3006e-05,0.890655,1,0
1.06445,0.361328,0.394395,-3.63299e-05,0.892609,1,0
1.06445,0.380859,0.349028,-2.8105e-05,0.892608,1,0
1.08398,0.361328,0.394387,-3.48402e-05,0.890655,1,0
1.08398,0.380859,0.34902,-2.69488e-05,0.890654,1,0
1.02539,0.400391,0.300518,-2.22643e-05,0.896516,1,0
1.02539,0.419922,0.24873,-1.48628e-05,0.896515,1,0
1.04492,0.400391,0.30051,-2.13382e-05,0.894562,1,0
1.04492,0.419922,0.248724,-1.42437e-05,0.894561,1,0
1.02539,0.439453,0.193577,-8.65483e-06,0.896515,1,0
1.02539,0.458984,0.13495,-3.85016e-06,0.896514,1,0
1.04492,0.439453,0.193571,-8.29422e-06,0.894561,1,0
1.04492,0.458984,0.134947,-3.69001e-06,0.89456,1,0
1.06445,0.400391,0.300503,-2.04548e-05,0.892608,1,0
1.06445,0.419922,0.248717,-1.36533e-05,0.892607,1,0
1.08398,0.400391,0.300496,-1.96115e-05,0.890654,1,0
1.08398,0.419922,0.248711,-1.30899e-05,0.890653,1,0
1.06445,0.439453,0.193566,-7.95044e-06,0.892606,1,0
1.06445,0.458984,0.134943,-3.5373e-06,0.892606,1,0
1.08398,0.439453,0.193561,-7.62242e-06,0.890652,1,0
1.08398,0.458984,0.134939,-3.39164e-06,0.890652,1,0
0.947266,0.478516,0.0727524,-7.5145e-07,0.904331,1,0
0.947266,0.498047,0.00684274,3.48243e-07,0.904329,0.6,0
0.966797,0.478516,0.0727498,-7.19615e-07,0.902376,1,0
0.966797,0.498047,0.00684249,3.33271e-07,0.902375,0.6,0
0.986328,0.478516,0.0727474,-6.8941e-07,0.900422,1,0
0.986328,0.498047,0.00684226,3.19154e-07,0.90042,0.6,0
1.00586,0.478516,0.0727451,-6.6062e-07,0.898467,1,0
1.00586,0.498047,0.00684204,3.0564e-07,0.898466,0.6,0
1.02539,0.478516,0.0727429,-6.33261e-07,0.896513,1,0
1.02539,0.498047,0.00684183,2.92877e-07,0.896512,0.6,0
1.04492,0.478516,0.0727407,-6.07151e-07,0.894559,1,0
1.04492,0.498047,0.00684162,2.8063e-07,0.894558,0.6,0
1.06445,0.478516,0.0727387,-5.82304e-07,0.892605,1,0
1.06445,0.498047,0.00684142,2.69041e-07,0.892604,0.6,0
1.08398,0.478516,0.0727367,-5.58556e-07,0.890651,1,0
1.08398,0.498047,0.00684124,2.57907e-07,0.89065,0.6,0
1.10352,0.322266,0.476045,-4.90781e-05,0.888702,1,0
1.10352,0.341797,0.436691,-4.12555e-05,0.888701,1,0
1.12305,0.322266,0.476038,-4.70951e-05,0.886748,1,0
1.12305,0.341797,0.436683,-3.95807e-05,0.886747,1,0
1.10352,0.361328,0.394379,-3.34164e-05,0.888701,1,0
1.10352,0.380859,0.349012,-2.58442e-05,0.8887,1,0
1.12305,0.361328,0.394372,-3.20548e-05,0.886747,1,0
1.12305,0.380859,0.349005,-2.47883e-05,0.886746,1,0
1.14258,0.322266,0.476031,-4.5196e-05,0.884794,1,0
1.14258,0.341797,0.436676,-3.79776e-05,0.884794,1,0
1.16211,0.322266,0.476024,-4.33767e-05,0.88284,1,0
1.16211,0.341797,0.436668,-3.64426e-05,0.88284,1,0
1.14258,0.361328,0.394364,-3.07521e-05,0.884793,1,0
1.14258,0.380859,0.348998,-2.37785e-05,0.884793,1,0
1.16211,0.361328,0.394357,-2.95052e-05,0.882839,1,0
1.16211,0.380859,0.348992,-2.28121e-05,0.882839,1,0
1.10352,0.400391,0.300489,-1.88062e-05,0.8887,1,0
1.10352,0.419922,0.248705,-1.25519e-05,0.888699,1,0
1.12305,0.400391,0.300482,-1.80365e-05,0.886746,1,0
1.12305,0.419922,0.2487,-1.2038e-05,0.886745,1,0
1.10352,0.439453,0.193556,-7.3093e-06,0.888699,1,0
1.10352,0.458984,0.134936,-3.25258e-06,0.888698,1,0
1.12305,0.439453,0.193552,-7.01015e-06,0.886745,1,0
1.12305,0.458984,0.134933,-3.11975e-06,0.886744,1,0
1.14258,0.400391,0.300476,-1.73007e-05,0.884792,1,0
1.14258,0.419922,0.248694,-1.15466e-05,0.884792,1,0
1.16211,0.400391,0.30047,-1.65967e-05,0.882838,1,0
1.16211,0.419922,0.248689,-1.10767e-05,0.882838,1,0
1.14258,0.439453,0.193547,-6.72424e-06,0.884791,1,0
1.14258,0.458984,0.13493,-2.99279e-06,0.88479,1,0
1.16211,0.439453,0.193543,-6.45077e-06,0.882837,1,0
1.16211,0.458984,0.134927,-2.87137e-06,0.882837,1,0
1.18164,0.322266,0.476017,-4.1633e-05,0.880887,1,0
1.18164,0.341797,0.436662,-3.49721e-05,0.880886,1,0
1.20117,0.322266,0.476011,-3.99612e-05,0.878933,1,0
1.20117,0.341797,0.436655,-3.35627e-05,0.878933,1,0
1.18164,0.361328,0.394351,-2.83111e-05,0.880886,1,0
1.18164,0.380859,0.348985,-2.1887e-05,0.880885,1,0
1.20117,0.361328,0.394344,-2.71671e-05,0.878932,1,0
1.20117,0.380859,0.348979,-2.1001e-05,0.878932,1,0
1.2207,0.322266,0.476005,-3.83577e-05,0.87698,1,0
1.2207,0.341797,0.436649,-3.22116e-05,0.876979,1,0
1.24023,0.322266,0.475999,-3.68194e-05,0.875026,1,0
1.24023,0.341797,0.436643,-3.09157e-05,0.875026,1,0
1.2207,0.361328,0.394338,-2.60707e-05,0.876979,1,0
1.2207,0.380859,0.348974,-2.0152e-05,0.876978,1,0
1.24023,0.361328,0.394332,-2.50194e-05,0.875025,1,0
1.24023,0.380859,0.348968,-1.93382e-05,0.875025,1,0
1.18164,0.400391,0.300464,-1.59229e-05,0.880885,1,0
1.18164,0.419922,0.248684,-1.06269e-05,0.880884,1,0
1.20117,0.400391,0.300459,-1.52777e-05,0.878931,1,0
1.20117,0.419922,0.248679,-1.01963e-05,0.878931,1,0
1.18164,0.439453,0.193539,-6.18912e-06,0.880884,1,0
1.18164,0.458984,0.134924,-2.75518e-06,0.880883,1,0
1.20117,0.439453,0.193535,-5.9386e-06,0.87893,1,0
1.20117,0.458984,0.134921,-2.64394e-06,0.87893,1,0
1.2207,0.400391,0.300454,-1.46596e-05,0.876978,1,0
1.2207,0.419922,0.248675,-9.78386e-06,0.876978,1,0
1.24023,0.400391,0.300449,-1.40672e-05,0.875025,1,0
1.24023,0.419922,0.24867,-9.38861e-06,0.875024,1,0
1.2207,0.439453,0.193532,-5.69866e-06,0.876977,1,0
1.2207,0.458984,0.134918,-2.53739e-06,0.876977,1,0
1.24023,0.439453,0.193528,-5.46871e-06,0.875024,1,0
1.24023,0.458984,0.134916,-2.43528e-06,0.875023,1,0
1.10352,0.478516,0.0727348,-5.35919e-07,0.888697,1,0
1.10352,0.498047,0.00684106,2.4736e-07,0.888696,0.6,0
1.12305,0.478516,0.072733,-5.14253e-07,0.886743,1,0
1.12305,0.498047,0.00684088,2.37212e-07,0.886742,0.6,0
1.14258,0.478516,0.0727313,-4.93572e-07,0.88479,1,0
1.14258,0.498047,0.00684072,2.27589e-07,0.884789,0.6,0
1.16211,0.478516,0.0727296,-4.73755e-07,0.882836,1,0
1.16211,0.498047,0.00684056,2.18316e-07,0.882835,0.6,0
1.18164,0.478516,0.072728,-4.54814e-07,0.880883,1,0
1.18164,0.498047,0.0068404,2.09514e-07,0.880882,0.6,0
1.20117,0.478516,0.0727265,-4.36645e-07,0.878929,1,0
1.20117,0.498047,0.00684025,2.01023e-07,0.878928,0.6,0
1.2207,0.478516,0.072725,-4.19261e-07,0.876976,1,0
1.2207,0.498047,0.00684011,1.92953e-07,0.876975,0.6,0
1.24023,0.478516,0.0727236,-4.02569e-07,0.875023,1,0
1.24023,0.498047,0.00683998,1.8516e-07,0.875022,0.6,0
1.25977,0.00976562,0.768594,-6.79802e-06,0.873079,1,0
1.25977,0.0292969,0.766594,-1.7748e-05,0.873081,1,0
1.2793,0.00976562,0.768603,-6.54308e-06,0.871125,1,0
1.2793,0.0292969,0.766602,-1.70819e-05,0.871128,1,0
1.25977,0.0488281,0.762586,-2.58047e-05,0.873081,1,0
1.25977,0.0683594,0.756557,-3.34556e-05,0.87308,1,0
1.2793,0.0488281,0.762594,-2.48347e-05,0.871127,1,0
1.2793,0.0683594,0.756564,-3.21948e-05,0.871127,1,0
1.29883,0.00976562,0.768611,-6.29675e-06,0.869172,1,0
1.29883,0.0292969,0.76661,-1.64384e-05,0.869174,1,0
1.31836,0.00976562,0.768619,-6.05876e-06,0.867219,1,0
1.31836,0.0292969,0.766618,-1.58166e-05,0.867221,1,0
1.29883,0.0488281,0.762601,-2.38976e-05,0.869174,1,0
1.29883,0.0683594,0.756571,-3.09771e-05,0.869173,1,0
1.31836,0.0488281,0.762609,-2.29924e-05,0.86722,1,0
1.31836,0.0683594,0.756578,-2.98012e-05,0.86722,1,0
1.25977,0.0878906,0.748487,-4.05026e-05,0.87308,1,0
1.25977,0.107422,0.738346,-4.65564e-05,0.873079,1,0
1.2793,0.0878906,0.748493,-3.89711e-05,0.871126,1,0
1.2793,0.107422,0.738352,-4.47888e-05,0.871126,1,0
1.25977,0.126953,0.726102,-5.14613e-05,0.873079,1,0
1.25977,0.146484,0.711713,-5.51199e-05,0.873078,1,0
1.2793,0.126953,0.726106,-4.94983e-05,0.871125,1,0
1.2793,0.146484,0.711715,-5.30064e-05,0.871125,1,0
1.29883,0.0878906,0.748499,-3.74924e-05,0.869173,1,0
1.29883,0.107422,0.738357,-4.30828e-05,0.869172,1,0
1.31836,0.0878906,0.748505,-3.60648e-05,0.867219,1,0
1.31836,0.107422,0.738362,-4.14363e-05,0.867219,1,0
1.29883,0.126953,0.72611,-4.76045e-05,0.869172,1,0
1.29883,0.146484,0.711718,-5.09684e-05,0.869171,1,0
1.31836,0.126953,0.726114,-4.57774e-05,0.867218,1,0
1.31836,0.146484,0.711721,-4.90031e-05,0.867218,1,0
1.33789,0.00976562,0.768627,-5.82884e-06,0.865265,1,0
1.33789,0.0292969,0.766625,-1.5216e-05,0.865267,1,0
1.35742,0.00976562,0.768634,-5.60674e-06,0.863312,1,0
1.35742,0.0292969,0.766633,-1.46359e-05,0.863314,1,0
1.33789,0.0488281,0.762616,-2.21181e-05,0.865267,1,0
1.33789,0.0683594,0.756585,-2.86655e-05,0.865267,1,0
1.35742,0.0488281,0.762623,-2.12737e-05,0.863314,1,0
1.35742,0.0683594,0.756591,-2.75689e-05,0.863313,1,0
1.37695,0.00976562,0.768641,-5.39221e-06,0.861359,1,0
1.37695,0.0292969,0.766639,-1.40755e-05,0.861361,1,0
1.39648,0.00976562,0.768648,-5.18501e-06,0.859406,1,0
1.39648,0.0292969,0.766646,-1.35343e-05,0.859408,1,0
1.37695,0.0488281,0.762629,-2.04582e-05,0.861361,1,0
1.37695,0.0683594,0.756597,-2.651e-05,0.86136,1,0
1.39648,0.0488281,0.762636,-1.96706e-05,0.859408,1,0
1.39648,0.0683594,0.756603,-2.54876e-05,0.859407,1,0
1.33789,0.0878906,0.748511,-3.46865e-05,0.865266,1,0
1.33789,0.107422,0.738367,-3.98472e-05,0.865266,1,0
1.35742,0.0878906,0.748516,-3.3356e-05,0.863313,1,0
1.35742,0.107422,0.738371,-3.83136e-05,0.863313,1,0
1.33789,0.126953,0.726118,-4.40147e-05,0.865265,1,0
1.33789,0.146484,0.711724,-4.71078e-05,0.865265,1,0
1.35742,0.126953,0.726121,-4.23142e-05,0.863312,1,0
1.35742,0.146484,0.711726,-4.52802e-05,0.863312,1,0
1.37695,0.0878906,0.748521,-3.20715e-05,0.86136,1,0
1.37695,0.107422,0.738375,-3.68335e-05,0.861359,1,0
1.39648,0.0878906,0.748526,-3.08316e-05,0.859407,1,0
1.39648,0.107422,0.73838,-3.54053e-05,0.859406,1,0
1.37695,0.126953,0.726125,-4.06737e-05,0.861359,1,0
1.37695,0.146484,0.711728,-4.35176e-05,0.861358,1,0
1.39648,0.126953,0.726128,-3.90911e-05,0.859406,1,0
1.39648,0.146484,0.711731,-4.18179e-05,0.859405,1,0
1.25977,0.166016,0.695131,-5.74652e-05,0.873077,1,0
1.25977,0.185547,0.676303,-5.84755e-05,0.873077,1,0
1.2793,0.166016,0.695132,-5.52496e-05,0.871124,1,0
1.2793,0.185547,0.676304,-5.62081e-05,0.871123,1,0
1.25977,0.205078,0.655171,-5.81769e-05,0.873076,1,0
1.25977,0.224609,0.631669,-5.66402e-05,0.873076,1,0
1.2793,0.205078,0.65517,-5.59082e-05,0.871123,1,0
1.2793,0.224609,0.631667,-5.4419e-05,0.871122,1,0
1.29883,0.166016,0.695134,-5.31142e-05,0.869171,1,0
1.29883,0.185547,0.676304,-5.40239e-05,0.86917,1,0
1.31836,0.166016,0.695135,-5.1056e-05,0.867217,1,0
1.31836,0.185547,0.676304,-5.19197e-05,0.867217,1,0
1.29883,0.205078,0.655169,-5.37238e-05,0.86917,1,0
1.29883,0.224609,0.631665,-5.22814e-05,0.869169,1,0
1.31836,0.205078,0.655168,-5.16204e-05,0.867216,1,0
1.31836,0.224609,0.631663,-5.02241e-05,0.867216,1,0
1.25977,0.244141,0.605727,-5.39766e-05,0.873075,1,0
1.25977,0.263672,0.57727,-5.03321e-05,0.873074,1,0
1.2793,0.244141,0.605724,-5.18484e-05,0.871122,1,0
1.2793,0.263672,0.577266,-4.83376e-05,0.871121,1,0
1.25977,0.283203,0.546219,-4.58805e-05,0.873074,1,0
1.25977,0.302734,0.51249,-4.08156e-05,0.873073,1,0
1.2793,0.283203,0.546215,-4.40542e-05,0.871121,1,0
1.2793,0.302734,0.512485,-3.91843e-05,0.87112,1,0
1.29883,0.244141,0.605721,-4.98014e-05,0.869168,1,0
1.29883,0.263672,0.577263,-4.64202e-05,0.869168,1,0
1.31836,0.244141,0.605718,-4.78322e-05,0.867215,1,0
1.31836,0.263672,0.577259,-4.45763e-05,0.867215,1,0
1.29883,0.283203,0.54621,-4.2299e-05,0.869167,1,0
1.29883,0.302734,0.51248,-3.76173e-05,0.869167,1,0
1.31836,0.283203,0.546206,-4.0612e-05,0.867214,1,0
1.31836,0.302734,0.512475,-3.61116e-05,0.867214,1,0
1.33789,0.166016,0.695137,-4.9072e-05,0.865264,1,0
1.33789,0.185547,0.676304,-4.98923e-05,0.865264,1,0
1.35742,0.166016,0.695138,-4.71596e-05,0.863311,1,0
1.35742,0.185547,0.676305,-4.79389e-05,0.863311,1,0
1.33789,0.205078,0.655167,-4.95949e-05,0.865263,1,0
1.33789,0.224609,0.631661,-4.82439e-05,0.865263,1,0
1.35742,0.205078,0.655166,-4.7644e-05,0.86331,1,0
1.35742,0.224609,0.631659,-4.63375e-05,0.86331,1,0
1.37695,0.166016,0.695139,-4.5316e-05,0.861358,1,0
1.37695,0.185547,0.676305,-4.60566e-05,0.861358,1,0
1.39648,0.166016,0.695141,-4.35389e-05,0.859405,1,0
1.39648,0.185547,0.676305,-4.42428e-05,0.859405,1,0
1.37695,0.205078,0.655166,-4.5765e-05,0.861357,1,0
1.37695,0.224609,0.631657,-4.4502e-05,0.861357,1,0
1.39648,0.205078,0.655165,-4.39551e-05,0.859404,1,0
1.39648,0.224609,0.631656,-4.27347e-05,0.859404,1,0
1.33789,0.244141,0.605715,-4.59376e-05,0.865262,1,0
1.33789,0.263672,0.577255,-4.28031e-05,0.865262,1,0
1.35742,0.244141,0.605713,-4.41143e-05,0.863309,1,0
1.35742,0.263672,0.577252,-4.10973e-05,0.863309,1,0
1.33789,0.283203,0.546202,-3.89902e-05,0.865261,1,0
1.33789,0.302734,0.51247,-3.46646e-05,0.865261,1,0
1.35742,0.283203,0.546198,-3.74307e-05,0.863308,1,0
1.35742,0.302734,0.512466,-3.32736e-05,0.863308,1,0
1.37695,0.244141,0.60571,-4.23597e-05,0.861356,1,0
1.37695,0.263672,0.577249,-3.94563e-05,0.861356,1,0
1.39648,0.244141,0.605708,-4.06708e-05,0.859403,1,0
1.39648,0.263672,0.577246,-3.78774e-05,0.859403,1,0
1.37695,0.283203,0.546194,-3.59308e-05,0.861355,1,0
1.37695,0.302734,0.512462,-3.19363e-05,0.861355,1,0
1.39648,0.283203,0.54619,-3.44882e-05,0.859402,1,0
1.39648,0.302734,0.512457,-3.06504e-05,0.859402,1,0
1.41602,0.00976562,0.768655,-4.9849e-06,0.857453,1,0
1.41602,0.0292969,0.766653,-1.30117e-05,0.857455,1,0
1.43555,0.00976562,0.768661,-4.79167e-06,0.8555,1,0
1.43555,0.0292969,0.766659,-1.2507e-05,0.855502,1,0
1.41602,0.0488281,0.762642,-1.89101e-05,0.857455,1,0
1.41602,0.0683594,0.756608,-2.45006e-05,0.857454,1,0
1.43555,0.0488281,0.762647,-1.81759e-05,0.855502,1,0
1.43555,0.0683594,0.756613,-2.35477e-05,0.855501,1,0
1.45508,0.00976562,0.768667,-4.60508e-06,0.853547,1,0
1.45508,0.0292969,0.766665,-1.20198e-05,0.853549,1,0
1.47461,0.00976562,0.768673,-4.42494e-06,0.851595,1,0
1.47461,0.0292969,0.76667,-1.15493e-05,0.851596,1,0
1.45508,0.0488281,0.762653,-1.7467e-05,0.853549,1,0
1.45508,0.0683594,0.756619,-2.26279e-05,0.853548,1,0
1.47461,0.0488281,0.762658,-1.67827e-05,0.851596,1,0
1.47461,0.0683594,0.756623,-2.17401e-05,0.851595,1,0
1.41602,0.0878906,0.748531,-2.96349e-05,0.857454,1,0
1.41602,0.107422,0.738384,-3.40271e-05,0.857453,1,0
1.43555,0.0878906,0.748536,-2.84798e-05,0.855501,1,0
1.43555,0.107422,0.738388,-3.26972e-05,0.8555,1,0
1.41602,0.126953,0.726131,-3.75644e-05,0.857453,1,0
1.41602,0.146484,0.711733,-4.01787e-05,0.857453,1,0
1.43555,0.126953,0.726134,-3.60917e-05,0.8555,1,0
1.43555,0.146484,0.711735,-3.85981e-05,0.8555,1,0
1.45508,0.0878906,0.74854,-2.7365e-05,0.853548,1,0
1.45508,0.107422,0.738391,-3.1414e-05,0.853548,1,0
1.47461,0.0878906,0.748545,-2.62892e-05,0.851595,1,0
1.47461,0.107422,0.738395,-3.0176e-05,0.851595,1,0
1.45508,0.126953,0.726137,-3.4671e-05,0.853547,1,0
1.45508,0.146484,0.711737,-3.70738e-05,0.853547,1,0
1.47461,0.126953,0.72614,-3.33008e-05,0.851594,1,0
1.47461,0.146484,0.711739,-3.56039e-05,0.851594,1,0
1.49414,0.00976562,0.768679,-4.25104e-06,0.849642,1,0
1.49414,0.0292969,0.766676,-1.10952e-05,0.849643,1,0
1.51367,0.00976562,0.768684,-4.08317e-06,0.847689,1,0
1.51367,0.0292969,0.766681,-1.06569e-05,0.847691,1,0
1.49414,0.0488281,0.762663,-1.61222e-05,0.849643,1,0
1.49414,0.0683594,0.756628,-2.08832e-05,0.849643,1,0
1.51367,0.0488281,0.762668,-1.54846e-05,0.84769,1,0
1.51367,0.0683594,0.756633,-2.00563e-05,0.84769,1,0
1.5332,0.00976562,0.768689,-3.92115e-06,0.845737,1,0
1.5332,0.0292969,0.766686,-1.02338e-05,0.845738,1,0
1.55273,0.00976562,0.768694,-3.76479e-06,0.843784,1,0
1.55273,0.0292969,0.766691,-9.82551e-06,0.843785,1,0
1.5332,0.0488281,0.762673,-1.48694e-05,0.845738,1,0
1.5332,0.0683594,0.756637,-1.92584e-05,0.845737,1,0
1.55273,0.0488281,0.762678,-1.42756e-05,0.843785,1,0
1.55273,0.0683594,0.756641,-1.84885e-05,0.843785,1,0
1.49414,0.0878906,0.748549,-2.5251e-05,0.849642,1,0
1.49414,0.107422,0.738398,-2.89816e-05,0.849642,1,0
1.51367,0.0878906,0.748553,-2.42493e-05,0.84769,1,0
1.51367,0.107422,0.738402,-2.78293e-05,0.847689,1,0
1.49414,0.126953,0.726142,-3.19791e-05,0.849642,1,0
1.49414,0.146484,0.711741,-3.41866e-05,0.849641,1,0
1.51367,0.126953,0.726145,-3.07044e-05,0.847689,1,0
1.51367,0.146484,0.711742,-3.282e-05,0.847689,1,0
1.5332,0.0878906,0.748557,-2.32829e-05,0.845737,1,0
1.5332,0.107422,0.738405,-2.67178e-05,0.845737,1,0
1.55273,0.0878906,0.74856,-2.23506e-05,0.843785,1,0
1.55273,0.107422,0.738408,-2.56458e-05,0.843784,1,0
1.5332,0.126953,0.726147,-2.9475e-05,0.845737,1,0
1.5332,0.146484,0.711744,-3.15023e-05,0.845736,1,0
1.55273,0.126953,0.72615,-2.82895e-05,0.843784,1,0
1.55273,0.146484,0.711746,-3.02319e-05,0.843784,1,0
1.41602,0.166016,0.695142,-4.18257e-05,0.857452,1,0
1.41602,0.185547,0.676305,-4.24949e-05,0.857452,1,0
1.43555,0.166016,0.695143,-4.01741e-05,0.855499,1,0
1.43555,0.185547,0.676305,-4.08106e-05,0.855499,1,0
1.41602,0.205078,0.655164,-4.22116e-05,0.857451,1,0
1.41602,0.224609,0.631654,-4.10329e-05,0.857451,1,0
1.43555,0.205078,0.655163,-4.0532e-05,0.855498,1,0
1.43555,0.224609,0.631652,-3.93941e-05,0.855498,1,0
1.45508,0.166016,0.695144,-3.8582e-05,0.853546,1,0
1.45508,0.185547,0.676306,-3.91873e-05,0.853546,1,0
1.47461,0.166016,0.695145,-3.70472e-05,0.851594,1,0
1.47461,0.185547,0.676306,-3.7623e-05,0.851593,1,0
1.45508,0.205078,0.655163,-3.89139e-05,0.853546,1,0
1.45508,0.224609,0.631651,-3.78158e-05,0.853545,1,0
1.47461,0.205078,0.655162,-3.73551e-05,0.851593,1,0
1.47461,0.224609,0.63165,-3.62958e-05,0.851593,1,0
1.41602,0.244141,0.605705,-3.90451e-05,0.85745,1,0
1.41602,0.263672,0.577243,-3.63581e-05,0.85745,1,0
1.43555,0.244141,0.605703,-3.748e-05,0.855498,1,0
1.43555,0.263672,0.57724,-3.48958e-05,0.855497,1,0
1.41602,0.283203,0.546187,-3.31004e-05,0.85745,1,0
1.41602,0.302734,0.512454,-2.94136e-05,0.857449,1,0
1.43555,0.283203,0.546183,-3.17652e-05,0.855497,1,0
1.43555,0.302734,0.51245,-2.8224e-05,0.855497,1,0
1.45508,0.244141,0.605701,-3.59733e-05,0.853545,1,0
1.45508,0.263672,0.577237,-3.34885e-05,0.853544,1,0
1.47461,0.244141,0.605699,-3.45225e-05,0.851592,1,0
1.47461,0.263672,0.577234,-3.21338e-05,0.851592,1,0
1.45508,0.283203,0.54618,-3.04804e-05,0.853544,1,0
1.45508,0.302734,0.512446,-2.70796e-05,0.853544,1,0
1.47461,0.283203,0.546177,-2.9244e-05,0.851592,1,0
1.47461,0.302734,0.512443,-2.59785e-05,0.851591,1,0
1.49414,0.166016,0.695146,-3.55677e-05,0.849641,1,0
1.49414,0.185547,0.676306,-3.61155e-05,0.849641,1,0
1.51367,0.166016,0.695147,-3.41415e-05,0.847688,1,0
1.51367,0.185547,0.676306,-3.46627e-05,0.847688,1,0
1.49414,0.205078,0.655161,-3.58533e-05,0.84964,1,0
1.49414,0.224609,0.631648,-3.48318e-05,0.84964,1,0
1.51367,0.205078,0.655161,-3.44064e-05,0.847688,1,0
1.51367,0.224609,0.631647,-3.34217e-05,0.847687,1,0
1.5332,0.166016,0.695148,-3.27667e-05,0.845736,1,0
1.5332,0.185547,0.676306,-3.32627e-05,0.845735,1,0
1.55273,0.166016,0.695149,-3.14416e-05,0.843783,1,0
1.55273,0.185547,0.676306,-3.19136e-05,0.843783,1,0
1.5332,0.205078,0.65516,-3.30125e-05,0.845735,1,0
1.5332,0.224609,0.631646,-3.20635e-05,0.845735,1,0
1.55273,0.205078,0.65516,-3.16696e-05,0.843783,1,0
1.55273,0.224609,0.631644,-3.07554e-05,0.843782,1,0
1.49414,0.244141,0.605696,-3.31256e-05,0.84964,1,0
1.49414,0.263672,0.577232,-3.08297e-05,0.849639,1,0
1.51367,0.244141,0.605695,-3.17806e-05,0.847687,1,0
1.51367,0.263672,0.577229,-2.95744e-05,0.847687,1,0
1.49414,0.283203,0.546174,-2.80541e-05,0.849639,1,0
1.49414,0.302734,0.512439,-2.49191e-05,0.849639,1,0
1.51367,0.283203,0.546171,-2.69089e-05,0.847686,1,0
1.51367,0.302734,0.512436,-2.38996e-05,0.847686,1,0
1.5332,0.244141,0.605693,-3.04854e-05,0.845734,1,0
1.5332,0.263672,0.577227,-2.83658e-05,0.845734,1,0
1.55273,0.244141,0.605691,-2.92381e-05,0.843782,1,0
1.55273,0.263672,0.577224,-2.72023e-05,0.843782,1,0
1.5332,0.283203,0.546168,-2.58065e-05,0.845734,1,0
1.5332,0.302734,0.512433,-2.29185e-05,0.845734,1,0
1.55273,0.283203,0.546166,-2.47455e-05,0.843781,1,0
1.55273,0.302734,0.51243,-2.19743e-05,0.843781,1,0
1.25977,0.322266,0.475993,-3.5343e-05,0.873073,1,0
1.25977,0.341797,0.436637,-2.96724e-05,0.873073,1,0
1.2793,0.322266,0.475987,-3.39256e-05,0.87112,1,0
1.2793,0.341797,0.436632,-2.84792e-05,0.871119,1,0
1.25977,0.361328,0.394327,-2.40111e-05,0.873072,1,0
1.25977,0.380859,0.348963,-1.85578e-05,0.873072,1,0
1.2793,0.361328,0.394321,-2.30436e-05,0.871119,1,0
1.2793,0.380859,0.348957,-1.78092e-05,0.871119,1,0
1.29883,0.322266,0.475982,-3.25645e-05,0.869167,1,0
1.29883,0.341797,0.436626,-2.73338e-05,0.869166,1,0
1.31836,0.322266,0.475977,-3.12572e-05,0.867213,1,0
1.31836,0.341797,0.436621,-2.62338e-05,0.867213,1,0
1.29883,0.361328,0.394316,-2.21151e-05,0.869166,1,0
1.29883,0.380859,0.348952,-1.70908e-05,0.869166,1,0
1.31836,0.361328,0.394311,-2.12237e-05,0.867213,1,0
1.31836,0.380859,0.348948,-1.64012e-05,0.867212,1,0
1.25977,0.400391,0.300444,-1.34993e-05,0.873071,1,0
1.25977,0.419922,0.248666,-9.00965e-06,0.873071,1,0
1.2793,0.400391,0.300439,-1.29545e-05,0.871118,1,0
1.2793,0.419922,0.248662,-8.64623e-06,0.871118,1,0
1.25977,0.439453,0.193525,-5.24828e-06,0.873071,1,0
1.25977,0.458984,0.134913,-2.33738e-06,0.87307,1,0
1.2793,0.439453,0.193522,-5.03686e-06,0.871117,1,0
1.2793,0.458984,0.134911,-2.24348e-06,0.871117,1,0
1.29883,0.400391,0.300434,-1.24318e-05,0.869165,1,0
1.29883,0.419922,0.248658,-8.29751e-06,0.869165,1,0
1.31836,0.400391,0.30043,-1.193e-05,0.867212,1,0
1.31836,0.419922,0.248654,-7.96287e-06,0.867212,1,0
1.29883,0.439453,0.193518,-4.83403e-06,0.869164,1,0
1.29883,0.458984,0.134909,-2.15339e-06,0.869164,1,0
1.31836,0.439453,0.193515,-4.63934e-06,0.867211,1,0
1.31836,0.458984,0.134907,-2.06691e-06,0.867211,1,0
1.33789,0.322266,0.475972,-3.00011e-05,0.86526,1,0
1.33789,0.341797,0.436616,-2.51773e-05,0.86526,1,0
1.35742,0.322266,0.475968,-2.87941e-05,0.863307,1,0
1.35742,0.341797,0.436611,-2.41622e-05,0.863307,1,0
1.33789,0.361328,0.394306,-2.03676e-05,0.86526,1,0
1.33789,0.380859,0.348943,-1.5739e-05,0.865259,1,0
1.35742,0.361328,0.394301,-1.95452e-05,0.863307,1,0
1.35742,0.380859,0.348939,-1.51031e-05,0.863307,1,0
1.37695,0.322266,0.475963,-2.76339e-05,0.861355,1,0
1.37695,0.341797,0.436607,-2.31867e-05,0.861354,1,0
1.39648,0.322266,0.475959,-2.65185e-05,0.859402,1,0
1.39648,0.341797,0.436603,-2.22491e-05,0.859401,1,0
1.37695,0.361328,0.394297,-1.87551e-05,0.861354,1,0
1.37695,0.380859,0.348935,-1.44921e-05,0.861354,1,0
1.39648,0.361328,0.394293,-1.79957e-05,0.859401,1,0
1.39648,0.380859,0.348931,-1.3905e-05,0.859401,1,0
1.33789,0.400391,0.300426,-1.14484e-05,0.865259,1,0
1.33789,0.419922,0.248651,-7.64155e-06,0.865259,1,0
1.35742,0.400391,0.300422,-1.09857e-05,0.863306,1,0
1.35742,0.419922,0.248647,-7.333e-06,0.863306,1,0
1.33789,0.439453,0.193513,-4.45244e-06,0.865258,1,0
1.33789,0.458984,0.134904,-1.98388e-06,0.865258,1,0
1.35742,0.439453,0.19351,-4.27293e-06,0.863306,1,0
1.35742,0.458984,0.134902,-1.90414e-06,0.863305,1,0
1.37695,0.400391,0.300418,-1.05413e-05,0.861353,1,0
1.37695,0.419922,0.248644,-7.03657e-06,0.861353,1,0
1.39648,0.400391,0.300415,-1.01143e-05,0.859401,1,0
1.39648,0.419922,0.248641,-6.75179e-06,0.8594,1,0
1.37695,0.439453,0.193507,-4.1005e-06,0.861353,1,0
1.37695,0.458984,0.134901,-1.82752e-06,0.861352,1,0
1.39648,0.439453,0.193505,-3.93481e-06,0.8594,1,0
1.39648,0.458984,0.134899,-1.75389e-06,0.8594,1,0
1.25977,0.478516,0.0727223,-3.86583e-07,0.87307,1,0
1.25977,0.498047,0.00683984,1.77749e-07,0.873069,0.6,0
1.2793,0.478516,0.072721,-3.71222e-07,0.871117,1,0
1.2793,0.498047,0.00683972,1.70584e-07,0.871116,0.6,0
1.29883,0.478516,0.0727197,-3.56496e-07,0.869163,1,0
1.29883,0.498047,0.0068396,1.63764e-07,0.869163,0.6,0
1.31836,0.478516,0.0727185,-3.42336e-07,0.867211,1,0
1.31836,0.498047,0.00683948,1.57166e-07,0.86721,0.6,0
1.33789,0.478516,0.0727174,-3.28752e-07,0.865258,1,0
1.33789,0.498047,0.00683937,1.50882e-07,0.865257,0.6,0
1.35742,0.478516,0.0727163,-3.15683e-07,0.863305,1,0
1.35742,0.498047,0.00683926,1.44797e-07,0.863304,0.6,0
1.37695,0.478516,0.0727152,-3.03136e-07,0.861352,1,0
1.37695,0.498047,0.00683916,1.38999e-07,0.861351,0.6,0
1.39648,0.478516,0.0727142,-2.91059e-07,0.859399,1,0
1.39648,0.498047,0.00683906,1.33381e-07,0.859399,0.6,0
1.41602,0.322266,0.475955,-2.54461e-05,0.857449,1,0
1.41602,0.341797,0.436598,-2.13478e-05,0.857449,1,0
1.43555,0.322266,0.475951,-2.44147e-05,0.855496,1,0
1.43555,0.341797,0.436594,-2.04811e-05,0.855496,1,0
1.41602,0.361328,0.394289,-1.72659e-05,0.857448,1,0
1.41602,0.380859,0.348927,-1.33407e-05,0.857448,1,0
1.43555,0.361328,0.394285,-1.65642e-05,0.855496,1,0
1.43555,0.380859,0.348923,-1.27983e-05,0.855495,1,0
1.45508,0.322266,0.475947,-2.34227e-05,0.853544,1,0
1.45508,0.341797,0.436591,-1.96477e-05,0.853543,1,0
1.47461,0.322266,0.475943,-2.24685e-05,0.851591,1,0
1.47461,0.341797,0.436587,-1.8846e-05,0.851591,1,0
1.45508,0.361328,0.394281,-1.58894e-05,0.853543,1,0
1.45508,0.380859,0.348919,-1.22768e-05,0.853543,1,0
1.47461,0.361328,0.394277,-1.52405e-05,0.85159,1,0
1.47461,0.380859,0.348916,-1.17752e-05,0.85159,1,0
1.41602,0.400391,0.300411,-9.70394e-06,0.857448,1,0
1.41602,0.419922,0.248638,-6.47805e-06,0.857448,1,0
1.43555,0.400391,0.300408,-9.30943e-06,0.855495,1,0
1.43555,0.419922,0.248635,-6.21495e-06,0.855495,1,0
1.41602,0.439453,0.193502,-3.77556e-06,0.857447,1,0
1.41602,0.458984,0.134897,-1.68312e-06,0.857447,1,0
1.43555,0.439453,0.1935,-3.62247e-06,0.855495,1,0
1.43555,0.458984,0.134895,-1.61508e-06,0.855494,1,0
1.45508,0.400391,0.300405,-8.93016e-06,0.853543,1,0
1.45508,0.419922,0.248632,-5.96195e-06,0.853542,1,0
1.47461,0.400391,0.300401,-8.56542e-06,0.85159,1,0
1.47461,0.419922,0.24863,-5.7187e-06,0.85159,1,0
1.45508,0.439453,0.193498,-3.47528e-06,0.853542,1,0
1.45508,0.458984,0.134894,-1.54965e-06,0.853542,1,0
1.47461,0.439453,0.193495,-3.33372e-06,0.851589,1,0
1.47461,0.458984,0.134892,-1.48672e-06,0.851589,1,0
1.49414,0.322266,0.47594,-2.15505e-05,0.849638,1,0
1.49414,0.341797,0.436583,-1.8075e-05,0.849638,1,0
1.51367,0.322266,0.475937,-2.06672e-05,0.847686,1,0
1.51367,0.341797,0.43658,-1.73332e-05,0.847686,1,0
1.49414,0.361328,0.394274,-1.46164e-05,0.849638,1,0
1.49414,0.380859,0.348913,-1.12929e-05,0.849638,1,0
1.51367,0.361328,0.394271,-1.40161e-05,0.847685,1,0
1.51367,0.380859,0.34891,-1.08289e-05,0.847685,1,0
1.5332,0.322266,0.475933,-1.98174e-05,0.845733,1,0
1.5332,0.341797,0.436577,-1.66195e-05,0.845733,1,0
1.55273,0.322266,0.47593,-1.89995e-05,0.843781,1,0
1.55273,0.341797,0.436574,-1.59328e-05,0.843781,1,0
1.5332,0.361328,0.394267,-1.34385e-05,0.845733,1,0
1.5332,0.380859,0.348907,-1.03826e-05,0.845733,1,0
1.55273,0.361328,0.394264,-1.28829e-05,0.843781,1,0
1.55273,0.380859,0.348904,-9.95316e-06,0.84378,1,0
1.49414,0.400391,0.300398,-8.21466e-06,0.849637,1,0
1.49414,0.419922,0.248627,-5.48472e-06,0.849637,1,0
1.51367,0.400391,0.300396,-7.87725e-06,0.847685,1,0
1.51367,0.419922,0.248625,-5.25969e-06,0.847685,1,0
1.49414,0.439453,0.193493,-3.19758e-06,0.849637,1,0
1.49414,0.458984,0.134891,-1.42619e-06,0.849637,1,0
1.51367,0.439453,0.193491,-3.06661e-06,0.847685,1,0
1.51367,0.458984,0.134889,-1.36795e-06,0.847684,1,0
1.5332,0.400391,0.300393,-7.5527e-06,0.845733,1,0
1.5332,0.419922,0.248622,-5.04318e-06,0.845732,1,0
1.55273,0.400391,0.30039,-7.24044e-06,0.84378,1,0
1.55273,0.419922,0.24862,-4.83491e-06,0.84378,1,0
1.5332,0.439453,0.193489,-2.94061e-06,0.845732,1,0
1.5332,0.458984,0.134888,-1.31192e-06,0.845732,1,0
1.55273,0.439453,0.193488,-2.81938e-06,0.84378,1,0
1.55273,0.458984,0.134886,-1.258e-06,0.84378,1,0
1.41602,0.478516,0.0727132,-2.79457e-07,0.857447,1,0
1.41602,0.498047,0.00683897,1.28025e-07,0.857446,0.6,0
1.43555,0.478516,0.0727123,-2.68287e-07,0.855494,1,0
1.43555,0.498047,0.00683887,1.22833e-07,0.855493,0.6,0
1.45508,0.478516,0.0727114,-2.5755e-07,0.853541,1,0
1.45508,0.498047,0.00683879,1.17881e-07,0.853541,0.6,0
1.47461,0.478516,0.0727105,-2.4721e-07,0.851589,1,0
1.47461,0.498047,0.0068387,1.13079e-07,0.851588,0.6,0
1.49414,0.478516,0.0727097,-2.37267e-07,0.849636,1,0
1.49414,0.498047,0.00683862,1.08498e-07,0.849636,0.6,0
1.51367,0.478516,0.0727089,-2.27689e-07,0.847684,1,0
1.51367,0.498047,0.00683854,1.04052e-07,0.847683,0.6,0
1.5332,0.478516,0.0727081,-2.18477e-07,0.845732,1,0
1.5332,0.498047,0.00683847,9.98121e-08,0.845731,0.6,0
1.55273,0.478516,0.0727074,-2.09601e-07,0.843779,1,0
1.55273,0.498047,0.0068384,9.56956e-08,0.843779,0.6,0
1.57227,0.00976562,0.768699,-3.6139e-06,0.841831,1,0
1.57227,0.0292969,0.766695,-9.43155e-06,0.841833,1,0
1.5918,0.00976562,0.768703,-3.46832e-06,0.839879,1,0
1.5918,0.0292969,0.7667,-9.05144e-06,0.83988,1,0
1.57227,0.0488281,0.762682,-1.37028e-05,0.841833,1,0
1.57227,0.0683594,0.756645,-1.77457e-05,0.841832,1,0
1.5918,0.0488281,0.762686,-1.31501e-05,0.83988,1,0
1.5918,0.0683594,0.756649,-1.70291e-05,0.83988,1,0
1.61133,0.00976562,0.768708,-3.32787e-06,0.837927,1,0
1.61133,0.0292969,0.766704,-8.68474e-06,0.837928,1,0
1.63086,0.00976562,0.768712,-3.1924e-06,0.835974,1,0
1.63086,0.0292969,0.766708,-8.33103e-06,0.835975,1,0
1.61133,0.0488281,0.76269,-1.26169e-05,0.837928,1,0
1.61133,0.0683594,0.756653,-1.6338e-05,0.837927,1,0
1.63086,0.0488281,0.762694,-1.21027e-05,0.835975,1,0
1.63086,0.0683594,0.756656,-1.56714e-05,0.835975,1,0
1.57227,0.0878906,0.748564,-2.14512e-05,0.841832,1,0
1.57227,0.107422,0.738411,-2.46118e-05,0.841832,1,0
1.5918,0.0878906,0.748567,-2.05838e-05,0.83988,1,0
1.5918,0.107422,0.738414,-2.36147e-05,0.839879,1,0
1.57227,0.126953,0.726152,-2.71464e-05,0.841831,1,0
1.57227,0.146484,0.711747,-2.90072e-05,0.841831,1,0
1.5918,0.126953,0.726154,-2.60441e-05,0.839879,1,0
1.5918,0.146484,0.711749,-2.78265e-05,0.839879,1,0
1.61133,0.0878906,0.74857,-1.97471e-05,0.837927,1,0
1.61133,0.107422,0.738416,-2.26531e-05,0.837927,1,0
1.63086,0.0878906,0.748573,-1.89404e-05,0.835975,1,0
1.63086,0.107422,0.738419,-2.1726e-05,0.835974,1,0
1.61133,0.126953,0.726156,-2.49814e-05,0.837927,1,0
1.61133,0.146484,0.71175,-2.66884e-05,0.837926,1,0
1.63086,0.126953,0.726158,-2.3957e-05,0.835974,1,0
1.63086,0.146484,0.711751,-2.55915e-05,0.835974,1,0
1.65039,0.00976562,0.768716,-3.06173e-06,0.834022,1,0
1.65039,0.0292969,0.766712,-7.98989e-06,0.834023,1,0
1.66992,0.00976562,0.76872,-2.93572e-06,0.83207,1,0
1.66992,0.0292969,0.766716,-7.66092e-06,0.832071,1,0
1.65039,0.0488281,0.762698,-1.16068e-05,0.834023,1,0
1.65039,0.0683594,0.75666,-1.50286e-05,0.834023,1,0
1.66992,0.0488281,0.762701,-1.11285e-05,0.83207,1,0
1.66992,0.0683594,0.756663,-1.44089e-05,0.83207,1,0
1.68945,0.00976562,0.768724,-2.81422e-06,0.830117,1,0
1.68945,0.0292969,0.76672,-7.34372e-06,0.830118,1,0
1.70898,0.00976562,0.768727,-2.69708e-06,0.828165,1,0
1.70898,0.0292969,0.766723,-7.03792e-06,0.828166,1,0
1.68945,0.0488281,0.762705,-1.06675e-05,0.830118,1,0
1.68945,0.0683594,0.756666,-1.38113e-05,0.830118,1,0
1.70898,0.0488281,0.762708,-1.0223e-05,0.828166,1,0
1.70898,0.0683594,0.756669,-1.32353e-05,0.828166,1,0
1.65039,0.0878906,0.748576,-1.81625e-05,0.834022,1,0
1.65039,0.107422,0.738421,-2.08322e-05,0.834022,1,0
1.66992,0.0878906,0.748579,-1.74125e-05,0.83207,1,0
1.66992,0.107422,0.738424,-1.99706e-05,0.83207,1,0
1.65039,0.126953,0.72616,-2.29695e-05,0.834022,1,0
1.65039,0.146484,0.711753,-2.45343e-05,0.834022,1,0
1.66992,0.126953,0.726162,-2.20177e-05,0.83207,1,0
1.66992,0.146484,0.711754,-2.35155e-05,0.832069,1,0
1.68945,0.0878906,0.748582,-1.66895e-05,0.830118,1,0
1.68945,0.107422,0.738426,-1.91401e-05,0.830118,1,0
1.70898,0.0878906,0.748585,-1.59926e-05,0.828166,1,0
1.70898,0.107422,0.738428,-1.83397e-05,0.828165,1,0
1.68945,0.126953,0.726164,-2.11004e-05,0.830117,1,0
1.68945,0.146484,0.711755,-2.25338e-05,0.830117,1,0
1.70898,0.126953,0.726165,-2.02165e-05,0.828165,1,0
1.70898,0.146484,0.711756,-2.1588e-05,0.828165,1,0
1.57227,0.166016,0.69515,-3.01644e-05,0.841831,1,0
1.57227,0.185547,0.676306,-3.06136e-05,0.84183,1,0
1.5918,0.166016,0.69515,-2.89335e-05,0.839878,1,0
1.5918,0.185547,0.676307,-2.93609e-05,0.839878,1,0
1.57227,0.205078,0.655159,-3.03758e-05,0.84183,1,0
1.57227,0.224609,0.631643,-2.94954e-05,0.84183,1,0
1.5918,0.205078,0.655158,-2.91294e-05,0.839878,1,0
1.5918,0.224609,0.631642,-2.82819e-05,0.839877,1,0
1.61133,0.166016,0.695151,-2.77471e-05,0.837926,1,0
1.61133,0.185547,0.676307,-2.81539e-05,0.837926,1,0
1.63086,0.166016,0.695152,-2.66039e-05,0.835974,1,0
1.63086,0.185547,0.676307,-2.6991e-05,0.835973,1,0
1.61133,0.205078,0.655158,-2.79287e-05,0.837925,1,0
1.61133,0.224609,0.631641,-2.71131e-05,0.837925,1,0
1.63086,0.205078,0.655157,-2.67722e-05,0.835973,1,0
1.63086,0.224609,0.63164,-2.59874e-05,0.835973,1,0
1.57227,0.244141,0.605689,-2.80371e-05,0.84183,1,0
1.57227,0.263672,0.577222,-2.6082e-05,0.841829,1,0
1.5918,0.244141,0.605687,-2.68805e-05,0.839877,1,0
1.5918,0.263672,0.57722,-2.50035e-05,0.839877,1,0
1.57227,0.283203,0.546163,-2.37241e-05,0.841829,1,0
1.57227,0.302734,0.512427,-2.10655e-05,0.841829,1,0
1.5918,0.283203,0.546161,-2.2741e-05,0.839877,1,0
1.5918,0.302734,0.512425,-2.01909e-05,0.839876,1,0
1.61133,0.244141,0.605686,-2.57668e-05,0.837925,1,0
1.61133,0.263672,0.577218,-2.39651e-05,0.837925,1,0
1.63086,0.244141,0.605684,-2.46944e-05,0.835973,1,0
1.63086,0.263672,0.577216,-2.29654e-05,0.835972,1,0
1.61133,0.283203,0.546158,-2.17945e-05,0.837924,1,0
1.61133,0.302734,0.512422,-1.9349e-05,0.837924,1,0
1.63086,0.283203,0.546156,-2.08835e-05,0.835972,1,0
1.63086,0.302734,0.51242,-1.85387e-05,0.835972,1,0
1.65039,0.166016,0.695153,-2.55023e-05,0.834021,1,0
1.65039,0.185547,0.676307,-2.58706e-05,0.834021,1,0
1.66992,0.166016,0.695153,-2.44409e-05,0.832069,1,0
1.66992,0.185547,0.676307,-2.47913e-05,0.832069,1,0
1.65039,0.205078,0.655157,-2.56581e-05,0.834021,1,0
1.65039,0.224609,0.631639,-2.49033e-05,0.834021,1,0
1.66992,0.205078,0.655156,-2.45851e-05,0.832069,1,0
1.66992,0.224609,0.631638,-2.38594e-05,0.832068,1,0
1.68945,0.166016,0.695154,-2.34184e-05,0.830117,1,0
1.68945,0.185547,0.676307,-2.37517e-05,0.830117,1,0
1.70898,0.166016,0.695154,-2.24333e-05,0.828165,1,0
1.70898,0.185547,0.676307,-2.27503e-05,0.828164,1,0
1.68945,0.205078,0.655156,-2.35516e-05,0.830116,1,0
1.68945,0.224609,0.631637,-2.28541e-05,0.830116,1,0
1.70898,0.205078,0.655156,-2.25564e-05,0.828164,1,0
1.70898,0.224609,0.631636,-2.18861e-05,0.828164,1,0
1.65039,0.244141,0.605683,-2.36618e-05,0.83402,1,0
1.65039,0.263672,0.577214,-2.2003e-05,0.83402,1,0
1.66992,0.244141,0.605681,-2.26676e-05,0.832068,1,0
1.66992,0.263672,0.577212,-2.10764e-05,0.832068,1,0
1.65039,0.283203,0.546154,-2.00065e-05,0.83402,1,0
1.65039,0.302734,0.512417,-1.77589e-05,0.83402,1,0
1.66992,0.283203,0.546152,-1.91624e-05,0.832068,1,0
1.66992,0.302734,0.512415,-1.70083e-05,0.832067,1,0
1.68945,0.244141,0.60568,-2.17104e-05,0.830116,1,0
1.68945,0.263672,0.577211,-2.01845e-05,0.830116,1,0
1.70898,0.244141,0.605679,-2.07888e-05,0.828164,1,0
1.70898,0.263672,0.577209,-1.93259e-05,0.828164,1,0
1.68945,0.283203,0.54615,-1.83499e-05,0.830115,1,0
1.68945,0.302734,0.512413,-1.62859e-05,0.830115,1,0
1.70898,0.283203,0.546148,-1.75678e-05,0.828163,1,0
1.70898,0.302734,0.512411,-1.55907e-05,0.828163,1,0
1.72852,0.00976562,0.768731,-2.58416e-06,0.826213,1,0
1.72852,0.0292969,0.766726,-6.74314e-06,0.826214,1,0
1.74805,0.00976562,0.768734,-2.47533e-06,0.824261,1,0
1.74805,0.0292969,0.76673,-6.45904e-06,0.824262,1,0
1.72852,0.0488281,0.762711,-9.79451e-06,0.826214,1,0
1.72852,0.0683594,0.756672,-1.26802e-05,0.826214,1,0
1.74805,0.0488281,0.762714,-9.3816e-06,0.824262,1,0
1.74805,0.0683594,0.756674,-1.21452e-05,0.824261,1,0
1.76758,0.00976562,0.768737,-2.37045e-06,0.822309,1,0
1.76758,0.0292969,0.766733,-6.18527e-06,0.82231,1,0
1.78711,0.00976562,0.76874,-2.2694e-06,0.820357,1,0
1.78711,0.0292969,0.766735,-5.92149e-06,0.820357,1,0
1.76758,0.0488281,0.762717,-8.98371e-06,0.822309,1,0
1.76758,0.0683594,0.756677,-1.16297e-05,0.822309,1,0
1.78711,0.0488281,0.76272,-8.60036e-06,0.820357,1,0
1.78711,0.0683594,0.75668,-1.1133e-05,0.820357,1,0
1.72852,0.0878906,0.748587,-1.5321e-05,0.826213,1,0
1.72852,0.107422,0.73843,-1.75684e-05,0.826213,1,0
1.74805,0.0878906,0.748589,-1.46739e-05,0.824261,1,0
1.74805,0.107422,0.738432,-1.68253e-05,0.824261,1,0
1.72852,0.126953,0.726167,-1.93648e-05,0.826213,1,0
1.72852,0.146484,0.711757,-2.06768e-05,0.826213,1,0
1.74805,0.126953,0.726168,-1.85443e-05,0.824261,1,0
1.74805,0.146484,0.711758,-1.97991e-05,0.824261,1,0
1.76758,0.0878906,0.748592,-1.40504e-05,0.822309,1,0
1.76758,0.107422,0.738434,-1.61094e-05,0.822309,1,0
1.78711,0.0878906,0.748594,-1.34497e-05,0.820357,1,0
1.78711,0.107422,0.738436,-1.54198e-05,0.820357,1,0
1.76758,0.126953,0.72617,-1.7754e-05,0.822309,1,0
1.76758,0.146484,0.711759,-1.89537e-05,0.822308,1,0
1.78711,0.126953,0.726171,-1.69928e-05,0.820357,1,0
1.78711,0.146484,0.71176,-1.81396e-05,0.820356,1,0
1.80664,0.00976562,0.768743,-2.17206e-06,0.818405,1,0
1.80664,0.0292969,0.766738,-5.66738e-06,0.818405,1,0
1.82617,0.00976562,0.768746,-2.07829e-06,0.816453,1,0
1.82617,0.0292969,0.766741,-5.42263e-06,0.816453,1,0
1.80664,0.0488281,0.762723,-8.23108e-06,0.818405,1,0
1.80664,0.0683594,0.756682,-1.06547e-05,0.818405,1,0
1.82617,0.0488281,0.762725,-7.87541e-06,0.816453,1,0
1.82617,0.0683594,0.756684,-1.01939e-05,0.816453,1,0
1.8457,0.00976562,0.768748,-1.988e-06,0.814501,1,0
1.8457,0.0292969,0.766744,-5.18694e-06,0.814501,1,0
1.86523,0.00976562,0.768751,-1.90106e-06,0.812549,1,0
1.86523,0.0292969,0.766746,-4.96e-06,0.812549,1,0
1.8457,0.0488281,0.762727,-7.53291e-06,0.814501,1,0
1.8457,0.0683594,0.756686,-9.7503e-06,0.814501,1,0
1.86523,0.0488281,0.76273,-7.20315e-06,0.812549,1,0
1.86523,0.0683594,0.756688,-9.32318e-06,0.812549,1,0
1.80664,0.0878906,0.748596,-1.28712e-05,0.818405,1,0
1.80664,0.107422,0.738437,-1.47557e-05,0.818405,1,0
1.82617,0.0878906,0.748598,-1.23141e-05,0.816453,1,0
1.82617,0.107422,0.738439,-1.41161e-05,0.816453,1,0
1.80664,0.126953,0.726173,-1.62597e-05,0.818405,1,0
1.80664,0.146484,0.711761,-1.73557e-05,0.818404,1,0
1.82617,0.126953,0.726174,-1.55539e-05,0.816453,1,0
1.82617,0.146484,0.711762,-1.6601e-05,0.816452,1,0
1.8457,0.0878906,0.7486,-1.17776e-05,0.814501,1,0
1.8457,0.107422,0.738441,-1.35004e-05,0.814501,1,0
1.86523,0.0878906,0.748602,-1.12612e-05,0.812549,1,0
1.86523,0.107422,0.738442,-1.29077e-05,0.812549,1,0
1.8457,0.126953,0.726175,-1.48745e-05,0.814501,1,0
1.8457,0.146484,0.711763,-1.58746e-05,0.8145,1,0
1.86523,0.126953,0.726176,-1.42205e-05,0.812549,1,0
1.86523,0.146484,0.711764,-1.51754e-05,0.812548,1,0
1.72852,0.166016,0.695155,-2.14844e-05,0.826212,1,0
1.72852,0.185547,0.676307,-2.17859e-05,0.826212,1,0
1.74805,0.166016,0.695156,-2.05705e-05,0.82426,1,0
1.74805,0.185547,0.676307,-2.08572e-05,0.82426,1,0
1.72852,0.205078,0.655155,-2.15981e-05,0.826212,1,0
1.72852,0.224609,0.631635,-2.09542e-05,0.826212,1,0
1.74805,0.205078,0.655155,-2.06754e-05,0.82426,1,0
1.74805,0.224609,0.631634,-2.0057e-05,0.82426,1,0
1.76758,0.166016,0.695156,-1.96905e-05,0.822308,1,0
1.76758,0.185547,0.676307,-1.9963e-05,0.822308,1,0
1.78711,0.166016,0.695157,-1.8843e-05,0.820356,1,0
1.78711,0.185547,0.676307,-1.91021e-05,0.820356,1,0
1.76758,0.205078,0.655154,-1.9787e-05,0.822308,1,0
1.76758,0.224609,0.631633,-1.91933e-05,0.822308,1,0
1.78711,0.205078,0.655154,-1.89318e-05,0.820356,1,0
1.78711,0.224609,0.631633,-1.8362e-05,0.820356,1,0
1.72852,0.244141,0.605677,-1.99016e-05,0.826212,1,0
1.72852,0.263672,0.577208,-1.84995e-05,0.826211,1,0
1.74805,0.244141,0.605676,-1.90477e-05,0.82426,1,0
1.74805,0.263672,0.577206,-1.77041e-05,0.824259,1,0
1.72852,0.283203,0.546146,-1.68152e-05,0.826211,1,0
1.72852,0.302734,0.512409,-1.49216e-05,0.826211,1,0
1.74805,0.283203,0.546144,-1.60908e-05,0.824259,1,0
1.74805,0.302734,0.512407,-1.42778e-05,0.824259,1,0
1.76758,0.244141,0.605675,-1.82258e-05,0.822307,1,0
1.76758,0.263672,0.577205,-1.69386e-05,0.822307,1,0
1.78711,0.244141,0.605674,-1.74347e-05,0.820355,1,0
1.78711,0.263672,0.577203,-1.6202e-05,0.820355,1,0
1.76758,0.283203,0.546143,-1.53938e-05,0.822307,1,0
1.76758,0.302734,0.512405,-1.36583e-05,0.822307,1,0
1.78711,0.283203,0.546141,-1.47232e-05,0.820355,1,0
1.78711,0.302734,0.512403,-1.30623e-05,0.820355,1,0
1.80664,0.166016,0.695157,-1.80272e-05,0.818404,1,0
1.80664,0.185547,0.676307,-1.82733e-05,0.818404,1,0
1.82617,0.166016,0.695157,-1.72418e-05,0.816452,1,0
1.82617,0.185547,0.676307,-1.74756e-05,0.816452,1,0
1.80664,0.205078,0.655154,-1.81087e-05,0.818404,1,0
1.80664,0.224609,0.631632,-1.7562e-05,0.818404,1,0
1.82617,0.205078,0.655153,-1.73166e-05,0.816452,1,0
1.82617,0.224609,0.631631,-1.67922e-05,0.816452,1,0
1.8457,0.166016,0.695158,-1.64859e-05,0.8145,1,0
1.8457,0.185547,0.676307,-1.67079e-05,0.8145,1,0
1.86523,0.166016,0.695158,-1.57585e-05,0.812548,1,0
1.86523,0.185547,0.676307,-1.59692e-05,0.812548,1,0
1.8457,0.205078,0.655153,-1.65543e-05,0.8145,1,0
1.8457,0.224609,0.631631,-1.60514e-05,0.8145,1,0
1.86523,0.205078,0.655153,-1.58209e-05,0.812548,1,0
1.86523,0.224609,0.63163,-1.53388e-05,0.812548,1,0
1.80664,0.244141,0.605673,-1.66735e-05,0.818403,1,0
1.80664,0.263672,0.577202,-1.54932e-05,0.818403,1,0
1.82617,0.244141,0.605672,-1.59411e-05,0.816451,1,0
1.82617,0.263672,0.577201,-1.48113e-05,0.816451,1,0
1.80664,0.283203,0.546139,-1.40779e-05,0.818403,1,0
1.80664,0.302734,0.512402,-1.24889e-05,0.818403,1,0
1.82617,0.283203,0.546138,-1.34572e-05,0.816451,1,0
1.82617,0.302734,0.5124,-1.19374e-05,0.816451,1,0
1.8457,0.244141,0.605671,-1.52365e-05,0.8145,1,0
1.8457,0.263672,0.577199,-1.41553e-05,0.814499,1,0
1.86523,0.244141,0.60567,-1.45587e-05,0.812548,1,0
1.86523,0.263672,0.577198,-1.35244e-05,0.812547,1,0
1.8457,0.283203,0.546137,-1.28601e-05,0.814499,1,0
1.8457,0.302734,0.512398,-1.14069e-05,0.814499,1,0
1.86523,0.283203,0.546135,-1.22859e-05,0.812547,1,0
1.86523,0.302734,0.512397,-1.08968e-05,0.812547,1,0
1.57227,0.322266,0.475927,-1.82126e-05,0.841829,1,0
1.57227,0.341797,0.436571,-1.52721e-05,0.841828,1,0
1.5918,0.322266,0.475925,-1.74552e-05,0.839876,1,0
1.5918,0.341797,0.436568,-1.46363e-05,0.839876,1,0
1.57227,0.361328,0.394261,-1.23482e-05,0.841828,1,0
1.57227,0.380859,0.348901,-9.54002e-06,0.841828,1,0
1.5918,0.361328,0.394259,-1.18338e-05,0.839876,1,0
1.5918,0.380859,0.348898,-9.14251e-06,0.839876,1,0
1.61133,0.322266,0.475922,-1.67263e-05,0.837924,1,0
1.61133,0.341797,0.436565,-1.40244e-05,0.837924,1,0
1.63086,0.322266,0.475919,-1.60248e-05,0.835972,1,0
1.63086,0.341797,0.436562,-1.34356e-05,0.835972,1,0
1.61133,0.361328,0.394256,-1.13388e-05,0.837924,1,0
1.61133,0.380859,0.348896,-8.76001e-06,0.837923,1,0
1.63086,0.361328,0.394253,-1.08624e-05,0.835971,1,0
1.63086,0.380859,0.348893,-8.39196e-06,0.835971,1,0
1.57227,0.400391,0.300388,-6.94003e-06,0.841828,1,0
1.57227,0.419922,0.248618,-4.63449e-06,0.841828,1,0
1.5918,0.400391,0.300385,-6.65096e-06,0.839876,1,0
1.5918,0.419922,0.248616,-4.44168e-06,0.839875,1,0
1.57227,0.439453,0.193486,-2.70274e-06,0.841827,1,0
1.57227,0.458984,0.134885,-1.20611e-06,0.841827,1,0
1.5918,0.439453,0.193484,-2.59048e-06,0.839875,1,0
1.5918,0.458984,0.134884,-1.15617e-06,0.839875,1,0
1.61133,0.400391,0.300383,-6.37283e-06,0.837923,1,0
1.61133,0.419922,0.248614,-4.25611e-06,0.837923,1,0
1.63086,0.400391,0.300381,-6.10517e-06,0.835971,1,0
1.63086,0.419922,0.248612,-4.07757e-06,0.835971,1,0
1.61133,0.439453,0.193483,-2.48246e-06,0.837923,1,0
1.61133,0.458984,0.134883,-1.10811e-06,0.837923,1,0
1.63086,0.439453,0.193481,-2.37851e-06,0.835971,1,0
1.63086,0.458984,0.134882,-1.06185e-06,0.83597,1,0
1.65039,0.322266,0.475917,-1.53498e-05,0.834019,1,0
1.65039,0.341797,0.43656,-1.2869e-05,0.834019,1,0
1.66992,0.322266,0.475914,-1.47001e-05,0.832067,1,0
1.66992,0.341797,0.436557,-1.23238e-05,0.832067,1,0
1.65039,0.361328,0.394251,-1.04041e-05,0.834019,1,0
1.65039,0.380859,0.348891,-8.03779e-06,0.834019,1,0
1.66992,0.361328,0.394248,-9.96299e-06,0.832067,1,0
1.66992,0.380859,0.348889,-7.697e-06,0.832067,1,0
1.68945,0.322266,0.475912,-1.40749e-05,0.830115,1,0
1.68945,0.341797,0.436555,-1.17991e-05,0.830115,1,0
1.70898,0.322266,0.47591,-1.34732e-05,0.828163,1,0
1.70898,0.341797,0.436553,-1.12942e-05,0.828163,1,0
1.68945,0.361328,0.394246,-9.53856e-06,0.830115,1,0
1.68945,0.380859,0.348887,-7.36906e-06,0.830115,1,0
1.70898,0.361328,0.394244,-9.13017e-06,0.828163,1,0
1.70898,0.380859,0.348885,-7.05353e-06,0.828163,1,0
1.65039,0.400391,0.300379,-5.84764e-06,0.834019,1,0
1.65039,0.419922,0.24861,-3.90572e-06,0.834019,1,0
1.66992,0.400391,0.300377,-5.5998e-06,0.832067,1,0
1.66992,0.419922,0.248608,-3.74038e-06,0.832067,1,0
1.65039,0.439453,0.19348,-2.27846e-06,0.834018,1,0
1.65039,0.458984,0.134881,-1.01733e-06,0.834018,1,0
1.66992,0.439453,0.193478,-2.18218e-06,0.832066,1,0
1.66992,0.458984,0.13488,-9.74467e-07,0.832066,1,0
1.68945,0.400391,0.300375,-5.36133e-06,0.830115,1,0
1.68945,0.419922,0.248607,-3.58125e-06,0.830114,1,0
1.70898,0.400391,0.300373,-5.13185e-06,0.828162,1,0
1.70898,0.419922,0.248605,-3.42815e-06,0.828162,1,0
1.68945,0.439453,0.193477,-2.08952e-06,0.830114,1,0
1.68945,0.458984,0.134879,-9.33226e-07,0.830114,1,0
1.70898,0.439453,0.193475,-2.00035e-06,0.828162,1,0
1.70898,0.458984,0.134878,-8.93518e-07,0.828162,1,0
1.57227,0.478516,0.0727067,-2.01061e-07,0.841827,1,0
1.57227,0.498047,0.00683833,9.17687e-08,0.841826,0.6,0
1.5918,0.478516,0.072706,-1.92833e-07,0.839875,1,0
1.5918,0.498047,0.00683826,8.79555e-08,0.839874,0.6,0
1.61133,0.478516,0.0727054,-1.84916e-07,0.837922,1,0
1.61133,0.498047,0.0068382,8.43179e-08,0.837922,0.6,0
1.63086,0.478516,0.0727048,-1.77287e-07,0.83597,1,0
1.63086,0.498047,0.00683814,8.07848e-08,0.83597,0.6,0
1.65039,0.478516,0.0727042,-1.69945e-07,0.834018,1,0
1.65039,0.498047,0.00683808,7.74147e-08,0.834018,0.6,0
1.66992,0.478516,0.0727036,-1.62871e-07,0.832066,1,0
1.66992,0.498047,0.00683802,7.4141e-08,0.832066,0.6,0
1.68945,0.478516,0.0727031,-1.56063e-07,0.830114,1,0
1.68945,0.498047,0.00683797,7.10186e-08,0.830113,0.6,0
1.70898,0.478516,0.0727026,-1.49504e-07,0.828162,1,0
1.70898,0.498047,0.00683792,6.79852e-08,0.828161,0.6,0
1.72852,0.322266,0.475908,-1.28942e-05,0.826211,1,0
1.72852,0.341797,0.436551,-1.08084e-05,0.826211,1,0
1.74805,0.322266,0.475906,-1.23372e-05,0.824259,1,0
1.74805,0.341797,0.436549,-1.0341e-05,0.824259,1,0
1.72852,0.361328,0.394242,-8.73722e-06,0.826211,1,0
1.72852,0.380859,0.348883,-6.74992e-06,0.826211,1,0
1.74805,0.361328,0.39424,-8.35916e-06,0.824259,1,0
1.74805,0.380859,0.348881,-6.45781e-06,0.824258,1,0
1.76758,0.322266,0.475904,-1.18012e-05,0.822307,1,0
1.76758,0.341797,0.436547,-9.8913e-06,0.822307,1,0
1.78711,0.322266,0.475902,-1.12855e-05,0.820355,1,0
1.78711,0.341797,0.436545,-9.45868e-06,0.820355,1,0
1.76758,0.361328,0.394238,-7.99543e-06,0.822307,1,0
1.76758,0.380859,0.348879,-6.17678e-06,0.822306,1,0
1.78711,0.361328,0.394236,-7.64552e-06,0.820355,1,0
1.78711,0.380859,0.348877,-5.90644e-06,0.820354,1,0
1.72852,0.400391,0.300371,-4.91107e-06,0.82621,1,0
1.72852,0.419922,0.248603,-3.2808e-06,0.82621,1,0
1.74805,0.400391,0.300369,-4.69862e-06,0.824258,1,0
1.74805,0.419922,0.248602,-3.13904e-06,0.824258,1,0
1.72852,0.439453,0.193474,-1.91453e-06,0.82621,1,0
1.72852,0.458984,0.134877,-8.55315e-07,0.82621,1,0
1.74805,0.439453,0.193473,-1.83196e-06,0.824258,1,0
1.74805,0.458984,0.134876,-8.18535e-07,0.824258,1,0
1.76758,0.400391,0.300368,-4.49424e-06,0.822306,1,0
1.76758,0.419922,0.248601,-3.00263e-06,0.822306,1,0
1.78711,0.400391,0.300366,-4.29761e-06,0.820354,1,0
1.78711,0.419922,0.248599,-2.87142e-06,0.820354,1,0
1.76758,0.439453,0.193472,-1.75251e-06,0.822306,1,0
1.76758,0.458984,0.134875,-7.83155e-07,0.822306,1,0
1.78711,0.439453,0.193471,-1.67606e-06,0.820354,1,0
1.78711,0.458984,0.134874,-7.49094e-07,0.820354,1,0
1.80664,0.322266,0.4759,-1.07895e-05,0.818403,1,0
1.80664,0.341797,0.436543,-9.04253e-06,0.818403,1,0
1.82617,0.322266,0.475898,-1.03124e-05,0.816451,1,0
1.82617,0.341797,0.436541,-8.64226e-06,0.816451,1,0
1.80664,0.361328,0.394235,-7.30895e-06,0.818403,1,0
1.80664,0.380859,0.348876,-5.64639e-06,0.818403,1,0
1.82617,0.361328,0.394233,-6.98523e-06,0.816451,1,0
1.82617,0.380859,0.348874,-5.39627e-06,0.816451,1,0
1.8457,0.322266,0.475897,-9.8535e-06,0.814499,1,0
1.8457,0.341797,0.43654,-8.25731e-06,0.814499,1,0
1.86523,0.322266,0.475895,-9.41222e-06,0.812547,1,0
1.86523,0.341797,0.436538,-7.88715e-06,0.812547,1,0
1.8457,0.361328,0.394231,-6.6739e-06,0.814499,1,0
1.8457,0.380859,0.348873,-5.15573e-06,0.814499,1,0
1.86523,0.361328,0.39423,-6.37453e-06,0.812547,1,0
1.86523,0.380859,0.348871,-4.92443e-06,0.812547,1,0
1.80664,0.400391,0.300365,-4.10849e-06,0.818402,1,0
1.80664,0.419922,0.248598,-2.74517e-06,0.818402,1,0
1.82617,0.400391,0.300363,-3.92656e-06,0.816451,1,0
1.82617,0.419922,0.248597,-2.62376e-06,0.81645,1,0
1.80664,0.439453,0.19347,-1.60251e-06,0.818402,1,0
1.80664,0.458984,0.134874,-7.16338e-07,0.818402,1,0
1.82617,0.439453,0.193469,-1.53176e-06,0.81645,1,0
1.82617,0.458984,0.134873,-6.84806e-07,0.81645,1,0
1.8457,0.400391,0.300362,-3.75161e-06,0.814499,1,0
1.8457,0.419922,0.248596,-2.50697e-06,0.814499,1,0
1.86523,0.400391,0.300361,-3.58336e-06,0.812547,1,0
1.86523,0.419922,0.248594,-2.39467e-06,0.812547,1,0
1.8457,0.439453,0.193468,-1.46371e-06,0.814498,1,0
1.8457,0.458984,0.134872,-6.5449e-07,0.814498,1,0
1.86523,0.439453,0.193467,-1.39827e-06,0.812547,1,0
1.86523,0.458984,0.134872,-6.25313e-07,0.812546,1,0
1.72852,0.478516,0.0727021,-1.43191e-07,0.82621,1,0
1.72852,0.498047,0.00683787,6.50927e-08,0.826209,0.6,0
1.74805,0.478516,0.0727016,-1.37111e-07,0.824258,1,0
1.74805,0.498047,0.00683782,6.22825e-08,0.824257,0.6,0
1.76758,0.478516,0.0727011,-1.31258e-07,0.822306,1,0
1.76758,0.498047,0.00683778,5.96034e-08,0.822305,0.6,0
1.78711,0.478516,0.0727007,-1.25623e-07,0.820354,1,0
1.78711,0.498047,0.00683773,5.70005e-08,0.820354,0.6,0
1.80664,0.478516,0.0727003,-1.20198e-07,0.818402,1,0
1.80664,0.498047,0.00683769,5.45198e-08,0.818402,0.6,0
1.82617,0.478516,0.0726999,-1.14977e-07,0.81645,1,0
1.82617,0.498047,0.00683765,5.21097e-08,0.81645,0.6,0
1.8457,0.478516,0.0726995,-1.09951e-07,0.814498,1,0
1.8457,0.498047,0.00683762,4.98137e-08,0.814498,0.6,0
1.86523,0.478516,0.0726992,-1.05116e-07,0.812546,1,0
1.86523,0.498047,0.00683758,4.75831e-08,0.812546,0.6,0
1.88477,0.00976562,0.768753,-1.81736e-06,0.810597,1,0
1.88477,0.0292969,0.766748,-4.74154e-06,0.810597,1,0
1.9043,0.00976562,0.768755,-1.7368e-06,0.808645,1,0
1.9043,0.0292969,0.766751,-4.53127e-06,0.808645,1,0
1.88477,0.0488281,0.762732,-6.88571e-06,0.810597,1,0
1.88477,0.0683594,0.756691,-8.91203e-06,0.810597,1,0
1.9043,0.0488281,0.762734,-6.58019e-06,0.808645,1,0
1.9043,0.0683594,0.756692,-8.51634e-06,0.808645,1,0
1.92383,0.00976562,0.768758,-1.65928e-06,0.806693,1,0
1.92383,0.0292969,0.766753,-4.32893e-06,0.806693,1,0
1.94336,0.00976562,0.76876,-1.58469e-06,0.804741,1,0
1.94336,0.0292969,0.766755,-4.13426e-06,0.804742,1,0
1.92383,0.0488281,0.762736,-6.28619e-06,0.806693,1,0
1.92383,0.0683594,0.756694,-8.13559e-06,0.806693,1,0
1.94336,0.0488281,0.762738,-6.00334e-06,0.804742,1,0
1.94336,0.0683594,0.756696,-7.7693e-06,0.804741,1,0
1.88477,0.0878906,0.748603,-1.07641e-05,0.810597,1,0
1.88477,0.107422,0.738444,-1.23372e-05,0.810597,1,0
1.9043,0.0878906,0.748605,-1.02858e-05,0.808645,1,0
1.9043,0.107422,0.738445,-1.17883e-05,0.808645,1,0
1.88477,0.126953,0.726177,-1.35911e-05,0.810597,1,0
1.88477,0.146484,0.711765,-1.45026e-05,0.810597,1,0
1.9043,0.126953,0.726178,-1.29854e-05,0.808645,1,0
1.9043,0.146484,0.711765,-1.38553e-05,0.808645,1,0
1.92383,0.0878906,0.748607,-9.82547e-06,0.806693,1,0
1.92383,0.107422,0.738446,-1.12601e-05,0.806693,1,0
1.94336,0.0878906,0.748608,-9.38268e-06,0.804741,1,0
1.94336,0.107422,0.738448,-1.07521e-05,0.804741,1,0
1.92383,0.126953,0.726179,-1.24028e-05,0.806693,1,0
1.92383,0.146484,0.711766,-1.32326e-05,0.806693,1,0
1.94336,0.126953,0.72618,-1.18424e-05,0.804741,1,0
1.94336,0.146484,0.711767,-1.26337e-05,0.804741,1,0
1.96289,0.00976562,0.768762,-1.51294e-06,0.802789,1,0
1.96289,0.0292969,0.766757,-3.947e-06,0.80279,1,0
1.98242,0.00976562,0.768764,-1.44394e-06,0.800837,1,0
1.98242,0.0292969,0.766758,-3.76691e-06,0.800838,1,0
1.96289,0.0488281,0.76274,-5.73128e-06,0.80279,1,0
1.96289,0.0683594,0.756698,-7.41698e-06,0.80279,1,0
1.98242,0.0488281,0.762742,-5.46963e-06,0.800838,1,0
1.98242,0.0683594,0.756699,-7.07816e-06,0.800838,1,0
2.00195,0.00976562,0.768765,-1.3776e-06,0.798886,1,0
2.00195,0.0292969,0.76676,-3.59375e-06,0.798886,1,0
2.02148,0.00976562,0.768767,-1.31382e-06,0.796934,1,0
2.02148,0.0292969,0.766762,-3.4273e-06,0.796934,1,0
2.00195,0.0488281,0.762743,-5.21807e-06,0.798886,1,0
2.00195,0.0683594,0.756701,-6.75241e-06,0.798886,1,0
2.02148,0.0488281,0.762745,-4.97625e-06,0.796934,1,0
2.02148,0.0683594,0.756702,-6.43929e-06,0.796934,1,0
1.96289,0.0878906,0.74861,-8.9568e-06,0.802789,1,0
1.96289,0.107422,0.738449,-1.02635e-05,0.802789,1,0
1.98242,0.0878906,0.748611,-8.54728e-06,0.800838,1,0
1.98242,0.107422,0.73845,-9.79365e-06,0.800837,1,0
1.96289,0.126953,0.726181,-1.13035e-05,0.802789,1,0
1.96289,0.146484,0.711767,-1.20578e-05,0.802789,1,0
1.98242,0.126953,0.726182,-1.07853e-05,0.800837,1,0
1.98242,0.146484,0.711768,-1.15042e-05,0.800837,1,0
2.00195,0.0878906,0.748612,-8.15356e-06,0.798886,1,0
2.00195,0.107422,0.738451,-9.34199e-06,0.798886,1,0
2.02148,0.0878906,0.748614,-7.77512e-06,0.796934,1,0
2.02148,0.107422,0.738452,-8.90788e-06,0.796934,1,0
2.00195,0.126953,0.726183,-1.02872e-05,0.798886,1,0
2.00195,0.146484,0.711768,-1.0972e-05,0.798885,1,0
2.02148,0.126953,0.726184,-9.80849e-06,0.796934,1,0
2.02148,0.146484,0.711769,-1.04606e-05,0.796934,1,0
1.88477,0.166016,0.695159,-1.50585e-05,0.810596,1,0
1.88477,0.185547,0.676307,-1.52585e-05,0.810596,1,0
1.9043,0.166016,0.695159,-1.43852e-05,0.808644,1,0
1.9043,0.185547,0.676307,-1.45749e-05,0.808644,1,0
1.88477,0.205078,0.655152,-1.51154e-05,0.810596,1,0
1.88477,0.224609,0.631629,-1.46534e-05,0.810596,1,0
1.9043,0.205078,0.655152,-1.44368e-05,0.808644,1,0
1.9043,0.224609,0.631629,-1.39942e-05,0.808644,1,0
1.92383,0.166016,0.695159,-1.37375e-05,0.806693,1,0
1.92383,0.185547,0.676307,-1.39174e-05,0.806692,1,0
1.94336,0.166016,0.69516,-1.31146e-05,0.804741,1,0
1.94336,0.185547,0.676307,-1.32852e-05,0.804741,1,0
1.92383,0.205078,0.655152,-1.37842e-05,0.806692,1,0
1.92383,0.224609,0.631628,-1.33603e-05,0.806692,1,0
1.94336,0.205078,0.655151,-1.31567e-05,0.80474,1,0
1.94336,0.224609,0.631628,-1.27509e-05,0.80474,1,0
1.88477,0.244141,0.605669,-1.39068e-05,0.810596,1,0
1.88477,0.263672,0.577197,-1.29176e-05,0.810596,1,0
1.9043,0.244141,0.605668,-1.32799e-05,0.808644,1,0
1.9043,0.263672,0.577196,-1.23342e-05,0.808644,1,0
1.88477,0.283203,0.546134,-1.17337e-05,0.810595,1,0
1.88477,0.302734,0.512396,-1.04062e-05,0.810595,1,0
1.9043,0.283203,0.546133,-1.12027e-05,0.808644,1,0
1.9043,0.302734,0.512394,-9.93457e-06,0.808643,1,0
1.92383,0.244141,0.605667,-1.26771e-05,0.806692,1,0
1.92383,0.263672,0.577195,-1.17733e-05,0.806692,1,0
1.94336,0.244141,0.605667,-1.20977e-05,0.80474,1,0
1.94336,0.263672,0.577194,-1.12341e-05,0.80474,1,0
1.92383,0.283203,0.546132,-1.06923e-05,0.806692,1,0
1.92383,0.302734,0.512393,-9.4812e-06,0.806692,1,0
1.94336,0.283203,0.54613,-1.02017e-05,0.80474,1,0
1.94336,0.302734,0.512392,-9.04546e-06,0.80474,1,0
1.96289,0.166016,0.69516,-1.25158e-05,0.802789,1,0
1.96289,0.185547,0.676308,-1.26773e-05,0.802789,1,0
1.98242,0.166016,0.69516,-1.194e-05,0.800837,1,0
1.98242,0.185547,0.676308,-1.2093e-05,0.800837,1,0
1.96289,0.205078,0.655151,-1.25535e-05,0.802789,1,0
1.96289,0.224609,0.631627,-1.21651e-05,0.802788,1,0
1.98242,0.205078,0.655151,-1.19738e-05,0.800837,1,0
1.98242,0.224609,0.631627,-1.16021e-05,0.800837,1,0
2.00195,0.166016,0.695161,-1.13867e-05,0.798885,1,0
2.00195,0.185547,0.676308,-1.15315e-05,0.798885,1,0
2.02148,0.166016,0.695161,-1.0855e-05,0.796934,1,0
2.02148,0.185547,0.676308,-1.0992e-05,0.796933,1,0
2.00195,0.205078,0.655151,-1.14166e-05,0.798885,1,0
2.00195,0.224609,0.631626,-1.10611e-05,0.798885,1,0
2.02148,0.205078,0.65515,-1.08814e-05,0.796933,1,0
2.02148,0.224609,0.631626,-1.05414e-05,0.796933,1,0
1.96289,0.244141,0.605666,-1.15408e-05,0.802788,1,0
1.96289,0.263672,0.577193,-1.07159e-05,0.802788,1,0
1.98242,0.244141,0.605665,-1.10055e-05,0.800837,1,0
1.98242,0.263672,0.577192,-1.02179e-05,0.800836,1,0
1.96289,0.283203,0.546129,-9.73028e-06,0.802788,1,0
1.96289,0.302734,0.512391,-8.62674e-06,0.802788,1,0
1.98242,0.283203,0.546128,-9.27728e-06,0.800836,1,0
1.98242,0.302734,0.512389,-8.22443e-06,0.800836,1,0
2.00195,0.244141,0.605665,-1.04913e-05,0.798885,1,0
2.00195,0.263672,0.577191,-9.73952e-06,0.798885,1,0
2.02148,0.244141,0.605664,-9.99737e-06,0.796933,1,0
2.02148,0.263672,0.577191,-9.28002e-06,0.796933,1,0
2.00195,0.283203,0.546127,-8.84211e-06,0.798885,1,0
2.00195,0.302734,0.512388,-7.83798e-06,0.798885,1,0
2.02148,0.283203,0.546126,-8.42414e-06,0.796933,1,0
2.02148,0.302734,0.512387,-7.46683e-06,0.796933,1,0
2.04102,0.00976562,0.768769,-1.25252e-06,0.794982,1,0
2.04102,0.0292969,0.766764,-3.26732e-06,0.794982,1,0
2.06055,0.00976562,0.76877,-1.19362e-06,0.79303,1,0
2.06055,0.0292969,0.766765,-3.11361e-06,0.793031,1,0
2.04102,0.0488281,0.762746,-4.74384e-06,0.794982,1,0
2.04102,0.0683594,0.756704,-6.13837e-06,0.794982,1,0
2.06055,0.0488281,0.762748,-4.52054e-06,0.793031,1,0
2.06055,0.0683594,0.756705,-5.84925e-06,0.793031,1,0
2.08008,0.00976562,0.768772,-1.13704e-06,0.791079,1,0
2.08008,0.0292969,0.766767,-2.96596e-06,0.791079,1,0
2.09961,0.00976562,0.768773,-1.08271e-06,0.789127,1,0
2.09961,0.0292969,0.766768,-2.82415e-06,0.789127,1,0
2.08008,0.0488281,0.762749,-4.30605e-06,0.791079,1,0
2.08008,0.0683594,0.756706,-5.57153e-06,0.791079,1,0
2.09961,0.0488281,0.762751,-4.10005e-06,0.789127,1,0
2.09961,0.0683594,0.756707,-5.30483e-06,0.789127,1,0
2.04102,0.0878906,0.748615,-7.41145e-06,0.794982,1,0
2.04102,0.107422,0.738453,-8.49074e-06,0.794982,1,0
2.06055,0.0878906,0.748616,-7.06205e-06,0.79303,1,0
2.06055,0.107422,0.738454,-8.08998e-06,0.79303,1,0
2.04102,0.126953,0.726185,-9.34852e-06,0.794982,1,0
2.04102,0.146484,0.711769,-9.96924e-06,0.794982,1,0
2.06055,0.126953,0.726185,-8.90665e-06,0.79303,1,0
2.06055,0.146484,0.71177,-9.49725e-06,0.79303,1,0
2.08008,0.0878906,0.748617,-6.72645e-06,0.791079,1,0
2.08008,0.107422,0.738455,-7.70507e-06,0.791079,1,0
2.09961,0.0878906,0.748618,-6.40417e-06,0.789127,1,0
2.09961,0.107422,0.738456,-7.33546e-06,0.789127,1,0
2.08008,0.126953,0.726186,-8.48227e-06,0.791079,1,0
2.08008,0.146484,0.71177,-9.04398e-06,0.791078,1,0
2.09961,0.126953,0.726187,-8.07479e-06,0.789127,1,0
2.09961,0.146484,0.711771,-8.60878e-06,0.789127,1,0
2.11914,0.00976562,0.768775,-1.03053e-06,0.787175,1,0
2.11914,0.0292969,0.766769,-2.688e-06,0.787176,1,0
2.13867,0.00976562,0.768776,-9.80452e-07,0.785223,1,0
2.13867,0.0292969,0.766771,-2.5573e-06,0.785224,1,0
2.11914,0.0488281,0.762752,-3.90227e-06,0.787175,1,0
2.11914,0.0683594,0.756708,-5.04877e-06,0.787175,1,0
2.13867,0.0488281,0.762753,-3.71243e-06,0.785224,1,0
2.13867,0.0683594,0.75671,-4.803e-06,0.785224,1,0
2.1582,0.00976562,0.768777,-9.32393e-07,0.783272,1,0
2.1582,0.0292969,0.766772,-2.43189e-06,0.783272,1,0
2.17773,0.00976562,0.768778,-8.86286e-07,0.78132,1,0
2.17773,0.0292969,0.766773,-2.31157e-06,0.78132,1,0
2.1582,0.0488281,0.762754,-3.53026e-06,0.783272,1,0
2.1582,0.0683594,0.756711,-4.56717e-06,0.783272,1,0
2.17773,0.0488281,0.762755,-3.3555e-06,0.78132,1,0
2.17773,0.0683594,0.756712,-4.34092e-06,0.78132,1,0
2.11914,0.0878906,0.748619,-6.09476e-06,0.787175,1,0
2.11914,0.107422,0.738457,-6.98064e-06,0.787175,1,0
2.13867,0.0878906,0.74862,-5.7978e-06,0.785224,1,0
2.13867,0.107422,0.738457,-6.6401e-06,0.785224,1,0
2.11914,0.126953,0.726187,-7.68363e-06,0.787175,1,0
2.11914,0.146484,0.711771,-8.19105e-06,0.787175,1,0
2.13867,0.126953,0.726188,-7.30824e-06,0.785223,1,0
2.13867,0.146484,0.711772,-7.79018e-06,0.785223,1,0
2.1582,0.0878906,0.748621,-5.51285e-06,0.783272,1,0
2.1582,0.107422,0.738458,-6.31335e-06,0.783272,1,0
2.17773,0.0878906,0.748622,-5.23951e-06,0.78132,1,0
2.17773,0.107422,0.738459,-5.99993e-06,0.78132,1,0
2.1582,0.126953,0.726188,-6.94808e-06,0.783272,1,0
2.1582,0.146484,0.711772,-7.4056e-06,0.783272,1,0
2.17773,0.126953,0.726189,-6.60262e-06,0.78132,1,0
2.17773,0.146484,0.711772,-7.03675e-06,0.78132,1,0
2.04102,0.166016,0.695161,-1.03442e-05,0.794982,1,0
2.04102,0.185547,0.676308,-1.04737e-05,0.794982,1,0
2.06055,0.166016,0.695161,-9.85352e-06,0.79303,1,0
2.06055,0.185547,0.676308,-9.9759e-06,0.79303,1,0
2.04102,0.205078,0.65515,-1.03672e-05,0.794982,1,0
2.04102,0.224609,0.631625,-1.00423e-05,0.794981,1,0
2.06055,0.205078,0.65515,-9.87348e-06,0.79303,1,0
2.06055,0.224609,0.631625,-9.56297e-06,0.79303,1,0
2.08008,0.166016,0.695162,-9.38237e-06,0.791078,1,0
2.08008,0.185547,0.676308,-9.49793e-06,0.791078,1,0
2.09961,0.166016,0.695162,-8.93004e-06,0.789127,1,0
2.09961,0.185547,0.676308,-9.0391e-06,0.789126,1,0
2.08008,0.205078,0.65515,-9.39942e-06,0.791078,1,0
2.08008,0.224609,0.631624,-9.10282e-06,0.791078,1,0
2.09961,0.205078,0.65515,-8.94437e-06,0.789126,1,0
2.09961,0.224609,0.631624,-8.66116e-06,0.789126,1,0
2.04102,0.244141,0.605663,-9.52297e-06,0.794981,1,0
2.04102,0.263672,0.57719,-8.83875e-06,0.794981,1,0
2.06055,0.244141,0.605663,-9.06747e-06,0.79303,1,0
2.06055,0.263672,0.577189,-8.41508e-06,0.79303,1,0
2.04102,0.283203,0.546126,-8.02278e-06,0.794981,1,0
2.04102,0.302734,0.512386,-7.11046e-06,0.794981,1,0
2.06055,0.283203,0.546125,-7.63747e-06,0.793029,1,0
2.06055,0.302734,0.512385,-6.76834e-06,0.793029,1,0
2.08008,0.244141,0.605662,-8.6302e-06,0.791078,1,0
2.08008,0.263672,0.577188,-8.00841e-06,0.791078,1,0
2.09961,0.244141,0.605662,-8.21055e-06,0.789126,1,0
2.09961,0.263672,0.577188,-7.61815e-06,0.789126,1,0
2.08008,0.283203,0.546124,-7.26763e-06,0.791078,1,0
2.08008,0.302734,0.512385,-6.43999e-06,0.791078,1,0
2.09961,0.283203,0.546123,-6.91274e-06,0.789126,1,0
2.09961,0.302734,0.512384,-6.12492e-06,0.789126,1,0
2.11914,0.166016,0.695162,-8.4959e-06,0.787175,1,0
2.11914,0.185547,0.676308,-8.59875e-06,0.787175,1,0
2.13867,0.166016,0.695162,-8.07932e-06,0.785223,1,0
2.13867,0.185547,0.676308,-8.17625e-06,0.785223,1,0
2.11914,0.205078,0.655149,-8.50769e-06,0.787175,1,0
2.11914,0.224609,0.631624,-8.23736e-06,0.787175,1,0
2.13867,0.205078,0.655149,-8.08874e-06,0.785223,1,0
2.13867,0.224609,0.631623,-7.83079e-06,0.785223,1,0
2.1582,0.166016,0.695162,-7.67969e-06,0.783272,1,0
2.1582,0.185547,0.676308,-7.77097e-06,0.783271,1,0
2.17773,0.166016,0.695163,-7.29643e-06,0.78132,1,0
2.17773,0.185547,0.676308,-7.38233e-06,0.78132,1,0
2.1582,0.205078,0.655149,-7.6869e-06,0.783271,1,0
2.1582,0.224609,0.631623,-7.44087e-06,0.783271,1,0
2.17773,0.205078,0.655149,-7.30159e-06,0.78132,1,0
2.17773,0.224609,0.631623,-7.06702e-06,0.78132,1,0
2.11914,0.244141,0.605661,-7.80789e-06,0.787175,1,0
2.11914,0.263672,0.577187,-7.24372e-06,0.787174,1,0
2.13867,0.244141,0.605661,-7.42164e-06,0.785223,1,0
2.13867,0.263672,0.577187,-6.88457e-06,0.785223,1,0
2.11914,0.283203,0.546122,-6.57227e-06,0.787174,1,0
2.11914,0.302734,0.512383,-5.82268e-06,0.787174,1,0
2.13867,0.283203,0.546122,-6.24572e-06,0.785223,1,0
2.13867,0.302734,0.512382,-5.53281e-06,0.785223,1,0
2.1582,0.244141,0.60566,-7.05123e-06,0.783271,1,0
2.1582,0.263672,0.577186,-6.54019e-06,0.783271,1,0
2.17773,0.244141,0.60566,-6.69611e-06,0.78132,1,0
2.17773,0.263672,0.577185,-6.21004e-06,0.78132,1,0
2.1582,0.283203,0.546121,-5.93261e-06,0.783271,1,0
2.1582,0.302734,0.512381,-5.25489e-06,0.783271,1,0
2.17773,0.283203,0.54612,-5.63247e-06,0.781319,1,0
2.17773,0.302734,0.512381,-4.98849e-06,0.781319,1,0
1.88477,0.322266,0.475894,-8.98793e-06,0.810595,1,0
1.88477,0.341797,0.436537,-7.53124e-06,0.810595,1,0
1.9043,0.322266,0.475892,-8.58002e-06,0.808643,1,0
1.9043,0.341797,0.436535,-7.18909e-06,0.808643,1,0
1.88477,0.361328,0.394228,-6.0867e-06,0.810595,1,0
1.88477,0.380859,0.34887,-4.70203e-06,0.810595,1,0
1.9043,0.361328,0.394227,-5.81e-06,0.808643,1,0
1.9043,0.380859,0.348869,-4.48824e-06,0.808643,1,0
1.92383,0.322266,0.475891,-8.18793e-06,0.806692,1,0
1.92383,0.341797,0.436534,-6.86021e-06,0.806691,1,0
1.94336,0.322266,0.47589,-7.8111e-06,0.80474,1,0
1.94336,0.341797,0.436533,-6.54415e-06,0.80474,1,0
1.92383,0.361328,0.394226,-5.54403e-06,0.806691,1,0
1.92383,0.380859,0.348867,-4.28275e-06,0.806691,1,0
1.94336,0.361328,0.394224,-5.28844e-06,0.80474,1,0
1.94336,0.380859,0.348866,-4.08526e-06,0.80474,1,0
1.88477,0.400391,0.30036,-3.42161e-06,0.810595,1,0
1.88477,0.419922,0.248593,-2.28667e-06,0.810595,1,0
1.9043,0.400391,0.300358,-3.26608e-06,0.808643,1,0
1.9043,0.419922,0.248592,-2.18286e-06,0.808643,1,0
1.88477,0.439453,0.193466,-1.33533e-06,0.810595,1,0
1.88477,0.458984,0.134871,-5.97269e-07,0.810595,1,0
1.9043,0.439453,0.193465,-1.27482e-06,0.808643,1,0
1.9043,0.458984,0.13487,-5.70284e-07,0.808643,1,0
1.92383,0.400391,0.300357,-3.11661e-06,0.806691,1,0
1.92383,0.419922,0.248591,-2.08305e-06,0.806691,1,0
1.94336,0.400391,0.300356,-2.97294e-06,0.804739,1,0
1.94336,0.419922,0.24859,-1.98714e-06,0.804739,1,0
1.92383,0.439453,0.193464,-1.21665e-06,0.806691,1,0
1.92383,0.458984,0.13487,-5.44356e-07,0.806691,1,0
1.94336,0.439453,0.193464,-1.16073e-06,0.804739,1,0
1.94336,0.458984,0.134869,-5.19414e-07,0.804739,1,0
1.96289,0.322266,0.475889,-7.449e-06,0.802788,1,0
1.96289,0.341797,0.436531,-6.24045e-06,0.802788,1,0
1.98242,0.322266,0.475887,-7.10112e-06,0.800836,1,0
1.98242,0.341797,0.43653,-5.94869e-06,0.800836,1,0
1.96289,0.361328,0.394223,-5.04284e-06,0.802788,1,0
1.96289,0.380859,0.348865,-3.8955e-06,0.802788,1,0
1.98242,0.361328,0.394222,-4.8069e-06,0.800836,1,0
1.98242,0.380859,0.348864,-3.7132e-06,0.800836,1,0
2.00195,0.322266,0.475886,-6.76697e-06,0.798884,1,0
2.00195,0.341797,0.436529,-5.66844e-06,0.798884,1,0
2.02148,0.322266,0.475885,-6.44606e-06,0.796933,1,0
2.02148,0.341797,0.436528,-5.39931e-06,0.796933,1,0
2.00195,0.361328,0.394221,-4.58028e-06,0.798884,1,0
2.00195,0.380859,0.348863,-3.53809e-06,0.798884,1,0
2.02148,0.361328,0.39422,-4.36265e-06,0.796933,1,0
2.02148,0.380859,0.348862,-3.36994e-06,0.796933,1,0
1.96289,0.400391,0.300355,-2.8349e-06,0.802788,1,0
1.96289,0.419922,0.24859,-1.89496e-06,0.802788,1,0
1.98242,0.400391,0.300354,-2.70227e-06,0.800836,1,0
1.98242,0.419922,0.248589,-1.80641e-06,0.800836,1,0
1.96289,0.439453,0.193463,-1.10699e-06,0.802788,1,0
1.96289,0.458984,0.134869,-4.95457e-07,0.802787,1,0
1.98242,0.439453,0.193462,-1.05536e-06,0.800836,1,0
1.98242,0.458984,0.134868,-4.72418e-07,0.800836,1,0
2.00195,0.400391,0.300353,-2.57489e-06,0.798884,1,0
2.00195,0.419922,0.248588,-1.72133e-06,0.798884,1,0
2.02148,0.400391,0.300352,-2.45254e-06,0.796932,1,0
2.02148,0.419922,0.248587,-1.63964e-06,0.796932,1,0
2.00195,0.439453,0.193462,-1.00576e-06,0.798884,1,0
2.00195,0.458984,0.134868,-4.50299e-07,0.798884,1,0
2.02148,0.439453,0.193461,-9.58113e-07,0.796932,1,0
2.02148,0.458984,0.134867,-4.29033e-07,0.796932,1,0
1.88477,0.478516,0.0726988,-1.00462e-07,0.810594,1,0
1.88477,0.498047,0.00683754,4.5459e-08,0.810594,0.6,0
1.9043,0.478516,0.0726985,-9.59862e-08,0.808643,1,0
1.9043,0.498047,0.00683751,4.33955e-08,0.808642,0.6,0
1.92383,0.478516,0.0726982,-9.16784e-08,0.806691,1,0
1.92383,0.498047,0.00683748,4.14315e-08,0.806691,0.6,0
1.94336,0.478516,0.0726979,-8.75378e-08,0.804739,1,0
1.94336,0.498047,0.00683745,3.95238e-08,0.804739,0.6,0
1.96289,0.478516,0.0726976,-8.3553e-08,0.802787,1,0
1.96289,0.498047,0.00683742,3.77091e-08,0.802787,0.6,0
1.98242,0.478516,0.0726973,-7.9725e-08,0.800836,1,0
1.98242,0.498047,0.00683739,3.59466e-08,0.800835,0.6,0
2.00195,0.478516,0.072697,-7.60416e-08,0.798884,1,0
2.00195,0.498047,0.00683737,3.4271e-08,0.798884,0.6,0
2.02148,0.478516,0.0726968,-7.25052e-08,0.796932,1,0
2.02148,0.498047,0.00683734,3.26439e-08,0.796932,0.6,0
2.04102,0.322266,0.475884,-6.13793e-06,0.794981,1,0
2.04102,0.341797,0.436527,-5.14092e-06,0.794981,1,0
2.06055,0.322266,0.475883,-5.84215e-06,0.793029,1,0
2.06055,0.341797,0.436526,-4.89288e-06,0.793029,1,0
2.04102,0.361328,0.394219,-4.1537e-06,0.794981,1,0
2.04102,0.380859,0.348861,-3.20849e-06,0.794981,1,0
2.06055,0.361328,0.394218,-3.95313e-06,0.793029,1,0
2.06055,0.380859,0.34886,-3.05352e-06,0.793029,1,0
2.08008,0.322266,0.475882,-5.55828e-06,0.791078,1,0
2.08008,0.341797,0.436525,-4.65484e-06,0.791078,1,0
2.09961,0.322266,0.475882,-5.28591e-06,0.789126,1,0
2.09961,0.341797,0.436524,-4.42644e-06,0.789126,1,0
2.08008,0.361328,0.394217,-3.76065e-06,0.791077,1,0
2.08008,0.380859,0.348859,-2.90478e-06,0.791077,1,0
2.09961,0.361328,0.394216,-3.57597e-06,0.789126,1,0
2.09961,0.380859,0.348858,-2.76209e-06,0.789126,1,0
2.04102,0.400391,0.300351,-2.33509e-06,0.794981,1,0
2.04102,0.419922,0.248586,-1.56119e-06,0.794981,1,0
2.06055,0.400391,0.300351,-2.22233e-06,0.793029,1,0
2.06055,0.419922,0.248586,-1.48589e-06,0.793029,1,0
2.04102,0.439453,0.19346,-9.12362e-07,0.794981,1,0
2.04102,0.458984,0.134867,-4.08628e-07,0.794981,1,0
2.06055,0.439453,0.19346,-8.68439e-07,0.793029,1,0
2.06055,0.458984,0.134867,-3.89016e-07,0.793029,1,0
2.08008,0.400391,0.30035,-2.11412e-06,0.791077,1,0
2.08008,0.419922,0.248585,-1.4136e-06,0.791077,1,0
2.09961,0.400391,0.300349,-2.01028e-06,0.789126,1,0
2.09961,0.419922,0.248584,-1.34426e-06,0.789126,1,0
2.08008,0.439453,0.193459,-8.26277e-07,0.791077,1,0
2.08008,0.458984,0.134866,-3.70207e-07,0.791077,1,0
2.09961,0.439453,0.193459,-7.8582e-07,0.789126,1,0
2.09961,0.458984,0.134866,-3.52136e-07,0.789126,1,0
2.11914,0.322266,0.475881,-5.02464e-06,0.787174,1,0
2.11914,0.341797,0.436523,-4.20736e-06,0.787174,1,0
2.13867,0.322266,0.47588,-4.77407e-06,0.785223,1,0
2.13867,0.341797,0.436523,-3.99727e-06,0.785223,1,0
2.11914,0.361328,0.394215,-3.39883e-06,0.787174,1,0
2.11914,0.380859,0.348858,-2.62521e-06,0.787174,1,0
2.13867,0.361328,0.394215,-3.22895e-06,0.785223,1,0
2.13867,0.380859,0.348857,-2.49395e-06,0.785222,1,0
2.1582,0.322266,0.475879,-4.53385e-06,0.783271,1,0
2.1582,0.341797,0.436522,-3.79586e-06,0.783271,1,0
2.17773,0.322266,0.475878,-4.3036e-06,0.781319,1,0
2.17773,0.341797,0.436521,-3.60281e-06,0.781319,1,0
2.1582,0.361328,0.394214,-3.06609e-06,0.783271,1,0
2.1582,0.380859,0.348856,-2.3681e-06,0.783271,1,0
2.17773,0.361328,0.394213,-2.91001e-06,0.781319,1,0
2.17773,0.380859,0.348856,-2.2475e-06,0.781319,1,0
2.11914,0.400391,0.300348,-1.9107e-06,0.787174,1,0
2.11914,0.419922,0.248584,-1.27771e-06,0.787174,1,0
2.13867,0.400391,0.300348,-1.81517e-06,0.785222,1,0
2.13867,0.419922,0.248583,-1.21392e-06,0.785222,1,0
2.11914,0.439453,0.193458,-7.47004e-07,0.787174,1,0
2.11914,0.458984,0.134865,-3.34816e-07,0.787174,1,0
2.13867,0.439453,0.193458,-7.09777e-07,0.785222,1,0
2.13867,0.458984,0.134865,-3.18182e-07,0.785222,1,0
2.1582,0.400391,0.300347,-1.72361e-06,0.783271,1,0
2.1582,0.419922,0.248583,-1.15273e-06,0.783271,1,0
2.17773,0.400391,0.300347,-1.63584e-06,0.781319,1,0
2.17773,0.419922,0.248582,-1.0941e-06,0.781319,1,0
2.1582,0.439453,0.193458,-6.74079e-07,0.783271,1,0
2.1582,0.458984,0.134865,-3.02248e-07,0.783271,1,0
2.17773,0.439453,0.193457,-6.3986e-07,0.781319,1,0
2.17773,0.458984,0.134865,-2.86953e-07,0.781319,1,0
2.04102,0.478516,0.0726966,-6.91029e-08,0.79498,1,0
2.04102,0.498047,0.00683732,3.10979e-08,0.79498,0.6,0
2.06055,0.478516,0.0726963,-6.58385e-08,0.793029,1,0
2.06055,0.498047,0.00683729,2.9597e-08,0.793029,0.6,0
2.08008,0.478516,0.0726961,-6.26986e-08,0.791077,1,0
2.08008,0.498047,0.00683727,2.8172e-08,0.791077,0.6,0
2.09961,0.478516,0.0726959,-5.96879e-08,0.789125,1,0
2.09961,0.498047,0.00683725,2.67887e-08,0.789125,0.6,0
2.11914,0.478516,0.0726957,-5.67926e-08,0.787174,1,0
2.11914,0.498047,0.00683723,2.54764e-08,0.787174,0.6,0
2.13867,0.478516,0.0726955,-5.40187e-08,0.785222,1,0
2.13867,0.498047,0.00683721,2.42028e-08,0.785222,0.6,0
2.1582,0.478516,0.0726953,-5.13516e-08,0.783271,1,0
2.1582,0.498047,0.00683719,2.29956e-08,0.78327,0.6,0
2.17773,0.478516,0.0726952,-4.87984e-08,0.781319,1,0
2.17773,0.498047,0.00683718,2.18243e-08,0.781319,0.6,0
2.19727,0.00976562,0.768779,-8.42065e-07,0.779369,1,0
2.19727,0.0292969,0.766774,-2.19618e-06,0.779369,1,0
2.2168,0.00976562,0.768781,-7.99666e-07,0.777417,1,0
2.2168,0.0292969,0.766775,-2.08554e-06,0.777417,1,0
2.19727,0.0488281,0.762756,-3.18789e-06,0.779369,1,0
2.19727,0.0683594,0.756712,-4.12395e-06,0.779369,1,0
2.2168,0.0488281,0.762757,-3.02719e-06,0.777417,1,0
2.2168,0.0683594,0.756713,-3.91593e-06,0.777417,1,0
2.23633,0.00976562,0.768782,-7.59024e-07,0.775465,1,0
2.23633,0.0292969,0.766776,-1.97949e-06,0.775466,1,0
2.25586,0.00976562,0.768782,-7.20081e-07,0.773514,1,0
2.25586,0.0292969,0.766777,-1.87787e-06,0.773514,1,0
2.23633,0.0488281,0.762758,-2.87316e-06,0.775465,1,0
2.23633,0.0683594,0.756714,-3.71654e-06,0.775465,1,0
2.25586,0.0488281,0.762759,-2.72557e-06,0.773514,1,0
2.25586,0.0683594,0.756715,-3.5255e-06,0.773514,1,0
2.19727,0.0878906,0.748623,-4.97737e-06,0.779369,1,0
2.19727,0.107422,0.738459,-5.69937e-06,0.779369,1,0
2.2168,0.0878906,0.748623,-4.72605e-06,0.777417,1,0
2.2168,0.107422,0.73846,-5.41123e-06,0.777417,1,0
2.19727,0.126953,0.726189,-6.27136e-06,0.779368,1,0
2.19727,0.146484,0.711773,-6.68309e-06,0.779368,1,0
2.2168,0.126953,0.72619,-5.95382e-06,0.777417,1,0
2.2168,0.146484,0.711773,-6.34408e-06,0.777417,1,0
2.23633,0.0878906,0.748624,-4.48519e-06,0.775465,1,0
2.23633,0.107422,0.738461,-5.13509e-06,0.775465,1,0
2.25586,0.0878906,0.748625,-4.2544e-06,0.773514,1,0
2.25586,0.107422,0.738461,-4.87052e-06,0.773514,1,0
2.23633,0.126953,0.72619,-5.6495e-06,0.775465,1,0
2.23633,0.146484,0.711773,-6.01922e-06,0.775465,1,0
2.25586,0.126953,0.726191,-5.35796e-06,0.773514,1,0
2.25586,0.146484,0.711774,-5.70802e-06,0.773514,1,0
2.27539,0.00976562,0.768783,-6.82777e-07,0.771562,1,0
2.27539,0.0292969,0.766778,-1.78053e-06,0.771562,1,0
2.29492,0.00976562,0.768784,-6.47054e-07,0.76961,1,0
2.29492,0.0292969,0.766779,-1.68732e-06,0.769611,1,0
2.27539,0.0488281,0.76276,-2.5842e-06,0.771562,1,0
2.27539,0.0683594,0.756716,-3.34251e-06,0.771562,1,0
2.29492,0.0488281,0.762761,-2.44882e-06,0.769611,1,0
2.29492,0.0683594,0.756716,-3.16729e-06,0.769611,1,0
2.31445,0.00976562,0.768785,-6.12857e-07,0.767659,1,0
2.31445,0.0292969,0.766779,-1.5981e-06,0.767659,1,0
2.33398,0.00976562,0.768786,-5.80134e-07,0.765707,1,0
2.33398,0.0292969,0.76678,-1.51271e-06,0.765708,1,0
2.31445,0.0488281,0.762761,-2.31924e-06,0.767659,1,0
2.31445,0.0683594,0.756717,-2.99957e-06,0.767659,1,0
2.33398,0.0488281,0.762762,-2.19524e-06,0.765708,1,0
2.33398,0.0683594,0.756718,-2.83908e-06,0.765707,1,0
2.27539,0.0878906,0.748625,-4.03336e-06,0.771562,1,0
2.27539,0.107422,0.738462,-4.61712e-06,0.771562,1,0
2.29492,0.0878906,0.748626,-3.8217e-06,0.769611,1,0
2.29492,0.107422,0.738462,-4.3745e-06,0.769611,1,0
2.27539,0.126953,0.726191,-5.07875e-06,0.771562,1,0
2.27539,0.146484,0.711774,-5.41e-06,0.771562,1,0
2.29492,0.126953,0.726192,-4.81143e-06,0.76961,1,0
2.29492,0.146484,0.711774,-5.1247e-06,0.76961,1,0
2.31445,0.0878906,0.748627,-3.61911e-06,0.767659,1,0
2.31445,0.107422,0.738463,-4.14229e-06,0.767659,1,0
2.33398,0.0878906,0.748627,-3.42527e-06,0.765707,1,0
2.33398,0.107422,0.738463,-3.92011e-06,0.765707,1,0
2.31445,0.126953,0.726192,-4.5556e-06,0.767659,1,0
2.31445,0.146484,0.711774,-4.85167e-06,0.767659,1,0
2.33398,0.126953,0.726192,-4.31083e-06,0.765707,1,0
2.33398,0.146484,0.711775,-4.59047e-06,0.765707,1,0
2.19727,0.166016,0.695163,-6.92898e-06,0.779368,1,0
2.19727,0.185547,0.676308,-7.00974e-06,0.779368,1,0
2.2168,0.166016,0.695163,-6.57678e-06,0.777417,1,0
2.2168,0.185547,0.676308,-6.65265e-06,0.777417,1,0
2.19727,0.205078,0.655149,-6.93223e-06,0.779368,1,0
2.19727,0.224609,0.631622,-6.70866e-06,0.779368,1,0
2.2168,0.205078,0.655149,-6.57826e-06,0.777417,1,0
2.2168,0.224609,0.631622,-6.36528e-06,0.777416,1,0
2.23633,0.166016,0.695163,-6.23932e-06,0.775465,1,0
2.23633,0.185547,0.676308,-6.31052e-06,0.775465,1,0
2.25586,0.166016,0.695163,-5.91606e-06,0.773513,1,0
2.25586,0.185547,0.676308,-5.98282e-06,0.773513,1,0
2.23633,0.205078,0.655148,-6.23914e-06,0.775465,1,0
2.23633,0.224609,0.631622,-6.03633e-06,0.775465,1,0
2.25586,0.205078,0.655148,-5.91436e-06,0.773513,1,0
2.25586,0.224609,0.631622,-5.72131e-06,0.773513,1,0
2.19727,0.244141,0.605659,-6.35575e-06,0.779368,1,0
2.19727,0.263672,0.577185,-5.89363e-06,0.779368,1,0
2.2168,0.244141,0.605659,-6.02962e-06,0.777416,1,0
2.2168,0.263672,0.577184,-5.59048e-06,0.777416,1,0
2.19727,0.283203,0.54612,-5.34484e-06,0.779368,1,0
2.19727,0.302734,0.51238,-4.73321e-06,0.779368,1,0
2.2168,0.283203,0.546119,-5.06928e-06,0.777416,1,0
2.2168,0.302734,0.51238,-4.48867e-06,0.777416,1,0
2.23633,0.244141,0.605659,-5.71724e-06,0.775465,1,0
2.23633,0.263672,0.577184,-5.30013e-06,0.775465,1,0
2.25586,0.244141,0.605658,-5.41811e-06,0.773513,1,0
2.25586,0.263672,0.577183,-5.02213e-06,0.773513,1,0
2.23633,0.283203,0.546119,-4.80538e-06,0.775465,1,0
2.23633,0.302734,0.512379,-4.25448e-06,0.775465,1,0
2.25586,0.283203,0.546118,-4.55271e-06,0.773513,1,0
2.25586,0.302734,0.512378,-4.03028e-06,0.773513,1,0
2.27539,0.166016,0.695163,-5.60652e-06,0.771562,1,0
2.27539,0.185547,0.676308,-5.66906e-06,0.771562,1,0
2.29492,0.166016,0.695164,-5.3102e-06,0.76961,1,0
2.29492,0.185547,0.676308,-5.36873e-06,0.76961,1,0
2.27539,0.205078,0.655148,-5.60341e-06,0.771562,1,0
2.27539,0.224609,0.631621,-5.41973e-06,0.771562,1,0
2.29492,0.205078,0.655148,-5.30581e-06,0.76961,1,0
2.29492,0.224609,0.631621,-5.13112e-06,0.76961,1,0
2.31445,0.166016,0.695164,-5.02666e-06,0.767659,1,0
2.31445,0.185547,0.676308,-5.08136e-06,0.767659,1,0
2.33398,0.166016,0.695164,-4.75542e-06,0.765707,1,0
2.33398,0.185547,0.676308,-4.80649e-06,0.765707,1,0
2.31445,0.205078,0.655148,-5.02107e-06,0.767659,1,0
2.31445,0.224609,0.631621,-4.85502e-06,0.767659,1,0
2.33398,0.205078,0.655148,-4.74874e-06,0.765707,1,0
2.33398,0.224609,0.631621,-4.59097e-06,0.765707,1,0
2.27539,0.244141,0.605658,-5.13177e-06,0.771562,1,0
2.27539,0.263672,0.577183,-4.75603e-06,0.771562,1,0
2.29492,0.244141,0.605657,-4.85776e-06,0.76961,1,0
2.29492,0.263672,0.577183,-4.50141e-06,0.76961,1,0
2.27539,0.283203,0.546118,-4.31088e-06,0.771562,1,0
2.27539,0.302734,0.512378,-3.81572e-06,0.771562,1,0
2.29492,0.283203,0.546117,-4.07951e-06,0.76961,1,0
2.29492,0.302734,0.512377,-3.61044e-06,0.76961,1,0
2.31445,0.244141,0.605657,-4.59565e-06,0.767659,1,0
2.31445,0.263672,0.577182,-4.25787e-06,0.767658,1,0
2.33398,0.244141,0.605657,-4.34501e-06,0.765707,1,0
2.33398,0.263672,0.577182,-4.02501e-06,0.765707,1,0
2.31445,0.283203,0.546117,-3.85823e-06,0.767658,1,0
2.31445,0.302734,0.512377,-3.41412e-06,0.767658,1,0
2.33398,0.283203,0.546116,-3.64666e-06,0.765707,1,0
2.33398,0.302734,0.512376,-3.22645e-06,0.765707,1,0
2.35352,0.00976562,0.768787,-5.4883e-07,0.763756,1,0
2.35352,0.0292969,0.766781,-1.43104e-06,0.763756,1,0
2.37305,0.00976562,0.768787,-5.18898e-07,0.761804,1,0
2.37305,0.0292969,0.766782,-1.35294e-06,0.761804,1,0
2.35352,0.0488281,0.762763,-2.07663e-06,0.763756,1,0
2.35352,0.0683594,0.756718,-2.68557e-06,0.763756,1,0
2.37305,0.0488281,0.762763,-1.96322e-06,0.761804,1,0
2.37305,0.0683594,0.756719,-2.53879e-06,0.761804,1,0
2.39258,0.00976562,0.768788,-4.90286e-07,0.759853,1,0
2.39258,0.0292969,0.766782,-1.27829e-06,0.759853,1,0
2.41211,0.00976562,0.768788,-4.62948e-07,0.757901,1,0
2.41211,0.0292969,0.766783,-1.20697e-06,0.757901,1,0
2.39258,0.0488281,0.762764,-1.85482e-06,0.759853,1,0
2.39258,0.0683594,0.756719,-2.3985e-06,0.759853,1,0
2.41211,0.0488281,0.762764,-1.75125e-06,0.757901,1,0
2.41211,0.0683594,0.75672,-2.26446e-06,0.757901,1,0
2.35352,0.0878906,0.748628,-3.23986e-06,0.763756,1,0
2.35352,0.107422,0.738464,-3.70762e-06,0.763756,1,0
2.37305,0.0878906,0.748628,-3.06259e-06,0.761804,1,0
2.37305,0.107422,0.738464,-3.50445e-06,0.761804,1,0
2.35352,0.126953,0.726193,-4.07674e-06,0.763756,1,0
2.35352,0.146484,0.711775,-4.34068e-06,0.763756,1,0
2.37305,0.126953,0.726193,-3.85295e-06,0.761804,1,0
2.37305,0.146484,0.711775,-4.1019e-06,0.761804,1,0
2.39258,0.0878906,0.748629,-2.89316e-06,0.759853,1,0
2.39258,0.107422,0.738464,-3.31029e-06,0.759853,1,0
2.41211,0.0878906,0.748629,-2.7313e-06,0.757901,1,0
2.41211,0.107422,0.738465,-3.1248e-06,0.757901,1,0
2.39258,0.126953,0.726193,-3.63909e-06,0.759853,1,0
2.39258,0.146484,0.711775,-3.87373e-06,0.759853,1,0
2.41211,0.126953,0.726193,-3.43479e-06,0.757901,1,0
2.41211,0.146484,0.711775,-3.65579e-06,0.757901,1,0
2.43164,0.00976562,0.768789,-4.36839e-07,0.75595,1,0
2.43164,0.0292969,0.766783,-1.13885e-06,0.75595,1,0
2.45117,0.00976562,0.76879,-4.11913e-07,0.753998,1,0
2.45117,0.0292969,0.766784,-1.07383e-06,0.753998,1,0
2.43164,0.0488281,0.762765,-1.65234e-06,0.75595,1,0
2.43164,0.0683594,0.75672,-2.13646e-06,0.75595,1,0
2.45117,0.0488281,0.762765,-1.55791e-06,0.753998,1,0
2.45117,0.0683594,0.756721,-2.01427e-06,0.753998,1,0
2.4707,0.00976562,0.76879,-3.88128e-07,0.752047,1,0
2.4707,0.0292969,0.766784,-1.01178e-06,0.752047,1,0
2.49023,0.00976562,0.768791,-3.65441e-07,0.750095,1,0
2.49023,0.0292969,0.766785,-9.52592e-07,0.750095,1,0
2.4707,0.0488281,0.762766,-1.46781e-06,0.752047,1,0
2.4707,0.0683594,0.756721,-1.89768e-06,0.752047,1,0
2.49023,0.0488281,0.762766,-1.38188e-06,0.750095,1,0
2.49023,0.0683594,0.756722,-1.78648e-06,0.750095,1,0
2.43164,0.0878906,0.748629,-2.57672e-06,0.75595,1,0
2.43164,0.107422,0.738465,-2.94768e-06,0.75595,1,0
2.45117,0.0878906,0.74863,-2.42917e-06,0.753998,1,0
2.45117,0.107422,0.738465,-2.77862e-06,0.753998,1,0
2.43164,0.126953,0.726194,-3.23973e-06,0.75595,1,0
2.43164,0.146484,0.711776,-3.44771e-06,0.75595,1,0
2.45117,0.126953,0.726194,-3.05355e-06,0.753998,1,0
2.45117,0.146484,0.711776,-3.24912e-06,0.753998,1,0
2.4707,0.0878906,0.74863,-2.28839e-06,0.752047,1,0
2.4707,0.107422,0.738466,-2.61732e-06,0.752047,1,0
2.49023,0.0878906,0.748631,-2.15413e-06,0.750095,1,0
2.49023,0.107422,0.738466,-2.4635e-06,0.750095,1,0
2.4707,0.126953,0.726194,-2.87594e-06,0.752047,1,0
2.4707,0.146484,0.711776,-3.05969e-06,0.752047,1,0
2.49023,0.126953,0.726194,-2.70657e-06,0.750095,1,0
2.49023,0.146484,0.711776,-2.87906e-06,0.750095,1,0
2.35352,0.166016,0.695164,-4.49606e-06,0.763756,1,0
2.35352,0.185547,0.676308,-4.54368e-06,0.763756,1,0
2.37305,0.166016,0.695164,-4.24815e-06,0.761804,1,0
2.37305,0.185547,0.676308,-4.29249e-06,0.761804,1,0
2.35352,0.205078,0.655148,-4.48839e-06,0.763756,1,0
2.35352,0.224609,0.631621,-4.33856e-06,0.763756,1,0
2.37305,0.205078,0.655148,-4.23957e-06,0.761804,1,0
2.37305,0.224609,0.63162,-4.09735e-06,0.761804,1,0
2.39258,0.166016,0.695164,-4.01127e-06,0.759853,1,0
2.39258,0.185547,0.676308,-4.0525e-06,0.759853,1,0
2.41211,0.166016,0.695164,-3.78503e-06,0.757901,1,0
2.41211,0.185547,0.676308,-3.82332e-06,0.757901,1,0
2.39258,0.205078,0.655148,-4.00187e-06,0.759852,1,0
2.39258,0.224609,0.63162,-3.86695e-06,0.759852,1,0
2.41211,0.205078,0.655147,-3.77489e-06,0.757901,1,0
2.41211,0.224609,0.63162,-3.64696e-06,0.757901,1,0
2.35352,0.244141,0.605657,-4.10543e-06,0.763755,1,0
2.35352,0.263672,0.577182,-3.80245e-06,0.763755,1,0
2.37305,0.244141,0.605656,-3.87652e-06,0.761804,1,0
2.37305,0.263672,0.577181,-3.58981e-06,0.761804,1,0
2.35352,0.283203,0.546116,-3.44447e-06,0.763755,1,0
2.35352,0.302734,0.512376,-3.0471e-06,0.763755,1,0
2.37305,0.283203,0.546116,-3.25131e-06,0.761804,1,0
2.37305,0.302734,0.512376,-2.87578e-06,0.761804,1,0
2.39258,0.244141,0.605656,-3.65788e-06,0.759852,1,0
2.39258,0.263672,0.577181,-3.38674e-06,0.759852,1,0
2.41211,0.244141,0.605656,-3.44914e-06,0.757901,1,0
2.41211,0.263672,0.577181,-3.19288e-06,0.757901,1,0
2.39258,0.283203,0.546115,-3.06685e-06,0.759852,1,0
2.39258,0.302734,0.512375,-2.71219e-06,0.759852,1,0
2.41211,0.283203,0.546115,-2.89079e-06,0.757901,1,0
2.41211,0.302734,0.512375,-2.55606e-06,0.757901,1,0
2.43164,0.166016,0.695164,-3.56905e-06,0.75595,1,0
2.43164,0.185547,0.676308,-3.60454e-06,0.75595,1,0
2.45117,0.166016,0.695164,-3.36294e-06,0.753998,1,0
2.45117,0.185547,0.676308,-3.39579e-06,0.753998,1,0
2.43164,0.205078,0.655147,-3.55824e-06,0.755949,1,0
2.43164,0.224609,0.63162,-3.437e-06,0.755949,1,0
2.45117,0.205078,0.655147,-3.35155e-06,0.753998,1,0
2.45117,0.224609,0.63162,-3.23672e-06,0.753998,1,0
2.4707,0.166016,0.695164,-3.16635e-06,0.752047,1,0
2.4707,0.185547,0.676308,-3.1967e-06,0.752047,1,0
2.49023,0.166016,0.695164,-2.97892e-06,0.750095,1,0
2.49023,0.185547,0.676308,-3.00691e-06,0.750095,1,0
2.4707,0.205078,0.655147,-3.15443e-06,0.752046,1,0
2.4707,0.224609,0.63162,-3.04574e-06,0.752046,1,0
2.49023,0.205078,0.655147,-2.96655e-06,0.750095,1,0
2.49023,0.224609,0.631619,-2.86372e-06,0.750095,1,0
2.43164,0.244141,0.605656,-3.24995e-06,0.755949,1,0
2.43164,0.263672,0.57718,-3.00791e-06,0.755949,1,0
2.45117,0.244141,0.605655,-3.05995e-06,0.753998,1,0
2.45117,0.263672,0.57718,-2.83149e-06,0.753998,1,0
2.43164,0.283203,0.546115,-2.72281e-06,0.755949,1,0
2.43164,0.302734,0.512375,-2.40711e-06,0.755949,1,0
2.45117,0.283203,0.546114,-2.56261e-06,0.753998,1,0
2.45117,0.302734,0.512374,-2.26508e-06,0.753998,1,0
2.4707,0.244141,0.605655,-2.8788e-06,0.752046,1,0
2.4707,0.263672,0.57718,-2.66331e-06,0.752046,1,0
2.49023,0.244141,0.605655,-2.70617e-06,0.750095,1,0
2.49023,0.263672,0.57718,-2.50306e-06,0.750095,1,0
2.4707,0.283203,0.546114,-2.40992e-06,0.752046,1,0
2.4707,0.302734,0.512374,-2.1297e-06,0.752046,1,0
2.49023,0.283203,0.546114,-2.26444e-06,0.750095,1,0
2.49023,0.302734,0.512374,-2.00074e-06,0.750095,1,0
2.19727,0.322266,0.475878,-4.08297e-06,0.779368,1,0
2.19727,0.341797,0.43652,-3.41784e-06,0.779368,1,0
2.2168,0.322266,0.475877,-3.87163e-06,0.777416,1,0
2.2168,0.341797,0.43652,-3.24066e-06,0.777416,1,0
2.19727,0.361328,0.394213,-2.76045e-06,0.779368,1,0
2.19727,0.380859,0.348855,-2.13193e-06,0.779368,1,0
2.2168,0.361328,0.394212,-2.6172e-06,0.777416,1,0
2.2168,0.380859,0.348854,-2.02124e-06,0.777416,1,0
2.23633,0.322266,0.475877,-3.66925e-06,0.775465,1,0
2.23633,0.341797,0.436519,-3.07099e-06,0.775465,1,0
2.25586,0.322266,0.475876,-3.47551e-06,0.773513,1,0
2.25586,0.341797,0.436519,-2.90858e-06,0.773513,1,0
2.23633,0.361328,0.394211,-2.48002e-06,0.775465,1,0
2.23633,0.380859,0.348854,-1.91525e-06,0.775464,1,0
2.25586,0.361328,0.394211,-2.34872e-06,0.773513,1,0
2.25586,0.380859,0.348853,-1.81379e-06,0.773513,1,0
2.19727,0.400391,0.300346,-1.55175e-06,0.779368,1,0
2.19727,0.419922,0.248582,-1.0379e-06,0.779368,1,0
2.2168,0.400391,0.300346,-1.47119e-06,0.777416,1,0
2.2168,0.419922,0.248581,-9.84089e-07,0.777416,1,0
2.19727,0.439453,0.193457,-6.07066e-07,0.779368,1,0
2.19727,0.458984,0.134864,-2.72312e-07,0.779367,1,0
2.2168,0.439453,0.193456,-5.7565e-07,0.777416,1,0
2.2168,0.458984,0.134864,-2.58264e-07,0.777416,1,0
2.23633,0.400391,0.300345,-1.39406e-06,0.775464,1,0
2.23633,0.419922,0.248581,-9.32533e-07,0.775464,1,0
2.25586,0.400391,0.300345,-1.32021e-06,0.773513,1,0
2.25586,0.419922,0.24858,-8.83198e-07,0.773513,1,0
2.23633,0.439453,0.193456,-5.45559e-07,0.775464,1,0
2.23633,0.458984,0.134864,-2.44826e-07,0.775464,1,0
2.25586,0.439453,0.193456,-5.16753e-07,0.773513,1,0
2.25586,0.458984,0.134863,-2.3194e-07,0.773513,1,0
2.27539,0.322266,0.475875,-3.2901e-06,0.771561,1,0
2.27539,0.341797,0.436518,-2.75316e-06,0.771561,1,0
2.29492,0.322266,0.475875,-3.11274e-06,0.76961,1,0
2.29492,0.341797,0.436518,-2.60449e-06,0.76961,1,0
2.27539,0.361328,0.39421,-2.22307e-06,0.771561,1,0
2.27539,0.380859,0.348853,-1.7167e-06,0.771561,1,0
2.29492,0.361328,0.39421,-2.10288e-06,0.76961,1,0
2.29492,0.380859,0.348852,-1.62383e-06,0.76961,1,0
2.31445,0.322266,0.475874,-2.94312e-06,0.767658,1,0
2.31445,0.341797,0.436517,-2.46232e-06,0.767658,1,0
2.33398,0.322266,0.475874,-2.78098e-06,0.765707,1,0
2.33398,0.341797,0.436517,-2.32643e-06,0.765707,1,0
2.31445,0.361328,0.394209,-1.98794e-06,0.767658,1,0
2.31445,0.380859,0.348852,-1.53502e-06,0.767658,1,0
2.33398,0.361328,0.394209,-1.87809e-06,0.765707,1,0
2.33398,0.380859,0.348851,-1.45013e-06,0.765707,1,0
2.27539,0.400391,0.300344,-1.24956e-06,0.771561,1,0
2.27539,0.419922,0.24858,-8.35964e-07,0.771561,1,0
2.29492,0.400391,0.300344,-1.18196e-06,0.76961,1,0
2.29492,0.419922,0.24858,-7.90798e-07,0.76961,1,0
2.27539,0.439453,0.193455,-4.8918e-07,0.771561,1,0
2.27539,0.458984,0.134863,-2.19624e-07,0.771561,1,0
2.29492,0.439453,0.193455,-4.62802e-07,0.76961,1,0
2.29492,0.458984,0.134863,-2.07819e-07,0.76961,1,0
2.31445,0.400391,0.300343,-1.11733e-06,0.767658,1,0
2.31445,0.419922,0.248579,-7.47585e-07,0.767658,1,0
2.33398,0.400391,0.300343,-1.05553e-06,0.765707,1,0
2.33398,0.419922,0.248579,-7.06295e-07,0.765707,1,0
2.31445,0.439453,0.193455,-4.3757e-07,0.767658,1,0
2.31445,0.458984,0.134863,-1.96545e-07,0.767658,1,0
2.33398,0.439453,0.193454,-4.13451e-07,0.765707,1,0
2.33398,0.458984,0.134863,-1.85746e-07,0.765707,1,0
2.19727,0.478516,0.072695,-4.63442e-08,0.779367,1,0
2.19727,0.498047,0.00683716,2.07149e-08,0.779367,0.6,0
2.2168,0.478516,0.0726949,-4.39968e-08,0.777416,1,0
2.2168,0.498047,0.00683714,1.96389e-08,0.777416,0.6,0
2.23633,0.478516,0.0726947,-4.1741e-08,0.775464,1,0
2.23633,0.498047,0.00683713,1.86208e-08,0.775464,0.6,0
2.25586,0.478516,0.0726946,-3.95854e-08,0.773513,1,0
2.25586,0.498047,0.00683712,1.76335e-08,0.773513,0.6,0
2.27539,0.478516,0.0726945,-3.75145e-08,0.771561,1,0
2.27539,0.498047,0.0068371,1.67003e-08,0.771561,0.6,0
2.29492,0.478516,0.0726943,-3.55375e-08,0.76961,1,0
2.29492,0.498047,0.00683709,1.57956e-08,0.76961,0.6,0
2.31445,0.478516,0.0726942,-3.36389e-08,0.767658,1,0
2.31445,0.498047,0.00683708,1.49414e-08,0.767658,0.6,0
2.33398,0.478516,0.0726941,-3.18283e-08,0.765707,1,0
2.33398,0.498047,0.00683707,1.41136e-08,0.765707,0.6,0
2.35352,0.322266,0.475873,-2.62605e-06,0.763755,1,0
2.35352,0.341797,0.436516,-2.19658e-06,0.763755,1,0
2.37305,0.322266,0.475873,-2.47806e-06,0.761804,1,0
2.37305,0.341797,0.436516,-2.07255e-06,0.761804,1,0
2.35352,0.361328,0.394208,-1.77312e-06,0.763755,1,0
2.35352,0.380859,0.348851,-1.36902e-06,0.763755,1,0
2.37305,0.361328,0.394208,-1.67286e-06,0.761804,1,0
2.37305,0.380859,0.348851,-1.29155e-06,0.761804,1,0
2.39258,0.322266,0.475873,-2.33676e-06,0.759852,1,0
2.39258,0.341797,0.436515,-1.95414e-06,0.759852,1,0
2.41211,0.322266,0.475872,-2.20191e-06,0.757901,1,0
2.41211,0.341797,0.436515,-1.84114e-06,0.757901,1,0
2.39258,0.361328,0.394208,-1.57715e-06,0.759852,1,0
2.39258,0.380859,0.34885,-1.2176e-06,0.759852,1,0
2.41211,0.361328,0.394207,-1.48581e-06,0.757901,1,0
2.41211,0.380859,0.34885,-1.14702e-06,0.757901,1,0
2.35352,0.400391,0.300343,-9.96505e-07,0.763755,1,0
2.35352,0.419922,0.248579,-6.66821e-07,0.763755,1,0
2.37305,0.400391,0.300342,-9.4011e-07,0.761804,1,0
2.37305,0.419922,0.248578,-6.29135e-07,0.761804,1,0
2.35352,0.439453,0.193454,-3.90398e-07,0.763755,1,0
2.35352,0.458984,0.134862,-1.75443e-07,0.763755,1,0
2.37305,0.439453,0.193454,-3.68379e-07,0.761804,1,0
2.37305,0.458984,0.134862,-1.6558e-07,0.761804,1,0
2.39258,0.400391,0.300342,-8.86285e-07,0.759852,1,0
2.39258,0.419922,0.248578,-5.93135e-07,0.759852,1,0
2.41211,0.400391,0.300342,-8.34904e-07,0.757901,1,0
2.41211,0.419922,0.248578,-5.58796e-07,0.757901,1,0
2.39258,0.439453,0.193454,-3.4735e-07,0.759852,1,0
2.39258,0.458984,0.134862,-1.56178e-07,0.759852,1,0
2.41211,0.439453,0.193454,-3.27282e-07,0.757901,1,0
2.41211,0.458984,0.134862,-1.47184e-07,0.757901,1,0
2.43164,0.322266,0.475872,-2.07327e-06,0.755949,1,0
2.43164,0.341797,0.436515,-1.73336e-06,0.755949,1,0
2.45117,0.322266,0.475872,-1.95062e-06,0.753998,1,0
2.45117,0.341797,0.436514,-1.63059e-06,0.753998,1,0
2.43164,0.361328,0.394207,-1.39869e-06,0.755949,1,0
2.43164,0.380859,0.34885,-1.0797e-06,0.755949,1,0
2.45117,0.361328,0.394207,-1.31563e-06,0.753998,1,0
2.45117,0.380859,0.348849,-1.01553e-06,0.753998,1,0
2.4707,0.322266,0.475871,-1.83373e-06,0.752046,1,0
2.4707,0.341797,0.436514,-1.53265e-06,0.752046,1,0
2.49023,0.322266,0.475871,-1.72238e-06,0.750095,1,0
2.49023,0.341797,0.436514,-1.43937e-06,0.750095,1,0
2.4707,0.361328,0.394206,-1.23648e-06,0.752046,1,0
2.4707,0.380859,0.348849,-9.5437e-07,0.752046,1,0
2.49023,0.361328,0.394206,-1.16109e-06,0.750095,1,0
2.49023,0.380859,0.348849,-8.96124e-07,0.750095,1,0
2.43164,0.400391,0.300341,-7.85909e-07,0.755949,1,0
2.43164,0.419922,0.248578,-5.26021e-07,0.755949,1,0
2.45117,0.400391,0.300341,-7.39182e-07,0.753998,1,0
2.45117,0.419922,0.248577,-4.94789e-07,0.753998,1,0
2.43164,0.439453,0.193453,-3.08132e-07,0.755949,1,0
2.43164,0.458984,0.134862,-1.3862e-07,0.755949,1,0
2.45117,0.439453,0.193453,-2.89876e-07,0.753998,1,0
2.45117,0.458984,0.134862,-1.30434e-07,0.753998,1,0
2.4707,0.400391,0.300341,-6.94669e-07,0.752046,1,0
2.4707,0.419922,0.248577,-4.65008e-07,0.752046,1,0
2.49023,0.400391,0.30034,-6.52258e-07,0.750095,1,0
2.49023,0.419922,0.248577,-4.36657e-07,0.750095,1,0
2.4707,0.439453,0.193453,-2.72471e-07,0.752046,1,0
2.4707,0.458984,0.134862,-1.22648e-07,0.752046,1,0
2.49023,0.439453,0.193453,-2.55894e-07,0.750095,1,0
2.49023,0.458984,0.134861,-1.15211e-07,0.750095,1,0
2.35352,0.478516,0.072694,-3.009e-08,0.763755,1,0
2.35352,0.498047,0.00683706,1.33331e-08,0.763755,0.6,0
2.37305,0.478516,0.0726939,-2.84343e-08,0.761804,1,0
2.37305,0.498047,0.00683705,1.25768e-08,0.761804,0.6,0
2.39258,0.478516,0.0726938,-2.68452e-08,0.759852,1,0
2.39258,0.498047,0.00683704,1.18646e-08,0.759852,0.6,0
2.41211,0.478516,0.0726937,-2.53335e-08,0.757901,1,0
2.41211,0.498047,0.00683703,1.11747e-08,0.757901,0.6,0
2.43164,0.478516,0.0726937,-2.38831e-08,0.755949,1,0
2.43164,0.498047,0.00683702,1.0526e-08,0.755949,0.6,0
2.45117,0.478516,0.0726936,-2.25053e-08,0.753998,1,0
2.45117,0.498047,0.00683701,9.89794e-09,0.753998,0.6,0
2.4707,0.478516,0.0726935,-2.11839e-08,0.752046,1,0
2.4707,0.498047,0.006837,9.30823e-09,0.752046,0.6,0
2.49023,0.478516,0.0726934,-1.99304e-08,0.750095,1,0
2.49023,0.498047,0.006837,8.73743e-09,0.750095,0.6,0
2.50977,0.00976562,0.768791,-3.43812e-07,0.748144,1,0
2.50977,0.0292969,0.766785,-8.9617e-07,0.748144,1,0
2.5293,0.00976562,0.768791,-3.23203e-07,0.746192,1,0
2.5293,0.0292969,0.766786,-8.42408e-07,0.746192,1,0
2.50977,0.0488281,0.762767,-1.29996e-06,0.748144,1,0
2.50977,0.0683594,0.756722,-1.68048e-06,0.748144,1,0
2.5293,0.0488281,0.762767,-1.22191e-06,0.746192,1,0
2.5293,0.0683594,0.756722,-1.57948e-06,0.746192,1,0
2.54883,0.00976562,0.768792,-3.03574e-07,0.744241,1,0
2.54883,0.0292969,0.766786,-7.91206e-07,0.744241,1,0
2.56836,0.00976562,0.768792,-2.84889e-07,0.742289,1,0
2.56836,0.0292969,0.766786,-7.42468e-07,0.742289,1,0
2.54883,0.0488281,0.762768,-1.14757e-06,0.744241,1,0
2.54883,0.0683594,0.756723,-1.4833e-06,0.744241,1,0
2.56836,0.0488281,0.762768,-1.07681e-06,0.742289,1,0
2.56836,0.0683594,0.756723,-1.39175e-06,0.742289,1,0
2.50977,0.0878906,0.748631,-2.02615e-06,0.748144,1,0
2.50977,0.107422,0.738466,-2.31689e-06,0.748144,1,0
2.5293,0.0878906,0.748631,-1.90421e-06,0.746192,1,0
2.5293,0.107422,0.738467,-2.17721e-06,0.746192,1,0
2.50977,0.126953,0.726195,-2.54515e-06,0.748144,1,0
2.50977,0.146484,0.711776,-2.70693e-06,0.748144,1,0
2.5293,0.126953,0.726195,-2.39137e-06,0.746192,1,0
2.5293,0.146484,0.711776,-2.54297e-06,0.746192,1,0
2.54883,0.0878906,0.748632,-1.78809e-06,0.744241,1,0
2.54883,0.107422,0.738467,-2.0442e-06,0.744241,1,0
2.56836,0.0878906,0.748632,-1.67758e-06,0.742289,1,0
2.56836,0.107422,0.738467,-1.91762e-06,0.742289,1,0
2.54883,0.126953,0.726195,-2.24496e-06,0.744241,1,0
2.54883,0.146484,0.711776,-2.38687e-06,0.744241,1,0
2.56836,0.126953,0.726195,-2.10563e-06,0.742289,1,0
2.56836,0.146484,0.711776,-2.23833e-06,0.742289,1,0
2.58789,0.00976562,0.768793,-2.67113e-07,0.740338,1,0
2.58789,0.0292969,0.766787,-6.96101e-07,0.740338,1,0
2.60742,0.00976562,0.768793,-2.50211e-07,0.738386,1,0
2.60742,0.0292969,0.766787,-6.52014e-07,0.738386,1,0
2.58789,0.0488281,0.762768,-1.0095e-06,0.740338,1,0
2.58789,0.0683594,0.756723,-1.30466e-06,0.740338,1,0
2.60742,0.0488281,0.762769,-9.45496e-07,0.738386,1,0
2.60742,0.0683594,0.756724,-1.22186e-06,0.738386,1,0
2.62695,0.00976562,0.768793,-2.34148e-07,0.736435,1,0
2.62695,0.0292969,0.766787,-6.1012e-07,0.736435,1,0
2.64648,0.00976562,0.768794,-2.18894e-07,0.734483,1,0
2.64648,0.0292969,0.766788,-5.70335e-07,0.734483,1,0
2.62695,0.0488281,0.762769,-8.84681e-07,0.736435,1,0
2.62695,0.0683594,0.756724,-1.14319e-06,0.736435,1,0
2.64648,0.0488281,0.762769,-8.26929e-07,0.734483,1,0
2.64648,0.0683594,0.756724,-1.06848e-06,0.734483,1,0
2.58789,0.0878906,0.748632,-1.57245e-06,0.740338,1,0
2.58789,0.107422,0.738467,-1.79722e-06,0.740338,1,0
2.60742,0.0878906,0.748632,-1.47251e-06,0.738386,1,0
2.60742,0.107422,0.738467,-1.68277e-06,0.738386,1,0
2.58789,0.126953,0.726195,-1.97312e-06,0.740338,1,0
2.58789,0.146484,0.711777,-2.09708e-06,0.740338,1,0
2.60742,0.126953,0.726195,-1.84716e-06,0.738386,1,0
2.60742,0.146484,0.711777,-1.96283e-06,0.738386,1,0
2.62695,0.0878906,0.748633,-1.37755e-06,0.736435,1,0
2.62695,0.107422,0.738468,-1.57403e-06,0.736435,1,0
2.64648,0.0878906,0.748633,-1.28738e-06,0.734483,1,0
2.64648,0.107422,0.738468,-1.47078e-06,0.734483,1,0
2.62695,0.126953,0.726196,-1.7275e-06,0.736435,1,0
2.62695,0.146484,0.711777,-1.8353e-06,0.736435,1,0
2.64648,0.126953,0.726196,-1.61389e-06,0.734483,1,0
2.64648,0.146484,0.711777,-1.71425e-06,0.734483,1,0
2.50977,0.166016,0.695164,-2.80031e-06,0.748144,1,0
2.50977,0.185547,0.676308,-2.82607e-06,0.748144,1,0
2.5293,0.166016,0.695165,-2.63021e-06,0.746192,1,0
2.5293,0.185547,0.676308,-2.65386e-06,0.746192,1,0
2.50977,0.205078,0.655147,-2.78756e-06,0.748144,1,0
2.50977,0.224609,0.631619,-2.69034e-06,0.748143,1,0
2.5293,0.205078,0.655147,-2.61712e-06,0.746192,1,0
2.5293,0.224609,0.631619,-2.52526e-06,0.746192,1,0
2.54883,0.166016,0.695165,-2.46828e-06,0.744241,1,0
2.54883,0.185547,0.676308,-2.48994e-06,0.744241,1,0
2.56836,0.166016,0.695165,-2.31421e-06,0.742289,1,0
2.56836,0.185547,0.676308,-2.33401e-06,0.742289,1,0
2.54883,0.205078,0.655147,-2.45491e-06,0.744241,1,0
2.54883,0.224609,0.631619,-2.36818e-06,0.744241,1,0
2.56836,0.205078,0.655147,-2.30062e-06,0.742289,1,0
2.56836,0.224609,0.631619,-2.21878e-06,0.742289,1,0
2.50977,0.244141,0.605655,-2.54175e-06,0.748143,1,0
2.50977,0.263672,0.577179,-2.35045e-06,0.748143,1,0
2.5293,0.244141,0.605655,-2.38523e-06,0.746192,1,0
2.5293,0.263672,0.577179,-2.20518e-06,0.746192,1,0
2.50977,0.283203,0.546114,-2.1259e-06,0.748143,1,0
2.50977,0.302734,0.512373,-1.87795e-06,0.748143,1,0
2.5293,0.283203,0.546113,-1.99406e-06,0.746192,1,0
2.5293,0.302734,0.512373,-1.7611e-06,0.746192,1,0
2.54883,0.244141,0.605655,-2.2363e-06,0.74424,1,0
2.54883,0.263672,0.577179,-2.06699e-06,0.74424,1,0
2.56836,0.244141,0.605654,-2.09469e-06,0.742289,1,0
2.56836,0.263672,0.577179,-1.9356e-06,0.742289,1,0
2.54883,0.283203,0.546113,-1.86865e-06,0.74424,1,0
2.54883,0.302734,0.512373,-1.64997e-06,0.74424,1,0
2.56836,0.283203,0.546113,-1.74942e-06,0.742289,1,0
2.56836,0.302734,0.512373,-1.54433e-06,0.742289,1,0
2.58789,0.166016,0.695165,-2.16771e-06,0.740338,1,0
2.58789,0.185547,0.676308,-2.18575e-06,0.740338,1,0
2.60742,0.166016,0.695165,-2.02849e-06,0.738386,1,0
2.60742,0.185547,0.676308,-2.04488e-06,0.738386,1,0
2.58789,0.205078,0.655147,-2.15395e-06,0.740338,1,0
2.58789,0.224609,0.631619,-2.07679e-06,0.740338,1,0
2.60742,0.205078,0.655147,-2.0146e-06,0.738386,1,0
2.60742,0.224609,0.631619,-1.9419e-06,0.738386,1,0
2.62695,0.166016,0.695165,-1.89627e-06,0.736435,1,0
2.62695,0.185547,0.676308,-1.91111e-06,0.736435,1,0
2.64648,0.166016,0.695165,-1.77077e-06,0.734483,1,0
2.64648,0.185547,0.676308,-1.78415e-06,0.734483,1,0
2.62695,0.205078,0.655147,-1.8823e-06,0.736435,1,0
2.62695,0.224609,0.631619,-1.81385e-06,0.736435,1,0
2.64648,0.205078,0.655147,-1.75676e-06,0.734483,1,0
2.64648,0.224609,0.631619,-1.69236e-06,0.734483,1,0
2.58789,0.244141,0.605654,-1.96011e-06,0.740338,1,0
2.58789,0.263672,0.577179,-1.81075e-06,0.740338,1,0
2.60742,0.244141,0.605654,-1.83228e-06,0.738386,1,0
2.60742,0.263672,0.577179,-1.69219e-06,0.738386,1,0
2.58789,0.283203,0.546113,-1.63615e-06,0.740338,1,0
2.58789,0.302734,0.512373,-1.44398e-06,0.740338,1,0
2.60742,0.283203,0.546113,-1.5286e-06,0.738386,1,0
2.60742,0.302734,0.512372,-1.3487e-06,0.738386,1,0
2.62695,0.244141,0.605654,-1.71095e-06,0.736435,1,0
2.62695,0.263672,0.577178,-1.57966e-06,0.736435,1,0
2.64648,0.244141,0.605654,-1.59587e-06,0.734483,1,0
2.64648,0.263672,0.577178,-1.47295e-06,0.734483,1,0
2.62695,0.283203,0.546112,-1.42654e-06,0.736435,1,0
2.62695,0.302734,0.512372,-1.25831e-06,0.736435,1,0
2.64648,0.283203,0.546112,-1.32976e-06,0.734483,1,0
2.64648,0.302734,0.512372,-1.17261e-06,0.734483,1,0
2.66602,0.00976562,0.768794,-2.04416e-07,0.732532,1,0
2.66602,0.0292969,0.766788,-5.32575e-07,0.732532,1,0
2.68555,0.00976562,0.768794,-1.90684e-07,0.730581,1,0
2.68555,0.0292969,0.766788,-4.96762e-07,0.730581,1,0
2.66602,0.0488281,0.762769,-7.72119e-07,0.732532,1,0
2.66602,0.0683594,0.756724,-9.97575e-07,0.732532,1,0
2.68555,0.0488281,0.76277,-7.20138e-07,0.730581,1,0
2.68555,0.0683594,0.756725,-9.30335e-07,0.730581,1,0
2.70508,0.00976562,0.768794,-1.77668e-07,0.728629,1,0
2.70508,0.0292969,0.766788,-4.62819e-07,0.728629,1,0
2.72461,0.00976562,0.768795,-1.6534e-07,0.726678,1,0
2.72461,0.0292969,0.766789,-4.3067e-07,0.726678,1,0
2.70508,0.0488281,0.76277,-6.70871e-07,0.728629,1,0
2.70508,0.0683594,0.756725,-8.66611e-07,0.728629,1,0
2.72461,0.0488281,0.76277,-6.24212e-07,0.726678,1,0
2.72461,0.0683594,0.756725,-8.06262e-07,0.726678,1,0
2.66602,0.0878906,0.748633,-1.20181e-06,0.732532,1,0
2.66602,0.107422,0.738468,-1.37282e-06,0.732532,1,0
2.68555,0.0878906,0.748633,-1.12067e-06,0.730581,1,0
2.68555,0.107422,0.738468,-1.27992e-06,0.73058,1,0
2.66602,0.126953,0.726196,-1.50611e-06,0.732532,1,0
2.66602,0.146484,0.711777,-1.59941e-06,0.732532,1,0
2.68555,0.126953,0.726196,-1.40392e-06,0.73058,1,0
2.68555,0.146484,0.711777,-1.49055e-06,0.73058,1,0
2.70508,0.0878906,0.748633,-1.04377e-06,0.728629,1,0
2.70508,0.107422,0.738468,-1.1919e-06,0.728629,1,0
2.72461,0.0878906,0.748633,-9.70958e-07,0.726678,1,0
2.72461,0.107422,0.738468,-1.10855e-06,0.726678,1,0
2.70508,0.126953,0.726196,-1.3071e-06,0.728629,1,0
2.70508,0.146484,0.711777,-1.38741e-06,0.728629,1,0
2.72461,0.126953,0.726196,-1.21543e-06,0.726678,1,0
2.72461,0.146484,0.711777,-1.28978e-06,0.726678,1,0
2.74414,0.00976562,0.768795,-1.53672e-07,0.724726,1,0
2.74414,0.0292969,0.766789,-4.00244e-07,0.724726,1,0
2.76367,0.00976562,0.768795,-1.42637e-07,0.722775,1,0
2.76367,0.0292969,0.766789,-3.71471e-07,0.722775,1,0
2.74414,0.0488281,0.76277,-5.80056e-07,0.724726,1,0
2.74414,0.0683594,0.756725,-7.49152e-07,0.724726,1,0
2.76367,0.0488281,0.76277,-5.38299e-07,0.722775,1,0
2.76367,0.0683594,0.756725,-6.95149e-07,0.722775,1,0
2.7832,0.00976562,0.768795,-1.3221e-07,0.720823,1,0
2.7832,0.0292969,0.766789,-3.44282e-07,0.720823,1,0
2.80273,0.00976562,0.768795,-1.22365e-07,0.718872,1,0
2.80273,0.0292969,0.766789,-3.18612e-07,0.718872,1,0
2.7832,0.0488281,0.76277,-4.98844e-07,0.720823,1,0
2.7832,0.0683594,0.756725,-6.44126e-07,0.720823,1,0
2.80273,0.0488281,0.762771,-4.61595e-07,0.718872,1,0
2.80273,0.0683594,0.756726,-5.95958e-07,0.718872,1,0
2.74414,0.0878906,0.748634,-9.02054e-07,0.724726,1,0
2.74414,0.107422,0.738468,-1.02969e-06,0.724726,1,0
2.76367,0.0878906,0.748634,-8.36904e-07,0.722775,1,0
2.76367,0.107422,0.738469,-9.55136e-07,0.722775,1,0
2.74414,0.126953,0.726196,-1.12871e-06,0.724726,1,0
2.74414,0.146484,0.711777,-1.19743e-06,0.724726,1,0
2.76367,0.126953,0.726196,-1.04673e-06,0.722775,1,0
2.76367,0.146484,0.711777,-1.11015e-06,0.722775,1,0
2.7832,0.0878906,0.748634,-7.75353e-07,0.720823,1,0
2.7832,0.107422,0.738469,-8.84706e-07,0.720823,1,0
2.80273,0.0878906,0.748634,-7.17253e-07,0.718872,1,0
2.80273,0.107422,0.738469,-8.18231e-07,0.718872,1,0
2.7832,0.126953,0.726196,-9.69302e-07,0.720823,1,0
2.7832,0.146484,0.711777,-1.02772e-06,0.720823,1,0
2.80273,0.126953,0.726196,-8.96229e-07,0.718872,1,0
2.80273,0.146484,0.711777,-9.49939e-07,0.718872,1,0
2.66602,0.166016,0.695165,-1.65173e-06,0.732532,1,0
2.66602,0.185547,0.676307,-1.66375e-06,0.732532,1,0
2.68555,0.166016,0.695165,-1.5389e-06,0.73058,1,0
2.68555,0.185547,0.676307,-1.54965e-06,0.73058,1,0
2.66602,0.205078,0.655147,-1.63771e-06,0.732532,1,0
2.66602,0.224609,0.631619,-1.57719e-06,0.732532,1,0
2.68555,0.205078,0.655147,-1.52492e-06,0.73058,1,0
2.68555,0.224609,0.631618,-1.46807e-06,0.73058,1,0
2.70508,0.166016,0.695165,-1.43203e-06,0.728629,1,0
2.70508,0.185547,0.676307,-1.44158e-06,0.728629,1,0
2.72461,0.166016,0.695165,-1.33087e-06,0.726678,1,0
2.72461,0.185547,0.676307,-1.33932e-06,0.726678,1,0
2.70508,0.205078,0.655147,-1.41811e-06,0.728629,1,0
2.70508,0.224609,0.631618,-1.36477e-06,0.728629,1,0
2.72461,0.205078,0.655147,-1.31705e-06,0.726678,1,0
2.72461,0.224609,0.631618,-1.26705e-06,0.726677,1,0
2.66602,0.244141,0.605654,-1.48677e-06,0.732532,1,0
2.66602,0.263672,0.577178,-1.37181e-06,0.732532,1,0
2.68555,0.244141,0.605654,-1.38344e-06,0.73058,1,0
2.68555,0.263672,0.577178,-1.27603e-06,0.73058,1,0
2.66602,0.283203,0.546112,-1.23806e-06,0.732532,1,0
2.66602,0.302734,0.512372,-1.09141e-06,0.732532,1,0
2.68555,0.283203,0.546112,-1.15122e-06,0.73058,1,0
2.68555,0.302734,0.512372,-1.01453e-06,0.73058,1,0
2.70508,0.244141,0.605654,-1.28563e-06,0.728629,1,0
2.70508,0.263672,0.577178,-1.18538e-06,0.728629,1,0
2.72461,0.244141,0.605654,-1.19312e-06,0.726677,1,0
2.72461,0.263672,0.577178,-1.09967e-06,0.726677,1,0
2.70508,0.283203,0.546112,-1.06906e-06,0.728629,1,0
2.70508,0.302734,0.512372,-9.41807e-07,0.728629,1,0
2.72461,0.283203,0.546112,-9.91385e-07,0.726677,1,0
2.72461,0.302734,0.512371,-8.73062e-07,0.726677,1,0
2.74414,0.166016,0.695165,-1.2352e-06,0.724726,1,0
2.74414,0.185547,0.676307,-1.24262e-06,0.724726,1,0
2.76367,0.166016,0.695165,-1.14479e-06,0.722775,1,0
2.76367,0.185547,0.676307,-1.15126e-06,0.722775,1,0
2.74414,0.205078,0.655147,-1.22151e-06,0.724726,1,0
2.74414,0.224609,0.631618,-1.17468e-06,0.724726,1,0
2.76367,0.205078,0.655146,-1.13126e-06,0.722775,1,0
2.76367,0.224609,0.631618,-1.08744e-06,0.722775,1,0
2.7832,0.166016,0.695165,-1.05942e-06,0.720823,1,0
2.7832,0.185547,0.676307,-1.06501e-06,0.720823,1,0
2.80273,0.166016,0.695165,-9.78893e-07,0.718872,1,0
2.80273,0.185547,0.676307,-9.83654e-07,0.718872,1,0
2.7832,0.205078,0.655146,-1.04608e-06,0.720823,1,0
2.7832,0.224609,0.631618,-1.00512e-06,0.720823,1,0
2.80273,0.205078,0.655146,-9.65753e-07,0.718872,1,0
2.80273,0.224609,0.631618,-9.27515e-07,0.718872,1,0
2.74414,0.244141,0.605653,-1.1057e-06,0.724726,1,0
2.74414,0.263672,0.577178,-1.01868e-06,0.724726,1,0
2.76367,0.244141,0.605653,-1.02315e-06,0.722775,1,0
2.76367,0.263672,0.577178,-9.42222e-07,0.722775,1,0
2.74414,0.283203,0.546112,-9.18006e-07,0.724726,1,0
2.74414,0.302734,0.512371,-8.08133e-07,0.724726,1,0
2.76367,0.283203,0.546112,-8.48747e-07,0.722775,1,0
2.76367,0.302734,0.512371,-7.46862e-07,0.722775,1,0
2.7832,0.244141,0.605653,-9.45274e-07,0.720823,1,0
2.7832,0.263672,0.577178,-8.7011e-07,0.720823,1,0
2.80273,0.244141,0.605653,-8.71871e-07,0.718872,1,0
2.80273,0.263672,0.577177,-8.02156e-07,0.718872,1,0
2.7832,0.283203,0.546111,-7.83437e-07,0.720823,1,0
2.7832,0.302734,0.512371,-6.89095e-07,0.720823,1,0
2.80273,0.283203,0.546111,-7.21907e-07,0.718872,1,0
2.80273,0.302734,0.512371,-6.34684e-07,0.718872,1,0
2.50977,0.322266,0.475871,-1.61637e-06,0.748143,1,0
2.50977,0.341797,0.436513,-1.35057e-06,0.748143,1,0
2.5293,0.322266,0.475871,-1.5155e-06,0.746192,1,0
2.5293,0.341797,0.436513,-1.26608e-06,0.746192,1,0
2.50977,0.361328,0.394206,-1.08933e-06,0.748143,1,0
2.50977,0.380859,0.348849,-8.40675e-07,0.748143,1,0
2.5293,0.361328,0.394205,-1.02105e-06,0.746192,1,0
2.5293,0.380859,0.348848,-7.87924e-07,0.746192,1,0
2.54883,0.322266,0.47587,-1.41958e-06,0.74424,1,0
2.54883,0.341797,0.436513,-1.18573e-06,0.74424,1,0
2.56836,0.322266,0.47587,-1.3284e-06,0.742289,1,0
2.56836,0.341797,0.436513,-1.10938e-06,0.742289,1,0
2.54883,0.361328,0.394205,-9.56126e-07,0.74424,1,0
2.54883,0.380859,0.348848,-7.37762e-07,0.74424,1,0
2.56836,0.361328,0.394205,-8.94428e-07,0.742289,1,0
2.56836,0.380859,0.348848,-6.90096e-07,0.742289,1,0
2.50977,0.400391,0.30034,-6.11899e-07,0.748143,1,0
2.50977,0.419922,0.248577,-4.09651e-07,0.748143,1,0
2.5293,0.400391,0.30034,-5.73486e-07,0.746192,1,0
2.5293,0.419922,0.248577,-3.8397e-07,0.746192,1,0
2.50977,0.439453,0.193453,-2.40107e-07,0.748143,1,0
2.50977,0.458984,0.134861,-1.08146e-07,0.748143,1,0
2.5293,0.439453,0.193453,-2.25087e-07,0.746192,1,0
2.5293,0.458984,0.134861,-1.01403e-07,0.746192,1,0
2.54883,0.400391,0.30034,-5.36975e-07,0.74424,1,0
2.54883,0.419922,0.248576,-3.59533e-07,0.74424,1,0
2.56836,0.400391,0.30034,-5.02263e-07,0.742289,1,0
2.56836,0.419922,0.248576,-3.36324e-07,0.742289,1,0
2.54883,0.439453,0.193452,-2.10798e-07,0.74424,1,0
2.54883,0.458984,0.134861,-9.50064e-08,0.74424,1,0
2.56836,0.439453,0.193452,-1.9722e-07,0.742289,1,0
2.56836,0.458984,0.134861,-8.89068e-08,0.742289,1,0
2.58789,0.322266,0.47587,-1.2418e-06,0.740338,1,0
2.58789,0.341797,0.436513,-1.03685e-06,0.740337,1,0
2.60742,0.322266,0.47587,-1.15959e-06,0.738386,1,0
2.60742,0.341797,0.436512,-9.68013e-07,0.738386,1,0
2.58789,0.361328,0.394205,-8.35831e-07,0.740337,1,0
2.58789,0.380859,0.348848,-6.44824e-07,0.740337,1,0
2.60742,0.361328,0.394205,-7.80216e-07,0.738386,1,0
2.60742,0.380859,0.348848,-6.0186e-07,0.738386,1,0
2.62695,0.322266,0.475869,-1.0816e-06,0.736435,1,0
2.62695,0.341797,0.436512,-9.02716e-07,0.736435,1,0
2.64648,0.322266,0.475869,-1.00767e-06,0.734483,1,0
2.64648,0.341797,0.436512,-8.40821e-07,0.734483,1,0
2.62695,0.361328,0.394204,-7.27466e-07,0.736435,1,0
2.62695,0.380859,0.348847,-5.61107e-07,0.736435,1,0
2.64648,0.361328,0.394204,-6.77467e-07,0.734483,1,0
2.64648,0.380859,0.348847,-5.22484e-07,0.734483,1,0
2.58789,0.400391,0.30034,-4.6931e-07,0.740337,1,0
2.58789,0.419922,0.248576,-3.14265e-07,0.740337,1,0
2.60742,0.400391,0.300339,-4.38019e-07,0.738386,1,0
2.60742,0.419922,0.248576,-2.93342e-07,0.738386,1,0
2.58789,0.439453,0.193452,-1.84318e-07,0.740337,1,0
2.58789,0.458984,0.134861,-8.3129e-08,0.740337,1,0
2.60742,0.439453,0.193452,-1.72074e-07,0.738386,1,0
2.60742,0.458984,0.134861,-7.76245e-08,0.738386,1,0
2.62695,0.400391,0.300339,-4.08355e-07,0.736435,1,0
2.62695,0.419922,0.248576,-2.73479e-07,0.736435,1,0
2.64648,0.400391,0.300339,-3.80224e-07,0.734483,1,0
2.64648,0.419922,0.248576,-2.54667e-07,0.734483,1,0
2.62695,0.439453,0.193452,-1.60453e-07,0.736435,1,0
2.62695,0.458984,0.134861,-7.24187e-08,0.736435,1,0
2.64648,0.439453,0.193452,-1.4944e-07,0.734483,1,0
2.64648,0.458984,0.134861,-6.74642e-08,0.734483,1,0
2.50977,0.478516,0.0726934,-1.87286e-08,0.748143,1,0
2.50977,0.498047,0.00683699,8.20242e-09,0.748143,0.6,0
2.5293,0.478516,0.0726933,-1.75905e-08,0.746192,1,0
2.5293,0.498047,0.00683698,7.68475e-09,0.746192,0.6,0
2.54883,0.478516,0.0726933,-1.64998e-08,0.74424,1,0
2.54883,0.498047,0.00683698,7.20043e-09,0.74424,0.6,0
2.56836,0.478516,0.0726932,-1.54687e-08,0.742289,1,0
2.56836,0.498047,0.00683697,6.73198e-09,0.742289,0.6,0
2.58789,0.478516,0.0726932,-1.44809e-08,0.740337,1,0
2.58789,0.498047,0.00683697,6.29459e-09,0.740337,0.6,0
2.60742,0.478516,0.0726931,-1.35488e-08,0.738386,1,0
2.60742,0.498047,0.00683696,5.87169e-09,0.738386,0.6,0
2.62695,0.478516,0.0726931,-1.26563e-08,0.736435,1,0
2.62695,0.498047,0.00683696,5.4777e-09,0.736434,0.6,0
2.64648,0.478516,0.072693,-1.1816e-08,0.734483,1,0
2.64648,0.498047,0.00683695,5.0969e-09,0.734483,0.6,0
2.66602,0.322266,0.475869,-9.37632e-07,0.732532,1,0
2.66602,0.341797,0.436512,-7.82193e-07,0.732532,1,0
2.68555,0.322266,0.475869,-8.71332e-07,0.73058,1,0
2.68555,0.341797,0.436512,-7.267e-07,0.73058,1,0
2.66602,0.361328,0.394204,-6.3011e-07,0.732532,1,0
2.66602,0.380859,0.348847,-4.85899e-07,0.732532,1,0
2.68555,0.361328,0.394204,-5.8529e-07,0.73058,1,0
2.68555,0.380859,0.348847,-4.51279e-07,0.73058,1,0
2.70508,0.322266,0.475869,-8.08621e-07,0.728629,1,0
2.70508,0.341797,0.436512,-6.74216e-07,0.728629,1,0
2.72461,0.322266,0.475869,-7.4935e-07,0.726677,1,0
2.72461,0.341797,0.436511,-6.24619e-07,0.726677,1,0
2.70508,0.361328,0.394204,-5.42904e-07,0.728629,1,0
2.70508,0.380859,0.348847,-4.18537e-07,0.728629,1,0
2.72461,0.361328,0.394204,-5.02852e-07,0.726677,1,0
2.72461,0.380859,0.348847,-3.87603e-07,0.726677,1,0
2.66602,0.400391,0.300339,-3.53594e-07,0.732532,1,0
2.66602,0.419922,0.248576,-2.36833e-07,0.732532,1,0
2.68555,0.400391,0.300339,-3.28378e-07,0.73058,1,0
2.68555,0.419922,0.248575,-2.19967e-07,0.73058,1,0
2.66602,0.439453,0.193452,-1.39003e-07,0.732532,1,0
2.66602,0.458984,0.134861,-6.27866e-08,0.732532,1,0
2.68555,0.439453,0.193452,-1.29126e-07,0.73058,1,0
2.68555,0.458984,0.134861,-5.83398e-08,0.73058,1,0
2.70508,0.400391,0.300339,-3.04544e-07,0.728629,1,0
2.70508,0.419922,0.248575,-2.04002e-07,0.728629,1,0
2.72461,0.400391,0.300339,-2.82011e-07,0.726677,1,0
2.72461,0.419922,0.248575,-1.8893e-07,0.726677,1,0
2.70508,0.439453,0.193452,-1.1978e-07,0.728629,1,0
2.70508,0.458984,0.134861,-5.41493e-08,0.728629,1,0
2.72461,0.439453,0.193451,-1.1095e-07,0.726677,1,0
2.72461,0.458984,0.13486,-5.01703e-08,0.726677,1,0
2.74414,0.322266,0.475869,-6.93379e-07,0.724726,1,0
2.74414,0.341797,0.436511,-5.77789e-07,0.724726,1,0
2.76367,0.322266,0.475868,-6.4057e-07,0.722775,1,0
2.76367,0.341797,0.436511,-5.33611e-07,0.722775,1,0
2.74414,0.361328,0.394204,-4.65038e-07,0.724726,1,0
2.74414,0.380859,0.348847,-3.58395e-07,0.724726,1,0
2.76367,0.361328,0.394204,-4.2937e-07,0.722775,1,0
2.76367,0.380859,0.348847,-3.30849e-07,0.722775,1,0
2.7832,0.322266,0.475868,-5.90791e-07,0.720823,1,0
2.7832,0.341797,0.436511,-4.91973e-07,0.720823,1,0
2.80273,0.322266,0.475868,-5.43912e-07,0.718872,1,0
2.80273,0.341797,0.436511,-4.52768e-07,0.718872,1,0
2.7832,0.361328,0.394203,-3.95756e-07,0.720823,1,0
2.7832,0.380859,0.348846,-3.04888e-07,0.720823,1,0
2.80273,0.361328,0.394203,-3.64109e-07,0.718872,1,0
2.80273,0.380859,0.348846,-2.80451e-07,0.718872,1,0
2.74414,0.400391,0.300339,-2.6075e-07,0.724726,1,0
2.74414,0.419922,0.248575,-1.74685e-07,0.724726,1,0
2.76367,0.400391,0.300338,-2.40683e-07,0.722775,1,0
2.76367,0.419922,0.248575,-1.61261e-07,0.722775,1,0
2.74414,0.439453,0.193451,-1.02608e-07,0.724726,1,0
2.74414,0.458984,0.13486,-4.64284e-08,0.724726,1,0
2.76367,0.439453,0.193451,-9.47409e-08,0.722775,1,0
2.76367,0.458984,0.13486,-4.28798e-08,0.722775,1,0
2.7832,0.400391,0.300338,-2.21786e-07,0.720823,1,0
2.7832,0.419922,0.248575,-1.48596e-07,0.720823,1,0
2.80273,0.400391,0.300338,-2.03983e-07,0.718872,1,0
2.80273,0.419922,0.248575,-1.36685e-07,0.718872,1,0
2.7832,0.439453,0.193451,-8.73211e-08,0.720823,1,0
2.7832,0.458984,0.13486,-3.95504e-08,0.720823,1,0
2.80273,0.439453,0.193451,-8.03381e-08,0.718872,1,0
2.80273,0.458984,0.13486,-3.63972e-08,0.718872,1,0
2.66602,0.478516,0.072693,-1.10116e-08,0.732532,1,0
2.66602,0.498047,0.00683695,4.743e-09,0.732532,0.6,0
2.68555,0.478516,0.072693,-1.02559e-08,0.73058,1,0
2.68555,0.498047,0.00683694,4.40107e-09,0.73058,0.6,0
2.70508,0.478516,0.0726929,-9.53296e-09,0.728629,1,0
2.70508,0.498047,0.00683694,4.08413e-09,0.728629,0.6,0
2.72461,0.478516,0.0726929,-8.85552e-09,0.726677,1,0
2.72461,0.498047,0.00683694,3.77803e-09,0.726677,0.6,0
2.74414,0.478516,0.0726929,-8.20764e-09,0.724726,1,0
2.74414,0.498047,0.00683693,3.49515e-09,0.724726,0.6,0
2.76367,0.478516,0.0726928,-7.60227e-09,0.722775,1,0
2.76367,0.498047,0.00683693,3.22202e-09,0.722775,0.6,0
2.7832,0.478516,0.0726928,-7.02355e-09,0.720823,1,0
2.7832,0.498047,0.00683693,2.97045e-09,0.720823,0.6,0
2.80273,0.478516,0.0726928,-6.48449e-09,0.718872,1,0
2.80273,0.498047,0.00683692,2.72762e-09,0.718872,0.6,0
2.82227,0.00976562,0.768795,-1.13077e-07,0.71692,1,0
2.82227,0.0292969,0.766789,-2.94398e-07,0.716921,1,0
2.8418,0.00976562,0.768796,-1.04324e-07,0.714969,1,0
2.8418,0.0292969,0.76679,-2.71577e-07,0.714969,1,0
2.82227,0.0488281,0.762771,-4.26461e-07,0.716921,1,0
2.82227,0.0683594,0.756726,-5.50527e-07,0.71692,1,0
2.8418,0.0488281,0.762771,-3.9335e-07,0.714969,1,0
2.8418,0.0683594,0.756726,-5.07716e-07,0.714969,1,0
2.86133,0.00976562,0.768796,-9.60818e-08,0.713018,1,0
2.86133,0.0292969,0.76679,-2.50091e-07,0.713018,1,0
2.88086,0.00976562,0.768796,-8.8329e-08,0.711066,1,0
2.88086,0.0292969,0.76679,-2.29881e-07,0.711066,1,0
2.86133,0.0488281,0.762771,-3.62177e-07,0.713018,1,0
2.86133,0.0683594,0.756726,-4.67412e-07,0.713018,1,0
2.88086,0.0488281,0.762771,-3.32858e-07,0.711066,1,0
2.88086,0.0683594,0.756726,-4.29508e-07,0.711066,1,0
2.82227,0.0878906,0.748634,-6.62457e-07,0.71692,1,0
2.82227,0.107422,0.738469,-7.55545e-07,0.71692,1,0
2.8418,0.0878906,0.748634,-6.10827e-07,0.714969,1,0
2.8418,0.107422,0.738469,-6.96487e-07,0.714969,1,0
2.82227,0.126953,0.726197,-8.27331e-07,0.71692,1,0
2.82227,0.146484,0.711777,-8.76617e-07,0.71692,1,0
2.8418,0.126953,0.726197,-7.62431e-07,0.714969,1,0
2.8418,0.146484,0.711777,-8.07561e-07,0.714969,1,0
2.86133,0.0878906,0.748634,-5.62225e-07,0.713018,1,0
2.86133,0.107422,0.738469,-6.40902e-07,0.713018,1,0
2.88086,0.0878906,0.748634,-5.16522e-07,0.711066,1,0
2.88086,0.107422,0.738469,-5.88637e-07,0.711066,1,0
2.86133,0.126953,0.726197,-7.01356e-07,0.713018,1,0
2.86133,0.146484,0.711777,-7.42588e-07,0.713018,1,0
2.88086,0.126953,0.726197,-6.43939e-07,0.711066,1,0
2.88086,0.146484,0.711777,-6.81519e-07,0.711066,1,0
2.90039,0.00976562,0.768796,-8.10439e-08,0.709115,1,0
2.90039,0.0292969,0.76679,-2.10891e-07,0.709115,1,0
2.91992,0.00976562,0.768796,-7.42058e-08,0.707163,1,0
2.91992,0.0292969,0.76679,-1.93068e-07,0.707163,1,0
2.90039,0.0488281,0.762771,-3.05311e-07,0.709115,1,0
2.90039,0.0683594,0.756726,-3.93897e-07,0.709115,1,0
2.91992,0.0488281,0.762771,-2.79458e-07,0.707163,1,0
2.91992,0.0683594,0.756726,-3.60479e-07,0.707163,1,0
2.93945,0.00976562,0.768796,-6.77946e-08,0.705212,1,0
2.93945,0.0292969,0.76679,-1.76358e-07,0.705212,1,0
2.95898,0.00976562,0.768796,-6.1791e-08,0.703261,1,0
2.95898,0.0292969,0.76679,-1.60712e-07,0.703261,1,0
2.93945,0.0488281,0.762771,-2.55222e-07,0.705212,1,0
2.93945,0.0683594,0.756726,-3.29154e-07,0.705212,1,0
2.95898,0.0488281,0.762771,-2.3253e-07,0.703261,1,0
2.95898,0.0683594,0.756726,-2.99826e-07,0.703261,1,0
2.90039,0.0878906,0.748634,-4.73588e-07,0.709115,1,0
2.90039,0.107422,0.738469,-5.39548e-07,0.709115,1,0
2.91992,0.0878906,0.748634,-4.33302e-07,0.707163,1,0
2.91992,0.107422,0.738469,-4.93492e-07,0.707163,1,0
2.90039,0.126953,0.726197,-5.9002e-07,0.709115,1,0
2.90039,0.146484,0.711777,-6.24183e-07,0.709115,1,0
2.91992,0.126953,0.726197,-5.39443e-07,0.707163,1,0
2.91992,0.146484,0.711777,-5.70411e-07,0.707163,1,0
2.93945,0.0878906,0.748635,-3.95544e-07,0.705212,1,0
2.93945,0.107422,0.738469,-4.50333e-07,0.705212,1,0
2.95898,0.0878906,0.748635,-3.60199e-07,0.703261,1,0
2.95898,0.107422,0.738469,-4.09939e-07,0.703261,1,0
2.93945,0.126953,0.726197,-4.92056e-07,0.705212,1,0
2.93945,0.146484,0.711777,-5.20043e-07,0.705212,1,0
2.95898,0.126953,0.726197,-4.47714e-07,0.703261,1,0
2.95898,0.146484,0.711778,-4.72922e-07,0.703261,1,0
2.82227,0.166016,0.695165,-9.02989e-07,0.71692,1,0
2.82227,0.185547,0.676307,-9.06995e-07,0.71692,1,0
2.8418,0.166016,0.695165,-8.31517e-07,0.714969,1,0
2.8418,0.185547,0.676307,-8.34827e-07,0.714969,1,0
2.82227,0.205078,0.655146,-8.90078e-07,0.71692,1,0
2.82227,0.224609,0.631618,-8.54419e-07,0.71692,1,0
2.8418,0.205078,0.655146,-8.18854e-07,0.714969,1,0
2.8418,0.224609,0.631618,-7.85639e-07,0.714969,1,0
2.86133,0.166016,0.695165,-7.64284e-07,0.713018,1,0
2.86133,0.185547,0.676307,-7.66957e-07,0.713018,1,0
2.88086,0.166016,0.695165,-7.01106e-07,0.711066,1,0
2.88086,0.185547,0.676307,-7.03195e-07,0.711066,1,0
2.86133,0.205078,0.655146,-7.51889e-07,0.713018,1,0
2.86133,0.224609,0.631618,-7.20988e-07,0.713018,1,0
2.88086,0.205078,0.655146,-6.88993e-07,0.711066,1,0
2.88086,0.224609,0.631618,-6.60284e-07,0.711066,1,0
2.82227,0.244141,0.605653,-8.02752e-07,0.71692,1,0
2.82227,0.263672,0.577177,-7.38184e-07,0.71692,1,0
2.8418,0.244141,0.605653,-7.37732e-07,0.714969,1,0
2.8418,0.263672,0.577177,-6.78021e-07,0.714969,1,0
2.82227,0.283203,0.546111,-6.63997e-07,0.71692,1,0
2.82227,0.302734,0.512371,-5.83485e-07,0.71692,1,0
2.8418,0.283203,0.546111,-6.09548e-07,0.714969,1,0
2.8418,0.302734,0.512371,-5.35358e-07,0.714969,1,0
2.86133,0.244141,0.605653,-6.76632e-07,0.713018,1,0
2.86133,0.263672,0.577177,-6.215e-07,0.713018,1,0
2.88086,0.244141,0.605653,-6.19279e-07,0.711066,1,0
2.88086,0.263672,0.577177,-5.68461e-07,0.711066,1,0
2.86133,0.283203,0.546111,-5.5841e-07,0.713018,1,0
2.86133,0.302734,0.512371,-4.90169e-07,0.713018,1,0
2.88086,0.283203,0.546111,-5.10435e-07,0.711066,1,0
2.88086,0.302734,0.512371,-4.47786e-07,0.711066,1,0
2.90039,0.166016,0.695165,-6.41803e-07,0.709115,1,0
2.90039,0.185547,0.676307,-6.43359e-07,0.709115,1,0
2.91992,0.166016,0.695165,-5.86201e-07,0.707163,1,0
2.91992,0.185547,0.676307,-5.87274e-07,0.707163,1,0
2.90039,0.205078,0.655146,-6.29988e-07,0.709115,1,0
2.90039,0.224609,0.631618,-6.03351e-07,0.709115,1,0
2.91992,0.205078,0.655146,-5.74696e-07,0.707163,1,0
2.91992,0.224609,0.631618,-5.50019e-07,0.707163,1,0
2.93945,0.166016,0.695165,-5.34132e-07,0.705212,1,0
2.93945,0.185547,0.676307,-5.34767e-07,0.705212,1,0
2.95898,0.166016,0.695165,-4.85433e-07,0.703261,1,0
2.95898,0.185547,0.676307,-4.85674e-07,0.703261,1,0
2.93945,0.205078,0.655146,-5.22949e-07,0.705212,1,0
2.93945,0.224609,0.631618,-5.00122e-07,0.705212,1,0
2.95898,0.205078,0.655146,-4.74583e-07,0.703261,1,0
2.95898,0.224609,0.631618,-4.535e-07,0.703261,1,0
2.90039,0.244141,0.605653,-5.65505e-07,0.709115,1,0
2.90039,0.263672,0.577177,-5.18747e-07,0.709115,1,0
2.91992,0.244141,0.605653,-5.15147e-07,0.707163,1,0
2.91992,0.263672,0.577177,-4.72207e-07,0.707163,1,0
2.90039,0.283203,0.546111,-4.65481e-07,0.709115,1,0
2.90039,0.302734,0.512371,-4.08082e-07,0.709115,1,0
2.91992,0.283203,0.546111,-4.23409e-07,0.707163,1,0
2.91992,0.302734,0.512371,-3.70936e-07,0.707163,1,0
2.93945,0.244141,0.605653,-4.68049e-07,0.705212,1,0
2.93945,0.263672,0.577177,-4.28694e-07,0.705212,1,0
2.95898,0.244141,0.605653,-4.24059e-07,0.703261,1,0
2.95898,0.263672,0.577177,-3.88067e-07,0.703261,1,0
2.93945,0.283203,0.546111,-3.84088e-07,0.705212,1,0
2.93945,0.302734,0.512371,-3.36229e-07,0.705212,1,0
2.95898,0.283203,0.546111,-3.47387e-07,0.70326,1,0
2.95898,0.302734,0.512371,-3.03845e-07,0.70326,1,0
2.97852,0.00976562,0.768796,-5.61761e-08,0.701309,1,0
2.97852,0.0292969,0.76679,-1.4608e-07,0.701309,1,0
2.99805,0.00976562,0.768796,-5.09317e-08,0.699358,1,0
2.99805,0.0292969,0.76679,-1.32414e-07,0.699358,1,0
2.97852,0.0488281,0.762772,-2.1131e-07,0.701309,1,0
2.97852,0.0683594,0.756726,-2.72404e-07,0.701309,1,0
2.99805,0.0488281,0.762772,-1.91494e-07,0.699358,1,0
2.99805,0.0683594,0.756726,-2.46799e-07,0.699358,1,0
3.01758,0.00976562,0.768796,-4.60402e-08,0.697406,1,0
3.01758,0.0292969,0.76679,-1.19669e-07,0.697406,1,0
3.03711,0.00976562,0.768796,-4.14845e-08,0.695455,1,0
3.03711,0.0292969,0.76679,-1.078e-07,0.695455,1,0
3.01758,0.0488281,0.762772,-1.73015e-07,0.697406,1,0
3.01758,0.0683594,0.756727,-2.22922e-07,0.697406,1,0
3.03711,0.0488281,0.762772,-1.55807e-07,0.695455,1,0
3.03711,0.0683594,0.756727,-2.00692e-07,0.695455,1,0
2.97852,0.0878906,0.748635,-3.27154e-07,0.701309,1,0
2.97852,0.107422,0.738469,-3.7218e-07,0.701309,1,0
2.99805,0.0878906,0.748635,-2.96302e-07,0.699358,1,0
2.99805,0.107422,0.738469,-3.36934e-07,0.699358,1,0
2.97852,0.126953,0.726197,-4.06274e-07,0.701309,1,0
2.97852,0.146484,0.711778,-4.28897e-07,0.701309,1,0
2.99805,0.126953,0.726197,-3.676e-07,0.699358,1,0
2.99805,0.146484,0.711778,-3.87822e-07,0.699358,1,0
3.01758,0.0878906,0.748635,-2.67538e-07,0.697406,1,0
3.01758,0.107422,0.738469,-3.0408e-07,0.697406,1,0
3.03711,0.0878906,0.748635,-2.40761e-07,0.695455,1,0
3.03711,0.107422,0.738469,-2.73501e-07,0.695455,1,0
3.01758,0.126953,0.726197,-3.3156e-07,0.697406,1,0
3.01758,0.146484,0.711778,-3.49554e-07,0.697406,1,0
3.03711,0.126953,0.726197,-2.98024e-07,0.695455,1,0
3.03711,0.146484,0.711778,-3.13957e-07,0.695455,1,0
3.05664,0.00976562,0.768797,-3.72483e-08,0.693504,1,0
3.05664,0.0292969,0.766791,-9.67643e-08,0.693504,1,0
3.07617,0.00976562,0.768797,-3.33156e-08,0.691552,1,0
3.07617,0.0292969,0.766791,-8.65202e-08,0.691552,1,0
3.05664,0.0488281,0.762772,-1.3981e-07,0.693504,1,0
3.05664,0.0683594,0.756727,-1.80026e-07,0.693504,1,0
3.07617,0.0488281,0.762772,-1.24961e-07,0.691552,1,0
3.07617,0.0683594,0.756727,-1.60848e-07,0.691552,1,0
3.0957,0.00976562,0.768797,-2.9671e-08,0.689601,1,0
3.0957,0.0292969,0.766791,-7.70274e-08,0.689601,1,0
3.11523,0.00976562,0.768797,-2.62996e-08,0.687649,1,0
3.11523,0.0292969,0.766791,-6.82473e-08,0.687649,1,0
3.0957,0.0488281,0.762772,-1.11203e-07,0.689601,1,0
3.0957,0.0683594,0.756727,-1.4308e-07,0.689601,1,0
3.11523,0.0488281,0.762772,-9.84797e-08,0.687649,1,0
3.11523,0.0683594,0.756727,-1.26651e-07,0.687649,1,0
3.05664,0.0878906,0.748635,-2.15873e-07,0.693504,1,0
3.05664,0.107422,0.738469,-2.45086e-07,0.693504,1,0
3.07617,0.0878906,0.748635,-1.9278e-07,0.691552,1,0
3.07617,0.107422,0.738469,-2.18727e-07,0.691552,1,0
3.05664,0.126953,0.726197,-2.6687e-07,0.693504,1,0
3.05664,0.146484,0.711778,-2.80899e-07,0.693504,1,0
3.07617,0.126953,0.726197,-2.37978e-07,0.691552,1,0
3.07617,0.146484,0.711778,-2.50251e-07,0.691552,1,0
3.0957,0.0878906,0.748635,-1.7139e-07,0.689601,1,0
3.0957,0.107422,0.738469,-1.94317e-07,0.689601,1,0
3.11523,0.0878906,0.748635,-1.51615e-07,0.687649,1,0
3.11523,0.107422,0.738469,-1.71757e-07,0.687649,1,0
3.0957,0.126953,0.726197,-2.11232e-07,0.689601,1,0
3.0957,0.146484,0.711778,-2.2189e-07,0.689601,1,0
3.11523,0.126953,0.726197,-1.86519e-07,0.687649,1,0
3.11523,0.146484,0.711778,-1.95696e-07,0.687649,1,0
2.97852,0.166016,0.695165,-4.39947e-07,0.701309,1,0
2.97852,0.185547,0.676307,-4.39835e-07,0.701309,1,0
2.99805,0.166016,0.695165,-3.97522e-07,0.699358,1,0
2.99805,0.185547,0.676307,-3.97094e-07,0.699358,1,0
2.97852,0.205078,0.655146,-4.29437e-07,0.701309,1,0
2.97852,0.224609,0.631618,-4.1e-07,0.701309,1,0
2.99805,0.205078,0.655146,-3.87359e-07,0.699358,1,0
2.99805,0.224609,0.631618,-3.69471e-07,0.699358,1,0
3.01758,0.166016,0.695165,-3.58009e-07,0.697406,1,0
3.01758,0.185547,0.676307,-3.57303e-07,0.697406,1,0
3.03711,0.166016,0.695165,-3.21268e-07,0.695455,1,0
3.03711,0.185547,0.676307,-3.20316e-07,0.695455,1,0
3.01758,0.205078,0.655146,-3.482e-07,0.697406,1,0
3.01758,0.224609,0.631618,-3.31769e-07,0.697406,1,0
3.03711,0.205078,0.655146,-3.11816e-07,0.695455,1,0
3.03711,0.224609,0.631618,-2.96754e-07,0.695455,1,0
2.97852,0.244141,0.605653,-3.8303e-07,0.701309,1,0
2.97852,0.263672,0.577177,-3.50188e-07,0.701309,1,0
2.99805,0.244141,0.605653,-3.44818e-07,0.699358,1,0
2.99805,0.263672,0.577177,-3.14925e-07,0.699358,1,0
2.97852,0.283203,0.546111,-3.13182e-07,0.701309,1,0
2.97852,0.302734,0.51237,-2.73674e-07,0.701309,1,0
2.99805,0.283203,0.546111,-2.81352e-07,0.699358,1,0
2.99805,0.302734,0.51237,-2.45609e-07,0.699358,1,0
3.01758,0.244141,0.605653,-3.09287e-07,0.697406,1,0
3.01758,0.263672,0.577177,-2.8215e-07,0.697406,1,0
3.03711,0.244141,0.605653,-2.76303e-07,0.695455,1,0
3.03711,0.263672,0.577177,-2.51739e-07,0.695455,1,0
3.01758,0.283203,0.546111,-2.5178e-07,0.697406,1,0
3.01758,0.302734,0.51237,-2.19545e-07,0.697406,1,0
3.03711,0.283203,0.546111,-2.24353e-07,0.695455,1,0
3.03711,0.302734,0.51237,-1.95381e-07,0.695455,1,0
3.05664,0.166016,0.695165,-2.87159e-07,0.693504,1,0
3.05664,0.185547,0.676307,-2.85993e-07,0.693504,1,0
3.07617,0.166016,0.695165,-2.55549e-07,0.691552,1,0
3.07617,0.185547,0.676307,-2.542e-07,0.691552,1,0
3.05664,0.205078,0.655146,-2.78068e-07,0.693504,1,0
3.05664,0.224609,0.631618,-2.6429e-07,0.693504,1,0
3.07617,0.205078,0.655146,-2.4682e-07,0.691552,1,0
3.07617,0.224609,0.631618,-2.34248e-07,0.691552,1,0
3.0957,0.166016,0.695165,-2.2631e-07,0.689601,1,0
3.0957,0.185547,0.676307,-2.24804e-07,0.689601,1,0
3.11523,0.166016,0.695165,-1.99317e-07,0.687649,1,0
3.11523,0.185547,0.676307,-1.9768e-07,0.687649,1,0
3.0957,0.205078,0.655146,-2.17944e-07,0.689601,1,0
3.0957,0.224609,0.631618,-2.065e-07,0.689601,1,0
3.11523,0.205078,0.655146,-1.91314e-07,0.687649,1,0
3.11523,0.224609,0.631618,-1.80926e-07,0.687649,1,0
3.05664,0.244141,0.605653,-2.45738e-07,0.693504,1,0
3.05664,0.263672,0.577177,-2.23571e-07,0.693504,1,0
3.07617,0.244141,0.605653,-2.17466e-07,0.691552,1,0
3.07617,0.263672,0.577177,-1.97531e-07,0.691552,1,0
3.05664,0.283203,0.546111,-1.98961e-07,0.693504,1,0
3.05664,0.302734,0.51237,-1.73021e-07,0.693504,1,0
3.07617,0.283203,0.546111,-1.75499e-07,0.691552,1,0
3.07617,0.302734,0.51237,-1.52371e-07,0.691552,1,0
3.0957,0.244141,0.605653,-1.91369e-07,0.689601,1,0
3.0957,0.263672,0.577177,-1.73506e-07,0.689601,1,0
3.11523,0.244141,0.605653,-1.67329e-07,0.687649,1,0
3.11523,0.263672,0.577177,-1.51389e-07,0.687649,1,0
3.0957,0.283203,0.546111,-1.53865e-07,0.689601,1,0
3.0957,0.302734,0.51237,-1.3334e-07,0.689601,1,0
3.11523,0.283203,0.546111,-1.33961e-07,0.687649,1,0
3.11523,0.302734,0.51237,-1.1584e-07,0.687649,1,0
2.82227,0.322266,0.475868,-4.9981e-07,0.71692,1,0
2.82227,0.341797,0.436511,-4.1589e-07,0.71692,1,0
2.8418,0.322266,0.475868,-4.58362e-07,0.714969,1,0
2.8418,0.341797,0.436511,-3.81239e-07,0.714969,1,0
2.82227,0.361328,0.394203,-3.34345e-07,0.71692,1,0
2.82227,0.380859,0.348846,-2.57465e-07,0.71692,1,0
2.8418,0.361328,0.394203,-3.06381e-07,0.714969,1,0
2.8418,0.380859,0.348846,-2.35875e-07,0.714969,1,0
2.86133,0.322266,0.475868,-4.19453e-07,0.713018,1,0
2.86133,0.341797,0.436511,-3.48716e-07,0.713018,1,0
2.88086,0.322266,0.475868,-3.82969e-07,0.711066,1,0
2.88086,0.341797,0.436511,-3.18226e-07,0.711066,1,0
2.86133,0.361328,0.394203,-2.80138e-07,0.713018,1,0
2.86133,0.380859,0.348846,-2.15612e-07,0.713018,1,0
2.88086,0.361328,0.394203,-2.55539e-07,0.711066,1,0
2.88086,0.380859,0.348846,-1.96623e-07,0.711066,1,0
2.82227,0.400391,0.300338,-1.87253e-07,0.71692,1,0
2.82227,0.419922,0.248575,-1.25469e-07,0.71692,1,0
2.8418,0.400391,0.300338,-1.71523e-07,0.714969,1,0
2.8418,0.419922,0.248575,-1.14945e-07,0.714969,1,0
2.82227,0.439453,0.193451,-7.37646e-08,0.71692,1,0
2.82227,0.458984,0.13486,-3.34462e-08,0.71692,1,0
2.8418,0.439453,0.193451,-6.75915e-08,0.714969,1,0
2.8418,0.458984,0.13486,-3.06555e-08,0.714969,1,0
2.86133,0.400391,0.300338,-1.56774e-07,0.713018,1,0
2.86133,0.419922,0.248575,-1.05054e-07,0.713018,1,0
2.88086,0.400391,0.300338,-1.42939e-07,0.711066,1,0
2.88086,0.419922,0.248575,-9.57964e-08,0.711066,1,0
2.86133,0.439453,0.193451,-6.17926e-08,0.713017,1,0
2.86133,0.458984,0.13486,-2.8051e-08,0.713017,1,0
2.88086,0.439453,0.193451,-5.63599e-08,0.711066,1,0
2.88086,0.458984,0.13486,-2.5592e-08,0.711066,1,0
2.90039,0.322266,0.475868,-3.488e-07,0.709115,1,0
2.90039,0.341797,0.436511,-2.89676e-07,0.709115,1,0
2.91992,0.322266,0.475868,-3.1684e-07,0.707163,1,0
2.91992,0.341797,0.436511,-2.62979e-07,0.707163,1,0
2.90039,0.361328,0.394203,-2.3251e-07,0.709115,1,0
2.90039,0.380859,0.348846,-1.78844e-07,0.709115,1,0
2.91992,0.361328,0.394203,-2.10978e-07,0.707163,1,0
2.91992,0.380859,0.348846,-1.62225e-07,0.707163,1,0
2.93945,0.322266,0.475868,-2.86987e-07,0.705212,1,0
2.93945,0.341797,0.43651,-2.38047e-07,0.705212,1,0
2.95898,0.322266,0.475868,-2.59141e-07,0.70326,1,0
2.95898,0.341797,0.43651,-2.14798e-07,0.70326,1,0
2.93945,0.361328,0.394203,-1.90874e-07,0.705212,1,0
2.93945,0.380859,0.348846,-1.46707e-07,0.705212,1,0
2.95898,0.361328,0.394203,-1.7213e-07,0.70326,1,0
2.95898,0.380859,0.348846,-1.32244e-07,0.70326,1,0
2.90039,0.400391,0.300338,-1.29999e-07,0.709115,1,0
2.90039,0.419922,0.248575,-8.71163e-08,0.709115,1,0
2.91992,0.400391,0.300338,-1.1789e-07,0.707163,1,0
2.91992,0.419922,0.248575,-7.90133e-08,0.707163,1,0
2.90039,0.439453,0.193451,-5.12684e-08,0.709115,1,0
2.90039,0.458984,0.13486,-2.33042e-08,0.709115,1,0
2.91992,0.439453,0.193451,-4.6511e-08,0.707163,1,0
2.91992,0.458984,0.13486,-2.11478e-08,0.707163,1,0
2.93945,0.400391,0.300338,-1.06597e-07,0.705212,1,0
2.93945,0.419922,0.248575,-7.14351e-08,0.705212,1,0
2.95898,0.400391,0.300338,-9.60581e-08,0.70326,1,0
2.95898,0.419922,0.248575,-6.43821e-08,0.70326,1,0
2.93945,0.439453,0.193451,-4.20638e-08,0.705212,1,0
2.93945,0.458984,0.13486,-1.91485e-08,0.705212,1,0
2.95898,0.439453,0.193451,-3.79206e-08,0.70326,1,0
2.95898,0.458984,0.13486,-1.72677e-08,0.70326,1,0
2.82227,0.478516,0.0726928,-5.96938e-09,0.71692,1,0
2.82227,0.498047,0.00683692,2.50478e-09,0.71692,0.6,0
2.8418,0.478516,0.0726928,-5.49122e-09,0.714969,1,0
2.8418,0.498047,0.00683692,2.28974e-09,0.714969,0.6,0
2.86133,0.478516,0.0726927,-5.0345e-09,0.713017,1,0
2.86133,0.498047,0.00683692,2.09322e-09,0.713017,0.6,0
2.88086,0.478516,0.0726927,-4.61217e-09,0.711066,1,0
2.88086,0.498047,0.00683692,1.90361e-09,0.711066,0.6,0
2.90039,0.478516,0.0726927,-4.20892e-09,0.709115,1,0
2.90039,0.498047,0.00683691,1.73114e-09,0.709115,0.6,0
2.91992,0.478516,0.0726927,-3.83766e-09,0.707163,1,0
2.91992,0.498047,0.00683691,1.56474e-09,0.707163,0.6,0
2.93945,0.478516,0.0726927,-3.48328e-09,0.705212,1,0
2.93945,0.498047,0.00683691,1.41419e-09,0.705212,0.6,0
2.95898,0.478516,0.0726927,-3.15862e-09,0.70326,1,0
2.95898,0.498047,0.00683691,1.26893e-09,0.70326,0.6,0
2.97852,0.322266,0.475868,-2.33206e-07,0.701309,1,0
2.97852,0.341797,0.43651,-1.9315e-07,0.701309,1,0
2.99805,0.322266,0.475868,-2.09089e-07,0.699358,1,0
2.99805,0.341797,0.43651,-1.73025e-07,0.699358,1,0
2.97852,0.361328,0.394203,-1.5468e-07,0.701309,1,0
2.97852,0.380859,0.348846,-1.18778e-07,0.701309,1,0
2.99805,0.361328,0.394203,-1.38462e-07,0.699358,1,0
2.99805,0.380859,0.348846,-1.06267e-07,0.699358,1,0
3.01758,0.322266,0.475868,-1.867e-07,0.697406,1,0
3.01758,0.341797,0.43651,-1.54347e-07,0.697406,1,0
3.03711,0.322266,0.475868,-1.65952e-07,0.695455,1,0
3.03711,0.341797,0.43651,-1.37044e-07,0.695455,1,0
3.01758,0.361328,0.394203,-1.23414e-07,0.697406,1,0
3.01758,0.380859,0.348846,-9.46575e-08,0.697406,1,0
3.03711,0.361328,0.394203,-1.09477e-07,0.695455,1,0
3.03711,0.380859,0.348846,-8.39096e-08,0.695455,1,0
2.97852,0.400391,0.300338,-8.62595e-08,0.701309,1,0
2.97852,0.419922,0.248575,-5.78043e-08,0.701309,1,0
2.99805,0.400391,0.300338,-7.71427e-08,0.699358,1,0
2.99805,0.419922,0.248575,-5.17029e-08,0.699358,1,0
2.97852,0.439453,0.193451,-3.40585e-08,0.701309,1,0
2.97852,0.458984,0.13486,-1.55306e-08,0.701309,1,0
2.99805,0.439453,0.193451,-3.04723e-08,0.699358,1,0
2.99805,0.458984,0.13486,-1.38998e-08,0.699358,1,0
3.01758,0.400391,0.300338,-6.86961e-08,0.697406,1,0
3.01758,0.419922,0.248575,-4.60303e-08,0.697406,1,0
3.03711,0.400391,0.300338,-6.08638e-08,0.695455,1,0
3.03711,0.419922,0.248575,-4.07886e-08,0.695455,1,0
3.01758,0.439453,0.193451,-2.71399e-08,0.697406,1,0
3.01758,0.458984,0.13486,-1.24003e-08,0.697406,1,0
3.03711,0.439453,0.193451,-2.40571e-08,0.695455,1,0
3.03711,0.458984,0.13486,-1.09956e-08,0.695455,1,0
3.05664,0.322266,0.475868,-1.4676e-07,0.693504,1,0
3.05664,0.341797,0.43651,-1.21045e-07,0.693504,1,0
3.07617,0.322266,0.475868,-1.29044e-07,0.691552,1,0
3.07617,0.341797,0.43651,-1.06282e-07,0.691552,1,0
3.05664,0.361328,0.394203,-9.65933e-08,0.693503,1,0
3.05664,0.380859,0.348846,-7.39732e-08,0.693503,1,0
3.07617,0.361328,0.394203,-8.47084e-08,0.691552,1,0
3.07617,0.380859,0.348846,-6.48114e-08,0.691552,1,0
3.0957,0.322266,0.475868,-1.12724e-07,0.689601,1,0
3.0957,0.341797,0.43651,-9.26877e-08,0.689601,1,0
3.11523,0.322266,0.475868,-9.77249e-08,0.687649,1,0
3.11523,0.341797,0.43651,-8.01994e-08,0.687649,1,0
3.0957,0.361328,0.394203,-7.37684e-08,0.689601,1,0
3.0957,0.380859,0.348846,-5.6377e-08,0.689601,1,0
3.11523,0.361328,0.394203,-6.37218e-08,0.687649,1,0
3.11523,0.380859,0.348846,-4.86359e-08,0.687649,1,0
3.05664,0.400391,0.300338,-5.3636e-08,0.693503,1,0
3.05664,0.419922,0.248575,-3.59323e-08,0.693503,1,0
3.07617,0.400391,0.300338,-4.69594e-08,0.691552,1,0
3.07617,0.419922,0.248575,-3.14641e-08,0.691552,1,0
3.05664,0.439453,0.193451,-2.12026e-08,0.693503,1,0
3.05664,0.458984,0.13486,-9.71068e-09,0.693503,1,0
3.07617,0.439453,0.193451,-1.85729e-08,0.691552,1,0
3.07617,0.458984,0.13486,-8.5098e-09,0.691552,1,0
3.0957,0.400391,0.300338,-4.08257e-08,0.689601,1,0
3.0957,0.419922,0.248575,-2.73408e-08,0.689601,1,0
3.11523,0.400391,0.300338,-3.51843e-08,0.687649,1,0
3.11523,0.419922,0.248575,-2.35659e-08,0.687649,1,0
3.0957,0.439453,0.193451,-1.61477e-08,0.689601,1,0
3.0957,0.458984,0.13486,-7.4177e-09,0.689601,1,0
3.11523,0.439453,0.193451,-1.39243e-08,0.687649,1,0
3.11523,0.458984,0.13486,-6.39975e-09,0.687649,1,0
2.97852,0.478516,0.0726927,-2.84879e-09,0.701309,1,0
2.97852,0.498047,0.00683691,1.1383e-09,0.701309,0.6,0
2.99805,0.478516,0.0726927,-2.56653e-09,0.699358,1,0
2.99805,0.498047,0.00683691,1.01223e-09,0.699358,0.6,0
3.01758,0.478516,0.0726927,-2.2972e-09,0.697406,1,0
3.01758,0.498047,0.00683691,8.99656e-10,0.697406,0.6,0
3.03711,0.478516,0.0726927,-2.0534e-09,0.695455,1,0
3.03711,0.498047,0.00683691,7.9095e-10,0.695455,0.6,0
3.05664,0.478516,0.0726926,-1.82077e-09,0.693503,1,0
3.05664,0.498047,0.00683691,6.94671e-10,0.693503,0.6,0
3.07617,0.478516,0.0726926,-1.61175e-09,0.691552,1,0
3.07617,0.498047,0.0068369,6.0162e-10,0.691552,0.6,0
3.0957,0.478516,0.0726926,-1.41224e-09,0.689601,1,0
3.0957,0.498047,0.0068369,5.19996e-10,0.689601,0.6,0
3.11523,0.478516,0.0726926,-1.23455e-09,0.687649,1,0
3.11523,0.498047,0.0068369,4.41e-10,0.687649,0.6,0
3.13477,0.00976562,0.768797,-2.31871e-08,0.685698,1,0
3.13477,0.0292969,0.766791,-6.01423e-08,0.685698,1,0
3.1543,0.00976562,0.768797,-2.03197e-08,0.683747,1,0
3.1543,0.0292969,0.766791,-5.26763e-08,0.683747,1,0
3.13477,0.0488281,0.762772,-8.67363e-08,0.685698,1,0
3.13477,0.0683594,0.756727,-1.11489e-07,0.685698,1,0
3.1543,0.0488281,0.762772,-7.59202e-08,0.683747,1,0
3.1543,0.0683594,0.756727,-9.75268e-08,0.683747,1,0
3.17383,0.00976562,0.768797,-1.76838e-08,0.681795,1,0
3.17383,0.0292969,0.766791,-4.58143e-08,0.681795,1,0
3.19336,0.00976562,0.768797,-1.52667e-08,0.679844,1,0
3.19336,0.0292969,0.766791,-3.95226e-08,0.679844,1,0
3.17383,0.0488281,0.762772,-6.59807e-08,0.681795,1,0
3.17383,0.0683594,0.756727,-8.46982e-08,0.681795,1,0
3.19336,0.0488281,0.762772,-5.68688e-08,0.679844,1,0
3.19336,0.0683594,0.756727,-7.29399e-08,0.679844,1,0
3.13477,0.0878906,0.748635,-1.3337e-07,0.685698,1,0
3.13477,0.107422,0.738469,-1.50947e-07,0.685698,1,0
3.1543,0.0878906,0.748635,-1.16572e-07,0.683747,1,0
3.1543,0.107422,0.738469,-1.31794e-07,0.683747,1,0
3.13477,0.126953,0.726197,-1.63733e-07,0.685698,1,0
3.13477,0.146484,0.711778,-1.71554e-07,0.685698,1,0
3.1543,0.126953,0.726197,-1.42769e-07,0.683747,1,0
3.1543,0.146484,0.711778,-1.49351e-07,0.683747,1,0
3.17383,0.0878906,0.748635,-1.01141e-07,0.681795,1,0
3.17383,0.107422,0.738469,-1.14206e-07,0.681795,1,0
3.19336,0.0878906,0.748635,-8.70019e-08,0.679844,1,0
3.19336,0.107422,0.73847,-9.80957e-08,0.679844,1,0
3.17383,0.126953,0.726197,-1.23525e-07,0.681795,1,0
3.17383,0.146484,0.711778,-1.28982e-07,0.681795,1,0
3.19336,0.126953,0.726197,-1.05906e-07,0.679844,1,0
3.19336,0.146484,0.711778,-1.10341e-07,0.679844,1,0
3.21289,0.00976562,0.768797,-1.30559e-08,0.677892,1,0
3.21289,0.0292969,0.766791,-3.37686e-08,0.677892,1,0
3.23242,0.00976562,0.768797,-1.10392e-08,0.675941,1,0
3.23242,0.0292969,0.766791,-2.85211e-08,0.675941,1,0
3.21289,0.0488281,0.762772,-4.85372e-08,0.677892,1,0
3.21289,0.0683594,0.756727,-6.21907e-08,0.677892,1,0
3.23242,0.0488281,0.762772,-4.09405e-08,0.675941,1,0
3.23242,0.0683594,0.756727,-5.23916e-08,0.675941,1,0
3.25195,0.00976562,0.768797,-9.20532e-09,0.67399,1,0
3.25195,0.0292969,0.766791,-2.37499e-08,0.67399,1,0
3.27148,0.00976562,0.768797,-7.54297e-09,0.672038,1,0
3.27148,0.0292969,0.766791,-1.94258e-08,0.672038,1,0
3.25195,0.0488281,0.762772,-3.40348e-08,0.67399,1,0
3.25195,0.0683594,0.756727,-4.34859e-08,0.67399,1,0
3.27148,0.0488281,0.762772,-2.77778e-08,0.672038,1,0
3.27148,0.0683594,0.756727,-3.54189e-08,0.672038,1,0
3.21289,0.0878906,0.748635,-7.40797e-08,0.677892,1,0
3.21289,0.107422,0.73847,-8.33778e-08,0.677892,1,0
3.23242,0.0878906,0.748635,-6.23035e-08,0.675941,1,0
3.23242,0.107422,0.73847,-6.99705e-08,0.675941,1,0
3.21289,0.126953,0.726197,-8.98175e-08,0.677892,1,0
3.21289,0.146484,0.711778,-9.33289e-08,0.677892,1,0
3.23242,0.126953,0.726197,-7.51692e-08,0.675941,1,0
3.23242,0.146484,0.711778,-7.78494e-08,0.675941,1,0
3.25195,0.0878906,0.748635,-5.16045e-08,0.67399,1,0
3.25195,0.107422,0.73847,-5.77953e-08,0.67399,1,0
3.27148,0.0878906,0.748635,-4.19168e-08,0.672038,1,0
3.27148,0.107422,0.73847,-4.67763e-08,0.672038,1,0
3.25195,0.126953,0.726197,-6.18744e-08,0.67399,1,0
3.25195,0.146484,0.711778,-6.38096e-08,0.67399,1,0
3.27148,0.126953,0.726197,-4.98496e-08,0.672038,1,0
3.27148,0.146484,0.711778,-5.11204e-08,0.672038,1,0
3.13477,0.166016,0.695165,-1.7445e-07,0.685698,1,0
3.13477,0.185547,0.676307,-1.72705e-07,0.685698,1,0
3.1543,0.166016,0.695165,-1.51594e-07,0.683747,1,0
3.1543,0.185547,0.676307,-1.49763e-07,0.683747,1,0
3.13477,0.205078,0.655146,-1.66809e-07,0.685698,1,0
3.13477,0.224609,0.631618,-1.57406e-07,0.685698,1,0
3.1543,0.205078,0.655146,-1.44311e-07,0.683747,1,0
3.1543,0.224609,0.631618,-1.35827e-07,0.683747,1,0
3.17383,0.166016,0.695165,-1.30635e-07,0.681795,1,0
3.17383,0.185547,0.676307,-1.28739e-07,0.681795,1,0
3.19336,0.166016,0.695165,-1.11467e-07,0.679844,1,0
3.19336,0.185547,0.676307,-1.09523e-07,0.679844,1,0
3.17383,0.205078,0.655146,-1.23709e-07,0.681795,1,0
3.17383,0.224609,0.631618,-1.16079e-07,0.681795,1,0
3.19336,0.205078,0.655146,-1.04892e-07,0.679844,1,0
3.19336,0.224609,0.631618,-9.80576e-08,0.679844,1,0
3.13477,0.244141,0.605653,-1.45235e-07,0.685698,1,0
3.13477,0.263672,0.577177,-1.31075e-07,0.685698,1,0
3.1543,0.244141,0.605653,-1.24978e-07,0.683747,1,0
3.1543,0.263672,0.577177,-1.12463e-07,0.683747,1,0
3.13477,0.283203,0.546111,-1.15691e-07,0.685698,1,0
3.13477,0.302734,0.51237,-9.9786e-08,0.685698,1,0
3.1543,0.283203,0.546111,-9.89633e-08,0.683747,1,0
3.1543,0.302734,0.51237,-8.50975e-08,0.683747,1,0
3.17383,0.244141,0.605653,-1.06454e-07,0.681795,1,0
3.17383,0.263672,0.577177,-9.54568e-08,0.681795,1,0
3.19336,0.244141,0.605653,-8.95624e-08,0.679844,1,0
3.19336,0.263672,0.577177,-7.99614e-08,0.679844,1,0
3.17383,0.283203,0.546111,-8.36896e-08,0.681795,1,0
3.17383,0.302734,0.51237,-7.16952e-08,0.681795,1,0
3.19336,0.283203,0.546111,-6.97845e-08,0.679844,1,0
3.19336,0.302734,0.51237,-5.95034e-08,0.679844,1,0
3.21289,0.166016,0.695165,-9.39849e-08,0.677892,1,0
3.21289,0.185547,0.676307,-9.20105e-08,0.677892,1,0
3.23242,0.166016,0.695165,-7.80889e-08,0.675941,1,0
3.23242,0.185547,0.676307,-7.60992e-08,0.675941,1,0
3.21289,0.205078,0.655146,-8.77561e-08,0.677892,1,0
3.21289,0.224609,0.631618,-8.16599e-08,0.677892,1,0
3.23242,0.205078,0.655146,-7.22007e-08,0.675941,1,0
3.23242,0.224609,0.631618,-6.67879e-08,0.675941,1,0
3.25195,0.166016,0.695165,-6.36825e-08,0.67399,1,0
3.25195,0.185547,0.676307,-6.16913e-08,0.67399,1,0
3.27148,0.166016,0.695165,-5.06729e-08,0.672038,1,0
3.27148,0.185547,0.676307,-4.86926e-08,0.672038,1,0
3.25195,0.205078,0.655146,-5.81282e-08,0.67399,1,0
3.25195,0.224609,0.631618,-5.33472e-08,0.67399,1,0
3.27148,0.205078,0.655146,-4.54452e-08,0.672038,1,0
3.27148,0.224609,0.631618,-4.12471e-08,0.672038,1,0
3.21289,0.244141,0.605653,-7.42063e-08,0.677892,1,0
3.21289,0.263672,0.577177,-6.58872e-08,0.677892,1,0
3.23242,0.244141,0.605653,-6.02924e-08,0.675941,1,0
3.23242,0.263672,0.577177,-5.31471e-08,0.675941,1,0
3.21289,0.283203,0.546111,-5.71658e-08,0.677892,1,0
3.21289,0.302734,0.51237,-4.84489e-08,0.677892,1,0
3.23242,0.283203,0.546111,-4.57544e-08,0.675941,1,0
3.23242,0.302734,0.51237,-3.84613e-08,0.675941,1,0
3.25195,0.244141,0.605653,-4.77308e-08,0.67399,1,0
3.25195,0.263672,0.577177,-4.16576e-08,0.67399,1,0
3.27148,0.244141,0.605653,-3.64352e-08,0.672038,1,0
3.27148,0.263672,0.577177,-3.13383e-08,0.672038,1,0
3.25195,0.283203,0.546111,-3.54742e-08,0.67399,1,0
3.25195,0.302734,0.51237,-2.94732e-08,0.67399,1,0
3.27148,0.283203,0.546111,-2.6252e-08,0.672038,1,0
3.27148,0.302734,0.51237,-2.14193e-08,0.672038,1,0
3.29102,0.00976562,0.768797,-6.04146e-09,0.670087,1,0
3.29102,0.0292969,0.766791,-1.55211e-08,0.670087,1,0
3.31055,0.00976562,0.768797,-4.69052e-09,0.668135,1,0
3.31055,0.0292969,0.766791,-1.20087e-08,0.668135,1,0
3.29102,0.0488281,0.762772,-2.2129e-08,0.670087,1,0
3.29102,0.0683594,0.756727,-2.81381e-08,0.670087,1,0
3.31055,0.0488281,0.762772,-1.70495e-08,0.668135,1,0
3.31055,0.0683594,0.756727,-2.1593e-08,0.668135,1,0
3.33008,0.00976562,0.768797,-3.4803e-09,0.666184,1,0
3.33008,0.0292969,0.766791,-8.86306e-09,0.666184,1,0
3.34961,0.00976562,0.768797,-2.40125e-09,0.664233,1,0
3.34961,0.0292969,0.766791,-6.05913e-09,0.664233,1,0
3.33008,0.0488281,0.762772,-1.25016e-08,0.666184,1,0
3.33008,0.0683594,0.756727,-1.5735e-08,0.666184,1,0
3.34961,0.0488281,0.762772,-8.44927e-09,0.664233,1,0
3.34961,0.0683594,0.756727,-1.05175e-08,0.664233,1,0
3.29102,0.0878906,0.748635,-3.31767e-08,0.670087,1,0
3.29102,0.107422,0.73847,-3.68407e-08,0.670087,1,0
3.31055,0.0878906,0.748635,-2.53234e-08,0.668135,1,0
3.31055,0.107422,0.73847,-2.79186e-08,0.668135,1,0
3.29102,0.126953,0.726197,-3.90145e-08,0.670087,1,0
3.29102,0.146484,0.711778,-3.96958e-08,0.670087,1,0
3.31055,0.126953,0.726197,-2.92919e-08,0.668135,1,0
3.31055,0.146484,0.711778,-2.94534e-08,0.668135,1,0
3.33008,0.0878906,0.748635,-1.82982e-08,0.666184,1,0
3.33008,0.107422,0.73847,-1.99425e-08,0.666184,1,0
3.34961,0.0878906,0.748635,-1.20447e-08,0.664233,1,0
3.34961,0.107422,0.73847,-1.28483e-08,0.664233,1,0
3.33008,0.126953,0.726197,-2.06077e-08,0.666184,1,0
3.33008,0.146484,0.711778,-2.03141e-08,0.666184,1,0
3.34961,0.126953,0.726197,-1.28909e-08,0.664233,1,0
3.34961,0.146484,0.711778,-1.22022e-08,0.664233,1,0
3.36914,0.00976562,0.768797,-1.44413e-09,0.662281,1,0
3.36914,0.0292969,0.766791,-3.57303e-09,0.662281,1,0
3.38867,0.00976562,0.768797,-6.00389e-10,0.66033,1,0
3.38867,0.0292969,0.766791,-1.38251e-09,0.66033,1,0
3.36914,0.0488281,0.762772,-4.85813e-09,0.662281,1,0
3.36914,0.0683594,0.756727,-5.89615e-09,0.662281,1,0
3.38867,0.0488281,0.762772,-1.69569e-09,0.66033,1,0
3.38867,0.0683594,0.756727,-1.82858e-09,0.66033,1,0
3.4082,0.00976562,0.768797,1.37926e-10,0.658378,1,0
3.4082,0.0292969,0.766791,5.33482e-10,0.658378,1,0
3.42773,0.00976562,0.768797,7.78686e-10,0.656427,1,0
3.42773,0.0292969,0.766791,2.19559e-09,0.656427,1,0
3.4082,0.0488281,0.762772,1.06909e-09,0.658378,1,0
3.4082,0.0683594,0.756727,1.7257e-09,0.658378,1,0
3.42773,0.0488281,0.762772,3.46633e-09,0.656427,1,0
3.42773,0.0683594,0.756727,4.80577e-09,0.656427,1,0
3.36914,0.0878906,0.748635,-6.50944e-09,0.662281,1,0
3.36914,0.107422,0.73847,-6.57425e-09,0.662281,1,0
3.38867,0.0878906,0.748635,-1.64108e-09,0.66033,1,0
3.38867,0.107422,0.73847,-1.06149e-09,0.66033,1,0
3.36914,0.126953,0.726197,-6.07358e-09,0.662281,1,0
3.36914,0.146484,0.711778,-5.04495e-09,0.662281,1,0
3.38867,0.126953,0.726197,-9.0691e-11,0.66033,1,0
3.38867,0.146484,0.711778,1.22725e-09,0.66033,1,0
3.4082,0.0878906,0.748635,2.60959e-09,0.658378,1,0
3.4082,0.107422,0.73847,3.74661e-09,0.658378,1,0
3.42773,0.0878906,0.748635,6.28981e-09,0.656427,1,0
3.42773,0.107422,0.73847,7.90414e-09,0.656427,1,0
3.4082,0.126953,0.726197,5.12029e-09,0.658378,1,0
3.4082,0.146484,0.711778,6.68112e-09,0.658378,1,0
3.42773,0.126953,0.726197,9.61882e-09,0.656427,1,0
3.42773,0.146484,0.711778,1.13799e-08,0.656427,1,0
3.29102,0.166016,0.695165,-3.89707e-08,0.670087,1,0
3.29102,0.185547,0.676307,-3.70125e-08,0.670087,1,0
3.31055,0.166016,0.695165,-2.84903e-08,0.668135,1,0
3.31055,0.185547,0.676307,-2.6564e-08,0.668135,1,0
3.29102,0.205078,0.655146,-3.40618e-08,0.670087,1,0
3.29102,0.224609,0.631618,-3.04001e-08,0.670087,1,0
3.31055,0.205078,0.655146,-2.38917e-08,0.668135,1,0
3.31055,0.224609,0.631618,-2.07226e-08,0.668135,1,0
3.33008,0.166016,0.695165,-1.91495e-08,0.666184,1,0
3.33008,0.185547,0.676307,-1.72638e-08,0.666184,1,0
3.34961,0.166016,0.695165,-1.08695e-08,0.664233,1,0
3.34961,0.185547,0.676307,-9.03187e-09,0.664233,1,0
3.33008,0.205078,0.655146,-1.48523e-08,0.666184,1,0
3.33008,0.224609,0.631618,-1.21342e-08,0.666184,1,0
3.34961,0.205078,0.655146,-6.8641e-09,0.664233,1,0
3.34961,0.224609,0.631618,-4.55772e-09,0.664233,1,0
3.29102,0.244141,0.605653,-2.63225e-08,0.670087,1,0
3.29102,0.263672,0.577177,-2.2112e-08,0.670087,1,0
3.31055,0.244141,0.605653,-1.73132e-08,0.668135,1,0
3.31055,0.263672,0.577177,-1.39046e-08,0.668135,1,0
3.29102,0.283203,0.546111,-1.80176e-08,0.670087,1,0
3.29102,0.302734,0.51237,-1.42373e-08,0.670087,1,0
3.31055,0.283203,0.546111,-1.07034e-08,0.668135,1,0
3.31055,0.302734,0.51237,-7.86718e-09,0.668135,1,0
3.33008,0.244141,0.605653,-9.33071e-09,0.666184,1,0
3.33008,0.263672,0.577177,-6.64476e-09,0.666184,1,0
3.34961,0.244141,0.605653,-2.3016e-09,0.664233,1,0
3.34961,0.263672,0.577177,-2.64096e-10,0.664233,1,0
3.33008,0.283203,0.546111,-4.24445e-09,0.666184,1,0
3.33008,0.302734,0.51237,-2.25112e-09,0.666184,1,0
3.34961,0.283203,0.546111,1.42129e-09,0.664233,1,0
3.34961,0.302734,0.51237,2.66573e-09,0.664233,1,0
3.36914,0.166016,0.695165,-3.57476e-09,0.662281,1,0
3.36914,0.185547,0.676307,-1.79145e-09,0.662281,1,0
3.38867,0.166016,0.695165,2.80727e-09,0.66033,1,0
3.38867,0.185547,0.676307,4.53099e-09,0.66033,1,0
3.36914,0.205078,0.655146,1.4916e-10,0.662281,1,0
3.36914,0.224609,0.631618,2.08086e-09,0.662281,1,0
3.38867,0.205078,0.655146,6.26014e-09,0.66033,1,0
3.38867,0.224609,0.631618,7.85176e-09,0.66033,1,0
3.4082,0.166016,0.695165,8.34573e-09,0.658378,1,0
3.4082,0.185547,0.676307,1.00053e-08,0.658378,1,0
3.42773,0.166016,0.695165,1.31061e-08,0.656427,1,0
3.42773,0.185547,0.676307,1.46977e-08,0.656427,1,0
3.4082,0.205078,0.655146,1.15378e-08,0.658378,1,0
3.4082,0.224609,0.631618,1.28218e-08,0.658378,1,0
3.42773,0.205078,0.655146,1.60479e-08,0.656427,1,0
3.42773,0.224609,0.631618,1.70546e-08,0.656427,1,0
3.36914,0.244141,0.605653,3.84424e-09,0.662281,1,0
3.36914,0.263672,0.577177,5.30227e-09,0.662281,1,0
3.38867,0.244141,0.605653,9.17328e-09,0.66033,1,0
3.38867,0.263672,0.577177,1.0116e-08,0.66033,1,0
3.36914,0.283203,0.546111,6.35253e-09,0.662281,1,0
3.36914,0.302734,0.51237,6.93528e-09,0.662281,1,0
3.38867,0.283203,0.546111,1.06054e-08,0.66033,1,0
3.38867,0.302734,0.51237,1.06075e-08,0.66033,1,0
3.4082,0.244141,0.605653,1.37489e-08,0.658378,1,0
3.4082,0.263672,0.577177,1.42361e-08,0.658378,1,0
3.42773,0.244141,0.605653,1.76317e-08,0.656427,1,0
3.42773,0.263672,0.577177,1.77188e-08,0.656427,1,0
3.4082,0.283203,0.546111,1.42336e-08,0.658378,1,0
3.4082,0.302734,0.51237,1.37302e-08,0.658378,1,0
3.42773,0.283203,0.546111,1.72883e-08,0.656427,1,0
3.42773,0.302734,0.51237,1.63488e-08,0.656427,1,0
3.13477,0.322266,0.475867,-8.39734e-08,0.685698,1,0
3.13477,0.341797,0.43651,-6.87553e-08,0.685698,1,0
3.1543,0.322266,0.475867,-7.13988e-08,0.683747,1,0
3.1543,0.341797,0.43651,-5.82961e-08,0.683747,1,0
3.13477,0.361328,0.394203,-5.45189e-08,0.685698,1,0
3.13477,0.380859,0.348846,-4.15439e-08,0.685698,1,0
3.1543,0.361328,0.394203,-4.61114e-08,0.683747,1,0
3.1543,0.380859,0.348846,-3.50694e-08,0.683747,1,0
3.17383,0.322266,0.475867,-5.9933e-08,0.681795,1,0
3.17383,0.341797,0.43651,-4.87646e-08,0.681795,1,0
3.19336,0.322266,0.475867,-4.95101e-08,0.679844,1,0
3.19336,0.341797,0.43651,-4.01056e-08,0.679844,1,0
3.17383,0.361328,0.394203,-3.84532e-08,0.681795,1,0
3.17383,0.380859,0.348846,-2.9171e-08,0.681795,1,0
3.19336,0.361328,0.394203,-3.14994e-08,0.679844,1,0
3.19336,0.380859,0.348846,-2.38196e-08,0.679844,1,0
3.13477,0.400391,0.300338,-3.00286e-08,0.685698,1,0
3.13477,0.419922,0.248575,-2.00979e-08,0.685698,1,0
3.1543,0.400391,0.300338,-2.53102e-08,0.683747,1,0
3.1543,0.419922,0.248574,-1.69411e-08,0.683747,1,0
3.13477,0.439453,0.193451,-1.18833e-08,0.685698,1,0
3.13477,0.458984,0.13486,-5.48032e-09,0.685698,1,0
3.1543,0.439453,0.193451,-1.00224e-08,0.683747,1,0
3.1543,0.458984,0.13486,-4.62576e-09,0.683747,1,0
3.17383,0.400391,0.300338,-2.1024e-08,0.681795,1,0
3.17383,0.419922,0.248574,-1.4056e-08,0.681795,1,0
3.19336,0.400391,0.300338,-1.71241e-08,0.679844,1,0
3.19336,0.419922,0.248574,-1.14475e-08,0.679844,1,0
3.17383,0.439453,0.193451,-8.32312e-09,0.681795,1,0
3.17383,0.458984,0.13486,-3.86015e-09,0.681795,1,0
3.19336,0.439453,0.193451,-6.78392e-09,0.679844,1,0
3.19336,0.458984,0.13486,-3.1508e-09,0.679844,1,0
3.21289,0.322266,0.475867,-4.0067e-08,0.677892,1,0
3.21289,0.341797,0.43651,-3.22659e-08,0.677892,1,0
3.23242,0.322266,0.475867,-3.15428e-08,0.675941,1,0
3.23242,0.341797,0.43651,-2.51945e-08,0.675941,1,0
3.21289,0.361328,0.394203,-2.52071e-08,0.677892,1,0
3.21289,0.380859,0.348846,-1.89765e-08,0.677892,1,0
3.23242,0.361328,0.394203,-1.95349e-08,0.675941,1,0
3.23242,0.380859,0.348846,-1.4615e-08,0.675941,1,0
3.25195,0.322266,0.475867,-2.38788e-08,0.67399,1,0
3.25195,0.341797,0.43651,-1.88421e-08,0.67399,1,0
3.27148,0.322266,0.475867,-1.70189e-08,0.672038,1,0
3.27148,0.341797,0.43651,-1.31615e-08,0.672038,1,0
3.25195,0.361328,0.394203,-1.44429e-08,0.67399,1,0
3.25195,0.380859,0.348846,-1.0699e-08,0.67399,1,0
3.27148,0.361328,0.394203,-9.89295e-09,0.672038,1,0
3.27148,0.380859,0.348846,-7.20419e-09,0.672038,1,0
3.21289,0.400391,0.300338,-1.36067e-08,0.677892,1,0
3.21289,0.419922,0.248574,-9.07791e-09,0.677892,1,0
3.23242,0.400391,0.300338,-1.04283e-08,0.675941,1,0
3.23242,0.419922,0.248574,-6.9528e-09,0.675941,1,0
3.21289,0.439453,0.193451,-5.38718e-09,0.677892,1,0
3.21289,0.458984,0.13486,-2.52142e-09,0.677892,1,0
3.23242,0.439453,0.193451,-4.1318e-09,0.675941,1,0
3.23242,0.458984,0.13486,-1.94034e-09,0.675941,1,0
3.25195,0.400391,0.300338,-7.58628e-09,0.67399,1,0
3.25195,0.419922,0.248574,-5.03631e-09,0.67399,1,0
3.27148,0.400391,0.300338,-5.03956e-09,0.672038,1,0
3.27148,0.419922,0.248574,-3.33455e-09,0.672038,1,0
3.25195,0.439453,0.193451,-3.00107e-09,0.67399,1,0
3.25195,0.458984,0.13486,-1.4309e-09,0.67399,1,0
3.27148,0.439453,0.193451,-1.99444e-09,0.672038,1,0
3.27148,0.458984,0.13486,-9.62393e-10,0.672038,1,0
3.13477,0.478516,0.0726926,-1.06484e-09,0.685698,1,0
3.13477,0.498047,0.0068369,3.72495e-10,0.685698,0.6,0
3.1543,0.478516,0.0726926,-9.1523e-10,0.683747,1,0
3.1543,0.498047,0.0068369,3.06058e-10,0.683747,0.6,0
3.17383,0.478516,0.0726926,-7.72187e-10,0.681795,1,0
3.17383,0.498047,0.0068369,2.49237e-10,0.681795,0.6,0
3.19336,0.478516,0.0726926,-6.47639e-10,0.679844,1,0
3.19336,0.498047,0.0068369,1.93962e-10,0.679844,0.6,0
3.21289,0.478516,0.0726926,-5.28339e-10,0.677892,1,0
3.21289,0.498047,0.0068369,1.47488e-10,0.677892,0.6,0
3.23242,0.478516,0.0726926,-4.26015e-10,0.675941,1,0
3.23242,0.498047,0.0068369,1.02076e-10,0.675941,0.6,0
3.25195,0.478516,0.0726926,-3.27725e-10,0.67399,1,0
3.25195,0.498047,0.0068369,6.47099e-11,0.67399,0.6,0
3.27148,0.478516,0.0726926,-2.44981e-10,0.672038,1,0
3.27148,0.498047,0.0068369,2.79776e-11,0.672038,0.6,0
3.29102,0.322266,0.475867,-1.09089e-08,0.670087,1,0
3.29102,0.341797,0.43651,-8.10733e-09,0.670087,1,0
3.31055,0.322266,0.475867,-5.497e-09,0.668135,1,0
3.31055,0.341797,0.43651,-3.63596e-09,0.668135,1,0
3.29102,0.361328,0.394203,-5.84824e-09,0.670087,1,0
3.29102,0.380859,0.348846,-4.09692e-09,0.670087,1,0
3.31055,0.361328,0.394203,-2.27348e-09,0.668135,1,0
3.31055,0.380859,0.348846,-1.35509e-09,0.668135,1,0
3.33008,0.322266,0.475867,-7.33184e-10,0.666184,1,0
3.33008,0.341797,0.43651,2.94298e-10,0.666184,1,0
3.34961,0.322266,0.475867,3.42977e-09,0.664233,1,0
3.34961,0.341797,0.43651,3.72297e-09,0.664233,1,0
3.33008,0.361328,0.394203,8.64826e-10,0.666184,1,0
3.33008,0.380859,0.348846,1.05218e-09,0.666184,1,0
3.34961,0.361328,0.394203,3.59868e-09,0.664233,1,0
3.34961,0.380859,0.348846,3.14459e-09,0.664233,1,0
3.29102,0.400391,0.300338,-2.78669e-09,0.670087,1,0
3.29102,0.419922,0.248574,-1.81346e-09,0.670087,1,0
3.31055,0.400391,0.300338,-7.88922e-10,0.668135,1,0
3.31055,0.419922,0.248574,-4.79836e-10,0.668135,1,0
3.29102,0.439453,0.193451,-1.09607e-09,0.670087,1,0
3.29102,0.458984,0.13486,-5.57862e-10,0.670087,1,0
3.31055,0.439453,0.193451,-3.06053e-10,0.668135,1,0
3.31055,0.458984,0.13486,-1.87678e-10,0.668135,1,0
3.33008,0.400391,0.300338,9.53748e-10,0.666184,1,0
3.33008,0.419922,0.248574,6.98456e-10,0.666184,1,0
3.34961,0.400391,0.300338,2.47783e-09,0.664233,1,0
3.34961,0.419922,0.248574,1.71423e-09,0.664233,1,0
3.33008,0.439453,0.193451,3.90542e-10,0.666184,1,0
3.33008,0.458984,0.13486,1.25499e-10,0.666184,1,0
3.34961,0.439453,0.193451,9.93356e-10,0.664233,1,0
3.34961,0.458984,0.13486,4.10562e-10,0.664233,1,0
3.36914,0.322266,0.475867,7.03674e-09,0.662281,1,0
3.36914,0.341797,0.43651,6.68786e-09,0.662281,1,0
3.38867,0.322266,0.475867,1.01311e-08,0.66033,1,0
3.38867,0.341797,0.43651,9.22542e-09,0.66033,1,0
3.36914,0.361328,0.394203,5.95879e-09,0.662281,1,0
3.36914,0.380859,0.348846,4.95109e-09,0.662281,1,0
3.38867,0.361328,0.394203,7.97483e-09,0.66033,1,0
3.38867,0.380859,0.348846,6.48976e-09,0.66033,1,0
3.4082,0.322266,0.475867,1.27542e-08,0.658378,1,0
3.4082,0.341797,0.43651,1.13704e-08,0.658378,1,0
3.42773,0.322266,0.475867,1.49452e-08,0.656427,1,0
3.42773,0.341797,0.43651,1.31557e-08,0.656427,1,0
3.4082,0.361328,0.394203,9.6748e-09,0.658378,1,0
3.4082,0.380859,0.348846,7.7871e-09,0.658378,1,0
3.42773,0.361328,0.394203,1.10854e-08,0.656427,1,0
3.42773,0.380859,0.348846,8.85894e-09,0.656427,1,0
3.36914,0.400391,0.300338,3.7828e-09,0.662281,1,0
3.36914,0.419922,0.248574,2.59849e-09,0.662281,1,0
3.38867,0.400391,0.300338,4.90333e-09,0.66033,1,0
3.38867,0.419922,0.248574,3.34365e-09,0.66033,1,0
3.36914,0.439453,0.193451,1.5169e-09,0.662281,1,0
3.36914,0.458984,0.13486,6.45423e-10,0.662281,1,0
3.38867,0.439453,0.193451,1.96034e-09,0.66033,1,0
3.38867,0.458984,0.13486,8.5794e-10,0.66033,1,0
3.4082,0.400391,0.300338,5.83755e-09,0.658378,1,0
3.4082,0.419922,0.248574,3.9788e-09,0.658378,1,0
3.42773,0.400391,0.300338,6.61785e-09,0.656427,1,0
3.42773,0.419922,0.248574,4.49574e-09,0.656427,1,0
3.4082,0.439453,0.193451,2.33718e-09,0.658378,1,0
3.4082,0.458984,0.13486,1.02633e-09,0.658378,1,0
3.42773,0.439453,0.193451,2.64606e-09,0.656427,1,0
3.42773,0.458984,0.13486,1.17745e-09,0.656427,1,0
3.29102,0.478516,0.0726926,-1.6519e-10,0.670087,1,0
3.29102,0.498047,0.0068369,-1.38838e-12,0.670087,0.6,0
3.31055,0.478516,0.0726926,-9.9722e-11,0.668135,1,0
3.31055,0.498047,0.0068369,-3.05397e-11,0.668135,0.6,0
3.33008,0.478516,0.0726926,-3.62774e-11,0.666184,1,0
3.33008,0.498047,0.0068369,-5.30084e-11,0.666184,0.6,0
3.34961,0.478516,0.0726926,1.41582e-11,0.664233,1,0
3.34961,0.498047,0.0068369,-7.56308e-11,0.664233,0.6,0
3.36914,0.478516,0.0726926,6.35765e-11,0.662281,1,0
3.36914,0.498047,0.0068369,-9.21633e-11,0.662281,0.6,0
3.38867,0.478516,0.0726926,1.01172e-10,0.66033,1,0
3.38867,0.498047,0.0068369,-1.09191e-10,0.66033,0.6,0
3.4082,0.478516,0.0726926,1.38581e-10,0.658378,1,0
3.4082,0.498047,0.0068369,-1.20684e-10,0.658378,0.6,0
3.42773,0.478516,0.0726926,1.65236e-10,0.656427,1,0
3.42773,0.498047,0.0068369,-1.32974e-10,0.656427,0.6,0
3.44727,0.00976562,0.768797,1.32963e-09,0.654476,1,0
3.44727,0.0292969,0.766791,3.62393e-09,0.654476,1,0
3.4668,0.00976562,0.768797,1.79812e-09,0.652524,1,0
3.4668,0.0292969,0.766791,4.8376e-09,0.652524,1,0
3.44727,0.0488281,0.762772,5.52505e-09,0.654476,1,0
3.44727,0.0683594,0.756727,7.44895e-09,0.654476,1,0
3.4668,0.0488281,0.762772,7.27279e-09,0.652524,1,0
3.4668,0.0683594,0.756727,9.69072e-09,0.652524,1,0
3.48633,0.00976562,0.768797,2.19109e-09,0.650573,1,0
3.48633,0.0292969,0.766791,5.85463e-09,0.650573,1,0
3.50586,0.00976562,0.768797,2.51507e-09,0.648622,1,0
3.50586,0.0292969,0.766791,6.69207e-09,0.648622,1,0
3.48633,0.0488281,0.762772,8.73565e-09,0.650573,1,0
3.48633,0.0683594,0.756727,1.15648e-08,0.650573,1,0
3.50586,0.0488281,0.762772,9.93837e-09,0.648622,1,0
3.50586,0.0683594,0.756727,1.31031e-08,0.648622,1,0
3.44727,0.0878906,0.748635,9.44444e-09,0.654476,1,0
3.44727,0.107422,0.73847,1.14624e-08,0.654476,1,0
3.4668,0.0878906,0.748635,1.21162e-08,0.652524,1,0
3.4668,0.107422,0.73847,1.44702e-08,0.652524,1,0
3.44727,0.126953,0.726197,1.34613e-08,0.654476,1,0
3.44727,0.146484,0.711778,1.53837e-08,0.654476,1,0
3.4668,0.126953,0.726197,1.67013e-08,0.652524,1,0
3.4668,0.146484,0.711778,1.87497e-08,0.652524,1,0
3.48633,0.0878906,0.748635,1.43457e-08,0.650573,1,0
3.48633,0.107422,0.73847,1.6974e-08,0.650573,1,0
3.50586,0.0878906,0.748635,1.61716e-08,0.648622,1,0
3.50586,0.107422,0.73847,1.9018e-08,0.648622,1,0
3.48633,0.126953,0.726197,1.93902e-08,0.650573,1,0
3.48633,0.146484,0.711778,2.15324e-08,0.650573,1,0
3.50586,0.126953,0.726197,2.15764e-08,0.648622,1,0
3.50586,0.146484,0.711778,2.37838e-08,0.648622,1,0
3.52539,0.00976562,0.768797,2.77625e-09,0.64667,1,0
3.52539,0.0292969,0.766791,7.36607e-09,0.64667,1,0
3.54492,0.00976562,0.768797,2.98048e-09,0.644719,1,0
3.54492,0.0292969,0.766791,7.89188e-09,0.644719,1,0
3.52539,0.0488281,0.762772,1.09044e-08,0.64667,1,0
3.52539,0.0683594,0.756727,1.43361e-08,0.64667,1,0
3.54492,0.0488281,0.762772,1.16559e-08,0.644719,1,0
3.54492,0.0683594,0.756727,1.52923e-08,0.644719,1,0
3.56445,0.00976562,0.768797,3.13328e-09,0.642767,1,0
3.56445,0.0292969,0.766791,8.2839e-09,0.642767,1,0
3.58398,0.00976562,0.768797,3.23986e-09,0.640816,1,0
3.58398,0.0292969,0.766791,8.55573e-09,0.640816,1,0
3.56445,0.0488281,0.762772,1.22138e-08,0.642767,1,0
3.56445,0.0683594,0.756727,1.59989e-08,0.642767,1,0
3.58398,0.0488281,0.762772,1.25978e-08,0.640816,1,0
3.58398,0.0683594,0.756727,1.64813e-08,0.640816,1,0
3.52539,0.0878906,0.748635,1.76304e-08,0.64667,1,0
3.52539,0.107422,0.73847,2.06442e-08,0.64667,1,0
3.54492,0.0878906,0.748635,1.87568e-08,0.644719,1,0
3.54492,0.107422,0.73847,2.18921e-08,0.644719,1,0
3.52539,0.126953,0.726197,2.33061e-08,0.64667,1,0
3.52539,0.146484,0.711778,2.55529e-08,0.64667,1,0
3.54492,0.126953,0.726197,2.46229e-08,0.644719,1,0
3.54492,0.146484,0.711778,2.6886e-08,0.644719,1,0
3.56445,0.0878906,0.748635,1.95834e-08,0.642767,1,0
3.56445,0.107422,0.73847,2.27991e-08,0.642767,1,0
3.58398,0.0878906,0.748635,2.0141e-08,0.640816,1,0
3.58398,0.107422,0.73847,2.34006e-08,0.640816,1,0
3.56445,0.126953,0.726197,2.55679e-08,0.642767,1,0
3.56445,0.146484,0.711778,2.78271e-08,0.642767,1,0
3.58398,0.126953,0.726197,2.61799e-08,0.640816,1,0
3.58398,0.146484,0.711778,2.84173e-08,0.640816,1,0
3.44727,0.166016,0.695165,1.71507e-08,0.654476,1,0
3.44727,0.185547,0.676307,1.86714e-08,0.654476,1,0
3.4668,0.166016,0.695165,2.0539e-08,0.652524,1,0
3.4668,0.185547,0.676307,2.19866e-08,0.652524,1,0
3.44727,0.205078,0.655146,1.9853e-08,0.654476,1,0
3.44727,0.224609,0.631618,2.0611e-08,0.654476,1,0
3.4668,0.205078,0.655146,2.30126e-08,0.652524,1,0
3.4668,0.224609,0.631618,2.35487e-08,0.652524,1,0
3.48633,0.166016,0.695165,2.33276e-08,0.650573,1,0
3.48633,0.185547,0.676307,2.47006e-08,0.650573,1,0
3.50586,0.166016,0.695165,2.55701e-08,0.648622,1,0
3.50586,0.185547,0.676307,2.68678e-08,0.648622,1,0
3.48633,0.205078,0.655146,2.55836e-08,0.650573,1,0
3.48633,0.224609,0.631618,2.59226e-08,0.650573,1,0
3.50586,0.205078,0.655146,2.76195e-08,0.648622,1,0
3.50586,0.224609,0.631618,2.77847e-08,0.648622,1,0
3.44727,0.244141,0.605653,2.08793e-08,0.654476,1,0
3.44727,0.263672,0.577177,2.06177e-08,0.654476,1,0
3.4668,0.244141,0.605653,2.35464e-08,0.652524,1,0
3.4668,0.263672,0.577177,2.29838e-08,0.652524,1,0
3.44727,0.283203,0.546111,1.98182e-08,0.654476,1,0
3.44727,0.302734,0.51237,1.85064e-08,0.654476,1,0
3.4668,0.283203,0.546111,2.18694e-08,0.652524,1,0
3.4668,0.302734,0.51237,2.02439e-08,0.652524,1,0
3.48633,0.244141,0.605653,2.56852e-08,0.650573,1,0
3.48633,0.263672,0.577177,2.48651e-08,0.650573,1,0
3.50586,0.244141,0.605653,2.73448e-08,0.648622,1,0
3.50586,0.263672,0.577177,2.63074e-08,0.648622,1,0
3.48633,0.283203,0.546111,2.34857e-08,0.650573,1,0
3.48633,0.302734,0.51237,2.16002e-08,0.650573,1,0
3.50586,0.283203,0.546111,2.47086e-08,0.648622,1,0
3.50586,0.302734,0.51237,2.26118e-08,0.648622,1,0
3.52539,0.166016,0.695165,2.73175e-08,0.64667,1,0
3.52539,0.185547,0.676307,2.85394e-08,0.64667,1,0
3.54492,0.166016,0.695165,2.86178e-08,0.644719,1,0
3.54492,0.185547,0.676307,2.97643e-08,0.644719,1,0
3.52539,0.205078,0.655146,2.91713e-08,0.64667,1,0
3.52539,0.224609,0.631618,2.91842e-08,0.64667,1,0
3.54492,0.205078,0.655146,3.02871e-08,0.644719,1,0
3.54492,0.224609,0.631618,3.01675e-08,0.644719,1,0
3.56445,0.166016,0.695165,2.95165e-08,0.642767,1,0
3.56445,0.185547,0.676307,3.05882e-08,0.642767,1,0
3.58398,0.166016,0.695165,3.00562e-08,0.640816,1,0
3.58398,0.185547,0.676307,3.10543e-08,0.640816,1,0
3.56445,0.205078,0.655146,3.1012e-08,0.642767,1,0
3.56445,0.224609,0.631618,3.07784e-08,0.642767,1,0
3.58398,0.205078,0.655146,3.13887e-08,0.640816,1,0
3.58398,0.224609,0.631618,3.10581e-08,0.640816,1,0
3.52539,0.244141,0.605653,2.85718e-08,0.64667,1,0
3.52539,0.263672,0.577177,2.7354e-08,0.64667,1,0
3.54492,0.244141,0.605653,2.94103e-08,0.644719,1,0
3.54492,0.263672,0.577177,2.80454e-08,0.644719,1,0
3.52539,0.283203,0.546111,2.55771e-08,0.64667,1,0
3.52539,0.302734,0.51237,2.33135e-08,0.64667,1,0
3.54492,0.283203,0.546111,2.61282e-08,0.644719,1,0
3.54492,0.302734,0.51237,2.3738e-08,0.644719,1,0
3.56445,0.244141,0.605653,2.99016e-08,0.642767,1,0
3.56445,0.263672,0.577177,2.84201e-08,0.642767,1,0
3.58398,0.244141,0.605653,3.00846e-08,0.640816,1,0
3.58398,0.263672,0.577177,2.8514e-08,0.640816,1,0
3.56445,0.283203,0.546111,2.63967e-08,0.642767,1,0
3.56445,0.302734,0.51237,2.39158e-08,0.642767,1,0
3.58398,0.283203,0.546111,2.6415e-08,0.640816,1,0
3.58398,0.302734,0.51237,2.38758e-08,0.640816,1,0
3.60352,0.00976562,0.768797,3.30512e-09,0.638865,1,0
3.60352,0.0292969,0.766791,8.72014e-09,0.638865,1,0
3.62305,0.00976562,0.768797,3.33366e-09,0.636913,1,0
3.62305,0.0292969,0.766791,8.78915e-09,0.636913,1,0
3.60352,0.0488281,0.762772,1.28264e-08,0.638865,1,0
3.60352,0.0683594,0.756727,1.67637e-08,0.638865,1,0
3.62305,0.0488281,0.762772,1.29172e-08,0.636913,1,0
3.62305,0.0683594,0.756727,1.68685e-08,0.636913,1,0
3.64258,0.00976562,0.768797,3.3298e-09,0.634962,1,0
3.64258,0.0292969,0.766791,8.77399e-09,0.634962,1,0
3.66211,0.00976562,0.768797,3.29757e-09,0.63301,1,0
3.66211,0.0292969,0.766791,8.68517e-09,0.63301,1,0
3.64258,0.0488281,0.762772,1.28864e-08,0.634962,1,0
3.64258,0.0683594,0.756727,1.68169e-08,0.634962,1,0
3.66211,0.0488281,0.762772,1.27492e-08,0.63301,1,0
3.66211,0.0683594,0.756727,1.66285e-08,0.63301,1,0
3.60352,0.0878906,0.748635,2.04587e-08,0.638865,1,0
3.60352,0.107422,0.73847,2.37295e-08,0.638865,1,0
3.62305,0.0878906,0.748635,2.05636e-08,0.636913,1,0
3.62305,0.107422,0.73847,2.38172e-08,0.636913,1,0
3.60352,0.126953,0.726197,2.64952e-08,0.638865,1,0
3.60352,0.146484,0.711778,2.86954e-08,0.638865,1,0
3.62305,0.126953,0.726197,2.65481e-08,0.636913,1,0
3.62305,0.146484,0.711778,2.86978e-08,0.636913,1,0
3.64258,0.0878906,0.748635,2.04811e-08,0.634962,1,0
3.64258,0.107422,0.738469,2.36925e-08,0.634962,1,0
3.66211,0.0878906,0.748635,2.02349e-08,0.63301,1,0
3.66211,0.107422,0.738469,2.33827e-08,0.63301,1,0
3.64258,0.126953,0.726197,2.63705e-08,0.634962,1,0
3.64258,0.146484,0.711778,2.84584e-08,0.634962,1,0
3.66211,0.126953,0.726197,2.59922e-08,0.63301,1,0
3.66211,0.146484,0.711778,2.80088e-08,0.63301,1,0
3.68164,0.00976562,0.768797,3.24072e-09,0.631059,1,0
3.68164,0.0292969,0.766791,8.53249e-09,0.631059,1,0
3.70117,0.00976562,0.768797,3.16274e-09,0.629108,1,0
3.70117,0.0292969,0.766791,8.32502e-09,0.629108,1,0
3.68164,0.0488281,0.762772,1.25199e-08,0.631059,1,0
3.68164,0.0683594,0.756727,1.63216e-08,0.631059,1,0
3.70117,0.0488281,0.762772,1.22117e-08,0.629108,1,0
3.70117,0.0683594,0.756727,1.59134e-08,0.629108,1,0
3.7207,0.00976562,0.768797,3.06687e-09,0.627156,1,0
3.7207,0.0292969,0.766791,8.0712e-09,0.627156,1,0
3.74023,0.00976562,0.768797,2.95608e-09,0.625205,1,0
3.74023,0.0292969,0.766791,7.77876e-09,0.625205,1,0
3.7207,0.0488281,0.762772,1.18366e-08,0.627156,1,0
3.7207,0.0683594,0.756727,1.54196e-08,0.627156,1,0
3.74023,0.0488281,0.762772,1.14061e-08,0.625205,1,0
3.74023,0.0683594,0.756727,1.48546e-08,0.625205,1,0
3.68164,0.0878906,0.748635,1.98473e-08,0.631059,1,0
3.68164,0.107422,0.738469,2.29131e-08,0.631059,1,0
3.70117,0.0878906,0.748635,1.93387e-08,0.629108,1,0
3.70117,0.107422,0.738469,2.23069e-08,0.629108,1,0
3.68164,0.126953,0.726197,2.54409e-08,0.631059,1,0
3.68164,0.146484,0.711778,2.73785e-08,0.631059,1,0
3.70117,0.126953,0.726197,2.47422e-08,0.629108,1,0
3.70117,0.146484,0.711778,2.65947e-08,0.629108,1,0
3.7207,0.0878906,0.748635,1.87281e-08,0.627156,1,0
3.7207,0.107422,0.738469,2.1586e-08,0.627156,1,0
3.74023,0.0878906,0.748635,1.80329e-08,0.625205,1,0
3.74023,0.107422,0.738469,2.07702e-08,0.625205,1,0
3.7207,0.126953,0.726197,2.39199e-08,0.627156,1,0
3.7207,0.146484,0.711778,2.56826e-08,0.627156,1,0
3.74023,0.126953,0.726197,2.29958e-08,0.625205,1,0
3.74023,0.146484,0.711778,2.46652e-08,0.625205,1,0
3.60352,0.166016,0.695165,3.0277e-08,0.638865,1,0
3.60352,0.185547,0.676307,3.1203e-08,0.638865,1,0
3.62305,0.166016,0.695165,3.02165e-08,0.636913,1,0
3.62305,0.185547,0.676307,3.10723e-08,0.636913,1,0
3.60352,0.205078,0.655146,3.14571e-08,0.638865,1,0
3.60352,0.224609,0.631618,3.1045e-08,0.638865,1,0
3.62305,0.205078,0.655146,3.12546e-08,0.636913,1,0
3.62305,0.224609,0.631618,3.07753e-08,0.636913,1,0
3.64258,0.166016,0.695165,2.99099e-08,0.634962,1,0
3.64258,0.185547,0.676307,3.06976e-08,0.634962,1,0
3.66211,0.166016,0.695165,2.93897e-08,0.63301,1,0
3.66211,0.185547,0.676307,3.01117e-08,0.63301,1,0
3.64258,0.205078,0.655146,3.08161e-08,0.634962,1,0
3.64258,0.224609,0.631618,3.02825e-08,0.634962,1,0
3.66211,0.205078,0.655146,3.0174e-08,0.63301,1,0
3.66211,0.224609,0.631618,2.95979e-08,0.63301,1,0
3.60352,0.244141,0.605653,2.99957e-08,0.638865,1,0
3.60352,0.263672,0.577177,2.83609e-08,0.638865,1,0
3.62305,0.244141,0.605653,2.96689e-08,0.636913,1,0
3.62305,0.263672,0.577177,2.79921e-08,0.636913,1,0
3.60352,0.283203,0.546111,2.62136e-08,0.638865,1,0
3.60352,0.302734,0.51237,2.3645e-08,0.638865,1,0
3.62305,0.283203,0.546111,2.58209e-08,0.636913,1,0
3.62305,0.302734,0.51237,2.32483e-08,0.636913,1,0
3.64258,0.244141,0.605653,2.91361e-08,0.634962,1,0
3.64258,0.263672,0.577177,2.74369e-08,0.634962,1,0
3.66211,0.244141,0.605653,2.84265e-08,0.63301,1,0
3.66211,0.263672,0.577177,2.67226e-08,0.63301,1,0
3.64258,0.283203,0.546111,2.52635e-08,0.634962,1,0
3.64258,0.302734,0.51237,2.27093e-08,0.634962,1,0
3.66211,0.283203,0.546111,2.45658e-08,0.63301,1,0
3.66211,0.302734,0.51237,2.20494e-08,0.63301,1,0
3.68164,0.166016,0.695165,2.86864e-08,0.631059,1,0
3.68164,0.185547,0.676307,2.93454e-08,0.631059,1,0
3.70117,0.166016,0.695165,2.78281e-08,0.629108,1,0
3.70117,0.185547,0.676307,2.84267e-08,0.629108,1,0
3.68164,0.205078,0.655146,2.93584e-08,0.631059,1,0
3.68164,0.224609,0.631618,2.87505e-08,0.631059,1,0
3.70117,0.205078,0.655146,2.8397e-08,0.629108,1,0
3.70117,0.224609,0.631618,2.77669e-08,0.629108,1,0
3.7207,0.166016,0.695165,2.68408e-08,0.627156,1,0
3.7207,0.185547,0.676307,2.73819e-08,0.627156,1,0
3.74023,0.166016,0.695165,2.57481e-08,0.625205,1,0
3.74023,0.185547,0.676307,2.62349e-08,0.625205,1,0
3.7207,0.205078,0.655146,2.73155e-08,0.627156,1,0
3.7207,0.224609,0.631618,2.66717e-08,0.627156,1,0
3.74023,0.205078,0.655146,2.61373e-08,0.625205,1,0
3.74023,0.224609,0.631618,2.54874e-08,0.625205,1,0
3.68164,0.244141,0.605653,2.75676e-08,0.631059,1,0
3.68164,0.263672,0.577177,2.58742e-08,0.631059,1,0
3.70117,0.244141,0.605653,2.65843e-08,0.629108,1,0
3.70117,0.263672,0.577177,2.49149e-08,0.629108,1,0
3.68164,0.283203,0.546111,2.37506e-08,0.631059,1,0
3.68164,0.302734,0.51237,2.12886e-08,0.631059,1,0
3.70117,0.283203,0.546111,2.28385e-08,0.629108,1,0
3.70117,0.302734,0.51237,2.04454e-08,0.629108,1,0
3.7207,0.244141,0.605653,2.54999e-08,0.627156,1,0
3.7207,0.263672,0.577177,2.3866e-08,0.627156,1,0
3.74023,0.244141,0.605653,2.43355e-08,0.625205,1,0
3.74023,0.263672,0.577177,2.2747e-08,0.625205,1,0
3.7207,0.283203,0.546111,2.18489e-08,0.627156,1,0
3.7207,0.302734,0.51237,1.95365e-08,0.627156,1,0
3.74023,0.283203,0.546111,2.07992e-08,0.625205,1,0
3.74023,0.302734,0.51237,1.85773e-08,0.625205,1,0
3.44727,0.322266,0.475867,1.67415e-08,0.654476,1,0
3.44727,0.341797,0.43651,1.46124e-08,0.654476,1,0
3.4668,0.322266,0.475867,1.81784e-08,0.652524,1,0
3.4668,0.341797,0.43651,1.57703e-08,0.652524,1,0
3.44727,0.361328,0.394203,1.22317e-08,0.654476,1,0
3.44727,0.380859,0.348846,9.72949e-09,0.654476,1,0
3.4668,0.361328,0.394203,1.31379e-08,0.652524,1,0
3.4668,0.380859,0.348846,1.04126e-08,0.652524,1,0
3.48633,0.322266,0.475867,1.92893e-08,0.650573,1,0
3.48633,0.341797,0.43651,1.66574e-08,0.650573,1,0
3.50586,0.322266,0.475867,2.01059e-08,0.648622,1,0
3.50586,0.341797,0.43651,1.73001e-08,0.648622,1,0
3.48633,0.361328,0.394203,1.38264e-08,0.650573,1,0
3.48633,0.380859,0.348846,1.09304e-08,0.650573,1,0
3.50586,0.361328,0.394203,1.43188e-08,0.648622,1,0
3.50586,0.380859,0.348846,1.12949e-08,0.648622,1,0
3.44727,0.400391,0.300338,7.24131e-09,0.654476,1,0
3.44727,0.419922,0.248574,4.92195e-09,0.654476,1,0
3.4668,0.400391,0.300338,7.73832e-09,0.652524,1,0
3.4668,0.419922,0.248574,5.24879e-09,0.652524,1,0
3.44727,0.439453,0.193451,2.89971e-09,0.654476,1,0
3.44727,0.458984,0.13486,1.28991e-09,0.654476,1,0
3.4668,0.439453,0.193451,3.09635e-09,0.652524,1,0
3.4668,0.458984,0.13486,1.38964e-09,0.652524,1,0
3.48633,0.400391,0.300338,8.10498e-09,0.650573,1,0
3.48633,0.419922,0.248574,5.5022e-09,0.650573,1,0
3.50586,0.400391,0.300338,8.36977e-09,0.648622,1,0
3.50586,0.419922,0.248574,5.67316e-09,0.648622,1,0
3.48633,0.439453,0.193451,3.24797e-09,0.650573,1,0
3.48633,0.458984,0.13486,1.4557e-09,0.650573,1,0
3.50586,0.439453,0.193451,3.35243e-09,0.648622,1,0
3.50586,0.458984,0.13486,1.51306e-09,0.648622,1,0
3.52539,0.322266,0.475867,2.0658e-08,0.64667,1,0
3.52539,0.341797,0.43651,1.77235e-08,0.64667,1,0
3.54492,0.322266,0.475867,2.09739e-08,0.644719,1,0
3.54492,0.341797,0.43651,1.79511e-08,0.644719,1,0
3.52539,0.361328,0.394203,1.46352e-08,0.64667,1,0
3.52539,0.380859,0.348846,1.15262e-08,0.64667,1,0
3.54492,0.361328,0.394203,1.47948e-08,0.644719,1,0
3.54492,0.380859,0.348846,1.16346e-08,0.644719,1,0
3.56445,0.322266,0.475867,2.108e-08,0.642767,1,0
3.56445,0.341797,0.43651,1.80051e-08,0.642767,1,0
3.58398,0.322266,0.475867,2.1001e-08,0.640816,1,0
3.58398,0.341797,0.43651,1.79062e-08,0.640816,1,0
3.56445,0.361328,0.394203,1.48152e-08,0.642767,1,0
3.56445,0.380859,0.348846,1.16383e-08,0.642767,1,0
3.58398,0.361328,0.394203,1.47134e-08,0.640816,1,0
3.58398,0.380859,0.348846,1.1546e-08,0.640816,1,0
3.52539,0.400391,0.300338,8.52794e-09,0.64667,1,0
3.52539,0.419922,0.248574,5.78615e-09,0.64667,1,0
3.54492,0.400391,0.300338,8.60612e-09,0.644719,1,0
3.54492,0.419922,0.248574,5.83181e-09,0.644719,1,0
3.52539,0.439453,0.193451,3.42101e-09,0.64667,1,0
3.52539,0.458984,0.13486,1.54125e-09,0.64667,1,0
3.54492,0.439453,0.193451,3.45124e-09,0.644719,1,0
3.54492,0.458984,0.13486,1.56434e-09,0.644719,1,0
3.56445,0.400391,0.300338,8.59873e-09,0.642767,1,0
3.56445,0.419922,0.248574,5.83318e-09,0.642767,1,0
3.58398,0.400391,0.300338,8.53062e-09,0.640816,1,0
3.58398,0.419922,0.248574,5.78059e-09,0.640816,1,0
3.56445,0.439453,0.193451,3.4537e-09,0.642767,1,0
3.56445,0.458984,0.13486,1.56231e-09,0.642767,1,0
3.58398,0.439453,0.193451,3.42561e-09,0.640816,1,0
3.58398,0.458984,0.13486,1.55832e-09,0.640816,1,0
3.44727,0.478516,0.0726926,1.92425e-10,0.654476,1,0
3.44727,0.498047,0.0068369,-1.40235e-10,0.654476,0.6,0
3.4668,0.478516,0.0726926,2.09839e-10,0.652524,1,0
3.4668,0.498047,0.0068369,-1.48559e-10,0.652524,0.6,0
3.48633,0.478516,0.0726926,2.28428e-10,0.650573,1,0
3.48633,0.498047,0.0068369,-1.52315e-10,0.650573,0.6,0
3.50586,0.478516,0.0726926,2.38149e-10,0.648622,1,0
3.50586,0.498047,0.0068369,-1.57369e-10,0.648622,0.6,0
3.52539,0.478516,0.0726926,2.49611e-10,0.64667,1,0
3.52539,0.498047,0.0068369,-1.58274e-10,0.64667,0.6,0
3.54492,0.478516,0.0726926,2.5304e-10,0.644719,1,0
3.54492,0.498047,0.0068369,-1.6068e-10,0.644719,0.6,0
3.56445,0.478516,0.0726926,2.58702e-10,0.642767,1,0
3.56445,0.498047,0.0068369,-1.59318e-10,0.642767,0.6,0
3.58398,0.478516,0.0726926,2.57098e-10,0.640816,1,0
3.58398,0.498047,0.0068369,-1.59629e-10,0.640816,0.6,0
3.60352,0.322266,0.475867,2.07602e-08,0.638865,1,0
3.60352,0.341797,0.43651,1.76738e-08,0.638865,1,0
3.62305,0.322266,0.475867,2.03791e-08,0.636913,1,0
3.62305,0.341797,0.43651,1.73259e-08,0.636913,1,0
3.60352,0.361328,0.394203,1.45049e-08,0.638865,1,0
3.60352,0.380859,0.348846,1.13739e-08,0.638865,1,0
3.62305,0.361328,0.394203,1.42044e-08,0.636913,1,0
3.62305,0.380859,0.348846,1.11291e-08,0.636913,1,0
3.64258,0.322266,0.475867,1.98779e-08,0.634962,1,0
3.64258,0.341797,0.43651,1.68794e-08,0.634962,1,0
3.66211,0.322266,0.475867,1.92751e-08,0.63301,1,0
3.66211,0.341797,0.43651,1.63496e-08,0.63301,1,0
3.64258,0.361328,0.394203,1.38253e-08,0.634962,1,0
3.64258,0.380859,0.348846,1.08263e-08,0.634962,1,0
3.66211,0.361328,0.394203,1.33801e-08,0.63301,1,0
3.66211,0.380859,0.348846,1.04709e-08,0.63301,1,0
3.60352,0.400391,0.300338,8.39545e-09,0.638865,1,0
3.60352,0.419922,0.248574,5.69571e-09,0.638865,1,0
3.62305,0.400391,0.300338,8.21636e-09,0.636913,1,0
3.62305,0.419922,0.248574,5.56858e-09,0.636913,1,0
3.60352,0.439453,0.193451,3.37687e-09,0.638865,1,0
3.60352,0.458984,0.13486,1.53282e-09,0.638865,1,0
3.62305,0.439453,0.193451,3.3044e-09,0.636913,1,0
3.62305,0.458984,0.13486,1.50807e-09,0.636913,1,0
3.64258,0.400391,0.300338,7.98628e-09,0.634962,1,0
3.64258,0.419922,0.248574,5.41954e-09,0.634962,1,0
3.66211,0.400391,0.300338,7.72671e-09,0.63301,1,0
3.66211,0.419922,0.248574,5.23837e-09,0.63301,1,0
3.64258,0.439453,0.193451,3.21747e-09,0.634962,1,0
3.64258,0.458984,0.13486,1.46501e-09,0.634962,1,0
3.66211,0.439453,0.193451,3.11273e-09,0.63301,1,0
3.66211,0.458984,0.13486,1.42498e-09,0.63301,1,0
3.68164,0.322266,0.475867,1.85878e-08,0.631059,1,0
3.68164,0.341797,0.43651,1.5751e-08,0.631059,1,0
3.70117,0.322266,0.475867,1.78319e-08,0.629108,1,0
3.70117,0.341797,0.43651,1.50966e-08,0.629108,1,0
3.68164,0.361328,0.394203,1.28805e-08,0.631059,1,0
3.68164,0.380859,0.348846,1.0076e-08,0.631059,1,0
3.70117,0.361328,0.394203,1.23369e-08,0.629108,1,0
3.70117,0.380859,0.348846,9.64579e-09,0.629108,1,0
3.7207,0.322266,0.475867,1.70216e-08,0.627156,1,0
3.7207,0.341797,0.43651,1.43985e-08,0.627156,1,0
3.74023,0.322266,0.475867,1.61703e-08,0.625205,1,0
3.74023,0.341797,0.43651,1.36676e-08,0.625205,1,0
3.7207,0.361328,0.394203,1.17591e-08,0.627156,1,0
3.7207,0.380859,0.348846,9.19153e-09,0.627156,1,0
3.74023,0.361328,0.394203,1.11558e-08,0.625205,1,0
3.74023,0.380859,0.348846,8.71628e-09,0.625205,1,0
3.68164,0.400391,0.300338,7.42995e-09,0.631059,1,0
3.68164,0.419922,0.248574,5.04413e-09,0.631059,1,0
3.70117,0.400391,0.300338,7.11592e-09,0.629108,1,0
3.70117,0.419922,0.248575,4.82642e-09,0.629108,1,0
3.68164,0.439453,0.193451,2.9988e-09,0.631059,1,0
3.68164,0.458984,0.13486,1.36945e-09,0.631059,1,0
3.70117,0.439453,0.193451,2.87209e-09,0.629108,1,0
3.70117,0.458984,0.13486,1.31886e-09,0.629108,1,0
3.7207,0.400391,0.300338,6.77635e-09,0.627156,1,0
3.7207,0.419922,0.248575,4.60305e-09,0.627156,1,0
3.74023,0.400391,0.300338,6.42968e-09,0.625205,1,0
3.74023,0.419922,0.248575,4.36346e-09,0.625205,1,0
3.7207,0.439453,0.193451,2.74064e-09,0.627156,1,0
3.7207,0.458984,0.13486,1.25518e-09,0.627156,1,0
3.74023,0.439453,0.193451,2.60066e-09,0.625205,1,0
3.74023,0.458984,0.13486,1.198e-09,0.625205,1,0
3.60352,0.478516,0.0726926,2.58145e-10,0.638865,1,0
3.60352,0.498047,0.0068369,-1.56517e-10,0.638865,0.6,0
3.62305,0.478516,0.0726926,2.52624e-10,0.636913,1,0
3.62305,0.498047,0.0068369,-1.55219e-10,0.636913,0.6,0
3.64258,0.478516,0.0726926,2.50102e-10,0.634962,1,0
3.64258,0.498047,0.0068369,-1.50807e-10,0.634962,0.6,0
3.66211,0.478516,0.0726926,2.41644e-10,0.63301,1,0
3.66211,0.498047,0.0068369,-1.48323e-10,0.633011,0.6,0
3.68164,0.478516,0.0726926,2.36467e-10,0.631059,1,0
3.68164,0.498047,0.0068369,-1.42999e-10,0.631059,0.6,0
3.70117,0.478516,0.0726926,2.2592e-10,0.629108,1,0
3.70117,0.498047,0.0068369,-1.39692e-10,0.629108,0.6,0
3.7207,0.478516,0.0726926,2.18872e-10,0.627156,1,0
3.7207,0.498047,0.0068369,-1.33788e-10,0.627156,0.6,0
3.74023,0.478516,0.0726926,2.0696e-10,0.625205,1,0
3.74023,0.498047,0.0068369,-1.29962e-10,0.625205,0.6,0
3.75977,0.00976562,0.768797,2.83312e-09,0.623254,1,0
3.75977,0.0292969,0.766791,7.45486e-09,0.623254,1,0
3.7793,0.00976562,0.768797,2.70048e-09,0.621302,1,0
3.7793,0.0292969,0.766791,7.10602e-09,0.621302,1,0
3.75977,0.0488281,0.762772,1.09303e-08,0.623254,1,0
3.75977,0.0683594,0.756727,1.42319e-08,0.623254,1,0
3.7793,0.0488281,0.762772,1.04189e-08,0.621302,1,0
3.7793,0.0683594,0.756727,1.35637e-08,0.621302,1,0
3.79883,0.00976562,0.768797,2.56046e-09,0.619351,1,0
3.79883,0.0292969,0.766791,6.73818e-09,0.619351,1,0
3.81836,0.00976562,0.768797,2.41513e-09,0.617399,1,0
3.81836,0.0292969,0.766791,6.35673e-09,0.617399,1,0
3.79883,0.0488281,0.762772,9.88029e-09,0.619351,1,0
3.79883,0.0683594,0.756727,1.2861e-08,0.619351,1,0
3.81836,0.0488281,0.762772,9.32238e-09,0.617399,1,0
3.81836,0.0683594,0.756727,1.21338e-08,0.617399,1,0
3.75977,0.0878906,0.748635,1.72692e-08,0.623254,1,0
3.75977,0.107422,0.738469,1.98778e-08,0.623254,1,0
3.7793,0.0878906,0.748635,1.64518e-08,0.621302,1,0
3.7793,0.107422,0.738469,1.89256e-08,0.621302,1,0
3.75977,0.126953,0.726197,2.199e-08,0.623254,1,0
3.75977,0.146484,0.711778,2.35639e-08,0.623254,1,0
3.7793,0.126953,0.726197,2.09207e-08,0.621302,1,0
3.7793,0.146484,0.711778,2.23979e-08,0.621302,1,0
3.79883,0.0878906,0.748635,1.55938e-08,0.619351,1,0
3.79883,0.107422,0.738469,1.79287e-08,0.619351,1,0
3.81836,0.0878906,0.748635,1.47075e-08,0.617399,1,0
3.81836,0.107422,0.738469,1.69009e-08,0.617399,1,0
3.79883,0.126953,0.726197,1.98045e-08,0.619351,1,0
3.79883,0.146484,0.711778,2.11847e-08,0.619351,1,0
3.81836,0.126953,0.726197,1.86565e-08,0.617399,1,0
3.81836,0.146484,0.711778,1.99403e-08,0.617399,1,0
3.83789,0.00976562,0.768797,2.26634e-09,0.615448,1,0
3.83789,0.0292969,0.766791,5.96652e-09,0.615448,1,0
3.85742,0.00976562,0.768797,2.11579e-09,0.613497,1,0
3.85742,0.0292969,0.766791,5.57191e-09,0.613497,1,0
3.83789,0.0488281,0.762772,8.75218e-09,0.615448,1,0
3.83789,0.0683594,0.756727,1.13914e-08,0.615448,1,0
3.85742,0.0488281,0.762772,8.17597e-09,0.613497,1,0
3.85742,0.0683594,0.756727,1.06417e-08,0.613497,1,0
3.87695,0.00976562,0.768797,1.96494e-09,0.611545,1,0
3.87695,0.0292969,0.766791,5.17677e-09,0.611545,1,0
3.89648,0.00976562,0.768797,1.81512e-09,0.609594,1,0
3.89648,0.0292969,0.766791,4.78449e-09,0.609594,1,0
3.87695,0.0488281,0.762772,7.59934e-09,0.611545,1,0
3.87695,0.0683594,0.756727,9.89197e-09,0.611545,1,0
3.89648,0.0488281,0.762772,7.02723e-09,0.609594,1,0
3.89648,0.0683594,0.756727,9.14855e-09,0.609594,1,0
3.83789,0.0878906,0.748635,1.38036e-08,0.615448,1,0
3.83789,0.107422,0.738469,1.58545e-08,0.615448,1,0
3.85742,0.0878906,0.748635,1.28919e-08,0.613497,1,0
3.85742,0.107422,0.738469,1.48006e-08,0.613497,1,0
3.83789,0.126953,0.726197,1.749e-08,0.615448,1,0
3.83789,0.146484,0.711778,1.86787e-08,0.615448,1,0
3.85742,0.126953,0.726197,1.63172e-08,0.613497,1,0
3.85742,0.146484,0.711778,1.74127e-08,0.613497,1,0
3.87695,0.0878906,0.748635,1.19811e-08,0.611545,1,0
3.87695,0.107422,0.738469,1.3749e-08,0.611545,1,0
3.89648,0.0878906,0.748635,1.10786e-08,0.609594,1,0
3.89648,0.107422,0.738469,1.27083e-08,0.609594,1,0
3.87695,0.126953,0.726197,1.51486e-08,0.611545,1,0
3.87695,0.146484,0.711778,1.61534e-08,0.611545,1,0
3.89648,0.126953,0.726197,1.39936e-08,0.609594,1,0
3.89648,0.146484,0.711778,1.49107e-08,0.609594,1,0
3.75977,0.166016,0.695165,2.45721e-08,0.623254,1,0
3.75977,0.185547,0.676307,2.50074e-08,0.623254,1,0
3.7793,0.166016,0.695165,2.33324e-08,0.621302,1,0
3.7793,0.185547,0.676307,2.37195e-08,0.621302,1,0
3.75977,0.205078,0.655146,2.48838e-08,0.623254,1,0
3.75977,0.224609,0.631618,2.42347e-08,0.623254,1,0
3.7793,0.205078,0.655146,2.35746e-08,0.621302,1,0
3.7793,0.224609,0.631618,2.2932e-08,0.621302,1,0
3.79883,0.166016,0.695165,2.20471e-08,0.619351,1,0
3.79883,0.185547,0.676307,2.2389e-08,0.619351,1,0
3.81836,0.166016,0.695165,2.07325e-08,0.617399,1,0
3.81836,0.185547,0.676307,2.10324e-08,0.617399,1,0
3.79883,0.205078,0.655146,2.22273e-08,0.619351,1,0
3.79883,0.224609,0.631618,2.15963e-08,0.619351,1,0
3.81836,0.205078,0.655146,2.08576e-08,0.617399,1,0
3.81836,0.224609,0.631618,2.02427e-08,0.617399,1,0
3.75977,0.244141,0.605653,2.31103e-08,0.623254,1,0
3.75977,0.263672,0.577177,2.15754e-08,0.623254,1,0
3.7793,0.244141,0.605653,2.18418e-08,0.621302,1,0
3.7793,0.263672,0.577177,2.03672e-08,0.621302,1,0
3.75977,0.283203,0.546111,1.97051e-08,0.623254,1,0
3.75977,0.302734,0.51237,1.75816e-08,0.623254,1,0
3.7793,0.283203,0.546111,1.85812e-08,0.621302,1,0
3.7793,0.302734,0.51237,1.65622e-08,0.621302,1,0
3.79883,0.244141,0.605653,2.05457e-08,0.619351,1,0
3.79883,0.263672,0.577177,1.9137e-08,0.619351,1,0
3.81836,0.244141,0.605653,1.92361e-08,0.617399,1,0
3.81836,0.263672,0.577177,1.78975e-08,0.617399,1,0
3.79883,0.283203,0.546111,1.74402e-08,0.619351,1,0
3.79883,0.302734,0.51237,1.55302e-08,0.619351,1,0
3.81836,0.283203,0.546111,1.62937e-08,0.617399,1,0
3.81836,0.302734,0.51237,1.44956e-08,0.617399,1,0
3.83789,0.166016,0.695165,1.94031e-08,0.615448,1,0
3.83789,0.185547,0.676307,1.9664e-08,0.615448,1,0
3.85742,0.166016,0.695165,1.80719e-08,0.613497,1,0
3.85742,0.185547,0.676307,1.82967e-08,0.613497,1,0
3.83789,0.205078,0.655146,1.94797e-08,0.615448,1,0
3.83789,0.224609,0.631618,1.88845e-08,0.615448,1,0
3.85742,0.205078,0.655146,1.81061e-08,0.613497,1,0
3.85742,0.224609,0.631618,1.75337e-08,0.613497,1,0
3.87695,0.166016,0.695165,1.67501e-08,0.611545,1,0
3.87695,0.185547,0.676307,1.69419e-08,0.611545,1,0
3.89648,0.166016,0.695165,1.5448e-08,0.609594,1,0
3.89648,0.185547,0.676307,1.56096e-08,0.609594,1,0
3.87695,0.205078,0.655146,1.67479e-08,0.611545,1,0
3.87695,0.224609,0.631618,1.62008e-08,0.611545,1,0
3.89648,0.205078,0.655146,1.54146e-08,0.609594,1,0
3.89648,0.224609,0.631618,1.48948e-08,0.609594,1,0
3.83789,0.244141,0.605653,1.79256e-08,0.615448,1,0
3.83789,0.263672,0.577177,1.66601e-08,0.615448,1,0
3.85742,0.244141,0.605653,1.66252e-08,0.613497,1,0
3.85742,0.263672,0.577177,1.5435e-08,0.613497,1,0
3.83789,0.283203,0.546111,1.51518e-08,0.615448,1,0
3.83789,0.302734,0.51237,1.34674e-08,0.615448,1,0
3.85742,0.283203,0.546111,1.40235e-08,0.613497,1,0
3.85742,0.302734,0.51237,1.24534e-08,0.613497,1,0
3.87695,0.244141,0.605653,1.53445e-08,0.611545,1,0
3.87695,0.263672,0.577177,1.42309e-08,0.611545,1,0
3.89648,0.244141,0.605653,1.4092e-08,0.609594,1,0
3.89648,0.263672,0.577177,1.30553e-08,0.609594,1,0
3.87695,0.283203,0.546111,1.29166e-08,0.611545,1,0
3.87695,0.302734,0.51237,1.14602e-08,0.611545,1,0
3.89648,0.283203,0.546111,1.18378e-08,0.609594,1,0
3.89648,0.302734,0.51237,1.04938e-08,0.609594,1,0
3.91602,0.00976562,0.768797,1.66747e-09,0.607643,1,0
3.91602,0.0292969,0.766791,4.39808e-09,0.607643,1,0
3.93555,0.00976562,0.768797,1.52299e-09,0.605691,1,0
3.93555,0.0292969,0.766791,4.02009e-09,0.605691,1,0
3.91602,0.0488281,0.762772,6.46394e-09,0.607643,1,0
3.91602,0.0683594,0.756727,8.41698e-09,0.607643,1,0
3.93555,0.0488281,0.762772,5.9132e-09,0.605691,1,0
3.93555,0.0683594,0.756727,7.70205e-09,0.605691,1,0
3.95508,0.00976562,0.768797,1.38253e-09,0.60374,1,0
3.95508,0.0292969,0.766791,3.65275e-09,0.60374,1,0
3.97461,0.00976562,0.768797,1.24681e-09,0.601788,1,0
3.97461,0.0292969,0.766791,3.2979e-09,0.601788,1,0
3.95508,0.0488281,0.762772,5.37818e-09,0.60374,1,0
3.95508,0.0683594,0.756727,7.00782e-09,0.60374,1,0
3.97461,0.0488281,0.762772,4.86154e-09,0.601788,1,0
3.97461,0.0683594,0.756727,6.33773e-09,0.601788,1,0
3.91602,0.0878906,0.748635,1.01913e-08,0.607643,1,0
3.91602,0.107422,0.738469,1.16859e-08,0.607643,1,0
3.93555,0.0878906,0.748635,9.32471e-09,0.605691,1,0
3.93555,0.107422,0.738469,1.06884e-08,0.605691,1,0
3.91602,0.126953,0.726197,1.28604e-08,0.607643,1,0
3.91602,0.146484,0.711778,1.3693e-08,0.607643,1,0
3.93555,0.126953,0.726197,1.17559e-08,0.605691,1,0
3.93555,0.146484,0.711778,1.25078e-08,0.605691,1,0
3.95508,0.0878906,0.748635,8.48377e-09,0.60374,1,0
3.95508,0.107422,0.738469,9.72114e-09,0.60374,1,0
3.97461,0.0878906,0.748635,7.67254e-09,0.601788,1,0
3.97461,0.107422,0.738469,8.78883e-09,0.601788,1,0
3.95508,0.126953,0.726197,1.06861e-08,0.60374,1,0
3.95508,0.146484,0.711778,1.1361e-08,0.60374,1,0
3.97461,0.126953,0.726197,9.65585e-09,0.601788,1,0
3.97461,0.146484,0.711778,1.02578e-08,0.601788,1,0
3.99414,0.00976562,0.768797,1.1164e-09,0.599837,1,0
3.99414,0.0292969,0.766791,2.95707e-09,0.599837,1,0
4.01367,0.00976562,0.768797,9.91795e-10,0.597886,1,0
4.01367,0.0292969,0.766791,2.63148e-09,0.597886,1,0
3.99414,0.0488281,0.762772,4.36549e-09,0.599837,1,0
3.99414,0.0683594,0.756727,5.69457e-09,0.599837,1,0
4.01367,0.0488281,0.762772,3.89177e-09,0.597886,1,0
4.01367,0.0683594,0.756727,5.08059e-09,0.597886,1,0
4.0332,0.00976562,0.768797,8.73352e-10,0.595934,1,0
4.0332,0.0292969,0.766791,2.32207e-09,0.595934,1,0
4.05273,0.00976562,0.768797,7.61346e-10,0.593983,1,0
4.05273,0.0292969,0.766791,2.02956e-09,0.593983,1,0
4.0332,0.0488281,0.762772,3.44175e-09,0.595934,1,0
4.0332,0.0683594,0.756727,4.49753e-09,0.595934,1,0
4.05273,0.0488281,0.762772,3.01641e-09,0.593983,1,0
4.05273,0.0683594,0.756727,3.94662e-09,0.593983,1,0
3.99414,0.0878906,0.748635,6.89436e-09,0.599837,1,0
3.99414,0.107422,0.738469,7.89514e-09,0.599837,1,0
4.01367,0.0878906,0.748635,6.15187e-09,0.597886,1,0
4.01367,0.107422,0.738469,7.04306e-09,0.597886,1,0
3.99414,0.126953,0.726197,8.66916e-09,0.599837,1,0
3.99414,0.146484,0.711778,9.2024e-09,0.599837,1,0
4.01367,0.126953,0.726197,7.72919e-09,0.597886,1,0
4.01367,0.146484,0.711778,8.19795e-09,0.597886,1,0
4.0332,0.0878906,0.748635,5.44712e-09,0.595934,1,0
4.0332,0.107422,0.738469,6.23482e-09,0.595934,1,0
4.05273,0.0878906,0.748635,4.78157e-09,0.593983,1,0
4.05273,0.107422,0.738469,5.47203e-09,0.593983,1,0
4.0332,0.126953,0.726197,6.83833e-09,0.595934,1,0
4.0332,0.146484,0.711778,7.24688e-09,0.595934,1,0
4.05273,0.126953,0.726197,5.99824e-09,0.593983,1,0
4.05273,0.146484,0.711778,6.35085e-09,0.593983,1,0
3.91602,0.166016,0.695165,1.4174e-08,0.607643,1,0
3.91602,0.185547,0.676307,1.43081e-08,0.607643,1,0
3.93555,0.166016,0.695165,1.29356e-08,0.605691,1,0
3.93555,0.185547,0.676307,1.30449e-08,0.605691,1,0
3.91602,0.205078,0.655146,1.41144e-08,0.607643,1,0
3.91602,0.224609,0.631618,1.36234e-08,0.607643,1,0
3.93555,0.205078,0.655146,1.28544e-08,0.605691,1,0
3.93555,0.224609,0.631618,1.23931e-08,0.605691,1,0
3.95508,0.166016,0.695165,1.17389e-08,0.60374,1,0
3.95508,0.185547,0.676307,1.1826e-08,0.60374,1,0
3.97461,0.166016,0.695165,1.05892e-08,0.601788,1,0
3.97461,0.185547,0.676307,1.06564e-08,0.601788,1,0
3.95508,0.205078,0.655146,1.16403e-08,0.60374,1,0
3.95508,0.224609,0.631618,1.12096e-08,0.60374,1,0
3.97461,0.205078,0.655146,1.04769e-08,0.601788,1,0
3.97461,0.224609,0.631618,1.0077e-08,0.601788,1,0
3.91602,0.244141,0.605653,1.28748e-08,0.607643,1,0
3.91602,0.263672,0.577177,1.19147e-08,0.607643,1,0
3.93555,0.244141,0.605653,1.16988e-08,0.605691,1,0
3.93555,0.263672,0.577177,1.08145e-08,0.605691,1,0
3.91602,0.283203,0.546111,1.07927e-08,0.607643,1,0
3.91602,0.302734,0.51237,9.55886e-09,0.607643,1,0
3.93555,0.283203,0.546111,9.78608e-09,0.605691,1,0
3.93555,0.302734,0.51237,8.65954e-09,0.605691,1,0
3.95508,0.244141,0.605653,1.05691e-08,0.60374,1,0
3.95508,0.263672,0.577177,9.75909e-09,0.60374,1,0
3.97461,0.244141,0.605653,9.48964e-09,0.601788,1,0
3.97461,0.263672,0.577177,8.75195e-09,0.601788,1,0
3.95508,0.283203,0.546111,8.82173e-09,0.60374,1,0
3.95508,0.302734,0.51237,7.79908e-09,0.60374,1,0
3.97461,0.283203,0.546111,7.90269e-09,0.601788,1,0
3.97461,0.302734,0.51237,6.98003e-09,0.601788,1,0
3.99414,0.166016,0.695165,9.49048e-09,0.599837,1,0
3.99414,0.185547,0.676307,9.5401e-09,0.599837,1,0
4.01367,0.166016,0.695165,8.44599e-09,0.597886,1,0
4.01367,0.185547,0.676307,8.48014e-09,0.597886,1,0
3.99414,0.205078,0.655146,9.36797e-09,0.599837,1,0
3.99414,0.224609,0.631618,8.99887e-09,0.599837,1,0
4.01367,0.205078,0.655146,8.31634e-09,0.597886,1,0
4.01367,0.224609,0.631618,7.97777e-09,0.597886,1,0
4.0332,0.166016,0.695165,7.45806e-09,0.595934,1,0
4.0332,0.185547,0.676307,7.47872e-09,0.595934,1,0
4.05273,0.166016,0.695165,6.52825e-09,0.593983,1,0
4.05273,0.185547,0.676307,6.5373e-09,0.593983,1,0
4.0332,0.205078,0.655146,7.32401e-09,0.595934,1,0
4.0332,0.224609,0.631618,7.01547e-09,0.595934,1,0
4.05273,0.205078,0.655146,6.39223e-09,0.593983,1,0
4.05273,0.224609,0.631618,6.11299e-09,0.593983,1,0
3.99414,0.244141,0.605653,8.46343e-09,0.599837,1,0
3.99414,0.263672,0.577177,7.79577e-09,0.599837,1,0
4.01367,0.244141,0.605653,7.49275e-09,0.597886,1,0
4.01367,0.263672,0.577177,6.89249e-09,0.597886,1,0
3.99414,0.283203,0.546111,7.03125e-09,0.599837,1,0
3.99414,0.302734,0.51237,6.20429e-09,0.599837,1,0
4.01367,0.283203,0.546111,6.209e-09,0.597886,1,0
4.01367,0.302734,0.51237,5.47315e-09,0.597886,1,0
4.0332,0.244141,0.605653,6.57911e-09,0.595934,1,0
4.0332,0.263672,0.577177,6.04333e-09,0.595934,1,0
4.05273,0.244141,0.605653,5.72334e-09,0.593983,1,0
4.05273,0.263672,0.577177,5.24892e-09,0.593983,1,0
4.0332,0.283203,0.546111,5.43693e-09,0.595934,1,0
4.0332,0.302734,0.51237,4.78738e-09,0.595934,1,0
4.05273,0.283203,0.546111,4.71549e-09,0.593983,1,0
4.05273,0.302734,0.51237,4.14727e-09,0.593983,1,0
3.75977,0.322266,0.475867,1.52897e-08,0.623254,1,0
3.75977,0.341797,0.43651,1.29139e-08,0.623254,1,0
3.7793,0.322266,0.475867,1.43907e-08,0.621302,1,0
3.7793,0.341797,0.43651,1.21461e-08,0.621302,1,0
3.75977,0.361328,0.394203,1.0535e-08,0.623254,1,0
3.75977,0.380859,0.348846,8.22986e-09,0.623254,1,0
3.7793,0.361328,0.394203,9.90394e-09,0.621302,1,0
3.7793,0.380859,0.348846,7.73419e-09,0.621302,1,0
3.79883,0.322266,0.475867,1.34828e-08,0.619351,1,0
3.79883,0.341797,0.43651,1.13724e-08,0.619351,1,0
3.81836,0.322266,0.475867,1.25746e-08,0.617399,1,0
3.81836,0.341797,0.43651,1.05998e-08,0.617399,1,0
3.79883,0.361328,0.394203,9.26892e-09,0.619351,1,0
3.79883,0.380859,0.348846,7.23775e-09,0.619351,1,0
3.81836,0.361328,0.394203,8.63572e-09,0.617399,1,0
3.81836,0.380859,0.348846,6.74142e-09,0.617399,1,0
3.75977,0.400391,0.300338,6.06713e-09,0.623254,1,0
3.75977,0.419922,0.248575,4.12432e-09,0.623254,1,0
3.7793,0.400391,0.300338,5.70575e-09,0.621302,1,0
3.7793,0.419922,0.248575,3.87494e-09,0.621302,1,0
3.75977,0.439453,0.193451,2.4596e-09,0.623254,1,0
3.75977,0.458984,0.13486,1.12979e-09,0.623254,1,0
3.7793,0.439453,0.193451,2.3135e-09,0.621302,1,0
3.7793,0.458984,0.13486,1.06929e-09,0.621302,1,0
3.79883,0.400391,0.300338,5.33636e-09,0.619351,1,0
3.79883,0.419922,0.248575,3.6309e-09,0.619351,1,0
3.81836,0.400391,0.300338,4.97469e-09,0.617399,1,0
3.81836,0.419922,0.248575,3.38145e-09,0.617399,1,0
3.79883,0.439453,0.193451,2.16927e-09,0.619351,1,0
3.79883,0.458984,0.13486,9.99517e-10,0.619351,1,0
3.81836,0.439453,0.193451,2.02281e-09,0.617399,1,0
3.81836,0.458984,0.13486,9.38366e-10,0.617399,1,0
3.83789,0.322266,0.475867,1.16737e-08,0.615448,1,0
3.83789,0.341797,0.43651,9.83448e-09,0.615448,1,0
3.85742,0.322266,0.475867,1.07866e-08,0.613497,1,0
3.85742,0.341797,0.43651,9.08201e-09,0.613497,1,0
3.83789,0.361328,0.394203,8.00925e-09,0.615448,1,0
3.83789,0.380859,0.348846,6.25249e-09,0.615448,1,0
3.85742,0.361328,0.394203,7.39396e-09,0.613497,1,0
3.85742,0.380859,0.348846,5.77094e-09,0.613497,1,0
3.87695,0.322266,0.475867,9.91904e-09,0.611545,1,0
3.87695,0.341797,0.43651,8.34705e-09,0.611545,1,0
3.89648,0.322266,0.475867,9.07596e-09,0.609594,1,0
3.89648,0.341797,0.43651,7.63362e-09,0.609594,1,0
3.87695,0.361328,0.394203,6.79352e-09,0.611545,1,0
3.87695,0.380859,0.348846,5.30296e-09,0.611545,1,0
3.89648,0.361328,0.394203,6.21122e-09,0.609594,1,0
3.89648,0.380859,0.348846,4.84776e-09,0.609594,1,0
3.83789,0.400391,0.300338,4.61125e-09,0.615448,1,0
3.83789,0.419922,0.248575,3.14112e-09,0.615448,1,0
3.85742,0.400391,0.300338,4.26056e-09,0.613497,1,0
3.85742,0.419922,0.248575,2.89919e-09,0.613497,1,0
3.83789,0.439453,0.193451,1.88055e-09,0.615448,1,0
3.83789,0.458984,0.13486,8.69386e-10,0.615448,1,0
3.85742,0.439453,0.193451,1.73825e-09,0.613497,1,0
3.85742,0.458984,0.13486,8.09671e-10,0.613497,1,0
3.87695,0.400391,0.300338,3.91286e-09,0.611545,1,0
3.87695,0.419922,0.248575,2.6692e-09,0.611545,1,0
3.89648,0.400391,0.300338,3.58156e-09,0.609594,1,0
3.89648,0.419922,0.248575,2.44048e-09,0.609594,1,0
3.87695,0.439453,0.193451,1.60188e-09,0.611545,1,0
3.87695,0.458984,0.13486,7.43319e-10,0.611545,1,0
3.89648,0.439453,0.193451,1.46715e-09,0.609594,1,0
3.89648,0.458984,0.13486,6.86628e-10,0.609594,1,0
3.75977,0.478516,0.0726926,1.98706e-10,0.623254,1,0
3.75977,0.498047,0.0068369,-1.23754e-10,0.623254,0.6,0
3.7793,0.478516,0.0726926,1.86037e-10,0.621302,1,0
3.7793,0.498047,0.0068369,-1.19662e-10,0.621302,0.6,0
3.79883,0.478516,0.0726926,1.77131e-10,0.619351,1,0
3.79883,0.498047,0.0068369,-1.13375e-10,0.619351,0.6,0
3.81836,0.478516,0.0726926,1.64205e-10,0.617399,1,0
3.81836,0.498047,0.0068369,-1.09221e-10,0.617399,0.6,0
3.83789,0.478516,0.0726926,1.55096e-10,0.615448,1,0
3.83789,0.498047,0.0068369,-1.03037e-10,0.615448,0.6,0
3.85742,0.478516,0.0726926,1.42315e-10,0.613497,1,0
3.85742,0.498047,0.0068369,-9.89808e-11,0.613497,0.6,0
3.87695,0.478516,0.0726926,1.33361e-10,0.611545,1,0
3.87695,0.498047,0.0068369,-9.30385e-11,0.611545,0.6,0
3.89648,0.478516,0.0726926,1.21039e-10,0.609594,1,0
3.89648,0.498047,0.0068369,-8.92024e-11,0.609594,0.6,0
3.91602,0.322266,0.475867,8.26143e-09,0.607643,1,0
3.91602,0.341797,0.43651,6.94507e-09,0.607643,1,0
3.93555,0.322266,0.475867,7.47883e-09,0.605691,1,0
3.93555,0.341797,0.43651,6.28416e-09,0.605691,1,0
3.91602,0.361328,0.394203,5.64965e-09,0.607643,1,0
3.91602,0.380859,0.348846,4.41057e-09,0.607643,1,0
3.93555,0.361328,0.394203,5.11105e-09,0.605691,1,0
3.93555,0.380859,0.348846,3.98992e-09,0.605691,1,0
3.95508,0.322266,0.475867,6.73088e-09,0.60374,1,0
3.95508,0.341797,0.43651,5.65309e-09,0.60374,1,0
3.97461,0.322266,0.475867,6.01967e-09,0.601788,1,0
3.97461,0.341797,0.43651,5.05356e-09,0.601788,1,0
3.95508,0.361328,0.394203,4.5971e-09,0.60374,1,0
3.95508,0.380859,0.348846,3.59021e-09,0.60374,1,0
3.97461,0.361328,0.394203,4.1092e-09,0.601788,1,0
3.97461,0.380859,0.348846,3.20942e-09,0.601788,1,0
3.91602,0.400391,0.300338,3.25677e-09,0.607643,1,0
3.91602,0.419922,0.248575,2.22566e-09,0.607643,1,0
3.93555,0.400391,0.300338,2.95085e-09,0.605691,1,0
3.93555,0.419922,0.248575,2.0142e-09,0.605691,1,0
3.91602,0.439453,0.193451,1.33959e-09,0.607643,1,0
3.91602,0.458984,0.13486,6.24261e-10,0.607643,1,0
3.93555,0.439453,0.193451,1.21485e-09,0.605691,1,0
3.93555,0.458984,0.13486,5.71737e-10,0.605691,1,0
3.95508,0.400391,0.300338,2.65383e-09,0.60374,1,0
3.95508,0.419922,0.248575,1.81785e-09,0.60374,1,0
3.97461,0.400391,0.300338,2.37714e-09,0.601788,1,0
3.97461,0.419922,0.248575,1.62626e-09,0.601788,1,0
3.95508,0.439453,0.193451,1.09807e-09,0.60374,1,0
3.95508,0.458984,0.13486,5.14296e-10,0.60374,1,0
3.97461,0.439453,0.193451,9.84903e-10,0.601788,1,0
3.97461,0.458984,0.13486,4.66698e-10,0.601788,1,0
3.99414,0.322266,0.475867,5.34675e-09,0.599837,1,0
3.99414,0.341797,0.43651,4.48677e-09,0.599837,1,0
4.01367,0.322266,0.475867,4.71315e-09,0.597886,1,0
4.01367,0.341797,0.43651,3.95354e-09,0.597886,1,0
3.99414,0.361328,0.394203,3.6482e-09,0.599837,1,0
3.99414,0.380859,0.348846,2.85123e-09,0.599837,1,0
4.01367,0.361328,0.394203,3.21479e-09,0.597886,1,0
4.01367,0.380859,0.348846,2.51318e-09,0.597886,1,0
4.0332,0.322266,0.475867,4.11943e-09,0.595934,1,0
4.0332,0.341797,0.43651,3.45428e-09,0.595934,1,0
4.05273,0.322266,0.475867,3.56576e-09,0.593983,1,0
4.05273,0.341797,0.43651,2.98905e-09,0.593983,1,0
4.0332,0.361328,0.394203,2.80919e-09,0.595934,1,0
4.0332,0.380859,0.348846,2.19831e-09,0.595934,1,0
4.05273,0.361328,0.394203,2.4315e-09,0.593983,1,0
4.05273,0.380859,0.348846,1.90385e-09,0.593983,1,0
3.99414,0.400391,0.300338,2.11082e-09,0.599837,1,0
3.99414,0.419922,0.248575,1.45039e-09,0.599837,1,0
4.01367,0.400391,0.300338,1.86544e-09,0.597886,1,0
4.01367,0.419922,0.248575,1.28008e-09,0.597886,1,0
3.99414,0.439453,0.193451,8.80121e-10,0.599837,1,0
3.99414,0.458984,0.13486,4.14771e-10,0.599837,1,0
4.01367,0.439453,0.193451,7.79403e-10,0.597886,1,0
4.01367,0.458984,0.13486,3.72532e-10,0.597886,1,0
4.0332,0.400391,0.300338,1.63113e-09,0.595934,1,0
4.0332,0.419922,0.248575,1.12556e-09,0.595934,1,0
4.05273,0.400391,0.300338,1.41766e-09,0.593983,1,0
4.05273,0.419922,0.248575,9.76966e-10,0.593983,1,0
4.0332,0.439453,0.193451,6.87184e-10,0.595934,1,0
4.0332,0.458984,0.13486,3.26408e-10,0.595934,1,0
4.05273,0.439453,0.193451,5.99196e-10,0.593983,1,0
4.05273,0.458984,0.13486,2.89692e-10,0.593983,1,0
3.91602,0.478516,0.0726926,1.12512e-10,0.607643,1,0
3.91602,0.498047,0.0068369,-8.3605e-11,0.607643,0.6,0
3.93555,0.478516,0.0726926,1.00882e-10,0.605691,1,0
3.93555,0.498047,0.0068369,-8.00762e-11,0.605691,0.6,0
3.95508,0.478516,0.0726926,9.29818e-11,0.60374,1,0
3.95508,0.498047,0.0068369,-7.4895e-11,0.60374,0.6,0
3.97461,0.478516,0.0726926,8.22085e-11,0.601788,1,0
3.97461,0.498047,0.0068369,-7.17313e-11,0.601788,0.6,0
3.99414,0.478516,0.0726926,7.50682e-11,0.599837,1,0
3.99414,0.498047,0.0068369,-6.70103e-11,0.599837,0.6,0
4.01367,0.478516,0.0726926,6.52563e-11,0.597886,1,0
4.01367,0.498047,0.0068369,-6.42441e-11,0.597886,0.6,0
4.0332,0.478516,0.0726926,5.89551e-11,0.595934,1,0
4.0332,0.498047,0.0068369,-6.00047e-11,0.595934,0.6,0
4.05273,0.478516,0.0726926,5.01585e-11,0.593983,1,0
4.05273,0.498047,0.0068369,-5.76478e-11,0.593983,0.6,0
4.07227,0.00976562,0.768797,6.55958e-10,0.592031,1,0
4.07227,0.0292969,0.766791,1.75439e-09,0.592031,1,0
4.0918,0.00976562,0.768797,5.57293e-10,0.59008,1,0
4.0918,0.0292969,0.766791,1.49684e-09,0.59008,1,0
4.07227,0.0488281,0.762772,2.61642e-09,0.592031,1,0
4.07227,0.0683594,0.756727,3.4287e-09,0.592031,1,0
4.0918,0.0488281,0.762772,2.24212e-09,0.59008,1,0
4.0918,0.0683594,0.756727,2.94421e-09,0.59008,1,0
4.11133,0.00976562,0.768797,4.65382e-10,0.588129,1,0
4.11133,0.0292969,0.766791,1.25697e-09,0.588129,1,0
4.13086,0.00976562,0.768797,3.80193e-10,0.586177,1,0
4.13086,0.0292969,0.766791,1.03469e-09,0.586177,1,0
4.11133,0.0488281,0.762772,1.89362e-09,0.588129,1,0
4.11133,0.0683594,0.756727,2.49323e-09,0.588129,1,0
4.13086,0.0488281,0.762772,1.57076e-09,0.586177,1,0
4.13086,0.0683594,0.756727,2.07556e-09,0.586177,1,0
4.07227,0.0878906,0.748635,4.15617e-09,0.592031,1,0
4.07227,0.107422,0.738469,4.75572e-09,0.592031,1,0
4.0918,0.0878906,0.748635,3.5714e-09,0.59008,1,0
4.0918,0.107422,0.738469,4.08637e-09,0.59008,1,0
4.07227,0.126953,0.726197,5.20995e-09,0.592031,1,0
4.07227,0.146484,0.711778,5.51082e-09,0.592031,1,0
4.0918,0.126953,0.726197,4.4739e-09,0.59008,1,0
4.0918,0.146484,0.711778,4.72718e-09,0.59008,1,0
4.11133,0.0878906,0.748635,3.02735e-09,0.588129,1,0
4.11133,0.107422,0.738469,3.464e-09,0.588129,1,0
4.13086,0.0878906,0.748635,2.52369e-09,0.586177,1,0
4.13086,0.107422,0.738469,2.88821e-09,0.586177,1,0
4.11133,0.126953,0.726197,3.79004e-09,0.588129,1,0
4.11133,0.146484,0.711778,3.99976e-09,0.588129,1,0
4.13086,0.126953,0.726197,3.15785e-09,0.586177,1,0
4.13086,0.146484,0.711778,3.3279e-09,0.586177,1,0
4.15039,0.00976562,0.768797,3.0164e-10,0.584226,1,0
4.15039,0.0292969,0.766791,8.29772e-10,0.584226,1,0
4.16992,0.00976562,0.768797,2.29584e-10,0.582275,1,0
4.16992,0.0292969,0.766791,6.41839e-10,0.582275,1,0
4.15039,0.0488281,0.762772,1.27317e-09,0.584226,1,0
4.15039,0.0683594,0.756727,1.6907e-09,0.584226,1,0
4.16992,0.0488281,0.762772,1.00033e-09,0.582275,1,0
4.16992,0.0683594,0.756727,1.33793e-09,0.582275,1,0
4.18945,0.00976562,0.768797,1.63844e-10,0.580323,1,0
4.18945,0.0292969,0.766791,4.7042e-10,0.580323,1,0
4.20898,0.00976562,0.768797,1.04212e-10,0.578372,1,0
4.20898,0.0292969,0.766791,3.14955e-10,0.578372,1,0
4.18945,0.0488281,0.762772,7.51519e-10,0.580323,1,0
4.18945,0.0683594,0.756727,1.01633e-09,0.580323,1,0
4.20898,0.0488281,0.762772,5.25915e-10,0.578372,1,0
4.20898,0.0683594,0.756727,7.24808e-10,0.578372,1,0
4.15039,0.0878906,0.748635,2.05982e-09,0.584226,1,0
4.15039,0.107422,0.738469,2.35824e-09,0.584226,1,0
4.16992,0.0878906,0.748635,1.63483e-09,0.582275,1,0
4.16992,0.107422,0.738469,1.87299e-09,0.582275,1,0
4.15039,0.126953,0.726197,2.57641e-09,0.584226,1,0
4.15039,0.146484,0.711778,2.71054e-09,0.584226,1,0
4.16992,0.126953,0.726197,2.04447e-09,0.582275,1,0
4.16992,0.146484,0.711778,2.14626e-09,0.582275,1,0
4.18945,0.0878906,0.748635,1.24757e-09,0.580323,1,0
4.18945,0.107422,0.738469,1.43111e-09,0.580323,1,0
4.20898,0.0878906,0.748635,8.96699e-10,0.578372,1,0
4.20898,0.107422,0.738469,1.03102e-09,0.578372,1,0
4.18945,0.126953,0.726197,1.56046e-09,0.580323,1,0
4.18945,0.146484,0.711778,1.63333e-09,0.580323,1,0
4.20898,0.126953,0.726197,1.12259e-09,0.578372,1,0
4.20898,0.146484,0.711778,1.16977e-09,0.578372,1,0
4.07227,0.166016,0.695165,5.65746e-09,0.592031,1,0
4.07227,0.185547,0.676307,5.6566e-09,0.592031,1,0
4.0918,0.166016,0.695165,4.84594e-09,0.59008,1,0
4.0918,0.185547,0.676307,4.83676e-09,0.59008,1,0
4.07227,0.205078,0.655146,5.52159e-09,0.592031,1,0
4.07227,0.224609,0.631618,5.27075e-09,0.592031,1,0
4.0918,0.205078,0.655146,4.71205e-09,0.59008,1,0
4.0918,0.224609,0.631618,4.48858e-09,0.59008,1,0
4.11133,0.166016,0.695165,4.0934e-09,0.588129,1,0
4.11133,0.185547,0.676307,4.07733e-09,0.588129,1,0
4.13086,0.166016,0.695165,3.39905e-09,0.586177,1,0
4.13086,0.185547,0.676307,3.37742e-09,0.586177,1,0
4.11133,0.205078,0.655146,3.96306e-09,0.588129,1,0
4.11133,0.224609,0.631618,3.76578e-09,0.588129,1,0
4.13086,0.205078,0.655146,3.27357e-09,0.586177,1,0
4.13086,0.224609,0.631618,3.10124e-09,0.586177,1,0
4.07227,0.244141,0.605653,4.92566e-09,0.592031,1,0
4.07227,0.263672,0.577177,4.50934e-09,0.592031,1,0
4.0918,0.244141,0.605653,4.18578e-09,0.59008,1,0
4.0918,0.263672,0.577177,3.82417e-09,0.59008,1,0
4.07227,0.283203,0.546111,4.04461e-09,0.592031,1,0
4.07227,0.302734,0.51237,3.55265e-09,0.592031,1,0
4.0918,0.283203,0.546111,3.4238e-09,0.59008,1,0
4.0918,0.302734,0.51237,3.00299e-09,0.59008,1,0
4.11133,0.244141,0.605653,3.50291e-09,0.588129,1,0
4.11133,0.263672,0.577177,3.19257e-09,0.588129,1,0
4.13086,0.244141,0.605653,2.87586e-09,0.586177,1,0
4.13086,0.263672,0.577177,2.61331e-09,0.586177,1,0
4.11133,0.283203,0.546111,2.8522e-09,0.588129,1,0
4.11133,0.302734,0.51237,2.49744e-09,0.588129,1,0
4.13086,0.283203,0.546111,2.32858e-09,0.586177,1,0
4.13086,0.302734,0.51237,2.03485e-09,0.586177,1,0
4.15039,0.166016,0.695165,2.76168e-09,0.584226,1,0
4.15039,0.185547,0.676307,2.73567e-09,0.584226,1,0
4.16992,0.166016,0.695165,2.17974e-09,0.582275,1,0
4.16992,0.185547,0.676307,2.15041e-09,0.582275,1,0
4.15039,0.205078,0.655146,2.64217e-09,0.584226,1,0
4.15039,0.224609,0.631618,2.49343e-09,0.584226,1,0
4.16992,0.205078,0.655146,2.06705e-09,0.582275,1,0
4.16992,0.224609,0.631618,1.94054e-09,0.582275,1,0
4.18945,0.166016,0.695165,1.65133e-09,0.580323,1,0
4.18945,0.185547,0.676307,1.61964e-09,0.580323,1,0
4.20898,0.166016,0.695165,1.17433e-09,0.578372,1,0
4.20898,0.185547,0.676307,1.14112e-09,0.578372,1,0
4.18945,0.205078,0.655146,1.54616e-09,0.580323,1,0
4.18945,0.224609,0.631618,1.44045e-09,0.580323,1,0
4.20898,0.205078,0.655146,1.07717e-09,0.578372,1,0
4.20898,0.224609,0.631618,9.90844e-10,0.578372,1,0
4.15039,0.244141,0.605653,2.30309e-09,0.584226,1,0
4.15039,0.263672,0.577177,2.08486e-09,0.584226,1,0
4.16992,0.244141,0.605653,1.78275e-09,0.582275,1,0
4.16992,0.263672,0.577177,1.60542e-09,0.582275,1,0
4.15039,0.283203,0.546111,1.85148e-09,0.584226,1,0
4.15039,0.302734,0.51237,1.61382e-09,0.584226,1,0
4.16992,0.283203,0.546111,1.41917e-09,0.582275,1,0
4.16992,0.302734,0.51237,1.23276e-09,0.582275,1,0
4.18945,0.244141,0.605653,1.31276e-09,0.580323,1,0
4.18945,0.263672,0.577177,1.17297e-09,0.580323,1,0
4.20898,0.244141,0.605653,8.90833e-10,0.578372,1,0
4.20898,0.263672,0.577177,7.85301e-10,0.578372,1,0
4.18945,0.283203,0.546111,1.02974e-09,0.580323,1,0
4.18945,0.302734,0.51237,8.89923e-10,0.580323,1,0
4.20898,0.283203,0.546111,6.81136e-10,0.578372,1,0
4.20898,0.302734,0.51237,5.83419e-10,0.578372,1,0
4.22852,0.00976562,0.768797,5.0446e-11,0.57642,1,0
4.22852,0.0292969,0.766791,1.74804e-10,0.57642,1,0
4.24805,0.00976562,0.768797,2.26938e-12,0.574469,1,0
4.24805,0.0292969,0.766791,4.92477e-11,0.574469,1,0
4.22852,0.0488281,0.762772,3.22569e-10,0.57642,1,0
4.22852,0.0683594,0.756727,4.62122e-10,0.57642,1,0
4.24805,0.0488281,0.762772,1.40443e-10,0.574469,1,0
4.24805,0.0683594,0.756727,2.26924e-10,0.574469,1,0
4.26758,0.00976562,0.768797,-4.06126e-11,0.572518,1,0
4.26758,0.0292969,0.766791,-6.24787e-11,0.572518,1,0
4.28711,0.00976562,0.768797,-7.85029e-11,0.570566,1,0
4.28711,0.0292969,0.766791,-1.61171e-10,0.570566,1,0
4.26758,0.0488281,0.762772,-2.15715e-11,0.572518,1,0
4.26758,0.0683594,0.756727,1.77729e-11,0.572518,1,0
4.28711,0.0488281,0.762772,-1.64638e-10,0.570566,1,0
4.28711,0.0683594,0.756727,-1.66838e-10,0.570566,1,0
4.22852,0.0878906,0.748635,5.80694e-10,0.57642,1,0
4.22852,0.107422,0.738469,6.70938e-10,0.57642,1,0
4.24805,0.0878906,0.748635,2.9791e-10,0.574469,1,0
4.24805,0.107422,0.738469,3.4896e-10,0.574469,1,0
4.22852,0.126953,0.726197,7.28873e-10,0.57642,1,0
4.22852,0.146484,0.711778,7.53382e-10,0.57642,1,0
4.24805,0.126953,0.726197,3.77145e-10,0.574469,1,0
4.24805,0.146484,0.711778,3.81828e-10,0.574469,1,0
4.26758,0.0878906,0.748635,4.65935e-11,0.572518,1,0
4.26758,0.107422,0.738469,6.3045e-11,0.572518,1,0
4.28711,0.0878906,0.748635,-1.75087e-10,0.570566,1,0
4.28711,0.107422,0.738469,-1.88923e-10,0.570566,1,0
4.26758,0.126953,0.726197,6.51355e-11,0.572518,1,0
4.26758,0.146484,0.711778,5.26367e-11,0.572518,1,0
4.28711,0.126953,0.726197,-2.09513e-10,0.570566,1,0
4.28711,0.146484,0.711778,-2.36738e-10,0.570566,1,0
4.30664,0.00976562,0.768797,-1.11709e-10,0.568615,1,0
4.30664,0.0292969,0.766791,-2.47642e-10,0.568615,1,0
4.32617,0.00976562,0.768797,-1.40541e-10,0.566664,1,0
4.32617,0.0292969,0.766791,-3.22705e-10,0.566664,1,0
4.30664,0.0488281,0.762772,-2.89944e-10,0.568615,1,0
4.30664,0.0683594,0.756727,-3.28458e-10,0.568615,1,0
4.32617,0.0488281,0.762772,-3.98688e-10,0.566664,1,0
4.32617,0.0683594,0.756727,-4.68649e-10,0.566664,1,0
4.3457,0.00976562,0.768797,-1.65311e-10,0.564712,1,0
4.3457,0.0292969,0.766791,-3.87175e-10,0.564712,1,0
4.36523,0.00976562,0.768797,-1.86329e-10,0.562761,1,0
4.36523,0.0292969,0.766791,-4.41866e-10,0.562761,1,0
4.3457,0.0488281,0.762772,-4.9206e-10,0.564712,1,0
4.3457,0.0683594,0.756727,-5.88964e-10,0.564712,1,0
4.36523,0.0488281,0.762772,-5.71246e-10,0.562761,1,0
4.36523,0.0683594,0.756727,-6.90948e-10,0.562761,1,0
4.30664,0.0878906,0.748635,-3.69014e-10,0.568615,1,0
4.30664,0.107422,0.738469,-4.09118e-10,0.568615,1,0
4.32617,0.0878906,0.748635,-5.37089e-10,0.566664,1,0
4.32617,0.107422,0.738469,-5.9974e-10,0.566664,1,0
4.30664,0.126953,0.726197,-4.4922e-10,0.568615,1,0
4.30664,0.146484,0.711778,-4.88913e-10,0.568615,1,0
4.32617,0.126953,0.726197,-6.56433e-10,0.566664,1,0
4.32617,0.146484,0.711778,-7.06528e-10,0.566664,1,0
4.3457,0.0878906,0.748635,-6.81204e-10,0.564712,1,0
4.3457,0.107422,0.738469,-7.62977e-10,0.564712,1,0
4.36523,0.0878906,0.748635,-8.03237e-10,0.562761,1,0
4.36523,0.107422,0.738469,-9.00999e-10,0.562761,1,0
4.3457,0.126953,0.726197,-8.33588e-10,0.564712,1,0
4.3457,0.146484,0.711778,-8.92207e-10,0.564712,1,0
4.36523,0.126953,0.726197,-9.83092e-10,0.562761,1,0
4.36523,0.146484,0.711778,-1.04855e-09,0.562761,1,0
4.22852,0.166016,0.695165,7.46395e-10,0.57642,1,0
4.22852,0.185547,0.676307,7.12385e-10,0.57642,1,0
4.24805,0.166016,0.695165,3.65027e-10,0.574469,1,0
4.24805,0.185547,0.676307,3.30863e-10,0.574469,1,0
4.22852,0.205078,0.655146,6.57601e-10,0.57642,1,0
4.22852,0.224609,0.631618,5.89225e-10,0.57642,1,0
4.24805,0.205078,0.655146,2.84815e-10,0.574469,1,0
4.24805,0.224609,0.631618,2.32974e-10,0.574469,1,0
4.26758,0.166016,0.695165,2.76231e-11,0.572518,1,0
4.26758,0.185547,0.676307,-6.14395e-12,0.572518,1,0
4.28711,0.166016,0.695165,-2.68506e-10,0.570566,1,0
4.28711,0.185547,0.676307,-3.0141e-10,0.570566,1,0
4.26758,0.205078,0.655146,-4.39119e-11,0.572518,1,0
4.26758,0.224609,0.631618,-8.0607e-11,0.572518,1,0
4.28711,0.205078,0.655146,-3.31382e-10,0.570566,1,0
4.28711,0.224609,0.631618,-3.54287e-10,0.570566,1,0
4.22852,0.244141,0.605653,5.14526e-10,0.57642,1,0
4.22852,0.263672,0.577177,4.40088e-10,0.57642,1,0
4.24805,0.244141,0.605653,1.81291e-10,0.574469,1,0
4.24805,0.263672,0.577177,1.34902e-10,0.574469,1,0
4.22852,0.283203,0.546111,3.7117e-10,0.57642,1,0
4.22852,0.302734,0.51237,3.1127e-10,0.57642,1,0
4.24805,0.283203,0.546111,9.75898e-11,0.574469,1,0
4.24805,0.302734,0.51237,7.14251e-11,0.574469,1,0
4.26758,0.244141,0.605653,-1.11491e-10,0.572518,1,0
4.26758,0.263672,0.577177,-1.32743e-10,0.572518,1,0
4.28711,0.244141,0.605653,-3.66495e-10,0.570566,1,0
4.28711,0.263672,0.577177,-3.65379e-10,0.570566,1,0
4.26758,0.283203,0.546111,-1.41915e-10,0.572518,1,0
4.26758,0.302734,0.51237,-1.38203e-10,0.572518,1,0
4.28711,0.283203,0.546111,-3.49679e-10,0.570566,1,0
4.28711,0.302734,0.51237,-3.19716e-10,0.570566,1,0
4.30664,0.166016,0.695165,-5.26115e-10,0.568615,1,0
4.30664,0.185547,0.676307,-5.57769e-10,0.568615,1,0
4.32617,0.166016,0.695165,-7.47979e-10,0.566664,1,0
4.32617,0.185547,0.676307,-7.78065e-10,0.566664,1,0
4.30664,0.205078,0.655146,-5.80447e-10,0.568615,1,0
4.30664,0.224609,0.631618,-5.90875e-10,0.568615,1,0
4.32617,0.205078,0.655146,-7.93957e-10,0.566664,1,0
4.32617,0.224609,0.631618,-7.93169e-10,0.566664,1,0
4.3457,0.166016,0.695165,-9.36851e-10,0.564712,1,0
4.3457,0.185547,0.676307,-9.65122e-10,0.564712,1,0
4.36523,0.166016,0.695165,-1.09545e-09,0.562761,1,0
4.36523,0.185547,0.676307,-1.12171e-09,0.562761,1,0
4.3457,0.205078,0.655146,-9.74741e-10,0.564712,1,0
4.3457,0.224609,0.631618,-9.63939e-10,0.564712,1,0
4.36523,0.205078,0.655146,-1.12557e-09,0.562761,1,0
4.36523,0.224609,0.631618,-1.1059e-09,0.562761,1,0
4.30664,0.244141,0.605653,-5.86429e-10,0.568615,1,0
4.30664,0.263672,0.577177,-5.65552e-10,0.568615,1,0
4.32617,0.244141,0.605653,-7.73982e-10,0.566664,1,0
4.32617,0.263672,0.577177,-7.35794e-10,0.566664,1,0
4.30664,0.283203,0.546111,-5.28045e-10,0.568615,1,0
4.30664,0.302734,0.51237,-4.75213e-10,0.568615,1,0
4.32617,0.283203,0.546111,-6.7934e-10,0.566664,1,0
4.32617,0.302734,0.51237,-6.06785e-10,0.566664,1,0
4.3457,0.244141,0.605653,-9.31811e-10,0.564712,1,0
4.3457,0.263672,0.577177,-8.78599e-10,0.564712,1,0
4.36523,0.244141,0.605653,-1.06251e-09,0.562761,1,0
4.36523,0.263672,0.577177,-9.96394e-10,0.562761,1,0
4.3457,0.283203,0.546111,-8.05853e-10,0.564712,1,0
4.3457,0.302734,0.51237,-7.16479e-10,0.564712,1,0
4.36523,0.283203,0.546111,-9.09808e-10,0.562761,1,0
4.36523,0.302734,0.51237,-8.06285e-10,0.562761,1,0
4.07227,0.322266,0.475867,3.05193e-09,0.592031,1,0
4.07227,0.341797,0.43651,2.55762e-09,0.592031,1,0
4.0918,0.322266,0.475867,2.57739e-09,0.59008,1,0
4.0918,0.341797,0.43651,2.15951e-09,0.59008,1,0
4.07227,0.361328,0.394203,2.08141e-09,0.592031,1,0
4.07227,0.380859,0.348846,1.63232e-09,0.592031,1,0
4.0918,0.361328,0.394203,1.75857e-09,0.59008,1,0
4.0918,0.380859,0.348846,1.38071e-09,0.59008,1,0
4.11133,0.322266,0.475867,2.14135e-09,0.588129,1,0
4.11133,0.341797,0.43651,1.79396e-09,0.588129,1,0
4.13086,0.322266,0.475867,1.74274e-09,0.586177,1,0
4.13086,0.341797,0.43651,1.46007e-09,0.586177,1,0
4.11133,0.361328,0.394203,1.46228e-09,0.588129,1,0
4.11133,0.380859,0.348846,1.15112e-09,0.588129,1,0
4.13086,0.361328,0.394203,1.19182e-09,0.586177,1,0
4.13086,0.380859,0.348846,9.40379e-10,0.586177,1,0
4.07227,0.400391,0.300338,1.21534e-09,0.592031,1,0
4.07227,0.419922,0.248575,8.4382e-10,0.592031,1,0
4.0918,0.400391,0.300338,1.03322e-09,0.59008,1,0
4.0918,0.419922,0.248575,7.1657e-10,0.59008,1,0
4.07227,0.439453,0.193451,5.19575e-10,0.592031,1,0
4.07227,0.458984,0.13486,2.49417e-10,0.592031,1,0
4.0918,0.439453,0.193451,4.44133e-10,0.59008,1,0
4.0918,0.458984,0.13486,2.18168e-10,0.59008,1,0
4.11133,0.400391,0.300338,8.61847e-10,0.588129,1,0
4.11133,0.419922,0.248575,6.04106e-10,0.588129,1,0
4.13086,0.400391,0.300338,7.0963e-10,0.586177,1,0
4.13086,0.419922,0.248575,4.97229e-10,0.586177,1,0
4.11133,0.439453,0.193451,3.7673e-10,0.588129,1,0
4.11133,0.458984,0.13486,1.83596e-10,0.588129,1,0
4.13086,0.439453,0.193451,3.13284e-10,0.586177,1,0
4.13086,0.458984,0.13486,1.57591e-10,0.586177,1,0
4.15039,0.322266,0.475867,1.38031e-09,0.584226,1,0
4.15039,0.341797,0.43651,1.15672e-09,0.584226,1,0
4.16992,0.322266,0.475867,1.05262e-09,0.582275,1,0
4.16992,0.341797,0.43651,8.8268e-10,0.582275,1,0
4.15039,0.361328,0.394203,9.46215e-10,0.584226,1,0
4.15039,0.380859,0.348846,7.50266e-10,0.584226,1,0
4.16992,0.361328,0.394203,7.24512e-10,0.582275,1,0
4.16992,0.380859,0.348846,5.77529e-10,0.582275,1,0
4.18945,0.322266,0.475867,7.58115e-10,0.580323,1,0
4.18945,0.341797,0.43651,6.36608e-10,0.580323,1,0
4.20898,0.322266,0.475867,4.95122e-10,0.578372,1,0
4.20898,0.341797,0.43651,4.17068e-10,0.578372,1,0
4.18945,0.361328,0.394203,5.25518e-10,0.580323,1,0
4.18945,0.380859,0.348846,4.23679e-10,0.580323,1,0
4.20898,0.361328,0.394203,3.48132e-10,0.578372,1,0
4.20898,0.380859,0.348846,2.85461e-10,0.578372,1,0
4.15039,0.400391,0.300338,5.6738e-10,0.584226,1,0
4.15039,0.419922,0.248575,4.04232e-10,0.584226,1,0
4.16992,0.400391,0.300338,4.42939e-10,0.582275,1,0
4.16992,0.419922,0.248575,3.16312e-10,0.582275,1,0
4.15039,0.439453,0.193451,2.57407e-10,0.584226,1,0
4.15039,0.458984,0.13486,1.28428e-10,0.584226,1,0
4.16992,0.439453,0.193451,2.0514e-10,0.582275,1,0
4.16992,0.458984,0.13486,1.07317e-10,0.582275,1,0
4.18945,0.400391,0.300338,3.27451e-10,0.580323,1,0
4.18945,0.419922,0.248575,2.41198e-10,0.580323,1,0
4.20898,0.400391,0.300338,2.28225e-10,0.578372,1,0
4.20898,0.419922,0.248575,1.70511e-10,0.578372,1,0
4.18945,0.439453,0.193451,1.59869e-10,0.580323,1,0
4.18945,0.458984,0.13486,8.31626e-11,0.580323,1,0
4.20898,0.439453,0.193451,1.1778e-10,0.578372,1,0
4.20898,0.458984,0.13486,6.65083e-11,0.578372,1,0
4.07227,0.478516,0.0726926,4.47297e-11,0.592031,1,0
4.07227,0.498047,0.0068369,-5.38925e-11,0.592031,0.6,0
4.0918,0.478516,0.0726926,3.6961e-11,0.59008,1,0
4.0918,0.498047,0.0068369,-5.19398e-11,0.59008,0.6,0
4.11133,0.478516,0.0726926,3.24003e-11,0.588129,1,0
4.11133,0.498047,0.0068369,-4.86566e-11,0.588129,0.6,0
4.13086,0.478516,0.0726926,2.5639e-11,0.586177,1,0
4.13086,0.498047,0.0068369,-4.709e-11,0.586177,0.6,0
4.15039,0.478516,0.0726926,2.19133e-11,0.584226,1,0
4.15039,0.498047,0.0068369,-4.42555e-11,0.584226,0.6,0
4.16992,0.478516,0.0726926,1.61134e-11,0.582275,1,0
4.16992,0.498047,0.0068369,-4.30473e-11,0.582275,0.6,0
4.18945,0.478516,0.0726926,1.31672e-11,0.580323,1,0
4.18945,0.498047,0.0068369,-4.06299e-11,0.580323,0.6,0
4.20898,0.478516,0.0726926,8.26376e-12,0.578372,1,0
4.20898,0.498047,0.0068369,-3.97454e-11,0.578372,0.6,0
4.22852,0.322266,0.475867,2.61891e-10,0.57642,1,0
4.22852,0.341797,0.43651,2.22564e-10,0.57642,1,0
4.24805,0.322266,0.475867,5.66148e-11,0.574469,1,0
4.24805,0.341797,0.43651,5.15539e-11,0.574469,1,0
4.22852,0.361328,0.394203,1.91044e-10,0.57642,1,0
4.22852,0.380859,0.348846,1.64182e-10,0.57642,1,0
4.24805,0.361328,0.394203,5.30676e-11,0.574469,1,0
4.24805,0.380859,0.348846,5.66344e-11,0.574469,1,0
4.26758,0.322266,0.475867,-1.22546e-10,0.572518,1,0
4.26758,0.341797,0.43651,-9.75331e-11,0.572518,1,0
4.28711,0.322266,0.475867,-2.77431e-10,0.570566,1,0
4.28711,0.341797,0.43651,-2.26256e-10,0.570566,1,0
4.26758,0.361328,0.394203,-6.71667e-11,0.572518,1,0
4.26758,0.380859,0.348846,-3.60281e-11,0.572518,1,0
4.28711,0.361328,0.394203,-1.70853e-10,0.570566,1,0
4.28711,0.380859,0.348846,-1.16907e-10,0.570566,1,0
4.22852,0.400391,0.300338,1.3678e-10,0.57642,1,0
4.22852,0.419922,0.248575,1.11454e-10,0.57642,1,0
4.24805,0.400391,0.300338,5.99382e-11,0.574469,1,0
4.24805,0.419922,0.248575,5.60973e-11,0.574469,1,0
4.22852,0.439453,0.193451,8.20517e-11,0.57642,1,0
4.22852,0.458984,0.13486,4.68915e-11,0.57642,1,0
4.24805,0.439453,0.193451,4.90265e-11,0.574469,1,0
4.24805,0.458984,0.13486,3.41992e-11,0.574469,1,0
4.26758,0.400391,0.300338,-1.0369e-11,0.572518,1,0
4.26758,0.419922,0.248575,1.11416e-11,0.572518,1,0
4.28711,0.400391,0.300338,-6.77667e-11,0.570566,1,0
4.28711,0.419922,0.248575,-3.08645e-11,0.570566,1,0
4.26758,0.439453,0.193451,2.1694e-11,0.572518,1,0
4.26758,0.458984,0.13486,1.86074e-11,0.572518,1,0
4.28711,0.439453,0.193451,-3.42799e-12,0.570566,1,0
4.28711,0.458984,0.13486,9.35826e-12,0.570566,1,0
4.30664,0.322266,0.475867,-4.09865e-10,0.568615,1,0
4.30664,0.341797,0.43651,-3.36152e-10,0.568615,1,0
4.32617,0.322266,0.475867,-5.21674e-10,0.566664,1,0
4.32617,0.341797,0.43651,-4.28766e-10,0.566664,1,0
4.30664,0.361328,0.394203,-2.59323e-10,0.568615,1,0
4.30664,0.380859,0.348846,-1.84928e-10,0.568615,1,0
4.32617,0.361328,0.394203,-3.3375e-10,0.566664,1,0
4.32617,0.380859,0.348846,-2.43054e-10,0.566664,1,0
4.3457,0.322266,0.475867,-6.14649e-10,0.564712,1,0
4.3457,0.341797,0.43651,-5.05615e-10,0.564712,1,0
4.36523,0.322266,0.475867,-6.90519e-10,0.562761,1,0
4.36523,0.341797,0.43651,-5.68161e-10,0.562761,1,0
4.3457,0.361328,0.394203,-3.95454e-10,0.564712,1,0
4.3457,0.380859,0.348846,-2.90314e-10,0.564712,1,0
4.36523,0.361328,0.394203,-4.45549e-10,0.562761,1,0
4.36523,0.380859,0.348846,-3.29522e-10,0.562761,1,0
4.30664,0.400391,0.300338,-1.19859e-10,0.568615,1,0
4.30664,0.419922,0.248575,-6.36868e-11,0.568615,1,0
4.32617,0.400391,0.300338,-1.60683e-10,0.566664,1,0
4.32617,0.419922,0.248575,-9.4277e-11,0.566664,1,0
4.30664,0.439453,0.193451,-2.35202e-11,0.568615,1,0
4.30664,0.458984,0.13486,-2.72766e-12,0.568615,1,0
4.32617,0.439453,0.193451,-4.18765e-11,0.566664,1,0
4.32617,0.458984,0.13486,-9.04272e-12,0.566664,1,0
4.3457,0.400391,0.300338,-1.97398e-10,0.564712,1,0
4.3457,0.419922,0.248575,-1.16871e-10,0.564712,1,0
4.36523,0.400391,0.300338,-2.24457e-10,0.562761,1,0
4.36523,0.419922,0.248575,-1.37933e-10,0.562761,1,0
4.3457,0.439453,0.193451,-5.58461e-11,0.564712,1,0
4.3457,0.458984,0.13486,-1.81241e-11,0.564712,1,0
4.36523,0.439453,0.193451,-6.85438e-11,0.562761,1,0
4.36523,0.458984,0.13486,-2.20015e-11,0.562761,1,0
4.22852,0.478516,0.0726926,6.02542e-12,0.57642,1,0
4.22852,0.498047,0.0068369,-3.7708e-11,0.57642,0.6,0
4.24805,0.478516,0.0726926,1.93951e-12,0.574469,1,0
4.24805,0.498047,0.0068369,-3.71086e-11,0.574469,0.6,0
4.26758,0.478516,0.0726926,3.26108e-13,0.572518,1,0
4.26758,0.498047,0.0068369,-3.54118e-11,0.572518,0.6,0
4.28711,0.478516,0.0726926,-3.02886e-12,0.570566,1,0
4.28711,0.498047,0.0068369,-3.50578e-11,0.570566,0.6,0
4.30664,0.478516,0.0726926,-4.10318e-12,0.568615,1,0
4.30664,0.498047,0.0068369,-3.36621e-11,0.568615,0.6,0
4.32617,0.478516,0.0726926,-6.81154e-12,0.566664,1,0
4.32617,0.498047,0.0068369,-3.35138e-11,0.566664,0.6,0
4.3457,0.478516,0.0726926,-7.42831e-12,0.564712,1,0
4.3457,0.498047,0.0068369,-3.23786e-11,0.564712,0.6,0
4.36523,0.478516,0.0726926,-9.57341e-12,0.562761,1,0
4.36523,0.498047,0.0068369,-3.23962e-11,0.562761,0.6,0
4.38477,0.00976562,0.768797,-2.03903e-10,0.560809,1,0
4.38477,0.0292969,0.766791,-4.87585e-10,0.560809,1,0
4.4043,0.00976562,0.768797,-2.18335e-10,0.558858,1,0
4.4043,0.0292969,0.766791,-5.2512e-10,0.558858,1,0
4.38477,0.0488281,0.762772,-6.37422e-10,0.560809,1,0
4.38477,0.0683594,0.756727,-7.76125e-10,0.560809,1,0
4.4043,0.0488281,0.762772,-6.91736e-10,0.558858,1,0
4.4043,0.0683594,0.756727,-8.45987e-10,0.558858,1,0
4.42383,0.00976562,0.768797,-2.2992e-10,0.556907,1,0
4.42383,0.0292969,0.766791,-5.55239e-10,0.556907,1,0
4.44336,0.00976562,0.768797,-2.38938e-10,0.554955,1,0
4.44336,0.0292969,0.766791,-5.7868e-10,0.554955,1,0
4.42383,0.0488281,0.762772,-7.35304e-10,0.556907,1,0
4.42383,0.0683594,0.756727,-9.01978e-10,0.556907,1,0
4.44336,0.0488281,0.762772,-7.69198e-10,0.554955,1,0
4.44336,0.0683594,0.756727,-9.45489e-10,0.554955,1,0
4.38477,0.0878906,0.748635,-9.05039e-10,0.560809,1,0
4.38477,0.107422,0.738469,-1.01594e-09,0.560809,1,0
4.4043,0.0878906,0.748635,-9.88414e-10,0.558858,1,0
4.4043,0.107422,0.738469,-1.10987e-09,0.558858,1,0
4.38477,0.126953,0.726197,-1.10731e-09,0.560809,1,0
4.38477,0.146484,0.711778,-1.17808e-09,0.560809,1,0
4.4043,0.126953,0.726197,-1.20853e-09,0.558858,1,0
4.4043,0.146484,0.711778,-1.28326e-09,0.558858,1,0
4.42383,0.0878906,0.748635,-1.05511e-09,0.556907,1,0
4.42383,0.107422,0.738469,-1.1848e-09,0.556907,1,0
4.44336,0.0878906,0.748635,-1.10681e-09,0.554955,1,0
4.44336,0.107422,0.738469,-1.24266e-09,0.554955,1,0
4.42383,0.126953,0.726197,-1.28898e-09,0.556907,1,0
4.42383,0.146484,0.711778,-1.36648e-09,0.556907,1,0
4.44336,0.126953,0.726197,-1.35079e-09,0.554955,1,0
4.44336,0.146484,0.711778,-1.42999e-09,0.554955,1,0
4.46289,0.00976562,0.768797,-2.45662e-10,0.553004,1,0
4.46289,0.0292969,0.766791,-5.96149e-10,0.553004,1,0
4.48242,0.00976562,0.768797,-2.50349e-10,0.551053,1,0
4.48242,0.0292969,0.766791,-6.08318e-10,0.551053,1,0
4.46289,0.0488281,0.762772,-7.94447e-10,0.553004,1,0
4.46289,0.0683594,0.756727,-9.77848e-10,0.553004,1,0
4.48242,0.0488281,0.762772,-8.12024e-10,0.551053,1,0
4.48242,0.0683594,0.756727,-1.00032e-09,0.551053,1,0
4.50195,0.00976562,0.768797,-2.5324e-10,0.549101,1,0
4.50195,0.0292969,0.766791,-6.1582e-10,0.549101,1,0
4.52148,0.00976562,0.768797,-2.54566e-10,0.54715,1,0
4.52148,0.0292969,0.766791,-6.19253e-10,0.54715,1,0
4.50195,0.0488281,0.762772,-8.22851e-10,0.549101,1,0
4.50195,0.0683594,0.756727,-1.01409e-09,0.549101,1,0
4.52148,0.0488281,0.762772,-8.27793e-10,0.54715,1,0
4.52148,0.0683594,0.756727,-1.02028e-09,0.54715,1,0
4.46289,0.0878906,0.748635,-1.14512e-09,0.553004,1,0
4.46289,0.107422,0.738469,-1.28528e-09,0.553004,1,0
4.48242,0.0878906,0.748635,-1.17156e-09,0.551053,1,0
4.48242,0.107422,0.738469,-1.31443e-09,0.551053,1,0
4.46289,0.126953,0.726197,-1.39598e-09,0.553004,1,0
4.46289,0.146484,0.711778,-1.47598e-09,0.553004,1,0
4.48242,0.126953,0.726197,-1.42647e-09,0.551053,1,0
4.48242,0.146484,0.711778,-1.50648e-09,0.551053,1,0
4.50195,0.0878906,0.748635,-1.18757e-09,0.549101,1,0
4.50195,0.107422,0.738469,-1.33173e-09,0.549101,1,0
4.52148,0.0878906,0.748635,-1.19449e-09,0.54715,1,0
4.52148,0.107422,0.738469,-1.33873e-09,0.54715,1,0
4.50195,0.126953,0.726197,-1.44407e-09,0.549101,1,0
4.50195,0.146484,0.711778,-1.52342e-09,0.549101,1,0
4.52148,0.126953,0.726197,-1.45047e-09,0.54715,1,0
4.52148,0.146484,0.711778,-1.52859e-09,0.54715,1,0
4.38477,0.166016,0.695165,-1.22642e-09,0.560809,1,0
4.38477,0.185547,0.676307,-1.25054e-09,0.560809,1,0
4.4043,0.166016,0.695165,-1.33233e-09,0.558858,1,0
4.4043,0.185547,0.676307,-1.35423e-09,0.558858,1,0
4.38477,0.205078,0.655146,-1.24915e-09,0.560809,1,0
4.38477,0.224609,0.631618,-1.22167e-09,0.560809,1,0
4.4043,0.205078,0.655146,-1.34806e-09,0.558858,1,0
4.4043,0.224609,0.631618,-1.31381e-09,0.558858,1,0
4.42383,0.166016,0.695165,-1.41566e-09,0.556907,1,0
4.42383,0.185547,0.676307,-1.43528e-09,0.556907,1,0
4.44336,0.166016,0.695165,-1.47877e-09,0.554955,1,0
4.44336,0.185547,0.676307,-1.4961e-09,0.554955,1,0
4.42383,0.205078,0.655146,-1.42482e-09,0.556907,1,0
4.42383,0.224609,0.631618,-1.38472e-09,0.556907,1,0
4.44336,0.205078,0.655146,-1.48181e-09,0.554955,1,0
4.44336,0.224609,0.631618,-1.43673e-09,0.554955,1,0
4.38477,0.244141,0.605653,-1.16859e-09,0.560809,1,0
4.38477,0.263672,0.577177,-1.09153e-09,0.560809,1,0
4.4043,0.244141,0.605653,-1.25248e-09,0.558858,1,0
4.4043,0.263672,0.577177,-1.16626e-09,0.558858,1,0
4.38477,0.283203,0.546111,-9.93351e-10,0.560809,1,0
4.38477,0.302734,0.51237,-8.78117e-10,0.560809,1,0
4.4043,0.283203,0.546111,-1.05854e-09,0.558858,1,0
4.4043,0.302734,0.51237,-9.33813e-10,0.558858,1,0
4.42383,0.244141,0.605653,-1.31647e-09,0.556907,1,0
4.42383,0.263672,0.577177,-1.22275e-09,0.556907,1,0
4.44336,0.244141,0.605653,-1.36278e-09,0.554955,1,0
4.44336,0.263672,0.577177,-1.26303e-09,0.554955,1,0
4.42383,0.283203,0.546111,-1.10735e-09,0.556907,1,0
4.42383,0.302734,0.51237,-9.75119e-10,0.556907,1,0
4.44336,0.283203,0.546111,-1.14162e-09,0.554955,1,0
4.44336,0.302734,0.51237,-1.00369e-09,0.554955,1,0
4.46289,0.166016,0.695165,-1.5239e-09,0.553004,1,0
4.46289,0.185547,0.676307,-1.53896e-09,0.553004,1,0
4.48242,0.166016,0.695165,-1.55319e-09,0.551053,1,0
4.48242,0.185547,0.676307,-1.56601e-09,0.551053,1,0
4.46289,0.205078,0.655146,-1.52128e-09,0.553004,1,0
4.46289,0.224609,0.631618,-1.47202e-09,0.553004,1,0
4.48242,0.205078,0.655146,-1.54535e-09,0.551053,1,0
4.48242,0.224609,0.631618,-1.49266e-09,0.551053,1,0
4.50195,0.166016,0.695165,-1.56862e-09,0.549101,1,0
4.50195,0.185547,0.676307,-1.57928e-09,0.549101,1,0
4.52148,0.166016,0.695165,-1.57206e-09,0.54715,1,0
4.52148,0.185547,0.676307,-1.58063e-09,0.54715,1,0
4.50195,0.205078,0.655146,-1.55602e-09,0.549101,1,0
4.50195,0.224609,0.631618,-1.50055e-09,0.549101,1,0
4.52148,0.205078,0.655146,-1.55513e-09,0.54715,1,0
4.52148,0.224609,0.631618,-1.49749e-09,0.54715,1,0
4.46289,0.244141,0.605653,-1.39348e-09,0.553004,1,0
4.46289,0.263672,0.577177,-1.28903e-09,0.553004,1,0
4.48242,0.244141,0.605653,-1.41051e-09,0.551053,1,0
4.48242,0.263672,0.577177,-1.30257e-09,0.551053,1,0
4.46289,0.283203,0.546111,-1.16312e-09,0.553004,1,0
4.46289,0.302734,0.51237,-1.02107e-09,0.553004,1,0
4.48242,0.283203,0.546111,-1.17348e-09,0.551053,1,0
4.48242,0.302734,0.51237,-1.02873e-09,0.551053,1,0
4.50195,0.244141,0.605653,-1.41569e-09,0.549101,1,0
4.50195,0.263672,0.577177,-1.30531e-09,0.549101,1,0
4.52148,0.244141,0.605653,-1.41072e-09,0.54715,1,0
4.52148,0.263672,0.577177,-1.29884e-09,0.54715,1,0
4.50195,0.283203,0.546111,-1.17422e-09,0.549101,1,0
4.50195,0.302734,0.51237,-1.028e-09,0.549101,1,0
4.52148,0.283203,0.546111,-1.16677e-09,0.54715,1,0
4.52148,0.302734,0.51237,-1.02014e-09,0.54715,1,0
4.54102,0.00976562,0.768797,-2.54539e-10,0.545198,1,0
4.54102,0.0292969,0.766791,-6.1917e-10,0.545198,1,0
4.56055,0.00976562,0.768797,-2.53356e-10,0.543247,1,0
4.56055,0.0292969,0.766791,-6.16088e-10,0.543247,1,0
4.54102,0.0488281,0.762772,-8.27654e-10,0.545198,1,0
4.54102,0.0683594,0.756727,-1.01994e-09,0.545198,1,0
4.56055,0.0488281,0.762772,-8.23181e-10,0.543247,1,0
4.56055,0.0683594,0.756727,-1.01401e-09,0.543247,1,0
4.58008,0.00976562,0.768797,-2.51201e-10,0.541296,1,0
4.58008,0.0292969,0.766791,-6.10479e-10,0.541296,1,0
4.59961,0.00976562,0.768797,-2.48238e-10,0.539344,1,0
4.59961,0.0292969,0.766791,-6.02778e-10,0.539344,1,0
4.58008,0.0488281,0.762772,-8.15062e-10,0.541296,1,0
4.58008,0.0683594,0.756727,-1.0034e-09,0.541296,1,0
4.59961,0.0488281,0.762772,-8.03925e-10,0.539344,1,0
4.59961,0.0683594,0.756727,-9.88913e-10,0.539344,1,0
4.54102,0.0878906,0.748635,-1.19358e-09,0.545198,1,0
4.54102,0.107422,0.738469,-1.33687e-09,0.545198,1,0
4.56055,0.0878906,0.748635,-1.18601e-09,0.543247,1,0
4.56055,0.107422,0.738469,-1.32746e-09,0.543247,1,0
4.54102,0.126953,0.726197,-1.44725e-09,0.545198,1,0
4.54102,0.146484,0.711778,-1.52368e-09,0.545198,1,0
4.56055,0.126953,0.726197,-1.43586e-09,0.543247,1,0
4.56055,0.146484,0.711778,-1.51022e-09,0.543247,1,0
4.58008,0.0878906,0.748635,-1.17283e-09,0.541296,1,0
4.58008,0.107422,0.738469,-1.31173e-09,0.541296,1,0
4.59961,0.0878906,0.748635,-1.15503e-09,0.539344,1,0
4.59961,0.107422,0.738469,-1.29078e-09,0.539344,1,0
4.58008,0.126953,0.726197,-1.41763e-09,0.541296,1,0
4.58008,0.146484,0.711778,-1.48962e-09,0.541296,1,0
4.59961,0.126953,0.726197,-1.39378e-09,0.539344,1,0
4.59961,0.146484,0.711778,-1.46318e-09,0.539344,1,0
4.61914,0.00976562,0.768797,-2.44619e-10,0.537393,1,0
4.61914,0.0292969,0.766791,-5.93378e-10,0.537393,1,0
4.63867,0.00976562,0.768797,-2.40481e-10,0.535442,1,0
4.63867,0.0292969,0.766791,-5.82634e-10,0.535442,1,0
4.61914,0.0488281,0.762772,-7.90338e-10,0.537393,1,0
4.61914,0.0683594,0.756727,-9.71281e-10,0.537393,1,0
4.63867,0.0488281,0.762772,-7.74816e-10,0.535442,1,0
4.63867,0.0683594,0.756727,-9.5117e-10,0.535442,1,0
4.6582,0.00976562,0.768797,-2.35945e-10,0.53349,1,0
4.6582,0.0292969,0.766791,-5.70861e-10,0.53349,1,0
4.67773,0.00976562,0.768797,-2.31119e-10,0.531539,1,0
4.67773,0.0292969,0.766791,-5.58342e-10,0.531539,1,0
4.6582,0.0488281,0.762772,-7.57818e-10,0.53349,1,0
4.6582,0.0683594,0.756727,-9.2917e-10,0.53349,1,0
4.67773,0.0488281,0.762772,-7.3975e-10,0.531539,1,0
4.67773,0.0683594,0.756727,-9.05807e-10,0.531539,1,0
4.61914,0.0878906,0.748635,-1.13349e-09,0.537393,1,0
4.61914,0.107422,0.738469,-1.26563e-09,0.537393,1,0
4.63867,0.0878906,0.748635,-1.109e-09,0.535442,1,0
4.63867,0.107422,0.738469,-1.23718e-09,0.535442,1,0
4.61914,0.126953,0.726197,-1.3654e-09,0.537393,1,0
4.61914,0.146484,0.711778,-1.43204e-09,0.537393,1,0
4.63867,0.126953,0.726197,-1.3335e-09,0.535442,1,0
4.63867,0.146484,0.711778,-1.39727e-09,0.535442,1,0
4.6582,0.0878906,0.748635,-1.08227e-09,0.53349,1,0
4.6582,0.107422,0.738469,-1.20623e-09,0.53349,1,0
4.67773,0.0878906,0.748635,-1.05393e-09,0.531539,1,0
4.67773,0.107422,0.738469,-1.1735e-09,0.531539,1,0
4.6582,0.126953,0.726197,-1.29894e-09,0.53349,1,0
4.6582,0.146484,0.711778,-1.35979e-09,0.53349,1,0
4.67773,0.126953,0.726197,-1.26251e-09,0.531539,1,0
4.67773,0.146484,0.711778,-1.32042e-09,0.531539,1,0
4.54102,0.166016,0.695165,-1.56522e-09,0.545198,1,0
4.54102,0.185547,0.676307,-1.5718e-09,0.545198,1,0
4.56055,0.166016,0.695165,-1.54971e-09,0.543247,1,0
4.56055,0.185547,0.676307,-1.5544e-09,0.543247,1,0
4.54102,0.205078,0.655146,-1.5444e-09,0.545198,1,0
4.54102,0.224609,0.631618,-1.48513e-09,0.545198,1,0
4.56055,0.205078,0.655146,-1.52541e-09,0.543247,1,0
4.56055,0.224609,0.631618,-1.46498e-09,0.543247,1,0
4.58008,0.166016,0.695165,-1.52698e-09,0.541296,1,0
4.58008,0.185547,0.676307,-1.52988e-09,0.541296,1,0
4.59961,0.166016,0.695165,-1.49835e-09,0.539344,1,0
4.59961,0.185547,0.676307,-1.49958e-09,0.539344,1,0
4.58008,0.205078,0.655146,-1.49958e-09,0.541296,1,0
4.58008,0.224609,0.631618,-1.43842e-09,0.541296,1,0
4.59961,0.205078,0.655146,-1.46823e-09,0.539344,1,0
4.59961,0.224609,0.631618,-1.4067e-09,0.539344,1,0
4.54102,0.244141,0.605653,-1.39714e-09,0.545198,1,0
4.54102,0.263672,0.577177,-1.28457e-09,0.545198,1,0
4.56055,0.244141,0.605653,-1.37638e-09,0.543247,1,0
4.56055,0.263672,0.577177,-1.26383e-09,0.543247,1,0
4.54102,0.283203,0.546111,-1.15241e-09,0.545198,1,0
4.54102,0.302734,0.51237,-1.00629e-09,0.545198,1,0
4.56055,0.283203,0.546111,-1.13232e-09,0.543247,1,0
4.56055,0.302734,0.51237,-9.87497e-10,0.543247,1,0
4.58008,0.244141,0.605653,-1.34974e-09,0.541296,1,0
4.58008,0.263672,0.577177,-1.2378e-09,0.541296,1,0
4.59961,0.244141,0.605653,-1.31839e-09,0.539344,1,0
4.59961,0.263672,0.577177,-1.20757e-09,0.539344,1,0
4.58008,0.283203,0.546111,-1.1076e-09,0.541296,1,0
4.58008,0.302734,0.51237,-9.64704e-10,0.541296,1,0
4.59961,0.283203,0.546111,-1.07919e-09,0.539344,1,0
4.59961,0.302734,0.51237,-9.38765e-10,0.539344,1,0
4.61914,0.166016,0.695165,-1.46502e-09,0.537393,1,0
4.61914,0.185547,0.676307,-1.4647e-09,0.537393,1,0
4.63867,0.166016,0.695165,-1.42806e-09,0.535442,1,0
4.63867,0.185547,0.676307,-1.4263e-09,0.535442,1,0
4.61914,0.205078,0.655146,-1.43252e-09,0.537393,1,0
4.61914,0.224609,0.631618,-1.37094e-09,0.537393,1,0
4.63867,0.205078,0.655146,-1.3935e-09,0.535442,1,0
4.63867,0.224609,0.631618,-1.33215e-09,0.535442,1,0
4.6582,0.166016,0.695165,-1.38842e-09,0.53349,1,0
4.6582,0.185547,0.676307,-1.38535e-09,0.53349,1,0
4.67773,0.166016,0.695165,-1.34695e-09,0.531539,1,0
4.67773,0.185547,0.676307,-1.34268e-09,0.531539,1,0
4.6582,0.205078,0.655146,-1.35211e-09,0.53349,1,0
4.6582,0.224609,0.631618,-1.29121e-09,0.53349,1,0
4.67773,0.205078,0.655146,-1.30916e-09,0.531539,1,0
4.67773,0.224609,0.631618,-1.2489e-09,0.531539,1,0
4.61914,0.244141,0.605653,-1.28338e-09,0.537393,1,0
4.61914,0.263672,0.577177,-1.17409e-09,0.537393,1,0
4.63867,0.244141,0.605653,-1.24566e-09,0.535442,1,0
4.63867,0.263672,0.577177,-1.13824e-09,0.535442,1,0
4.61914,0.283203,0.546111,-1.04798e-09,0.537393,1,0
4.61914,0.302734,0.51237,-9.10443e-10,0.537393,1,0
4.63867,0.283203,0.546111,-1.01474e-09,0.535442,1,0
4.63867,0.302734,0.51237,-8.80412e-10,0.535442,1,0
4.6582,0.244141,0.605653,-1.20605e-09,0.53349,1,0
4.6582,0.263672,0.577177,-1.10077e-09,0.53349,1,0
4.67773,0.244141,0.605653,-1.16527e-09,0.531539,1,0
4.67773,0.263672,0.577177,-1.06234e-09,0.531539,1,0
4.6582,0.283203,0.546111,-9.80128e-10,0.53349,1,0
4.6582,0.302734,0.51237,-8.49267e-10,0.53349,1,0
4.67773,0.283203,0.546111,-9.44753e-10,0.531539,1,0
4.67773,0.302734,0.51237,-8.17525e-10,0.531539,1,0
4.38477,0.322266,0.475867,-7.50949e-10,0.560809,1,0
4.38477,0.341797,0.43651,-6.17809e-10,0.560809,1,0
4.4043,0.322266,0.475867,-7.97533e-10,0.558858,1,0
4.4043,0.341797,0.43651,-6.55902e-10,0.558858,1,0
4.38477,0.361328,0.394203,-4.85258e-10,0.560809,1,0
4.38477,0.380859,0.348846,-3.59746e-10,0.560809,1,0
4.4043,0.361328,0.394203,-5.15594e-10,0.558858,1,0
4.4043,0.380859,0.348846,-3.83604e-10,0.558858,1,0
4.42383,0.322266,0.475867,-8.31787e-10,0.556907,1,0
4.42383,0.341797,0.43651,-6.83714e-10,0.556907,1,0
4.44336,0.322266,0.475867,-8.55141e-10,0.554955,1,0
4.44336,0.341797,0.43651,-7.02451e-10,0.554955,1,0
4.42383,0.361328,0.394203,-5.37674e-10,0.556907,1,0
4.42383,0.380859,0.348846,-4.0019e-10,0.556907,1,0
4.44336,0.361328,0.394203,-5.52396e-10,0.554955,1,0
4.44336,0.380859,0.348846,-4.11923e-10,0.554955,1,0
4.38477,0.400391,0.300338,-2.48532e-10,0.560809,1,0
4.38477,0.419922,0.248575,-1.52145e-10,0.560809,1,0
4.4043,0.400391,0.300338,-2.64451e-10,0.558858,1,0
4.4043,0.419922,0.248575,-1.65455e-10,0.558858,1,0
4.38477,0.439453,0.193451,-7.74802e-11,0.560809,1,0
4.38477,0.458984,0.13486,-2.85728e-11,0.560809,1,0
4.4043,0.439453,0.193451,-8.5573e-11,0.558858,1,0
4.4043,0.458984,0.13486,-3.04929e-11,0.558858,1,0
4.42383,0.400391,0.300338,-2.78386e-10,0.556907,1,0
4.42383,0.419922,0.248575,-1.72977e-10,0.556907,1,0
4.44336,0.400391,0.300338,-2.85532e-10,0.554955,1,0
4.44336,0.419922,0.248575,-1.80138e-10,0.554955,1,0
4.42383,0.439453,0.193451,-9.04801e-11,0.556907,1,0
4.42383,0.458984,0.13486,-3.50142e-11,0.556907,1,0
4.44336,0.439453,0.193451,-9.49195e-11,0.554955,1,0
4.44336,0.458984,0.13486,-3.54114e-11,0.554955,1,0
4.46289,0.322266,0.475867,-8.68939e-10,0.553004,1,0
4.46289,0.341797,0.43651,-7.1324e-10,0.553004,1,0
4.48242,0.322266,0.475867,-8.74437e-10,0.551053,1,0
4.48242,0.341797,0.43651,-7.17134e-10,0.551053,1,0
4.46289,0.361328,0.394203,-5.60754e-10,0.553004,1,0
4.46289,0.380859,0.348846,-4.17912e-10,0.553004,1,0
4.48242,0.361328,0.394203,-5.63524e-10,0.551053,1,0
4.48242,0.380859,0.348846,-4.20367e-10,0.551053,1,0
4.50195,0.322266,0.475867,-8.72799e-10,0.549101,1,0
4.50195,0.341797,0.43651,-7.1511e-10,0.549101,1,0
4.52148,0.322266,0.475867,-8.65098e-10,0.54715,1,0
4.52148,0.341797,0.43651,-7.08067e-10,0.54715,1,0
4.50195,0.361328,0.394203,-5.61576e-10,0.549101,1,0
4.50195,0.380859,0.348846,-4.1841e-10,0.549101,1,0
4.52148,0.361328,0.394203,-5.55557e-10,0.54715,1,0
4.52148,0.380859,0.348846,-4.14041e-10,0.54715,1,0
4.46289,0.400391,0.300338,-2.91559e-10,0.553004,1,0
4.46289,0.419922,0.248575,-1.8248e-10,0.553004,1,0
4.48242,0.400391,0.300338,-2.92024e-10,0.551053,1,0
4.48242,0.419922,0.248575,-1.84909e-10,0.551053,1,0
4.46289,0.439453,0.193451,-9.66942e-11,0.553004,1,0
4.46289,0.458984,0.13486,-3.82933e-11,0.553004,1,0
4.48242,0.439453,0.193451,-9.83213e-11,0.551053,1,0
4.48242,0.458984,0.13486,-3.75518e-11,0.551053,1,0
4.50195,0.400391,0.300338,-2.92091e-10,0.549101,1,0
4.50195,0.419922,0.248575,-1.83389e-10,0.549101,1,0
4.52148,0.400391,0.300338,-2.87674e-10,0.54715,1,0
4.52148,0.419922,0.248575,-1.82302e-10,0.54715,1,0
4.50195,0.439453,0.193451,-9.77456e-11,0.549101,1,0
4.50195,0.458984,0.13486,-3.91537e-11,0.549101,1,0
4.52148,0.439453,0.193451,-9.72833e-11,0.54715,1,0
4.52148,0.458984,0.13486,-3.76057e-11,0.54715,1,0
4.38477,0.478516,0.0726926,-9.81828e-12,0.560809,1,0
4.38477,0.498047,0.0068369,-3.14833e-11,0.560809,0.6,0
4.4043,0.478516,0.0726926,-1.14868e-11,0.558858,1,0
4.4043,0.498047,0.0068369,-3.16298e-11,0.558858,0.6,0
4.42383,0.478516,0.0726926,-1.14424e-11,0.556907,1,0
4.42383,0.498047,0.0068369,-3.0904e-11,0.556907,0.6,0
4.44336,0.478516,0.0726926,-1.2713e-11,0.554955,1,0
4.44336,0.498047,0.0068369,-3.11461e-11,0.554955,0.6,0
4.46289,0.478516,0.0726926,-1.24528e-11,0.553004,1,0
4.46289,0.498047,0.0068369,-3.05758e-11,0.553004,0.6,0
4.48242,0.478516,0.0726926,-1.33949e-11,0.551053,1,0
4.48242,0.498047,0.0068369,-3.0884e-11,0.551053,0.6,0
4.50195,0.478516,0.0726926,-1.29845e-11,0.549101,1,0
4.50195,0.498047,0.0068369,-3.04413e-11,0.549101,0.6,0
4.52148,0.478516,0.0726926,-1.36605e-11,0.54715,1,0
4.52148,0.498047,0.0068369,-3.07891e-11,0.54715,0.6,0
4.54102,0.322266,0.475867,-8.5232e-10,0.545198,1,0
4.54102,0.341797,0.43651,-6.9683e-10,0.545198,1,0
4.56055,0.322266,0.475867,-8.35364e-10,0.543247,1,0
4.56055,0.341797,0.43651,-6.82148e-10,0.543247,1,0
4.54102,0.361328,0.394203,-5.46214e-10,0.545198,1,0
4.54102,0.380859,0.348846,-4.06398e-10,0.545198,1,0
4.56055,0.361328,0.394203,-5.34075e-10,0.543247,1,0
4.56055,0.380859,0.348846,-3.97278e-10,0.543247,1,0
4.58008,0.322266,0.475867,-8.15043e-10,0.541296,1,0
4.58008,0.341797,0.43651,-6.64703e-10,0.541296,1,0
4.59961,0.322266,0.475867,-7.92088e-10,0.539344,1,0
4.59961,0.341797,0.43651,-6.45104e-10,0.539344,1,0
4.58008,0.361328,0.394203,-5.19769e-10,0.541296,1,0
4.58008,0.380859,0.348846,-3.85834e-10,0.541296,1,0
4.59961,0.361328,0.394203,-5.03709e-10,0.539344,1,0
4.59961,0.380859,0.348846,-3.73667e-10,0.539344,1,0
4.54102,0.400391,0.300338,-2.83437e-10,0.545198,1,0
4.54102,0.419922,0.248575,-1.78039e-10,0.545198,1,0
4.56055,0.400391,0.300338,-2.75657e-10,0.543247,1,0
4.56055,0.419922,0.248575,-1.74466e-10,0.543247,1,0
4.54102,0.439453,0.193451,-9.5023e-11,0.545198,1,0
4.54102,0.458984,0.13486,-3.82347e-11,0.545198,1,0
4.56055,0.439453,0.193451,-9.30838e-11,0.543247,1,0
4.56055,0.458984,0.13486,-3.61615e-11,0.543247,1,0
4.58008,0.400391,0.300338,-2.68502e-10,0.541296,1,0
4.58008,0.419922,0.248575,-1.68398e-10,0.541296,1,0
4.59961,0.400391,0.300338,-2.58612e-10,0.539344,1,0
4.59961,0.419922,0.248575,-1.63188e-10,0.539344,1,0
4.58008,0.439453,0.193451,-8.96983e-11,0.541296,1,0
4.58008,0.458984,0.13486,-3.6076e-11,0.541296,1,0
4.59961,0.439453,0.193451,-8.67897e-11,0.539344,1,0
4.59961,0.458984,0.13486,-3.37122e-11,0.539344,1,0
4.61914,0.322266,0.475867,-7.67152e-10,0.537393,1,0
4.61914,0.341797,0.43651,-6.23895e-10,0.537393,1,0
4.63867,0.322266,0.475867,-7.40813e-10,0.535442,1,0
4.63867,0.341797,0.43651,-6.01559e-10,0.535442,1,0
4.61914,0.361328,0.394203,-4.86415e-10,0.537393,1,0
4.61914,0.380859,0.348846,-3.59955e-10,0.537393,1,0
4.63867,0.361328,0.394203,-4.68196e-10,0.535442,1,0
4.63867,0.380859,0.348846,-3.46107e-10,0.535442,1,0
4.6582,0.322266,0.475867,-7.13579e-10,0.53349,1,0
4.6582,0.341797,0.43651,-5.78518e-10,0.53349,1,0
4.67773,0.322266,0.475867,-6.85892e-10,0.531539,1,0
4.67773,0.341797,0.43651,-5.55138e-10,0.531539,1,0
4.6582,0.361328,0.394203,-4.49471e-10,0.53349,1,0
4.6582,0.380859,0.348846,-3.31333e-10,0.53349,1,0
4.67773,0.361328,0.394203,-4.30456e-10,0.531539,1,0
4.67773,0.380859,0.348846,-3.16861e-10,0.531539,1,0
4.61914,0.400391,0.300338,-2.49663e-10,0.537393,1,0
4.61914,0.419922,0.248575,-1.56079e-10,0.537393,1,0
4.63867,0.400391,0.300338,-2.38664e-10,0.535442,1,0
4.63867,0.419922,0.248575,-1.49914e-10,0.535442,1,0
4.61914,0.439453,0.193451,-8.27355e-11,0.537393,1,0
4.61914,0.458984,0.13486,-3.3125e-11,0.537393,1,0
4.63867,0.439453,0.193451,-7.92655e-11,0.535442,1,0
4.63867,0.458984,0.13486,-3.06603e-11,0.535442,1,0
4.6582,0.400391,0.300338,-2.28808e-10,0.53349,1,0
4.6582,0.419922,0.248575,-1.42365e-10,0.53349,1,0
4.67773,0.400391,0.300338,-2.17477e-10,0.531539,1,0
4.67773,0.419922,0.248575,-1.35773e-10,0.531539,1,0
4.6582,0.439453,0.193451,-7.49036e-11,0.53349,1,0
4.6582,0.458984,0.13486,-2.97404e-11,0.53349,1,0
4.67773,0.439453,0.193451,-7.11895e-11,0.531539,1,0
4.67773,0.458984,0.13486,-2.73227e-11,0.531539,1,0
4.54102,0.478516,0.0726926,-1.31565e-11,0.545198,1,0
4.54102,0.498047,0.0068369,-3.04498e-11,0.545198,0.6,0
4.56055,0.478516,0.0726926,-1.36184e-11,0.543247,1,0
4.56055,0.498047,0.0068369,-3.08159e-11,0.543247,0.6,0
4.58008,0.478516,0.0726926,-1.30689e-11,0.541296,1,0
4.58008,0.498047,0.0068369,-3.05605e-11,0.541296,0.6,0
4.59961,0.478516,0.0726926,-1.3362e-11,0.539344,1,0
4.59961,0.498047,0.0068369,-3.0927e-11,0.539344,0.6,0
4.61914,0.478516,0.0726926,-1.28077e-11,0.537393,1,0
4.61914,0.498047,0.0068369,-3.07391e-11,0.537393,0.6,0
4.63867,0.478516,0.0726926,-1.29689e-11,0.535442,1,0
4.63867,0.498047,0.0068369,-3.10913e-11,0.535442,0.6,0
4.6582,0.478516,0.0726926,-1.24428e-11,0.53349,1,0
4.6582,0.498047,0.0068369,-3.09577e-11,0.53349,0.6,0
4.67773,0.478516,0.0726926,-1.25015e-11,0.531539,1,0
4.67773,0.498047,0.0068369,-3.12843e-11,0.531539,0.6,0
4.69727,0.00976562,0.768797,-2.26098e-10,0.529587,1,0
4.69727,0.0292969,0.766791,-5.45322e-10,0.529587,1,0
4.7168,0.00976562,0.768797,-2.20965e-10,0.527636,1,0
4.7168,0.0292969,0.766791,-5.32018e-10,0.527636,1,0
4.69727,0.0488281,0.762772,-7.20969e-10,0.529587,1,0
4.69727,0.0683594,0.756727,-8.81541e-10,0.529587,1,0
4.7168,0.0488281,0.762772,-7.01788e-10,0.527636,1,0
4.7168,0.0683594,0.756727,-8.56775e-10,0.527636,1,0
4.73633,0.00976562,0.768797,-2.15791e-10,0.525685,1,0
4.73633,0.0292969,0.766791,-5.18615e-10,0.525685,1,0
4.75586,0.00976562,0.768797,-2.10638e-10,0.523733,1,0
4.75586,0.0292969,0.766791,-5.05271e-10,0.523733,1,0
4.73633,0.0488281,0.762772,-6.82474e-10,0.525685,1,0
4.73633,0.0683594,0.756727,-8.31853e-10,0.525685,1,0
4.75586,0.0488281,0.762772,-6.63257e-10,0.523733,1,0
4.75586,0.0683594,0.756727,-8.07072e-10,0.523733,1,0
4.69727,0.0878906,0.748635,-1.02455e-09,0.529587,1,0
4.69727,0.107422,0.738469,-1.13963e-09,0.529587,1,0
4.7168,0.0878906,0.748635,-9.9459e-10,0.527636,1,0
4.7168,0.107422,0.738469,-1.10516e-09,0.527636,1,0
4.69727,0.126953,0.726197,-1.2249e-09,0.529587,1,0
4.69727,0.146484,0.711778,-1.27989e-09,0.529587,1,0
4.7168,0.126953,0.726197,-1.18669e-09,0.527636,1,0
4.7168,0.146484,0.711778,-1.23881e-09,0.527636,1,0
4.73633,0.0878906,0.748635,-9.64477e-10,0.525685,1,0
4.73633,0.107422,0.738469,-1.07055e-09,0.525685,1,0
4.75586,0.0878906,0.748635,-9.34559e-10,0.523733,1,0
4.75586,0.107422,0.738469,-1.03622e-09,0.523733,1,0
4.73633,0.126953,0.726197,-1.1484e-09,0.525685,1,0
4.73633,0.146484,0.711778,-1.19772e-09,0.525685,1,0
4.75586,0.126953,0.726197,-1.11047e-09,0.523733,1,0
4.75586,0.146484,0.711778,-1.15709e-09,0.523733,1,0
4.77539,0.00976562,0.768797,-2.05556e-10,0.521782,1,0
4.77539,0.0292969,0.766791,-4.92119e-10,0.521782,1,0
4.79492,0.00976562,0.768797,-2.00588e-10,0.519831,1,0
4.79492,0.0292969,0.766791,-4.79272e-10,0.519831,1,0
4.77539,0.0488281,0.762772,-6.44329e-10,0.521782,1,0
4.77539,0.0683594,0.756727,-7.82678e-10,0.521782,1,0
4.79492,0.0488281,0.762772,-6.25851e-10,0.519831,1,0
4.79492,0.0683594,0.756727,-7.58877e-10,0.519831,1,0
4.81445,0.00976562,0.768797,-1.9577e-10,0.517879,1,0
4.81445,0.0292969,0.766791,-4.66818e-10,0.517879,1,0
4.83398,0.00976562,0.768797,-1.9113e-10,0.515928,1,0
4.83398,0.0292969,0.766791,-4.54832e-10,0.515928,1,0
4.81445,0.0488281,0.762772,-6.07952e-10,0.517879,1,0
4.81445,0.0683594,0.756727,-7.35835e-10,0.517879,1,0
4.83398,0.0488281,0.762772,-5.90735e-10,0.515928,1,0
4.83398,0.0683594,0.756727,-7.13684e-10,0.515928,1,0
4.77539,0.0878906,0.748635,-9.05135e-10,0.521782,1,0
4.77539,0.107422,0.738469,-1.00248e-09,0.521782,1,0
4.79492,0.0878906,0.748635,-8.76447e-10,0.519831,1,0
4.79492,0.107422,0.738469,-9.69621e-10,0.519831,1,0
4.77539,0.126953,0.726197,-1.07325e-09,0.521782,1,0
4.77539,0.146484,0.711778,-1.11727e-09,0.521782,1,0
4.79492,0.126953,0.726197,-1.03704e-09,0.519831,1,0
4.79492,0.146484,0.711778,-1.07859e-09,0.519831,1,0
4.81445,0.0878906,0.748635,-8.48695e-10,0.517879,1,0
4.81445,0.107422,0.738469,-9.37862e-10,0.517879,1,0
4.83398,0.0878906,0.748635,-8.22034e-10,0.515928,1,0
4.83398,0.107422,0.738469,-9.07377e-10,0.515928,1,0
4.81445,0.126953,0.726197,-1.00207e-09,0.517879,1,0
4.81445,0.146484,0.711778,-1.04129e-09,0.517879,1,0
4.83398,0.126953,0.726197,-9.68547e-10,0.515928,1,0
4.83398,0.146484,0.711778,-1.00555e-09,0.515928,1,0
4.69727,0.166016,0.695165,-1.30439e-09,0.529587,1,0
4.69727,0.185547,0.676307,-1.29902e-09,0.529587,1,0
4.7168,0.166016,0.695165,-1.26136e-09,0.527636,1,0
4.7168,0.185547,0.676307,-1.25501e-09,0.527636,1,0
4.69727,0.205078,0.655146,-1.26536e-09,0.529587,1,0
4.69727,0.224609,0.631618,-1.2059e-09,0.529587,1,0
4.7168,0.205078,0.655146,-1.22133e-09,0.527636,1,0
4.7168,0.224609,0.631618,-1.1628e-09,0.527636,1,0
4.73633,0.166016,0.695165,-1.21842e-09,0.525685,1,0
4.73633,0.185547,0.676307,-1.21118e-09,0.525685,1,0
4.75586,0.166016,0.695165,-1.17603e-09,0.523733,1,0
4.75586,0.185547,0.676307,-1.168e-09,0.523733,1,0
4.73633,0.205078,0.655146,-1.17759e-09,0.525685,1,0
4.73633,0.224609,0.631618,-1.12008e-09,0.525685,1,0
4.75586,0.205078,0.655146,-1.13458e-09,0.523733,1,0
4.75586,0.224609,0.631618,-1.07815e-09,0.523733,1,0
4.69727,0.244141,0.605653,-1.12396e-09,0.529587,1,0
4.69727,0.263672,0.577177,-1.02353e-09,0.529587,1,0
4.7168,0.244141,0.605653,-1.08266e-09,0.527636,1,0
4.7168,0.263672,0.577177,-9.84816e-10,0.527636,1,0
4.69727,0.283203,0.546111,-9.09122e-10,0.529587,1,0
4.69727,0.302734,0.51237,-7.8563e-10,0.529587,1,0
4.7168,0.283203,0.546111,-8.7367e-10,0.527636,1,0
4.7168,0.302734,0.51237,-7.53964e-10,0.527636,1,0
4.73633,0.244141,0.605653,-1.04182e-09,0.525685,1,0
4.73633,0.263672,0.577177,-9.46622e-10,0.525685,1,0
4.75586,0.244141,0.605653,-1.00182e-09,0.523733,1,0
4.75586,0.263672,0.577177,-9.09289e-10,0.523733,1,0
4.73633,0.283203,0.546111,-8.38764e-10,0.525685,1,0
4.73633,0.302734,0.51237,-7.22842e-10,0.525685,1,0
4.75586,0.283203,0.546111,-8.04707e-10,0.523733,1,0
4.75586,0.302734,0.51237,-6.92528e-10,0.523733,1,0
4.77539,0.166016,0.695165,-1.13456e-09,0.521782,1,0
4.77539,0.185547,0.676307,-1.12583e-09,0.521782,1,0
4.79492,0.166016,0.695165,-1.09433e-09,0.519831,1,0
4.79492,0.185547,0.676307,-1.08499e-09,0.519831,1,0
4.77539,0.205078,0.655146,-1.09266e-09,0.521782,1,0
4.77539,0.224609,0.631618,-1.03736e-09,0.521782,1,0
4.79492,0.205078,0.655146,-1.05211e-09,0.519831,1,0
4.79492,0.224609,0.631618,-9.97983e-10,0.519831,1,0
4.81445,0.166016,0.695165,-1.05558e-09,0.517879,1,0
4.81445,0.185547,0.676307,-1.04571e-09,0.517879,1,0
4.83398,0.166016,0.695165,-1.01852e-09,0.515928,1,0
4.83398,0.185547,0.676307,-1.00818e-09,0.515928,1,0
4.81445,0.205078,0.655146,-1.01318e-09,0.517879,1,0
4.81445,0.224609,0.631618,-9.60224e-10,0.517879,1,0
4.83398,0.205078,0.655146,-9.76034e-10,0.515928,1,0
4.83398,0.224609,0.631618,-9.24243e-10,0.515928,1,0
4.77539,0.244141,0.605653,-9.62979e-10,0.521782,1,0
4.77539,0.263672,0.577177,-8.73097e-10,0.521782,1,0
4.79492,0.244141,0.605653,-9.25538e-10,0.519831,1,0
4.79492,0.263672,0.577177,-8.38267e-10,0.519831,1,0
4.77539,0.283203,0.546111,-7.71744e-10,0.521782,1,0
4.77539,0.302734,0.51237,-6.63231e-10,0.521782,1,0
4.79492,0.283203,0.546111,-7.40069e-10,0.519831,1,0
4.79492,0.302734,0.51237,-6.35119e-10,0.519831,1,0
4.81445,0.244141,0.605653,-8.89692e-10,0.517879,1,0
4.81445,0.263672,0.577177,-8.04968e-10,0.517879,1,0
4.83398,0.244141,0.605653,-8.55581e-10,0.515928,1,0
4.83398,0.263672,0.577177,-7.73325e-10,0.515928,1,0
4.81445,0.283203,0.546111,-7.0983e-10,0.517879,1,0
4.81445,0.302734,0.51237,-6.08315e-10,0.517879,1,0
4.83398,0.283203,0.546111,-6.81131e-10,0.515928,1,0
4.83398,0.302734,0.51237,-5.8291e-10,0.515928,1,0
4.85352,0.00976562,0.768797,-1.86689e-10,0.513976,1,0
4.85352,0.0292969,0.766791,-4.43366e-10,0.513976,1,0
4.87305,0.00976562,0.768797,-1.82463e-10,0.512025,1,0
4.87305,0.0292969,0.766791,-4.32464e-10,0.512025,1,0
4.85352,0.0488281,0.762772,-5.74279e-10,0.513976,1,0
4.85352,0.0683594,0.756727,-6.92525e-10,0.513976,1,0
4.87305,0.0488281,0.762772,-5.58643e-10,0.512025,1,0
4.87305,0.0683594,0.756727,-6.72429e-10,0.512025,1,0
4.89258,0.00976562,0.768797,-1.78463e-10,0.510074,1,0
4.89258,0.0292969,0.766791,-4.2215e-10,0.510074,1,0
4.91211,0.00976562,0.768797,-1.74694e-10,0.508122,1,0
4.91211,0.0292969,0.766791,-4.12442e-10,0.508122,1,0
4.89258,0.0488281,0.762772,-5.43863e-10,0.510074,1,0
4.89258,0.0683594,0.756727,-6.53444e-10,0.510074,1,0
4.91211,0.0488281,0.762772,-5.2996e-10,0.508122,1,0
4.91211,0.0683594,0.756727,-6.35596e-10,0.508122,1,0
4.85352,0.0878906,0.748635,-7.96582e-10,0.513976,1,0
4.85352,0.107422,0.738469,-8.78296e-10,0.513976,1,0
4.87305,0.0878906,0.748635,-7.72423e-10,0.512025,1,0
4.87305,0.107422,0.738469,-8.50714e-10,0.512025,1,0
4.85352,0.126953,0.726197,-9.36594e-10,0.513976,1,0
4.85352,0.146484,0.711778,-9.71532e-10,0.513976,1,0
4.87305,0.126953,0.726197,-9.06312e-10,0.512025,1,0
4.87305,0.146484,0.711778,-9.39321e-10,0.512025,1,0
4.89258,0.0878906,0.748635,-7.49614e-10,0.510074,1,0
4.89258,0.107422,0.738469,-8.24689e-10,0.510074,1,0
4.91211,0.0878906,0.748635,-7.28181e-10,0.508122,1,0
4.91211,0.107422,0.738469,-8.00252e-10,0.508122,1,0
4.89258,0.126953,0.726197,-8.77762e-10,0.510074,1,0
4.89258,0.146484,0.711778,-9.08979e-10,0.510074,1,0
4.91211,0.126953,0.726197,-8.50973e-10,0.508122,1,0
4.91211,0.146484,0.711778,-8.80532e-10,0.508122,1,0
4.93164,0.00976562,0.768797,-1.71159e-10,0.506171,1,0
4.93164,0.0292969,0.766791,-4.03343e-10,0.506171,1,0
4.95117,0.00976562,0.768797,-1.67857e-10,0.50422,1,0
4.95117,0.0292969,0.766791,-3.9485e-10,0.50422,1,0
4.93164,0.0488281,0.762772,-5.16942e-10,0.506171,1,0
4.93164,0.0683594,0.756727,-6.18892e-10,0.506171,1,0
4.95117,0.0488281,0.762772,-5.04801e-10,0.50422,1,0
4.95117,0.0683594,0.756727,-6.03321e-10,0.50422,1,0
4.9707,0.00976562,0.768797,-1.64783e-10,0.502268,1,0
4.9707,0.0292969,0.766791,-3.8695e-10,0.502268,1,0
4.99023,0.00976562,0.768797,-1.6193e-10,0.500317,1,0
4.99023,0.0292969,0.766791,-3.79626e-10,0.500317,1,0
4.9707,0.0488281,0.762772,-4.9352e-10,0.502268,1,0
4.9707,0.0683594,0.756727,-5.88862e-10,0.502268,1,0
4.99023,0.0488281,0.762772,-4.83072e-10,0.500317,1,0
4.99023,0.0683594,0.756727,-5.75479e-10,0.500317,1,0
4.93164,0.0878906,0.748635,-7.08133e-10,0.506171,1,0
4.93164,0.107422,0.738469,-7.77405e-10,0.506171,1,0
4.95117,0.0878906,0.748635,-6.89455e-10,0.50422,1,0
4.95117,0.107422,0.738469,-7.56133e-10,0.50422,1,0
4.93164,0.126953,0.726197,-8.25946e-10,0.506171,1,0
4.93164,0.146484,0.711778,-8.53976e-10,0.506171,1,0
4.95117,0.126953,0.726197,-8.02657e-10,0.50422,1,0
4.95117,0.146484,0.711778,-8.29283e-10,0.50422,1,0
4.9707,0.0878906,0.748635,-6.72118e-10,0.502268,1,0
4.9707,0.107422,0.738469,-7.36399e-10,0.502268,1,0
4.99023,0.0878906,0.748635,-6.5608e-10,0.500317,1,0
4.99023,0.107422,0.738469,-7.18152e-10,0.500317,1,0
4.9707,0.126953,0.726197,-7.81066e-10,0.502268,1,0
4.9707,0.146484,0.711778,-8.06406e-10,0.502268,1,0
4.99023,0.126953,0.726197,-7.61115e-10,0.500317,1,0
4.99023,0.146484,0.711778,-7.8528e-10,0.500317,1,0
4.85352,0.166016,0.695165,-9.83263e-10,0.513976,1,0
4.85352,0.185547,0.676307,-9.72531e-10,0.513976,1,0
4.87305,0.166016,0.695165,-9.4992e-10,0.512025,1,0
4.87305,0.185547,0.676307,-9.38851e-10,0.512025,1,0
4.85352,0.205078,0.655146,-9.40791e-10,0.513976,1,0
4.85352,0.224609,0.631618,-8.90152e-10,0.513976,1,0
4.87305,0.205078,0.655146,-9.07534e-10,0.512025,1,0
4.87305,0.224609,0.631618,-8.5802e-10,0.512025,1,0
4.89258,0.166016,0.695165,-9.18542e-10,0.510074,1,0
4.89258,0.185547,0.676307,-9.07187e-10,0.510074,1,0
4.91211,0.166016,0.695165,-8.8915e-10,0.508122,1,0
4.91211,0.185547,0.676307,-8.77557e-10,0.508122,1,0
4.89258,0.205078,0.655146,-8.76302e-10,0.510074,1,0
4.89258,0.224609,0.631618,-8.27879e-10,0.510074,1,0
4.91211,0.205078,0.655146,-8.47106e-10,0.508122,1,0
4.91211,0.224609,0.631618,-7.99732e-10,0.508122,1,0
4.85352,0.244141,0.605653,-8.23303e-10,0.513976,1,0
4.85352,0.263672,0.577177,-7.4342e-10,0.513976,1,0
4.87305,0.244141,0.605653,-7.92917e-10,0.512025,1,0
4.87305,0.263672,0.577177,-7.15302e-10,0.512025,1,0
4.85352,0.283203,0.546111,-6.54043e-10,0.513976,1,0
4.85352,0.302734,0.51237,-5.58958e-10,0.513976,1,0
4.87305,0.283203,0.546111,-6.28604e-10,0.512025,1,0
4.87305,0.302734,0.51237,-5.36491e-10,0.512025,1,0
4.89258,0.244141,0.605653,-7.64447e-10,0.510074,1,0
4.89258,0.263672,0.577177,-6.88987e-10,0.510074,1,0
4.91211,0.244141,0.605653,-7.3789e-10,0.508122,1,0
4.91211,0.263672,0.577177,-6.64467e-10,0.508122,1,0
4.89258,0.283203,0.546111,-6.04823e-10,0.510074,1,0
4.89258,0.302734,0.51237,-5.15511e-10,0.510074,1,0
4.91211,0.283203,0.546111,-5.82689e-10,0.508122,1,0
4.91211,0.302734,0.51237,-4.96007e-10,0.508122,1,0
4.93164,0.166016,0.695165,-8.61735e-10,0.506171,1,0
4.93164,0.185547,0.676307,-8.49944e-10,0.506171,1,0
4.95117,0.166016,0.695165,-8.36264e-10,0.50422,1,0
4.95117,0.185547,0.676307,-8.24313e-10,0.50422,1,0
4.93164,0.205078,0.655146,-8.19925e-10,0.506171,1,0
4.93164,0.224609,0.631618,-7.73555e-10,0.506171,1,0
4.95117,0.205078,0.655146,-7.94717e-10,0.50422,1,0
4.95117,0.224609,0.631618,-7.49302e-10,0.50422,1,0
4.9707,0.166016,0.695165,-8.12684e-10,0.502268,1,0
4.9707,0.185547,0.676307,-8.00604e-10,0.502268,1,0
4.99023,0.166016,0.695165,-7.90925e-10,0.500317,1,0
4.99023,0.185547,0.676307,-7.78743e-10,0.500317,1,0
4.9707,0.205078,0.655146,-7.7142e-10,0.502268,1,0
4.9707,0.224609,0.631618,-7.26909e-10,0.502268,1,0
4.99023,0.205078,0.655146,-7.49958e-10,0.500317,1,0
4.99023,0.224609,0.631618,-7.06298e-10,0.500317,1,0
4.93164,0.244141,0.605653,-7.13216e-10,0.506171,1,0
4.93164,0.263672,0.577177,-6.41711e-10,0.506171,1,0
4.95117,0.244141,0.605653,-6.9038e-10,0.50422,1,0
4.95117,0.263672,0.577177,-6.20671e-10,0.50422,1,0
4.93164,0.283203,0.546111,-5.62169e-10,0.506171,1,0
4.93164,0.302734,0.51237,-4.77945e-10,0.506171,1,0
4.95117,0.283203,0.546111,-5.43218e-10,0.50422,1,0
4.95117,0.302734,0.51237,-4.61282e-10,0.50422,1,0
4.9707,0.244141,0.605653,-6.69315e-10,0.502268,1,0
4.9707,0.263672,0.577177,-6.01284e-10,0.502268,1,0
4.99023,0.244141,0.605653,-6.49946e-10,0.500317,1,0
4.99023,0.263672,0.577177,-5.83476e-10,0.500317,1,0
4.9707,0.283203,0.546111,-5.25774e-10,0.502268,1,0
4.9707,0.302734,0.51237,-4.45962e-10,0.502268,1,0
4.99023,0.283203,0.546111,-5.09768e-10,0.500317,1,0
4.99023,0.302734,0.51237,-4.31922e-10,0.500317,1,0
4.69727,0.322266,0.475867,-6.5813e-10,0.529587,1,0
4.69727,0.341797,0.43651,-5.31735e-10,0.529587,1,0
4.7168,0.322266,0.475867,-6.30615e-10,0.527636,1,0
4.7168,0.341797,0.43651,-5.08574e-10,0.527636,1,0
4.69727,0.361328,0.394203,-4.11484e-10,0.529587,1,0
4.69727,0.380859,0.348846,-3.01943e-10,0.529587,1,0
4.7168,0.361328,0.394203,-3.92691e-10,0.527636,1,0
4.7168,0.380859,0.348846,-2.87634e-10,0.527636,1,0
4.73633,0.322266,0.475867,-6.03618e-10,0.525685,1,0
4.73633,0.341797,0.43651,-4.85879e-10,0.525685,1,0
4.75586,0.322266,0.475867,-5.77359e-10,0.523733,1,0
4.75586,0.341797,0.43651,-4.63831e-10,0.523733,1,0
4.73633,0.361328,0.394203,-3.74333e-10,0.525685,1,0
4.73633,0.380859,0.348846,-2.73237e-10,0.525685,1,0
4.75586,0.361328,0.394203,-3.56476e-10,0.523733,1,0
4.75586,0.380859,0.348846,-2.59644e-10,0.523733,1,0
4.69727,0.400391,0.300338,-2.07389e-10,0.529587,1,0
4.69727,0.419922,0.248575,-1.28243e-10,0.529587,1,0
4.7168,0.400391,0.300338,-1.96305e-10,0.527636,1,0
4.7168,0.419922,0.248575,-1.21619e-10,0.527636,1,0
4.69727,0.439453,0.193451,-6.67958e-11,0.529587,1,0
4.69727,0.458984,0.13486,-2.61996e-11,0.529587,1,0
4.7168,0.439453,0.193451,-6.3075e-11,0.527636,1,0
4.7168,0.458984,0.13486,-2.39402e-11,0.527636,1,0
4.73633,0.400391,0.300338,-1.86473e-10,0.525685,1,0
4.73633,0.419922,0.248575,-1.14443e-10,0.525685,1,0
4.75586,0.400391,0.300338,-1.76041e-10,0.523733,1,0
4.75586,0.419922,0.248575,-1.08063e-10,0.523733,1,0
4.73633,0.439453,0.193451,-5.88507e-11,0.525685,1,0
4.73633,0.458984,0.13486,-2.2709e-11,0.525685,1,0
4.75586,0.439453,0.193451,-5.52922e-11,0.523733,1,0
4.75586,0.458984,0.13486,-2.06888e-11,0.523733,1,0
4.77539,0.322266,0.475867,-5.52017e-10,0.521782,1,0
4.77539,0.341797,0.43651,-4.42577e-10,0.521782,1,0
4.79492,0.322266,0.475867,-5.27729e-10,0.519831,1,0
4.79492,0.341797,0.43651,-4.22231e-10,0.519831,1,0
4.77539,0.361328,0.394203,-3.39317e-10,0.521782,1,0
4.77539,0.380859,0.348846,-2.46218e-10,0.521782,1,0
4.79492,0.361328,0.394203,-3.22867e-10,0.519831,1,0
4.79492,0.380859,0.348846,-2.33701e-10,0.519831,1,0
4.81445,0.322266,0.475867,-5.046e-10,0.517879,1,0
4.81445,0.341797,0.43651,-4.02876e-10,0.517879,1,0
4.83398,0.322266,0.475867,-4.82702e-10,0.515928,1,0
4.83398,0.341797,0.43651,-3.84571e-10,0.515928,1,0
4.81445,0.361328,0.394203,-3.07274e-10,0.517879,1,0
4.81445,0.380859,0.348846,-2.2153e-10,0.517879,1,0
4.83398,0.361328,0.394203,-2.92502e-10,0.515928,1,0
4.83398,0.380859,0.348846,-2.10301e-10,0.515928,1,0
4.77539,0.400391,0.300338,-1.66795e-10,0.521782,1,0
4.77539,0.419922,0.248575,-1.01465e-10,0.521782,1,0
4.79492,0.400391,0.300338,-1.57281e-10,0.519831,1,0
4.79492,0.419922,0.248575,-9.55124e-11,0.519831,1,0
4.77539,0.439453,0.193451,-5.13765e-11,0.521782,1,0
4.77539,0.458984,0.13486,-1.94187e-11,0.521782,1,0
4.79492,0.439453,0.193451,-4.80911e-11,0.519831,1,0
4.79492,0.458984,0.13486,-1.76905e-11,0.519831,1,0
4.81445,0.400391,0.300338,-1.48831e-10,0.517879,1,0
4.81445,0.419922,0.248575,-8.96369e-11,0.517879,1,0
4.83398,0.400391,0.300338,-1.40389e-10,0.515928,1,0
4.83398,0.419922,0.248575,-8.42173e-11,0.515928,1,0
4.81445,0.439453,0.193451,-4.45689e-11,0.517879,1,0
4.81445,0.458984,0.13486,-1.642e-11,0.517879,1,0
4.83398,0.439453,0.193451,-4.16208e-11,0.515928,1,0
4.83398,0.458984,0.13486,-1.50141e-11,0.515928,1,0
4.69727,0.478516,0.0726926,-1.2029e-11,0.529587,1,0
4.69727,0.498047,0.0068369,-3.11952e-11,0.529587,0.6,0
4.7168,0.478516,0.0726926,-1.20076e-11,0.527636,1,0
4.7168,0.498047,0.00683689,-3.14875e-11,0.527636,0.6,0
4.73633,0.478516,0.0726926,-1.16079e-11,0.525685,1,0
4.73633,0.498047,0.00683689,-3.14353e-11,0.525685,0.6,0
4.75586,0.478516,0.0726926,-1.15242e-11,0.523733,1,0
4.75586,0.498047,0.00683689,-3.16872e-11,0.523733,0.6,0
4.77539,0.478516,0.0726926,-1.12132e-11,0.521782,1,0
4.77539,0.498047,0.00683689,-3.16674e-11,0.521782,0.6,0
4.79492,0.478516,0.0726926,-1.10784e-11,0.519831,1,0
4.79492,0.498047,0.00683689,-3.18753e-11,0.519831,0.6,0
4.81445,0.478516,0.0726926,-1.08631e-11,0.517879,1,0
4.81445,0.498047,0.00683689,-3.18843e-11,0.517879,0.6,0
4.83398,0.478516,0.0726926,-1.06839e-11,0.515928,1,0
4.83398,0.498047,0.00683689,-3.20458e-11,0.515928,0.6,0
4.85352,0.322266,0.475867,-4.62082e-10,0.513976,1,0
4.85352,0.341797,0.43651,-3.67353e-10,0.513976,1,0
4.87305,0.322266,0.475867,-4.4276e-10,0.512025,1,0
4.87305,0.341797,0.43651,-3.51236e-10,0.512025,1,0
4.85352,0.361328,0.394203,-2.78659e-10,0.513976,1,0
4.85352,0.380859,0.348846,-1.99526e-10,0.513976,1,0
4.87305,0.361328,0.394203,-2.65678e-10,0.512025,1,0
4.87305,0.380859,0.348846,-1.89668e-10,0.512025,1,0
4.89258,0.322266,0.475867,-4.24739e-10,0.510074,1,0
4.89258,0.341797,0.43651,-3.36221e-10,0.510074,1,0
4.91211,0.322266,0.475867,-4.08003e-10,0.508122,1,0
4.91211,0.341797,0.43651,-3.22293e-10,0.508122,1,0
4.89258,0.361328,0.394203,-2.53636e-10,0.510074,1,0
4.89258,0.380859,0.348846,-1.80326e-10,0.510074,1,0
4.91211,0.361328,0.394203,-2.42439e-10,0.508122,1,0
4.91211,0.380859,0.348846,-1.71832e-10,0.508122,1,0
4.85352,0.400391,0.300338,-1.32841e-10,0.513976,1,0
4.85352,0.419922,0.248575,-7.9136e-11,0.513976,1,0
4.87305,0.400391,0.300338,-1.25532e-10,0.512025,1,0
4.87305,0.419922,0.248575,-7.42928e-11,0.512025,1,0
4.85352,0.439453,0.193451,-3.85377e-11,0.513976,1,0
4.85352,0.458984,0.13486,-1.37668e-11,0.513976,1,0
4.87305,0.439453,0.193451,-3.59551e-11,0.512025,1,0
4.87305,0.458984,0.13486,-1.26983e-11,0.512025,1,0
4.89258,0.400391,0.300338,-1.18911e-10,0.510074,1,0
4.89258,0.419922,0.248575,-7.00241e-11,0.510074,1,0
4.91211,0.400391,0.300338,-1.12731e-10,0.508122,1,0
4.91211,0.419922,0.248575,-6.57561e-11,0.508122,1,0
4.89258,0.439453,0.193451,-3.33241e-11,0.510074,1,0
4.89258,0.458984,0.13486,-1.14823e-11,0.510074,1,0
4.91211,0.439453,0.193451,-3.1109e-11,0.508122,1,0
4.91211,0.458984,0.13486,-1.07541e-11,0.508122,1,0
4.93164,0.322266,0.475867,-3.92523e-10,0.506171,1,0
4.93164,0.341797,0.43651,-3.09424e-10,0.506171,1,0
4.95117,0.322266,0.475867,-3.78258e-10,0.50422,1,0
4.95117,0.341797,0.43651,-2.97581e-10,0.50422,1,0
4.93164,0.361328,0.394203,-2.32146e-10,0.506171,1,0
4.93164,0.380859,0.348846,-1.6388e-10,0.506171,1,0
4.95117,0.361328,0.394203,-2.22648e-10,0.50422,1,0
4.95117,0.380859,0.348846,-1.56683e-10,0.50422,1,0
4.9707,0.322266,0.475867,-3.65159e-10,0.502268,1,0
4.9707,0.341797,0.43651,-2.8672e-10,0.502268,1,0
4.99023,0.322266,0.475867,-3.53169e-10,0.500317,1,0
4.99023,0.341797,0.43651,-2.76794e-10,0.500317,1,0
4.9707,0.361328,0.394203,-2.13989e-10,0.502268,1,0
4.9707,0.380859,0.348846,-1.50031e-10,0.502268,1,0
4.99023,0.361328,0.394203,-2.0605e-10,0.500317,1,0
4.99023,0.380859,0.348846,-1.44023e-10,0.500317,1,0
4.93164,0.400391,0.300338,-1.07005e-10,0.506171,1,0
4.93164,0.419922,0.248575,-6.22818e-11,0.506171,1,0
4.95117,0.400391,0.300338,-1.01904e-10,0.50422,1,0
4.95117,0.419922,0.248575,-5.85557e-11,0.50422,1,0
4.93164,0.439453,0.193451,-2.89217e-11,0.506171,1,0
4.93164,0.458984,0.13486,-9.56728e-12,0.506171,1,0
4.95117,0.439453,0.193451,-2.70548e-11,0.50422,1,0
4.95117,0.458984,0.13486,-9.17117e-12,0.50422,1,0
4.9707,0.400391,0.300338,-9.7009e-11,0.502268,1,0
4.9707,0.419922,0.248575,-5.58313e-11,0.502268,1,0
4.99023,0.400391,0.300338,-9.29077e-11,0.500317,1,0
4.99023,0.419922,0.248575,-5.25944e-11,0.500317,1,0
4.9707,0.439453,0.193451,-2.52848e-11,0.502268,1,0
4.9707,0.458984,0.13486,-8.00199e-12,0.502268,1,0
4.99023,0.439453,0.193451,-2.37359e-11,0.500317,1,0
4.99023,0.458984,0.13486,-7.92508e-12,0.500317,1,0
4.85352,0.478516,0.0726926,-1.05705e-11,0.513976,1,0
4.85352,0.498047,0.00683689,-3.20822e-11,0.513976,0.6,0
4.87305,0.478516,0.0726926,-1.03513e-11,0.512025,1,0
4.87305,0.498047,0.00683689,-3.21963e-11,0.512025,0.6,0
4.89258,0.478516,0.0726926,-1.03427e-11,0.510074,1,0
4.89258,0.498047,0.00683689,-3.22595e-11,0.510074,0.6,0
4.91211,0.478516,0.0726926,-1.00856e-11,0.508122,1,0
4.91211,0.498047,0.00683689,-3.23262e-11,0.508122,0.6,0
4.93164,0.478516,0.0726926,-1.01826e-11,0.506171,1,0
4.93164,0.498047,0.00683689,-3.24166e-11,0.506171,0.6,0
4.95117,0.478516,0.0726926,-9.88683e-12,0.50422,1,0
4.95117,0.498047,0.00683689,-3.24363e-11,0.50422,0.6,0
4.9707,0.478516,0.0726926,-1.00878e-11,0.502268,1,0
4.9707,0.498047,0.00683689,-3.25547e-11,0.502268,0.6,0
4.99023,0.478516,0.0726926,-9.7516e-12,0.500317,1,0
4.99023,0.498047,0.00683689,-3.2529e-11,0.500317,0.6,0
5.00977,0.00976562,0.768797,-1.5929e-10,0.498365,1,0
5.00977,0.0292969,0.766791,-3.72854e-10,0.498365,1,0
5.0293,0.00976562,0.768797,-1.56852e-10,0.496414,1,0
5.0293,0.0292969,0.766791,-3.66608e-10,0.496414,1,0
5.00977,0.0488281,0.762772,-4.73423e-10,0.498365,1,0
5.00977,0.0683594,0.756727,-5.63128e-10,0.498365,1,0
5.0293,0.0488281,0.762772,-4.64534e-10,0.496414,1,0
5.0293,0.0683594,0.756727,-5.51758e-10,0.496414,1,0
5.04883,0.00976562,0.768797,-1.54604e-10,0.494463,1,0
5.04883,0.0292969,0.766791,-3.60858e-10,0.494463,1,0
5.06836,0.00976562,0.768797,-1.52536e-10,0.492511,1,0
5.06836,0.0292969,0.766791,-3.55572e-10,0.492511,1,0
5.04883,0.0488281,0.762772,-4.56362e-10,0.494463,1,0
5.04883,0.0683594,0.756727,-5.41314e-10,0.494463,1,0
5.06836,0.0488281,0.762772,-4.48863e-10,0.492511,1,0
5.06836,0.0683594,0.756727,-5.31739e-10,0.492511,1,0
5.00977,0.0878906,0.748635,-6.41286e-10,0.498365,1,0
5.00977,0.107422,0.738469,-7.01331e-10,0.498365,1,0
5.0293,0.0878906,0.748635,-6.27676e-10,0.496414,1,0
5.0293,0.107422,0.738469,-6.85865e-10,0.496414,1,0
5.00977,0.126953,0.726197,-7.42734e-10,0.498365,1,0
5.00977,0.146484,0.711778,-7.65829e-10,0.498365,1,0
5.0293,0.126953,0.726197,-7.25842e-10,0.496414,1,0
5.0293,0.146484,0.711778,-7.47967e-10,0.496414,1,0
5.04883,0.0878906,0.748635,-6.15182e-10,0.494463,1,0
5.04883,0.107422,0.738469,-6.71675e-10,0.494463,1,0
5.06836,0.0878906,0.748635,-6.03734e-10,0.492511,1,0
5.06836,0.107422,0.738469,-6.58681e-10,0.492511,1,0
5.04883,0.126953,0.726197,-7.10355e-10,0.494463,1,0
5.04883,0.146484,0.711778,-7.31599e-10,0.494463,1,0
5.06836,0.126953,0.726197,-6.96181e-10,0.492511,1,0
5.06836,0.146484,0.711778,-7.16629e-10,0.492511,1,0
5.08789,0.00976562,0.768797,-1.50634e-10,0.49056,1,0
5.08789,0.0292969,0.766791,-3.50719e-10,0.49056,1,0
5.10742,0.00976562,0.768797,-1.48887e-10,0.488609,1,0
5.10742,0.0292969,0.766791,-3.46268e-10,0.488609,1,0
5.08789,0.0488281,0.762772,-4.41989e-10,0.49056,1,0
5.08789,0.0683594,0.756727,-5.22971e-10,0.49056,1,0
5.10742,0.0488281,0.762772,-4.35695e-10,0.488609,1,0
5.10742,0.0683594,0.756727,-5.14951e-10,0.488609,1,0
5.12695,0.00976562,0.768797,-1.47283e-10,0.486657,1,0
5.12695,0.0292969,0.766791,-3.42188e-10,0.486657,1,0
5.14648,0.00976562,0.768797,-1.45811e-10,0.484706,1,0
5.14648,0.0292969,0.766791,-3.38449e-10,0.484706,1,0
5.12695,0.0488281,0.762772,-4.29936e-10,0.486657,1,0
5.12695,0.0683594,0.756727,-5.07621e-10,0.486657,1,0
5.14648,0.0488281,0.762772,-4.24667e-10,0.484706,1,0
5.14648,0.0683594,0.756727,-5.00922e-10,0.484706,1,0
5.08789,0.0878906,0.748635,-5.93259e-10,0.49056,1,0
5.08789,0.107422,0.738469,-6.46799e-10,0.49056,1,0
5.10742,0.0878906,0.748635,-5.83685e-10,0.488609,1,0
5.10742,0.107422,0.738469,-6.35946e-10,0.488609,1,0
5.08789,0.126953,0.726197,-6.83228e-10,0.49056,1,0
5.08789,0.146484,0.711778,-7.02958e-10,0.49056,1,0
5.10742,0.126953,0.726197,-6.71405e-10,0.488609,1,0
5.10742,0.146484,0.711778,-6.90486e-10,0.488609,1,0
5.12695,0.0878906,0.748635,-5.74941e-10,0.486657,1,0
5.12695,0.107422,0.738469,-6.2604e-10,0.486657,1,0
5.14648,0.0878906,0.748635,-5.66956e-10,0.484706,1,0
5.14648,0.107422,0.738469,-6.17001e-10,0.484706,1,0
5.12695,0.126953,0.726197,-6.60619e-10,0.486657,1,0
5.12695,0.146484,0.711778,-6.79116e-10,0.486657,1,0
5.14648,0.126953,0.726197,-6.50783e-10,0.484706,1,0
5.14648,0.146484,0.711778,-6.68752e-10,0.484706,1,0
5.00977,0.166016,0.695165,-7.70906e-10,0.498365,1,0
5.00977,0.185547,0.676307,-7.58646e-10,0.498365,1,0
5.0293,0.166016,0.695165,-7.52534e-10,0.496414,1,0
5.0293,0.185547,0.676307,-7.40216e-10,0.496414,1,0
5.00977,0.205078,0.655146,-7.30244e-10,0.498365,1,0
5.00977,0.224609,0.631618,-6.87383e-10,0.498365,1,0
5.0293,0.205078,0.655146,-7.1218e-10,0.496414,1,0
5.0293,0.224609,0.631618,-6.70066e-10,0.496414,1,0
5.04883,0.166016,0.695165,-7.35711e-10,0.494463,1,0
5.04883,0.185547,0.676307,-7.23353e-10,0.494463,1,0
5.06836,0.166016,0.695165,-7.20335e-10,0.492511,1,0
5.06836,0.185547,0.676307,-7.07951e-10,0.492511,1,0
5.04883,0.205078,0.655146,-6.95665e-10,0.494463,1,0
5.04883,0.224609,0.631618,-6.54247e-10,0.494463,1,0
5.06836,0.205078,0.655146,-6.80593e-10,0.492511,1,0
5.06836,0.224609,0.631618,-6.39823e-10,0.492511,1,0
5.00977,0.244141,0.605653,-6.32187e-10,0.498365,1,0
5.00977,0.263672,0.577177,-5.67165e-10,0.498365,1,0
5.0293,0.244141,0.605653,-6.15945e-10,0.496414,1,0
5.0293,0.263672,0.577177,-5.52262e-10,0.496414,1,0
5.00977,0.283203,0.546111,-4.95124e-10,0.498365,1,0
5.00977,0.302734,0.51237,-4.19091e-10,0.498365,1,0
5.0293,0.283203,0.546111,-4.81759e-10,0.496414,1,0
5.0293,0.302734,0.51237,-4.07397e-10,0.496414,1,0
5.04883,0.244141,0.605653,-6.01121e-10,0.494463,1,0
5.04883,0.263672,0.577177,-5.38675e-10,0.494463,1,0
5.06836,0.244141,0.605653,-5.87617e-10,0.492511,1,0
5.06836,0.263672,0.577177,-5.2631e-10,0.492511,1,0
5.04883,0.283203,0.546111,-4.69589e-10,0.494463,1,0
5.04883,0.302734,0.51237,-3.96762e-10,0.494463,1,0
5.06836,0.283203,0.546111,-4.58528e-10,0.492511,1,0
5.06836,0.302734,0.51237,-3.8711e-10,0.492511,1,0
5.08789,0.166016,0.695165,-7.06303e-10,0.49056,1,0
5.08789,0.185547,0.676307,-6.93905e-10,0.49056,1,0
5.10742,0.166016,0.695165,-6.93509e-10,0.488609,1,0
5.10742,0.185547,0.676307,-6.81107e-10,0.488609,1,0
5.08789,0.205078,0.655146,-6.66857e-10,0.49056,1,0
5.08789,0.224609,0.631618,-6.26689e-10,0.49056,1,0
5.10742,0.205078,0.655146,-6.54352e-10,0.488609,1,0
5.10742,0.224609,0.631618,-6.14742e-10,0.488609,1,0
5.12695,0.166016,0.695165,-6.81853e-10,0.486657,1,0
5.12695,0.185547,0.676307,-6.69455e-10,0.486657,1,0
5.14648,0.166016,0.695165,-6.71234e-10,0.484706,1,0
5.14648,0.185547,0.676307,-6.58846e-10,0.484706,1,0
5.12695,0.205078,0.655146,-6.42974e-10,0.486657,1,0
5.12695,0.224609,0.631618,-6.0388e-10,0.486657,1,0
5.14648,0.205078,0.655146,-6.32622e-10,0.484706,1,0
5.14648,0.224609,0.631618,-5.94004e-10,0.484706,1,0
5.08789,0.244141,0.605653,-5.75333e-10,0.49056,1,0
5.08789,0.263672,0.577177,-5.15074e-10,0.49056,1,0
5.10742,0.244141,0.605653,-5.64169e-10,0.488609,1,0
5.10742,0.263672,0.577177,-5.04874e-10,0.488609,1,0
5.08789,0.283203,0.546111,-4.48488e-10,0.49056,1,0
5.08789,0.302734,0.51237,-3.78362e-10,0.49056,1,0
5.10742,0.283203,0.546111,-4.39385e-10,0.488609,1,0
5.10742,0.302734,0.51237,-3.70443e-10,0.488609,1,0
5.12695,0.244141,0.605653,-5.54028e-10,0.486657,1,0
5.12695,0.263672,0.577177,-4.95619e-10,0.486657,1,0
5.14648,0.244141,0.605653,-5.44816e-10,0.484706,1,0
5.14648,0.263672,0.577177,-4.87221e-10,0.484706,1,0
5.12695,0.283203,0.546111,-4.31137e-10,0.486657,1,0
5.12695,0.302734,0.51237,-3.63278e-10,0.486657,1,0
5.14648,0.283203,0.546111,-4.23662e-10,0.484706,1,0
5.14648,0.302734,0.51237,-3.56797e-10,0.484706,1,0
5.16602,0.00976562,0.768797,-1.4446e-10,0.482754,1,0
5.16602,0.0292969,0.766791,-3.35022e-10,0.482754,1,0
5.18555,0.00976562,0.768797,-1.4322e-10,0.480803,1,0
5.18555,0.0292969,0.766791,-3.31881e-10,0.480803,1,0
5.16602,0.0488281,0.762772,-4.19848e-10,0.482754,1,0
5.16602,0.0683594,0.756727,-4.94801e-10,0.482754,1,0
5.18555,0.0488281,0.762772,-4.15438e-10,0.480803,1,0
5.18555,0.0683594,0.756727,-4.89205e-10,0.480803,1,0
5.20508,0.00976562,0.768797,-1.4208e-10,0.478852,1,0
5.20508,0.0292969,0.766791,-3.28998e-10,0.478852,1,0
5.22461,0.00976562,0.768797,-1.41032e-10,0.4769,1,0
5.22461,0.0292969,0.766791,-3.26351e-10,0.4769,1,0
5.20508,0.0488281,0.762772,-4.11398e-10,0.478852,1,0
5.20508,0.0683594,0.756727,-4.84084e-10,0.478852,1,0
5.22461,0.0488281,0.762772,-4.07693e-10,0.4769,1,0
5.22461,0.0683594,0.756727,-4.7939e-10,0.4769,1,0
5.16602,0.0878906,0.748635,-5.59664e-10,0.482754,1,0
5.16602,0.107422,0.738469,-6.0875e-10,0.482754,1,0
5.18555,0.0878906,0.748635,-5.53002e-10,0.480803,1,0
5.18555,0.107422,0.738469,-6.01215e-10,0.480803,1,0
5.16602,0.126953,0.726197,-6.4181e-10,0.482754,1,0
5.16602,0.146484,0.711778,-6.59303e-10,0.482754,1,0
5.18555,0.126953,0.726197,-6.33619e-10,0.480803,1,0
5.18555,0.146484,0.711778,-6.5068e-10,0.480803,1,0
5.20508,0.0878906,0.748635,-5.46908e-10,0.478852,1,0
5.20508,0.107422,0.738469,-5.94326e-10,0.478852,1,0
5.22461,0.0878906,0.748635,-5.41324e-10,0.4769,1,0
5.22461,0.107422,0.738469,-5.88016e-10,0.4769,1,0
5.20508,0.126953,0.726197,-6.26132e-10,0.478852,1,0
5.20508,0.146484,0.711778,-6.42801e-10,0.478852,1,0
5.22461,0.126953,0.726197,-6.19275e-10,0.4769,1,0
5.22461,0.146484,0.711778,-6.35587e-10,0.4769,1,0
5.24414,0.00976562,0.768797,-1.40066e-10,0.474949,1,0
5.24414,0.0292969,0.766791,-3.23915e-10,0.474949,1,0
5.26367,0.00976562,0.768797,-1.39174e-10,0.472998,1,0
5.26367,0.0292969,0.766791,-3.21668e-10,0.472998,1,0
5.24414,0.0488281,0.762772,-4.04289e-10,0.474949,1,0
5.24414,0.0683594,0.756727,-4.7508e-10,0.474949,1,0
5.26367,0.0488281,0.762772,-4.01152e-10,0.472998,1,0
5.26367,0.0683594,0.756727,-4.7111e-10,0.472998,1,0
5.2832,0.00976562,0.768797,-1.38349e-10,0.471046,1,0
5.2832,0.0292969,0.766791,-3.19589e-10,0.471046,1,0
5.30273,0.00976562,0.768797,-1.37581e-10,0.469095,1,0
5.30273,0.0292969,0.766791,-3.17657e-10,0.469095,1,0
5.2832,0.0488281,0.762772,-3.98253e-10,0.471046,1,0
5.2832,0.0683594,0.756727,-4.67442e-10,0.471046,1,0
5.30273,0.0488281,0.762772,-3.95561e-10,0.469095,1,0
5.30273,0.0683594,0.756727,-4.64037e-10,0.469095,1,0
5.24414,0.0878906,0.748635,-5.36198e-10,0.474949,1,0
5.24414,0.107422,0.738469,-5.82222e-10,0.474949,1,0
5.26367,0.0878906,0.748635,-5.31477e-10,0.472998,1,0
5.26367,0.107422,0.738469,-5.76887e-10,0.472998,1,0
5.24414,0.126953,0.726197,-6.12981e-10,0.474949,1,0
5.24414,0.146484,0.711778,-6.28965e-10,0.474949,1,0
5.26367,0.126953,0.726197,-6.07184e-10,0.472998,1,0
5.26367,0.146484,0.711778,-6.22866e-10,0.472998,1,0
5.2832,0.0878906,0.748635,-5.27114e-10,0.471046,1,0
5.2832,0.107422,0.738469,-5.71955e-10,0.471046,1,0
5.30273,0.0878906,0.748635,-5.23064e-10,0.469095,1,0
5.30273,0.107422,0.738469,-5.67377e-10,0.469095,1,0
5.2832,0.126953,0.726197,-6.01825e-10,0.471046,1,0
5.2832,0.146484,0.711778,-6.17227e-10,0.471046,1,0
5.30273,0.126953,0.726197,-5.96849e-10,0.469095,1,0
5.30273,0.146484,0.711778,-6.1199e-10,0.469095,1,0
5.16602,0.166016,0.695165,-6.61557e-10,0.482754,1,0
5.16602,0.185547,0.676307,-6.49183e-10,0.482754,1,0
5.18555,0.166016,0.695165,-6.52731e-10,0.480803,1,0
5.18555,0.185547,0.676307,-6.40374e-10,0.480803,1,0
5.16602,0.205078,0.655146,-6.23199e-10,0.482754,1,0
5.16602,0.224609,0.631618,-5.85022e-10,0.482754,1,0
5.18555,0.205078,0.655146,-6.14613e-10,0.480803,1,0
5.18555,0.224609,0.631618,-5.76842e-10,0.480803,1,0
5.20508,0.166016,0.695165,-6.44668e-10,0.478852,1,0
5.20508,0.185547,0.676307,-6.3233e-10,0.478852,1,0
5.22461,0.166016,0.695165,-6.37287e-10,0.4769,1,0
5.22461,0.185547,0.676307,-6.24968e-10,0.4769,1,0
5.20508,0.205078,0.655146,-6.06775e-10,0.478852,1,0
5.20508,0.224609,0.631618,-5.69379e-10,0.478852,1,0
5.22461,0.205078,0.655146,-5.99605e-10,0.4769,1,0
5.22461,0.224609,0.631618,-5.62556e-10,0.4769,1,0
5.16602,0.244141,0.605653,-5.36444e-10,0.482754,1,0
5.16602,0.263672,0.577177,-4.79597e-10,0.482754,1,0
5.18555,0.244141,0.605653,-5.28827e-10,0.480803,1,0
5.18555,0.263672,0.577177,-4.72666e-10,0.480803,1,0
5.16602,0.283203,0.546111,-4.16885e-10,0.482754,1,0
5.16602,0.302734,0.51237,-3.50931e-10,0.482754,1,0
5.18555,0.283203,0.546111,-4.10734e-10,0.480803,1,0
5.18555,0.302734,0.51237,-3.45615e-10,0.480803,1,0
5.20508,0.244141,0.605653,-5.21883e-10,0.478852,1,0
5.20508,0.263672,0.577177,-4.66355e-10,0.478852,1,0
5.22461,0.244141,0.605653,-5.15537e-10,0.4769,1,0
5.22461,0.263672,0.577177,-4.60593e-10,0.4769,1,0
5.20508,0.283203,0.546111,-4.05139e-10,0.478852,1,0
5.20508,0.302734,0.51237,-3.40789e-10,0.478852,1,0
5.22461,0.283203,0.546111,-4.00037e-10,0.4769,1,0
5.22461,0.302734,0.51237,-3.36398e-10,0.4769,1,0
5.24414,0.166016,0.695165,-6.30513e-10,0.474949,1,0
5.24414,0.185547,0.676307,-6.18211e-10,0.474949,1,0
5.26367,0.166016,0.695165,-6.24273e-10,0.472998,1,0
5.26367,0.185547,0.676307,-6.11989e-10,0.472998,1,0
5.24414,0.205078,0.655146,-5.93026e-10,0.474949,1,0
5.24414,0.224609,0.631618,-5.56297e-10,0.474949,1,0
5.26367,0.205078,0.655146,-5.86967e-10,0.472998,1,0
5.26367,0.224609,0.631618,-5.50534e-10,0.472998,1,0
5.2832,0.166016,0.695165,-6.18503e-10,0.471046,1,0
5.2832,0.185547,0.676307,-6.06234e-10,0.471046,1,0
5.30273,0.166016,0.695165,-6.13142e-10,0.469095,1,0
5.30273,0.185547,0.676307,-6.00886e-10,0.469095,1,0
5.2832,0.205078,0.655146,-5.81364e-10,0.471046,1,0
5.2832,0.224609,0.631618,-5.45206e-10,0.471046,1,0
5.30273,0.205078,0.655146,-5.76157e-10,0.469095,1,0
5.30273,0.224609,0.631618,-5.40254e-10,0.469095,1,0
5.24414,0.244141,0.605653,-5.0972e-10,0.474949,1,0
5.24414,0.263672,0.577177,-4.55315e-10,0.474949,1,0
5.26367,0.244141,0.605653,-5.04366e-10,0.472998,1,0
5.26367,0.263672,0.577177,-4.50461e-10,0.472998,1,0
5.24414,0.283203,0.546111,-3.9537e-10,0.474949,1,0
5.24414,0.302734,0.51237,-3.32387e-10,0.474949,1,0
5.26367,0.283203,0.546111,-3.91084e-10,0.472998,1,0
5.26367,0.302734,0.51237,-3.2871e-10,0.472998,1,0
5.2832,0.244141,0.605653,-4.99418e-10,0.471046,1,0
5.2832,0.263672,0.577177,-4.45978e-10,0.471046,1,0
5.30273,0.244141,0.605653,-4.94821e-10,0.469095,1,0
5.30273,0.263672,0.577177,-4.41816e-10,0.469095,1,0
5.2832,0.283203,0.546111,-3.87129e-10,0.471046,1,0
5.2832,0.302734,0.51237,-3.25323e-10,0.471046,1,0
5.30273,0.283203,0.546111,-3.83461e-10,0.469095,1,0
5.30273,0.302734,0.51237,-3.22187e-10,0.469095,1,0
5.00977,0.322266,0.475867,-3.42228e-10,0.498365,1,0
5.00977,0.341797,0.43651,-2.6775e-10,0.498365,1,0
5.0293,0.322266,0.475867,-3.3227e-10,0.496414,1,0
5.0293,0.341797,0.43651,-2.59533e-10,0.496414,1,0
5.00977,0.361328,0.394203,-1.98869e-10,0.498365,1,0
5.00977,0.380859,0.348846,-1.38548e-10,0.498365,1,0
5.0293,0.361328,0.394203,-1.9232e-10,0.496414,1,0
5.0293,0.380859,0.348846,-1.33596e-10,0.496414,1,0
5.04883,0.322266,0.475867,-3.23229e-10,0.494463,1,0
5.04883,0.341797,0.43651,-2.52086e-10,0.494463,1,0
5.06836,0.322266,0.475867,-3.15036e-10,0.492511,1,0
5.06836,0.341797,0.43651,-2.45352e-10,0.492511,1,0
5.04883,0.361328,0.394203,-1.86437e-10,0.494463,1,0
5.04883,0.380859,0.348846,-1.2916e-10,0.494463,1,0
5.06836,0.361328,0.394203,-1.81093e-10,0.492511,1,0
5.06836,0.380859,0.348846,-1.25119e-10,0.492511,1,0
5.00977,0.400391,0.300338,-8.87537e-11,0.498365,1,0
5.00977,0.419922,0.248575,-5.05605e-11,0.498365,1,0
5.0293,0.400391,0.300338,-8.55551e-11,0.496414,1,0
5.0293,0.419922,0.248575,-4.77478e-11,0.496414,1,0
5.00977,0.439453,0.193451,-2.23492e-11,0.498365,1,0
5.00977,0.458984,0.13486,-6.75892e-12,0.498365,1,0
5.0293,0.439453,0.193451,-2.10809e-11,0.496414,1,0
5.0293,0.458984,0.13486,-6.9849e-12,0.496414,1,0
5.04883,0.400391,0.300338,-8.20399e-11,0.494463,1,0
5.04883,0.419922,0.248575,-4.6336e-11,0.494463,1,0
5.06836,0.400391,0.300338,-7.96389e-11,0.492511,1,0
5.06836,0.419922,0.248575,-4.38773e-11,0.492511,1,0
5.04883,0.439453,0.193451,-2.00376e-11,0.494463,1,0
5.04883,0.458984,0.13486,-5.80404e-12,0.494463,1,0
5.06836,0.439453,0.193451,-1.90089e-11,0.492511,1,0
5.06836,0.458984,0.13486,-6.31485e-12,0.492511,1,0
5.08789,0.322266,0.475867,-3.07625e-10,0.49056,1,0
5.08789,0.341797,0.43651,-2.39274e-10,0.49056,1,0
5.10742,0.322266,0.475867,-3.00928e-10,0.488609,1,0
5.10742,0.341797,0.43651,-2.33796e-10,0.488609,1,0
5.08789,0.361328,0.394203,-1.76322e-10,0.49056,1,0
5.08789,0.380859,0.348846,-1.21577e-10,0.49056,1,0
5.10742,0.361328,0.394203,-1.71997e-10,0.488609,1,0
5.10742,0.380859,0.348846,-1.18302e-10,0.488609,1,0
5.12695,0.322266,0.475867,-2.94882e-10,0.486657,1,0
5.12695,0.341797,0.43651,-2.28863e-10,0.486657,1,0
5.14648,0.322266,0.475867,-2.89425e-10,0.484706,1,0
5.14648,0.341797,0.43651,-2.24423e-10,0.484706,1,0
5.12695,0.361328,0.394203,-1.68155e-10,0.486657,1,0
5.12695,0.380859,0.348846,-1.1551e-10,0.486657,1,0
5.14648,0.361328,0.394203,-1.64672e-10,0.484706,1,0
5.14648,0.380859,0.348846,-1.12863e-10,0.484706,1,0
5.08789,0.400391,0.300338,-7.66559e-11,0.49056,1,0
5.08789,0.419922,0.248575,-4.30164e-11,0.49056,1,0
5.10742,0.400391,0.300338,-7.4946e-11,0.488609,1,0
5.10742,0.419922,0.248575,-4.08397e-11,0.488609,1,0
5.08789,0.439453,0.193451,-1.82673e-11,0.49056,1,0
5.08789,0.458984,0.13486,-5.10063e-12,0.49056,1,0
5.10742,0.439453,0.193451,-1.74359e-11,0.488609,1,0
5.10742,0.458984,0.13486,-5.87733e-12,0.488609,1,0
5.12695,0.400391,0.300338,-7.23898e-11,0.486657,1,0
5.12695,0.419922,0.248575,-4.0458e-11,0.486657,1,0
5.14648,0.400391,0.300338,-7.12681e-11,0.484706,1,0
5.14648,0.419922,0.248575,-3.84923e-11,0.484706,1,0
5.12695,0.439453,0.193451,-1.69531e-11,0.486657,1,0
5.12695,0.458984,0.13486,-4.60975e-12,0.486657,1,0
5.14648,0.439453,0.193451,-1.62764e-11,0.484706,1,0
5.14648,0.458984,0.13486,-5.63264e-12,0.484706,1,0
5.00977,0.478516,0.0726926,-1.00548e-11,0.498365,1,0
5.00977,0.498047,0.00683689,-3.26768e-11,0.498365,0.6,0
5.0293,0.478516,0.0726926,-9.67577e-12,0.496414,1,0
5.0293,0.498047,0.00683689,-3.26068e-11,0.496414,0.6,0
5.04883,0.478516,0.0726926,-1.00785e-11,0.494463,1,0
5.04883,0.498047,0.00683689,-3.27855e-11,0.494463,0.6,0
5.06836,0.478516,0.0726926,-9.65378e-12,0.492511,1,0
5.06836,0.498047,0.00683689,-3.2673e-11,0.492511,0.6,0
5.08789,0.478516,0.0726926,-1.01533e-11,0.49056,1,0
5.08789,0.498047,0.00683689,-3.28843e-11,0.49056,0.6,0
5.10742,0.478516,0.0726926,-9.67954e-12,0.488609,1,0
5.10742,0.498047,0.00683689,-3.27307e-11,0.488609,0.6,0
5.12695,0.478516,0.0726926,-1.02723e-11,0.486657,1,0
5.12695,0.498047,0.00683689,-3.29764e-11,0.486657,0.6,0
5.14648,0.478516,0.0726926,-9.74564e-12,0.484706,1,0
5.14648,0.498047,0.00683689,-3.27834e-11,0.484706,0.6,0
5.16602,0.322266,0.475867,-2.84497e-10,0.482754,1,0
5.16602,0.341797,0.43651,-2.20426e-10,0.482754,1,0
5.18555,0.322266,0.475867,-2.80042e-10,0.480803,1,0
5.18555,0.341797,0.43651,-2.16825e-10,0.480803,1,0
5.16602,0.361328,0.394203,-1.61588e-10,0.482754,1,0
5.16602,0.380859,0.348846,-1.10687e-10,0.482754,1,0
5.18555,0.361328,0.394203,-1.58784e-10,0.480803,1,0
5.18555,0.380859,0.348846,-1.08541e-10,0.480803,1,0
5.20508,0.322266,0.475867,-2.76008e-10,0.478852,1,0
5.20508,0.341797,0.43651,-2.13575e-10,0.478852,1,0
5.22461,0.322266,0.475867,-2.72346e-10,0.4769,1,0
5.22461,0.341797,0.43651,-2.10636e-10,0.4769,1,0
5.20508,0.361328,0.394203,-1.56304e-10,0.478852,1,0
5.20508,0.380859,0.348846,-1.06861e-10,0.478852,1,0
5.22461,0.361328,0.394203,-1.54035e-10,0.4769,1,0
5.22461,0.380859,0.348846,-1.05102e-10,0.4769,1,0
5.16602,0.400391,0.300338,-6.90394e-11,0.482754,1,0
5.16602,0.419922,0.248575,-3.85223e-11,0.482754,1,0
5.18555,0.400391,0.300338,-6.84119e-11,0.480803,1,0
5.18555,0.419922,0.248575,-3.67034e-11,0.480803,1,0
5.16602,0.439453,0.193451,-1.60116e-11,0.482754,1,0
5.16602,0.458984,0.13486,-4.29259e-12,0.482754,1,0
5.18555,0.439453,0.193451,-1.54512e-11,0.480803,1,0
5.18555,0.458984,0.13486,-5.54429e-12,0.480803,1,0
5.20508,0.400391,0.300338,-6.64216e-11,0.478852,1,0
5.20508,0.419922,0.248575,-3.70846e-11,0.478852,1,0
5.22461,0.400391,0.300338,-6.62052e-11,0.4769,1,0
5.22461,0.419922,0.248575,-3.53558e-11,0.4769,1,0
5.20508,0.439453,0.193451,-1.53684e-11,0.478852,1,0
5.20508,0.458984,0.13486,-4.11489e-12,0.478852,1,0
5.22461,0.439453,0.193451,-1.48905e-11,0.4769,1,0
5.22461,0.458984,0.13486,-5.58017e-12,0.4769,1,0
5.24414,0.322266,0.475867,-2.6901e-10,0.474949,1,0
5.24414,0.341797,0.43651,-2.07968e-10,0.474949,1,0
5.26367,0.322266,0.475867,-2.6596e-10,0.472998,1,0
5.26367,0.341797,0.43651,-2.05539e-10,0.472998,1,0
5.24414,0.361328,0.394203,-1.52025e-10,0.474949,1,0
5.24414,0.380859,0.348846,-1.03814e-10,0.474949,1,0
5.26367,0.361328,0.394203,-1.50167e-10,0.472998,1,0
5.26367,0.380859,0.348846,-1.02347e-10,0.472998,1,0
5.2832,0.322266,0.475867,-2.63158e-10,0.471046,1,0
5.2832,0.341797,0.43651,-2.03316e-10,0.471046,1,0
5.30273,0.322266,0.475867,-2.6057e-10,0.469095,1,0
5.30273,0.341797,0.43651,-2.01271e-10,0.469095,1,0
5.2832,0.361328,0.394203,-1.48515e-10,0.471046,1,0
5.2832,0.380859,0.348846,-1.01363e-10,0.471046,1,0
5.30273,0.361328,0.394203,-1.46968e-10,0.469095,1,0
5.30273,0.380859,0.348846,-1.00109e-10,0.469095,1,0
5.24414,0.400391,0.300338,-6.43763e-11,0.474949,1,0
5.24414,0.419922,0.248575,-3.60365e-11,0.474949,1,0
5.26367,0.400391,0.300338,-6.45009e-11,0.472998,1,0
5.26367,0.419922,0.248575,-3.43497e-11,0.472998,1,0
5.24414,0.439453,0.193451,-1.49587e-11,0.474949,1,0
5.24414,0.458984,0.13486,-4.04683e-12,0.474949,1,0
5.26367,0.439453,0.193451,-1.45349e-11,0.472998,1,0
5.26367,0.458984,0.13486,-5.71304e-12,0.472998,1,0
5.2832,0.400391,0.300338,-6.27691e-11,0.471046,1,0
5.2832,0.419922,0.248575,-3.52869e-11,0.471046,1,0
5.30273,0.400391,0.300338,-6.31774e-11,0.469095,1,0
5.30273,0.419922,0.248575,-3.3603e-11,0.469095,1,0
5.2832,0.439453,0.193451,-1.47286e-11,0.471046,1,0
5.2832,0.458984,0.13486,-4.06363e-12,0.471046,1,0
5.30273,0.439453,0.193451,-1.43358e-11,0.469095,1,0
5.30273,0.458984,0.13486,-5.92068e-12,0.469095,1,0
5.16602,0.478516,0.0726926,-1.04283e-11,0.482754,1,0
5.16602,0.498047,0.00683689,-3.30651e-11,0.482754,0.6,0
5.18555,0.478516,0.0726926,-9.84547e-12,0.480803,1,0
5.18555,0.498047,0.00683689,-3.28342e-11,0.480803,0.6,0
5.20508,0.478516,0.0726926,-1.06153e-11,0.478852,1,0
5.20508,0.498047,0.00683689,-3.31534e-11,0.478852,0.6,0
5.22461,0.478516,0.0726926,-9.97325e-12,0.4769,1,0
5.22461,0.498047,0.00683689,-3.28859e-11,0.4769,0.6,0
5.24414,0.478516,0.0726926,-1.08278e-11,0.474949,1,0
5.24414,0.498047,0.00683689,-3.32439e-11,0.474949,0.6,0
5.26367,0.478516,0.0726926,-1.0124e-11,0.472998,1,0
5.26367,0.498047,0.00683689,-3.29409e-11,0.472998,0.6,0
5.2832,0.478516,0.0726926,-1.10614e-11,0.471046,1,0
5.2832,0.498047,0.00683689,-3.33389e-11,0.471046,0.6,0
5.30273,0.478516,0.0726926,-1.0294e-11,0.469095,1,0
5.30273,0.498047,0.00683689,-3.30012e-11,0.469095,0.6,0
5.32227,0.00976562,0.768797,-1.36864e-10,0.467143,1,0
5.32227,0.0292969,0.766791,-3.15855e-10,0.467143,1,0
5.3418,0.00976562,0.768797,-1.36191e-10,0.465192,1,0
5.3418,0.0292969,0.766791,-3.14163e-10,0.465192,1,0
5.32227,0.0488281,0.762772,-3.93051e-10,0.467143,1,0
5.32227,0.0683594,0.756727,-4.60863e-10,0.467143,1,0
5.3418,0.0488281,0.762772,-3.90698e-10,0.465192,1,0
5.3418,0.0683594,0.756727,-4.57887e-10,0.465192,1,0
5.36133,0.00976562,0.768797,-1.35556e-10,0.463241,1,0
5.36133,0.0292969,0.766791,-3.12568e-10,0.463241,1,0
5.38086,0.00976562,0.768797,-1.34953e-10,0.461289,1,0
5.38086,0.0292969,0.766791,-3.11055e-10,0.461289,1,0
5.36133,0.0488281,0.762772,-3.88478e-10,0.463241,1,0
5.36133,0.0683594,0.756727,-4.55081e-10,0.463241,1,0
5.38086,0.0488281,0.762772,-3.86374e-10,0.461289,1,0
5.38086,0.0683594,0.756727,-4.5242e-10,0.461289,1,0
5.32227,0.0878906,0.748635,-5.19288e-10,0.467143,1,0
5.32227,0.107422,0.738469,-5.63107e-10,0.467143,1,0
5.3418,0.0878906,0.748635,-5.15746e-10,0.465192,1,0
5.3418,0.107422,0.738469,-5.59101e-10,0.465192,1,0
5.32227,0.126953,0.726197,-5.92206e-10,0.467143,1,0
5.32227,0.146484,0.711778,-6.071e-10,0.467143,1,0
5.3418,0.126953,0.726197,-5.87849e-10,0.465192,1,0
5.3418,0.146484,0.711778,-6.02511e-10,0.465192,1,0
5.36133,0.0878906,0.748635,-5.12407e-10,0.463241,1,0
5.36133,0.107422,0.738469,-5.55322e-10,0.463241,1,0
5.38086,0.0878906,0.748635,-5.09239e-10,0.461289,1,0
5.38086,0.107422,0.738469,-5.51737e-10,0.461289,1,0
5.36133,0.126953,0.726197,-5.83737e-10,0.463241,1,0
5.36133,0.146484,0.711778,-5.98179e-10,0.463241,1,0
5.38086,0.126953,0.726197,-5.79836e-10,0.461289,1,0
5.38086,0.146484,0.711778,-5.94066e-10,0.461289,1,0
5.40039,0.00976562,0.768797,-1.34379e-10,0.459338,1,0
5.40039,0.0292969,0.766791,-3.09612e-10,0.459338,1,0
5.41992,0.00976562,0.768797,-1.3383e-10,0.457387,1,0
5.41992,0.0292969,0.766791,-3.0823e-10,0.457387,1,0
5.40039,0.0488281,0.762772,-3.84367e-10,0.459338,1,0
5.40039,0.0683594,0.756727,-4.49883e-10,0.459338,1,0
5.41992,0.0488281,0.762772,-3.82444e-10,0.457387,1,0
5.41992,0.0683594,0.756727,-4.47451e-10,0.457387,1,0
5.43945,0.00976562,0.768797,-1.33302e-10,0.455435,1,0
5.43945,0.0292969,0.766791,-3.06901e-10,0.455435,1,0
5.45898,0.00976562,0.768797,-1.32793e-10,0.453484,1,0
5.45898,0.0292969,0.766791,-3.05618e-10,0.453484,1,0
5.43945,0.0488281,0.762772,-3.80592e-10,0.455435,1,0
5.43945,0.0683594,0.756727,-4.45109e-10,0.455435,1,0
5.45898,0.0488281,0.762772,-3.78804e-10,0.453484,1,0
5.45898,0.0683594,0.756727,-4.42845e-10,0.453484,1,0
5.40039,0.0878906,0.748635,-5.06219e-10,0.459338,1,0
5.40039,0.107422,0.738469,-5.48317e-10,0.459338,1,0
5.41992,0.0878906,0.748635,-5.03322e-10,0.457387,1,0
5.41992,0.107422,0.738469,-5.45037e-10,0.457387,1,0
5.40039,0.126953,0.726197,-5.76112e-10,0.459338,1,0
5.40039,0.146484,0.711778,-5.90139e-10,0.459338,1,0
5.41992,0.126953,0.726197,-5.72539e-10,0.457387,1,0
5.41992,0.146484,0.711778,-5.86369e-10,0.457387,1,0
5.43945,0.0878906,0.748635,-5.00531e-10,0.455435,1,0
5.43945,0.107422,0.738469,-5.41875e-10,0.455435,1,0
5.45898,0.0878906,0.748635,-4.97832e-10,0.453484,1,0
5.45898,0.107422,0.738469,-5.38815e-10,0.453484,1,0
5.43945,0.126953,0.726197,-5.69094e-10,0.455435,1,0
5.43945,0.146484,0.711778,-5.82733e-10,0.455435,1,0
5.45898,0.126953,0.726197,-5.65758e-10,0.453484,1,0
5.45898,0.146484,0.711778,-5.7921e-10,0.453484,1,0
5.32227,0.166016,0.695165,-6.08137e-10,0.467143,1,0
5.32227,0.185547,0.676307,-5.95891e-10,0.467143,1,0
5.3418,0.166016,0.695165,-6.03437e-10,0.465192,1,0
5.3418,0.185547,0.676307,-5.91199e-10,0.465192,1,0
5.32227,0.205078,0.655146,-5.71293e-10,0.467143,1,0
5.32227,0.224609,0.631618,-5.35629e-10,0.467143,1,0
5.3418,0.205078,0.655146,-5.66723e-10,0.465192,1,0
5.3418,0.224609,0.631618,-5.31283e-10,0.465192,1,0
5.36133,0.166016,0.695165,-5.98998e-10,0.463241,1,0
5.36133,0.185547,0.676307,-5.86767e-10,0.463241,1,0
5.38086,0.166016,0.695165,-5.94782e-10,0.461289,1,0
5.38086,0.185547,0.676307,-5.82557e-10,0.461289,1,0
5.36133,0.205078,0.655146,-5.62404e-10,0.463241,1,0
5.36133,0.224609,0.631618,-5.27176e-10,0.463241,1,0
5.38086,0.205078,0.655146,-5.583e-10,0.461289,1,0
5.38086,0.224609,0.631618,-5.23271e-10,0.461289,1,0
5.32227,0.244141,0.605653,-4.90528e-10,0.467143,1,0
5.32227,0.263672,0.577177,-4.3793e-10,0.467143,1,0
5.3418,0.244141,0.605653,-4.86494e-10,0.465192,1,0
5.3418,0.263672,0.577177,-4.34282e-10,0.465192,1,0
5.32227,0.283203,0.546111,-3.8004e-10,0.467143,1,0
5.32227,0.302734,0.51237,-3.19267e-10,0.467143,1,0
5.3418,0.283203,0.546111,-3.76831e-10,0.465192,1,0
5.3418,0.302734,0.51237,-3.16532e-10,0.465192,1,0
5.36133,0.244141,0.605653,-4.82683e-10,0.463241,1,0
5.36133,0.263672,0.577177,-4.30836e-10,0.463241,1,0
5.38086,0.244141,0.605653,-4.7906e-10,0.461289,1,0
5.38086,0.263672,0.577177,-4.27561e-10,0.461289,1,0
5.36133,0.283203,0.546111,-3.73802e-10,0.463241,1,0
5.36133,0.302734,0.51237,-3.13953e-10,0.463241,1,0
5.38086,0.283203,0.546111,-3.70925e-10,0.461289,1,0
5.38086,0.302734,0.51237,-3.11509e-10,0.461289,1,0
5.40039,0.166016,0.695165,-5.90756e-10,0.459338,1,0
5.40039,0.185547,0.676307,-5.78533e-10,0.459338,1,0
5.41992,0.166016,0.695165,-5.86889e-10,0.457387,1,0
5.41992,0.185547,0.676307,-5.74668e-10,0.457387,1,0
5.40039,0.205078,0.655146,-5.54378e-10,0.459338,1,0
5.40039,0.224609,0.631618,-5.19539e-10,0.459338,1,0
5.41992,0.205078,0.655146,-5.50608e-10,0.457387,1,0
5.41992,0.224609,0.631618,-5.15951e-10,0.457387,1,0
5.43945,0.166016,0.695165,-5.83158e-10,0.455435,1,0
5.43945,0.185547,0.676307,-5.70936e-10,0.455435,1,0
5.45898,0.166016,0.695165,-5.79541e-10,0.453484,1,0
5.45898,0.185547,0.676307,-5.67317e-10,0.453484,1,0
5.43945,0.205078,0.655146,-5.46967e-10,0.455435,1,0
5.43945,0.224609,0.631618,-5.12485e-10,0.455435,1,0
5.45898,0.205078,0.655146,-5.43434e-10,0.453484,1,0
5.45898,0.224609,0.631618,-5.09121e-10,0.453484,1,0
5.40039,0.244141,0.605653,-4.75596e-10,0.459338,1,0
5.40039,0.263672,0.577177,-4.2443e-10,0.459338,1,0
5.41992,0.244141,0.605653,-4.72267e-10,0.457387,1,0
5.41992,0.263672,0.577177,-4.21421e-10,0.457387,1,0
5.40039,0.283203,0.546111,-3.68177e-10,0.459338,1,0
5.40039,0.302734,0.51237,-3.09175e-10,0.459338,1,0
5.41992,0.283203,0.546111,-3.65537e-10,0.457387,1,0
5.41992,0.302734,0.51237,-3.06936e-10,0.457387,1,0
5.43945,0.244141,0.605653,-4.69049e-10,0.455435,1,0
5.43945,0.263672,0.577177,-4.18513e-10,0.455435,1,0
5.45898,0.244141,0.605653,-4.65925e-10,0.453484,1,0
5.45898,0.263672,0.577177,-4.1569e-10,0.453484,1,0
5.43945,0.283203,0.546111,-3.62986e-10,0.455435,1,0
5.43945,0.302734,0.51237,-3.04774e-10,0.455435,1,0
5.45898,0.283203,0.546111,-3.6051e-10,0.453484,1,0
5.45898,0.302734,0.51237,-3.02677e-10,0.453484,1,0
5.47852,0.00976562,0.768797,-1.32301e-10,0.451533,1,0
5.47852,0.0292969,0.766791,-3.04378e-10,0.451533,1,0
5.49805,0.00976562,0.768797,-1.31826e-10,0.449581,1,0
5.49805,0.0292969,0.766791,-3.03177e-10,0.449581,1,0
5.47852,0.0488281,0.762772,-3.77071e-10,0.451533,1,0
5.47852,0.0683594,0.756727,-4.40649e-10,0.451533,1,0
5.49805,0.0488281,0.762772,-3.75389e-10,0.449581,1,0
5.49805,0.0683594,0.756727,-4.38513e-10,0.449581,1,0
5.51758,0.00976562,0.768797,-1.31367e-10,0.44763,1,0
5.51758,0.0292969,0.766791,-3.02012e-10,0.44763,1,0
5.53711,0.00976562,0.768797,-1.30922e-10,0.445678,1,0
5.53711,0.0292969,0.766791,-3.00881e-10,0.445678,1,0
5.51758,0.0488281,0.762772,-3.73753e-10,0.44763,1,0
5.51758,0.0683594,0.756727,-4.36432e-10,0.44763,1,0
5.53711,0.0488281,0.762772,-3.72159e-10,0.445678,1,0
5.53711,0.0683594,0.756727,-4.344e-10,0.445678,1,0
5.47852,0.0878906,0.748635,-4.95211e-10,0.451533,1,0
5.47852,0.107422,0.738469,-5.35843e-10,0.451533,1,0
5.49805,0.0878906,0.748635,-4.9266e-10,0.449581,1,0
5.49805,0.107422,0.738469,-5.32946e-10,0.449581,1,0
5.47852,0.126953,0.726197,-5.62515e-10,0.451533,1,0
5.47852,0.146484,0.711778,-5.75784e-10,0.451533,1,0
5.49805,0.126953,0.726197,-5.59352e-10,0.449581,1,0
5.49805,0.146484,0.711778,-5.7244e-10,0.449581,1,0
5.51758,0.0878906,0.748635,-4.90171e-10,0.44763,1,0
5.51758,0.107422,0.738469,-5.30116e-10,0.44763,1,0
5.53711,0.0878906,0.748635,-4.87736e-10,0.445678,1,0
5.53711,0.107422,0.738469,-5.27345e-10,0.445678,1,0
5.51758,0.126953,0.726197,-5.5626e-10,0.44763,1,0
5.51758,0.146484,0.711778,-5.69167e-10,0.44763,1,0
5.53711,0.126953,0.726197,-5.53228e-10,0.445678,1,0
5.53711,0.146484,0.711778,-5.65956e-10,0.445678,1,0
5.55664,0.00976562,0.768797,-1.30491e-10,0.443727,1,0
5.55664,0.0292969,0.766791,-2.99782e-10,0.443727,1,0
5.57617,0.00976562,0.768797,-1.30074e-10,0.441776,1,0
5.57617,0.0292969,0.766791,-2.98714e-10,0.441776,1,0
5.55664,0.0488281,0.762772,-3.70605e-10,0.443727,1,0
5.55664,0.0683594,0.756727,-4.32414e-10,0.443727,1,0
5.57617,0.0488281,0.762772,-3.69087e-10,0.441776,1,0
5.57617,0.0683594,0.756727,-4.30469e-10,0.441776,1,0
5.5957,0.00976562,0.768797,-1.29668e-10,0.439824,1,0
5.5957,0.0292969,0.766791,-2.97673e-10,0.439824,1,0
5.61523,0.00976562,0.768797,-1.29274e-10,0.437873,1,0
5.61523,0.0292969,0.766791,-2.96657e-10,0.437873,1,0
5.5957,0.0488281,0.762772,-3.67603e-10,0.439824,1,0
5.5957,0.0683594,0.756727,-4.28562e-10,0.439824,1,0
5.61523,0.0488281,0.762772,-3.66148e-10,0.437873,1,0
5.61523,0.0683594,0.756727,-4.26688e-10,0.437873,1,0
5.55664,0.0878906,0.748635,-4.85351e-10,0.443727,1,0
5.55664,0.107422,0.738469,-5.24627e-10,0.443727,1,0
5.57617,0.0878906,0.748635,-4.83012e-10,0.441776,1,0
5.57617,0.107422,0.738469,-5.21956e-10,0.441776,1,0
5.55664,0.126953,0.726197,-5.50251e-10,0.443727,1,0
5.55664,0.146484,0.711778,-5.62799e-10,0.443727,1,0
5.57617,0.126953,0.726197,-5.47321e-10,0.441776,1,0
5.57617,0.146484,0.711778,-5.59689e-10,0.441776,1,0
5.5957,0.0878906,0.748635,-4.80712e-10,0.439824,1,0
5.5957,0.107422,0.738469,-5.19326e-10,0.439824,1,0
5.61523,0.0878906,0.748635,-4.78449e-10,0.437873,1,0
5.61523,0.107422,0.738469,-5.16735e-10,0.437873,1,0
5.5957,0.126953,0.726197,-5.44434e-10,0.439824,1,0
5.5957,0.146484,0.711778,-5.5662e-10,0.439824,1,0
5.61523,0.126953,0.726197,-5.41584e-10,0.437873,1,0
5.61523,0.146484,0.711778,-5.53589e-10,0.437873,1,0
5.47852,0.166016,0.695165,-5.7602e-10,0.451533,1,0
5.47852,0.185547,0.676307,-5.63793e-10,0.451533,1,0
5.49805,0.166016,0.695165,-5.72583e-10,0.449581,1,0
5.49805,0.185547,0.676307,-5.60349e-10,0.449581,1,0
5.47852,0.205078,0.655146,-5.39993e-10,0.451533,1,0
5.47852,0.224609,0.631618,-5.05842e-10,0.451533,1,0
5.49805,0.205078,0.655146,-5.36628e-10,0.449581,1,0
5.49805,0.224609,0.631618,-5.02634e-10,0.449581,1,0
5.51758,0.166016,0.695165,-5.69215e-10,0.44763,1,0
5.51758,0.185547,0.676307,-5.56973e-10,0.44763,1,0
5.53711,0.166016,0.695165,-5.65909e-10,0.445678,1,0
5.53711,0.185547,0.676307,-5.53656e-10,0.445678,1,0
5.51758,0.205078,0.655146,-5.33327e-10,0.44763,1,0
5.51758,0.224609,0.631618,-4.99486e-10,0.44763,1,0
5.53711,0.205078,0.655146,-5.30082e-10,0.445678,1,0
5.53711,0.224609,0.631618,-4.96388e-10,0.445678,1,0
5.47852,0.244141,0.605653,-4.62879e-10,0.451533,1,0
5.47852,0.263672,0.577177,-4.12937e-10,0.451533,1,0
5.49805,0.244141,0.605653,-4.59899e-10,0.449581,1,0
5.49805,0.263672,0.577177,-4.10242e-10,0.449581,1,0
5.47852,0.283203,0.546111,-3.58096e-10,0.451533,1,0
5.47852,0.302734,0.51237,-3.00632e-10,0.451533,1,0
5.49805,0.283203,0.546111,-3.55733e-10,0.449581,1,0
5.49805,0.302734,0.51237,-2.9863e-10,0.449581,1,0
5.51758,0.244141,0.605653,-4.56972e-10,0.44763,1,0
5.51758,0.263672,0.577177,-4.07596e-10,0.44763,1,0
5.53711,0.244141,0.605653,-4.54091e-10,0.445678,1,0
5.53711,0.263672,0.577177,-4.04989e-10,0.445678,1,0
5.51758,0.283203,0.546111,-3.53411e-10,0.44763,1,0
5.51758,0.302734,0.51237,-2.96663e-10,0.44763,1,0
5.53711,0.283203,0.546111,-3.51122e-10,0.445678,1,0
5.53711,0.302734,0.51237,-2.94725e-10,0.445678,1,0
5.55664,0.166016,0.695165,-5.62655e-10,0.443727,1,0
5.55664,0.185547,0.676307,-5.50389e-10,0.443727,1,0
5.57617,0.166016,0.695165,-5.59446e-10,0.441776,1,0
5.57617,0.185547,0.676307,-5.47165e-10,0.441776,1,0
5.55664,0.205078,0.655146,-5.26883e-10,0.443727,1,0
5.55664,0.224609,0.631618,-4.93334e-10,0.443727,1,0
5.57617,0.205078,0.655146,-5.23724e-10,0.441776,1,0
5.57617,0.224609,0.631618,-4.90315e-10,0.441776,1,0
5.5957,0.166016,0.695165,-5.56278e-10,0.439824,1,0
5.5957,0.185547,0.676307,-5.43979e-10,0.439824,1,0
5.61523,0.166016,0.695165,-5.53145e-10,0.437873,1,0
5.61523,0.185547,0.676307,-5.40826e-10,0.437873,1,0
5.5957,0.205078,0.655146,-5.206e-10,0.439824,1,0
5.5957,0.224609,0.631618,-4.87328e-10,0.439824,1,0
5.61523,0.205078,0.655146,-5.17507e-10,0.437873,1,0
5.61523,0.224609,0.631618,-4.84369e-10,0.437873,1,0
5.55664,0.244141,0.605653,-4.51248e-10,0.443727,1,0
5.55664,0.263672,0.577177,-4.02415e-10,0.443727,1,0
5.57617,0.244141,0.605653,-4.48437e-10,0.441776,1,0
5.57617,0.263672,0.577177,-3.99869e-10,0.441776,1,0
5.55664,0.283203,0.546111,-3.48862e-10,0.443727,1,0
5.55664,0.302734,0.51237,-2.92809e-10,0.443727,1,0
5.57617,0.283203,0.546111,-3.46625e-10,0.441776,1,0
5.57617,0.302734,0.51237,-2.90912e-10,0.441776,1,0
5.5957,0.244141,0.605653,-4.45654e-10,0.439824,1,0
5.5957,0.263672,0.577177,-3.97346e-10,0.439824,1,0
5.61523,0.244141,0.605653,-4.42895e-10,0.437873,1,0
5.61523,0.263672,0.577177,-3.94845e-10,0.437873,1,0
5.5957,0.283203,0.546111,-3.44408e-10,0.439824,1,0
5.5957,0.302734,0.51237,-2.89031e-10,0.439824,1,0
5.61523,0.283203,0.546111,-3.42208e-10,0.437873,1,0
5.61523,0.302734,0.51237,-2.87164e-10,0.437873,1,0
5.32227,0.322266,0.475867,-2.58166e-10,0.467143,1,0
5.32227,0.341797,0.43651,-1.99379e-10,0.467143,1,0
5.3418,0.322266,0.475867,-2.55921e-10,0.465192,1,0
5.3418,0.341797,0.43651,-1.97618e-10,0.465192,1,0
5.32227,0.361328,0.394203,-1.45583e-10,0.467143,1,0
5.32227,0.380859,0.348846,-9.93603e-11,0.467143,1,0
5.3418,0.361328,0.394203,-1.44264e-10,0.465192,1,0
5.3418,0.380859,0.348846,-9.8256e-11,0.465192,1,0
5.36133,0.322266,0.475867,-2.53809e-10,0.463241,1,0
5.36133,0.341797,0.43651,-1.95969e-10,0.463241,1,0
5.38086,0.322266,0.475867,-2.5181e-10,0.461289,1,0
5.38086,0.341797,0.43651,-1.94414e-10,0.461289,1,0
5.36133,0.361328,0.394203,-1.43075e-10,0.463241,1,0
5.36133,0.380859,0.348846,-9.7686e-11,0.463241,1,0
5.38086,0.361328,0.394203,-1.41921e-10,0.461289,1,0
5.38086,0.380859,0.348846,-9.66824e-11,0.461289,1,0
5.32227,0.400391,0.300338,-6.1491e-11,0.467143,1,0
5.32227,0.419922,0.248575,-3.47622e-11,0.467143,1,0
5.3418,0.400391,0.300338,-6.21374e-11,0.465192,1,0
5.3418,0.419922,0.248575,-3.30498e-11,0.465192,1,0
5.32227,0.439453,0.193451,-1.46343e-11,0.467143,1,0
5.32227,0.458984,0.13486,-4.14536e-12,0.467143,1,0
5.3418,0.439453,0.193451,-1.4254e-11,0.465192,1,0
5.3418,0.458984,0.13486,-6.18525e-12,0.465192,1,0
5.36133,0.400391,0.300338,-6.04552e-11,0.463241,1,0
5.36133,0.419922,0.248575,-3.44038e-11,0.463241,1,0
5.38086,0.400391,0.300338,-6.13036e-11,0.461289,1,0
5.38086,0.419922,0.248575,-3.26378e-11,0.461289,1,0
5.36133,0.439453,0.193451,-1.4641e-11,0.463241,1,0
5.36133,0.458984,0.13486,-4.27595e-12,0.463241,1,0
5.38086,0.439453,0.193451,-1.42584e-11,0.461289,1,0
5.38086,0.458984,0.13486,-6.49231e-12,0.461289,1,0
5.40039,0.322266,0.475867,-2.49907e-10,0.459338,1,0
5.40039,0.341797,0.43651,-1.92937e-10,0.459338,1,0
5.41992,0.322266,0.475867,-2.48083e-10,0.457387,1,0
5.41992,0.341797,0.43651,-1.91526e-10,0.457387,1,0
5.40039,0.361328,0.394203,-1.40871e-10,0.459338,1,0
5.40039,0.380859,0.348846,-9.62476e-11,0.459338,1,0
5.41992,0.361328,0.394203,-1.39833e-10,0.457387,1,0
5.41992,0.380859,0.348846,-9.5306e-11,0.457387,1,0
5.43945,0.322266,0.475867,-2.46325e-10,0.455435,1,0
5.43945,0.341797,0.43651,-1.90169e-10,0.455435,1,0
5.45898,0.322266,0.475867,-2.44621e-10,0.453484,1,0
5.45898,0.341797,0.43651,-1.88857e-10,0.453484,1,0
5.43945,0.361328,0.394203,-1.38878e-10,0.455435,1,0
5.43945,0.380859,0.348846,-9.49722e-11,0.455435,1,0
5.45898,0.361328,0.394203,-1.37918e-10,0.453484,1,0
5.45898,0.380859,0.348846,-9.40623e-11,0.453484,1,0
5.40039,0.400391,0.300338,-5.95932e-11,0.459338,1,0
5.40039,0.419922,0.248575,-3.4165e-11,0.459338,1,0
5.41992,0.400391,0.300338,-6.06153e-11,0.457387,1,0
5.41992,0.419922,0.248575,-3.23252e-11,0.457387,1,0
5.40039,0.439453,0.193451,-1.47205e-11,0.459338,1,0
5.40039,0.458984,0.13486,-4.44219e-12,0.459338,1,0
5.41992,0.439453,0.193451,-1.43234e-11,0.457387,1,0
5.41992,0.458984,0.13486,-6.82987e-12,0.457387,1,0
5.43945,0.400391,0.300338,-5.88505e-11,0.455435,1,0
5.43945,0.419922,0.248575,-3.40082e-11,0.455435,1,0
5.45898,0.400391,0.300338,-6.00241e-11,0.453484,1,0
5.45898,0.419922,0.248575,-3.20782e-11,0.453484,1,0
5.43945,0.439453,0.193451,-1.48499e-11,0.455435,1,0
5.43945,0.458984,0.13486,-4.63309e-12,0.455435,1,0
5.45898,0.439453,0.193451,-1.44284e-11,0.453484,1,0
5.45898,0.458984,0.13486,-7.18805e-12,0.453484,1,0
5.32227,0.478516,0.0726926,-1.13128e-11,0.467143,1,0
5.32227,0.498047,0.00683689,-3.34402e-11,0.467143,0.6,0
5.3418,0.478516,0.0726926,-1.04798e-11,0.465192,1,0
5.3418,0.498047,0.00683689,-3.30687e-11,0.465192,0.6,0
5.36133,0.478516,0.0726926,-1.1579e-11,0.463241,1,0
5.36133,0.498047,0.00683689,-3.35498e-11,0.463241,0.6,0
5.38086,0.478516,0.0726926,-1.06791e-11,0.461289,1,0
5.38086,0.498047,0.00683689,-3.31449e-11,0.461289,0.6,0
5.40039,0.478516,0.0726926,-1.18577e-11,0.459338,1,0
5.40039,0.498047,0.00683689,-3.36689e-11,0.459338,0.6,0
5.41992,0.478516,0.0726926,-1.08895e-11,0.457387,1,0
5.41992,0.498047,0.00683689,-3.32314e-11,0.457387,0.6,0
5.43945,0.478516,0.0726926,-1.21469e-11,0.455435,1,0
5.43945,0.498047,0.00683689,-3.37989e-11,0.455435,0.6,0
5.45898,0.478516,0.0726926,-1.1109e-11,0.453484,1,0
5.45898,0.498047,0.00683689,-3.33291e-11,0.453484,0.6,0
5.47852,0.322266,0.475867,-2.42961e-10,0.451533,1,0
5.47852,0.341797,0.43651,-1.87579e-10,0.451533,1,0
5.49805,0.322266,0.475867,-2.41336e-10,0.449581,1,0
5.49805,0.341797,0.43651,-1.8633e-10,0.449581,1,0
5.47852,0.361328,0.394203,-1.37026e-10,0.451533,1,0
5.47852,0.380859,0.348846,-9.38031e-11,0.451533,1,0
5.49805,0.361328,0.394203,-1.36115e-10,0.449581,1,0
5.49805,0.380859,0.348846,-9.29023e-11,0.449581,1,0
5.51758,0.322266,0.475867,-2.39739e-10,0.44763,1,0
5.51758,0.341797,0.43651,-1.85103e-10,0.44763,1,0
5.53711,0.322266,0.475867,-2.38165e-10,0.445678,1,0
5.53711,0.341797,0.43651,-1.83894e-10,0.445678,1,0
5.51758,0.361328,0.394203,-1.35261e-10,0.44763,1,0
5.51758,0.380859,0.348846,-9.26994e-11,0.44763,1,0
5.53711,0.361328,0.394203,-1.34381e-10,0.445678,1,0
5.53711,0.380859,0.348846,-9.17921e-11,0.445678,1,0
5.47852,0.400391,0.300338,-5.81845e-11,0.451533,1,0
5.47852,0.419922,0.248575,-3.39037e-11,0.451533,1,0
5.49805,0.400391,0.300338,-5.94931e-11,0.449581,1,0
5.49805,0.419922,0.248575,-3.18712e-11,0.449581,1,0
5.47852,0.439453,0.193451,-1.50108e-11,0.451533,1,0
5.47852,0.458984,0.13486,-4.83986e-12,0.451533,1,0
5.49805,0.439453,0.193451,-1.45575e-11,0.449581,1,0
5.49805,0.458984,0.13486,-7.55928e-12,0.449581,1,0
5.51758,0.400391,0.300338,-5.75646e-11,0.44763,1,0
5.51758,0.419922,0.248575,-3.38301e-11,0.44763,1,0
5.53711,0.400391,0.300338,-5.89972e-11,0.445678,1,0
5.53711,0.419922,0.248575,-3.16866e-11,0.445678,1,0
5.51758,0.439453,0.193451,-1.519e-11,0.44763,1,0
5.51758,0.458984,0.13486,-5.05613e-12,0.44763,1,0
5.53711,0.439453,0.193451,-1.46999e-11,0.445678,1,0
5.53711,0.458984,0.13486,-7.93856e-12,0.445678,1,0
5.55664,0.322266,0.475867,-2.36609e-10,0.443727,1,0
5.55664,0.341797,0.43651,-1.82698e-10,0.443727,1,0
5.57617,0.322266,0.475867,-2.35068e-10,0.441776,1,0
5.57617,0.341797,0.43651,-1.81513e-10,0.441776,1,0
5.55664,0.361328,0.394203,-1.33549e-10,0.443727,1,0
5.55664,0.380859,0.348846,-9.16331e-11,0.443727,1,0
5.57617,0.361328,0.394203,-1.32686e-10,0.441776,1,0
5.57617,0.380859,0.348846,-9.07099e-11,0.441776,1,0
5.5957,0.322266,0.475867,-2.33539e-10,0.439824,1,0
5.5957,0.341797,0.43651,-1.80338e-10,0.439824,1,0
5.61523,0.322266,0.475867,-2.32022e-10,0.437873,1,0
5.61523,0.341797,0.43651,-1.7917e-10,0.437873,1,0
5.5957,0.361328,0.394203,-1.3187e-10,0.439824,1,0
5.5957,0.380859,0.348846,-9.05882e-11,0.439824,1,0
5.61523,0.361328,0.394203,-1.31019e-10,0.437873,1,0
5.61523,0.380859,0.348846,-8.96446e-11,0.437873,1,0
5.55664,0.400391,0.300338,-5.69697e-11,0.443727,1,0
5.55664,0.419922,0.248575,-3.3773e-11,0.443727,1,0
5.57617,0.400391,0.300338,-5.85198e-11,0.441776,1,0
5.57617,0.419922,0.248575,-3.15128e-11,0.441776,1,0
5.55664,0.439453,0.193451,-1.53788e-11,0.443727,1,0
5.55664,0.458984,0.13486,-5.27781e-12,0.443727,1,0
5.57617,0.439453,0.193451,-1.48488e-11,0.441776,1,0
5.57617,0.458984,0.13486,-8.32274e-12,0.441776,1,0
5.5957,0.400391,0.300338,-5.63879e-11,0.439824,1,0
5.5957,0.419922,0.248575,-3.37243e-11,0.439824,1,0
5.61523,0.400391,0.300338,-5.80532e-11,0.437873,1,0
5.61523,0.419922,0.248575,-3.13453e-11,0.437873,1,0
5.5957,0.439453,0.193451,-1.55724e-11,0.439824,1,0
5.5957,0.458984,0.13486,-5.50278e-12,0.439824,1,0
5.61523,0.439453,0.193451,-1.50018e-11,0.437873,1,0
5.61523,0.458984,0.13486,-8.71093e-12,0.437873,1,0
5.47852,0.478516,0.0726926,-1.24448e-11,0.451533,1,0
5.47852,0.498047,0.00683689,-3.39409e-11,0.451533,0.6,0
5.49805,0.478516,0.0726926,-1.13362e-11,0.449581,1,0
5.49805,0.498047,0.00683689,-3.34391e-11,0.449581,0.6,0
5.51758,0.478516,0.0726926,-1.27502e-11,0.44763,1,0
5.51758,0.498047,0.00683689,-3.40958e-11,0.44763,0.6,0
5.53711,0.478516,0.0726926,-1.15703e-11,0.445678,1,0
5.53711,0.498047,0.00683689,-3.3562e-11,0.445678,0.6,0
5.55664,0.478516,0.0726926,-1.30626e-11,0.443727,1,0
5.55664,0.498047,0.00683689,-3.42641e-11,0.443727,0.6,0
5.57617,0.478516,0.0726926,-1.18106e-11,0.441776,1,0
5.57617,0.498047,0.00683689,-3.36984e-11,0.441776,0.6,0
5.5957,0.478516,0.0726926,-1.33818e-11,0.439824,1,0
5.5957,0.498047,0.00683689,-3.44463e-11,0.439824,0.6,0
5.61523,0.478516,0.0726926,-1.20573e-11,0.437873,1,0
5.61523,0.498047,0.00683689,-3.38488e-11,0.437873,0.6,0
5.63477,0.00976562,0.768797,-1.28891e-10,0.435922,1,0
5.63477,0.0292969,0.766791,-2.95665e-10,0.435922,1,0
5.6543,0.00976562,0.768797,-1.28516e-10,0.43397,1,0
5.6543,0.0292969,0.766791,-2.94693e-10,0.43397,1,0
5.63477,0.0488281,0.762772,-3.64721e-10,0.435922,1,0
5.63477,0.0683594,0.756727,-4.24845e-10,0.435922,1,0
5.6543,0.0488281,0.762772,-3.63318e-10,0.43397,1,0
5.6543,0.0683594,0.756727,-4.23028e-10,0.43397,1,0
5.67383,0.00976562,0.768797,-1.28151e-10,0.432019,1,0
5.67383,0.0292969,0.766791,-2.9374e-10,0.432019,1,0
5.69336,0.00976562,0.768797,-1.27793e-10,0.430067,1,0
5.69336,0.0292969,0.766791,-2.92805e-10,0.430067,1,0
5.67383,0.0488281,0.762772,-3.61937e-10,0.432019,1,0
5.67383,0.0683594,0.756727,-4.21236e-10,0.432019,1,0
5.69336,0.0488281,0.762772,-3.60575e-10,0.430067,1,0
5.69336,0.0683594,0.756727,-4.19466e-10,0.430067,1,0
5.63477,0.0878906,0.748635,-4.76219e-10,0.435922,1,0
5.63477,0.107422,0.738469,-5.14177e-10,0.435922,1,0
5.6543,0.0878906,0.748635,-4.74018e-10,0.43397,1,0
5.6543,0.107422,0.738469,-5.11649e-10,0.43397,1,0
5.63477,0.126953,0.726197,-5.38768e-10,0.435922,1,0
5.63477,0.146484,0.711778,-5.50591e-10,0.435922,1,0
5.6543,0.126953,0.726197,-5.35983e-10,0.43397,1,0
5.6543,0.146484,0.711778,-5.47622e-10,0.43397,1,0
5.67383,0.0878906,0.748635,-4.71843e-10,0.432019,1,0
5.67383,0.107422,0.738469,-5.09149e-10,0.432019,1,0
5.69336,0.0878906,0.748635,-4.69692e-10,0.430067,1,0
5.69336,0.107422,0.738469,-5.06674e-10,0.430067,1,0
5.67383,0.126953,0.726197,-5.33225e-10,0.432019,1,0
5.67383,0.146484,0.711778,-5.44682e-10,0.432019,1,0
5.69336,0.126953,0.726197,-5.30494e-10,0.430067,1,0
5.69336,0.146484,0.711778,-5.41768e-10,0.430067,1,0
5.71289,0.00976562,0.768797,-1.27443e-10,0.428116,1,0
5.71289,0.0292969,0.766791,-2.91885e-10,0.428116,1,0
5.73242,0.00976562,0.768797,-1.27101e-10,0.426165,1,0
5.73242,0.0292969,0.766791,-2.90983e-10,0.426165,1,0
5.71289,0.0488281,0.762772,-3.59233e-10,0.428116,1,0
5.71289,0.0683594,0.756727,-4.17717e-10,0.428116,1,0
5.73242,0.0488281,0.762772,-3.57909e-10,0.426165,1,0
5.73242,0.0683594,0.756727,-4.1599e-10,0.426165,1,0
5.75195,0.00976562,0.768797,-1.26766e-10,0.424213,1,0
5.75195,0.0292969,0.766791,-2.90098e-10,0.424213,1,0
5.77148,0.00976562,0.768797,-1.26441e-10,0.422262,1,0
5.77148,0.0292969,0.766791,-2.89232e-10,0.422262,1,0
5.75195,0.0488281,0.762772,-3.56605e-10,0.424213,1,0
5.75195,0.0683594,0.756727,-4.14285e-10,0.424213,1,0
5.77148,0.0488281,0.762772,-3.55323e-10,0.422262,1,0
5.77148,0.0683594,0.756727,-4.12604e-10,0.422262,1,0
5.71289,0.0878906,0.748635,-4.67565e-10,0.428116,1,0
5.71289,0.107422,0.738469,-5.04224e-10,0.428116,1,0
5.73242,0.0878906,0.748635,-4.65461e-10,0.426165,1,0
5.73242,0.107422,0.738469,-5.018e-10,0.426165,1,0
5.71289,0.126953,0.726197,-5.27789e-10,0.428116,1,0
5.71289,0.146484,0.711778,-5.38881e-10,0.428116,1,0
5.73242,0.126953,0.726197,-5.2511e-10,0.426165,1,0
5.73242,0.146484,0.711778,-5.3602e-10,0.426165,1,0
5.75195,0.0878906,0.748635,-4.63382e-10,0.424213,1,0
5.75195,0.107422,0.738469,-4.99402e-10,0.424213,1,0
5.77148,0.0878906,0.748635,-4.61329e-10,0.422262,1,0
5.77148,0.107422,0.738469,-4.97032e-10,0.422262,1,0
5.75195,0.126953,0.726197,-5.22459e-10,0.424213,1,0
5.75195,0.146484,0.711778,-5.33188e-10,0.424213,1,0
5.77148,0.126953,0.726197,-5.19838e-10,0.422262,1,0
5.77148,0.146484,0.711778,-5.30385e-10,0.422262,1,0
5.63477,0.166016,0.695165,-5.50044e-10,0.435922,1,0
5.63477,0.185547,0.676307,-5.37704e-10,0.435922,1,0
5.6543,0.166016,0.695165,-5.46973e-10,0.43397,1,0
5.6543,0.185547,0.676307,-5.34609e-10,0.43397,1,0
5.63477,0.205078,0.655146,-5.14441e-10,0.435922,1,0
5.63477,0.224609,0.631618,-4.81434e-10,0.435922,1,0
5.6543,0.205078,0.655146,-5.11401e-10,0.43397,1,0
5.6543,0.224609,0.631618,-4.78523e-10,0.43397,1,0
5.67383,0.166016,0.695165,-5.43928e-10,0.432019,1,0
5.67383,0.185547,0.676307,-5.31539e-10,0.432019,1,0
5.69336,0.166016,0.695165,-5.40909e-10,0.430067,1,0
5.69336,0.185547,0.676307,-5.28495e-10,0.430067,1,0
5.67383,0.205078,0.655146,-5.08385e-10,0.432019,1,0
5.67383,0.224609,0.631618,-4.75634e-10,0.432019,1,0
5.69336,0.205078,0.655146,-5.05393e-10,0.430067,1,0
5.69336,0.224609,0.631618,-4.72768e-10,0.430067,1,0
5.63477,0.244141,0.605653,-4.40159e-10,0.435922,1,0
5.63477,0.263672,0.577177,-3.92362e-10,0.435922,1,0
5.6543,0.244141,0.605653,-4.37443e-10,0.43397,1,0
5.6543,0.263672,0.577177,-3.89897e-10,0.43397,1,0
5.63477,0.283203,0.546111,-3.40025e-10,0.435922,1,0
5.63477,0.302734,0.51237,-2.8531e-10,0.435922,1,0
5.6543,0.283203,0.546111,-3.37856e-10,0.43397,1,0
5.6543,0.302734,0.51237,-2.83468e-10,0.43397,1,0
5.67383,0.244141,0.605653,-4.34747e-10,0.432019,1,0
5.67383,0.263672,0.577177,-3.8745e-10,0.432019,1,0
5.69336,0.244141,0.605653,-4.3207e-10,0.430067,1,0
5.69336,0.263672,0.577177,-3.85021e-10,0.430067,1,0
5.67383,0.283203,0.546111,-3.35702e-10,0.432019,1,0
5.67383,0.302734,0.51237,-2.81639e-10,0.432019,1,0
5.69336,0.283203,0.546111,-3.33563e-10,0.430067,1,0
5.69336,0.302734,0.51237,-2.79822e-10,0.430067,1,0
5.71289,0.166016,0.695165,-5.37917e-10,0.428116,1,0
5.71289,0.185547,0.676307,-5.25476e-10,0.428116,1,0
5.73242,0.166016,0.695165,-5.34951e-10,0.426165,1,0
5.73242,0.185547,0.676307,-5.22484e-10,0.426165,1,0
5.71289,0.205078,0.655146,-5.02426e-10,0.428116,1,0
5.71289,0.224609,0.631618,-4.69923e-10,0.428116,1,0
5.73242,0.205078,0.655146,-4.99483e-10,0.426165,1,0
5.73242,0.224609,0.631618,-4.67102e-10,0.426165,1,0
5.75195,0.166016,0.695165,-5.32013e-10,0.424213,1,0
5.75195,0.185547,0.676307,-5.19519e-10,0.424213,1,0
5.77148,0.166016,0.695165,-5.29106e-10,0.422262,1,0
5.77148,0.185547,0.676307,-5.16583e-10,0.422262,1,0
5.75195,0.205078,0.655146,-4.96566e-10,0.424213,1,0
5.75195,0.224609,0.631618,-4.64306e-10,0.424213,1,0
5.77148,0.205078,0.655146,-4.93678e-10,0.422262,1,0
5.77148,0.224609,0.631618,-4.61536e-10,0.422262,1,0
5.71289,0.244141,0.605653,-4.29415e-10,0.428116,1,0
5.71289,0.263672,0.577177,-3.82609e-10,0.428116,1,0
5.73242,0.244141,0.605653,-4.2678e-10,0.426165,1,0
5.73242,0.263672,0.577177,-3.80217e-10,0.426165,1,0
5.71289,0.283203,0.546111,-3.3144e-10,0.428116,1,0
5.71289,0.302734,0.51237,-2.78018e-10,0.428116,1,0
5.73242,0.283203,0.546111,-3.29334e-10,0.426165,1,0
5.73242,0.302734,0.51237,-2.76228e-10,0.426165,1,0
5.75195,0.244141,0.605653,-4.24169e-10,0.424213,1,0
5.75195,0.263672,0.577177,-3.77845e-10,0.424213,1,0
5.77148,0.244141,0.605653,-4.21581e-10,0.422262,1,0
5.77148,0.263672,0.577177,-3.75494e-10,0.422262,1,0
5.75195,0.283203,0.546111,-3.27245e-10,0.424213,1,0
5.75195,0.302734,0.51237,-2.74453e-10,0.424213,1,0
5.77148,0.283203,0.546111,-3.25174e-10,0.422262,1,0
5.77148,0.302734,0.51237,-2.72694e-10,0.422262,1,0
5.79102,0.00976562,0.768797,-1.26125e-10,0.420311,1,0
5.79102,0.0292969,0.766791,-2.88386e-10,0.420311,1,0
5.81055,0.00976562,0.768797,-1.25819e-10,0.418359,1,0
5.81055,0.0292969,0.766791,-2.87565e-10,0.418359,1,0
5.79102,0.0488281,0.762772,-3.54065e-10,0.420311,1,0
5.79102,0.0683594,0.756727,-4.1095e-10,0.420311,1,0
5.81055,0.0488281,0.762772,-3.52834e-10,0.418359,1,0
5.81055,0.0683594,0.756727,-4.09326e-10,0.418359,1,0
5.83008,0.00976562,0.768797,-1.25526e-10,0.416408,1,0
5.83008,0.0292969,0.766791,-2.86768e-10,0.416408,1,0
5.84961,0.00976562,0.768797,-1.25244e-10,0.414457,1,0
5.84961,0.0292969,0.766791,-2.85999e-10,0.414457,1,0
5.83008,0.0488281,0.762772,-3.51633e-10,0.416408,1,0
5.83008,0.0683594,0.756727,-4.07734e-10,0.416408,1,0
5.84961,0.0488281,0.762772,-3.50463e-10,0.414457,1,0
5.84961,0.0683594,0.756727,-4.06178e-10,0.414457,1,0
5.79102,0.0878906,0.748635,-4.59306e-10,0.420311,1,0
5.79102,0.107422,0.738469,-4.94694e-10,0.420311,1,0
5.81055,0.0878906,0.748635,-4.57315e-10,0.418359,1,0
5.81055,0.107422,0.738469,-4.92389e-10,0.418359,1,0
5.79102,0.126953,0.726197,-5.17248e-10,0.420311,1,0
5.79102,0.146484,0.711778,-5.27615e-10,0.420311,1,0
5.81055,0.126953,0.726197,-5.14693e-10,0.418359,1,0
5.81055,0.146484,0.711778,-5.2488e-10,0.418359,1,0
5.83008,0.0878906,0.748635,-4.55359e-10,0.416408,1,0
5.83008,0.107422,0.738469,-4.90121e-10,0.416408,1,0
5.84961,0.0878906,0.748635,-4.5344e-10,0.414457,1,0
5.84961,0.107422,0.738469,-4.87892e-10,0.414457,1,0
5.83008,0.126953,0.726197,-5.12176e-10,0.416408,1,0
5.83008,0.146484,0.711778,-5.22183e-10,0.416408,1,0
5.84961,0.126953,0.726197,-5.09698e-10,0.414457,1,0
5.84961,0.146484,0.711778,-5.19525e-10,0.414457,1,0
5.86914,0.00976562,0.768797,-1.24975e-10,0.412505,1,0
5.86914,0.0292969,0.766791,-2.85259e-10,0.412505,1,0
5.88867,0.00976562,0.768797,-1.24719e-10,0.410554,1,0
5.88867,0.0292969,0.766791,-2.84547e-10,0.410554,1,0
5.86914,0.0488281,0.762772,-3.49327e-10,0.412505,1,0
5.86914,0.0683594,0.756727,-4.04659e-10,0.412505,1,0
5.88867,0.0488281,0.762772,-3.48226e-10,0.410554,1,0
5.88867,0.0683594,0.756727,-4.03178e-10,0.410554,1,0
5.9082,0.00976562,0.768797,-1.24477e-10,0.408602,1,0
5.9082,0.0292969,0.766791,-2.83865e-10,0.408602,1,0
5.92773,0.00976562,0.768797,-1.24246e-10,0.406651,1,0
5.92773,0.0292969,0.766791,-2.83212e-10,0.406651,1,0
5.9082,0.0488281,0.762772,-3.47159e-10,0.408602,1,0
5.9082,0.0683594,0.756727,-4.01736e-10,0.408602,1,0
5.92773,0.0488281,0.762772,-3.46126e-10,0.406651,1,0
5.92773,0.0683594,0.756727,-4.00331e-10,0.406651,1,0
5.86914,0.0878906,0.748635,-4.51562e-10,0.412505,1,0
5.86914,0.107422,0.738469,-4.85705e-10,0.412505,1,0
5.88867,0.0878906,0.748635,-4.49724e-10,0.410554,1,0
5.88867,0.107422,0.738469,-4.83559e-10,0.410554,1,0
5.86914,0.126953,0.726197,-5.07262e-10,0.412505,1,0
5.86914,0.146484,0.711778,-5.16908e-10,0.412505,1,0
5.88867,0.126953,0.726197,-5.04869e-10,0.410554,1,0
5.88867,0.146484,0.711778,-5.14334e-10,0.410554,1,0
5.9082,0.0878906,0.748635,-4.47928e-10,0.408602,1,0
5.9082,0.107422,0.738469,-4.81457e-10,0.408602,1,0
5.92773,0.0878906,0.748635,-4.46172e-10,0.406651,1,0
5.92773,0.107422,0.738469,-4.79397e-10,0.406651,1,0
5.9082,0.126953,0.726197,-5.02519e-10,0.408602,1,0
5.9082,0.146484,0.711778,-5.11802e-10,0.408602,1,0
5.92773,0.126953,0.726197,-5.00213e-10,0.406651,1,0
5.92773,0.146484,0.711778,-5.09313e-10,0.406651,1,0
5.79102,0.166016,0.695165,-5.2623e-10,0.420311,1,0
5.79102,0.185547,0.676307,-5.13678e-10,0.420311,1,0
5.81055,0.166016,0.695165,-5.23389e-10,0.418359,1,0
5.81055,0.185547,0.676307,-5.10807e-10,0.418359,1,0
5.79102,0.205078,0.655146,-4.90819e-10,0.420311,1,0
5.79102,0.224609,0.631618,-4.58794e-10,0.420311,1,0
5.81055,0.205078,0.655146,-4.87992e-10,0.418359,1,0
5.81055,0.224609,0.631618,-4.56081e-10,0.418359,1,0
5.83008,0.166016,0.695165,-5.20585e-10,0.416408,1,0
5.83008,0.185547,0.676307,-5.07972e-10,0.416408,1,0
5.84961,0.166016,0.695165,-5.17819e-10,0.414457,1,0
5.84961,0.185547,0.676307,-5.05173e-10,0.414457,1,0
5.83008,0.205078,0.655146,-4.85199e-10,0.416408,1,0
5.83008,0.224609,0.631618,-4.53399e-10,0.416408,1,0
5.84961,0.205078,0.655146,-4.8244e-10,0.414457,1,0
5.84961,0.224609,0.631618,-4.50749e-10,0.414457,1,0
5.79102,0.244141,0.605653,-4.19019e-10,0.420311,1,0
5.79102,0.263672,0.577177,-3.73166e-10,0.420311,1,0
5.81055,0.244141,0.605653,-4.16483e-10,0.418359,1,0
5.81055,0.263672,0.577177,-3.70861e-10,0.418359,1,0
5.79102,0.283203,0.546111,-3.23123e-10,0.420311,1,0
5.79102,0.302734,0.51237,-2.7095e-10,0.420311,1,0
5.81055,0.283203,0.546111,-3.21093e-10,0.418359,1,0
5.81055,0.302734,0.51237,-2.69223e-10,0.418359,1,0
5.83008,0.244141,0.605653,-4.13975e-10,0.416408,1,0
5.83008,0.263672,0.577177,-3.68581e-10,0.416408,1,0
5.84961,0.244141,0.605653,-4.11496e-10,0.414457,1,0
5.84961,0.263672,0.577177,-3.66327e-10,0.414457,1,0
5.83008,0.283203,0.546111,-3.19083e-10,0.416408,1,0
5.83008,0.302734,0.51237,-2.67514e-10,0.416408,1,0
5.84961,0.283203,0.546111,-3.17094e-10,0.414457,1,0
5.84961,0.302734,0.51237,-2.65822e-10,0.414457,1,0
5.86914,0.166016,0.695165,-5.15094e-10,0.412505,1,0
5.86914,0.185547,0.676307,-5.02413e-10,0.412505,1,0
5.88867,0.166016,0.695165,-5.1241e-10,0.410554,1,0
5.88867,0.185547,0.676307,-4.99692e-10,0.410554,1,0
5.86914,0.205078,0.655146,-4.79717e-10,0.412505,1,0
5.86914,0.224609,0.631618,-4.48132e-10,0.412505,1,0
5.88867,0.205078,0.655146,-4.77032e-10,0.410554,1,0
5.88867,0.224609,0.631618,-4.45549e-10,0.410554,1,0
5.9082,0.166016,0.695165,-5.09767e-10,0.408602,1,0
5.9082,0.185547,0.676307,-4.97011e-10,0.408602,1,0
5.92773,0.166016,0.695165,-5.07166e-10,0.406651,1,0
5.92773,0.185547,0.676307,-4.9437e-10,0.406651,1,0
5.9082,0.205078,0.655146,-4.74383e-10,0.408602,1,0
5.9082,0.224609,0.631618,-4.43001e-10,0.408602,1,0
5.92773,0.205078,0.655146,-4.71772e-10,0.406651,1,0
5.92773,0.224609,0.631618,-4.40487e-10,0.406651,1,0
5.86914,0.244141,0.605653,-4.09047e-10,0.412505,1,0
5.86914,0.263672,0.577177,-3.64098e-10,0.412505,1,0
5.88867,0.244141,0.605653,-4.06629e-10,0.410554,1,0
5.88867,0.263672,0.577177,-3.61896e-10,0.410554,1,0
5.86914,0.283203,0.546111,-3.15128e-10,0.412505,1,0
5.86914,0.302734,0.51237,-2.64148e-10,0.412505,1,0
5.88867,0.283203,0.546111,-3.13185e-10,0.410554,1,0
5.88867,0.302734,0.51237,-2.62494e-10,0.410554,1,0
5.9082,0.244141,0.605653,-4.04241e-10,0.408602,1,0
5.9082,0.263672,0.577177,-3.59721e-10,0.408602,1,0
5.92773,0.244141,0.605653,-4.01885e-10,0.406651,1,0
5.92773,0.263672,0.577177,-3.57575e-10,0.406651,1,0
5.9082,0.283203,0.546111,-3.11265e-10,0.408602,1,0
5.9082,0.302734,0.51237,-2.60858e-10,0.408602,1,0
5.92773,0.283203,0.546111,-3.09369e-10,0.406651,1,0
5.92773,0.302734,0.51237,-2.59242e-10,0.406651,1,0
5.63477,0.322266,0.475867,-2.30514e-10,0.435922,1,0
5.63477,0.341797,0.43651,-1.7801e-10,0.435922,1,0
5.6543,0.322266,0.475867,-2.29016e-10,0.43397,1,0
5.6543,0.341797,0.43651,-1.76857e-10,0.43397,1,0
5.63477,0.361328,0.394203,-1.30213e-10,0.435922,1,0
5.63477,0.380859,0.348846,-8.95582e-11,0.435922,1,0
5.6543,0.361328,0.394203,-1.29372e-10,0.43397,1,0
5.6543,0.380859,0.348846,-8.85935e-11,0.43397,1,0
5.67383,0.322266,0.475867,-2.27527e-10,0.432019,1,0
5.67383,0.341797,0.43651,-1.75712e-10,0.432019,1,0
5.69336,0.322266,0.475867,-2.26049e-10,0.430067,1,0
5.69336,0.341797,0.43651,-1.74574e-10,0.430067,1,0
5.67383,0.361328,0.394203,-1.28576e-10,0.432019,1,0
5.67383,0.380859,0.348846,-8.85429e-11,0.432019,1,0
5.69336,0.361328,0.394203,-1.27747e-10,0.430067,1,0
5.69336,0.380859,0.348846,-8.75578e-11,0.430067,1,0
5.63477,0.400391,0.300338,-5.58153e-11,0.435922,1,0
5.63477,0.419922,0.248575,-3.36821e-11,0.435922,1,0
5.6543,0.400391,0.300338,-5.75965e-11,0.43397,1,0
5.6543,0.419922,0.248575,-3.11839e-11,0.43397,1,0
5.63477,0.439453,0.193451,-1.57704e-11,0.435922,1,0
5.63477,0.458984,0.13486,-5.73108e-12,0.435922,1,0
5.6543,0.439453,0.193451,-1.51591e-11,0.43397,1,0
5.6543,0.458984,0.13486,-9.10383e-12,0.43397,1,0
5.67383,0.400391,0.300338,-5.52525e-11,0.432019,1,0
5.67383,0.419922,0.248575,-3.36476e-11,0.432019,1,0
5.69336,0.400391,0.300338,-5.71511e-11,0.430067,1,0
5.69336,0.419922,0.248575,-3.103e-11,0.430067,1,0
5.67383,0.439453,0.193451,-1.59735e-11,0.432019,1,0
5.67383,0.458984,0.13486,-5.96343e-12,0.432019,1,0
5.69336,0.439453,0.193451,-1.53221e-11,0.430067,1,0
5.69336,0.458984,0.13486,-9.50212e-12,0.430067,1,0
5.71289,0.322266,0.475867,-2.24582e-10,0.428116,1,0
5.71289,0.341797,0.43651,-1.73445e-10,0.428116,1,0
5.73242,0.322266,0.475867,-2.23125e-10,0.426165,1,0
5.73242,0.341797,0.43651,-1.72325e-10,0.426165,1,0
5.71289,0.361328,0.394203,-1.26963e-10,0.428116,1,0
5.71289,0.380859,0.348846,-8.75444e-11,0.428116,1,0
5.73242,0.361328,0.394203,-1.26147e-10,0.426165,1,0
5.73242,0.380859,0.348846,-8.65397e-11,0.426165,1,0
5.75195,0.322266,0.475867,-2.21681e-10,0.424213,1,0
5.75195,0.341797,0.43651,-1.71213e-10,0.424213,1,0
5.77148,0.322266,0.475867,-2.20249e-10,0.422262,1,0
5.77148,0.341797,0.43651,-1.70111e-10,0.422262,1,0
5.75195,0.361328,0.394203,-1.25376e-10,0.424213,1,0
5.75195,0.380859,0.348846,-8.65643e-11,0.424213,1,0
5.77148,0.361328,0.394203,-1.24573e-10,0.422262,1,0
5.77148,0.380859,0.348846,-8.55402e-11,0.422262,1,0
5.71289,0.400391,0.300338,-5.47011e-11,0.428116,1,0
5.71289,0.419922,0.248575,-3.36219e-11,0.428116,1,0
5.73242,0.400391,0.300338,-5.67187e-11,0.426165,1,0
5.73242,0.419922,0.248575,-3.08844e-11,0.426165,1,0
5.71289,0.439453,0.193451,-1.61828e-11,0.428116,1,0
5.71289,0.458984,0.13486,-6.20032e-12,0.428116,1,0
5.73242,0.439453,0.193451,-1.54911e-11,0.426165,1,0
5.73242,0.458984,0.13486,-9.90605e-12,0.426165,1,0
5.75195,0.400391,0.300338,-5.41623e-11,0.424213,1,0
5.75195,0.419922,0.248575,-3.36055e-11,0.424213,1,0
5.77148,0.400391,0.300338,-5.62993e-11,0.422262,1,0
5.77148,0.419922,0.248575,-3.07468e-11,0.422262,1,0
5.75195,0.439453,0.193451,-1.63982e-11,0.424213,1,0
5.75195,0.458984,0.13486,-6.44147e-12,0.424213,1,0
5.77148,0.439453,0.193451,-1.56654e-11,0.422262,1,0
5.77148,0.458984,0.13486,-1.03151e-11,0.422262,1,0
5.63477,0.478516,0.0726926,-1.37079e-11,0.435922,1,0
5.63477,0.498047,0.00683689,-3.46429e-11,0.435922,0.6,0
5.6543,0.478516,0.0726926,-1.23109e-11,0.43397,1,0
5.6543,0.498047,0.00683689,-3.40136e-11,0.43397,0.6,0
5.67383,0.478516,0.0726926,-1.40417e-11,0.432019,1,0
5.67383,0.498047,0.00683689,-3.48544e-11,0.432019,0.6,0
5.69336,0.478516,0.0726926,-1.25717e-11,0.430067,1,0
5.69336,0.498047,0.00683689,-3.41932e-11,0.430067,0.6,0
5.71289,0.478516,0.0726926,-1.43833e-11,0.428116,1,0
5.71289,0.498047,0.00683689,-3.50812e-11,0.428116,0.6,0
5.73242,0.478516,0.0726926,-1.28398e-11,0.426165,1,0
5.73242,0.498047,0.00683689,-3.4388e-11,0.426165,0.6,0
5.75195,0.478516,0.0726926,-1.47329e-11,0.424213,1,0
5.75195,0.498047,0.00683689,-3.53236e-11,0.424213,0.6,0
5.77148,0.478516,0.0726926,-1.31153e-11,0.422262,1,0
5.77148,0.498047,0.00683689,-3.45983e-11,0.422262,0.6,0
5.79102,0.322266,0.475867,-2.1883e-10,0.420311,1,0
5.79102,0.341797,0.43651,-1.69019e-10,0.420311,1,0
5.81055,0.322266,0.475867,-2.17424e-10,0.418359,1,0
5.81055,0.341797,0.43651,-1.67937e-10,0.418359,1,0
5.79102,0.361328,0.394203,-1.23817e-10,0.420311,1,0
5.79102,0.380859,0.348846,-8.56031e-11,0.420311,1,0
5.81055,0.361328,0.394203,-1.23028e-10,0.418359,1,0
5.81055,0.380859,0.348846,-8.45593e-11,0.418359,1,0
5.83008,0.322266,0.475867,-2.16031e-10,0.416408,1,0
5.83008,0.341797,0.43651,-1.66865e-10,0.416408,1,0
5.84961,0.322266,0.475867,-2.14653e-10,0.414457,1,0
5.84961,0.341797,0.43651,-1.65804e-10,0.414457,1,0
5.83008,0.361328,0.394203,-1.22285e-10,0.416408,1,0
5.83008,0.380859,0.348846,-8.46604e-11,0.416408,1,0
5.84961,0.361328,0.394203,-1.2151e-10,0.414457,1,0
5.84961,0.380859,0.348846,-8.35965e-11,0.414457,1,0
5.79102,0.400391,0.300338,-5.36352e-11,0.420311,1,0
5.79102,0.419922,0.248575,-3.35974e-11,0.420311,1,0
5.81055,0.400391,0.300338,-5.58921e-11,0.418359,1,0
5.81055,0.419922,0.248575,-3.06159e-11,0.418359,1,0
5.79102,0.439453,0.193451,-1.66185e-11,0.420311,1,0
5.79102,0.458984,0.13486,-6.68617e-12,0.420311,1,0
5.81055,0.439453,0.193451,-1.58438e-11,0.418359,1,0
5.81055,0.458984,0.13486,-1.07287e-11,0.418359,1,0
5.83008,0.400391,0.300338,-5.31191e-11,0.416408,1,0
5.83008,0.419922,0.248575,-3.35963e-11,0.416408,1,0
5.84961,0.400391,0.300338,-5.54965e-11,0.414457,1,0
5.84961,0.419922,0.248575,-3.04907e-11,0.414457,1,0
5.83008,0.439453,0.193451,-1.68428e-11,0.416408,1,0
5.83008,0.458984,0.13486,-6.93378e-12,0.416408,1,0
5.84961,0.439453,0.193451,-1.60257e-11,0.414457,1,0
5.84961,0.458984,0.13486,-1.11464e-11,0.414457,1,0
5.86914,0.322266,0.475867,-2.13289e-10,0.412505,1,0
5.86914,0.341797,0.43651,-1.64752e-10,0.412505,1,0
5.88867,0.322266,0.475867,-2.1194e-10,0.410554,1,0
5.88867,0.341797,0.43651,-1.63713e-10,0.410554,1,0
5.86914,0.361328,0.394203,-1.20783e-10,0.412505,1,0
5.86914,0.380859,0.348846,-8.37365e-11,0.412505,1,0
5.88867,0.361328,0.394203,-1.20023e-10,0.410554,1,0
5.88867,0.380859,0.348846,-8.26532e-11,0.410554,1,0
5.9082,0.322266,0.475867,-2.10606e-10,0.408602,1,0
5.9082,0.341797,0.43651,-1.62684e-10,0.408602,1,0
5.92773,0.322266,0.475867,-2.09287e-10,0.406651,1,0
5.92773,0.341797,0.43651,-1.61668e-10,0.406651,1,0
5.9082,0.361328,0.394203,-1.19311e-10,0.408602,1,0
5.9082,0.380859,0.348846,-8.28337e-11,0.408602,1,0
5.92773,0.361328,0.394203,-1.18569e-10,0.406651,1,0
5.92773,0.380859,0.348846,-8.17327e-11,0.406651,1,0
5.86914,0.400391,0.300338,-5.26138e-11,0.412505,1,0
5.86914,0.419922,0.248575,-3.36024e-11,0.412505,1,0
5.88867,0.400391,0.300338,-5.51134e-11,0.410554,1,0
5.88867,0.419922,0.248575,-3.03723e-11,0.410554,1,0
5.86914,0.439453,0.193451,-1.70712e-11,0.412505,1,0
5.86914,0.458984,0.13486,-7.18432e-12,0.412505,1,0
5.88867,0.439453,0.193451,-1.6212e-11,0.410554,1,0
5.88867,0.458984,0.13486,-1.15689e-11,0.410554,1,0
5.9082,0.400391,0.300338,-5.21215e-11,0.408602,1,0
5.9082,0.419922,0.248575,-3.36176e-11,0.408602,1,0
5.92773,0.400391,0.300338,-5.47462e-11,0.406651,1,0
5.92773,0.419922,0.248575,-3.02635e-11,0.406651,1,0
5.9082,0.439453,0.193451,-1.73052e-11,0.408602,1,0
5.9082,0.458984,0.13486,-7.43887e-12,0.408602,1,0
5.92773,0.439453,0.193451,-1.64049e-11,0.406651,1,0
5.92773,0.458984,0.13486,-1.19977e-11,0.406651,1,0
5.79102,0.478516,0.0726926,-1.50904e-11,0.420311,1,0
5.79102,0.498047,0.00683689,-3.5582e-11,0.420311,0.6,0
5.81055,0.478516,0.0726926,-1.33978e-11,0.418359,1,0
5.81055,0.498047,0.00683689,-3.48243e-11,0.418359,0.6,0
5.83008,0.478516,0.0726926,-1.54555e-11,0.416408,1,0
5.83008,0.498047,0.00683689,-3.58565e-11,0.416408,0.6,0
5.84961,0.478516,0.0726926,-1.36874e-11,0.414457,1,0
5.84961,0.498047,0.00683689,-3.50663e-11,0.414457,0.6,0
5.86914,0.478516,0.0726926,-1.58284e-11,0.412505,1,0
5.86914,0.498047,0.00683689,-3.61474e-11,0.412505,0.6,0
5.88867,0.478516,0.0726926,-1.39843e-11,0.410554,1,0
5.88867,0.498047,0.00683689,-3.53242e-11,0.410554,0.6,0
5.9082,0.478516,0.0726926,-1.62097e-11,0.408602,1,0
5.9082,0.498047,0.00683689,-3.64547e-11,0.408602,0.6,0
5.92773,0.478516,0.0726926,-1.42892e-11,0.406651,1,0
5.92773,0.498047,0.00683689,-3.55983e-11,0.406651,0.6,0
5.94727,0.00976562,0.768797,-1.24028e-10,0.4047,1,0
5.94727,0.0292969,0.766791,-2.82585e-10,0.4047,1,0
5.9668,0.00976562,0.768797,-1.23822e-10,0.402748,1,0
5.9668,0.0292969,0.766791,-2.81984e-10,0.402748,1,0
5.94727,0.0488281,0.762772,-3.45124e-10,0.4047,1,0
5.94727,0.0683594,0.756727,-3.98963e-10,0.4047,1,0
5.9668,0.0488281,0.762772,-3.44154e-10,0.402748,1,0
5.9668,0.0683594,0.756727,-3.97629e-10,0.402748,1,0
5.98633,0.00976562,0.768797,-1.23626e-10,0.400797,1,0
5.98633,0.0292969,0.766791,-2.81407e-10,0.400797,1,0
6.00586,0.00976562,0.768797,-1.23441e-10,0.398846,1,0
6.00586,0.0292969,0.766791,-2.80854e-10,0.398846,1,0
5.98633,0.0488281,0.762772,-3.43212e-10,0.400797,1,0
5.98633,0.0683594,0.756727,-3.96329e-10,0.400797,1,0
6.00586,0.0488281,0.762772,-3.42298e-10,0.398846,1,0
6.00586,0.0683594,0.756727,-3.9506e-10,0.398846,1,0
5.94727,0.0878906,0.748635,-4.44456e-10,0.4047,1,0
5.94727,0.107422,0.738469,-4.77378e-10,0.4047,1,0
5.9668,0.0878906,0.748635,-4.42778e-10,0.402748,1,0
5.9668,0.107422,0.738469,-4.754e-10,0.402748,1,0
5.94727,0.126953,0.726197,-4.97948e-10,0.4047,1,0
5.94727,0.146484,0.711778,-5.06867e-10,0.4047,1,0
5.9668,0.126953,0.726197,-4.95725e-10,0.402748,1,0
5.9668,0.146484,0.711778,-5.04463e-10,0.402748,1,0
5.98633,0.0878906,0.748635,-4.41137e-10,0.400797,1,0
5.98633,0.107422,0.738469,-4.73461e-10,0.400797,1,0
6.00586,0.0878906,0.748635,-4.39531e-10,0.398846,1,0
6.00586,0.107422,0.738469,-4.7156e-10,0.398846,1,0
5.98633,0.126953,0.726197,-4.93543e-10,0.400797,1,0
5.98633,0.146484,0.711778,-5.02099e-10,0.400797,1,0
6.00586,0.126953,0.726197,-4.914e-10,0.398846,1,0
6.00586,0.146484,0.711778,-4.99776e-10,0.398846,1,0
6.02539,0.00976562,0.768797,-1.23265e-10,0.396894,1,0
6.02539,0.0292969,0.766791,-2.80322e-10,0.396894,1,0
6.04492,0.00976562,0.768797,-1.231e-10,0.394943,1,0
6.04492,0.0292969,0.766791,-2.79813e-10,0.394943,1,0
6.02539,0.0488281,0.762772,-3.41411e-10,0.396894,1,0
6.02539,0.0683594,0.756727,-3.93822e-10,0.396894,1,0
6.04492,0.0488281,0.762772,-3.4055e-10,0.394943,1,0
6.04492,0.0683594,0.756727,-3.92615e-10,0.394943,1,0
6.06445,0.00976562,0.768797,-1.22945e-10,0.392992,1,0
6.06445,0.0292969,0.766791,-2.79327e-10,0.392992,1,0
6.08398,0.00976562,0.768797,-1.228e-10,0.39104,1,0
6.08398,0.0292969,0.766791,-2.78864e-10,0.39104,1,0
6.06445,0.0488281,0.762772,-3.39717e-10,0.392992,1,0
6.06445,0.0683594,0.756727,-3.91439e-10,0.392992,1,0
6.08398,0.0488281,0.762772,-3.38912e-10,0.39104,1,0
6.08398,0.0683594,0.756727,-3.90296e-10,0.39104,1,0
6.02539,0.0878906,0.748635,-4.37959e-10,0.396894,1,0
6.02539,0.107422,0.738469,-4.69696e-10,0.396894,1,0
6.04492,0.0878906,0.748635,-4.36423e-10,0.394943,1,0
6.04492,0.107422,0.738469,-4.6787e-10,0.394943,1,0
6.02539,0.126953,0.726197,-4.89297e-10,0.396894,1,0
6.02539,0.146484,0.711778,-4.97494e-10,0.396894,1,0
6.04492,0.126953,0.726197,-4.87234e-10,0.394943,1,0
6.04492,0.146484,0.711778,-4.95252e-10,0.394943,1,0
6.06445,0.0878906,0.748635,-4.34921e-10,0.392992,1,0
6.06445,0.107422,0.738469,-4.66082e-10,0.392992,1,0
6.08398,0.0878906,0.748635,-4.33456e-10,0.39104,1,0
6.08398,0.107422,0.738469,-4.64333e-10,0.39104,1,0
6.06445,0.126953,0.726197,-4.8521e-10,0.392992,1,0
6.06445,0.146484,0.711778,-4.93052e-10,0.392992,1,0
6.08398,0.126953,0.726197,-4.83228e-10,0.39104,1,0
6.08398,0.146484,0.711778,-4.90894e-10,0.39104,1,0
5.94727,0.166016,0.695165,-5.04607e-10,0.4047,1,0
5.94727,0.185547,0.676307,-4.91769e-10,0.4047,1,0
5.9668,0.166016,0.695165,-5.02089e-10,0.402748,1,0
5.9668,0.185547,0.676307,-4.89207e-10,0.402748,1,0
5.94727,0.205078,0.655146,-4.692e-10,0.4047,1,0
5.94727,0.224609,0.631618,-4.38009e-10,0.4047,1,0
5.9668,0.205078,0.655146,-4.66665e-10,0.402748,1,0
5.9668,0.224609,0.631618,-4.35566e-10,0.402748,1,0
5.98633,0.166016,0.695165,-4.99612e-10,0.400797,1,0
5.98633,0.185547,0.676307,-4.86686e-10,0.400797,1,0
6.00586,0.166016,0.695165,-4.97176e-10,0.398846,1,0
6.00586,0.185547,0.676307,-4.84205e-10,0.398846,1,0
5.98633,0.205078,0.655146,-4.64168e-10,0.400797,1,0
5.98633,0.224609,0.631618,-4.33158e-10,0.400797,1,0
6.00586,0.205078,0.655146,-4.61709e-10,0.398846,1,0
6.00586,0.224609,0.631618,-4.30786e-10,0.398846,1,0
5.94727,0.244141,0.605653,-3.99561e-10,0.4047,1,0
5.94727,0.263672,0.577177,-3.55456e-10,0.4047,1,0
5.9668,0.244141,0.605653,-3.97269e-10,0.402748,1,0
5.9668,0.263672,0.577177,-3.53366e-10,0.402748,1,0
5.94727,0.283203,0.546111,-3.07497e-10,0.4047,1,0
5.94727,0.302734,0.51237,-2.57647e-10,0.4047,1,0
5.9668,0.283203,0.546111,-3.0565e-10,0.402748,1,0
5.9668,0.302734,0.51237,-2.56072e-10,0.402748,1,0
5.98633,0.244141,0.605653,-3.95009e-10,0.400797,1,0
5.98633,0.263672,0.577177,-3.51305e-10,0.400797,1,0
6.00586,0.244141,0.605653,-3.92782e-10,0.398846,1,0
6.00586,0.263672,0.577177,-3.49273e-10,0.398846,1,0
5.98633,0.283203,0.546111,-3.03828e-10,0.400797,1,0
5.98633,0.302734,0.51237,-2.54519e-10,0.400797,1,0
6.00586,0.283203,0.546111,-3.02032e-10,0.398846,1,0
6.00586,0.302734,0.51237,-2.52988e-10,0.398846,1,0
6.02539,0.166016,0.695165,-4.9478e-10,0.396894,1,0
6.02539,0.185547,0.676307,-4.81763e-10,0.396894,1,0
6.04492,0.166016,0.695165,-4.92425e-10,0.394943,1,0
6.04492,0.185547,0.676307,-4.79361e-10,0.394943,1,0
6.02539,0.205078,0.655146,-4.59288e-10,0.396894,1,0
6.02539,0.224609,0.631618,-4.2845e-10,0.396894,1,0
6.04492,0.205078,0.655146,-4.56906e-10,0.394943,1,0
6.04492,0.224609,0.631618,-4.26151e-10,0.394943,1,0
6.06445,0.166016,0.695165,-4.90111e-10,0.392992,1,0
6.06445,0.185547,0.676307,-4.77e-10,0.392992,1,0
6.08398,0.166016,0.695165,-4.8784e-10,0.39104,1,0
6.08398,0.185547,0.676307,-4.74681e-10,0.39104,1,0
6.06445,0.205078,0.655146,-4.54564e-10,0.392992,1,0
6.06445,0.224609,0.631618,-4.23888e-10,0.392992,1,0
6.08398,0.205078,0.655146,-4.5226e-10,0.39104,1,0
6.08398,0.224609,0.631618,-4.21662e-10,0.39104,1,0
6.02539,0.244141,0.605653,-3.90589e-10,0.396894,1,0
6.02539,0.263672,0.577177,-3.47272e-10,0.396894,1,0
6.04492,0.244141,0.605653,-3.88429e-10,0.394943,1,0
6.04492,0.263672,0.577177,-3.453e-10,0.394943,1,0
6.02539,0.283203,0.546111,-3.00262e-10,0.396894,1,0
6.02539,0.302734,0.51237,-2.51478e-10,0.396894,1,0
6.04492,0.283203,0.546111,-2.98518e-10,0.394943,1,0
6.04492,0.302734,0.51237,-2.49992e-10,0.394943,1,0
6.06445,0.244141,0.605653,-3.86302e-10,0.392992,1,0
6.06445,0.263672,0.577177,-3.43358e-10,0.392992,1,0
6.08398,0.244141,0.605653,-3.84209e-10,0.39104,1,0
6.08398,0.263672,0.577177,-3.41447e-10,0.39104,1,0
6.06445,0.283203,0.546111,-2.96801e-10,0.392992,1,0
6.06445,0.302734,0.51237,-2.48528e-10,0.392992,1,0
6.08398,0.283203,0.546111,-2.9511e-10,0.39104,1,0
6.08398,0.302734,0.51237,-2.47086e-10,0.39104,1,0
6.10352,0.00976562,0.768797,-1.22667e-10,0.389089,1,0
6.10352,0.0292969,0.766791,-2.78427e-10,0.389089,1,0
6.12305,0.00976562,0.768797,-1.22546e-10,0.387137,1,0
6.12305,0.0292969,0.766791,-2.78017e-10,0.387137,1,0
6.10352,0.0488281,0.762772,-3.38137e-10,0.389089,1,0
6.10352,0.0683594,0.756727,-3.89188e-10,0.389089,1,0
6.12305,0.0488281,0.762772,-3.37394e-10,0.387137,1,0
6.12305,0.0683594,0.756727,-3.88115e-10,0.387137,1,0
6.14258,0.00976562,0.768797,-1.22438e-10,0.385186,1,0
6.14258,0.0292969,0.766791,-2.77636e-10,0.385186,1,0
6.16211,0.00976562,0.768797,-1.22343e-10,0.383235,1,0
6.16211,0.0292969,0.766791,-2.77285e-10,0.383235,1,0
6.14258,0.0488281,0.762772,-3.36686e-10,0.385186,1,0
6.14258,0.0683594,0.756727,-3.87082e-10,0.385186,1,0
6.16211,0.0488281,0.762772,-3.36013e-10,0.383235,1,0
6.16211,0.0683594,0.756727,-3.86087e-10,0.383235,1,0
6.10352,0.0878906,0.748635,-4.32029e-10,0.389089,1,0
6.10352,0.107422,0.738469,-4.62625e-10,0.389089,1,0
6.12305,0.0878906,0.748635,-4.30642e-10,0.387137,1,0
6.12305,0.107422,0.738469,-4.6096e-10,0.387137,1,0
6.10352,0.126953,0.726197,-4.81288e-10,0.389089,1,0
6.10352,0.146484,0.711778,-4.88779e-10,0.389089,1,0
6.12305,0.126953,0.726197,-4.79392e-10,0.387137,1,0
6.12305,0.146484,0.711778,-4.86708e-10,0.387137,1,0
6.14258,0.0878906,0.748635,-4.29296e-10,0.385186,1,0
6.14258,0.107422,0.738469,-4.59338e-10,0.385186,1,0
6.16211,0.0878906,0.748635,-4.27993e-10,0.383235,1,0
6.16211,0.107422,0.738469,-4.57761e-10,0.383235,1,0
6.14258,0.126953,0.726197,-4.77541e-10,0.385186,1,0
6.14258,0.146484,0.711778,-4.84682e-10,0.385186,1,0
6.16211,0.126953,0.726197,-4.75735e-10,0.383235,1,0
6.16211,0.146484,0.711778,-4.82701e-10,0.383235,1,0
6.18164,0.00976562,0.768797,-1.22262e-10,0.381283,1,0
6.18164,0.0292969,0.766791,-2.76964e-10,0.381283,1,0
6.20117,0.00976562,0.768797,-1.22194e-10,0.379332,1,0
6.20117,0.0292969,0.766791,-2.76674e-10,0.379332,1,0
6.18164,0.0488281,0.762772,-3.35376e-10,0.381283,1,0
6.18164,0.0683594,0.756727,-3.85133e-10,0.381283,1,0
6.20117,0.0488281,0.762772,-3.34775e-10,0.379332,1,0
6.20117,0.0683594,0.756727,-3.84219e-10,0.379332,1,0
6.2207,0.00976562,0.768797,-1.22139e-10,0.377381,1,0
6.2207,0.0292969,0.766791,-2.76412e-10,0.377381,1,0
6.24023,0.00976562,0.768797,-1.22096e-10,0.375429,1,0
6.24023,0.0292969,0.766791,-2.76179e-10,0.375429,1,0
6.2207,0.0488281,0.762772,-3.34209e-10,0.377381,1,0
6.2207,0.0683594,0.756727,-3.83344e-10,0.377381,1,0
6.24023,0.0488281,0.762772,-3.33675e-10,0.375429,1,0
6.24023,0.0683594,0.756727,-3.82505e-10,0.375429,1,0
6.18164,0.0878906,0.748635,-4.26734e-10,0.381283,1,0
6.18164,0.107422,0.738469,-4.56229e-10,0.381283,1,0
6.20117,0.0878906,0.748635,-4.25517e-10,0.379332,1,0
6.20117,0.107422,0.738469,-4.54742e-10,0.379332,1,0
6.18164,0.126953,0.726197,-4.73975e-10,0.381283,1,0
6.18164,0.146484,0.711778,-4.80766e-10,0.381283,1,0
6.20117,0.126953,0.726197,-4.7226e-10,0.379332,1,0
6.20117,0.146484,0.711778,-4.78875e-10,0.379332,1,0
6.2207,0.0878906,0.748635,-4.24342e-10,0.377381,1,0
6.2207,0.107422,0.738469,-4.53297e-10,0.377381,1,0
6.24023,0.0878906,0.748635,-4.23207e-10,0.375429,1,0
6.24023,0.107422,0.738469,-4.51894e-10,0.375429,1,0
6.2207,0.126953,0.726197,-4.70589e-10,0.377381,1,0
6.2207,0.146484,0.711778,-4.77026e-10,0.377381,1,0
6.24023,0.126953,0.726197,-4.68959e-10,0.375429,1,0
6.24023,0.146484,0.711778,-4.75219e-10,0.375429,1,0
6.10352,0.166016,0.695165,-4.85611e-10,0.389089,1,0
6.10352,0.185547,0.676307,-4.72403e-10,0.389089,1,0
6.12305,0.166016,0.695165,-4.83426e-10,0.387137,1,0
6.12305,0.185547,0.676307,-4.70167e-10,0.387137,1,0
6.10352,0.205078,0.655146,-4.49996e-10,0.389089,1,0
6.10352,0.224609,0.631618,-4.19473e-10,0.389089,1,0
6.12305,0.205078,0.655146,-4.47773e-10,0.387137,1,0
6.12305,0.224609,0.631618,-4.17321e-10,0.387137,1,0
6.14258,0.166016,0.695165,-4.81285e-10,0.385186,1,0
6.14258,0.185547,0.676307,-4.67974e-10,0.385186,1,0
6.16211,0.166016,0.695165,-4.79189e-10,0.383235,1,0
6.16211,0.185547,0.676307,-4.65823e-10,0.383235,1,0
6.14258,0.205078,0.655146,-4.45589e-10,0.385186,1,0
6.14258,0.224609,0.631618,-4.15206e-10,0.385186,1,0
6.16211,0.205078,0.655146,-4.43445e-10,0.383235,1,0
6.16211,0.224609,0.631618,-4.13127e-10,0.383235,1,0
6.10352,0.244141,0.605653,-3.8215e-10,0.389089,1,0
6.10352,0.263672,0.577177,-3.39566e-10,0.389089,1,0
6.12305,0.244141,0.605653,-3.80125e-10,0.387137,1,0
6.12305,0.263672,0.577177,-3.37714e-10,0.387137,1,0
6.10352,0.283203,0.546111,-2.93445e-10,0.389089,1,0
6.10352,0.302734,0.51237,-2.45665e-10,0.389089,1,0
6.12305,0.283203,0.546111,-2.91806e-10,0.387137,1,0
6.12305,0.302734,0.51237,-2.44266e-10,0.387137,1,0
6.14258,0.244141,0.605653,-3.78133e-10,0.385186,1,0
6.14258,0.263672,0.577177,-3.35891e-10,0.385186,1,0
6.16211,0.244141,0.605653,-3.76173e-10,0.383235,1,0
6.16211,0.263672,0.577177,-3.34097e-10,0.383235,1,0
6.14258,0.283203,0.546111,-2.9019e-10,0.385186,1,0
6.14258,0.302734,0.51237,-2.42887e-10,0.385186,1,0
6.16211,0.283203,0.546111,-2.88599e-10,0.383235,1,0
6.16211,0.302734,0.51237,-2.41527e-10,0.383235,1,0
6.18164,0.166016,0.695165,-4.77136e-10,0.381283,1,0
6.18164,0.185547,0.676307,-4.63713e-10,0.381283,1,0
6.20117,0.166016,0.695165,-4.75126e-10,0.379332,1,0
6.20117,0.185547,0.676307,-4.61645e-10,0.379332,1,0
6.18164,0.205078,0.655146,-4.4134e-10,0.381283,1,0
6.18164,0.224609,0.631618,-4.11084e-10,0.381283,1,0
6.20117,0.205078,0.655146,-4.39272e-10,0.379332,1,0
6.20117,0.224609,0.631618,-4.09075e-10,0.379332,1,0
6.2207,0.166016,0.695165,-4.73158e-10,0.377381,1,0
6.2207,0.185547,0.676307,-4.59616e-10,0.377381,1,0
6.24023,0.166016,0.695165,-4.71229e-10,0.375429,1,0
6.24023,0.185547,0.676307,-4.57624e-10,0.375429,1,0
6.2207,0.205078,0.655146,-4.37241e-10,0.377381,1,0
6.2207,0.224609,0.631618,-4.071e-10,0.377381,1,0
6.24023,0.205078,0.655146,-4.35245e-10,0.375429,1,0
6.24023,0.224609,0.631618,-4.05156e-10,0.375429,1,0
6.18164,0.244141,0.605653,-3.74244e-10,0.381283,1,0
6.18164,0.263672,0.577177,-3.32329e-10,0.381283,1,0
6.20117,0.244141,0.605653,-3.72346e-10,0.379332,1,0
6.20117,0.263672,0.577177,-3.30589e-10,0.379332,1,0
6.18164,0.283203,0.546111,-2.87031e-10,0.381283,1,0
6.18164,0.302734,0.51237,-2.40186e-10,0.381283,1,0
6.20117,0.283203,0.546111,-2.85485e-10,0.379332,1,0
6.20117,0.302734,0.51237,-2.38862e-10,0.379332,1,0
6.2207,0.244141,0.605653,-3.70478e-10,0.377381,1,0
6.2207,0.263672,0.577177,-3.28873e-10,0.377381,1,0
6.24023,0.244141,0.605653,-3.68638e-10,0.375429,1,0
6.24023,0.263672,0.577177,-3.27182e-10,0.375429,1,0
6.2207,0.283203,0.546111,-2.8396e-10,0.377381,1,0
6.2207,0.302734,0.51237,-2.37556e-10,0.377381,1,0
6.24023,0.283203,0.546111,-2.82455e-10,0.375429,1,0
6.24023,0.302734,0.51237,-2.36266e-10,0.375429,1,0
5.94727,0.322266,0.475867,-2.07986e-10,0.4047,1,0
5.94727,0.341797,0.43651,-1.60664e-10,0.4047,1,0
5.9668,0.322266,0.475867,-2.06701e-10,0.402748,1,0
5.9668,0.341797,0.43651,-1.59674e-10,0.402748,1,0
5.94727,0.361328,0.394203,-1.17875e-10,0.4047,1,0
5.94727,0.380859,0.348846,-8.19563e-11,0.4047,1,0
5.9668,0.361328,0.394203,-1.17153e-10,0.402748,1,0
5.9668,0.380859,0.348846,-8.08397e-11,0.402748,1,0
5.98633,0.322266,0.475867,-2.05433e-10,0.400797,1,0
5.98633,0.341797,0.43651,-1.58698e-10,0.400797,1,0
6.00586,0.322266,0.475867,-2.04184e-10,0.398846,1,0
6.00586,0.341797,0.43651,-1.57736e-10,0.398846,1,0
5.98633,0.361328,0.394203,-1.1648e-10,0.400797,1,0
5.98633,0.380859,0.348846,-8.11089e-11,0.400797,1,0
6.00586,0.361328,0.394203,-1.15779e-10,0.398846,1,0
6.00586,0.380859,0.348846,-7.99784e-11,0.398846,1,0
5.94727,0.400391,0.300338,-5.16461e-11,0.4047,1,0
5.94727,0.419922,0.248575,-3.36454e-11,0.4047,1,0
5.9668,0.400391,0.300338,-5.43993e-11,0.402748,1,0
5.9668,0.419922,0.248575,-3.0168e-11,0.402748,1,0
5.94727,0.439453,0.193451,-1.75475e-11,0.4047,1,0
5.94727,0.458984,0.13486,-7.699e-12,0.4047,1,0
5.9668,0.439453,0.193451,-1.66071e-11,0.402748,1,0
5.9668,0.458984,0.13486,-1.24344e-11,0.402748,1,0
5.98633,0.400391,0.300338,-5.1192e-11,0.400797,1,0
5.98633,0.419922,0.248575,-3.36894e-11,0.400797,1,0
6.00586,0.400391,0.300338,-5.40762e-11,0.398846,1,0
6.00586,0.419922,0.248575,-3.00886e-11,0.398846,1,0
5.98633,0.439453,0.193451,-1.78007e-11,0.400797,1,0
5.98633,0.458984,0.13486,-7.96615e-12,0.400797,1,0
6.00586,0.439453,0.193451,-1.68205e-11,0.398846,1,0
6.00586,0.458984,0.13486,-1.28803e-11,0.398846,1,0
6.02539,0.322266,0.475867,-2.02953e-10,0.396894,1,0
6.02539,0.341797,0.43651,-1.56789e-10,0.396894,1,0
6.04492,0.322266,0.475867,-2.01741e-10,0.394943,1,0
6.04492,0.341797,0.43651,-1.55857e-10,0.394943,1,0
6.02539,0.361328,0.394203,-1.15129e-10,0.396894,1,0
6.02539,0.380859,0.348846,-8.02948e-11,0.396894,1,0
6.04492,0.361328,0.394203,-1.14451e-10,0.394943,1,0
6.04492,0.380859,0.348846,-7.91503e-11,0.394943,1,0
6.06445,0.322266,0.475867,-2.00548e-10,0.392992,1,0
6.06445,0.341797,0.43651,-1.54939e-10,0.392992,1,0
6.08398,0.322266,0.475867,-1.99372e-10,0.39104,1,0
6.08398,0.341797,0.43651,-1.54036e-10,0.39104,1,0
6.06445,0.361328,0.394203,-1.13824e-10,0.392992,1,0
6.06445,0.380859,0.348846,-7.95136e-11,0.392992,1,0
6.08398,0.361328,0.394203,-1.13167e-10,0.39104,1,0
6.08398,0.380859,0.348846,-7.8354e-11,0.39104,1,0
6.02539,0.400391,0.300338,-5.07615e-11,0.396894,1,0
6.02539,0.419922,0.248575,-3.37512e-11,0.396894,1,0
6.04492,0.400391,0.300338,-5.37777e-11,0.394943,1,0
6.04492,0.419922,0.248575,-3.00254e-11,0.394943,1,0
6.02539,0.439453,0.193451,-1.80659e-11,0.396894,1,0
6.02539,0.458984,0.13486,-8.24086e-12,0.396894,1,0
6.04492,0.439453,0.193451,-1.70453e-11,0.394943,1,0
6.04492,0.458984,0.13486,-1.33353e-11,0.394943,1,0
6.06445,0.400391,0.300338,-5.03537e-11,0.392992,1,0
6.06445,0.419922,0.248575,-3.38299e-11,0.392992,1,0
6.08398,0.400391,0.300338,-5.35023e-11,0.39104,1,0
6.08398,0.419922,0.248575,-2.99768e-11,0.39104,1,0
6.06445,0.439453,0.193451,-1.8342e-11,0.392992,1,0
6.06445,0.458984,0.13486,-8.52244e-12,0.392992,1,0
6.08398,0.439453,0.193451,-1.72798e-11,0.39104,1,0
6.08398,0.458984,0.13486,-1.37984e-11,0.39104,1,0
5.94727,0.478516,0.0726926,-1.66e-11,0.4047,1,0
5.94727,0.498047,0.00683689,-3.67784e-11,0.4047,0.6,0
5.9668,0.478516,0.0726926,-1.46025e-11,0.402748,1,0
5.9668,0.498047,0.00683689,-3.58886e-11,0.402748,0.6,0
5.98633,0.478516,0.0726926,-1.69998e-11,0.400797,1,0
5.98633,0.498047,0.00683689,-3.71189e-11,0.400797,0.6,0
6.00586,0.478516,0.0726926,-1.49247e-11,0.398846,1,0
6.00586,0.498047,0.00683689,-3.61951e-11,0.398846,0.6,0
6.02539,0.478516,0.0726926,-1.74093e-11,0.396894,1,0
6.02539,0.498047,0.00683689,-3.74761e-11,0.396894,0.6,0
6.04492,0.478516,0.0726926,-1.52556e-11,0.394943,1,0
6.04492,0.498047,0.00683689,-3.65181e-11,0.394943,0.6,0
6.06445,0.478516,0.0726926,-1.78284e-11,0.392992,1,0
6.06445,0.498047,0.00683689,-3.78502e-11,0.392992,0.6,0
6.08398,0.478516,0.0726926,-1.55951e-11,0.39104,1,0
6.08398,0.498047,0.00683689,-3.68574e-11,0.39104,0.6,0
6.10352,0.322266,0.475867,-1.98214e-10,0.389089,1,0
6.10352,0.341797,0.43651,-1.53145e-10,0.389089,1,0
6.12305,0.322266,0.475867,-1.97072e-10,0.387137,1,0
6.12305,0.341797,0.43651,-1.52268e-10,0.387137,1,0
6.10352,0.361328,0.394203,-1.1256e-10,0.389089,1,0
6.10352,0.380859,0.348846,-7.87628e-11,0.389089,1,0
6.12305,0.361328,0.394203,-1.11922e-10,0.387137,1,0
6.12305,0.380859,0.348846,-7.75851e-11,0.387137,1,0
6.14258,0.322266,0.475867,-1.95946e-10,0.385186,1,0
6.14258,0.341797,0.43651,-1.51402e-10,0.385186,1,0
6.16211,0.322266,0.475867,-1.94835e-10,0.383235,1,0
6.16211,0.341797,0.43651,-1.50548e-10,0.383235,1,0
6.14258,0.361328,0.394203,-1.11332e-10,0.385186,1,0
6.14258,0.380859,0.348846,-7.8037e-11,0.385186,1,0
6.16211,0.361328,0.394203,-1.1071e-10,0.383235,1,0
6.16211,0.380859,0.348846,-7.68384e-11,0.383235,1,0
6.10352,0.400391,0.300338,-4.99661e-11,0.389089,1,0
6.10352,0.419922,0.248575,-3.39232e-11,0.389089,1,0
6.12305,0.400391,0.300338,-5.32461e-11,0.387137,1,0
6.12305,0.419922,0.248575,-2.99396e-11,0.387137,1,0
6.10352,0.439453,0.193451,-1.86274e-11,0.389089,1,0
6.10352,0.458984,0.13486,-8.8097e-12,0.389089,1,0
6.12305,0.439453,0.193451,-1.75218e-11,0.387137,1,0
6.12305,0.458984,0.13486,-1.42684e-11,0.387137,1,0
6.14258,0.400391,0.300338,-4.95942e-11,0.385186,1,0
6.14258,0.419922,0.248575,-3.40277e-11,0.385186,1,0
6.16211,0.400391,0.300338,-5.30048e-11,0.383235,1,0
6.16211,0.419922,0.248575,-2.99105e-11,0.383235,1,0
6.14258,0.439453,0.193451,-1.89195e-11,0.385186,1,0
6.14258,0.458984,0.13486,-9.10133e-12,0.385186,1,0
6.16211,0.439453,0.193451,-1.77692e-11,0.383235,1,0
6.16211,0.458984,0.13486,-1.47442e-11,0.383235,1,0
6.18164,0.322266,0.475867,-1.93739e-10,0.381283,1,0
6.18164,0.341797,0.43651,-1.49703e-10,0.381283,1,0
6.20117,0.322266,0.475867,-1.92656e-10,0.379332,1,0
6.20117,0.341797,0.43651,-1.48869e-10,0.379332,1,0
6.18164,0.361328,0.394203,-1.10136e-10,0.381283,1,0
6.18164,0.380859,0.348846,-7.73315e-11,0.381283,1,0
6.20117,0.361328,0.394203,-1.09528e-10,0.379332,1,0
6.20117,0.380859,0.348846,-7.611e-11,0.379332,1,0
6.2207,0.322266,0.475867,-1.91587e-10,0.377381,1,0
6.2207,0.341797,0.43651,-1.48045e-10,0.377381,1,0
6.24023,0.322266,0.475867,-1.9053e-10,0.375429,1,0
6.24023,0.341797,0.43651,-1.47229e-10,0.375429,1,0
6.2207,0.361328,0.394203,-1.08966e-10,0.377381,1,0
6.2207,0.380859,0.348846,-7.66438e-11,0.377381,1,0
6.24023,0.361328,0.394203,-1.08372e-10,0.375429,1,0
6.24023,0.380859,0.348846,-7.53987e-11,0.375429,1,0
6.18164,0.400391,0.300338,-4.92341e-11,0.381283,1,0
6.18164,0.419922,0.248575,-3.41406e-11,0.381283,1,0
6.20117,0.400391,0.300338,-5.27756e-11,0.379332,1,0
6.20117,0.419922,0.248575,-2.98876e-11,0.379332,1,0
6.18164,0.439453,0.193451,-1.92167e-11,0.381283,1,0
6.18164,0.458984,0.13486,-9.39643e-12,0.381283,1,0
6.20117,0.439453,0.193451,-1.80209e-11,0.379332,1,0
6.20117,0.458984,0.13486,-1.52254e-11,0.379332,1,0
6.2207,0.400391,0.300338,-4.88843e-11,0.377381,1,0
6.2207,0.419922,0.248575,-3.42611e-11,0.377381,1,0
6.24023,0.400391,0.300338,-5.25581e-11,0.375429,1,0
6.24023,0.419922,0.248575,-2.98712e-11,0.375429,1,0
6.2207,0.439453,0.193451,-1.95189e-11,0.377381,1,0
6.2207,0.458984,0.13486,-9.69507e-12,0.377381,1,0
6.24023,0.439453,0.193451,-1.82776e-11,0.375429,1,0
6.24023,0.458984,0.13486,-1.57127e-11,0.375429,1,0
6.10352,0.478516,0.0726926,-1.82566e-11,0.389089,1,0
6.10352,0.498047,0.00683689,-3.82409e-11,0.389089,0.6,0
6.12305,0.478516,0.0726926,-1.59425e-11,0.387137,1,0
6.12305,0.498047,0.00683689,-3.72128e-11,0.387137,0.6,0
6.14258,0.478516,0.0726926,-1.86935e-11,0.385186,1,0
6.14258,0.498047,0.00683689,-3.86482e-11,0.385186,0.6,0
6.16211,0.478516,0.0726926,-1.62976e-11,0.383235,1,0
6.16211,0.498047,0.00683689,-3.75841e-11,0.383235,0.6,0
6.18164,0.478516,0.0726926,-1.91388e-11,0.381283,1,0
6.18164,0.498047,0.00683689,-3.90716e-11,0.381283,0.6,0
6.20117,0.478516,0.0726926,-1.66599e-11,0.379332,1,0
6.20117,0.498047,0.00683689,-3.7971e-11,0.379332,0.6,0
6.2207,0.478516,0.0726926,-1.95925e-11,0.377381,1,0
6.2207,0.498047,0.00683689,-3.9511e-11,0.377381,0.6,0
6.24023,0.478516,0.0726926,-1.70298e-11,0.375429,1,0
6.24023,0.498047,0.00683689,-3.83731e-11,0.375429,0.6,0
6.25977,0.00976562,0.768797,-1.22065e-10,0.373478,1,0
6.25977,0.0292969,0.766791,-2.7597e-10,0.373478,1,0
6.2793,0.00976562,0.768797,-1.22044e-10,0.371527,1,0
6.2793,0.0292969,0.766791,-2.75786e-10,0.371527,1,0
6.25977,0.0488281,0.762772,-3.33172e-10,0.373478,1,0
6.25977,0.0683594,0.756727,-3.81701e-10,0.373478,1,0
6.2793,0.0488281,0.762772,-3.32697e-10,0.371527,1,0
6.2793,0.0683594,0.756727,-3.80928e-10,0.371527,1,0
6.29883,0.00976562,0.768797,-1.22033e-10,0.369575,1,0
6.29883,0.0292969,0.766791,-2.75621e-10,0.369575,1,0
6.31836,0.00976562,0.768797,-1.2203e-10,0.367624,1,0
6.31836,0.0292969,0.766791,-2.75476e-10,0.367624,1,0
6.29883,0.0488281,0.762772,-3.32246e-10,0.369575,1,0
6.29883,0.0683594,0.756727,-3.80184e-10,0.369575,1,0
6.31836,0.0488281,0.762772,-3.31818e-10,0.367624,1,0
6.31836,0.0683594,0.756727,-3.79465e-10,0.367624,1,0
6.25977,0.0878906,0.748635,-4.22109e-10,0.373478,1,0
6.25977,0.107422,0.738469,-4.5053e-10,0.373478,1,0
6.2793,0.0878906,0.748635,-4.21045e-10,0.371527,1,0
6.2793,0.107422,0.738469,-4.49201e-10,0.371527,1,0
6.25977,0.126953,0.726197,-4.67368e-10,0.373478,1,0
6.25977,0.146484,0.711778,-4.73451e-10,0.373478,1,0
6.2793,0.126953,0.726197,-4.65814e-10,0.371527,1,0
6.2793,0.146484,0.711778,-4.71719e-10,0.371527,1,0
6.29883,0.0878906,0.748635,-4.20012e-10,0.369575,1,0
6.29883,0.107422,0.738469,-4.47906e-10,0.369575,1,0
6.31836,0.0878906,0.748635,-4.19008e-10,0.367624,1,0
6.31836,0.107422,0.738469,-4.46641e-10,0.367624,1,0
6.29883,0.126953,0.726197,-4.64294e-10,0.369575,1,0
6.29883,0.146484,0.711778,-4.70022e-10,0.369575,1,0
6.31836,0.126953,0.726197,-4.62806e-10,0.367624,1,0
6.31836,0.146484,0.711778,-4.68356e-10,0.367624,1,0
6.33789,0.00976562,0.768797,-1.22035e-10,0.365672,1,0
6.33789,0.0292969,0.766791,-2.75349e-10,0.365672,1,0
6.35742,0.00976562,0.768797,-1.22048e-10,0.363721,1,0
6.35742,0.0292969,0.766791,-2.75239e-10,0.363721,1,0
6.33789,0.0488281,0.762772,-3.31411e-10,0.365672,1,0
6.33789,0.0683594,0.756727,-3.7877e-10,0.365672,1,0
6.35742,0.0488281,0.762772,-3.31024e-10,0.363721,1,0
6.35742,0.0683594,0.756727,-3.78099e-10,0.363721,1,0
6.37695,0.00976562,0.768797,-1.22069e-10,0.36177,1,0
6.37695,0.0292969,0.766791,-2.75146e-10,0.36177,1,0
6.39648,0.00976562,0.768797,-1.22098e-10,0.359818,1,0
6.39648,0.0292969,0.766791,-2.7507e-10,0.359818,1,0
6.37695,0.0488281,0.762772,-3.30657e-10,0.36177,1,0
6.37695,0.0683594,0.756727,-3.7745e-10,0.36177,1,0
6.39648,0.0488281,0.762772,-3.3031e-10,0.359818,1,0
6.39648,0.0683594,0.756727,-3.76824e-10,0.359818,1,0
6.33789,0.0878906,0.748635,-4.18031e-10,0.365672,1,0
6.33789,0.107422,0.738469,-4.45406e-10,0.365672,1,0
6.35742,0.0878906,0.748635,-4.1708e-10,0.363721,1,0
6.35742,0.107422,0.738469,-4.44198e-10,0.363721,1,0
6.33789,0.126953,0.726197,-4.61348e-10,0.365672,1,0
6.33789,0.146484,0.711778,-4.66722e-10,0.365672,1,0
6.35742,0.126953,0.726197,-4.59919e-10,0.363721,1,0
6.35742,0.146484,0.711778,-4.65117e-10,0.363721,1,0
6.37695,0.0878906,0.748635,-4.16154e-10,0.36177,1,0
6.37695,0.107422,0.738469,-4.43017e-10,0.36177,1,0
6.39648,0.0878906,0.748635,-4.15254e-10,0.359818,1,0
6.39648,0.107422,0.738469,-4.41865e-10,0.359818,1,0
6.37695,0.126953,0.726197,-4.58519e-10,0.36177,1,0
6.37695,0.146484,0.711778,-4.63542e-10,0.36177,1,0
6.39648,0.126953,0.726197,-4.57148e-10,0.359818,1,0
6.39648,0.146484,0.711778,-4.61995e-10,0.359818,1,0
6.25977,0.166016,0.695165,-4.69338e-10,0.373478,1,0
6.25977,0.185547,0.676307,-4.55668e-10,0.373478,1,0
6.2793,0.166016,0.695165,-4.67483e-10,0.371527,1,0
6.2793,0.185547,0.676307,-4.53746e-10,0.371527,1,0
6.25977,0.205078,0.655146,-4.33283e-10,0.373478,1,0
6.25977,0.224609,0.631618,-4.03242e-10,0.373478,1,0
6.2793,0.205078,0.655146,-4.31352e-10,0.371527,1,0
6.2793,0.224609,0.631618,-4.01357e-10,0.371527,1,0
6.29883,0.166016,0.695165,-4.65661e-10,0.369575,1,0
6.29883,0.185547,0.676307,-4.51856e-10,0.369575,1,0
6.31836,0.166016,0.695165,-4.63871e-10,0.367624,1,0
6.31836,0.185547,0.676307,-4.49998e-10,0.367624,1,0
6.29883,0.205078,0.655146,-4.29451e-10,0.369575,1,0
6.29883,0.224609,0.631618,-3.99501e-10,0.369575,1,0
6.31836,0.205078,0.655146,-4.2758e-10,0.367624,1,0
6.31836,0.224609,0.631618,-3.9767e-10,0.367624,1,0
6.25977,0.244141,0.605653,-3.66825e-10,0.373478,1,0
6.25977,0.263672,0.577177,-3.25514e-10,0.373478,1,0
6.2793,0.244141,0.605653,-3.65037e-10,0.371527,1,0
6.2793,0.263672,0.577177,-3.23869e-10,0.371527,1,0
6.25977,0.283203,0.546111,-2.8097e-10,0.373478,1,0
6.25977,0.302734,0.51237,-2.34991e-10,0.373478,1,0
6.2793,0.283203,0.546111,-2.79503e-10,0.371527,1,0
6.2793,0.302734,0.51237,-2.33733e-10,0.371527,1,0
6.29883,0.244141,0.605653,-3.63275e-10,0.369575,1,0
6.29883,0.263672,0.577177,-3.22245e-10,0.369575,1,0
6.31836,0.244141,0.605653,-3.61536e-10,0.367624,1,0
6.31836,0.263672,0.577177,-3.20642e-10,0.367624,1,0
6.29883,0.283203,0.546111,-2.78055e-10,0.369575,1,0
6.29883,0.302734,0.51237,-2.32488e-10,0.369575,1,0
6.31836,0.283203,0.546111,-2.76625e-10,0.367624,1,0
6.31836,0.302734,0.51237,-2.31259e-10,0.367624,1,0
6.33789,0.166016,0.695165,-4.62111e-10,0.365672,1,0
6.33789,0.185547,0.676307,-4.48168e-10,0.365672,1,0
6.35742,0.166016,0.695165,-4.60381e-10,0.363721,1,0
6.35742,0.185547,0.676307,-4.46367e-10,0.363721,1,0
6.33789,0.205078,0.655146,-4.25736e-10,0.365672,1,0
6.33789,0.224609,0.631618,-3.95866e-10,0.365672,1,0
6.35742,0.205078,0.655146,-4.23919e-10,0.363721,1,0
6.35742,0.224609,0.631618,-3.94086e-10,0.363721,1,0
6.37695,0.166016,0.695165,-4.5868e-10,0.36177,1,0
6.37695,0.185547,0.676307,-4.44595e-10,0.36177,1,0
6.39648,0.166016,0.695165,-4.57008e-10,0.359818,1,0
6.39648,0.185547,0.676307,-4.4285e-10,0.359818,1,0
6.37695,0.205078,0.655146,-4.22129e-10,0.36177,1,0
6.37695,0.224609,0.631618,-3.92331e-10,0.36177,1,0
6.39648,0.205078,0.655146,-4.20365e-10,0.359818,1,0
6.39648,0.224609,0.631618,-3.906e-10,0.359818,1,0
6.33789,0.244141,0.605653,-3.59821e-10,0.365672,1,0
6.33789,0.263672,0.577177,-3.1906e-10,0.365672,1,0
6.35742,0.244141,0.605653,-3.58128e-10,0.363721,1,0
6.35742,0.263672,0.577177,-3.17497e-10,0.363721,1,0
6.33789,0.283203,0.546111,-2.75212e-10,0.365672,1,0
6.33789,0.302734,0.51237,-2.30044e-10,0.365672,1,0
6.35742,0.283203,0.546111,-2.73816e-10,0.363721,1,0
6.35742,0.302734,0.51237,-2.28842e-10,0.363721,1,0
6.37695,0.244141,0.605653,-3.56457e-10,0.36177,1,0
6.37695,0.263672,0.577177,-3.15953e-10,0.36177,1,0
6.39648,0.244141,0.605653,-3.54806e-10,0.359818,1,0
6.39648,0.263672,0.577177,-3.14427e-10,0.359818,1,0
6.37695,0.283203,0.546111,-2.72435e-10,0.36177,1,0
6.37695,0.302734,0.51237,-2.27653e-10,0.36177,1,0
6.39648,0.283203,0.546111,-2.7107e-10,0.359818,1,0
6.39648,0.302734,0.51237,-2.26477e-10,0.359818,1,0
6.41602,0.00976562,0.768797,-1.22135e-10,0.357867,1,0
6.41602,0.0292969,0.766791,-2.75013e-10,0.357867,1,0
6.43555,0.00976562,0.768797,-1.22181e-10,0.355916,1,0
6.43555,0.0292969,0.766791,-2.74976e-10,0.355916,1,0
6.41602,0.0488281,0.762772,-3.29985e-10,0.357867,1,0
6.41602,0.0683594,0.756727,-3.76223e-10,0.357867,1,0
6.43555,0.0488281,0.762772,-3.29684e-10,0.355916,1,0
6.43555,0.0683594,0.756727,-3.75648e-10,0.355916,1,0
6.45508,0.00976562,0.768797,-1.22237e-10,0.353964,1,0
6.45508,0.0292969,0.766791,-2.7496e-10,0.353964,1,0
6.47461,0.00976562,0.768797,-1.22303e-10,0.352013,1,0
6.47461,0.0292969,0.766791,-2.74966e-10,0.352013,1,0
6.45508,0.0488281,0.762772,-3.29407e-10,0.353964,1,0
6.45508,0.0683594,0.756727,-3.751e-10,0.353964,1,0
6.47461,0.0488281,0.762772,-3.29155e-10,0.352013,1,0
6.47461,0.0683594,0.756727,-3.7458e-10,0.352013,1,0
6.41602,0.0878906,0.748635,-4.14381e-10,0.357867,1,0
6.41602,0.107422,0.738469,-4.4074e-10,0.357867,1,0
6.43555,0.0878906,0.748635,-4.13535e-10,0.355916,1,0
6.43555,0.107422,0.738469,-4.39645e-10,0.355916,1,0
6.41602,0.126953,0.726197,-4.55806e-10,0.357867,1,0
6.41602,0.146484,0.711778,-4.60478e-10,0.357867,1,0
6.43555,0.126953,0.726197,-4.54494e-10,0.355916,1,0
6.43555,0.146484,0.711778,-4.5899e-10,0.355916,1,0
6.45508,0.0878906,0.748635,-4.12719e-10,0.353964,1,0
6.45508,0.107422,0.738469,-4.3858e-10,0.353964,1,0
6.47461,0.0878906,0.748635,-4.11932e-10,0.352013,1,0
6.47461,0.107422,0.738469,-4.37545e-10,0.352013,1,0
6.45508,0.126953,0.726197,-4.53212e-10,0.353964,1,0
6.45508,0.146484,0.711778,-4.57532e-10,0.353964,1,0
6.47461,0.126953,0.726197,-4.5196e-10,0.352013,1,0
6.47461,0.146484,0.711778,-4.56104e-10,0.352013,1,0
6.49414,0.00976562,0.768797,-1.22379e-10,0.350062,1,0
6.49414,0.0292969,0.766791,-2.74995e-10,0.350062,1,0
6.51367,0.00976562,0.768797,-1.22464e-10,0.34811,1,0
6.51367,0.0292969,0.766791,-2.75045e-10,0.34811,1,0
6.49414,0.0488281,0.762772,-3.2893e-10,0.350062,1,0
6.49414,0.0683594,0.756727,-3.74088e-10,0.350062,1,0
6.51367,0.0488281,0.762772,-3.28729e-10,0.34811,1,0
6.51367,0.0683594,0.756727,-3.73623e-10,0.34811,1,0
6.5332,0.00976562,0.768797,-1.22558e-10,0.346159,1,0
6.5332,0.0292969,0.766791,-2.75115e-10,0.346159,1,0
6.55273,0.00976562,0.768797,-1.2266e-10,0.344208,1,0
6.55273,0.0292969,0.766791,-2.75203e-10,0.344208,1,0
6.5332,0.0488281,0.762772,-3.28552e-10,0.346159,1,0
6.5332,0.0683594,0.756727,-3.73185e-10,0.346159,1,0
6.55273,0.0488281,0.762772,-3.28396e-10,0.344208,1,0
6.55273,0.0683594,0.756727,-3.72769e-10,0.344208,1,0
6.49414,0.0878906,0.748635,-4.11175e-10,0.350062,1,0
6.49414,0.107422,0.738469,-4.3654e-10,0.350062,1,0
6.51367,0.0878906,0.748635,-4.10446e-10,0.34811,1,0
6.51367,0.107422,0.738469,-4.35564e-10,0.34811,1,0
6.49414,0.126953,0.726197,-4.50738e-10,0.350062,1,0
6.49414,0.146484,0.711778,-4.54704e-10,0.350062,1,0
6.51367,0.126953,0.726197,-4.49544e-10,0.34811,1,0
6.51367,0.146484,0.711778,-4.53331e-10,0.34811,1,0
6.5332,0.0878906,0.748635,-4.09745e-10,0.346159,1,0
6.5332,0.107422,0.738469,-4.34616e-10,0.346159,1,0
6.55273,0.0878906,0.748635,-4.09068e-10,0.344208,1,0
6.55273,0.107422,0.738469,-4.33692e-10,0.344208,1,0
6.5332,0.126953,0.726197,-4.48377e-10,0.346159,1,0
6.5332,0.146484,0.711778,-4.51984e-10,0.346159,1,0
6.55273,0.126953,0.726197,-4.47234e-10,0.344208,1,0
6.55273,0.146484,0.711778,-4.5066e-10,0.344208,1,0
6.41602,0.166016,0.695165,-4.55365e-10,0.357867,1,0
6.41602,0.185547,0.676307,-4.41132e-10,0.357867,1,0
6.43555,0.166016,0.695165,-4.5375e-10,0.355916,1,0
6.43555,0.185547,0.676307,-4.39441e-10,0.355916,1,0
6.41602,0.205078,0.655146,-4.18626e-10,0.357867,1,0
6.41602,0.224609,0.631618,-3.88891e-10,0.357867,1,0
6.43555,0.205078,0.655146,-4.16912e-10,0.355916,1,0
6.43555,0.224609,0.631618,-3.87206e-10,0.355916,1,0
6.45508,0.166016,0.695165,-4.52164e-10,0.353964,1,0
6.45508,0.185547,0.676307,-4.37778e-10,0.353964,1,0
6.47461,0.166016,0.695165,-4.50605e-10,0.352013,1,0
6.47461,0.185547,0.676307,-4.3614e-10,0.352013,1,0
6.45508,0.205078,0.655146,-4.15223e-10,0.353964,1,0
6.45508,0.224609,0.631618,-3.85541e-10,0.353964,1,0
6.47461,0.205078,0.655146,-4.13557e-10,0.352013,1,0
6.47461,0.224609,0.631618,-3.83898e-10,0.352013,1,0
6.41602,0.244141,0.605653,-3.53177e-10,0.357867,1,0
6.41602,0.263672,0.577177,-3.12918e-10,0.357867,1,0
6.43555,0.244141,0.605653,-3.51566e-10,0.355916,1,0
6.43555,0.263672,0.577177,-3.11426e-10,0.355916,1,0
6.41602,0.283203,0.546111,-2.69719e-10,0.357867,1,0
6.41602,0.302734,0.51237,-2.25311e-10,0.357867,1,0
6.43555,0.283203,0.546111,-2.68381e-10,0.355916,1,0
6.43555,0.302734,0.51237,-2.24156e-10,0.355916,1,0
6.45508,0.244141,0.605653,-3.49975e-10,0.353964,1,0
6.45508,0.263672,0.577177,-3.0995e-10,0.353964,1,0
6.47461,0.244141,0.605653,-3.48401e-10,0.352013,1,0
6.47461,0.263672,0.577177,-3.08487e-10,0.352013,1,0
6.45508,0.283203,0.546111,-2.67055e-10,0.353964,1,0
6.45508,0.302734,0.51237,-2.2301e-10,0.353964,1,0
6.47461,0.283203,0.546111,-2.6574e-10,0.352013,1,0
6.47461,0.302734,0.51237,-2.21871e-10,0.352013,1,0
6.49414,0.166016,0.695165,-4.49073e-10,0.350062,1,0
6.49414,0.185547,0.676307,-4.34526e-10,0.350062,1,0
6.51367,0.166016,0.695165,-4.47567e-10,0.34811,1,0
6.51367,0.185547,0.676307,-4.32936e-10,0.34811,1,0
6.49414,0.205078,0.655146,-4.11913e-10,0.350062,1,0
6.49414,0.224609,0.631618,-3.82274e-10,0.350062,1,0
6.51367,0.205078,0.655146,-4.1029e-10,0.34811,1,0
6.51367,0.224609,0.631618,-3.80667e-10,0.34811,1,0
6.5332,0.166016,0.695165,-4.46085e-10,0.346159,1,0
6.5332,0.185547,0.676307,-4.31368e-10,0.346159,1,0
6.55273,0.166016,0.695165,-4.44624e-10,0.344208,1,0
6.55273,0.185547,0.676307,-4.29819e-10,0.344208,1,0
6.5332,0.205078,0.655146,-4.08686e-10,0.346159,1,0
6.5332,0.224609,0.631618,-3.79077e-10,0.346159,1,0
6.55273,0.205078,0.655146,-4.07099e-10,0.344208,1,0
6.55273,0.224609,0.631618,-3.77502e-10,0.344208,1,0
6.49414,0.244141,0.605653,-3.46843e-10,0.350062,1,0
6.49414,0.263672,0.577177,-3.07038e-10,0.350062,1,0
6.51367,0.244141,0.605653,-3.453e-10,0.34811,1,0
6.51367,0.263672,0.577177,-3.056e-10,0.34811,1,0
6.49414,0.283203,0.546111,-2.64435e-10,0.350062,1,0
6.49414,0.302734,0.51237,-2.20738e-10,0.350062,1,0
6.51367,0.283203,0.546111,-2.63138e-10,0.34811,1,0
6.51367,0.302734,0.51237,-2.19612e-10,0.34811,1,0
6.5332,0.244141,0.605653,-3.4377e-10,0.346159,1,0
6.5332,0.263672,0.577177,-3.04173e-10,0.346159,1,0
6.55273,0.244141,0.605653,-3.42252e-10,0.344208,1,0
6.55273,0.263672,0.577177,-3.02754e-10,0.344208,1,0
6.5332,0.283203,0.546111,-2.61849e-10,0.346159,1,0
6.5332,0.302734,0.51237,-2.1849e-10,0.346159,1,0
6.55273,0.283203,0.546111,-2.60566e-10,0.344208,1,0
6.55273,0.302734,0.51237,-2.17373e-10,0.344208,1,0
6.25977,0.322266,0.475867,-1.89485e-10,0.373478,1,0
6.25977,0.341797,0.43651,-1.46423e-10,0.373478,1,0
6.2793,0.322266,0.475867,-1.88452e-10,0.371527,1,0
6.2793,0.341797,0.43651,-1.45626e-10,0.371527,1,0
6.25977,0.361328,0.394203,-1.07823e-10,0.373478,1,0
6.25977,0.380859,0.348846,-7.59736e-11,0.373478,1,0
6.2793,0.361328,0.394203,-1.07241e-10,0.371527,1,0
6.2793,0.380859,0.348846,-7.47051e-11,0.371527,1,0
6.29883,0.322266,0.475867,-1.87432e-10,0.369575,1,0
6.29883,0.341797,0.43651,-1.44838e-10,0.369575,1,0
6.31836,0.322266,0.475867,-1.86422e-10,0.367624,1,0
6.31836,0.341797,0.43651,-1.44059e-10,0.367624,1,0
6.29883,0.361328,0.394203,-1.06706e-10,0.369575,1,0
6.29883,0.380859,0.348846,-7.53221e-11,0.369575,1,0
6.31836,0.361328,0.394203,-1.06137e-10,0.367624,1,0
6.31836,0.380859,0.348846,-7.403e-11,0.367624,1,0
6.25977,0.400391,0.300338,-4.85453e-11,0.373478,1,0
6.25977,0.419922,0.248575,-3.43906e-11,0.373478,1,0
6.2793,0.400391,0.300338,-5.23538e-11,0.371527,1,0
6.2793,0.419922,0.248575,-2.98629e-11,0.371527,1,0
6.25977,0.439453,0.193451,-1.98273e-11,0.373478,1,0
6.25977,0.458984,0.13486,-9.99812e-12,0.373478,1,0
6.2793,0.439453,0.193451,-1.85407e-11,0.371527,1,0
6.2793,0.458984,0.13486,-1.6207e-11,0.371527,1,0
6.29883,0.400391,0.300338,-4.82187e-11,0.369575,1,0
6.29883,0.419922,0.248575,-3.45305e-11,0.369575,1,0
6.31836,0.400391,0.300338,-5.21637e-11,0.367624,1,0
6.31836,0.419922,0.248575,-2.98637e-11,0.367624,1,0
6.29883,0.439453,0.193451,-2.01433e-11,0.369575,1,0
6.29883,0.458984,0.13486,-1.03064e-11,0.369575,1,0
6.31836,0.439453,0.193451,-1.88111e-11,0.367624,1,0
6.31836,0.458984,0.13486,-1.67089e-11,0.367624,1,0
6.33789,0.322266,0.475867,-1.85424e-10,0.365672,1,0
6.33789,0.341797,0.43651,-1.43288e-10,0.365672,1,0
6.35742,0.322266,0.475867,-1.84437e-10,0.363721,1,0
6.35742,0.341797,0.43651,-1.42525e-10,0.363721,1,0
6.33789,0.361328,0.394203,-1.05615e-10,0.365672,1,0
6.33789,0.380859,0.348846,-7.46891e-11,0.365672,1,0
6.35742,0.361328,0.394203,-1.05058e-10,0.363721,1,0
6.35742,0.380859,0.348846,-7.3372e-11,0.363721,1,0
6.37695,0.322266,0.475867,-1.8346e-10,0.36177,1,0
6.37695,0.341797,0.43651,-1.41769e-10,0.36177,1,0
6.39648,0.322266,0.475867,-1.82491e-10,0.359818,1,0
6.39648,0.341797,0.43651,-1.4102e-10,0.359818,1,0
6.37695,0.361328,0.394203,-1.04546e-10,0.36177,1,0
6.37695,0.380859,0.348846,-7.40718e-11,0.36177,1,0
6.39648,0.361328,0.394203,-1.03998e-10,0.359818,1,0
6.39648,0.380859,0.348846,-7.27269e-11,0.359818,1,0
6.33789,0.400391,0.300338,-4.79046e-11,0.365672,1,0
6.33789,0.419922,0.248575,-3.46812e-11,0.365672,1,0
6.35742,0.400391,0.300338,-5.19867e-11,0.363721,1,0
6.35742,0.419922,0.248575,-2.98727e-11,0.363721,1,0
6.33789,0.439453,0.193451,-2.0467e-11,0.365672,1,0
6.33789,0.458984,0.13486,-1.06198e-11,0.365672,1,0
6.35742,0.439453,0.193451,-1.90879e-11,0.363721,1,0
6.35742,0.458984,0.13486,-1.72178e-11,0.363721,1,0
6.37695,0.400391,0.300338,-4.76004e-11,0.36177,1,0
6.37695,0.419922,0.248575,-3.48403e-11,0.36177,1,0
6.39648,0.400391,0.300338,-5.1819e-11,0.359818,1,0
6.39648,0.419922,0.248574,-2.98865e-11,0.359818,1,0
6.37695,0.439453,0.193451,-2.07965e-11,0.36177,1,0
6.37695,0.458984,0.13486,-1.09372e-11,0.36177,1,0
6.39648,0.439453,0.193451,-1.93687e-11,0.359818,1,0
6.39648,0.458984,0.13486,-1.77321e-11,0.359818,1,0
6.25977,0.478516,0.0726926,-2.0055e-11,0.373478,1,0
6.25977,0.498047,0.00683689,-3.9966e-11,0.373478,0.6,0
6.2793,0.478516,0.0726926,-1.74075e-11,0.371527,1,0
6.2793,0.498047,0.00683689,-3.87901e-11,0.371527,0.6,0
6.29883,0.478516,0.0726926,-2.05264e-11,0.369575,1,0
6.29883,0.498047,0.00683689,-4.04362e-11,0.369575,0.6,0
6.31836,0.478516,0.0726926,-1.7793e-11,0.367624,1,0
6.31836,0.498047,0.00683689,-3.92217e-11,0.367624,0.6,0
6.33789,0.478516,0.0726926,-2.10065e-11,0.365672,1,0
6.33789,0.498047,0.00683689,-4.09213e-11,0.365672,0.6,0
6.35742,0.478516,0.0726926,-1.8186e-11,0.363721,1,0
6.35742,0.498047,0.00683689,-3.96673e-11,0.363721,0.6,0
6.37695,0.478516,0.0726926,-2.14948e-11,0.36177,1,0
6.37695,0.498047,0.00683689,-4.14208e-11,0.36177,0.6,0
6.39648,0.478516,0.0726926,-1.85855e-11,0.359818,1,0
6.39648,0.498047,0.00683689,-4.01264e-11,0.359818,0.6,0
6.41602,0.322266,0.475867,-1.81531e-10,0.357867,1,0
6.41602,0.341797,0.43651,-1.40277e-10,0.357867,1,0
6.43555,0.322266,0.475867,-1.80578e-10,0.355916,1,0
6.43555,0.341797,0.43651,-1.39538e-10,0.355916,1,0
6.41602,0.361328,0.394203,-1.03494e-10,0.357867,1,0
6.41602,0.380859,0.348846,-7.34649e-11,0.357867,1,0
6.43555,0.361328,0.394203,-1.02952e-10,0.355916,1,0
6.43555,0.380859,0.348846,-7.20884e-11,0.355916,1,0
6.45508,0.322266,0.475867,-1.79631e-10,0.353964,1,0
6.45508,0.341797,0.43651,-1.38802e-10,0.353964,1,0
6.47461,0.322266,0.475867,-1.78689e-10,0.352013,1,0
6.47461,0.341797,0.43651,-1.38069e-10,0.352013,1,0
6.45508,0.361328,0.394203,-1.02451e-10,0.353964,1,0
6.45508,0.380859,0.348846,-7.28615e-11,0.353964,1,0
6.47461,0.361328,0.394203,-1.01911e-10,0.352013,1,0
6.47461,0.380859,0.348846,-7.145e-11,0.352013,1,0
6.41602,0.400391,0.300338,-4.73011e-11,0.357867,1,0
6.41602,0.419922,0.248574,-3.50038e-11,0.357867,1,0
6.43555,0.400391,0.300338,-5.16549e-11,0.355916,1,0
6.43555,0.419922,0.248574,-2.99004e-11,0.355916,1,0
6.41602,0.439453,0.193451,-2.11289e-11,0.357867,1,0
6.41602,0.458984,0.13486,-1.12567e-11,0.357867,1,0
6.43555,0.439453,0.193451,-1.965e-11,0.355916,1,0
6.43555,0.458984,0.13486,-1.82499e-11,0.355916,1,0
6.45508,0.400391,0.300338,-4.70011e-11,0.353964,1,0
6.45508,0.419922,0.248574,-3.51671e-11,0.353964,1,0
6.47461,0.400391,0.300338,-5.14894e-11,0.352013,1,0
6.47461,0.419922,0.248574,-2.99107e-11,0.352013,1,0
6.45508,0.439453,0.193451,-2.1461e-11,0.353964,1,0
6.45508,0.458984,0.13486,-1.15763e-11,0.353964,1,0
6.47461,0.439453,0.193451,-1.99292e-11,0.352013,1,0
6.47461,0.458984,0.13486,-1.87696e-11,0.352013,1,0
6.49414,0.322266,0.475867,-1.7775e-10,0.350062,1,0
6.49414,0.341797,0.43651,-1.37337e-10,0.350062,1,0
6.51367,0.322266,0.475867,-1.76815e-10,0.34811,1,0
6.51367,0.341797,0.43651,-1.36607e-10,0.34811,1,0
6.49414,0.361328,0.394203,-1.01411e-10,0.350062,1,0
6.49414,0.380859,0.348846,-7.22567e-11,0.350062,1,0
6.51367,0.361328,0.394203,-1.00872e-10,0.34811,1,0
6.51367,0.380859,0.348846,-7.08083e-11,0.34811,1,0
6.5332,0.322266,0.475867,-1.75883e-10,0.346159,1,0
6.5332,0.341797,0.43651,-1.35877e-10,0.346159,1,0
6.55273,0.322266,0.475867,-1.74953e-10,0.344208,1,0
6.55273,0.341797,0.43651,-1.35149e-10,0.344208,1,0
6.5332,0.361328,0.394203,-1.00371e-10,0.346159,1,0
6.5332,0.380859,0.348846,-7.16474e-11,0.346159,1,0
6.55273,0.361328,0.394203,-9.98297e-11,0.344208,1,0
6.55273,0.380859,0.348846,-7.01609e-11,0.344208,1,0
6.49414,0.400391,0.300338,-4.66963e-11,0.350062,1,0
6.49414,0.419922,0.248574,-3.53275e-11,0.350062,1,0
6.51367,0.400391,0.300338,-5.13197e-11,0.34811,1,0
6.51367,0.419922,0.248574,-2.99154e-11,0.34811,1,0
6.49414,0.439453,0.193451,-2.17909e-11,0.350062,1,0
6.49414,0.458984,0.13486,-1.18951e-11,0.350062,1,0
6.51367,0.439453,0.193451,-2.02053e-11,0.34811,1,0
6.51367,0.458984,0.13486,-1.9291e-11,0.34811,1,0
6.5332,0.400391,0.300338,-4.6385e-11,0.346159,1,0
6.5332,0.419922,0.248574,-3.5484e-11,0.346159,1,0
6.55273,0.400391,0.300338,-5.11451e-11,0.344208,1,0
6.55273,0.419922,0.248574,-2.99146e-11,0.344208,1,0
6.5332,0.439453,0.193451,-2.21185e-11,0.346159,1,0
6.5332,0.458984,0.13486,-1.2213e-11,0.346159,1,0
6.55273,0.439453,0.193451,-2.04789e-11,0.344208,1,0
6.55273,0.458984,0.13486,-1.98142e-11,0.344208,1,0
6.41602,0.478516,0.0726926,-2.19903e-11,0.357867,1,0
6.41602,0.498047,0.00683689,-4.19338e-11,0.357867,0.6,0
6.43555,0.478516,0.0726926,-1.89906e-11,0.355916,1,0
6.43555,0.498047,0.00683689,-4.0598e-11,0.355916,0.6,0
6.45508,0.478516,0.0726926,-2.24921e-11,0.353964,1,0
6.45508,0.498047,0.00683689,-4.24595e-11,0.353964,0.6,0
6.47461,0.478516,0.0726926,-1.94005e-11,0.352013,1,0
6.47461,0.498047,0.00683689,-4.10813e-11,0.352013,0.6,0
6.49414,0.478516,0.0726926,-2.29997e-11,0.350062,1,0
6.49414,0.498047,0.00683689,-4.29971e-11,0.350062,0.6,0
6.51367,0.478516,0.0726926,-1.98148e-11,0.34811,1,0
6.51367,0.498047,0.00683689,-4.15753e-11,0.34811,0.6,0
6.5332,0.478516,0.0726926,-2.35127e-11,0.346159,1,0
6.5332,0.498047,0.00683689,-4.35456e-11,0.346159,0.6,0
6.55273,0.478516,0.0726926,-2.02332e-11,0.344208,1,0
6.55273,0.498047,0.00683689,-4.20791e-11,0.344208,0.6,0
6.57227,0.00976562,0.768797,-1.2277e-10,0.342256,1,0
6.57227,0.0292969,0.766791,-2.75307e-10,0.342256,1,0
6.5918,0.00976562,0.768797,-1.22885e-10,0.340305,1,0
6.5918,0.0292969,0.766791,-2.75424e-10,0.340305,1,0
6.57227,0.0488281,0.762772,-3.28259e-10,0.342256,1,0
6.57227,0.0683594,0.756727,-3.72374e-10,0.342256,1,0
6.5918,0.0488281,0.762772,-3.28137e-10,0.340305,1,0
6.5918,0.0683594,0.756727,-3.71996e-10,0.340305,1,0
6.61133,0.00976562,0.768797,-1.23006e-10,0.338353,1,0
6.61133,0.0292969,0.766791,-2.75551e-10,0.338353,1,0
6.63086,0.00976562,0.768797,-1.2313e-10,0.336402,1,0
6.63086,0.0292969,0.766791,-2.75687e-10,0.336402,1,0
6.61133,0.0488281,0.762772,-3.28028e-10,0.338353,1,0
6.61133,0.0683594,0.756727,-3.71633e-10,0.338353,1,0
6.63086,0.0488281,0.762772,-3.27928e-10,0.336402,1,0
6.63086,0.0683594,0.756727,-3.7128e-10,0.336402,1,0
6.57227,0.0878906,0.748635,-4.08413e-10,0.342256,1,0
6.57227,0.107422,0.738469,-4.32791e-10,0.342256,1,0
6.5918,0.0878906,0.748635,-4.07776e-10,0.340305,1,0
6.5918,0.107422,0.738469,-4.31908e-10,0.340305,1,0
6.57227,0.126953,0.726197,-4.46113e-10,0.342256,1,0
6.57227,0.146484,0.711778,-4.49356e-10,0.342256,1,0
6.5918,0.126953,0.726197,-4.45011e-10,0.340305,1,0
6.5918,0.146484,0.711778,-4.48071e-10,0.340305,1,0
6.61133,0.0878906,0.748635,-4.07154e-10,0.338353,1,0
6.61133,0.107422,0.738469,-4.31041e-10,0.338353,1,0
6.63086,0.0878906,0.748635,-4.06545e-10,0.336402,1,0
6.63086,0.107422,0.738469,-4.30188e-10,0.336402,1,0
6.61133,0.126953,0.726197,-4.43925e-10,0.338353,1,0
6.61133,0.146484,0.711778,-4.46802e-10,0.338353,1,0
6.63086,0.126953,0.726197,-4.42853e-10,0.336402,1,0
6.63086,0.146484,0.711778,-4.45547e-10,0.336402,1,0
6.65039,0.00976562,0.768797,-1.23257e-10,0.334451,1,0
6.65039,0.0292969,0.766791,-2.7583e-10,0.334451,1,0
6.66992,0.00976562,0.768797,-1.23387e-10,0.332499,1,0
6.66992,0.0292969,0.766791,-2.75978e-10,0.332499,1,0
6.65039,0.0488281,0.762772,-3.27836e-10,0.334451,1,0
6.65039,0.0683594,0.756727,-3.70937e-10,0.334451,1,0
6.66992,0.0488281,0.762772,-3.2775e-10,0.332499,1,0
6.66992,0.0683594,0.756727,-3.70601e-10,0.332499,1,0
6.68945,0.00976562,0.768797,-1.23519e-10,0.330548,1,0
6.68945,0.0292969,0.766791,-2.76132e-10,0.330548,1,0
6.70898,0.00976562,0.768797,-1.23655e-10,0.328597,1,0
6.70898,0.0292969,0.766791,-2.76292e-10,0.328597,1,0
6.68945,0.0488281,0.762772,-3.27672e-10,0.330548,1,0
6.68945,0.0683594,0.756727,-3.70273e-10,0.330548,1,0
6.70898,0.0488281,0.762772,-3.276e-10,0.328597,1,0
6.70898,0.0683594,0.756727,-3.69954e-10,0.328597,1,0
6.65039,0.0878906,0.748635,-4.05947e-10,0.334451,1,0
6.65039,0.107422,0.738469,-4.29347e-10,0.334451,1,0
6.66992,0.0878906,0.748635,-4.05358e-10,0.332499,1,0
6.66992,0.107422,0.738469,-4.28515e-10,0.332499,1,0
6.65039,0.126953,0.726197,-4.41793e-10,0.334451,1,0
6.65039,0.146484,0.711778,-4.44303e-10,0.334451,1,0
6.66992,0.126953,0.726197,-4.40744e-10,0.332499,1,0
6.66992,0.146484,0.711778,-4.43071e-10,0.332499,1,0
6.68945,0.0878906,0.748635,-4.04778e-10,0.330548,1,0
6.68945,0.107422,0.738469,-4.27694e-10,0.330548,1,0
6.70898,0.0878906,0.748635,-4.04207e-10,0.328597,1,0
6.70898,0.107422,0.738469,-4.26882e-10,0.328597,1,0
6.68945,0.126953,0.726197,-4.39705e-10,0.330548,1,0
6.68945,0.146484,0.711778,-4.4185e-10,0.330548,1,0
6.70898,0.126953,0.726197,-4.38677e-10,0.328597,1,0
6.70898,0.146484,0.711778,-4.40639e-10,0.328597,1,0
6.57227,0.166016,0.695165,-4.43183e-10,0.342256,1,0
6.57227,0.185547,0.676307,-4.28288e-10,0.342256,1,0
6.5918,0.166016,0.695165,-4.41759e-10,0.340305,1,0
6.5918,0.185547,0.676307,-4.26773e-10,0.340305,1,0
6.57227,0.205078,0.655146,-4.05528e-10,0.342256,1,0
6.57227,0.224609,0.631618,-3.75939e-10,0.342256,1,0
6.5918,0.205078,0.655146,-4.03971e-10,0.340305,1,0
6.5918,0.224609,0.631618,-3.74389e-10,0.340305,1,0
6.61133,0.166016,0.695165,-4.4035e-10,0.338353,1,0
6.61133,0.185547,0.676307,-4.25271e-10,0.338353,1,0
6.63086,0.166016,0.695165,-4.38953e-10,0.336402,1,0
6.63086,0.185547,0.676307,-4.23781e-10,0.336402,1,0
6.61133,0.205078,0.655146,-4.02425e-10,0.338353,1,0
6.61133,0.224609,0.631618,-3.72849e-10,0.338353,1,0
6.63086,0.205078,0.655146,-4.00891e-10,0.336402,1,0
6.63086,0.224609,0.631618,-3.71318e-10,0.336402,1,0
6.57227,0.244141,0.605653,-3.40745e-10,0.342256,1,0
6.57227,0.263672,0.577177,-3.01344e-10,0.342256,1,0
6.5918,0.244141,0.605653,-3.39248e-10,0.340305,1,0
6.5918,0.263672,0.577177,-2.99942e-10,0.340305,1,0
6.57227,0.283203,0.546111,-2.5929e-10,0.342256,1,0
6.57227,0.302734,0.51237,-2.16259e-10,0.342256,1,0
6.5918,0.283203,0.546111,-2.58019e-10,0.340305,1,0
6.5918,0.302734,0.51237,-2.15149e-10,0.340305,1,0
6.61133,0.244141,0.605653,-3.37759e-10,0.338353,1,0
6.61133,0.263672,0.577177,-2.98546e-10,0.338353,1,0
6.63086,0.244141,0.605653,-3.36278e-10,0.336402,1,0
6.63086,0.263672,0.577177,-2.97156e-10,0.336402,1,0
6.61133,0.283203,0.546111,-2.56752e-10,0.338353,1,0
6.61133,0.302734,0.51237,-2.14042e-10,0.338353,1,0
6.63086,0.283203,0.546111,-2.5549e-10,0.336402,1,0
6.63086,0.302734,0.51237,-2.12938e-10,0.336402,1,0
6.65039,0.166016,0.695165,-4.37569e-10,0.334451,1,0
6.65039,0.185547,0.676307,-4.22303e-10,0.334451,1,0
6.66992,0.166016,0.695165,-4.36196e-10,0.332499,1,0
6.66992,0.185547,0.676307,-4.20835e-10,0.332499,1,0
6.65039,0.205078,0.655146,-3.99367e-10,0.334451,1,0
6.65039,0.224609,0.631618,-3.69796e-10,0.334451,1,0
6.66992,0.205078,0.655146,-3.97852e-10,0.332499,1,0
6.66992,0.224609,0.631618,-3.68283e-10,0.332499,1,0
6.68945,0.166016,0.695165,-4.34833e-10,0.330548,1,0
6.68945,0.185547,0.676307,-4.19377e-10,0.330548,1,0
6.70898,0.166016,0.695165,-4.33481e-10,0.328597,1,0
6.70898,0.185547,0.676307,-4.17928e-10,0.328597,1,0
6.68945,0.205078,0.655146,-3.96346e-10,0.330548,1,0
6.68945,0.224609,0.631618,-3.66776e-10,0.330548,1,0
6.70898,0.205078,0.655146,-3.94849e-10,0.328597,1,0
6.70898,0.224609,0.631618,-3.65277e-10,0.328597,1,0
6.65039,0.244141,0.605653,-3.34804e-10,0.334451,1,0
6.65039,0.263672,0.577177,-2.95772e-10,0.334451,1,0
6.66992,0.244141,0.605653,-3.33336e-10,0.332499,1,0
6.66992,0.263672,0.577177,-2.94392e-10,0.332499,1,0
6.65039,0.283203,0.546111,-2.54232e-10,0.334451,1,0
6.65039,0.302734,0.51237,-2.11835e-10,0.334451,1,0
6.66992,0.283203,0.546111,-2.52977e-10,0.332499,1,0
6.66992,0.302734,0.51237,-2.10735e-10,0.332499,1,0
6.68945,0.244141,0.605653,-3.31875e-10,0.330548,1,0
6.68945,0.263672,0.577177,-2.93017e-10,0.330548,1,0
6.70898,0.244141,0.605653,-3.30419e-10,0.328597,1,0
6.70898,0.263672,0.577177,-2.91646e-10,0.328597,1,0
6.68945,0.283203,0.546111,-2.51724e-10,0.330548,1,0
6.68945,0.302734,0.51237,-2.09636e-10,0.330548,1,0
6.70898,0.283203,0.546111,-2.50474e-10,0.328597,1,0
6.70898,0.302734,0.51237,-2.08538e-10,0.328597,1,0
6.72852,0.00976562,0.768797,-1.23793e-10,0.326645,1,0
6.72852,0.0292969,0.766791,-2.76459e-10,0.326645,1,0
6.74805,0.00976562,0.768797,-1.23935e-10,0.324694,1,0
6.74805,0.0292969,0.766791,-2.76634e-10,0.324694,1,0
6.72852,0.0488281,0.762772,-3.27536e-10,0.326645,1,0
6.72852,0.0683594,0.756727,-3.69643e-10,0.326645,1,0
6.74805,0.0488281,0.762772,-3.27482e-10,0.324694,1,0
6.74805,0.0683594,0.756727,-3.69343e-10,0.324694,1,0
6.76758,0.00976562,0.768797,-1.24081e-10,0.322743,1,0
6.76758,0.0292969,0.766791,-2.76818e-10,0.322743,1,0
6.78711,0.00976562,0.768797,-1.24232e-10,0.320791,1,0
6.78711,0.0292969,0.766791,-2.77012e-10,0.320791,1,0
6.76758,0.0488281,0.762772,-3.27439e-10,0.322743,1,0
6.76758,0.0683594,0.756727,-3.69055e-10,0.322743,1,0
6.78711,0.0488281,0.762772,-3.27406e-10,0.320791,1,0
6.78711,0.0683594,0.756727,-3.68779e-10,0.320791,1,0
6.72852,0.0878906,0.748635,-4.03646e-10,0.326645,1,0
6.72852,0.107422,0.738469,-4.26081e-10,0.326645,1,0
6.74805,0.0878906,0.748635,-4.03096e-10,0.324694,1,0
6.74805,0.107422,0.738469,-4.25292e-10,0.324694,1,0
6.72852,0.126953,0.726197,-4.37659e-10,0.326645,1,0
6.72852,0.146484,0.711778,-4.39439e-10,0.326645,1,0
6.74805,0.126953,0.726197,-4.36654e-10,0.324694,1,0
6.74805,0.146484,0.711778,-4.3825e-10,0.324694,1,0
6.76758,0.0878906,0.748635,-4.02559e-10,0.322743,1,0
6.76758,0.107422,0.738469,-4.24515e-10,0.322743,1,0
6.78711,0.0878906,0.748635,-4.02034e-10,0.320791,1,0
6.78711,0.107422,0.738469,-4.23751e-10,0.320791,1,0
6.76758,0.126953,0.726197,-4.3566e-10,0.322743,1,0
6.76758,0.146484,0.711778,-4.37072e-10,0.322743,1,0
6.78711,0.126953,0.726197,-4.34679e-10,0.320791,1,0
6.78711,0.146484,0.711778,-4.35906e-10,0.320791,1,0
6.80664,0.00976562,0.768797,-1.24386e-10,0.31884,1,0
6.80664,0.0292969,0.766791,-2.77215e-10,0.31884,1,0
6.82617,0.00976562,0.768797,-1.24544e-10,0.316889,1,0
6.82617,0.0292969,0.766791,-2.77427e-10,0.316889,1,0
6.80664,0.0488281,0.762772,-3.27386e-10,0.31884,1,0
6.80664,0.0683594,0.756727,-3.68516e-10,0.31884,1,0
6.82617,0.0488281,0.762772,-3.27376e-10,0.316889,1,0
6.82617,0.0683594,0.756727,-3.68264e-10,0.316889,1,0
6.8457,0.00976562,0.768797,-1.24706e-10,0.314937,1,0
6.8457,0.0292969,0.766791,-2.77646e-10,0.314937,1,0
6.86523,0.00976562,0.768797,-1.24869e-10,0.312986,1,0
6.86523,0.0292969,0.766791,-2.7787e-10,0.312986,1,0
6.8457,0.0488281,0.762772,-3.27374e-10,0.314937,1,0
6.8457,0.0683594,0.756727,-3.68021e-10,0.314937,1,0
6.86523,0.0488281,0.762772,-3.2738e-10,0.312986,1,0
6.86523,0.0683594,0.756727,-3.67787e-10,0.312986,1,0
6.80664,0.0878906,0.748635,-4.01522e-10,0.31884,1,0
6.80664,0.107422,0.738469,-4.23e-10,0.31884,1,0
6.82617,0.0878906,0.748635,-4.01022e-10,0.316889,1,0
6.82617,0.107422,0.738469,-4.2226e-10,0.316889,1,0
6.80664,0.126953,0.726197,-4.3371e-10,0.31884,1,0
6.80664,0.146484,0.711778,-4.34751e-10,0.31884,1,0
6.82617,0.126953,0.726197,-4.32751e-10,0.316889,1,0
6.82617,0.146484,0.711778,-4.33605e-10,0.316889,1,0
6.8457,0.0878906,0.748635,-4.00532e-10,0.314937,1,0
6.8457,0.107422,0.738469,-4.2153e-10,0.314937,1,0
6.86523,0.0878906,0.748635,-4.0005e-10,0.312986,1,0
6.86523,0.107422,0.738469,-4.20808e-10,0.312986,1,0
6.8457,0.126953,0.726197,-4.31802e-10,0.314937,1,0
6.8457,0.146484,0.711778,-4.32468e-10,0.314937,1,0
6.86523,0.126953,0.726197,-4.3086e-10,0.312986,1,0
6.86523,0.146484,0.711778,-4.31337e-10,0.312986,1,0
6.72852,0.166016,0.695165,-4.32138e-10,0.326645,1,0
6.72852,0.185547,0.676307,-4.16488e-10,0.326645,1,0
6.74805,0.166016,0.695165,-4.30807e-10,0.324694,1,0
6.74805,0.185547,0.676307,-4.15059e-10,0.324694,1,0
6.72852,0.205078,0.655146,-3.93359e-10,0.326645,1,0
6.72852,0.224609,0.631618,-3.63784e-10,0.326645,1,0
6.74805,0.205078,0.655146,-3.91878e-10,0.324694,1,0
6.74805,0.224609,0.631618,-3.62298e-10,0.324694,1,0
6.76758,0.166016,0.695165,-4.29485e-10,0.322743,1,0
6.76758,0.185547,0.676307,-4.13638e-10,0.322743,1,0
6.78711,0.166016,0.695165,-4.28174e-10,0.320791,1,0
6.78711,0.185547,0.676307,-4.12225e-10,0.320791,1,0
6.76758,0.205078,0.655146,-3.90404e-10,0.322743,1,0
6.76758,0.224609,0.631618,-3.60818e-10,0.322743,1,0
6.78711,0.205078,0.655146,-3.88937e-10,0.320791,1,0
6.78711,0.224609,0.631618,-3.59342e-10,0.320791,1,0
6.72852,0.244141,0.605653,-3.28968e-10,0.326645,1,0
6.72852,0.263672,0.577177,-2.90278e-10,0.326645,1,0
6.74805,0.244141,0.605653,-3.27522e-10,0.324694,1,0
6.74805,0.263672,0.577177,-2.88913e-10,0.324694,1,0
6.72852,0.283203,0.546111,-2.49226e-10,0.326645,1,0
6.72852,0.302734,0.51237,-2.0744e-10,0.326645,1,0
6.74805,0.283203,0.546111,-2.4798e-10,0.324694,1,0
6.74805,0.302734,0.51237,-2.06342e-10,0.324694,1,0
6.76758,0.244141,0.605653,-3.2608e-10,0.322743,1,0
6.76758,0.263672,0.577177,-2.87551e-10,0.322743,1,0
6.78711,0.244141,0.605653,-3.24641e-10,0.320791,1,0
6.78711,0.263672,0.577177,-2.8619e-10,0.320791,1,0
6.76758,0.283203,0.546111,-2.46733e-10,0.322743,1,0
6.76758,0.302734,0.51237,-2.05242e-10,0.322743,1,0
6.78711,0.283203,0.546111,-2.45487e-10,0.320791,1,0
6.78711,0.302734,0.51237,-2.04141e-10,0.320791,1,0
6.80664,0.166016,0.695165,-4.26872e-10,0.31884,1,0
6.80664,0.185547,0.676307,-4.10821e-10,0.31884,1,0
6.82617,0.166016,0.695165,-4.25579e-10,0.316889,1,0
6.82617,0.185547,0.676307,-4.09423e-10,0.316889,1,0
6.80664,0.205078,0.655146,-3.87476e-10,0.31884,1,0
6.80664,0.224609,0.631618,-3.57871e-10,0.31884,1,0
6.82617,0.205078,0.655146,-3.8602e-10,0.316889,1,0
6.82617,0.224609,0.631618,-3.56404e-10,0.316889,1,0
6.8457,0.166016,0.695165,-4.24292e-10,0.314937,1,0
6.8457,0.185547,0.676307,-4.08031e-10,0.314937,1,0
6.86523,0.166016,0.695165,-4.23011e-10,0.312986,1,0
6.86523,0.185547,0.676307,-4.06644e-10,0.312986,1,0
6.8457,0.205078,0.655146,-3.84569e-10,0.314937,1,0
6.8457,0.224609,0.631618,-3.54938e-10,0.314937,1,0
6.86523,0.205078,0.655146,-3.8312e-10,0.312986,1,0
6.86523,0.224609,0.631618,-3.53475e-10,0.312986,1,0
6.80664,0.244141,0.605653,-3.23204e-10,0.31884,1,0
6.80664,0.263672,0.577177,-2.84829e-10,0.31884,1,0
6.82617,0.244141,0.605653,-3.21769e-10,0.316889,1,0
6.82617,0.263672,0.577177,-2.83468e-10,0.316889,1,0
6.80664,0.283203,0.546111,-2.44239e-10,0.31884,1,0
6.80664,0.302734,0.51237,-2.03037e-10,0.31884,1,0
6.82617,0.283203,0.546111,-2.42989e-10,0.316889,1,0
6.82617,0.302734,0.51237,-2.01931e-10,0.316889,1,0
6.8457,0.244141,0.605653,-3.20335e-10,0.314937,1,0
6.8457,0.263672,0.577177,-2.82107e-10,0.314937,1,0
6.86523,0.244141,0.605653,-3.18901e-10,0.312986,1,0
6.86523,0.263672,0.577177,-2.80744e-10,0.312986,1,0
6.8457,0.283203,0.546111,-2.41738e-10,0.314937,1,0
6.8457,0.302734,0.51237,-2.00821e-10,0.314937,1,0
6.86523,0.283203,0.546111,-2.40484e-10,0.312986,1,0
6.86523,0.302734,0.51237,-1.99708e-10,0.312986,1,0
6.57227,0.322266,0.475867,-1.74025e-10,0.342256,1,0
6.57227,0.341797,0.43651,-1.3442e-10,0.342256,1,0
6.5918,0.322266,0.475867,-1.73098e-10,0.340305,1,0
6.5918,0.341797,0.43651,-1.33692e-10,0.340305,1,0
6.57227,0.361328,0.394203,-9.93275e-11,0.342256,1,0
6.57227,0.380859,0.348846,-7.10332e-11,0.342256,1,0
6.5918,0.361328,0.394203,-9.8785e-11,0.340305,1,0
6.5918,0.380859,0.348846,-6.95087e-11,0.340305,1,0
6.61133,0.322266,0.475867,-1.72173e-10,0.338353,1,0
6.61133,0.341797,0.43651,-1.32964e-10,0.338353,1,0
6.63086,0.322266,0.475867,-1.71249e-10,0.336402,1,0
6.63086,0.341797,0.43651,-1.32236e-10,0.336402,1,0
6.61133,0.361328,0.394203,-9.82818e-11,0.338353,1,0
6.61133,0.380859,0.348846,-7.04153e-11,0.338353,1,0
6.63086,0.361328,0.394203,-9.77381e-11,0.336402,1,0
6.63086,0.380859,0.348846,-6.88527e-11,0.336402,1,0
6.57227,0.400391,0.300338,-4.60674e-11,0.342256,1,0
6.57227,0.419922,0.248574,-3.56376e-11,0.342256,1,0
6.5918,0.400391,0.300338,-5.09667e-11,0.340305,1,0
6.5918,0.419922,0.248574,-2.99097e-11,0.340305,1,0
6.57227,0.439453,0.193451,-2.24447e-11,0.342256,1,0
6.57227,0.458984,0.13486,-1.25306e-11,0.342256,1,0
6.5918,0.439453,0.193451,-2.0751e-11,0.340305,1,0
6.5918,0.458984,0.13486,-2.03401e-11,0.340305,1,0
6.61133,0.400391,0.300338,-4.57451e-11,0.338353,1,0
6.61133,0.419922,0.248574,-3.57897e-11,0.338353,1,0
6.63086,0.400391,0.300338,-5.0786e-11,0.336402,1,0
6.63086,0.419922,0.248574,-2.99019e-11,0.336402,1,0
6.61133,0.439453,0.193451,-2.27708e-11,0.338353,1,0
6.61133,0.458984,0.13486,-1.28486e-11,0.338353,1,0
6.63086,0.439453,0.193451,-2.10225e-11,0.336402,1,0
6.63086,0.458984,0.13486,-2.08689e-11,0.336402,1,0
6.65039,0.322266,0.475867,-1.70326e-10,0.334451,1,0
6.65039,0.341797,0.43651,-1.31508e-10,0.334451,1,0
6.66992,0.322266,0.475867,-1.69403e-10,0.332499,1,0
6.66992,0.341797,0.43651,-1.3078e-10,0.332499,1,0
6.65039,0.361328,0.394203,-9.72336e-11,0.334451,1,0
6.65039,0.380859,0.348846,-6.97939e-11,0.334451,1,0
6.66992,0.361328,0.394203,-9.66883e-11,0.332499,1,0
6.66992,0.380859,0.348846,-6.81924e-11,0.332499,1,0
6.68945,0.322266,0.475867,-1.68481e-10,0.330548,1,0
6.68945,0.341797,0.43651,-1.3005e-10,0.330548,1,0
6.70898,0.322266,0.475867,-1.67558e-10,0.328597,1,0
6.70898,0.341797,0.43651,-1.2932e-10,0.328597,1,0
6.68945,0.361328,0.394203,-9.61814e-11,0.330548,1,0
6.68945,0.380859,0.348846,-6.91675e-11,0.330548,1,0
6.70898,0.361328,0.394203,-9.56325e-11,0.328597,1,0
6.70898,0.380859,0.348846,-6.75245e-11,0.328597,1,0
6.65039,0.400391,0.300338,-4.54187e-11,0.334451,1,0
6.65039,0.419922,0.248574,-3.59409e-11,0.334451,1,0
6.66992,0.400391,0.300338,-5.06023e-11,0.332499,1,0
6.66992,0.419922,0.248574,-2.98905e-11,0.332499,1,0
6.65039,0.439453,0.193451,-2.30967e-11,0.334451,1,0
6.65039,0.458984,0.13486,-1.31667e-11,0.334451,1,0
6.66992,0.439453,0.193451,-2.12927e-11,0.332499,1,0
6.66992,0.458984,0.13486,-2.14001e-11,0.332499,1,0
6.68945,0.400391,0.300338,-4.50862e-11,0.330548,1,0
6.68945,0.419922,0.248574,-3.60892e-11,0.330548,1,0
6.70898,0.400391,0.300338,-5.04124e-11,0.328597,1,0
6.70898,0.419922,0.248574,-2.98725e-11,0.328597,1,0
6.68945,0.439453,0.193451,-2.34211e-11,0.330548,1,0
6.68945,0.458984,0.13486,-1.34837e-11,0.330548,1,0
6.70898,0.439453,0.193451,-2.15592e-11,0.328597,1,0
6.70898,0.458984,0.13486,-2.19318e-11,0.328597,1,0
6.57227,0.478516,0.0726926,-2.40311e-11,0.342256,1,0
6.57227,0.498047,0.00683689,-4.4104e-11,0.342256,0.6,0
6.5918,0.478516,0.0726926,-2.06558e-11,0.340305,1,0
6.5918,0.498047,0.00683689,-4.25918e-11,0.340305,0.6,0
6.61133,0.478516,0.0726926,-2.45547e-11,0.338353,1,0
6.61133,0.498047,0.00683689,-4.46713e-11,0.338353,0.6,0
6.63086,0.478516,0.0726926,-2.10821e-11,0.336402,1,0
6.63086,0.498047,0.00683689,-4.31122e-11,0.336402,0.6,0
6.65039,0.478516,0.0726926,-2.50828e-11,0.334451,1,0
6.65039,0.498047,0.00683689,-4.52464e-11,0.334451,0.6,0
6.66992,0.478516,0.0726926,-2.15113e-11,0.332499,1,0
6.66992,0.498047,0.00683689,-4.36392e-11,0.332499,0.6,0
6.68945,0.478516,0.0726926,-2.56147e-11,0.330548,1,0
6.68945,0.498047,0.00683689,-4.58281e-11,0.330548,0.6,0
6.70898,0.478516,0.0726926,-2.19424e-11,0.328597,1,0
6.70898,0.498047,0.00683689,-4.41714e-11,0.328597,0.6,0
6.72852,0.322266,0.475867,-1.66635e-10,0.326645,1,0
6.72852,0.341797,0.43651,-1.28587e-10,0.326645,1,0
6.74805,0.322266,0.475867,-1.65709e-10,0.324694,1,0
6.74805,0.341797,0.43651,-1.27852e-10,0.324694,1,0
6.72852,0.361328,0.394203,-9.51205e-11,0.326645,1,0
6.72852,0.380859,0.348846,-6.85315e-11,0.326645,1,0
6.74805,0.361328,0.394203,-9.45652e-11,0.324694,1,0
6.74805,0.380859,0.348846,-6.68441e-11,0.324694,1,0
6.76758,0.322266,0.475867,-1.64781e-10,0.322743,1,0
6.76758,0.341797,0.43651,-1.27112e-10,0.322743,1,0
6.78711,0.322266,0.475867,-1.6385e-10,0.320791,1,0
6.78711,0.341797,0.43651,-1.26369e-10,0.320791,1,0
6.76758,0.361328,0.394203,-9.40455e-11,0.322743,1,0
6.76758,0.380859,0.348846,-6.78809e-11,0.322743,1,0
6.78711,0.361328,0.394203,-9.34815e-11,0.320791,1,0
6.78711,0.380859,0.348846,-6.61464e-11,0.320791,1,0
6.72852,0.400391,0.300338,-4.47436e-11,0.326645,1,0
6.72852,0.419922,0.248574,-3.62309e-11,0.326645,1,0
6.74805,0.400391,0.300338,-5.02118e-11,0.324694,1,0
6.74805,0.419922,0.248574,-2.98439e-11,0.324694,1,0
6.72852,0.439453,0.193451,-2.37408e-11,0.326645,1,0
6.72852,0.458984,0.13486,-1.37976e-11,0.326645,1,0
6.74805,0.439453,0.193451,-2.18188e-11,0.324694,1,0
6.74805,0.458984,0.13486,-2.24621e-11,0.324694,1,0
6.76758,0.400391,0.300338,-4.4386e-11,0.322743,1,0
6.76758,0.419922,0.248574,-3.63622e-11,0.322743,1,0
6.78711,0.400391,0.300338,-4.99964e-11,0.320791,1,0
6.78711,0.419922,0.248574,-2.98016e-11,0.320791,1,0
6.76758,0.439453,0.193451,-2.4053e-11,0.322743,1,0
6.76758,0.458984,0.13486,-1.41066e-11,0.322743,1,0
6.78711,0.439453,0.193451,-2.20693e-11,0.320791,1,0
6.78711,0.458984,0.13486,-2.29894e-11,0.320791,1,0
6.80664,0.322266,0.475867,-1.62915e-10,0.31884,1,0
6.80664,0.341797,0.43651,-1.25622e-10,0.31884,1,0
6.82617,0.322266,0.475867,-1.61977e-10,0.316889,1,0
6.82617,0.341797,0.43651,-1.2487e-10,0.316889,1,0
6.80664,0.361328,0.394203,-9.29527e-11,0.31884,1,0
6.80664,0.380859,0.348846,-6.72124e-11,0.31884,1,0
6.82617,0.361328,0.394203,-9.23794e-11,0.316889,1,0
6.82617,0.380859,0.348846,-6.54303e-11,0.316889,1,0
6.8457,0.322266,0.475867,-1.61035e-10,0.314937,1,0
6.8457,0.341797,0.43651,-1.24114e-10,0.314937,1,0
6.86523,0.322266,0.475867,-1.60088e-10,0.312986,1,0
6.86523,0.341797,0.43651,-1.23354e-10,0.312986,1,0
6.8457,0.361328,0.394203,-9.18415e-11,0.314937,1,0
6.8457,0.380859,0.348846,-6.65264e-11,0.314937,1,0
6.86523,0.361328,0.394203,-9.12597e-11,0.312986,1,0
6.86523,0.380859,0.348846,-6.46972e-11,0.312986,1,0
6.80664,0.400391,0.300338,-4.40112e-11,0.31884,1,0
6.80664,0.419922,0.248574,-3.64812e-11,0.31884,1,0
6.82617,0.400391,0.300338,-4.97655e-11,0.316889,1,0
6.82617,0.419922,0.248574,-2.97451e-11,0.316889,1,0
6.80664,0.439453,0.193451,-2.43565e-11,0.31884,1,0
6.80664,0.458984,0.13486,-1.44096e-11,0.31884,1,0
6.82617,0.439453,0.193451,-2.23104e-11,0.316889,1,0
6.82617,0.458984,0.13486,-2.35134e-11,0.316889,1,0
6.8457,0.400391,0.300338,-4.36196e-11,0.314937,1,0
6.8457,0.419922,0.248574,-3.65886e-11,0.314937,1,0
6.86523,0.400391,0.300338,-4.9521e-11,0.312986,1,0
6.86523,0.419922,0.248574,-2.96765e-11,0.312986,1,0
6.8457,0.439453,0.193451,-2.46518e-11,0.314937,1,0
6.8457,0.458984,0.13486,-1.47071e-11,0.314937,1,0
6.86523,0.439453,0.193451,-2.25437e-11,0.312986,1,0
6.86523,0.458984,0.13486,-2.4035e-11,0.312986,1,0
6.72852,0.478516,0.0726926,-2.6149e-11,0.326645,1,0
6.72852,0.498047,0.00683689,-4.6415e-11,0.326645,0.6,0
6.74805,0.478516,0.0726926,-2.2374e-11,0.324694,1,0
6.74805,0.498047,0.00683688,-4.47075e-11,0.324694,0.6,0
6.76758,0.478516,0.0726926,-2.66843e-11,0.322743,1,0
6.76758,0.498047,0.00683688,-4.70055e-11,0.322743,0.6,0
6.78711,0.478516,0.0726926,-2.28049e-11,0.320791,1,0
6.78711,0.498047,0.00683688,-4.52456e-11,0.320791,0.6,0
6.80664,0.478516,0.0726926,-2.72197e-11,0.31884,1,0
6.80664,0.498047,0.00683688,-4.75979e-11,0.31884,0.6,0
6.82617,0.478516,0.0726926,-2.32344e-11,0.316889,1,0
6.82617,0.498047,0.00683688,-4.57844e-11,0.316889,0.6,0
6.8457,0.478516,0.0726926,-2.77548e-11,0.314937,1,0
6.8457,0.498047,0.00683688,-4.81909e-11,0.314937,0.6,0
6.86523,0.478516,0.0726926,-2.36623e-11,0.312986,1,0
6.86523,0.498047,0.00683688,-4.63223e-11,0.312986,0.6,0
6.88477,0.00976562,0.768797,-1.25033e-10,0.311034,1,0
6.88477,0.0292969,0.766791,-2.78097e-10,0.311034,1,0
6.9043,0.00976562,0.768797,-1.25197e-10,0.309083,1,0
6.9043,0.0292969,0.766791,-2.78323e-10,0.309083,1,0
6.88477,0.0488281,0.762772,-3.27389e-10,0.311034,1,0
6.88477,0.0683594,0.756727,-3.67557e-10,0.311034,1,0
6.9043,0.0488281,0.762772,-3.27398e-10,0.309083,1,0
6.9043,0.0683594,0.756727,-3.67328e-10,0.309083,1,0
6.92383,0.00976562,0.768797,-1.25359e-10,0.307132,1,0
6.92383,0.0292969,0.766791,-2.78546e-10,0.307132,1,0
6.94336,0.00976562,0.768797,-1.25519e-10,0.30518,1,0
6.94336,0.0292969,0.766791,-2.78764e-10,0.30518,1,0
6.92383,0.0488281,0.762772,-3.27405e-10,0.307132,1,0
6.92383,0.0683594,0.756727,-3.67098e-10,0.307132,1,0
6.94336,0.0488281,0.762772,-3.27407e-10,0.30518,1,0
6.94336,0.0683594,0.756727,-3.66863e-10,0.30518,1,0
6.88477,0.0878906,0.748635,-3.99573e-10,0.311034,1,0
6.88477,0.107422,0.738469,-4.2009e-10,0.311034,1,0
6.9043,0.0878906,0.748635,-3.99099e-10,0.309083,1,0
6.9043,0.107422,0.738469,-4.19376e-10,0.309083,1,0
6.88477,0.126953,0.726197,-4.29923e-10,0.311034,1,0
6.88477,0.146484,0.711778,-4.30211e-10,0.311034,1,0
6.9043,0.126953,0.726197,-4.28988e-10,0.309083,1,0
6.9043,0.146484,0.711778,-4.29087e-10,0.309083,1,0
6.92383,0.0878906,0.748635,-3.98623e-10,0.307132,1,0
6.92383,0.107422,0.738469,-4.18661e-10,0.307132,1,0
6.94336,0.0878906,0.748635,-3.98145e-10,0.30518,1,0
6.94336,0.107422,0.738469,-4.17945e-10,0.30518,1,0
6.92383,0.126953,0.726197,-4.28054e-10,0.307132,1,0
6.92383,0.146484,0.711778,-4.27964e-10,0.307132,1,0
6.94336,0.126953,0.726197,-4.27119e-10,0.30518,1,0
6.94336,0.146484,0.711778,-4.26841e-10,0.30518,1,0
6.96289,0.00976562,0.768797,-1.25675e-10,0.303229,1,0
6.96289,0.0292969,0.766791,-2.78976e-10,0.303229,1,0
6.98242,0.00976562,0.768797,-1.25828e-10,0.301278,1,0
6.98242,0.0292969,0.766791,-2.79181e-10,0.301278,1,0
6.96289,0.0488281,0.762772,-3.27403e-10,0.303229,1,0
6.96289,0.0683594,0.756727,-3.66624e-10,0.303229,1,0
6.98242,0.0488281,0.762772,-3.27392e-10,0.301278,1,0
6.98242,0.0683594,0.756727,-3.66378e-10,0.301278,1,0
7.00195,0.00976562,0.768797,-1.25978e-10,0.299326,1,0
7.00195,0.0292969,0.766791,-2.79378e-10,0.299326,1,0
7.02148,0.00976562,0.768797,-1.26125e-10,0.297375,1,0
7.02148,0.0292969,0.766791,-2.7957e-10,0.297375,1,0
7.00195,0.0488281,0.762772,-3.27375e-10,0.299326,1,0
7.00195,0.0683594,0.756727,-3.66128e-10,0.299326,1,0
7.02148,0.0488281,0.762772,-3.27352e-10,0.297375,1,0
7.02148,0.0683594,0.756727,-3.65874e-10,0.297375,1,0
6.96289,0.0878906,0.748635,-3.97662e-10,0.303229,1,0
6.96289,0.107422,0.738469,-4.17226e-10,0.303229,1,0
6.98242,0.0878906,0.748635,-3.97175e-10,0.301278,1,0
6.98242,0.107422,0.738469,-4.16504e-10,0.301278,1,0
6.96289,0.126953,0.726197,-4.26183e-10,0.303229,1,0
6.96289,0.146484,0.711778,-4.25718e-10,0.303229,1,0
6.98242,0.126953,0.726197,-4.25246e-10,0.301278,1,0
6.98242,0.146484,0.711778,-4.24595e-10,0.301278,1,0
7.00195,0.0878906,0.748635,-3.96685e-10,0.299326,1,0
7.00195,0.107422,0.738469,-4.1578e-10,0.299326,1,0
7.02148,0.0878906,0.748635,-3.96192e-10,0.297375,1,0
7.02148,0.107422,0.738469,-4.15057e-10,0.297375,1,0
7.00195,0.126953,0.726197,-4.24308e-10,0.299326,1,0
7.00195,0.146484,0.711778,-4.23473e-10,0.299326,1,0
7.02148,0.126953,0.726197,-4.23373e-10,0.297375,1,0
7.02148,0.146484,0.711778,-4.22356e-10,0.297375,1,0
6.88477,0.166016,0.695165,-4.21734e-10,0.311034,1,0
6.88477,0.185547,0.676307,-4.05259e-10,0.311034,1,0
6.9043,0.166016,0.695165,-4.20459e-10,0.309083,1,0
6.9043,0.185547,0.676307,-4.03876e-10,0.309083,1,0
6.88477,0.205078,0.655146,-3.81673e-10,0.311034,1,0
6.88477,0.224609,0.631618,-3.52012e-10,0.311034,1,0
6.9043,0.205078,0.655146,-3.80227e-10,0.309083,1,0
6.9043,0.224609,0.631618,-3.5055e-10,0.309083,1,0
6.92383,0.166016,0.695165,-4.19185e-10,0.307132,1,0
6.92383,0.185547,0.676307,-4.02494e-10,0.307132,1,0
6.94336,0.166016,0.695165,-4.17912e-10,0.30518,1,0
6.94336,0.185547,0.676307,-4.01113e-10,0.30518,1,0
6.92383,0.205078,0.655146,-3.78783e-10,0.307132,1,0
6.92383,0.224609,0.631618,-3.49088e-10,0.307132,1,0
6.94336,0.205078,0.655146,-3.77339e-10,0.30518,1,0
6.94336,0.224609,0.631618,-3.47627e-10,0.30518,1,0
6.88477,0.244141,0.605653,-3.17467e-10,0.311034,1,0
6.88477,0.263672,0.577177,-2.79381e-10,0.311034,1,0
6.9043,0.244141,0.605653,-3.16033e-10,0.309083,1,0
6.9043,0.263672,0.577177,-2.78017e-10,0.309083,1,0
6.88477,0.283203,0.546111,-2.39229e-10,0.311034,1,0
6.88477,0.302734,0.51237,-1.98593e-10,0.311034,1,0
6.9043,0.283203,0.546111,-2.37972e-10,0.309083,1,0
6.9043,0.302734,0.51237,-1.97475e-10,0.309083,1,0
6.92383,0.244141,0.605653,-3.14599e-10,0.307132,1,0
6.92383,0.263672,0.577177,-2.76652e-10,0.307132,1,0
6.94336,0.244141,0.605653,-3.13165e-10,0.30518,1,0
6.94336,0.263672,0.577177,-2.75288e-10,0.30518,1,0
6.92383,0.283203,0.546111,-2.36714e-10,0.307132,1,0
6.92383,0.302734,0.51237,-1.96356e-10,0.307132,1,0
6.94336,0.283203,0.546111,-2.35456e-10,0.30518,1,0
6.94336,0.302734,0.51237,-1.95238e-10,0.30518,1,0
6.96289,0.166016,0.695165,-4.16639e-10,0.303229,1,0
6.96289,0.185547,0.676307,-3.99733e-10,0.303229,1,0
6.98242,0.166016,0.695165,-4.15368e-10,0.301278,1,0
6.98242,0.185547,0.676307,-3.98355e-10,0.301278,1,0
6.96289,0.205078,0.655146,-3.75897e-10,0.303229,1,0
6.96289,0.224609,0.631618,-3.46168e-10,0.303229,1,0
6.98242,0.205078,0.655146,-3.74457e-10,0.301278,1,0
6.98242,0.224609,0.631618,-3.44712e-10,0.301278,1,0
7.00195,0.166016,0.695165,-4.14099e-10,0.299326,1,0
7.00195,0.185547,0.676307,-3.96981e-10,0.299326,1,0
7.02148,0.166016,0.695165,-4.12836e-10,0.297375,1,0
7.02148,0.185547,0.676307,-3.95614e-10,0.297375,1,0
7.00195,0.205078,0.655146,-3.73022e-10,0.299326,1,0
7.00195,0.224609,0.631618,-3.43261e-10,0.299326,1,0
7.02148,0.205078,0.655146,-3.71594e-10,0.297375,1,0
7.02148,0.224609,0.631618,-3.41817e-10,0.297375,1,0
6.96289,0.244141,0.605653,-3.11734e-10,0.303229,1,0
6.96289,0.263672,0.577177,-2.73925e-10,0.303229,1,0
6.98242,0.244141,0.605653,-3.10305e-10,0.301278,1,0
6.98242,0.263672,0.577177,-2.72565e-10,0.301278,1,0
6.96289,0.283203,0.546111,-2.342e-10,0.303229,1,0
6.96289,0.302734,0.51237,-1.9412e-10,0.303229,1,0
6.98242,0.283203,0.546111,-2.32946e-10,0.301278,1,0
6.98242,0.302734,0.51237,-1.93005e-10,0.301278,1,0
7.00195,0.244141,0.605653,-3.08882e-10,0.299326,1,0
7.00195,0.263672,0.577177,-2.71211e-10,0.299326,1,0
7.02148,0.244141,0.605653,-3.07466e-10,0.297375,1,0
7.02148,0.263672,0.577177,-2.69863e-10,0.297375,1,0
7.00195,0.283203,0.546111,-2.31697e-10,0.299326,1,0
7.00195,0.302734,0.51237,-1.91894e-10,0.299326,1,0
7.02148,0.283203,0.546111,-2.30455e-10,0.297375,1,0
7.02148,0.302734,0.51237,-1.90788e-10,0.297375,1,0
7.04102,0.00976562,0.768797,-1.26269e-10,0.295424,1,0
7.04102,0.0292969,0.766791,-2.79758e-10,0.295424,1,0
7.06055,0.00976562,0.768797,-1.26412e-10,0.293472,1,0
7.06055,0.0292969,0.766791,-2.79944e-10,0.293472,1,0
7.04102,0.0488281,0.762772,-3.27328e-10,0.295424,1,0
7.04102,0.0683594,0.756727,-3.65619e-10,0.295424,1,0
7.06055,0.0488281,0.762772,-3.27303e-10,0.293472,1,0
7.06055,0.0683594,0.756727,-3.65366e-10,0.293472,1,0
7.08008,0.00976562,0.768797,-1.26554e-10,0.291521,1,0
7.08008,0.0292969,0.766791,-2.80129e-10,0.291521,1,0
7.09961,0.00976562,0.768797,-1.26696e-10,0.28957,1,0
7.09961,0.0292969,0.766791,-2.80317e-10,0.28957,1,0
7.08008,0.0488281,0.762772,-3.2728e-10,0.291521,1,0
7.08008,0.0683594,0.756727,-3.65118e-10,0.291521,1,0
7.09961,0.0488281,0.762772,-3.27263e-10,0.28957,1,0
7.09961,0.0683594,0.756727,-3.64878e-10,0.28957,1,0
7.04102,0.0878906,0.748635,-3.95701e-10,0.295424,1,0
7.04102,0.107422,0.738469,-4.14336e-10,0.295424,1,0
7.06055,0.0878906,0.748635,-3.95214e-10,0.293472,1,0
7.06055,0.107422,0.738469,-4.13622e-10,0.293472,1,0
7.04102,0.126953,0.726197,-4.22443e-10,0.295424,1,0
7.04102,0.146484,0.711778,-4.21245e-10,0.295424,1,0
7.06055,0.126953,0.726197,-4.21521e-10,0.293472,1,0
7.06055,0.146484,0.711778,-4.20144e-10,0.293472,1,0
7.08008,0.0878906,0.748635,-3.94735e-10,0.291521,1,0
7.08008,0.107422,0.738469,-4.12918e-10,0.291521,1,0
7.09961,0.0878906,0.748635,-3.94266e-10,0.28957,1,0
7.09961,0.107422,0.738469,-4.12227e-10,0.28957,1,0
7.08008,0.126953,0.726197,-4.2061e-10,0.291521,1,0
7.08008,0.146484,0.711778,-4.19056e-10,0.291521,1,0
7.09961,0.126953,0.726197,-4.19716e-10,0.28957,1,0
7.09961,0.146484,0.711778,-4.17986e-10,0.28957,1,0
7.11914,0.00976562,0.768797,-1.26838e-10,0.287618,1,0
7.11914,0.0292969,0.766791,-2.80507e-10,0.287618,1,0
7.13867,0.00976562,0.768797,-1.26981e-10,0.285667,1,0
7.13867,0.0292969,0.766791,-2.80702e-10,0.285667,1,0
7.11914,0.0488281,0.762772,-3.27253e-10,0.287618,1,0
7.11914,0.0683594,0.756727,-3.64649e-10,0.287618,1,0
7.13867,0.0488281,0.762772,-3.27252e-10,0.285667,1,0
7.13867,0.0683594,0.756727,-3.64433e-10,0.285667,1,0
7.1582,0.00976562,0.768797,-1.27125e-10,0.283716,1,0
7.1582,0.0292969,0.766791,-2.809e-10,0.283716,1,0
7.17773,0.00976562,0.768797,-1.27269e-10,0.281764,1,0
7.17773,0.0292969,0.766791,-2.81103e-10,0.281764,1,0
7.1582,0.0488281,0.762772,-3.27261e-10,0.283716,1,0
7.1582,0.0683594,0.756727,-3.64232e-10,0.283716,1,0
7.17773,0.0488281,0.762772,-3.2728e-10,0.281764,1,0
7.17773,0.0683594,0.756727,-3.64047e-10,0.281764,1,0
7.11914,0.0878906,0.748635,-3.93811e-10,0.287618,1,0
7.11914,0.107422,0.738469,-4.11553e-10,0.287618,1,0
7.13867,0.0878906,0.748635,-3.93373e-10,0.285667,1,0
7.13867,0.107422,0.738469,-4.10898e-10,0.285667,1,0
7.11914,0.126953,0.726197,-4.1884e-10,0.287618,1,0
7.11914,0.146484,0.711778,-4.16937e-10,0.287618,1,0
7.13867,0.126953,0.726197,-4.17987e-10,0.285667,1,0
7.13867,0.146484,0.711778,-4.15913e-10,0.285667,1,0
7.1582,0.0878906,0.748635,-3.92954e-10,0.283716,1,0
7.1582,0.107422,0.738469,-4.10266e-10,0.283716,1,0
7.17773,0.0878906,0.748635,-3.92556e-10,0.281764,1,0
7.17773,0.107422,0.738469,-4.09661e-10,0.281764,1,0
7.1582,0.126953,0.726197,-4.1716e-10,0.283716,1,0
7.1582,0.146484,0.711778,-4.14917e-10,0.283716,1,0
7.17773,0.126953,0.726197,-4.16363e-10,0.281764,1,0
7.17773,0.146484,0.711778,-4.13955e-10,0.281764,1,0
7.04102,0.166016,0.695165,-4.11581e-10,0.295424,1,0
7.04102,0.185547,0.676307,-3.94255e-10,0.295424,1,0
7.06055,0.166016,0.695165,-4.10337e-10,0.293472,1,0
7.06055,0.185547,0.676307,-3.92909e-10,0.293472,1,0
7.04102,0.205078,0.655146,-3.70176e-10,0.295424,1,0
7.04102,0.224609,0.631618,-3.40384e-10,0.295424,1,0
7.06055,0.205078,0.655146,-3.6877e-10,0.293472,1,0
7.06055,0.224609,0.631618,-3.38962e-10,0.293472,1,0
7.08008,0.166016,0.695165,-4.09107e-10,0.291521,1,0
7.08008,0.185547,0.676307,-3.91578e-10,0.291521,1,0
7.09961,0.166016,0.695165,-4.07897e-10,0.28957,1,0
7.09961,0.185547,0.676307,-3.90267e-10,0.28957,1,0
7.08008,0.205078,0.655146,-3.67381e-10,0.291521,1,0
7.08008,0.224609,0.631618,-3.37557e-10,0.291521,1,0
7.09961,0.205078,0.655146,-3.66011e-10,0.28957,1,0
7.09961,0.224609,0.631618,-3.36172e-10,0.28957,1,0
7.04102,0.244141,0.605653,-3.06059e-10,0.295424,1,0
7.04102,0.263672,0.577177,-2.68524e-10,0.295424,1,0
7.06055,0.244141,0.605653,-3.04665e-10,0.293472,1,0
7.06055,0.263672,0.577177,-2.67197e-10,0.293472,1,0
7.04102,0.283203,0.546111,-2.2922e-10,0.295424,1,0
7.04102,0.302734,0.51237,-1.8969e-10,0.295424,1,0
7.06055,0.283203,0.546111,-2.27997e-10,0.293472,1,0
7.06055,0.302734,0.51237,-1.88603e-10,0.293472,1,0
7.08008,0.244141,0.605653,-3.03287e-10,0.291521,1,0
7.08008,0.263672,0.577177,-2.65885e-10,0.291521,1,0
7.09961,0.244141,0.605653,-3.01927e-10,0.28957,1,0
7.09961,0.263672,0.577177,-2.64592e-10,0.28957,1,0
7.08008,0.283203,0.546111,-2.26788e-10,0.291521,1,0
7.08008,0.302734,0.51237,-1.87527e-10,0.291521,1,0
7.09961,0.283203,0.546111,-2.25596e-10,0.28957,1,0
7.09961,0.302734,0.51237,-1.86468e-10,0.28957,1,0
7.11914,0.166016,0.695165,-4.06709e-10,0.287618,1,0
7.11914,0.185547,0.676307,-3.88979e-10,0.287618,1,0
7.13867,0.166016,0.695165,-4.05547e-10,0.285667,1,0
7.13867,0.185547,0.676307,-3.87719e-10,0.285667,1,0
7.11914,0.205078,0.655146,-3.64665e-10,0.287618,1,0
7.11914,0.224609,0.631618,-3.3481e-10,0.287618,1,0
7.13867,0.205078,0.655146,-3.63348e-10,0.285667,1,0
7.13867,0.224609,0.631618,-3.33477e-10,0.285667,1,0
7.1582,0.166016,0.695165,-4.04417e-10,0.283716,1,0
7.1582,0.185547,0.676307,-3.86492e-10,0.283716,1,0
7.17773,0.166016,0.695165,-4.03323e-10,0.281764,1,0
7.17773,0.185547,0.676307,-3.85303e-10,0.281764,1,0
7.1582,0.205078,0.655146,-3.62065e-10,0.283716,1,0
7.1582,0.224609,0.631618,-3.32179e-10,0.283716,1,0
7.17773,0.205078,0.655146,-3.60821e-10,0.281764,1,0
7.17773,0.224609,0.631618,-3.30921e-10,0.281764,1,0
7.11914,0.244141,0.605653,-3.00592e-10,0.287618,1,0
7.11914,0.263672,0.577177,-2.63321e-10,0.287618,1,0
7.13867,0.244141,0.605653,-2.99284e-10,0.285667,1,0
7.13867,0.263672,0.577177,-2.62077e-10,0.285667,1,0
7.11914,0.283203,0.546111,-2.24425e-10,0.287618,1,0
7.11914,0.302734,0.51237,-1.85428e-10,0.287618,1,0
7.13867,0.283203,0.546111,-2.2328e-10,0.285667,1,0
7.13867,0.302734,0.51237,-1.84413e-10,0.285667,1,0
7.1582,0.244141,0.605653,-2.98011e-10,0.283716,1,0
7.1582,0.263672,0.577177,-2.60867e-10,0.283716,1,0
7.17773,0.244141,0.605653,-2.96778e-10,0.281764,1,0
7.17773,0.263672,0.577177,-2.59695e-10,0.281764,1,0
7.1582,0.283203,0.546111,-2.22167e-10,0.283716,1,0
7.1582,0.302734,0.51237,-1.83425e-10,0.283716,1,0
7.17773,0.283203,0.546111,-2.21091e-10,0.281764,1,0
7.17773,0.302734,0.51237,-1.82474e-10,0.281764,1,0
6.88477,0.322266,0.475867,-1.59139e-10,0.311034,1,0
6.88477,0.341797,0.43651,-1.2259e-10,0.311034,1,0
6.9043,0.322266,0.475867,-1.58187e-10,0.309083,1,0
6.9043,0.341797,0.43651,-1.21824e-10,0.309083,1,0
6.88477,0.361328,0.394203,-9.07145e-11,0.311034,1,0
6.88477,0.380859,0.348846,-6.58259e-11,0.311034,1,0
6.9043,0.361328,0.394203,-9.01269e-11,0.309083,1,0
6.9043,0.380859,0.348846,-6.39522e-11,0.309083,1,0
6.92383,0.322266,0.475867,-1.57234e-10,0.307132,1,0
6.92383,0.341797,0.43651,-1.21056e-10,0.307132,1,0
6.94336,0.322266,0.475867,-1.56281e-10,0.30518,1,0
6.94336,0.341797,0.43651,-1.20288e-10,0.30518,1,0
6.92383,0.361328,0.394203,-8.95778e-11,0.307132,1,0
6.92383,0.380859,0.348846,-6.51171e-11,0.307132,1,0
6.94336,0.361328,0.394203,-8.89882e-11,0.30518,1,0
6.94336,0.380859,0.348846,-6.32016e-11,0.30518,1,0
6.88477,0.400391,0.300338,-4.32148e-11,0.311034,1,0
6.88477,0.419922,0.248574,-3.66877e-11,0.311034,1,0
6.9043,0.400391,0.300338,-4.92677e-11,0.309083,1,0
6.9043,0.419922,0.248574,-2.95995e-11,0.309083,1,0
6.88477,0.439453,0.193451,-2.49415e-11,0.311034,1,0
6.88477,0.458984,0.13486,-1.50002e-11,0.311034,1,0
6.9043,0.439453,0.193451,-2.27721e-11,0.309083,1,0
6.9043,0.458984,0.13486,-2.45555e-11,0.309083,1,0
6.92383,0.400391,0.300338,-4.28021e-11,0.307132,1,0
6.92383,0.419922,0.248574,-3.67825e-11,0.307132,1,0
6.94336,0.400391,0.300338,-4.90109e-11,0.30518,1,0
6.94336,0.419922,0.248574,-2.95184e-11,0.30518,1,0
6.92383,0.439453,0.193451,-2.52282e-11,0.307132,1,0
6.92383,0.458984,0.13486,-1.52903e-11,0.307132,1,0
6.94336,0.439453,0.193451,-2.2998e-11,0.30518,1,0
6.94336,0.458984,0.13486,-2.5076e-11,0.30518,1,0
6.96289,0.322266,0.475867,-1.55328e-10,0.303229,1,0
6.96289,0.341797,0.43651,-1.1952e-10,0.303229,1,0
6.98242,0.322266,0.475867,-1.54378e-10,0.301278,1,0
6.98242,0.341797,0.43651,-1.18755e-10,0.301278,1,0
6.96289,0.361328,0.394203,-8.84389e-11,0.303229,1,0
6.96289,0.380859,0.348846,-6.44064e-11,0.303229,1,0
6.98242,0.361328,0.394203,-8.78511e-11,0.301278,1,0
6.98242,0.380859,0.348846,-6.24517e-11,0.301278,1,0
7.00195,0.322266,0.475867,-1.53431e-10,0.299326,1,0
7.00195,0.341797,0.43651,-1.17992e-10,0.299326,1,0
7.02148,0.322266,0.475867,-1.52489e-10,0.297375,1,0
7.02148,0.341797,0.43651,-1.17233e-10,0.297375,1,0
7.00195,0.361328,0.394203,-8.73056e-11,0.299326,1,0
7.00195,0.380859,0.348846,-6.36999e-11,0.299326,1,0
7.02148,0.361328,0.394203,-8.67235e-11,0.297375,1,0
7.02148,0.380859,0.348846,-6.17084e-11,0.297375,1,0
6.96289,0.400391,0.300338,-4.23866e-11,0.303229,1,0
6.96289,0.419922,0.248574,-3.68768e-11,0.303229,1,0
6.98242,0.400391,0.300338,-4.87553e-11,0.301278,1,0
6.98242,0.419922,0.248574,-2.94361e-11,0.301278,1,0
6.96289,0.439453,0.193451,-2.55141e-11,0.303229,1,0
6.96289,0.458984,0.13486,-1.55779e-11,0.303229,1,0
6.98242,0.439453,0.193451,-2.32228e-11,0.301278,1,0
6.98242,0.458984,0.13486,-2.55966e-11,0.301278,1,0
7.00195,0.400391,0.300338,-4.19725e-11,0.299326,1,0
7.00195,0.419922,0.248574,-3.69727e-11,0.299326,1,0
7.02148,0.400391,0.300338,-4.85045e-11,0.297375,1,0
7.02148,0.419922,0.248574,-2.93544e-11,0.297375,1,0
7.00195,0.439453,0.193451,-2.58e-11,0.299326,1,0
7.00195,0.458984,0.13486,-1.58629e-11,0.299326,1,0
7.02148,0.439453,0.193451,-2.3447e-11,0.297375,1,0
7.02148,0.458984,0.13486,-2.61166e-11,0.297375,1,0
6.88477,0.478516,0.0726926,-2.82894e-11,0.311034,1,0
6.88477,0.498047,0.00683688,-4.87828e-11,0.311034,0.6,0
6.9043,0.478516,0.0726926,-2.40884e-11,0.309083,1,0
6.9043,0.498047,0.00683688,-4.68578e-11,0.309083,0.6,0
6.92383,0.478516,0.0726926,-2.88232e-11,0.307132,1,0
6.92383,0.498047,0.00683688,-4.93724e-11,0.307132,0.6,0
6.94336,0.478516,0.0726926,-2.45122e-11,0.30518,1,0
6.94336,0.498047,0.00683688,-4.73896e-11,0.30518,0.6,0
6.96289,0.478516,0.0726926,-2.93556e-11,0.303229,1,0
6.96289,0.498047,0.00683688,-4.99581e-11,0.303229,0.6,0
6.98242,0.478516,0.0726926,-2.49331e-11,0.301278,1,0
6.98242,0.498047,0.00683688,-4.79163e-11,0.301278,0.6,0
7.00195,0.478516,0.0726926,-2.98856e-11,0.299326,1,0
7.00195,0.498047,0.00683688,-5.05384e-11,0.299326,0.6,0
7.02148,0.478516,0.0726926,-2.53498e-11,0.297375,1,0
7.02148,0.498047,0.00683688,-4.84361e-11,0.297375,0.6,0
7.04102,0.322266,0.475867,-1.51553e-10,0.295424,1,0
7.04102,0.341797,0.43651,-1.1648e-10,0.295424,1,0
7.06055,0.322266,0.475867,-1.50627e-10,0.293472,1,0
7.06055,0.341797,0.43651,-1.15734e-10,0.293472,1,0
7.04102,0.361328,0.394203,-8.61857e-11,0.295424,1,0
7.04102,0.380859,0.348846,-6.30032e-11,0.295424,1,0
7.06055,0.361328,0.394203,-8.5614e-11,0.293472,1,0
7.06055,0.380859,0.348846,-6.0978e-11,0.293472,1,0
7.08008,0.322266,0.475867,-1.49712e-10,0.291521,1,0
7.08008,0.341797,0.43651,-1.14998e-10,0.291521,1,0
7.09961,0.322266,0.475867,-1.4881e-10,0.28957,1,0
7.09961,0.341797,0.43651,-1.14274e-10,0.28957,1,0
7.08008,0.361328,0.394203,-8.50897e-11,0.291521,1,0
7.08008,0.380859,0.348846,-6.23242e-11,0.291521,1,0
7.09961,0.361328,0.394203,-8.45352e-11,0.28957,1,0
7.09961,0.380859,0.348846,-6.02702e-11,0.28957,1,0
7.04102,0.400391,0.300338,-4.15634e-11,0.295424,1,0
7.04102,0.419922,0.248574,-3.7072e-11,0.295424,1,0
7.06055,0.400391,0.300338,-4.82628e-11,0.293472,1,0
7.06055,0.419922,0.248574,-2.92754e-11,0.293472,1,0
7.04102,0.439453,0.193451,-2.6086e-11,0.295424,1,0
7.04102,0.458984,0.13486,-1.61447e-11,0.295424,1,0
7.06055,0.439453,0.193451,-2.36711e-11,0.293472,1,0
7.06055,0.458984,0.13486,-2.66357e-11,0.293472,1,0
7.08008,0.400391,0.300338,-4.11645e-11,0.291521,1,0
7.08008,0.419922,0.248574,-3.71775e-11,0.291521,1,0
7.09961,0.400391,0.300338,-4.80368e-11,0.28957,1,0
7.09961,0.419922,0.248574,-2.92035e-11,0.28957,1,0
7.08008,0.439453,0.193451,-2.63734e-11,0.291521,1,0
7.08008,0.458984,0.13486,-1.6423e-11,0.291521,1,0
7.09961,0.439453,0.193451,-2.38972e-11,0.28957,1,0
7.09961,0.458984,0.13486,-2.71542e-11,0.28957,1,0
7.11914,0.322266,0.475867,-1.47927e-10,0.287618,1,0
7.11914,0.341797,0.43651,-1.13565e-10,0.287618,1,0
7.13867,0.322266,0.475867,-1.47064e-10,0.285667,1,0
7.13867,0.341797,0.43651,-1.12874e-10,0.285667,1,0
7.11914,0.361328,0.394203,-8.40328e-11,0.287618,1,0
7.11914,0.380859,0.348846,-6.16752e-11,0.287618,1,0
7.13867,0.361328,0.394203,-8.35061e-11,0.285667,1,0
7.13867,0.380859,0.348846,-5.96006e-11,0.285667,1,0
7.1582,0.322266,0.475867,-1.46227e-10,0.283716,1,0
7.1582,0.341797,0.43651,-1.12206e-10,0.283716,1,0
7.17773,0.322266,0.475867,-1.45423e-10,0.281764,1,0
7.17773,0.341797,0.43651,-1.11567e-10,0.281764,1,0
7.1582,0.361328,0.394203,-8.30386e-11,0.283716,1,0
7.1582,0.380859,0.348846,-6.10756e-11,0.283716,1,0
7.17773,0.361328,0.394203,-8.25552e-11,0.281764,1,0
7.17773,0.380859,0.348846,-5.89933e-11,0.281764,1,0
7.11914,0.400391,0.300338,-4.07851e-11,0.287618,1,0
7.11914,0.419922,0.248574,-3.72955e-11,0.287618,1,0
7.13867,0.400391,0.300338,-4.78388e-11,0.285667,1,0
7.13867,0.419922,0.248574,-2.91473e-11,0.285667,1,0
7.11914,0.439453,0.193451,-2.66657e-11,0.287618,1,0
7.11914,0.458984,0.13486,-1.66992e-11,0.287618,1,0
7.13867,0.439453,0.193451,-2.41305e-11,0.285667,1,0
7.13867,0.458984,0.13486,-2.76741e-11,0.285667,1,0
7.1582,0.400391,0.300338,-4.04406e-11,0.283716,1,0
7.1582,0.419922,0.248574,-3.74371e-11,0.283716,1,0
7.17773,0.400391,0.300338,-4.76877e-11,0.281764,1,0
7.17773,0.419922,0.248574,-2.91204e-11,0.281764,1,0
7.1582,0.439453,0.193451,-2.69697e-11,0.283716,1,0
7.1582,0.458984,0.13486,-1.69764e-11,0.283716,1,0
7.17773,0.439453,0.193451,-2.43796e-11,0.281764,1,0
7.17773,0.458984,0.13486,-2.81995e-11,0.281764,1,0
7.04102,0.478516,0.0726926,-3.0412e-11,0.295424,1,0
7.04102,0.498047,0.00683688,-5.11118e-11,0.295424,0.6,0
7.06055,0.478516,0.0726926,-2.57612e-11,0.293472,1,0
7.06055,0.498047,0.00683688,-4.89476e-11,0.293472,0.6,0
7.08008,0.478516,0.0726926,-3.09337e-11,0.291521,1,0
7.08008,0.498047,0.00683688,-5.16766e-11,0.291521,0.6,0
7.09961,0.478516,0.0726926,-2.61666e-11,0.28957,1,0
7.09961,0.498047,0.00683688,-4.94493e-11,0.28957,0.6,0
7.11914,0.478516,0.0726926,-3.14503e-11,0.287618,1,0
7.11914,0.498047,0.00683688,-5.22315e-11,0.287618,0.6,0
7.13867,0.478516,0.0726926,-2.65657e-11,0.285667,1,0
7.13867,0.498047,0.00683688,-4.994e-11,0.285667,0.6,0
7.1582,0.478516,0.0726926,-3.19617e-11,0.283716,1,0
7.1582,0.498047,0.00683688,-5.27754e-11,0.283716,0.6,0
7.17773,0.478516,0.0726926,-2.69589e-11,0.281764,1,0
7.17773,0.498047,0.00683688,-5.04186e-11,0.281764,0.6,0
7.19727,0.00976562,0.768797,-1.27414e-10,0.279813,1,0
7.19727,0.0292969,0.766791,-2.81311e-10,0.279813,1,0
7.2168,0.00976562,0.768797,-1.27559e-10,0.277861,1,0
7.2168,0.0292969,0.766791,-2.81522e-10,0.277861,1,0
7.19727,0.0488281,0.762772,-3.2731e-10,0.279813,1,0
7.19727,0.0683594,0.756727,-3.63878e-10,0.279813,1,0
7.2168,0.0488281,0.762772,-3.27351e-10,0.277861,1,0
7.2168,0.0683594,0.756727,-3.63729e-10,0.277861,1,0
7.23633,0.00976562,0.768797,-1.27704e-10,0.27591,1,0
7.23633,0.0292969,0.766791,-2.81738e-10,0.27591,1,0
7.25586,0.00976562,0.768797,-1.2785e-10,0.273959,1,0
7.25586,0.0292969,0.766791,-2.8196e-10,0.273959,1,0
7.23633,0.0488281,0.762772,-3.27405e-10,0.27591,1,0
7.23633,0.0683594,0.756727,-3.63602e-10,0.27591,1,0
7.25586,0.0488281,0.762772,-3.27475e-10,0.273959,1,0
7.25586,0.0683594,0.756727,-3.63501e-10,0.273959,1,0
7.19727,0.0878906,0.748635,-3.92182e-10,0.279813,1,0
7.19727,0.107422,0.738469,-4.09084e-10,0.279813,1,0
7.2168,0.0878906,0.748635,-3.91833e-10,0.277861,1,0
7.2168,0.107422,0.738469,-4.08541e-10,0.277861,1,0
7.19727,0.126953,0.726197,-4.15601e-10,0.279813,1,0
7.19727,0.146484,0.711778,-4.13032e-10,0.279813,1,0
7.2168,0.126953,0.726197,-4.14878e-10,0.277861,1,0
7.2168,0.146484,0.711778,-4.12154e-10,0.277861,1,0
7.23633,0.0878906,0.748635,-3.91516e-10,0.27591,1,0
7.23633,0.107422,0.738469,-4.08036e-10,0.27591,1,0
7.25586,0.0878906,0.748635,-3.91233e-10,0.273959,1,0
7.25586,0.107422,0.738469,-4.07576e-10,0.273959,1,0
7.23633,0.126953,0.726197,-4.142e-10,0.27591,1,0
7.23633,0.146484,0.711778,-4.11328e-10,0.27591,1,0
7.25586,0.126953,0.726197,-4.13577e-10,0.273959,1,0
7.25586,0.146484,0.711778,-4.10563e-10,0.273959,1,0
7.27539,0.00976562,0.768797,-1.27998e-10,0.272007,1,0
7.27539,0.0292969,0.766791,-2.82191e-10,0.272007,1,0
7.29492,0.00976562,0.768797,-1.28149e-10,0.270056,1,0
7.29492,0.0292969,0.766791,-2.82435e-10,0.270056,1,0
7.27539,0.0488281,0.762772,-3.27565e-10,0.272007,1,0
7.27539,0.0683594,0.756727,-3.6343e-10,0.272007,1,0
7.29492,0.0488281,0.762772,-3.27681e-10,0.270056,1,0
7.29492,0.0683594,0.756727,-3.63399e-10,0.270056,1,0
7.31445,0.00976562,0.768797,-1.28306e-10,0.268105,1,0
7.31445,0.0292969,0.766791,-2.82697e-10,0.268105,1,0
7.33398,0.00976562,0.768797,-1.28471e-10,0.266153,1,0
7.33398,0.0292969,0.766791,-2.82984e-10,0.266153,1,0
7.31445,0.0488281,0.762772,-3.27829e-10,0.268105,1,0
7.31445,0.0683594,0.756727,-3.63416e-10,0.268105,1,0
7.33398,0.0488281,0.762772,-3.28021e-10,0.266153,1,0
7.33398,0.0683594,0.756727,-3.63494e-10,0.266153,1,0
7.27539,0.0878906,0.748635,-3.90994e-10,0.272007,1,0
7.27539,0.107422,0.738469,-4.0717e-10,0.272007,1,0
7.29492,0.0878906,0.748635,-3.90807e-10,0.270056,1,0
7.29492,0.107422,0.738469,-4.06829e-10,0.270056,1,0
7.27539,0.126953,0.726197,-4.13017e-10,0.272007,1,0
7.27539,0.146484,0.711778,-4.09872e-10,0.272007,1,0
7.29492,0.126953,0.726197,-4.12534e-10,0.270056,1,0
7.29492,0.146484,0.711778,-4.09267e-10,0.270056,1,0
7.31445,0.0878906,0.748635,-3.90683e-10,0.268105,1,0
7.31445,0.107422,0.738469,-4.06566e-10,0.268105,1,0
7.33398,0.0878906,0.748635,-3.90637e-10,0.266153,1,0
7.33398,0.107422,0.738469,-4.06396e-10,0.266153,1,0
7.31445,0.126953,0.726197,-4.12142e-10,0.268105,1,0
7.31445,0.146484,0.711778,-4.08764e-10,0.268105,1,0
7.33398,0.126953,0.726197,-4.11858e-10,0.266153,1,0
7.33398,0.146484,0.711778,-4.08382e-10,0.266153,1,0
7.19727,0.166016,0.695165,-4.02271e-10,0.279813,1,0
7.19727,0.185547,0.676307,-3.84159e-10,0.279813,1,0
7.2168,0.166016,0.695165,-4.01269e-10,0.277861,1,0
7.2168,0.185547,0.676307,-3.83069e-10,0.277861,1,0
7.19727,0.205078,0.655146,-3.59624e-10,0.279813,1,0
7.19727,0.224609,0.631618,-3.29711e-10,0.279813,1,0
7.2168,0.205078,0.655146,-3.58483e-10,0.277861,1,0
7.2168,0.224609,0.631618,-3.28557e-10,0.277861,1,0
7.23633,0.166016,0.695165,-4.00325e-10,0.27591,1,0
7.23633,0.185547,0.676307,-3.8204e-10,0.27591,1,0
7.25586,0.166016,0.695165,-3.99448e-10,0.273959,1,0
7.25586,0.185547,0.676307,-3.81085e-10,0.273959,1,0
7.23633,0.205078,0.655146,-3.57407e-10,0.27591,1,0
7.23633,0.224609,0.631618,-3.2747e-10,0.27591,1,0
7.25586,0.205078,0.655146,-3.56407e-10,0.273959,1,0
7.25586,0.224609,0.631618,-3.26462e-10,0.273959,1,0
7.19727,0.244141,0.605653,-2.95592e-10,0.279813,1,0
7.19727,0.263672,0.577177,-2.58571e-10,0.279813,1,0
7.2168,0.244141,0.605653,-2.94464e-10,0.277861,1,0
7.2168,0.263672,0.577177,-2.57502e-10,0.277861,1,0
7.19727,0.283203,0.546111,-2.2006e-10,0.279813,1,0
7.19727,0.302734,0.51237,-1.81564e-10,0.279813,1,0
7.2168,0.283203,0.546111,-2.19082e-10,0.277861,1,0
7.2168,0.302734,0.51237,-1.80704e-10,0.277861,1,0
7.23633,0.244141,0.605653,-2.93402e-10,0.27591,1,0
7.23633,0.263672,0.577177,-2.56499e-10,0.27591,1,0
7.25586,0.244141,0.605653,-2.92419e-10,0.273959,1,0
7.25586,0.263672,0.577177,-2.55574e-10,0.273959,1,0
7.23633,0.283203,0.546111,-2.18168e-10,0.27591,1,0
7.23633,0.302734,0.51237,-1.79904e-10,0.27591,1,0
7.25586,0.283203,0.546111,-2.17329e-10,0.273959,1,0
7.25586,0.302734,0.51237,-1.79175e-10,0.273959,1,0
7.27539,0.166016,0.695165,-3.98652e-10,0.272007,1,0
7.27539,0.185547,0.676307,-3.80215e-10,0.272007,1,0
7.29492,0.166016,0.695165,-3.97951e-10,0.270056,1,0
7.29492,0.185547,0.676307,-3.79447e-10,0.270056,1,0
7.27539,0.205078,0.655146,-3.55498e-10,0.272007,1,0
7.27539,0.224609,0.631618,-3.25546e-10,0.272007,1,0
7.29492,0.205078,0.655146,-3.54694e-10,0.270056,1,0
7.29492,0.224609,0.631618,-3.24738e-10,0.270056,1,0
7.31445,0.166016,0.695165,-3.97361e-10,0.268105,1,0
7.31445,0.185547,0.676307,-3.78798e-10,0.268105,1,0
7.33398,0.166016,0.695165,-3.96903e-10,0.266153,1,0
7.33398,0.185547,0.676307,-3.78288e-10,0.266153,1,0
7.31445,0.205078,0.655146,-3.54014e-10,0.268105,1,0
7.31445,0.224609,0.631618,-3.24055e-10,0.268105,1,0
7.33398,0.205078,0.655146,-3.53478e-10,0.266153,1,0
7.33398,0.224609,0.631618,-3.23519e-10,0.266153,1,0
7.27539,0.244141,0.605653,-2.91529e-10,0.272007,1,0
7.27539,0.263672,0.577177,-2.54739e-10,0.272007,1,0
7.29492,0.244141,0.605653,-2.90747e-10,0.270056,1,0
7.29492,0.263672,0.577177,-2.54011e-10,0.270056,1,0
7.27539,0.283203,0.546111,-2.16577e-10,0.272007,1,0
7.27539,0.302734,0.51237,-1.78527e-10,0.272007,1,0
7.29492,0.283203,0.546111,-2.15926e-10,0.270056,1,0
7.29492,0.302734,0.51237,-1.77976e-10,0.270056,1,0
7.31445,0.244141,0.605653,-2.9009e-10,0.268105,1,0
7.31445,0.263672,0.577177,-2.53405e-10,0.268105,1,0
7.33398,0.244141,0.605653,-2.89579e-10,0.266153,1,0
7.33398,0.263672,0.577177,-2.52942e-10,0.266153,1,0
7.31445,0.283203,0.546111,-2.15394e-10,0.268105,1,0
7.31445,0.302734,0.51237,-1.77534e-10,0.268105,1,0
7.33398,0.283203,0.546111,-2.14997e-10,0.266153,1,0
7.33398,0.302734,0.51237,-1.77219e-10,0.266153,1,0
7.35352,0.00976562,0.768797,-1.28647e-10,0.264202,1,0
7.35352,0.0292969,0.766791,-2.83305e-10,0.264202,1,0
7.37305,0.00976562,0.768797,-1.28838e-10,0.262251,1,0
7.37305,0.0292969,0.766791,-2.83668e-10,0.262251,1,0
7.35352,0.0488281,0.762772,-3.28266e-10,0.264202,1,0
7.35352,0.0683594,0.756727,-3.63645e-10,0.264202,1,0
7.37305,0.0488281,0.762772,-3.28579e-10,0.262251,1,0
7.37305,0.0683594,0.756727,-3.63886e-10,0.262251,1,0
7.39258,0.00976562,0.768797,-1.29048e-10,0.260299,1,0
7.39258,0.0292969,0.766791,-2.84084e-10,0.260299,1,0
7.41211,0.00976562,0.768797,-1.29282e-10,0.258348,1,0
7.41211,0.0292969,0.766791,-2.84563e-10,0.258348,1,0
7.39258,0.0488281,0.762772,-3.28971e-10,0.260299,1,0
7.39258,0.0683594,0.756727,-3.64234e-10,0.260299,1,0
7.41211,0.0488281,0.762772,-3.29459e-10,0.258348,1,0
7.41211,0.0683594,0.756727,-3.64708e-10,0.258348,1,0
7.35352,0.0878906,0.748635,-3.90685e-10,0.264202,1,0
7.35352,0.107422,0.738469,-4.06338e-10,0.264202,1,0
7.37305,0.0878906,0.748635,-3.90844e-10,0.262251,1,0
7.37305,0.107422,0.738469,-4.06412e-10,0.262251,1,0
7.35352,0.126953,0.726197,-4.11702e-10,0.264202,1,0
7.35352,0.146484,0.711778,-4.08142e-10,0.264202,1,0
7.37305,0.126953,0.726197,-4.11696e-10,0.262251,1,0
7.37305,0.146484,0.711778,-4.08067e-10,0.262251,1,0
7.39258,0.0878906,0.748635,-3.91135e-10,0.260299,1,0
7.39258,0.107422,0.738469,-4.06641e-10,0.260299,1,0
7.41211,0.0878906,0.748635,-3.9158e-10,0.258348,1,0
7.41211,0.107422,0.738469,-4.07049e-10,0.258348,1,0
7.39258,0.126953,0.726197,-4.11865e-10,0.260299,1,0
7.39258,0.146484,0.711778,-4.08184e-10,0.260299,1,0
7.41211,0.126953,0.726197,-4.12236e-10,0.258348,1,0
7.41211,0.146484,0.711778,-4.08523e-10,0.258348,1,0
7.43164,0.00976562,0.768797,-1.29544e-10,0.256397,1,0
7.43164,0.0292969,0.766791,-2.85118e-10,0.256397,1,0
7.45117,0.00976562,0.768797,-1.29839e-10,0.254445,1,0
7.45117,0.0292969,0.766791,-2.85759e-10,0.254445,1,0
7.43164,0.0488281,0.762772,-3.30058e-10,0.256397,1,0
7.43164,0.0683594,0.756727,-3.65327e-10,0.256397,1,0
7.45117,0.0488281,0.762772,-3.30786e-10,0.254445,1,0
7.45117,0.0683594,0.756727,-3.66113e-10,0.254445,1,0
7.4707,0.00976562,0.768797,-1.3017e-10,0.252494,1,0
7.4707,0.0292969,0.766791,-2.865e-10,0.252494,1,0
7.49023,0.00976562,0.768797,-1.30545e-10,0.250543,1,0
7.49023,0.0292969,0.766791,-2.87354e-10,0.250543,1,0
7.4707,0.0488281,0.762772,-3.3166e-10,0.252494,1,0
7.4707,0.0683594,0.756727,-3.6709e-10,0.252494,1,0
7.49023,0.0488281,0.762772,-3.32701e-10,0.250543,1,0
7.49023,0.0683594,0.756727,-3.68284e-10,0.250543,1,0
7.43164,0.0878906,0.748635,-3.92202e-10,0.256397,1,0
7.43164,0.107422,0.738469,-4.07665e-10,0.256397,1,0
7.45117,0.0878906,0.748635,-3.93029e-10,0.254445,1,0
7.45117,0.107422,0.738469,-4.08517e-10,0.254445,1,0
7.43164,0.126953,0.726197,-4.12839e-10,0.256397,1,0
7.43164,0.146484,0.711778,-4.09115e-10,0.256397,1,0
7.45117,0.126953,0.726197,-4.13708e-10,0.254445,1,0
7.45117,0.146484,0.711778,-4.09997e-10,0.254445,1,0
7.4707,0.0878906,0.748635,-3.94088e-10,0.252494,1,0
7.4707,0.107422,0.738469,-4.09639e-10,0.252494,1,0
7.49023,0.0878906,0.748635,-3.95412e-10,0.250543,1,0
7.49023,0.107422,0.738469,-4.11068e-10,0.250543,1,0
7.4707,0.126953,0.726197,-4.1488e-10,0.252494,1,0
7.4707,0.146484,0.711778,-4.11209e-10,0.252494,1,0
7.49023,0.126953,0.726197,-4.16396e-10,0.250543,1,0
7.49023,0.146484,0.711778,-4.12796e-10,0.250543,1,0
7.35352,0.166016,0.695165,-3.96597e-10,0.264202,1,0
7.35352,0.185547,0.676307,-3.77938e-10,0.264202,1,0
7.37305,0.166016,0.695165,-3.9647e-10,0.262251,1,0
7.37305,0.185547,0.676307,-3.77776e-10,0.262251,1,0
7.35352,0.205078,0.655146,-3.53108e-10,0.264202,1,0
7.35352,0.224609,0.631618,-3.23152e-10,0.264202,1,0
7.37305,0.205078,0.655146,-3.52931e-10,0.262251,1,0
7.37305,0.224609,0.631618,-3.2298e-10,0.262251,1,0
7.39258,0.166016,0.695165,-3.96547e-10,0.260299,1,0
7.39258,0.185547,0.676307,-3.7783e-10,0.260299,1,0
7.41211,0.166016,0.695165,-3.96862e-10,0.258348,1,0
7.41211,0.185547,0.676307,-3.78131e-10,0.258348,1,0
7.39258,0.205078,0.655146,-3.52976e-10,0.260299,1,0
7.39258,0.224609,0.631618,-3.23032e-10,0.260299,1,0
7.41211,0.205078,0.655146,-3.53275e-10,0.258348,1,0
7.41211,0.224609,0.631618,-3.23339e-10,0.258348,1,0
7.35352,0.244141,0.605653,-2.89236e-10,0.264202,1,0
7.35352,0.263672,0.577177,-2.52643e-10,0.264202,1,0
7.37305,0.244141,0.605653,-2.89087e-10,0.262251,1,0
7.37305,0.263672,0.577177,-2.52531e-10,0.262251,1,0
7.35352,0.283203,0.546111,-2.14757e-10,0.264202,1,0
7.35352,0.302734,0.51237,-1.77051e-10,0.264202,1,0
7.37305,0.283203,0.546111,-2.14696e-10,0.262251,1,0
7.37305,0.302734,0.51237,-1.77049e-10,0.262251,1,0
7.39258,0.244141,0.605653,-2.89158e-10,0.260299,1,0
7.39258,0.263672,0.577177,-2.52635e-10,0.260299,1,0
7.41211,0.244141,0.605653,-2.89483e-10,0.258348,1,0
7.41211,0.263672,0.577177,-2.52984e-10,0.258348,1,0
7.39258,0.283203,0.546111,-2.1484e-10,0.260299,1,0
7.39258,0.302734,0.51237,-1.77238e-10,0.260299,1,0
7.41211,0.283203,0.546111,-2.15218e-10,0.258348,1,0
7.41211,0.302734,0.51237,-1.77645e-10,0.258348,1,0
7.43164,0.166016,0.695165,-3.97447e-10,0.256397,1,0
7.43164,0.185547,0.676307,-3.78715e-10,0.256397,1,0
7.45117,0.166016,0.695165,-3.98341e-10,0.254445,1,0
7.45117,0.185547,0.676307,-3.79621e-10,0.254445,1,0
7.43164,0.205078,0.655146,-3.53864e-10,0.256397,1,0
7.43164,0.224609,0.631618,-3.23938e-10,0.256397,1,0
7.45117,0.205078,0.655146,-3.54783e-10,0.254445,1,0
7.45117,0.224609,0.631618,-3.2487e-10,0.254445,1,0
7.4707,0.166016,0.695165,-3.99587e-10,0.252494,1,0
7.4707,0.185547,0.676307,-3.80895e-10,0.252494,1,0
7.49023,0.166016,0.695165,-4.01232e-10,0.250543,1,0
7.49023,0.185547,0.676307,-3.82586e-10,0.250543,1,0
7.4707,0.205078,0.655146,-3.56078e-10,0.252494,1,0
7.4707,0.224609,0.631618,-3.2618e-10,0.252494,1,0
7.49023,0.205078,0.655146,-3.57801e-10,0.250543,1,0
7.49023,0.224609,0.631618,-3.27921e-10,0.250543,1,0
7.43164,0.244141,0.605653,-2.90097e-10,0.256397,1,0
7.43164,0.263672,0.577177,-2.53613e-10,0.256397,1,0
7.45117,0.244141,0.605653,-2.91039e-10,0.254445,1,0
7.45117,0.263672,0.577177,-2.54561e-10,0.254445,1,0
7.43164,0.283203,0.546111,-2.15862e-10,0.256397,1,0
7.43164,0.302734,0.51237,-1.78299e-10,0.256397,1,0
7.45117,0.283203,0.546111,-2.16809e-10,0.254445,1,0
7.45117,0.302734,0.51237,-1.79235e-10,0.254445,1,0
7.4707,0.244141,0.605653,-2.92355e-10,0.252494,1,0
7.4707,0.263672,0.577177,-2.55872e-10,0.252494,1,0
7.49023,0.244141,0.605653,-2.94097e-10,0.250543,1,0
7.49023,0.263672,0.577177,-2.57595e-10,0.250543,1,0
7.4707,0.283203,0.546111,-2.181e-10,0.252494,1,0
7.4707,0.302734,0.51237,-1.80491e-10,0.252494,1,0
7.49023,0.283203,0.546111,-2.19783e-10,0.250543,1,0
7.49023,0.302734,0.51237,-1.82112e-10,0.250543,1,0
7.19727,0.322266,0.475867,-1.44657e-10,0.279813,1,0
7.19727,0.341797,0.43651,-1.10961e-10,0.279813,1,0
7.2168,0.322266,0.475867,-1.43937e-10,0.277861,1,0
7.2168,0.341797,0.43651,-1.10397e-10,0.277861,1,0
7.19727,0.361328,0.394203,-8.21407e-11,0.279813,1,0
7.19727,0.380859,0.348846,-6.0554e-11,0.279813,1,0
7.2168,0.361328,0.394203,-8.17216e-11,0.277861,1,0
7.2168,0.380859,0.348846,-5.8481e-11,0.277861,1,0
7.23633,0.322266,0.475867,-1.43272e-10,0.27591,1,0
7.23633,0.341797,0.43651,-1.09881e-10,0.27591,1,0
7.25586,0.322266,0.475867,-1.42671e-10,0.273959,1,0
7.25586,0.341797,0.43651,-1.09423e-10,0.273959,1,0
7.23633,0.361328,0.394203,-8.1384e-11,0.27591,1,0
7.23633,0.380859,0.348846,-6.01476e-11,0.27591,1,0
7.25586,0.361328,0.394203,-8.10557e-11,0.273959,1,0
7.25586,0.380859,0.348846,-5.81053e-11,0.273959,1,0
7.19727,0.400391,0.300338,-4.01535e-11,0.279813,1,0
7.19727,0.419922,0.248574,-3.76187e-11,0.279813,1,0
7.2168,0.400391,0.300338,-4.76093e-11,0.277861,1,0
7.2168,0.419922,0.248574,-2.91417e-11,0.277861,1,0
7.19727,0.439453,0.193451,-2.72957e-11,0.279813,1,0
7.19727,0.458984,0.13486,-1.72594e-11,0.279813,1,0
7.2168,0.439453,0.193451,-2.46563e-11,0.277861,1,0
7.2168,0.458984,0.13486,-2.87358e-11,0.277861,1,0
7.23633,0.400391,0.300338,-3.9953e-11,0.27591,1,0
7.23633,0.419922,0.248574,-3.78608e-11,0.27591,1,0
7.25586,0.400391,0.300338,-4.76358e-11,0.273959,1,0
7.25586,0.419922,0.248574,-2.92338e-11,0.273959,1,0
7.23633,0.439453,0.193451,-2.76565e-11,0.27591,1,0
7.23633,0.458984,0.13486,-1.7554e-11,0.27591,1,0
7.25586,0.439453,0.193451,-2.49742e-11,0.273959,1,0
7.25586,0.458984,0.13486,-2.92892e-11,0.273959,1,0
7.27539,0.322266,0.475867,-1.42146e-10,0.272007,1,0
7.27539,0.341797,0.43651,-1.09031e-10,0.272007,1,0
7.29492,0.322266,0.475867,-1.41708e-10,0.270056,1,0
7.29492,0.341797,0.43651,-1.08717e-10,0.270056,1,0
7.27539,0.361328,0.394203,-8.08245e-11,0.272007,1,0
7.27539,0.380859,0.348846,-5.9902e-11,0.272007,1,0
7.29492,0.361328,0.394203,-8.06196e-11,0.270056,1,0
7.29492,0.380859,0.348846,-5.79163e-11,0.270056,1,0
7.31445,0.322266,0.475867,-1.4137e-10,0.268105,1,0
7.31445,0.341797,0.43651,-1.08492e-10,0.268105,1,0
7.33398,0.322266,0.475867,-1.41149e-10,0.266153,1,0
7.33398,0.341797,0.43651,-1.08369e-10,0.266153,1,0
7.31445,0.361328,0.394203,-8.05304e-11,0.268105,1,0
7.31445,0.380859,0.348846,-5.98723e-11,0.268105,1,0
7.33398,0.361328,0.394203,-8.04883e-11,0.266153,1,0
7.33398,0.380859,0.348846,-5.79745e-11,0.266153,1,0
7.27539,0.400391,0.300338,-3.98741e-11,0.272007,1,0
7.27539,0.419922,0.248574,-3.81881e-11,0.272007,1,0
7.29492,0.400391,0.300338,-4.78052e-11,0.270056,1,0
7.29492,0.419922,0.248574,-2.94228e-11,0.270056,1,0
7.27539,0.439453,0.193451,-2.80667e-11,0.272007,1,0
7.27539,0.458984,0.13486,-1.78668e-11,0.272007,1,0
7.29492,0.439453,0.193451,-2.53488e-11,0.270056,1,0
7.29492,0.458984,0.13486,-2.98661e-11,0.270056,1,0
7.31445,0.400391,0.300338,-3.99582e-11,0.268105,1,0
7.31445,0.419922,0.248574,-3.86285e-11,0.268105,1,0
7.33398,0.400391,0.300338,-4.81627e-11,0.266153,1,0
7.33398,0.419922,0.248574,-2.97396e-11,0.266153,1,0
7.31445,0.439453,0.193451,-2.85427e-11,0.268105,1,0
7.31445,0.458984,0.13486,-1.82046e-11,0.268105,1,0
7.33398,0.439453,0.193451,-2.57979e-11,0.266153,1,0
7.33398,0.458984,0.13486,-3.04741e-11,0.266153,1,0
7.19727,0.478516,0.0726926,-3.24686e-11,0.279813,1,0
7.19727,0.498047,0.00683688,-5.33076e-11,0.279813,0.6,0
7.2168,0.478516,0.0726926,-2.7347e-11,0.277861,1,0
7.2168,0.498047,0.00683688,-5.08847e-11,0.277861,0.6,0
7.23633,0.478516,0.0726926,-3.2972e-11,0.27591,1,0
7.23633,0.498047,0.00683688,-5.38274e-11,0.27591,0.6,0
7.25586,0.478516,0.0726926,-2.77311e-11,0.273959,1,0
7.25586,0.498047,0.00683688,-5.13378e-11,0.273959,0.6,0
7.27539,0.478516,0.0726926,-3.34727e-11,0.272007,1,0
7.27539,0.498047,0.00683688,-5.43347e-11,0.272007,0.6,0
7.29492,0.478516,0.0726926,-2.81119e-11,0.270056,1,0
7.29492,0.498047,0.00683688,-5.17778e-11,0.270056,0.6,0
7.31445,0.478516,0.0726926,-3.39715e-11,0.268105,1,0
7.31445,0.498047,0.00683688,-5.48293e-11,0.268105,0.6,0
7.33398,0.478516,0.0726926,-2.84903e-11,0.266153,1,0
7.33398,0.498047,0.00683688,-5.22045e-11,0.266153,0.6,0
7.35352,0.322266,0.475867,-1.4106e-10,0.264202,1,0
7.35352,0.341797,0.43651,-1.08363e-10,0.264202,1,0
7.37305,0.322266,0.475867,-1.41122e-10,0.262251,1,0
7.37305,0.341797,0.43651,-1.08491e-10,0.262251,1,0
7.35352,0.361328,0.394203,-8.05854e-11,0.264202,1,0
7.35352,0.380859,0.348846,-6.01254e-11,0.264202,1,0
7.37305,0.361328,0.394203,-8.07558e-11,0.262251,1,0
7.37305,0.380859,0.348846,-5.83547e-11,0.262251,1,0
7.39258,0.322266,0.475867,-1.41358e-10,0.260299,1,0
7.39258,0.341797,0.43651,-1.08771e-10,0.260299,1,0
7.41211,0.322266,0.475867,-1.4179e-10,0.258348,1,0
7.41211,0.341797,0.43651,-1.09225e-10,0.258348,1,0
7.39258,0.361328,0.394203,-8.10952e-11,0.260299,1,0
7.39258,0.380859,0.348846,-6.07459e-11,0.260299,1,0
7.41211,0.361328,0.394203,-8.15416e-11,0.258348,1,0
7.41211,0.380859,0.348846,-5.91532e-11,0.258348,1,0
7.35352,0.400391,0.300338,-4.02552e-11,0.264202,1,0
7.35352,0.419922,0.248574,-3.92161e-11,0.264202,1,0
7.37305,0.400391,0.300338,-4.87644e-11,0.262251,1,0
7.37305,0.419922,0.248574,-3.02224e-11,0.262251,1,0
7.35352,0.439453,0.193451,-2.91042e-11,0.264202,1,0
7.35352,0.458984,0.13486,-1.85759e-11,0.264202,1,0
7.37305,0.439453,0.193451,-2.63438e-11,0.262251,1,0
7.37305,0.458984,0.13486,-3.11228e-11,0.262251,1,0
7.39258,0.400391,0.300338,-4.0829e-11,0.260299,1,0
7.39258,0.419922,0.248574,-3.99946e-11,0.260299,1,0
7.41211,0.400391,0.300338,-4.9683e-11,0.258348,1,0
7.41211,0.419922,0.248574,-3.09214e-11,0.258348,1,0
7.39258,0.439453,0.193451,-2.97769e-11,0.260299,1,0
7.39258,0.458984,0.13486,-1.89918e-11,0.260299,1,0
7.41211,0.439453,0.193451,-2.70166e-11,0.258348,1,0
7.41211,0.458984,0.13486,-3.18254e-11,0.258348,1,0
7.43164,0.322266,0.475867,-1.42448e-10,0.256397,1,0
7.43164,0.341797,0.43651,-1.09876e-10,0.256397,1,0
7.45117,0.322266,0.475867,-1.4336e-10,0.254445,1,0
7.45117,0.341797,0.43651,-1.10751e-10,0.254445,1,0
7.43164,0.361328,0.394203,-8.21952e-11,0.256397,1,0
7.43164,0.380859,0.348846,-6.18432e-11,0.256397,1,0
7.45117,0.361328,0.394203,-8.29994e-11,0.254445,1,0
7.45117,0.380859,0.348846,-6.04945e-11,0.254445,1,0
7.4707,0.322266,0.475867,-1.44564e-10,0.252494,1,0
7.4707,0.341797,0.43651,-1.11882e-10,0.252494,1,0
7.49023,0.322266,0.475867,-1.46097e-10,0.250543,1,0
7.49023,0.341797,0.43651,-1.13304e-10,0.250543,1,0
7.4707,0.361328,0.394203,-8.40602e-11,0.252494,1,0
7.4707,0.380859,0.348846,-6.35594e-11,0.252494,1,0
7.49023,0.361328,0.394203,-8.53277e-11,0.250543,1,0
7.49023,0.380859,0.348846,-6.25401e-11,0.250543,1,0
7.43164,0.400391,0.300338,-4.17626e-11,0.256397,1,0
7.43164,0.419922,0.248574,-4.10219e-11,0.256397,1,0
7.45117,0.400391,0.300338,-5.10136e-11,0.254445,1,0
7.45117,0.419922,0.248574,-3.19031e-11,0.254445,1,0
7.43164,0.439453,0.193451,-3.05958e-11,0.256397,1,0
7.43164,0.458984,0.13486,-1.94682e-11,0.256397,1,0
7.45117,0.439453,0.193451,-2.78566e-11,0.254445,1,0
7.45117,0.458984,0.13486,-3.26007e-11,0.254445,1,0
7.4707,0.400391,0.300338,-4.31648e-11,0.252494,1,0
7.4707,0.419922,0.248574,-4.23742e-11,0.252494,1,0
7.49023,0.400391,0.300338,-5.28801e-11,0.250543,1,0
7.49023,0.419922,0.248574,-3.32547e-11,0.250543,1,0
7.4707,0.439453,0.193451,-3.16074e-11,0.252494,1,0
7.4707,0.458984,0.13486,-2.00268e-11,0.252494,1,0
7.49023,0.439453,0.193451,-2.89172e-11,0.250543,1,0
7.49023,0.458984,0.13486,-3.34736e-11,0.250543,1,0
7.35352,0.478516,0.0726926,-3.44694e-11,0.264202,1,0
7.35352,0.498047,0.00683688,-5.53112e-11,0.264202,0.6,0
7.37305,0.478516,0.0726926,-2.88676e-11,0.262251,1,0
7.37305,0.498047,0.00683688,-5.26182e-11,0.262251,0.6,0
7.39258,0.478516,0.0726926,-3.49682e-11,0.260299,1,0
7.39258,0.498047,0.00683688,-5.57808e-11,0.260299,0.6,0
7.41211,0.478516,0.0726926,-2.92463e-11,0.258348,1,0
7.41211,0.498047,0.00683688,-5.30194e-11,0.258348,0.6,0
7.43164,0.478516,0.0726926,-3.54711e-11,0.256397,1,0
7.43164,0.498047,0.00683688,-5.62389e-11,0.256397,0.6,0
7.45117,0.478516,0.0726926,-2.96302e-11,0.254445,1,0
7.45117,0.498047,0.00683688,-5.34092e-11,0.254445,0.6,0
7.4707,0.478516,0.0726926,-3.59829e-11,0.252494,1,0
7.4707,0.498047,0.00683688,-5.66869e-11,0.252494,0.6,0
7.49023,0.478516,0.0726926,-3.00251e-11,0.250543,1,0
7.49023,0.498047,0.00683688,-5.37892e-11,0.250543,0.6,0
7.50977,0.00976562,0.768797,-1.30969e-10,0.248591,1,0
7.50977,0.0292969,0.766791,-2.88336e-10,0.248591,1,0
7.5293,0.00976562,0.768797,-1.31448e-10,0.24664,1,0
7.5293,0.0292969,0.766791,-2.89465e-10,0.24664,1,0
7.50977,0.0488281,0.762772,-3.3393e-10,0.248591,1,0
7.50977,0.0683594,0.756727,-3.69723e-10,0.248591,1,0
7.5293,0.0488281,0.762772,-3.35372e-10,0.24664,1,0
7.5293,0.0683594,0.756727,-3.71441e-10,0.24664,1,0
7.54883,0.00976562,0.768797,-1.3199e-10,0.244689,1,0
7.54883,0.0292969,0.766791,-2.90758e-10,0.244689,1,0
7.56836,0.00976562,0.768797,-1.32604e-10,0.242737,1,0
7.56836,0.0292969,0.766791,-2.92241e-10,0.242737,1,0
7.54883,0.0488281,0.762772,-3.37057e-10,0.244689,1,0
7.54883,0.0683594,0.756727,-3.73474e-10,0.244689,1,0
7.56836,0.0488281,0.762772,-3.39017e-10,0.242737,1,0
7.56836,0.0683594,0.756727,-3.75864e-10,0.242737,1,0
7.50977,0.0878906,0.748635,-3.97034e-10,0.248591,1,0
7.50977,0.107422,0.738469,-4.12845e-10,0.248591,1,0
7.5293,0.0878906,0.748635,-3.98996e-10,0.24664,1,0
7.5293,0.107422,0.738469,-4.15017e-10,0.24664,1,0
7.50977,0.126953,0.726197,-4.18301e-10,0.248591,1,0
7.50977,0.146484,0.711778,-4.14809e-10,0.248591,1,0
7.5293,0.126953,0.726197,-4.2065e-10,0.24664,1,0
7.5293,0.146484,0.711778,-4.17304e-10,0.24664,1,0
7.54883,0.0878906,0.748635,-4.01343e-10,0.244689,1,0
7.54883,0.107422,0.738469,-4.17635e-10,0.244689,1,0
7.56836,0.0878906,0.748635,-4.04126e-10,0.242737,1,0
7.56836,0.107422,0.738469,-4.20761e-10,0.242737,1,0
7.54883,0.126953,0.726197,-4.235e-10,0.244689,1,0
7.54883,0.146484,0.711778,-4.20347e-10,0.244689,1,0
7.56836,0.126953,0.726197,-4.26919e-10,0.242737,1,0
7.56836,0.146484,0.711778,-4.24012e-10,0.242737,1,0
7.58789,0.00976562,0.768797,-1.333e-10,0.240786,1,0
7.58789,0.0292969,0.766791,-2.93939e-10,0.240786,1,0
7.60742,0.00976562,0.768797,-1.34091e-10,0.238835,1,0
7.60742,0.0292969,0.766791,-2.95883e-10,0.238835,1,0
7.58789,0.0488281,0.762772,-3.41289e-10,0.240786,1,0
7.58789,0.0683594,0.756727,-3.78662e-10,0.240786,1,0
7.60742,0.0488281,0.762772,-3.43919e-10,0.238835,1,0
7.60742,0.0683594,0.756727,-3.81922e-10,0.238835,1,0
7.62695,0.00976562,0.768797,-1.3499e-10,0.236883,1,0
7.62695,0.0292969,0.766791,-2.98108e-10,0.236883,1,0
7.64648,0.00976562,0.768797,-1.36013e-10,0.234932,1,0
7.64648,0.0292969,0.766791,-3.00656e-10,0.234932,1,0
7.62695,0.0488281,0.762772,-3.46956e-10,0.236883,1,0
7.62695,0.0683594,0.756727,-3.8571e-10,0.236883,1,0
7.64648,0.0488281,0.762772,-3.50458e-10,0.234932,1,0
7.64648,0.0683594,0.756727,-3.90098e-10,0.234932,1,0
7.58789,0.0878906,0.748635,-4.07404e-10,0.240786,1,0
7.58789,0.107422,0.738469,-4.24462e-10,0.240786,1,0
7.60742,0.0878906,0.748635,-4.11247e-10,0.238835,1,0
7.60742,0.107422,0.738469,-4.28819e-10,0.238835,1,0
7.58789,0.126953,0.726197,-4.30984e-10,0.240786,1,0
7.58789,0.146484,0.711778,-4.28381e-10,0.240786,1,0
7.60742,0.126953,0.726197,-4.35783e-10,0.238835,1,0
7.60742,0.146484,0.711778,-4.3355e-10,0.238835,1,0
7.62695,0.0878906,0.748635,-4.1573e-10,0.236883,1,0
7.62695,0.107422,0.738469,-4.33918e-10,0.236883,1,0
7.64648,0.0878906,0.748635,-4.20942e-10,0.234932,1,0
7.64648,0.107422,0.738469,-4.39862e-10,0.234932,1,0
7.62695,0.126953,0.726197,-4.41415e-10,0.236883,1,0
7.62695,0.146484,0.711778,-4.39626e-10,0.236883,1,0
7.64648,0.126953,0.726197,-4.47991e-10,0.234932,1,0
7.64648,0.146484,0.711778,-4.46731e-10,0.234932,1,0
7.50977,0.166016,0.695165,-4.03331e-10,0.248591,1,0
7.50977,0.185547,0.676307,-3.8475e-10,0.248591,1,0
7.5293,0.166016,0.695165,-4.05945e-10,0.24664,1,0
7.5293,0.185547,0.676307,-3.87452e-10,0.24664,1,0
7.50977,0.205078,0.655146,-3.6001e-10,0.248591,1,0
7.50977,0.224609,0.631618,-3.3015e-10,0.248591,1,0
7.5293,0.205078,0.655146,-3.62769e-10,0.24664,1,0
7.5293,0.224609,0.631618,-3.32932e-10,0.24664,1,0
7.54883,0.166016,0.695165,-4.09142e-10,0.244689,1,0
7.54883,0.185547,0.676307,-3.90764e-10,0.244689,1,0
7.56836,0.166016,0.695165,-4.13002e-10,0.242737,1,0
7.56836,0.185547,0.676307,-3.94768e-10,0.242737,1,0
7.54883,0.205078,0.655146,-3.66153e-10,0.244689,1,0
7.54883,0.224609,0.631618,-3.36344e-10,0.244689,1,0
7.56836,0.205078,0.655146,-3.70246e-10,0.242737,1,0
7.56836,0.224609,0.631618,-3.40469e-10,0.242737,1,0
7.50977,0.244141,0.605653,-2.9632e-10,0.248591,1,0
7.50977,0.263672,0.577177,-2.59786e-10,0.248591,1,0
7.5293,0.244141,0.605653,-2.99091e-10,0.24664,1,0
7.5293,0.263672,0.577177,-2.62507e-10,0.24664,1,0
7.50977,0.283203,0.546111,-2.21911e-10,0.248591,1,0
7.50977,0.302734,0.51237,-1.84146e-10,0.248591,1,0
7.5293,0.283203,0.546111,-2.24544e-10,0.24664,1,0
7.5293,0.302734,0.51237,-1.86649e-10,0.24664,1,0
7.54883,0.244141,0.605653,-3.02483e-10,0.244689,1,0
7.54883,0.263672,0.577177,-2.65831e-10,0.244689,1,0
7.56836,0.244141,0.605653,-3.0658e-10,0.242737,1,0
7.56836,0.263672,0.577177,-2.69837e-10,0.242737,1,0
7.54883,0.283203,0.546111,-2.27749e-10,0.244689,1,0
7.54883,0.302734,0.51237,-1.89683e-10,0.244689,1,0
7.56836,0.283203,0.546111,-2.31601e-10,0.242737,1,0
7.56836,0.302734,0.51237,-1.9332e-10,0.242737,1,0
7.58789,0.166016,0.695165,-4.17613e-10,0.240786,1,0
7.58789,0.185547,0.676307,-3.99556e-10,0.240786,1,0
7.60742,0.166016,0.695165,-4.23076e-10,0.238835,1,0
7.60742,0.185547,0.676307,-4.05232e-10,0.238835,1,0
7.58789,0.205078,0.655146,-3.75142e-10,0.240786,1,0
7.58789,0.224609,0.631618,-3.454e-10,0.240786,1,0
7.60742,0.205078,0.655146,-3.80947e-10,0.238835,1,0
7.60742,0.224609,0.631618,-3.51246e-10,0.238835,1,0
7.62695,0.166016,0.695165,-4.29505e-10,0.236883,1,0
7.62695,0.185547,0.676307,-4.11915e-10,0.236883,1,0
7.64648,0.166016,0.695165,-4.37028e-10,0.234932,1,0
7.64648,0.185547,0.676307,-4.19739e-10,0.234932,1,0
7.62695,0.205078,0.655146,-3.87783e-10,0.236883,1,0
7.62695,0.224609,0.631618,-3.58128e-10,0.236883,1,0
7.64648,0.205078,0.655146,-3.95785e-10,0.234932,1,0
7.64648,0.224609,0.631618,-3.66181e-10,0.234932,1,0
7.58789,0.244141,0.605653,-3.11473e-10,0.240786,1,0
7.58789,0.263672,0.577177,-2.74615e-10,0.240786,1,0
7.60742,0.244141,0.605653,-3.17269e-10,0.238835,1,0
7.60742,0.263672,0.577177,-2.80268e-10,0.238835,1,0
7.58789,0.283203,0.546111,-2.36188e-10,0.240786,1,0
7.58789,0.302734,0.51237,-1.97639e-10,0.240786,1,0
7.60742,0.283203,0.546111,-2.41605e-10,0.238835,1,0
7.60742,0.302734,0.51237,-2.0273e-10,0.238835,1,0
7.62695,0.244141,0.605653,-3.24086e-10,0.236883,1,0
7.62695,0.263672,0.577177,-2.8691e-10,0.236883,1,0
7.64648,0.244141,0.605653,-3.32059e-10,0.234932,1,0
7.64648,0.263672,0.577177,-2.94671e-10,0.234932,1,0
7.62695,0.283203,0.546111,-2.47961e-10,0.236883,1,0
7.62695,0.302734,0.51237,-2.08692e-10,0.236883,1,0
7.64648,0.283203,0.546111,-2.55378e-10,0.234932,1,0
7.64648,0.302734,0.51237,-2.1564e-10,0.234932,1,0
7.66602,0.00976562,0.768797,-1.37178e-10,0.23298,1,0
7.66602,0.0292969,0.766791,-3.03572e-10,0.23298,1,0
7.68555,0.00976562,0.768797,-1.38505e-10,0.231029,1,0
7.68555,0.0292969,0.766791,-3.06906e-10,0.231029,1,0
7.66602,0.0488281,0.762772,-3.54489e-10,0.23298,1,0
7.66602,0.0683594,0.756727,-3.95168e-10,0.23298,1,0
7.68555,0.0488281,0.762772,-3.59122e-10,0.231029,1,0
7.68555,0.0683594,0.756727,-4.01014e-10,0.231029,1,0
7.70508,0.00976562,0.768797,-1.40016e-10,0.229078,1,0
7.70508,0.0292969,0.766791,-3.10716e-10,0.229078,1,0
7.72461,0.00976562,0.768797,-1.41736e-10,0.227126,1,0
7.72461,0.0292969,0.766791,-3.15065e-10,0.227126,1,0
7.70508,0.0488281,0.762772,-3.64437e-10,0.229078,1,0
7.70508,0.0683594,0.756727,-4.07738e-10,0.229078,1,0
7.72461,0.0488281,0.762772,-3.70525e-10,0.227126,1,0
7.72461,0.0683594,0.756727,-4.15456e-10,0.227126,1,0
7.66602,0.0878906,0.748635,-4.26981e-10,0.23298,1,0
7.66602,0.107422,0.738469,-4.46763e-10,0.23298,1,0
7.68555,0.0878906,0.748635,-4.33958e-10,0.231029,1,0
7.68555,0.107422,0.738469,-4.54749e-10,0.231029,1,0
7.66602,0.126953,0.726197,-4.55637e-10,0.23298,1,0
7.66602,0.146484,0.711778,-4.55e-10,0.23298,1,0
7.68555,0.126953,0.726197,-4.64497e-10,0.231029,1,0
7.68555,0.146484,0.711778,-4.64588e-10,0.231029,1,0
7.70508,0.0878906,0.748635,-4.41999e-10,0.229078,1,0
7.70508,0.107422,0.738469,-4.63964e-10,0.229078,1,0
7.72461,0.0878906,0.748635,-4.51242e-10,0.227126,1,0
7.72461,0.107422,0.738469,-4.74569e-10,0.227126,1,0
7.70508,0.126953,0.726197,-4.74728e-10,0.229078,1,0
7.70508,0.146484,0.711778,-4.75667e-10,0.229078,1,0
7.72461,0.126953,0.726197,-4.8651e-10,0.227126,1,0
7.72461,0.146484,0.711778,-4.88432e-10,0.227126,1,0
7.74414,0.00976562,0.768797,-1.43691e-10,0.225175,1,0
7.74414,0.0292969,0.766791,-3.20022e-10,0.225175,1,0
7.76367,0.00976562,0.768797,-1.45912e-10,0.223224,1,0
7.76367,0.0292969,0.766791,-3.25666e-10,0.223224,1,0
7.74414,0.0488281,0.762772,-3.77487e-10,0.225175,1,0
7.74414,0.0683594,0.756727,-4.24298e-10,0.225175,1,0
7.76367,0.0488281,0.762772,-3.85434e-10,0.223224,1,0
7.76367,0.0683594,0.756727,-4.34407e-10,0.223224,1,0
7.7832,0.00976562,0.768797,-1.4843e-10,0.221272,1,0
7.7832,0.0292969,0.766791,-3.32082e-10,0.221272,1,0
7.80273,0.00976562,0.768797,-1.51285e-10,0.219321,1,0
7.80273,0.0292969,0.766791,-3.39366e-10,0.219321,1,0
7.7832,0.0488281,0.762772,-3.9449e-10,0.221272,1,0
7.7832,0.0683594,0.756727,-4.45945e-10,0.221272,1,0
7.80273,0.0488281,0.762772,-4.04794e-10,0.219321,1,0
7.80273,0.0683594,0.756727,-4.59092e-10,0.219321,1,0
7.74414,0.0878906,0.748635,-4.61844e-10,0.225175,1,0
7.74414,0.107422,0.738469,-4.86742e-10,0.225175,1,0
7.76367,0.0878906,0.748635,-4.73979e-10,0.223224,1,0
7.76367,0.107422,0.738469,-5.00686e-10,0.223224,1,0
7.74414,0.126953,0.726197,-5.00043e-10,0.225175,1,0
7.74414,0.146484,0.711778,-5.03099e-10,0.225175,1,0
7.76367,0.126953,0.726197,-5.15553e-10,0.223224,1,0
7.76367,0.146484,0.711778,-5.19914e-10,0.223224,1,0
7.7832,0.0878906,0.748635,-4.87843e-10,0.221272,1,0
7.7832,0.107422,0.738469,-5.16627e-10,0.221272,1,0
7.80273,0.0878906,0.748635,-5.03656e-10,0.219321,1,0
7.80273,0.107422,0.738469,-5.34821e-10,0.219321,1,0
7.7832,0.126953,0.726197,-5.33293e-10,0.221272,1,0
7.7832,0.146484,0.711778,-5.39152e-10,0.221272,1,0
7.80273,0.126953,0.726197,-5.53548e-10,0.219321,1,0
7.80273,0.146484,0.711778,-5.61123e-10,0.219321,1,0
7.66602,0.166016,0.695165,-4.45789e-10,0.23298,1,0
7.66602,0.185547,0.676307,-4.28854e-10,0.23298,1,0
7.68555,0.166016,0.695165,-4.55951e-10,0.231029,1,0
7.68555,0.185547,0.676307,-4.39427e-10,0.231029,1,0
7.66602,0.205078,0.655146,-4.05107e-10,0.23298,1,0
7.66602,0.224609,0.631618,-3.75558e-10,0.23298,1,0
7.68555,0.205078,0.655146,-4.1592e-10,0.231029,1,0
7.68555,0.224609,0.631618,-3.86433e-10,0.231029,1,0
7.70508,0.166016,0.695165,-4.67699e-10,0.229078,1,0
7.70508,0.185547,0.676307,-4.51651e-10,0.229078,1,0
7.72461,0.166016,0.695165,-4.81236e-10,0.227126,1,0
7.72461,0.185547,0.676307,-4.65737e-10,0.227126,1,0
7.70508,0.205078,0.655146,-4.28418e-10,0.229078,1,0
7.70508,0.224609,0.631618,-3.98999e-10,0.229078,1,0
7.72461,0.205078,0.655146,-4.42821e-10,0.227126,1,0
7.72461,0.224609,0.631618,-4.13475e-10,0.227126,1,0
7.66602,0.244141,0.605653,-3.41338e-10,0.23298,1,0
7.66602,0.263672,0.577177,-3.03695e-10,0.23298,1,0
7.68555,0.244141,0.605653,-3.52092e-10,0.231029,1,0
7.68555,0.263672,0.577177,-3.14147e-10,0.231029,1,0
7.66602,0.283203,0.546111,-2.63994e-10,0.23298,1,0
7.66602,0.302734,0.51237,-2.237e-10,0.23298,1,0
7.68555,0.283203,0.546111,-2.73964e-10,0.231029,1,0
7.68555,0.302734,0.51237,-2.33015e-10,0.231029,1,0
7.70508,0.244141,0.605653,-3.64513e-10,0.229078,1,0
7.70508,0.263672,0.577177,-3.26211e-10,0.229078,1,0
7.72461,0.244141,0.605653,-3.78816e-10,0.227126,1,0
7.72461,0.263672,0.577177,-3.40094e-10,0.227126,1,0
7.70508,0.283203,0.546111,-2.85462e-10,0.229078,1,0
7.70508,0.302734,0.51237,-2.43748e-10,0.229078,1,0
7.72461,0.283203,0.546111,-2.98685e-10,0.227126,1,0
7.72461,0.302734,0.51237,-2.56082e-10,0.227126,1,0
7.74414,0.166016,0.695165,-4.96794e-10,0.225175,1,0
7.74414,0.185547,0.676307,-4.81928e-10,0.225175,1,0
7.76367,0.166016,0.695165,-5.14633e-10,0.223224,1,0
7.76367,0.185547,0.676307,-5.00493e-10,0.223224,1,0
7.74414,0.205078,0.655146,-4.59372e-10,0.225175,1,0
7.74414,0.224609,0.631618,-4.30106e-10,0.225175,1,0
7.76367,0.205078,0.655146,-4.78349e-10,0.223224,1,0
7.76367,0.224609,0.631618,-4.49171e-10,0.223224,1,0
7.7832,0.166016,0.695165,-5.35046e-10,0.221272,1,0
7.7832,0.185547,0.676307,-5.21737e-10,0.221272,1,0
7.80273,0.166016,0.695165,-5.58363e-10,0.219321,1,0
7.80273,0.185547,0.676307,-5.46003e-10,0.219321,1,0
7.7832,0.205078,0.655146,-5.00062e-10,0.221272,1,0
7.7832,0.224609,0.631618,-4.70982e-10,0.221272,1,0
7.80273,0.205078,0.655146,-5.24864e-10,0.219321,1,0
7.80273,0.224609,0.631618,-4.95892e-10,0.219321,1,0
7.74414,0.244141,0.605653,-3.95243e-10,0.225175,1,0
7.74414,0.263672,0.577177,-3.56032e-10,0.225175,1,0
7.76367,0.244141,0.605653,-4.14068e-10,0.223224,1,0
7.76367,0.263672,0.577177,-3.74288e-10,0.223224,1,0
7.74414,0.283203,0.546111,-3.13856e-10,0.225175,1,0
7.74414,0.302734,0.51237,-2.7022e-10,0.225175,1,0
7.76367,0.283203,0.546111,-3.31224e-10,0.223224,1,0
7.76367,0.302734,0.51237,-2.86397e-10,0.223224,1,0
7.7832,0.244141,0.605653,-4.35598e-10,0.221272,1,0
7.7832,0.263672,0.577177,-3.95161e-10,0.221272,1,0
7.80273,0.244141,0.605653,-4.60181e-10,0.219321,1,0
7.80273,0.263672,0.577177,-4.18987e-10,0.219321,1,0
7.7832,0.283203,0.546111,-3.51073e-10,0.221272,1,0
7.7832,0.302734,0.51237,-3.04875e-10,0.221272,1,0
7.80273,0.283203,0.546111,-3.73721e-10,0.219321,1,0
7.80273,0.302734,0.51237,-3.25948e-10,0.219321,1,0
7.50977,0.322266,0.475867,-1.48005e-10,0.248591,1,0
7.50977,0.341797,0.43651,-1.15055e-10,0.248591,1,0
7.5293,0.322266,0.475867,-1.50338e-10,0.24664,1,0
7.5293,0.341797,0.43651,-1.17181e-10,0.24664,1,0
7.50977,0.361328,0.394203,-8.6915e-11,0.248591,1,0
7.50977,0.380859,0.348846,-6.60773e-11,0.248591,1,0
7.5293,0.361328,0.394203,-8.87804e-11,0.24664,1,0
7.5293,0.380859,0.348846,-6.54967e-11,0.24664,1,0
7.54883,0.322266,0.475867,-1.53154e-10,0.244689,1,0
7.54883,0.341797,0.43651,-1.19731e-10,0.244689,1,0
7.56836,0.322266,0.475867,-1.56515e-10,0.242737,1,0
7.56836,0.341797,0.43651,-1.22762e-10,0.242737,1,0
7.54883,0.361328,0.394203,-9.10459e-11,0.244689,1,0
7.54883,0.380859,0.348846,-6.96298e-11,0.244689,1,0
7.56836,0.361328,0.394203,-9.36794e-11,0.242737,1,0
7.56836,0.380859,0.348846,-6.96256e-11,0.242737,1,0
7.50977,0.400391,0.300338,-4.51758e-11,0.248591,1,0
7.50977,0.419922,0.248574,-4.41505e-11,0.248591,1,0
7.5293,0.400391,0.300338,-5.54408e-11,0.24664,1,0
7.5293,0.419922,0.248574,-3.50875e-11,0.24664,1,0
7.50977,0.439453,0.193451,-3.28722e-11,0.248591,1,0
7.50977,0.458984,0.13486,-2.06962e-11,0.248591,1,0
7.5293,0.439453,0.193451,-3.02667e-11,0.24664,1,0
7.5293,0.458984,0.13486,-3.44765e-11,0.24664,1,0
7.54883,0.400391,0.300338,-4.79739e-11,0.244689,1,0
7.54883,0.419922,0.248574,-4.64757e-11,0.244689,1,0
7.56836,0.400391,0.300338,-5.88956e-11,0.242737,1,0
7.56836,0.419922,0.248574,-3.75415e-11,0.242737,1,0
7.54883,0.439453,0.193451,-3.44668e-11,0.244689,1,0
7.54883,0.458984,0.13486,-2.15123e-11,0.244689,1,0
7.56836,0.439453,0.193451,-3.19904e-11,0.242737,1,0
7.56836,0.458984,0.13486,-3.56494e-11,0.242737,1,0
7.58789,0.322266,0.475867,-1.60495e-10,0.240786,1,0
7.58789,0.341797,0.43651,-1.26337e-10,0.240786,1,0
7.60742,0.322266,0.475867,-1.65173e-10,0.238835,1,0
7.60742,0.341797,0.43651,-1.30526e-10,0.238835,1,0
7.58789,0.361328,0.394203,-9.68142e-11,0.240786,1,0
7.58789,0.380859,0.348846,-7.45098e-11,0.240786,1,0
7.60742,0.361328,0.394203,-1.00431e-10,0.238835,1,0
7.60742,0.380859,0.348846,-7.52553e-11,0.238835,1,0
7.62695,0.322266,0.475867,-1.70641e-10,0.236883,1,0
7.62695,0.341797,0.43651,-1.35409e-10,0.236883,1,0
7.64648,0.322266,0.475867,-1.77e-10,0.234932,1,0
7.64648,0.341797,0.43651,-1.41077e-10,0.234932,1,0
7.62695,0.361328,0.394203,-1.04675e-10,0.236883,1,0
7.62695,0.380859,0.348846,-8.10857e-11,0.236883,1,0
7.64648,0.361328,0.394203,-1.09545e-10,0.234932,1,0
7.64648,0.380859,0.348846,-8.27989e-11,0.234932,1,0
7.58789,0.400391,0.300338,-5.17826e-11,0.240786,1,0
7.58789,0.419922,0.248574,-4.95064e-11,0.240786,1,0
7.60742,0.400391,0.300338,-6.34948e-11,0.238835,1,0
7.60742,0.419922,0.248574,-4.07914e-11,0.238835,1,0
7.58789,0.439453,0.193451,-3.64864e-11,0.240786,1,0
7.58789,0.458984,0.13486,-2.25195e-11,0.240786,1,0
7.60742,0.439453,0.193451,-3.41947e-11,0.238835,1,0
7.60742,0.458984,0.13486,-3.70418e-11,0.238835,1,0
7.62695,0.400391,0.300338,-5.68822e-11,0.236883,1,0
7.62695,0.419922,0.248574,-5.34383e-11,0.236883,1,0
7.64648,0.400391,0.300338,-6.95527e-11,0.234932,1,0
7.64648,0.419922,0.248574,-4.50564e-11,0.234932,1,0
7.62695,0.439453,0.193451,-3.90497e-11,0.236883,1,0
7.62695,0.458984,0.13486,-2.37729e-11,0.236883,1,0
7.64648,0.439453,0.193451,-3.70125e-11,0.234932,1,0
7.64648,0.458984,0.13486,-3.87156e-11,0.234932,1,0
7.50977,0.478516,0.0726926,-3.65101e-11,0.248591,1,0
7.50977,0.498047,0.00683688,-5.71264e-11,0.248591,0.6,0
7.5293,0.478516,0.0726926,-3.04382e-11,0.24664,1,0
7.5293,0.498047,0.00683688,-5.41612e-11,0.24664,0.6,0
7.54883,0.478516,0.0726926,-3.70609e-11,0.244689,1,0
7.54883,0.498047,0.00683688,-5.75595e-11,0.244689,0.6,0
7.56836,0.478516,0.0726926,-3.08784e-11,0.242737,1,0
7.56836,0.498047,0.00683688,-5.45273e-11,0.242737,0.6,0
7.58789,0.478516,0.0726926,-3.7645e-11,0.240786,1,0
7.58789,0.498047,0.00683688,-5.79882e-11,0.240786,0.6,0
7.60742,0.478516,0.0726926,-3.13563e-11,0.238835,1,0
7.60742,0.498047,0.00683688,-5.48892e-11,0.238835,0.6,0
7.62695,0.478516,0.0726926,-3.82742e-11,0.236883,1,0
7.62695,0.498047,0.00683688,-5.8414e-11,0.236883,0.6,0
7.64648,0.478516,0.0726926,-3.18849e-11,0.234932,1,0
7.64648,0.498047,0.00683688,-5.52482e-11,0.234932,0.6,0
7.66602,0.322266,0.475867,-1.84367e-10,0.23298,1,0
7.66602,0.341797,0.43651,-1.47628e-10,0.23298,1,0
7.68555,0.322266,0.475867,-1.92869e-10,0.231029,1,0
7.68555,0.341797,0.43651,-1.55178e-10,0.231029,1,0
7.66602,0.361328,0.394203,-1.15204e-10,0.23298,1,0
7.66602,0.380859,0.348846,-8.98215e-11,0.23298,1,0
7.68555,0.361328,0.394203,-1.21668e-10,0.231029,1,0
7.68555,0.380859,0.348846,-9.27786e-11,0.231029,1,0
7.70508,0.322266,0.475867,-2.02654e-10,0.229078,1,0
7.70508,0.341797,0.43651,-1.63853e-10,0.229078,1,0
7.72461,0.322266,0.475867,-2.13885e-10,0.227126,1,0
7.72461,0.341797,0.43651,-1.738e-10,0.227126,1,0
7.70508,0.361328,0.394203,-1.29127e-10,0.229078,1,0
7.70508,0.380859,0.348846,-1.01306e-10,0.229078,1,0
7.72461,0.361328,0.394203,-1.37623e-10,0.227126,1,0
7.72461,0.380859,0.348846,-1.0586e-10,0.227126,1,0
7.66602,0.400391,0.300338,-6.36257e-11,0.23298,1,0
7.66602,0.419922,0.248574,-5.85174e-11,0.23298,1,0
7.68555,0.400391,0.300338,-7.74667e-11,0.231029,1,0
7.68555,0.419922,0.248574,-5.06135e-11,0.231029,1,0
7.66602,0.439453,0.193451,-4.23061e-11,0.23298,1,0
7.66602,0.458984,0.13486,-2.53421e-11,0.23298,1,0
7.68555,0.439453,0.193451,-4.06122e-11,0.231029,1,0
7.68555,0.458984,0.13486,-4.07494e-11,0.231029,1,0
7.70508,0.400391,0.300338,-7.24612e-11,0.229078,1,0
7.70508,0.419922,0.248574,-6.5057e-11,0.229078,1,0
7.72461,0.400391,0.300338,-8.77438e-11,0.227126,1,0
7.72461,0.419922,0.248574,-5.78169e-11,0.227126,1,0
7.70508,0.439453,0.193451,-4.64462e-11,0.229078,1,0
7.70508,0.458984,0.13486,-2.73157e-11,0.229078,1,0
7.72461,0.439453,0.193451,-4.52098e-11,0.227126,1,0
7.72461,0.458984,0.13486,-4.32444e-11,0.227126,1,0
7.74414,0.322266,0.475867,-2.2675e-10,0.225175,1,0
7.74414,0.341797,0.43651,-1.85181e-10,0.225175,1,0
7.76367,0.322266,0.475867,-2.41458e-10,0.223224,1,0
7.76367,0.341797,0.43651,-1.98181e-10,0.223224,1,0
7.74414,0.361328,0.394203,-1.47374e-10,0.225175,1,0
7.74414,0.380859,0.348846,-1.16291e-10,0.225175,1,0
7.76367,0.361328,0.394203,-1.58457e-10,0.223224,1,0
7.76367,0.380859,0.348846,-1.22891e-10,0.223224,1,0
7.7832,0.322266,0.475867,-2.58248e-10,0.221272,1,0
7.7832,0.341797,0.43651,-2.13008e-10,0.221272,1,0
7.80273,0.322266,0.475867,-2.77385e-10,0.219321,1,0
7.80273,0.341797,0.43651,-2.29899e-10,0.219321,1,0
7.7832,0.361328,0.394203,-1.71129e-10,0.221272,1,0
7.7832,0.380859,0.348846,-1.35738e-10,0.221272,1,0
7.80273,0.361328,0.394203,-1.8551e-10,0.219321,1,0
7.80273,0.380859,0.348846,-1.4496e-10,0.219321,1,0
7.74414,0.400391,0.300338,-8.39621e-11,0.225175,1,0
7.74414,0.419922,0.248574,-7.34584e-11,0.225175,1,0
7.76367,0.400391,0.300338,-1.01033e-10,0.223224,1,0
7.76367,0.419922,0.248574,-6.71208e-11,0.223224,1,0
7.74414,0.439453,0.193451,-5.17148e-11,0.225175,1,0
7.74414,0.458984,0.13486,-2.98085e-11,0.225175,1,0
7.76367,0.439453,0.193451,-5.10828e-11,0.223224,1,0
7.76367,0.458984,0.13486,-4.63312e-11,0.223224,1,0
7.7832,0.400391,0.300338,-9.88618e-11,0.221272,1,0
7.7832,0.419922,0.248574,-8.42357e-11,0.221272,1,0
7.80273,0.400391,0.300338,-1.18162e-10,0.219321,1,0
7.80273,0.419922,0.248574,-7.91063e-11,0.219321,1,0
7.7832,0.439453,0.193451,-5.84264e-11,0.221272,1,0
7.7832,0.458984,0.13486,-3.29684e-11,0.221272,1,0
7.80273,0.439453,0.193451,-5.85869e-11,0.219321,1,0
7.80273,0.458984,0.13486,-5.01773e-11,0.219321,1,0
7.66602,0.478516,0.0726926,-3.8963e-11,0.23298,1,0
7.66602,0.498047,0.00683688,-5.8838e-11,0.23298,0.6,0
7.68555,0.478516,0.0726926,-3.24804e-11,0.231029,1,0
7.68555,0.498047,0.00683688,-5.56049e-11,0.231029,0.6,0
7.70508,0.478516,0.0726926,-3.97299e-11,0.229078,1,0
7.70508,0.498047,0.00683688,-5.92604e-11,0.229078,0.6,0
7.72461,0.478516,0.0726926,-3.31635e-11,0.227126,1,0
7.72461,0.498047,0.00683688,-5.59589e-11,0.227126,0.6,0
7.74414,0.478516,0.0726926,-4.05987e-11,0.225175,1,0
7.74414,0.498047,0.00683688,-5.96802e-11,0.225175,0.6,0
7.76367,0.478516,0.0726926,-3.39612e-11,0.223224,1,0
7.76367,0.498047,0.00683688,-5.63083e-11,0.223224,0.6,0
7.7832,0.478516,0.0726926,-4.15999e-11,0.221272,1,0
7.7832,0.498047,0.00683688,-6.00946e-11,0.221272,0.6,0
7.80273,0.478516,0.0726926,-3.49077e-11,0.219321,1,0
7.80273,0.498047,0.00683688,-5.66492e-11,0.219321,0.6,0
7.82227,0.00976562,0.768797,-1.54515e-10,0.21737,1,0
7.82227,0.0292969,0.766791,-3.47626e-10,0.21737,1,0
7.8418,0.00976562,0.768797,-1.58169e-10,0.215418,1,0
7.8418,0.0292969,0.766791,-3.56983e-10,0.215418,1,0
7.82227,0.0488281,0.762772,-4.16505e-10,0.21737,1,0
7.82227,0.0683594,0.756727,-4.74051e-10,0.21737,1,0
7.8418,0.0488281,0.762772,-4.29796e-10,0.215418,1,0
7.8418,0.0683594,0.756727,-4.91052e-10,0.215418,1,0
7.86133,0.00976562,0.768797,-1.62298e-10,0.213467,1,0
7.86133,0.0292969,0.766791,-3.67574e-10,0.213467,1,0
7.88086,0.00976562,0.768797,-1.66961e-10,0.211516,1,0
7.88086,0.0292969,0.766791,-3.79554e-10,0.211516,1,0
7.86133,0.0488281,0.762772,-4.44869e-10,0.213467,1,0
7.86133,0.0683594,0.756727,-5.10352e-10,0.213467,1,0
7.88086,0.0488281,0.762772,-4.61946e-10,0.211516,1,0
7.88086,0.0683594,0.756727,-5.32244e-10,0.211516,1,0
7.82227,0.0878906,0.748635,-5.21663e-10,0.21737,1,0
7.82227,0.107422,0.738469,-5.55554e-10,0.21737,1,0
7.8418,0.0878906,0.748635,-5.42146e-10,0.215418,1,0
7.8418,0.107422,0.738469,-5.79149e-10,0.215418,1,0
7.82227,0.126953,0.726197,-5.76639e-10,0.21737,1,0
7.82227,0.146484,0.711778,-5.86178e-10,0.21737,1,0
7.8418,0.126953,0.726197,-6.02929e-10,0.215418,1,0
7.8418,0.146484,0.711778,-6.14711e-10,0.215418,1,0
7.86133,0.0878906,0.748635,-5.65417e-10,0.213467,1,0
7.86133,0.107422,0.738469,-6.05972e-10,0.213467,1,0
7.88086,0.0878906,0.748635,-5.91833e-10,0.211516,1,0
7.88086,0.107422,0.738469,-6.36435e-10,0.211516,1,0
7.86133,0.126953,0.726197,-6.32827e-10,0.213467,1,0
7.86133,0.146484,0.711778,-6.47169e-10,0.213467,1,0
7.88086,0.126953,0.726197,-6.66796e-10,0.211516,1,0
7.88086,0.146484,0.711778,-6.84056e-10,0.211516,1,0
7.90039,0.00976562,0.768797,-1.72224e-10,0.209564,1,0
7.90039,0.0292969,0.766791,-3.93095e-10,0.209564,1,0
7.91992,0.00976562,0.768797,-1.78164e-10,0.207613,1,0
7.91992,0.0292969,0.766791,-4.08397e-10,0.207613,1,0
7.90039,0.0488281,0.762772,-4.81284e-10,0.209564,1,0
7.90039,0.0683594,0.756727,-5.57059e-10,0.209564,1,0
7.91992,0.0488281,0.762772,-5.03169e-10,0.207613,1,0
7.91992,0.0683594,0.756727,-5.8517e-10,0.207613,1,0
7.93945,0.00976562,0.768797,-1.84865e-10,0.205662,1,0
7.93945,0.0292969,0.766791,-4.25683e-10,0.205662,1,0
7.95898,0.00976562,0.768797,-1.92423e-10,0.20371,1,0
7.95898,0.0292969,0.766791,-4.45205e-10,0.20371,1,0
7.93945,0.0488281,0.762772,-5.27928e-10,0.205662,1,0
7.93945,0.0683594,0.756727,-6.17e-10,0.205662,1,0
7.95898,0.0488281,0.762772,-5.55929e-10,0.20371,1,0
7.95898,0.0683594,0.756727,-6.53027e-10,0.20371,1,0
7.90039,0.0878906,0.748635,-6.21796e-10,0.209564,1,0
7.90039,0.107422,0.738469,-6.71006e-10,0.209564,1,0
7.91992,0.0878906,0.748635,-6.55761e-10,0.207613,1,0
7.91992,0.107422,0.738469,-7.10213e-10,0.207613,1,0
7.90039,0.126953,0.726197,-7.05358e-10,0.209564,1,0
7.90039,0.146484,0.711778,-7.25941e-10,0.209564,1,0
7.91992,0.126953,0.726197,-7.49106e-10,0.207613,1,0
7.91992,0.146484,0.711778,-7.73468e-10,0.207613,1,0
7.93945,0.0878906,0.748635,-6.94242e-10,0.205662,1,0
7.93945,0.107422,0.738469,-7.54652e-10,0.205662,1,0
7.95898,0.0878906,0.748635,-7.37822e-10,0.20371,1,0
7.95898,0.107422,0.738469,-8.04997e-10,0.20371,1,0
7.93945,0.126953,0.726197,-7.98706e-10,0.205662,1,0
7.93945,0.146484,0.711778,-8.27365e-10,0.205662,1,0
7.95898,0.126953,0.726197,-8.54915e-10,0.20371,1,0
7.95898,0.146484,0.711778,-8.88454e-10,0.20371,1,0
7.82227,0.166016,0.695165,-5.84956e-10,0.21737,1,0
7.82227,0.185547,0.676307,-5.7368e-10,0.21737,1,0
7.8418,0.166016,0.695165,-6.15245e-10,0.215418,1,0
7.8418,0.185547,0.676307,-6.05207e-10,0.215418,1,0
7.82227,0.205078,0.655146,-5.53151e-10,0.21737,1,0
7.82227,0.224609,0.631618,-5.24298e-10,0.21737,1,0
7.8418,0.205078,0.655146,-5.85371e-10,0.215418,1,0
7.8418,0.224609,0.631618,-5.56651e-10,0.215418,1,0
7.86133,0.166016,0.695165,-6.49706e-10,0.213467,1,0
7.86133,0.185547,0.676307,-6.41077e-10,0.213467,1,0
7.88086,0.166016,0.695165,-6.88875e-10,0.211516,1,0
7.88086,0.185547,0.676307,-6.81851e-10,0.211516,1,0
7.86133,0.205078,0.655146,-6.22029e-10,0.213467,1,0
7.86133,0.224609,0.631618,-5.93458e-10,0.213467,1,0
7.88086,0.205078,0.655146,-6.63698e-10,0.211516,1,0
7.88086,0.224609,0.631618,-6.35293e-10,0.211516,1,0
7.82227,0.244141,0.605653,-4.88211e-10,0.21737,1,0
7.82227,0.263672,0.577177,-4.46146e-10,0.21737,1,0
7.8418,0.244141,0.605653,-5.20129e-10,0.215418,1,0
7.8418,0.263672,0.577177,-4.77066e-10,0.215418,1,0
7.82227,0.283203,0.546111,-3.99529e-10,0.21737,1,0
7.82227,0.302734,0.51237,-3.49953e-10,0.21737,1,0
7.8418,0.283203,0.546111,-4.28904e-10,0.215418,1,0
7.8418,0.302734,0.51237,-3.77266e-10,0.215418,1,0
7.86133,0.244141,0.605653,-5.56437e-10,0.213467,1,0
7.86133,0.263672,0.577177,-5.12232e-10,0.213467,1,0
7.88086,0.244141,0.605653,-5.977e-10,0.211516,1,0
7.88086,0.263672,0.577177,-5.52191e-10,0.211516,1,0
7.86133,0.283203,0.546111,-4.62305e-10,0.213467,1,0
7.86133,0.302734,0.51237,-4.08313e-10,0.213467,1,0
7.88086,0.283203,0.546111,-5.0025e-10,0.211516,1,0
7.88086,0.302734,0.51237,-4.43576e-10,0.211516,1,0
7.90039,0.166016,0.695165,-7.33358e-10,0.209564,1,0
7.90039,0.185547,0.676307,-7.2816e-10,0.209564,1,0
7.91992,0.166016,0.695165,-7.8384e-10,0.207613,1,0
7.91992,0.185547,0.676307,-7.80719e-10,0.207613,1,0
7.90039,0.205078,0.655146,-7.11025e-10,0.209564,1,0
7.90039,0.224609,0.631618,-6.82806e-10,0.209564,1,0
7.91992,0.205078,0.655146,-7.6474e-10,0.207613,1,0
7.91992,0.224609,0.631618,-7.36729e-10,0.207613,1,0
7.93945,0.166016,0.695165,-8.41095e-10,0.205662,1,0
7.93945,0.185547,0.676307,-8.40333e-10,0.205662,1,0
7.95898,0.166016,0.695165,-9.05999e-10,0.20371,1,0
7.95898,0.185547,0.676307,-9.07915e-10,0.20371,1,0
7.93945,0.205078,0.655146,-8.25666e-10,0.205662,1,0
7.93945,0.224609,0.631618,-7.9789e-10,0.205662,1,0
7.95898,0.205078,0.655146,-8.94736e-10,0.20371,1,0
7.95898,0.224609,0.631618,-8.67225e-10,0.20371,1,0
7.90039,0.244141,0.605653,-6.44558e-10,0.209564,1,0
7.90039,0.263672,0.577177,-5.97561e-10,0.209564,1,0
7.91992,0.244141,0.605653,-6.97733e-10,0.207613,1,0
7.91992,0.263672,0.577177,-6.49041e-10,0.207613,1,0
7.90039,0.283203,0.546111,-5.43326e-10,0.209564,1,0
7.90039,0.302734,0.51237,-4.83599e-10,0.209564,1,0
7.91992,0.283203,0.546111,-5.92194e-10,0.207613,1,0
7.91992,0.302734,0.51237,-5.28994e-10,0.207613,1,0
7.93945,0.244141,0.605653,-7.58042e-10,0.205662,1,0
7.93945,0.263672,0.577177,-7.0742e-10,0.205662,1,0
7.95898,0.244141,0.605653,-8.26406e-10,0.20371,1,0
7.95898,0.263672,0.577177,-7.73592e-10,0.20371,1,0
7.93945,0.283203,0.546111,-6.47604e-10,0.205662,1,0
7.93945,0.302734,0.51237,-5.80455e-10,0.205662,1,0
7.95898,0.283203,0.546111,-7.104e-10,0.20371,1,0
7.95898,0.302734,0.51237,-6.38768e-10,0.20371,1,0
7.97852,0.00976562,0.768797,-2.00948e-10,0.201759,1,0
7.97852,0.0292969,0.766791,-4.67248e-10,0.201759,1,0
7.99805,0.00976562,0.768797,-2.1056e-10,0.199808,1,0
7.99805,0.0292969,0.766791,-4.92132e-10,0.199808,1,0
7.97852,0.0488281,0.762772,-5.87586e-10,0.201759,1,0
7.97852,0.0683594,0.756727,-6.9379e-10,0.201759,1,0
7.99805,0.0488281,0.762772,-6.23368e-10,0.199808,1,0
7.99805,0.0683594,0.756727,-7.39898e-10,0.199808,1,0
8.01758,0.00976562,0.768797,-2.21398e-10,0.197856,1,0
8.01758,0.0292969,0.766791,-5.20218e-10,0.197856,1,0
8.03711,0.00976562,0.768797,-2.33615e-10,0.195905,1,0
8.03711,0.0292969,0.766791,-5.51913e-10,0.195905,1,0
8.01758,0.0488281,0.762772,-6.63803e-10,0.197856,1,0
8.01758,0.0683594,0.756727,-7.92037e-10,0.197856,1,0
8.03711,0.0488281,0.762772,-7.09487e-10,0.195905,1,0
8.03711,0.0683594,0.756727,-8.50983e-10,0.195905,1,0
7.97852,0.0878906,0.748635,-7.87154e-10,0.201759,1,0
7.97852,0.107422,0.738469,-8.62009e-10,0.201759,1,0
7.99805,0.0878906,0.748635,-8.42982e-10,0.199808,1,0
7.99805,0.107422,0.738469,-9.26549e-10,0.199808,1,0
7.97852,0.126953,0.726197,-9.18584e-10,0.201759,1,0
7.97852,0.146484,0.711778,-9.57663e-10,0.201759,1,0
7.99805,0.126953,0.726197,-9.90676e-10,0.199808,1,0
7.99805,0.146484,0.711778,-1.03604e-09,0.199808,1,0
8.01758,0.0878906,0.748635,-9.06141e-10,0.197856,1,0
8.01758,0.107422,0.738469,-9.99588e-10,0.197856,1,0
8.03711,0.0878906,0.748635,-9.77575e-10,0.195905,1,0
8.03711,0.107422,0.738469,-1.08222e-09,0.195905,1,0
8.01758,0.126953,0.726197,-1.07228e-09,0.197856,1,0
8.01758,0.146484,0.711778,-1.12478e-09,0.197856,1,0
8.03711,0.126953,0.726197,-1.16462e-09,0.195905,1,0
8.03711,0.146484,0.711778,-1.22521e-09,0.195905,1,0
8.05664,0.00976562,0.768797,-2.47386e-10,0.193954,1,0
8.05664,0.0292969,0.766791,-5.87675e-10,0.193954,1,0
8.07617,0.00976562,0.768797,-2.62906e-10,0.192002,1,0
8.07617,0.0292969,0.766791,-6.2802e-10,0.192002,1,0
8.05664,0.0488281,0.762772,-7.61091e-10,0.193954,1,0
8.05664,0.0683594,0.756727,-9.1761e-10,0.193954,1,0
8.07617,0.0488281,0.762772,-8.19371e-10,0.192002,1,0
8.07617,0.0683594,0.756727,-9.92904e-10,0.192002,1,0
8.0957,0.00976562,0.768797,-2.80396e-10,0.190051,1,0
8.0957,0.0292969,0.766791,-6.73529e-10,0.190051,1,0
8.11523,0.00976562,0.768797,-3.00105e-10,0.1881,1,0
8.11523,0.0292969,0.766791,-7.24861e-10,0.1881,1,0
8.0957,0.0488281,0.762772,-8.85182e-10,0.190051,1,0
8.0957,0.0683594,0.756727,-1.07798e-09,0.190051,1,0
8.11523,0.0488281,0.762772,-9.5949e-10,0.1881,1,0
8.11523,0.0683594,0.756727,-1.1741e-09,0.1881,1,0
8.05664,0.0878906,0.748635,-1.05835e-09,0.193954,1,0
8.05664,0.107422,0.738469,-1.17569e-09,0.193954,1,0
8.07617,0.0878906,0.748635,-1.14967e-09,0.192002,1,0
8.07617,0.107422,0.738469,-1.28138e-09,0.192002,1,0
8.05664,0.126953,0.726197,-1.2691e-09,0.193954,1,0
8.05664,0.146484,0.711778,-1.33884e-09,0.193954,1,0
8.07617,0.126953,0.726197,-1.38727e-09,0.192002,1,0
8.07617,0.146484,0.711778,-1.46739e-09,0.192002,1,0
8.0957,0.0878906,0.748635,-1.2529e-09,0.190051,1,0
8.0957,0.107422,0.738469,-1.40089e-09,0.190051,1,0
8.11523,0.0878906,0.748635,-1.36956e-09,0.1881,1,0
8.11523,0.107422,0.738469,-1.536e-09,0.1881,1,0
8.0957,0.126953,0.726197,-1.5209e-09,0.190051,1,0
8.0957,0.146484,0.711778,-1.6128e-09,0.190051,1,0
8.11523,0.126953,0.726197,-1.67201e-09,0.1881,1,0
8.11523,0.146484,0.711778,-1.77723e-09,0.1881,1,0
7.97852,0.166016,0.695165,-9.7954e-10,0.201759,1,0
7.97852,0.185547,0.676307,-9.84495e-10,0.201759,1,0
7.99805,0.166016,0.695165,-1.06283e-09,0.199808,1,0
7.99805,0.185547,0.676307,-1.07124e-09,0.199808,1,0
7.97852,0.205078,0.655146,-9.73005e-10,0.201759,1,0
7.97852,0.224609,0.631618,-9.45792e-10,0.201759,1,0
7.99805,0.205078,0.655146,-1.06166e-09,0.199808,1,0
7.99805,0.224609,0.631618,-1.03479e-09,0.199808,1,0
8.01758,0.166016,0.695165,-1.15714e-09,0.197856,1,0
8.01758,0.185547,0.676307,-1.16946e-09,0.197856,1,0
8.03711,0.166016,0.695165,-1.26389e-09,0.195905,1,0
8.03711,0.185547,0.676307,-1.28064e-09,0.195905,1,0
8.01758,0.205078,0.655146,-1.16205e-09,0.197856,1,0
8.01758,0.224609,0.631618,-1.13556e-09,0.197856,1,0
8.03711,0.205078,0.655146,-1.27569e-09,0.195905,1,0
8.03711,0.224609,0.631618,-1.24963e-09,0.195905,1,0
7.97852,0.244141,0.605653,-9.03868e-10,0.201759,1,0
7.97852,0.263672,0.577177,-8.48562e-10,0.201759,1,0
7.99805,0.244141,0.605653,-9.91607e-10,0.199808,1,0
7.99805,0.263672,0.577177,-9.33474e-10,0.199808,1,0
7.97852,0.283203,0.546111,-7.8154e-10,0.201759,1,0
7.97852,0.302734,0.51237,-7.04819e-10,0.201759,1,0
7.99805,0.283203,0.546111,-8.62103e-10,0.199808,1,0
7.99805,0.302734,0.51237,-7.79611e-10,0.199808,1,0
8.01758,0.244141,0.605653,-1.09095e-09,0.197856,1,0
8.01758,0.263672,0.577177,-1.02961e-09,0.197856,1,0
8.03711,0.244141,0.605653,-1.20341e-09,0.195905,1,0
8.03711,0.263672,0.577177,-1.13844e-09,0.195905,1,0
8.01758,0.283203,0.546111,-9.53313e-10,0.197856,1,0
8.01758,0.302734,0.51237,-8.64278e-10,0.197856,1,0
8.03711,0.283203,0.546111,-1.05655e-09,0.195905,1,0
8.03711,0.302734,0.51237,-9.60101e-10,0.195905,1,0
8.05664,0.166016,0.695165,-1.38469e-09,0.193954,1,0
8.05664,0.185547,0.676307,-1.40646e-09,0.193954,1,0
8.07617,0.166016,0.695165,-1.52136e-09,0.192002,1,0
8.07617,0.185547,0.676307,-1.54882e-09,0.192002,1,0
8.05664,0.205078,0.655146,-1.4043e-09,0.193954,1,0
8.05664,0.224609,0.631618,-1.37873e-09,0.193954,1,0
8.07617,0.205078,0.655146,-1.54983e-09,0.192002,1,0
8.07617,0.224609,0.631618,-1.52481e-09,0.192002,1,0
8.0957,0.166016,0.695165,-1.67595e-09,0.190051,1,0
8.0957,0.185547,0.676307,-1.70988e-09,0.190051,1,0
8.11523,0.166016,0.695165,-1.85081e-09,0.1881,1,0
8.11523,0.185547,0.676307,-1.89205e-09,0.1881,1,0
8.0957,0.205078,0.655146,-1.71447e-09,0.190051,1,0
8.0957,0.224609,0.631618,-1.69008e-09,0.190051,1,0
8.11523,0.205078,0.655146,-1.9007e-09,0.1881,1,0
8.11523,0.224609,0.631618,-1.87703e-09,0.1881,1,0
8.05664,0.244141,0.605653,-1.33069e-09,0.193954,1,0
8.05664,0.263672,0.577177,-1.26159e-09,0.193954,1,0
8.07617,0.244141,0.605653,-1.4747e-09,0.192002,1,0
8.07617,0.263672,0.577177,-1.40094e-09,0.192002,1,0
8.05664,0.283203,0.546111,-1.17338e-09,0.193954,1,0
8.05664,0.302734,0.51237,-1.06853e-09,0.193954,1,0
8.07617,0.283203,0.546111,-1.30556e-09,0.192002,1,0
8.07617,0.302734,0.51237,-1.1912e-09,0.192002,1,0
8.0957,0.244141,0.605653,-1.63763e-09,0.190051,1,0
8.0957,0.263672,0.577177,-1.55859e-09,0.190051,1,0
8.11523,0.244141,0.605653,-1.82193e-09,0.1881,1,0
8.11523,0.263672,0.577177,-1.73692e-09,0.1881,1,0
8.0957,0.283203,0.546111,-1.45509e-09,0.190051,1,0
8.0957,0.302734,0.51237,-1.32997e-09,0.190051,1,0
8.11523,0.283203,0.546111,-1.62424e-09,0.1881,1,0
8.11523,0.302734,0.51237,-1.48694e-09,0.1881,1,0
7.82227,0.322266,0.475867,-2.99174e-10,0.21737,1,0
7.82227,0.341797,0.43651,-2.49119e-10,0.21737,1,0
7.8418,0.322266,0.475867,-3.23956e-10,0.215418,1,0
7.8418,0.341797,0.43651,-2.70968e-10,0.215418,1,0
7.82227,0.361328,0.394203,-2.01905e-10,0.21737,1,0
7.82227,0.380859,0.348846,-1.60872e-10,0.21737,1,0
7.8418,0.361328,0.394203,-2.2049e-10,0.215418,1,0
7.8418,0.380859,0.348846,-1.7345e-10,0.215418,1,0
7.86133,0.322266,0.475867,-3.52117e-10,0.213467,1,0
7.86133,0.341797,0.43651,-2.95786e-10,0.213467,1,0
7.88086,0.322266,0.475867,-3.84092e-10,0.211516,1,0
7.88086,0.341797,0.43651,-3.23956e-10,0.211516,1,0
7.86133,0.361328,0.394203,-2.41631e-10,0.213467,1,0
7.86133,0.380859,0.348846,-1.93258e-10,0.213467,1,0
7.88086,0.361328,0.394203,-2.65575e-10,0.211516,1,0
7.88086,0.380859,0.348846,-2.10129e-10,0.211516,1,0
7.82227,0.400391,0.300338,-1.18097e-10,0.21737,1,0
7.82227,0.419922,0.248574,-9.80459e-11,0.21737,1,0
7.8418,0.400391,0.300338,-1.40191e-10,0.215418,1,0
7.8418,0.419922,0.248574,-9.45149e-11,0.215418,1,0
7.82227,0.439453,0.193451,-6.69828e-11,0.21737,1,0
7.82227,0.458984,0.13486,-3.69842e-11,0.21737,1,0
7.8418,0.439453,0.193451,-6.81757e-11,0.215418,1,0
7.8418,0.458984,0.13486,-5.49963e-11,0.215418,1,0
7.86133,0.400391,0.300338,-1.42862e-10,0.213467,1,0
7.86133,0.419922,0.248574,-1.15726e-10,0.213467,1,0
7.88086,0.400391,0.300338,-1.68468e-10,0.211516,1,0
7.88086,0.419922,0.248574,-1.14291e-10,0.211516,1,0
7.86133,0.439453,0.193451,-7.7896e-11,0.213467,1,0
7.86133,0.458984,0.13486,-4.20961e-11,0.213467,1,0
7.88086,0.439453,0.193451,-8.04263e-11,0.211516,1,0
7.88086,0.458984,0.13486,-6.1059e-11,0.211516,1,0
7.90039,0.322266,0.475867,-4.20374e-10,0.209564,1,0
7.90039,0.341797,0.43651,-3.5591e-10,0.209564,1,0
7.91992,0.322266,0.475867,-4.61517e-10,0.207613,1,0
7.91992,0.341797,0.43651,-3.92135e-10,0.207613,1,0
7.90039,0.361328,0.394203,-2.92766e-10,0.209564,1,0
7.90039,0.380859,0.348846,-2.34891e-10,0.209564,1,0
7.91992,0.361328,0.394203,-3.2354e-10,0.207613,1,0
7.91992,0.380859,0.348846,-2.57246e-10,0.207613,1,0
7.93945,0.322266,0.475867,-5.08148e-10,0.205662,1,0
7.93945,0.341797,0.43651,-4.33182e-10,0.205662,1,0
7.95898,0.322266,0.475867,-5.60976e-10,0.20371,1,0
7.95898,0.341797,0.43651,-4.79675e-10,0.20371,1,0
7.93945,0.361328,0.394203,-3.58441e-10,0.205662,1,0
7.93945,0.380859,0.348846,-2.88307e-10,0.205662,1,0
7.95898,0.361328,0.394203,-3.9792e-10,0.20371,1,0
7.95898,0.380859,0.348846,-3.17664e-10,0.20371,1,0
7.90039,0.400391,0.300338,-1.74679e-10,0.209564,1,0
7.90039,0.419922,0.248574,-1.38342e-10,0.209564,1,0
7.91992,0.400391,0.300338,-2.0471e-10,0.207613,1,0
7.91992,0.419922,0.248574,-1.39636e-10,0.207613,1,0
7.90039,0.439453,0.193451,-9.18163e-11,0.209564,1,0
7.90039,0.458984,0.13486,-4.86085e-11,0.209564,1,0
7.91992,0.439453,0.193451,-9.60723e-11,0.207613,1,0
7.91992,0.458984,0.13486,-6.87094e-11,0.207613,1,0
7.93945,0.400391,0.300338,-2.15484e-10,0.205662,1,0
7.93945,0.419922,0.248574,-1.6725e-10,0.205662,1,0
7.95898,0.400391,0.300338,-2.51101e-10,0.20371,1,0
7.95898,0.419922,0.248574,-1.72079e-10,0.20371,1,0
7.93945,0.439453,0.193451,-1.09573e-10,0.205662,1,0
7.93945,0.458984,0.13486,-5.69103e-11,0.205662,1,0
7.95898,0.439453,0.193451,-1.1605e-10,0.20371,1,0
7.95898,0.458984,0.13486,-7.83869e-11,0.20371,1,0
7.82227,0.478516,0.0726926,-4.27722e-11,0.21737,1,0
7.82227,0.498047,0.00683688,-6.04984e-11,0.21737,0.6,0
7.8418,0.478516,0.0726926,-3.60457e-11,0.215418,1,0
7.8418,0.498047,0.00683688,-5.69743e-11,0.215418,0.6,0
7.86133,0.478516,0.0726926,-4.41633e-11,0.213467,1,0
7.86133,0.498047,0.00683688,-6.08822e-11,0.213467,0.6,0
7.88086,0.478516,0.0726926,-3.74283e-11,0.211516,1,0
7.88086,0.498047,0.00683688,-5.72717e-11,0.211516,0.6,0
7.90039,0.478516,0.0726926,-4.58325e-11,0.209564,1,0
7.90039,0.498047,0.00683688,-6.12313e-11,0.209564,0.6,0
7.91992,0.478516,0.0726926,-3.91215e-11,0.207613,1,0
7.91992,0.498047,0.00683688,-5.75229e-11,0.207613,0.6,0
7.93945,0.478516,0.0726926,-4.78545e-11,0.205662,1,0
7.93945,0.498047,0.00683688,-6.15234e-11,0.205662,0.6,0
7.95898,0.478516,0.0726926,-4.12087e-11,0.20371,1,0
7.95898,0.498047,0.00683688,-5.77014e-11,0.20371,0.6,0
7.97852,0.322266,0.475867,-6.20805e-10,0.201759,1,0
7.97852,0.341797,0.43651,-5.32317e-10,0.201759,1,0
7.99805,0.322266,0.475867,-6.88541e-10,0.199808,1,0
7.99805,0.341797,0.43651,-5.91906e-10,0.199808,1,0
7.97852,0.361328,0.394203,-4.42653e-10,0.201759,1,0
7.97852,0.380859,0.348846,-3.56744e-10,0.201759,1,0
7.99805,0.361328,0.394203,-4.93235e-10,0.199808,1,0
7.99805,0.380859,0.348846,-3.95048e-10,0.199808,1,0
8.01758,0.322266,0.475867,-7.65211e-10,0.197856,1,0
8.01758,0.341797,0.43651,-6.59344e-10,0.197856,1,0
8.03711,0.322266,0.475867,-8.51973e-10,0.195905,1,0
8.03711,0.341797,0.43651,-7.35649e-10,0.195905,1,0
8.01758,0.361328,0.394203,-5.50512e-10,0.197856,1,0
8.01758,0.380859,0.348846,-4.44346e-10,0.197856,1,0
8.03711,0.361328,0.394203,-6.15266e-10,0.195905,1,0
8.03711,0.380859,0.348846,-4.94079e-10,0.195905,1,0
7.97852,0.400391,0.300338,-2.67746e-10,0.201759,1,0
7.97852,0.419922,0.248574,-2.04177e-10,0.201759,1,0
7.99805,0.400391,0.300338,-3.10437e-10,0.199808,1,0
7.99805,0.419922,0.248574,-2.13573e-10,0.199808,1,0
7.97852,0.439453,0.193451,-1.3222e-10,0.201759,1,0
7.97852,0.458984,0.13486,-6.74929e-11,0.201759,1,0
7.99805,0.439453,0.193451,-1.41545e-10,0.199808,1,0
7.99805,0.458984,0.13486,-9.06427e-11,0.199808,1,0
8.01758,0.400391,0.300338,-3.34622e-10,0.197856,1,0
8.01758,0.419922,0.248574,-2.51329e-10,0.197856,1,0
8.03711,0.400391,0.300338,-3.86286e-10,0.195905,1,0
8.03711,0.419922,0.248574,-2.66614e-10,0.195905,1,0
8.01758,0.439453,0.193451,-1.61099e-10,0.197856,1,0
8.01758,0.458984,0.13486,-8.09825e-11,0.197856,1,0
8.03711,0.439453,0.193451,-1.74083e-10,0.195905,1,0
8.03711,0.458984,0.13486,-1.06193e-10,0.195905,1,0
8.05664,0.322266,0.475867,-9.50141e-10,0.193954,1,0
8.05664,0.341797,0.43651,-8.21975e-10,0.193954,1,0
8.07617,0.322266,0.475867,-1.0612e-09,0.192002,1,0
8.07617,0.341797,0.43651,-9.19626e-10,0.192002,1,0
8.05664,0.361328,0.394203,-6.88557e-10,0.193954,1,0
8.05664,0.380859,0.348846,-5.5641e-10,0.193954,1,0
8.07617,0.361328,0.394203,-7.71409e-10,0.192002,1,0
8.07617,0.380859,0.348846,-6.20754e-10,0.192002,1,0
8.0957,0.322266,0.475867,-1.18682e-09,0.190051,1,0
8.0957,0.341797,0.43651,-1.03008e-09,0.190051,1,0
8.11523,0.322266,0.475867,-1.3289e-09,0.1881,1,0
8.11523,0.341797,0.43651,-1.15499e-09,0.1881,1,0
8.0957,0.361328,0.394203,-8.65153e-10,0.190051,1,0
8.0957,0.380859,0.348846,-6.99715e-10,0.190051,1,0
8.11523,0.361328,0.394203,-9.71124e-10,0.1881,1,0
8.11523,0.380859,0.348846,-7.82735e-10,0.1881,1,0
8.05664,0.400391,0.300338,-4.20159e-10,0.193954,1,0
8.05664,0.419922,0.248574,-3.11544e-10,0.193954,1,0
8.07617,0.400391,0.300338,-4.83231e-10,0.192002,1,0
8.07617,0.419922,0.248574,-3.34414e-10,0.192002,1,0
8.05664,0.439453,0.193451,-1.97944e-10,0.193954,1,0
8.05664,0.458984,0.13486,-9.8186e-11,0.193954,1,0
8.07617,0.439453,0.193451,-2.15625e-10,0.192002,1,0
8.07617,0.458984,0.13486,-1.25945e-10,0.192002,1,0
8.0957,0.400391,0.300338,-5.29524e-10,0.190051,1,0
8.0957,0.419922,0.248574,-3.88431e-10,0.190051,1,0
8.11523,0.400391,0.300338,-6.07104e-10,0.1881,1,0
8.11523,0.419922,0.248574,-4.2104e-10,0.1881,1,0
8.0957,0.439453,0.193451,-2.44957e-10,0.190051,1,0
8.0957,0.458984,0.13486,-1.20131e-10,0.190051,1,0
8.11523,0.439453,0.193451,-2.68646e-10,0.1881,1,0
8.11523,0.458984,0.13486,-1.51061e-10,0.1881,1,0
7.97852,0.478516,0.0726926,-5.03208e-11,0.201759,1,0
7.97852,0.498047,0.00683688,-6.17269e-11,0.201759,0.6,0
7.99805,0.478516,0.0726926,-4.37905e-11,0.199808,1,0
7.99805,0.498047,0.00683688,-5.77692e-11,0.199808,0.6,0
8.01758,0.478516,0.0726926,-5.33486e-11,0.197856,1,0
8.01758,0.498047,0.00683688,-6.17987e-11,0.197856,0.6,0
8.03711,0.478516,0.0726926,-4.70014e-11,0.195905,1,0
8.03711,0.498047,0.00683688,-5.76766e-11,0.195905,0.6,0
8.05664,0.478516,0.0726926,-5.70817e-11,0.193954,1,0
8.05664,0.498047,0.00683688,-6.16784e-11,0.193954,0.6,0
8.07617,0.478516,0.0726926,-5.09997e-11,0.192002,1,0
8.07617,0.498047,0.00683688,-5.73527e-11,0.192002,0.6,0
8.0957,0.478516,0.0726926,-6.17106e-11,0.190051,1,0
8.0957,0.498047,0.00683688,-6.12891e-11,0.190051,0.6,0
8.11523,0.478516,0.0726926,-5.60061e-11,0.1881,1,0
8.11523,0.498047,0.00683687,-5.67123e-11,0.1881,0.6,0
8.13477,0.00976562,0.768797,-3.22313e-10,0.186148,1,0
8.13477,0.0292969,0.766791,-7.82755e-10,0.186148,1,0
8.1543,0.00976562,0.768797,-3.47338e-10,0.184197,1,0
8.1543,0.0292969,0.766791,-8.48051e-10,0.184197,1,0
8.13477,0.0488281,0.762772,-1.04338e-09,0.186148,1,0
8.13477,0.0683594,0.756727,-1.28267e-09,0.186148,1,0
8.1543,0.0488281,0.762772,-1.1381e-09,0.184197,1,0
8.1543,0.0683594,0.756727,-1.40532e-09,0.184197,1,0
8.17383,0.00976562,0.768797,-3.75539e-10,0.182246,1,0
8.17383,0.0292969,0.766791,-9.21697e-10,0.182246,1,0
8.19336,0.00976562,0.768797,-4.07322e-10,0.180294,1,0
8.19336,0.0292969,0.766791,-1.00477e-09,0.180294,1,0
8.17383,0.0488281,0.762772,-1.24502e-09,0.182246,1,0
8.17383,0.0683594,0.756727,-1.54386e-09,0.182246,1,0
8.19336,0.0488281,0.762772,-1.36574e-09,0.180294,1,0
8.19336,0.0683594,0.756727,-1.70035e-09,0.180294,1,0
8.13477,0.0878906,0.748635,-1.5014e-09,0.186148,1,0
8.13477,0.107422,0.738469,-1.68872e-09,0.186148,1,0
8.1543,0.0878906,0.748635,-1.65038e-09,0.184197,1,0
8.1543,0.107422,0.738469,-1.86134e-09,0.184197,1,0
8.13477,0.126953,0.726197,-1.84286e-09,0.186148,1,0
8.13477,0.146484,0.711778,-1.96317e-09,0.186148,1,0
8.1543,0.126953,0.726197,-2.036e-09,0.184197,1,0
8.1543,0.146484,0.711778,-2.17341e-09,0.184197,1,0
8.17383,0.0878906,0.748635,-1.81872e-09,0.182246,1,0
8.17383,0.107422,0.738469,-2.05645e-09,0.182246,1,0
8.19336,0.0878906,0.748635,-2.00893e-09,0.180294,1,0
8.19336,0.107422,0.738469,-2.27696e-09,0.180294,1,0
8.17383,0.126953,0.726197,-2.25434e-09,0.182246,1,0
8.17383,0.146484,0.711778,-2.41111e-09,0.182246,1,0
8.19336,0.126953,0.726197,-2.50116e-09,0.180294,1,0
8.19336,0.146484,0.711778,-2.67985e-09,0.180294,1,0
8.21289,0.00976562,0.768797,-4.43146e-10,0.178343,1,0
8.21289,0.0292969,0.766791,-1.09847e-09,0.178343,1,0
8.23242,0.00976562,0.768797,-4.83531e-10,0.176392,1,0
8.23242,0.0292969,0.766791,-1.20419e-09,0.176392,1,0
8.21289,0.0488281,0.762772,-1.50203e-09,0.178343,1,0
8.21289,0.0683594,0.756727,-1.87711e-09,0.178343,1,0
8.23242,0.0488281,0.762772,-1.65591e-09,0.176392,1,0
8.23242,0.0683594,0.756727,-2.07679e-09,0.176392,1,0
8.25195,0.00976562,0.768797,-5.29065e-10,0.17444,1,0
8.25195,0.0292969,0.766791,-1.32347e-09,0.17444,1,0
8.27148,0.00976562,0.768797,-5.80414e-10,0.172489,1,0
8.27148,0.0292969,0.766791,-1.45807e-09,0.172489,1,0
8.25195,0.0488281,0.762772,-1.82968e-09,0.17444,1,0
8.25195,0.0683594,0.756727,-2.30237e-09,0.17444,1,0
8.27148,0.0488281,0.762772,-2.02591e-09,0.172489,1,0
8.27148,0.0683594,0.756727,-2.55721e-09,0.172489,1,0
8.21289,0.0878906,0.748635,-2.22386e-09,0.178343,1,0
8.21289,0.107422,0.738469,-2.52618e-09,0.178343,1,0
8.23242,0.0878906,0.748635,-2.46673e-09,0.176392,1,0
8.23242,0.107422,0.738469,-2.80785e-09,0.176392,1,0
8.21289,0.126953,0.726197,-2.78016e-09,0.178343,1,0
8.21289,0.146484,0.711778,-2.98368e-09,0.178343,1,0
8.23242,0.126953,0.726197,-3.09554e-09,0.176392,1,0
8.23242,0.146484,0.711778,-3.32716e-09,0.176392,1,0
8.25195,0.0878906,0.748635,-2.74117e-09,0.17444,1,0
8.25195,0.107422,0.738469,-3.12621e-09,0.17444,1,0
8.27148,0.0878906,0.748635,-3.0513e-09,0.172489,1,0
8.27148,0.107422,0.738469,-3.48605e-09,0.172489,1,0
8.25195,0.126953,0.726197,-3.45206e-09,0.17444,1,0
8.25195,0.146484,0.711778,-3.71549e-09,0.17444,1,0
8.27148,0.126953,0.726197,-3.85508e-09,0.172489,1,0
8.27148,0.146484,0.711778,-4.15452e-09,0.172489,1,0
8.13477,0.166016,0.695165,-2.04855e-09,0.186148,1,0
8.13477,0.185547,0.676307,-2.09808e-09,0.186148,1,0
8.1543,0.166016,0.695165,-2.27216e-09,0.184197,1,0
8.1543,0.185547,0.676307,-2.33108e-09,0.184197,1,0
8.13477,0.205078,0.655146,-2.11133e-09,0.186148,1,0
8.13477,0.224609,0.631618,-2.08849e-09,0.186148,1,0
8.1543,0.205078,0.655146,-2.34955e-09,0.184197,1,0
8.1543,0.224609,0.631618,-2.32764e-09,0.184197,1,0
8.17383,0.166016,0.695165,-2.52501e-09,0.182246,1,0
8.17383,0.185547,0.676307,-2.59456e-09,0.182246,1,0
8.19336,0.166016,0.695165,-2.8109e-09,0.180294,1,0
8.19336,0.185547,0.676307,-2.89249e-09,0.180294,1,0
8.17383,0.205078,0.655146,-2.61895e-09,0.182246,1,0
8.17383,0.224609,0.631618,-2.5981e-09,0.182246,1,0
8.19336,0.205078,0.655146,-2.92359e-09,0.180294,1,0
8.19336,0.224609,0.631618,-2.90396e-09,0.180294,1,0
8.13477,0.244141,0.605653,-2.03039e-09,0.186148,1,0
8.13477,0.263672,0.577177,-1.93862e-09,0.186148,1,0
8.1543,0.244141,0.605653,-2.26616e-09,0.184197,1,0
8.1543,0.263672,0.577177,-2.16674e-09,0.184197,1,0
8.13477,0.283203,0.546111,-1.81556e-09,0.186148,1,0
8.13477,0.302734,0.51237,-1.66447e-09,0.186148,1,0
8.1543,0.283203,0.546111,-2.03193e-09,0.184197,1,0
8.1543,0.302734,0.51237,-1.86525e-09,0.184197,1,0
8.17383,0.244141,0.605653,-2.5328e-09,0.182246,1,0
8.17383,0.263672,0.577177,-2.42474e-09,0.182246,1,0
8.19336,0.244141,0.605653,-2.83434e-09,0.180294,1,0
8.19336,0.263672,0.577177,-2.71651e-09,0.180294,1,0
8.17383,0.283203,0.546111,-2.27663e-09,0.182246,1,0
8.17383,0.302734,0.51237,-2.09231e-09,0.182246,1,0
8.19336,0.283203,0.546111,-2.55336e-09,0.180294,1,0
8.19336,0.302734,0.51237,-2.34908e-09,0.180294,1,0
8.21289,0.166016,0.695165,-3.13414e-09,0.178343,1,0
8.21289,0.185547,0.676307,-3.22938e-09,0.178343,1,0
8.23242,0.166016,0.695165,-3.49961e-09,0.176392,1,0
8.23242,0.185547,0.676307,-3.61031e-09,0.176392,1,0
8.21289,0.205078,0.655146,-3.26807e-09,0.178343,1,0
8.21289,0.224609,0.631618,-3.24984e-09,0.178343,1,0
8.23242,0.205078,0.655146,-3.65761e-09,0.176392,1,0
8.23242,0.224609,0.631618,-3.64096e-09,0.176392,1,0
8.25195,0.166016,0.695165,-3.91283e-09,0.17444,1,0
8.25195,0.185547,0.676307,-4.04103e-09,0.17444,1,0
8.27148,0.166016,0.695165,-4.38004e-09,0.172489,1,0
8.27148,0.185547,0.676307,-4.52806e-09,0.172489,1,0
8.25195,0.205078,0.655146,-4.09809e-09,0.17444,1,0
8.25195,0.224609,0.631618,-4.08324e-09,0.17444,1,0
8.27148,0.205078,0.655146,-4.59618e-09,0.172489,1,0
8.27148,0.224609,0.631618,-4.58337e-09,0.172489,1,0
8.21289,0.244141,0.605653,-3.17534e-09,0.178343,1,0
8.21289,0.263672,0.577177,-3.04645e-09,0.178343,1,0
8.23242,0.244141,0.605653,-3.56096e-09,0.176392,1,0
8.23242,0.263672,0.577177,-3.41957e-09,0.176392,1,0
8.21289,0.283203,0.546111,-2.8663e-09,0.178343,1,0
8.21289,0.302734,0.51237,-2.63946e-09,0.178343,1,0
8.23242,0.283203,0.546111,-3.22019e-09,0.176392,1,0
8.23242,0.302734,0.51237,-2.96782e-09,0.176392,1,0
8.25195,0.244141,0.605653,-3.99702e-09,0.17444,1,0
8.25195,0.263672,0.577177,-3.84151e-09,0.17444,1,0
8.27148,0.244141,0.605653,-4.49013e-09,0.172489,1,0
8.27148,0.263672,0.577177,-4.31864e-09,0.172489,1,0
8.25195,0.283203,0.546111,-3.62038e-09,0.17444,1,0
8.25195,0.302734,0.51237,-3.33913e-09,0.17444,1,0
8.27148,0.283203,0.546111,-4.07292e-09,0.172489,1,0
8.27148,0.302734,0.51237,-3.75902e-09,0.172489,1,0
8.29102,0.00976562,0.768797,-6.38331e-10,0.170538,1,0
8.29102,0.0292969,0.766791,-1.60999e-09,0.170538,1,0
8.31055,0.00976562,0.768797,-7.03667e-10,0.168586,1,0
8.31055,0.0292969,0.766791,-1.78147e-09,0.168586,1,0
8.29102,0.0488281,0.762772,-2.24754e-09,0.170538,1,0
8.29102,0.0683594,0.756727,-2.84514e-09,0.170538,1,0
8.31055,0.0488281,0.762772,-2.49786e-09,0.168586,1,0
8.31055,0.0683594,0.756727,-3.17048e-09,0.168586,1,0
8.33008,0.00976562,0.768797,-7.77385e-10,0.166635,1,0
8.33008,0.0292969,0.766791,-1.97506e-09,0.166635,1,0
8.34961,0.00976562,0.768797,-8.60574e-10,0.164684,1,0
8.34961,0.0292969,0.766791,-2.19364e-09,0.164684,1,0
8.33008,0.0488281,0.762772,-2.78063e-09,0.166635,1,0
8.33008,0.0683594,0.756727,-3.5381e-09,0.166635,1,0
8.34961,0.0488281,0.762772,-3.10008e-09,0.164684,1,0
8.34961,0.0683594,0.756727,-3.95353e-09,0.164684,1,0
8.29102,0.0878906,0.748635,-3.40178e-09,0.170538,1,0
8.29102,0.107422,0.738469,-3.89277e-09,0.170538,1,0
8.31055,0.0878906,0.748635,-3.79789e-09,0.168586,1,0
8.31055,0.107422,0.738469,-4.35251e-09,0.168586,1,0
8.29102,0.126953,0.726197,-4.31068e-09,0.170538,1,0
8.29102,0.146484,0.711778,-4.65087e-09,0.170538,1,0
8.31055,0.126953,0.726197,-4.82573e-09,0.168586,1,0
8.31055,0.146484,0.711778,-5.21205e-09,0.168586,1,0
8.33008,0.0878906,0.748635,-4.24557e-09,0.166635,1,0
8.33008,0.107422,0.738469,-4.8722e-09,0.166635,1,0
8.34961,0.0878906,0.748635,-4.75158e-09,0.164684,1,0
8.34961,0.107422,0.738469,-5.45968e-09,0.164684,1,0
8.33008,0.126953,0.726197,-5.40801e-09,0.166635,1,0
8.33008,0.146484,0.711778,-5.84653e-09,0.166635,1,0
8.34961,0.126953,0.726197,-6.06631e-09,0.164684,1,0
8.34961,0.146484,0.711778,-6.56391e-09,0.164684,1,0
8.36914,0.00976562,0.768797,-9.54463e-10,0.162732,1,0
8.36914,0.0292969,0.766791,-2.44045e-09,0.162732,1,0
8.38867,0.00976562,0.768797,-1.06045e-09,0.160781,1,0
8.38867,0.0292969,0.766791,-2.71918e-09,0.160781,1,0
8.36914,0.0488281,0.762772,-3.46098e-09,0.162732,1,0
8.36914,0.0683594,0.756727,-4.42301e-09,0.162732,1,0
8.38867,0.0488281,0.762772,-3.86876e-09,0.160781,1,0
8.38867,0.0683594,0.756727,-4.95362e-09,0.160781,1,0
8.4082,0.00976562,0.768797,-1.1801e-09,0.15883,1,0
8.4082,0.0292969,0.766791,-3.03399e-09,0.15883,1,0
8.42773,0.00976562,0.768797,-1.31519e-09,0.156878,1,0
8.42773,0.0292969,0.766791,-3.38959e-09,0.156878,1,0
8.4082,0.0488281,0.762772,-4.32953e-09,0.15883,1,0
8.4082,0.0683594,0.756727,-5.55333e-09,0.15883,1,0
8.42773,0.0488281,0.762772,-4.85022e-09,0.156878,1,0
8.42773,0.0683594,0.756727,-6.2312e-09,0.156878,1,0
8.36914,0.0878906,0.748635,-5.32353e-09,0.162732,1,0
8.36914,0.107422,0.738469,-6.12382e-09,0.162732,1,0
8.38867,0.0878906,0.748635,-5.97006e-09,0.160781,1,0
8.38867,0.107422,0.738469,-6.87463e-09,0.160781,1,0
8.36914,0.126953,0.726197,-6.81059e-09,0.162732,1,0
8.36914,0.146484,0.711778,-7.37504e-09,0.162732,1,0
8.38867,0.126953,0.726197,-7.65208e-09,0.160781,1,0
8.38867,0.146484,0.711778,-8.29219e-09,0.160781,1,0
8.4082,0.0878906,0.748635,-6.70091e-09,0.15883,1,0
8.4082,0.107422,0.738469,-7.72348e-09,0.15883,1,0
8.42773,0.0878906,0.748635,-7.52713e-09,0.156878,1,0
8.42773,0.107422,0.738469,-8.68319e-09,0.156878,1,0
8.4082,0.126953,0.726197,-8.60353e-09,0.15883,1,0
8.4082,0.146484,0.711778,-9.32924e-09,0.15883,1,0
8.42773,0.126953,0.726197,-9.67933e-09,0.156878,1,0
8.42773,0.146484,0.711778,-1.05019e-08,0.156878,1,0
8.29102,0.166016,0.695165,-4.9083e-09,0.170538,1,0
8.29102,0.185547,0.676307,-5.07875e-09,0.170538,1,0
8.31055,0.166016,0.695165,-5.50559e-09,0.168586,1,0
8.31055,0.185547,0.676307,-5.70145e-09,0.168586,1,0
8.29102,0.205078,0.655146,-5.15939e-09,0.170538,1,0
8.29102,0.224609,0.631618,-5.14892e-09,0.170538,1,0
8.31055,0.205078,0.655146,-5.79627e-09,0.168586,1,0
8.31055,0.224609,0.631618,-5.78845e-09,0.168586,1,0
8.33008,0.166016,0.695165,-6.18095e-09,0.166635,1,0
8.33008,0.185547,0.676307,-6.40556e-09,0.166635,1,0
8.34961,0.166016,0.695165,-6.94459e-09,0.164684,1,0
8.34961,0.185547,0.676307,-7.20176e-09,0.164684,1,0
8.33008,0.205078,0.655146,-6.51645e-09,0.166635,1,0
8.33008,0.224609,0.631618,-6.51165e-09,0.166635,1,0
8.34961,0.205078,0.655146,-7.33083e-09,0.164684,1,0
8.34961,0.224609,0.631618,-7.32946e-09,0.164684,1,0
8.29102,0.244141,0.605653,-5.04775e-09,0.170538,1,0
8.29102,0.263672,0.577177,-4.8582e-09,0.170538,1,0
8.31055,0.244141,0.605653,-5.67832e-09,0.168586,1,0
8.31055,0.263672,0.577177,-5.46835e-09,0.168586,1,0
8.29102,0.283203,0.546111,-4.58466e-09,0.170538,1,0
8.29102,0.302734,0.51237,-4.23384e-09,0.170538,1,0
8.31055,0.283203,0.546111,-5.16336e-09,0.168586,1,0
8.31055,0.302734,0.51237,-4.77077e-09,0.168586,1,0
8.33008,0.244141,0.605653,-6.39139e-09,0.166635,1,0
8.33008,0.263672,0.577177,-6.15833e-09,0.166635,1,0
8.34961,0.244141,0.605653,-7.19776e-09,0.164684,1,0
8.34961,0.263672,0.577177,-6.9386e-09,0.164684,1,0
8.33008,0.283203,0.546111,-5.81777e-09,0.166635,1,0
8.33008,0.302734,0.51237,-5.37794e-09,0.166635,1,0
8.34961,0.283203,0.546111,-6.5578e-09,0.164684,1,0
8.34961,0.302734,0.51237,-6.06455e-09,0.164684,1,0
8.36914,0.166016,0.695165,-7.80808e-09,0.162732,1,0
8.36914,0.185547,0.676307,-8.10209e-09,0.162732,1,0
8.38867,0.166016,0.695165,-8.78448e-09,0.160781,1,0
8.38867,0.185547,0.676307,-9.12019e-09,0.160781,1,0
8.36914,0.205078,0.655146,-8.25175e-09,0.162732,1,0
8.36914,0.224609,0.631618,-8.25428e-09,0.162732,1,0
8.38867,0.205078,0.655146,-9.29317e-09,0.160781,1,0
8.38867,0.224609,0.631618,-9.30012e-09,0.160781,1,0
8.4082,0.166016,0.695165,-9.88858e-09,0.15883,1,0
8.4082,0.185547,0.676307,-1.02715e-08,0.15883,1,0
8.42773,0.166016,0.695165,-1.11371e-08,0.156878,1,0
8.42773,0.185547,0.676307,-1.15734e-08,0.156878,1,0
8.4082,0.205078,0.655146,-1.04709e-08,0.15883,1,0
8.4082,0.224609,0.631618,-1.04828e-08,0.15883,1,0
8.42773,0.205078,0.655146,-1.18027e-08,0.156878,1,0
8.42773,0.224609,0.631618,-1.18204e-08,0.156878,1,0
8.36914,0.244141,0.605653,-8.10966e-09,0.162732,1,0
8.36914,0.263672,0.577177,-7.82096e-09,0.162732,1,0
8.38867,0.244141,0.605653,-9.14089e-09,0.160781,1,0
8.38867,0.263672,0.577177,-8.81881e-09,0.160781,1,0
8.36914,0.283203,0.546111,-7.39467e-09,0.162732,1,0
8.36914,0.302734,0.51237,-6.841e-09,0.162732,1,0
8.38867,0.283203,0.546111,-8.34106e-09,0.160781,1,0
8.38867,0.302734,0.51237,-7.71904e-09,0.160781,1,0
8.4082,0.244141,0.605653,-1.03071e-08,0.15883,1,0
8.4082,0.263672,0.577177,-9.94726e-09,0.15883,1,0
8.42773,0.244141,0.605653,-1.1626e-08,0.156878,1,0
8.42773,0.263672,0.577177,-1.12234e-08,0.156878,1,0
8.4082,0.283203,0.546111,-9.41131e-09,0.15883,1,0
8.4082,0.302734,0.51237,-8.71198e-09,0.15883,1,0
8.42773,0.283203,0.546111,-1.06216e-08,0.156878,1,0
8.42773,0.302734,0.51237,-9.83488e-09,0.156878,1,0
8.13477,0.322266,0.475867,-1.4896e-09,0.186148,1,0
8.13477,0.341797,0.43651,-1.29626e-09,0.186148,1,0
8.1543,0.322266,0.475867,-1.67133e-09,0.184197,1,0
8.1543,0.341797,0.43651,-1.45601e-09,0.184197,1,0
8.13477,0.361328,0.394203,-1.091e-09,0.186148,1,0
8.13477,0.380859,0.348846,-8.82929e-10,0.186148,1,0
8.1543,0.361328,0.394203,-1.22651e-09,0.184197,1,0
8.1543,0.380859,0.348846,-9.89834e-10,0.184197,1,0
8.17383,0.322266,0.475867,-1.87684e-09,0.182246,1,0
8.17383,0.341797,0.43651,-1.63667e-09,0.182246,1,0
8.19336,0.322266,0.475867,-2.10924e-09,0.180294,1,0
8.19336,0.341797,0.43651,-1.84095e-09,0.180294,1,0
8.17383,0.361328,0.394203,-1.37979e-09,0.182246,1,0
8.17383,0.380859,0.348846,-1.11715e-09,0.182246,1,0
8.19336,0.361328,0.394203,-1.55306e-09,0.180294,1,0
8.19336,0.380859,0.348846,-1.2546e-09,0.180294,1,0
8.13477,0.400391,0.300338,-6.69324e-10,0.186148,1,0
8.13477,0.419922,0.248574,-4.86609e-10,0.186148,1,0
8.1543,0.400391,0.300338,-7.65397e-10,0.184197,1,0
8.1543,0.419922,0.248574,-5.3174e-10,0.184197,1,0
8.13477,0.439453,0.193451,-3.04948e-10,0.186148,1,0
8.13477,0.458984,0.13486,-1.48129e-10,0.186148,1,0
8.1543,0.439453,0.193451,-3.36351e-10,0.184197,1,0
8.1543,0.458984,0.13486,-1.83033e-10,0.184197,1,0
8.17383,0.400391,0.300338,-8.48035e-10,0.182246,1,0
8.17383,0.419922,0.248574,-6.12016e-10,0.182246,1,0
8.19336,0.400391,0.300338,-9.67684e-10,0.180294,1,0
8.19336,0.419922,0.248574,-6.73208e-10,0.180294,1,0
8.17383,0.439453,0.193451,-3.81549e-10,0.182246,1,0
8.17383,0.458984,0.13486,-1.83871e-10,0.182246,1,0
8.19336,0.439453,0.193451,-4.22821e-10,0.180294,1,0
8.19336,0.458984,0.13486,-2.23761e-10,0.180294,1,0
8.21289,0.322266,0.475867,-2.37204e-09,0.178343,1,0
8.21289,0.341797,0.43651,-2.07194e-09,0.178343,1,0
8.23242,0.322266,0.475867,-2.66922e-09,0.176392,1,0
8.23242,0.341797,0.43651,-2.33315e-09,0.176392,1,0
8.21289,0.361328,0.394203,-1.74902e-09,0.178343,1,0
8.21289,0.380859,0.348846,-1.41657e-09,0.178343,1,0
8.23242,0.361328,0.394203,-1.97056e-09,0.176392,1,0
8.23242,0.380859,0.348846,-1.59307e-09,0.176392,1,0
8.25195,0.322266,0.475867,-3.00527e-09,0.17444,1,0
8.25195,0.341797,0.43651,-2.62851e-09,0.17444,1,0
8.27148,0.322266,0.475867,-3.38527e-09,0.172489,1,0
8.27148,0.341797,0.43651,-2.96249e-09,0.172489,1,0
8.25195,0.361328,0.394203,-2.22109e-09,0.17444,1,0
8.25195,0.380859,0.348846,-1.79933e-09,0.17444,1,0
8.27148,0.361328,0.394203,-2.50434e-09,0.172489,1,0
8.27148,0.380859,0.348846,-2.02577e-09,0.172489,1,0
8.21289,0.400391,0.300338,-1.07647e-09,0.178343,1,0
8.21289,0.419922,0.248574,-7.72204e-10,0.178343,1,0
8.23242,0.400391,0.300338,-1.22619e-09,0.176392,1,0
8.23242,0.419922,0.248574,-8.53983e-10,0.176392,1,0
8.21289,0.439453,0.193451,-4.79352e-10,0.178343,1,0
8.21289,0.458984,0.13486,-2.29492e-10,0.178343,1,0
8.23242,0.439453,0.193451,-5.33251e-10,0.176392,1,0
8.23242,0.458984,0.13486,-2.7566e-10,0.176392,1,0
8.25195,0.400391,0.300338,-1.36845e-09,0.17444,1,0
8.25195,0.419922,0.248574,-9.76836e-10,0.17444,1,0
8.27148,0.400391,0.300338,-1.55655e-09,0.172489,1,0
8.27148,0.419922,0.248574,-1.085e-09,0.172489,1,0
8.25195,0.439453,0.193451,-6.04242e-10,0.17444,1,0
8.25195,0.458984,0.13486,-2.87725e-10,0.17444,1,0
8.27148,0.439453,0.193451,-6.743e-10,0.172489,1,0
8.27148,0.458984,0.13486,-3.41821e-10,0.172489,1,0
8.13477,0.478516,0.0726926,-6.74758e-11,0.186148,1,0
8.13477,0.498047,0.00683687,-6.05299e-11,0.186148,0.6,0
8.1543,0.478516,0.0726926,-6.22815e-11,0.184197,1,0
8.1543,0.498047,0.00683687,-5.56298e-11,0.184197,0.6,0
8.17383,0.478516,0.0726926,-7.46723e-11,0.182246,1,0
8.17383,0.498047,0.00683687,-5.92563e-11,0.182246,0.6,0
8.19336,0.478516,0.0726926,-7.01681e-11,0.180294,1,0
8.19336,0.498047,0.00683687,-5.39536e-11,0.180294,0.6,0
8.21289,0.478516,0.0726926,-8.36876e-11,0.178343,1,0
8.21289,0.498047,0.00683687,-5.72995e-11,0.178343,0.6,0
8.23242,0.478516,0.0726926,-8.00945e-11,0.176392,1,0
8.23242,0.498047,0.00683687,-5.14816e-11,0.176392,0.6,0
8.25195,0.478516,0.0726926,-9.50024e-11,0.17444,1,0
8.25195,0.498047,0.00683687,-5.44272e-11,0.17444,0.6,0
8.27148,0.478516,0.0726926,-9.26046e-11,0.172489,1,0
8.27148,0.498047,0.00683687,-4.79517e-11,0.172489,0.6,0
8.29102,0.322266,0.475867,-3.81497e-09,0.170538,1,0
8.29102,0.341797,0.43651,-3.34014e-09,0.170538,1,0
8.31055,0.322266,0.475867,-4.30087e-09,0.168586,1,0
8.31055,0.341797,0.43651,-3.76718e-09,0.168586,1,0
8.29102,0.361328,0.394203,-2.82465e-09,0.170538,1,0
8.29102,0.380859,0.348846,-2.28862e-09,0.170538,1,0
8.31055,0.361328,0.394203,-3.1868e-09,0.168586,1,0
8.31055,0.380859,0.348846,-2.57893e-09,0.168586,1,0
8.33008,0.322266,0.475867,-4.85034e-09,0.166635,1,0
8.33008,0.341797,0.43651,-4.25007e-09,0.166635,1,0
8.34961,0.322266,0.475867,-5.47167e-09,0.164684,1,0
8.34961,0.341797,0.43651,-4.79611e-09,0.164684,1,0
8.33008,0.361328,0.394203,-3.59633e-09,0.166635,1,0
8.33008,0.380859,0.348846,-2.91414e-09,0.166635,1,0
8.34961,0.361328,0.394203,-4.05936e-09,0.164684,1,0
8.34961,0.380859,0.348846,-3.28612e-09,0.164684,1,0
8.29102,0.400391,0.300338,-1.74168e-09,0.170538,1,0
8.29102,0.419922,0.248574,-1.23828e-09,0.170538,1,0
8.31055,0.400391,0.300338,-1.97878e-09,0.168586,1,0
8.31055,0.419922,0.248574,-1.38024e-09,0.168586,1,0
8.29102,0.439453,0.193451,-7.63749e-10,0.170538,1,0
8.29102,0.458984,0.13486,-3.62069e-10,0.170538,1,0
8.31055,0.439453,0.193451,-8.54491e-10,0.168586,1,0
8.31055,0.458984,0.13486,-4.26209e-10,0.168586,1,0
8.33008,0.400391,0.300338,-2.21878e-09,0.166635,1,0
8.33008,0.419922,0.248574,-1.57236e-09,0.166635,1,0
8.34961,0.400391,0.300338,-2.51848e-09,0.164684,1,0
8.34961,0.419922,0.248574,-1.75761e-09,0.164684,1,0
8.33008,0.439453,0.193451,-9.67532e-10,0.166635,1,0
8.33008,0.458984,0.13486,-4.57029e-10,0.166635,1,0
8.34961,0.439453,0.193451,-1.08476e-09,0.164684,1,0
8.34961,0.458984,0.13486,-5.33951e-10,0.164684,1,0
8.36914,0.322266,0.475867,-6.17429e-09,0.162732,1,0
8.36914,0.341797,0.43651,-5.41356e-09,0.162732,1,0
8.38867,0.322266,0.475867,-6.96884e-09,0.160781,1,0
8.38867,0.341797,0.43651,-6.11177e-09,0.160781,1,0
8.36914,0.361328,0.394203,-4.58298e-09,0.162732,1,0
8.36914,0.380859,0.348846,-3.71382e-09,0.162732,1,0
8.38867,0.361328,0.394203,-5.17501e-09,0.160781,1,0
8.38867,0.380859,0.348846,-4.19022e-09,0.160781,1,0
8.4082,0.322266,0.475867,-7.86733e-09,0.15883,1,0
8.4082,0.341797,0.43651,-6.90131e-09,0.15883,1,0
8.42773,0.322266,0.475867,-8.8834e-09,0.156878,1,0
8.42773,0.341797,0.43651,-7.79414e-09,0.156878,1,0
8.4082,0.361328,0.394203,-5.84449e-09,0.15883,1,0
8.4082,0.380859,0.348846,-4.73613e-09,0.15883,1,0
8.42773,0.361328,0.394203,-6.60149e-09,0.156878,1,0
8.42773,0.380859,0.348846,-5.34608e-09,0.156878,1,0
8.36914,0.400391,0.300338,-2.82866e-09,0.162732,1,0
8.36914,0.419922,0.248574,-1.99927e-09,0.162732,1,0
8.38867,0.400391,0.300338,-3.20826e-09,0.160781,1,0
8.38867,0.419922,0.248574,-2.23984e-09,0.160781,1,0
8.36914,0.439453,0.193451,-1.22788e-09,0.162732,1,0
8.36914,0.458984,0.13486,-5.78327e-10,0.162732,1,0
8.38867,0.439453,0.193451,-1.37884e-09,0.160781,1,0
8.38867,0.458984,0.13486,-6.71315e-10,0.160781,1,0
8.4082,0.400391,0.300338,-3.60823e-09,0.15883,1,0
8.4082,0.419922,0.248574,-2.54472e-09,0.15883,1,0
8.42773,0.400391,0.300338,-4.08995e-09,0.156878,1,0
8.42773,0.419922,0.248574,-2.85614e-09,0.156878,1,0
8.4082,0.439453,0.193451,-1.56034e-09,0.15883,1,0
8.4082,0.458984,0.13486,-7.3307e-10,0.15883,1,0
8.42773,0.439453,0.193451,-1.75455e-09,0.156878,1,0
8.42773,0.458984,0.13486,-8.46635e-10,0.156878,1,0
8.29102,0.478516,0.0726926,-1.09231e-10,0.170538,1,0
8.29102,0.498047,0.00683687,-5.03411e-11,0.170538,0.6,0
8.31055,0.478516,0.0726926,-1.08397e-10,0.168586,1,0
8.31055,0.498047,0.00683687,-4.30239e-11,0.168586,0.6,0
8.33008,0.478516,0.0726926,-1.27184e-10,0.166635,1,0
8.33008,0.498047,0.00683687,-4.46601e-11,0.166635,0.6,0
8.34961,0.478516,0.0726926,-1.28419e-10,0.164684,1,0
8.34961,0.498047,0.00683687,-3.62772e-11,0.164684,0.6,0
8.36914,0.478516,0.0726926,-1.49881e-10,0.162732,1,0
8.36914,0.498047,0.00683687,-3.69069e-11,0.162732,0.6,0
8.38867,0.478516,0.0726926,-1.53679e-10,0.160781,1,0
8.38867,0.498047,0.00683687,-2.71507e-11,0.160781,0.6,0
8.4082,0.478516,0.0726926,-1.78485e-10,0.15883,1,0
8.4082,0.498047,0.00683687,-2.64534e-11,0.15883,0.6,0
8.42773,0.478516,0.0726926,-1.85705e-10,0.156878,1,0
8.42773,0.498047,0.00683687,-1.49614e-11,0.156878,0.6,0
8.44727,0.00976562,0.768797,-1.46775e-09,0.154927,1,0
8.44727,0.0292969,0.766791,-3.7913e-09,0.154927,1,0
8.4668,0.00976562,0.768797,-1.64006e-09,0.152976,1,0
8.4668,0.0292969,0.766791,-4.24515e-09,0.152976,1,0
8.44727,0.0488281,0.762772,-5.43867e-09,0.154927,1,0
8.44727,0.0683594,0.756727,-6.99743e-09,0.154927,1,0
8.4668,0.0488281,0.762772,-6.10373e-09,0.152976,1,0
8.4668,0.0683594,0.756727,-7.8636e-09,0.152976,1,0
8.48633,0.00976562,0.768797,-1.83468e-09,0.151024,1,0
8.48633,0.0292969,0.766791,-4.75794e-09,0.151024,1,0
8.50586,0.00976562,0.768797,-2.05453e-09,0.149073,1,0
8.50586,0.0292969,0.766791,-5.3374e-09,0.149073,1,0
8.48633,0.0488281,0.762772,-6.85542e-09,0.151024,1,0
8.48633,0.0683594,0.756727,-8.8428e-09,0.151024,1,0
8.50586,0.0488281,0.762772,-7.7051e-09,0.149073,1,0
8.50586,0.0683594,0.756727,-9.94981e-09,0.149073,1,0
8.44727,0.0878906,0.748635,-8.46118e-09,0.154927,1,0
8.44727,0.107422,0.738469,-9.76827e-09,0.154927,1,0
8.4668,0.0878906,0.748635,-9.5172e-09,0.152976,1,0
8.4668,0.107422,0.738469,-1.09952e-08,0.152976,1,0
8.44727,0.126953,0.726197,-1.08958e-08,0.154927,1,0
8.44727,0.146484,0.711778,-1.18279e-08,0.154927,1,0
8.4668,0.126953,0.726197,-1.22712e-08,0.152976,1,0
8.4668,0.146484,0.711778,-1.33274e-08,0.152976,1,0
8.48633,0.0878906,0.748635,-1.07112e-08,0.151024,1,0
8.48633,0.107422,0.738469,-1.23824e-08,0.151024,1,0
8.50586,0.0878906,0.748635,-1.20611e-08,0.149073,1,0
8.50586,0.107422,0.738469,-1.3951e-08,0.149073,1,0
8.48633,0.126953,0.726197,-1.38266e-08,0.151024,1,0
8.48633,0.146484,0.711778,-1.50231e-08,0.151024,1,0
8.50586,0.126953,0.726197,-1.55855e-08,0.149073,1,0
8.50586,0.146484,0.711778,-1.69407e-08,0.149073,1,0
8.52539,0.00976562,0.768797,-2.30293e-09,0.147122,1,0
8.52539,0.0292969,0.766791,-5.99225e-09,0.147122,1,0
8.54492,0.00976562,0.768797,-2.58359e-09,0.14517,1,0
8.54492,0.0292969,0.766791,-6.73235e-09,0.14517,1,0
8.52539,0.0488281,0.762772,-8.66559e-09,0.147122,1,0
8.52539,0.0683594,0.756727,-1.12014e-08,0.147122,1,0
8.54492,0.0488281,0.762772,-9.7514e-09,0.14517,1,0
8.54492,0.0683594,0.756727,-1.26165e-08,0.14517,1,0
8.56445,0.00976562,0.768797,-2.90076e-09,0.143219,1,0
8.56445,0.0292969,0.766791,-7.56888e-09,0.143219,1,0
8.58398,0.00976562,0.768797,-3.2592e-09,0.141268,1,0
8.58398,0.0292969,0.766791,-8.51446e-09,0.141268,1,0
8.56445,0.0488281,0.762772,-1.0979e-08,0.143219,1,0
8.56445,0.0683594,0.756727,-1.42165e-08,0.143219,1,0
8.58398,0.0488281,0.762772,-1.23668e-08,0.141268,1,0
8.58398,0.0683594,0.756727,-1.60256e-08,0.141268,1,0
8.52539,0.0878906,0.748635,-1.35875e-08,0.147122,1,0
8.52539,0.107422,0.738469,-1.57248e-08,0.147122,1,0
8.54492,0.0878906,0.748635,-1.53135e-08,0.14517,1,0
8.54492,0.107422,0.738469,-1.77306e-08,0.14517,1,0
8.52539,0.126953,0.726197,-1.75744e-08,0.147122,1,0
8.52539,0.146484,0.711778,-1.91093e-08,0.147122,1,0
8.54492,0.126953,0.726197,-1.98237e-08,0.14517,1,0
8.54492,0.146484,0.711778,-2.15617e-08,0.14517,1,0
8.56445,0.0878906,0.748635,-1.72651e-08,0.143219,1,0
8.56445,0.107422,0.738469,-1.99989e-08,0.143219,1,0
8.58398,0.0878906,0.748635,-1.94721e-08,0.141268,1,0
8.58398,0.107422,0.738469,-2.25639e-08,0.141268,1,0
8.56445,0.126953,0.726197,-2.23673e-08,0.143219,1,0
8.56445,0.146484,0.711778,-2.43352e-08,0.143219,1,0
8.58398,0.126953,0.726197,-2.5244e-08,0.141268,1,0
8.58398,0.146484,0.711778,-2.74719e-08,0.141268,1,0
8.44727,0.166016,0.695165,-1.2549e-08,0.154927,1,0
8.44727,0.185547,0.676307,-1.30458e-08,0.154927,1,0
8.4668,0.166016,0.695165,-1.41457e-08,0.152976,1,0
8.4668,0.185547,0.676307,-1.47108e-08,0.152976,1,0
8.44727,0.205078,0.655146,-1.33089e-08,0.154927,1,0
8.44727,0.224609,0.631618,-1.3333e-08,0.154927,1,0
8.4668,0.205078,0.655146,-1.50122e-08,0.152976,1,0
8.4668,0.224609,0.631618,-1.50436e-08,0.152976,1,0
8.48633,0.166016,0.695165,-1.59513e-08,0.151024,1,0
8.48633,0.185547,0.676307,-1.65938e-08,0.151024,1,0
8.50586,0.166016,0.695165,-1.79932e-08,0.149073,1,0
8.50586,0.185547,0.676307,-1.87234e-08,0.149073,1,0
8.48633,0.205078,0.655146,-1.69385e-08,0.151024,1,0
8.48633,0.224609,0.631618,-1.69783e-08,0.151024,1,0
8.50586,0.205078,0.655146,-1.91171e-08,0.149073,1,0
8.50586,0.224609,0.631618,-1.91662e-08,0.149073,1,0
8.44727,0.244141,0.605653,-1.31175e-08,0.154927,1,0
8.44727,0.263672,0.577177,-1.26666e-08,0.154927,1,0
8.4668,0.244141,0.605653,-1.48042e-08,0.152976,1,0
8.4668,0.263672,0.577177,-1.42988e-08,0.152976,1,0
8.44727,0.283203,0.546111,-1.19904e-08,0.154927,1,0
8.44727,0.302734,0.51237,-1.11047e-08,0.154927,1,0
8.4668,0.283203,0.546111,-1.35383e-08,0.152976,1,0
8.4668,0.302734,0.51237,-1.25408e-08,0.152976,1,0
8.48633,0.244141,0.605653,-1.67119e-08,0.151024,1,0
8.48633,0.263672,0.577177,-1.61447e-08,0.151024,1,0
8.50586,0.244141,0.605653,-1.88693e-08,0.149073,1,0
8.50586,0.263672,0.577177,-1.82322e-08,0.149073,1,0
8.48633,0.283203,0.546111,-1.52889e-08,0.151024,1,0
8.48633,0.302734,0.51237,-1.41649e-08,0.151024,1,0
8.50586,0.283203,0.546111,-1.72687e-08,0.149073,1,0
8.50586,0.302734,0.51237,-1.60015e-08,0.149073,1,0
8.52539,0.166016,0.695165,-2.03025e-08,0.147122,1,0
8.52539,0.185547,0.676307,-2.11317e-08,0.147122,1,0
8.54492,0.166016,0.695165,-2.29141e-08,0.14517,1,0
8.54492,0.185547,0.676307,-2.38555e-08,0.14517,1,0
8.52539,0.205078,0.655146,-2.15809e-08,0.147122,1,0
8.52539,0.224609,0.631618,-2.16407e-08,0.147122,1,0
8.54492,0.205078,0.655146,-2.43674e-08,0.14517,1,0
8.54492,0.224609,0.631618,-2.44392e-08,0.14517,1,0
8.56445,0.166016,0.695165,-2.58677e-08,0.143219,1,0
8.56445,0.185547,0.676307,-2.69359e-08,0.143219,1,0
8.58398,0.166016,0.695165,-2.92081e-08,0.141268,1,0
8.58398,0.185547,0.676307,-3.04198e-08,0.141268,1,0
8.56445,0.205078,0.655146,-2.75188e-08,0.143219,1,0
8.56445,0.224609,0.631618,-2.76042e-08,0.143219,1,0
8.58398,0.205078,0.655146,-3.1083e-08,0.141268,1,0
8.58398,0.224609,0.631618,-3.11838e-08,0.141268,1,0
8.52539,0.244141,0.605653,-2.13093e-08,0.147122,1,0
8.52539,0.263672,0.577177,-2.05931e-08,0.147122,1,0
8.54492,0.244141,0.605653,-2.40687e-08,0.14517,1,0
8.54492,0.263672,0.577177,-2.32632e-08,0.14517,1,0
8.52539,0.283203,0.54611,-1.95077e-08,0.147122,1,0
8.52539,0.302734,0.51237,-1.80786e-08,0.147122,1,0
8.54492,0.283203,0.54611,-2.20399e-08,0.14517,1,0
8.54492,0.302734,0.51237,-2.04276e-08,0.14517,1,0
8.56445,0.244141,0.605653,-2.71896e-08,0.143219,1,0
8.56445,0.263672,0.577177,-2.62829e-08,0.143219,1,0
8.58398,0.244141,0.605653,-3.07192e-08,0.141268,1,0
8.58398,0.263672,0.577177,-2.9698e-08,0.141268,1,0
8.56445,0.283203,0.54611,-2.49036e-08,0.143219,1,0
8.56445,0.302734,0.51237,-2.30841e-08,0.143219,1,0
8.58398,0.283203,0.54611,-2.81422e-08,0.141268,1,0
8.58398,0.302734,0.51237,-2.60884e-08,0.141268,1,0
8.60352,0.00976562,0.768797,-3.66433e-09,0.139316,1,0
8.60352,0.0292969,0.766791,-9.58338e-09,0.139316,1,0
8.62305,0.00976562,0.768797,-4.12226e-09,0.137365,1,0
8.62305,0.0292969,0.766791,-1.07918e-08,0.137365,1,0
8.60352,0.0488281,0.762772,-1.3936e-08,0.139316,1,0
8.60352,0.0683594,0.756727,-1.80714e-08,0.139316,1,0
8.62305,0.0488281,0.762772,-1.57103e-08,0.137365,1,0
8.62305,0.0683594,0.756727,-2.03846e-08,0.137365,1,0
8.64258,0.00976562,0.768797,-4.63991e-09,0.135414,1,0
8.64258,0.0292969,0.766791,-1.2158e-08,0.135414,1,0
8.66211,0.00976562,0.768797,-5.22511e-09,0.133462,1,0
8.66211,0.0292969,0.766791,-1.37027e-08,0.133462,1,0
8.64258,0.0488281,0.762772,-1.77165e-08,0.135414,1,0
8.64258,0.0683594,0.756727,-2.30005e-08,0.135414,1,0
8.66211,0.0488281,0.762772,-1.9985e-08,0.133462,1,0
8.66211,0.0683594,0.756727,-2.59587e-08,0.133462,1,0
8.60352,0.0878906,0.748635,-2.19677e-08,0.139316,1,0
8.60352,0.107422,0.738469,-2.54647e-08,0.139316,1,0
8.62305,0.0878906,0.748635,-2.479e-08,0.137365,1,0
8.62305,0.107422,0.738469,-2.87452e-08,0.137365,1,0
8.60352,0.126953,0.726197,-2.84972e-08,0.139316,1,0
8.60352,0.146484,0.711778,-3.10192e-08,0.139316,1,0
8.62305,0.126953,0.726197,-3.21763e-08,0.137365,1,0
8.62305,0.146484,0.711778,-3.50311e-08,0.137365,1,0
8.64258,0.0878906,0.748635,-2.79816e-08,0.135414,1,0
8.64258,0.107422,0.738469,-3.24551e-08,0.135414,1,0
8.66211,0.0878906,0.748635,-3.15909e-08,0.133462,1,0
8.66211,0.107422,0.738469,-3.66507e-08,0.133462,1,0
8.64258,0.126953,0.726197,-3.63372e-08,0.135414,1,0
8.64258,0.146484,0.711778,-3.95684e-08,0.135414,1,0
8.66211,0.126953,0.726197,-4.1043e-08,0.133462,1,0
8.66211,0.146484,0.711778,-4.46999e-08,0.133462,1,0
8.68164,0.00976562,0.768797,-5.88671e-09,0.131511,1,0
8.68164,0.0292969,0.766791,-1.54492e-08,0.131511,1,0
8.70117,0.00976562,0.768797,-6.63471e-09,0.12956,1,0
8.70117,0.0292969,0.766791,-1.74239e-08,0.12956,1,0
8.68164,0.0488281,0.762772,-2.25503e-08,0.131511,1,0
8.68164,0.0683594,0.756727,-2.93039e-08,0.131511,1,0
8.70117,0.0488281,0.762772,-2.54511e-08,0.12956,1,0
8.70117,0.0683594,0.756727,-3.3087e-08,0.12956,1,0
8.7207,0.00976562,0.768797,-7.48044e-09,0.127608,1,0
8.7207,0.0292969,0.766791,-1.96568e-08,0.127608,1,0
8.74023,0.00976562,0.768797,-8.43669e-09,0.125657,1,0
8.74023,0.0292969,0.766791,-2.21817e-08,0.125657,1,0
8.7207,0.0488281,0.762772,-2.87314e-08,0.127608,1,0
8.7207,0.0683594,0.756727,-3.73651e-08,0.127608,1,0
8.74023,0.0488281,0.762772,-3.24408e-08,0.125657,1,0
8.74023,0.0683594,0.756727,-4.22031e-08,0.125657,1,0
8.68164,0.0878906,0.748635,-3.56727e-08,0.131511,1,0
8.68164,0.107422,0.738469,-4.13957e-08,0.131511,1,0
8.70117,0.0878906,0.748635,-4.02887e-08,0.12956,1,0
8.70117,0.107422,0.738469,-4.67618e-08,0.12956,1,0
8.68164,0.126953,0.726197,-4.63649e-08,0.131511,1,0
8.68164,0.146484,0.711778,-5.05034e-08,0.131511,1,0
8.70117,0.126953,0.726197,-5.23837e-08,0.12956,1,0
8.70117,0.146484,0.711778,-5.70669e-08,0.12956,1,0
8.7207,0.0878906,0.748635,-4.55091e-08,0.127608,1,0
8.7207,0.107422,0.738469,-5.28306e-08,0.127608,1,0
8.74023,0.0878906,0.748635,-5.14127e-08,0.125657,1,0
8.74023,0.107422,0.738469,-5.96938e-08,0.125657,1,0
8.7207,0.126953,0.726197,-5.91905e-08,0.127608,1,0
8.7207,0.146484,0.711778,-6.44898e-08,0.127608,1,0
8.74023,0.126953,0.726197,-6.68886e-08,0.125657,1,0
8.74023,0.146484,0.711778,-7.28847e-08,0.125657,1,0
8.60352,0.166016,0.695165,-3.2986e-08,0.139316,1,0
8.60352,0.185547,0.676307,-3.43599e-08,0.139316,1,0
8.62305,0.166016,0.695165,-3.72586e-08,0.137365,1,0
8.62305,0.185547,0.676307,-3.88161e-08,0.137365,1,0
8.60352,0.205078,0.655146,-3.51139e-08,0.139316,1,0
8.60352,0.224609,0.631618,-3.52322e-08,0.139316,1,0
8.62305,0.205078,0.655146,-3.96729e-08,0.137365,1,0
8.62305,0.224609,0.631618,-3.98108e-08,0.137365,1,0
8.64258,0.166016,0.695165,-4.20908e-08,0.135414,1,0
8.64258,0.185547,0.676307,-4.38559e-08,0.135414,1,0
8.66211,0.166016,0.695165,-4.75558e-08,0.133462,1,0
8.66211,0.185547,0.676307,-4.95558e-08,0.133462,1,0
8.64258,0.205078,0.655146,-4.48289e-08,0.135414,1,0
8.64258,0.224609,0.631618,-4.4989e-08,0.135414,1,0
8.66211,0.205078,0.655146,-5.06602e-08,0.133462,1,0
8.66211,0.224609,0.631618,-5.08454e-08,0.133462,1,0
8.60352,0.244141,0.605653,-3.4711e-08,0.139316,1,0
8.60352,0.263672,0.577177,-3.35604e-08,0.139316,1,0
8.62305,0.244141,0.605653,-3.92256e-08,0.137365,1,0
8.62305,0.263672,0.577177,-3.79285e-08,0.137365,1,0
8.60352,0.283203,0.54611,-3.18049e-08,0.139316,1,0
8.60352,0.302734,0.51237,-2.94859e-08,0.139316,1,0
8.62305,0.283203,0.54611,-3.59472e-08,0.137365,1,0
8.62305,0.302734,0.51237,-3.33282e-08,0.137365,1,0
8.64258,0.244141,0.605653,-4.43314e-08,0.135414,1,0
8.64258,0.263672,0.577177,-4.28685e-08,0.135414,1,0
8.66211,0.244141,0.605653,-5.01059e-08,0.133462,1,0
8.66211,0.263672,0.577177,-4.84554e-08,0.133462,1,0
8.64258,0.283203,0.54611,-4.06317e-08,0.135414,1,0
8.64258,0.302734,0.51237,-3.76734e-08,0.135414,1,0
8.66211,0.283203,0.54611,-4.59295e-08,0.133462,1,0
8.66211,0.302734,0.51237,-4.25873e-08,0.133462,1,0
8.68164,0.166016,0.695165,-5.37366e-08,0.131511,1,0
8.68164,0.185547,0.676307,-5.60022e-08,0.131511,1,0
8.70117,0.166016,0.695165,-6.07268e-08,0.12956,1,0
8.70117,0.185547,0.676307,-6.32928e-08,0.12956,1,0
8.68164,0.205078,0.655146,-5.72552e-08,0.131511,1,0
8.68164,0.224609,0.631618,-5.74688e-08,0.131511,1,0
8.70117,0.205078,0.655146,-6.47138e-08,0.12956,1,0
8.70117,0.224609,0.631618,-6.49594e-08,0.12956,1,0
8.7207,0.166016,0.695165,-6.86323e-08,0.127608,1,0
8.7207,0.185547,0.676307,-7.15381e-08,0.127608,1,0
8.74023,0.166016,0.695165,-7.7573e-08,0.125657,1,0
8.74023,0.185547,0.676307,-8.08631e-08,0.125657,1,0
8.7207,0.205078,0.655146,-7.31491e-08,0.127608,1,0
8.7207,0.224609,0.631618,-7.34309e-08,0.127608,1,0
8.74023,0.205078,0.655146,-8.26889e-08,0.125657,1,0
8.74023,0.224609,0.631618,-8.30114e-08,0.125657,1,0
8.68164,0.244141,0.605653,-5.66364e-08,0.131511,1,0
8.68164,0.263672,0.577177,-5.47738e-08,0.131511,1,0
8.70117,0.244141,0.605653,-6.40221e-08,0.12956,1,0
8.70117,0.263672,0.577177,-6.19194e-08,0.12956,1,0
8.68164,0.283203,0.54611,-5.19209e-08,0.131511,1,0
8.68164,0.302734,0.51237,-4.81444e-08,0.131511,1,0
8.70117,0.283203,0.54611,-5.86964e-08,0.12956,1,0
8.70117,0.302734,0.51237,-5.44287e-08,0.12956,1,0
8.7207,0.244141,0.605653,-7.23747e-08,0.127608,1,0
8.7207,0.263672,0.577177,-7.00003e-08,0.127608,1,0
8.74023,0.244141,0.605653,-8.18207e-08,0.125657,1,0
8.74023,0.263672,0.577177,-7.9139e-08,0.125657,1,0
8.7207,0.283203,0.54611,-6.63587e-08,0.127608,1,0
8.7207,0.302734,0.51237,-6.15353e-08,0.127608,1,0
8.74023,0.283203,0.54611,-7.50238e-08,0.125657,1,0
8.74023,0.302734,0.51237,-6.95717e-08,0.125657,1,0
8.44727,0.322266,0.475867,-1.00324e-08,0.154927,1,0
8.44727,0.341797,0.43651,-8.80377e-09,0.154927,1,0
8.4668,0.322266,0.475867,-1.13318e-08,0.152976,1,0
8.4668,0.341797,0.43651,-9.9455e-09,0.152976,1,0
8.44727,0.361328,0.394203,-7.45753e-09,0.154927,1,0
8.44727,0.380859,0.348846,-6.04317e-09,0.154927,1,0
8.4668,0.361328,0.394203,-8.42549e-09,0.152976,1,0
8.4668,0.380859,0.348846,-6.82392e-09,0.152976,1,0
8.48633,0.322266,0.475867,-1.28013e-08,0.151024,1,0
8.48633,0.341797,0.43651,-1.12366e-08,0.151024,1,0
8.50586,0.322266,0.475867,-1.4463e-08,0.149073,1,0
8.50586,0.341797,0.43651,-1.26967e-08,0.149073,1,0
8.48633,0.361328,0.394203,-9.52011e-09,0.151024,1,0
8.48633,0.380859,0.348846,-7.71431e-09,0.151024,1,0
8.50586,0.361328,0.394203,-1.07579e-08,0.149073,1,0
8.50586,0.380859,0.348846,-8.71347e-09,0.149073,1,0
8.44727,0.400391,0.300338,-4.6048e-09,0.154927,1,0
8.44727,0.419922,0.248574,-3.24182e-09,0.154927,1,0
8.4668,0.400391,0.300338,-5.21704e-09,0.152976,1,0
8.4668,0.419922,0.248574,-3.64391e-09,0.152976,1,0
8.44727,0.439453,0.193451,-1.98517e-09,0.154927,1,0
8.44727,0.458984,0.13486,-9.30777e-10,0.154927,1,0
8.4668,0.439453,0.193451,-2.23468e-09,0.152976,1,0
8.4668,0.458984,0.13486,-1.0705e-09,0.152976,1,0
8.48633,0.400391,0.300338,-5.87886e-09,0.151024,1,0
8.48633,0.419922,0.248574,-4.13279e-09,0.151024,1,0
8.50586,0.400391,0.300338,-6.65788e-09,0.149073,1,0
8.50586,0.419922,0.248574,-4.65085e-09,0.149073,1,0
8.48633,0.439453,0.193451,-2.52801e-09,0.151024,1,0
8.48633,0.458984,0.13486,-1.18331e-09,0.151024,1,0
8.50586,0.439453,0.193451,-2.8482e-09,0.149073,1,0
8.50586,0.458984,0.13486,-1.35632e-09,0.149073,1,0
8.52539,0.322266,0.475867,-1.63423e-08,0.147122,1,0
8.52539,0.341797,0.43651,-1.43478e-08,0.147122,1,0
8.54492,0.322266,0.475867,-1.84675e-08,0.14517,1,0
8.54492,0.341797,0.43651,-1.62149e-08,0.14517,1,0
8.52539,0.361328,0.394203,-1.21576e-08,0.147122,1,0
8.52539,0.380859,0.348846,-9.85098e-09,0.147122,1,0
8.54492,0.361328,0.394203,-1.37403e-08,0.14517,1,0
8.54492,0.380859,0.348846,-1.11294e-08,0.14517,1,0
8.56445,0.322266,0.475867,-2.08709e-08,0.143219,1,0
8.56445,0.341797,0.43651,-1.83263e-08,0.143219,1,0
8.58398,0.322266,0.475867,-2.35889e-08,0.141268,1,0
8.58398,0.341797,0.43651,-2.0714e-08,0.141268,1,0
8.56445,0.361328,0.394203,-1.55301e-08,0.143219,1,0
8.56445,0.380859,0.348846,-1.25829e-08,0.143219,1,0
8.58398,0.361328,0.394203,-1.75539e-08,0.141268,1,0
8.58398,0.380859,0.348846,-1.42184e-08,0.141268,1,0
8.52539,0.400391,0.300338,-7.50765e-09,0.147122,1,0
8.52539,0.419922,0.248574,-5.27154e-09,0.147122,1,0
8.54492,0.400391,0.300338,-8.49982e-09,0.14517,1,0
8.54492,0.419922,0.248574,-5.93791e-09,0.14517,1,0
8.52539,0.439453,0.193451,-3.22164e-09,0.147122,1,0
8.52539,0.458984,0.13486,-1.50584e-09,0.147122,1,0
8.54492,0.439453,0.193451,-3.63217e-09,0.14517,1,0
8.54492,0.458984,0.13486,-1.72127e-09,0.14517,1,0
8.56445,0.400391,0.300338,-9.58993e-09,0.143219,1,0
8.56445,0.419922,0.248574,-6.727e-09,0.143219,1,0
8.58398,0.400391,0.300338,-1.08545e-08,0.141268,1,0
8.58398,0.419922,0.248574,-7.583e-09,0.141268,1,0
8.56445,0.439453,0.193451,-4.10795e-09,0.143219,1,0
8.56445,0.458984,0.13486,-1.91781e-09,0.143219,1,0
8.58398,0.439453,0.193451,-4.63395e-09,0.141268,1,0
8.58398,0.458984,0.13486,-2.18731e-09,0.141268,1,0
8.44727,0.478516,0.0726926,-2.14767e-10,0.154927,1,0
8.44727,0.498047,0.00683687,-1.25185e-11,0.154927,0.6,0
8.4668,0.478516,0.0726926,-2.2636e-10,0.152976,1,0
8.4668,0.498047,0.00683687,1.19592e-12,0.152976,0.6,0
8.48633,0.478516,0.0726926,-2.60768e-10,0.151024,1,0
8.48633,0.498047,0.00683687,5.91251e-12,0.151024,0.6,0
8.50586,0.478516,0.0726926,-2.77978e-10,0.149073,1,0
8.50586,0.498047,0.00683687,2.24547e-11,0.149073,0.6,0
8.52539,0.478516,0.0726926,-3.19149e-10,0.147122,1,0
8.52539,0.498047,0.00683687,3.01151e-11,0.147122,0.6,0
8.54492,0.478516,0.0726926,-3.43571e-10,0.14517,1,0
8.54492,0.498047,0.00683687,5.02559e-11,0.14517,0.6,0
8.56445,0.478516,0.0726926,-3.93313e-10,0.143219,1,0
8.56445,0.498047,0.00683687,6.17147e-11,0.143219,0.6,0
8.58398,0.478516,0.0726926,-4.26985e-10,0.141268,1,0
8.58398,0.498047,0.00683687,8.64345e-11,0.141268,0.6,0
8.60352,0.322266,0.475867,-2.66625e-08,0.139316,1,0
8.60352,0.341797,0.43651,-2.34141e-08,0.139316,1,0
8.62305,0.322266,0.475867,-3.01384e-08,0.137365,1,0
8.62305,0.341797,0.43651,-2.64675e-08,0.137365,1,0
8.60352,0.361328,0.394203,-1.98425e-08,0.139316,1,0
8.60352,0.380859,0.348846,-1.60757e-08,0.139316,1,0
8.62305,0.361328,0.394203,-2.24304e-08,0.137365,1,0
8.62305,0.380859,0.348846,-1.81677e-08,0.137365,1,0
8.64258,0.322266,0.475867,-3.40691e-08,0.135414,1,0
8.64258,0.341797,0.43651,-2.99202e-08,0.135414,1,0
8.66211,0.322266,0.475867,-3.85142e-08,0.133462,1,0
8.66211,0.341797,0.43651,-3.38247e-08,0.133462,1,0
8.64258,0.361328,0.394203,-2.53567e-08,0.135414,1,0
8.64258,0.380859,0.348846,-2.05414e-08,0.135414,1,0
8.66211,0.361328,0.394203,-2.86656e-08,0.133462,1,0
8.66211,0.380859,0.348846,-2.3217e-08,0.133462,1,0
8.60352,0.400391,0.300338,-1.22519e-08,0.139316,1,0
8.60352,0.419922,0.248574,-8.58723e-09,0.139316,1,0
8.62305,0.400391,0.300338,-1.38646e-08,0.137365,1,0
8.62305,0.419922,0.248574,-9.68567e-09,0.137365,1,0
8.60352,0.439453,0.193451,-5.24047e-09,0.139316,1,0
8.60352,0.458984,0.13486,-2.44401e-09,0.139316,1,0
8.62305,0.439453,0.193451,-5.91404e-09,0.137365,1,0
8.62305,0.458984,0.13486,-2.78245e-09,0.137365,1,0
8.64258,0.400391,0.300338,-1.56549e-08,0.135414,1,0
8.64258,0.419922,0.248574,-1.09648e-08,0.135414,1,0
8.66211,0.400391,0.300338,-1.77124e-08,0.133462,1,0
8.66211,0.419922,0.248574,-1.23731e-08,0.133462,1,0
8.64258,0.439453,0.193451,-6.68758e-09,0.135414,1,0
8.64258,0.458984,0.13486,-3.11613e-09,0.135414,1,0
8.66211,0.439453,0.193451,-7.54973e-09,0.133462,1,0
8.66211,0.458984,0.13486,-3.54251e-09,0.133462,1,0
8.68164,0.322266,0.475867,-4.35409e-08,0.131511,1,0
8.68164,0.341797,0.43651,-3.82398e-08,0.131511,1,0
8.70117,0.322266,0.475867,-4.92253e-08,0.12956,1,0
8.70117,0.341797,0.43651,-4.32324e-08,0.12956,1,0
8.68164,0.361328,0.394203,-3.24071e-08,0.131511,1,0
8.68164,0.380859,0.348846,-2.62507e-08,0.131511,1,0
8.70117,0.361328,0.394203,-3.66378e-08,0.12956,1,0
8.70117,0.380859,0.348846,-2.96723e-08,0.12956,1,0
8.7207,0.322266,0.475867,-5.56532e-08,0.127608,1,0
8.7207,0.341797,0.43651,-4.8878e-08,0.127608,1,0
8.74023,0.322266,0.475867,-6.2922e-08,0.125657,1,0
8.74023,0.341797,0.43651,-5.52617e-08,0.125657,1,0
8.7207,0.361328,0.394202,-4.14217e-08,0.127608,1,0
8.7207,0.380859,0.348846,-3.35496e-08,0.127608,1,0
8.74023,0.361328,0.394202,-4.68307e-08,0.125657,1,0
8.74023,0.380859,0.348846,-3.79248e-08,0.125657,1,0
8.68164,0.400391,0.300338,-2.00049e-08,0.131511,1,0
8.68164,0.419922,0.248574,-1.40034e-08,0.131511,1,0
8.70117,0.400391,0.300338,-2.26309e-08,0.12956,1,0
8.70117,0.419922,0.248574,-1.58079e-08,0.12956,1,0
8.68164,0.439453,0.193451,-8.53664e-09,0.131511,1,0
8.68164,0.458984,0.13486,-3.97461e-09,0.131511,1,0
8.70117,0.439453,0.193451,-9.63976e-09,0.12956,1,0
8.70117,0.458984,0.13486,-4.51321e-09,0.12956,1,0
8.7207,0.400391,0.300338,-2.55654e-08,0.127608,1,0
8.7207,0.419922,0.248574,-1.78868e-08,0.127608,1,0
8.74023,0.400391,0.300338,-2.89179e-08,0.125657,1,0
8.74023,0.419922,0.248574,-2.01977e-08,0.125657,1,0
8.7207,0.439453,0.193451,-1.08992e-08,0.127608,1,0
8.7207,0.458984,0.13486,-5.07116e-09,0.127608,1,0
8.74023,0.439453,0.193451,-1.23103e-08,0.125657,1,0
8.74023,0.458984,0.13486,-5.75296e-09,0.125657,1,0
8.60352,0.478516,0.0726926,-4.87604e-10,0.139316,1,0
8.60352,0.498047,0.00683687,1.0278e-10,0.139316,0.6,0
8.62305,0.478516,0.0726926,-5.3313e-10,0.137365,1,0
8.62305,0.498047,0.00683687,1.33325e-10,0.137365,0.6,0
8.64258,0.478516,0.0726926,-6.0757e-10,0.135414,1,0
8.64258,0.498047,0.00683687,1.55941e-10,0.135414,0.6,0
8.66211,0.478516,0.0726926,-6.68277e-10,0.133462,1,0
8.66211,0.498047,0.00683687,1.93897e-10,0.133462,0.6,0
8.68164,0.478516,0.0726926,-7.60298e-10,0.131511,1,0
8.68164,0.498047,0.00683687,2.24547e-10,0.131511,0.6,0
8.70117,0.478516,0.0726926,-8.40437e-10,0.12956,1,0
8.70117,0.498047,0.00683687,2.71932e-10,0.12956,0.6,0
8.7207,0.478516,0.0726926,-9.54839e-10,0.127608,1,0
8.7207,0.498047,0.00683687,3.12865e-10,0.127608,0.6,0
8.74023,0.478516,0.0726926,-1.05984e-09,0.125657,1,0
8.74023,0.498047,0.00683687,3.72252e-10,0.125657,0.6,0
8.75977,0.00976562,0.768797,-9.51794e-09,0.123706,1,0
8.75977,0.0292969,0.766791,-2.50368e-08,0.123706,1,0
8.7793,0.00976562,0.768797,-1.07405e-08,0.121754,1,0
8.7793,0.0292969,0.766791,-2.82653e-08,0.121754,1,0
8.75977,0.0488281,0.762772,-3.66356e-08,0.123706,1,0
8.75977,0.0683594,0.756727,-4.76742e-08,0.123706,1,0
8.7793,0.0488281,0.762772,-4.13792e-08,0.121754,1,0
8.7793,0.0683594,0.756727,-5.38613e-08,0.121754,1,0
8.79883,0.00976562,0.768797,-1.2123e-08,0.119803,1,0
8.79883,0.0292969,0.766791,-3.1916e-08,0.119803,1,0
8.81836,0.00976562,0.768797,-1.36862e-08,0.117852,1,0
8.81836,0.0292969,0.766791,-3.60442e-08,0.117852,1,0
8.79883,0.0488281,0.762772,-4.67435e-08,0.119803,1,0
8.79883,0.0683594,0.756727,-6.08581e-08,0.119803,1,0
8.81836,0.0488281,0.762772,-5.28094e-08,0.117852,1,0
8.81836,0.0683594,0.756727,-6.87703e-08,0.117852,1,0
8.75977,0.0878906,0.748635,-5.80892e-08,0.123706,1,0
8.75977,0.107422,0.738469,-6.74555e-08,0.123706,1,0
8.7793,0.0878906,0.748635,-6.56394e-08,0.121754,1,0
8.7793,0.107422,0.738469,-7.62332e-08,0.121754,1,0
8.75977,0.126953,0.726197,-7.55946e-08,0.123706,1,0
8.75977,0.146484,0.711778,-8.23786e-08,0.123706,1,0
8.7793,0.126953,0.726197,-8.54401e-08,0.121754,1,0
8.7793,0.146484,0.711778,-9.31155e-08,0.121754,1,0
8.79883,0.0878906,0.748635,-7.41778e-08,0.119803,1,0
8.79883,0.107422,0.738469,-8.61597e-08,0.119803,1,0
8.81836,0.0878906,0.748635,-8.38335e-08,0.117852,1,0
8.81836,0.107422,0.73847,-9.73853e-08,0.117852,1,0
8.79883,0.126953,0.726197,-9.65744e-08,0.119803,1,0
8.79883,0.146484,0.711778,-1.05258e-07,0.119803,1,0
8.81836,0.126953,0.726197,-1.09166e-07,0.117852,1,0
8.81836,0.146484,0.711778,-1.18989e-07,0.117852,1,0
8.83789,0.00976562,0.768797,-1.54538e-08,0.1159,1,0
8.83789,0.0292969,0.766791,-4.07122e-08,0.1159,1,0
8.85742,0.00976562,0.768797,-1.74524e-08,0.113949,1,0
8.85742,0.0292969,0.766791,-4.59907e-08,0.113949,1,0
8.83789,0.0488281,0.762772,-5.96688e-08,0.1159,1,0
8.83789,0.0683594,0.756727,-7.77176e-08,0.1159,1,0
8.85742,0.0488281,0.762772,-6.74254e-08,0.113949,1,0
8.85742,0.0683594,0.756727,-8.78352e-08,0.113949,1,0
8.87695,0.00976562,0.768797,-1.97124e-08,0.111998,1,0
8.87695,0.0292969,0.766791,-5.19592e-08,0.111998,1,0
8.89648,0.00976562,0.768797,-2.22677e-08,0.110046,1,0
8.89648,0.0292969,0.766791,-5.87079e-08,0.110046,1,0
8.87695,0.0488281,0.762772,-7.61961e-08,0.111998,1,0
8.87695,0.0683594,0.756727,-9.92759e-08,0.111998,1,0
8.89648,0.0488281,0.762772,-8.61135e-08,0.110046,1,0
8.89648,0.0683594,0.756727,-1.12212e-07,0.110046,1,0
8.83789,0.0878906,0.748635,-9.47524e-08,0.1159,1,0
8.83789,0.107422,0.73847,-1.1008e-07,0.1159,1,0
8.85742,0.0878906,0.748635,-1.071e-07,0.113949,1,0
8.85742,0.107422,0.73847,-1.24435e-07,0.113949,1,0
8.83789,0.126953,0.726197,-1.23405e-07,0.1159,1,0
8.83789,0.146484,0.711778,-1.34517e-07,0.1159,1,0
8.85742,0.126953,0.726197,-1.39507e-07,0.113949,1,0
8.85742,0.146484,0.711778,-1.52077e-07,0.113949,1,0
8.87695,0.0878906,0.748635,-1.21062e-07,0.111998,1,0
8.87695,0.107422,0.73847,-1.40667e-07,0.111998,1,0
8.89648,0.0878906,0.748635,-1.36849e-07,0.110046,1,0
8.89648,0.107422,0.73847,-1.59022e-07,0.110046,1,0
8.87695,0.126953,0.726197,-1.57714e-07,0.111998,1,0
8.87695,0.146484,0.711778,-1.71933e-07,0.111998,1,0
8.89648,0.126953,0.726197,-1.78303e-07,0.110046,1,0
8.89648,0.146484,0.711778,-1.94386e-07,0.110046,1,0
8.75977,0.166016,0.695165,-8.76843e-08,0.123706,1,0
8.75977,0.185547,0.676307,-9.14089e-08,0.123706,1,0
8.7793,0.166016,0.695165,-9.91193e-08,0.121754,1,0
8.7793,0.185547,0.676307,-1.03335e-07,0.121754,1,0
8.75977,0.205078,0.655146,-9.34776e-08,0.123706,1,0
8.75977,0.224609,0.631618,-9.38462e-08,0.123706,1,0
8.7793,0.205078,0.655146,-1.05679e-07,0.121754,1,0
8.7793,0.224609,0.631618,-1.06099e-07,0.121754,1,0
8.79883,0.166016,0.695165,-1.12051e-07,0.119803,1,0
8.79883,0.185547,0.676307,-1.16823e-07,0.119803,1,0
8.81836,0.166016,0.695165,-1.26675e-07,0.117852,1,0
8.81836,0.185547,0.676307,-1.32075e-07,0.117852,1,0
8.79883,0.205078,0.655146,-1.19477e-07,0.119803,1,0
8.79883,0.224609,0.631618,-1.19956e-07,0.119803,1,0
8.81836,0.205078,0.655146,-1.3508e-07,0.117852,1,0
8.81836,0.224609,0.631618,-1.35625e-07,0.117852,1,0
8.75977,0.244141,0.605653,-9.25031e-08,0.123706,1,0
8.75977,0.263672,0.577177,-8.94737e-08,0.123706,1,0
8.7793,0.244141,0.605653,-1.04584e-07,0.121754,1,0
8.7793,0.263672,0.577177,-1.01161e-07,0.121754,1,0
8.75977,0.283203,0.54611,-8.48228e-08,0.123706,1,0
8.75977,0.302734,0.51237,-7.86595e-08,0.123706,1,0
8.7793,0.283203,0.54611,-9.59038e-08,0.121754,1,0
8.7793,0.302734,0.51237,-8.89361e-08,0.121754,1,0
8.79883,0.244141,0.605653,-1.18245e-07,0.119803,1,0
8.79883,0.263672,0.577177,-1.14377e-07,0.119803,1,0
8.81836,0.244141,0.605653,-1.33694e-07,0.117852,1,0
8.81836,0.263672,0.577177,-1.29322e-07,0.117852,1,0
8.79883,0.283203,0.54611,-1.08434e-07,0.119803,1,0
8.79883,0.302734,0.51237,-1.00557e-07,0.119803,1,0
8.81836,0.283203,0.54611,-1.22604e-07,0.117852,1,0
8.81836,0.302734,0.51237,-1.13697e-07,0.117852,1,0
8.83789,0.166016,0.695165,-1.43213e-07,0.1159,1,0
8.83789,0.185547,0.676307,-1.49324e-07,0.1159,1,0
8.85742,0.166016,0.695165,-1.61914e-07,0.113949,1,0
8.85742,0.185547,0.676307,-1.68828e-07,0.113949,1,0
8.83789,0.205078,0.655146,-1.52725e-07,0.1159,1,0
8.83789,0.224609,0.631618,-1.53345e-07,0.1159,1,0
8.85742,0.205078,0.655146,-1.72679e-07,0.113949,1,0
8.85742,0.224609,0.631618,-1.73383e-07,0.113949,1,0
8.87695,0.166016,0.695165,-1.83062e-07,0.111998,1,0
8.87695,0.185547,0.676307,-1.90885e-07,0.111998,1,0
8.89648,0.166016,0.695165,-2.06975e-07,0.110046,1,0
8.89648,0.185547,0.676307,-2.15825e-07,0.110046,1,0
8.87695,0.205078,0.655146,-1.95243e-07,0.111998,1,0
8.87695,0.224609,0.631618,-1.96042e-07,0.111998,1,0
8.89648,0.205078,0.655146,-2.20757e-07,0.110046,1,0
8.89648,0.224609,0.631618,-2.21665e-07,0.110046,1,0
8.83789,0.244141,0.605653,-1.51164e-07,0.1159,1,0
8.83789,0.263672,0.577177,-1.46223e-07,0.1159,1,0
8.85742,0.244141,0.605653,-1.7092e-07,0.113949,1,0
8.85742,0.263672,0.577177,-1.65334e-07,0.113949,1,0
8.83789,0.283203,0.54611,-1.38627e-07,0.115901,1,0
8.83789,0.302734,0.51237,-1.28556e-07,0.115901,1,0
8.85742,0.283203,0.54611,-1.56746e-07,0.113949,1,0
8.85742,0.302734,0.51237,-1.45357e-07,0.113949,1,0
8.87695,0.244141,0.605653,-1.93259e-07,0.111998,1,0
8.87695,0.263672,0.577177,-1.86944e-07,0.111998,1,0
8.89648,0.244141,0.605653,-2.18519e-07,0.110047,1,0
8.89648,0.263672,0.577177,-2.11379e-07,0.110047,1,0
8.87695,0.283203,0.54611,-1.77233e-07,0.111998,1,0
8.87695,0.302734,0.51237,-1.64355e-07,0.111998,1,0
8.89648,0.283203,0.54611,-2.00399e-07,0.110047,1,0
8.89648,0.302734,0.51237,-1.85836e-07,0.110047,1,0
8.91602,0.00976562,0.768797,-2.51569e-08,0.108095,1,0
8.91602,0.0292969,0.766791,-6.63384e-08,0.108095,1,0
8.93555,0.00976562,0.768797,-2.84236e-08,0.106144,1,0
8.93555,0.0292969,0.766791,-7.49659e-08,0.106144,1,0
8.91602,0.0488281,0.762772,-9.73269e-08,0.108095,1,0
8.91602,0.0683594,0.756727,-1.2684e-07,0.108095,1,0
8.93555,0.0488281,0.762772,-1.10005e-07,0.106144,1,0
8.93555,0.0683594,0.756727,-1.43378e-07,0.106144,1,0
8.95508,0.00976562,0.768797,-3.21168e-08,0.104192,1,0
8.95508,0.0292969,0.766791,-8.47201e-08,0.104192,1,0
8.97461,0.00976562,0.768797,-3.62921e-08,0.102241,1,0
8.97461,0.0292969,0.766791,-9.57476e-08,0.102241,1,0
8.95508,0.0488281,0.762772,-1.2434e-07,0.104192,1,0
8.95508,0.0683594,0.756727,-1.62077e-07,0.104192,1,0
8.97461,0.0488281,0.762772,-1.40546e-07,0.102241,1,0
8.97461,0.0683594,0.756727,-1.83218e-07,0.102241,1,0
8.91602,0.0878906,0.748635,-1.54701e-07,0.108095,1,0
8.91602,0.107422,0.73847,-1.79777e-07,0.108095,1,0
8.93555,0.0878906,0.748635,-1.74885e-07,0.106144,1,0
8.93555,0.107422,0.73847,-2.03243e-07,0.106144,1,0
8.91602,0.126953,0.726197,-2.01584e-07,0.108095,1,0
8.91602,0.146484,0.711778,-2.19775e-07,0.108095,1,0
8.93555,0.126953,0.726197,-2.27907e-07,0.106144,1,0
8.93555,0.146484,0.711778,-2.48482e-07,0.106144,1,0
8.95508,0.0878906,0.748635,-1.97706e-07,0.104192,1,0
8.95508,0.107422,0.73847,-2.29776e-07,0.104192,1,0
8.97461,0.0878906,0.748635,-2.23506e-07,0.102241,1,0
8.97461,0.107422,0.73847,-2.59774e-07,0.102241,1,0
8.95508,0.126953,0.726197,-2.57669e-07,0.104192,1,0
8.95508,0.146484,0.711778,-2.8094e-07,0.104192,1,0
8.97461,0.126953,0.726197,-2.9132e-07,0.102241,1,0
8.97461,0.146484,0.711778,-3.17638e-07,0.102241,1,0
8.99414,0.00976562,0.768797,-4.10122e-08,0.10029,1,0
8.99414,0.0292969,0.766791,-1.08214e-07,0.10029,1,0
9.01367,0.00976562,0.768797,-4.63479e-08,0.0983382,1,0
9.01367,0.0292969,0.766791,-1.22307e-07,0.0983382,1,0
8.99414,0.0488281,0.762772,-1.58867e-07,0.10029,1,0
8.99414,0.0683594,0.756727,-2.07118e-07,0.10029,1,0
9.01367,0.0488281,0.762772,-1.79578e-07,0.0983383,1,0
9.01367,0.0683594,0.756727,-2.34136e-07,0.0983383,1,0
9.0332,0.00976562,0.768797,-5.23791e-08,0.0963868,1,0
9.0332,0.0292969,0.766791,-1.38236e-07,0.0963869,1,0
9.05273,0.00976562,0.768797,-5.9196e-08,0.0944355,1,0
9.05273,0.0292969,0.766791,-1.56241e-07,0.0944355,1,0
9.0332,0.0488281,0.762772,-2.02989e-07,0.0963869,1,0
9.0332,0.0683594,0.756727,-2.64677e-07,0.0963869,1,0
9.05273,0.0488281,0.762772,-2.29451e-07,0.0944355,1,0
9.05273,0.0683594,0.756727,-2.99199e-07,0.0944356,1,0
8.99414,0.0878906,0.748635,-2.52675e-07,0.10029,1,0
8.99414,0.107422,0.73847,-2.93689e-07,0.10029,1,0
9.01367,0.0878906,0.748635,-2.85651e-07,0.0983383,1,0
9.01367,0.107422,0.73847,-3.32029e-07,0.0983383,1,0
8.99414,0.126953,0.726197,-3.29363e-07,0.10029,1,0
8.99414,0.146484,0.711778,-3.59129e-07,0.10029,1,0
9.01367,0.126953,0.726197,-3.72373e-07,0.0983384,1,0
9.01367,0.146484,0.711778,-4.06037e-07,0.0983384,1,0
9.0332,0.0878906,0.748635,-3.22927e-07,0.0963869,1,0
9.0332,0.107422,0.73847,-3.75371e-07,0.096387,1,0
9.05273,0.0878906,0.748635,-3.65062e-07,0.0944356,1,0
9.05273,0.107422,0.73847,-4.24364e-07,0.0944356,1,0
9.0332,0.126953,0.726197,-4.20995e-07,0.096387,1,0
9.0332,0.146484,0.711778,-4.59066e-07,0.0963871,1,0
9.05273,0.126953,0.726197,-4.75957e-07,0.0944357,1,0
9.05273,0.146484,0.711778,-5.19013e-07,0.0944357,1,0
8.91602,0.166016,0.695165,-2.34015e-07,0.108095,1,0
8.91602,0.185547,0.676307,-2.44027e-07,0.108095,1,0
8.93555,0.166016,0.695165,-2.6459e-07,0.106144,1,0
8.93555,0.185547,0.676307,-2.75915e-07,0.106144,1,0
8.91602,0.205078,0.655146,-2.49608e-07,0.108095,1,0
8.91602,0.224609,0.631618,-2.50637e-07,0.108095,1,0
8.93555,0.205078,0.655146,-2.8223e-07,0.106144,1,0
8.93555,0.224609,0.631618,-2.83396e-07,0.106144,1,0
8.95508,0.166016,0.695165,-2.99159e-07,0.104192,1,0
8.95508,0.185547,0.676307,-3.11971e-07,0.104192,1,0
8.97461,0.166016,0.695165,-3.38246e-07,0.102241,1,0
8.97461,0.185547,0.676307,-3.52738e-07,0.102241,1,0
8.95508,0.205078,0.655146,-3.19116e-07,0.104193,1,0
8.95508,0.224609,0.631618,-3.20438e-07,0.104193,1,0
8.97461,0.205078,0.655146,-3.60821e-07,0.102241,1,0
8.97461,0.224609,0.631618,-3.62319e-07,0.102241,1,0
8.91602,0.244141,0.605653,-2.47082e-07,0.108095,1,0
8.91602,0.263672,0.577177,-2.39009e-07,0.108095,1,0
8.93555,0.244141,0.605653,-2.79378e-07,0.106144,1,0
8.93555,0.263672,0.577177,-2.70251e-07,0.106144,1,0
8.91602,0.283203,0.54611,-2.26593e-07,0.108095,1,0
8.91602,0.302734,0.51237,-2.10125e-07,0.108095,1,0
8.93555,0.283203,0.54611,-2.5621e-07,0.106144,1,0
8.93555,0.302734,0.51237,-2.37587e-07,0.106144,1,0
8.95508,0.244141,0.605653,-3.15896e-07,0.104193,1,0
8.95508,0.263672,0.577177,-3.05576e-07,0.104193,1,0
8.97461,0.244141,0.605652,-3.57186e-07,0.102241,1,0
8.97461,0.263672,0.577177,-3.45517e-07,0.102241,1,0
8.95508,0.283203,0.54611,-2.89699e-07,0.104193,1,0
8.95508,0.302734,0.51237,-2.68639e-07,0.104193,1,0
8.97461,0.283203,0.54611,-3.27563e-07,0.102241,1,0
8.97461,0.302734,0.51237,-3.03748e-07,0.102241,1,0
8.99414,0.166016,0.695165,-3.82437e-07,0.10029,1,0
8.99414,0.185547,0.676307,-3.9883e-07,0.10029,1,0
9.01367,0.166016,0.695165,-4.32398e-07,0.0983384,1,0
9.01367,0.185547,0.676307,-4.50941e-07,0.0983385,1,0
8.99414,0.205078,0.655146,-4.07975e-07,0.10029,1,0
8.99414,0.224609,0.631618,-4.09673e-07,0.10029,1,0
9.01367,0.205078,0.655146,-4.61288e-07,0.0983385,1,0
9.01367,0.224609,0.631618,-4.63213e-07,0.0983386,1,0
9.0332,0.166016,0.695165,-4.88881e-07,0.0963871,1,0
9.0332,0.185547,0.676307,-5.09856e-07,0.0963871,1,0
9.05273,0.166016,0.695165,-5.52734e-07,0.0944358,1,0
9.05273,0.185547,0.676307,-5.7646e-07,0.0944358,1,0
9.0332,0.205078,0.655146,-5.21562e-07,0.0963872,1,0
9.0332,0.224609,0.631618,-5.23745e-07,0.0963872,1,0
9.05273,0.205078,0.655146,-5.89706e-07,0.0944359,1,0
9.05273,0.224609,0.631618,-5.92181e-07,0.0944359,1,0
8.99414,0.244141,0.605652,-4.03871e-07,0.10029,1,0
8.99414,0.263672,0.577177,-3.90678e-07,0.10029,1,0
9.01367,0.244141,0.605652,-4.56656e-07,0.0983386,1,0
9.01367,0.263672,0.577177,-4.41738e-07,0.0983386,1,0
8.99414,0.283203,0.54611,-3.70376e-07,0.10029,1,0
8.99414,0.302734,0.51237,-3.43444e-07,0.10029,1,0
9.01367,0.283203,0.54611,-4.18782e-07,0.0983387,1,0
9.01367,0.302734,0.51237,-3.88327e-07,0.0983387,1,0
9.0332,0.244141,0.605652,-5.16335e-07,0.0963873,1,0
9.0332,0.263672,0.577176,-4.9947e-07,0.0963873,1,0
9.05273,0.244141,0.605652,-5.83809e-07,0.094436,1,0
9.05273,0.263672,0.577176,-5.64742e-07,0.094436,1,0
9.0332,0.283203,0.54611,-4.73512e-07,0.0963874,1,0
9.0332,0.302734,0.51237,-4.39073e-07,0.0963874,1,0
9.05273,0.283203,0.54611,-5.35392e-07,0.094436,1,0
9.05273,0.302734,0.51237,-4.96451e-07,0.0944361,1,0
8.75977,0.322266,0.475867,-7.11414e-08,0.123706,1,0
8.75977,0.341797,0.43651,-6.24801e-08,0.123706,1,0
8.7793,0.322266,0.475867,-8.04358e-08,0.121754,1,0
8.7793,0.341797,0.43651,-7.06422e-08,0.121754,1,0
8.75977,0.361328,0.394202,-5.29468e-08,0.123706,1,0
8.75977,0.380859,0.348846,-4.28803e-08,0.123706,1,0
8.7793,0.361328,0.394202,-5.98621e-08,0.121754,1,0
8.7793,0.380859,0.348846,-4.84742e-08,0.121754,1,0
8.79883,0.322266,0.475867,-9.09454e-08,0.119803,1,0
8.79883,0.341797,0.43651,-7.98712e-08,0.119803,1,0
8.81836,0.322266,0.475867,-1.02829e-07,0.117852,1,0
8.81836,0.341797,0.43651,-9.03065e-08,0.117852,1,0
8.79883,0.361328,0.394202,-6.7681e-08,0.119803,1,0
8.79883,0.380859,0.348846,-5.48077e-08,0.119803,1,0
8.81836,0.361328,0.394202,-7.65215e-08,0.117852,1,0
8.81836,0.380859,0.348846,-6.19593e-08,0.117852,1,0
8.75977,0.400391,0.300338,-3.26729e-08,0.123706,1,0
8.75977,0.419922,0.248574,-2.28498e-08,0.123706,1,0
8.7793,0.400391,0.300338,-3.69537e-08,0.121754,1,0
8.7793,0.419922,0.248574,-2.58077e-08,0.121754,1,0
8.75977,0.439453,0.193451,-1.3918e-08,0.123706,1,0
8.75977,0.458984,0.13486,-6.47176e-09,0.123706,1,0
8.7793,0.439453,0.193451,-1.57224e-08,0.121754,1,0
8.7793,0.458984,0.13486,-7.33635e-09,0.121754,1,0
8.79883,0.400391,0.300338,-4.17574e-08,0.119803,1,0
8.79883,0.419922,0.248574,-2.91921e-08,0.119803,1,0
8.81836,0.400391,0.300338,-4.72244e-08,0.117852,1,0
8.81836,0.419922,0.248574,-3.29768e-08,0.117852,1,0
8.79883,0.439453,0.193451,-1.77749e-08,0.119803,1,0
8.79883,0.458984,0.13486,-8.26074e-09,0.119803,1,0
8.81836,0.439453,0.193451,-2.00818e-08,0.117852,1,0
8.81836,0.458984,0.13486,-9.35866e-09,0.117852,1,0
8.83789,0.322266,0.475867,-1.16266e-07,0.115901,1,0
8.83789,0.341797,0.43651,-1.02105e-07,0.115901,1,0
8.85742,0.322266,0.475867,-1.3146e-07,0.113949,1,0
8.85742,0.341797,0.43651,-1.15446e-07,0.113949,1,0
8.83789,0.361328,0.394202,-8.6517e-08,0.115901,1,0
8.83789,0.380859,0.348846,-7.0054e-08,0.115901,1,0
8.85742,0.361328,0.394202,-9.7818e-08,0.113949,1,0
8.85742,0.380859,0.348846,-7.91962e-08,0.113949,1,0
8.87695,0.322266,0.475867,-1.4864e-07,0.111998,1,0
8.87695,0.341797,0.43651,-1.3053e-07,0.111998,1,0
8.89648,0.322266,0.475867,-1.68064e-07,0.110047,1,0
8.89648,0.341797,0.43651,-1.47585e-07,0.110047,1,0
8.87695,0.361328,0.394202,-1.10595e-07,0.111998,1,0
8.87695,0.380859,0.348845,-8.95415e-08,0.111998,1,0
8.89648,0.361328,0.394202,-1.25041e-07,0.110047,1,0
8.89648,0.380859,0.348845,-1.01228e-07,0.110047,1,0
8.83789,0.400391,0.300337,-5.33681e-08,0.115901,1,0
8.83789,0.419922,0.248574,-3.72967e-08,0.115901,1,0
8.85742,0.400391,0.300337,-6.03508e-08,0.113949,1,0
8.85742,0.419922,0.248574,-4.2138e-08,0.113949,1,0
8.83789,0.439453,0.193451,-2.27026e-08,0.115901,1,0
8.83789,0.458984,0.13486,-1.05458e-08,0.115901,1,0
8.85742,0.439453,0.193451,-2.56516e-08,0.113949,1,0
8.85742,0.458984,0.13486,-1.19416e-08,0.113949,1,0
8.87695,0.400391,0.300337,-6.82071e-08,0.111998,1,0
8.87695,0.419922,0.248574,-4.76532e-08,0.111998,1,0
8.89648,0.400391,0.300337,-7.71265e-08,0.110047,1,0
8.89648,0.419922,0.248574,-5.38446e-08,0.110047,1,0
8.87695,0.439453,0.193451,-2.89983e-08,0.111998,1,0
8.87695,0.458984,0.13486,-1.34644e-08,0.111998,1,0
8.89648,0.439453,0.193451,-3.27676e-08,0.110047,1,0
8.89648,0.458984,0.13486,-1.52406e-08,0.110047,1,0
8.75977,0.478516,0.0726926,-1.20275e-09,0.123706,1,0
8.75977,0.498047,0.00683686,4.26337e-10,0.123706,0.6,0
8.7793,0.478516,0.0726926,-1.33956e-09,0.121754,1,0
8.7793,0.498047,0.00683686,5.01012e-10,0.121754,0.6,0
8.79883,0.478516,0.0726926,-1.51881e-09,0.119803,1,0
8.79883,0.498047,0.00683686,5.71915e-10,0.119803,0.6,0
8.81836,0.478516,0.0726926,-1.69627e-09,0.117852,1,0
8.81836,0.498047,0.00683686,6.66076e-10,0.117852,0.6,0
8.83789,0.478516,0.0726925,-1.92184e-09,0.115901,1,0
8.83789,0.498047,0.00683686,7.58483e-10,0.115901,0.6,0
8.85742,0.478516,0.0726925,-2.15127e-09,0.113949,1,0
8.85742,0.498047,0.00683686,8.77496e-10,0.113949,0.6,0
8.87695,0.478516,0.0726925,-2.43593e-09,0.111998,1,0
8.87695,0.498047,0.00683686,9.97403e-10,0.111998,0.6,0
8.89648,0.478516,0.0726925,-2.73178e-09,0.110047,1,0
8.89648,0.498047,0.00683686,1.14813e-09,0.110047,0.6,0
8.91602,0.322266,0.475867,-1.90027e-07,0.108095,1,0
8.91602,0.341797,0.43651,-1.66868e-07,0.108095,1,0
8.93555,0.322266,0.475867,-2.1486e-07,0.106144,1,0
8.93555,0.341797,0.43651,-1.8867e-07,0.106144,1,0
8.91602,0.361328,0.394202,-1.41374e-07,0.108095,1,0
8.91602,0.380859,0.348845,-1.14449e-07,0.108095,1,0
8.93555,0.361328,0.394202,-1.59839e-07,0.106144,1,0
8.93555,0.380859,0.348845,-1.29387e-07,0.106144,1,0
8.95508,0.322266,0.475867,-2.42937e-07,0.104193,1,0
8.95508,0.341797,0.43651,-2.13319e-07,0.104193,1,0
8.97461,0.322266,0.475867,-2.74682e-07,0.102241,1,0
8.97461,0.341797,0.43651,-2.41188e-07,0.102241,1,0
8.95508,0.361328,0.394202,-1.80716e-07,0.104193,1,0
8.95508,0.380859,0.348845,-1.46285e-07,0.104193,1,0
8.97461,0.361328,0.394202,-2.04319e-07,0.102241,1,0
8.97461,0.380859,0.348845,-1.65378e-07,0.102241,1,0
8.91602,0.400391,0.300337,-8.71713e-08,0.108095,1,0
8.91602,0.419922,0.248574,-6.08869e-08,0.108095,1,0
8.93555,0.400391,0.300337,-9.85656e-08,0.106144,1,0
8.93555,0.419922,0.248574,-6.88034e-08,0.106144,1,0
8.91602,0.439453,0.193451,-3.70416e-08,0.108095,1,0
8.91602,0.458984,0.13486,-1.71923e-08,0.108095,1,0
8.93555,0.439453,0.193451,-4.1859e-08,0.106144,1,0
8.93555,0.458984,0.13486,-1.94542e-08,0.106144,1,0
8.95508,0.400391,0.300337,-1.11407e-07,0.104193,1,0
8.95508,0.419922,0.248574,-7.7797e-08,0.104193,1,0
8.97461,0.400391,0.300337,-1.25965e-07,0.102241,1,0
8.97461,0.419922,0.248574,-8.79183e-08,0.102241,1,0
8.95508,0.439453,0.193451,-4.73177e-08,0.104193,1,0
8.95508,0.458984,0.13486,-2.19541e-08,0.104193,1,0
8.97461,0.439453,0.193451,-5.34744e-08,0.102241,1,0
8.97461,0.458984,0.13486,-2.48364e-08,0.102241,1,0
8.99414,0.322266,0.475867,-3.10575e-07,0.10029,1,0
8.99414,0.341797,0.43651,-2.72698e-07,0.10029,1,0
9.01367,0.322266,0.475867,-3.51157e-07,0.0983387,1,0
9.01367,0.341797,0.43651,-3.08324e-07,0.0983387,1,0
8.99414,0.361328,0.394202,-2.31005e-07,0.10029,1,0
8.99414,0.380859,0.348845,-1.86975e-07,0.10029,1,0
9.01367,0.361328,0.394202,-2.61175e-07,0.0983388,1,0
9.01367,0.380859,0.348845,-2.11381e-07,0.0983388,1,0
9.0332,0.322266,0.475867,-3.97041e-07,0.0963874,1,0
9.0332,0.341797,0.43651,-3.48603e-07,0.0963874,1,0
9.05273,0.322266,0.475867,-4.4892e-07,0.0944361,1,0
9.05273,0.341797,0.43651,-3.94146e-07,0.0944361,1,0
9.0332,0.361328,0.394202,-2.95286e-07,0.0963875,1,0
9.0332,0.380859,0.348845,-2.38984e-07,0.0963875,1,0
9.05273,0.361328,0.394202,-3.33854e-07,0.0944362,1,0
9.05273,0.380859,0.348845,-2.70181e-07,0.0944362,1,0
8.99414,0.400391,0.300337,-1.42381e-07,0.10029,1,0
8.99414,0.419922,0.248574,-9.94056e-08,0.10029,1,0
9.01367,0.400391,0.300337,-1.60981e-07,0.0983388,1,0
9.01367,0.419922,0.248574,-1.12345e-07,0.0983388,1,0
8.99414,0.439453,0.193451,-6.0447e-08,0.10029,1,0
8.99414,0.458984,0.13486,-2.80367e-08,0.10029,1,0
9.01367,0.439453,0.19345,-6.83152e-08,0.0983388,1,0
9.01367,0.458984,0.13486,-3.17117e-08,0.0983388,1,0
9.0332,0.400391,0.300337,-1.81968e-07,0.0963875,1,0
9.0332,0.419922,0.248574,-1.2702e-07,0.0963875,1,0
9.05273,0.400391,0.300337,-2.05737e-07,0.0944362,1,0
9.05273,0.419922,0.248574,-1.43562e-07,0.0944362,1,0
9.0332,0.439453,0.19345,-7.72228e-08,0.0963875,1,0
9.0332,0.458984,0.13486,-3.58072e-08,0.0963875,1,0
9.05273,0.439453,0.19345,-8.72788e-08,0.0944362,1,0
9.05273,0.458984,0.13486,-4.04951e-08,0.0944362,1,0
8.91602,0.478516,0.0726925,-3.09181e-09,0.108095,1,0
8.91602,0.498047,0.00683686,1.30321e-09,0.108095,0.6,0
8.93555,0.478516,0.0726925,-3.47252e-09,0.106144,1,0
8.93555,0.498047,0.00683686,1.49445e-09,0.106144,0.6,0
8.95508,0.478516,0.0726925,-3.92871e-09,0.104193,1,0
8.95508,0.498047,0.00683685,1.69452e-09,0.104193,0.6,0
8.97461,0.478516,0.0726925,-4.41786e-09,0.102241,1,0
8.97461,0.498047,0.00683685,1.9375e-09,0.102241,0.6,0
8.99414,0.478516,0.0726925,-4.99678e-09,0.10029,1,0
8.99414,0.498047,0.00683685,2.19514e-09,0.10029,0.6,0
9.01367,0.478516,0.0726924,-5.62448e-09,0.0983388,1,0
9.01367,0.498047,0.00683685,2.50427e-09,0.0983388,0.6,0
9.0332,0.478516,0.0726924,-6.36009e-09,0.0963875,1,0
9.0332,0.498047,0.00683685,2.83559e-09,0.0963875,0.6,0
9.05273,0.478516,0.0726924,-7.16485e-09,0.0944362,1,0
9.05273,0.498047,0.00683685,3.22931e-09,0.0944362,0.6,0
9.07227,0.00976562,0.768797,-6.69005e-08,0.0924841,1,0
9.07227,0.0292969,0.766791,-1.76591e-07,0.0924841,1,0
9.0918,0.00976562,0.768797,-7.56075e-08,0.0905327,1,0
9.0918,0.0292969,0.766791,-1.99589e-07,0.0905327,1,0
9.07227,0.0488281,0.762773,-2.5936e-07,0.0924842,1,0
9.07227,0.0683594,0.756727,-3.38218e-07,0.0924842,1,0
9.0918,0.0488281,0.762773,-2.9316e-07,0.0905328,1,0
9.0918,0.0683594,0.756727,-3.82316e-07,0.0905328,1,0
9.11133,0.00976562,0.768798,-8.54464e-08,0.0885813,1,0
9.11133,0.0292969,0.766792,-2.25577e-07,0.0885814,1,0
9.13086,0.00976562,0.768798,-9.65635e-08,0.0866299,1,0
9.13086,0.0292969,0.766792,-2.54941e-07,0.08663,1,0
9.11133,0.0488281,0.762773,-3.31357e-07,0.0885814,1,0
9.11133,0.0683594,0.756727,-4.32151e-07,0.0885814,1,0
9.13086,0.0488281,0.762773,-3.74518e-07,0.08663,1,0
9.13086,0.0683594,0.756728,-4.88465e-07,0.08663,1,0
9.07227,0.0878906,0.748635,-4.12687e-07,0.0924842,1,0
9.07227,0.107422,0.73847,-4.79743e-07,0.0924843,1,0
9.0918,0.0878906,0.748635,-4.66514e-07,0.0905328,1,0
9.0918,0.107422,0.73847,-5.42335e-07,0.0905329,1,0
9.07227,0.126953,0.726197,-5.38085e-07,0.0924843,1,0
9.07227,0.146484,0.711778,-5.86777e-07,0.0924844,1,0
9.0918,0.126953,0.726197,-6.08308e-07,0.090533,1,0
9.0918,0.146484,0.711778,-6.63374e-07,0.090533,1,0
9.11133,0.0878906,0.748636,-5.27346e-07,0.0885815,1,0
9.11133,0.107422,0.73847,-6.13075e-07,0.0885815,1,0
9.13086,0.0878906,0.748636,-5.96088e-07,0.0866301,1,0
9.13086,0.107422,0.73847,-6.93019e-07,0.0866301,1,0
9.11133,0.126953,0.726197,-6.87677e-07,0.0885816,1,0
9.11133,0.146484,0.711778,-7.4995e-07,0.0885817,1,0
9.13086,0.126953,0.726198,-7.77375e-07,0.0866302,1,0
9.13086,0.146484,0.711778,-8.478e-07,0.0866303,1,0
9.15039,0.00976562,0.768798,-1.09123e-07,0.0846785,1,0
9.15039,0.0292969,0.766792,-2.88117e-07,0.0846785,1,0
9.16992,0.00976562,0.768798,-1.23312e-07,0.082727,1,0
9.16992,0.0292969,0.766792,-3.25596e-07,0.0827271,1,0
9.15039,0.0488281,0.762773,-4.23284e-07,0.0846786,1,0
9.15039,0.0683594,0.756728,-5.52093e-07,0.0846786,1,0
9.16992,0.0488281,0.762773,-4.78375e-07,0.0827272,1,0
9.16992,0.0683594,0.756728,-6.23979e-07,0.0827272,1,0
9.18945,0.00976562,0.768798,-1.39338e-07,0.0807756,1,0
9.18945,0.0292969,0.766792,-3.6793e-07,0.0807757,1,0
9.20898,0.00976562,0.768798,-1.57438e-07,0.0788241,1,0
9.20898,0.0292969,0.766792,-4.15741e-07,0.0788242,1,0
9.18945,0.0488281,0.762773,-5.40605e-07,0.0807757,1,0
9.18945,0.0683594,0.756728,-7.05184e-07,0.0807758,1,0
9.20898,0.0488281,0.762773,-6.1089e-07,0.0788243,1,0
9.20898,0.0683594,0.756728,-7.96905e-07,0.0788243,1,0
9.15039,0.0878906,0.748636,-6.73763e-07,0.0846787,1,0
9.15039,0.107422,0.73847,-7.83355e-07,0.0846788,1,0
9.16992,0.0878906,0.748636,-7.61524e-07,0.0827273,1,0
9.16992,0.107422,0.73847,-8.85427e-07,0.0827274,1,0
9.15039,0.126953,0.726198,-8.78742e-07,0.0846788,1,0
9.15039,0.146484,0.711778,-9.58386e-07,0.0846789,1,0
9.16992,0.126953,0.726198,-9.93284e-07,0.0827274,1,0
9.16992,0.146484,0.711778,-1.08335e-06,0.0827275,1,0
9.18945,0.0878906,0.748636,-8.60668e-07,0.0807759,1,0
9.18945,0.107422,0.73847,-1.00075e-06,0.0807759,1,0
9.20898,0.0878906,0.748636,-9.72658e-07,0.0788244,1,0
9.20898,0.107422,0.738471,-1.13102e-06,0.0788245,1,0
9.18945,0.126953,0.726198,-1.1227e-06,0.080776,1,0
9.18945,0.146484,0.711778,-1.22457e-06,0.0807761,1,0
9.20898,0.126953,0.726198,-1.26892e-06,0.0788246,1,0
9.20898,0.146484,0.711778,-1.38412e-06,0.0788248,1,0
9.07227,0.166016,0.695165,-6.24917e-07,0.0924844,1,0
9.07227,0.185547,0.676307,-6.51755e-07,0.0924845,1,0
9.0918,0.166016,0.695165,-7.06511e-07,0.0905331,1,0
9.0918,0.185547,0.676307,-7.36871e-07,0.0905331,1,0
9.07227,0.205078,0.655146,-6.66743e-07,0.0924845,1,0
9.07227,0.224609,0.631618,-6.69553e-07,0.0924846,1,0
9.0918,0.205078,0.655146,-7.53833e-07,0.0905332,1,0
9.0918,0.224609,0.631618,-7.57024e-07,0.0905333,1,0
9.11133,0.166016,0.695165,-7.98741e-07,0.0885817,1,0
9.11133,0.185547,0.676307,-8.33087e-07,0.0885818,1,0
9.13086,0.166016,0.695165,-9.02987e-07,0.0866304,1,0
9.13086,0.185547,0.676307,-9.41845e-07,0.0866304,1,0
9.11133,0.205078,0.655146,-8.52285e-07,0.0885819,1,0
9.11133,0.224609,0.631617,-8.55911e-07,0.0885819,1,0
9.13086,0.205078,0.655146,-9.63577e-07,0.0866305,1,0
9.13086,0.224609,0.631617,-9.67703e-07,0.0866306,1,0
9.07227,0.244141,0.605652,-6.60094e-07,0.0924846,1,0
9.07227,0.263672,0.577176,-6.38541e-07,0.0924847,1,0
9.0918,0.244141,0.605652,-7.46341e-07,0.0905333,1,0
9.0918,0.263672,0.577176,-7.21979e-07,0.0905334,1,0
9.07227,0.283203,0.54611,-6.05357e-07,0.0924847,1,0
9.07227,0.302734,0.51237,-5.61325e-07,0.0924848,1,0
9.0918,0.283203,0.54611,-6.84463e-07,0.0905334,1,0
9.0918,0.302734,0.51237,-6.34677e-07,0.0905335,1,0
9.11133,0.244141,0.605652,-8.43848e-07,0.088582,1,0
9.11133,0.263672,0.577176,-8.16316e-07,0.0885821,1,0
9.13086,0.244141,0.605652,-9.54086e-07,0.0866307,1,0
9.13086,0.263672,0.577176,-9.22974e-07,0.0866308,1,0
9.11133,0.283203,0.54611,-7.73905e-07,0.0885821,1,0
9.11133,0.302734,0.51237,-7.17615e-07,0.0885822,1,0
9.13086,0.283203,0.54611,-8.75034e-07,0.0866308,1,0
9.13086,0.302734,0.51237,-8.11394e-07,0.0866309,1,0
9.15039,0.166016,0.695165,-1.02081e-06,0.084679,1,0
9.15039,0.185547,0.676308,-1.06477e-06,0.0846791,1,0
9.16992,0.166016,0.695166,-1.15397e-06,0.0827276,1,0
9.16992,0.185547,0.676308,-1.20372e-06,0.0827277,1,0
9.15039,0.205078,0.655146,-1.08938e-06,0.0846792,1,0
9.15039,0.224609,0.631617,-1.09408e-06,0.0846793,1,0
9.16992,0.205078,0.655146,-1.23158e-06,0.0827278,1,0
9.16992,0.224609,0.631617,-1.23694e-06,0.082728,1,0
9.18945,0.166016,0.695166,-1.30444e-06,0.0807763,1,0
9.18945,0.185547,0.676308,-1.36075e-06,0.0807764,1,0
9.20898,0.166016,0.695166,-1.47449e-06,0.0788249,1,0
9.20898,0.185547,0.676308,-1.53822e-06,0.078825,1,0
9.18945,0.205078,0.655146,-1.39232e-06,0.0807765,1,0
9.18945,0.224609,0.631617,-1.39844e-06,0.0807766,1,0
9.20898,0.205078,0.655146,-1.57399e-06,0.0788251,1,0
9.20898,0.224609,0.631617,-1.58099e-06,0.0788253,1,0
9.15039,0.244141,0.605652,-1.07871e-06,0.0846794,1,0
9.15039,0.263672,0.577176,-1.04356e-06,0.0846795,1,0
9.16992,0.244141,0.605652,-1.21961e-06,0.082728,1,0
9.16992,0.263672,0.577176,-1.17991e-06,0.0827281,1,0
9.15039,0.283203,0.54611,-9.89379e-07,0.0846795,1,0
9.15039,0.302734,0.51237,-9.17435e-07,0.0846796,1,0
9.16992,0.283203,0.54611,-1.11867e-06,0.0827282,1,0
9.16992,0.302734,0.512369,-1.03734e-06,0.0827283,1,0
9.18945,0.244141,0.605652,-1.3789e-06,0.0807767,1,0
9.18945,0.263672,0.577176,-1.33406e-06,0.0807768,1,0
9.20898,0.244141,0.605652,-1.55899e-06,0.0788254,1,0
9.20898,0.263672,0.577176,-1.50836e-06,0.0788255,1,0
9.18945,0.283203,0.54611,-1.26487e-06,0.0807769,1,0
9.18945,0.302734,0.512369,-1.17294e-06,0.080777,1,0
9.20898,0.283203,0.54611,-1.43018e-06,0.0788256,1,0
9.20898,0.302734,0.512369,-1.32629e-06,0.0788257,1,0
9.22852,0.00976562,0.768799,-1.77875e-07,0.0768726,1,0
9.22852,0.0292969,0.766793,-4.69729e-07,0.0768727,1,0
9.24805,0.00976562,0.768799,-2.00949e-07,0.0749211,1,0
9.24805,0.0292969,0.766793,-5.30682e-07,0.0749212,1,0
9.22852,0.0488281,0.762774,-6.90259e-07,0.0768728,1,0
9.22852,0.0683594,0.756728,-9.00489e-07,0.0768729,1,0
9.24805,0.0488281,0.762774,-7.79873e-07,0.0749213,1,0
9.24805,0.0683594,0.756729,-1.01745e-06,0.0749214,1,0
9.26758,0.00976562,0.768799,-2.26993e-07,0.0729696,1,0
9.26758,0.0292969,0.766793,-5.99486e-07,0.0729697,1,0
9.28711,0.00976562,0.768799,-2.56385e-07,0.071018,1,0
9.28711,0.0292969,0.766793,-6.77132e-07,0.0710182,1,0
9.26758,0.0488281,0.762774,-8.81033e-07,0.0729698,1,0
9.26758,0.0683594,0.756729,-1.14949e-06,0.0729699,1,0
9.28711,0.0488281,0.762774,-9.95203e-07,0.0710183,1,0
9.28711,0.0683594,0.756729,-1.29853e-06,0.0710184,1,0
9.22852,0.0878906,0.748636,-1.09914e-06,0.076873,1,0
9.22852,0.107422,0.738471,-1.27817e-06,0.0768731,1,0
9.24805,0.0878906,0.748637,-1.24198e-06,0.0749215,1,0
9.24805,0.107422,0.738471,-1.44436e-06,0.0749216,1,0
9.22852,0.126953,0.726198,-1.43409e-06,0.0768732,1,0
9.22852,0.146484,0.711778,-1.56439e-06,0.0768733,1,0
9.24805,0.126953,0.726198,-1.62066e-06,0.0749218,1,0
9.24805,0.146484,0.711779,-1.76803e-06,0.0749219,1,0
9.26758,0.0878906,0.748637,-1.40325e-06,0.07297,1,0
9.26758,0.107422,0.738471,-1.63201e-06,0.0729702,1,0
9.28711,0.0878906,0.748637,-1.58529e-06,0.0710185,1,0
9.28711,0.107422,0.738471,-1.84388e-06,0.0710187,1,0
9.26758,0.126953,0.726198,-1.83135e-06,0.0729703,1,0
9.26758,0.146484,0.711779,-1.99804e-06,0.0729705,1,0
9.28711,0.126953,0.726199,-2.06927e-06,0.0710188,1,0
9.28711,0.146484,0.711779,-2.25782e-06,0.071019,1,0
9.30664,0.00976562,0.7688,-2.89545e-07,0.0690664,1,0
9.30664,0.0292969,0.766794,-7.64738e-07,0.0690666,1,0
9.32617,0.00976562,0.7688,-3.26947e-07,0.0671148,1,0
9.32617,0.0292969,0.766794,-8.63551e-07,0.067115,1,0
9.30664,0.0488281,0.762775,-1.12402e-06,0.0690667,1,0
9.30664,0.0683594,0.756729,-1.46672e-06,0.0690668,1,0
9.32617,0.0488281,0.762775,-1.26934e-06,0.0671151,1,0
9.32617,0.0683594,0.75673,-1.65645e-06,0.0671152,1,0
9.3457,0.00976562,0.768801,-3.69119e-07,0.0651631,1,0
9.3457,0.0292969,0.766795,-9.7497e-07,0.0651633,1,0
9.36523,0.00976562,0.768801,-4.16652e-07,0.0632114,1,0
9.36523,0.0292969,0.766795,-1.10056e-06,0.0632116,1,0
9.3457,0.0488281,0.762776,-1.4332e-06,0.0651634,1,0
9.3457,0.0683594,0.75673,-1.87045e-06,0.0651636,1,0
9.36523,0.0488281,0.762776,-1.61793e-06,0.0632118,1,0
9.36523,0.0683594,0.756731,-2.11171e-06,0.0632119,1,0
9.30664,0.0878906,0.748637,-1.79076e-06,0.069067,1,0
9.30664,0.107422,0.738472,-2.08304e-06,0.0690671,1,0
9.32617,0.0878906,0.748638,-2.02258e-06,0.0671154,1,0
9.32617,0.107422,0.738472,-2.35293e-06,0.0671156,1,0
9.30664,0.126953,0.726199,-2.33789e-06,0.0690674,1,0
9.30664,0.146484,0.711779,-2.55117e-06,0.0690676,1,0
9.32617,0.126953,0.726199,-2.64109e-06,0.0671158,1,0
9.32617,0.146484,0.711779,-2.88238e-06,0.0671161,1,0
9.3457,0.0878906,0.748638,-2.28409e-06,0.0651638,1,0
9.3457,0.107422,0.738472,-2.65744e-06,0.065164,1,0
9.36523,0.0878906,0.748638,-2.57899e-06,0.0632122,1,0
9.36523,0.107422,0.738473,-3.00092e-06,0.0632124,1,0
9.3457,0.126953,0.726199,-2.98327e-06,0.0651643,1,0
9.3457,0.146484,0.711779,-3.25626e-06,0.0651646,1,0
9.36523,0.126953,0.7262,-3.36933e-06,0.0632127,1,0
9.36523,0.146484,0.71178,-3.67823e-06,0.063213,1,0
9.22852,0.166016,0.695166,-1.66663e-06,0.0768735,1,0
9.22852,0.185547,0.676308,-1.73877e-06,0.0768736,1,0
9.24805,0.166016,0.695166,-1.88371e-06,0.0749221,1,0
9.24805,0.185547,0.676308,-1.9654e-06,0.0749223,1,0
9.22852,0.205078,0.655146,-1.77932e-06,0.0768738,1,0
9.22852,0.224609,0.631617,-1.78735e-06,0.0768739,1,0
9.24805,0.205078,0.655146,-2.01138e-06,0.0749224,1,0
9.24805,0.224609,0.631617,-2.02061e-06,0.0749226,1,0
9.26758,0.166016,0.695166,-2.12896e-06,0.0729707,1,0
9.26758,0.185547,0.676308,-2.22147e-06,0.0729709,1,0
9.28711,0.166016,0.695166,-2.40599e-06,0.0710193,1,0
9.28711,0.185547,0.676308,-2.51079e-06,0.0710195,1,0
9.26758,0.205078,0.655146,-2.27365e-06,0.0729711,1,0
9.26758,0.224609,0.631617,-2.28427e-06,0.0729713,1,0
9.28711,0.205078,0.655146,-2.57002e-06,0.0710197,1,0
9.28711,0.224609,0.631617,-2.5823e-06,0.0710199,1,0
9.22852,0.244141,0.605652,-1.76258e-06,0.0768741,1,0
9.22852,0.263672,0.577176,-1.70544e-06,0.0768742,1,0
9.24805,0.244141,0.605652,-1.99275e-06,0.0749228,1,0
9.24805,0.263672,0.577176,-1.92827e-06,0.0749229,1,0
9.22852,0.283203,0.54611,-1.61712e-06,0.0768743,1,0
9.22852,0.302734,0.512369,-1.49972e-06,0.0768744,1,0
9.24805,0.283203,0.54611,-1.82854e-06,0.074923,1,0
9.24805,0.302734,0.512369,-1.69587e-06,0.0749232,1,0
9.26758,0.244141,0.605652,-2.25297e-06,0.0729714,1,0
9.26758,0.263672,0.577176,-2.18025e-06,0.0729716,1,0
9.28711,0.244141,0.605652,-2.54717e-06,0.0710201,1,0
9.28711,0.263672,0.577176,-2.46519e-06,0.0710203,1,0
9.26758,0.283203,0.546109,-2.06763e-06,0.0729718,1,0
9.26758,0.302734,0.512369,-1.91775e-06,0.0729719,1,0
9.28711,0.283203,0.546109,-2.33806e-06,0.0710205,1,0
9.28711,0.302734,0.512369,-2.16875e-06,0.0710206,1,0
9.30664,0.166016,0.695166,-2.71889e-06,0.0690678,1,0
9.30664,0.185547,0.676308,-2.83765e-06,0.0690681,1,0
9.32617,0.166016,0.695166,-3.07226e-06,0.0671164,1,0
9.32617,0.185547,0.676308,-3.20689e-06,0.0671166,1,0
9.30664,0.205078,0.655146,-2.90494e-06,0.0690683,1,0
9.30664,0.224609,0.631617,-2.91916e-06,0.0690685,1,0
9.32617,0.205078,0.655146,-3.28338e-06,0.0671169,1,0
9.32617,0.224609,0.631617,-3.29992e-06,0.0671172,1,0
9.3457,0.166016,0.695166,-3.47128e-06,0.0651649,1,0
9.3457,0.185547,0.676308,-3.62395e-06,0.0651652,1,0
9.36523,0.166016,0.695167,-3.92177e-06,0.0632134,1,0
9.36523,0.185547,0.676308,-4.09497e-06,0.0632137,1,0
9.3457,0.205078,0.655146,-3.71098e-06,0.0651655,1,0
9.3457,0.224609,0.631617,-3.73027e-06,0.0651658,1,0
9.36523,0.205078,0.655146,-4.19408e-06,0.0632141,1,0
9.36523,0.224609,0.631617,-4.21667e-06,0.0632144,1,0
9.30664,0.244141,0.605652,-2.87978e-06,0.0690688,1,0
9.30664,0.263672,0.577176,-2.78741e-06,0.069069,1,0
9.32617,0.244141,0.605652,-3.25585e-06,0.0671174,1,0
9.32617,0.263672,0.577176,-3.15183e-06,0.0671177,1,0
9.30664,0.283203,0.546109,-2.64395e-06,0.0690692,1,0
9.30664,0.302734,0.512368,-2.45273e-06,0.0690694,1,0
9.32617,0.283203,0.546109,-2.98999e-06,0.0671179,1,0
9.32617,0.302734,0.512368,-2.77407e-06,0.0671181,1,0
9.3457,0.244141,0.605652,-3.68104e-06,0.0651661,1,0
9.3457,0.263672,0.577175,-3.564e-06,0.0651664,1,0
9.36523,0.244141,0.605652,-4.16179e-06,0.0632148,1,0
9.36523,0.263672,0.577175,-4.0302e-06,0.0632151,1,0
9.3457,0.283203,0.546109,-3.3815e-06,0.0651666,1,0
9.3457,0.302734,0.512368,-3.13773e-06,0.0651669,1,0
9.36523,0.283203,0.546109,-3.8245e-06,0.0632154,1,0
9.36523,0.302734,0.512368,-3.54938e-06,0.0632156,1,0
9.07227,0.322266,0.475867,-5.07578e-07,0.0924848,1,0
9.07227,0.341797,0.43651,-4.45639e-07,0.0924848,1,0
9.0918,0.322266,0.475867,-5.73902e-07,0.0905335,1,0
9.0918,0.341797,0.43651,-5.03863e-07,0.0905336,1,0
9.07227,0.361328,0.394202,-3.7746e-07,0.0924849,1,0
9.07227,0.380859,0.348845,-3.05465e-07,0.0924849,1,0
9.0918,0.361328,0.394202,-4.26766e-07,0.0905336,1,0
9.0918,0.380859,0.348845,-3.45349e-07,0.0905336,1,0
9.11133,0.322266,0.475867,-6.48896e-07,0.0885822,1,0
9.11133,0.341797,0.436509,-5.69698e-07,0.0885823,1,0
9.13086,0.322266,0.475867,-7.33696e-07,0.0866309,1,0
9.13086,0.341797,0.436509,-6.44143e-07,0.086631,1,0
9.11133,0.361328,0.394202,-4.82518e-07,0.0885823,1,0
9.11133,0.380859,0.348845,-3.90458e-07,0.0885823,1,0
9.13086,0.361328,0.394202,-5.45562e-07,0.086631,1,0
9.13086,0.380859,0.348845,-4.41455e-07,0.086631,1,0
9.07227,0.400391,0.300337,-2.32567e-07,0.0924849,1,0
9.07227,0.419922,0.248574,-1.62312e-07,0.0924849,1,0
9.0918,0.400391,0.300337,-2.62946e-07,0.0905336,1,0
9.0918,0.419922,0.248574,-1.83461e-07,0.0905336,1,0
9.07227,0.439453,0.19345,-9.86603e-08,0.0924849,1,0
9.07227,0.458984,0.13486,-4.57352e-08,0.0924849,1,0
9.0918,0.439453,0.19345,-1.11514e-07,0.0905336,1,0
9.0918,0.458984,0.13486,-5.17181e-08,0.0905336,1,0
9.11133,0.400391,0.300337,-2.97251e-07,0.0885823,1,0
9.11133,0.419922,0.248574,-2.07424e-07,0.0885823,1,0
9.13086,0.400391,0.300337,-3.36087e-07,0.086631,1,0
9.13086,0.419922,0.248574,-2.34469e-07,0.086631,1,0
9.11133,0.439453,0.19345,-1.2606e-07,0.0885823,1,0
9.11133,0.458984,0.134859,-5.84221e-08,0.0885823,1,0
9.13086,0.439453,0.19345,-1.42493e-07,0.086631,1,0
9.13086,0.458984,0.134859,-6.60613e-08,0.086631,1,0
9.15039,0.322266,0.475867,-8.29587e-07,0.0846796,1,0
9.15039,0.341797,0.436509,-7.28328e-07,0.0846797,1,0
9.16992,0.322266,0.475867,-9.38025e-07,0.0827284,1,0
9.16992,0.341797,0.436509,-8.23532e-07,0.0827284,1,0
9.15039,0.361328,0.394202,-6.16855e-07,0.0846797,1,0
9.15039,0.380859,0.348845,-4.99137e-07,0.0846798,1,0
9.16992,0.361328,0.394201,-6.97482e-07,0.0827285,1,0
9.16992,0.380859,0.348845,-5.64361e-07,0.0827285,1,0
9.18945,0.322266,0.475866,-1.06066e-06,0.0807771,1,0
9.18945,0.341797,0.436509,-9.31206e-07,0.0807771,1,0
9.20898,0.322266,0.475866,-1.19936e-06,0.0788258,1,0
9.20898,0.341797,0.436509,-1.05299e-06,0.0788259,1,0
9.18945,0.361328,0.394201,-7.88674e-07,0.0807772,1,0
9.18945,0.380859,0.348844,-6.38144e-07,0.0807772,1,0
9.20898,0.361328,0.394201,-8.91823e-07,0.0788259,1,0
9.20898,0.380859,0.348844,-7.21594e-07,0.078826,1,0
9.15039,0.400391,0.300337,-3.7996e-07,0.0846798,1,0
9.15039,0.419922,0.248574,-2.65103e-07,0.0846798,1,0
9.16992,0.400391,0.300337,-4.29623e-07,0.0827285,1,0
9.16992,0.419922,0.248573,-2.99695e-07,0.0827285,1,0
9.15039,0.439453,0.19345,-1.61088e-07,0.0846798,1,0
9.15039,0.458984,0.134859,-7.46387e-08,0.0846798,1,0
9.16992,0.439453,0.19345,-1.82104e-07,0.0827285,1,0
9.16992,0.458984,0.134859,-8.43981e-08,0.0827285,1,0
9.18945,0.400391,0.300336,-4.85748e-07,0.0807772,1,0
9.18945,0.419922,0.248573,-3.38874e-07,0.0807772,1,0
9.20898,0.400391,0.300336,-5.49284e-07,0.078826,1,0
9.20898,0.419922,0.248573,-3.83138e-07,0.078826,1,0
9.18945,0.439453,0.19345,-2.05885e-07,0.0807772,1,0
9.18945,0.458984,0.134859,-9.53748e-08,0.0807772,1,0
9.20898,0.439453,0.19345,-2.32773e-07,0.078826,1,0
9.20898,0.458984,0.134859,-1.0785e-07,0.078826,1,0
9.07227,0.478516,0.0726924,-8.10056e-09,0.0924849,1,0
9.07227,0.498047,0.00683684,3.65494e-09,0.0924849,0.6,0
9.0918,0.478516,0.0726924,-9.13163e-09,0.0905336,1,0
9.0918,0.498047,0.00683684,4.15689e-09,0.0905336,0.6,0
9.11133,0.478516,0.0726923,-1.0323e-08,0.0885823,1,0
9.11133,0.498047,0.00683684,4.70331e-09,0.0885823,0.6,0
9.13086,0.478516,0.0726923,-1.16435e-08,0.086631,1,0
9.13086,0.498047,0.00683683,5.34382e-09,0.086631,0.6,0
9.15039,0.478516,0.0726922,-1.31616e-08,0.0846798,1,0
9.15039,0.498047,0.00683683,6.04501e-09,0.0846797,0.6,0
9.16992,0.478516,0.0726922,-1.48523e-08,0.0827285,1,0
9.16992,0.498047,0.00683682,6.86302e-09,0.0827284,0.6,0
9.18945,0.478516,0.0726921,-1.67885e-08,0.0807772,1,0
9.18945,0.498047,0.00683682,7.76267e-09,0.0807772,0.6,0
9.20898,0.478516,0.0726921,-1.89534e-08,0.078826,1,0
9.20898,0.498047,0.00683681,8.80829e-09,0.0788259,0.6,0
9.22852,0.322266,0.475866,-1.35623e-06,0.0768745,1,0
9.22852,0.341797,0.436509,-1.19075e-06,0.0768746,1,0
9.24805,0.322266,0.475866,-1.53369e-06,0.0749233,1,0
9.24805,0.341797,0.436509,-1.3466e-06,0.0749234,1,0
9.22852,0.361328,0.394201,-1.00851e-06,0.0768747,1,0
9.22852,0.380859,0.348844,-8.16013e-07,0.0768747,1,0
9.24805,0.361328,0.394201,-1.14053e-06,0.0749234,1,0
9.24805,0.380859,0.348844,-9.22835e-07,0.0749235,1,0
9.26758,0.322266,0.475866,-1.73445e-06,0.072972,1,0
9.26758,0.341797,0.436508,-1.52294e-06,0.0729721,1,0
9.28711,0.322266,0.475866,-1.9616e-06,0.0710208,1,0
9.28711,0.341797,0.436508,-1.72249e-06,0.0710209,1,0
9.26758,0.361328,0.394201,-1.28993e-06,0.0729722,1,0
9.26758,0.380859,0.348844,-1.04374e-06,0.0729722,1,0
9.28711,0.361328,0.3942,-1.45901e-06,0.071021,1,0
9.28711,0.380859,0.348843,-1.18057e-06,0.071021,1,0
9.22852,0.400391,0.300336,-6.21117e-07,0.0768747,1,0
9.22852,0.419922,0.248573,-4.33272e-07,0.0768747,1,0
9.24805,0.400391,0.300336,-7.02447e-07,0.0749235,1,0
9.24805,0.419922,0.248573,-4.89944e-07,0.0749235,1,0
9.22852,0.439453,0.19345,-2.63204e-07,0.0768747,1,0
9.22852,0.458984,0.134859,-1.21903e-07,0.0768747,1,0
9.24805,0.439453,0.193449,-2.97626e-07,0.0749235,1,0
9.24805,0.458984,0.134859,-1.37863e-07,0.0749235,1,0
9.26758,0.400391,0.300336,-7.94442e-07,0.0729723,1,0
9.26758,0.419922,0.248573,-5.54141e-07,0.0729723,1,0
9.28711,0.400391,0.300335,-8.98628e-07,0.071021,1,0
9.28711,0.419922,0.248572,-6.26756e-07,0.0710211,1,0
9.26758,0.439453,0.193449,-3.36593e-07,0.0729723,1,0
9.26758,0.458984,0.134859,-1.55864e-07,0.0729722,1,0
9.28711,0.439453,0.193449,-3.80696e-07,0.071021,1,0
9.28711,0.458984,0.134859,-1.763e-07,0.071021,1,0
9.30664,0.322266,0.475865,-2.21864e-06,0.0690695,1,0
9.30664,0.341797,0.436508,-1.94834e-06,0.0690696,1,0
9.32617,0.322266,0.475865,-2.50958e-06,0.0671183,1,0
9.32617,0.341797,0.436508,-2.20403e-06,0.0671184,1,0
9.30664,0.361328,0.3942,-1.65041e-06,0.0690697,1,0
9.30664,0.380859,0.348843,-1.3355e-06,0.0690698,1,0
9.32617,0.361328,0.3942,-1.86713e-06,0.0671185,1,0
9.32617,0.380859,0.348843,-1.51094e-06,0.0671186,1,0
9.3457,0.322266,0.475865,-2.83893e-06,0.065167,1,0
9.3457,0.341797,0.436507,-2.49355e-06,0.0651672,1,0
9.36523,0.322266,0.475864,-3.21186e-06,0.0632158,1,0
9.36523,0.341797,0.436507,-2.82149e-06,0.063216,1,0
9.3457,0.361328,0.394199,-2.11259e-06,0.0651673,1,0
9.3457,0.380859,0.348842,-1.7097e-06,0.0651674,1,0
9.36523,0.361328,0.394199,-2.39069e-06,0.0632161,1,0
9.36523,0.380859,0.348842,-1.93492e-06,0.0632162,1,0
9.30664,0.400391,0.300335,-1.01655e-06,0.0690698,1,0
9.30664,0.419922,0.248572,-7.09039e-07,0.0690698,1,0
9.32617,0.400391,0.300335,-1.15015e-06,0.0671186,1,0
9.32617,0.419922,0.248572,-8.0218e-07,0.0671187,1,0
9.30664,0.439453,0.193449,-4.30644e-07,0.0690698,1,0
9.30664,0.458984,0.134858,-1.99381e-07,0.0690698,1,0
9.32617,0.439453,0.193448,-4.87213e-07,0.0671186,1,0
9.32617,0.458984,0.134858,-2.2558e-07,0.0671186,1,0
9.3457,0.400391,0.300334,-1.30147e-06,0.0651675,1,0
9.3457,0.419922,0.248571,-9.07779e-07,0.0651675,1,0
9.36523,0.400391,0.300334,-1.47303e-06,0.0632163,1,0
9.36523,0.419922,0.248571,-1.02742e-06,0.0632163,1,0
9.3457,0.439453,0.193448,-5.5132e-07,0.0651675,1,0
9.3457,0.458984,0.134858,-2.55211e-07,0.0651674,1,0
9.36523,0.439453,0.193448,-6.23987e-07,0.0632163,1,0
9.36523,0.458984,0.134858,-2.88852e-07,0.0632163,1,0
9.22852,0.478516,0.072692,-2.14249e-08,0.0768747,1,0
9.22852,0.498047,0.00683681,9.96265e-09,0.0768747,0.6,0
9.24805,0.478516,0.0726919,-2.41974e-08,0.0749235,1,0
9.24805,0.498047,0.0068368,1.13005e-08,0.0749234,0.6,0
9.26758,0.478516,0.0726919,-2.73554e-08,0.0729722,1,0
9.26758,0.498047,0.00683679,1.27822e-08,0.0729722,0.6,0
9.28711,0.478516,0.0726918,-3.09079e-08,0.071021,1,0
9.28711,0.498047,0.00683678,1.44958e-08,0.0710209,0.6,0
9.30664,0.478516,0.0726917,-3.49475e-08,0.0690698,1,0
9.30664,0.498047,0.00683677,1.6399e-08,0.0690697,0.6,0
9.32617,0.478516,0.0726915,-3.95032e-08,0.0671186,1,0
9.32617,0.498047,0.00683676,1.85969e-08,0.0671185,0.6,0
9.3457,0.478516,0.0726914,-4.46777e-08,0.0651674,1,0
9.3457,0.498047,0.00683675,2.10441e-08,0.0651673,0.6,0
9.36523,0.478516,0.0726912,-5.0527e-08,0.0632162,1,0
9.36523,0.498047,0.00683673,2.38681e-08,0.0632161,0.6,0
9.38477,0.00976562,0.768802,-4.70207e-07,0.0612596,1,0
9.38477,0.0292969,0.766796,-1.24206e-06,0.0612599,1,0
9.4043,0.00976562,0.768802,-5.30518e-07,0.0593078,1,0
9.4043,0.0292969,0.766796,-1.40142e-06,0.0593081,1,0
9.38477,0.0488281,0.762777,-1.82608e-06,0.06126,1,0
9.38477,0.0683594,0.756731,-2.38362e-06,0.0612602,1,0
9.4043,0.0488281,0.762777,-2.06052e-06,0.0593083,1,0
9.4043,0.0683594,0.756732,-2.68994e-06,0.0593085,1,0
9.42383,0.00976562,0.768803,-5.98401e-07,0.0573559,1,0
9.42383,0.0292969,0.766797,-1.58079e-06,0.0573562,1,0
9.44336,0.00976562,0.768804,-6.74762e-07,0.0554039,1,0
9.44336,0.0292969,0.766798,-1.78258e-06,0.0554043,1,0
9.42383,0.0488281,0.762778,-2.32444e-06,0.0573564,1,0
9.42383,0.0683594,0.756732,-3.03486e-06,0.0573566,1,0
9.44336,0.0488281,0.762779,-2.62138e-06,0.0554045,1,0
9.44336,0.0683594,0.756733,-3.42302e-06,0.0554048,1,0
9.38477,0.0878906,0.748639,-2.91142e-06,0.0612605,1,0
9.38477,0.107422,0.738473,-3.38822e-06,0.0612608,1,0
9.4043,0.0878906,0.748639,-3.28602e-06,0.0593087,1,0
9.4043,0.107422,0.738473,-3.82477e-06,0.0593091,1,0
9.38477,0.126953,0.7262,-3.80479e-06,0.0612611,1,0
9.38477,0.146484,0.71178,-4.15435e-06,0.0612615,1,0
9.4043,0.126953,0.7262,-4.2958e-06,0.0593095,1,0
9.4043,0.146484,0.71178,-4.69143e-06,0.0593099,1,0
9.42383,0.0878906,0.74864,-3.70793e-06,0.057357,1,0
9.42383,0.107422,0.738474,-4.31665e-06,0.0573573,1,0
9.44336,0.0878906,0.748641,-4.1829e-06,0.0554051,1,0
9.44336,0.107422,0.738475,-4.8706e-06,0.0554055,1,0
9.42383,0.126953,0.726201,-4.84926e-06,0.0573578,1,0
9.42383,0.146484,0.711781,-5.29709e-06,0.0573582,1,0
9.44336,0.126953,0.726201,-5.47286e-06,0.055406,1,0
9.44336,0.146484,0.711781,-5.97986e-06,0.0554065,1,0
9.46289,0.00976562,0.768805,-7.60602e-07,0.0534518,1,0
9.46289,0.0292969,0.766799,-2.00942e-06,0.0534523,1,0
9.48242,0.00976562,0.768806,-8.57023e-07,0.0514997,1,0
9.48242,0.0292969,0.7668,-2.26423e-06,0.0515001,1,0
9.46289,0.0488281,0.76278,-2.95525e-06,0.0534525,1,0
9.46289,0.0683594,0.756734,-3.85958e-06,0.0534528,1,0
9.48242,0.0488281,0.762781,-3.33036e-06,0.0515004,1,0
9.48242,0.0683594,0.756735,-4.35021e-06,0.0515008,1,0
9.50195,0.00976562,0.768807,-9.65235e-07,0.0495474,1,0
9.50195,0.0292969,0.766801,-2.55022e-06,0.0495479,1,0
9.52148,0.00976562,0.768809,-1.08656e-06,0.047595,1,0
9.52148,0.0292969,0.766802,-2.87088e-06,0.0475956,1,0
9.50195,0.0488281,0.762782,-3.75144e-06,0.0495482,1,0
9.50195,0.0683594,0.756736,-4.90119e-06,0.0495486,1,0
9.52148,0.0488281,0.762783,-4.22368e-06,0.0475959,1,0
9.52148,0.0683594,0.756737,-5.51935e-06,0.0475964,1,0
9.46289,0.0878906,0.748641,-4.71729e-06,0.0534532,1,0
9.46289,0.107422,0.738475,-5.49413e-06,0.0534537,1,0
9.48242,0.0878906,0.748642,-5.31813e-06,0.0515012,1,0
9.48242,0.107422,0.738476,-6.19555e-06,0.0515017,1,0
9.46289,0.126953,0.726202,-6.17515e-06,0.0534542,1,0
9.46289,0.146484,0.711782,-6.74924e-06,0.0534548,1,0
9.48242,0.126953,0.726203,-6.96565e-06,0.0515023,1,0
9.48242,0.146484,0.711782,-7.61584e-06,0.051503,1,0
9.50195,0.0878906,0.748643,-5.99318e-06,0.0495491,1,0
9.50195,0.107422,0.738477,-6.98406e-06,0.0495497,1,0
9.52148,0.0878906,0.748644,-6.75096e-06,0.0475969,1,0
9.52148,0.107422,0.738478,-7.86978e-06,0.0475976,1,0
9.50195,0.126953,0.726203,-7.85489e-06,0.0495504,1,0
9.50195,0.146484,0.711783,-8.59142e-06,0.0495511,1,0
9.52148,0.126953,0.726204,-8.85451e-06,0.0475984,1,0
9.52148,0.146484,0.711783,-9.68906e-06,0.0475992,1,0
9.38477,0.166016,0.695167,-4.43026e-06,0.0612619,1,0
9.38477,0.185547,0.676308,-4.62687e-06,0.0612622,1,0
9.4043,0.166016,0.695167,-5.00411e-06,0.0593103,1,0
9.4043,0.185547,0.676309,-5.22741e-06,0.0593107,1,0
9.38477,0.205078,0.655147,-4.73985e-06,0.0612626,1,0
9.38477,0.224609,0.631617,-4.7664e-06,0.061263,1,0
9.4043,0.205078,0.655147,-5.35636e-06,0.0593112,1,0
9.4043,0.224609,0.631617,-5.38771e-06,0.0593116,1,0
9.42383,0.166016,0.695167,-5.65157e-06,0.0573587,1,0
9.42383,0.185547,0.676309,-5.90534e-06,0.0573592,1,0
9.44336,0.166016,0.695168,-6.38187e-06,0.0554071,1,0
9.44336,0.185547,0.676309,-6.67048e-06,0.0554076,1,0
9.42383,0.205078,0.655147,-6.05271e-06,0.0573597,1,0
9.42383,0.224609,0.631617,-6.08989e-06,0.0573602,1,0
9.44336,0.205078,0.655147,-6.83915e-06,0.0554082,1,0
9.44336,0.224609,0.631617,-6.88343e-06,0.0554088,1,0
9.38477,0.244141,0.605652,-4.70539e-06,0.0612634,1,0
9.38477,0.263672,0.577175,-4.55758e-06,0.0612638,1,0
9.4043,0.244141,0.605652,-5.32008e-06,0.0593121,1,0
9.4043,0.263672,0.577175,-5.15424e-06,0.0593125,1,0
9.38477,0.283203,0.546108,-4.32585e-06,0.0612641,1,0
9.38477,0.302734,0.512367,-4.01545e-06,0.0612644,1,0
9.4043,0.283203,0.546108,-4.89334e-06,0.0593128,1,0
9.4043,0.302734,0.512367,-4.54325e-06,0.0593132,1,0
9.42383,0.244141,0.605651,-6.01519e-06,0.0573607,1,0
9.42383,0.263672,0.577175,-5.82935e-06,0.0573612,1,0
9.44336,0.244141,0.605651,-6.80127e-06,0.0554093,1,0
9.44336,0.263672,0.577174,-6.59335e-06,0.0554098,1,0
9.42383,0.283203,0.546108,-5.53583e-06,0.0573616,1,0
9.42383,0.302734,0.512367,-5.14114e-06,0.0573619,1,0
9.44336,0.283203,0.546107,-6.2634e-06,0.0554103,1,0
9.44336,0.302734,0.512366,-5.81865e-06,0.0554107,1,0
9.46289,0.166016,0.695168,-7.20534e-06,0.0534554,1,0
9.46289,0.185547,0.676309,-7.53384e-06,0.0534561,1,0
9.48242,0.166016,0.695169,-8.13355e-06,0.0515037,1,0
9.48242,0.185547,0.67631,-8.50779e-06,0.0515044,1,0
9.46289,0.205078,0.655147,-7.7272e-06,0.0534567,1,0
9.46289,0.224609,0.631617,-7.78019e-06,0.0534573,1,0
9.48242,0.205078,0.655147,-8.72983e-06,0.0515051,1,0
9.48242,0.224609,0.631617,-8.79356e-06,0.0515059,1,0
9.50195,0.166016,0.695169,-9.17937e-06,0.0495519,1,0
9.50195,0.185547,0.67631,-9.60614e-06,0.0495527,1,0
9.52148,0.166016,0.69517,-1.03572e-05,0.0476001,1,0
9.52148,0.185547,0.67631,-1.08443e-05,0.047601,1,0
9.50195,0.205078,0.655147,-9.86162e-06,0.0495536,1,0
9.50195,0.224609,0.631617,-9.9386e-06,0.0495544,1,0
9.52148,0.205078,0.655147,-1.11389e-05,0.0476019,1,0
9.52148,0.224609,0.631617,-1.12324e-05,0.0476028,1,0
9.46289,0.244141,0.605651,-7.69031e-06,0.053458,1,0
9.46289,0.263672,0.577174,-7.45808e-06,0.0534585,1,0
9.48242,0.244141,0.605651,-8.69584e-06,0.0515066,1,0
9.48242,0.263672,0.577174,-8.43701e-06,0.0515072,1,0
9.46289,0.283203,0.546107,-7.08753e-06,0.0534591,1,0
9.46289,0.302734,0.512366,-6.58665e-06,0.0534595,1,0
9.48242,0.283203,0.546106,-8.02134e-06,0.0515078,1,0
9.48242,0.302734,0.512365,-7.45763e-06,0.0515083,1,0
9.50195,0.244141,0.605651,-9.83321e-06,0.0495551,1,0
9.50195,0.263672,0.577173,-9.54544e-06,0.0495559,1,0
9.52148,0.244141,0.605651,-1.11198e-05,0.0476037,1,0
9.52148,0.263672,0.577173,-1.08008e-05,0.0476046,1,0
9.50195,0.283203,0.546106,-9.07979e-06,0.0495566,1,0
9.50195,0.302734,0.512364,-8.44586e-06,0.0495572,1,0
9.52148,0.283203,0.546105,-1.028e-05,0.0476053,1,0
9.52148,0.302734,0.512364,-9.56775e-06,0.047606,1,0
9.54102,0.00976562,0.76881,-1.22243e-06,0.0456425,1,0
9.54102,0.0292969,0.766804,-3.23002e-06,0.0456431,1,0
9.56055,0.00976562,0.768812,-1.37441e-06,0.0436898,1,0
9.56055,0.0292969,0.766806,-3.63175e-06,0.0436905,1,0
9.54102,0.0488281,0.762784,-4.75272e-06,0.0456435,1,0
9.54102,0.0683594,0.756739,-6.21219e-06,0.045644,1,0
9.56055,0.0488281,0.762786,-5.34467e-06,0.043691,1,0
9.56055,0.0683594,0.75674,-6.9878e-06,0.0436915,1,0
9.58008,0.00976562,0.768814,-1.54415e-06,0.0417369,1,0
9.58008,0.0292969,0.766807,-4.08048e-06,0.0417378,1,0
9.59961,0.00976562,0.768816,-1.73342e-06,0.0397839,1,0
9.59961,0.0292969,0.76681,-4.5809e-06,0.0397848,1,0
9.58008,0.0488281,0.762788,-6.00609e-06,0.0417382,1,0
9.58008,0.0683594,0.756742,-7.85494e-06,0.0417388,1,0
9.59961,0.0488281,0.76279,-6.74398e-06,0.0397854,1,0
9.59961,0.0683594,0.756744,-8.82294e-06,0.039786,1,0
9.54102,0.0878906,0.748646,-7.60079e-06,0.0456446,1,0
9.54102,0.107422,0.738479,-8.86381e-06,0.0456454,1,0
9.56055,0.0878906,0.748647,-8.55279e-06,0.0436922,1,0
9.56055,0.107422,0.73848,-9.97827e-06,0.0436931,1,0
9.54102,0.126953,0.726205,-9.97734e-06,0.0456462,1,0
9.54102,0.146484,0.711784,-1.09232e-05,0.0456472,1,0
9.56055,0.126953,0.726206,-1.12374e-05,0.043694,1,0
9.56055,0.146484,0.711785,-1.23097e-05,0.0436951,1,0
9.58008,0.0878906,0.748649,-9.61793e-06,0.0417396,1,0
9.58008,0.107422,0.738482,-1.12263e-05,0.0417406,1,0
9.59961,0.0878906,0.74865,-1.0808e-05,0.0397869,1,0
9.59961,0.107422,0.738483,-1.26222e-05,0.039788,1,0
9.58008,0.126953,0.726208,-1.26501e-05,0.0417416,1,0
9.58008,0.146484,0.711786,-1.3866e-05,0.0417428,1,0
9.59961,0.126953,0.726209,-1.42319e-05,0.0397892,1,0
9.59961,0.146484,0.711787,-1.56111e-05,0.0397905,1,0
9.61914,0.00976562,0.768819,-1.9441e-06,0.0378306,1,0
9.61914,0.0292969,0.766812,-5.13797e-06,0.0378317,1,0
9.63867,0.00976562,0.768821,-2.17813e-06,0.0358771,1,0
9.63867,0.0292969,0.766815,-5.75684e-06,0.0358783,1,0
9.61914,0.0488281,0.762792,-7.56572e-06,0.0378323,1,0
9.61914,0.0683594,0.756746,-9.90172e-06,0.037833,1,0
9.63867,0.0488281,0.762795,-8.47903e-06,0.035879,1,0
9.63867,0.0683594,0.756748,-1.11017e-05,0.0358798,1,0
9.6582,0.00976562,0.768824,-2.43749e-06,0.0339233,1,0
9.6582,0.0292969,0.766818,-6.44279e-06,0.0339247,1,0
9.67773,0.00976562,0.768828,-2.72419e-06,0.0319693,1,0
9.67773,0.0292969,0.766821,-7.20116e-06,0.0319708,1,0
9.6582,0.0488281,0.762798,-9.49184e-06,0.0339254,1,0
9.6582,0.0683594,0.756751,-1.24335e-05,0.0339263,1,0
9.67773,0.0488281,0.762801,-1.06122e-05,0.0319716,1,0
9.67773,0.0683594,0.756754,-1.39081e-05,0.0319726,1,0
9.61914,0.0878906,0.748652,-1.21354e-05,0.037834,1,0
9.61914,0.107422,0.738485,-1.4181e-05,0.0378352,1,0
9.63867,0.0878906,0.748655,-1.36135e-05,0.0358809,1,0
9.63867,0.107422,0.738487,-1.59189e-05,0.0358822,1,0
9.61914,0.126953,0.726211,-1.60009e-05,0.0378365,1,0
9.61914,0.146484,0.711789,-1.75656e-05,0.037838,1,0
9.63867,0.126953,0.726212,-1.79761e-05,0.0358837,1,0
9.63867,0.146484,0.71179,-1.97517e-05,0.0358853,1,0
9.6582,0.0878906,0.748657,-1.5256e-05,0.0339275,1,0
9.6582,0.107422,0.73849,-1.78529e-05,0.033929,1,0
9.67773,0.0878906,0.74866,-1.70769e-05,0.0319739,1,0
9.67773,0.107422,0.738492,-2.00002e-05,0.0319755,1,0
9.6582,0.126953,0.726214,-2.01776e-05,0.0339306,1,0
9.6582,0.146484,0.711792,-2.21932e-05,0.0339325,1,0
9.67773,0.126953,0.726217,-2.26267e-05,0.0319774,1,0
9.67773,0.146484,0.711794,-2.49148e-05,0.0319794,1,0
9.54102,0.166016,0.69517,-1.16828e-05,0.0456482,1,0
9.54102,0.185547,0.676311,-1.22396e-05,0.0456492,1,0
9.56055,0.166016,0.695171,-1.31739e-05,0.0436962,1,0
9.56055,0.185547,0.676311,-1.38112e-05,0.0436973,1,0
9.54102,0.205078,0.655148,-1.25801e-05,0.0456502,1,0
9.54102,0.224609,0.631617,-1.2694e-05,0.0456513,1,0
9.56055,0.205078,0.655148,-1.42056e-05,0.0436985,1,0
9.56055,0.224609,0.631617,-1.4345e-05,0.0436997,1,0
9.58008,0.166016,0.695172,-1.485e-05,0.0417441,1,0
9.58008,0.185547,0.676312,-1.55803e-05,0.0417454,1,0
9.59961,0.166016,0.695173,-1.67323e-05,0.0397919,1,0
9.59961,0.185547,0.676312,-1.75704e-05,0.0397933,1,0
9.58008,0.205078,0.655148,-1.60384e-05,0.0417467,1,0
9.58008,0.224609,0.631617,-1.62098e-05,0.041748,1,0
9.59961,0.205078,0.655148,-1.81039e-05,0.0397948,1,0
9.59961,0.224609,0.631617,-1.83155e-05,0.0397963,1,0
9.54102,0.244141,0.60565,-1.25753e-05,0.0456523,1,0
9.54102,0.263672,0.577173,-1.2223e-05,0.0456532,1,0
9.56055,0.244141,0.60565,-1.4222e-05,0.0437008,1,0
9.56055,0.263672,0.577172,-1.38345e-05,0.0437019,1,0
9.54102,0.283203,0.546105,-1.16415e-05,0.0456541,1,0
9.54102,0.302734,0.512363,-1.08422e-05,0.0456549,1,0
9.56055,0.283203,0.546104,-1.31868e-05,0.0437029,1,0
9.56055,0.302734,0.512362,-1.22909e-05,0.0437037,1,0
9.58008,0.244141,0.60565,-1.60852e-05,0.0417493,1,0
9.58008,0.263672,0.577172,-1.56612e-05,0.0417505,1,0
9.59961,0.244141,0.60565,-1.81933e-05,0.0397978,1,0
9.59961,0.263672,0.577171,-1.77323e-05,0.0397991,1,0
9.58008,0.283203,0.546103,-1.49416e-05,0.0417516,1,0
9.58008,0.302734,0.512361,-1.39391e-05,0.0417526,1,0
9.59961,0.283203,0.546102,-1.69356e-05,0.0398004,1,0
9.59961,0.302734,0.512359,-1.58159e-05,0.0398015,1,0
9.61914,0.166016,0.695174,-1.88441e-05,0.0378395,1,0
9.61914,0.185547,0.676313,-1.98076e-05,0.0378412,1,0
9.63867,0.166016,0.695175,-2.12108e-05,0.0358871,1,0
9.63867,0.185547,0.676314,-2.232e-05,0.0358889,1,0
9.61914,0.205078,0.655149,-2.04306e-05,0.0378429,1,0
9.61914,0.224609,0.631617,-2.06925e-05,0.0378445,1,0
9.63867,0.205078,0.655149,-2.30496e-05,0.0358908,1,0
9.63867,0.224609,0.631617,-2.3375e-05,0.0358927,1,0
9.6582,0.166016,0.695176,-2.38596e-05,0.0339344,1,0
9.6582,0.185547,0.676315,-2.51386e-05,0.0339365,1,0
9.67773,0.166016,0.695178,-2.68195e-05,0.0319816,1,0
9.67773,0.185547,0.676316,-2.82967e-05,0.0319839,1,0
9.6582,0.205078,0.65515,-2.59956e-05,0.0339386,1,0
9.6582,0.224609,0.631618,-2.64008e-05,0.0339407,1,0
9.67773,0.205078,0.655151,-2.93061e-05,0.0319863,1,0
9.67773,0.224609,0.631618,-2.98118e-05,0.0319886,1,0
9.61914,0.244141,0.605649,-2.05786e-05,0.0378462,1,0
9.61914,0.263672,0.57717,-2.00815e-05,0.0378477,1,0
9.63867,0.244141,0.605649,-2.32776e-05,0.0358945,1,0
9.63867,0.263672,0.57717,-2.27469e-05,0.0358963,1,0
9.61914,0.283203,0.546101,-1.92028e-05,0.0378492,1,0
9.61914,0.302734,0.512358,-1.79552e-05,0.0378505,1,0
9.63867,0.283203,0.5461,-2.17825e-05,0.0358979,1,0
9.63867,0.302734,0.512357,-2.03964e-05,0.0358994,1,0
9.6582,0.244141,0.605649,-2.63311e-05,0.0339428,1,0
9.6582,0.263672,0.577169,-2.57719e-05,0.0339448,1,0
9.67773,0.244141,0.605648,-2.97851e-05,0.031991,1,0
9.67773,0.263672,0.577168,-2.92061e-05,0.0319933,1,0
9.6582,0.283203,0.546099,-2.47198e-05,0.0339467,1,0
9.6582,0.302734,0.512355,-2.31853e-05,0.0339484,1,0
9.67773,0.283203,0.546097,-2.8067e-05,0.0319954,1,0
9.67773,0.302734,0.512353,-2.63758e-05,0.0319973,1,0
9.38477,0.322266,0.475864,-3.63425e-06,0.0612646,1,0
9.38477,0.341797,0.436506,-3.19305e-06,0.0612648,1,0
9.4043,0.322266,0.475864,-4.11281e-06,0.0593134,1,0
9.4043,0.341797,0.436506,-3.6142e-06,0.0593137,1,0
9.38477,0.361328,0.394198,-2.70588e-06,0.061265,1,0
9.38477,0.380859,0.348841,-2.19027e-06,0.0612651,1,0
9.4043,0.361328,0.394198,-3.06327e-06,0.0593138,1,0
9.4043,0.380859,0.348841,-2.47988e-06,0.0593139,1,0
9.42383,0.322266,0.475863,-4.65521e-06,0.0573622,1,0
9.42383,0.341797,0.436505,-4.09176e-06,0.0573625,1,0
9.44336,0.322266,0.475863,-5.27021e-06,0.0554111,1,0
9.44336,0.341797,0.436505,-4.63355e-06,0.0554114,1,0
9.42383,0.361328,0.394197,-3.46871e-06,0.0573627,1,0
9.42383,0.380859,0.34884,-2.80857e-06,0.0573628,1,0
9.44336,0.361328,0.394197,-3.92893e-06,0.0554116,1,0
9.44336,0.380859,0.34884,-3.18181e-06,0.0554117,1,0
9.38477,0.400391,0.300333,-1.66752e-06,0.0612651,1,0
9.38477,0.419922,0.248571,-1.16317e-06,0.0612652,1,0
9.4043,0.400391,0.300333,-1.88823e-06,0.059314,1,0
9.4043,0.419922,0.24857,-1.31714e-06,0.059314,1,0
9.38477,0.439453,0.193447,-7.06409e-07,0.0612652,1,0
9.38477,0.458984,0.134857,-3.26954e-07,0.0612651,1,0
9.4043,0.439453,0.193447,-7.99943e-07,0.059314,1,0
9.4043,0.458984,0.134857,-3.7024e-07,0.059314,1,0
9.42383,0.400391,0.300332,-2.13872e-06,0.0573629,1,0
9.42383,0.419922,0.248569,-1.49204e-06,0.0573629,1,0
9.44336,0.400391,0.300332,-2.42334e-06,0.0554118,1,0
9.44336,0.419922,0.248569,-1.69071e-06,0.0554119,1,0
9.42383,0.439453,0.193446,-9.06158e-07,0.0573629,1,0
9.42383,0.458984,0.134857,-4.19348e-07,0.0573629,1,0
9.44336,0.439453,0.193446,-1.02687e-06,0.0554119,1,0
9.44336,0.458984,0.134856,-4.75195e-07,0.0554118,1,0
9.46289,0.322266,0.475862,-5.96787e-06,0.0534599,1,0
9.46289,0.341797,0.436504,-5.24857e-06,0.0534603,1,0
9.48242,0.322266,0.475861,-6.75973e-06,0.0515088,1,0
9.48242,0.341797,0.436503,-5.94718e-06,0.0515092,1,0
9.46289,0.361328,0.394196,-4.45165e-06,0.0534605,1,0
9.46289,0.380859,0.348839,-3.60598e-06,0.0534607,1,0
9.48242,0.361328,0.394195,-5.04584e-06,0.0515095,1,0
9.48242,0.380859,0.348838,-4.08843e-06,0.0515097,1,0
9.50195,0.322266,0.47586,-7.65906e-06,0.0495577,1,0
9.50195,0.341797,0.436502,-6.74132e-06,0.0495581,1,0
9.52148,0.322266,0.47586,-8.68118e-06,0.0476066,1,0
9.52148,0.341797,0.436501,-7.64485e-06,0.0476071,1,0
9.50195,0.361328,0.394194,-5.72184e-06,0.0495584,1,0
9.50195,0.380859,0.348837,-4.63771e-06,0.0495587,1,0
9.52148,0.361328,0.394193,-6.4917e-06,0.0476075,1,0
9.52148,0.380859,0.348836,-5.26379e-06,0.0476077,1,0
9.46289,0.400391,0.300331,-2.74687e-06,0.0534608,1,0
9.46289,0.419922,0.248568,-1.91672e-06,0.0534608,1,0
9.48242,0.400391,0.30033,-3.11509e-06,0.0515098,1,0
9.48242,0.419922,0.248567,-2.17393e-06,0.0515098,1,0
9.46289,0.439453,0.193445,-1.16417e-06,0.0534608,1,0
9.46289,0.458984,0.134856,-5.3868e-07,0.0534607,1,0
9.48242,0.439453,0.193445,-1.32052e-06,0.0515098,1,0
9.48242,0.458984,0.134855,-6.10998e-07,0.0515097,1,0
9.50195,0.400391,0.300329,-3.53452e-06,0.0495588,1,0
9.50195,0.419922,0.248566,-2.46717e-06,0.0495589,1,0
9.52148,0.400391,0.300328,-4.01299e-06,0.0476079,1,0
9.52148,0.419922,0.248565,-2.80174e-06,0.0476079,1,0
9.50195,0.439453,0.193444,-1.49875e-06,0.0495588,1,0
9.50195,0.458984,0.134854,-6.93418e-07,0.0495587,1,0
9.52148,0.439453,0.193443,-1.70223e-06,0.0476079,1,0
9.52148,0.458984,0.134854,-7.87528e-07,0.0476078,1,0
9.38477,0.478516,0.0726911,-5.71668e-08,0.061265,1,0
9.38477,0.498047,0.00683672,2.702e-08,0.0612649,0.6,0
9.4043,0.478516,0.0726909,-6.46891e-08,0.0593139,1,0
9.4043,0.498047,0.0068367,3.06568e-08,0.0593138,0.6,0
9.42383,0.478516,0.0726907,-7.32266e-08,0.0573628,1,0
9.42383,0.498047,0.00683668,3.47267e-08,0.0573626,0.6,0
9.44336,0.478516,0.0726904,-8.29193e-08,0.0554117,1,0
9.44336,0.498047,0.00683665,3.94271e-08,0.0554115,0.6,0
9.46289,0.478516,0.0726901,-9.39227e-08,0.0534606,1,0
9.46289,0.498047,0.00683662,4.47055e-08,0.0534604,0.6,0
9.48242,0.478516,0.0726898,-1.06447e-07,0.0515096,1,0
9.48242,0.498047,0.00683659,5.0812e-08,0.0515094,0.6,0
9.50195,0.478516,0.0726894,-1.2069e-07,0.0495586,1,0
9.50195,0.498047,0.00683656,5.76853e-08,0.0495583,0.6,0
9.52148,0.478516,0.072689,-1.3696e-07,0.0476076,1,0
9.52148,0.498047,0.00683652,6.56478e-08,0.0476073,0.6,0
9.54102,0.322266,0.475859,-9.8438e-06,0.0456555,1,0
9.54102,0.341797,0.4365,-8.67386e-06,0.0456561,1,0
9.56055,0.322266,0.475857,-1.11675e-05,0.0437045,1,0
9.56055,0.341797,0.436499,-9.84713e-06,0.0437051,1,0
9.54102,0.361328,0.394192,-7.36949e-06,0.0456565,1,0
9.54102,0.380859,0.348834,-5.97835e-06,0.0456568,1,0
9.56055,0.361328,0.39419,-8.37166e-06,0.0437056,1,0
9.56055,0.380859,0.348833,-6.79514e-06,0.043706,1,0
9.58008,0.322266,0.475856,-1.26761e-05,0.0417535,1,0
9.58008,0.341797,0.436497,-1.11866e-05,0.0417542,1,0
9.59961,0.322266,0.475855,-1.43976e-05,0.0398025,1,0
9.59961,0.341797,0.436496,-1.27182e-05,0.0398033,1,0
9.58008,0.361328,0.394189,-9.51764e-06,0.0417548,1,0
9.58008,0.380859,0.348831,-7.73046e-06,0.0417552,1,0
9.59961,0.361328,0.394187,-1.08304e-05,0.039804,1,0
9.59961,0.380859,0.348829,-8.80369e-06,0.0398044,1,0
9.54102,0.400391,0.300326,-4.55948e-06,0.045657,1,0
9.54102,0.419922,0.248564,-3.18423e-06,0.045657,1,0
9.56055,0.400391,0.300325,-5.18484e-06,0.0437062,1,0
9.56055,0.419922,0.248563,-3.62214e-06,0.0437062,1,0
9.54102,0.439453,0.193442,-1.93488e-06,0.045657,1,0
9.54102,0.458984,0.134853,-8.95132e-07,0.0456569,1,0
9.56055,0.439453,0.19344,-2.20144e-06,0.0437062,1,0
9.56055,0.458984,0.134852,-1.01841e-06,0.0437061,1,0
9.58008,0.400391,0.300323,-5.90172e-06,0.0417554,1,0
9.58008,0.419922,0.248561,-4.12473e-06,0.0417555,1,0
9.59961,0.400391,0.300321,-6.72556e-06,0.0398047,1,0
9.59961,0.419922,0.248559,-4.70279e-06,0.0398048,1,0
9.58008,0.439453,0.193439,-2.50744e-06,0.0417554,1,0
9.58008,0.458984,0.134851,-1.15996e-06,0.0417553,1,0
9.59961,0.439453,0.193438,-2.85973e-06,0.0398047,1,0
9.59961,0.458984,0.13485,-1.32287e-06,0.0398046,1,0
9.61914,0.322266,0.475853,-1.63646e-05,0.0378516,1,0
9.61914,0.341797,0.436494,-1.44723e-05,0.0378525,1,0
9.63867,0.322266,0.475851,-1.86157e-05,0.0359007,1,0
9.63867,0.341797,0.436492,-1.64854e-05,0.0359018,1,0
9.61914,0.361328,0.394185,-1.23373e-05,0.0378532,1,0
9.61914,0.380859,0.348827,-1.00382e-05,0.0378538,1,0
9.63867,0.361328,0.394182,-1.40712e-05,0.0359026,1,0
9.63867,0.380859,0.348825,-1.1462e-05,0.0359032,1,0
9.6582,0.322266,0.475849,-2.11961e-05,0.0339498,1,0
9.6582,0.341797,0.436489,-1.88007e-05,0.0339511,1,0
9.67773,0.322266,0.475847,-2.41597e-05,0.031999,1,0
9.67773,0.341797,0.436486,-2.14703e-05,0.0320004,1,0
9.6582,0.361328,0.39418,-1.60718e-05,0.033952,1,0
9.6582,0.380859,0.348822,-1.31097e-05,0.0339527,1,0
9.67773,0.361328,0.394177,-1.83874e-05,0.0320015,1,0
9.67773,0.380859,0.348819,-1.50236e-05,0.0320023,1,0
9.61914,0.400391,0.300319,-7.67472e-06,0.0378541,1,0
9.61914,0.419922,0.248557,-5.3698e-06,0.0378542,1,0
9.63867,0.400391,0.300317,-8.77186e-06,0.0359035,1,0
9.63867,0.419922,0.248555,-6.14192e-06,0.0359037,1,0
9.61914,0.439453,0.193436,-3.26645e-06,0.0378541,1,0
9.61914,0.458984,0.134848,-1.51102e-06,0.0378539,1,0
9.63867,0.439453,0.193434,-3.73784e-06,0.0359036,1,0
9.63867,0.458984,0.134847,-1.72898e-06,0.0359034,1,0
9.6582,0.400391,0.300314,-1.00446e-05,0.0339531,1,0
9.6582,0.419922,0.248552,-7.0396e-06,0.0339533,1,0
9.67773,0.400391,0.300311,-1.15278e-05,0.0320028,1,0
9.67773,0.419922,0.248549,-8.08817e-06,0.032003,1,0
9.6582,0.439453,0.193431,-4.28642e-06,0.0339532,1,0
9.6582,0.458984,0.134845,-1.98277e-06,0.033953,1,0
9.67773,0.439453,0.193429,-4.9284e-06,0.0320029,1,0
9.67773,0.458984,0.134843,-2.27957e-06,0.0320026,1,0
9.54102,0.478516,0.0726885,-1.55499e-07,0.0456567,1,0
9.54102,0.498047,0.00683648,7.46463e-08,0.0456564,0.6,0
9.56055,0.478516,0.072688,-1.76748e-07,0.0437059,1,0
9.56055,0.498047,0.00683643,8.51141e-08,0.0437055,0.6,0
9.58008,0.478516,0.0726873,-2.01023e-07,0.041755,1,0
9.58008,0.498047,0.00683637,9.70068e-08,0.0417546,0.6,0
9.59961,0.478516,0.0726866,-2.28966e-07,0.0398043,1,0
9.59961,0.498047,0.00683631,1.10918e-07,0.0398038,0.6,0
9.61914,0.478516,0.0726858,-2.61006e-07,0.0378536,1,0
9.61914,0.498047,0.00683624,1.26832e-07,0.0378531,0.6,0
9.63867,0.478516,0.0726849,-2.9809e-07,0.035903,1,0
9.63867,0.498047,0.00683616,1.45603e-07,0.0359024,0.6,0
9.6582,0.478516,0.0726839,-3.40819e-07,0.0339526,1,0
9.6582,0.498047,0.00683606,1.67292e-07,0.0339518,0.6,0
9.67773,0.478516,0.0726827,-3.90624e-07,0.0320022,1,0
9.67773,0.498047,0.00683596,1.93209e-07,0.0320013,0.6,0
9.69727,0.00976562,0.768832,-3.0402e-06,0.0300149,1,0
9.69727,0.0292969,0.766825,-8.03717e-06,0.0300165,1,0
9.7168,0.00976562,0.768836,-3.38739e-06,0.0280602,1,0
9.7168,0.0292969,0.766829,-8.95581e-06,0.028062,1,0
9.69727,0.0488281,0.762805,-1.18479e-05,0.0300174,1,0
9.69727,0.0683594,0.756758,-1.55364e-05,0.0300185,1,0
9.7168,0.0488281,0.762809,-1.32067e-05,0.028063,1,0
9.7168,0.0683594,0.756761,-1.73288e-05,0.0280642,1,0
9.73633,0.00976562,0.768841,-3.76745e-06,0.0261051,1,0
9.73633,0.0292969,0.766834,-9.96156e-06,0.0261071,1,0
9.75586,0.00976562,0.768846,-4.18178e-06,0.0241495,1,0
9.75586,0.0292969,0.766839,-1.10582e-05,0.0241517,1,0
9.73633,0.0488281,0.762813,-1.46953e-05,0.0261081,1,0
9.73633,0.0683594,0.756766,-1.92952e-05,0.0261095,1,0
9.75586,0.0488281,0.762818,-1.63198e-05,0.0241529,1,0
9.75586,0.0683594,0.756771,-2.14438e-05,0.0241544,1,0
9.69727,0.0878906,0.748663,-1.90903e-05,0.03002,1,0
9.69727,0.107422,0.738495,-2.23787e-05,0.0300218,1,0
9.7168,0.0878906,0.748667,-2.13101e-05,0.0280658,1,0
9.7168,0.107422,0.738498,-2.50059e-05,0.0280678,1,0
9.69727,0.126953,0.726219,-2.53449e-05,0.0300238,1,0
9.69727,0.146484,0.711796,-2.79427e-05,0.0300261,1,0
9.7168,0.126953,0.726222,-2.83541e-05,0.02807,1,0
9.7168,0.146484,0.711799,-3.13034e-05,0.0280725,1,0
9.73633,0.0878906,0.748671,-2.37494e-05,0.0261113,1,0
9.73633,0.107422,0.738502,-2.78988e-05,0.0261134,1,0
9.75586,0.0878906,0.748676,-2.64197e-05,0.0241563,1,0
9.75586,0.107422,0.738506,-3.10729e-05,0.0241587,1,0
9.73633,0.126953,0.726226,-3.16757e-05,0.0261159,1,0
9.73633,0.146484,0.711802,-3.50234e-05,0.0261186,1,0
9.75586,0.126953,0.726229,-3.53298e-05,0.0241614,1,0
9.75586,0.146484,0.711805,-3.91285e-05,0.0241644,1,0
9.77539,0.00976562,0.768852,-4.63137e-06,0.0221936,1,0
9.77539,0.0292969,0.766845,-1.22484e-05,0.022196,1,0
9.79492,0.00976562,0.768859,-5.11665e-06,0.0202371,1,0
9.79492,0.0292969,0.766851,-1.35334e-05,0.0202397,1,0
9.77539,0.0488281,0.762824,-1.80844e-05,0.0221972,1,0
9.77539,0.0683594,0.756776,-2.37815e-05,0.0221988,1,0
9.79492,0.0488281,0.76283,-1.99914e-05,0.0202411,1,0
9.79492,0.0683594,0.756782,-2.63124e-05,0.0202428,1,0
9.81445,0.00976562,0.768866,-5.63721e-06,0.01828,1,0
9.81445,0.0292969,0.766858,-1.49124e-05,0.0182829,1,0
9.83398,0.00976562,0.768874,-6.19146e-06,0.0163225,1,0
9.83398,0.0292969,0.766866,-1.63815e-05,0.0163256,1,0
9.81445,0.0488281,0.762837,-2.20404e-05,0.0182844,1,0
9.81445,0.0683594,0.756789,-2.90372e-05,0.0182862,1,0
9.83398,0.0488281,0.762845,-2.42273e-05,0.0163272,1,0
9.83398,0.0683594,0.756796,-3.19524e-05,0.0163291,1,0
9.77539,0.0878906,0.748681,-2.93309e-05,0.0222009,1,0
9.77539,0.107422,0.738511,-3.45417e-05,0.0222035,1,0
9.79492,0.0878906,0.748686,-3.24895e-05,0.0202451,1,0
9.79492,0.107422,0.738516,-3.83153e-05,0.0202478,1,0
9.77539,0.126953,0.726234,-3.93346e-05,0.0222065,1,0
9.77539,0.146484,0.711809,-4.36424e-05,0.0222098,1,0
9.79492,0.126953,0.726238,-4.37048e-05,0.0202511,1,0
9.79492,0.146484,0.711813,-4.85858e-05,0.0202547,1,0
9.81445,0.0878906,0.748693,-3.58986e-05,0.0182887,1,0
9.81445,0.107422,0.738522,-4.23997e-05,0.0182917,1,0
9.83398,0.0878906,0.7487,-3.9556e-05,0.0163317,1,0
9.83398,0.107422,0.738529,-4.67953e-05,0.0163349,1,0
9.81445,0.126953,0.726244,-4.84507e-05,0.0182952,1,0
9.81445,0.146484,0.711818,-5.39746e-05,0.0182991,1,0
9.83398,0.126953,0.72625,-5.35761e-05,0.0163387,1,0
9.83398,0.146484,0.711823,-5.98178e-05,0.0163429,1,0
9.69727,0.166016,0.69518,-3.01212e-05,0.0300285,1,0
9.69727,0.185547,0.676317,-3.18301e-05,0.0300311,1,0
9.7168,0.166016,0.695182,-3.37966e-05,0.0280752,1,0
9.7168,0.185547,0.676319,-3.57761e-05,0.0280781,1,0
9.69727,0.205078,0.655151,-3.30219e-05,0.0300338,1,0
9.69727,0.224609,0.631618,-3.36542e-05,0.0300364,1,0
9.7168,0.205078,0.655152,-3.71871e-05,0.0280811,1,0
9.7168,0.224609,0.631618,-3.79784e-05,0.0280841,1,0
9.73633,0.166016,0.695184,-3.7878e-05,0.0261216,1,0
9.73633,0.185547,0.676321,-4.01741e-05,0.0261248,1,0
9.75586,0.166016,0.695187,-4.23977e-05,0.0241677,1,0
9.75586,0.185547,0.676323,-4.50635e-05,0.0241712,1,0
9.73633,0.205078,0.655154,-4.18478e-05,0.0261281,1,0
9.73633,0.224609,0.631619,-4.28386e-05,0.0261315,1,0
9.75586,0.205078,0.655155,-4.70524e-05,0.0241749,1,0
9.75586,0.224609,0.63162,-4.82927e-05,0.0241787,1,0
9.69727,0.244141,0.605648,-3.36909e-05,0.0300391,1,0
9.69727,0.263672,0.577167,-3.31054e-05,0.0300417,1,0
9.7168,0.244141,0.605648,-3.81055e-05,0.0280871,1,0
9.7168,0.263672,0.577166,-3.75333e-05,0.02809,1,0
9.69727,0.283203,0.546096,-3.18841e-05,0.0300441,1,0
9.69727,0.302734,0.512351,-3.00306e-05,0.0300463,1,0
9.7168,0.283203,0.546094,-3.62402e-05,0.0280927,1,0
9.7168,0.302734,0.512349,-3.42234e-05,0.0280952,1,0
9.73633,0.244141,0.605648,-4.30915e-05,0.0261349,1,0
9.73633,0.263672,0.577165,-4.25608e-05,0.0261381,1,0
9.75586,0.244141,0.605647,-4.87172e-05,0.0241825,1,0
9.75586,0.263672,0.577164,-4.8267e-05,0.0241862,1,0
9.73633,0.283203,0.546093,-4.12144e-05,0.0261413,1,0
9.73633,0.302734,0.512346,-3.90402e-05,0.0261442,1,0
9.75586,0.283203,0.546091,-4.68967e-05,0.0241897,1,0
9.75586,0.302734,0.512344,-4.45811e-05,0.024193,1,0
9.77539,0.166016,0.69519,-4.73864e-05,0.0222134,1,0
9.77539,0.185547,0.676325,-5.04836e-05,0.0222173,1,0
9.79492,0.166016,0.695194,-5.28722e-05,0.0202587,1,0
9.79492,0.185547,0.676328,-5.64714e-05,0.0202629,1,0
9.77539,0.205078,0.655157,-5.28499e-05,0.0222214,1,0
9.77539,0.224609,0.631621,-5.4401e-05,0.0222256,1,0
9.79492,0.205078,0.655159,-5.92881e-05,0.0202675,1,0
9.79492,0.224609,0.631622,-6.12244e-05,0.0202721,1,0
9.81445,0.166016,0.695198,-5.88781e-05,0.0183034,1,0
9.81445,0.185547,0.676332,-6.30595e-05,0.0183081,1,0
9.83398,0.166016,0.695203,-6.54203e-05,0.0163476,1,0
9.83398,0.185547,0.676336,-7.02732e-05,0.0163527,1,0
9.81445,0.205078,0.655162,-6.64116e-05,0.0183131,1,0
9.81445,0.224609,0.631623,-6.88222e-05,0.0183183,1,0
9.83398,0.205078,0.655165,-7.42579e-05,0.0163582,1,0
9.83398,0.224609,0.631626,-7.72476e-05,0.0163639,1,0
9.77539,0.244141,0.605648,-5.50556e-05,0.0222298,1,0
9.77539,0.263672,0.577163,-5.4739e-05,0.022234,1,0
9.79492,0.244141,0.605648,-6.21829e-05,0.0202769,1,0
9.79492,0.263672,0.577163,-6.20702e-05,0.0202816,1,0
9.77539,0.283203,0.546089,-5.33886e-05,0.0222381,1,0
9.77539,0.302734,0.512341,-5.09622e-05,0.0222419,1,0
9.79492,0.283203,0.546087,-6.08028e-05,0.0202862,1,0
9.79492,0.302734,0.512338,-5.8316e-05,0.0202905,1,0
9.81445,0.244141,0.605648,-7.01761e-05,0.0183235,1,0
9.81445,0.263672,0.577162,-7.03586e-05,0.0183289,1,0
9.83398,0.244141,0.605649,-7.91083e-05,0.0163698,1,0
9.83398,0.263672,0.577162,-7.97019e-05,0.0163757,1,0
9.81445,0.283203,0.546085,-6.92614e-05,0.0183341,1,0
9.81445,0.302734,0.512334,-6.6791e-05,0.0183391,1,0
9.83398,0.283203,0.546084,-7.88911e-05,0.0163816,1,0
9.83398,0.302734,0.512331,-7.6548e-05,0.0163873,1,0
9.85352,0.00976562,0.768882,-6.77638e-06,0.0143643,1,0
9.85352,0.0292969,0.766875,-1.79338e-05,0.0143677,1,0
9.87305,0.00976562,0.768892,-7.38815e-06,0.0124054,1,0
9.87305,0.0292969,0.766884,-1.95596e-05,0.0124091,1,0
9.85352,0.0488281,0.762853,-2.65435e-05,0.0143693,1,0
9.85352,0.0683594,0.756804,-3.50493e-05,0.0143713,1,0
9.87305,0.0488281,0.762862,-2.89763e-05,0.0124108,1,0
9.87305,0.0683594,0.756813,-3.83131e-05,0.0124129,1,0
9.89258,0.00976562,0.768902,-8.02103e-06,0.0104459,1,0
9.89258,0.0292969,0.766894,-2.1244e-05,0.0104498,1,0
9.91211,0.00976562,0.768913,-8.66509e-06,0.0084856,1,0
9.91211,0.0292969,0.766905,-2.29628e-05,0.00848977,1,0
9.89258,0.0488281,0.762872,-3.15056e-05,0.0104516,1,0
9.89258,0.0683594,0.756823,-4.172e-05,0.0104537,1,0
9.91211,0.0488281,0.762883,-3.40989e-05,0.00849158,1,0
9.91211,0.0683594,0.756834,-4.52308e-05,0.00849381,1,0
9.85352,0.0878906,0.748707,-4.34535e-05,0.0143741,1,0
9.85352,0.107422,0.738536,-5.14951e-05,0.0143775,1,0
9.87305,0.0878906,0.748716,-4.7575e-05,0.0124158,1,0
9.87305,0.107422,0.738544,-5.64827e-05,0.0124195,1,0
9.85352,0.126953,0.726257,-5.90766e-05,0.0143815,1,0
9.85352,0.146484,0.71183,-6.61147e-05,0.0143861,1,0
9.87305,0.126953,0.726265,-6.49365e-05,0.0124237,1,0
9.87305,0.146484,0.711837,-7.28518e-05,0.0124286,1,0
9.89258,0.0878906,0.748726,-5.18937e-05,0.0104568,1,0
9.89258,0.107422,0.738554,-6.17284e-05,0.0104606,1,0
9.91211,0.0878906,0.748736,-5.63628e-05,0.00849701,1,0
9.91211,0.107422,0.738564,-6.71775e-05,0.00850097,1,0
9.89258,0.126953,0.726273,-7.11237e-05,0.0104651,1,0
9.89258,0.146484,0.711845,-7.99957e-05,0.0104702,1,0
9.91211,0.126953,0.726283,-7.75753e-05,0.00850564,1,0
9.91211,0.146484,0.711854,-8.7475e-05,0.00851102,1,0
9.93164,0.00976562,0.768926,-9.30614e-06,0.00652404,1,0
9.93164,0.0292969,0.766917,-2.46746e-05,0.00652844,1,0
9.95117,0.00976562,0.768934,-9.89241e-06,0.00455938,1,0
9.95117,0.0292969,0.766926,-2.6251e-05,0.00456395,1,0
9.93164,0.0488281,0.762895,-3.66934e-05,0.00653027,1,0
9.93164,0.0683594,0.756846,-4.87639e-05,0.00653254,1,0
9.95117,0.0488281,0.762903,-3.91189e-05,0.0045657,1,0
9.95117,0.0683594,0.756854,-5.2108e-05,0.00456791,1,0
9.9707,0.00976562,0.768917,-1.02725e-05,0.00260765,1,0
9.9707,0.0292969,0.766909,-2.73636e-05,0.00261192,1,0
9.99023,0.00976562,0.769007,-1.01745e-05,0.000822727,1,0
9.99023,0.0292969,0.767,-2.74802e-05,0.000825359,1,0
9.9707,0.0488281,0.762887,-4.09892e-05,0.0026133,1,0
9.9707,0.0683594,0.756837,-5.47805e-05,0.00261522,1,0
9.99023,0.0488281,0.762978,-4.16685e-05,0.000825747,1,0
9.99023,0.0683594,0.756928,-5.58768e-05,0.000826497,1,0
9.93164,0.0878906,0.748748,-6.08803e-05,0.00653581,1,0
9.93164,0.107422,0.738575,-7.27054e-05,0.0065399,1,0
9.95117,0.0878906,0.748756,-6.51804e-05,0.00457118,1,0
9.95117,0.107422,0.738583,-7.79845e-05,0.00457526,1,0
9.93164,0.126953,0.726294,-8.41427e-05,0.00654474,1,0
9.93164,0.146484,0.711865,-9.51155e-05,0.00655034,1,0
9.95117,0.126953,0.726301,-9.04323e-05,0.00458013,1,0
9.95117,0.146484,0.711871,-0.000102452,0.00458579,1,0
9.9707,0.0878906,0.748739,-6.86445e-05,0.00261812,1,0
9.9707,0.107422,0.738566,-8.22487e-05,0.00262177,1,0
9.99023,0.0878906,0.748829,-7.00678e-05,0.000827747,1,0
9.99023,0.107422,0.738655,-8.39981e-05,0.00082931,1,0
9.9707,0.126953,0.726284,-9.55214e-05,0.00262614,1,0
9.9707,0.146484,0.711854,-0.000108396,0.00263125,1,0
9.99023,0.126953,0.726372,-9.76048e-05,0.000831179,1,0
9.99023,0.146484,0.711941,-0.000110818,0.000833369,1,0
9.85352,0.166016,0.695208,-7.25041e-05,0.0143912,1,0
9.85352,0.185547,0.676341,-7.81264e-05,0.0143967,1,0
9.87305,0.166016,0.695215,-8.01196e-05,0.012434,1,0
9.87305,0.185547,0.676346,-8.66156e-05,0.0124399,1,0
9.85352,0.205078,0.655169,-8.28528e-05,0.0144026,1,0
9.85352,0.224609,0.631628,-8.65421e-05,0.0144089,1,0
9.87305,0.205078,0.655173,-9.2202e-05,0.0124464,1,0
9.87305,0.224609,0.631632,-9.67253e-05,0.0124532,1,0
9.89258,0.166016,0.695222,-8.82335e-05,0.010476,1,0
9.89258,0.185547,0.676353,-9.57091e-05,0.0104823,1,0
9.91211,0.166016,0.695231,-9.67662e-05,0.0085171,1,0
9.91211,0.185547,0.67636,-0.00010532,0.00852384,1,0
9.89258,0.205078,0.655179,-0.000102279,0.0104892,1,0
9.89258,0.224609,0.631636,-0.000107778,0.0104966,1,0
9.91211,0.205078,0.655185,-0.000112989,0.00853121,1,0
9.91211,0.224609,0.631642,-0.000119603,0.00853915,1,0
9.85352,0.244141,0.605651,-8.90416e-05,0.0144154,1,0
9.85352,0.263672,0.577162,-9.01887e-05,0.014422,1,0
9.87305,0.244141,0.605653,-0.000100015,0.0124603,1,0
9.87305,0.263672,0.577162,-0.000101884,0.0124677,1,0
9.85352,0.283203,0.546082,-8.98142e-05,0.0144287,1,0
9.85352,0.302734,0.512328,-8.77501e-05,0.0144352,1,0
9.87305,0.283203,0.546081,-0.000102131,0.0124751,1,0
9.87305,0.302734,0.512325,-0.000100542,0.0124825,1,0
9.89258,0.244141,0.605656,-0.000112023,0.0105044,1,0
9.89258,0.263672,0.577164,-0.000114803,0.0105125,1,0
9.91211,0.244141,0.60566,-0.000124966,0.00854759,1,0
9.91211,0.263672,0.577166,-0.00012885,0.00855647,1,0
9.89258,0.283203,0.546081,-0.000115885,0.0105209,1,0
9.89258,0.302734,0.512323,-0.00011501,0.0105292,1,0
9.91211,0.283203,0.546081,-0.000130991,0.00856566,1,0
9.91211,0.302734,0.512321,-0.000131092,0.00857503,1,0
9.93164,0.166016,0.69524,-0.000105516,0.0065567,1,0
9.93164,0.185547,0.676369,-0.000115217,0.00656378,1,0
9.95117,0.166016,0.695247,-0.000113941,0.00459224,1,0
9.95117,0.185547,0.676375,-0.000124773,0.00459948,1,0
9.93164,0.205078,0.655194,-0.00012407,0.00657157,1,0
9.93164,0.224609,0.631649,-0.000131903,0.00658003,1,0
9.95117,0.205078,0.655198,-0.000134803,0.00460749,1,0
9.95117,0.224609,0.631652,-0.000143857,0.00461626,1,0
9.9707,0.166016,0.695229,-0.00012077,0.00263711,1,0
9.9707,0.185547,0.676357,-0.000132524,0.00264373,1,0
9.99023,0.166016,0.695314,-0.000123536,0.000835881,1,0
9.99023,0.185547,0.67644,-0.000135636,0.000838717,1,0
9.9707,0.205078,0.65518,-0.000143511,0.00265112,1,0
9.9707,0.224609,0.631634,-0.000153558,0.00265929,1,0
9.99023,0.205078,0.65526,-0.000146973,0.000841878,1,0
9.99023,0.224609,0.631711,-0.000157366,0.000845365,1,0
9.93164,0.244141,0.605666,-0.000138511,0.00658911,1,0
9.93164,0.263672,0.577171,-0.000143655,0.00659874,1,0
9.95117,0.244141,0.605668,-0.000151729,0.00462575,1,0
9.95117,0.263672,0.577172,-0.000158168,0.00463594,1,0
9.93164,0.283203,0.546084,-0.000147048,0.00660883,1,0
9.93164,0.302734,0.512322,-0.000148355,0.00661928,1,0
9.95117,0.283203,0.546083,-0.000162874,0.00464676,1,0
9.95117,0.302734,0.512319,-0.000165486,0.00465815,1,0
9.9707,0.244141,0.605649,-0.000162455,0.00266822,1,0
9.9707,0.263672,0.577151,-0.000169943,0.00267793,1,0
9.99023,0.244141,0.605723,-0.000166599,0.000849173,1,0
9.99023,0.263672,0.577222,-0.000174406,0.000853297,1,0
9.9707,0.283203,0.546062,-0.000175713,0.00268839,1,0
9.9707,0.302734,0.512296,-0.000179384,0.00269959,1,0
9.99023,0.283203,0.546127,-0.000180464,0.000857729,1,0
9.99023,0.302734,0.512356,-0.000184382,0.000862455,1,0
9.69727,0.322266,0.475844,-2.75705e-05,0.0300482,1,0
9.69727,0.341797,0.436483,-2.45571e-05,0.0300498,1,0
9.7168,0.322266,0.475841,-3.15047e-05,0.0280975,1,0
9.7168,0.341797,0.43648,-2.81375e-05,0.0280993,1,0
9.69727,0.361328,0.394173,-2.10772e-05,0.0300511,1,0
9.69727,0.380859,0.348815,-1.72566e-05,0.0300521,1,0
9.7168,0.361328,0.394169,-2.42144e-05,0.0281009,1,0
9.7168,0.380859,0.348811,-1.9875e-05,0.0281019,1,0
9.73633,0.322266,0.475838,-3.60532e-05,0.0261467,1,0
9.73633,0.341797,0.436476,-3.23044e-05,0.0261489,1,0
9.75586,0.322266,0.475835,-4.13247e-05,0.024196,1,0
9.75586,0.341797,0.436472,-3.71715e-05,0.0241986,1,0
9.73633,0.361328,0.394165,-2.78903e-05,0.0261507,1,0
9.73633,0.380859,0.348806,-2.29636e-05,0.026152,1,0
9.75586,0.361328,0.39416,-3.22188e-05,0.0242006,1,0
9.75586,0.380859,0.348801,-2.66305e-05,0.0242022,1,0
9.69727,0.400391,0.300307,-1.3265e-05,0.0300526,1,0
9.69727,0.419922,0.248545,-9.32048e-06,0.0300529,1,0
9.7168,0.400391,0.300303,-1.53124e-05,0.0281026,1,0
9.7168,0.419922,0.248541,-1.07787e-05,0.0281029,1,0
9.69727,0.439453,0.193425,-5.68427e-06,0.0300528,1,0
9.69727,0.458984,0.13484,-2.62932e-06,0.0300525,1,0
9.7168,0.439453,0.193422,-6.58156e-06,0.0281028,1,0
9.7168,0.458984,0.134838,-3.04429e-06,0.0281024,1,0
9.73633,0.400391,0.300298,-1.77424e-05,0.0261528,1,0
9.73633,0.419922,0.248537,-1.25193e-05,0.0261531,1,0
9.75586,0.400391,0.300292,-2.06509e-05,0.0242032,1,0
9.75586,0.419922,0.248531,-1.46176e-05,0.0242036,1,0
9.73633,0.439453,0.193418,-7.6566e-06,0.026153,1,0
9.73633,0.458984,0.134835,-3.54242e-06,0.0261526,1,0
9.75586,0.439453,0.193413,-8.9604e-06,0.0242035,1,0
9.75586,0.458984,0.134831,-4.14723e-06,0.024203,1,0
9.77539,0.322266,0.475831,-4.74479e-05,0.0222453,1,0
9.77539,0.341797,0.436467,-4.28777e-05,0.0222483,1,0
9.79492,0.322266,0.475826,-5.4575e-05,0.0202945,1,0
9.79492,0.341797,0.436462,-4.95915e-05,0.020298,1,0
9.77539,0.361328,0.394154,-3.73435e-05,0.0222507,1,0
9.77539,0.380859,0.348794,-3.1016e-05,0.0222526,1,0
9.79492,0.361328,0.394148,-4.34438e-05,0.0203009,1,0
9.79492,0.380859,0.348787,-3.63014e-05,0.0203032,1,0
9.81445,0.322266,0.475822,-6.2882e-05,0.0183437,1,0
9.81445,0.341797,0.436456,-5.75154e-05,0.0183478,1,0
9.83398,0.322266,0.475817,-7.25672e-05,0.0163927,1,0
9.83398,0.341797,0.436449,-6.68861e-05,0.0163975,1,0
9.81445,0.361328,0.394141,-5.07431e-05,0.0183513,1,0
9.81445,0.380859,0.348779,-4.27209e-05,0.018354,1,0
9.83398,0.361328,0.394133,-5.95139e-05,0.0164017,1,0
9.83398,0.380859,0.34877,-5.05723e-05,0.016405,1,0
9.77539,0.400391,0.300286,-2.41646e-05,0.0222538,1,0
9.77539,0.419922,0.248525,-1.71776e-05,0.0222543,1,0
9.79492,0.400391,0.300278,-2.84542e-05,0.0203046,1,0
9.79492,0.419922,0.248518,-2.03427e-05,0.0203053,1,0
9.77539,0.439453,0.193407,-1.05637e-05,0.0222542,1,0
9.77539,0.458984,0.134826,-4.89511e-06,0.0222536,1,0
9.79492,0.439453,0.193401,-1.25699e-05,0.0203052,1,0
9.79492,0.458984,0.134821,-5.83744e-06,0.0203046,1,0
9.81445,0.400391,0.30027,-3.3748e-05,0.0183558,1,0
9.81445,0.419922,0.248509,-2.43144e-05,0.0183567,1,0
9.83398,0.400391,0.30026,-4.03502e-05,0.0164073,1,0
9.83398,0.419922,0.248499,-2.93736e-05,0.0164085,1,0
9.81445,0.439453,0.193393,-1.51282e-05,0.0183567,1,0
9.81445,0.458984,0.134815,-7.05794e-06,0.0183559,1,0
9.83398,0.439453,0.193383,-1.84619e-05,0.0164086,1,0
9.83398,0.458984,0.134807,-8.68286e-06,0.0164077,1,0
9.69727,0.478516,0.0726813,-4.48405e-07,0.0300519,1,0
9.69727,0.498047,0.00683584,2.23631e-07,0.0300509,0.6,0
9.7168,0.478516,0.0726796,-5.1645e-07,0.0281018,1,0
9.7168,0.498047,0.00683571,2.60789e-07,0.0281006,0.6,0
9.73633,0.478516,0.0726778,-5.9629e-07,0.0261519,1,0
9.73633,0.498047,0.00683556,3.05587e-07,0.0261505,0.6,0
9.75586,0.478516,0.0726756,-6.92104e-07,0.0242021,1,0
9.75586,0.498047,0.0068354,3.62404e-07,0.0242005,0.6,0
9.77539,0.478516,0.072673,-8.07418e-07,0.0222526,1,0
9.77539,0.498047,0.00683522,4.34102e-07,0.0222507,0.6,0
9.79492,0.478516,0.07267,-9.52058e-07,0.0203033,1,0
9.79492,0.498047,0.00683502,5.30644e-07,0.020301,0.6,0
9.81445,0.478516,0.0726663,-1.13811e-06,0.0183544,1,0
9.81445,0.498047,0.0068348,6.61093e-07,0.0183516,0.6,0
9.83398,0.478516,0.0726619,-1.39698e-06,0.0164059,1,0
9.83398,0.498047,0.00683458,8.50039e-07,0.0164024,0.6,0
9.85352,0.322266,0.475812,-8.38417e-05,0.0144414,1,0
9.85352,0.341797,0.436443,-7.79683e-05,0.0144471,1,0
9.87305,0.322266,0.475807,-9.69067e-05,0.0124897,1,0
9.87305,0.341797,0.436436,-9.10305e-05,0.0124964,1,0
9.85352,0.361328,0.394125,-7.00751e-05,0.0144521,1,0
9.85352,0.380859,0.34876,-6.02221e-05,0.0144562,1,0
9.87305,0.361328,0.394116,-8.27713e-05,0.0125024,1,0
9.87305,0.380859,0.348749,-7.2092e-05,0.0125075,1,0
9.89258,0.322266,0.475803,-0.000111905,0.0105374,1,0
9.89258,0.341797,0.436429,-0.00010629,0.0105453,1,0
9.91211,0.322266,0.475799,-0.000128813,0.00858441,1,0
9.91211,0.341797,0.436422,-0.000123788,0.00859358,1,0
9.89258,0.361328,0.394106,-9.79144e-05,0.0105525,1,0
9.89258,0.380859,0.348737,-8.66043e-05,0.0105588,1,0
9.91211,0.361328,0.394096,-0.00011564,0.00860227,1,0
9.91211,0.380859,0.348724,-0.000104028,0.00861014,1,0
9.85352,0.400391,0.300249,-4.86553e-05,0.0144591,1,0
9.85352,0.419922,0.248487,-3.59074e-05,0.0144608,1,0
9.87305,0.400391,0.300236,-5.91488e-05,0.0125113,1,0
9.87305,0.419922,0.248473,-4.44268e-05,0.0125137,1,0
9.85352,0.439453,0.193372,-2.28955e-05,0.0144611,1,0
9.85352,0.458984,0.134798,-1.09232e-05,0.0144602,1,0
9.87305,0.439453,0.193358,-2.89002e-05,0.0125144,1,0
9.87305,0.458984,0.134786,-1.41047e-05,0.0125134,1,0
9.89258,0.400391,0.300221,-7.2366e-05,0.0105639,1,0
9.89258,0.419922,0.248457,-5.5556e-05,0.0105672,1,0
9.91211,0.400391,0.300205,-8.87477e-05,0.00861677,1,0
9.91211,0.419922,0.248438,-6.99205e-05,0.00862165,1,0
9.89258,0.439453,0.193342,-3.71081e-05,0.0105686,1,0
9.89258,0.458984,0.134772,-1.87404e-05,0.0105679,1,0
9.91211,0.439453,0.193322,-4.82843e-05,0.00862425,1,0
9.91211,0.458984,0.134753,-2.5558e-05,0.00862415,1,0
9.93164,0.322266,0.475796,-0.000147185,0.00662993,1,0
9.93164,0.341797,0.436416,-0.000143089,0.00664059,1,0
9.95117,0.322266,0.475791,-0.000165574,0.00466999,1,0
9.95117,0.341797,0.436408,-0.000162628,0.00468215,1,0
9.93164,0.361328,0.394087,-0.000135568,0.00665099,1,0
9.93164,0.380859,0.348711,-0.000124107,0.00666081,1,0
9.95117,0.361328,0.394075,-0.000156061,0.00469444,1,0
9.95117,0.380859,0.348694,-0.000145224,0.00470659,1,0
9.9707,0.322266,0.475766,-0.000180505,0.00271149,1,0
9.9707,0.341797,0.436381,-0.000178536,0.00272405,1,0
9.99023,0.322266,0.47582,-0.000185694,0.000867458,1,0
9.99023,0.341797,0.436428,-0.000183851,0.000872719,1,0
9.9707,0.361328,0.394045,-0.000172852,0.00273719,1,0
9.9707,0.380859,0.348662,-0.000162749,0.00275079,1,0
9.99023,0.361328,0.394083,-0.000178228,0.000878222,1,0
9.99023,0.380859,0.34869,-0.000168141,0.000883951,1,0
9.93164,0.400391,0.300188,-0.000108257,0.00666959,1,0
9.93164,0.419922,0.248417,-8.78115e-05,0.00667671,1,0
9.95117,0.400391,0.300167,-0.000129456,0.0047182,1,0
9.95117,0.419922,0.248392,-0.000108232,0.00472866,1,0
9.93164,0.439453,0.193298,-6.31131e-05,0.00668142,1,0
9.93164,0.458984,0.13473,-3.55252e-05,0.00668291,1,0
9.95117,0.439453,0.193269,-8.13756e-05,0.00473715,1,0
9.95117,0.458984,0.134699,-4.94891e-05,0.00474243,1,0
9.9707,0.400391,0.300131,-0.000147488,0.00276465,1,0
9.9707,0.419922,0.248352,-0.000126396,0.00277842,1,0
9.99023,0.400391,0.300147,-0.0001529,0.000889897,1,0
9.99023,0.419922,0.248355,-0.000131916,0.000896031,1,0
9.9707,0.439453,0.193225,-9.89865e-05,0.00279153,1,0
9.9707,0.458984,0.134655,-6.51318e-05,0.00280294,1,0
9.99023,0.439453,0.193216,-0.000104851,0.000902332,1,0
9.99023,0.458984,0.134633,-7.17529e-05,0.000908838,1,0
9.85352,0.478516,0.0726563,-1.78188e-06,0.014458,1,0
9.85352,0.498047,0.00683434,1.12339e-06,0.0144536,0.6,0
9.87305,0.478516,0.0726492,-2.41513e-06,0.0125108,1,0
9.87305,0.498047,0.00683403,1.53198e-06,0.0125051,0.6,0
9.89258,0.478516,0.0726397,-3.52347e-06,0.0105647,1,0
9.89258,0.498047,0.00683358,2.12554e-06,0.0105574,0.6,0
9.91211,0.478516,0.0726271,-5.52335e-06,0.00862053,1,0
9.91211,0.498047,0.0068327,2.96627e-06,0.00861092,0.6,0
9.93164,0.478516,0.0726099,-9.26003e-06,0.00667936,1,0
9.93164,0.498047,0.00683066,3.9588e-06,0.00666684,0.6,0
9.95117,0.478516,0.0725846,-1.63465e-05,0.00474129,1,0
9.95117,0.498047,0.00682449,4.10043e-06,0.00472695,0.6,0
9.9707,0.478516,0.0725451,-2.72714e-05,0.00280889,1,0
9.9707,0.498047,0.00680838,1.49263e-06,0.00279941,0.6,0
9.99023,0.478516,0.0725148,-3.43443e-05,0.000914356,1,0
9.99023,0.498047,0.00678567,-1.67368e-06,0.000912008,0.6,0
